ascat_1,ascat_2,ascat_3,date,nic_1,nic_2,nic_3,oscat_1,oscat_2,oscat_3,size_1,size_2
0,0,0,2011114,-66.26,143.26,1,0,0,0,34,6
0,0,0,2011115,-66.26,143.2598,0,0,0,0,0,0
0,0,0,2011116,-66.26,143.259,0,0,0,0,0,0
0,0,0,2011117,-66.26,143.2579,0,0,0,0,0,0
0,0,0,2011118,-66.26,143.2564,0,0,0,0,0,0
0,0,0,2011119,-66.26,143.2545,0,0,0,0,0,0
0,0,0,2011120,-66.26,143.2524,0,0,0,0,0,0
0,0,0,2011121,-66.26,143.25,1,0,0,0,34,6
0,0,0,2011122,-66.2611,143.2443,0,0,0,0,0,0
0,0,0,2011123,-66.264,143.2336,0,0,0,0,0,0
0,0,0,2011124,-66.2679,143.22,0,0,0,0,0,0
0,0,0,2011125,-66.2721,143.2057,0,0,0,0,0,0
0,0,0,2011126,-66.276,143.1929,0,0,0,0,0,0
0,0,0,2011127,-66.2789,143.1836,0,0,0,0,0,0
0,0,0,2011128,-66.28,143.18,1,0,0,0,35,6
0,0,0,2011129,-66.28,143.1833,0,0,0,0,0,0
0,0,0,2011130,-66.28,143.1919,0,0,0,0,0,0
0,0,0,2011131,-66.28,143.2036,0,0,0,0,0,0
0,0,0,2011132,-66.28,143.2164,0,0,0,0,0,0
0,0,0,2011133,-66.28,143.2281,0,0,0,0,0,0
0,0,0,2011134,-66.28,143.2367,0,0,0,0,0,0
0,0,0,2011135,-66.28,143.24,1,0,0,0,35,6
0,0,0,2011136,-66.2789,143.2389,0,0,0,0,0,0
0,0,0,2011137,-66.276,143.236,0,0,0,0,0,0
0,0,0,2011138,-66.2721,143.2321,0,0,0,0,0,0
0,0,0,2011139,-66.2679,143.2279,0,0,0,0,0,0
0,0,0,2011140,-66.264,143.224,0,0,0,0,0,0
0,0,0,2011141,-66.2611,143.2211,0,0,0,0,0,0
0,0,0,2011142,-66.26,143.22,1,0,0,0,34,6
0,0,0,2011143,-66.26,143.2206,0,0,0,0,0,0
0,0,0,2011144,-66.26,143.222,0,0,0,0,0,0
0,0,0,2011145,-66.26,143.2239,0,0,0,0,0,0
0,0,0,2011146,-66.26,143.2261,0,0,0,0,0,0
0,0,0,2011147,-66.26,143.228,0,0,0,0,0,0
0,0,0,2011148,-66.26,143.2294,0,0,0,0,0,0
0,0,0,2011149,-66.26,143.23,1,0,0,0,34,6
0,0,0,2011150,-66.2617,143.225,0,0,0,0,0,0
0,0,0,2011151,-66.2659,143.2122,0,0,0,0,0,0
0,0,0,2011152,-66.2718,143.1946,0,0,0,0,0,0
0,0,0,2011153,-66.2782,143.1754,0,0,0,0,0,0
0,0,0,2011154,-66.2841,143.1578,0,0,0,0,0,0
0,0,0,2011155,-66.2883,143.145,0,0,0,0,0,0
0,0,0,2011156,-66.29,143.14,1,0,0,0,33,6
0,0,0,2011157,-66.29,143.14,0,0,0,0,0,0
0,0,0,2011158,-66.29,143.14,0,0,0,0,0,0
0,0,0,2011159,-66.29,143.14,0,0,0,0,0,0
0,0,0,2011160,-66.29,143.14,0,0,0,0,0,0
0,0,0,2011161,-66.29,143.14,0,0,0,0,0,0
0,0,0,2011162,-66.29,143.14,0,0,0,0,0,0
0,0,0,2011163,-66.29,143.14,1,0,0,0,33,6
0,0,0,2011164,-66.2883,143.1422,0,0,0,0,0,0
0,0,0,2011165,-66.2841,143.1479,0,0,0,0,0,0
0,0,0,2011166,-66.2782,143.1557,0,0,0,0,0,0
0,0,0,2011167,-66.2718,143.1643,0,0,0,0,0,0
0,0,0,2011168,-66.2659,143.1721,0,0,0,0,0,0
0,0,0,2011169,-66.2617,143.1778,0,0,0,0,0,0
0,0,0,2011170,-66.26,143.18,1,0,0,0,33,6
0,0,0,2011171,-66.26,143.1792,0,0,0,0,0,0
0,0,0,2011172,-66.26,143.1772,0,0,0,0,0,0
0,0,0,2011173,-66.26,143.1742,0,0,0,0,0,0
0,0,0,2011174,-66.26,143.1707,0,0,0,0,0,0
0,0,0,2011175,-66.26,143.1669,0,0,0,0,0,0
0,0,0,2011176,-66.26,143.1632,0,0,0,0,0,0
0,0,0,2011177,-66.26,143.16,1,0,0,0,33,6
0,0,0,2011178,-66.2606,143.1568,0,0,0,0,0,0
0,0,0,2011179,-66.262,143.1531,0,0,0,0,0,0
0,0,0,2011180,-66.2639,143.1493,0,0,0,0,0,0
0,0,0,2011181,-66.2661,143.1458,0,0,0,0,0,0
0,0,0,2011182,-66.268,143.1428,0,0,0,0,0,0
0,0,0,2011183,-66.2694,143.1408,0,0,0,0,0,0
0,0,0,2011184,-66.27,143.14,1,0,0,0,33,6
0,0,0,2011185,-66.27,143.14,0,0,0,0,0,0
0,0,0,2011186,-66.27,143.14,0,0,0,0,0,0
0,0,0,2011187,-66.27,143.14,0,0,0,0,0,0
0,0,0,2011188,-66.27,143.14,0,0,0,0,0,0
0,0,0,2011189,-66.27,143.14,0,0,0,0,0,0
0,0,0,2011190,-66.27,143.14,0,0,0,0,0,0
0,0,0,2011191,-66.27,143.14,1,0,0,0,33,6
0,0,0,2011192,-66.27,143.14,0,0,0,0,0,0
0,0,0,2011193,-66.27,143.14,0,0,0,0,0,0
0,0,0,2011194,-66.27,143.14,0,0,0,0,0,0
0,0,0,2011195,-66.27,143.14,0,0,0,0,0,0
0,0,0,2011196,-66.27,143.14,0,0,0,0,0,0
0,0,0,2011197,-66.27,143.14,0,0,0,0,0,0
0,0,0,2011198,-66.27,143.14,1,0,0,0,33,6
0,0,0,2011199,-66.2691,143.1417,0,0,0,0,0,0
0,0,0,2011200,-66.2668,143.1464,0,0,0,0,0,0
0,0,0,2011201,-66.2635,143.1529,0,0,0,0,0,0
0,0,0,2011202,-66.2597,143.1605,0,0,0,0,0,0
0,0,0,2011203,-66.2559,143.1682,0,0,0,0,0,0
0,0,0,2011204,-66.2525,143.175,0,0,0,0,0,0
0,0,0,2011205,-66.25,143.18,1,0,0,0,33,6
0,0,0,2011206,-66.2483,143.1834,0,0,0,0,0,0
0,0,0,2011207,-66.2469,143.1863,0,0,0,0,0,0
0,0,0,2011208,-66.2458,143.1888,0,0,0,0,0,0
0,0,0,2011209,-66.2446,143.1912,0,0,0,0,0,0
0,0,0,2011210,-66.2434,143.1937,0,0,0,0,0,0
0,0,0,2011211,-66.2419,143.1966,0,0,0,0,0,0
0,0,0,2011212,-66.24,143.2,1,0,0,0,33,6
0,0,0,2011213,-66.2368,143.205,0,0,0,0,0,0
0,0,0,2011214,-66.2319,143.2118,0,0,0,0,0,0
0,0,0,2011215,-66.2261,143.2195,0,0,0,0,0,0
0,0,0,2011216,-66.2202,143.2271,0,0,0,0,0,0
0,0,0,2011217,-66.2151,143.2336,0,0,0,0,0,0
0,0,0,2011218,-66.2114,143.2383,0,0,0,0,0,0
0,0,0,2011219,-66.21,143.24,1,0,0,0,33,6
0,0,0,2011220,-66.2104,143.2383,0,0,0,0,0,0
0,0,0,2011221,-66.2114,143.2341,0,0,0,0,0,0
0,0,0,2011222,-66.2129,143.2282,0,0,0,0,0,0
0,0,0,2011223,-66.2147,143.2218,0,0,0,0,0,0
0,0,0,2011224,-66.2166,143.2159,0,0,0,0,0,0
0,0,0,2011225,-66.2184,143.2117,0,0,0,0,0,0
0,0,0,2011226,-66.22,143.21,1,0,0,0,33,6
0,0,0,2011227,-66.2216,143.2103,0,0,0,0,0,0
0,0,0,2011228,-66.2234,143.2112,0,0,0,0,0,0
0,0,0,2011229,-66.2253,143.2125,0,0,0,0,0,0
0,0,0,2011230,-66.2271,143.2142,0,0,0,0,0,0
0,0,0,2011231,-66.2286,143.2161,0,0,0,0,0,0
0,0,0,2011232,-66.2296,143.218,0,0,0,0,0,0
0,0,0,2011233,-66.23,143.22,1,0,0,0,33,6
0,0,0,2011234,-66.23,143.2225,0,0,0,0,0,0
0,0,0,2011235,-66.23,143.2259,0,0,0,0,0,0
0,0,0,2011236,-66.23,143.2297,0,0,0,0,0,0
0,0,0,2011237,-66.23,143.2335,0,0,0,0,0,0
0,0,0,2011238,-66.23,143.2368,0,0,0,0,0,0
0,0,0,2011239,-66.23,143.2391,0,0,0,0,0,0
0,0,0,2011240,-66.23,143.24,1,0,0,0,33,6
0,0,0,2011241,-66.23,143.24,0,0,0,0,0,0
0,0,0,2011242,-66.23,143.24,0,0,0,0,0,0
0,0,0,2011243,-66.23,143.24,0,0,0,0,0,0
0,0,0,2011244,-66.23,143.24,0,0,0,0,0,0
0,0,0,2011245,-66.23,143.24,0,0,0,0,0,0
0,0,0,2011246,-66.23,143.24,0,0,0,0,0,0
0,0,0,2011247,-66.23,143.24,1,0,0,0,33,6
0,0,0,2011248,-66.23,143.2383,0,0,0,0,0,0
0,0,0,2011249,-66.23,143.2336,0,0,0,0,0,0
0,0,0,2011250,-66.23,143.2271,0,0,0,0,0,0
0,0,0,2011251,-66.23,143.2195,0,0,0,0,0,0
0,0,0,2011252,-66.23,143.2118,0,0,0,0,0,0
0,0,0,2011253,-66.23,143.205,0,0,0,0,0,0
0,0,0,2011254,-66.23,143.2,1,0,0,0,33,6
0,0,0,2011255,-66.2311,143.1961,0,0,0,0,0,0
0,0,0,2011256,-66.234,143.1921,0,0,0,0,0,0
0,0,0,2011257,-66.2379,143.1884,0,0,0,0,0,0
0,0,0,2011258,-66.2421,143.1851,0,0,0,0,0,0
0,0,0,2011259,-66.246,143.1824,0,0,0,0,0,0
0,0,0,2011260,-66.2489,143.1806,0,0,0,0,0,0
0,0,0,2011261,-66.25,143.18,1,0,0,0,33,6
0,0,0,2011262,-66.2483,143.1807,0,0,0,0,0,0
0,0,0,2011263,-66.2441,143.1826,0,0,0,0,0,0
0,0,0,2011264,-66.2382,143.1854,0,0,0,0,0,0
0,0,0,2011265,-66.2318,143.1888,0,0,0,0,0,0
0,0,0,2011266,-66.2259,143.1925,0,0,0,0,0,0
0,0,0,2011267,-66.2217,143.1964,0,0,0,0,0,0
0,0,0,2011268,-66.22,143.2,1,0,0,0,33,6
0,0,0,2011269,-66.2211,143.2042,0,0,0,0,0,0
0,0,0,2011270,-66.224,143.2094,0,0,0,0,0,0
0,0,0,2011271,-66.2279,143.2152,0,0,0,0,0,0
0,0,0,2011272,-66.2321,143.2207,0,0,0,0,0,0
0,0,0,2011273,-66.236,143.2255,0,0,0,0,0,0
0,0,0,2011274,-66.2389,143.2288,0,0,0,0,0,0
0,0,0,2011275,-66.24,143.23,1,0,0,0,33,6
0,0,0,2011276,-66.24,143.23,0,0,0,0,0,0
0,0,0,2011277,-66.24,143.23,0,0,0,0,0,0
0,0,0,2011278,-66.24,143.23,0,0,0,0,0,0
0,0,0,2011279,-66.24,143.23,0,0,0,0,0,0
0,0,0,2011280,-66.24,143.23,0,0,0,0,0,0
0,0,0,2011281,-66.24,143.23,0,0,0,0,0,0
0,0,0,2011282,-66.24,143.23,1,0,0,0,33,6
0,0,0,2011283,-66.2394,143.2272,0,0,0,0,0,0
0,0,0,2011284,-66.238,143.2201,0,0,0,0,0,0
0,0,0,2011285,-66.2361,143.2103,0,0,0,0,0,0
0,0,0,2011286,-66.2339,143.1997,0,0,0,0,0,0
0,0,0,2011287,-66.232,143.1899,0,0,0,0,0,0
0,0,0,2011288,-66.2306,143.1828,0,0,0,0,0,0
0,0,0,2011289,-66.23,143.18,1,0,0,0,33,6
0,0,0,2011290,-66.2317,143.1806,0,0,0,0,0,0
0,0,0,2011291,-66.2359,143.182,0,0,0,0,0,0
0,0,0,2011292,-66.2418,143.1839,0,0,0,0,0,0
0,0,0,2011293,-66.2482,143.1861,0,0,0,0,0,0
0,0,0,2011294,-66.2541,143.188,0,0,0,0,0,0
0,0,0,2011295,-66.2583,143.1894,0,0,0,0,0,0
0,0,0,2011296,-66.26,143.19,1,0,0,0,33,6
0,0,0,2011297,-66.2594,143.1887,0,0,0,0,0,0
0,0,0,2011298,-66.258,143.185,0,0,0,0,0,0
0,0,0,2011299,-66.2561,143.1796,0,0,0,0,0,0
0,0,0,2011300,-66.2539,143.1729,0,0,0,0,0,0
0,0,0,2011301,-66.252,143.1654,0,0,0,0,0,0
0,0,0,2011302,-66.2506,143.1576,0,0,0,0,0,0
0,0,0,2011303,-66.25,143.15,1,0,0,0,33,6
0,0,0,2011304,-66.2528,143.1408,0,0,0,0,0,0
0,0,0,2011305,-66.2599,143.1287,0,0,0,0,0,0
0,0,0,2011306,-66.2697,143.1153,0,0,0,0,0,0
0,0,0,2011307,-66.2803,143.1022,0,0,0,0,0,0
0,0,0,2011308,-66.2901,143.0909,0,0,0,0,0,0
0,0,0,2011309,-66.2972,143.083,0,0,0,0,0,0
0,0,0,2011310,-66.3,143.08,1,0,0,0,33,6
0,0,0,2011311,-66.2981,143.0833,0,0,0,0,0,0
0,0,0,2011312,-66.293,143.0919,0,0,0,0,0,0
0,0,0,2011313,-66.2859,143.1036,0,0,0,0,0,0
0,0,0,2011314,-66.278,143.1164,0,0,0,0,0,0
0,0,0,2011315,-66.2703,143.1281,0,0,0,0,0,0
0,0,0,2011316,-66.2639,143.1367,0,0,0,0,0,0
0,0,0,2011317,-66.26,143.14,1,0,0,0,33,6
0,0,0,2011318,-66.2578,143.1389,0,0,0,0,0,0
0,0,0,2011319,-66.2557,143.136,0,0,0,0,0,0
0,0,0,2011320,-66.2538,143.1321,0,0,0,0,0,0
0,0,0,2011321,-66.2523,143.1279,0,0,0,0,0,0
0,0,0,2011322,-66.251,143.124,0,0,0,0,0,0
0,0,0,2011323,-66.2503,143.1211,0,0,0,0,0,0
0,0,0,2011324,-66.25,143.12,1,0,0,0,33,6
0,0,0,2011325,-66.2511,143.1278,0,0,0,0,0,0
0,0,0,2011326,-66.254,143.1478,0,0,0,0,0,0
0,0,0,2011327,-66.2579,143.1751,0,0,0,0,0,0
0,0,0,2011328,-66.2621,143.2049,0,0,0,0,0,0
0,0,0,2011329,-66.266,143.2322,0,0,0,0,0,0
0,0,0,2011330,-66.2689,143.2522,0,0,0,0,0,0
0,0,0,2011331,-66.27,143.26,1,0,0,0,33,6
0,0,0,2011332,-66.2689,143.2539,0,0,0,0,0,0
0,0,0,2011333,-66.266,143.2382,0,0,0,0,0,0
0,0,0,2011334,-66.2621,143.2167,0,0,0,0,0,0
0,0,0,2011335,-66.2579,143.1933,0,0,0,0,0,0
0,0,0,2011336,-66.254,143.1718,0,0,0,0,0,0
0,0,0,2011337,-66.2511,143.1561,0,0,0,0,0,0
0,0,0,2011338,-66.25,143.15,1,0,0,0,33,6
0,0,0,2011339,-66.25,143.1502,0,0,0,0,0,0
0,0,0,2011340,-66.25,143.1509,0,0,0,0,0,0
0,0,0,2011341,-66.25,143.152,0,0,0,0,0,0
0,0,0,2011342,-66.25,143.1534,0,0,0,0,0,0
0,0,0,2011343,-66.25,143.1553,0,0,0,0,0,0
0,0,0,2011344,-66.25,143.1575,0,0,0,0,0,0
0,0,0,2011345,-66.25,143.16,1,0,0,0,33,6
0,0,0,2011346,-66.2483,143.1708,0,0,0,0,0,0
0,0,0,2011347,-66.2441,143.1945,0,0,0,0,0,0
0,0,0,2011348,-66.2382,143.2256,0,0,0,0,0,0
0,0,0,2011349,-66.2318,143.259,0,0,0,0,0,0
0,0,0,2011350,-66.2259,143.2894,0,0,0,0,0,0
0,0,0,2011351,-66.2217,143.3115,0,0,0,0,0,0
0,0,0,2011352,-66.22,143.32,1,0,0,0,33,6
0,0,0,2011353,-66.2211,143.3175,0,0,0,0,0,0
0,0,0,2011354,-66.224,143.3108,0,0,0,0,0,0
0,0,0,2011355,-66.2279,143.3012,0,0,0,0,0,0
0,0,0,2011356,-66.2321,143.2901,0,0,0,0,0,0
0,0,0,2011357,-66.236,143.2786,0,0,0,0,0,0
0,0,0,2011358,-66.2389,143.2682,0,0,0,0,0,0
0,0,0,2011359,-66.24,143.26,1,0,0,0,33,6
0,0,0,2011360,-66.2381,143.2531,0,0,0,0,0,0
0,0,0,2011361,-66.233,143.2459,0,0,0,0,0,0
0,0,0,2011362,-66.2259,143.2388,0,0,0,0,0,0
0,0,0,2011363,-66.218,143.2323,0,0,0,0,0,0
0,0,0,2011364,-66.2104,143.2267,0,0,0,0,0,0
0,0,0,2011365,-66.2042,143.2226,0,0,0,0,0,0
0,0,0,2012001,-66.2,143.22,1,0,0,0,33,6
0,0,0,2012002,-66.2009,143.22,0,0,0,0,0,0
0,0,0,2012003,-66.2032,143.22,0,0,0,0,0,0
0,0,0,2012004,-66.2065,143.22,0,0,0,0,0,0
0,0,0,2012005,-66.2103,143.22,0,0,0,0,0,0
0,0,0,2012006,-66.2141,143.22,0,0,0,0,0,0
0,0,0,2012007,-66.2175,143.22,0,0,0,0,0,0
0,0,0,2012008,-66.22,143.22,1,0,0,0,33,6
0,0,0,2012009,-66.222,143.2189,0,0,0,0,0,0
0,0,0,2012010,-66.2239,143.216,0,0,0,0,0,0
0,0,0,2012011,-66.2258,143.2121,0,0,0,0,0,0
0,0,0,2012012,-66.2275,143.2079,0,0,0,0,0,0
0,0,0,2012013,-66.2288,143.204,0,0,0,0,0,0
0,0,0,2012014,-66.2297,143.2011,0,0,0,0,0,0
0,0,0,2012015,-66.23,143.2,1,0,0,0,33,6
0,0,0,2012016,-66.23,143.2,0,0,0,0,0,0
0,0,0,2012017,-66.23,143.2,0,0,0,0,0,0
0,0,0,2012018,-66.23,143.2,0,0,0,0,0,0
0,0,0,2012019,-66.23,143.2,0,0,0,0,0,0
0,0,0,2012020,-66.23,143.2,0,0,0,0,0,0
0,0,0,2012021,-66.23,143.2,0,0,0,0,0,0
0,0,0,2012022,-66.23,143.2,1,0,0,0,32,7
0,0,0,2012023,-66.2303,143.1988,0,0,0,0,0,0
0,0,0,2012024,-66.231,143.1955,0,0,0,0,0,0
0,0,0,2012025,-66.2322,143.1907,0,0,0,0,0,0
0,0,0,2012026,-66.2337,143.1852,0,0,0,0,0,0
0,0,0,2012027,-66.2356,143.1794,0,0,0,0,0,0
0,0,0,2012028,-66.2377,143.1742,0,0,0,0,0,0
0,0,0,2012029,-66.24,143.17,1,0,0,0,32,7
0,0,0,2012030,-66.2445,143.1668,0,0,0,0,0,0
0,0,0,2012031,-66.2523,143.1641,0,0,0,0,0,0
0,0,0,2012032,-66.262,143.1616,0,0,0,0,0,0
0,0,0,2012033,-66.2721,143.1591,0,0,0,0,0,0
-66.1465,143.4317,1,2012034,-66.2811,143.1565,0,-66.1465,143.4317,1,0,0
-66.1291,143.5559,1,2012035,-66.2875,143.1535,0,-66.1291,143.5559,1,0,0
-66.1514,143.6136,1,2012036,-66.29,143.15,1,-66.1514,143.6136,1,32,6
-66.1124,143.7368,1,2012037,-66.2895,143.145,0,-66.1124,143.7368,1,0,0
-66.1142,143.7333,1,2012038,-66.2879,143.1382,0,-66.1142,143.7333,1,0,0
-66.1117,143.7982,1,2012039,-66.2856,143.1305,0,-66.1117,143.7982,1,0,0
-66.1016,143.8464,1,2012040,-66.2825,143.1229,0,-66.1016,143.8464,1,0,0
-66.1411,143.8053,1,2012041,-66.2787,143.1164,0,-66.1411,143.8053,1,0,0
-66.1812,143.7023,1,2012042,-66.2745,143.1117,0,-66.1812,143.7023,1,0,0
-66.163,143.6143,1,2012043,-66.27,143.11,1,-66.163,143.6143,1,32,6
-66.1573,143.4127,1,2012044,-66.2641,143.12,0,-66.1573,143.4127,1,0,0
-66.1867,143.42,1,2012045,-66.2556,143.1457,0,-66.1867,143.42,1,0,0
-66.2189,143.4824,1,2012046,-66.2448,143.1808,0,-66.2189,143.4824,1,0,0
-66.2276,143.4661,1,2012047,-66.2318,143.2192,0,-66.2276,143.4661,1,0,0
-66.187,143.3581,1,2012048,-66.2166,143.2543,0,-66.187,143.3581,1,0,0
-66.1313,143.4,1,2012049,-66.1993,143.28,0,-66.1313,143.4,1,0,0
-66.1035,143.4702,0,2012050,-66.18,143.29,1,-66.1035,143.4702,0,32,6
-66.0837,143.5502,0,2012051,-66.1505,143.2662,0,-66.0837,143.5502,0,0,0
-66.0604,143.5902,1,2012052,-66.106,143.2014,0,-66.0604,143.5902,1,0,0
-66.0259,143.5923,1,2012053,-66.052,143.1056,0,-66.0259,143.5923,1,0,0
-65.962,143.4975,1,2012054,-65.9939,142.9886,0,-65.962,143.4975,1,0,0
-65.934,143.4586,1,2012055,-65.9372,142.8604,0,-65.934,143.4586,1,0,0
-65.9105,143.3811,1,2012056,-65.8875,142.7309,0,-65.9105,143.3811,1,0,0
-65.9364,143.3945,1,2012057,-65.85,142.61,1,-65.9364,143.3945,1,32,6
-65.8695,143.0949,1,2012058,-65.8219,142.4911,0,-65.8695,143.0949,1,0,0
-65.8703,143.1246,1,2012059,-65.7963,142.3624,0,-65.8703,143.1246,1,0,0
-65.8612,143.0389,0,2012060,-65.7731,142.2264,0,-65.8612,143.0389,0,0,0
-65.8383,142.8518,1,2012061,-65.752,142.0857,0,-65.8383,142.8518,1,0,0
-65.7731,142.5204,1,2012062,-65.7329,141.9428,0,-65.7731,142.5204,1,0,0
-65.7426,142.3367,1,2012063,-65.7157,141.8,0,-65.7426,142.3367,1,0,0
-65.7799,142.2367,1,2012064,-65.7,141.66,1,-65.7799,142.2367,1,32,6
-65.8214,142.0974,1,2012065,-65.6852,141.5239,0,-65.8214,142.0974,1,0,0
-65.7382,141.9512,1,2012066,-65.6708,141.39,0,-65.7382,141.9512,1,0,0
-65.72,141.8343,1,2012067,-65.6573,141.2562,0,-65.72,141.8343,1,0,0
-65.6768,141.7956,1,2012068,-65.645,141.1203,0,-65.6768,141.7956,1,0,0
-65.688,141.744,1,2012069,-65.6344,140.9804,0,-65.688,141.744,1,0,0
-65.6851,141.6582,1,2012070,-65.626,140.8343,0,-65.6851,141.6582,1,0,0
-65.6433,141.556,1,2012071,-65.62,140.68,1,-65.6433,141.556,1,32,6
-65.6058,141.1709,1,2012072,-65.6161,140.5118,0,-65.6058,141.1709,1,0,0
-65.6418,141.0097,1,2012073,-65.6132,140.329,0,-65.6418,141.0097,1,0,0
-65.6045,140.8068,1,2012074,-65.6109,140.1373,0,-65.6045,140.8068,1,0,0
-65.5871,140.7804,1,2012075,-65.6089,139.942,0,-65.5871,140.7804,1,0,0
-65.5283,140.7736,1,2012076,-65.6066,139.7487,0,-65.5283,140.7736,1,0,0
-65.5058,140.7569,1,2012077,-65.6038,139.5628,0,-65.5058,140.7569,1,0,0
-65.4186,140.3775,1,2012078,-65.6,139.39,1,-65.4186,140.3775,1,32,6
-65.4019,139.9198,1,2012079,-65.5949,139.2317,0,-65.4019,139.9198,1,0,0
-65.4645,139.7322,1,2012080,-65.5883,139.0831,0,-65.4645,139.7322,1,0,0
-65.4935,139.5796,1,2012081,-65.5802,138.9404,0,-65.4935,139.5796,1,0,0
-65.5142,139.4438,1,2012082,-65.5704,138.7996,0,-65.5142,139.4438,1,0,0
-65.5651,139.1818,1,2012083,-65.5589,138.6569,0,-65.5651,139.1818,1,0,0
-65.6089,138.9012,1,2012084,-65.5455,138.5083,0,-65.6089,138.9012,1,0,0
-65.5327,138.62,1,2012085,-65.53,138.35,1,-65.5327,138.62,1,32,6
-65.4955,138.3835,1,2012086,-65.5063,138.1832,0,-65.4955,138.3835,1,0,0
-65.4923,138.4546,1,2012087,-65.4701,138.0115,0,-65.4923,138.4546,1,0,0
-65.5103,138.3842,1,2012088,-65.4243,137.8343,0,-65.5103,138.3842,1,0,0
-65.4481,138.3904,1,2012089,-65.3715,137.6511,0,-65.4481,138.3904,1,0,0
-65.4237,138.2529,1,2012090,-65.3147,137.4613,0,-65.4237,138.2529,1,0,0
-65.3598,138.1684,1,2012091,-65.2566,137.2645,0,-65.3598,138.1684,1,0,0
-65.3255,138.0844,1,2012092,-65.2,137.06,1,-65.3255,138.0844,1,33,6
-65.2983,137.7313,1,2012093,-65.1342,136.8466,0,-65.2983,137.7313,1,0,0
-65.2167,137.2418,1,2012094,-65.0528,136.6235,0,-65.2167,137.2418,1,0,0
-65.1305,137.0825,1,2012095,-64.9652,136.3913,0,-65.1305,137.0825,1,0,0
-65.0866,136.7053,1,2012096,-64.8807,136.1504,0,-65.0866,136.7053,1,0,0
-64.9646,136.4313,1,2012097,-64.8088,135.9012,0,-64.9646,136.4313,1,0,0
-64.8437,136.1927,1,2012098,-64.7588,135.6443,0,-64.8437,136.1927,1,0,0
-64.7287,135.6858,1,2012099,-64.74,135.38,1,-64.7287,135.6858,1,33,6
-64.7209,135.3836,1,2012100,-64.74,135.0832,0,-64.7209,135.3836,1,0,0
-64.794,135.0851,1,2012101,-64.74,134.7445,0,-64.794,135.0851,1,0,0
-64.8061,134.8613,1,2012102,-64.74,134.3877,0,-64.8061,134.8613,1,0,0
-64.7642,134.3052,1,2012103,-64.74,134.0369,0,-64.7642,134.3052,1,0,0
-64.7216,134.2447,1,2012104,-64.74,133.716,0,-64.7216,134.2447,1,0,0
-64.7144,134.0645,1,2012105,-64.74,133.4491,0,-64.7144,134.0645,1,0,0
-64.6795,134.0501,1,2012106,-64.74,133.26,1,-64.6795,134.0501,1,33,6
-64.7079,133.5836,1,2012107,-64.7507,133.1245,0,-64.7079,133.5836,1,0,0
-64.7259,133.5404,1,2012108,-64.7786,133.0025,0,-64.7259,133.5404,1,0,0
-64.7183,133.2918,1,2012109,-64.8171,132.8945,0,-64.7183,133.2918,1,0,0
-64.7554,133.2338,1,2012110,-64.86,132.8009,0,-64.7554,133.2338,1,0,0
-64.7977,133.229,1,2012111,-64.9007,132.7219,0,-64.7977,133.229,1,0,0
-64.8304,133.1469,1,2012112,-64.9329,132.6582,0,-64.8304,133.1469,1,0,0
-64.8185,132.7709,1,2012113,-64.95,132.61,1,-64.8185,132.7709,1,33,6
-64.8635,132.8277,1,2012114,-64.9564,132.5704,0,-64.8635,132.8277,1,0,0
-64.922,132.7804,1,2012115,-64.9612,132.5332,0,-64.922,132.7804,1,0,0
-64.9381,132.7736,1,2012116,-64.9647,132.4997,0,-64.9381,132.7736,1,0,0
-64.933,132.6155,1,2012117,-64.9678,132.4713,0,-64.933,132.6155,1,0,0
-64.9616,132.7481,1,2012118,-64.971,132.4492,0,-64.9616,132.7481,1,0,0
-65.0092,132.8311,1,2012119,-64.9748,132.435,0,-65.0092,132.8311,1,0,0
-65.0046,132.8423,1,2012120,-64.98,132.43,1,-65.0046,132.8423,1,33,6
-65.0086,132.6609,1,2012121,-64.9864,132.4661,0,-65.0086,132.6609,1,0,0
-65.0031,132.5723,1,2012122,-64.9939,132.5619,0,-65.0031,132.5723,1,0,0
-65.0487,132.5241,1,2012123,-65.0024,132.6982,0,-65.0487,132.5241,1,0,0
-65.0294,132.5739,1,2012124,-65.0122,132.8562,0,-65.0294,132.5739,1,0,0
-65.0002,132.5802,1,2012125,-65.0233,133.0168,0,-65.0002,132.5802,1,0,0
-65.0218,132.6622,1,2012126,-65.0358,133.1611,0,-65.0218,132.6622,1,0,0
-65.0289,132.9169,1,2012127,-65.05,133.27,1,-65.0289,132.9169,1,23,6
-65.048,133.3144,1,2012128,-65.0708,133.3579,0,-65.048,133.3144,1,0,0
-65.0968,133.4929,1,2012129,-65.1008,133.4479,0,-65.0968,133.4929,1,0,0
-65.0941,133.4651,1,2012130,-65.1363,133.5342,0,-65.0941,133.4651,1,0,0
-65.1696,133.5137,1,2012131,-65.1737,133.6113,0,-65.1696,133.5137,1,0,0
-65.1578,133.5088,1,2012132,-65.2092,133.6735,0,-65.1578,133.5088,1,0,0
-65.1934,133.5894,1,2012133,-65.2392,133.7149,0,-65.1934,133.5894,1,0,0
-65.2136,133.6065,1,2012134,-65.26,133.73,1,-65.2136,133.6065,1,23,6
-65.2436,133.6675,1,2012135,-65.2744,133.7272,0,-65.2436,133.6675,1,0,0
-65.2609,133.7937,1,2012136,-65.2874,133.7201,0,-65.2609,133.7937,1,0,0
-65.2731,133.8647,1,2012137,-65.299,133.7103,0,-65.2731,133.8647,1,0,0
-65.2528,133.8471,1,2012138,-65.3091,133.6997,0,-65.2528,133.8471,1,0,0
-65.3151,133.7942,1,2012139,-65.3177,133.6899,0,-65.3151,133.7942,1,0,0
-65.3205,133.8143,1,2012140,-65.3247,133.6828,0,-65.3205,133.8143,1,0,0
-65.3002,133.7968,1,2012141,-65.33,133.68,1,-65.3002,133.7968,1,23,6
-65.3276,133.8307,1,2012142,-65.3339,133.6806,0,-65.3276,133.8307,1,0,0
-65.3265,133.7991,1,2012143,-65.3369,133.682,0,-65.3265,133.7991,1,0,0
-65.3432,133.8596,1,2012144,-65.3394,133.6839,0,-65.3432,133.8596,1,0,0
-65.3386,133.7688,1,2012145,-65.3417,133.6861,0,-65.3386,133.7688,1,0,0
-65.3483,133.813,1,2012146,-65.344,133.688,0,-65.3483,133.813,1,0,0
-65.3422,133.8281,1,2012147,-65.3466,133.6894,0,-65.3422,133.8281,1,0,0
-65.3138,133.7629,1,2012148,-65.35,133.69,1,-65.3138,133.7629,1,23,6
-65.3928,133.7701,1,2012149,-65.3545,133.6898,0,-65.3928,133.7701,1,0,0
-65.3643,133.8067,1,2012150,-65.3603,133.6891,0,-65.3643,133.8067,1,0,0
-65.3799,133.7335,1,2012151,-65.3667,133.688,0,-65.3799,133.7335,1,0,0
-65.3836,133.7928,1,2012152,-65.3733,133.6866,0,-65.3836,133.7928,1,0,0
-65.4109,133.8266,1,2012153,-65.3797,133.6847,0,-65.4109,133.8266,1,0,0
-65.4169,133.8113,1,2012154,-65.3855,133.6825,0,-65.4169,133.8113,1,0,0
-65.4244,133.7924,1,2012155,-65.39,133.68,1,-65.4244,133.7924,1,23,6
-65.3839,133.7574,1,2012156,-65.3933,133.6731,0,-65.3839,133.7574,1,0,0
-65.3764,133.7764,1,2012157,-65.3959,133.6587,0,-65.3764,133.7764,1,0,0
-65.3856,133.8557,1,2012158,-65.398,133.638,0,-65.3856,133.8557,1,0,0
-65.3941,133.766,1,2012159,-65.4001,133.6125,0,-65.3941,133.766,1,0,0
-65.3704,133.7915,1,2012160,-65.4026,133.5834,0,-65.3704,133.7915,1,0,0
-65.3486,133.7777,1,2012161,-65.4058,133.5522,0,-65.3486,133.7777,1,0,0
-65.3344,133.7452,1,2012162,-65.41,133.52,1,-65.3344,133.7452,1,23,6
-65.3395,133.6987,1,2012163,-65.4183,133.4832,0,-65.3395,133.6987,1,0,0
-65.3865,133.6833,1,2012164,-65.4324,133.438,0,-65.3865,133.6833,1,0,0
-65.4302,133.573,1,2012165,-65.4506,133.3861,0,-65.4302,133.573,1,0,0
-65.4169,133.5723,1,2012166,-65.4711,133.3288,0,-65.4169,133.5723,1,0,0
-65.4132,133.5131,1,2012167,-65.4923,133.2677,0,-65.4132,133.5131,1,0,0
-65.4361,133.5583,1,2012168,-65.5125,133.2043,0,-65.4361,133.5583,1,0,0
-65.464,133.4187,1,2012169,-65.53,133.14,1,-65.464,133.4187,1,23,6
-65.5079,133.4105,1,2012170,-65.5462,133.0703,0,-65.5079,133.4105,1,0,0
-65.5409,133.3262,1,2012171,-65.563,132.9921,0,-65.5409,133.3262,1,0,0
-65.5198,133.3801,1,2012172,-65.5798,132.9085,0,-65.5198,133.3801,1,0,0
-65.5197,133.2419,1,2012173,-65.5956,132.8232,0,-65.5197,133.2419,1,0,0
-65.5323,133.1405,1,2012174,-65.6098,132.7394,0,-65.5323,133.1405,1,0,0
-65.596,132.8361,1,2012175,-65.6215,132.6605,0,-65.596,132.8361,1,0,0
-65.6339,132.8428,1,2012176,-65.63,132.59,1,-65.6339,132.8428,1,23,6
-65.6311,132.8201,0,2012177,-65.6365,132.5315,0,-65.6311,132.8201,0,0,0
-65.6255,132.7591,1,2012178,-65.6427,132.4828,0,-65.6255,132.7591,1,0,0
-65.6178,132.5333,1,2012179,-65.6483,132.4385,0,-65.6178,132.5333,1,0,0
-65.6618,132.5235,1,2012180,-65.653,132.3935,0,-65.6618,132.5235,1,0,0
-65.7147,132.454,1,2012181,-65.6567,132.3422,0,-65.7147,132.454,1,0,0
-65.6853,132.4254,1,2012182,-65.6591,132.2795,0,-65.6853,132.4254,1,0,0
-65.6652,132.3017,1,2012183,-65.66,132.2,1,-65.6652,132.3017,1,23,6
-65.6564,132.3613,1,2012184,-65.6565,132.0722,0,-65.6564,132.3613,1,0,0
-65.702,132.2393,1,2012185,-65.6467,131.8802,0,-65.702,132.2393,1,0,0
-65.6772,132.1279,1,2012186,-65.6317,131.642,0,-65.6772,132.1279,1,0,0
-65.6773,131.9496,1,2012187,-65.6124,131.3759,0,-65.6773,131.9496,1,0,0
-65.6627,131.9894,1,2012188,-65.59,131.0997,0,-65.6627,131.9894,1,0,0
-65.6465,131.8186,1,2012189,-65.5655,130.8318,0,-65.6465,131.8186,1,0,0
-65.6713,131.716,1,2012190,-65.54,130.59,1,-65.6713,131.716,1,23,6
-65.5785,131.214,1,2012191,-65.5012,130.3618,0,-65.5785,131.214,1,0,0
-65.5313,130.9122,1,2012192,-65.4424,130.1269,0,-65.5313,130.9122,1,0,0
-65.4805,130.6192,1,2012193,-65.3731,129.8918,0,-65.4805,130.6192,1,0,0
-65.4822,130.7971,1,2012194,-65.3028,129.663,0,-65.4822,130.7971,1,0,0
-65.4133,130.481,1,2012195,-65.2409,129.447,0,-65.4133,130.481,1,0,0
-65.3616,130.3002,1,2012196,-65.1968,129.2505,0,-65.3616,130.3002,1,0,0
-65.318,130.0957,1,2012197,-65.18,129.08,1,-65.318,130.0957,1,23,6
-65.2814,129.9814,1,2012198,-65.18,128.9255,0,-65.2814,129.9814,1,0,0
-65.2753,129.9626,1,2012199,-65.18,128.7755,0,-65.2753,129.9626,1,0,0
-65.2521,129.6989,1,2012200,-65.18,128.6338,0,-65.2521,129.6989,1,0,0
-65.2016,129.2558,1,2012201,-65.18,128.5045,0,-65.2016,129.2558,1,0,0
-65.194,129.0942,1,2012202,-65.18,128.3914,0,-65.194,129.0942,1,0,0
-65.1891,129.0717,1,2012203,-65.18,128.2986,0,-65.1891,129.0717,1,0,0
-65.2028,128.7704,1,2012204,-65.18,128.23,1,-65.2028,128.7704,1,23,6
-65.1932,128.7995,1,2012205,-65.1794,128.1837,0,-65.1932,128.7995,1,0,0
-65.182,128.7579,1,2012206,-65.178,128.1512,0,-65.182,128.7579,1,0,0
-65.2042,128.7671,1,2012207,-65.1761,128.1263,0,-65.2042,128.7671,1,0,0
-65.2171,128.5783,1,2012208,-65.1739,128.1029,0,-65.2171,128.5783,1,0,0
-65.2027,128.4715,1,2012209,-65.172,128.0748,0,-65.2027,128.4715,1,0,0
-65.2398,128.3225,1,2012210,-65.1706,128.0359,0,-65.2398,128.3225,1,0,0
-65.2354,128.1538,0,2012211,-65.17,127.98,1,-65.2354,128.1538,0,23,6
-65.2236,127.9779,0,2012212,-65.1749,127.7714,0,-65.2236,127.9779,0,0,0
-65.207,127.7933,0,2012213,-65.1882,127.3346,0,-65.207,127.7933,0,0,0
-65.1879,127.5986,0,2012214,-65.2078,126.754,0,-65.1879,127.5986,0,0,0
-65.1687,127.3921,0,2012215,-65.2318,126.1139,0,-65.1687,127.3921,0,0,0
-65.1518,127.1725,0,2012216,-65.2582,125.4986,0,-65.1518,127.1725,0,0,0
-65.1396,126.9382,0,2012217,-65.285,124.9925,0,-65.1396,126.9382,0,0,0
-65.1345,126.6877,1,2012218,-65.31,124.68,1,-65.1345,126.6877,1,23,6
-65.134,126.3802,1,2012219,-65.3352,124.4998,0,-65.134,126.3802,1,0,0
-65.1709,125.7442,1,2012220,-65.3629,124.3363,0,-65.1709,125.7442,1,0,0
-65.162,125.4941,1,2012221,-65.3925,124.1921,0,-65.162,125.4941,1,0,0
-65.3818,124.9961,1,2012222,-65.4229,124.0698,0,-65.3818,124.9961,1,0,0
-65.4208,124.7372,1,2012223,-65.4532,123.972,0,-65.4208,124.7372,1,0,0
-65.4208,124.6547,1,2012224,-65.4825,123.9012,0,-65.4208,124.6547,1,0,0
-65.4224,124.4408,1,2012225,-65.51,123.86,1,-65.4224,124.4408,1,23,6
-65.4882,124.1671,1,2012226,-65.5387,123.8385,0,-65.4882,124.1671,1,0,0
-65.5016,123.8655,1,2012227,-65.5705,123.8234,0,-65.5016,123.8655,1,0,0
-65.5077,124.0988,1,2012228,-65.6026,123.8122,0,-65.5077,124.0988,1,0,0
-65.5235,123.6155,1,2012229,-65.6324,123.8027,0,-65.5235,123.6155,1,0,0
-65.5507,123.6034,1,2012230,-65.657,123.7924,0,-65.5507,123.6034,1,0,0
-65.5452,123.5375,1,2012231,-65.6738,123.7789,0,-65.5452,123.5375,1,0,0
-65.5439,123.5838,0,2012232,-65.68,123.76,1,-65.5439,123.5838,0,23,6
-65.5434,123.63,1,2012233,-65.6734,123.723,0,-65.5434,123.63,1,0,0
-65.5473,123.5726,1,2012234,-65.6562,123.6637,0,-65.5473,123.5726,1,0,0
-65.5582,123.5331,1,2012235,-65.6328,123.5923,0,-65.5582,123.5331,1,0,0
-65.612,123.6386,1,2012236,-65.6072,123.5191,0,-65.612,123.6386,1,0,0
-65.5873,123.5988,1,2012237,-65.5838,123.4542,0,-65.5873,123.5988,1,0,0
-65.5791,123.5857,1,2012238,-65.5666,123.4077,0,-65.5791,123.5857,1,0,0
-65.5284,123.5553,1,2012239,-65.56,123.39,1,-65.5284,123.5553,1,23,6
-65.5355,123.5728,1,2012240,-65.56,123.39,0,-65.5355,123.5728,1,0,0
-65.5534,123.5507,1,2012241,-65.56,123.39,0,-65.5534,123.5507,1,0,0
-65.584,123.5682,1,2012242,-65.56,123.39,0,-65.584,123.5682,1,0,0
-65.5538,123.4629,1,2012243,-65.56,123.39,0,-65.5538,123.4629,1,0,0
-65.5275,123.5161,1,2012244,-65.56,123.39,0,-65.5275,123.5161,1,0,0
-65.5252,123.5247,1,2012245,-65.56,123.39,0,-65.5252,123.5247,1,0,0
-65.5266,123.4764,1,2012246,-65.56,123.39,1,-65.5266,123.4764,1,23,6
-65.5408,123.4676,1,2012247,-65.5552,123.3802,0,-65.5408,123.4676,1,0,0
-65.5607,123.5246,1,2012248,-65.5422,123.3532,0,-65.5607,123.5246,1,0,0
-65.5296,123.551,1,2012249,-65.5236,123.3127,0,-65.5296,123.551,1,0,0
-65.5239,123.529,1,2012250,-65.5016,123.2624,0,-65.5239,123.529,1,0,0
-65.5121,123.5292,1,2012251,-65.4788,123.2061,0,-65.5121,123.5292,1,0,0
-65.4815,123.5118,1,2012252,-65.4574,123.1474,0,-65.4815,123.5118,1,0,0
-65.4646,123.3587,1,2012253,-65.44,123.09,1,-65.4646,123.3587,1,23,6
-65.4945,123.2929,1,2012254,-65.4242,123.0323,0,-65.4945,123.2929,1,0,0
-65.4152,123.2813,1,2012255,-65.4072,122.9694,0,-65.4152,123.2813,1,0,0
-65.38,123.2382,1,2012256,-65.3902,122.9003,0,-65.38,123.2382,1,0,0
-65.4644,123.1448,1,2012257,-65.3746,122.8239,0,-65.4644,123.1448,1,0,0
-65.4586,123.0357,1,2012258,-65.3618,122.7391,0,-65.4586,123.0357,1,0,0
-65.4363,122.9446,1,2012259,-65.3532,122.6448,0,-65.4363,122.9446,1,0,0
-65.3489,122.8778,1,2012260,-65.35,122.54,1,-65.3489,122.8778,1,23,6
-65.361,122.7032,1,2012261,-65.3572,122.4063,0,-65.361,122.7032,1,0,0
-65.3633,122.6076,1,2012262,-65.3758,122.2344,0,-65.3633,122.6076,1,0,0
-65.362,122.5249,1,2012263,-65.4012,122.0368,0,-65.362,122.5249,1,0,0
-65.444,122.2148,1,2012264,-65.4288,121.826,0,-65.444,122.2148,1,0,0
-65.4977,122.0981,1,2012265,-65.4542,121.6146,0,-65.4977,122.0981,1,0,0
-65.5019,121.8128,1,2012266,-65.4728,121.4151,0,-65.5019,121.8128,1,0,0
-65.4955,121.7482,1,2012267,-65.48,121.24,1,-65.4955,121.7482,1,23,6
-65.5258,121.5399,1,2012268,-65.4761,121.0697,0,-65.5258,121.5399,1,0,0
-65.4849,121.4734,1,2012269,-65.4661,120.8857,0,-65.4849,121.4734,1,0,0
-65.4431,121.4118,1,2012270,-65.4524,120.7027,0,-65.4431,121.4118,1,0,0
-65.4775,121.4131,1,2012271,-65.4376,120.5352,0,-65.4775,121.4131,1,0,0
-65.4701,121.3963,1,2012272,-65.4239,120.3975,0,-65.4701,121.3963,1,0,0
-65.4955,121.1129,1,2012273,-65.4139,120.3043,0,-65.4955,121.1129,1,0,0
-65.3518,120.7232,1,2012274,-65.41,120.27,1,-65.3518,120.7232,1,23,6
-65.4246,120.6626,1,2012275,-65.41,120.27,0,-65.4246,120.6626,1,0,0
-65.4173,120.5115,0,2012276,-65.41,120.27,0,-65.4173,120.5115,0,0,0
-65.402,120.3125,0,2012277,-65.41,120.27,0,-65.402,120.3125,0,0,0
-65.3883,120.2038,1,2012278,-65.41,120.27,0,-65.3883,120.2038,1,0,0
-65.3799,120.1931,1,2012279,-65.41,120.27,0,-65.3799,120.1931,1,0,0
-65.351,119.9834,1,2012280,-65.41,120.27,0,-65.351,119.9834,1,0,0
-65.3933,119.9029,1,2012281,-65.41,120.27,1,-65.3933,119.9029,1,23,6
-65.405,119.3756,1,2012282,-65.3964,120.135,0,-65.405,119.3756,1,0,0
-65.3769,119.1588,1,2012283,-65.361,119.783,0,-65.3769,119.1588,1,0,0
-65.3331,118.8137,1,2012284,-65.3116,119.2931,0,-65.3331,118.8137,1,0,0
-65.3638,118.6814,1,2012285,-65.2559,118.7445,0,-65.3638,118.6814,1,0,0
-65.2712,118.448,1,2012286,-65.2018,118.2167,0,-65.2712,118.448,1,0,0
-65.2559,118.3691,1,2012287,-65.1573,117.7888,0,-65.2559,118.3691,1,0,0
-65.196,118.2391,1,2012288,-65.13,117.54,1,-65.196,118.2391,1,23,6
-65.2013,118.2165,1,2012289,-65.1144,117.4253,0,-65.2013,118.2165,1,0,0
-65.1735,117.8925,1,2012290,-65.0998,117.3396,0,-65.1735,117.8925,1,0,0
-65.1561,117.7714,1,2012291,-65.0868,117.2724,0,-65.1561,117.7714,1,0,0
-65.1234,117.719,1,2012292,-65.0758,117.2134,0,-65.1234,117.719,1,0,0
-65.1307,117.5349,1,2012293,-65.0673,117.152,0,-65.1307,117.5349,1,0,0
-65.1217,117.5768,1,2012294,-65.0619,117.0777,0,-65.1217,117.5768,1,0,0
-65.1521,117.6906,1,2012295,-65.06,116.98,1,-65.1521,117.6906,1,23,6
-65.078,117.3707,1,2012296,-65.0606,116.8232,0,-65.078,117.3707,1,0,0
-65.1063,116.9862,1,2012297,-65.062,116.6004,0,-65.1063,116.9862,1,0,0
-65.0782,116.8604,1,2012298,-65.0639,116.3441,0,-65.0782,116.8604,1,0,0
-65.0512,116.4694,1,2012299,-65.0661,116.0873,0,-65.0512,116.4694,1,0,0
-65.1029,116.3288,1,2012300,-65.068,115.8625,0,-65.1029,116.3288,1,0,0
-65.1541,116.1346,1,2012301,-65.0694,115.7025,0,-65.1541,116.1346,1,0,0
-65.15,116.1014,1,2012302,-65.07,115.64,1,-65.15,116.1014,1,23,6
-65.1047,116.0026,1,2012303,-65.0667,115.6377,0,-65.1047,116.0026,1,0,0
-65.0804,116.015,1,2012304,-65.0581,115.6363,0,-65.0804,116.015,1,0,0
-65.0645,115.9332,1,2012305,-65.0464,115.6353,0,-65.0645,115.9332,1,0,0
-65.0616,115.9473,1,2012306,-65.0336,115.6346,0,-65.0616,115.9473,1,0,0
-65.0364,115.8034,1,2012307,-65.0219,115.6337,0,-65.0364,115.8034,1,0,0
-65.0282,115.8976,1,2012308,-65.0133,115.6323,0,-65.0282,115.8976,1,0,0
-65.0112,115.8204,1,2012309,-65.01,115.63,1,-65.0112,115.8204,1,23,6
-64.992,115.8616,1,2012310,-65.013,115.6095,0,-64.992,115.8616,1,0,0
-64.9547,115.8434,0,2012311,-65.0213,115.5588,0,-64.9547,115.8434,0,0,0
-64.9291,115.7954,1,2012312,-65.0336,115.4859,0,-64.9291,115.7954,1,0,0
-64.9849,115.63,1,2012313,-65.0488,115.3987,0,-64.9849,115.63,1,0,0
-65.0107,115.4481,1,2012314,-65.0658,115.305,0,-65.0107,115.4481,1,0,0
-65.0317,115.2892,1,2012315,-65.0832,115.2128,0,-65.0317,115.2892,1,0,0
-65.0508,115.248,1,2012316,-65.1,115.13,1,-65.0508,115.248,1,23,6
-65.1148,115.1993,1,2012317,-65.1201,115.0462,0,-65.1148,115.1993,1,0,0
-65.1004,114.996,1,2012318,-65.1461,114.951,0,-65.1004,114.996,1,0,0
-65.1462,115.0401,1,2012319,-65.1748,114.8519,0,-65.1462,115.0401,1,0,0
-65.2064,115.0095,1,2012320,-65.2028,114.7567,0,-65.2064,115.0095,1,0,0
-65.277,114.645,1,2012321,-65.2268,114.6728,0,-65.277,114.645,1,0,0
-65.2797,114.5745,1,2012322,-65.2437,114.6081,0,-65.2797,114.5745,1,0,0
-65.2498,114.674,1,2012323,-65.25,114.57,1,-65.2498,114.674,1,23,6
-65.2114,114.8726,1,2012324,-65.2472,114.5515,0,-65.2114,114.8726,1,0,0
-65.211,114.7625,1,2012325,-65.2401,114.5389,0,-65.211,114.7625,1,0,0
-65.2397,114.7828,1,2012326,-65.2303,114.5296,0,-65.2397,114.7828,1,0,0
-65.2194,114.6631,1,2012327,-65.2197,114.5215,0,-65.2194,114.6631,1,0,0
-65.2383,114.6782,1,2012328,-65.2099,114.512,0,-65.2383,114.6782,1,0,0
-65.2302,114.6637,1,2012329,-65.2028,114.499,0,-65.2302,114.6637,1,0,0
-65.1961,114.6722,1,2012330,-65.2,114.48,1,-65.1961,114.6722,1,23,6
-65.1684,114.6477,1,2012331,-65.2002,114.4436,0,-65.1684,114.6477,1,0,0
-65.1039,114.6459,1,2012332,-65.2009,114.3818,0,-65.1039,114.6459,1,0,0
-65.1062,114.5226,1,2012333,-65.202,114.2971,0,-65.1062,114.5226,1,0,0
-65.0965,114.4044,1,2012334,-65.2035,114.192,0,-65.0965,114.4044,1,0,0
-65.0716,114.2528,1,2012335,-65.2054,114.0691,0,-65.0716,114.2528,1,0,0
-65.0715,114.0827,1,2012336,-65.2075,113.9309,0,-65.0715,114.0827,1,0,0
-65.2641,114.4897,1,2012337,-65.21,113.78,1,-65.2641,114.4897,1,23,8
-65.2344,114.3022,1,2012338,-65.2164,113.5496,0,-65.2344,114.3022,1,0,0
-65.2513,113.9835,1,2012339,-65.2291,113.2013,0,-65.2513,113.9835,1,0,0
-65.2511,113.927,1,2012340,-65.2459,112.7802,0,-65.2511,113.927,1,0,0
-65.2658,113.7315,1,2012341,-65.2646,112.3314,0,-65.2658,113.7315,1,0,0
-65.2816,113.4694,1,2012342,-65.2829,111.9001,0,-65.2816,113.4694,1,0,0
-65.3193,113.321,1,2012343,-65.2988,111.5312,0,-65.3193,113.321,1,0,0
-65.3412,113.139,1,2012344,-65.31,111.27,1,-65.3412,113.139,1,23,6
-65.3845,112.9557,1,2012345,-65.3182,111.1016,0,-65.3845,112.9557,1,0,0
-65.3787,112.7455,1,2012346,-65.3263,110.971,0,-65.3787,112.7455,1,0,0
-65.3879,112.3234,1,2012347,-65.3337,110.863,0,-65.3879,112.3234,1,0,0
-65.4068,112.088,1,2012348,-65.3403,110.7621,0,-65.4068,112.088,1,0,0
-65.2532,111.4851,1,2012349,-65.3454,110.6532,0,-65.2532,111.4851,1,0,0
-65.2963,111.0948,1,2012350,-65.3488,110.5209,0,-65.2963,111.0948,1,0,0
-65.312,110.9982,1,2012351,-65.35,110.35,1,-65.312,110.9982,1,23,5
-65.3541,110.6671,1,2012352,-65.3357,110.0838,0,-65.3541,110.6671,1,0,0
-65.3492,110.2502,1,2012353,-65.2986,109.7056,0,-65.3492,110.2502,1,0,0
-65.3041,109.7347,1,2012354,-65.2476,109.2598,0,-65.3041,109.7347,1,0,0
-65.2816,109.5206,1,2012355,-65.1915,108.7909,0,-65.2816,109.5206,1,0,0
-65.2145,109.2153,1,2012356,-65.139,108.3433,0,-65.2145,109.2153,1,0,0
-65.128,108.8221,1,2012357,-65.0989,107.9615,0,-65.128,108.8221,1,0,0
-65.1365,108.622,0,2012358,-65.08,107.69,1,-65.1365,108.622,0,23,5
-65.149,108.4776,1,2012359,-65.0756,107.5005,0,-65.149,108.4776,1,0,0
-65.1555,108.3571,1,2012360,-65.0727,107.3331,0,-65.1555,108.3571,1,0,0
-65.2923,107.9653,1,2012361,-65.0707,107.185,0,-65.2923,107.9653,1,0,0
-65.2785,107.9889,1,2012362,-65.069,107.0535,0,-65.2785,107.9889,1,0,0
-65.2953,107.6339,1,2012363,-65.0671,106.9357,0,-65.2953,107.6339,1,0,0
-65.2615,107.5372,0,2012364,-65.0643,106.8288,0,-65.2615,107.5372,0,0,0
-65.1857,107.4813,0,2012365,-65.06,106.73,1,-65.1857,107.4813,0,23,5
-65.1061,107.4271,1,2012366,-65.0479,106.6427,0,-65.1061,107.4271,1,0,0
-65.0697,107.3947,1,2013001,-65.0374,106.6043,0,-65.0697,107.3947,1,0,0
-65.0343,107.1952,1,2013002,-65.0103,106.5346,0,-65.0343,107.1952,1,0,0
-65.071,107.3093,1,2013003,-64.9787,106.4698,0,-65.071,107.3093,1,0,0
-65.1671,107.2823,1,2013004,-64.9469,106.4044,0,-65.1671,107.2823,1,0,0
-65.1666,106.9666,1,2013005,-64.9192,106.3329,0,-65.1666,106.9666,1,0,0
-65.1516,106.9239,1,2013006,-64.9,106.25,1,-65.1516,106.9239,1,23,5
-65.0161,106.7781,1,2013007,0,0,0,-65.0161,106.7781,1,0,0
-64.9154,106.7658,1,2013008,0,0,0,-64.9154,106.7658,1,0,0
-64.8454,106.5929,1,2013009,0,0,0,-64.8454,106.5929,1,0,0
-64.8642,106.4457,1,2013010,0,0,0,-64.8642,106.4457,1,0,0
-64.8834,106.3738,1,2013011,0,0,0,-64.8834,106.3738,1,0,0
-64.8889,106.3295,1,2013012,0,0,0,-64.8889,106.3295,1,0,0
-64.9541,106.1331,1,2013013,0,0,0,-64.9541,106.1331,1,0,0
-64.8887,105.9983,1,2013014,0,0,0,-64.8887,105.9983,1,0,0
-64.8738,105.7002,1,2013015,0,0,0,-64.8738,105.7002,1,0,0
-64.8105,105.2871,1,2013016,0,0,0,-64.8105,105.2871,1,0,0
-64.8982,105.3232,1,2013017,0,0,0,-64.8982,105.3232,1,0,0
-64.9405,105.1317,1,2013018,0,0,0,-64.9405,105.1317,1,0,0
-64.9807,105.1365,1,2013019,0,0,0,-64.9807,105.1365,1,0,0
-65.0292,105.0662,1,2013020,-64.78,104.47,1,-65.0292,105.0662,1,23,5
-65.0155,105.1859,1,2013021,-64.778,104.3798,0,-65.0155,105.1859,1,0,0
-65.0187,105.2465,1,2013022,-64.7766,104.2925,0,-65.0187,105.2465,1,0,0
-65.025,105.1915,1,2013023,-64.7754,104.2095,0,-65.025,105.1915,1,0,0
-65.0491,105.1589,1,2013024,-64.7744,104.1323,0,-65.0491,105.1589,1,0,0
-65.0212,105.1358,1,2013025,-64.7732,104.0624,0,-65.0212,105.1358,1,0,0
-64.9919,104.9461,1,2013026,-64.7719,104.0011,0,-64.9919,104.9461,1,0,0
-64.9512,104.8569,1,2013027,-64.77,103.95,1,-64.9512,104.8569,1,23,5
-64.8988,104.4151,1,2013028,-64.7668,103.9076,0,-64.8988,104.4151,1,0,0
-64.8648,104.2632,1,2013029,-64.7619,103.8707,0,-64.8648,104.2632,1,0,0
-64.8163,104.0548,1,2013030,-64.7561,103.8379,0,-64.8163,104.0548,1,0,0
-64.8652,103.9782,1,2013031,-64.7502,103.8078,0,-64.8652,103.9782,1,0,0
-64.8638,103.7978,1,2013032,-64.7451,103.779,0,-64.8638,103.7978,1,0,0
-64.8571,103.7666,0,2013033,-64.7414,103.7502,0,-64.8571,103.7666,0,0,0
-64.8467,103.7523,0,2013034,-64.74,103.72,1,-64.8467,103.7523,0,23,5
-64.8414,103.722,1,2013035,-64.7417,103.6915,0,-64.8414,103.722,1,0,0
-64.8675,103.5683,1,2013036,-64.7459,103.667,0,-64.8675,103.5683,1,0,0
-64.8597,103.6433,1,2013037,-64.7518,103.6437,0,-64.8597,103.6433,1,0,0
-64.8417,103.6222,1,2013038,-64.7582,103.6191,0,-64.8417,103.6222,1,0,0
-64.8435,103.7026,1,2013039,-64.7641,103.5904,0,-64.8435,103.7026,1,0,0
-64.8255,103.6814,1,2013040,-64.7683,103.5549,0,-64.8255,103.6814,1,0,0
-64.8433,103.6072,1,2013041,-64.77,103.51,1,-64.8433,103.6072,1,23,5
-64.84,103.582,0,2013042,-64.7661,103.4311,0,-64.84,103.582,0,0,0
-64.8368,103.5721,1,2013043,-64.7561,103.3039,0,-64.8368,103.5721,1,0,0
-64.8427,103.6125,1,2013044,-64.7424,103.1412,0,-64.8427,103.6125,1,0,0
-64.8518,103.6228,1,2013045,-64.7276,102.9557,0,-64.8518,103.6228,1,0,0
-64.8518,103.6228,0,2013046,-64.7139,102.7601,0,-64.8518,103.6228,0,0,0
-64.8518,103.6228,1,2013047,-64.7039,102.5673,0,-64.8518,103.6228,1,0,0
-64.6573,103.2519,1,2013048,-64.7,102.39,1,-64.6573,103.2519,1,23,5
-64.4916,103.0004,1,2013049,0,0,0,-64.4916,103.0004,1,0,0
-64.5495,102.8609,0,2013050,0,0,0,-64.5495,102.8609,0,0,0
-64.6073,102.7504,1,2013051,0,0,0,-64.6073,102.7504,1,0,0
-64.5371,102.6415,1,2013052,0,0,0,-64.5371,102.6415,1,0,0
-64.5151,102.454,1,2013053,0,0,0,-64.5151,102.454,1,0,0
-64.6002,102.0823,1,2013054,0,0,0,-64.6002,102.0823,1,0,0
-64.5633,101.9354,1,2013055,0,0,0,-64.5633,101.9354,1,0,0
-64.4053,101.9099,1,2013056,0,0,0,-64.4053,101.9099,1,0,0
-64.3843,101.9253,1,2013057,0,0,0,-64.3843,101.9253,1,0,0
-64.4722,101.6173,1,2013058,0,0,0,-64.4722,101.6173,1,0,0
-64.4637,101.5986,1,2013059,0,0,0,-64.4637,101.5986,1,0,0
-64.4997,101.301,1,2013060,0,0,0,-64.4997,101.301,1,0,0
-64.4747,101.481,1,2013061,0,0,0,-64.4747,101.481,1,0,0
-64.477,101.4793,0,2013062,0,0,0,-64.477,101.4793,0,0,0
-64.4837,101.476,0,2013063,0,0,0,-64.4837,101.476,0,0,0
-64.4946,101.4743,1,2013064,0,0,0,-64.4946,101.4743,1,0,0
-64.5361,101.5716,1,2013065,0,0,0,-64.5361,101.5716,1,0,0
-64.5046,101.5873,1,2013066,0,0,0,-64.5046,101.5873,1,0,0
-64.4579,101.5496,1,2013067,0,0,0,-64.4579,101.5496,1,0,0
-64.4357,101.5753,1,2013068,0,0,0,-64.4357,101.5753,1,0,0
-64.4083,101.5467,1,2013069,0,0,0,-64.4083,101.5467,1,0,0
-64.4328,101.4965,1,2013070,0,0,0,-64.4328,101.4965,1,0,0
-64.4349,101.4719,1,2013071,0,0,0,-64.4349,101.4719,1,0,0
-64.4126,101.4975,1,2013072,0,0,0,-64.4126,101.4975,1,0,0
-64.372,101.5041,1,2013073,0,0,0,-64.372,101.5041,1,0,0
-64.2908,101.4046,1,2013074,0,0,0,-64.2908,101.4046,1,0,0
-64.2898,101.4196,1,2013075,0,0,0,-64.2898,101.4196,1,0,0
-64.2644,101.3669,1,2013076,0,0,0,-64.2644,101.3669,1,0,0
-64.2446,101.2506,1,2013077,0,0,0,-64.2446,101.2506,1,0,0
-64.2268,101.1101,1,2013078,0,0,0,-64.2268,101.1101,1,0,0
-64.158,100.861,1,2013079,0,0,0,-64.158,100.861,1,0,0
-64.1249,100.5982,0,2013080,0,0,0,-64.1249,100.5982,0,0,0
-64.1023,100.3256,1,2013081,0,0,0,-64.1023,100.3256,1,0,0
-64.0851,100.0417,1,2013082,0,0,0,-64.0851,100.0417,1,0,0
-64.0682,99.7428,1,2013083,0,0,0,-64.0682,99.7428,1,0,0
-64.1082,99.6077,1,2013084,0,0,0,-64.1082,99.6077,1,0,0
-64.0709,99.5735,1,2013085,0,0,0,-64.0709,99.5735,1,0,0
-64.0656,99.4146,0,2013086,0,0,0,-64.0656,99.4146,0,0,0
-64.0621,99.147,1,2013087,0,0,0,-64.0621,99.147,1,0,0
-64.0565,98.7988,1,2013088,0,0,0,-64.0565,98.7988,1,0,0
-64.0736,98.5442,1,2013089,0,0,0,-64.0736,98.5442,1,0,0
-64.0154,98.3744,1,2013090,0,0,0,-64.0154,98.3744,1,0,0
-64.0471,98.1896,1,2013091,0,0,0,-64.0471,98.1896,1,0,0
-64.1092,97.8234,1,2013092,0,0,0,-64.1092,97.8234,1,0,0
-64.135,97.5508,1,2013093,0,0,0,-64.135,97.5508,1,0,0
-64.1588,97.307,1,2013094,0,0,0,-64.1588,97.307,1,0,0
-64.1431,97.2327,1,2013095,0,0,0,-64.1431,97.2327,1,0,0
-64.2134,96.8452,1,2013096,0,0,0,-64.2134,96.8452,1,0,0
-64.2432,96.6477,1,2013097,0,0,0,-64.2432,96.6477,1,0,0
-64.2231,96.4566,1,2013098,0,0,0,-64.2231,96.4566,1,0,0
-64.1724,96.2832,1,2013099,0,0,0,-64.1724,96.2832,1,0,0
-64.2065,96.1917,1,2013100,0,0,0,-64.2065,96.1917,1,0,0
-64.2506,96.0921,1,2013101,0,0,0,-64.2506,96.0921,1,0,0
-64.2226,96.0552,1,2013102,0,0,0,-64.2226,96.0552,1,0,0
-64.207,95.9661,1,2013103,0,0,0,-64.207,95.9661,1,0,0
-64.258,95.7067,1,2013104,0,0,0,-64.258,95.7067,1,0,0
-64.3123,95.5887,1,2013105,0,0,0,-64.3123,95.5887,1,0,0
-64.4123,95.3129,1,2013106,0,0,0,-64.4123,95.3129,1,0,0
-64.4774,95.155,1,2013107,0,0,0,-64.4774,95.155,1,0,0
-64.6488,94.7829,1,2013108,0,0,0,-64.6488,94.7829,1,0,0
-64.6962,94.5425,1,2013109,0,0,0,-64.6962,94.5425,1,0,0
-64.7134,94.3159,1,2013110,0,0,0,-64.7134,94.3159,1,0,0
-64.6881,94.1843,1,2013111,0,0,0,-64.6881,94.1843,1,0,0
-64.7523,94.0163,1,2013112,0,0,0,-64.7523,94.0163,1,0,0
-64.7674,93.8347,1,2013113,0,0,0,-64.7674,93.8347,1,0,0
-64.8139,93.5754,1,2013114,0,0,0,-64.8139,93.5754,1,0,0
-64.8467,93.4473,1,2013115,0,0,0,-64.8467,93.4473,1,0,0
-64.8314,93.2657,1,2013116,0,0,0,-64.8314,93.2657,1,0,0
-64.9054,93.0495,1,2013117,0,0,0,-64.9054,93.0495,1,0,0
-64.9371,92.9458,1,2013118,0,0,0,-64.9371,92.9458,1,0,0
-64.939,92.8534,1,2013119,0,0,0,-64.939,92.8534,1,0,0
-65.0145,92.5212,1,2013120,0,0,0,-65.0145,92.5212,1,0,0
-65.0874,92.2858,1,2013121,0,0,0,-65.0874,92.2858,1,0,0
-65.1889,92.0826,1,2013122,0,0,0,-65.1889,92.0826,1,0,0
-65.1906,91.9531,1,2013123,0,0,0,-65.1906,91.9531,1,0,0
-65.3013,91.7794,1,2013124,0,0,0,-65.3013,91.7794,1,0,0
-65.304,91.529,1,2013125,0,0,0,-65.304,91.529,1,0,0
-65.3734,91.4868,1,2013126,0,0,0,-65.3734,91.4868,1,0,0
-65.4055,91.2106,1,2013127,0,0,0,-65.4055,91.2106,1,0,0
-65.5358,90.9116,1,2013128,0,0,0,-65.5358,90.9116,1,0,0
-65.5373,90.5639,1,2013129,0,0,0,-65.5373,90.5639,1,0,0
-65.5772,90.4177,1,2013130,0,0,0,-65.5772,90.4177,1,0,0
-65.6071,90.2121,1,2013131,0,0,0,-65.6071,90.2121,1,0,0
-65.6269,90.0855,1,2013132,0,0,0,-65.6269,90.0855,1,0,0
-65.6563,89.7729,1,2013133,0,0,0,-65.6563,89.7729,1,0,0
-65.6851,89.5289,1,2013134,0,0,0,-65.6851,89.5289,1,0,0
-65.7328,89.1825,1,2013135,0,0,0,-65.7328,89.1825,1,0,0
-65.7691,88.7769,1,2013136,0,0,0,-65.7691,88.7769,1,0,0
-65.755,88.3734,1,2013137,0,0,0,-65.755,88.3734,1,0,0
-65.6909,87.9908,1,2013138,0,0,0,-65.6909,87.9908,1,0,0
-65.7251,87.648,1,2013139,0,0,0,-65.7251,87.648,1,0,0
-65.682,87.4457,1,2013140,0,0,0,-65.682,87.4457,1,0,0
-65.7318,86.9718,1,2013141,0,0,0,-65.7318,86.9718,1,0,0
-65.7023,86.5614,1,2013142,0,0,0,-65.7023,86.5614,1,0,0
-65.7322,86.19,1,2013143,0,0,0,-65.7322,86.19,1,0,0
-65.7822,85.8672,1,2013144,0,0,0,-65.7822,85.8672,1,0,0
-65.8348,85.6497,1,2013145,0,0,0,-65.8348,85.6497,1,0,0
-65.7878,85.4234,1,2013146,0,0,0,-65.7878,85.4234,1,0,0
-65.8024,85.2657,1,2013147,0,0,0,-65.8024,85.2657,1,0,0
-65.7883,85.1458,1,2013148,0,0,0,-65.7883,85.1458,1,0,0
-65.7621,84.9643,1,2013149,0,0,0,-65.7621,84.9643,1,0,0
-65.7862,84.8096,1,2013150,0,0,0,-65.7862,84.8096,1,0,0
-65.8044,84.511,1,2013151,0,0,0,-65.8044,84.511,1,0,0
-65.7927,84.2248,1,2013152,0,0,0,-65.7927,84.2248,1,0,0
-65.7249,83.8034,1,2013153,0,0,0,-65.7249,83.8034,1,0,0
-65.7055,83.5902,1,2013154,0,0,0,-65.7055,83.5902,1,0,0
-65.6737,83.3376,1,2013155,0,0,0,-65.6737,83.3376,1,0,0
-65.6478,83.2119,1,2013156,0,0,0,-65.6478,83.2119,1,0,0
-65.5964,82.9765,1,2013157,0,0,0,-65.5964,82.9765,1,0,0
-65.5604,82.8547,1,2013158,0,0,0,-65.5604,82.8547,1,0,0
-65.528,82.6148,1,2013159,0,0,0,-65.528,82.6148,1,0,0
-65.5714,82.3191,1,2013160,0,0,0,-65.5714,82.3191,1,0,0
-65.6037,81.6783,1,2013161,0,0,0,-65.6037,81.6783,1,0,0
-65.6183,81.4337,1,2013162,0,0,0,-65.6183,81.4337,1,0,0
-65.7022,81.1831,1,2013163,0,0,0,-65.7022,81.1831,1,0,0
-65.8215,81.0249,1,2013164,0,0,0,-65.8215,81.0249,1,0,0
-65.9513,80.8769,1,2013165,0,0,0,-65.9513,80.8769,1,0,0
-66.0226,80.7508,1,2013166,0,0,0,-66.0226,80.7508,1,0,0
-66.0856,80.649,1,2013167,0,0,0,-66.0856,80.649,1,0,0
-66.1281,80.5386,1,2013168,0,0,0,-66.1281,80.5386,1,0,0
-66.189,80.2604,1,2013169,0,0,0,-66.189,80.2604,1,0,0
-66.2701,80.1325,1,2013170,0,0,0,-66.2701,80.1325,1,0,0
-66.3148,80.058,1,2013171,0,0,0,-66.3148,80.058,1,0,0
-66.3767,79.8032,1,2013172,0,0,0,-66.3767,79.8032,1,0,0
-66.4592,79.5601,1,2013173,0,0,0,-66.4592,79.5601,1,0,0
-66.5514,79.4506,1,2013174,0,0,0,-66.5514,79.4506,1,0,0
-66.5182,79.1468,1,2013175,0,0,0,-66.5182,79.1468,1,0,0
-66.5569,78.8649,1,2013176,0,0,0,-66.5569,78.8649,1,0,0
-66.5922,78.5495,1,2013177,0,0,0,-66.5922,78.5495,1,0,0
-66.689,78.3761,1,2013178,0,0,0,-66.689,78.3761,1,0,0
-66.7273,78.2316,1,2013179,0,0,0,-66.7273,78.2316,1,0,0
-66.7622,77.9234,1,2013180,0,0,0,-66.7622,77.9234,1,0,0
-66.7174,77.8744,1,2013181,0,0,0,-66.7174,77.8744,1,0,0
-66.6917,77.8091,1,2013182,0,0,0,-66.6917,77.8091,1,0,0
-66.7337,77.8261,1,2013183,0,0,0,-66.7337,77.8261,1,0,0
-66.7165,77.7446,1,2013184,0,0,0,-66.7165,77.7446,1,0,0
-66.7432,77.7016,1,2013185,0,0,0,-66.7432,77.7016,1,0,0
-66.8259,77.6045,1,2013186,0,0,0,-66.8259,77.6045,1,0,0
-66.9335,77.4466,1,2013187,0,0,0,-66.9335,77.4466,1,0,0
-66.9362,77.3649,1,2013188,0,0,0,-66.9362,77.3649,1,0,0
-66.8932,77.2231,1,2013189,0,0,0,-66.8932,77.2231,1,0,0
-66.8894,77.1799,1,2013190,0,0,0,-66.8894,77.1799,1,0,0
-66.9327,76.8728,1,2013191,0,0,0,-66.9327,76.8728,1,0,0
-66.8892,76.7326,1,2013192,0,0,0,-66.8892,76.7326,1,0,0
-66.9217,76.5348,1,2013193,0,0,0,-66.9217,76.5348,1,0,0
-66.8989,76.2957,1,2013194,0,0,0,-66.8989,76.2957,1,0,0
-66.8924,76.0179,1,2013195,0,0,0,-66.8924,76.0179,1,0,0
-66.9057,75.8426,1,2013196,0,0,0,-66.9057,75.8426,1,0,0
-66.9603,75.6745,1,2013197,0,0,0,-66.9603,75.6745,1,0,0
-66.9396,75.3698,1,2013198,0,0,0,-66.9396,75.3698,1,0,0
-66.9183,75.1644,1,2013199,0,0,0,-66.9183,75.1644,1,0,0
-66.898,74.97,1,2013200,0,0,0,-66.898,74.97,1,0,0
-66.8938,74.8342,1,2013201,0,0,0,-66.8938,74.8342,1,0,0
-66.878,74.7818,1,2013202,0,0,0,-66.878,74.7818,1,0,0
-66.9278,74.6718,1,2013203,0,0,0,-66.9278,74.6718,1,0,0
-66.9512,74.51,1,2013204,0,0,0,-66.9512,74.51,1,0,0
-66.9066,74.3848,1,2013205,0,0,0,-66.9066,74.3848,1,0,0
-66.9479,74.2917,1,2013206,0,0,0,-66.9479,74.2917,1,0,0
-66.9852,74.2591,1,2013207,0,0,0,-66.9852,74.2591,1,0,0
-66.9536,74.2528,1,2013208,0,0,0,-66.9536,74.2528,1,0,0
-66.9989,74.1968,1,2013209,0,0,0,-66.9989,74.1968,1,0,0
-67.003,74.2349,1,2013210,0,0,0,-67.003,74.2349,1,0,0
-66.9869,74.1821,1,2013211,0,0,0,-66.9869,74.1821,1,0,0
-66.9768,74.1837,1,2013212,0,0,0,-66.9768,74.1837,1,0,0
-66.9721,74.2338,1,2013213,0,0,0,-66.9721,74.2338,1,0,0
-66.9322,74.2449,1,2013214,0,0,0,-66.9322,74.2449,1,0,0
-66.8841,74.2738,1,2013215,0,0,0,-66.8841,74.2738,1,0,0
-66.7817,74.1847,1,2013216,0,0,0,-66.7817,74.1847,1,0,0
-66.7775,73.9622,1,2013217,0,0,0,-66.7775,73.9622,1,0,0
-66.6347,73.9739,1,2013218,0,0,0,-66.6347,73.9739,1,0,0
-66.6312,73.85,1,2013219,0,0,0,-66.6312,73.85,1,0,0
-66.5585,73.8457,1,2013220,0,0,0,-66.5585,73.8457,1,0,0
-66.5272,73.8399,1,2013221,0,0,0,-66.5272,73.8399,1,0,0
-66.5456,73.8208,1,2013222,0,0,0,-66.5456,73.8208,1,0,0
-66.5259,73.6516,1,2013223,0,0,0,-66.5259,73.6516,1,0,0
-66.5635,73.5324,1,2013224,0,0,0,-66.5635,73.5324,1,0,0
-66.5497,73.3299,1,2013225,0,0,0,-66.5497,73.3299,1,0,0
-66.5408,73.1702,1,2013226,0,0,0,-66.5408,73.1702,1,0,0
-66.5313,73.0915,1,2013227,0,0,0,-66.5313,73.0915,1,0,0
-66.5084,72.9882,1,2013228,0,0,0,-66.5084,72.9882,1,0,0
-66.5063,72.7194,1,2013229,0,0,0,-66.5063,72.7194,1,0,0
-66.5376,72.2275,1,2013230,0,0,0,-66.5376,72.2275,1,0,0
-66.5338,71.8783,1,2013231,0,0,0,-66.5338,71.8783,1,0,0
-66.5458,71.3406,1,2013232,0,0,0,-66.5458,71.3406,1,0,0
-66.5153,71.1933,1,2013233,0,0,0,-66.5153,71.1933,1,0,0
-66.5465,70.963,1,2013234,0,0,0,-66.5465,70.963,1,0,0
-66.5688,70.8975,1,2013235,0,0,0,-66.5688,70.8975,1,0,0
-66.5396,70.6135,1,2013236,0,0,0,-66.5396,70.6135,1,0,0
-66.5737,70.4085,1,2013237,0,0,0,-66.5737,70.4085,1,0,0
-66.6623,70.1468,1,2013238,0,0,0,-66.6623,70.1468,1,0,0
-66.6815,69.9173,1,2013239,0,0,0,-66.6815,69.9173,1,0,0
-66.7562,69.6352,1,2013240,0,0,0,-66.7562,69.6352,1,0,0
-66.8538,69.2566,0,2013241,0,0,0,-66.8538,69.2566,0,0,0
-66.9525,68.8248,1,2013242,0,0,0,-66.9525,68.8248,1,0,0
-67.0305,68.3677,1,2013243,0,0,0,-67.0305,68.3677,1,0,0
-67.0721,68.0893,1,2013244,-67.1,67.78,1,-67.0721,68.0893,1,22,6
-67.094,67.8907,1,2013245,0,0,0,-67.094,67.8907,1,0,0
-67.1164,67.8982,1,2013246,0,0,0,-67.1164,67.8982,1,0,0
-67.1164,67.8309,1,2013247,0,0,0,-67.1164,67.8309,1,0,0
-67.1203,67.4539,1,2013248,0,0,0,-67.1203,67.4539,1,0,0
-67.0724,67.2919,1,2013249,0,0,0,-67.0724,67.2919,1,0,0
-67.052,67.1675,1,2013250,0,0,0,-67.052,67.1675,1,0,0
-66.9988,66.7179,1,2013251,0,0,0,-66.9988,66.7179,1,0,0
-66.9344,66.4658,1,2013252,0,0,0,-66.9344,66.4658,1,0,0
-66.8936,66.3531,1,2013253,0,0,0,-66.8936,66.3531,1,0,0
-66.8391,66.2251,1,2013254,0,0,0,-66.8391,66.2251,1,0,0
-66.8223,66.1283,1,2013255,0,0,0,-66.8223,66.1283,1,0,0
-66.8315,66.0572,1,2013256,0,0,0,-66.8315,66.0572,1,0,0
-66.7999,66.0624,1,2013257,0,0,0,-66.7999,66.0624,1,0,0
-66.7741,65.9148,1,2013258,0,0,0,-66.7741,65.9148,1,0,0
-66.7444,65.6866,1,2013259,0,0,0,-66.7444,65.6866,1,0,0
-66.7755,65.3762,1,2013260,0,0,0,-66.7755,65.3762,1,0,0
-66.799,65.147,1,2013261,0,0,0,-66.799,65.147,1,0,0
-66.773,65.0061,1,2013262,0,0,0,-66.773,65.0061,1,0,0
-66.7613,65.0019,1,2013263,0,0,0,-66.7613,65.0019,1,0,0
-66.7569,64.8596,1,2013264,0,0,0,-66.7569,64.8596,1,0,0
-66.7213,64.7857,1,2013265,0,0,0,-66.7213,64.7857,1,0,0
-66.7468,64.5709,1,2013266,0,0,0,-66.7468,64.5709,1,0,0
-66.7365,64.3433,1,2013267,0,0,0,-66.7365,64.3433,1,0,0
-66.7164,64.0662,1,2013268,0,0,0,-66.7164,64.0662,1,0,0
-66.6985,63.8602,1,2013269,0,0,0,-66.6985,63.8602,1,0,0
-66.6891,63.6993,1,2013270,0,0,0,-66.6891,63.6993,1,0,0
-66.6851,63.7356,1,2013271,0,0,0,-66.6851,63.7356,1,0,0
-66.6933,63.552,1,2013272,0,0,0,-66.6933,63.552,1,0,0
-66.6825,63.4979,1,2013273,0,0,0,-66.6825,63.4979,1,0,0
-66.6668,63.3628,1,2013274,0,0,0,-66.6668,63.3628,1,0,0
-66.6225,63.252,1,2013275,0,0,0,-66.6225,63.252,1,0,0
-66.6384,63.387,1,2013276,0,0,0,-66.6384,63.387,1,0,0
-66.638,63.1082,1,2013277,0,0,0,-66.638,63.1082,1,0,0
-66.6434,62.6977,1,2013278,0,0,0,-66.6434,62.6977,1,0,0
-66.6484,62.3988,1,2013279,0,0,0,-66.6484,62.3988,1,0,0
-66.6754,62.2073,1,2013280,0,0,0,-66.6754,62.2073,1,0,0
-66.7026,62.1777,1,2013281,0,0,0,-66.7026,62.1777,1,0,0
-66.6963,61.9349,1,2013282,0,0,0,-66.6963,61.9349,1,0,0
-66.7269,61.762,1,2013283,0,0,0,-66.7269,61.762,1,0,0
-66.7296,61.6701,1,2013284,0,0,0,-66.7296,61.6701,1,0,0
-66.7115,61.6382,1,2013285,0,0,0,-66.7115,61.6382,1,0,0
-66.6976,61.6257,1,2013286,0,0,0,-66.6976,61.6257,1,0,0
-66.6834,61.6641,1,2013287,0,0,0,-66.6834,61.6641,1,0,0
-66.658,61.5979,1,2013288,0,0,0,-66.658,61.5979,1,0,0
-66.687,61.6279,1,2013289,0,0,0,-66.687,61.6279,1,0,0
-66.6921,61.6522,1,2013290,0,0,0,-66.6921,61.6522,1,0,0
-66.6838,61.6132,1,2013291,-66.65,61.53,1,-66.6838,61.6132,1,22,6
-66.6915,61.5965,1,2013292,-66.6528,61.5115,0,-66.6915,61.5965,1,0,0
-66.7046,61.5533,1,2013293,-66.6599,61.4977,0,-66.7046,61.5533,1,0,0
-66.7088,61.5729,1,2013294,-66.6697,61.4865,0,-66.7088,61.5729,1,0,0
-66.6959,61.5652,1,2013295,-66.6803,61.4762,0,-66.6959,61.5652,1,0,0
-66.6834,61.5066,1,2013296,-66.6901,61.4646,0,-66.6834,61.5066,1,0,0
-66.6792,61.2788,1,2013297,-66.6972,61.4499,0,-66.6792,61.2788,1,0,0
-66.6787,61.1219,1,2013298,-66.7,61.43,1,-66.6787,61.1219,1,22,6
-66.634,60.9186,1,2013299,0,0,0,-66.634,60.9186,1,0,0
-66.6375,60.8321,1,2013300,0,0,0,-66.6375,60.8321,1,0,0
-66.6451,60.7136,1,2013301,0,0,0,-66.6451,60.7136,1,0,0
-66.5868,60.4537,1,2013302,0,0,0,-66.5868,60.4537,1,0,0
-66.589,60.3626,1,2013303,0,0,0,-66.589,60.3626,1,0,0
-66.5694,60.2765,1,2013304,0,0,0,-66.5694,60.2765,1,0,0
-66.5501,60.2917,1,2013305,0,0,0,-66.5501,60.2917,1,0,0
-66.511,60.1701,1,2013306,0,0,0,-66.511,60.1701,1,0,0
-66.512,60.1246,1,2013307,0,0,0,-66.512,60.1246,1,0,0
-66.4892,60.0751,1,2013308,0,0,0,-66.4892,60.0751,1,0,0
-66.4794,60.0323,1,2013309,0,0,0,-66.4794,60.0323,1,0,0
-66.4781,59.9772,1,2013310,0,0,0,-66.4781,59.9772,1,0,0
-66.4472,60.041,1,2013311,0,0,0,-66.4472,60.041,1,0,0
-66.4043,60.0521,1,2013312,-66.43,60.01,1,-66.4043,60.0521,1,22,6
-66.3901,59.9904,1,2013313,-66.4115,59.9509,0,-66.3901,59.9904,1,0,0
-66.3973,59.9232,1,2013314,-66.3934,59.9006,0,-66.3973,59.9232,1,0,0
-66.3789,59.8931,1,2013315,-66.3756,59.8555,0,-66.3789,59.8931,1,0,0
-66.3648,59.8819,1,2013316,-66.3576,59.8124,0,-66.3648,59.8819,1,0,0
-66.3547,59.7892,1,2013317,-66.3392,59.7677,0,-66.3547,59.7892,1,0,0
-66.3263,59.7169,1,2013318,-66.3201,59.718,0,-66.3263,59.7169,1,0,0
-66.3627,59.6768,1,2013319,-66.3,59.66,1,-66.3627,59.6768,1,22,6
-66.367,59.6958,1,2013320,0,0,0,-66.367,59.6958,1,0,0
-66.296,59.2989,1,2013321,0,0,0,-66.296,59.2989,1,0,0
-66.2546,59.1267,1,2013322,0,0,0,-66.2546,59.1267,1,0,0
-66.2107,59.0403,1,2013323,0,0,0,-66.2107,59.0403,1,0,0
-66.1984,58.9893,1,2013324,0,0,0,-66.1984,58.9893,1,0,0
-66.1843,58.9788,1,2013325,0,0,0,-66.1843,58.9788,1,0,0
-66.1696,58.9185,1,2013326,0,0,0,-66.1696,58.9185,1,0,0
-66.1757,58.8017,1,2013327,0,0,0,-66.1757,58.8017,1,0,0
-66.1559,58.7683,1,2013328,0,0,0,-66.1559,58.7683,1,0,0
-66.0306,58.4484,1,2013329,0,0,0,-66.0306,58.4484,1,0,0
-65.9669,58.3328,1,2013330,0,0,0,-65.9669,58.3328,1,0,0
-65.8903,58.1212,1,2013331,0,0,0,-65.8903,58.1212,1,0,0
-65.8178,57.9738,1,2013332,0,0,0,-65.8178,57.9738,1,0,0
-65.7968,57.8689,0,2013333,-65.96,58.33,1,-65.7968,57.8689,0,22,6
-65.7855,57.7822,0,2013334,-65.9343,58.3483,0,-65.7855,57.7822,0,0,0
-65.7754,57.6993,0,2013335,-65.9075,58.3954,0,-65.7754,57.6993,0,0,0
-65.7577,57.6062,1,2013336,-65.8804,58.4599,0,-65.7577,57.6062,1,0,0
-65.7167,57.4941,1,2013337,-65.8535,58.5301,0,-65.7167,57.4941,1,0,0
-65.7121,57.4322,1,2013338,-65.8274,58.5946,0,-65.7121,57.4322,1,0,0
-65.685,57.2409,1,2013339,-65.8027,58.6417,0,-65.685,57.2409,1,0,0
-65.6329,57.0894,1,2013340,-65.78,58.66,1,-65.6329,57.0894,1,22,6
-65.6269,57.0235,1,2013341,0,0,0,-65.6269,57.0235,1,0,0
-65.6436,57.0417,1,2013342,0,0,0,-65.6436,57.0417,1,0,0
-65.5956,56.82,1,2013343,0,0,0,-65.5956,56.82,1,0,0
-65.6378,56.6714,1,2013344,0,0,0,-65.6378,56.6714,1,0,0
-65.6325,56.5659,1,2013345,0,0,0,-65.6325,56.5659,1,0,0
-65.629,56.5272,0,2013346,0,0,0,-65.629,56.5272,0,0,0
-65.6238,56.4911,1,2013347,0,0,0,-65.6238,56.4911,1,0,0
-65.5902,56.4117,1,2013348,0,0,0,-65.5902,56.4117,1,0,0
-65.5247,56.3459,1,2013349,0,0,0,-65.5247,56.3459,1,0,0
-65.4791,56.2232,1,2013350,0,0,0,-65.4791,56.2232,1,0,0
-65.4791,56.2232,1,2013351,0,0,0,-65.4791,56.2232,1,0,0
-65.4791,56.2232,1,2013352,0,0,0,-65.4791,56.2232,1,0,0
-65.5328,56.1179,1,2013353,0,0,0,-65.5328,56.1179,1,0,0
-65.5328,56.1179,1,2013354,-65.53,56.36,1,-65.5328,56.1179,1,22,6
-65.4793,55.9696,1,2013355,0,0,0,-65.4793,55.9696,1,0,0
-65.4793,55.9696,1,2013356,0,0,0,-65.4793,55.9696,1,0,0
-65.4793,55.9696,1,2013357,0,0,0,-65.4793,55.9696,1,0,0
-65.4832,55.9519,0,2013358,0,0,0,-65.4832,55.9519,0,0,0
-65.4948,55.9036,0,2013359,0,0,0,-65.4948,55.9036,0,0,0
-65.5137,55.8319,0,2013360,0,0,0,-65.5137,55.8319,0,0,0
-65.5396,55.7442,0,2013361,0,0,0,-65.5396,55.7442,0,0,0
-65.5721,55.6476,0,2013362,0,0,0,-65.5721,55.6476,0,0,0
-65.611,55.5494,1,2013363,0,0,0,-65.611,55.5494,1,0,0
-65.7062,55.4235,1,2013364,0,0,0,-65.7062,55.4235,1,0,0
-65.7038,55.3226,0,2013365,0,0,0,-65.7038,55.3226,0,0,0
-65.6912,55.1919,0,2014001,0,0,0,-65.6912,55.1919,0,0,0
-65.6768,55.1046,0,2014002,0,0,0,-65.6768,55.1046,0,0,0
-65.6574,55.0061,1,2014003,-65.48,54.8,1,-65.6574,55.0061,1,22,6
-65.593,54.8867,1,2014004,-65.4657,54.6378,0,-65.593,54.8867,1,0,0
-65.5724,54.7719,1,2014005,-65.4395,54.4436,0,-65.5724,54.7719,1,0,0
-65.5478,54.7962,0,2014006,-65.4066,54.2314,0,-65.5478,54.7962,0,0,0
-65.5198,54.854,0,2014007,-65.372,54.0149,0,-65.5198,54.854,0,0,0
-65.4924,54.9231,0,2014008,-65.341,53.8083,0,-65.4924,54.9231,0,0,0
-65.4699,54.9809,0,2014009,-65.3186,53.6253,0,-65.4699,54.9809,0,0,0
-65.4564,55.0052,1,2014010,-65.31,53.48,1,-65.4564,55.0052,1,22,6
-65.451,54.8896,1,2014011,-65.3188,53.364,0,-65.451,54.8896,1,0,0
-65.3986,54.8112,1,2014012,-65.3416,53.2589,0,-65.3986,54.8112,1,0,0
-65.3474,54.7008,1,2014013,-65.3732,53.1632,0,-65.3474,54.7008,1,0,0
-65.5365,54.3432,1,2014014,-65.4081,53.0759,0,-65.5365,54.3432,1,0,0
-65.5315,53.6461,1,2014015,-65.4411,52.9954,0,-65.5315,53.6461,1,0,0
-65.5105,53.5324,0,2014016,-65.4668,52.9205,0,-65.5105,53.5324,0,0,0
-65.4653,53.4478,1,2014017,-65.48,52.85,1,-65.4653,53.4478,1,22,6
-65.3359,53.2708,1,2014018,-65.4849,52.7854,0,-65.3359,53.2708,1,0,0
-65.2738,53.027,1,2014019,-65.4892,52.7275,0,-65.2738,53.027,1,0,0
-65.2465,52.8629,1,2014020,-65.4929,52.6742,0,-65.2465,52.8629,1,0,0
-65.1873,52.877,1,2014021,-65.4959,52.6232,0,-65.1873,52.877,1,0,0
-65.1278,52.9263,0,2014022,-65.4981,52.572,0,-65.1278,52.9263,0,0,0
-65.0946,52.9654,1,2014023,-65.4995,52.5183,0,-65.0946,52.9654,1,0,0
-65.3301,52.5082,1,2014024,-65.5,52.46,1,-65.3301,52.5082,1,22,6
-65.3423,52.5143,0,2014025,-65.4972,52.3935,0,-65.3423,52.5143,0,0,0
-65.3536,52.5203,1,2014026,-65.4901,52.3197,0,-65.3536,52.5203,1,0,0
-65.4515,52.3416,1,2014027,-65.4803,52.2425,0,-65.4515,52.3416,1,0,0
-65.4888,52.1567,1,2014028,-65.4697,52.166,0,-65.4888,52.1567,1,0,0
-65.4812,52.1089,1,2014029,-65.4599,52.094,0,-65.4812,52.1089,1,0,0
-65.4645,52.1382,1,2014030,-65.4528,52.0307,0,-65.4645,52.1382,1,0,0
-65.467,52.1144,0,2014031,-65.45,51.98,1,-65.467,52.1144,0,22,6
-65.4743,52.0524,0,2014032,-65.4507,51.9417,0,-65.4743,52.0524,0,0,0
-65.4861,51.9666,0,2014033,-65.4528,51.9108,0,-65.4861,51.9666,0,0,0
-65.5024,51.8712,0,2014034,-65.4562,51.8843,0,-65.5024,51.8712,0,0,0
-65.5228,51.7804,1,2014035,-65.4607,51.8591,0,-65.5228,51.7804,1,0,0
-65.5771,51.6865,1,2014036,-65.4662,51.8321,0,-65.5771,51.6865,1,0,0
-65.6081,51.7114,1,2014037,-65.4727,51.8001,0,-65.6081,51.7114,1,0,0
-65.6263,51.7697,1,2014038,-65.48,51.76,1,-65.6263,51.7697,1,22,6
-65.6497,51.6706,0,2014039,-65.4946,51.7103,0,-65.6497,51.6706,0,0,0
-65.6789,51.5332,1,2014040,-65.521,51.6513,0,-65.6789,51.5332,1,0,0
-65.7196,51.4736,1,2014041,-65.5564,51.5825,0,-65.7196,51.4736,1,0,0
-65.6901,51.4284,1,2014042,-65.5979,51.5034,0,-65.6901,51.4284,1,0,0
-65.7333,51.1964,1,2014043,-65.6426,51.4135,0,-65.7333,51.1964,1,0,0
-65.7503,51.066,1,2014044,-65.6876,51.3126,0,-65.7503,51.066,1,0,0
-65.8916,50.6652,1,2014045,-65.73,51.2,1,-65.8916,50.6652,1,22,6
-65.9053,50.5425,1,2014046,-65.7711,51.0463,0,-65.9053,50.5425,1,0,0
-65.9177,50.1554,1,2014047,-65.8141,50.8354,0,-65.9177,50.1554,1,0,0
-65.949,49.8326,1,2014048,-65.8588,50.5865,0,-65.949,49.8326,1,0,0
-65.97,49.8357,1,2014049,-65.9049,50.3191,0,-65.97,49.8357,1,0,0
-66.1686,49.5143,1,2014050,-65.9523,50.0526,0,-66.1686,49.5143,1,0,0
-66.2414,49.7281,1,2014051,-66.0007,49.8064,0,-66.2414,49.7281,1,0,0
-66.2334,49.5832,1,2014052,-66.05,49.6,1,-66.2334,49.5832,1,22,6
-66.3678,49.6271,1,2014053,-66.1075,49.4242,0,-66.3678,49.6271,1,0,0
-66.4116,49.3367,1,2014054,-66.176,49.2571,0,-66.4116,49.3367,1,0,0
-66.4243,49.3911,1,2014055,-66.2482,49.099,0,-66.4243,49.3911,1,0,0
-66.3991,49.303,0,2014056,-66.3169,48.95,0,0,0,0,0,0
-66.3738,49.1453,1,2014057,-66.3749,48.8104,0,0,0,0,0,0
-66.3857,48.99,1,2014058,-66.415,48.6803,0,0,0,0,0,0
-66.4446,48.6141,1,2014059,-66.43,48.56,1,0,0,0,22,6
-66.4872,48.5278,1,2014060,-66.4256,48.4485,0,0,0,0,0,0
-66.4517,48.5183,1,2014061,-66.4141,48.3442,0,0,0,0,0,0
-66.3936,48.3465,1,2014062,-66.3985,48.2463,0,0,0,0,0,0
-66.3305,48.2092,1,2014063,-66.3815,48.1537,0,0,0,0,0,0
-66.386,47.8206,1,2014064,-66.3659,48.0657,0,0,0,0,0,0
-66.4791,47.4907,1,2014065,-66.3544,47.9815,0,0,0,0,0,0
-66.611,47.3816,1,2014066,-66.35,47.9,1,0,0,0,22,6
-66.7115,47.449,1,2014067,-66.3673,47.8216,0,0,0,0,0,0
-66.7318,47.5521,1,2014068,-66.4122,47.7469,0,0,0,0,0,0
-66.7441,47.5081,1,2014069,-66.4741,47.6753,0,0,0,0,0,0
-66.7135,47.5488,1,2014070,-66.5424,47.6063,0,0,0,0,0,0
-66.7212,47.4499,0,2014071,-66.6066,47.5394,0,0,0,0,0,0
-66.7289,47.2717,1,2014072,-66.6559,47.4742,0,0,0,0,0,0
-66.7281,47.0922,1,2014073,-66.68,47.41,1,0,0,0,22,6
-66.716,47.1059,1,2014074,-66.6866,47.3511,0,0,0,0,0,0
-66.7209,47.0033,1,2014075,-66.691,47.2992,0,0,0,0,0,0
-66.7496,47.012,1,2014076,-66.6943,47.2502,0,0,0,0,0,0
-66.7432,47.0722,1,2014077,-66.697,47.1999,0,0,0,0,0,0
-66.7416,47.1064,1,2014078,-66.7,47.1442,0,0,0,0,0,0
-66.7252,47.0538,1,2014079,-66.7041,47.0789,0,0,0,0,0,0
-66.7087,47.0475,1,2014080,-66.71,47,1,0,0,0,22,6
-66.7149,46.9846,0,2014081,-66.7203,46.8906,0,0,0,0,0,0
-66.7212,46.927,1,2014082,-66.7363,46.7437,0,0,0,0,0,0
-66.715,46.957,1,2014083,-66.7567,46.5696,0,0,0,0,0,0
-66.7047,46.8137,1,2014084,-66.7804,46.3788,0,0,0,0,0,0
-66.6868,46.7351,1,2014085,-66.8063,46.1816,0,0,0,0,0,0
-66.7323,46.5504,1,2014086,-66.8332,45.9886,0,0,0,0,0,0
-66.8911,45.9174,1,2014087,-66.86,45.81,1,0,0,0,22,6
-67,45.4586,1,2014088,-66.8866,45.6521,0,0,0,0,0,0
-67.0324,45.2029,1,2014089,-66.9142,45.5076,0,0,0,0,0,0
-67.069,45.0103,0,2014090,-66.9438,45.3668,0,0,0,0,0,0
-67.1127,44.7898,1,2014091,-66.9763,45.2203,0,0,0,0,0,0
-67.1736,44.3734,1,2014092,-67.0125,45.0584,0,0,0,0,0,0
-67.2959,43.8855,1,2014093,-67.0535,44.8715,0,0,0,0,0,0
-67.3423,43.7109,1,2014094,-67.1,44.65,1,0,0,0,22,6
-67.3737,43.3929,1,2014095,-67.1609,44.3565,0,0,0,0,0,0
-67.5296,42.4019,1,2014096,-67.2407,43.9748,0,0,0,0,0,0
-67.5511,42.03,1,2014097,-67.3338,43.5268,0,0,0,0,0,0
-67.7032,41.6194,1,2014098,-67.4348,43.0344,0,0,0,0,0,0
-67.7687,41.4948,1,2014099,-67.5381,42.5195,0,0,0,0,0,0
-67.8733,41.109,1,2014100,-67.6384,42.0041,0,0,0,0,0,0
-68.0843,40.1281,1,2014101,-67.73,41.51,1,0,0,0,22,6
-68.1307,39.6111,1,2014102,-67.8244,40.9792,0,0,0,0,0,0
-68.2464,38.9691,1,2014103,-67.9302,40.3724,0,0,0,0,0,0
-68.2421,38.4128,1,2014104,-68.0381,39.74,0,0,0,0,0,0
-68.2761,38.0085,1,2014105,-68.1385,39.1323,0,0,0,0,0,0
-68.2674,37.9232,1,2014106,-68.2219,38.5995,0,0,0,0,0,0
-68.2674,37.7876,1,2014107,-68.2789,38.192,0,0,0,0,0,0
-68.2743,37.8024,1,2014108,-68.3,37.96,1,0,0,0,22,6
-68.2603,37.7732,1,2014109,-68.2948,37.8513,0,0,0,0,0,0
-68.2533,37.6229,1,2014110,-68.2813,37.7729,0,0,0,0,0,0
-68.2078,37.5289,1,2014111,-68.2627,37.7137,0,0,0,0,0,0
-68.2145,37.4079,1,2014112,-68.2422,37.6627,0,0,0,0,0,0
-68.2,37.2439,1,2014113,-68.2227,37.6091,0,0,0,0,0,0
-68.2,37.2439,1,2014114,-68.2076,37.5419,0,0,0,0,0,0
-68.2782,36.8663,1,2014115,-68.2,37.45,1,0,0,0,22,6
-68.3186,36.4799,1,2014116,0,0,0,0,0,0,0,0
-68.2972,36.4382,1,2014117,0,0,0,0,0,0,0,0
-68.2592,36.296,1,2014118,0,0,0,0,0,0,0,0
-68.2107,35.8696,1,2014119,0,0,0,0,0,0,0,0
-68.2022,35.393,1,2014120,0,0,0,0,0,0,0,0
-68.1951,34.9882,1,2014121,0,0,0,0,0,0,0,0
-68.2164,34.573,1,2014122,0,0,0,0,0,0,0,0
-68.2289,34.2724,1,2014123,0,0,0,0,0,0,0,0
-68.1935,34.0955,1,2014124,0,0,0,0,0,0,0,0
-68.1886,33.8612,1,2014125,0,0,0,0,0,0,0,0
-68.1776,33.5849,1,2014126,0,0,0,0,0,0,0,0
-68.1703,33.5725,1,2014127,0,0,0,0,0,0,0,0
-68.183,33.4349,1,2014128,0,0,0,0,0,0,0,0
-68.1973,33.2688,1,2014129,-68.18,33.68,1,0,0,0,22,6
-68.1697,33.2523,1,2014130,-68.1753,33.5908,0,0,0,0,0,0
-68.1715,33.2236,1,2014131,-68.1675,33.5202,0,0,0,0,0,0
-68.1676,33.1529,1,2014132,-68.1578,33.4614,0,0,0,0,0,0
-68.1676,33.1529,1,2014133,-68.1478,33.4077,0,0,0,0,0,0
-68.1809,33.1122,0,2014134,-68.1389,33.3524,0,0,0,0,0,0
-68.214,33.0104,0,2014135,-68.1325,33.2888,0,0,0,0,0,0
-68.2572,32.8781,0,2014136,-68.13,33.21,1,0,0,0,22,6
-68.3003,32.7459,0,2014137,-68.1398,33.0988,0,0,0,0,0,0
-68.3334,32.6441,0,2014138,-68.1656,32.9534,0,0,0,0,0,0
-68.3467,32.6034,1,2014139,-68.2022,32.7906,0,0,0,0,0,0
-68.3467,32.6034,1,2014140,-68.2442,32.6271,0,0,0,0,0,0
-68.3293,32.5432,1,2014141,-68.2863,32.4796,0,0,0,0,0,0
-68.3512,32.5175,1,2014142,-68.3234,32.365,0,0,0,0,0,0
-68.397,32.5008,1,2014143,-68.35,32.3,1,0,0,0,22,6
-68.3868,32.3875,1,2014144,-68.3674,32.2713,0,0,0,0,0,0
-68.3991,32.313,1,2014145,-68.3814,32.2518,0,0,0,0,0,0
-68.4246,32.293,1,2014146,-68.3934,32.2378,0,0,0,0,0,0
-68.4036,32.2254,1,2014147,-68.4049,32.2255,0,0,0,0,0,0
-68.4287,32.1405,1,2014148,-68.4171,32.211,0,0,0,0,0,0
-68.4475,32.0134,1,2014149,-68.4317,32.1904,0,0,0,0,0,0
-68.4558,31.932,1,2014150,-68.45,32.16,1,0,0,0,22,6
-68.4731,31.834,1,2014151,-68.4745,32.0691,0,0,0,0,0,0
-68.4992,31.719,1,2014152,-68.5059,31.8886,0,0,0,0,0,0
-68.5328,31.6164,1,2014153,-68.5424,31.6474,0,0,0,0,0,0
-68.6469,31.3611,1,2014154,-68.5827,31.3741,0,0,0,0,0,0
-68.6663,31.2026,1,2014155,-68.6251,31.0977,0,0,0,0,0,0
-68.7041,30.6273,1,2014156,-68.668,30.8467,0,0,0,0,0,0
-68.8821,30.1519,1,2014157,-68.71,30.65,1,0,0,0,22,6
-69.0059,29.7765,1,2014158,-68.7573,30.4832,0,0,0,0,0,0
-69.0424,29.772,1,2014159,-68.8134,30.3103,0,0,0,0,0,0
-69.0434,29.7418,1,2014160,-68.8728,30.143,0,0,0,0,0,0
-69.0434,29.7418,1,2014161,-68.9297,29.9927,0,0,0,0,0,0
-69.0434,29.7418,1,2014162,-68.9786,29.8711,0,0,0,0,0,0
-69.0434,29.7418,1,2014163,-69.0139,29.7897,0,0,0,0,0,0
-69.0434,29.7418,1,2014164,-69.03,29.76,1,0,0,0,22,6
-69.0434,29.7418,1,2014165,0,0,0,0,0,0,0,0
-69.0434,29.7418,1,2014166,0,0,0,0,0,0,0,0
-69.0434,29.7418,1,2014167,0,0,0,0,0,0,0,0
-69.0434,29.7418,1,2014168,0,0,0,0,0,0,0,0
-69.0434,29.7418,1,2014169,0,0,0,0,0,0,0,0
-69.0434,29.7418,1,2014170,0,0,0,0,0,0,0,0
-69.0434,29.7418,1,2014171,0,0,0,0,0,0,0,0
-69.0434,29.7418,1,2014172,0,0,0,0,0,0,0,0
-69.0434,29.7418,1,2014173,0,0,0,0,0,0,0,0
-69.0434,29.7418,1,2014174,0,0,0,0,0,0,0,0
-69.0434,29.7418,1,2014175,0,0,0,0,0,0,0,0
-69.0434,29.7418,1,2014176,0,0,0,0,0,0,0,0
-69.0434,29.7418,1,2014177,0,0,0,0,0,0,0,0
-69.0434,29.7418,1,2014178,-69.06,29.95,1,0,0,0,22,6
-69.0434,29.7418,1,2014179,-69.06,29.95,0,0,0,0,0,0
-69.0434,29.7418,1,2014180,-69.06,29.95,0,0,0,0,0,0
-69.0434,29.7418,1,2014181,-69.06,29.95,0,0,0,0,0,0
-69.0434,29.7418,1,2014182,-69.06,29.95,0,0,0,0,0,0
-69.0434,29.7418,1,2014183,-69.06,29.95,0,0,0,0,0,0
-69.0434,29.7418,1,2014184,-69.06,29.95,0,0,0,0,0,0
-69.0434,29.7418,1,2014185,-69.06,29.95,1,0,0,0,22,6
-69.0434,29.7418,1,2014186,-69.06,29.95,0,0,0,0,0,0
-69.0434,29.7418,1,2014187,-69.06,29.95,0,0,0,0,0,0
-69.0434,29.7418,1,2014188,-69.06,29.95,0,0,0,0,0,0
-69.0434,29.7418,1,2014189,-69.06,29.95,0,0,0,0,0,0
-69.0434,29.7418,1,2014190,-69.06,29.95,0,0,0,0,0,0
-69.0434,29.7418,1,2014191,-69.06,29.95,0,0,0,0,0,0
-69.0434,29.7418,1,2014192,-69.06,29.95,1,0,0,0,22,6
-69.0434,29.7418,1,2014193,0,0,0,0,0,0,0,0
-69.0434,29.7418,1,2014194,0,0,0,0,0,0,0,0
-69.0434,29.7418,1,2014195,0,0,0,0,0,0,0,0
-69.0434,29.7418,1,2014196,0,0,0,0,0,0,0,0
-69.0434,29.7418,1,2014197,0,0,0,0,0,0,0,0
-69.0434,29.7418,1,2014198,0,0,0,0,0,0,0,0
-69.0434,29.7418,1,2014199,0,0,0,0,0,0,0,0
-69.0434,29.7418,1,2014200,0,0,0,0,0,0,0,0
-69.0434,29.7418,1,2014201,0,0,0,0,0,0,0,0
-69.0434,29.7418,1,2014202,0,0,0,0,0,0,0,0
-69.0434,29.7418,1,2014203,0,0,0,0,0,0,0,0
-69.0434,29.7418,1,2014204,0,0,0,0,0,0,0,0
-69.0434,29.7418,1,2014205,0,0,0,0,0,0,0,0
-69.0434,29.7418,1,2014206,-69.05,29.76,1,0,0,0,22,6
-69.0434,29.7418,1,2014207,-69.05,29.76,0,0,0,0,0,0
-69.0434,29.7418,1,2014208,-69.05,29.76,0,0,0,0,0,0
-69.0434,29.7418,1,2014209,-69.05,29.76,0,0,0,0,0,0
-69.0434,29.7418,0,2014210,-69.05,29.76,0,0,0,0,0,0
-69.0434,29.7418,1,2014211,-69.05,29.76,0,0,0,0,0,0
-69.0434,29.7418,1,2014212,-69.05,29.76,0,0,0,0,0,0
-69.0434,29.7418,1,2014213,-69.05,29.76,1,0,0,0,22,6
-69.0434,29.7418,1,2014214,-69.05,29.76,0,0,0,0,0,0
-69.0434,29.7418,1,2014215,-69.05,29.76,0,0,0,0,0,0
-69.0434,29.7418,1,2014216,-69.05,29.76,0,0,0,0,0,0
-69.0434,29.7418,1,2014217,-69.05,29.76,0,0,0,0,0,0
-69.0434,29.7418,1,2014218,-69.05,29.76,0,0,0,0,0,0
-69.0434,29.7418,1,2014219,-69.05,29.76,0,0,0,0,0,0
-69.0434,29.7418,1,2014220,-69.05,29.76,1,0,0,0,22,6
-69.0434,29.7418,1,2014221,-69.05,29.76,0,0,0,0,0,0
-69.0434,29.7418,1,2014222,-69.05,29.76,0,0,0,0,0,0
-69.0434,29.7418,0,2014223,-69.05,29.76,0,0,0,0,0,0
-69.0434,29.7418,1,2014224,-69.05,29.76,0,0,0,0,0,0
-69.0434,29.7418,1,2014225,-69.05,29.76,0,0,0,0,0,0
-69.0434,29.7418,1,2014226,-69.05,29.76,0,0,0,0,0,0
-69.0686,29.7179,1,2014227,-69.05,29.76,1,0,0,0,22,6
-69.0686,29.7179,1,2014228,-69.05,29.76,0,0,0,0,0,0
-69.0686,29.7179,1,2014229,-69.05,29.76,0,0,0,0,0,0
-69.0412,29.8024,1,2014230,-69.05,29.76,0,0,0,0,0,0
-69.0637,29.7419,1,2014231,-69.05,29.76,0,0,0,0,0,0
-69.084,29.7425,1,2014232,-69.05,29.76,0,0,0,0,0,0
-69.0675,29.7481,1,2014233,-69.05,29.76,0,0,0,0,0,0
-69.0675,29.7481,1,2014234,-69.05,29.76,1,0,0,0,22,6
-69.0675,29.7481,1,2014235,-69.05,29.76,0,0,0,0,0,0
-69.0763,29.7302,1,2014236,-69.05,29.76,0,0,0,0,0,0
-69.0763,29.7302,1,2014237,-69.05,29.76,0,0,0,0,0,0
-69.0763,29.7302,1,2014238,-69.05,29.76,0,0,0,0,0,0
-69.0763,29.7302,1,2014239,-69.05,29.76,0,0,0,0,0,0
-69.0449,29.8084,1,2014240,-69.05,29.76,0,0,0,0,0,0
-69.0561,29.7296,1,2014241,-69.05,29.76,1,0,0,0,22,6
-69.0561,29.7296,1,2014242,-69.05,29.76,0,0,0,0,0,0
-69.0561,29.7296,1,2014243,-69.05,29.76,0,0,0,0,0,0
-69.0561,29.7296,1,2014244,-69.05,29.76,0,0,0,0,0,0
-69.0561,29.7296,1,2014245,-69.05,29.76,0,0,0,0,0,0
-69.0561,29.7296,1,2014246,-69.05,29.76,0,0,0,0,0,0
-69.0582,29.6692,1,2014247,-69.05,29.76,0,0,0,0,0,0
-69.0582,29.6692,1,2014248,-69.05,29.76,1,0,0,0,22,6
-69.0582,29.6692,1,2014249,-69.05,29.76,0,0,0,0,0,0
-69.0411,29.8026,1,2014250,-69.05,29.76,0,0,0,0,0,0
-69.0411,29.8026,1,2014251,-69.05,29.76,0,0,0,0,0,0
-69.0411,29.8026,1,2014252,-69.05,29.76,0,0,0,0,0,0
-69.0505,29.6567,1,2014253,-69.05,29.76,0,0,0,0,0,0
-69.0505,29.6567,1,2014254,-69.05,29.76,0,0,0,0,0,0
-69.0505,29.6567,0,2014255,-69.05,29.76,1,0,0,0,22,6
-69.0505,29.6567,0,2014256,-69.05,29.76,0,0,0,0,0,0
-69.0505,29.6567,1,2014257,-69.05,29.76,0,0,0,0,0,0
-69.0572,29.66,1,2014258,-69.05,29.76,0,0,0,0,0,0
-69.0534,29.7341,1,2014259,-69.05,29.76,0,0,0,0,0,0
-69.0549,29.8378,1,2014260,-69.05,29.76,0,0,0,0,0,0
-69.0641,29.7397,1,2014261,-69.05,29.76,0,0,0,0,0,0
-69.0458,29.7162,1,2014262,-69.05,29.76,1,0,0,0,22,6
-69.0458,29.7162,1,2014263,-69.05,29.76,0,0,0,0,0,0
-69.0458,29.7162,1,2014264,-69.05,29.76,0,0,0,0,0,0
-69.0458,29.7162,1,2014265,-69.05,29.76,0,0,0,0,0,0
-69.0498,29.669,0,2014266,-69.05,29.76,0,0,0,0,0,0
-69.0537,29.6219,1,2014267,-69.05,29.76,0,0,0,0,0,0
-69.0537,29.6219,1,2014268,-69.05,29.76,0,0,0,0,0,0
-69.0537,29.6219,0,2014269,-69.05,29.76,1,0,0,0,22,6
-69.0537,29.6219,0,2014270,-69.05,29.76,0,0,0,0,0,0
-69.0537,29.6219,1,2014271,-69.05,29.76,0,0,0,0,0,0
-69.0537,29.6219,1,2014272,-69.05,29.76,0,0,0,0,0,0
-69.0537,29.6219,1,2014273,-69.05,29.76,0,0,0,0,0,0
-69.0537,29.6219,1,2014274,-69.05,29.76,0,0,0,0,0,0
-69.0537,29.6219,1,2014275,-69.05,29.76,0,0,0,0,0,0
-69.0537,29.6219,1,2014276,-69.05,29.76,1,0,0,0,22,6
-69.0537,29.6219,1,2014277,-69.05,29.76,0,0,0,0,0,0
-69.0537,29.6219,1,2014278,-69.05,29.76,0,0,0,0,0,0
-69.0405,29.6867,1,2014279,-69.05,29.76,0,0,0,0,0,0
-69.0405,29.6867,1,2014280,-69.05,29.76,0,0,0,0,0,0
-69.0405,29.6867,1,2014281,-69.05,29.76,0,0,0,0,0,0
-69.0405,29.6867,1,2014282,-69.05,29.76,0,0,0,0,0,0
-69.0405,29.6867,1,2014283,-69.05,29.76,1,0,0,0,22,6
-69.0405,29.6867,1,2014284,-69.05,29.76,0,0,0,0,0,0
-69.0405,29.6867,1,2014285,-69.05,29.76,0,0,0,0,0,0
-69.0405,29.6867,1,2014286,-69.05,29.76,0,0,0,0,0,0
-69.0405,29.6867,1,2014287,-69.05,29.76,0,0,0,0,0,0
-69.0405,29.6867,1,2014288,-69.05,29.76,0,0,0,0,0,0
-69.0405,29.6867,0,2014289,-69.05,29.76,0,0,0,0,0,0
-69.0405,29.6867,1,2014290,-69.05,29.76,1,0,0,0,22,6
-69.0405,29.6867,1,2014291,-69.05,29.76,0,0,0,0,0,0
-69.0405,29.6867,1,2014292,-69.05,29.76,0,0,0,0,0,0
-69.0405,29.6867,1,2014293,-69.05,29.76,0,0,0,0,0,0
-69.0405,29.6867,1,2014294,-69.05,29.76,0,0,0,0,0,0
-69.0405,29.6867,1,2014295,-69.05,29.76,0,0,0,0,0,0
-69.0405,29.6867,1,2014296,-69.05,29.76,0,0,0,0,0,0
-69.0405,29.6867,1,2014297,-69.05,29.76,1,0,0,0,22,6
-69.0405,29.6867,1,2014298,-69.05,29.76,0,0,0,0,0,0
-69.0405,29.6867,1,2014299,-69.05,29.76,0,0,0,0,0,0
-69.0405,29.6867,1,2014300,-69.05,29.76,0,0,0,0,0,0
-69.0405,29.6867,1,2014301,-69.05,29.76,0,0,0,0,0,0
-69.0405,29.6867,1,2014302,-69.05,29.76,0,0,0,0,0,0
-69.0405,29.6867,1,2014303,-69.05,29.76,0,0,0,0,0,0
-69.0405,29.6867,1,2014304,-69.05,29.76,1,0,0,0,22,6
-69.0405,29.6867,1,2014305,-69.05,29.76,0,0,0,0,0,0
-69.0405,29.6867,1,2014306,-69.05,29.76,0,0,0,0,0,0
-69.0405,29.6867,1,2014307,-69.05,29.76,0,0,0,0,0,0
-69.0405,29.6867,1,2014308,-69.05,29.76,0,0,0,0,0,0
-69.0405,29.6867,1,2014309,-69.05,29.76,0,0,0,0,0,0
-69.0405,29.6867,1,2014310,-69.05,29.76,0,0,0,0,0,0
-69.0405,29.6867,1,2014311,-69.05,29.76,1,0,0,0,22,6
-69.0405,29.6867,1,2014312,-69.05,29.76,0,0,0,0,0,0
-69.0405,29.6867,1,2014313,-69.05,29.76,0,0,0,0,0,0
-69.0405,29.6867,1,2014314,-69.05,29.76,0,0,0,0,0,0
-69.0405,29.6867,1,2014315,-69.05,29.76,0,0,0,0,0,0
-69.0405,29.6867,1,2014316,-69.05,29.76,0,0,0,0,0,0
-69.0405,29.6867,0,2014317,-69.05,29.76,0,0,0,0,0,0
-69.0405,29.6867,1,2014318,-69.05,29.76,1,0,0,0,22,6
-69.0405,29.6867,1,2014319,-69.05,29.76,0,0,0,0,0,0
-69.0405,29.6867,1,2014320,-69.05,29.76,0,0,0,0,0,0
-69.0405,29.6867,1,2014321,-69.05,29.76,0,0,0,0,0,0
-69.0405,29.6867,1,2014322,-69.05,29.76,0,0,0,0,0,0
-69.0405,29.6867,1,2014323,-69.05,29.76,0,0,0,0,0,0
-69.0405,29.6867,0,2014324,-69.05,29.76,0,0,0,0,0,0
-69.0405,29.6867,1,2014325,-69.05,29.76,1,0,0,0,22,6
-69.0405,29.6867,1,2014326,0,0,0,0,0,0,0,0
-69.0405,29.6867,1,2014327,0,0,0,0,0,0,0,0
-69.0405,29.6867,1,2014328,0,0,0,0,0,0,0,0
-69.0405,29.6867,1,2014329,0,0,0,0,0,0,0,0
-69.0405,29.6867,1,2014330,0,0,0,0,0,0,0,0
-69.0405,29.6867,1,2014331,0,0,0,0,0,0,0,0
-69.0405,29.6867,1,2014332,0,0,0,0,0,0,0,0
-69.0405,29.6867,1,2014333,0,0,0,0,0,0,0,0
-69.0405,29.6867,1,2014334,0,0,0,0,0,0,0,0
-69.0405,29.6867,1,2014335,0,0,0,0,0,0,0,0
-69.0405,29.6867,1,2014336,0,0,0,0,0,0,0,0
-69.0405,29.6867,1,2014337,0,0,0,0,0,0,0,0
-69.0405,29.6867,1,2014338,0,0,0,0,0,0,0,0
-69.0405,29.6867,1,2014339,-69.05,29.76,1,0,0,0,22,6
-69.0405,29.6867,1,2014340,-69.05,29.76,0,0,0,0,0,0
-69.0405,29.6867,1,2014341,-69.05,29.76,0,0,0,0,0,0
-69.0405,29.6867,1,2014342,-69.05,29.76,0,0,0,0,0,0
-69.0405,29.6867,0,2014343,-69.05,29.76,0,0,0,0,0,0
-69.0405,29.6867,1,2014344,-69.05,29.76,0,0,0,0,0,0
-69.0405,29.6867,1,2014345,-69.05,29.76,1,0,0,0,22,6
-69.0405,29.6867,0,2014346,-69.05,29.7604,0,0,0,0,0,0
-69.0405,29.6867,1,2014347,-69.05,29.7616,0,0,0,0,0,0
-69.0405,29.6867,1,2014348,-69.05,29.7632,0,0,0,0,0,0
-69.0405,29.6867,1,2014349,-69.05,29.765,0,0,0,0,0,0
-69.0405,29.6867,1,2014350,-69.05,29.7668,0,0,0,0,0,0
-69.0405,29.6867,1,2014351,-69.05,29.7684,0,0,0,0,0,0
-69.0405,29.6867,1,2014352,-69.05,29.7696,0,0,0,0,0,0
-69.0405,29.6867,1,2014353,-69.05,29.77,1,0,0,0,22,6
-69.0405,29.6867,1,2014354,-69.05,29.77,0,0,0,0,0,0
-69.0405,29.6867,1,2014355,-69.05,29.77,0,0,0,0,0,0
-69.0405,29.6867,1,2014356,-69.05,29.77,0,0,0,0,0,0
-69.0405,29.6867,1,2014357,-69.05,29.77,0,0,0,0,0,0
-69.0405,29.6867,1,2014358,-69.05,29.77,0,0,0,0,0,0
-69.0405,29.6867,1,2014359,-69.05,29.77,0,0,0,0,0,0
-69.0405,29.6867,1,2014360,-69.05,29.77,1,0,0,0,22,6
-69.0405,29.6867,1,2014361,-69.05,29.77,0,0,0,0,0,0
-69.0405,29.6867,1,2014362,-69.05,29.77,0,0,0,0,0,0
-69.0405,29.6867,1,2014363,-69.05,29.77,0,0,0,0,0,0
-69.0405,29.6867,1,2014364,-69.05,29.77,0,0,0,0,0,0
-69.0405,29.6867,1,2014365,-69.05,29.77,0,0,0,0,0,0
-69.0405,29.6867,1,2015001,-69.05,29.77,0,0,0,0,0,0
-69.0405,29.6867,1,2015002,-69.05,29.77,1,0,0,0,22,6
-69.0405,29.6867,1,2015003,-69.05,29.77,0,0,0,0,0,0
-69.0405,29.6867,1,2015004,-69.05,29.77,0,0,0,0,0,0
-69.0405,29.6867,1,2015005,-69.05,29.77,0,0,0,0,0,0
-69.0405,29.6867,1,2015006,-69.05,29.77,0,0,0,0,0,0
-69.0405,29.6867,1,2015007,-69.05,29.77,0,0,0,0,0,0
-69.0405,29.6867,1,2015008,-69.05,29.77,0,0,0,0,0,0
-69.0198,29.6214,1,2015009,-69.05,29.77,1,0,0,0,22,6
-69.0268,29.5849,1,2015010,-69.05,29.77,0,0,0,0,0,0
-69.0268,29.5849,1,2015011,-69.05,29.77,0,0,0,0,0,0
-69.0268,29.5849,1,2015012,-69.05,29.77,0,0,0,0,0,0
-69.0268,29.5849,1,2015013,-69.05,29.77,0,0,0,0,0,0
-69.0268,29.5849,1,2015014,-69.05,29.77,0,0,0,0,0,0
-69.0024,29.7595,1,2015015,-69.05,29.77,0,0,0,0,0,0
-69.0086,29.7847,1,2015016,-69.05,29.77,1,0,0,0,22,6
-69.0257,29.812,1,2015017,-69.05,29.77,0,0,0,0,0,0
-69.0309,29.9542,1,2015018,-69.05,29.77,0,0,0,0,0,0
-68.9902,30.0434,1,2015019,-69.05,29.77,0,0,0,0,0,0
-69.0288,30.0197,1,2015020,-69.05,29.77,0,0,0,0,0,0
-69.0022,29.8756,1,2015021,-69.05,29.77,0,0,0,0,0,0
-69.0313,29.8421,1,2015022,-69.05,29.77,0,0,0,0,0,0
-69.0133,29.819,1,2015023,-69.05,29.77,1,0,0,0,22,6
-69.0304,29.8464,1,2015024,-69.0472,29.7733,0,0,0,0,0,0
-69.0304,29.8464,1,2015025,-69.0401,29.7819,0,0,0,0,0,0
-69.0304,29.8464,1,2015026,-69.0303,29.7936,0,0,0,0,0,0
-69.0133,29.819,1,2015027,-69.0197,29.8064,0,0,0,0,0,0
-69.0425,29.7321,1,2015028,-69.0099,29.8181,0,0,0,0,0,0
-69.0419,29.7903,1,2015029,-69.0028,29.8267,0,0,0,0,0,0
-69.0048,29.8054,1,2015030,-69,29.83,1,0,0,0,22,6
-69.0428,29.8394,1,2015031,-69,29.83,0,0,0,0,0,0
-69.0428,29.786,1,2015032,-69,29.83,0,0,0,0,0,0
-69.0428,29.786,1,2015033,-69,29.83,0,0,0,0,0,0
-69.0428,29.786,1,2015034,-69,29.83,0,0,0,0,0,0
-69.0428,29.786,1,2015035,-69,29.83,0,0,0,0,0,0
-69.0428,29.786,1,2015036,-69,29.83,0,0,0,0,0,0
-69.0587,29.7636,1,2015037,-69,29.83,1,0,0,0,22,6
-69.0629,29.7435,1,2015038,-69.0017,29.8328,0,0,0,0,0,0
-69.0293,29.7967,1,2015039,-69.0059,29.8399,0,0,0,0,0,0
-69.0384,29.7522,1,2015040,-69.0118,29.8497,0,0,0,0,0,0
-69.0546,29.7838,1,2015041,-69.0182,29.8603,0,0,0,0,0,0
-69.0331,29.7227,1,2015042,-69.0241,29.8701,0,0,0,0,0,0
-69.0543,29.7298,1,2015043,-69.0283,29.8772,0,0,0,0,0,0
-69.0204,29.7292,1,2015044,-69.03,29.88,1,0,0,0,22,6
-69.0283,29.6884,1,2015045,-69.03,29.88,0,0,0,0,0,0
-69.0201,29.7287,1,2015046,-69.03,29.88,0,0,0,0,0,0
-69.0328,29.7222,1,2015047,-69.03,29.88,0,0,0,0,0,0
-69.0413,29.6824,1,2015048,-69.03,29.88,0,0,0,0,0,0
-69.0499,29.696,1,2015049,-69.03,29.88,0,0,0,0,0,0
-69.0083,29.8434,1,2015050,-69.03,29.88,0,0,0,0,0,0
-69.0219,29.8327,1,2015051,-69.03,29.88,1,0,0,0,22,6
-69.0301,29.7925,1,2015052,-69.03,29.88,0,0,0,0,0,0
-69.0596,29.7594,1,2015053,-69.03,29.88,0,0,0,0,0,0
-69.059,29.8176,1,2015054,-69.03,29.88,0,0,0,0,0,0
-69.0302,29.7391,1,2015055,-69.03,29.88,0,0,0,0,0,0
-69.0413,29.6824,1,2015056,-69.03,29.88,0,0,0,0,0,0
-69.041,29.6285,1,2015057,-69.03,29.88,0,0,0,0,0,0
-69.0357,29.6524,1,2015058,-69.03,29.88,1,0,0,0,22,6
-69.054,29.7293,1,2015059,-69.03,29.88,0,0,0,0,0,0
-69.0375,29.7565,1,2015060,-69.03,29.88,0,0,0,0,0,0
-69.0122,29.7694,1,2015061,-69.03,29.88,0,0,0,0,0,0
-69.0298,29.7919,1,2015062,-69.03,29.88,0,0,0,0,0,0
-69.064,29.7932,1,2015063,-69.03,29.88,0,0,0,0,0,0
-69.0375,29.7031,1,2015064,-69.03,29.88,0,0,0,0,0,0
-69.0458,29.7162,1,2015065,-69.03,29.88,1,0,0,0,22,6
-69.0416,29.7363,1,2015066,-69.03,29.88,0,0,0,0,0,0
-69.0337,29.8305,1,2015067,-69.03,29.88,0,0,0,0,0,0
-68.9921,29.8118,1,2015068,-69.03,29.88,0,0,0,0,0,0
-69.0419,29.6776,1,2015069,-69.03,29.88,0,0,0,0,0,0
-69.0324,29.6149,1,2015070,-69.03,29.88,0,0,0,0,0,0
-69.0322,29.7803,1,2015071,-69.03,29.88,0,0,0,0,0,0
-69.0322,29.7803,1,2015072,-69.03,29.88,1,0,0,0,22,6
-69.0131,29.7652,1,2015073,-69.03,29.88,0,0,0,0,0,0
-69.0039,29.6972,1,2015074,-69.03,29.88,0,0,0,0,0,0
-69.0248,29.8163,1,2015075,-69.03,29.88,0,0,0,0,0,0
-69.0248,29.8163,1,2015076,-69.03,29.88,0,0,0,0,0,0
-69.0089,29.7853,1,2015077,-69.03,29.88,0,0,0,0,0,0
-69.0381,29.7517,1,2015078,-69.03,29.88,0,0,0,0,0,0
-69.0375,29.7565,1,2015079,-69.03,29.88,1,0,0,0,22,6
-69.0375,29.7565,1,2015080,-69.03,29.88,0,0,0,0,0,0
-69.0375,29.7565,1,2015081,-69.03,29.88,0,0,0,0,0,0
-69.0375,29.7565,1,2015082,-69.03,29.88,0,0,0,0,0,0
-69.0295,29.8506,1,2015083,-69.03,29.88,0,0,0,0,0,0
-69.0295,29.8506,1,2015084,-69.03,29.88,0,0,0,0,0,0
-69.026,29.8126,1,2015085,-69.03,29.88,0,0,0,0,0,0
-69.0219,29.8327,1,2015086,-69.03,29.88,1,0,0,0,22,6
-69.0219,29.8327,1,2015087,-69.0322,29.8767,0,0,0,0,0,0
-69.0219,29.8327,1,2015088,-69.0379,29.8681,0,0,0,0,0,0
-69.0042,29.6977,1,2015089,-69.0457,29.8564,0,0,0,0,0,0
-69.0042,29.6977,1,2015090,-69.0543,29.8436,0,0,0,0,0,0
-69.0115,29.715,1,2015091,-69.0621,29.8319,0,0,0,0,0,0
-69.0546,29.8372,1,2015092,-69.0678,29.8233,0,0,0,0,0,0
-69.0546,29.8372,0,2015093,-69.07,29.82,1,0,0,0,22,6
-69.0546,29.8372,1,2015094,-69.07,29.82,0,0,0,0,0,0
-69.0679,29.6656,1,2015095,-69.07,29.82,0,0,0,0,0,0
-69.0531,29.6801,1,2015096,-69.07,29.82,0,0,0,0,0,0
-69.0714,29.7571,1,2015097,-69.07,29.82,0,0,0,0,0,0
-69.0714,29.7571,1,2015098,-69.07,29.82,0,0,0,0,0,0
-69.0588,29.7102,1,2015099,-69.07,29.82,0,0,0,0,0,0
-69.0588,29.7102,0,2015100,-69.07,29.82,1,0,0,0,22,6
-69.0588,29.7102,1,2015101,-69.07,29.82,0,0,0,0,0,0
-69.0588,29.7102,1,2015102,-69.07,29.82,0,0,0,0,0,0
-69.0588,29.7102,1,2015103,-69.07,29.82,0,0,0,0,0,0
-69.0588,29.7102,1,2015104,-69.07,29.82,0,0,0,0,0,0
-69.0588,29.7102,1,2015105,-69.07,29.82,0,0,0,0,0,0
-69.0588,29.7102,1,2015106,-69.07,29.82,0,0,0,0,0,0
-69.0588,29.7102,1,2015107,-69.07,29.82,1,0,0,0,22,6
-69.0588,29.7102,1,2015108,-69.07,29.82,0,0,0,0,0,0
-69.0588,29.7102,1,2015109,-69.07,29.82,0,0,0,0,0,0
-69.0588,29.7102,0,2015110,-69.07,29.82,0,0,0,0,0,0
-69.0588,29.7102,1,2015111,-69.07,29.82,0,0,0,0,0,0
-69.0588,29.7102,1,2015112,-69.07,29.82,0,0,0,0,0,0
-69.0588,29.7102,1,2015113,-69.07,29.82,0,0,0,0,0,0
-69.0603,29.6085,1,2015114,-69.07,29.82,1,0,0,0,22,6
-69.0603,29.6085,1,2015115,-69.0728,29.7849,0,0,0,0,0,0
-69.0849,29.4874,1,2015116,-69.0807,29.6873,0,0,0,0,0,0
-69.0849,29.4874,1,2015117,-69.0933,29.5388,0,0,0,0,0,0
-69.0849,29.4874,1,2015118,-69.1101,29.3513,0,0,0,0,0,0
-69.0434,29.3903,1,2015119,-69.1305,29.1361,0,0,0,0,0,0
-69.0681,29.0143,1,2015120,-69.154,28.9052,0,0,0,0,0,0
-69.1882,28.5303,1,2015121,-69.18,28.67,1,0,0,0,22,6
-69.2957,27.9925,1,2015122,-69.2387,28.408,0,0,0,0,0,0
-69.5078,27.7145,1,2015123,-69.3465,28.0918,0,0,0,0,0,0
-69.6587,27.156,1,2015124,-69.4821,27.7256,0,0,0,0,0,0
-69.71,27.0074,1,2015125,-69.6244,27.314,0,0,0,0,0,0
-69.8573,25.7756,1,2015126,-69.7523,26.8613,0,0,0,0,0,0
-69.9404,25.1466,1,2015127,-69.8446,26.3718,0,0,0,0,0,0
-69.9481,24.3252,1,2015128,-69.88,25.85,1,0,0,0,22,6
-69.9278,23.6002,1,2015129,-69.8726,25.2366,0,0,0,0,0,0
-69.9165,22.8596,1,2015130,-69.8522,24.4953,0,0,0,0,0,0
-69.7704,21.997,1,2015131,-69.8214,23.665,0,0,0,0,0,0
-69.6205,21.3935,1,2015132,-69.7831,22.7844,0,0,0,0,0,0
-69.6284,20.2995,1,2015133,-69.74,21.8925,0,0,0,0,0,0
-69.5638,19.3533,1,2015134,-69.6947,21.0281,0,0,0,0,0,0
-69.5638,19.3533,1,2015135,-69.65,20.23,1,0,0,0,22,6
-69.4372,17.8515,1,2015136,-69.5931,19.4566,0,0,0,0,0,0
-69.3049,16.9958,1,2015137,-69.5164,18.659,0,0,0,0,0,0
-69.2929,16.8105,1,2015138,-69.4303,17.8648,0,0,0,0,0,0
-69.3088,16.4416,1,2015139,-69.3452,17.1021,0,0,0,0,0,0
-69.2434,15.7738,1,2015140,-69.2715,16.3985,0,0,0,0,0,0
-69.225,15.7314,1,2015141,-69.2196,15.7818,0,0,0,0,0,0
-69.1987,14.867,1,2015142,-69.2,15.28,1,0,0,0,22,6
-69.2877,14.1498,1,2015143,-69.2085,14.8663,0,0,0,0,0,0
-69.2729,13.851,1,2015144,-69.2309,14.4928,0,0,0,0,0,0
-69.3032,13.5537,1,2015145,-69.263,14.1551,0,0,0,0,0,0
-69.3585,13.3304,1,2015146,-69.3003,13.8493,0,0,0,0,0,0
-69.3922,12.9757,1,2015147,-69.3385,13.5709,0,0,0,0,0,0
-69.4004,13.0983,1,2015148,-69.3732,13.3159,0,0,0,0,0,0
-69.436,12.6557,1,2015149,-69.4,13.08,1,0,0,0,22,6
-69.4965,12.3456,1,2015150,-69.42,12.8731,0,0,0,0,0,0
-69.5561,11.9747,1,2015151,-69.4377,12.6986,0,0,0,0,0,0
-69.5235,11.985,1,2015152,-69.4538,12.5428,0,0,0,0,0,0
-69.5408,11.9371,1,2015153,-69.4693,12.3918,0,0,0,0,0,0
-69.5183,11.7491,1,2015154,-69.485,12.2319,0,0,0,0,0,0
-69.5154,11.6022,1,2015155,-69.5016,12.0492,0,0,0,0,0,0
-69.5154,11.6022,1,2015156,-69.52,11.83,1,0,0,0,22,6
-69.544,11.0662,1,2015157,-69.5406,11.5532,0,0,0,0,0,0
-69.6965,10.5386,1,2015158,-69.563,11.2175,0,0,0,0,0,0
-69.7064,10.1651,1,2015159,-69.5865,10.8384,0,0,0,0,0,0
-69.6842,9.7171,1,2015160,-69.6105,10.4315,0,0,0,0,0,0
-69.6783,9.2781,1,2015161,-69.6345,10.0124,0,0,0,0,0,0
-69.7197,8.7739,1,2015162,-69.6579,9.5967,0,0,0,0,0,0
-69.6921,8.356,1,2015163,-69.68,9.2,1,0,0,0,22,6
-69.7076,7.9565,1,2015164,-69.7014,8.8234,0,0,0,0,0,0
-69.6856,7.5716,1,2015165,-69.7227,8.4533,0,0,0,0,0,0
-69.7294,7.2988,1,2015166,-69.7438,8.0835,0,0,0,0,0,0
-69.6932,6.9962,1,2015167,-69.7642,7.7076,0,0,0,0,0,0
-69.7484,6.6391,1,2015168,-69.7839,7.3193,0,0,0,0,0,0
-69.9206,6.2299,1,2015169,-69.8026,6.9122,0,0,0,0,0,0
-69.8515,5.6555,1,2015170,-69.82,6.48,1,0,0,0,22,6
-69.9042,4.1198,0,2015171,-69.8378,6.0008,0,0,0,0,0,0
-69.957,2.9693,1,2015172,-69.8568,5.4709,0,0,0,0,0,0
-69.957,2.9693,1,2015173,-69.8757,4.9115,0,0,0,0,0,0
-69.9544,2.8589,1,2015174,-69.8929,4.3436,0,0,0,0,0,0
-69.921,2.4466,1,2015175,-69.907,3.7883,0,0,0,0,0,0
-69.9221,2.0404,1,2015176,-69.9165,3.2668,0,0,0,0,0,0
-69.813,1.4222,1,2015177,-69.92,2.8,1,0,0,0,22,6
-69.7472,1.3612,1,2015178,-69.8923,2.4021,0,0,0,0,0,0
-69.7018,0.8692,1,2015179,-69.8209,2.0565,0,0,0,0,0,0
-69.557,0.4928,1,2015180,-69.7232,1.7378,0,0,0,0,0,0
-69.5223,0.3217,1,2015181,-69.6168,1.421,0,0,0,0,0,0
-69.4451,-0.8434,1,2015182,-69.5191,1.0809,0,0,0,0,0,0
-69.5235,-1.129,1,2015183,-69.4477,0.6923,0,0,0,0,0,0
-69.6587,-1.8537,1,2015184,-69.42,0.23,1,0,0,0,22,6
-69.8923,-2.8915,1,2015185,-69.4408,-0.3915,0,0,0,0,0,0
-69.9433,-3.8591,1,2015186,-69.4967,-1.1949,0,0,0,0,0,0
-69.998,-4.5117,1,2015187,-69.5775,-2.111,0,0,0,0,0,0
-69.9909,-5.0652,1,2015188,-69.6733,-3.0707,0,0,0,0,0,0
-69.9632,-5.3785,1,2015189,-69.774,-4.0049,0,0,0,0,0,0
-69.9395,-5.6929,1,2015190,-69.8696,-4.8444,0,0,0,0,0,0
-70.0078,-6.0351,1,2015191,-69.95,-5.52,1,0,0,0,22,6
-70.0388,-6.3973,1,2015192,-70.019,-6.06,0,0,0,0,0,0
-70.003,-6.7375,1,2015193,-70.0869,-6.5463,0,0,0,0,0,0
-70.158,-6.9981,1,2015194,-70.1533,-6.9907,0,0,0,0,0,0
-70.2527,-7.3898,1,2015195,-70.2181,-7.4046,0,0,0,0,0,0
-70.3337,-7.7798,1,2015196,-70.281,-7.7998,0,0,0,0,0,0
-70.4065,-8.4111,1,2015197,-70.3417,-8.1877,0,0,0,0,0,0
-70.402,-8.498,1,2015198,-70.4,-8.58,1,0,0,0,22,6
-70.3591,-8.8096,1,2015199,0,0,0,0,0,0,0,0
-70.3379,-9.0396,1,2015200,0,0,0,0,0,0,0,0
-70.4071,-9.3438,1,2015201,0,0,0,0,0,0,0,0
-70.4941,-9.4771,1,2015202,0,0,0,0,0,0,0,0
-70.5824,-9.8265,1,2015203,0,0,0,0,0,0,0,0
-70.6829,-10.3395,1,2015204,0,0,0,0,0,0,0,0
-70.7126,-10.6629,1,2015205,0,0,0,0,0,0,0,0
-70.7863,-10.8592,1,2015206,0,0,0,0,0,0,0,0
-70.8816,-11.0701,1,2015207,0,0,0,0,0,0,0,0
-70.9481,-12.3006,1,2015208,0,0,0,0,0,0,0,0
-70.9633,-12.4651,1,2015209,0,0,0,0,0,0,0,0
-70.9913,-12.8303,1,2015210,0,0,0,0,0,0,0,0
-70.9809,-13.3273,1,2015211,0,0,0,0,0,0,0,0
-71.0474,-13.5331,1,2015212,-71.1,-13.6,1,0,0,0,22,6
-71.1869,-14.0848,1,2015213,-71.1458,-13.8415,0,0,0,0,0,0
-71.2377,-14.4129,1,2015214,-71.1892,-14.0654,0,0,0,0,0,0
-71.3088,-14.6632,1,2015215,-71.2315,-14.2744,0,0,0,0,0,0
-71.2959,-14.8137,1,2015216,-71.2744,-14.4714,0,0,0,0,0,0
-71.3872,-15.1492,1,2015217,-71.3191,-14.6595,0,0,0,0,0,0
-71.4383,-15.3554,1,2015218,-71.3671,-14.8413,0,0,0,0,0,0
-71.4834,-15.5252,1,2015219,-71.42,-15.02,1,0,0,0,22,6
-71.4806,-15.5551,1,2015220,-71.4786,-15.1859,0,0,0,0,0,0
-71.5987,-15.791,1,2015221,-71.5426,-15.3339,0,0,0,0,0,0
-71.7823,-15.7565,1,2015222,-71.6113,-15.4733,0,0,0,0,0,0
-71.8506,-15.819,1,2015223,-71.684,-15.6133,0,0,0,0,0,0
-71.9028,-16.1694,1,2015224,-71.7601,-15.7632,0,0,0,0,0,0
-71.9771,-16.2721,1,2015225,-71.839,-15.9324,0,0,0,0,0,0
-72.0398,-16.2971,1,2015226,-71.92,-16.13,1,0,0,0,22,6
-72.091,-16.6529,1,2015227,0,0,0,0,0,0,0,0
-72.1908,-16.7837,1,2015228,0,0,0,0,0,0,0,0
-72.2557,-16.9167,0,2015229,0,0,0,0,0,0,0,0
-72.3248,-17.1218,1,2015230,0,0,0,0,0,0,0,0
-72.4497,-17.7971,1,2015231,0,0,0,0,0,0,0,0
-72.5273,-18.8259,1,2015232,0,0,0,0,0,0,0,0
-72.6281,-19.4918,1,2015233,0,0,0,0,0,0,0,0
-72.8455,-20.2418,1,2015234,0,0,0,0,0,0,0,0
-73.0782,-20.7638,1,2015235,0,0,0,0,0,0,0,0
-73.1727,-21.0919,1,2015236,0,0,0,0,0,0,0,0
-73.2367,-21.3896,1,2015237,0,0,0,0,0,0,0,0
-73.3036,-21.4675,1,2015238,0,0,0,0,0,0,0,0
-73.3036,-21.4675,1,2015239,0,0,0,0,0,0,0,0
-73.3345,-21.7687,1,2015240,-73.32,-21.55,1,0,0,0,22,6
-73.3453,-21.8651,1,2015241,0,0,0,0,0,0,0,0
-73.3453,-21.8651,1,2015242,0,0,0,0,0,0,0,0
-73.3554,-21.9674,1,2015243,0,0,0,0,0,0,0,0
-73.4264,-22.0042,1,2015244,0,0,0,0,0,0,0,0
-73.3992,-22.0609,1,2015245,0,0,0,0,0,0,0,0
-73.4832,-22.0782,1,2015246,0,0,0,0,0,0,0,0
-73.4832,-22.0782,0,2015247,0,0,0,0,0,0,0,0
-73.4832,-22.0782,0,2015248,0,0,0,0,0,0,0,0
-73.4832,-22.0782,1,2015249,0,0,0,0,0,0,0,0
-73.4483,-22.3857,1,2015250,0,0,0,0,0,0,0,0
-73.4483,-22.3857,1,2015251,0,0,0,0,0,0,0,0
-73.4916,-22.5221,0,2015252,0,0,0,0,0,0,0,0
-73.5348,-22.6585,1,2015253,0,0,0,0,0,0,0,0
-73.5348,-22.6585,1,2015254,0,0,0,0,0,0,0,0
-73.5443,-22.8587,1,2015255,0,0,0,0,0,0,0,0
-73.5443,-22.8587,1,2015256,0,0,0,0,0,0,0,0
-73.5696,-23.1915,1,2015257,0,0,0,0,0,0,0,0
-73.606,-23.3461,1,2015258,0,0,0,0,0,0,0,0
-73.625,-23.4604,1,2015259,0,0,0,0,0,0,0,0
-73.6265,-23.5821,0,2015260,0,0,0,0,0,0,0,0
-73.6281,-23.7038,1,2015261,0,0,0,0,0,0,0,0
-73.6684,-23.8182,1,2015262,0,0,0,0,0,0,0,0
-73.6684,-23.8182,1,2015263,0,0,0,0,0,0,0,0
-73.7113,-23.9185,1,2015264,0,0,0,0,0,0,0,0
-73.7682,-24.1664,1,2015265,0,0,0,0,0,0,0,0
-73.7727,-24.3978,1,2015266,0,0,0,0,0,0,0,0
-73.7563,-24.5295,1,2015267,0,0,0,0,0,0,0,0
-73.7829,-24.6652,1,2015268,0,0,0,0,0,0,0,0
-73.805,-25.427,1,2015269,0,0,0,0,0,0,0,0
-73.8753,-25.6532,1,2015270,0,0,0,0,0,0,0,0
-73.8727,-26.0118,1,2015271,0,0,0,0,0,0,0,0
-73.8727,-26.0118,1,2015272,0,0,0,0,0,0,0,0
-73.871,-26.4334,1,2015273,0,0,0,0,0,0,0,0
-73.9377,-26.5995,1,2015274,0,0,0,0,0,0,0,0
-73.9736,-26.4262,1,2015275,0,0,0,0,0,0,0,0
-74.0167,-26.5184,1,2015276,0,0,0,0,0,0,0,0
-74.0843,-26.8404,1,2015277,0,0,0,0,0,0,0,0
-73.9909,-26.7986,1,2015278,0,0,0,0,0,0,0,0
-73.9948,-27.0039,1,2015279,0,0,0,0,0,0,0,0
-73.9948,-27.0039,1,2015280,0,0,0,0,0,0,0,0
-74.1436,-27.0612,1,2015281,0,0,0,0,0,0,0,0
-74.1895,-27.147,1,2015282,0,0,0,0,0,0,0,0
-74.1895,-27.147,1,2015283,0,0,0,0,0,0,0,0
-74.1895,-27.147,1,2015284,0,0,0,0,0,0,0,0
-74.2616,-27.1162,1,2015285,0,0,0,0,0,0,0,0
-74.2616,-27.1162,1,2015286,0,0,0,0,0,0,0,0
-74.2616,-27.1162,1,2015287,0,0,0,0,0,0,0,0
-74.2616,-27.1162,1,2015288,0,0,0,0,0,0,0,0
-74.2616,-27.1162,1,2015289,0,0,0,0,0,0,0,0
-74.2616,-27.1162,1,2015290,0,0,0,0,0,0,0,0
-74.2616,-27.1162,1,2015291,0,0,0,0,0,0,0,0
-74.2616,-27.1162,0,2015292,0,0,0,0,0,0,0,0
-74.2616,-27.1162,1,2015293,0,0,0,0,0,0,0,0
-74.2616,-27.1162,1,2015294,0,0,0,0,0,0,0,0
-73.931,-28.9086,1,2015295,0,0,0,0,0,0,0,0
-74.278,-27.1739,1,2015296,0,0,0,0,0,0,0,0
-74.2219,-27.48,1,2015297,0,0,0,0,0,0,0,0
-74.2219,-27.48,1,2015298,0,0,0,0,0,0,0,0
-74.2219,-27.48,1,2015299,0,0,0,0,0,0,0,0
-74.2219,-27.48,1,2015300,0,0,0,0,0,0,0,0
-74.2219,-27.48,1,2015301,0,0,0,0,0,0,0,0
-74.2219,-27.48,1,2015302,0,0,0,0,0,0,0,0
-74.2219,-27.48,1,2015303,0,0,0,0,0,0,0,0
-74.2219,-27.48,1,2015304,0,0,0,0,0,0,0,0
-74.2219,-27.48,1,2015305,0,0,0,0,0,0,0,0
-74.153,-28.0406,1,2015306,0,0,0,0,0,0,0,0
-74.153,-28.0406,1,2015307,0,0,0,0,0,0,0,0
-74.1269,-28.2193,1,2015308,0,0,0,0,0,0,0,0
-74.1269,-28.2193,1,2015309,0,0,0,0,0,0,0,0
-74.1269,-28.2193,1,2015310,0,0,0,0,0,0,0,0
-74.1269,-28.2193,1,2015311,0,0,0,0,0,0,0,0
-74.0886,-28.4784,1,2015312,0,0,0,0,0,0,0,0
-74.0886,-28.4784,0,2015313,0,0,0,0,0,0,0,0
-74.0886,-28.4784,1,2015314,0,0,0,0,0,0,0,0
-74.0886,-28.4784,1,2015315,0,0,0,0,0,0,0,0
-73.94,-29.0738,1,2015316,0,0,0,0,0,0,0,0
-73.94,-29.0738,1,2015317,0,0,0,0,0,0,0,0
-73.9617,-29.3946,1,2015318,0,0,0,0,0,0,0,0
-73.9617,-29.3946,1,2015319,0,0,0,0,0,0,0,0
-73.9808,-29.5689,1,2015320,0,0,0,0,0,0,0,0
-73.9808,-29.5689,1,2015321,0,0,0,0,0,0,0,0
-74.0098,-29.8296,1,2015322,0,0,0,0,0,0,0,0
-74.0098,-29.8296,1,2015323,0,0,0,0,0,0,0,0
-74.0098,-29.8296,1,2015324,0,0,0,0,0,0,0,0
-74.0327,-29.9734,1,2015325,0,0,0,0,0,0,0,0
-74.0327,-29.9734,1,2015326,0,0,0,0,0,0,0,0
-74.0068,-30.0249,1,2015327,0,0,0,0,0,0,0,0
-74.0068,-30.0249,1,2015328,0,0,0,0,0,0,0,0
-74.032,-30.3435,1,2015329,0,0,0,0,0,0,0,0
-74.0463,-30.5441,1,2015330,0,0,0,0,0,0,0,0
-74.0463,-30.5441,1,2015331,0,0,0,0,0,0,0,0
-74.1066,-30.6817,1,2015332,0,0,0,0,0,0,0,0
-74.1445,-30.8051,1,2015333,0,0,0,0,0,0,0,0
-74.1445,-30.8051,1,2015334,0,0,0,0,0,0,0,0
-74.2018,-30.8149,1,2015335,0,0,0,0,0,0,0,0
-74.2709,-30.7523,1,2015336,0,0,0,0,0,0,0,0
-74.2709,-30.7523,1,2015337,0,0,0,0,0,0,0,0
-74.3344,-30.7183,1,2015338,0,0,0,0,0,0,0,0
-74.3739,-30.8392,1,2015339,0,0,0,0,0,0,0,0
-74.3739,-30.8392,1,2015340,0,0,0,0,0,0,0,0
-74.3739,-30.8392,0,2015341,0,0,0,0,0,0,0,0
-74.3739,-30.8392,1,2015342,0,0,0,0,0,0,0,0
-74.3739,-30.8392,1,2015343,0,0,0,0,0,0,0,0
-74.3739,-30.8392,1,2015344,0,0,0,0,0,0,0,0
-74.3739,-30.8392,1,2015345,0,0,0,0,0,0,0,0
-74.3739,-30.8392,1,2015346,0,0,0,0,0,0,0,0
-74.3739,-30.8392,1,2015347,0,0,0,0,0,0,0,0
-74.3739,-30.8392,1,2015348,0,0,0,0,0,0,0,0
-74.3739,-30.8392,1,2015349,0,0,0,0,0,0,0,0
-74.3739,-30.8392,1,2015350,0,0,0,0,0,0,0,0
-74.3611,-31.0608,1,2015351,0,0,0,0,0,0,0,0
-74.3611,-31.0608,1,2015352,0,0,0,0,0,0,0,0
-74.3611,-31.0608,1,2015353,0,0,0,0,0,0,0,0
-74.3233,-31.0675,1,2015354,0,0,0,0,0,0,0,0
-74.3233,-31.0675,1,2015355,0,0,0,0,0,0,0,0
-74.3619,-31.2035,1,2015356,0,0,0,0,0,0,0,0
-74.3619,-31.2035,1,2015357,0,0,0,0,0,0,0,0
-74.35,-31.3439,1,2015358,0,0,0,0,0,0,0,0
-74.35,-31.3439,1,2015359,0,0,0,0,0,0,0,0
-74.35,-31.3439,1,2015360,0,0,0,0,0,0,0,0
-74.3502,-31.5614,1,2015361,0,0,0,0,0,0,0,0
-74.3641,-31.4782,1,2015362,0,0,0,0,0,0,0,0
-74.3641,-31.4782,1,2015363,0,0,0,0,0,0,0,0
-74.3641,-31.4782,1,2015364,0,0,0,0,0,0,0,0
-74.3877,-31.0547,1,2015365,0,0,0,0,0,0,0,0
-74.3877,-31.0547,1,2016001,0,0,0,0,0,0,0,0
-74.3877,-31.0547,1,2016002,0,0,0,0,0,0,0,0
-74.3877,-31.0547,1,2016003,0,0,0,0,0,0,0,0
-74.3469,-30.9954,1,2016004,0,0,0,0,0,0,0,0
-74.3979,-31.2767,1,2016005,0,0,0,0,0,0,0,0
-74.3979,-31.2767,1,2016006,0,0,0,0,0,0,0,0
-74.3407,-31.3227,1,2016007,0,0,0,0,0,0,0,0
-74.3407,-31.3227,1,2016008,0,0,0,0,0,0,0,0
-74.3407,-31.3227,1,2016009,0,0,0,0,0,0,0,0
-74.3407,-31.3227,1,2016010,0,0,0,0,0,0,0,0
-74.3407,-31.3227,1,2016011,0,0,0,0,0,0,0,0
-74.3407,-31.3227,1,2016012,0,0,0,0,0,0,0,0
-74.2613,-31.1529,1,2016013,0,0,0,0,0,0,0,0
-74.3152,-31.2734,1,2016014,0,0,0,0,0,0,0,0
-74.3152,-31.2734,1,2016015,0,0,0,0,0,0,0,0
-74.3152,-31.2734,1,2016016,0,0,0,0,0,0,0,0
-74.3709,-31.1481,1,2016017,0,0,0,0,0,0,0,0
-74.3709,-31.1481,0,2016018,0,0,0,0,0,0,0,0
-74.3709,-31.1481,1,2016019,0,0,0,0,0,0,0,0
-74.3709,-31.1481,1,2016020,0,0,0,0,0,0,0,0
-74.3709,-31.1481,1,2016021,0,0,0,0,0,0,0,0
-74.3709,-31.1481,1,2016022,0,0,0,0,0,0,0,0
-74.3709,-31.1481,1,2016023,0,0,0,0,0,0,0,0
-74.315,-31.2649,1,2016024,0,0,0,0,0,0,0,0
-74.3034,-31.4134,1,2016025,0,0,0,0,0,0,0,0
-74.2541,-31.5599,1,2016026,0,0,0,0,0,0,0,0
-74.2541,-31.5599,1,2016027,0,0,0,0,0,0,0,0
-74.2399,-31.7934,1,2016028,0,0,0,0,0,0,0,0
-74.197,-31.8283,1,2016029,0,0,0,0,0,0,0,0
-74.2597,-32.1053,1,2016030,0,0,0,0,0,0,0,0
-74.2597,-32.1053,0,2016031,0,0,0,0,0,0,0,0
-74.2597,-32.1053,1,2016032,0,0,0,0,0,0,0,0
-74.2196,-32.188,1,2016033,0,0,0,0,0,0,0,0
-74.189,-32.0835,1,2016034,0,0,0,0,0,0,0,0
-74.2197,-31.9794,1,2016035,0,0,0,0,0,0,0,0
-74.2197,-31.9794,1,2016036,0,0,0,0,0,0,0,0
-74.2197,-31.9794,1,2016037,0,0,0,0,0,0,0,0
-74.2197,-31.9794,1,2016038,0,0,0,0,0,0,0,0
-74.2197,-31.9794,0,2016039,0,0,0,0,0,0,0,0
-74.2197,-31.9794,1,2016040,0,0,0,0,0,0,0,0
-74.2197,-31.9794,1,2016041,0,0,0,0,0,0,0,0
-74.2197,-31.9794,1,2016042,0,0,0,0,0,0,0,0
-74.2197,-31.9794,1,2016043,0,0,0,0,0,0,0,0
-74.2197,-31.9794,1,2016044,0,0,0,0,0,0,0,0
-74.2197,-31.9794,1,2016045,0,0,0,0,0,0,0,0
-74.2113,-32.3778,1,2016046,0,0,0,0,0,0,0,0
-74.2113,-32.3778,1,2016047,0,0,0,0,0,0,0,0
-74.2113,-32.3778,1,2016048,0,0,0,0,0,0,0,0
-74.2475,-32.5202,1,2016049,0,0,0,0,0,0,0,0
-74.2475,-32.5202,1,2016050,0,0,0,0,0,0,0,0
-74.2475,-32.5202,1,2016051,0,0,0,0,0,0,0,0
-74.2475,-32.5202,1,2016052,0,0,0,0,0,0,0,0
-74.2475,-32.5202,1,2016053,0,0,0,0,0,0,0,0
-74.3038,-32.4,1,2016054,0,0,0,0,0,0,0,0
-74.356,-32.2371,1,2016055,0,0,0,0,0,0,0,0
-74.356,-32.2371,1,2016056,0,0,0,0,0,0,0,0
-74.447,-32.1195,1,2016057,0,0,0,0,0,0,0,0
-74.4084,-32.0557,1,2016058,0,0,0,0,0,0,0,0
-74.4084,-32.0557,1,2016059,0,0,0,0,0,0,0,0
-74.3663,-32.3801,1,2016060,0,0,0,0,0,0,0,0
-74.3663,-32.3801,1,2016061,0,0,0,0,0,0,0,0
-74.3652,-32.7405,1,2016062,0,0,0,0,0,0,0,0
-74.3652,-32.7405,1,2016063,0,0,0,0,0,0,0,0
-74.4778,-32.8562,1,2016064,0,0,0,0,0,0,0,0
-74.4778,-32.8562,1,2016065,0,0,0,0,0,0,0,0
-74.4362,-32.4498,1,2016066,0,0,0,0,0,0,0,0
-74.4362,-32.4498,1,2016067,0,0,0,0,0,0,0,0
-74.4145,-32.4752,0,2016068,0,0,0,0,0,0,0,0
-74.3927,-32.5006,1,2016069,0,0,0,0,0,0,0,0
-74.3927,-32.5006,1,2016070,0,0,0,0,0,0,0,0
-74.3927,-32.5006,1,2016071,0,0,0,0,0,0,0,0
-74.3927,-32.5006,1,2016072,0,0,0,0,0,0,0,0
-74.3491,-32.6173,1,2016073,0,0,0,0,0,0,0,0
-74.3491,-32.6173,1,2016074,0,0,0,0,0,0,0,0
-74.3491,-32.6173,0,2016075,0,0,0,0,0,0,0,0
-74.3491,-32.6173,1,2016076,0,0,0,0,0,0,0,0
-74.348,-32.8348,1,2016077,0,0,0,0,0,0,0,0
-74.3378,-33.1668,1,2016078,0,0,0,0,0,0,0,0
-74.3378,-33.1668,1,2016079,0,0,0,0,0,0,0,0
-74.3378,-33.1668,1,2016080,0,0,0,0,0,0,0,0
-74.3154,-33.4268,1,2016081,0,0,0,0,0,0,0,0
-74.2405,-33.2955,1,2016082,0,0,0,0,0,0,0,0
-74.1825,-33.0797,1,2016083,0,0,0,0,0,0,0,0
-74.1825,-33.0797,1,2016084,0,0,0,0,0,0,0,0
-74.1825,-33.0797,1,2016085,0,0,0,0,0,0,0,0
-74.1597,-33.3543,1,2016086,0,0,0,0,0,0,0,0
-74.1597,-33.3543,1,2016087,0,0,0,0,0,0,0,0
-74.1597,-33.3543,1,2016088,0,0,0,0,0,0,0,0
-74.1669,-33.5144,1,2016089,0,0,0,0,0,0,0,0
-74.1969,-33.5529,1,2016090,0,0,0,0,0,0,0,0
-74.175,-33.6691,1,2016091,0,0,0,0,0,0,0,0
-74.175,-33.6691,1,2016092,0,0,0,0,0,0,0,0
-74.1238,-33.6793,1,2016093,0,0,0,0,0,0,0,0
-74.0923,-33.856,1,2016094,0,0,0,0,0,0,0,0
-74.075,-34.0833,1,2016095,0,0,0,0,0,0,0,0
-74.0053,-34.3845,1,2016096,0,0,0,0,0,0,0,0
-73.981,-34.5174,1,2016097,0,0,0,0,0,0,0,0
-73.981,-34.5174,1,2016098,0,0,0,0,0,0,0,0
-73.981,-34.5174,1,2016099,0,0,0,0,0,0,0,0
-73.981,-34.5174,1,2016100,0,0,0,0,0,0,0,0
-73.9328,-34.5743,1,2016101,0,0,0,0,0,0,0,0
-73.9328,-34.5743,1,2016102,0,0,0,0,0,0,0,0
-73.9328,-34.5743,0,2016103,0,0,0,0,0,0,0,0
-73.9328,-34.5743,1,2016104,0,0,0,0,0,0,0,0
-73.9328,-34.5743,1,2016105,0,0,0,0,0,0,0,0
-73.9328,-34.5743,1,2016106,0,0,0,0,0,0,0,0
-73.9328,-34.5743,1,2016107,0,0,0,0,0,0,0,0
-73.9328,-34.5743,1,2016108,0,0,0,0,0,0,0,0
-73.9942,-34.9056,1,2016109,0,0,0,0,0,0,0,0
-73.9942,-34.9056,1,2016110,0,0,0,0,0,0,0,0
-74.087,-35.0646,1,2016111,0,0,0,0,0,0,0,0
-74.087,-35.0646,1,2016112,0,0,0,0,0,0,0,0
-74.1328,-35.139,1,2016113,0,0,0,0,0,0,0,0
-74.1328,-35.139,1,2016114,0,0,0,0,0,0,0,0
-74.1919,-35.2837,1,2016115,0,0,0,0,0,0,0,0
-74.1919,-35.2837,0,2016116,0,0,0,0,0,0,0,0
-74.1919,-35.2837,1,2016117,0,0,0,0,0,0,0,0
-74.1919,-35.2837,1,2016118,0,0,0,0,0,0,0,0
-74.1919,-35.2837,1,2016119,0,0,0,0,0,0,0,0
-74.1523,-35.3495,1,2016120,0,0,0,0,0,0,0,0
-74.019,-35.6488,1,2016121,0,0,0,0,0,0,0,0
-74.0499,-35.6244,1,2016122,0,0,0,0,0,0,0,0
-74.0499,-35.6244,1,2016123,0,0,0,0,0,0,0,0
-74.0959,-36.031,1,2016124,0,0,0,0,0,0,0,0
-74.0768,-36.2399,1,2016125,0,0,0,0,0,0,0,0
-73.9691,-36.7064,1,2016126,0,0,0,0,0,0,0,0
-73.8255,-37.1485,1,2016127,0,0,0,0,0,0,0,0
-73.7164,-37.5474,1,2016128,0,0,0,0,0,0,0,0
-73.6216,-37.8052,1,2016129,0,0,0,0,0,0,0,0
-73.5575,-37.8605,1,2016130,0,0,0,0,0,0,0,0
-73.4907,-38.166,1,2016131,0,0,0,0,0,0,0,0
-73.4299,-37.9718,1,2016132,0,0,0,0,0,0,0,0
-73.3097,-38.0525,1,2016133,0,0,0,0,0,0,0,0
-73.1616,-38.169,0,2016134,0,0,0,0,0,0,0,0
-73.0093,-38.2935,0,2016135,0,0,0,0,0,0,0,0
-72.9174,-38.3516,1,2016136,0,0,0,0,0,0,0,0
-72.8906,-38.326,1,2016137,0,0,0,0,0,0,0,0
-72.8469,-38.4576,1,2016138,0,0,0,0,0,0,0,0
-72.6904,-38.9548,1,2016139,0,0,0,0,0,0,0,0
-72.7073,-39.0482,1,2016140,0,0,0,0,0,0,0,0
-72.5884,-39.3203,1,2016141,0,0,0,0,0,0,0,0
-72.5241,-39.3169,1,2016142,0,0,0,0,0,0,0,0
-72.4462,-39.475,1,2016143,0,0,0,0,0,0,0,0
-72.4462,-39.475,1,2016144,0,0,0,0,0,0,0,0
-72.425,-39.5641,1,2016145,0,0,0,0,0,0,0,0
-72.3133,-39.4811,1,2016146,0,0,0,0,0,0,0,0
-72.261,-39.4856,1,2016147,0,0,0,0,0,0,0,0
-72.2458,-39.4446,1,2016148,0,0,0,0,0,0,0,0
-72.1249,-39.5083,1,2016149,0,0,0,0,0,0,0,0
-72.0549,-39.6342,1,2016150,0,0,0,0,0,0,0,0
-72.0549,-39.6342,1,2016151,0,0,0,0,0,0,0,0
-72.0027,-39.7347,1,2016152,0,0,0,0,0,0,0,0
-72.0172,-39.9913,1,2016153,0,0,0,0,0,0,0,0
-72.0124,-40.0023,1,2016154,0,0,0,0,0,0,0,0
-71.9907,-40.1373,1,2016155,0,0,0,0,0,0,0,0
-71.861,-40.123,1,2016156,0,0,0,0,0,0,0,0
-71.7633,-40.0992,1,2016157,0,0,0,0,0,0,0,0
-71.6692,-40.1092,1,2016158,0,0,0,0,0,0,0,0
-71.5783,-40.1036,1,2016159,0,0,0,0,0,0,0,0
-71.5298,-40.0926,1,2016160,0,0,0,0,0,0,0,0
-71.5298,-40.0926,1,2016161,0,0,0,0,0,0,0,0
-71.4782,-40.0385,0,2016162,0,0,0,0,0,0,0,0
-71.4265,-39.9843,1,2016163,0,0,0,0,0,0,0,0
-71.4265,-39.9843,1,2016164,0,0,0,0,0,0,0,0
-71.4779,-40.0016,1,2016165,0,0,0,0,0,0,0,0
-70.8527,-40.4794,1,2016182,0,0,0,0,0,0,0,0
-70.8527,-40.4794,1,2016183,0,0,0,0,0,0,0,0
-70.7491,-40.6397,1,2016184,0,0,0,0,0,0,0,0
-70.7763,-40.4014,0,2016185,0,0,0,0,0,0,0,0
-70.8035,-40.1631,1,2016186,0,0,0,0,0,0,0,0
-70.8035,-40.1631,1,2016187,0,0,0,0,0,0,0,0
-70.8435,-40.3133,1,2016188,0,0,0,0,0,0,0,0
-70.8909,-40.7584,1,2016189,0,0,0,0,0,0,0,0
-70.86,-40.9995,1,2016190,0,0,0,0,0,0,0,0
-70.8148,-41.3416,1,2016191,0,0,0,0,0,0,0,0
-70.7576,-41.4886,1,2016192,0,0,0,0,0,0,0,0
-70.6514,-41.6655,1,2016193,0,0,0,0,0,0,0,0
-70.5796,-41.6568,0,2016194,0,0,0,0,0,0,0,0
-70.5134,-41.6292,1,2016195,0,0,0,0,0,0,0,0
-70.4339,-41.3572,1,2016196,0,0,0,0,0,0,0,0
-70.4005,-41.3605,0,2016197,0,0,0,0,0,0,0,0
-70.367,-41.3639,1,2016198,0,0,0,0,0,0,0,0
-70.2866,-41.3189,1,2016199,0,0,0,0,0,0,0,0
-70.2286,-41.2892,0,2016200,0,0,0,0,0,0,0,0
-70.1864,-41.2532,1,2016201,0,0,0,0,0,0,0,0
-70.162,-41.1601,1,2016202,0,0,0,0,0,0,0,0
-70.127,-41.1447,1,2016203,0,0,0,0,0,0,0,0
-70.1137,-41.1475,1,2016204,0,0,0,0,0,0,0,0
-70.0107,-40.9956,1,2016205,0,0,0,0,0,0,0,0
-70.0188,-41.0231,1,2016206,0,0,0,0,0,0,0,0
-69.9103,-41.1158,1,2016207,0,0,0,0,0,0,0,0
-69.8213,-41.1136,0,2016208,0,0,0,0,0,0,0,0
-69.7391,-41.1062,1,2016209,0,0,0,0,0,0,0,0
-69.6576,-40.9882,1,2016210,0,0,0,0,0,0,0,0
-69.6227,-41.1977,1,2016211,0,0,0,0,0,0,0,0
-69.6414,-41.2219,1,2016212,0,0,0,0,0,0,0,0
-69.5558,-41.3692,1,2016213,0,0,0,0,0,0,0,0
-69.5033,-41.3234,1,2016214,0,0,0,0,0,0,0,0
-69.5013,-41.2891,1,2016215,0,0,0,0,0,0,0,0
-69.5477,-41.1818,1,2016216,0,0,0,0,0,0,0,0
-69.5878,-41.0945,1,2016217,0,0,0,0,0,0,0,0
-69.495,-41.3972,1,2016218,0,0,0,0,0,0,0,0
-69.4207,-41.3755,1,2016219,0,0,0,0,0,0,0,0
-69.4037,-41.52,1,2016220,0,0,0,0,0,0,0,0
-69.449,-41.3519,0,2016221,0,0,0,0,0,0,0,0
-69.4942,-41.1837,1,2016222,0,0,0,0,0,0,0,0
-69.4564,-41.3502,1,2016223,0,0,0,0,0,0,0,0
-69.3847,-41.797,1,2016224,0,0,0,0,0,0,0,0
-69.2561,-42.3651,1,2016225,0,0,0,0,0,0,0,0
-69.2447,-42.7771,1,2016226,0,0,0,0,0,0,0,0
-69.1808,-43.2151,1,2016227,0,0,0,0,0,0,0,0
-69.1814,-43.625,0,2016228,0,0,0,0,0,0,0,0
-69.1834,-43.9064,1,2016229,0,0,0,0,0,0,0,0
-69.2038,-43.9968,1,2016230,0,0,0,0,0,0,0,0
-69.1799,-44.0933,0,2016231,0,0,0,0,0,0,0,0
-69.1366,-44.1482,1,2016232,0,0,0,0,0,0,0,0
-69.0923,-44.116,1,2016233,0,0,0,0,0,0,0,0
-69.0054,-44.368,1,2016234,0,0,0,0,0,0,0,0
-68.8991,-44.4688,1,2016235,0,0,0,0,0,0,0,0
-68.8132,-44.5139,1,2016236,0,0,0,0,0,0,0,0
-68.7004,-44.4355,1,2016237,0,0,0,0,0,0,0,0
-68.655,-44.4122,0,2016238,0,0,0,0,0,0,0,0
-68.6362,-44.3858,1,2016239,0,0,0,0,0,0,0,0
-68.6607,-44.2403,1,2016240,0,0,0,0,0,0,0,0
-68.6209,-44.1565,1,2016241,0,0,0,0,0,0,0,0
-68.5568,-44.0226,1,2016242,0,0,0,0,0,0,0,0
-68.5528,-43.9857,0,2016243,0,0,0,0,0,0,0,0
-68.5486,-43.9718,1,2016244,0,0,0,0,0,0,0,0
-68.4542,-44.0399,1,2016245,0,0,0,0,0,0,0,0
-68.3611,-44.2043,0,2016246,0,0,0,0,0,0,0,0
-68.2556,-44.3243,1,2016247,0,0,0,0,0,0,0,0
-68.1083,-44.1502,1,2016248,0,0,0,0,0,0,0,0
-68.088,-44.1395,1,2016249,0,0,0,0,0,0,0,0
-67.9326,-44.0674,0,2016250,0,0,0,0,0,0,0,0
-67.7936,-43.9487,1,2016251,0,0,0,0,0,0,0,0
-67.8039,-43.8212,1,2016252,0,0,0,0,0,0,0,0
-67.6798,-43.7428,1,2016253,0,0,0,0,0,0,0,0
-67.6018,-43.6972,1,2016254,0,0,0,0,0,0,0,0
-67.5495,-43.7253,0,2016255,0,0,0,0,0,0,0,0
-67.4986,-43.7533,1,2016256,0,0,0,0,0,0,0,0
-67.4274,-43.7249,1,2016257,0,0,0,0,0,0,0,0
-67.3941,-43.573,0,2016258,0,0,0,0,0,0,0,0
-67.3644,-43.4062,1,2016259,0,0,0,0,0,0,0,0
-67.3181,-43.3538,1,2016260,0,0,0,0,0,0,0,0
-67.1859,-43.3396,1,2016261,0,0,0,0,0,0,0,0
-67.1341,-43.2599,1,2016262,0,0,0,0,0,0,0,0
-67.048,-43.2173,0,2016263,0,0,0,0,0,0,0,0
-66.9438,-43.186,0,2016264,0,0,0,0,0,0,0,0
-66.8642,-43.1739,1,2016265,0,0,0,0,0,0,0,0
-66.8231,-43.2979,1,2016266,0,0,0,0,0,0,0,0
-66.7737,-43.3564,1,2016267,0,0,0,0,0,0,0,0
-66.7025,-43.2909,1,2016268,0,0,0,0,0,0,0,0
-66.5986,-43.2788,1,2016269,0,0,0,0,0,0,0,0
-66.6191,-43.3397,1,2016270,0,0,0,0,0,0,0,0
-66.5603,-43.4933,1,2016271,0,0,0,0,0,0,0,0
-66.506,-43.6367,1,2016272,0,0,0,0,0,0,0,0
-66.4962,-43.6258,1,2016273,0,0,0,0,0,0,0,0
-66.4962,-43.6258,1,2016274,0,0,0,0,0,0,0,0
-66.4962,-43.6258,1,2016275,0,0,0,0,0,0,0,0
-66.4683,-43.7023,0,2016276,0,0,0,0,0,0,0,0
-66.4239,-43.7787,1,2016277,0,0,0,0,0,0,0,0
-66.3932,-43.7501,1,2016278,0,0,0,0,0,0,0,0
-66.3721,-43.7644,0,2016279,0,0,0,0,0,0,0,0
-66.3455,-43.8046,1,2016280,0,0,0,0,0,0,0,0
-66.273,-43.9944,1,2016281,0,0,0,0,0,0,0,0
-66.2593,-43.8504,1,2016282,0,0,0,0,0,0,0,0
-66.2288,-43.8343,0,2016283,0,0,0,0,0,0,0,0
-66.1851,-43.8292,1,2016284,0,0,0,0,0,0,0,0
-66.1294,-43.832,1,2016285,0,0,0,0,0,0,0,0
-66.137,-43.8705,0,2016286,0,0,0,0,0,0,0,0
-66.1513,-43.9373,0,2016287,0,0,0,0,0,0,0,0
-66.1589,-43.9728,1,2016288,0,0,0,0,0,0,0,0
-66.0941,-43.8511,1,2016289,0,0,0,0,0,0,0,0
-66.0252,-43.8546,1,2016290,0,0,0,0,0,0,0,0
-65.9861,-43.9068,0,2016291,0,0,0,0,0,0,0,0
-65.9449,-43.991,1,2016292,0,0,0,0,0,0,0,0
-65.8619,-44.0625,1,2016293,0,0,0,0,0,0,0,0
-65.8408,-43.9904,0,2016294,0,0,0,0,0,0,0,0
-65.8225,-43.9182,1,2016295,0,0,0,0,0,0,0,0
-65.7781,-44.068,1,2016296,0,0,0,0,0,0,0,0
-65.769,-44.0906,1,2016297,0,0,0,0,0,0,0,0
-65.7834,-44.1245,1,2016298,0,0,0,0,0,0,0,0
-65.7382,-44.2725,1,2016299,0,0,0,0,0,0,0,0
-65.6136,-44.3187,0,2016300,0,0,0,0,0,0,0,0
-65.4902,-44.365,1,2016301,0,0,0,0,0,0,0,0
-65.4472,-44.5146,1,2016302,0,0,0,0,0,0,0,0
-65.4304,-44.487,1,2016303,0,0,0,0,0,0,0,0
-65.3548,-44.4665,1,2016304,0,0,0,0,0,0,0,0
-65.2858,-44.3969,0,2016305,0,0,0,0,0,0,0,0
-65.2486,-44.2867,1,2016306,0,0,0,0,0,0,0,0
-65.2529,-44.1466,1,2016307,0,0,0,0,0,0,0,0
-65.1958,-43.9471,1,2016308,0,0,0,0,0,0,0,0
-65.1821,-43.8169,1,2016309,0,0,0,0,0,0,0,0
-65.1953,-43.7177,1,2016310,0,0,0,0,0,0,0,0
-65.1958,-43.682,1,2016311,0,0,0,0,0,0,0,0
-65.1941,-43.601,0,2016312,0,0,0,0,0,0,0,0
-65.1916,-43.4879,1,2016313,0,0,0,0,0,0,0,0
-65.1901,-43.3558,1,2016314,0,0,0,0,0,0,0,0
-65.1927,-43.3864,1,2016315,0,0,0,0,0,0,0,0
-65.1978,-43.4013,0,2016316,0,0,0,0,0,0,0,0
-65.2072,-43.4191,1,2016317,0,0,0,0,0,0,0,0
-65.2357,-43.4834,1,2016318,0,0,0,0,0,0,0,0
-65.1608,-43.5629,0,2016319,0,0,0,0,0,0,0,0
-65.0611,-43.6418,1,2016320,0,0,0,0,0,0,0,0
-65.0241,-43.7041,1,2016321,0,0,0,0,0,0,0,0
-65.0124,-43.7146,0,2016322,0,0,0,0,0,0,0,0
-65.0032,-43.724,1,2016323,0,0,0,0,0,0,0,0
-64.989,-43.7589,1,2016324,0,0,0,0,0,0,0,0
-64.989,-43.7589,1,2016325,0,0,0,0,0,0,0,0
-64.9689,-43.7674,0,2016326,0,0,0,0,0,0,0,0
-64.9487,-43.7902,1,2016327,0,0,0,0,0,0,0,0
-64.9835,-43.8748,1,2016328,0,0,0,0,0,0,0,0
-65.0117,-43.9391,1,2016329,0,0,0,0,0,0,0,0
-64.9832,-43.9048,1,2016330,0,0,0,0,0,0,0,0
-64.9493,-43.9562,1,2016331,0,0,0,0,0,0,0,0
-64.922,-44.0228,1,2016332,0,0,0,0,0,0,0,0
-64.8935,-44.0248,1,2016333,0,0,0,0,0,0,0,0
-64.8926,-43.9616,1,2016334,0,0,0,0,0,0,0,0
-64.8669,-43.8288,0,2016335,0,0,0,0,0,0,0,0
-64.8329,-43.7353,1,2016336,0,0,0,0,0,0,0,0
-64.8191,-43.9115,1,2016337,0,0,0,0,0,0,0,0
-64.8058,-44.0762,1,2016338,0,0,0,0,0,0,0,0
-64.793,-44.2056,1,2016339,0,0,0,0,0,0,0,0
-64.8136,-44.2641,0,2016340,0,0,0,0,0,0,0,0
-64.8549,-44.3225,1,2016341,0,0,0,0,0,0,0,0
-64.911,-44.4516,1,2016342,0,0,0,0,0,0,0,0
-64.8646,-44.5914,1,2016343,0,0,0,0,0,0,0,0
-64.8646,-44.5914,0,2016344,0,0,0,0,0,0,0,0
-64.8646,-44.5914,1,2016345,0,0,0,0,0,0,0,0
-64.8646,-44.5914,1,2016346,0,0,0,0,0,0,0,0
-64.7479,-44.7869,1,2016347,0,0,0,0,0,0,0,0
-64.7479,-44.7869,1,2016348,0,0,0,0,0,0,0,0
-64.6967,-44.8933,1,2016349,0,0,0,0,0,0,0,0
-64.6967,-44.8933,1,2016350,0,0,0,0,0,0,0,0
-64.6967,-44.8933,1,2016351,0,0,0,0,0,0,0,0
-64.8129,-44.677,1,2016352,0,0,0,0,0,0,0,0
-64.8129,-44.677,1,2016353,0,0,0,0,0,0,0,0
-64.8129,-44.677,1,2016354,0,0,0,0,0,0,0,0
-64.6201,-44.9423,1,2016355,0,0,0,0,0,0,0,0
-64.721,-44.5608,1,2016356,0,0,0,0,0,0,0,0
-64.721,-44.5608,1,2016357,0,0,0,0,0,0,0,0
-64.721,-44.5608,1,2016358,0,0,0,0,0,0,0,0
-64.8186,-44.984,1,2016359,0,0,0,0,0,0,0,0
-64.779,-45.1185,1,2016360,0,0,0,0,0,0,0,0
-64.7552,-44.8993,1,2016361,0,0,0,0,0,0,0,0
-64.7059,-44.9147,1,2016362,0,0,0,0,0,0,0,0
-64.7059,-44.9147,1,2016363,0,0,0,0,0,0,0,0
-64.716,-45.0354,1,2016364,0,0,0,0,0,0,0,0
-64.6736,-45.0332,1,2016365,0,0,0,0,0,0,0,0
-64.6859,-45.1918,1,2016366,0,0,0,0,0,0,0,0
-64.7104,-45.2492,1,2017001,0,0,0,0,0,0,0,0
-64.7473,-45.3363,1,2017002,0,0,0,0,0,0,0,0
-64.7473,-45.3363,0,2017003,0,0,0,0,0,0,0,0
-64.7473,-45.3363,1,2017004,0,0,0,0,0,0,0,0
-64.7473,-45.3363,1,2017005,0,0,0,0,0,0,0,0
-64.7735,-45.3329,0,2017006,0,0,0,0,0,0,0,0
-64.7996,-45.3295,1,2017007,0,0,0,0,0,0,0,0
-64.7996,-45.3295,1,2017008,0,0,0,0,0,0,0,0
-64.7996,-45.3295,1,2017009,0,0,0,0,0,0,0,0
-64.7996,-45.3295,0,2017010,0,0,0,0,0,0,0,0
-64.7996,-45.3295,1,2017011,0,0,0,0,0,0,0,0
-64.8112,-45.259,1,2017012,0,0,0,0,0,0,0,0
-64.8112,-45.259,1,2017013,0,0,0,0,0,0,0,0
-64.8112,-45.259,1,2017014,0,0,0,0,0,0,0,0
-64.8112,-45.259,1,2017015,0,0,0,0,0,0,0,0
-64.8266,-45.2957,1,2017016,0,0,0,0,0,0,0,0
-64.8266,-45.2957,1,2017017,0,0,0,0,0,0,0,0
-64.8266,-45.2957,1,2017018,0,0,0,0,0,0,0,0
-64.8266,-45.2957,0,2017019,0,0,0,0,0,0,0,0
-64.8266,-45.2957,1,2017020,0,0,0,0,0,0,0,0
-64.7285,-45.8504,1,2017021,0,0,0,0,0,0,0,0
-64.7285,-45.8504,1,2017022,0,0,0,0,0,0,0,0
-64.7518,-45.7397,1,2017023,0,0,0,0,0,0,0,0
-64.7518,-45.7397,1,2017024,0,0,0,0,0,0,0,0
-64.7518,-45.7397,1,2017025,0,0,0,0,0,0,0,0
-64.6781,-45.7935,1,2017026,0,0,0,0,0,0,0,0
-64.6781,-45.7935,1,2017027,0,0,0,0,0,0,0,0
-64.6781,-45.7935,0,2017028,0,0,0,0,0,0,0,0
-64.6781,-45.7935,1,2017029,0,0,0,0,0,0,0,0
-64.4911,-45.6085,1,2017030,0,0,0,0,0,0,0,0
-64.4711,-45.5167,0,2017031,0,0,0,0,0,0,0,0
-64.4556,-45.4354,0,2017032,0,0,0,0,0,0,0,0
-64.4441,-45.3659,0,2017033,0,0,0,0,0,0,0,0
-64.4361,-45.3095,0,2017034,0,0,0,0,0,0,0,0
-64.431,-45.2676,0,2017035,0,0,0,0,0,0,0,0
-64.4283,-45.2414,0,2017036,0,0,0,0,0,0,0,0
-64.4275,-45.2324,1,2017037,0,0,0,0,0,0,0,0
-64.4275,-45.2324,1,2017038,0,0,0,0,0,0,0,0
-64.4748,-45.4077,1,2017039,0,0,0,0,0,0,0,0
-64.3433,-45.1973,1,2017040,0,0,0,0,0,0,0,0
-64.3873,-45.1996,0,2017041,0,0,0,0,0,0,0,0
-64.4692,-45.204,0,2017042,0,0,0,0,0,0,0,0
-64.5132,-45.2063,1,2017043,0,0,0,0,0,0,0,0
-64.5132,-45.2063,1,2017044,0,0,0,0,0,0,0,0
-64.5132,-45.2063,1,2017045,0,0,0,0,0,0,0,0
-64.5132,-45.2063,1,2017046,0,0,0,0,0,0,0,0
-64.5132,-45.2063,1,2017047,0,0,0,0,0,0,0,0
-64.4172,-45.1126,1,2017048,0,0,0,0,0,0,0,0
-64.3759,-45.0807,1,2017049,0,0,0,0,0,0,0,0
-64.3759,-45.0807,1,2017050,0,0,0,0,0,0,0,0
-64.4329,-44.7634,1,2017051,0,0,0,0,0,0,0,0
-64.3674,-44.9018,1,2017052,0,0,0,0,0,0,0,0
-64.3674,-44.9018,1,2017053,0,0,0,0,0,0,0,0
-64.3674,-44.9018,0,2017054,0,0,0,0,0,0,0,0
-64.3674,-44.9018,1,2017055,0,0,0,0,0,0,0,0
-64.3674,-44.9018,1,2017056,0,0,0,0,0,0,0,0
-64.3674,-44.9018,1,2017057,0,0,0,0,0,0,0,0
-64.3674,-44.9018,1,2017058,0,0,0,0,0,0,0,0
-64.3674,-44.9018,1,2017059,0,0,0,0,0,0,0,0
-64.3674,-44.9018,1,2017060,0,0,0,0,0,0,0,0
-64.3674,-44.9018,1,2017061,0,0,0,0,0,0,0,0
-64.3674,-44.9018,1,2017062,0,0,0,0,0,0,0,0
-64.3674,-44.9018,1,2017063,0,0,0,0,0,0,0,0
-64.3674,-44.9018,1,2017064,0,0,0,0,0,0,0,0
-64.3674,-44.9018,1,2017065,0,0,0,0,0,0,0,0
-64.2905,-44.9162,0,2017066,0,0,0,0,0,0,0,0
-64.2135,-44.9305,1,2017067,0,0,0,0,0,0,0,0
-64.2135,-44.9305,1,2017068,0,0,0,0,0,0,0,0
-64.2135,-44.9305,1,2017069,0,0,0,0,0,0,0,0
-64.2135,-44.9305,1,2017070,0,0,0,0,0,0,0,0
-64.2135,-44.9305,1,2017071,0,0,0,0,0,0,0,0
-64.0827,-44.6951,1,2017072,0,0,0,0,0,0,0,0
-64.0827,-44.6951,1,2017073,0,0,0,0,0,0,0,0
-64.0827,-44.6951,1,2017074,0,0,0,0,0,0,0,0
-64.0827,-44.6951,1,2017075,0,0,0,0,0,0,0,0
-63.9415,-44.316,1,2017076,0,0,0,0,0,0,0,0
-63.9534,-44.063,1,2017077,0,0,0,0,0,0,0,0
-63.9534,-44.063,1,2017078,0,0,0,0,0,0,0,0
-63.9146,-43.6701,1,2017079,0,0,0,0,0,0,0,0
-63.9146,-43.6701,1,2017080,0,0,0,0,0,0,0,0
-63.96,-43.4619,1,2017081,0,0,0,0,0,0,0,0
-63.96,-43.4619,1,2017082,0,0,0,0,0,0,0,0
-63.98,-43.1687,1,2017083,0,0,0,0,0,0,0,0
-63.98,-43.1687,1,2017084,0,0,0,0,0,0,0,0
-63.9506,-42.8635,1,2017085,0,0,0,0,0,0,0,0
-63.928,-42.7286,0,2017086,0,0,0,0,0,0,0,0
-63.9166,-42.6713,1,2017087,0,0,0,0,0,0,0,0
-63.9166,-42.6713,1,2017088,0,0,0,0,0,0,0,0
-63.9166,-42.6713,1,2017089,0,0,0,0,0,0,0,0
-63.88,-42.3242,1,2017090,0,0,0,0,0,0,0,0
-63.88,-42.3242,1,2017091,0,0,0,0,0,0,0,0
-63.88,-42.3242,1,2017092,0,0,0,0,0,0,0,0
-63.8388,-42.0904,1,2017093,0,0,0,0,0,0,0,0
-63.7511,-42.1202,1,2017094,0,0,0,0,0,0,0,0
-63.6773,-41.8511,1,2017095,0,0,0,0,0,0,0,0
-63.6855,-41.6993,0,2017096,0,0,0,0,0,0,0,0
-63.7035,-41.573,0,2017097,0,0,0,0,0,0,0,0
-63.7214,-41.4865,0,2017098,0,0,0,0,0,0,0,0
-63.7296,-41.4545,1,2017099,0,0,0,0,0,0,0,0
-63.7296,-41.4545,0,2017100,0,0,0,0,0,0,0,0
-63.7296,-41.4545,1,2017101,0,0,0,0,0,0,0,0
-63.7296,-41.4545,1,2017102,0,0,0,0,0,0,0,0
-63.7747,-41.3692,1,2017103,0,0,0,0,0,0,0,0
-63.7747,-41.3692,1,2017104,0,0,0,0,0,0,0,0
-63.7483,-41.2288,1,2017105,0,0,0,0,0,0,0,0
-63.7483,-41.2288,1,2017106,0,0,0,0,0,0,0,0
-63.6739,-40.9667,0,2017107,0,0,0,0,0,0,0,0
-63.5994,-40.7045,1,2017108,0,0,0,0,0,0,0,0
-63.5994,-40.7045,1,2017109,0,0,0,0,0,0,0,0
-63.6207,-40.4858,1,2017110,0,0,0,0,0,0,0,0
-63.6207,-40.4858,0,2017111,0,0,0,0,0,0,0,0
-63.6207,-40.4858,1,2017112,0,0,0,0,0,0,0,0
-63.5689,-40.1859,1,2017113,0,0,0,0,0,0,0,0
-63.5174,-39.9461,1,2017114,0,0,0,0,0,0,0,0
-63.5174,-39.9461,1,2017115,0,0,0,0,0,0,0,0
-63.4538,-39.8172,0,2017116,0,0,0,0,0,0,0,0
-63.3902,-39.6883,1,2017117,0,0,0,0,0,0,0,0
-63.3902,-39.6883,1,2017118,0,0,0,0,0,0,0,0
-63.2989,-39.5904,1,2017119,0,0,0,0,0,0,0,0
-63.2989,-39.5904,1,2017120,0,0,0,0,0,0,0,0
-63.1488,-39.3864,1,2017121,0,0,0,0,0,0,0,0
-63.1488,-39.3864,0,2017122,0,0,0,0,0,0,0,0
-63.1488,-39.3864,1,2017123,0,0,0,0,0,0,0,0
-63.0771,-39.3329,1,2017124,0,0,0,0,0,0,0,0
-63.0771,-39.3329,1,2017125,0,0,0,0,0,0,0,0
-63.0771,-39.3329,1,2017126,0,0,0,0,0,0,0,0
-63.0771,-39.3329,1,2017127,0,0,0,0,0,0,0,0
-63.0771,-39.3329,0,2017128,0,0,0,0,0,0,0,0
-63.0771,-39.3329,1,2017129,0,0,0,0,0,0,0,0
-63.0771,-39.3329,1,2017130,0,0,0,0,0,0,0,0
-62.9731,-39.1456,1,2017131,0,0,0,0,0,0,0,0
-62.8347,-39.043,0,2017132,0,0,0,0,0,0,0,0
-62.7499,-38.9964,1,2017133,0,0,0,0,0,0,0,0
-62.7499,-38.9964,1,2017134,0,0,0,0,0,0,0,0
-62.7499,-38.9964,1,2017135,0,0,0,0,0,0,0,0
-62.4926,-38.6278,1,2017136,0,0,0,0,0,0,0,0
-62.4926,-38.6278,1,2017137,0,0,0,0,0,0,0,0
-62.4862,-38.2705,0,2017138,0,0,0,0,0,0,0,0
-62.4699,-37.7858,1,2017139,0,0,0,0,0,0,0,0
-62.3982,-37.6101,0,2017140,0,0,0,0,0,0,0,0
-62.3121,-37.4202,1,2017141,0,0,0,0,0,0,0,0
-62.2747,-36.9138,1,2017142,0,0,0,0,0,0,0,0
-62.2747,-36.9138,1,2017143,0,0,0,0,0,0,0,0
-62.1561,-36.5434,1,2017144,0,0,0,0,0,0,0,0
-62.1561,-36.5434,1,2017145,0,0,0,0,0,0,0,0
-62.1245,-36.398,0,2017146,0,0,0,0,0,0,0,0
-62.0586,-36.159,1,2017147,0,0,0,0,0,0,0,0
-61.9564,-35.9756,1,2017148,0,0,0,0,0,0,0,0
-61.9564,-35.9756,1,2017149,0,0,0,0,0,0,0,0
-61.8212,-35.7178,1,2017150,0,0,0,0,0,0,0,0
-61.7387,-35.6182,1,2017151,0,0,0,0,0,0,0,0
