ascat_1,ascat_2,ascat_3,date,nic_1,nic_2,nic_3,oscat_1,oscat_2,oscat_3,size_1,size_2
0,0,0,2010024,-74.85,-109.07,1,0,0,0,10,7
0,0,0,2010031,-74.85,-109.07,1,0,0,0,10,7
0,0,0,2010038,-74.85,-109.07,1,0,0,0,10,7
0,0,0,2010045,-74.85,-109.07,1,0,0,0,10,7
0,0,0,2010052,-74.85,-109.07,1,0,0,0,10,7
0,0,0,2010059,-74.85,-109.07,1,0,0,0,10,7
0,0,0,2010066,-74.85,-109.07,1,0,0,0,10,7
0,0,0,2010073,-74.85,-109.07,1,0,0,0,10,7
0,0,0,2010080,-74.85,-109.07,1,0,0,0,10,7
0,0,0,2010087,-74.85,-109.07,1,0,0,0,10,7
0,0,0,2010094,-74.85,-109.07,1,0,0,0,10,7
0,0,0,2010101,-74.85,-109.07,1,0,0,0,10,7
0,0,0,2010108,-74.85,-109.07,1,0,0,0,10,7
0,0,0,2010115,-74.85,-109.07,1,0,0,0,10,7
0,0,0,2010122,-74.85,-109.07,1,0,0,0,10,7
0,0,0,2010129,-74.83,-109.03,1,0,0,0,10,7
0,0,0,2010136,-74.83,-109.03,1,0,0,0,10,7
0,0,0,2010143,-74.83,-109.03,1,0,0,0,10,7
0,0,0,2010150,-74.83,-109.03,1,0,0,0,10,7
0,0,0,2010157,-74.83,-109.03,1,0,0,0,10,7
0,0,0,2010164,-74.83,-109.03,1,0,0,0,10,7
0,0,0,2010171,-74.83,-109.03,1,0,0,0,10,7
0,0,0,2010178,-74.83,-109.03,1,0,0,0,10,7
0,0,0,2010185,-74.83,-109.03,1,0,0,0,10,7
0,0,0,2010192,-74.83,-109.03,1,0,0,0,10,7
0,0,0,2010199,-74.83,-109.03,1,0,0,0,10,7
0,0,0,2010206,-74.83,-109.03,1,0,0,0,10,7
0,0,0,2010213,-74.83,-109.03,1,0,0,0,10,7
0,0,0,2010220,-74.83,-109.07,1,0,0,0,10,7
0,0,0,2010227,-74.83,-109.07,1,0,0,0,10,7
0,0,0,2010234,-74.83,-109.07,1,0,0,0,10,7
0,0,0,2010241,-74.83,-109.07,1,0,0,0,10,7
0,0,0,2010248,-74.83,-109.07,1,0,0,0,10,7
0,0,0,2010255,-74.83,-109.07,1,0,0,0,10,7
0,0,0,2010262,-74.83,-109.07,1,0,0,0,10,7
0,0,0,2010269,-74.83,-109.07,1,0,0,0,10,7
0,0,0,2010276,-74.83,-109.07,1,0,0,0,10,7
0,0,0,2010283,-74.83,-109.07,1,0,0,0,10,7
0,0,0,2010290,-74.83,-109.07,1,0,0,0,10,7
0,0,0,2010304,-74.83,-109.07,1,0,0,0,10,7
0,0,0,2010318,-74.83,-109.03,1,0,0,0,11,7
0,0,0,2010325,-74.83,-109.03,1,0,0,0,11,7
0,0,0,2010332,-74.83,-109.03,1,0,0,0,11,7
0,0,0,2010339,-74.83,-109.03,1,0,0,0,11,7
0,0,0,2010346,-74.83,-109.03,1,0,0,0,11,7
0,0,0,2010353,-74.83,-109.03,1,0,0,0,11,7
0,0,0,2010360,-74.83,-109.03,1,0,0,0,11,7
0,0,0,2011002,-74.83,-109.03,1,0,0,0,11,7
0,0,0,2011009,-74.83,-109.03,1,0,0,0,11,7
0,0,0,2011016,-74.83,-109.03,1,0,0,0,11,7
0,0,0,2011023,-74.83,-109.03,1,0,0,0,11,7
0,0,0,2011030,-74.83,-109.03,1,0,0,0,11,7
0,0,0,2011037,-74.83,-109.03,1,0,0,0,11,7
0,0,0,2011044,-74.83,-109.03,1,0,0,0,11,7
0,0,0,2011051,-74.83,-109.03,1,0,0,0,11,7
0,0,0,2011058,-74.83,-109.03,1,0,0,0,11,7
0,0,0,2011065,-74.83,-109.03,1,0,0,0,11,7
0,0,0,2011072,-74.83,-109.03,1,0,0,0,11,7
0,0,0,2011079,-74.83,-109.03,1,0,0,0,11,7
0,0,0,2011086,-75.38,-109.05,1,0,0,0,11,7
0,0,0,2011093,-75.38,-109.07,1,0,0,0,11,7
0,0,0,2011107,-74.83,-109.03,1,0,0,0,11,7
0,0,0,2011114,-74.83,-109.03,1,0,0,0,11,7
0,0,0,2011121,-74.83,-109.03,1,0,0,0,11,7
0,0,0,2011128,-74.83,-109.03,1,0,0,0,11,7
0,0,0,2011135,-74.83,-109.03,1,0,0,0,11,7
0,0,0,2011142,-74.83,-109.03,1,0,0,0,11,7
0,0,0,2011149,-74.83,-109.01,1,0,0,0,11,7
0,0,0,2011156,-74.83,-109.03,1,0,0,0,11,7
0,0,0,2011163,-74.83,-109.03,1,0,0,0,11,7
0,0,0,2011170,-74.85,-109.09,1,0,0,0,11,7
0,0,0,2011177,-74.82,-109.02,1,0,0,0,11,7
0,0,0,2011178,-74.82,-109.02,0,0,0,0,0,0
0,0,0,2011179,-74.82,-109.02,0,0,0,0,0,0
0,0,0,2011180,-74.82,-109.02,0,0,0,0,0,0
0,0,0,2011181,-74.82,-109.02,0,0,0,0,0,0
0,0,0,2011182,-74.82,-109.02,0,0,0,0,0,0
0,0,0,2011183,-74.82,-109.02,0,0,0,0,0,0
0,0,0,2011184,-74.82,-109.02,1,0,0,0,11,7
0,0,0,2011185,-74.82,-109.02,0,0,0,0,0,0
0,0,0,2011186,-74.82,-109.02,0,0,0,0,0,0
0,0,0,2011187,-74.82,-109.02,0,0,0,0,0,0
0,0,0,2011188,-74.82,-109.02,0,0,0,0,0,0
0,0,0,2011189,-74.82,-109.02,0,0,0,0,0,0
0,0,0,2011190,-74.82,-109.02,0,0,0,0,0,0
0,0,0,2011191,-74.82,-109.02,1,0,0,0,11,7
0,0,0,2011192,-74.82,-109.02,0,0,0,0,0,0
0,0,0,2011193,-74.82,-109.02,0,0,0,0,0,0
0,0,0,2011194,-74.82,-109.02,0,0,0,0,0,0
0,0,0,2011195,-74.82,-109.02,0,0,0,0,0,0
0,0,0,2011196,-74.82,-109.02,0,0,0,0,0,0
0,0,0,2011197,-74.82,-109.02,0,0,0,0,0,0
0,0,0,2011198,-74.82,-109.02,1,0,0,0,11,7
0,0,0,2011199,-74.82,-109.02,0,0,0,0,0,0
0,0,0,2011200,-74.82,-109.02,0,0,0,0,0,0
0,0,0,2011201,-74.82,-109.02,0,0,0,0,0,0
0,0,0,2011202,-74.82,-109.02,0,0,0,0,0,0
0,0,0,2011203,-74.82,-109.02,0,0,0,0,0,0
0,0,0,2011204,-74.82,-109.02,0,0,0,0,0,0
0,0,0,2011205,-74.82,-109.02,1,0,0,0,11,7
0,0,0,2011206,-74.82,-109.0206,0,0,0,0,0,0
0,0,0,2011207,-74.82,-109.022,0,0,0,0,0,0
0,0,0,2011208,-74.82,-109.0239,0,0,0,0,0,0
0,0,0,2011209,-74.82,-109.0261,0,0,0,0,0,0
0,0,0,2011210,-74.82,-109.028,0,0,0,0,0,0
0,0,0,2011211,-74.82,-109.0294,0,0,0,0,0,0
0,0,0,2011212,-74.82,-109.03,1,0,0,0,11,7
0,0,0,2011213,-74.82,-109.03,0,0,0,0,0,0
0,0,0,2011214,-74.82,-109.03,0,0,0,0,0,0
0,0,0,2011215,-74.82,-109.03,0,0,0,0,0,0
0,0,0,2011216,-74.82,-109.03,0,0,0,0,0,0
0,0,0,2011217,-74.82,-109.03,0,0,0,0,0,0
0,0,0,2011218,-74.82,-109.03,0,0,0,0,0,0
0,0,0,2011219,-74.82,-109.03,1,0,0,0,11,7
0,0,0,2011220,-74.82,-109.03,0,0,0,0,0,0
0,0,0,2011221,-74.82,-109.03,0,0,0,0,0,0
0,0,0,2011222,-74.82,-109.03,0,0,0,0,0,0
0,0,0,2011223,-74.82,-109.03,0,0,0,0,0,0
0,0,0,2011224,-74.82,-109.03,0,0,0,0,0,0
0,0,0,2011225,-74.82,-109.03,0,0,0,0,0,0
0,0,0,2011226,-74.82,-109.03,1,0,0,0,11,7
0,0,0,2011227,-74.82,-109.03,0,0,0,0,0,0
0,0,0,2011228,-74.82,-109.03,0,0,0,0,0,0
0,0,0,2011229,-74.82,-109.03,0,0,0,0,0,0
0,0,0,2011230,-74.82,-109.03,0,0,0,0,0,0
0,0,0,2011231,-74.82,-109.03,0,0,0,0,0,0
0,0,0,2011232,-74.82,-109.03,0,0,0,0,0,0
0,0,0,2011233,-74.82,-109.03,1,0,0,0,11,7
0,0,0,2011234,-74.82,-109.03,0,0,0,0,0,0
0,0,0,2011235,-74.82,-109.03,0,0,0,0,0,0
0,0,0,2011236,-74.82,-109.03,0,0,0,0,0,0
0,0,0,2011237,-74.82,-109.03,0,0,0,0,0,0
0,0,0,2011238,-74.82,-109.03,0,0,0,0,0,0
0,0,0,2011239,-74.82,-109.03,0,0,0,0,0,0
0,0,0,2011240,-74.82,-109.03,1,0,0,0,11,7
0,0,0,2011241,-74.82,-109.03,0,0,0,0,0,0
0,0,0,2011242,-74.82,-109.03,0,0,0,0,0,0
0,0,0,2011243,-74.82,-109.03,0,0,0,0,0,0
0,0,0,2011244,-74.82,-109.03,0,0,0,0,0,0
0,0,0,2011245,-74.82,-109.03,0,0,0,0,0,0
0,0,0,2011246,-74.82,-109.03,0,0,0,0,0,0
0,0,0,2011247,-74.82,-109.03,1,0,0,0,11,7
0,0,0,2011248,-74.82,-109.03,0,0,0,0,0,0
0,0,0,2011249,-74.82,-109.03,0,0,0,0,0,0
0,0,0,2011250,-74.82,-109.03,0,0,0,0,0,0
0,0,0,2011251,-74.82,-109.03,0,0,0,0,0,0
0,0,0,2011252,-74.82,-109.03,0,0,0,0,0,0
0,0,0,2011253,-74.82,-109.03,0,0,0,0,0,0
0,0,0,2011254,-74.82,-109.03,1,0,0,0,11,7
0,0,0,2011255,-74.8194,-109.0311,0,0,0,0,0,0
0,0,0,2011256,-74.818,-109.034,0,0,0,0,0,0
0,0,0,2011257,-74.8161,-109.0379,0,0,0,0,0,0
0,0,0,2011261,-74.81,-109.05,1,0,0,0,11,7
0,0,0,2011268,-74.81,-109.05,1,0,0,0,11,7
0,0,0,2011275,-74.81,-109.05,1,0,0,0,11,7
0,0,0,2011282,-74.81,-109.05,1,0,0,0,11,7
0,0,0,2011289,-74.81,-109.05,1,0,0,0,11,7
0,0,0,2011296,-74.81,-109.05,1,0,0,0,11,7
0,0,0,2011303,-74.81,-109.05,1,0,0,0,11,7
0,0,0,2011310,-74.82,-109.05,1,0,0,0,11,7
0,0,0,2011317,-74.82,-109.05,1,0,0,0,11,7
0,0,0,2011324,-74.82,-109.05,1,0,0,0,11,7
0,0,0,2011331,-74.82,-109.05,1,0,0,0,11,7
0,0,0,2011338,-74.82,-109.05,1,0,0,0,11,7
0,0,0,2011345,-74.82,-109.06,1,0,0,0,11,7
0,0,0,2011352,-74.82,-109.06,1,0,0,0,11,7
0,0,0,2011359,-74.82,-109.06,1,0,0,0,11,7
0,0,0,2012001,-74.81,-109.07,1,0,0,0,11,7
0,0,0,2012008,-74.81,-109.07,1,0,0,0,11,7
0,0,0,2012015,-74.81,-109.05,1,0,0,0,10,7
0,0,0,2012022,-74.81,-109.06,1,0,0,0,10,7
0,0,0,2012029,-74.81,-109.06,1,0,0,0,10,7
-74.7763,-109.3444,1,2012035,0,0,0,-74.7763,-109.3444,1,0,0
-74.7705,-109.2914,1,2012036,-74.81,-109.06,1,-74.7705,-109.2914,1,10,7
-74.7837,-109.2639,1,2012037,0,0,0,-74.7837,-109.2639,1,0,0
-74.7904,-109.1913,1,2012038,0,0,0,-74.7904,-109.1913,1,0,0
-74.7992,-109.0941,1,2012039,0,0,0,-74.7992,-109.0941,1,0,0
-74.7934,-109.1589,1,2012040,0,0,0,-74.7934,-109.1589,1,0,0
-74.7735,-109.1415,1,2012041,0,0,0,-74.7735,-109.1415,1,0,0
-74.7544,-109.1164,1,2012042,0,0,0,-74.7544,-109.1164,1,0,0
-74.7354,-109.0913,1,2012043,-74.81,-109.06,1,-74.7354,-109.0913,1,10,7
-74.7163,-109.0662,1,2012044,0,0,0,-74.7163,-109.0662,1,0,0
-74.7487,-109.1812,1,2012045,0,0,0,-74.7487,-109.1812,1,0,0
-74.7801,-109.3043,1,2012046,0,0,0,-74.7801,-109.3043,1,0,0
-74.7572,-109.3189,1,2012047,0,0,0,-74.7572,-109.3189,1,0,0
-74.7507,-109.274,1,2012048,0,0,0,-74.7507,-109.274,1,0,0
-74.7477,-109.3062,1,2012049,0,0,0,-74.7477,-109.3062,1,0,0
-74.7477,-109.3062,0,2012050,-74.81,-109.06,1,-74.7477,-109.3062,0,10,7
-74.7477,-109.3062,1,2012051,0,0,0,-74.7477,-109.3062,1,0,0
-74.7477,-109.3062,1,2012052,0,0,0,-74.7477,-109.3062,1,0,0
-74.7352,-109.3258,1,2012053,0,0,0,-74.7352,-109.3258,1,0,0
-74.7477,-109.4237,1,2012054,0,0,0,-74.7477,-109.4237,1,0,0
-74.7469,-109.4315,1,2012055,0,0,0,-74.7469,-109.4315,1,0,0
-74.7469,-109.4315,1,2012056,0,0,0,-74.7469,-109.4315,1,0,0
-74.7469,-109.4315,1,2012057,-74.8,-109.06,1,-74.7469,-109.4315,1,10,7
-74.7469,-109.4315,1,2012058,0,0,0,-74.7469,-109.4315,1,0,0
-74.7469,-109.4315,1,2012059,0,0,0,-74.7469,-109.4315,1,0,0
-74.7469,-109.4315,0,2012060,0,0,0,-74.7469,-109.4315,0,0,0
-74.7469,-109.4315,1,2012061,0,0,0,-74.7469,-109.4315,1,0,0
-74.7469,-109.4315,1,2012062,0,0,0,-74.7469,-109.4315,1,0,0
-74.7469,-109.4315,1,2012063,0,0,0,-74.7469,-109.4315,1,0,0
-74.7469,-109.4315,1,2012064,-74.8,-109.05,1,-74.7469,-109.4315,1,10,7
-74.7469,-109.4315,1,2012065,0,0,0,-74.7469,-109.4315,1,0,0
-74.7469,-109.4315,1,2012066,0,0,0,-74.7469,-109.4315,1,0,0
-74.7469,-109.4315,1,2012067,0,0,0,-74.7469,-109.4315,1,0,0
-74.7469,-109.4315,1,2012068,0,0,0,-74.7469,-109.4315,1,0,0
-74.7469,-109.4315,1,2012069,0,0,0,-74.7469,-109.4315,1,0,0
-74.7469,-109.4315,1,2012070,0,0,0,-74.7469,-109.4315,1,0,0
-74.7469,-109.4315,1,2012071,-74.8,-109.05,1,-74.7469,-109.4315,1,10,7
-74.7469,-109.4315,1,2012072,0,0,0,-74.7469,-109.4315,1,0,0
-74.7469,-109.4315,1,2012073,0,0,0,-74.7469,-109.4315,1,0,0
-74.7469,-109.4315,1,2012074,0,0,0,-74.7469,-109.4315,1,0,0
-74.7469,-109.4315,1,2012075,0,0,0,-74.7469,-109.4315,1,0,0
-74.7469,-109.4315,1,2012076,0,0,0,-74.7469,-109.4315,1,0,0
-74.7469,-109.4315,1,2012077,0,0,0,-74.7469,-109.4315,1,0,0
-74.7469,-109.4315,1,2012078,-74.8,-109.05,1,-74.7469,-109.4315,1,10,7
-74.7469,-109.4315,1,2012079,0,0,0,-74.7469,-109.4315,1,0,0
-74.7469,-109.4315,1,2012080,0,0,0,-74.7469,-109.4315,1,0,0
-74.7469,-109.4315,1,2012081,0,0,0,-74.7469,-109.4315,1,0,0
-74.7469,-109.4315,1,2012082,0,0,0,-74.7469,-109.4315,1,0,0
-74.7469,-109.4315,1,2012083,0,0,0,-74.7469,-109.4315,1,0,0
-74.7469,-109.4315,1,2012084,0,0,0,-74.7469,-109.4315,1,0,0
-74.7469,-109.4315,1,2012085,-74.8,-109.04,1,-74.7469,-109.4315,1,10,7
-74.7469,-109.4315,1,2012086,0,0,0,-74.7469,-109.4315,1,0,0
-74.7469,-109.4315,1,2012087,0,0,0,-74.7469,-109.4315,1,0,0
-74.7469,-109.4315,1,2012088,0,0,0,-74.7469,-109.4315,1,0,0
-74.7469,-109.4315,1,2012089,0,0,0,-74.7469,-109.4315,1,0,0
-74.7469,-109.4315,1,2012090,0,0,0,-74.7469,-109.4315,1,0,0
-74.7469,-109.4315,1,2012091,0,0,0,-74.7469,-109.4315,1,0,0
-74.7469,-109.4315,1,2012092,-74.8,-109.04,1,-74.7469,-109.4315,1,10,7
-74.7469,-109.4315,1,2012093,0,0,0,-74.7469,-109.4315,1,0,0
-74.7469,-109.4315,1,2012094,0,0,0,-74.7469,-109.4315,1,0,0
-74.7469,-109.4315,1,2012095,0,0,0,-74.7469,-109.4315,1,0,0
-74.7469,-109.4315,1,2012096,0,0,0,-74.7469,-109.4315,1,0,0
-74.7469,-109.4315,1,2012097,0,0,0,-74.7469,-109.4315,1,0,0
-74.7323,-109.7019,1,2012098,0,0,0,-74.7323,-109.7019,1,0,0
-74.7469,-109.4315,1,2012099,-74.8,-109.04,1,-74.7469,-109.4315,1,10,7
-74.7622,-110.2871,1,2012100,0,0,0,-74.7622,-110.2871,1,0,0
-74.7634,-110.0515,1,2012101,0,0,0,-74.7634,-110.0515,1,0,0
-74.7597,-110.2018,1,2012102,0,0,0,-74.7597,-110.2018,1,0,0
-74.7359,-110.1136,1,2012103,0,0,0,-74.7359,-110.1136,1,0,0
-74.6956,-110.0851,1,2012104,0,0,0,-74.6956,-110.0851,1,0,0
-74.7614,-110.1856,1,2012106,-74.8,-109.04,1,-74.7614,-110.1856,1,10,7
-74.758,-110.1079,1,2012107,0,0,0,-74.758,-110.1079,1,0,0
-74.7147,-110.2207,1,2012108,0,0,0,-74.7147,-110.2207,1,0,0
-74.7827,-110.1879,1,2012109,0,0,0,-74.7827,-110.1879,1,0,0
-74.755,-110.2496,1,2012110,0,0,0,-74.755,-110.2496,1,0,0
-74.7572,-110.1158,1,2012111,0,0,0,-74.7572,-110.1158,1,0,0
-74.7335,-110.1378,1,2012112,0,0,0,-74.7335,-110.1378,1,0,0
-74.7485,-110.0948,1,2012113,-74.8,-109.04,1,-74.7485,-110.0948,1,10,7
-74.7403,-110.4021,1,2012114,0,0,0,-74.7403,-110.4021,1,0,0
-74.7654,-110.2544,1,2012115,0,0,0,-74.7654,-110.2544,1,0,0
-74.7796,-110.3296,1,2012116,0,0,0,-74.7796,-110.3296,1,0,0
-74.754,-110.1478,1,2012117,0,0,0,-74.754,-110.1478,1,0,0
-74.7518,-110.1722,1,2012118,0,0,0,-74.7518,-110.1722,1,0,0
-74.7359,-110.1136,1,2012119,0,0,0,-74.7359,-110.1136,1,0,0
-74.756,-110.3514,1,2012120,-74.8,-109.04,1,-74.756,-110.3514,1,10,7
-74.7312,-110.1613,1,2012121,0,0,0,-74.7312,-110.1613,1,0,0
-74.7392,-110.191,1,2012122,0,0,0,-74.7392,-110.191,1,0,0
-74.7241,-110.1247,1,2012123,0,0,0,-74.7241,-110.1247,1,0,0
-74.7393,-110.1911,1,2012124,0,0,0,-74.7393,-110.1911,1,0,0
-74.7138,-110.1193,1,2012125,0,0,0,-74.7138,-110.1193,1,0,0
-74.7331,-110.2552,1,2012126,0,0,0,-74.7331,-110.2552,1,0,0
-74.745,-110.3537,1,2012127,-74.8,-109.04,1,-74.745,-110.3537,1,10,7
-74.7284,-110.4121,1,2012128,0,0,0,-74.7284,-110.4121,1,0,0
-74.7117,-110.252,1,2012129,0,0,0,-74.7117,-110.252,1,0,0
-74.7379,-110.3162,1,2012130,0,0,0,-74.7379,-110.3162,1,0,0
-74.684,-110.2044,1,2012131,0,0,0,-74.684,-110.2044,1,0,0
-74.7387,-110.3085,1,2012132,0,0,0,-74.7387,-110.3085,1,0,0
-74.7314,-110.2707,1,2012133,0,0,0,-74.7314,-110.2707,1,0,0
-74.7481,-110.3217,1,2012134,-74.8,-109.04,1,-74.7481,-110.3217,1,10,7
-74.7282,-110.1934,1,2012135,0,0,0,-74.7282,-110.1934,1,0,0
-74.7164,-110.2044,1,2012136,0,0,0,-74.7164,-110.2044,1,0,0
-74.729,-110.1857,1,2012137,0,0,0,-74.729,-110.1857,1,0,0
-74.7297,-110.1778,1,2012138,0,0,0,-74.7297,-110.1778,1,0,0
-74.7264,-110.1005,1,2012139,0,0,0,-74.7264,-110.1005,1,0,0
-74.7148,-110.2208,1,2012140,0,0,0,-74.7148,-110.2208,1,0,0
-74.7352,-110.1216,1,2012141,-74.8,-109.04,1,-74.7352,-110.1216,1,10,7
-74.733,-110.2551,1,2012142,0,0,0,-74.733,-110.2551,1,0,0
-74.7354,-110.2309,1,2012143,0,0,0,-74.7354,-110.2309,1,0,0
-74.726,-110.327,1,2012144,0,0,0,-74.726,-110.327,1,0,0
-74.7125,-110.2442,1,2012145,0,0,0,-74.7125,-110.2442,1,0,0
-74.7071,-110.3004,1,2012146,0,0,0,-74.7071,-110.3004,1,0,0
-74.6967,-110.1858,1,2012147,0,0,0,-74.6967,-110.1858,1,0,0
-74.7071,-110.3005,1,2012148,-74.84,-109.29,1,-74.7071,-110.3005,1,10,7
-74.7379,-110.3162,1,2012149,0,0,0,-74.7379,-110.3162,1,0,0
-74.7157,-110.3214,1,2012150,0,0,0,-74.7157,-110.3214,1,0,0
-74.741,-110.2841,1,2012151,0,0,0,-74.741,-110.2841,1,0,0
-74.7322,-110.2629,1,2012152,0,0,0,-74.7322,-110.2629,1,0,0
-74.7385,-110.1989,1,2012153,0,0,0,-74.7385,-110.1989,1,0,0
-74.733,-110.2551,1,2012154,0,0,0,-74.733,-110.2551,1,0,0
-74.7383,-110.0894,1,2012155,-74.84,-109.29,1,-74.7383,-110.0894,1,10,7
-74.7369,-110.2153,1,2012156,0,0,0,-74.7369,-110.2153,1,0,0
-74.7511,-110.1801,1,2012157,0,0,0,-74.7511,-110.1801,1,0,0
-74.7171,-110.1965,1,2012158,0,0,0,-74.7171,-110.1965,1,0,0
-74.748,-110.2122,1,2012159,0,0,0,-74.748,-110.2122,1,0,0
-74.7392,-110.191,1,2012160,0,0,0,-74.7392,-110.191,1,0,0
-74.7197,-109.9459,1,2012161,0,0,0,-74.7197,-109.9459,1,0,0
-74.7439,-110.1434,1,2012162,-74.84,-109.29,1,-74.7439,-110.1434,1,10,7
-74.7421,-110.0495,1,2012163,0,0,0,-74.7421,-110.0495,1,0,0
-74.7336,-110.1379,1,2012164,0,0,0,-74.7336,-110.1379,1,0,0
-74.7336,-110.1379,1,2012165,0,0,0,-74.7336,-110.1379,1,0,0
-74.7336,-110.1379,1,2012166,0,0,0,-74.7336,-110.1379,1,0,0
-74.7295,-110.0684,1,2012167,0,0,0,-74.7295,-110.0684,1,0,0
-74.7274,-110.2021,1,2012168,0,0,0,-74.7274,-110.2021,1,0,0
-74.7416,-110.1668,1,2012169,-74.84,-109.29,1,-74.7416,-110.1668,1,10,7
-74.7518,-110.1722,1,2012170,0,0,0,-74.7518,-110.1722,1,0,0
-74.7516,-110.0626,1,2012171,0,0,0,-74.7516,-110.0626,1,0,0
-74.7272,-110.0926,1,2012172,0,0,0,-74.7272,-110.0926,1,0,0
-74.7429,-110.0417,1,2012173,0,0,0,-74.7429,-110.0417,1,0,0
-74.7628,-110.1698,1,2012174,0,0,0,-74.7628,-110.1698,1,0,0
-74.723,-110.0231,1,2012175,0,0,0,-74.723,-110.0231,1,0,0
-74.7367,-110.1059,1,2012176,-74.8,-109.09,1,-74.7367,-110.1059,1,10,7
0,0,0,2012177,-74.7857,-109.1033,0,0,0,0,0,0
-74.721,-110.1567,1,2012178,-74.7632,-109.1376,0,-74.721,-110.1567,1,0,0
-74.7201,-110.0553,1,2012179,-74.7362,-109.1845,0,-74.7201,-110.0553,1,0,0
-74.721,-110.1568,1,2012180,-74.7086,-109.2355,0,-74.721,-110.1568,1,0,0
-74.7201,-110.0553,1,2012181,-74.6841,-109.2824,0,-74.7201,-110.0553,1,0,0
-74.7367,-110.1059,1,2012182,-74.6667,-109.3167,0,-74.7367,-110.1059,1,0,0
-74.7179,-110.1887,1,2012183,-74.66,-109.33,1,-74.7179,-110.1887,1,10,7
-74.7071,-110.3004,1,2012184,-74.66,-109.33,0,-74.7071,-110.3004,1,0,0
-74.7094,-110.2763,1,2012185,-74.66,-109.33,0,-74.7094,-110.2763,1,0,0
-74.6969,-110.4041,1,2012186,-74.66,-109.33,0,-74.6969,-110.4041,1,0,0
-74.6951,-110.2014,1,2012187,-74.66,-109.33,0,-74.6951,-110.2014,1,0,0
-74.7197,-110.2818,1,2012188,-74.66,-109.33,0,-74.7197,-110.2818,1,0,0
-74.7218,-110.1482,1,2012189,-74.66,-109.33,0,-74.7218,-110.1482,1,0,0
-74.7141,-110.2286,1,2012190,-74.66,-109.33,1,-74.7141,-110.2286,1,10,7
-74.7606,-110.1934,1,2012191,-74.66,-109.33,0,-74.7606,-110.1934,1,0,0
-74.7392,-110.191,1,2012192,-74.66,-109.33,0,-74.7392,-110.191,1,0,0
-74.7549,-110.1401,1,2012193,-74.66,-109.33,0,-74.7549,-110.1401,1,0,0
-74.7463,-110.2285,1,2012194,-74.66,-109.33,0,-74.7463,-110.2285,1,0,0
-74.7444,-110.0252,1,2012195,-74.66,-109.33,0,-74.7444,-110.0252,1,0,0
-74.7755,-110.1509,1,2012196,-74.66,-109.33,0,-74.7755,-110.1509,1,0,0
-74.7461,-110.1189,1,2012197,-74.66,-109.33,1,-74.7461,-110.1189,1,10,7
-74.7588,-110.1002,1,2012198,-74.66,-109.33,0,-74.7588,-110.1002,1,0,0
-74.7901,-109.9978,1,2012199,-74.66,-109.33,0,-74.7901,-109.9978,1,0,0
-74.7507,-110.0711,1,2012200,-74.66,-109.33,0,-74.7507,-110.0711,1,0,0
-74.7524,-110.0548,1,2012201,-74.66,-109.33,0,-74.7524,-110.0548,1,0,0
-74.7659,-110.1377,1,2012202,-74.66,-109.33,0,-74.7659,-110.1377,1,0,0
-74.7659,-110.1377,1,2012203,-74.66,-109.33,0,-74.7659,-110.1377,1,0,0
-74.7659,-110.1377,1,2012204,-74.66,-109.33,1,-74.7659,-110.1377,1,10,7
-74.7659,-110.1377,1,2012205,-74.66,-109.33,0,-74.7659,-110.1377,1,0,0
-74.7659,-110.1377,1,2012206,-74.66,-109.33,0,-74.7659,-110.1377,1,0,0
-74.7659,-110.1377,1,2012207,-74.66,-109.33,0,-74.7659,-110.1377,1,0,0
-74.7659,-110.1377,1,2012208,-74.66,-109.33,0,-74.7659,-110.1377,1,0,0
-74.7659,-110.1377,1,2012209,-74.66,-109.33,0,-74.7659,-110.1377,1,0,0
-74.7659,-110.1377,1,2012210,-74.66,-109.33,0,-74.7659,-110.1377,1,0,0
-74.7659,-110.1377,1,2012211,-74.66,-109.33,1,-74.7659,-110.1377,1,10,7
0,0,0,2012212,-74.66,-109.33,0,0,0,0,0,0
0,0,0,2012213,-74.66,-109.33,0,0,0,0,0,0
0,0,0,2012214,-74.66,-109.33,0,0,0,0,0,0
0,0,0,2012215,-74.66,-109.33,0,0,0,0,0,0
0,0,0,2012216,-74.66,-109.33,0,0,0,0,0,0
-74.7525,-110.1643,1,2012217,-74.66,-109.33,0,-74.7525,-110.1643,1,0,0
-74.7549,-110.1401,1,2012218,-74.66,-109.33,1,-74.7549,-110.1401,1,10,7
-74.7589,-110.2097,1,2012219,-74.66,-109.33,0,-74.7589,-110.2097,1,0,0
-74.7518,-110.1722,1,2012220,-74.66,-109.33,0,-74.7518,-110.1722,1,0,0
-74.7235,-110.2418,1,2012221,-74.66,-109.33,0,-74.7235,-110.2418,1,0,0
-74.7235,-110.2418,1,2012222,-74.66,-109.33,0,-74.7235,-110.2418,1,0,0
-74.7196,-110.2817,1,2012223,-74.66,-109.33,0,-74.7196,-110.2817,1,0,0
-74.7315,-110.2708,1,2012224,-74.66,-109.33,0,-74.7315,-110.2708,1,0,0
-74.7385,-110.1989,1,2012225,-74.66,-109.33,1,-74.7385,-110.1989,1,10,7
-74.7202,-110.1645,1,2012226,-74.66,-109.33,0,-74.7202,-110.1645,1,0,0
-74.7139,-110.1194,1,2012227,-74.66,-109.33,0,-74.7139,-110.1194,1,0,0
-74.736,-110.1137,1,2012228,-74.66,-109.33,0,-74.736,-110.1137,1,0,0
-74.7272,-110.0926,1,2012229,-74.66,-109.33,0,-74.7272,-110.0926,1,0,0
-74.7115,-110.1436,1,2012230,-74.66,-109.33,0,-74.7115,-110.1436,1,0,0
-74.7044,-110.1062,1,2012231,-74.66,-109.33,0,-74.7044,-110.1062,1,0,0
0,0,0,2012232,-74.66,-109.33,1,0,0,0,10,7
-74.736,-110.1138,1,2012233,-74.66,-109.33,0,-74.736,-110.1138,1,0,0
-74.7528,-110.2739,1,2012234,-74.66,-109.33,0,-74.7528,-110.2739,1,0,0
-74.7603,-110.0837,1,2012235,-74.66,-109.33,0,-74.7603,-110.0837,1,0,0
-74.7686,-110.3327,1,2012236,-74.66,-109.33,0,-74.7686,-110.3327,1,0,0
-74.7279,-110.0839,1,2012237,-74.66,-109.33,0,-74.7279,-110.0839,1,0,0
-74.7464,-110.2286,1,2012238,-74.66,-109.33,0,-74.7464,-110.2286,1,0,0
-74.732,-110.1535,1,2012239,-74.66,-109.33,1,-74.732,-110.1535,1,10,7
-74.7235,-110.2418,1,2012240,-74.66,-109.33,0,-74.7235,-110.2418,1,0,0
-74.7257,-110.1083,1,2012241,-74.66,-109.33,0,-74.7257,-110.1083,1,0,0
-74.7424,-110.159,1,2012242,-74.66,-109.33,0,-74.7424,-110.159,1,0,0
-74.7549,-110.1401,1,2012243,-74.66,-109.33,0,-74.7549,-110.1401,1,0,0
-74.7558,-110.2418,1,2012244,-74.66,-109.33,0,-74.7558,-110.2418,1,0,0
-74.7386,-110.3083,1,2012245,-74.66,-109.33,0,-74.7386,-110.3083,1,0,0
-74.7598,-110.2011,1,2012246,-74.66,-109.33,1,-74.7598,-110.2011,1,10,7
-74.7485,-110.0947,1,2012247,-74.66,-109.33,0,-74.7485,-110.0947,1,0,0
-74.7208,-110.0474,1,2012248,-74.66,-109.33,0,-74.7208,-110.0474,1,0,0
-74.7208,-110.0475,1,2012249,-74.66,-109.33,0,-74.7208,-110.0475,1,0,0
-74.7303,-110.0606,1,2012250,-74.66,-109.33,0,-74.7303,-110.0606,1,0,0
-74.7208,-110.0475,1,2012251,-74.66,-109.33,0,-74.7208,-110.0475,1,0,0
-74.6925,-110.1172,1,2012252,-74.66,-109.33,0,-74.6925,-110.1172,1,0,0
-74.6918,-110.125,1,2012253,-74.66,-109.33,1,-74.6918,-110.125,1,10,7
-74.7172,-110.1967,1,2012254,-74.6678,-109.3128,0,-74.7172,-110.1967,1,0,0
-74.7005,-110.146,1,2012255,-74.6878,-109.2685,0,-74.7005,-110.146,1,0,0
-74.6761,-110.1758,1,2012256,-74.7151,-109.208,0,-74.6761,-110.1758,1,0,0
-74.6975,-110.1781,1,2012257,-74.7449,-109.142,0,-74.6975,-110.1781,1,0,0
-74.6975,-110.1781,1,2012258,-74.7722,-109.0815,0,-74.6975,-110.1781,1,0,0
-74.6975,-110.1781,1,2012259,-74.7922,-109.0372,0,-74.6975,-110.1781,1,0,0
-74.6975,-110.1781,1,2012260,-74.8,-109.02,1,-74.6975,-110.1781,1,10,7
-74.6942,-110.1009,1,2012261,-74.8,-109.02,0,-74.6942,-110.1009,1,0,0
-74.7139,-110.1194,1,2012262,-74.8,-109.02,0,-74.7139,-110.1194,1,0,0
-74.7139,-110.1194,1,2012263,-74.8,-109.02,0,-74.7139,-110.1194,1,0,0
-74.7139,-110.1194,1,2012264,-74.8,-109.02,0,-74.7139,-110.1194,1,0,0
-74.7139,-110.1194,1,2012265,-74.8,-109.02,0,-74.7139,-110.1194,1,0,0
-74.7139,-110.1194,1,2012266,-74.8,-109.02,0,-74.7139,-110.1194,1,0,0
-74.7139,-110.1194,1,2012267,-74.8,-109.02,1,-74.7139,-110.1194,1,10,7
-74.7298,-110.1778,1,2012268,-74.8,-109.02,0,-74.7298,-110.1778,1,0,0
-74.714,-110.2286,1,2012269,-74.8,-109.02,0,-74.714,-110.2286,1,0,0
-74.7166,-110.3137,1,2012270,-74.8,-109.02,0,-74.7166,-110.3137,1,0,0
-74.7282,-110.1934,1,2012271,-74.8,-109.02,0,-74.7282,-110.1934,1,0,0
-74.729,-110.1856,1,2012272,-74.8,-109.02,0,-74.729,-110.1856,1,0,0
-74.729,-110.1856,1,2012273,-74.8,-109.02,0,-74.729,-110.1856,1,0,0
-74.729,-110.1856,1,2012274,-74.8,-109.02,1,-74.729,-110.1856,1,10,7
-74.7292,-109.959,1,2012275,-74.8,-109.0206,0,-74.7292,-109.959,1,0,0
0,0,0,2012276,-74.8,-109.022,0,0,0,0,0,0
0,0,0,2012277,-74.8,-109.0239,0,0,0,0,0,0
-74.7567,-110.2341,1,2012278,-74.8,-109.0261,0,-74.7567,-110.2341,1,0,0
-74.732,-110.1535,1,2012279,0,0,0,-74.732,-110.1535,1,0,0
-74.7392,-110.191,1,2012280,0,0,0,-74.7392,-110.191,1,0,0
-74.7392,-110.191,1,2012281,-74.8,-109.03,1,-74.7392,-110.191,1,10,7
-74.7297,-110.1778,1,2012282,0,0,0,-74.7297,-110.1778,1,0,0
-74.7328,-110.1457,1,2012283,0,0,0,-74.7328,-110.1457,1,0,0
-74.7107,-110.1513,1,2012284,0,0,0,-74.7107,-110.1513,1,0,0
-74.7298,-110.1778,1,2012285,0,0,0,-74.7298,-110.1778,1,0,0
-74.7487,-110.2043,1,2012286,0,0,0,-74.7487,-110.2043,1,0,0
-74.7644,-110.1533,1,2012287,0,0,0,-74.7644,-110.1533,1,0,0
-74.7556,-110.1322,1,2012288,-74.8,-109.03,1,-74.7556,-110.1322,1,10,7
-74.7335,-110.1378,1,2012289,0,0,0,-74.7335,-110.1378,1,0,0
-74.7235,-110.2418,1,2012290,0,0,0,-74.7235,-110.2418,1,0,0
-74.729,-110.1856,1,2012291,0,0,0,-74.729,-110.1856,1,0,0
-74.7109,-110.2606,1,2012292,0,0,0,-74.7109,-110.2606,1,0,0
-74.7253,-110.3349,1,2012293,0,0,0,-74.7253,-110.3349,1,0,0
-74.7126,-110.3535,1,2012294,0,0,0,-74.7126,-110.3535,1,0,0
-74.7085,-110.1748,1,2012295,-74.8,-109.03,1,-74.7085,-110.1748,1,10,7
-74.7197,-110.2817,1,2012296,0,0,0,-74.7197,-110.2817,1,0,0
-74.7156,-110.2122,1,2012297,0,0,0,-74.7156,-110.2122,1,0,0
-74.7166,-110.3137,1,2012298,0,0,0,-74.7166,-110.3137,1,0,0
-74.7315,-110.2708,1,2012299,0,0,0,-74.7315,-110.2708,1,0,0
-74.7315,-110.2708,1,2012300,0,0,0,-74.7315,-110.2708,1,0,0
-74.7315,-110.2708,1,2012301,0,0,0,-74.7315,-110.2708,1,0,0
-74.7315,-110.2708,1,2012302,-74.8,-109.03,1,-74.7315,-110.2708,1,10,7
-74.7383,-110.0894,1,2012303,0,0,0,-74.7383,-110.0894,1,0,0
-74.7241,-110.1247,1,2012304,0,0,0,-74.7241,-110.1247,1,0,0
-74.7077,-110.1834,1,2012305,0,0,0,-74.7077,-110.1834,1,0,0
-74.7195,-110.1724,1,2012306,0,0,0,-74.7195,-110.1724,1,0,0
-74.7298,-110.1778,1,2012307,0,0,0,-74.7298,-110.1778,1,0,0
-74.7363,-110.3325,1,2012308,0,0,0,-74.7363,-110.3325,1,0,0
-74.744,-110.252,1,2012309,-74.8,-109.03,1,-74.744,-110.252,1,10,7
-74.7512,-110.2895,1,2012310,0,0,0,-74.7512,-110.2895,1,0,0
-74.7289,-110.1855,1,2012311,0,0,0,-74.7289,-110.1855,1,0,0
-74.733,-110.2551,1,2012312,0,0,0,-74.733,-110.2551,1,0,0
-74.7417,-110.2763,1,2012313,0,0,0,-74.7417,-110.2763,1,0,0
-74.7386,-110.3083,1,2012314,0,0,0,-74.7386,-110.3083,1,0,0
-74.7249,-110.1161,1,2012315,0,0,0,-74.7249,-110.1161,1,0,0
-74.7424,-110.159,1,2012316,-74.8,-109.03,1,-74.7424,-110.159,1,10,7
-74.7138,-110.1193,1,2012317,0,0,0,-74.7138,-110.1193,1,0,0
-74.7172,-110.1966,1,2012318,0,0,0,-74.7172,-110.1966,1,0,0
-74.7226,-110.1404,1,2012319,0,0,0,-74.7226,-110.1404,1,0,0
-74.7331,-110.2552,1,2012320,0,0,0,-74.7331,-110.2552,1,0,0
-74.7416,-110.1668,1,2012321,0,0,0,-74.7416,-110.1668,1,0,0
-74.733,-110.2551,1,2012322,0,0,0,-74.733,-110.2551,1,0,0
-74.7385,-110.1989,1,2012323,-74.8,-109.03,1,-74.7385,-110.1989,1,10,7
-74.758,-110.108,1,2012324,0,0,0,-74.758,-110.108,1,0,0
-74.7746,-110.1587,1,2012325,0,0,0,-74.7746,-110.1587,1,0,0
-74.7841,-110.1719,1,2012326,0,0,0,-74.7841,-110.1719,1,0,0
-74.7587,-110.1,1,2012327,0,0,0,-74.7587,-110.1,1,0,0
-74.7587,-110.1,1,2012328,0,0,0,-74.7587,-110.1,1,0,0
-74.7587,-110.1,1,2012329,0,0,0,-74.7587,-110.1,1,0,0
-74.7587,-110.1,1,2012330,-74.8,-109.03,1,-74.7587,-110.1,1,10,7
-74.7523,-110.0548,1,2012331,0,0,0,-74.7523,-110.0548,1,0,0
-74.7374,-110.098,1,2012332,0,0,0,-74.7374,-110.098,1,0,0
-74.7493,-110.0869,1,2012333,0,0,0,-74.7493,-110.0869,1,0,0
-74.7305,-110.1699,1,2012334,0,0,0,-74.7305,-110.1699,1,0,0
-74.7423,-110.159,1,2012335,0,0,0,-74.7423,-110.159,1,0,0
-74.7392,-110.191,1,2012336,0,0,0,-74.7392,-110.191,1,0,0
-74.7423,-110.159,1,2012337,-74.8,-109.03,1,-74.7423,-110.159,1,10,7
-74.7297,-110.1778,1,2012338,0,0,0,-74.7297,-110.1778,1,0,0
-74.7361,-110.2231,1,2012339,0,0,0,-74.7361,-110.2231,1,0,0
-74.7361,-110.2231,1,2012340,0,0,0,-74.7361,-110.2231,1,0,0
-74.7361,-110.2231,1,2012341,0,0,0,-74.7361,-110.2231,1,0,0
-74.7361,-110.2231,1,2012342,0,0,0,-74.7361,-110.2231,1,0,0
-74.7361,-110.2231,1,2012343,0,0,0,-74.7361,-110.2231,1,0,0
-74.7361,-110.2231,1,2012344,-74.8,-109.03,1,-74.7361,-110.2231,1,10,7
-74.7637,-110.1612,1,2012345,0,0,0,-74.7637,-110.1612,1,0,0
-74.7708,-110.1987,1,2012346,0,0,0,-74.7708,-110.1987,1,0,0
-74.7708,-110.1987,1,2012347,0,0,0,-74.7708,-110.1987,1,0,0
-74.7708,-110.1987,1,2012348,0,0,0,-74.7708,-110.1987,1,0,0
-74.7708,-110.1987,1,2012349,0,0,0,-74.7708,-110.1987,1,0,0
-74.7708,-110.1987,1,2012350,0,0,0,-74.7708,-110.1987,1,0,0
-74.7708,-110.1987,1,2012351,-74.8,-109.03,1,-74.7708,-110.1987,1,10,7
-74.7708,-110.1987,1,2012352,0,0,0,-74.7708,-110.1987,1,0,0
-74.7708,-110.1987,1,2012353,0,0,0,-74.7708,-110.1987,1,0,0
-74.7708,-110.1987,1,2012354,0,0,0,-74.7708,-110.1987,1,0,0
-74.7708,-110.1987,1,2012355,0,0,0,-74.7708,-110.1987,1,0,0
-74.7708,-110.1987,1,2012356,0,0,0,-74.7708,-110.1987,1,0,0
-74.7708,-110.1987,1,2012357,0,0,0,-74.7708,-110.1987,1,0,0
-74.7708,-110.1987,1,2012358,-74.8,-109.03,1,-74.7708,-110.1987,1,10,7
-74.7708,-110.1987,1,2012359,0,0,0,-74.7708,-110.1987,1,0,0
-74.7708,-110.1987,1,2012360,0,0,0,-74.7708,-110.1987,1,0,0
-74.7676,-110.2308,1,2012361,0,0,0,-74.7676,-110.2308,1,0,0
-74.7676,-110.2308,1,2012362,0,0,0,-74.7676,-110.2308,1,0,0
-74.7676,-110.2308,1,2012363,0,0,0,-74.7676,-110.2308,1,0,0
-74.7676,-110.2308,1,2012364,0,0,0,-74.7676,-110.2308,1,0,0
-74.7676,-110.2308,1,2012365,-74.8,-109.03,1,-74.7676,-110.2308,1,10,7
-74.7676,-110.2308,1,2012366,0,0,0,-74.7676,-110.2308,1,0,0
-74.7676,-110.2308,1,2013001,0,0,0,-74.7676,-110.2308,1,0,0
-74.7676,-110.2308,1,2013002,0,0,0,-74.7676,-110.2308,1,0,0
-74.755,-110.2496,1,2013003,0,0,0,-74.755,-110.2496,1,0,0
-74.755,-110.2496,1,2013004,0,0,0,-74.755,-110.2496,1,0,0
-74.755,-110.2496,1,2013005,0,0,0,-74.755,-110.2496,1,0,0
-74.755,-110.2496,1,2013006,-74.8,-109.03,1,-74.755,-110.2496,1,10,7
-74.755,-110.2496,1,2013007,0,0,0,-74.755,-110.2496,1,0,0
-74.7354,-110.3403,1,2013008,0,0,0,-74.7354,-110.3403,1,0,0
-74.7252,-110.3348,1,2013009,0,0,0,-74.7252,-110.3348,1,0,0
-74.7252,-110.3348,1,2013010,0,0,0,-74.7252,-110.3348,1,0,0
-74.7252,-110.3348,1,2013011,0,0,0,-74.7252,-110.3348,1,0,0
-74.7252,-110.3348,1,2013012,0,0,0,-74.7252,-110.3348,1,0,0
-74.7252,-110.3348,1,2013013,0,0,0,-74.7252,-110.3348,1,0,0
-74.7252,-110.3348,1,2013014,0,0,0,-74.7252,-110.3348,1,0,0
-74.7442,-110.3615,1,2013015,0,0,0,-74.7442,-110.3615,1,0,0
-74.7442,-110.3615,1,2013016,0,0,0,-74.7442,-110.3615,1,0,0
-74.7442,-110.3615,1,2013017,0,0,0,-74.7442,-110.3615,1,0,0
-74.7442,-110.3615,1,2013018,0,0,0,-74.7442,-110.3615,1,0,0
-74.7442,-110.3615,1,2013019,0,0,0,-74.7442,-110.3615,1,0,0
-74.7442,-110.3615,1,2013020,-74.8,-109.03,1,-74.7442,-110.3615,1,10,7
-74.7442,-110.3615,1,2013021,0,0,0,-74.7442,-110.3615,1,0,0
-74.7442,-110.3615,1,2013022,0,0,0,-74.7442,-110.3615,1,0,0
-74.7442,-110.3615,1,2013023,0,0,0,-74.7442,-110.3615,1,0,0
-74.7442,-110.3615,1,2013024,0,0,0,-74.7442,-110.3615,1,0,0
-74.7442,-110.3615,1,2013025,0,0,0,-74.7442,-110.3615,1,0,0
-74.7442,-110.3615,1,2013026,0,0,0,-74.7442,-110.3615,1,0,0
-74.7442,-110.3615,1,2013027,-74.8,-109.03,1,-74.7442,-110.3615,1,10,7
-74.7361,-109.0802,1,2013028,0,0,0,-74.7361,-109.0802,1,0,0
-74.745,-109.1039,1,2013029,0,0,0,-74.745,-109.1039,1,0,0
-74.745,-109.1039,1,2013030,0,0,0,-74.745,-109.1039,1,0,0
-74.7383,-109.059,1,2013031,0,0,0,-74.7383,-109.059,1,0,0
-74.7383,-109.059,1,2013032,0,0,0,-74.7383,-109.059,1,0,0
-74.7383,-109.059,0,2013033,0,0,0,-74.7383,-109.059,0,0,0
-74.7383,-109.059,0,2013034,-74.8,-109.03,1,-74.7383,-109.059,0,10,7
-74.7383,-109.059,1,2013035,0,0,0,-74.7383,-109.059,1,0,0
-74.7383,-109.059,1,2013036,0,0,0,-74.7383,-109.059,1,0,0
-74.7427,-109.1283,1,2013037,0,0,0,-74.7427,-109.1283,1,0,0
-74.7427,-109.1283,1,2013038,0,0,0,-74.7427,-109.1283,1,0,0
-74.7427,-109.1283,1,2013039,0,0,0,-74.7427,-109.1283,1,0,0
-74.7427,-109.1283,1,2013040,0,0,0,-74.7427,-109.1283,1,0,0
-74.7427,-109.1283,1,2013041,-74.8,-109.03,1,-74.7427,-109.1283,1,10,7
-74.7427,-109.1283,0,2013042,0,0,0,-74.7427,-109.1283,0,0,0
-74.7427,-109.1283,1,2013043,0,0,0,-74.7427,-109.1283,1,0,0
-74.7427,-109.1283,1,2013044,0,0,0,-74.7427,-109.1283,1,0,0
-74.7545,-109.1164,1,2013045,0,0,0,-74.7545,-109.1164,1,0,0
-74.7545,-109.1164,0,2013046,0,0,0,-74.7545,-109.1164,0,0,0
-74.7545,-109.1164,1,2013047,0,0,0,-74.7545,-109.1164,1,0,0
-74.7545,-109.1164,1,2013048,-74.8,-109.03,1,-74.7545,-109.1164,1,10,7
-74.7993,-109.212,1,2013049,0,0,0,-74.7993,-109.212,1,0,0
-74.8219,-109.3149,1,2013051,0,0,0,-74.8219,-109.3149,1,0,0
-74.8086,-109.3423,1,2013052,0,0,0,-74.8086,-109.3423,1,0,0
-74.7267,-109.5316,1,2013053,0,0,0,-74.7267,-109.5316,1,0,0
-74.705,-109.4205,1,2013054,0,0,0,-74.705,-109.4205,1,0,0
-74.7183,-109.3933,1,2013055,0,0,0,-74.7183,-109.3933,1,0,0
-74.7183,-109.3933,1,2013056,0,0,0,-74.7183,-109.3933,1,0,0
-74.7183,-109.3933,1,2013057,0,0,0,-74.7183,-109.3933,1,0,0
-74.7183,-109.3933,1,2013058,0,0,0,-74.7183,-109.3933,1,0,0
-74.7183,-109.3933,1,2013059,0,0,0,-74.7183,-109.3933,1,0,0
-74.7183,-109.3933,1,2013060,0,0,0,-74.7183,-109.3933,1,0,0
-74.7225,-109.4385,0,2013061,0,0,0,-74.7225,-109.4385,0,0,0
-74.7449,-109.6828,1,2013064,0,0,0,-74.7449,-109.6828,1,0,0
-74.7391,-109.6289,1,2013065,0,0,0,-74.7391,-109.6289,1,0,0
-74.7391,-109.6289,1,2013066,0,0,0,-74.7391,-109.6289,1,0,0
-74.7391,-109.6289,1,2013067,0,0,0,-74.7391,-109.6289,1,0,0
-74.7391,-109.6289,1,2013068,0,0,0,-74.7391,-109.6289,1,0,0
-74.7391,-109.6289,1,2013069,0,0,0,-74.7391,-109.6289,1,0,0
-74.7391,-109.6289,1,2013070,0,0,0,-74.7391,-109.6289,1,0,0
-74.7524,-109.6018,1,2013071,0,0,0,-74.7524,-109.6018,1,0,0
-74.7524,-109.6018,1,2013072,0,0,0,-74.7524,-109.6018,1,0,0
-74.7524,-109.6018,1,2013073,0,0,0,-74.7524,-109.6018,1,0,0
-74.7524,-109.6018,1,2013074,0,0,0,-74.7524,-109.6018,1,0,0
-74.7524,-109.6018,1,2013075,0,0,0,-74.7524,-109.6018,1,0,0
-74.7524,-109.6018,1,2013076,0,0,0,-74.7524,-109.6018,1,0,0
-74.7524,-109.6018,1,2013077,0,0,0,-74.7524,-109.6018,1,0,0
-74.7524,-109.6018,1,2013078,0,0,0,-74.7524,-109.6018,1,0,0
-74.7524,-109.6018,1,2013079,0,0,0,-74.7524,-109.6018,1,0,0
-74.7524,-109.6018,1,2013081,0,0,0,-74.7524,-109.6018,1,0,0
-74.7524,-109.6018,1,2013082,0,0,0,-74.7524,-109.6018,1,0,0
-74.7524,-109.6018,1,2013083,0,0,0,-74.7524,-109.6018,1,0,0
-74.7524,-109.6018,1,2013084,0,0,0,-74.7524,-109.6018,1,0,0
-74.7559,-109.6791,1,2013085,0,0,0,-74.7559,-109.6791,1,0,0
-74.7559,-109.6791,1,2013087,0,0,0,-74.7559,-109.6791,1,0,0
-74.7559,-109.6791,1,2013088,0,0,0,-74.7559,-109.6791,1,0,0
-74.7559,-109.6791,1,2013089,0,0,0,-74.7559,-109.6791,1,0,0
-74.7559,-109.6791,1,2013090,0,0,0,-74.7559,-109.6791,1,0,0
-74.7559,-109.6791,1,2013091,0,0,0,-74.7559,-109.6791,1,0,0
-74.7559,-109.6791,1,2013092,0,0,0,-74.7559,-109.6791,1,0,0
-74.7559,-109.6791,1,2013093,0,0,0,-74.7559,-109.6791,1,0,0
-74.7559,-109.6791,1,2013094,0,0,0,-74.7559,-109.6791,1,0,0
-74.7559,-109.6791,1,2013095,0,0,0,-74.7559,-109.6791,1,0,0
-74.7559,-109.6791,1,2013096,0,0,0,-74.7559,-109.6791,1,0,0
-74.7559,-109.6791,1,2013097,0,0,0,-74.7559,-109.6791,1,0,0
-74.7559,-109.6791,1,2013098,0,0,0,-74.7559,-109.6791,1,0,0
-74.7559,-109.6791,1,2013099,0,0,0,-74.7559,-109.6791,1,0,0
-74.7559,-109.6791,1,2013100,0,0,0,-74.7559,-109.6791,1,0,0
-74.7559,-109.6791,1,2013101,0,0,0,-74.7559,-109.6791,1,0,0
-74.7559,-109.6791,1,2013102,0,0,0,-74.7559,-109.6791,1,0,0
-74.7928,-109.6291,1,2013103,0,0,0,-74.7928,-109.6291,1,0,0
-74.7783,-109.7824,1,2013104,0,0,0,-74.7783,-109.7824,1,0,0
-74.7783,-109.7824,1,2013105,0,0,0,-74.7783,-109.7824,1,0,0
-74.7783,-109.7824,1,2013106,0,0,0,-74.7783,-109.7824,1,0,0
-74.7783,-109.7824,1,2013107,0,0,0,-74.7783,-109.7824,1,0,0
-74.7783,-109.7824,1,2013108,0,0,0,-74.7783,-109.7824,1,0,0
-74.7783,-109.7824,1,2013109,0,0,0,-74.7783,-109.7824,1,0,0
-74.7783,-109.7824,1,2013110,0,0,0,-74.7783,-109.7824,1,0,0
-74.7783,-109.7824,1,2013111,0,0,0,-74.7783,-109.7824,1,0,0
-74.7783,-109.7824,1,2013112,0,0,0,-74.7783,-109.7824,1,0,0
-74.7768,-109.7982,1,2013113,0,0,0,-74.7768,-109.7982,1,0,0
-74.7768,-109.7982,1,2013114,0,0,0,-74.7768,-109.7982,1,0,0
-74.7768,-109.7982,1,2013115,0,0,0,-74.7768,-109.7982,1,0,0
-74.7768,-109.7982,1,2013116,0,0,0,-74.7768,-109.7982,1,0,0
-74.7768,-109.7982,1,2013117,0,0,0,-74.7768,-109.7982,1,0,0
-74.7768,-109.7982,1,2013118,0,0,0,-74.7768,-109.7982,1,0,0
-74.7768,-109.7982,1,2013119,0,0,0,-74.7768,-109.7982,1,0,0
-74.7833,-109.8435,1,2013120,0,0,0,-74.7833,-109.8435,1,0,0
-74.7833,-109.8435,1,2013121,0,0,0,-74.7833,-109.8435,1,0,0
-74.7833,-109.8435,1,2013122,0,0,0,-74.7833,-109.8435,1,0,0
-74.7833,-109.8435,1,2013123,0,0,0,-74.7833,-109.8435,1,0,0
-74.7833,-109.8435,1,2013124,0,0,0,-74.7833,-109.8435,1,0,0
-74.7833,-109.8435,1,2013125,0,0,0,-74.7833,-109.8435,1,0,0
-74.7833,-109.8435,1,2013126,0,0,0,-74.7833,-109.8435,1,0,0
-74.7833,-109.8435,1,2013127,0,0,0,-74.7833,-109.8435,1,0,0
-74.7833,-109.8435,1,2013128,0,0,0,-74.7833,-109.8435,1,0,0
-74.7833,-109.8435,1,2013129,0,0,0,-74.7833,-109.8435,1,0,0
-74.7928,-109.8565,1,2013130,0,0,0,-74.7928,-109.8565,1,0,0
-74.7928,-109.8565,1,2013131,0,0,0,-74.7928,-109.8565,1,0,0
-74.7928,-109.8565,1,2013132,0,0,0,-74.7928,-109.8565,1,0,0
-74.7928,-109.8565,1,2013133,0,0,0,-74.7928,-109.8565,1,0,0
-74.7928,-109.8565,1,2013134,0,0,0,-74.7928,-109.8565,1,0,0
-74.8019,-109.7597,1,2013135,0,0,0,-74.8019,-109.7597,1,0,0
-74.8019,-109.7597,1,2013136,0,0,0,-74.8019,-109.7597,1,0,0
-74.8019,-109.7597,1,2013137,0,0,0,-74.8019,-109.7597,1,0,0
-74.8019,-109.7597,1,2013138,0,0,0,-74.8019,-109.7597,1,0,0
-74.8019,-109.7597,1,2013139,0,0,0,-74.8019,-109.7597,1,0,0
-74.8022,-109.6419,1,2013140,0,0,0,-74.8022,-109.6419,1,0,0
-74.8022,-109.6419,1,2013141,0,0,0,-74.8022,-109.6419,1,0,0
-74.8022,-109.6419,1,2013142,0,0,0,-74.8022,-109.6419,1,0,0
-74.8022,-109.6419,1,2013143,0,0,0,-74.8022,-109.6419,1,0,0
-74.8022,-109.6419,1,2013144,0,0,0,-74.8022,-109.6419,1,0,0
-74.8022,-109.6419,1,2013145,0,0,0,-74.8022,-109.6419,1,0,0
-74.8022,-109.6419,1,2013146,0,0,0,-74.8022,-109.6419,1,0,0
-74.8022,-109.6419,1,2013147,0,0,0,-74.8022,-109.6419,1,0,0
-74.8022,-109.6419,1,2013148,0,0,0,-74.8022,-109.6419,1,0,0
-74.7965,-109.5887,1,2013149,0,0,0,-74.7965,-109.5887,1,0,0
-74.7965,-109.5887,1,2013150,0,0,0,-74.7965,-109.5887,1,0,0
-74.7965,-109.5887,1,2013151,0,0,0,-74.7965,-109.5887,1,0,0
-74.7965,-109.5887,1,2013152,0,0,0,-74.7965,-109.5887,1,0,0
-74.7965,-109.5887,1,2013153,0,0,0,-74.7965,-109.5887,1,0,0
-74.7965,-109.5887,1,2013154,0,0,0,-74.7965,-109.5887,1,0,0
-74.7977,-109.6908,1,2013155,0,0,0,-74.7977,-109.6908,1,0,0
-74.7977,-109.6908,1,2013156,0,0,0,-74.7977,-109.6908,1,0,0
-74.7977,-109.6908,1,2013157,0,0,0,-74.7977,-109.6908,1,0,0
-74.7977,-109.6908,1,2013158,0,0,0,-74.7977,-109.6908,1,0,0
-74.7977,-109.6908,1,2013159,0,0,0,-74.7977,-109.6908,1,0,0
-74.7977,-109.6908,1,2013160,0,0,0,-74.7977,-109.6908,1,0,0
-74.8129,-109.757,1,2013161,0,0,0,-74.8129,-109.757,1,0,0
-74.8129,-109.757,1,2013162,0,0,0,-74.8129,-109.757,1,0,0
-74.8129,-109.757,1,2013163,0,0,0,-74.8129,-109.757,1,0,0
-74.8129,-109.757,1,2013164,0,0,0,-74.8129,-109.757,1,0,0
-74.8129,-109.757,1,2013165,0,0,0,-74.8129,-109.757,1,0,0
-74.8129,-109.757,1,2013166,0,0,0,-74.8129,-109.757,1,0,0
-74.8129,-109.757,1,2013167,0,0,0,-74.8129,-109.757,1,0,0
-74.8129,-109.757,1,2013168,0,0,0,-74.8129,-109.757,1,0,0
-74.8186,-109.8102,1,2013169,0,0,0,-74.8186,-109.8102,1,0,0
-74.8186,-109.8102,1,2013170,0,0,0,-74.8186,-109.8102,1,0,0
-74.8186,-109.8102,1,2013171,0,0,0,-74.8186,-109.8102,1,0,0
-74.8186,-109.8102,1,2013172,0,0,0,-74.8186,-109.8102,1,0,0
-74.8186,-109.8102,1,2013173,0,0,0,-74.8186,-109.8102,1,0,0
-74.8186,-109.8102,1,2013174,0,0,0,-74.8186,-109.8102,1,0,0
-74.8251,-109.8556,1,2013175,0,0,0,-74.8251,-109.8556,1,0,0
-74.8251,-109.8556,1,2013176,0,0,0,-74.8251,-109.8556,1,0,0
-74.8251,-109.8556,1,2013177,0,0,0,-74.8251,-109.8556,1,0,0
-74.8251,-109.8556,1,2013178,0,0,0,-74.8251,-109.8556,1,0,0
-74.8369,-109.8442,1,2013179,0,0,0,-74.8369,-109.8442,1,0,0
-74.8369,-109.8442,1,2013180,0,0,0,-74.8369,-109.8442,1,0,0
-74.8369,-109.8442,1,2013181,0,0,0,-74.8369,-109.8442,1,0,0
-74.8311,-109.7909,1,2013182,0,0,0,-74.8311,-109.7909,1,0,0
-74.8311,-109.7909,1,2013183,0,0,0,-74.8311,-109.7909,1,0,0
-74.8311,-109.7909,1,2013184,0,0,0,-74.8311,-109.7909,1,0,0
-74.8311,-109.7909,1,2013185,0,0,0,-74.8311,-109.7909,1,0,0
-74.8311,-109.7909,1,2013186,0,0,0,-74.8311,-109.7909,1,0,0
-74.8311,-109.7909,1,2013187,0,0,0,-74.8311,-109.7909,1,0,0
-74.8311,-109.7909,1,2013188,0,0,0,-74.8311,-109.7909,1,0,0
-74.825,-109.8555,1,2013189,0,0,0,-74.825,-109.8555,1,0,0
-74.825,-109.8555,1,2013190,0,0,0,-74.825,-109.8555,1,0,0
-74.825,-109.8555,1,2013191,0,0,0,-74.825,-109.8555,1,0,0
-74.825,-109.8555,1,2013192,0,0,0,-74.825,-109.8555,1,0,0
-74.825,-109.8555,1,2013193,0,0,0,-74.825,-109.8555,1,0,0
-74.825,-109.8555,1,2013194,0,0,0,-74.825,-109.8555,1,0,0
-74.7991,-109.9017,1,2013195,0,0,0,-74.7991,-109.9017,1,0,0
-74.7828,-109.961,1,2013196,0,0,0,-74.7828,-109.961,1,0,0
-74.7828,-109.961,1,2013197,0,0,0,-74.7828,-109.961,1,0,0
-74.7828,-109.961,1,2013198,0,0,0,-74.7828,-109.961,1,0,0
-74.7828,-109.961,1,2013199,0,0,0,-74.7828,-109.961,1,0,0
-74.7828,-109.961,1,2013200,0,0,0,-74.7828,-109.961,1,0,0
-74.7828,-109.961,1,2013201,0,0,0,-74.7828,-109.961,1,0,0
-74.7828,-109.961,1,2013202,0,0,0,-74.7828,-109.961,1,0,0
-74.7879,-109.7947,1,2013203,0,0,0,-74.7879,-109.7947,1,0,0
-74.7833,-109.8434,1,2013204,0,0,0,-74.7833,-109.8434,1,0,0
-74.7833,-109.8434,1,2013205,0,0,0,-74.7833,-109.8434,1,0,0
-74.7833,-109.8434,1,2013206,0,0,0,-74.7833,-109.8434,1,0,0
-74.7833,-109.8434,1,2013207,0,0,0,-74.7833,-109.8434,1,0,0
-74.7833,-109.8434,1,2013208,0,0,0,-74.7833,-109.8434,1,0,0
-74.7833,-109.8434,1,2013209,0,0,0,-74.7833,-109.8434,1,0,0
-74.7928,-109.8565,1,2013210,0,0,0,-74.7928,-109.8565,1,0,0
-74.7928,-109.8565,1,2013211,0,0,0,-74.7928,-109.8565,1,0,0
-74.7928,-109.8565,1,2013212,0,0,0,-74.7928,-109.8565,1,0,0
-74.7928,-109.8565,1,2013213,0,0,0,-74.7928,-109.8565,1,0,0
-74.7928,-109.8565,1,2013214,0,0,0,-74.7928,-109.8565,1,0,0
-74.7771,-109.9078,1,2013215,0,0,0,-74.7771,-109.9078,1,0,0
-74.7771,-109.9078,1,2013216,0,0,0,-74.7771,-109.9078,1,0,0
-74.7893,-110.0064,1,2013217,0,0,0,-74.7893,-110.0064,1,0,0
-74.7893,-110.0064,1,2013218,0,0,0,-74.7893,-110.0064,1,0,0
-74.7893,-110.0064,1,2013219,0,0,0,-74.7893,-110.0064,1,0,0
-74.7893,-110.0064,1,2013220,0,0,0,-74.7893,-110.0064,1,0,0
-74.7893,-110.0064,1,2013221,0,0,0,-74.7893,-110.0064,1,0,0
-74.7893,-110.0064,1,2013222,0,0,0,-74.7893,-110.0064,1,0,0
-74.7893,-110.0064,1,2013223,0,0,0,-74.7893,-110.0064,1,0,0
-74.7893,-110.0064,1,2013224,0,0,0,-74.7893,-110.0064,1,0,0
-74.7893,-110.0064,1,2013225,0,0,0,-74.7893,-110.0064,1,0,0
-74.7893,-110.0064,1,2013226,0,0,0,-74.7893,-110.0064,1,0,0
-74.8262,-109.9571,1,2013227,0,0,0,-74.8262,-109.9571,1,0,0
-74.8429,-110.0078,1,2013228,0,0,0,-74.8429,-110.0078,1,0,0
-74.8048,-109.955,1,2013229,0,0,0,-74.8048,-109.955,1,0,0
-74.7828,-109.961,1,2013230,0,0,0,-74.7828,-109.961,1,0,0
-74.8582,-110.0748,1,2013231,0,0,0,-74.8582,-110.0748,1,0,0
-74.8485,-110.0612,1,2013232,0,0,0,-74.8485,-110.0612,1,0,0
-74.8485,-110.0612,1,2013233,0,0,0,-74.8485,-110.0612,1,0,0
-74.8485,-110.0612,1,2013234,0,0,0,-74.8485,-110.0612,1,0,0
-74.8485,-110.0612,1,2013235,0,0,0,-74.8485,-110.0612,1,0,0
-74.8454,-110.0935,1,2013236,0,0,0,-74.8454,-110.0935,1,0,0
-74.8454,-110.0935,1,2013237,0,0,0,-74.8454,-110.0935,1,0,0
-74.8485,-110.0612,1,2013238,0,0,0,-74.8485,-110.0612,1,0,0
-74.8485,-110.0612,1,2013239,0,0,0,-74.8485,-110.0612,1,0,0
-74.8485,-110.0612,1,2013240,0,0,0,-74.8485,-110.0612,1,0,0
-74.8485,-110.0612,1,2013242,0,0,0,-74.8485,-110.0612,1,0,0
-74.8485,-110.0612,1,2013243,0,0,0,-74.8485,-110.0612,1,0,0
-74.8485,-110.0612,1,2013244,-74.8,-108.96,1,-74.8485,-110.0612,1,10,7
-74.8485,-110.0612,1,2013245,0,0,0,-74.8485,-110.0612,1,0,0
-74.8485,-110.0612,1,2013246,0,0,0,-74.8485,-110.0612,1,0,0
-74.8485,-110.0612,1,2013247,0,0,0,-74.8485,-110.0612,1,0,0
-74.8325,-110.0024,1,2013248,0,0,0,-74.8325,-110.0024,1,0,0
-74.8325,-110.0024,1,2013249,0,0,0,-74.8325,-110.0024,1,0,0
-74.8325,-110.0024,1,2013250,0,0,0,-74.8325,-110.0024,1,0,0
-74.8325,-110.0024,1,2013251,0,0,0,-74.8325,-110.0024,1,0,0
-74.8325,-110.0024,1,2013252,0,0,0,-74.8325,-110.0024,1,0,0
-74.8303,-110.0268,1,2013253,0,0,0,-74.8303,-110.0268,1,0,0
-74.8303,-110.0268,1,2013254,0,0,0,-74.8303,-110.0268,1,0,0
-74.8303,-110.0268,1,2013255,0,0,0,-74.8303,-110.0268,1,0,0
-74.8303,-110.0268,1,2013256,0,0,0,-74.8303,-110.0268,1,0,0
-74.8303,-110.0268,1,2013257,0,0,0,-74.8303,-110.0268,1,0,0
-74.8303,-110.0268,1,2013258,0,0,0,-74.8303,-110.0268,1,0,0
-74.7808,-109.6395,1,2013259,0,0,0,-74.7808,-109.6395,1,0,0
-74.8,-109.6664,1,2013260,0,0,0,-74.8,-109.6664,1,0,0
-74.7713,-109.6274,1,2013261,0,0,0,-74.7713,-109.6274,1,0,0
-74.7713,-109.6274,1,2013262,0,0,0,-74.7713,-109.6274,1,0,0
-74.7713,-109.6274,1,2013263,0,0,0,-74.7713,-109.6274,1,0,0
-74.7713,-109.6274,1,2013264,0,0,0,-74.7713,-109.6274,1,0,0
-74.7714,-109.6276,1,2013265,0,0,0,-74.7714,-109.6276,1,0,0
-74.7714,-109.6276,1,2013266,0,0,0,-74.7714,-109.6276,1,0,0
-74.7714,-109.6276,1,2013267,0,0,0,-74.7714,-109.6276,1,0,0
-74.7714,-109.6276,1,2013268,0,0,0,-74.7714,-109.6276,1,0,0
-74.7714,-109.6276,1,2013269,0,0,0,-74.7714,-109.6276,1,0,0
-74.7714,-109.6276,1,2013270,0,0,0,-74.7714,-109.6276,1,0,0
-74.7714,-109.6276,1,2013271,0,0,0,-74.7714,-109.6276,1,0,0
-74.7714,-109.6276,1,2013272,0,0,0,-74.7714,-109.6276,1,0,0
-74.7714,-109.6276,1,2013273,0,0,0,-74.7714,-109.6276,1,0,0
-74.7624,-109.7242,1,2013275,0,0,0,-74.7624,-109.7242,1,0,0
-74.7624,-109.7242,1,2013276,0,0,0,-74.7624,-109.7242,1,0,0
-74.7624,-109.7242,1,2013277,0,0,0,-74.7624,-109.7242,1,0,0
-74.7624,-109.7242,1,2013278,0,0,0,-74.7624,-109.7242,1,0,0
-74.7624,-109.7242,1,2013279,0,0,0,-74.7624,-109.7242,1,0,0
-74.7624,-109.7242,1,2013280,0,0,0,-74.7624,-109.7242,1,0,0
-74.7521,-109.7191,1,2013281,0,0,0,-74.7521,-109.7191,1,0,0
-74.7521,-109.7191,1,2013282,0,0,0,-74.7521,-109.7191,1,0,0
-74.7521,-109.7191,1,2013283,0,0,0,-74.7521,-109.7191,1,0,0
-74.7521,-109.7191,1,2013284,0,0,0,-74.7521,-109.7191,1,0,0
-74.7521,-109.7191,1,2013285,0,0,0,-74.7521,-109.7191,1,0,0
-74.7521,-109.7191,1,2013286,0,0,0,-74.7521,-109.7191,1,0,0
-74.749,-109.7513,1,2013287,0,0,0,-74.749,-109.7513,1,0,0
-74.749,-109.7513,1,2013288,0,0,0,-74.749,-109.7513,1,0,0
-74.749,-109.7513,1,2013289,0,0,0,-74.749,-109.7513,1,0,0
-74.749,-109.7513,1,2013290,0,0,0,-74.749,-109.7513,1,0,0
-74.749,-109.7513,1,2013291,-74.8,-108.96,1,-74.749,-109.7513,1,10,7
-74.749,-109.7513,1,2013292,-74.8,-108.96,0,-74.749,-109.7513,1,0,0
-74.749,-109.7513,1,2013293,-74.8,-108.96,0,-74.749,-109.7513,1,0,0
-74.749,-109.7513,1,2013294,-74.8,-108.96,0,-74.749,-109.7513,1,0,0
-74.749,-109.7513,1,2013295,-74.8,-108.96,0,-74.749,-109.7513,1,0,0
-74.7483,-109.7592,1,2013296,-74.8,-108.96,0,-74.7483,-109.7592,1,0,0
-74.7483,-109.7592,1,2013297,-74.8,-108.96,0,-74.7483,-109.7592,1,0,0
-74.7483,-109.7592,1,2013298,-74.8,-108.96,1,-74.7483,-109.7592,1,10,7
-74.7483,-109.7592,1,2013299,0,0,0,-74.7483,-109.7592,1,0,0
-74.7483,-109.7592,1,2013300,0,0,0,-74.7483,-109.7592,1,0,0
-74.7483,-109.7592,1,2013301,0,0,0,-74.7483,-109.7592,1,0,0
-74.7483,-109.7592,1,2013302,0,0,0,-74.7483,-109.7592,1,0,0
-74.7483,-109.7592,1,2013303,0,0,0,-74.7483,-109.7592,1,0,0
-74.7483,-109.7592,1,2013304,0,0,0,-74.7483,-109.7592,1,0,0
-74.7483,-109.7592,1,2013305,0,0,0,-74.7483,-109.7592,1,0,0
-74.7483,-109.7592,1,2013306,0,0,0,-74.7483,-109.7592,1,0,0
-74.7483,-109.7592,1,2013307,0,0,0,-74.7483,-109.7592,1,0,0
-74.7483,-109.7592,1,2013308,0,0,0,-74.7483,-109.7592,1,0,0
-74.7483,-109.7592,1,2013309,0,0,0,-74.7483,-109.7592,1,0,0
-74.7483,-109.7592,1,2013310,0,0,0,-74.7483,-109.7592,1,0,0
-74.7483,-109.7592,1,2013311,0,0,0,-74.7483,-109.7592,1,0,0
-74.7483,-109.7592,1,2013312,-74.8,-108.96,1,-74.7483,-109.7592,1,10,7
-74.7483,-109.7592,1,2013313,-74.8,-108.96,0,-74.7483,-109.7592,1,0,0
-74.7483,-109.7592,1,2013314,-74.8,-108.96,0,-74.7483,-109.7592,1,0,0
-74.7483,-109.7592,1,2013315,-74.8,-108.96,0,-74.7483,-109.7592,1,0,0
-74.7634,-109.5981,1,2013316,-74.8,-108.96,0,-74.7634,-109.5981,1,0,0
-74.7634,-109.5981,1,2013317,-74.8,-108.96,0,-74.7634,-109.5981,1,0,0
-74.7634,-109.5981,1,2013318,-74.8,-108.96,0,-74.7634,-109.5981,1,0,0
-74.7634,-109.5981,1,2013319,-74.8,-108.96,1,-74.7634,-109.5981,1,10,7
-74.7634,-109.5981,1,2013320,0,0,0,-74.7634,-109.5981,1,0,0
-74.7634,-109.5981,1,2013321,0,0,0,-74.7634,-109.5981,1,0,0
-74.7634,-109.5981,1,2013322,0,0,0,-74.7634,-109.5981,1,0,0
-74.7649,-109.5824,1,2013323,0,0,0,-74.7649,-109.5824,1,0,0
-74.7649,-109.5824,1,2013324,0,0,0,-74.7649,-109.5824,1,0,0
-74.7649,-109.5824,1,2013325,0,0,0,-74.7649,-109.5824,1,0,0
-74.7649,-109.5824,1,2013326,0,0,0,-74.7649,-109.5824,1,0,0
-74.7649,-109.5824,1,2013327,0,0,0,-74.7649,-109.5824,1,0,0
-74.7649,-109.5824,1,2013328,0,0,0,-74.7649,-109.5824,1,0,0
-74.7649,-109.5824,1,2013329,0,0,0,-74.7649,-109.5824,1,0,0
-74.7649,-109.5824,1,2013330,0,0,0,-74.7649,-109.5824,1,0,0
-74.7649,-109.5824,1,2013331,0,0,0,-74.7649,-109.5824,1,0,0
0,0,0,2013333,-74.8,-108.96,1,0,0,0,10,7
0,0,0,2013334,-74.8,-108.96,0,0,0,0,0,0
0,0,0,2013335,-74.8,-108.96,0,0,0,0,0,0
0,0,0,2013336,-74.8,-108.96,0,0,0,0,0,0
-74.7596,-109.639,1,2013337,-74.8,-108.96,0,-74.7596,-109.639,1,0,0
-74.7596,-109.639,1,2013338,-74.8,-108.96,0,-74.7596,-109.639,1,0,0
-74.7596,-109.639,1,2013339,-74.8,-108.96,0,-74.7596,-109.639,1,0,0
-74.7596,-109.639,1,2013340,-74.8,-108.96,1,-74.7596,-109.639,1,10,7
-74.7596,-109.639,1,2013341,0,0,0,-74.7596,-109.639,1,0,0
-74.7596,-109.639,1,2013342,0,0,0,-74.7596,-109.639,1,0,0
-74.7596,-109.639,1,2013343,0,0,0,-74.7596,-109.639,1,0,0
-74.7596,-109.639,1,2013344,0,0,0,-74.7596,-109.639,1,0,0
-74.7596,-109.639,1,2013345,0,0,0,-74.7596,-109.639,1,0,0
-74.7596,-109.639,1,2013347,0,0,0,-74.7596,-109.639,1,0,0
-74.7596,-109.639,1,2013348,0,0,0,-74.7596,-109.639,1,0,0
-74.7596,-109.639,1,2013349,0,0,0,-74.7596,-109.639,1,0,0
-74.7596,-109.639,1,2013350,0,0,0,-74.7596,-109.639,1,0,0
-74.7596,-109.639,1,2013351,0,0,0,-74.7596,-109.639,1,0,0
-74.7596,-109.639,1,2013352,0,0,0,-74.7596,-109.639,1,0,0
-74.7596,-109.639,1,2013353,0,0,0,-74.7596,-109.639,1,0,0
-74.7596,-109.639,1,2013354,-74.8,-108.96,1,-74.7596,-109.639,1,10,7
-74.7596,-109.639,1,2013355,0,0,0,-74.7596,-109.639,1,0,0
-74.7596,-109.639,1,2013356,0,0,0,-74.7596,-109.639,1,0,0
-74.7596,-109.639,1,2013357,0,0,0,-74.7596,-109.639,1,0,0
-74.7596,-109.639,1,2013358,0,0,0,-74.7596,-109.639,1,0,0
-74.7596,-109.639,1,2013359,0,0,0,-74.7596,-109.639,1,0,0
-74.7925,-109.4015,1,2013360,0,0,0,-74.7925,-109.4015,1,0,0
-74.7791,-109.4296,1,2013361,0,0,0,-74.7791,-109.4296,1,0,0
-74.7791,-109.4296,1,2013362,0,0,0,-74.7791,-109.4296,1,0,0
-74.7791,-109.4296,1,2013363,0,0,0,-74.7791,-109.4296,1,0,0
-74.7791,-109.4296,1,2013364,0,0,0,-74.7791,-109.4296,1,0,0
-74.7791,-109.4296,1,2014003,-74.8,-108.96,1,-74.7791,-109.4296,1,10,7
-74.7791,-109.4296,1,2014004,-74.8,-108.96,0,-74.7791,-109.4296,1,0,0
-74.7791,-109.4296,1,2014005,-74.8,-108.96,0,-74.7791,-109.4296,1,0,0
-74.7791,-109.4296,1,2014006,-74.8,-108.96,0,-74.7791,-109.4296,1,0,0
-74.7791,-109.4296,1,2014007,-74.8,-108.96,0,-74.7791,-109.4296,1,0,0
-74.7791,-109.4296,1,2014008,-74.8,-108.96,0,-74.7791,-109.4296,1,0,0
-74.7791,-109.4296,1,2014009,-74.8,-108.96,0,-74.7791,-109.4296,1,0,0
-74.7791,-109.4296,1,2014010,-74.8,-108.96,1,-74.7791,-109.4296,1,10,7
-74.7791,-109.4296,1,2014011,-74.8,-108.96,0,-74.7791,-109.4296,1,0,0
-74.7791,-109.4296,1,2014012,-74.8,-108.96,0,-74.7791,-109.4296,1,0,0
-74.7791,-109.4296,1,2014013,-74.8,-108.96,0,-74.7791,-109.4296,1,0,0
-74.7791,-109.4296,1,2014014,-74.8,-108.96,0,-74.7791,-109.4296,1,0,0
-74.7791,-109.4296,1,2014015,-74.8,-108.96,0,-74.7791,-109.4296,1,0,0
-74.7791,-109.4296,1,2014016,-74.8,-108.96,0,-74.7791,-109.4296,1,0,0
-74.7791,-109.4296,1,2014017,-74.8,-108.96,1,-74.7791,-109.4296,1,10,7
-74.7791,-109.4296,1,2014018,-74.8,-108.96,0,-74.7791,-109.4296,1,0,0
-74.7791,-109.4296,1,2014019,-74.8,-108.96,0,-74.7791,-109.4296,1,0,0
-74.7791,-109.4296,1,2014020,-74.8,-108.96,0,-74.7791,-109.4296,1,0,0
-74.7791,-109.4296,1,2014021,-74.8,-108.96,0,-74.7791,-109.4296,1,0,0
-74.7791,-109.4296,1,2014022,-74.8,-108.96,0,-74.7791,-109.4296,1,0,0
-74.7791,-109.4296,1,2014023,-74.8,-108.96,0,-74.7791,-109.4296,1,0,0
-74.7791,-109.4296,1,2014024,-74.8,-108.96,1,-74.7791,-109.4296,1,10,7
-74.7791,-109.4296,1,2014025,-74.8,-108.96,0,-74.7791,-109.4296,1,0,0
-74.7791,-109.4296,1,2014026,-74.8,-108.96,0,-74.7791,-109.4296,1,0,0
-74.7791,-109.4296,1,2014027,-74.8,-108.96,0,-74.7791,-109.4296,1,0,0
-74.7791,-109.4296,1,2014028,-74.8,-108.96,0,-74.7791,-109.4296,1,0,0
-74.7791,-109.4296,1,2014029,-74.8,-108.96,0,-74.7791,-109.4296,1,0,0
-74.7791,-109.4296,1,2014030,-74.8,-108.96,0,-74.7791,-109.4296,1,0,0
0,0,0,2014031,-74.8,-108.96,1,0,0,0,10,7
0,0,0,2014032,-74.8,-108.96,0,0,0,0,0,0
0,0,0,2014033,-74.8,-108.96,0,0,0,0,0,0
0,0,0,2014034,-74.8,-108.96,0,0,0,0,0,0
-74.7791,-109.4296,1,2014035,-74.8,-108.96,0,-74.7791,-109.4296,1,0,0
-74.7791,-109.4296,1,2014036,-74.8,-108.96,0,-74.7791,-109.4296,1,0,0
-74.7791,-109.4296,1,2014037,-74.8,-108.96,0,-74.7791,-109.4296,1,0,0
-74.7791,-109.4296,1,2014038,-74.8,-108.96,1,-74.7791,-109.4296,1,10,7
0,0,0,2014039,-74.8,-108.96,0,0,0,0,0,0
-74.7791,-109.4296,1,2014040,-74.8,-108.96,0,-74.7791,-109.4296,1,0,0
-74.7791,-109.4296,1,2014041,-74.8,-108.96,0,-74.7791,-109.4296,1,0,0
-74.7826,-109.4502,1,2014042,-74.8,-108.96,0,-74.7826,-109.4502,1,0,0
-74.7826,-109.4502,1,2014043,-74.8,-108.96,0,-74.7826,-109.4502,1,0,0
-74.7826,-109.4502,1,2014044,-74.8,-108.96,0,-74.7826,-109.4502,1,0,0
-74.7826,-109.4502,1,2014045,-74.8,-108.96,1,-74.7826,-109.4502,1,10,7
-74.7826,-109.4502,1,2014046,-74.8,-108.96,0,-74.7826,-109.4502,1,0,0
-74.7826,-109.4502,1,2014047,-74.8,-108.96,0,-74.7826,-109.4502,1,0,0
-74.7826,-109.4502,1,2014048,-74.8,-108.96,0,-74.7826,-109.4502,1,0,0
-74.7826,-109.4502,1,2014049,-74.8,-108.96,0,-74.7826,-109.4502,1,0,0
-74.7826,-109.4502,1,2014050,-74.8,-108.96,0,-74.7826,-109.4502,1,0,0
-74.7826,-109.4502,1,2014051,-74.8,-108.96,0,-74.7826,-109.4502,1,0,0
0,0,0,2014052,-74.8,-108.96,1,0,0,0,10,7
0,0,0,2014053,-74.8,-108.96,0,0,0,0,0,0
-74.7826,-109.4502,1,2014054,-74.8,-108.96,0,-74.7826,-109.4502,1,0,0
-74.7826,-109.4502,1,2014055,-74.8,-108.96,0,-74.7826,-109.4502,1,0,0
0,0,0,2014056,-74.8,-108.96,0,0,0,0,0,0
-74.7826,-109.4502,1,2014057,-74.8,-108.96,0,0,0,0,0,0
-74.7826,-109.4502,1,2014058,-74.8,-108.96,0,0,0,0,0,0
-74.8053,-109.5101,1,2014059,-74.8,-108.96,1,0,0,0,10,7
-74.8053,-109.5101,1,2014060,-74.8,-108.96,0,0,0,0,0,0
-74.8053,-109.5101,1,2014061,-74.8,-108.96,0,0,0,0,0,0
-74.8053,-109.5101,1,2014062,-74.8,-108.96,0,0,0,0,0,0
-74.8053,-109.5101,1,2014063,-74.8,-108.96,0,0,0,0,0,0
-74.8053,-109.5101,1,2014064,-74.8,-108.96,0,0,0,0,0,0
-74.8053,-109.5101,1,2014065,-74.8,-108.96,0,0,0,0,0,0
-74.8263,-109.5021,1,2014066,-74.8,-108.96,1,0,0,0,10,7
-74.8263,-109.5021,1,2014067,-74.8,-108.96,0,0,0,0,0,0
-74.8263,-109.5021,1,2014068,-74.8,-108.96,0,0,0,0,0,0
-74.8263,-109.5021,1,2014069,-74.8,-108.96,0,0,0,0,0,0
-74.8263,-109.5021,1,2014070,-74.8,-108.96,0,0,0,0,0,0
0,0,0,2014071,-74.8,-108.96,0,0,0,0,0,0
-74.8263,-109.5021,1,2014072,-74.8,-108.96,0,0,0,0,0,0
-74.8263,-109.5021,1,2014073,-74.8,-108.96,1,0,0,0,10,7
-74.8263,-109.5021,1,2014074,-74.8,-108.96,0,0,0,0,0,0
-74.8263,-109.5021,1,2014075,-74.8,-108.96,0,0,0,0,0,0
-74.8263,-109.5021,1,2014076,-74.8,-108.96,0,0,0,0,0,0
-74.8263,-109.5021,1,2014077,-74.8,-108.96,0,0,0,0,0,0
-74.8263,-109.5021,1,2014078,-74.8,-108.96,0,0,0,0,0,0
-74.8263,-109.5021,1,2014079,-74.8,-108.96,0,0,0,0,0,0
-74.8263,-109.5021,1,2014080,-74.8,-108.96,1,0,0,0,10,7
-74.8263,-109.5021,1,2014081,-74.8,-108.96,0,0,0,0,0,0
-74.8263,-109.5021,1,2014082,-74.8,-108.96,0,0,0,0,0,0
-74.8263,-109.5021,1,2014083,-74.8,-108.96,0,0,0,0,0,0
-74.8263,-109.5021,1,2014084,-74.8,-108.96,0,0,0,0,0,0
-74.8263,-109.5021,1,2014085,-74.8,-108.96,0,0,0,0,0,0
-74.8263,-109.5021,1,2014086,-74.8,-108.96,0,0,0,0,0,0
-74.8263,-109.5021,1,2014087,-74.8,-108.96,1,0,0,0,10,7
-74.8263,-109.5021,1,2014088,-74.8,-108.96,0,0,0,0,0,0
-74.8263,-109.5021,1,2014089,-74.8,-108.96,0,0,0,0,0,0
0,0,0,2014090,-74.8,-108.96,0,0,0,0,0,0
-74.8002,-109.5396,1,2014091,-74.8,-108.96,0,0,0,0,0,0
-74.8002,-109.5396,1,2014092,-74.8,-108.96,0,0,0,0,0,0
-74.8002,-109.5396,1,2014093,-74.8,-108.96,0,0,0,0,0,0
-74.8002,-109.5396,1,2014094,-74.8,-108.96,1,0,0,0,10,7
-74.8002,-109.5396,1,2014095,-74.8,-108.96,0,0,0,0,0,0
-74.8187,-109.6377,1,2014096,-74.8,-108.96,0,0,0,0,0,0
-74.8187,-109.6377,1,2014097,-74.8,-108.96,0,0,0,0,0,0
-74.8242,-109.8089,1,2014098,-74.8,-108.96,0,0,0,0,0,0
-74.8242,-109.8089,1,2014099,-74.8,-108.96,0,0,0,0,0,0
-74.8242,-109.8089,1,2014100,-74.8,-108.96,0,0,0,0,0,0
-74.8242,-109.8089,1,2014101,-74.8,-108.96,1,0,0,0,10,7
-74.8242,-109.8089,1,2014102,-74.8,-108.96,0,0,0,0,0,0
-74.8242,-109.8089,1,2014103,-74.8,-108.96,0,0,0,0,0,0
-74.8242,-109.8089,1,2014104,-74.8,-108.96,0,0,0,0,0,0
-74.8242,-109.8089,1,2014105,-74.8,-108.96,0,0,0,0,0,0
-74.8242,-109.8089,1,2014106,-74.8,-108.96,0,0,0,0,0,0
-74.8242,-109.8089,1,2014107,-74.8,-108.96,0,0,0,0,0,0
-74.8242,-109.8089,1,2014108,-74.8,-108.96,1,0,0,0,10,7
-74.8263,-110.0124,1,2014109,-74.8,-108.96,0,0,0,0,0,0
-74.8263,-110.0124,1,2014110,-74.8,-108.96,0,0,0,0,0,0
-74.8263,-110.0124,1,2014111,-74.8,-108.96,0,0,0,0,0,0
-74.8263,-110.0124,1,2014112,-74.8,-108.96,0,0,0,0,0,0
-74.8263,-110.0124,1,2014113,-74.8,-108.96,0,0,0,0,0,0
-74.8263,-110.0124,1,2014114,-74.8,-108.96,0,0,0,0,0,0
-74.8263,-110.0124,1,2014115,-74.8,-108.96,1,0,0,0,10,7
-74.8263,-110.0124,1,2014116,0,0,0,0,0,0,0,0
-74.8248,-110.0282,1,2014117,0,0,0,0,0,0,0,0
-74.8248,-110.0282,1,2014118,0,0,0,0,0,0,0,0
-74.8248,-110.0282,1,2014119,0,0,0,0,0,0,0,0
-74.8248,-110.0282,1,2014120,0,0,0,0,0,0,0,0
-74.8248,-110.0282,1,2014121,0,0,0,0,0,0,0,0
-74.8155,-110.125,1,2014122,0,0,0,0,0,0,0,0
-74.8155,-110.125,1,2014123,0,0,0,0,0,0,0,0
-74.8155,-110.125,1,2014124,0,0,0,0,0,0,0,0
-74.8155,-110.125,1,2014125,0,0,0,0,0,0,0,0
-74.8155,-110.125,1,2014126,0,0,0,0,0,0,0,0
-74.8155,-110.125,1,2014127,0,0,0,0,0,0,0,0
-74.8155,-110.125,1,2014128,0,0,0,0,0,0,0,0
-74.8155,-110.125,1,2014129,-74.8,-108.96,1,0,0,0,10,7
-74.8155,-110.125,1,2014130,-74.8,-108.96,0,0,0,0,0,0
-74.8155,-110.125,1,2014131,-74.8,-108.96,0,0,0,0,0,0
-74.8155,-110.125,1,2014132,-74.8,-108.96,0,0,0,0,0,0
-74.8155,-110.125,1,2014133,-74.8,-108.96,0,0,0,0,0,0
-74.8155,-110.125,1,2014134,-74.8,-108.96,0,0,0,0,0,0
0,0,0,2014135,-74.8,-108.96,0,0,0,0,0,0
0,0,0,2014136,-74.8,-108.96,1,0,0,0,10,7
0,0,0,2014137,-74.8,-108.96,0,0,0,0,0,0
0,0,0,2014138,-74.8,-108.96,0,0,0,0,0,0
-74.8155,-110.125,1,2014139,-74.8,-108.96,0,0,0,0,0,0
-74.8155,-110.125,1,2014140,-74.8,-108.96,0,0,0,0,0,0
-74.8155,-110.125,1,2014141,-74.8,-108.96,0,0,0,0,0,0
-74.8155,-110.125,1,2014142,-74.8,-108.96,0,0,0,0,0,0
-74.8155,-110.125,1,2014143,-74.8,-108.96,1,0,0,0,10,7
-74.8155,-110.125,1,2014144,-74.8,-108.96,0,0,0,0,0,0
-74.8155,-110.125,1,2014145,-74.8,-108.96,0,0,0,0,0,0
-74.8155,-110.125,1,2014146,-74.8,-108.96,0,0,0,0,0,0
-74.8155,-110.125,1,2014147,-74.8,-108.96,0,0,0,0,0,0
-74.8155,-110.125,1,2014148,-74.8,-108.96,0,0,0,0,0,0
-74.8155,-110.125,1,2014149,-74.8,-108.96,0,0,0,0,0,0
-74.8155,-110.125,1,2014150,-74.8,-108.96,1,0,0,0,10,7
-74.8155,-110.125,1,2014151,-74.8,-108.96,0,0,0,0,0,0
-74.8155,-110.125,1,2014152,-74.8,-108.96,0,0,0,0,0,0
-74.8155,-110.125,1,2014153,-74.8,-108.96,0,0,0,0,0,0
-74.8155,-110.125,1,2014154,-74.8,-108.96,0,0,0,0,0,0
-74.8155,-110.125,1,2014155,-74.8,-108.96,0,0,0,0,0,0
-74.8155,-110.125,1,2014156,-74.8,-108.96,0,0,0,0,0,0
-74.8155,-110.125,1,2014157,-74.8,-108.96,1,0,0,0,10,7
-74.8155,-110.125,1,2014158,-74.8,-108.96,0,0,0,0,0,0
-74.8155,-110.125,1,2014159,-74.8,-108.96,0,0,0,0,0,0
-74.8126,-110.2118,1,2014160,-74.8,-108.96,0,0,0,0,0,0
-74.8126,-110.2118,1,2014161,-74.8,-108.96,0,0,0,0,0,0
-74.8126,-110.2118,1,2014162,-74.8,-108.96,0,0,0,0,0,0
-74.8126,-110.2118,1,2014163,-74.8,-108.96,0,0,0,0,0,0
-74.8126,-110.2118,1,2014164,-74.8,-108.96,1,0,0,0,10,7
-74.8126,-110.2118,1,2014165,0,0,0,0,0,0,0,0
-74.8126,-110.2118,1,2014166,0,0,0,0,0,0,0,0
-74.8126,-110.2118,1,2014167,0,0,0,0,0,0,0,0
-74.8126,-110.2118,1,2014168,0,0,0,0,0,0,0,0
-74.8126,-110.2118,1,2014169,0,0,0,0,0,0,0,0
-74.8126,-110.2118,1,2014170,0,0,0,0,0,0,0,0
-74.8126,-110.2118,1,2014171,0,0,0,0,0,0,0,0
-74.8126,-110.2118,1,2014172,0,0,0,0,0,0,0,0
-74.8126,-110.2118,1,2014173,0,0,0,0,0,0,0,0
-74.8126,-110.2118,1,2014174,0,0,0,0,0,0,0,0
-74.8126,-110.2118,1,2014175,0,0,0,0,0,0,0,0
-74.8126,-110.2118,1,2014176,0,0,0,0,0,0,0,0
-74.8126,-110.2118,1,2014177,0,0,0,0,0,0,0,0
-74.8126,-110.2118,1,2014178,-74.8,-108.96,1,0,0,0,10,7
-74.8126,-110.2118,1,2014179,-74.8,-108.96,0,0,0,0,0,0
-74.8126,-110.2118,1,2014180,-74.8,-108.96,0,0,0,0,0,0
-74.8126,-110.2118,1,2014181,-74.8,-108.96,0,0,0,0,0,0
-74.8126,-110.2118,1,2014182,-74.8,-108.96,0,0,0,0,0,0
-74.8126,-110.2118,1,2014183,-74.8,-108.96,0,0,0,0,0,0
-74.8126,-110.2118,1,2014184,-74.8,-108.96,0,0,0,0,0,0
-74.8126,-110.2118,1,2014185,-74.8,-108.96,1,0,0,0,10,7
-74.8126,-110.2118,1,2014186,-74.8,-108.96,0,0,0,0,0,0
-74.8126,-110.2118,1,2014187,-74.8,-108.96,0,0,0,0,0,0
-74.8126,-110.2118,1,2014188,-74.8,-108.96,0,0,0,0,0,0
-74.8126,-110.2118,1,2014189,-74.8,-108.96,0,0,0,0,0,0
-74.8126,-110.2118,1,2014190,-74.8,-108.96,0,0,0,0,0,0
-74.8126,-110.2118,1,2014191,-74.8,-108.96,0,0,0,0,0,0
-74.8126,-110.2118,1,2014192,-74.8,-108.96,1,0,0,0,10,7
-74.8126,-110.2118,1,2014193,0,0,0,0,0,0,0,0
-74.8126,-110.2118,1,2014194,0,0,0,0,0,0,0,0
-74.8126,-110.2118,1,2014195,0,0,0,0,0,0,0,0
-74.8126,-110.2118,1,2014196,0,0,0,0,0,0,0,0
-74.8126,-110.2118,1,2014197,0,0,0,0,0,0,0,0
-74.8126,-110.2118,1,2014198,0,0,0,0,0,0,0,0
-74.8126,-110.2118,1,2014199,0,0,0,0,0,0,0,0
-74.8126,-110.2118,1,2014200,0,0,0,0,0,0,0,0
-74.8126,-110.2118,1,2014201,0,0,0,0,0,0,0,0
-74.8126,-110.2118,1,2014202,0,0,0,0,0,0,0,0
-74.8126,-110.2118,1,2014203,0,0,0,0,0,0,0,0
-74.8126,-110.2118,1,2014204,0,0,0,0,0,0,0,0
-74.8126,-110.2118,1,2014205,0,0,0,0,0,0,0,0
-74.8126,-110.2118,1,2014206,-74.8,-108.96,1,0,0,0,10,7
-74.8126,-110.2118,1,2014207,-74.8,-108.96,0,0,0,0,0,0
-74.8126,-110.2118,1,2014208,-74.8,-108.96,0,0,0,0,0,0
-74.8126,-110.2118,1,2014209,-74.8,-108.96,0,0,0,0,0,0
0,0,0,2014210,-74.8,-108.96,0,0,0,0,0,0
-74.8126,-110.2118,1,2014211,-74.8,-108.96,0,0,0,0,0,0
-74.8126,-110.2118,1,2014212,-74.8,-108.96,0,0,0,0,0,0
-74.8126,-110.2118,1,2014213,-74.8,-108.96,1,0,0,0,10,7
-74.8126,-110.2118,1,2014214,-74.8,-108.96,0,0,0,0,0,0
-74.8126,-110.2118,1,2014215,-74.8,-108.96,0,0,0,0,0,0
-74.8126,-110.2118,1,2014216,-74.8,-108.96,0,0,0,0,0,0
-74.8126,-110.2118,1,2014217,-74.8,-108.96,0,0,0,0,0,0
-74.8126,-110.2118,1,2014218,-74.8,-108.96,0,0,0,0,0,0
-74.8126,-110.2118,1,2014219,-74.8,-108.96,0,0,0,0,0,0
-74.8126,-110.2118,1,2014220,-74.8,-108.96,1,0,0,0,10,7
-74.8126,-110.2118,1,2014221,-74.8,-108.96,0,0,0,0,0,0
-74.8126,-110.2118,1,2014222,-74.8,-108.96,0,0,0,0,0,0
0,0,0,2014223,-74.8,-108.96,0,0,0,0,0,0
-74.8126,-110.2118,1,2014224,-74.8,-108.96,0,0,0,0,0,0
-74.8126,-110.2118,1,2014225,-74.8,-108.96,0,0,0,0,0,0
-74.8126,-110.2118,1,2014226,-74.8,-108.96,0,0,0,0,0,0
-74.8347,-110.2063,1,2014227,-74.8,-108.96,1,0,0,0,10,7
-74.8347,-110.2063,1,2014228,-74.8,-108.96,0,0,0,0,0,0
-74.8347,-110.2063,1,2014229,-74.8,-108.96,0,0,0,0,0,0
-74.8347,-110.2063,1,2014230,-74.8,-108.96,0,0,0,0,0,0
-74.8347,-110.2063,1,2014231,-74.8,-108.96,0,0,0,0,0,0
-74.8347,-110.2063,1,2014232,-74.8,-108.96,0,0,0,0,0,0
-74.8347,-110.2063,1,2014233,-74.8,-108.96,0,0,0,0,0,0
-74.8347,-110.2063,1,2014234,-74.8,-108.96,1,0,0,0,10,7
-74.8347,-110.2063,1,2014235,-74.8,-108.96,0,0,0,0,0,0
-74.8347,-110.2063,1,2014236,-74.8,-108.96,0,0,0,0,0,0
-74.8188,-110.2573,1,2014237,-74.8,-108.96,0,0,0,0,0,0
-74.8188,-110.2573,1,2014238,-74.8,-108.96,0,0,0,0,0,0
-74.8188,-110.2573,1,2014239,-74.8,-108.96,0,0,0,0,0,0
-74.8188,-110.2573,1,2014240,-74.8,-108.96,0,0,0,0,0,0
-74.8188,-110.2573,1,2014241,-74.8,-108.96,1,0,0,0,10,7
-74.8188,-110.2573,1,2014242,-74.8,-108.96,0,0,0,0,0,0
-74.8188,-110.2573,1,2014243,-74.8,-108.96,0,0,0,0,0,0
-74.8188,-110.2573,1,2014244,-74.8,-108.96,0,0,0,0,0,0
-74.819,-110.3673,1,2014245,-74.8,-108.96,0,0,0,0,0,0
-74.819,-110.3673,1,2014246,-74.8,-108.96,0,0,0,0,0,0
-74.819,-110.3673,1,2014247,-74.8,-108.96,0,0,0,0,0,0
-74.819,-110.3673,1,2014248,-74.8,-108.96,1,0,0,0,10,7
-74.819,-110.3673,1,2014249,-74.8,-108.96,0,0,0,0,0,0
-74.819,-110.3673,1,2014250,-74.8,-108.96,0,0,0,0,0,0
-74.819,-110.3673,1,2014251,-74.8,-108.96,0,0,0,0,0,0
-74.819,-110.3673,1,2014252,-74.8,-108.96,0,0,0,0,0,0
-74.819,-110.3673,1,2014253,-74.8,-108.96,0,0,0,0,0,0
-74.819,-110.3673,1,2014254,-74.8,-108.96,0,0,0,0,0,0
0,0,0,2014255,-74.8,-108.96,1,0,0,0,10,7
-74.819,-110.3673,1,2014256,-74.8,-108.96,0,0,0,0,0,0
-74.819,-110.3673,1,2014257,-74.8,-108.96,0,0,0,0,0,0
-74.819,-110.3673,1,2014258,-74.8,-108.96,0,0,0,0,0,0
-74.819,-110.3673,1,2014259,-74.8,-108.96,0,0,0,0,0,0
-74.819,-110.3673,1,2014260,-74.8,-108.96,0,0,0,0,0,0
-74.819,-110.3673,1,2014261,-74.8,-108.96,0,0,0,0,0,0
-74.819,-110.3673,1,2014262,-74.8,-108.96,1,0,0,0,10,7
-74.819,-110.3673,1,2014263,-74.8,-108.96,0,0,0,0,0,0
-74.819,-110.3673,1,2014264,-74.8,-108.96,0,0,0,0,0,0
-74.819,-110.3673,1,2014265,-74.8,-108.96,0,0,0,0,0,0
-74.819,-110.3673,1,2014266,-74.8,-108.96,0,0,0,0,0,0
-74.819,-110.3673,1,2014267,-74.8,-108.96,0,0,0,0,0,0
-74.819,-110.3673,1,2014268,-74.8,-108.96,0,0,0,0,0,0
0,0,0,2014269,-74.8,-108.96,1,0,0,0,10,7
0,0,0,2014270,-74.8,-108.96,0,0,0,0,0,0
-74.819,-110.3673,1,2014271,-74.8,-108.96,0,0,0,0,0,0
-74.819,-110.3673,1,2014272,-74.8,-108.96,0,0,0,0,0,0
-74.819,-110.3673,1,2014273,-74.8,-108.96,0,0,0,0,0,0
-74.819,-110.3673,1,2014274,-74.8,-108.96,0,0,0,0,0,0
-74.819,-110.3673,1,2014275,-74.8,-108.96,0,0,0,0,0,0
-74.819,-110.3673,1,2014276,-74.8,-108.96,1,0,0,0,10,7
-74.819,-110.3673,1,2014277,-74.8,-108.96,0,0,0,0,0,0
-74.819,-110.3673,1,2014278,-74.8,-108.96,0,0,0,0,0,0
-74.819,-110.3673,1,2014279,-74.8,-108.96,0,0,0,0,0,0
-74.819,-110.3673,1,2014280,-74.8,-108.96,0,0,0,0,0,0
-74.819,-110.3673,1,2014281,-74.8,-108.96,0,0,0,0,0,0
-74.7488,-108.829,1,2014282,-74.8,-108.96,0,0,0,0,0,0
-74.7488,-108.829,1,2014283,-74.8,-108.96,1,0,0,0,10,7
-74.7488,-108.829,1,2014284,-74.8,-108.96,0,0,0,0,0,0
-74.7488,-108.829,1,2014285,-74.8,-108.96,0,0,0,0,0,0
-74.7488,-108.829,1,2014286,-74.8,-108.96,0,0,0,0,0,0
-74.7488,-108.829,1,2014287,-74.8,-108.96,0,0,0,0,0,0
-74.7488,-108.829,1,2014288,-74.8,-108.96,0,0,0,0,0,0
-74.7488,-108.829,1,2014289,-74.8,-108.96,0,0,0,0,0,0
-74.7488,-108.829,1,2014290,-74.8,-108.96,1,0,0,0,10,7
-74.7488,-108.829,1,2014291,-74.8,-108.96,0,0,0,0,0,0
-74.7488,-108.829,1,2014292,-74.8,-108.96,0,0,0,0,0,0
-74.7488,-108.829,1,2014293,-74.8,-108.96,0,0,0,0,0,0
-74.7488,-108.829,1,2014294,-74.8,-108.96,0,0,0,0,0,0
-74.7488,-108.829,1,2014295,-74.8,-108.96,0,0,0,0,0,0
-74.7488,-108.829,1,2014296,-74.8,-108.96,0,0,0,0,0,0
-74.7488,-108.829,1,2014297,-74.8,-108.96,1,0,0,0,10,7
-74.7488,-108.829,1,2014298,-74.8,-108.96,0,0,0,0,0,0
-74.7488,-108.829,1,2014299,-74.8,-108.96,0,0,0,0,0,0
-74.7488,-108.829,1,2014300,-74.8,-108.96,0,0,0,0,0,0
-74.7488,-108.829,1,2014301,-74.8,-108.96,0,0,0,0,0,0
-74.7488,-108.829,1,2014302,-74.8,-108.96,0,0,0,0,0,0
-74.7488,-108.829,1,2014303,-74.8,-108.96,0,0,0,0,0,0
-74.7488,-108.829,1,2014304,-74.8,-108.96,1,0,0,0,10,7
-74.7488,-108.829,1,2014305,-74.8,-108.96,0,0,0,0,0,0
-74.7488,-108.829,1,2014306,-74.8,-108.96,0,0,0,0,0,0
-74.7488,-108.829,1,2014307,-74.8,-108.96,0,0,0,0,0,0
-74.7488,-108.829,1,2014308,-74.8,-108.96,0,0,0,0,0,0
-74.7488,-108.829,1,2014309,-74.8,-108.96,0,0,0,0,0,0
-74.7488,-108.829,1,2014310,-74.8,-108.96,0,0,0,0,0,0
-74.7488,-108.829,1,2014311,-74.8,-108.96,1,0,0,0,10,7
-74.7488,-108.829,1,2014312,-74.8,-108.96,0,0,0,0,0,0
-74.7488,-108.829,1,2014313,-74.8,-108.96,0,0,0,0,0,0
-74.7488,-108.829,1,2014314,-74.8,-108.96,0,0,0,0,0,0
-74.7488,-108.829,1,2014315,-74.8,-108.96,0,0,0,0,0,0
-74.7488,-108.829,1,2014316,-74.8,-108.96,0,0,0,0,0,0
-74.7488,-108.829,0,2014317,-74.8,-108.96,0,0,0,0,0,0
-74.7488,-108.829,1,2014318,-74.8,-108.96,1,0,0,0,10,7
-74.7488,-108.829,1,2014319,-74.8,-108.96,0,0,0,0,0,0
-74.7488,-108.829,1,2014320,-74.8,-108.96,0,0,0,0,0,0
-74.7488,-108.829,1,2014321,-74.8,-108.96,0,0,0,0,0,0
-74.7488,-108.829,1,2014322,-74.8,-108.96,0,0,0,0,0,0
-74.7488,-108.829,1,2014323,-74.8,-108.96,0,0,0,0,0,0
-74.7488,-108.829,1,2014324,-74.8,-108.96,0,0,0,0,0,0
-74.7488,-108.829,1,2014325,-74.8,-108.96,1,0,0,0,10,7
-74.7488,-108.829,1,2014326,0,0,0,0,0,0,0,0
-74.7488,-108.829,1,2014327,0,0,0,0,0,0,0,0
-74.7488,-108.829,1,2014328,0,0,0,0,0,0,0,0
-74.7488,-108.829,1,2014329,0,0,0,0,0,0,0,0
-74.7488,-108.829,1,2014330,0,0,0,0,0,0,0,0
-74.7488,-108.829,1,2014331,0,0,0,0,0,0,0,0
-74.7488,-108.829,1,2014332,0,0,0,0,0,0,0,0
-74.7488,-108.829,1,2014333,0,0,0,0,0,0,0,0
-74.7488,-108.829,1,2014334,0,0,0,0,0,0,0,0
-74.7488,-108.829,1,2014335,0,0,0,0,0,0,0,0
-74.7488,-108.829,1,2014336,0,0,0,0,0,0,0,0
-74.7488,-108.829,1,2014337,0,0,0,0,0,0,0,0
-74.7488,-108.829,1,2014338,0,0,0,0,0,0,0,0
-74.7488,-108.829,1,2014339,-74.8,-108.96,1,0,0,0,10,7
-74.7488,-108.829,1,2014340,-74.8,-108.96,0,0,0,0,0,0
-74.7488,-108.829,1,2014341,-74.8,-108.96,0,0,0,0,0,0
-74.7488,-108.829,1,2014342,-74.8,-108.96,0,0,0,0,0,0
-74.7488,-108.829,0,2014343,-74.8,-108.96,0,0,0,0,0,0
-74.7488,-108.829,1,2014344,-74.8,-108.96,0,0,0,0,0,0
-74.7488,-108.829,1,2014345,-74.8,-108.96,1,0,0,0,10,7
-74.7488,-108.829,0,2014346,-74.8,-108.9604,0,0,0,0,0,0
-74.7488,-108.829,1,2014347,-74.8,-108.9616,0,0,0,0,0,0
-74.7488,-108.829,1,2014348,-74.8,-108.9632,0,0,0,0,0,0
-74.7488,-108.829,1,2014349,-74.8,-108.965,0,0,0,0,0,0
-74.7488,-108.829,0,2014350,-74.8,-108.9668,0,0,0,0,0,0
-74.7488,-108.829,1,2014351,-74.8,-108.9684,0,0,0,0,0,0
-74.7488,-108.829,1,2014352,-74.8,-108.9696,0,0,0,0,0,0
-74.7488,-108.829,1,2014353,-74.8,-108.97,1,0,0,0,10,7
-74.7488,-108.829,1,2014354,-74.8,-108.97,0,0,0,0,0,0
-74.7488,-108.829,1,2014355,-74.8,-108.97,0,0,0,0,0,0
-74.7488,-108.829,1,2014356,-74.8,-108.97,0,0,0,0,0,0
-74.7488,-108.829,1,2014357,-74.8,-108.97,0,0,0,0,0,0
-74.7488,-108.829,1,2014358,-74.8,-108.97,0,0,0,0,0,0
-74.7488,-108.829,1,2014359,-74.8,-108.97,0,0,0,0,0,0
-74.7488,-108.829,1,2014360,-74.8,-108.97,1,0,0,0,10,7
-74.7488,-108.829,1,2014361,-74.8,-108.97,0,0,0,0,0,0
-74.7488,-108.829,1,2014362,-74.8,-108.97,0,0,0,0,0,0
-74.7248,-108.9037,1,2014363,-74.8,-108.97,0,0,0,0,0,0
-74.7248,-108.9037,1,2014364,-74.8,-108.97,0,0,0,0,0,0
-74.7248,-108.9037,1,2014365,-74.8,-108.97,0,0,0,0,0,0
-74.7248,-108.9037,1,2015001,-74.8,-108.97,0,0,0,0,0,0
-74.7248,-108.9037,1,2015002,-74.8,-108.97,1,0,0,0,10,7
-74.7248,-108.9037,1,2015003,-74.8,-108.97,0,0,0,0,0,0
-74.7248,-108.9037,1,2015004,-74.8,-108.97,0,0,0,0,0,0
-74.7248,-108.9037,1,2015005,-74.8,-108.97,0,0,0,0,0,0
-74.7248,-108.9037,1,2015006,-74.8,-108.97,0,0,0,0,0,0
-74.7248,-108.9037,1,2015007,-74.8,-108.97,0,0,0,0,0,0
-74.7248,-108.9037,1,2015008,-74.8,-108.97,0,0,0,0,0,0
-74.7257,-108.8055,0,2015009,-74.8,-108.97,1,0,0,0,10,7
-74.7265,-108.7072,1,2015010,-74.8,-108.97,0,0,0,0,0,0
-74.7265,-108.7072,1,2015011,-74.8,-108.97,0,0,0,0,0,0
-74.7265,-108.7072,1,2015012,-74.8,-108.97,0,0,0,0,0,0
-74.7265,-108.7072,1,2015013,-74.8,-108.97,0,0,0,0,0,0
-74.7265,-108.7072,1,2015014,-74.8,-108.97,0,0,0,0,0,0
-74.7265,-108.7072,1,2015015,-74.8,-108.97,0,0,0,0,0,0
-74.7346,-108.6166,0,2015016,-74.8,-108.97,1,0,0,0,10,7
-74.7426,-108.526,1,2015017,-74.8,-108.97,0,0,0,0,0,0
-74.7426,-108.526,1,2015018,-74.8,-108.97,0,0,0,0,0,0
-74.7426,-108.526,1,2015019,-74.8,-108.97,0,0,0,0,0,0
-74.7426,-108.526,1,2015020,-74.8,-108.97,0,0,0,0,0,0
-74.7426,-108.526,1,2015021,-74.8,-108.97,0,0,0,0,0,0
-74.7426,-108.526,1,2015022,-74.8,-108.97,0,0,0,0,0,0
-74.749,-108.7533,0,2015023,-74.8,-108.97,1,0,0,0,10,7
-74.7554,-108.9806,1,2015024,-74.8,-108.97,0,0,0,0,0,0
-74.7554,-108.9806,1,2015025,-74.8,-108.97,0,0,0,0,0,0
-74.7554,-108.9806,1,2015026,-74.8,-108.97,0,0,0,0,0,0
-74.7554,-108.9806,1,2015027,-74.8,-108.97,0,0,0,0,0,0
-74.7554,-108.9806,1,2015028,-74.8,-108.97,0,0,0,0,0,0
-74.7554,-108.9806,1,2015029,-74.8,-108.97,0,0,0,0,0,0
-74.7554,-108.9806,0,2015030,-74.8,-108.97,1,0,0,0,10,7
-74.7554,-108.9806,1,2015031,-74.8,-108.97,0,0,0,0,0,0
-74.7554,-108.9806,1,2015032,-74.8,-108.97,0,0,0,0,0,0
-74.7554,-108.9806,1,2015033,-74.8,-108.97,0,0,0,0,0,0
-74.7554,-108.9806,1,2015034,-74.8,-108.97,0,0,0,0,0,0
-74.7554,-108.9806,1,2015035,-74.8,-108.97,0,0,0,0,0,0
-74.7554,-108.9806,1,2015036,-74.8,-108.97,0,0,0,0,0,0
-74.7554,-108.9806,1,2015037,-74.8,-108.97,1,0,0,0,10,7
-74.7554,-108.9806,1,2015038,-74.8,-108.97,0,0,0,0,0,0
-74.7554,-108.9806,1,2015039,-74.8,-108.97,0,0,0,0,0,0
-74.7554,-108.9806,1,2015040,-74.8,-108.97,0,0,0,0,0,0
-74.7554,-108.9806,1,2015041,-74.8,-108.97,0,0,0,0,0,0
-74.7554,-108.9806,1,2015042,-74.8,-108.97,0,0,0,0,0,0
-74.7554,-108.9806,1,2015043,-74.8,-108.97,0,0,0,0,0,0
-74.7554,-108.9806,0,2015044,-74.8,-108.97,1,0,0,0,10,7
-74.7554,-108.9806,1,2015045,-74.8,-108.97,0,0,0,0,0,0
-74.7554,-108.9806,1,2015046,-74.8,-108.97,0,0,0,0,0,0
-74.7554,-108.9806,1,2015047,-74.8,-108.97,0,0,0,0,0,0
-74.7554,-108.9806,1,2015048,-74.8,-108.97,0,0,0,0,0,0
-74.7554,-108.9806,1,2015049,-74.8,-108.97,0,0,0,0,0,0
-74.7554,-108.9806,0,2015050,-74.8,-108.97,0,0,0,0,0,0
-74.7554,-108.9806,1,2015051,-74.8,-108.97,1,0,0,0,10,7
-74.7554,-108.9806,1,2015052,-74.8,-108.97,0,0,0,0,0,0
-74.7554,-108.9806,1,2015053,-74.8,-108.97,0,0,0,0,0,0
-74.7554,-108.9806,1,2015054,-74.8,-108.97,0,0,0,0,0,0
-74.7554,-108.9806,1,2015055,-74.8,-108.97,0,0,0,0,0,0
-74.7554,-108.9806,1,2015056,-74.8,-108.97,0,0,0,0,0,0
-74.7554,-108.9806,1,2015057,-74.8,-108.97,0,0,0,0,0,0
-74.7554,-108.9806,1,2015058,-74.8,-108.97,1,0,0,0,10,7
-74.7554,-108.9806,1,2015059,-74.8,-108.97,0,0,0,0,0,0
-74.7554,-108.9806,1,2015060,-74.8,-108.97,0,0,0,0,0,0
-74.7554,-108.9806,0,2015061,-74.8,-108.97,0,0,0,0,0,0
-74.7554,-108.9806,1,2015062,-74.8,-108.97,0,0,0,0,0,0
-74.7554,-108.9806,1,2015063,-74.8,-108.97,0,0,0,0,0,0
-74.7554,-108.9806,1,2015064,-74.8,-108.97,0,0,0,0,0,0
-74.7554,-108.9806,1,2015065,-74.8,-108.97,1,0,0,0,10,7
-74.7554,-108.9806,1,2015066,-74.8,-108.97,0,0,0,0,0,0
-74.7554,-108.9806,1,2015067,-74.8,-108.97,0,0,0,0,0,0
-74.7554,-108.9806,1,2015068,-74.8,-108.97,0,0,0,0,0,0
-74.7554,-108.9806,1,2015069,-74.8,-108.97,0,0,0,0,0,0
-74.7554,-108.9806,1,2015070,-74.8,-108.97,0,0,0,0,0,0
-74.7554,-108.9806,1,2015071,-74.8,-108.97,0,0,0,0,0,0
-74.7554,-108.9806,1,2015072,-74.8,-108.97,1,0,0,0,10,7
-74.7554,-108.9806,1,2015073,-74.8,-108.9694,0,0,0,0,0,0
-74.7554,-108.9806,1,2015074,-74.8,-108.968,0,0,0,0,0,0
-74.7554,-108.9806,0,2015075,-74.8,-108.9661,0,0,0,0,0,0
-74.7554,-108.9806,1,2015076,-74.8,-108.9639,0,0,0,0,0,0
-74.7554,-108.9806,1,2015077,-74.8,-108.962,0,0,0,0,0,0
-74.7554,-108.9806,1,2015078,-74.8,-108.9606,0,0,0,0,0,0
-74.7554,-108.9806,1,2015079,-74.8,-108.96,1,0,0,0,10,7
-74.7554,-108.9806,1,2015080,-74.8,-108.9606,0,0,0,0,0,0
-74.7554,-108.9806,1,2015081,-74.8,-108.962,0,0,0,0,0,0
-74.7554,-108.9806,1,2015082,-74.8,-108.9639,0,0,0,0,0,0
-74.7554,-108.9806,1,2015083,-74.8,-108.9661,0,0,0,0,0,0
-74.7554,-108.9806,0,2015084,-74.8,-108.968,0,0,0,0,0,0
-74.7554,-108.9806,1,2015085,-74.8,-108.9694,0,0,0,0,0,0
-74.7554,-108.9806,1,2015086,-74.8,-108.97,1,0,0,0,10,7
-74.7554,-108.9806,1,2015087,-74.8,-108.97,0,0,0,0,0,0
-74.7554,-108.9806,1,2015088,-74.8,-108.97,0,0,0,0,0,0
-74.7554,-108.9806,1,2015089,-74.8,-108.97,0,0,0,0,0,0
-74.7554,-108.9806,1,2015090,-74.8,-108.97,0,0,0,0,0,0
-74.7554,-108.9806,1,2015091,-74.8,-108.97,0,0,0,0,0,0
-74.7554,-108.9806,1,2015092,-74.8,-108.97,0,0,0,0,0,0
-74.7554,-108.9806,0,2015093,-74.8,-108.97,1,0,0,0,10,7
-74.7554,-108.9806,1,2015094,-74.8,-108.97,0,0,0,0,0,0
-74.7554,-108.9806,1,2015095,-74.8,-108.97,0,0,0,0,0,0
-74.7554,-108.9806,1,2015096,-74.8,-108.97,0,0,0,0,0,0
-74.7554,-108.9806,1,2015097,-74.8,-108.97,0,0,0,0,0,0
-74.7554,-108.9806,1,2015098,-74.8,-108.97,0,0,0,0,0,0
-74.7554,-108.9806,1,2015099,-74.8,-108.97,0,0,0,0,0,0
-74.7554,-108.9806,0,2015100,-74.8,-108.97,1,0,0,0,10,7
-74.7554,-108.9806,1,2015101,-74.8,-108.97,0,0,0,0,0,0
-74.7554,-108.9806,1,2015102,-74.8,-108.97,0,0,0,0,0,0
-74.7554,-108.9806,1,2015103,-74.8,-108.97,0,0,0,0,0,0
-74.7554,-108.9806,1,2015104,-74.8,-108.97,0,0,0,0,0,0
-74.7554,-108.9806,1,2015105,-74.8,-108.97,0,0,0,0,0,0
-74.7554,-108.9806,1,2015106,-74.8,-108.97,0,0,0,0,0,0
-74.7554,-108.9806,1,2015107,-74.8,-108.97,1,0,0,0,10,7
-74.7554,-108.9806,1,2015108,-74.8,-108.97,0,0,0,0,0,0
-74.7554,-108.9806,1,2015109,-74.8,-108.97,0,0,0,0,0,0
-74.7554,-108.9806,1,2015110,-74.8,-108.97,0,0,0,0,0,0
-74.7554,-108.9806,1,2015111,-74.8,-108.97,0,0,0,0,0,0
-74.7554,-108.9806,1,2015112,-74.8,-108.97,0,0,0,0,0,0
-74.7554,-108.9806,1,2015113,-74.8,-108.97,0,0,0,0,0,0
-74.7554,-108.9806,1,2015114,-74.8,-108.97,1,0,0,0,10,7
-74.7554,-108.9806,1,2015115,-74.8,-108.97,0,0,0,0,0,0
-74.7554,-108.9806,1,2015116,-74.8,-108.97,0,0,0,0,0,0
-74.7554,-108.9806,1,2015117,-74.8,-108.97,0,0,0,0,0,0
-74.7554,-108.9806,1,2015118,-74.8,-108.97,0,0,0,0,0,0
-74.7554,-108.9806,1,2015119,-74.8,-108.97,0,0,0,0,0,0
-74.7554,-108.9806,1,2015120,-74.8,-108.97,0,0,0,0,0,0
-74.7554,-108.9806,1,2015121,-74.8,-108.97,1,0,0,0,10,7
-74.7554,-108.9806,1,2015122,-74.8,-108.97,0,0,0,0,0,0
-74.7554,-108.9806,1,2015123,-74.8,-108.97,0,0,0,0,0,0
-74.7554,-108.9806,1,2015124,-74.8,-108.97,0,0,0,0,0,0
-74.7554,-108.9806,1,2015125,-74.8,-108.97,0,0,0,0,0,0
-74.7554,-108.9806,1,2015126,-74.8,-108.97,0,0,0,0,0,0
-74.7554,-108.9806,1,2015127,-74.8,-108.97,0,0,0,0,0,0
-74.7554,-108.9806,1,2015128,-74.8,-108.97,1,0,0,0,10,7
-74.7554,-108.9806,1,2015129,-74.8,-108.97,0,0,0,0,0,0
-74.7554,-108.9806,1,2015130,-74.8,-108.97,0,0,0,0,0,0
-74.7554,-108.9806,1,2015131,-74.8,-108.97,0,0,0,0,0,0
-74.7554,-108.9806,1,2015132,-74.8,-108.97,0,0,0,0,0,0
-74.7554,-108.9806,1,2015133,-74.8,-108.97,0,0,0,0,0,0
-74.7554,-108.9806,1,2015134,-74.8,-108.97,0,0,0,0,0,0
-74.7554,-108.9806,1,2015135,-74.8,-108.97,1,0,0,0,10,7
-74.7554,-108.9806,1,2015136,-74.8,-108.97,0,0,0,0,0,0
-74.7554,-108.9806,1,2015137,-74.8,-108.97,0,0,0,0,0,0
-74.7554,-108.9806,1,2015138,-74.8,-108.97,0,0,0,0,0,0
-74.7554,-108.9806,1,2015139,-74.8,-108.97,0,0,0,0,0,0
-74.7554,-108.9806,0,2015140,-74.8,-108.97,0,0,0,0,0,0
-74.7554,-108.9806,1,2015141,-74.8,-108.97,0,0,0,0,0,0
-74.7554,-108.9806,1,2015142,-74.8,-108.97,1,0,0,0,10,7
-74.7554,-108.9806,1,2015143,-74.8,-108.97,0,0,0,0,0,0
-74.7554,-108.9806,1,2015144,-74.8,-108.97,0,0,0,0,0,0
-74.7554,-108.9806,1,2015145,-74.8,-108.97,0,0,0,0,0,0
-74.7554,-108.9806,0,2015146,-74.8,-108.97,0,0,0,0,0,0
-74.7554,-108.9806,1,2015147,-74.8,-108.97,0,0,0,0,0,0
-74.7554,-108.9806,1,2015148,-74.8,-108.97,0,0,0,0,0,0
-74.6815,-108.8593,1,2015149,-74.8,-108.97,1,0,0,0,10,7
-74.6815,-108.8593,1,2015150,-74.8,-108.97,0,0,0,0,0,0
-74.6051,-108.761,1,2015151,-74.8,-108.97,0,0,0,0,0,0
-74.6673,-109.0207,1,2015152,-74.8,-108.97,0,0,0,0,0,0
-74.6673,-109.0207,1,2015153,-74.8,-108.97,0,0,0,0,0,0
-74.6673,-109.0207,1,2015154,-74.8,-108.97,0,0,0,0,0,0
-74.6673,-109.0207,1,2015155,-74.8,-108.97,0,0,0,0,0,0
-74.6673,-109.0207,1,2015156,-74.8,-108.97,1,0,0,0,10,7
-74.6673,-109.0207,1,2015157,-74.8,-108.97,0,0,0,0,0,0
-74.6673,-109.0207,1,2015158,-74.8,-108.97,0,0,0,0,0,0
-74.6673,-109.0207,1,2015159,-74.8,-108.97,0,0,0,0,0,0
-74.6673,-109.0207,1,2015160,-74.8,-108.97,0,0,0,0,0,0
-74.6782,-109.0165,1,2015161,-74.8,-108.97,0,0,0,0,0,0
-74.6782,-109.0165,1,2015162,-74.8,-108.97,0,0,0,0,0,0
-74.6634,-109.177,1,2015163,-74.8,-108.97,1,0,0,0,10,7
-74.6634,-109.177,1,2015164,-74.8,-108.97,0,0,0,0,0,0
-74.6634,-109.177,1,2015165,-74.8,-108.97,0,0,0,0,0,0
-74.6634,-109.177,1,2015166,-74.8,-108.97,0,0,0,0,0,0
-74.6634,-109.177,1,2015167,-74.8,-108.97,0,0,0,0,0,0
-74.6634,-109.177,1,2015168,-74.8,-108.97,0,0,0,0,0,0
-74.6634,-109.177,1,2015169,-74.8,-108.97,0,0,0,0,0,0
-74.4997,-108.6264,1,2015170,-74.8,-108.97,1,0,0,0,10,7
-74.4997,-108.6264,0,2015171,-74.8,-108.97,0,0,0,0,0,0
-74.4997,-108.6264,1,2015172,-74.8,-108.97,0,0,0,0,0,0
-74.4997,-108.6264,1,2015173,-74.8,-108.97,0,0,0,0,0,0
-74.4997,-108.6264,0,2015174,-74.8,-108.97,0,0,0,0,0,0
-74.4997,-108.6264,1,2015175,-74.8,-108.97,0,0,0,0,0,0
-74.4997,-108.6264,1,2015176,-74.8,-108.97,0,0,0,0,0,0
-74.4997,-108.6264,1,2015177,-74.8,-108.97,1,0,0,0,10,7
-74.4997,-108.6264,1,2015178,-74.8,-108.97,0,0,0,0,0,0
-74.4997,-108.6264,1,2015179,-74.8,-108.97,0,0,0,0,0,0
-74.4997,-108.6264,1,2015180,-74.8,-108.97,0,0,0,0,0,0
-74.5124,-108.6073,0,2015181,-74.8,-108.97,0,0,0,0,0,0
-74.525,-108.5881,1,2015182,-74.8,-108.97,0,0,0,0,0,0
-74.525,-108.5881,1,2015183,-74.8,-108.97,0,0,0,0,0,0
-74.525,-108.5881,1,2015184,-74.8,-108.97,1,0,0,0,10,7
-74.525,-108.5881,1,2015185,-74.8,-108.97,0,0,0,0,0,0
-74.525,-108.5881,1,2015186,-74.8,-108.97,0,0,0,0,0,0
-74.4823,-108.588,1,2015187,-74.8,-108.97,0,0,0,0,0,0
-74.4823,-108.588,1,2015188,-74.8,-108.97,0,0,0,0,0,0
-74.4823,-108.588,1,2015189,-74.8,-108.97,0,0,0,0,0,0
-74.4823,-108.588,1,2015190,-74.8,-108.97,0,0,0,0,0,0
-74.4823,-108.588,1,2015191,-74.8,-108.97,1,0,0,0,10,7
-74.4823,-108.588,1,2015192,-74.8,-108.97,0,0,0,0,0,0
-74.4823,-108.588,1,2015193,-74.8,-108.97,0,0,0,0,0,0
-74.4823,-108.588,0,2015194,-74.8,-108.97,0,0,0,0,0,0
-74.4823,-108.588,1,2015195,-74.8,-108.97,0,0,0,0,0,0
-74.4823,-108.588,1,2015196,-74.8,-108.97,0,0,0,0,0,0
-74.4823,-108.588,1,2015197,-74.8,-108.97,0,0,0,0,0,0
-74.4823,-108.588,1,2015198,-74.8,-108.97,1,0,0,0,10,7
-74.4823,-108.588,1,2015199,0,0,0,0,0,0,0,0
-74.4823,-108.588,1,2015200,0,0,0,0,0,0,0,0
-74.4823,-108.588,0,2015201,0,0,0,0,0,0,0,0
-74.4823,-108.588,1,2015202,0,0,0,0,0,0,0,0
-74.4823,-108.588,1,2015203,0,0,0,0,0,0,0,0
-74.4823,-108.588,1,2015204,0,0,0,0,0,0,0,0
-74.4823,-108.588,1,2015205,0,0,0,0,0,0,0,0
-74.4823,-108.588,1,2015206,0,0,0,0,0,0,0,0
-74.4823,-108.588,1,2015207,0,0,0,0,0,0,0,0
-74.4823,-108.588,1,2015208,0,0,0,0,0,0,0,0
-74.4823,-108.588,1,2015209,0,0,0,0,0,0,0,0
-74.4823,-108.588,1,2015210,0,0,0,0,0,0,0,0
-74.4823,-108.588,1,2015211,0,0,0,0,0,0,0,0
-74.4823,-108.588,0,2015212,-74.8,-108.97,1,0,0,0,10,7
-74.4823,-108.588,1,2015213,-74.8,-108.97,0,0,0,0,0,0
-74.4823,-108.588,1,2015214,-74.8,-108.97,0,0,0,0,0,0
-74.503,-108.5959,1,2015215,-74.8,-108.97,0,0,0,0,0,0
-74.503,-108.5959,1,2015216,-74.8,-108.97,0,0,0,0,0,0
-74.503,-108.5959,1,2015217,-74.8,-108.97,0,0,0,0,0,0
-74.503,-108.5959,1,2015218,-74.8,-108.97,0,0,0,0,0,0
-74.503,-108.5959,1,2015219,-74.8,-108.97,1,0,0,0,10,7
-74.503,-108.5959,1,2015220,-74.8,-108.97,0,0,0,0,0,0
-74.503,-108.5959,1,2015221,-74.8,-108.97,0,0,0,0,0,0
-74.503,-108.5959,1,2015222,-74.8,-108.97,0,0,0,0,0,0
-74.503,-108.5959,1,2015223,-74.8,-108.97,0,0,0,0,0,0
-74.503,-108.5959,1,2015224,-74.8,-108.97,0,0,0,0,0,0
-74.503,-108.5959,1,2015225,-74.8,-108.97,0,0,0,0,0,0
-74.4991,-108.52,1,2015226,-74.8,-108.97,1,0,0,0,10,7
-74.4991,-108.52,1,2015227,0,0,0,0,0,0,0,0
-74.4991,-108.52,1,2015228,0,0,0,0,0,0,0,0
-74.4991,-108.52,0,2015229,0,0,0,0,0,0,0,0
-74.4991,-108.52,1,2015230,0,0,0,0,0,0,0,0
-74.5482,-108.6376,1,2015231,0,0,0,0,0,0,0,0
-74.5482,-108.6376,1,2015232,0,0,0,0,0,0,0,0
-74.5482,-108.6376,1,2015233,0,0,0,0,0,0,0,0
-74.5482,-108.6376,1,2015234,0,0,0,0,0,0,0,0
-74.5482,-108.6376,1,2015235,0,0,0,0,0,0,0,0
-74.5482,-108.6376,1,2015236,0,0,0,0,0,0,0,0
-74.5591,-108.5737,1,2015237,0,0,0,0,0,0,0,0
-74.5591,-108.5737,1,2015238,0,0,0,0,0,0,0,0
-74.5591,-108.5737,1,2015239,0,0,0,0,0,0,0,0
-74.5591,-108.5737,1,2015240,-74.8,-108.97,1,0,0,0,10,7
-74.5591,-108.5737,1,2015241,0,0,0,0,0,0,0,0
-74.5591,-108.5737,1,2015242,0,0,0,0,0,0,0,0
-74.5591,-108.5737,1,2015243,0,0,0,0,0,0,0,0
-74.5591,-108.5737,1,2015244,0,0,0,0,0,0,0,0
-74.5591,-108.5737,1,2015245,0,0,0,0,0,0,0,0
-74.5591,-108.5737,1,2015246,0,0,0,0,0,0,0,0
-74.5591,-108.5737,1,2015247,0,0,0,0,0,0,0,0
-74.5591,-108.5737,1,2015248,0,0,0,0,0,0,0,0
-74.5591,-108.5737,1,2015249,0,0,0,0,0,0,0,0
-74.5591,-108.5737,1,2015250,0,0,0,0,0,0,0,0
-74.5591,-108.5737,1,2015251,0,0,0,0,0,0,0,0
-74.5591,-108.5737,1,2015252,0,0,0,0,0,0,0,0
-74.5591,-108.5737,1,2015253,0,0,0,0,0,0,0,0
-74.5591,-108.5737,1,2015254,0,0,0,0,0,0,0,0
-74.5591,-108.5737,1,2015255,0,0,0,0,0,0,0,0
-74.5591,-108.5737,1,2015256,0,0,0,0,0,0,0,0
-74.5591,-108.5737,0,2015257,0,0,0,0,0,0,0,0
-74.5591,-108.5737,1,2015258,0,0,0,0,0,0,0,0
-74.5591,-108.5737,1,2015259,0,0,0,0,0,0,0,0
-74.5591,-108.5737,0,2015260,0,0,0,0,0,0,0,0
-74.5591,-108.5737,1,2015261,0,0,0,0,0,0,0,0
-74.5591,-108.5737,1,2015262,0,0,0,0,0,0,0,0
-74.5864,-108.567,1,2015263,0,0,0,0,0,0,0,0
-74.6246,-108.6154,1,2015264,0,0,0,0,0,0,0,0
-74.6246,-108.6154,1,2015265,0,0,0,0,0,0,0,0
-74.6246,-108.6154,1,2015266,0,0,0,0,0,0,0,0
-74.6246,-108.6154,1,2015267,0,0,0,0,0,0,0,0
-74.6246,-108.6154,1,2015268,0,0,0,0,0,0,0,0
-74.6246,-108.6154,1,2015269,0,0,0,0,0,0,0,0
-74.6246,-108.6154,1,2015270,0,0,0,0,0,0,0,0
-74.6246,-108.6154,1,2015271,0,0,0,0,0,0,0,0
-74.6246,-108.6154,0,2015272,0,0,0,0,0,0,0,0
-74.6246,-108.6154,1,2015273,0,0,0,0,0,0,0,0
-74.6244,-108.8936,1,2015274,0,0,0,0,0,0,0,0
-74.6244,-108.8936,1,2015275,0,0,0,0,0,0,0,0
-74.6244,-108.8936,1,2015276,0,0,0,0,0,0,0,0
-74.6244,-108.8936,1,2015277,0,0,0,0,0,0,0,0
-74.6244,-108.8936,1,2015278,0,0,0,0,0,0,0,0
-74.6244,-108.8936,1,2015279,0,0,0,0,0,0,0,0
-74.6244,-108.8936,0,2015280,0,0,0,0,0,0,0,0
-74.6244,-108.8936,1,2015281,0,0,0,0,0,0,0,0
-74.6244,-108.8936,1,2015282,0,0,0,0,0,0,0,0
-74.6244,-108.8936,1,2015283,0,0,0,0,0,0,0,0
-74.6244,-108.8936,1,2015284,0,0,0,0,0,0,0,0
-74.6244,-108.8936,1,2015285,0,0,0,0,0,0,0,0
-74.6244,-108.8936,0,2015286,0,0,0,0,0,0,0,0
-74.6244,-108.8936,1,2015287,0,0,0,0,0,0,0,0
-74.6244,-108.8936,1,2015288,0,0,0,0,0,0,0,0
-74.6244,-108.8936,1,2015289,0,0,0,0,0,0,0,0
-74.6244,-108.8936,1,2015290,0,0,0,0,0,0,0,0
-74.6244,-108.8936,1,2015291,0,0,0,0,0,0,0,0
-74.6244,-108.8936,1,2015292,0,0,0,0,0,0,0,0
-74.6583,-108.8828,1,2015293,0,0,0,0,0,0,0,0
-74.6583,-108.8828,1,2015294,0,0,0,0,0,0,0,0
-74.6583,-108.8828,1,2015295,0,0,0,0,0,0,0,0
-74.6554,-109.1489,1,2015296,0,0,0,0,0,0,0,0
-74.6554,-109.1489,1,2015297,0,0,0,0,0,0,0,0
-74.6554,-109.1489,1,2015298,0,0,0,0,0,0,0,0
-74.6554,-109.1489,1,2015299,0,0,0,0,0,0,0,0
-74.6554,-109.1489,1,2015300,0,0,0,0,0,0,0,0
-74.6554,-109.1489,1,2015301,0,0,0,0,0,0,0,0
-74.6554,-109.1489,1,2015302,0,0,0,0,0,0,0,0
-74.6554,-109.1489,1,2015303,0,0,0,0,0,0,0,0
-74.6554,-109.1489,1,2015304,0,0,0,0,0,0,0,0
-74.6554,-109.1489,1,2015305,0,0,0,0,0,0,0,0
-74.6554,-109.1489,1,2015306,0,0,0,0,0,0,0,0
-74.6554,-109.1489,1,2015307,0,0,0,0,0,0,0,0
-74.6554,-109.1489,1,2015308,0,0,0,0,0,0,0,0
-74.6554,-109.1489,1,2015309,0,0,0,0,0,0,0,0
-74.6554,-109.1489,1,2015310,0,0,0,0,0,0,0,0
-74.6554,-109.1489,1,2015311,0,0,0,0,0,0,0,0
-74.6554,-109.1489,1,2015312,0,0,0,0,0,0,0,0
-74.6554,-109.1489,0,2015313,0,0,0,0,0,0,0,0
-74.6554,-109.1489,1,2015314,0,0,0,0,0,0,0,0
-74.6554,-109.1489,1,2015315,0,0,0,0,0,0,0,0
-74.6457,-109.2458,1,2015316,0,0,0,0,0,0,0,0
-74.6457,-109.2458,1,2015317,0,0,0,0,0,0,0,0
-74.6457,-109.2458,1,2015318,0,0,0,0,0,0,0,0
-74.6457,-109.2458,1,2015319,0,0,0,0,0,0,0,0
-74.6457,-109.2458,1,2015320,0,0,0,0,0,0,0,0
-74.6457,-109.2458,1,2015321,0,0,0,0,0,0,0,0
-74.6457,-109.2458,1,2015322,0,0,0,0,0,0,0,0
-74.6457,-109.2458,1,2015323,0,0,0,0,0,0,0,0
-74.6732,-109.2793,1,2015324,0,0,0,0,0,0,0,0
-74.6732,-109.2793,1,2015325,0,0,0,0,0,0,0,0
-74.7541,-108.9734,1,2015326,0,0,0,0,0,0,0,0
-74.7541,-108.9734,1,2015327,0,0,0,0,0,0,0,0
-74.7541,-108.9734,1,2015328,0,0,0,0,0,0,0,0
-74.7541,-108.9734,1,2015329,0,0,0,0,0,0,0,0
-74.7541,-108.9734,1,2015330,0,0,0,0,0,0,0,0
-74.7541,-108.9734,1,2015331,0,0,0,0,0,0,0,0
-74.7541,-108.9734,1,2015332,0,0,0,0,0,0,0,0
-74.7541,-108.9734,1,2015333,0,0,0,0,0,0,0,0
-74.7541,-108.9734,0,2015334,0,0,0,0,0,0,0,0
-74.7541,-108.9734,1,2015335,0,0,0,0,0,0,0,0
-74.7541,-108.9734,1,2015336,0,0,0,0,0,0,0,0
-74.7541,-108.9734,1,2015337,0,0,0,0,0,0,0,0
-74.7643,-108.9953,1,2015338,0,0,0,0,0,0,0,0
-74.7643,-108.9953,1,2015339,0,0,0,0,0,0,0,0
-74.7643,-108.9953,1,2015340,0,0,0,0,0,0,0,0
-74.7643,-108.9953,0,2015341,0,0,0,0,0,0,0,0
-74.7643,-108.9953,1,2015342,0,0,0,0,0,0,0,0
-74.7643,-108.9953,1,2015343,0,0,0,0,0,0,0,0
-74.7643,-108.9953,1,2015344,0,0,0,0,0,0,0,0
-74.7643,-108.9953,1,2015345,0,0,0,0,0,0,0,0
-74.7643,-108.9953,1,2015346,0,0,0,0,0,0,0,0
-74.7643,-108.9953,1,2015347,0,0,0,0,0,0,0,0
-74.7643,-108.9953,0,2015348,0,0,0,0,0,0,0,0
-74.7643,-108.9953,1,2015349,0,0,0,0,0,0,0,0
-74.7643,-108.9953,1,2015350,0,0,0,0,0,0,0,0
-74.7643,-108.9953,1,2015351,0,0,0,0,0,0,0,0
-74.7643,-108.9953,1,2015352,0,0,0,0,0,0,0,0
-74.7643,-108.9953,1,2015353,0,0,0,0,0,0,0,0
-74.7046,-108.9999,1,2015354,0,0,0,0,0,0,0,0
-74.7046,-108.9999,1,2015355,0,0,0,0,0,0,0,0
-74.7046,-108.9999,1,2015356,0,0,0,0,0,0,0,0
-74.7046,-108.9999,1,2015357,0,0,0,0,0,0,0,0
-74.7046,-108.9999,1,2015358,0,0,0,0,0,0,0,0
-74.7046,-108.9999,1,2015359,0,0,0,0,0,0,0,0
-74.7046,-108.9999,1,2015360,0,0,0,0,0,0,0,0
-74.6151,-109.0446,1,2015361,0,0,0,0,0,0,0,0
-74.6636,-108.9145,0,2015362,0,0,0,0,0,0,0,0
-74.712,-108.7845,1,2015363,0,0,0,0,0,0,0,0
-74.712,-108.7845,1,2015364,0,0,0,0,0,0,0,0
-74.712,-108.7845,1,2015365,0,0,0,0,0,0,0,0
-74.7789,-108.8107,1,2016001,0,0,0,0,0,0,0,0
-74.7789,-108.8107,1,2016002,0,0,0,0,0,0,0,0
-74.7789,-108.8107,1,2016003,0,0,0,0,0,0,0,0
-74.7789,-108.8107,1,2016004,0,0,0,0,0,0,0,0
-74.7789,-108.8107,1,2016005,0,0,0,0,0,0,0,0
-74.7789,-108.8107,1,2016006,0,0,0,0,0,0,0,0
-74.7789,-108.8107,1,2016007,0,0,0,0,0,0,0,0
-74.7789,-108.8107,1,2016008,0,0,0,0,0,0,0,0
-74.7789,-108.8107,1,2016009,0,0,0,0,0,0,0,0
-74.7789,-108.8107,1,2016010,0,0,0,0,0,0,0,0
-74.7789,-108.8107,1,2016011,0,0,0,0,0,0,0,0
-74.7789,-108.8107,1,2016012,0,0,0,0,0,0,0,0
-74.7789,-108.8107,1,2016013,0,0,0,0,0,0,0,0
-74.7475,-108.9763,1,2016014,0,0,0,0,0,0,0,0
-74.7475,-108.9763,1,2016015,0,0,0,0,0,0,0,0
-74.7475,-108.9763,1,2016016,0,0,0,0,0,0,0,0
-74.7475,-108.9763,1,2016017,0,0,0,0,0,0,0,0
-74.7475,-108.9763,0,2016018,0,0,0,0,0,0,0,0
-74.7475,-108.9763,1,2016019,0,0,0,0,0,0,0,0
-74.7475,-108.9763,1,2016020,0,0,0,0,0,0,0,0
-74.7475,-108.9763,1,2016021,0,0,0,0,0,0,0,0
-74.7475,-108.9763,1,2016022,0,0,0,0,0,0,0,0
-74.7475,-108.9763,1,2016023,0,0,0,0,0,0,0,0
-74.7475,-108.9763,0,2016024,0,0,0,0,0,0,0,0
-74.7475,-108.9763,1,2016025,0,0,0,0,0,0,0,0
-74.7475,-108.9763,1,2016026,0,0,0,0,0,0,0,0
-74.7475,-108.9763,1,2016027,0,0,0,0,0,0,0,0
-74.7475,-108.9763,1,2016028,0,0,0,0,0,0,0,0
-74.7475,-108.9763,1,2016029,0,0,0,0,0,0,0,0
-74.7475,-108.9763,1,2016030,0,0,0,0,0,0,0,0
-74.7475,-108.9763,0,2016031,0,0,0,0,0,0,0,0
-74.7475,-108.9763,1,2016032,0,0,0,0,0,0,0,0
-74.7475,-108.9763,1,2016033,0,0,0,0,0,0,0,0
-74.7475,-108.9763,1,2016034,0,0,0,0,0,0,0,0
-74.7475,-108.9763,1,2016035,0,0,0,0,0,0,0,0
-74.7475,-108.9763,1,2016036,0,0,0,0,0,0,0,0
-74.7475,-108.9763,1,2016037,0,0,0,0,0,0,0,0
-74.7475,-108.9763,1,2016038,0,0,0,0,0,0,0,0
-74.7475,-108.9763,1,2016039,0,0,0,0,0,0,0,0
-74.7475,-108.9763,0,2016040,0,0,0,0,0,0,0,0
-74.7475,-108.9763,1,2016041,0,0,0,0,0,0,0,0
-74.7475,-108.9763,1,2016042,0,0,0,0,0,0,0,0
-74.7475,-108.9763,1,2016043,0,0,0,0,0,0,0,0
-74.7475,-108.9763,1,2016044,0,0,0,0,0,0,0,0
-74.7475,-108.9763,1,2016045,0,0,0,0,0,0,0,0
-74.7475,-108.9763,1,2016046,0,0,0,0,0,0,0,0
-74.7475,-108.9763,0,2016047,0,0,0,0,0,0,0,0
-74.7475,-108.9763,1,2016048,0,0,0,0,0,0,0,0
-74.7475,-108.9763,1,2016049,0,0,0,0,0,0,0,0
-74.7475,-108.9763,1,2016050,0,0,0,0,0,0,0,0
-74.7475,-108.9763,1,2016051,0,0,0,0,0,0,0,0
-74.7475,-108.9763,1,2016052,0,0,0,0,0,0,0,0
-74.7475,-108.9763,1,2016053,0,0,0,0,0,0,0,0
-74.7475,-108.9763,1,2016054,0,0,0,0,0,0,0,0
-74.7475,-108.9763,0,2016055,0,0,0,0,0,0,0,0
-74.7475,-108.9763,1,2016056,0,0,0,0,0,0,0,0
-74.7475,-108.9763,1,2016057,0,0,0,0,0,0,0,0
-74.7475,-108.9763,1,2016058,0,0,0,0,0,0,0,0
-74.7475,-108.9763,1,2016059,0,0,0,0,0,0,0,0
-74.7475,-108.9763,0,2016060,0,0,0,0,0,0,0,0
-74.7475,-108.9763,1,2016061,0,0,0,0,0,0,0,0
-74.7475,-108.9763,1,2016062,0,0,0,0,0,0,0,0
-74.7475,-108.9763,1,2016063,0,0,0,0,0,0,0,0
-74.7475,-108.9763,1,2016064,0,0,0,0,0,0,0,0
-74.7475,-108.9763,1,2016065,0,0,0,0,0,0,0,0
-74.7475,-108.9763,1,2016066,0,0,0,0,0,0,0,0
-74.7475,-108.9763,1,2016067,0,0,0,0,0,0,0,0
-74.7475,-108.9763,0,2016068,0,0,0,0,0,0,0,0
-74.7475,-108.9763,1,2016069,0,0,0,0,0,0,0,0
-74.7475,-108.9763,1,2016070,0,0,0,0,0,0,0,0
-74.7475,-108.9763,1,2016071,0,0,0,0,0,0,0,0
-74.7475,-108.9763,1,2016072,0,0,0,0,0,0,0,0
-74.7475,-108.9763,1,2016073,0,0,0,0,0,0,0,0
-74.7475,-108.9763,1,2016074,0,0,0,0,0,0,0,0
-74.7475,-108.9763,0,2016075,0,0,0,0,0,0,0,0
-74.7475,-108.9763,1,2016076,0,0,0,0,0,0,0,0
-74.7475,-108.9763,1,2016077,0,0,0,0,0,0,0,0
-74.7475,-108.9763,1,2016078,0,0,0,0,0,0,0,0
-74.7475,-108.9763,1,2016079,0,0,0,0,0,0,0,0
-74.7464,-108.9633,1,2016080,0,0,0,0,0,0,0,0
-74.7464,-108.9633,1,2016081,0,0,0,0,0,0,0,0
-74.7464,-108.9633,1,2016082,0,0,0,0,0,0,0,0
-74.7464,-108.9633,1,2016083,0,0,0,0,0,0,0,0
-74.7464,-108.9633,1,2016084,0,0,0,0,0,0,0,0
-74.7464,-108.9633,1,2016085,0,0,0,0,0,0,0,0
-74.7464,-108.9633,1,2016086,0,0,0,0,0,0,0,0
-74.7464,-108.9633,1,2016087,0,0,0,0,0,0,0,0
-74.7464,-108.9633,1,2016088,0,0,0,0,0,0,0,0
-74.7464,-108.9633,0,2016089,0,0,0,0,0,0,0,0
-74.7464,-108.9633,1,2016090,0,0,0,0,0,0,0,0
-74.7464,-108.9633,1,2016091,0,0,0,0,0,0,0,0
-74.7464,-108.9633,1,2016092,0,0,0,0,0,0,0,0
-74.7464,-108.9633,1,2016093,0,0,0,0,0,0,0,0
-74.7464,-108.9633,1,2016094,0,0,0,0,0,0,0,0
-74.7464,-108.9633,1,2016095,0,0,0,0,0,0,0,0
-74.7464,-108.9633,0,2016096,0,0,0,0,0,0,0,0
-74.7464,-108.9633,1,2016097,0,0,0,0,0,0,0,0
-74.7464,-108.9633,1,2016098,0,0,0,0,0,0,0,0
-74.7464,-108.9633,1,2016099,0,0,0,0,0,0,0,0
-74.7464,-108.9633,1,2016100,0,0,0,0,0,0,0,0
-74.7464,-108.9633,1,2016101,0,0,0,0,0,0,0,0
-74.7464,-108.9633,1,2016102,0,0,0,0,0,0,0,0
-74.7464,-108.9633,0,2016103,0,0,0,0,0,0,0,0
-74.7464,-108.9633,1,2016104,0,0,0,0,0,0,0,0
-74.7464,-108.9633,1,2016105,0,0,0,0,0,0,0,0
-74.7464,-108.9633,1,2016106,0,0,0,0,0,0,0,0
-74.7464,-108.9633,1,2016107,0,0,0,0,0,0,0,0
-74.7464,-108.9633,1,2016108,0,0,0,0,0,0,0,0
-74.7464,-108.9633,1,2016109,0,0,0,0,0,0,0,0
-74.7464,-108.9633,1,2016110,0,0,0,0,0,0,0,0
-74.7464,-108.9633,1,2016111,0,0,0,0,0,0,0,0
-74.7464,-108.9633,1,2016112,0,0,0,0,0,0,0,0
-74.7464,-108.9633,1,2016113,0,0,0,0,0,0,0,0
-74.7464,-108.9633,1,2016114,0,0,0,0,0,0,0,0
-74.7464,-108.9633,1,2016115,0,0,0,0,0,0,0,0
-74.7464,-108.9633,0,2016116,0,0,0,0,0,0,0,0
-74.7464,-108.9633,0,2016117,0,0,0,0,0,0,0,0
-74.7464,-108.9633,0,2016118,0,0,0,0,0,0,0,0
-74.7464,-108.9633,1,2016119,0,0,0,0,0,0,0,0
-74.7464,-108.9633,1,2016120,0,0,0,0,0,0,0,0
-74.7393,-108.9215,1,2016121,0,0,0,0,0,0,0,0
-74.7393,-108.9215,1,2016122,0,0,0,0,0,0,0,0
-74.7393,-108.9215,1,2016123,0,0,0,0,0,0,0,0
-74.7393,-108.9215,1,2016124,0,0,0,0,0,0,0,0
-74.7393,-108.9215,1,2016125,0,0,0,0,0,0,0,0
-74.7402,-109.0465,1,2016126,0,0,0,0,0,0,0,0
-74.7295,-109.0296,1,2016127,0,0,0,0,0,0,0,0
-74.7295,-109.0296,1,2016128,0,0,0,0,0,0,0,0
-74.7295,-109.0296,1,2016129,0,0,0,0,0,0,0,0
-74.7186,-109.0153,1,2016130,0,0,0,0,0,0,0,0
-74.7186,-109.0153,1,2016131,0,0,0,0,0,0,0,0
-74.7186,-109.0153,1,2016132,0,0,0,0,0,0,0,0
-74.7186,-109.0153,1,2016133,0,0,0,0,0,0,0,0
-74.7186,-109.0153,0,2016134,0,0,0,0,0,0,0,0
-74.7186,-109.0153,0,2016135,0,0,0,0,0,0,0,0
-74.7186,-109.0153,1,2016136,0,0,0,0,0,0,0,0
-74.7186,-109.0153,1,2016137,0,0,0,0,0,0,0,0
-74.7186,-109.0153,1,2016138,0,0,0,0,0,0,0,0
-74.6791,-109.046,1,2016139,0,0,0,0,0,0,0,0
-74.6791,-109.046,1,2016140,0,0,0,0,0,0,0,0
-74.6791,-109.046,1,2016141,0,0,0,0,0,0,0,0
-74.6791,-109.046,1,2016142,0,0,0,0,0,0,0,0
-74.6791,-109.046,1,2016143,0,0,0,0,0,0,0,0
-74.6791,-109.046,0,2016144,0,0,0,0,0,0,0,0
-74.6791,-109.046,1,2016145,0,0,0,0,0,0,0,0
-74.6791,-109.046,1,2016146,0,0,0,0,0,0,0,0
-74.6791,-109.046,1,2016147,0,0,0,0,0,0,0,0
-74.6791,-109.046,1,2016148,0,0,0,0,0,0,0,0
-74.6791,-109.046,1,2016149,0,0,0,0,0,0,0,0
-74.6791,-109.046,1,2016150,0,0,0,0,0,0,0,0
-74.6791,-109.046,1,2016151,0,0,0,0,0,0,0,0
-74.6791,-109.046,1,2016152,0,0,0,0,0,0,0,0
-74.6791,-109.046,1,2016153,0,0,0,0,0,0,0,0
-74.6791,-109.046,1,2016154,0,0,0,0,0,0,0,0
-74.6791,-109.046,0,2016155,0,0,0,0,0,0,0,0
-74.6791,-109.046,1,2016156,0,0,0,0,0,0,0,0
-74.6791,-109.046,1,2016157,0,0,0,0,0,0,0,0
-74.6791,-109.046,1,2016158,0,0,0,0,0,0,0,0
-74.6791,-109.046,1,2016159,0,0,0,0,0,0,0,0
-74.6791,-109.046,1,2016160,0,0,0,0,0,0,0,0
-74.6791,-109.046,1,2016161,0,0,0,0,0,0,0,0
-74.6791,-109.046,0,2016162,0,0,0,0,0,0,0,0
-74.6791,-109.046,1,2016163,0,0,0,0,0,0,0,0
-74.6791,-109.046,1,2016164,0,0,0,0,0,0,0,0
-74.6791,-109.046,1,2016165,0,0,0,0,0,0,0,0
-74.6791,-109.046,1,2016182,0,0,0,0,0,0,0,0
-74.6791,-109.046,1,2016183,0,0,0,0,0,0,0,0
-74.6791,-109.046,1,2016184,0,0,0,0,0,0,0,0
-74.6791,-109.046,0,2016185,0,0,0,0,0,0,0,0
-74.6791,-109.046,1,2016186,0,0,0,0,0,0,0,0
-74.6791,-109.046,0,2016187,0,0,0,0,0,0,0,0
-74.6791,-109.046,1,2016188,0,0,0,0,0,0,0,0
-74.6791,-109.046,1,2016189,0,0,0,0,0,0,0,0
-74.6791,-109.046,1,2016190,0,0,0,0,0,0,0,0
-74.6791,-109.046,1,2016191,0,0,0,0,0,0,0,0
-74.6791,-109.046,1,2016192,0,0,0,0,0,0,0,0
-74.6791,-109.046,1,2016193,0,0,0,0,0,0,0,0
-74.6784,-109.0457,0,2016194,0,0,0,0,0,0,0,0
-74.6772,-109.0446,0,2016195,0,0,0,0,0,0,0,0
-74.6765,-109.0425,1,2016196,0,0,0,0,0,0,0,0
-74.8472,-108.9856,1,2016197,0,0,0,0,0,0,0,0
-74.8397,-109.0144,1,2016198,0,0,0,0,0,0,0,0
-74.7883,-109.1097,1,2016199,0,0,0,0,0,0,0,0
-74.8175,-109.1039,1,2016200,0,0,0,0,0,0,0,0
-74.8689,-109.0084,1,2016201,0,0,0,0,0,0,0,0
-74.8512,-109.1128,1,2016202,0,0,0,0,0,0,0,0
-74.8379,-109.2586,1,2016203,0,0,0,0,0,0,0,0
-74.8416,-109.2189,1,2016204,0,0,0,0,0,0,0,0
-74.8416,-109.2189,1,2016205,0,0,0,0,0,0,0,0
-74.8416,-109.2189,1,2016206,0,0,0,0,0,0,0,0
-74.8416,-109.2189,1,2016207,0,0,0,0,0,0,0,0
-74.8416,-109.2189,1,2016208,0,0,0,0,0,0,0,0
-74.8416,-109.2189,1,2016209,0,0,0,0,0,0,0,0
-74.8416,-109.2189,1,2016210,0,0,0,0,0,0,0,0
-74.6022,-108.8235,1,2016211,0,0,0,0,0,0,0,0
-74.6197,-108.9307,1,2016212,0,0,0,0,0,0,0,0
-74.6447,-109.1243,1,2016213,0,0,0,0,0,0,0,0
-74.6491,-109.0875,0,2016214,0,0,0,0,0,0,0,0
-74.6534,-109.0507,1,2016215,0,0,0,0,0,0,0,0
-74.6738,-109.1624,1,2016216,0,0,0,0,0,0,0,0
-74.6709,-108.9914,1,2016217,0,0,0,0,0,0,0,0
-74.6583,-108.7727,1,2016218,0,0,0,0,0,0,0,0
-74.6788,-108.884,1,2016219,0,0,0,0,0,0,0,0
-74.6788,-108.884,1,2016220,0,0,0,0,0,0,0,0
-74.6755,-108.9142,0,2016221,0,0,0,0,0,0,0,0
-74.6721,-108.9575,1,2016222,0,0,0,0,0,0,0,0
-74.6906,-108.9787,1,2016223,0,0,0,0,0,0,0,0
-74.6832,-108.969,1,2016224,0,0,0,0,0,0,0,0
-74.6832,-108.969,1,2016225,0,0,0,0,0,0,0,0
-74.6832,-108.969,1,2016226,0,0,0,0,0,0,0,0
-74.6832,-108.969,1,2016227,0,0,0,0,0,0,0,0
-74.6906,-108.9993,0,2016228,0,0,0,0,0,0,0,0
-74.698,-109.0296,1,2016229,0,0,0,0,0,0,0,0
-74.6434,-108.9584,1,2016230,0,0,0,0,0,0,0,0
-74.6981,-108.9017,0,2016231,0,0,0,0,0,0,0,0
-74.7528,-108.8536,1,2016232,0,0,0,0,0,0,0,0
-74.75,-108.8144,1,2016233,0,0,0,0,0,0,0,0
-74.7375,-108.8396,1,2016234,0,0,0,0,0,0,0,0
-74.75,-108.8145,0,2016235,0,0,0,0,0,0,0,0
-74.7624,-108.7893,1,2016236,0,0,0,0,0,0,0,0
-74.7624,-108.7893,1,2016237,0,0,0,0,0,0,0,0
-74.7647,-108.8566,0,2016238,0,0,0,0,0,0,0,0
-74.7707,-108.9239,1,2016239,0,0,0,0,0,0,0,0
-74.7918,-108.8244,1,2016240,0,0,0,0,0,0,0,0
-74.7832,-108.6922,1,2016241,0,0,0,0,0,0,0,0
-74.763,-108.6691,1,2016242,0,0,0,0,0,0,0,0
-74.7737,-108.6595,0,2016243,0,0,0,0,0,0,0,0
-74.7845,-108.6555,1,2016244,0,0,0,0,0,0,0,0
-74.7414,-108.6826,1,2016245,0,0,0,0,0,0,0,0
-74.719,-108.6825,0,2016246,0,0,0,0,0,0,0,0
-74.709,-108.6822,1,2016247,0,0,0,0,0,0,0,0
-74.7341,-108.6291,1,2016248,0,0,0,0,0,0,0,0
-74.7469,-108.4837,1,2016249,0,0,0,0,0,0,0,0
-74.7406,-108.4977,0,2016250,0,0,0,0,0,0,0,0
-74.7343,-108.5117,1,2016251,0,0,0,0,0,0,0,0
-74.7343,-108.5117,1,2016252,0,0,0,0,0,0,0,0
-74.7343,-108.5117,1,2016253,0,0,0,0,0,0,0,0
-74.7343,-108.5117,1,2016254,0,0,0,0,0,0,0,0
-74.7314,-108.4874,0,2016255,0,0,0,0,0,0,0,0
-74.7284,-108.4631,1,2016256,0,0,0,0,0,0,0,0
-74.7284,-108.4631,1,2016257,0,0,0,0,0,0,0,0
-74.7232,-108.4566,0,2016258,0,0,0,0,0,0,0,0
-74.7101,-108.44,1,2016259,0,0,0,0,0,0,0,0
-74.6718,-108.3917,1,2016260,0,0,0,0,0,0,0,0
-74.7249,-108.4587,1,2016261,0,0,0,0,0,0,0,0
-74.7381,-108.3521,1,2016262,0,0,0,0,0,0,0,0
-74.7467,-108.3547,0,2016263,0,0,0,0,0,0,0,0
-74.7535,-108.363,0,2016264,0,0,0,0,0,0,0,0
-74.7562,-108.3778,1,2016265,0,0,0,0,0,0,0,0
-74.7066,-108.4795,1,2016266,0,0,0,0,0,0,0,0
-74.773,-108.3961,1,2016267,0,0,0,0,0,0,0,0
-74.801,-108.3519,1,2016268,0,0,0,0,0,0,0,0
-74.801,-108.3519,1,2016269,0,0,0,0,0,0,0,0
-74.801,-108.3519,1,2016270,0,0,0,0,0,0,0,0
-74.801,-108.3519,1,2016271,0,0,0,0,0,0,0,0
-74.773,-108.4402,1,2016272,0,0,0,0,0,0,0,0
-74.7765,-108.4005,1,2016273,0,0,0,0,0,0,0,0
-74.7617,-108.797,1,2016274,0,0,0,0,0,0,0,0
-74.7599,-108.7035,1,2016275,0,0,0,0,0,0,0,0
-74.7615,-108.6784,0,2016276,0,0,0,0,0,0,0,0
-74.763,-108.6691,1,2016277,0,0,0,0,0,0,0,0
-74.763,-108.6691,1,2016278,0,0,0,0,0,0,0,0
-74.7338,-108.7218,0,2016279,0,0,0,0,0,0,0,0
-74.7008,-108.795,1,2016280,0,0,0,0,0,0,0,0
-74.696,-108.827,1,2016281,0,0,0,0,0,0,0,0
-74.6622,-108.8627,1,2016282,0,0,0,0,0,0,0,0
-74.6636,-108.7864,0,2016283,0,0,0,0,0,0,0,0
-74.6679,-108.6649,1,2016284,0,0,0,0,0,0,0,0
-74.6958,-108.5803,1,2016285,0,0,0,0,0,0,0,0
-74.691,-108.5706,0,2016286,0,0,0,0,0,0,0,0
-74.6821,-108.5662,0,2016287,0,0,0,0,0,0,0,0
-74.6773,-108.5596,1,2016288,0,0,0,0,0,0,0,0
-74.7295,-108.5439,1,2016289,0,0,0,0,0,0,0,0
-74.7371,-108.5947,1,2016290,0,0,0,0,0,0,0,0
-74.7309,-108.6128,0,2016291,0,0,0,0,0,0,0,0
-74.7247,-108.62,1,2016292,0,0,0,0,0,0,0,0
-74.7247,-108.62,1,2016293,0,0,0,0,0,0,0,0
-74.7505,-108.6737,0,2016294,0,0,0,0,0,0,0,0
-74.7762,-108.7274,1,2016295,0,0,0,0,0,0,0,0
-74.7637,-108.5462,1,2016296,0,0,0,0,0,0,0,0
-74.7934,-108.6698,1,2016297,0,0,0,0,0,0,0,0
-74.8294,-108.6304,1,2016298,0,0,0,0,0,0,0,0
-74.8076,-108.6467,1,2016299,0,0,0,0,0,0,0,0
-74.8141,-108.5769,0,2016300,0,0,0,0,0,0,0,0
-74.83,-108.5071,1,2016301,0,0,0,0,0,0,0,0
-74.8696,-108.5193,1,2016302,0,0,0,0,0,0,0,0
-74.8547,-108.7105,1,2016303,0,0,0,0,0,0,0,0
-74.8212,-108.7442,1,2016304,0,0,0,0,0,0,0,0
-74.8165,-108.5991,0,2016305,0,0,0,0,0,0,0,0
-74.815,-108.4465,1,2016306,0,0,0,0,0,0,0,0
-74.8361,-108.4378,1,2016307,0,0,0,0,0,0,0,0
-74.8204,-108.5006,1,2016308,0,0,0,0,0,0,0,0
-74.8265,-108.5469,1,2016309,0,0,0,0,0,0,0,0
-74.867,-108.4329,1,2016310,0,0,0,0,0,0,0,0
-74.8744,-108.4867,1,2016311,0,0,0,0,0,0,0,0
-74.8978,-108.4728,0,2016312,0,0,0,0,0,0,0,0
-74.9175,-108.4588,1,2016313,0,0,0,0,0,0,0,0
-74.9192,-108.4611,1,2016314,0,0,0,0,0,0,0,0
-74.9192,-108.4611,1,2016315,0,0,0,0,0,0,0,0
-74.8405,-108.7737,0,2016316,0,0,0,0,0,0,0,0
-74.7618,-109.0863,1,2016317,0,0,0,0,0,0,0,0
-74.7662,-108.995,1,2016318,0,0,0,0,0,0,0,0
-74.752,-109.0397,0,2016319,0,0,0,0,0,0,0,0
-74.7377,-109.0844,1,2016320,0,0,0,0,0,0,0,0
-74.7429,-109.0058,1,2016321,0,0,0,0,0,0,0,0
-74.7466,-109.0197,0,2016322,0,0,0,0,0,0,0,0
-74.7484,-109.0572,1,2016323,0,0,0,0,0,0,0,0
-74.7352,-109.2021,1,2016324,0,0,0,0,0,0,0,0
-74.7498,-108.9294,1,2016325,0,0,0,0,0,0,0,0
-74.7537,-108.9564,0,2016326,0,0,0,0,0,0,0,0
-74.7551,-108.9834,1,2016327,0,0,0,0,0,0,0,0
-74.7551,-108.9834,1,2016328,0,0,0,0,0,0,0,0
-74.7551,-108.9834,1,2016329,0,0,0,0,0,0,0,0
-74.7551,-108.9834,1,2016330,0,0,0,0,0,0,0,0
-74.7551,-108.9834,1,2016331,0,0,0,0,0,0,0,0
-74.7551,-108.9834,1,2016332,0,0,0,0,0,0,0,0
-74.7551,-108.9834,1,2016333,0,0,0,0,0,0,0,0
-74.7551,-108.9834,1,2016334,0,0,0,0,0,0,0,0
-74.756,-108.9649,0,2016335,0,0,0,0,0,0,0,0
-74.7585,-108.9464,1,2016336,0,0,0,0,0,0,0,0
-74.7676,-108.9583,1,2016337,0,0,0,0,0,0,0,0
-74.8058,-109.0084,1,2016338,0,0,0,0,0,0,0,0
-74.8564,-109.0336,1,2016339,0,0,0,0,0,0,0,0
-74.8491,-109.0238,1,2016341,0,0,0,0,0,0,0,0
-74.8491,-109.0238,1,2016342,0,0,0,0,0,0,0,0
-74.8491,-109.0238,1,2016343,0,0,0,0,0,0,0,0
-74.8391,-108.8925,0,2016344,0,0,0,0,0,0,0,0
-74.829,-108.7612,1,2016345,0,0,0,0,0,0,0,0
-74.829,-108.7612,1,2016346,0,0,0,0,0,0,0,0
-74.829,-108.7612,1,2016347,0,0,0,0,0,0,0,0
-74.829,-108.7612,1,2016348,0,0,0,0,0,0,0,0
-74.829,-108.7612,1,2016349,0,0,0,0,0,0,0,0
-74.829,-108.7612,1,2016350,0,0,0,0,0,0,0,0
-74.829,-108.7612,1,2016351,0,0,0,0,0,0,0,0
-74.829,-108.7612,1,2016352,0,0,0,0,0,0,0,0
-74.829,-108.7612,1,2016353,0,0,0,0,0,0,0,0
-74.829,-108.7612,1,2016354,0,0,0,0,0,0,0,0
-74.829,-108.7612,1,2016355,0,0,0,0,0,0,0,0
-74.829,-108.7612,1,2016356,0,0,0,0,0,0,0,0
-74.829,-108.7612,1,2016357,0,0,0,0,0,0,0,0
-74.829,-108.7612,1,2016358,0,0,0,0,0,0,0,0
-74.829,-108.7612,1,2016359,0,0,0,0,0,0,0,0
-74.829,-108.7612,1,2016360,0,0,0,0,0,0,0,0
-74.829,-108.7612,1,2016361,0,0,0,0,0,0,0,0
-74.829,-108.7612,1,2016362,0,0,0,0,0,0,0,0
-74.829,-108.7612,1,2016363,0,0,0,0,0,0,0,0
-74.829,-108.7612,1,2016364,0,0,0,0,0,0,0,0
-74.829,-108.7612,1,2016365,0,0,0,0,0,0,0,0
-74.829,-108.7612,1,2016366,0,0,0,0,0,0,0,0
-74.829,-108.7612,1,2017001,0,0,0,0,0,0,0,0
-74.829,-108.7612,1,2017002,0,0,0,0,0,0,0,0
-74.829,-108.7612,0,2017003,0,0,0,0,0,0,0,0
-74.829,-108.7612,1,2017004,0,0,0,0,0,0,0,0
-74.829,-108.7612,1,2017005,0,0,0,0,0,0,0,0
-74.829,-108.7612,0,2017006,0,0,0,0,0,0,0,0
-74.829,-108.7612,1,2017007,0,0,0,0,0,0,0,0
-74.829,-108.7612,1,2017008,0,0,0,0,0,0,0,0
-74.829,-108.7612,1,2017009,0,0,0,0,0,0,0,0
-74.829,-108.7612,0,2017010,0,0,0,0,0,0,0,0
-74.829,-108.7612,1,2017011,0,0,0,0,0,0,0,0
-74.829,-108.7612,1,2017012,0,0,0,0,0,0,0,0
-74.829,-108.7612,1,2017013,0,0,0,0,0,0,0,0
-74.829,-108.7612,1,2017014,0,0,0,0,0,0,0,0
-74.829,-108.7612,1,2017015,0,0,0,0,0,0,0,0
-74.829,-108.7612,1,2017016,0,0,0,0,0,0,0,0
-74.829,-108.7612,1,2017017,0,0,0,0,0,0,0,0
-74.829,-108.7612,1,2017018,0,0,0,0,0,0,0,0
-74.829,-108.7612,0,2017019,0,0,0,0,0,0,0,0
-74.829,-108.7612,1,2017020,0,0,0,0,0,0,0,0
-74.829,-108.7612,1,2017021,0,0,0,0,0,0,0,0
-74.829,-108.7612,1,2017022,0,0,0,0,0,0,0,0
-74.829,-108.7612,1,2017023,0,0,0,0,0,0,0,0
-74.829,-108.7612,1,2017024,0,0,0,0,0,0,0,0
-74.829,-108.7612,1,2017025,0,0,0,0,0,0,0,0
-74.829,-108.7612,1,2017026,0,0,0,0,0,0,0,0
-74.829,-108.7612,1,2017027,0,0,0,0,0,0,0,0
-74.829,-108.7612,0,2017028,0,0,0,0,0,0,0,0
-74.829,-108.7612,1,2017029,0,0,0,0,0,0,0,0
-74.829,-108.7612,1,2017030,0,0,0,0,0,0,0,0
-74.829,-108.7612,0,2017031,0,0,0,0,0,0,0,0
-74.829,-108.7612,0,2017032,0,0,0,0,0,0,0,0
-74.829,-108.7612,0,2017033,0,0,0,0,0,0,0,0
-74.829,-108.7612,0,2017034,0,0,0,0,0,0,0,0
-74.829,-108.7612,0,2017035,0,0,0,0,0,0,0,0
-74.829,-108.7612,0,2017036,0,0,0,0,0,0,0,0
-74.829,-108.7612,1,2017037,0,0,0,0,0,0,0,0
-74.829,-108.7612,1,2017038,0,0,0,0,0,0,0,0
-74.829,-108.7612,1,2017039,0,0,0,0,0,0,0,0
-74.829,-108.7612,1,2017040,0,0,0,0,0,0,0,0
-74.829,-108.7612,0,2017041,0,0,0,0,0,0,0,0
-74.829,-108.7612,0,2017042,0,0,0,0,0,0,0,0
-74.829,-108.7612,1,2017043,0,0,0,0,0,0,0,0
-74.829,-108.7612,1,2017044,0,0,0,0,0,0,0,0
-74.829,-108.7612,1,2017045,0,0,0,0,0,0,0,0
-74.829,-108.7612,1,2017046,0,0,0,0,0,0,0,0
-74.829,-108.7612,1,2017047,0,0,0,0,0,0,0,0
-74.829,-108.7612,1,2017048,0,0,0,0,0,0,0,0
-74.829,-108.7612,1,2017049,0,0,0,0,0,0,0,0
-74.829,-108.7612,1,2017050,0,0,0,0,0,0,0,0
-74.829,-108.7612,1,2017051,0,0,0,0,0,0,0,0
-74.829,-108.7612,1,2017052,0,0,0,0,0,0,0,0
-74.829,-108.7612,1,2017053,0,0,0,0,0,0,0,0
-74.829,-108.7612,0,2017054,0,0,0,0,0,0,0,0
-74.829,-108.7612,1,2017055,0,0,0,0,0,0,0,0
-74.829,-108.7612,1,2017056,0,0,0,0,0,0,0,0
-74.829,-108.7612,1,2017057,0,0,0,0,0,0,0,0
-74.829,-108.7612,1,2017058,0,0,0,0,0,0,0,0
-74.829,-108.7612,1,2017059,0,0,0,0,0,0,0,0
-74.829,-108.7612,1,2017060,0,0,0,0,0,0,0,0
-74.829,-108.7612,1,2017061,0,0,0,0,0,0,0,0
-74.829,-108.7612,1,2017062,0,0,0,0,0,0,0,0
-74.829,-108.7612,1,2017063,0,0,0,0,0,0,0,0
-74.829,-108.7612,1,2017064,0,0,0,0,0,0,0,0
-74.829,-108.7612,1,2017065,0,0,0,0,0,0,0,0
-74.829,-108.7612,0,2017066,0,0,0,0,0,0,0,0
-74.829,-108.7612,1,2017067,0,0,0,0,0,0,0,0
-74.829,-108.7612,1,2017068,0,0,0,0,0,0,0,0
-74.829,-108.7612,1,2017069,0,0,0,0,0,0,0,0
-74.829,-108.7612,1,2017070,0,0,0,0,0,0,0,0
-74.829,-108.7612,1,2017071,0,0,0,0,0,0,0,0
-74.829,-108.7612,1,2017072,0,0,0,0,0,0,0,0
-74.829,-108.7612,1,2017073,0,0,0,0,0,0,0,0
-74.8377,-108.6644,1,2017074,0,0,0,0,0,0,0,0
-74.8377,-108.6644,1,2017075,0,0,0,0,0,0,0,0
-74.8377,-108.6644,1,2017076,0,0,0,0,0,0,0,0
-74.8377,-108.6644,1,2017077,0,0,0,0,0,0,0,0
-74.8377,-108.6644,1,2017078,0,0,0,0,0,0,0,0
-74.8377,-108.6644,1,2017079,0,0,0,0,0,0,0,0
-74.8377,-108.6644,1,2017080,0,0,0,0,0,0,0,0
-74.8377,-108.6644,1,2017081,0,0,0,0,0,0,0,0
-74.8377,-108.6644,1,2017082,0,0,0,0,0,0,0,0
-74.8377,-108.6644,1,2017083,0,0,0,0,0,0,0,0
-74.8377,-108.6644,1,2017084,0,0,0,0,0,0,0,0
-74.8377,-108.6644,1,2017085,0,0,0,0,0,0,0,0
-74.8377,-108.6644,0,2017086,0,0,0,0,0,0,0,0
-74.8377,-108.6644,1,2017087,0,0,0,0,0,0,0,0
-74.8377,-108.6644,1,2017088,0,0,0,0,0,0,0,0
-74.8377,-108.6644,1,2017089,0,0,0,0,0,0,0,0
-74.8377,-108.6644,1,2017090,0,0,0,0,0,0,0,0
-74.8377,-108.6644,1,2017091,0,0,0,0,0,0,0,0
-74.8377,-108.6644,1,2017092,0,0,0,0,0,0,0,0
-74.8377,-108.6644,1,2017093,0,0,0,0,0,0,0,0
-74.8377,-108.6644,1,2017094,0,0,0,0,0,0,0,0
-74.8377,-108.6644,1,2017095,0,0,0,0,0,0,0,0
-74.8377,-108.6644,0,2017096,0,0,0,0,0,0,0,0
-74.8377,-108.6644,1,2017097,0,0,0,0,0,0,0,0
-74.8377,-108.6644,1,2017098,0,0,0,0,0,0,0,0
-74.8377,-108.6644,1,2017099,0,0,0,0,0,0,0,0
-74.8377,-108.6644,0,2017100,0,0,0,0,0,0,0,0
-74.8377,-108.6644,1,2017101,0,0,0,0,0,0,0,0
-74.8377,-108.6644,1,2017102,0,0,0,0,0,0,0,0
-74.8377,-108.6644,1,2017103,0,0,0,0,0,0,0,0
-74.8377,-108.6644,1,2017104,0,0,0,0,0,0,0,0
-74.8377,-108.6644,1,2017105,0,0,0,0,0,0,0,0
-74.8377,-108.6644,1,2017106,0,0,0,0,0,0,0,0
-74.8377,-108.6644,0,2017107,0,0,0,0,0,0,0,0
-74.8377,-108.6644,1,2017108,0,0,0,0,0,0,0,0
-74.8377,-108.6644,1,2017109,0,0,0,0,0,0,0,0
-74.8377,-108.6644,1,2017110,0,0,0,0,0,0,0,0
-74.8377,-108.6644,0,2017111,0,0,0,0,0,0,0,0
-74.8377,-108.6644,1,2017112,0,0,0,0,0,0,0,0
-74.8377,-108.6644,1,2017113,0,0,0,0,0,0,0,0
-74.8377,-108.6644,1,2017114,0,0,0,0,0,0,0,0
-74.8377,-108.6644,1,2017115,0,0,0,0,0,0,0,0
-74.8377,-108.6644,0,2017116,0,0,0,0,0,0,0,0
-74.8377,-108.6644,1,2017117,0,0,0,0,0,0,0,0
-74.8377,-108.6644,1,2017118,0,0,0,0,0,0,0,0
-74.8377,-108.6644,1,2017119,0,0,0,0,0,0,0,0
-74.8377,-108.6644,1,2017120,0,0,0,0,0,0,0,0
-74.8377,-108.6644,1,2017121,0,0,0,0,0,0,0,0
-74.8377,-108.6644,0,2017122,0,0,0,0,0,0,0,0
-74.8377,-108.6644,1,2017123,0,0,0,0,0,0,0,0
-74.8377,-108.6644,1,2017124,0,0,0,0,0,0,0,0
-74.8377,-108.6644,1,2017125,0,0,0,0,0,0,0,0
-74.8377,-108.6644,1,2017126,0,0,0,0,0,0,0,0
-74.8377,-108.6644,1,2017127,0,0,0,0,0,0,0,0
-74.8377,-108.6644,0,2017128,0,0,0,0,0,0,0,0
-74.8377,-108.6644,1,2017129,0,0,0,0,0,0,0,0
-74.8377,-108.6644,1,2017130,0,0,0,0,0,0,0,0
-74.8377,-108.6644,1,2017131,0,0,0,0,0,0,0,0
-74.8377,-108.6644,0,2017132,0,0,0,0,0,0,0,0
-74.8377,-108.6644,1,2017133,0,0,0,0,0,0,0,0
-74.8377,-108.6644,1,2017134,0,0,0,0,0,0,0,0
-74.8377,-108.6644,1,2017135,0,0,0,0,0,0,0,0
-74.8377,-108.6644,1,2017136,0,0,0,0,0,0,0,0
-74.8377,-108.6644,1,2017137,0,0,0,0,0,0,0,0
-74.8377,-108.6644,0,2017138,0,0,0,0,0,0,0,0
-74.8377,-108.6644,1,2017139,0,0,0,0,0,0,0,0
-74.8377,-108.6644,0,2017140,0,0,0,0,0,0,0,0
-74.8377,-108.6644,1,2017141,0,0,0,0,0,0,0,0
-74.8377,-108.6644,1,2017142,0,0,0,0,0,0,0,0
-74.8377,-108.6644,1,2017143,0,0,0,0,0,0,0,0
-74.8377,-108.6644,1,2017144,0,0,0,0,0,0,0,0
-74.8377,-108.6644,1,2017145,0,0,0,0,0,0,0,0
-74.8377,-108.6644,0,2017146,0,0,0,0,0,0,0,0
-74.8377,-108.6644,1,2017147,0,0,0,0,0,0,0,0
-74.8377,-108.6644,1,2017148,0,0,0,0,0,0,0,0
-74.8377,-108.6644,1,2017149,0,0,0,0,0,0,0,0
-74.8377,-108.6644,1,2017150,0,0,0,0,0,0,0,0
-74.8377,-108.6644,1,2017151,0,0,0,0,0,0,0,0
