ascat_1,ascat_2,ascat_3,date,nic_1,nic_2,nic_3,oscat_1,oscat_2,oscat_3,size_1,size_2
0,0,0,2010024,-74.7,-109.15,1,0,0,0,13,5
0,0,0,2010025,-74.7,-109.15,0,0,0,0,0,0
0,0,0,2010026,-74.7,-109.15,0,0,0,0,0,0
0,0,0,2010027,-74.7,-109.15,0,0,0,0,0,0
0,0,0,2010028,-74.7,-109.15,0,0,0,0,0,0
0,0,0,2010029,-74.7,-109.15,0,0,0,0,0,0
0,0,0,2010030,-74.7,-109.15,0,0,0,0,0,0
0,0,0,2010031,-74.7,-109.15,1,0,0,0,13,5
0,0,0,2010032,-74.7,-109.15,0,0,0,0,0,0
0,0,0,2010033,-74.7,-109.15,0,0,0,0,0,0
0,0,0,2010034,-74.7,-109.15,0,0,0,0,0,0
0,0,0,2010035,-74.7,-109.15,0,0,0,0,0,0
0,0,0,2010036,-74.7,-109.15,0,0,0,0,0,0
0,0,0,2010037,-74.7,-109.15,0,0,0,0,0,0
0,0,0,2010038,-74.7,-109.15,1,0,0,0,13,5
0,0,0,2010039,-74.7,-109.15,0,0,0,0,0,0
0,0,0,2010040,-74.7,-109.15,0,0,0,0,0,0
0,0,0,2010041,-74.7,-109.15,0,0,0,0,0,0
0,0,0,2010042,-74.7,-109.15,0,0,0,0,0,0
0,0,0,2010043,-74.7,-109.15,0,0,0,0,0,0
0,0,0,2010044,-74.7,-109.15,0,0,0,0,0,0
0,0,0,2010045,-74.7,-109.15,1,0,0,0,13,5
0,0,0,2010046,-74.7,-109.15,0,0,0,0,0,0
0,0,0,2010047,-74.7,-109.15,0,0,0,0,0,0
0,0,0,2010048,-74.7,-109.15,0,0,0,0,0,0
0,0,0,2010049,-74.7,-109.15,0,0,0,0,0,0
0,0,0,2010050,-74.7,-109.15,0,0,0,0,0,0
0,0,0,2010051,-74.7,-109.15,0,0,0,0,0,0
0,0,0,2010052,-74.7,-109.15,1,0,0,0,13,5
0,0,0,2010053,-74.7,-109.15,0,0,0,0,0,0
0,0,0,2010054,-74.7,-109.15,0,0,0,0,0,0
0,0,0,2010055,-74.7,-109.15,0,0,0,0,0,0
0,0,0,2010056,-74.7,-109.15,0,0,0,0,0,0
0,0,0,2010057,-74.7,-109.15,0,0,0,0,0,0
0,0,0,2010058,-74.7,-109.15,0,0,0,0,0,0
0,0,0,2010059,-74.7,-109.15,1,0,0,0,13,5
0,0,0,2010060,-74.7,-109.15,0,0,0,0,0,0
0,0,0,2010061,-74.7,-109.15,0,0,0,0,0,0
0,0,0,2010062,-74.7,-109.15,0,0,0,0,0,0
0,0,0,2010063,-74.7,-109.15,0,0,0,0,0,0
0,0,0,2010064,-74.7,-109.15,0,0,0,0,0,0
0,0,0,2010065,-74.7,-109.15,0,0,0,0,0,0
0,0,0,2010066,-74.7,-109.15,1,0,0,0,13,5
0,0,0,2010067,-74.7,-109.15,0,0,0,0,0,0
0,0,0,2010068,-74.7,-109.15,0,0,0,0,0,0
0,0,0,2010069,-74.7,-109.15,0,0,0,0,0,0
0,0,0,2010070,-74.7,-109.15,0,0,0,0,0,0
0,0,0,2010071,-74.7,-109.15,0,0,0,0,0,0
0,0,0,2010072,-74.7,-109.15,0,0,0,0,0,0
0,0,0,2010073,-74.7,-109.15,1,0,0,0,13,5
0,0,0,2010074,-74.7,-109.15,0,0,0,0,0,0
0,0,0,2010075,-74.7,-109.15,0,0,0,0,0,0
0,0,0,2010076,-74.7,-109.15,0,0,0,0,0,0
0,0,0,2010077,-74.7,-109.15,0,0,0,0,0,0
0,0,0,2010078,-74.7,-109.15,0,0,0,0,0,0
0,0,0,2010079,-74.7,-109.15,0,0,0,0,0,0
0,0,0,2010080,-74.7,-109.15,1,0,0,0,13,5
0,0,0,2010081,-74.7,-109.15,0,0,0,0,0,0
0,0,0,2010082,-74.7,-109.15,0,0,0,0,0,0
0,0,0,2010083,-74.7,-109.15,0,0,0,0,0,0
0,0,0,2010084,-74.7,-109.15,0,0,0,0,0,0
0,0,0,2010085,-74.7,-109.15,0,0,0,0,0,0
0,0,0,2010086,-74.7,-109.15,0,0,0,0,0,0
0,0,0,2010087,-74.7,-109.15,1,0,0,0,13,5
0,0,0,2010088,-74.7,-109.15,0,0,0,0,0,0
0,0,0,2010089,-74.7,-109.15,0,0,0,0,0,0
0,0,0,2010090,-74.7,-109.15,0,0,0,0,0,0
0,0,0,2010091,-74.7,-109.15,0,0,0,0,0,0
0,0,0,2010092,-74.7,-109.15,0,0,0,0,0,0
0,0,0,2010093,-74.7,-109.15,0,0,0,0,0,0
0,0,0,2010094,-74.7,-109.15,1,0,0,0,13,5
0,0,0,2010095,-74.7,-109.15,0,0,0,0,0,0
0,0,0,2010096,-74.7,-109.15,0,0,0,0,0,0
0,0,0,2010097,-74.7,-109.15,0,0,0,0,0,0
0,0,0,2010098,-74.7,-109.15,0,0,0,0,0,0
0,0,0,2010099,-74.7,-109.15,0,0,0,0,0,0
0,0,0,2010100,-74.7,-109.15,0,0,0,0,0,0
0,0,0,2010101,-74.7,-109.15,1,0,0,0,13,5
0,0,0,2010102,-74.7,-109.15,0,0,0,0,0,0
0,0,0,2010103,-74.7,-109.15,0,0,0,0,0,0
0,0,0,2010104,-74.7,-109.15,0,0,0,0,0,0
0,0,0,2010105,-74.7,-109.15,0,0,0,0,0,0
0,0,0,2010106,-74.7,-109.15,0,0,0,0,0,0
0,0,0,2010107,-74.7,-109.15,0,0,0,0,0,0
0,0,0,2010108,-74.7,-109.15,1,0,0,0,13,5
0,0,0,2010109,-74.7,-109.15,0,0,0,0,0,0
0,0,0,2010110,-74.7,-109.15,0,0,0,0,0,0
0,0,0,2010111,-74.7,-109.15,0,0,0,0,0,0
0,0,0,2010112,-74.7,-109.15,0,0,0,0,0,0
0,0,0,2010113,-74.7,-109.15,0,0,0,0,0,0
0,0,0,2010114,-74.7,-109.15,0,0,0,0,0,0
0,0,0,2010115,-74.7,-109.15,1,0,0,0,13,5
0,0,0,2010116,-74.7,-109.15,0,0,0,0,0,0
0,0,0,2010117,-74.7,-109.15,0,0,0,0,0,0
0,0,0,2010118,-74.7,-109.15,0,0,0,0,0,0
0,0,0,2010119,-74.7,-109.15,0,0,0,0,0,0
0,0,0,2010120,-74.7,-109.15,0,0,0,0,0,0
0,0,0,2010121,-74.7,-109.15,0,0,0,0,0,0
0,0,0,2010122,-74.7,-109.15,1,0,0,0,13,5
0,0,0,2010123,-74.6989,-109.15,0,0,0,0,0,0
0,0,0,2010124,-74.696,-109.15,0,0,0,0,0,0
0,0,0,2010125,-74.6921,-109.15,0,0,0,0,0,0
0,0,0,2010126,-74.6879,-109.15,0,0,0,0,0,0
0,0,0,2010127,-74.684,-109.15,0,0,0,0,0,0
0,0,0,2010128,-74.6811,-109.15,0,0,0,0,0,0
0,0,0,2010129,-74.68,-109.15,1,0,0,0,13,5
0,0,0,2010130,-74.68,-109.15,0,0,0,0,0,0
0,0,0,2010131,-74.68,-109.15,0,0,0,0,0,0
0,0,0,2010132,-74.68,-109.15,0,0,0,0,0,0
0,0,0,2010133,-74.68,-109.15,0,0,0,0,0,0
0,0,0,2010134,-74.68,-109.15,0,0,0,0,0,0
0,0,0,2010135,-74.68,-109.15,0,0,0,0,0,0
0,0,0,2010136,-74.68,-109.15,1,0,0,0,13,5
0,0,0,2010137,-74.68,-109.15,0,0,0,0,0,0
0,0,0,2010138,-74.68,-109.15,0,0,0,0,0,0
0,0,0,2010139,-74.68,-109.15,0,0,0,0,0,0
0,0,0,2010140,-74.68,-109.15,0,0,0,0,0,0
0,0,0,2010141,-74.68,-109.15,0,0,0,0,0,0
0,0,0,2010142,-74.68,-109.15,0,0,0,0,0,0
0,0,0,2010143,-74.68,-109.15,1,0,0,0,13,5
0,0,0,2010144,-74.68,-109.15,0,0,0,0,0,0
0,0,0,2010145,-74.68,-109.15,0,0,0,0,0,0
0,0,0,2010146,-74.68,-109.15,0,0,0,0,0,0
0,0,0,2010147,-74.68,-109.15,0,0,0,0,0,0
0,0,0,2010148,-74.68,-109.15,0,0,0,0,0,0
0,0,0,2010149,-74.68,-109.15,0,0,0,0,0,0
0,0,0,2010150,-74.68,-109.15,1,0,0,0,13,5
0,0,0,2010151,-74.68,-109.15,0,0,0,0,0,0
0,0,0,2010152,-74.68,-109.15,0,0,0,0,0,0
0,0,0,2010153,-74.68,-109.15,0,0,0,0,0,0
0,0,0,2010154,-74.68,-109.15,0,0,0,0,0,0
0,0,0,2010155,-74.68,-109.15,0,0,0,0,0,0
0,0,0,2010156,-74.68,-109.15,0,0,0,0,0,0
0,0,0,2010157,-74.68,-109.15,1,0,0,0,13,5
0,0,0,2010158,-74.68,-109.15,0,0,0,0,0,0
0,0,0,2010159,-74.68,-109.15,0,0,0,0,0,0
0,0,0,2010160,-74.68,-109.15,0,0,0,0,0,0
0,0,0,2010161,-74.68,-109.15,0,0,0,0,0,0
0,0,0,2010162,-74.68,-109.15,0,0,0,0,0,0
0,0,0,2010163,-74.68,-109.15,0,0,0,0,0,0
0,0,0,2010164,-74.68,-109.15,1,0,0,0,13,5
0,0,0,2010165,-74.68,-109.15,0,0,0,0,0,0
0,0,0,2010166,-74.68,-109.15,0,0,0,0,0,0
0,0,0,2010167,-74.68,-109.15,0,0,0,0,0,0
0,0,0,2010168,-74.68,-109.15,0,0,0,0,0,0
0,0,0,2010169,-74.68,-109.15,0,0,0,0,0,0
0,0,0,2010170,-74.68,-109.15,0,0,0,0,0,0
0,0,0,2010171,-74.68,-109.15,1,0,0,0,13,5
0,0,0,2010172,-74.68,-109.15,0,0,0,0,0,0
0,0,0,2010173,-74.68,-109.15,0,0,0,0,0,0
0,0,0,2010174,-74.68,-109.15,0,0,0,0,0,0
0,0,0,2010175,-74.68,-109.15,0,0,0,0,0,0
0,0,0,2010176,-74.68,-109.15,0,0,0,0,0,0
0,0,0,2010177,-74.68,-109.15,0,0,0,0,0,0
0,0,0,2010178,-74.68,-109.15,1,0,0,0,13,5
0,0,0,2010179,-74.68,-109.15,0,0,0,0,0,0
0,0,0,2010180,-74.68,-109.15,0,0,0,0,0,0
0,0,0,2010181,-74.68,-109.15,0,0,0,0,0,0
0,0,0,2010182,-74.68,-109.15,0,0,0,0,0,0
0,0,0,2010183,-74.68,-109.15,0,0,0,0,0,0
0,0,0,2010184,-74.68,-109.15,0,0,0,0,0,0
0,0,0,2010185,-74.68,-109.15,1,0,0,0,13,5
0,0,0,2010186,-74.68,-109.15,0,0,0,0,0,0
0,0,0,2010187,-74.68,-109.15,0,0,0,0,0,0
0,0,0,2010188,-74.68,-109.15,0,0,0,0,0,0
0,0,0,2010189,-74.68,-109.15,0,0,0,0,0,0
0,0,0,2010190,-74.68,-109.15,0,0,0,0,0,0
0,0,0,2010191,-74.68,-109.15,0,0,0,0,0,0
0,0,0,2010192,-74.68,-109.15,1,0,0,0,13,5
0,0,0,2010193,-74.68,-109.15,0,0,0,0,0,0
0,0,0,2010194,-74.68,-109.15,0,0,0,0,0,0
0,0,0,2010195,-74.68,-109.15,0,0,0,0,0,0
0,0,0,2010196,-74.68,-109.15,0,0,0,0,0,0
0,0,0,2010197,-74.68,-109.15,0,0,0,0,0,0
0,0,0,2010198,-74.68,-109.15,0,0,0,0,0,0
0,0,0,2010199,-74.68,-109.15,1,0,0,0,13,5
0,0,0,2010200,-74.68,-109.15,0,0,0,0,0,0
0,0,0,2010201,-74.68,-109.15,0,0,0,0,0,0
0,0,0,2010202,-74.68,-109.15,0,0,0,0,0,0
0,0,0,2010203,-74.68,-109.15,0,0,0,0,0,0
0,0,0,2010204,-74.68,-109.15,0,0,0,0,0,0
0,0,0,2010205,-74.68,-109.15,0,0,0,0,0,0
0,0,0,2010206,-74.68,-109.15,1,0,0,0,13,5
0,0,0,2010207,-74.68,-109.15,0,0,0,0,0,0
0,0,0,2010208,-74.68,-109.15,0,0,0,0,0,0
0,0,0,2010209,-74.68,-109.15,0,0,0,0,0,0
0,0,0,2010210,-74.68,-109.15,0,0,0,0,0,0
0,0,0,2010211,-74.68,-109.15,0,0,0,0,0,0
0,0,0,2010212,-74.68,-109.15,0,0,0,0,0,0
0,0,0,2010213,-74.68,-109.15,1,0,0,0,13,5
0,0,0,2010214,-74.6794,-109.1511,0,0,0,0,0,0
0,0,0,2010215,-74.678,-109.154,0,0,0,0,0,0
0,0,0,2010216,-74.6761,-109.1579,0,0,0,0,0,0
0,0,0,2010217,-74.6739,-109.1621,0,0,0,0,0,0
0,0,0,2010218,-74.672,-109.166,0,0,0,0,0,0
0,0,0,2010219,-74.6706,-109.1689,0,0,0,0,0,0
0,0,0,2010220,-74.67,-109.17,1,0,0,0,13,5
0,0,0,2010221,-74.67,-109.17,0,0,0,0,0,0
0,0,0,2010222,-74.67,-109.17,0,0,0,0,0,0
0,0,0,2010223,-74.67,-109.17,0,0,0,0,0,0
0,0,0,2010224,-74.67,-109.17,0,0,0,0,0,0
0,0,0,2010225,-74.67,-109.17,0,0,0,0,0,0
0,0,0,2010226,-74.67,-109.17,0,0,0,0,0,0
0,0,0,2010227,-74.67,-109.17,1,0,0,0,13,5
0,0,0,2010228,-74.67,-109.17,0,0,0,0,0,0
0,0,0,2010229,-74.67,-109.17,0,0,0,0,0,0
0,0,0,2010230,-74.67,-109.17,0,0,0,0,0,0
0,0,0,2010231,-74.67,-109.17,0,0,0,0,0,0
0,0,0,2010232,-74.67,-109.17,0,0,0,0,0,0
0,0,0,2010233,-74.67,-109.17,0,0,0,0,0,0
0,0,0,2010234,-74.67,-109.17,1,0,0,0,13,5
0,0,0,2010235,-74.67,-109.17,0,0,0,0,0,0
0,0,0,2010236,-74.67,-109.17,0,0,0,0,0,0
0,0,0,2010237,-74.67,-109.17,0,0,0,0,0,0
0,0,0,2010238,-74.67,-109.17,0,0,0,0,0,0
0,0,0,2010239,-74.67,-109.17,0,0,0,0,0,0
0,0,0,2010240,-74.67,-109.17,0,0,0,0,0,0
0,0,0,2010241,-74.67,-109.17,1,0,0,0,13,5
0,0,0,2010242,-74.67,-109.17,0,0,0,0,0,0
0,0,0,2010243,-74.67,-109.17,0,0,0,0,0,0
0,0,0,2010244,-74.67,-109.17,0,0,0,0,0,0
0,0,0,2010245,-74.67,-109.17,0,0,0,0,0,0
0,0,0,2010246,-74.67,-109.17,0,0,0,0,0,0
0,0,0,2010247,-74.67,-109.17,0,0,0,0,0,0
0,0,0,2010248,-74.67,-109.17,1,0,0,0,13,5
0,0,0,2010249,-74.67,-109.17,0,0,0,0,0,0
0,0,0,2010250,-74.67,-109.17,0,0,0,0,0,0
0,0,0,2010251,-74.67,-109.17,0,0,0,0,0,0
0,0,0,2010252,-74.67,-109.17,0,0,0,0,0,0
0,0,0,2010253,-74.67,-109.17,0,0,0,0,0,0
0,0,0,2010254,-74.67,-109.17,0,0,0,0,0,0
0,0,0,2010255,-74.67,-109.17,1,0,0,0,13,5
0,0,0,2010256,-74.67,-109.17,0,0,0,0,0,0
0,0,0,2010257,-74.67,-109.17,0,0,0,0,0,0
0,0,0,2010258,-74.67,-109.17,0,0,0,0,0,0
0,0,0,2010259,-74.67,-109.17,0,0,0,0,0,0
0,0,0,2010260,-74.67,-109.17,0,0,0,0,0,0
0,0,0,2010261,-74.67,-109.17,0,0,0,0,0,0
0,0,0,2010262,-74.67,-109.17,1,0,0,0,13,5
0,0,0,2010263,-74.67,-109.17,0,0,0,0,0,0
0,0,0,2010264,-74.67,-109.17,0,0,0,0,0,0
0,0,0,2010265,-74.67,-109.17,0,0,0,0,0,0
0,0,0,2010266,-74.67,-109.17,0,0,0,0,0,0
0,0,0,2010267,-74.67,-109.17,0,0,0,0,0,0
0,0,0,2010268,-74.67,-109.17,0,0,0,0,0,0
0,0,0,2010269,-74.67,-109.17,1,0,0,0,13,5
0,0,0,2010270,-74.67,-109.17,0,0,0,0,0,0
0,0,0,2010271,-74.67,-109.17,0,0,0,0,0,0
0,0,0,2010272,-74.67,-109.17,0,0,0,0,0,0
0,0,0,2010273,-74.67,-109.17,0,0,0,0,0,0
0,0,0,2010274,-74.67,-109.17,0,0,0,0,0,0
0,0,0,2010275,-74.67,-109.17,0,0,0,0,0,0
0,0,0,2010276,-74.67,-109.17,1,0,0,0,13,5
0,0,0,2010277,-74.67,-109.17,0,0,0,0,0,0
0,0,0,2010278,-74.67,-109.17,0,0,0,0,0,0
0,0,0,2010279,-74.67,-109.17,0,0,0,0,0,0
0,0,0,2010280,-74.67,-109.17,0,0,0,0,0,0
0,0,0,2010281,-74.67,-109.17,0,0,0,0,0,0
0,0,0,2010282,-74.67,-109.17,0,0,0,0,0,0
0,0,0,2010283,-74.67,-109.17,1,0,0,0,13,5
0,0,0,2010284,-74.67,-109.17,0,0,0,0,0,0
0,0,0,2010285,-74.67,-109.17,0,0,0,0,0,0
0,0,0,2010286,-74.67,-109.17,0,0,0,0,0,0
0,0,0,2010287,-74.67,-109.17,0,0,0,0,0,0
0,0,0,2010288,-74.67,-109.17,0,0,0,0,0,0
0,0,0,2010289,-74.67,-109.17,0,0,0,0,0,0
0,0,0,2010290,-74.67,-109.17,1,0,0,0,13,5
0,0,0,2010304,-74.67,-109.17,1,0,0,0,13,5
0,0,0,2010318,-74.67,-109.16,1,0,0,0,13,5
0,0,0,2010319,-74.67,-109.16,0,0,0,0,0,0
0,0,0,2010320,-74.67,-109.16,0,0,0,0,0,0
0,0,0,2010321,-74.67,-109.16,0,0,0,0,0,0
0,0,0,2010322,-74.67,-109.16,0,0,0,0,0,0
0,0,0,2010323,-74.67,-109.16,0,0,0,0,0,0
0,0,0,2010324,-74.67,-109.16,0,0,0,0,0,0
0,0,0,2010325,-74.67,-109.16,1,0,0,0,13,5
0,0,0,2010326,-74.67,-109.16,0,0,0,0,0,0
0,0,0,2010327,-74.67,-109.16,0,0,0,0,0,0
0,0,0,2010328,-74.67,-109.16,0,0,0,0,0,0
0,0,0,2010329,-74.67,-109.16,0,0,0,0,0,0
0,0,0,2010330,-74.67,-109.16,0,0,0,0,0,0
0,0,0,2010331,-74.67,-109.16,0,0,0,0,0,0
0,0,0,2010332,-74.67,-109.16,1,0,0,0,13,5
0,0,0,2010333,-74.67,-109.16,0,0,0,0,0,0
0,0,0,2010334,-74.67,-109.16,0,0,0,0,0,0
0,0,0,2010335,-74.67,-109.16,0,0,0,0,0,0
0,0,0,2010336,-74.67,-109.16,0,0,0,0,0,0
0,0,0,2010337,-74.67,-109.16,0,0,0,0,0,0
0,0,0,2010338,-74.67,-109.16,0,0,0,0,0,0
0,0,0,2010339,-74.67,-109.16,1,0,0,0,13,5
0,0,0,2010340,-74.67,-109.16,0,0,0,0,0,0
0,0,0,2010341,-74.67,-109.16,0,0,0,0,0,0
0,0,0,2010342,-74.67,-109.16,0,0,0,0,0,0
0,0,0,2010343,-74.67,-109.16,0,0,0,0,0,0
0,0,0,2010344,-74.67,-109.16,0,0,0,0,0,0
0,0,0,2010345,-74.67,-109.16,0,0,0,0,0,0
0,0,0,2010346,-74.67,-109.16,1,0,0,0,13,5
0,0,0,2010347,-74.67,-109.16,0,0,0,0,0,0
0,0,0,2010348,-74.67,-109.16,0,0,0,0,0,0
0,0,0,2010349,-74.67,-109.16,0,0,0,0,0,0
0,0,0,2010350,-74.67,-109.16,0,0,0,0,0,0
0,0,0,2010351,-74.67,-109.16,0,0,0,0,0,0
0,0,0,2010352,-74.67,-109.16,0,0,0,0,0,0
0,0,0,2010353,-74.67,-109.16,1,0,0,0,13,5
0,0,0,2010354,-74.67,-109.1606,0,0,0,0,0,0
0,0,0,2010355,-74.67,-109.162,0,0,0,0,0,0
0,0,0,2010356,-74.67,-109.1639,0,0,0,0,0,0
0,0,0,2010357,-74.67,-109.1661,0,0,0,0,0,0
0,0,0,2010358,-74.67,-109.168,0,0,0,0,0,0
0,0,0,2010359,-74.67,-109.1694,0,0,0,0,0,0
0,0,0,2010360,-74.67,-109.17,1,0,0,0,13,5
0,0,0,2010361,-74.67,-109.17,0,0,0,0,0,0
0,0,0,2010362,-74.67,-109.17,0,0,0,0,0,0
0,0,0,2010363,-74.67,-109.17,0,0,0,0,0,0
0,0,0,2010364,-74.67,-109.17,0,0,0,0,0,0
0,0,0,2010365,-74.67,-109.17,0,0,0,0,0,0
0,0,0,2011001,-74.67,-109.17,0,0,0,0,0,0
0,0,0,2011002,-74.67,-109.17,1,0,0,0,13,5
0,0,0,2011003,-74.67,-109.17,0,0,0,0,0,0
0,0,0,2011004,-74.67,-109.17,0,0,0,0,0,0
0,0,0,2011005,-74.67,-109.17,0,0,0,0,0,0
0,0,0,2011006,-74.67,-109.17,0,0,0,0,0,0
0,0,0,2011007,-74.67,-109.17,0,0,0,0,0,0
0,0,0,2011008,-74.67,-109.17,0,0,0,0,0,0
0,0,0,2011009,-74.67,-109.17,1,0,0,0,13,5
0,0,0,2011010,-74.67,-109.17,0,0,0,0,0,0
0,0,0,2011011,-74.67,-109.17,0,0,0,0,0,0
0,0,0,2011012,-74.67,-109.17,0,0,0,0,0,0
0,0,0,2011013,-74.67,-109.17,0,0,0,0,0,0
0,0,0,2011014,-74.67,-109.17,0,0,0,0,0,0
0,0,0,2011015,-74.67,-109.17,0,0,0,0,0,0
0,0,0,2011016,-74.67,-109.17,1,0,0,0,13,5
0,0,0,2011017,-74.67,-109.17,0,0,0,0,0,0
0,0,0,2011018,-74.67,-109.17,0,0,0,0,0,0
0,0,0,2011019,-74.67,-109.17,0,0,0,0,0,0
0,0,0,2011020,-74.67,-109.17,0,0,0,0,0,0
0,0,0,2011021,-74.67,-109.17,0,0,0,0,0,0
0,0,0,2011022,-74.67,-109.17,0,0,0,0,0,0
0,0,0,2011023,-74.67,-109.17,1,0,0,0,13,5
0,0,0,2011024,-74.67,-109.17,0,0,0,0,0,0
0,0,0,2011025,-74.67,-109.17,0,0,0,0,0,0
0,0,0,2011026,-74.67,-109.17,0,0,0,0,0,0
0,0,0,2011027,-74.67,-109.17,0,0,0,0,0,0
0,0,0,2011028,-74.67,-109.17,0,0,0,0,0,0
0,0,0,2011029,-74.67,-109.17,0,0,0,0,0,0
0,0,0,2011030,-74.67,-109.17,1,0,0,0,13,5
0,0,0,2011031,-74.67,-109.17,0,0,0,0,0,0
0,0,0,2011032,-74.67,-109.17,0,0,0,0,0,0
0,0,0,2011033,-74.67,-109.17,0,0,0,0,0,0
0,0,0,2011034,-74.67,-109.17,0,0,0,0,0,0
0,0,0,2011035,-74.67,-109.17,0,0,0,0,0,0
0,0,0,2011036,-74.67,-109.17,0,0,0,0,0,0
0,0,0,2011037,-74.67,-109.17,1,0,0,0,13,5
0,0,0,2011038,-74.67,-109.17,0,0,0,0,0,0
0,0,0,2011039,-74.67,-109.17,0,0,0,0,0,0
0,0,0,2011040,-74.67,-109.17,0,0,0,0,0,0
0,0,0,2011041,-74.67,-109.17,0,0,0,0,0,0
0,0,0,2011042,-74.67,-109.17,0,0,0,0,0,0
0,0,0,2011043,-74.67,-109.17,0,0,0,0,0,0
0,0,0,2011044,-74.67,-109.17,1,0,0,0,13,5
0,0,0,2011045,-74.67,-109.17,0,0,0,0,0,0
0,0,0,2011046,-74.67,-109.17,0,0,0,0,0,0
0,0,0,2011047,-74.67,-109.17,0,0,0,0,0,0
0,0,0,2011048,-74.67,-109.17,0,0,0,0,0,0
0,0,0,2011049,-74.67,-109.17,0,0,0,0,0,0
0,0,0,2011050,-74.67,-109.17,0,0,0,0,0,0
0,0,0,2011051,-74.67,-109.17,1,0,0,0,13,5
0,0,0,2011052,-74.67,-109.17,0,0,0,0,0,0
0,0,0,2011053,-74.67,-109.17,0,0,0,0,0,0
0,0,0,2011054,-74.67,-109.17,0,0,0,0,0,0
0,0,0,2011055,-74.67,-109.17,0,0,0,0,0,0
0,0,0,2011056,-74.67,-109.17,0,0,0,0,0,0
0,0,0,2011057,-74.67,-109.17,0,0,0,0,0,0
0,0,0,2011058,-74.67,-109.17,1,0,0,0,13,5
0,0,0,2011059,-74.67,-109.17,0,0,0,0,0,0
0,0,0,2011060,-74.67,-109.17,0,0,0,0,0,0
0,0,0,2011061,-74.67,-109.17,0,0,0,0,0,0
0,0,0,2011062,-74.67,-109.17,0,0,0,0,0,0
0,0,0,2011063,-74.67,-109.17,0,0,0,0,0,0
0,0,0,2011064,-74.67,-109.17,0,0,0,0,0,0
0,0,0,2011065,-74.67,-109.17,1,0,0,0,13,5
0,0,0,2011066,-74.67,-109.17,0,0,0,0,0,0
0,0,0,2011067,-74.67,-109.17,0,0,0,0,0,0
0,0,0,2011068,-74.67,-109.17,0,0,0,0,0,0
0,0,0,2011069,-74.67,-109.17,0,0,0,0,0,0
0,0,0,2011070,-74.67,-109.17,0,0,0,0,0,0
0,0,0,2011071,-74.67,-109.17,0,0,0,0,0,0
0,0,0,2011072,-74.67,-109.17,1,0,0,0,13,5
0,0,0,2011073,-74.67,-109.17,0,0,0,0,0,0
0,0,0,2011074,-74.67,-109.17,0,0,0,0,0,0
0,0,0,2011075,-74.67,-109.17,0,0,0,0,0,0
0,0,0,2011076,-74.67,-109.17,0,0,0,0,0,0
0,0,0,2011077,-74.67,-109.17,0,0,0,0,0,0
0,0,0,2011078,-74.67,-109.17,0,0,0,0,0,0
0,0,0,2011079,-74.67,-109.17,1,0,0,0,13,5
0,0,0,2011080,-74.6949,-109.1755,0,0,0,0,0,0
0,0,0,2011081,-74.7592,-109.1898,0,0,0,0,0,0
0,0,0,2011086,-75.12,-109.27,1,0,0,0,13,5
0,0,0,2011093,-75.12,-109.27,1,0,0,0,13,5
0,0,0,2011107,-74.66,-109.16,1,0,0,0,12,5
0,0,0,2011108,-74.66,-109.16,0,0,0,0,0,0
0,0,0,2011109,-74.66,-109.16,0,0,0,0,0,0
0,0,0,2011110,-74.66,-109.16,0,0,0,0,0,0
0,0,0,2011111,-74.66,-109.16,0,0,0,0,0,0
0,0,0,2011112,-74.66,-109.16,0,0,0,0,0,0
0,0,0,2011113,-74.66,-109.16,0,0,0,0,0,0
0,0,0,2011114,-74.66,-109.16,1,0,0,0,12,5
0,0,0,2011115,-74.66,-109.16,0,0,0,0,0,0
0,0,0,2011116,-74.66,-109.16,0,0,0,0,0,0
0,0,0,2011117,-74.66,-109.16,0,0,0,0,0,0
0,0,0,2011118,-74.66,-109.16,0,0,0,0,0,0
0,0,0,2011119,-74.66,-109.16,0,0,0,0,0,0
0,0,0,2011120,-74.66,-109.16,0,0,0,0,0,0
0,0,0,2011121,-74.66,-109.16,1,0,0,0,12,5
0,0,0,2011122,-74.66,-109.16,0,0,0,0,0,0
0,0,0,2011123,-74.66,-109.16,0,0,0,0,0,0
0,0,0,2011124,-74.66,-109.16,0,0,0,0,0,0
0,0,0,2011125,-74.66,-109.16,0,0,0,0,0,0
0,0,0,2011126,-74.66,-109.16,0,0,0,0,0,0
0,0,0,2011127,-74.66,-109.16,0,0,0,0,0,0
0,0,0,2011128,-74.66,-109.16,1,0,0,0,12,5
0,0,0,2011129,-74.66,-109.16,0,0,0,0,0,0
0,0,0,2011130,-74.66,-109.16,0,0,0,0,0,0
0,0,0,2011131,-74.66,-109.16,0,0,0,0,0,0
0,0,0,2011132,-74.66,-109.16,0,0,0,0,0,0
0,0,0,2011133,-74.66,-109.16,0,0,0,0,0,0
0,0,0,2011134,-74.66,-109.16,0,0,0,0,0,0
0,0,0,2011135,-74.66,-109.16,1,0,0,0,12,5
0,0,0,2011136,-74.66,-109.16,0,0,0,0,0,0
0,0,0,2011137,-74.66,-109.16,0,0,0,0,0,0
0,0,0,2011138,-74.66,-109.16,0,0,0,0,0,0
0,0,0,2011139,-74.66,-109.16,0,0,0,0,0,0
0,0,0,2011140,-74.66,-109.16,0,0,0,0,0,0
0,0,0,2011141,-74.66,-109.16,0,0,0,0,0,0
0,0,0,2011142,-74.66,-109.16,1,0,0,0,12,5
0,0,0,2011143,-74.6606,-109.1589,0,0,0,0,0,0
0,0,0,2011144,-74.662,-109.156,0,0,0,0,0,0
0,0,0,2011145,-74.6639,-109.1521,0,0,0,0,0,0
0,0,0,2011146,-74.6661,-109.1479,0,0,0,0,0,0
0,0,0,2011147,-74.668,-109.144,0,0,0,0,0,0
0,0,0,2011148,-74.6694,-109.1411,0,0,0,0,0,0
0,0,0,2011149,-74.67,-109.14,1,0,0,0,13,5
0,0,0,2011150,-74.6694,-109.1406,0,0,0,0,0,0
0,0,0,2011151,-74.668,-109.142,0,0,0,0,0,0
0,0,0,2011152,-74.6661,-109.1439,0,0,0,0,0,0
0,0,0,2011153,-74.6639,-109.1461,0,0,0,0,0,0
0,0,0,2011154,-74.662,-109.148,0,0,0,0,0,0
0,0,0,2011155,-74.6606,-109.1494,0,0,0,0,0,0
0,0,0,2011156,-74.66,-109.15,1,0,0,0,12,6
0,0,0,2011157,-74.66,-109.15,0,0,0,0,0,0
0,0,0,2011158,-74.66,-109.15,0,0,0,0,0,0
0,0,0,2011159,-74.66,-109.15,0,0,0,0,0,0
0,0,0,2011160,-74.66,-109.15,0,0,0,0,0,0
0,0,0,2011161,-74.66,-109.15,0,0,0,0,0,0
0,0,0,2011162,-74.66,-109.15,0,0,0,0,0,0
0,0,0,2011163,-74.66,-109.15,1,0,0,0,12,6
0,0,0,2011164,-74.6617,-109.1506,0,0,0,0,0,0
0,0,0,2011165,-74.6659,-109.152,0,0,0,0,0,0
0,0,0,2011166,-74.6718,-109.1539,0,0,0,0,0,0
0,0,0,2011167,-74.6782,-109.1561,0,0,0,0,0,0
0,0,0,2011168,-74.6841,-109.158,0,0,0,0,0,0
0,0,0,2011169,-74.6883,-109.1594,0,0,0,0,0,0
0,0,0,2011170,-74.69,-109.16,1,0,0,0,12,6
0,0,0,2011171,-74.6883,-109.1594,0,0,0,0,0,0
0,0,0,2011172,-74.6841,-109.158,0,0,0,0,0,0
0,0,0,2011173,-74.6782,-109.1561,0,0,0,0,0,0
0,0,0,2011174,-74.6718,-109.1539,0,0,0,0,0,0
0,0,0,2011175,-74.6659,-109.152,0,0,0,0,0,0
0,0,0,2011176,-74.6617,-109.1506,0,0,0,0,0,0
0,0,0,2011177,-74.66,-109.15,1,0,0,0,12,6
0,0,0,2011178,-74.66,-109.15,0,0,0,0,0,0
0,0,0,2011179,-74.66,-109.15,0,0,0,0,0,0
0,0,0,2011180,-74.66,-109.15,0,0,0,0,0,0
0,0,0,2011181,-74.66,-109.15,0,0,0,0,0,0
0,0,0,2011182,-74.66,-109.15,0,0,0,0,0,0
0,0,0,2011183,-74.66,-109.15,0,0,0,0,0,0
0,0,0,2011184,-74.66,-109.15,1,0,0,0,12,6
0,0,0,2011185,-74.66,-109.15,0,0,0,0,0,0
0,0,0,2011186,-74.66,-109.15,0,0,0,0,0,0
0,0,0,2011187,-74.66,-109.15,0,0,0,0,0,0
0,0,0,2011188,-74.66,-109.15,0,0,0,0,0,0
0,0,0,2011189,-74.66,-109.15,0,0,0,0,0,0
0,0,0,2011190,-74.66,-109.15,0,0,0,0,0,0
0,0,0,2011191,-74.66,-109.15,1,0,0,0,12,6
0,0,0,2011192,-74.66,-109.15,0,0,0,0,0,0
0,0,0,2011193,-74.66,-109.15,0,0,0,0,0,0
0,0,0,2011194,-74.66,-109.15,0,0,0,0,0,0
0,0,0,2011195,-74.66,-109.15,0,0,0,0,0,0
0,0,0,2011196,-74.66,-109.15,0,0,0,0,0,0
0,0,0,2011197,-74.66,-109.15,0,0,0,0,0,0
0,0,0,2011198,-74.66,-109.15,1,0,0,0,12,6
0,0,0,2011199,-74.66,-109.15,0,0,0,0,0,0
0,0,0,2011200,-74.66,-109.15,0,0,0,0,0,0
0,0,0,2011201,-74.66,-109.15,0,0,0,0,0,0
0,0,0,2011202,-74.66,-109.15,0,0,0,0,0,0
0,0,0,2011203,-74.66,-109.15,0,0,0,0,0,0
0,0,0,2011204,-74.66,-109.15,0,0,0,0,0,0
0,0,0,2011205,-74.66,-109.15,1,0,0,0,12,6
0,0,0,2011206,-74.66,-109.15,0,0,0,0,0,0
0,0,0,2011207,-74.66,-109.15,0,0,0,0,0,0
0,0,0,2011208,-74.66,-109.15,0,0,0,0,0,0
0,0,0,2011209,-74.66,-109.15,0,0,0,0,0,0
0,0,0,2011210,-74.66,-109.15,0,0,0,0,0,0
0,0,0,2011211,-74.66,-109.15,0,0,0,0,0,0
0,0,0,2011212,-74.66,-109.15,1,0,0,0,12,6
0,0,0,2011213,-74.66,-109.15,0,0,0,0,0,0
0,0,0,2011214,-74.66,-109.15,0,0,0,0,0,0
0,0,0,2011215,-74.66,-109.15,0,0,0,0,0,0
0,0,0,2011216,-74.66,-109.15,0,0,0,0,0,0
0,0,0,2011217,-74.66,-109.15,0,0,0,0,0,0
0,0,0,2011218,-74.66,-109.15,0,0,0,0,0,0
0,0,0,2011219,-74.66,-109.15,1,0,0,0,12,6
0,0,0,2011220,-74.66,-109.15,0,0,0,0,0,0
0,0,0,2011221,-74.66,-109.15,0,0,0,0,0,0
0,0,0,2011222,-74.66,-109.15,0,0,0,0,0,0
0,0,0,2011223,-74.66,-109.15,0,0,0,0,0,0
0,0,0,2011224,-74.66,-109.15,0,0,0,0,0,0
0,0,0,2011225,-74.66,-109.15,0,0,0,0,0,0
0,0,0,2011226,-74.66,-109.15,1,0,0,0,12,6
0,0,0,2011227,-74.66,-109.15,0,0,0,0,0,0
0,0,0,2011228,-74.66,-109.15,0,0,0,0,0,0
0,0,0,2011229,-74.66,-109.15,0,0,0,0,0,0
0,0,0,2011230,-74.66,-109.15,0,0,0,0,0,0
0,0,0,2011231,-74.66,-109.15,0,0,0,0,0,0
0,0,0,2011232,-74.66,-109.15,0,0,0,0,0,0
0,0,0,2011233,-74.66,-109.15,1,0,0,0,12,6
0,0,0,2011234,-74.66,-109.15,0,0,0,0,0,0
0,0,0,2011235,-74.66,-109.15,0,0,0,0,0,0
0,0,0,2011236,-74.66,-109.15,0,0,0,0,0,0
0,0,0,2011237,-74.66,-109.15,0,0,0,0,0,0
0,0,0,2011238,-74.66,-109.15,0,0,0,0,0,0
0,0,0,2011239,-74.66,-109.15,0,0,0,0,0,0
0,0,0,2011240,-74.66,-109.15,1,0,0,0,12,6
0,0,0,2011241,-74.66,-109.15,0,0,0,0,0,0
0,0,0,2011242,-74.66,-109.15,0,0,0,0,0,0
0,0,0,2011243,-74.66,-109.15,0,0,0,0,0,0
0,0,0,2011244,-74.66,-109.15,0,0,0,0,0,0
0,0,0,2011245,-74.66,-109.15,0,0,0,0,0,0
0,0,0,2011246,-74.66,-109.15,0,0,0,0,0,0
0,0,0,2011247,-74.66,-109.15,1,0,0,0,12,6
0,0,0,2011248,-74.66,-109.15,0,0,0,0,0,0
0,0,0,2011249,-74.66,-109.15,0,0,0,0,0,0
0,0,0,2011250,-74.66,-109.15,0,0,0,0,0,0
0,0,0,2011251,-74.66,-109.15,0,0,0,0,0,0
0,0,0,2011252,-74.66,-109.15,0,0,0,0,0,0
0,0,0,2011253,-74.66,-109.15,0,0,0,0,0,0
0,0,0,2011254,-74.66,-109.15,1,0,0,0,12,6
0,0,0,2011255,-74.66,-109.1517,0,0,0,0,0,0
0,0,0,2011256,-74.66,-109.1559,0,0,0,0,0,0
0,0,0,2011257,-74.66,-109.1618,0,0,0,0,0,0
0,0,0,2011258,-74.66,-109.1682,0,0,0,0,0,0
0,0,0,2011259,-74.66,-109.1741,0,0,0,0,0,0
0,0,0,2011260,-74.66,-109.1783,0,0,0,0,0,0
0,0,0,2011261,-74.66,-109.18,1,0,0,0,12,6
0,0,0,2011262,-74.66,-109.18,0,0,0,0,0,0
0,0,0,2011263,-74.66,-109.18,0,0,0,0,0,0
0,0,0,2011264,-74.66,-109.18,0,0,0,0,0,0
0,0,0,2011265,-74.66,-109.18,0,0,0,0,0,0
0,0,0,2011266,-74.66,-109.18,0,0,0,0,0,0
0,0,0,2011267,-74.66,-109.18,0,0,0,0,0,0
0,0,0,2011268,-74.66,-109.18,1,0,0,0,12,6
0,0,0,2011269,-74.66,-109.18,0,0,0,0,0,0
0,0,0,2011270,-74.66,-109.18,0,0,0,0,0,0
0,0,0,2011271,-74.66,-109.18,0,0,0,0,0,0
0,0,0,2011272,-74.66,-109.18,0,0,0,0,0,0
0,0,0,2011273,-74.66,-109.18,0,0,0,0,0,0
0,0,0,2011274,-74.66,-109.18,0,0,0,0,0,0
0,0,0,2011275,-74.66,-109.18,1,0,0,0,12,6
0,0,0,2011276,-74.66,-109.18,0,0,0,0,0,0
0,0,0,2011277,-74.66,-109.18,0,0,0,0,0,0
0,0,0,2011278,-74.66,-109.18,0,0,0,0,0,0
0,0,0,2011279,-74.66,-109.18,0,0,0,0,0,0
0,0,0,2011280,-74.66,-109.18,0,0,0,0,0,0
0,0,0,2011281,-74.66,-109.18,0,0,0,0,0,0
0,0,0,2011282,-74.66,-109.18,1,0,0,0,12,6
0,0,0,2011283,-74.66,-109.18,0,0,0,0,0,0
0,0,0,2011284,-74.66,-109.18,0,0,0,0,0,0
0,0,0,2011285,-74.66,-109.18,0,0,0,0,0,0
0,0,0,2011286,-74.66,-109.18,0,0,0,0,0,0
0,0,0,2011287,-74.66,-109.18,0,0,0,0,0,0
0,0,0,2011288,-74.66,-109.18,0,0,0,0,0,0
0,0,0,2011289,-74.66,-109.18,1,0,0,0,12,6
0,0,0,2011290,-74.66,-109.1783,0,0,0,0,0,0
0,0,0,2011291,-74.66,-109.1741,0,0,0,0,0,0
0,0,0,2011292,-74.66,-109.1682,0,0,0,0,0,0
0,0,0,2011293,-74.66,-109.1618,0,0,0,0,0,0
0,0,0,2011294,-74.66,-109.1559,0,0,0,0,0,0
0,0,0,2011295,-74.66,-109.1517,0,0,0,0,0,0
0,0,0,2011296,-74.66,-109.15,1,0,0,0,12,5
0,0,0,2011297,-74.66,-109.15,0,0,0,0,0,0
0,0,0,2011298,-74.66,-109.15,0,0,0,0,0,0
0,0,0,2011299,-74.66,-109.15,0,0,0,0,0,0
0,0,0,2011300,-74.66,-109.15,0,0,0,0,0,0
0,0,0,2011301,-74.66,-109.15,0,0,0,0,0,0
0,0,0,2011302,-74.66,-109.15,0,0,0,0,0,0
0,0,0,2011303,-74.66,-109.15,1,0,0,0,12,5
0,0,0,2011304,-74.66,-109.1506,0,0,0,0,0,0
0,0,0,2011305,-74.66,-109.152,0,0,0,0,0,0
0,0,0,2011306,-74.66,-109.1539,0,0,0,0,0,0
0,0,0,2011307,-74.66,-109.1561,0,0,0,0,0,0
0,0,0,2011308,-74.66,-109.158,0,0,0,0,0,0
0,0,0,2011309,-74.66,-109.1594,0,0,0,0,0,0
0,0,0,2011310,-74.66,-109.16,1,0,0,0,12,5
0,0,0,2011311,-74.66,-109.16,0,0,0,0,0,0
0,0,0,2011312,-74.66,-109.16,0,0,0,0,0,0
0,0,0,2011313,-74.66,-109.16,0,0,0,0,0,0
0,0,0,2011314,-74.66,-109.16,0,0,0,0,0,0
0,0,0,2011315,-74.66,-109.16,0,0,0,0,0,0
0,0,0,2011316,-74.66,-109.16,0,0,0,0,0,0
0,0,0,2011317,-74.66,-109.16,1,0,0,0,12,5
0,0,0,2011318,-74.66,-109.16,0,0,0,0,0,0
0,0,0,2011319,-74.66,-109.16,0,0,0,0,0,0
0,0,0,2011320,-74.66,-109.16,0,0,0,0,0,0
0,0,0,2011321,-74.66,-109.16,0,0,0,0,0,0
0,0,0,2011322,-74.66,-109.16,0,0,0,0,0,0
0,0,0,2011323,-74.66,-109.16,0,0,0,0,0,0
0,0,0,2011324,-74.66,-109.16,1,0,0,0,12,5
0,0,0,2011325,-74.66,-109.16,0,0,0,0,0,0
0,0,0,2011326,-74.66,-109.16,0,0,0,0,0,0
0,0,0,2011327,-74.66,-109.16,0,0,0,0,0,0
0,0,0,2011328,-74.66,-109.16,0,0,0,0,0,0
0,0,0,2011329,-74.66,-109.16,0,0,0,0,0,0
0,0,0,2011330,-74.66,-109.16,0,0,0,0,0,0
0,0,0,2011331,-74.66,-109.16,1,0,0,0,12,5
0,0,0,2011332,-74.66,-109.16,0,0,0,0,0,0
0,0,0,2011333,-74.66,-109.16,0,0,0,0,0,0
0,0,0,2011334,-74.66,-109.16,0,0,0,0,0,0
0,0,0,2011335,-74.66,-109.16,0,0,0,0,0,0
0,0,0,2011336,-74.66,-109.16,0,0,0,0,0,0
0,0,0,2011337,-74.66,-109.16,0,0,0,0,0,0
0,0,0,2011338,-74.66,-109.16,1,0,0,0,12,5
0,0,0,2011339,-74.66,-109.16,0,0,0,0,0,0
0,0,0,2011340,-74.66,-109.16,0,0,0,0,0,0
0,0,0,2011341,-74.66,-109.16,0,0,0,0,0,0
0,0,0,2011342,-74.66,-109.16,0,0,0,0,0,0
0,0,0,2011343,-74.66,-109.16,0,0,0,0,0,0
0,0,0,2011344,-74.66,-109.16,0,0,0,0,0,0
0,0,0,2011345,-74.66,-109.16,1,0,0,0,12,5
0,0,0,2011346,-74.66,-109.16,0,0,0,0,0,0
0,0,0,2011347,-74.66,-109.16,0,0,0,0,0,0
0,0,0,2011348,-74.66,-109.16,0,0,0,0,0,0
0,0,0,2011349,-74.66,-109.16,0,0,0,0,0,0
0,0,0,2011350,-74.66,-109.16,0,0,0,0,0,0
0,0,0,2011351,-74.66,-109.16,0,0,0,0,0,0
0,0,0,2011352,-74.66,-109.16,1,0,0,0,12,5
0,0,0,2011353,-74.66,-109.16,0,0,0,0,0,0
0,0,0,2011354,-74.66,-109.16,0,0,0,0,0,0
0,0,0,2011355,-74.66,-109.16,0,0,0,0,0,0
0,0,0,2011356,-74.66,-109.16,0,0,0,0,0,0
0,0,0,2011357,-74.66,-109.16,0,0,0,0,0,0
0,0,0,2011358,-74.66,-109.16,0,0,0,0,0,0
0,0,0,2011359,-74.66,-109.16,1,0,0,0,12,5
0,0,0,2011360,-74.66,-109.1585,0,0,0,0,0,0
0,0,0,2011361,-74.66,-109.1547,0,0,0,0,0,0
0,0,0,2011362,-74.66,-109.1494,0,0,0,0,0,0
0,0,0,2011363,-74.66,-109.1435,0,0,0,0,0,0
0,0,0,2011364,-74.66,-109.1378,0,0,0,0,0,0
0,0,0,2011365,-74.66,-109.1331,0,0,0,0,0,0
0,0,0,2012001,-74.66,-109.13,1,0,0,0,12,5
0,0,0,2012002,-74.6594,-109.1317,0,0,0,0,0,0
0,0,0,2012003,-74.658,-109.1359,0,0,0,0,0,0
0,0,0,2012004,-74.6561,-109.1418,0,0,0,0,0,0
0,0,0,2012005,-74.6539,-109.1482,0,0,0,0,0,0
0,0,0,2012006,-74.652,-109.1541,0,0,0,0,0,0
0,0,0,2012007,-74.6506,-109.1583,0,0,0,0,0,0
0,0,0,2012008,-74.65,-109.16,1,0,0,0,12,5
0,0,0,2012009,-74.65,-109.1591,0,0,0,0,0,0
0,0,0,2012010,-74.65,-109.1568,0,0,0,0,0,0
0,0,0,2012011,-74.65,-109.1535,0,0,0,0,0,0
0,0,0,2012012,-74.65,-109.1497,0,0,0,0,0,0
0,0,0,2012013,-74.65,-109.1459,0,0,0,0,0,0
0,0,0,2012014,-74.65,-109.1425,0,0,0,0,0,0
0,0,0,2012015,-74.65,-109.14,1,0,0,0,12,5
0,0,0,2012016,-74.65,-109.138,0,0,0,0,0,0
0,0,0,2012017,-74.65,-109.1361,0,0,0,0,0,0
0,0,0,2012018,-74.65,-109.1342,0,0,0,0,0,0
0,0,0,2012019,-74.65,-109.1325,0,0,0,0,0,0
0,0,0,2012020,-74.65,-109.1312,0,0,0,0,0,0
0,0,0,2012021,-74.65,-109.1303,0,0,0,0,0,0
0,0,0,2012022,-74.65,-109.13,1,0,0,0,11,4
0,0,0,2012023,-74.65,-109.13,0,0,0,0,0,0
0,0,0,2012024,-74.65,-109.13,0,0,0,0,0,0
0,0,0,2012025,-74.65,-109.13,0,0,0,0,0,0
0,0,0,2012026,-74.65,-109.13,0,0,0,0,0,0
0,0,0,2012027,-74.65,-109.13,0,0,0,0,0,0
0,0,0,2012028,-74.65,-109.13,0,0,0,0,0,0
0,0,0,2012029,-74.65,-109.13,1,0,0,0,11,4
0,0,0,2012030,-74.65,-109.13,0,0,0,0,0,0
0,0,0,2012031,-74.65,-109.13,0,0,0,0,0,0
0,0,0,2012032,-74.65,-109.13,0,0,0,0,0,0
0,0,0,2012033,-74.65,-109.13,0,0,0,0,0,0
0,0,0,2012034,-74.65,-109.13,0,0,0,0,0,0
0,0,0,2012035,-74.65,-109.13,0,0,0,0,0,0
0,0,0,2012036,-74.65,-109.13,1,0,0,0,11,4
0,0,0,2012037,-74.65,-109.13,0,0,0,0,0,0
0,0,0,2012038,-74.65,-109.13,0,0,0,0,0,0
-74.6495,-109.2124,1,2012039,-74.65,-109.13,0,-74.6495,-109.2124,1,0,0
-74.6398,-109.3163,1,2012040,-74.65,-109.13,0,-74.6398,-109.3163,1,0,0
-74.6385,-109.2154,1,2012041,-74.65,-109.13,0,-74.6385,-109.2154,1,0,0
-74.6208,-109.2911,1,2012042,-74.65,-109.13,0,-74.6208,-109.2911,1,0,0
-74.5687,-109.1598,1,2012043,-74.65,-109.13,1,-74.5687,-109.1598,1,11,4
-74.5887,-109.1772,1,2012044,-74.65,-109.13,0,-74.5887,-109.1772,1,0,0
-74.6261,-109.1186,1,2012045,-74.65,-109.13,0,-74.6261,-109.1186,1,0,0
-74.6334,-109.1553,1,2012046,-74.65,-109.13,0,-74.6334,-109.1553,1,0,0
-74.6334,-109.1552,1,2012047,-74.65,-109.13,0,-74.6334,-109.1552,1,0,0
-74.6113,-109.1622,1,2012048,-74.65,-109.13,0,-74.6113,-109.1622,1,0,0
-74.6136,-109.1381,1,2012049,-74.65,-109.13,0,-74.6136,-109.1381,1,0,0
-74.6077,-109.1409,0,2012050,-74.65,-109.13,1,-74.6077,-109.1409,0,11,4
-74.6018,-109.1498,1,2012051,-74.65,-109.1296,0,-74.6018,-109.1498,1,0,0
-74.6018,-109.2661,1,2012052,-74.65,-109.1286,0,-74.6018,-109.2661,1,0,0
-74.6018,-109.2661,1,2012053,-74.65,-109.1271,0,-74.6018,-109.2661,1,0,0
-74.6018,-109.2661,1,2012054,-74.65,-109.1253,0,-74.6018,-109.2661,1,0,0
-74.6018,-109.2661,1,2012055,-74.65,-109.1234,0,-74.6018,-109.2661,1,0,0
-74.6018,-109.2661,1,2012056,-74.65,-109.1216,0,-74.6018,-109.2661,1,0,0
-74.6018,-109.2661,1,2012057,-74.65,-109.12,1,-74.6018,-109.2661,1,11,4
-74.6018,-109.2661,1,2012058,-74.65,-109.1184,0,-74.6018,-109.2661,1,0,0
-74.6018,-109.2661,1,2012059,-74.65,-109.1166,0,-74.6018,-109.2661,1,0,0
-74.607,-109.1877,0,2012060,-74.65,-109.1147,0,-74.607,-109.1877,0,0,0
-74.6121,-109.0374,1,2012061,-74.65,-109.1129,0,-74.6121,-109.0374,1,0,0
-74.5752,-108.8562,1,2012062,-74.65,-109.1114,0,-74.5752,-108.8562,1,0,0
-74.5901,-109.0454,1,2012063,-74.65,-109.1104,0,-74.5901,-109.0454,1,0,0
-74.6011,-109.0414,1,2012064,-74.65,-109.11,1,-74.6011,-109.0414,1,11,4
-74.601,-108.9251,1,2012065,-74.65,-109.11,0,-74.601,-108.9251,1,0,0
-74.6342,-109.0311,1,2012066,-74.65,-109.11,0,-74.6342,-109.0311,1,0,0
-74.6496,-109.0958,1,2012067,-74.65,-109.11,0,-74.6496,-109.0958,1,0,0
-74.6591,-109.1082,1,2012068,-74.65,-109.11,0,-74.6591,-109.1082,1,0,0
-74.6657,-109.1528,1,2012069,-74.65,-109.11,0,-74.6657,-109.1528,1,0,0
-74.6465,-109.2444,1,2012070,-74.65,-109.11,0,-74.6465,-109.2444,1,0,0
-74.6524,-109.2969,1,2012071,-74.65,-109.11,1,-74.6524,-109.2969,1,11,4
-74.5943,-109.2292,1,2012072,-74.65,-109.11,0,-74.5943,-109.2292,1,0,0
-74.5879,-109.1849,1,2012073,-74.65,-109.11,0,-74.5879,-109.1849,1,0,0
-74.5952,-109.2216,1,2012074,-74.65,-109.11,0,-74.5952,-109.2216,1,0,0
-74.5945,-109.2294,1,2012075,-74.65,-109.11,0,-74.5945,-109.2294,1,0,0
-74.5945,-109.2294,1,2012076,-74.65,-109.11,0,-74.5945,-109.2294,1,0,0
-74.582,-109.2488,1,2012077,-74.65,-109.11,0,-74.582,-109.2488,1,0,0
-74.5945,-109.2294,1,2012078,-74.65,-109.11,1,-74.5945,-109.2294,1,11,4
-74.582,-109.2488,1,2012079,-74.65,-109.1094,0,-74.582,-109.2488,1,0,0
-74.604,-109.2419,1,2012080,-74.65,-109.108,0,-74.604,-109.2419,1,0,0
-74.5915,-109.2613,1,2012081,-74.65,-109.1061,0,-74.5915,-109.2613,1,0,0
-74.5974,-109.1974,1,2012082,-74.65,-109.1039,0,-74.5974,-109.1974,1,0,0
-74.5665,-109.184,1,2012083,-74.65,-109.102,0,-74.5665,-109.184,1,0,0
-74.5349,-109.2943,1,2012084,-74.65,-109.1006,0,-74.5349,-109.2943,1,0,0
-74.543,-109.3225,1,2012085,-74.65,-109.1,1,-74.543,-109.3225,1,11,4
-74.5829,-109.1243,1,2012086,-74.65,-109.1,0,-74.5829,-109.1243,1,0,0
-74.6313,-108.9459,1,2012087,-74.65,-109.1,0,-74.6313,-108.9459,1,0,0
-74.6503,-109.088,1,2012088,-74.65,-109.1,0,-74.6503,-109.088,1,0,0
-74.6311,-109.1794,1,2012089,-74.65,-109.1,0,-74.6311,-109.1794,1,0,0
-74.6231,-109.1505,1,2012090,-74.65,-109.1,0,-74.6231,-109.1505,1,0,0
-74.6364,-109.1232,1,2012091,-74.65,-109.1,0,-74.6364,-109.1232,1,0,0
-74.6326,-109.0465,1,2012092,-74.65,-109.1,1,-74.6326,-109.0465,1,11,4
-74.6084,-109.0779,1,2012093,-74.6506,-109.1006,0,-74.6084,-109.0779,1,0,0
-74.6195,-108.9577,1,2012094,-74.652,-109.102,0,-74.6195,-108.9577,1,0,0
-74.6047,-108.8853,1,2012095,-74.6539,-109.1039,0,-74.6047,-108.8853,1,0,0
-74.6092,-108.9539,1,2012096,-74.6561,-109.1061,0,-74.6092,-108.9539,1,0,0
-74.615,-109.0061,1,2012097,-74.658,-109.108,0,-74.615,-109.0061,1,0,0
-74.6364,-109.0068,1,2012098,-74.6594,-109.1094,0,-74.6364,-109.0068,1,0,0
-74.64,-108.9668,1,2012099,-74.66,-109.11,1,-74.64,-108.9668,1,11,4
-74.7018,-109.2276,1,2012100,-74.66,-109.11,0,-74.7018,-109.2276,1,0,0
-74.7317,-109.2488,1,2012101,-74.66,-109.11,0,-74.7317,-109.2488,1,0,0
-74.7353,-109.3258,1,2012102,-74.66,-109.11,0,-74.7353,-109.3258,1,0,0
-74.7464,-109.2047,1,2012103,-74.66,-109.11,0,-74.7464,-109.2047,1,0,0
-74.739,-109.2857,1,2012104,-74.66,-109.11,0,-74.739,-109.2857,1,0,0
-74.7289,-109.327,0,2012105,-74.66,-109.11,0,-74.7289,-109.327,0,0,0
-74.7227,-109.3453,1,2012106,-74.66,-109.11,1,-74.7227,-109.3453,1,11,4
-74.7302,-109.1472,1,2012107,-74.66,-109.11,0,-74.7302,-109.1472,1,0,0
-74.7545,-109.2339,1,2012108,-74.66,-109.11,0,-74.7545,-109.2339,1,0,0
-74.7633,-109.1369,1,2012109,-74.66,-109.11,0,-74.7633,-109.1369,1,0,0
-74.7647,-109.2386,1,2012110,-74.66,-109.11,0,-74.7647,-109.2386,1,0,0
-74.7508,-109.1566,1,2012111,-74.66,-109.11,0,-74.7508,-109.1566,1,0,0
-74.7588,-109.3033,1,2012112,-74.66,-109.11,0,-74.7588,-109.3033,1,0,0
-74.7346,-109.2164,1,2012113,-74.66,-109.11,1,-74.7346,-109.2164,1,11,4
-74.7479,-109.1889,1,2012114,-74.66,-109.11,0,-74.7479,-109.1889,1,0,0
-74.7663,-109.1046,1,2012115,-74.66,-109.11,0,-74.7663,-109.1046,1,0,0
-74.7581,-109.1936,1,2012116,-74.66,-109.11,0,-74.7581,-109.1936,1,0,0
-74.7412,-109.144,1,2012117,-74.66,-109.11,0,-74.7412,-109.144,1,0,0
-74.7456,-109.2133,1,2012118,-74.66,-109.11,0,-74.7456,-109.2133,1,0,0
-74.7346,-109.0992,1,2012119,-74.66,-109.11,0,-74.7346,-109.0992,1,0,0
-74.7559,-109.3356,1,2012120,-74.66,-109.11,1,-74.7559,-109.3356,1,11,4
-74.7243,-109.2116,1,2012121,-74.66,-109.11,0,-74.7243,-109.2116,1,0,0
-74.7228,-109.3454,1,2012122,-74.66,-109.11,0,-74.7228,-109.3454,1,0,0
-74.764,-109.2465,1,2012123,-74.66,-109.11,0,-74.764,-109.2465,1,0,0
-74.7669,-109.2142,1,2012124,-74.66,-109.11,0,-74.7669,-109.2142,1,0,0
-74.7448,-109.2211,1,2012125,-74.66,-109.11,0,-74.7448,-109.2211,1,0,0
-74.7103,-109.2477,1,2012126,-74.66,-109.11,0,-74.7103,-109.2477,1,0,0
-74.756,-109.1,1,2012127,-74.66,-109.11,1,-74.756,-109.1,1,11,4
-74.7449,-109.1039,1,2012128,-74.66,-109.11,0,-74.7449,-109.1039,1,0,0
-74.7449,-109.1039,1,2012129,-74.66,-109.11,0,-74.7449,-109.1039,1,0,0
-74.7412,-109.0267,1,2012130,-74.66,-109.11,0,-74.7412,-109.0267,1,0,0
-74.717,-109.0584,1,2012131,-74.66,-109.11,0,-74.717,-109.0584,1,0,0
-74.6972,-109.0413,1,2012132,-74.66,-109.11,0,-74.6972,-109.0413,1,0,0
-74.6935,-108.9644,1,2012133,-74.66,-109.11,0,-74.6935,-108.9644,1,0,0
-74.7082,-109.1552,1,2012134,-74.66,-109.11,1,-74.7082,-109.1552,1,11,4
-74.7252,-109.0867,1,2012135,-74.66,-109.11,0,-74.7252,-109.0867,1,0,0
-74.6942,-109.0734,1,2012136,-74.66,-109.11,0,-74.6942,-109.0734,1,0,0
-74.6898,-108.8876,1,2012137,-74.66,-109.11,0,-74.6898,-108.8876,1,0,0
-74.7008,-108.8843,1,2012138,-74.66,-109.11,0,-74.7008,-108.8843,1,0,0
-74.6874,-108.795,1,2012139,-74.66,-109.11,0,-74.6874,-108.795,1,0,0
-74.6861,-108.9284,1,2012140,-74.66,-109.11,0,-74.6861,-108.9284,1,0,0
-74.6964,-108.8153,1,2012141,-74.66,-109.11,1,-74.6964,-108.8153,1,11,4
-74.6766,-108.916,1,2012142,-74.6633,-109.1216,0,-74.6766,-108.916,1,0,0
-74.6638,-108.7016,1,2012143,-74.6719,-109.1516,0,-74.6638,-108.7016,1,0,0
-74.644,-108.6858,1,2012144,-74.6836,-109.1927,0,-74.644,-108.6858,1,0,0
-74.6507,-108.7303,1,2012145,-74.6964,-109.2373,0,-74.6507,-108.7303,1,0,0
-74.6825,-108.8518,1,2012146,-74.7081,-109.2784,0,-74.6825,-108.8518,1,0,0
-74.6846,-108.8273,1,2012147,-74.7167,-109.3084,0,-74.6846,-108.8273,1,0,0
-74.6891,-108.8962,1,2012148,-74.72,-109.32,1,-74.6891,-108.8962,1,11,4
-74.6875,-108.7951,1,2012149,-74.72,-109.32,0,-74.6875,-108.7951,1,0,0
-74.6795,-108.8838,1,2012150,-74.72,-109.32,0,-74.6795,-108.8838,1,0,0
-74.6817,-108.8595,1,2012151,-74.72,-109.32,0,-74.6817,-108.8595,1,0,0
-74.6729,-108.9561,1,2012152,-74.72,-109.32,0,-74.6729,-108.9561,1,0,0
-74.6101,-108.7047,1,2012153,-74.72,-109.32,0,-74.6101,-108.7047,1,0,0
-74.628,-108.7458,1,2012154,-74.72,-109.32,0,-74.628,-108.7458,1,0,0
-74.6174,-108.625,1,2012155,-74.72,-109.32,1,-74.6174,-108.625,1,11,4
-74.6508,-108.7304,1,2012156,-74.72,-109.32,0,-74.6508,-108.7304,1,0,0
-74.6796,-108.884,1,2012157,-74.72,-109.32,0,-74.6796,-108.884,1,0,0
-74.6796,-108.884,1,2012158,-74.72,-109.32,0,-74.6796,-108.884,1,0,0
-74.6796,-108.884,1,2012159,-74.72,-109.32,0,-74.6796,-108.884,1,0,0
-74.6796,-108.884,1,2012160,-74.72,-109.32,0,-74.6796,-108.884,1,0,0
-74.6796,-108.884,1,2012161,-74.72,-109.32,0,-74.6796,-108.884,1,0,0
-74.6796,-108.884,1,2012162,-74.72,-109.32,1,-74.6796,-108.884,1,11,4
-74.6796,-108.884,1,2012163,-74.72,-109.32,0,-74.6796,-108.884,1,0,0
-74.6796,-108.884,1,2012164,-74.72,-109.32,0,-74.6796,-108.884,1,0,0
-74.6796,-108.884,1,2012165,-74.72,-109.32,0,-74.6796,-108.884,1,0,0
-74.6796,-108.884,1,2012166,-74.72,-109.32,0,-74.6796,-108.884,1,0,0
-74.6729,-108.9561,1,2012167,-74.72,-109.32,0,-74.6729,-108.9561,1,0,0
-74.6627,-108.9515,1,2012168,-74.72,-109.32,0,-74.6627,-108.9515,1,0,0
-74.7047,-109.0783,1,2012169,-74.72,-109.32,1,-74.7047,-109.0783,1,11,4
-74.6884,-109.1378,1,2012170,-74.7191,-109.3129,0,-74.6884,-109.1378,1,0,0
-74.7031,-109.0939,1,2012171,-74.7165,-109.2935,0,-74.7031,-109.0939,1,0,0
-74.72,-109.1433,1,2012172,-74.7126,-109.2646,0,-74.72,-109.1433,1,0,0
-74.706,-109.0616,1,2012173,-74.7077,-109.229,0,-74.706,-109.0616,1,0,0
-74.7104,-109.1308,1,2012174,-74.7021,-109.1895,0,-74.7104,-109.1308,1,0,0
-74.6957,-108.94,1,2012175,-74.6961,-109.1489,0,-74.6957,-108.94,1,0,0
-74.698,-109.0335,1,2012176,-74.69,-109.11,1,-74.698,-109.0335,1,11,4
-74.6978,-109.0395,0,2012177,-74.6817,-109.0639,0,-74.6978,-109.0395,0,0,0
-74.6972,-109.0413,1,2012178,-74.67,-109.0047,0,-74.6972,-109.0413,1,0,0
-74.6898,-108.8876,1,2012179,-74.6566,-108.9398,0,-74.6898,-108.8876,1,0,0
-74.6883,-108.9041,1,2012180,-74.6431,-108.8766,0,-74.6883,-108.9041,1,0,0
-74.6942,-108.8397,1,2012181,-74.6314,-108.8223,0,-74.6942,-108.8397,1,0,0
-74.709,-109.0303,1,2012182,-74.6231,-108.7843,0,-74.709,-109.0303,1,0,0
-74.7163,-109.0663,1,2012183,-74.62,-108.77,1,-74.7163,-109.0663,1,11,4
-74.7038,-109.086,1,2012184,-74.62,-108.77,0,-74.7038,-109.086,1,0,0
-74.7163,-109.0663,1,2012185,-74.62,-108.77,0,-74.7163,-109.0663,1,0,0
-74.7193,-109.0341,1,2012186,-74.62,-108.77,0,-74.7193,-109.0341,1,0,0
-74.7229,-108.9939,1,2012187,-74.62,-108.77,0,-74.7229,-108.9939,1,0,0
-74.7045,-109.0781,1,2012188,-74.62,-108.77,0,-74.7045,-109.0781,1,0,0
-74.7222,-109.0018,1,2012189,-74.62,-108.77,0,-74.7222,-109.0018,1,0,0
-74.7383,-108.9418,1,2012190,-74.62,-108.77,1,-74.7383,-108.9418,1,11,4
-74.7398,-109.0433,1,2012191,-74.62,-108.77,0,-74.7398,-109.0433,1,0,0
-74.7324,-109.0063,1,2012192,-74.62,-108.77,0,-74.7324,-109.0063,1,0,0
-74.7324,-109.0063,1,2012193,-74.62,-108.77,0,-74.7324,-109.0063,1,0,0
-74.7324,-109.0063,1,2012194,-74.62,-108.77,0,-74.7324,-109.0063,1,0,0
-74.7324,-109.0063,1,2012195,-74.62,-108.77,0,-74.7324,-109.0063,1,0,0
-74.7324,-109.0063,1,2012196,-74.62,-108.77,0,-74.7324,-109.0063,1,0,0
-74.7324,-109.0063,1,2012197,-74.62,-108.77,1,-74.7324,-109.0063,1,11,4
-74.7324,-109.0063,1,2012198,-74.62,-108.77,0,-74.7324,-109.0063,1,0,0
-74.7324,-109.0063,1,2012199,-74.62,-108.77,0,-74.7324,-109.0063,1,0,0
-74.7324,-109.0063,1,2012200,-74.62,-108.77,0,-74.7324,-109.0063,1,0,0
-74.7324,-109.0063,1,2012201,-74.62,-108.77,0,-74.7324,-109.0063,1,0,0
-74.7324,-109.0063,1,2012202,-74.62,-108.77,0,-74.7324,-109.0063,1,0,0
-74.7324,-109.0063,1,2012203,-74.62,-108.77,0,-74.7324,-109.0063,1,0,0
-74.6617,-108.4837,1,2012204,-74.62,-108.77,1,-74.6617,-108.4837,1,11,4
-74.6895,-108.6547,1,2012205,-74.62,-108.77,0,-74.6895,-108.6547,1,0,0
-74.7021,-108.7516,1,2012206,-74.62,-108.77,0,-74.7021,-108.7516,1,0,0
-74.7021,-108.7516,1,2012207,-74.62,-108.77,0,-74.7021,-108.7516,1,0,0
-74.7021,-108.7516,1,2012208,-74.62,-108.77,0,-74.7021,-108.7516,1,0,0
-74.7021,-108.7516,1,2012209,-74.62,-108.77,0,-74.7021,-108.7516,1,0,0
-74.7021,-108.7516,1,2012210,-74.62,-108.77,0,-74.7021,-108.7516,1,0,0
-74.7021,-108.7516,1,2012211,-74.62,-108.77,1,-74.7021,-108.7516,1,11,4
-74.7045,-108.763,0,2012212,-74.62,-108.77,0,-74.7045,-108.763,0,0,0
-74.7106,-108.7932,0,2012213,-74.62,-108.77,0,-74.7106,-108.7932,0,0,0
-74.7184,-108.8363,0,2012214,-74.62,-108.77,0,-74.7184,-108.8363,0,0,0
-74.7262,-108.8862,0,2012215,-74.62,-108.77,0,-74.7262,-108.8862,0,0,0
-74.7323,-108.9371,0,2012216,-74.62,-108.77,0,-74.7323,-108.9371,0,0,0
-74.7347,-108.9829,1,2012217,-74.62,-108.77,0,-74.7347,-108.9829,1,0,0
-74.7199,-109.0261,1,2012218,-74.62,-108.77,1,-74.7199,-109.0261,1,11,4
-74.7008,-109.0012,1,2012219,-74.62,-108.77,0,-74.7008,-109.0012,1,0,0
-74.6884,-109.021,1,2012220,-74.62,-108.77,0,-74.6884,-109.021,1,0,0
-74.6884,-109.021,1,2012221,-74.62,-108.77,0,-74.6884,-109.021,1,0,0
-74.7134,-109.0986,1,2012222,-74.62,-108.77,0,-74.7134,-109.0986,1,0,0
-74.7134,-109.0986,1,2012223,-74.62,-108.77,0,-74.7134,-109.0986,1,0,0
-74.7134,-109.0986,1,2012224,-74.62,-108.77,0,-74.7134,-109.0986,1,0,0
-74.7134,-109.0986,1,2012225,-74.62,-108.77,1,-74.7134,-109.0986,1,11,4
-74.7038,-109.086,1,2012226,-74.62,-108.77,0,-74.7038,-109.086,1,0,0
-74.6972,-109.0413,1,2012227,-74.62,-108.77,0,-74.6972,-109.0413,1,0,0
-74.7009,-109.1183,1,2012228,-74.62,-108.77,0,-74.7009,-109.1183,1,0,0
-74.7008,-109.2352,1,2012229,-74.62,-108.77,0,-74.7008,-109.2352,1,0,0
-74.706,-109.1787,1,2012230,-74.62,-108.77,0,-74.706,-109.1787,1,0,0
-74.7127,-109.1064,1,2012231,-74.62,-108.77,0,-74.7127,-109.1064,1,0,0
-74.7171,-109.0577,0,2012232,-74.62,-108.77,1,-74.7171,-109.0577,0,11,4
-74.7193,-109.0341,1,2012233,-74.62,-108.77,0,-74.7193,-109.0341,1,0,0
-74.7193,-109.0341,1,2012234,-74.62,-108.77,0,-74.7193,-109.0341,1,0,0
-74.7193,-109.0341,1,2012235,-74.62,-108.77,0,-74.7193,-109.0341,1,0,0
-74.7258,-108.9616,1,2012236,-74.62,-108.77,0,-74.7258,-108.9616,1,0,0
-74.7324,-108.8892,1,2012237,-74.62,-108.77,0,-74.7324,-108.8892,1,0,0
-74.7389,-108.8166,1,2012238,-74.62,-108.77,0,-74.7389,-108.8166,1,0,0
-74.7454,-108.744,1,2012239,-74.62,-108.77,1,-74.7454,-108.744,1,11,4
-74.7133,-108.9821,1,2012240,-74.62,-108.77,0,-74.7133,-108.9821,1,0,0
-74.7279,-108.82,1,2012241,-74.62,-108.77,0,-74.7279,-108.82,1,0,0
-74.689,-108.8961,1,2012242,-74.62,-108.77,0,-74.689,-108.8961,1,0,0
-74.7046,-108.9612,1,2012243,-74.62,-108.77,0,-74.7046,-108.9612,1,0,0
-74.6751,-108.9317,1,2012244,-74.62,-108.77,0,-74.6751,-108.9317,1,0,0
-74.6685,-108.8872,1,2012245,-74.62,-108.77,0,-74.6685,-108.8872,1,0,0
-74.6568,-108.8992,1,2012246,-74.62,-108.77,1,-74.6568,-108.8992,1,11,4
-74.6656,-108.9194,1,2012247,-74.62,-108.77,0,-74.6656,-108.9194,1,0,0
-74.6635,-109.0604,1,2012248,-74.62,-108.77,0,-74.6635,-109.0604,1,0,0
-74.6841,-109.0689,1,2012249,-74.62,-108.77,0,-74.6841,-109.0689,1,0,0
-74.7039,-109.086,1,2012250,-74.62,-108.77,0,-74.7039,-109.086,1,0,0
-74.6884,-109.1378,1,2012251,-74.62,-108.77,0,-74.6884,-109.1378,1,0,0
-74.6781,-109.1332,1,2012252,-74.62,-108.77,0,-74.6781,-109.1332,1,0,0
-74.7009,-109.2353,1,2012253,-74.62,-108.77,1,-74.7009,-109.2353,1,11,4
-74.6935,-109.1983,1,2012254,-74.6217,-108.7872,0,-74.6935,-109.1983,1,0,0
-74.6832,-109.0767,1,2012255,-74.6259,-108.8315,0,-74.6832,-109.0767,1,0,0
-74.6832,-109.0767,1,2012256,-74.6318,-108.892,0,-74.6832,-109.0767,1,0,0
-74.6832,-109.0767,1,2012257,-74.6382,-108.958,0,-74.6832,-109.0767,1,0,0
-74.6832,-109.0767,1,2012258,-74.6441,-109.0185,0,-74.6832,-109.0767,1,0,0
-74.6832,-109.0767,1,2012259,-74.6483,-109.0628,0,-74.6832,-109.0767,1,0,0
-74.6832,-109.0767,1,2012260,-74.65,-109.08,1,-74.6832,-109.0767,1,11,4
-74.6936,-109.0814,1,2012261,-74.65,-109.08,0,-74.6936,-109.0814,1,0,0
-74.6936,-109.0814,1,2012262,-74.65,-109.08,0,-74.6936,-109.0814,1,0,0
-74.6936,-109.0814,1,2012263,-74.65,-109.08,0,-74.6936,-109.0814,1,0,0
-74.6936,-109.0814,1,2012264,-74.65,-109.08,0,-74.6936,-109.0814,1,0,0
-74.6936,-109.0814,1,2012265,-74.65,-109.08,0,-74.6936,-109.0814,1,0,0
-74.6936,-109.0814,1,2012266,-74.65,-109.08,0,-74.6936,-109.0814,1,0,0
-74.6936,-109.0814,1,2012267,-74.65,-109.08,1,-74.6936,-109.0814,1,11,4
-74.6818,-109.0932,1,2012268,-74.65,-109.08,0,-74.6818,-109.0932,1,0,0
-74.7193,-109.1513,1,2012269,-74.65,-109.08,0,-74.7193,-109.1513,1,0,0
-74.6905,-109.1134,1,2012270,-74.65,-109.08,0,-74.6905,-109.1134,1,0,0
-74.7002,-109.1261,1,2012271,-74.65,-109.08,0,-74.7002,-109.1261,1,0,0
-74.6935,-109.0813,1,2012272,-74.65,-109.08,0,-74.6935,-109.0813,1,0,0
-74.6935,-109.0813,1,2012273,-74.65,-109.08,0,-74.6935,-109.0813,1,0,0
-74.6935,-109.0813,1,2012274,-74.65,-109.08,1,-74.6935,-109.0813,1,11,4
-74.7193,-109.0341,1,2012275,-74.65,-109.08,0,-74.7193,-109.0341,1,0,0
-74.7193,-109.0341,0,2012276,-74.65,-109.08,0,-74.7193,-109.0341,0,0,0
-74.7193,-109.0341,0,2012277,-74.65,-109.08,0,-74.7193,-109.0341,0,0,0
-74.7193,-109.0341,1,2012278,-74.65,-109.08,0,-74.7193,-109.0341,1,0,0
-74.7193,-109.0341,1,2012279,-74.65,-109.08,0,-74.7193,-109.0341,1,0,0
-74.7193,-109.0341,1,2012280,-74.65,-109.08,0,-74.7193,-109.0341,1,0,0
-74.7193,-109.0341,1,2012281,-74.65,-109.08,1,-74.7193,-109.0341,1,11,4
-74.7362,-109.0835,1,2012282,-74.65,-109.08,0,-74.7362,-109.0835,1,0,0
-74.7325,-109.1236,1,2012283,-74.65,-109.08,0,-74.7325,-109.1236,1,0,0
-74.7199,-109.1433,1,2012284,-74.65,-109.08,0,-74.7199,-109.1433,1,0,0
-74.7038,-109.203,1,2012285,-74.65,-109.08,0,-74.7038,-109.203,1,0,0
-74.7097,-109.2557,1,2012286,-74.65,-109.08,0,-74.7097,-109.2557,1,0,0
-74.7155,-109.1912,1,2012287,-74.65,-109.08,0,-74.7155,-109.1912,1,0,0
-74.7038,-109.203,1,2012288,-74.65,-109.08,1,-74.7038,-109.203,1,11,4
-74.6906,-109.2304,1,2012289,-74.65,-109.08,0,-74.6906,-109.2304,1,0,0
-74.7133,-109.3328,1,2012290,-74.65,-109.08,0,-74.7133,-109.3328,1,0,0
-74.7089,-109.2635,1,2012291,-74.65,-109.08,0,-74.7089,-109.2635,1,0,0
-74.7192,-109.2683,1,2012292,-74.65,-109.08,0,-74.7192,-109.2683,1,0,0
-74.7317,-109.2487,1,2012293,-74.65,-109.08,0,-74.7317,-109.2487,1,0,0
-74.7293,-109.3903,1,2012294,-74.65,-109.08,0,-74.7293,-109.3903,1,0,0
-74.7338,-109.3416,1,2012295,-74.65,-109.08,1,-74.7338,-109.3416,1,11,4
-74.7338,-109.3416,1,2012296,-74.65,-109.08,0,-74.7338,-109.3416,1,0,0
-74.7338,-109.3416,1,2012297,-74.65,-109.08,0,-74.7338,-109.3416,1,0,0
-74.7338,-109.3416,1,2012298,-74.65,-109.08,0,-74.7338,-109.3416,1,0,0
-74.7338,-109.3416,1,2012299,-74.65,-109.08,0,-74.7338,-109.3416,1,0,0
-74.7338,-109.3416,1,2012300,-74.65,-109.08,0,-74.7338,-109.3416,1,0,0
-74.7338,-109.3416,1,2012301,-74.65,-109.08,0,-74.7338,-109.3416,1,0,0
-74.7338,-109.3416,1,2012302,-74.65,-109.08,1,-74.7338,-109.3416,1,11,4
-74.7375,-109.3015,1,2012303,-74.65,-109.08,0,-74.7375,-109.3015,1,0,0
-74.7448,-109.3386,1,2012304,-74.65,-109.08,0,-74.7448,-109.3386,1,0,0
-74.7434,-109.2369,1,2012305,-74.65,-109.08,0,-74.7434,-109.2369,1,0,0
-74.7221,-109.236,1,2012306,-74.65,-109.08,0,-74.7221,-109.236,1,0,0
-74.7317,-109.2487,1,2012307,-74.65,-109.08,0,-74.7317,-109.2487,1,0,0
-74.7353,-109.3258,1,2012308,-74.65,-109.08,0,-74.7353,-109.3258,1,0,0
-74.7434,-109.237,1,2012309,-74.65,-109.08,1,-74.7434,-109.237,1,11,4
-74.7382,-109.2936,1,2012310,-74.65,-109.08,0,-74.7382,-109.2936,1,0,0
-74.7191,-109.2682,1,2012311,-74.65,-109.08,0,-74.7191,-109.2682,1,0,0
-74.7258,-109.3132,1,2012312,-74.65,-109.08,0,-74.7258,-109.3132,1,0,0
-74.7214,-109.2439,1,2012313,-74.65,-109.08,0,-74.7214,-109.2439,1,0,0
-74.7293,-109.3903,1,2012314,-74.65,-109.08,0,-74.7293,-109.3903,1,0,0
-74.7434,-109.3543,1,2012315,-74.65,-109.08,0,-74.7434,-109.3543,1,0,0
-74.7255,-109.4303,1,2012316,-74.65,-109.08,1,-74.7255,-109.4303,1,11,4
-74.7213,-109.3611,1,2012317,-74.65,-109.08,0,-74.7213,-109.3611,1,0,0
-74.728,-109.2888,1,2012318,-74.65,-109.08,0,-74.728,-109.2888,1,0,0
-74.7317,-109.2487,1,2012319,-74.65,-109.08,0,-74.7317,-109.2487,1,0,0
-74.7317,-109.2487,1,2012320,-74.65,-109.08,0,-74.7317,-109.2487,1,0,0
-74.7317,-109.2487,1,2012321,-74.65,-109.08,0,-74.7317,-109.2487,1,0,0
-74.7317,-109.2487,1,2012322,-74.65,-109.08,0,-74.7317,-109.2487,1,0,0
-74.7317,-109.2487,1,2012323,-74.65,-109.08,1,-74.7317,-109.2487,1,11,4
-74.7376,-109.1842,1,2012324,-74.65,-109.08,0,-74.7376,-109.1842,1,0,0
-74.7376,-109.1842,1,2012325,-74.65,-109.08,0,-74.7376,-109.1842,1,0,0
-74.7376,-109.1842,1,2012326,-74.65,-109.08,0,-74.7376,-109.1842,1,0,0
-74.7376,-109.1842,1,2012327,-74.65,-109.08,0,-74.7376,-109.1842,1,0,0
-74.7376,-109.1842,1,2012328,-74.65,-109.08,0,-74.7376,-109.1842,1,0,0
-74.7376,-109.1842,1,2012329,-74.65,-109.08,0,-74.7376,-109.1842,1,0,0
-74.7376,-109.1842,1,2012330,-74.65,-109.08,1,-74.7376,-109.1842,1,11,4
-74.7309,-109.0221,1,2012331,-74.65,-109.08,0,-74.7309,-109.0221,1,0,0
-74.7207,-109.1354,1,2012332,-74.65,-109.08,0,-74.7207,-109.1354,1,0,0
-74.7163,-109.1834,1,2012333,-74.65,-109.08,0,-74.7163,-109.1834,1,0,0
-74.742,-109.2535,1,2012334,-74.65,-109.08,0,-74.742,-109.2535,1,0,0
-74.731,-109.1393,1,2012335,-74.65,-109.08,0,-74.731,-109.1393,1,0,0
-74.7354,-109.2086,1,2012336,-74.65,-109.08,0,-74.7354,-109.2086,1,0,0
-74.7287,-109.1637,1,2012337,-74.65,-109.08,1,-74.7287,-109.1637,1,11,4
-74.7133,-109.2156,1,2012338,-74.65,-109.08,0,-74.7133,-109.2156,1,0,0
-74.7133,-109.2156,1,2012339,-74.65,-109.08,0,-74.7133,-109.2156,1,0,0
-74.7133,-109.2156,1,2012340,-74.65,-109.08,0,-74.7133,-109.2156,1,0,0
-74.7133,-109.2156,1,2012341,-74.65,-109.08,0,-74.7133,-109.2156,1,0,0
-74.7133,-109.2156,1,2012342,-74.65,-109.08,0,-74.7133,-109.2156,1,0,0
-74.7133,-109.2156,1,2012343,-74.65,-109.08,0,-74.7133,-109.2156,1,0,0
-74.7133,-109.2156,1,2012344,-74.65,-109.08,1,-74.7133,-109.2156,1,11,4
-74.706,-109.1786,1,2012345,-74.65,-109.08,0,-74.706,-109.1786,1,0,0
-74.706,-109.1786,1,2012346,-74.65,-109.08,0,-74.706,-109.1786,1,0,0
-74.706,-109.1786,1,2012347,-74.65,-109.08,0,-74.706,-109.1786,1,0,0
-74.706,-109.1786,1,2012348,-74.65,-109.08,0,-74.706,-109.1786,1,0,0
-74.706,-109.1786,1,2012349,-74.65,-109.08,0,-74.706,-109.1786,1,0,0
-74.706,-109.1786,1,2012350,-74.65,-109.08,0,-74.706,-109.1786,1,0,0
-74.706,-109.1786,1,2012351,-74.65,-109.08,1,-74.706,-109.1786,1,11,4
-74.706,-109.1786,1,2012352,-74.65,-109.08,0,-74.706,-109.1786,1,0,0
-74.706,-109.1786,1,2012353,-74.65,-109.08,0,-74.706,-109.1786,1,0,0
-74.706,-109.1786,1,2012354,-74.65,-109.08,0,-74.706,-109.1786,1,0,0
-74.706,-109.1786,1,2012355,-74.65,-109.08,0,-74.706,-109.1786,1,0,0
-74.706,-109.1786,1,2012356,-74.65,-109.08,0,-74.706,-109.1786,1,0,0
-74.706,-109.1786,1,2012357,-74.65,-109.08,0,-74.706,-109.1786,1,0,0
-74.706,-109.1786,1,2012358,-74.65,-109.08,1,-74.706,-109.1786,1,11,4
-74.706,-109.1786,1,2012359,-74.65,-109.08,0,-74.706,-109.1786,1,0,0
-74.706,-109.1786,1,2012360,-74.65,-109.08,0,-74.706,-109.1786,1,0,0
-74.7068,-109.1708,1,2012361,-74.65,-109.08,0,-74.7068,-109.1708,1,0,0
-74.7068,-109.1708,1,2012362,-74.65,-109.08,0,-74.7068,-109.1708,1,0,0
-74.7068,-109.1708,1,2012363,-74.65,-109.08,0,-74.7068,-109.1708,1,0,0
-74.7068,-109.1708,1,2012364,-74.65,-109.08,0,-74.7068,-109.1708,1,0,0
-74.7068,-109.1708,1,2012365,-74.65,-109.08,1,-74.7068,-109.1708,1,11,4
-74.7068,-109.1708,1,2012366,-74.65,-109.08,0,-74.7068,-109.1708,1,0,0
-74.7068,-109.1708,1,2013001,-74.65,-109.08,0,-74.7068,-109.1708,1,0,0
-74.7068,-109.1708,1,2013002,-74.65,-109.08,0,-74.7068,-109.1708,1,0,0
-74.7068,-109.1708,1,2013003,-74.65,-109.08,0,-74.7068,-109.1708,1,0,0
-74.6781,-109.1331,1,2013004,-74.65,-109.08,0,-74.6781,-109.1331,1,0,0
-74.6781,-109.1331,1,2013005,-74.65,-109.08,0,-74.6781,-109.1331,1,0,0
-74.6781,-109.1331,1,2013006,-74.65,-109.08,1,-74.6781,-109.1331,1,11,4
-74.6781,-109.1331,1,2013007,0,0,0,-74.6781,-109.1331,1,0,0
-74.6818,-109.21,1,2013008,0,0,0,-74.6818,-109.21,1,0,0
-74.6818,-109.21,1,2013009,0,0,0,-74.6818,-109.21,1,0,0
-74.6818,-109.21,1,2013010,0,0,0,-74.6818,-109.21,1,0,0
-74.6818,-109.21,1,2013011,0,0,0,-74.6818,-109.21,1,0,0
-74.6818,-109.21,1,2013012,0,0,0,-74.6818,-109.21,1,0,0
-74.6818,-109.21,1,2013013,0,0,0,-74.6818,-109.21,1,0,0
-74.6818,-109.21,1,2013014,0,0,0,-74.6818,-109.21,1,0,0
-74.6751,-109.2821,1,2013015,0,0,0,-74.6751,-109.2821,1,0,0
-74.6751,-109.2821,1,2013016,0,0,0,-74.6751,-109.2821,1,0,0
-74.6751,-109.2821,1,2013017,0,0,0,-74.6751,-109.2821,1,0,0
-74.6751,-109.2821,1,2013018,0,0,0,-74.6751,-109.2821,1,0,0
-74.6751,-109.2821,1,2013019,0,0,0,-74.6751,-109.2821,1,0,0
-74.6751,-109.2821,1,2013020,-74.65,-109.08,1,-74.6751,-109.2821,1,11,4
-74.6671,-109.1363,1,2013021,-74.65,-109.08,0,-74.6671,-109.1363,1,0,0
-74.6671,-109.1363,1,2013022,-74.65,-109.08,0,-74.6671,-109.1363,1,0,0
-74.6671,-109.1363,1,2013023,-74.65,-109.08,0,-74.6671,-109.1363,1,0,0
-74.6671,-109.1363,1,2013024,-74.65,-109.08,0,-74.6671,-109.1363,1,0,0
-74.6671,-109.1363,1,2013025,-74.65,-109.08,0,-74.6671,-109.1363,1,0,0
-74.6671,-109.1363,1,2013026,-74.65,-109.08,0,-74.6671,-109.1363,1,0,0
-74.6671,-109.1363,1,2013027,-74.65,-109.08,1,-74.6671,-109.1363,1,11,4
-74.678,-108.782,1,2013028,-74.65,-109.08,0,-74.678,-108.782,1,0,0
-74.6969,-108.6905,1,2013029,-74.65,-109.08,0,-74.6969,-108.6905,1,0,0
-74.6976,-108.6825,1,2013030,-74.65,-109.08,0,-74.6976,-108.6825,1,0,0
-74.6976,-108.6825,1,2013031,-74.65,-109.08,0,-74.6976,-108.6825,1,0,0
-74.6976,-108.6825,1,2013032,-74.65,-109.08,0,-74.6976,-108.6825,1,0,0
-74.6976,-108.6825,0,2013033,-74.65,-109.08,0,-74.6976,-108.6825,0,0,0
-74.6976,-108.6825,0,2013034,-74.65,-109.08,1,-74.6976,-108.6825,0,11,4
-74.6976,-108.6825,1,2013035,-74.65,-109.0806,0,-74.6976,-108.6825,1,0,0
-74.6976,-108.6825,1,2013036,-74.65,-109.082,0,-74.6976,-108.6825,1,0,0
-74.7079,-108.6869,1,2013037,-74.65,-109.0839,0,-74.7079,-108.6869,1,0,0
-74.7079,-108.6869,1,2013038,-74.65,-109.0861,0,-74.7079,-108.6869,1,0,0
-74.7079,-108.6869,1,2013039,-74.65,-109.088,0,-74.7079,-108.6869,1,0,0
-74.7079,-108.6869,1,2013040,-74.65,-109.0894,0,-74.7079,-108.6869,1,0,0
-74.7079,-108.6869,1,2013041,-74.65,-109.09,1,-74.7079,-108.6869,1,11,4
-74.7079,-108.6869,0,2013042,-74.65,-109.09,0,-74.7079,-108.6869,0,0,0
-74.7079,-108.6869,1,2013043,-74.65,-109.09,0,-74.7079,-108.6869,1,0,0
-74.7079,-108.6869,1,2013044,-74.65,-109.09,0,-74.7079,-108.6869,1,0,0
-74.7079,-108.6869,1,2013045,-74.65,-109.09,0,-74.7079,-108.6869,1,0,0
-74.7079,-108.6869,0,2013046,-74.65,-109.09,0,-74.7079,-108.6869,0,0,0
-74.7079,-108.6869,1,2013047,-74.65,-109.09,0,-74.7079,-108.6869,1,0,0
-74.7079,-108.6869,1,2013048,-74.65,-109.09,1,-74.7079,-108.6869,1,11,4
-74.6983,-108.6747,1,2013049,0,0,0,-74.6983,-108.6747,1,0,0
-74.6983,-108.6747,0,2013050,0,0,0,-74.6983,-108.6747,0,0,0
-74.6983,-108.6747,1,2013051,0,0,0,-74.6983,-108.6747,1,0,0
-74.6983,-108.6747,1,2013052,0,0,0,-74.6983,-108.6747,1,0,0
-74.6983,-108.6747,1,2013053,0,0,0,-74.6983,-108.6747,1,0,0
-74.6983,-108.6747,1,2013054,0,0,0,-74.6983,-108.6747,1,0,0
-74.6983,-108.6747,1,2013055,0,0,0,-74.6983,-108.6747,1,0,0
-74.6983,-108.6747,1,2013056,0,0,0,-74.6983,-108.6747,1,0,0
-74.6983,-108.6747,1,2013057,0,0,0,-74.6983,-108.6747,1,0,0
-74.6983,-108.6747,1,2013058,0,0,0,-74.6983,-108.6747,1,0,0
-74.6983,-108.6747,1,2013059,0,0,0,-74.6983,-108.6747,1,0,0
-74.6983,-108.6747,1,2013060,0,0,0,-74.6983,-108.6747,1,0,0
-74.6988,-108.6697,0,2013061,0,0,0,-74.6988,-108.6697,0,0,0
-74.6998,-108.6586,0,2013062,0,0,0,-74.6998,-108.6586,0,0,0
-74.7007,-108.6474,0,2013063,0,0,0,-74.7007,-108.6474,0,0,0
-74.7012,-108.6424,1,2013064,0,0,0,-74.7012,-108.6424,1,0,0
-74.7012,-108.6424,1,2013065,0,0,0,-74.7012,-108.6424,1,0,0
-74.7012,-108.6424,1,2013066,0,0,0,-74.7012,-108.6424,1,0,0
-74.7012,-108.6424,1,2013067,0,0,0,-74.7012,-108.6424,1,0,0
-74.7012,-108.6424,1,2013068,0,0,0,-74.7012,-108.6424,1,0,0
-74.7012,-108.6424,1,2013069,0,0,0,-74.7012,-108.6424,1,0,0
-74.7012,-108.6424,1,2013070,0,0,0,-74.7012,-108.6424,1,0,0
-74.7136,-108.6223,1,2013071,0,0,0,-74.7136,-108.6223,1,0,0
-74.7136,-108.6223,1,2013072,0,0,0,-74.7136,-108.6223,1,0,0
-74.7136,-108.6223,1,2013073,0,0,0,-74.7136,-108.6223,1,0,0
-74.7136,-108.6223,1,2013074,0,0,0,-74.7136,-108.6223,1,0,0
-74.7136,-108.6223,1,2013075,0,0,0,-74.7136,-108.6223,1,0,0
-74.7136,-108.6223,1,2013076,0,0,0,-74.7136,-108.6223,1,0,0
-74.7136,-108.6223,1,2013077,0,0,0,-74.7136,-108.6223,1,0,0
-74.7136,-108.6223,1,2013078,0,0,0,-74.7136,-108.6223,1,0,0
-74.7136,-108.6223,1,2013079,0,0,0,-74.7136,-108.6223,1,0,0
-74.7136,-108.6223,0,2013080,0,0,0,-74.7136,-108.6223,0,0,0
-74.7136,-108.6223,1,2013081,0,0,0,-74.7136,-108.6223,1,0,0
-74.7136,-108.6223,1,2013082,0,0,0,-74.7136,-108.6223,1,0,0
-74.7136,-108.6223,1,2013083,0,0,0,-74.7136,-108.6223,1,0,0
-74.7136,-108.6223,1,2013084,0,0,0,-74.7136,-108.6223,1,0,0
-74.699,-108.6668,1,2013085,0,0,0,-74.699,-108.6668,1,0,0
-74.699,-108.6668,0,2013086,0,0,0,-74.699,-108.6668,0,0,0
-74.699,-108.6668,1,2013087,0,0,0,-74.699,-108.6668,1,0,0
-74.699,-108.6668,1,2013088,0,0,0,-74.699,-108.6668,1,0,0
-74.699,-108.6668,1,2013089,0,0,0,-74.699,-108.6668,1,0,0
-74.699,-108.6668,1,2013090,0,0,0,-74.699,-108.6668,1,0,0
-74.699,-108.6668,1,2013091,0,0,0,-74.699,-108.6668,1,0,0
-74.699,-108.6668,1,2013092,0,0,0,-74.699,-108.6668,1,0,0
-74.699,-108.6668,1,2013093,0,0,0,-74.699,-108.6668,1,0,0
-74.699,-108.6668,1,2013094,0,0,0,-74.699,-108.6668,1,0,0
-74.699,-108.6668,1,2013095,0,0,0,-74.699,-108.6668,1,0,0
-74.699,-108.6668,1,2013096,0,0,0,-74.699,-108.6668,1,0,0
-74.699,-108.6668,1,2013097,0,0,0,-74.699,-108.6668,1,0,0
-74.699,-108.6668,1,2013098,0,0,0,-74.699,-108.6668,1,0,0
-74.699,-108.6668,1,2013099,0,0,0,-74.699,-108.6668,1,0,0
-74.699,-108.6668,1,2013100,0,0,0,-74.699,-108.6668,1,0,0
-74.699,-108.6668,1,2013101,0,0,0,-74.699,-108.6668,1,0,0
-74.699,-108.6668,1,2013102,0,0,0,-74.699,-108.6668,1,0,0
-74.727,-108.7115,1,2013103,0,0,0,-74.727,-108.7115,1,0,0
-74.727,-108.7115,1,2013104,0,0,0,-74.727,-108.7115,1,0,0
-74.727,-108.7115,1,2013105,0,0,0,-74.727,-108.7115,1,0,0
-74.727,-108.7115,1,2013106,0,0,0,-74.727,-108.7115,1,0,0
-74.727,-108.7115,1,2013107,0,0,0,-74.727,-108.7115,1,0,0
-74.727,-108.7115,1,2013108,0,0,0,-74.727,-108.7115,1,0,0
-74.727,-108.7115,1,2013109,0,0,0,-74.727,-108.7115,1,0,0
-74.727,-108.7115,1,2013110,0,0,0,-74.727,-108.7115,1,0,0
-74.727,-108.7115,1,2013111,0,0,0,-74.727,-108.7115,1,0,0
-74.727,-108.7115,1,2013112,0,0,0,-74.727,-108.7115,1,0,0
-74.7299,-108.6791,1,2013113,0,0,0,-74.7299,-108.6791,1,0,0
-74.7299,-108.6791,1,2013114,0,0,0,-74.7299,-108.6791,1,0,0
-74.7299,-108.6791,1,2013115,0,0,0,-74.7299,-108.6791,1,0,0
-74.7299,-108.6791,1,2013116,0,0,0,-74.7299,-108.6791,1,0,0
-74.7299,-108.6791,1,2013117,0,0,0,-74.7299,-108.6791,1,0,0
-74.7299,-108.6791,1,2013118,0,0,0,-74.7299,-108.6791,1,0,0
-74.7299,-108.6791,1,2013119,0,0,0,-74.7299,-108.6791,1,0,0
-74.7366,-108.7238,1,2013120,0,0,0,-74.7366,-108.7238,1,0,0
-74.7366,-108.7238,1,2013121,0,0,0,-74.7366,-108.7238,1,0,0
-74.7366,-108.7238,1,2013122,0,0,0,-74.7366,-108.7238,1,0,0
-74.7366,-108.7238,1,2013123,0,0,0,-74.7366,-108.7238,1,0,0
-74.7366,-108.7238,1,2013124,0,0,0,-74.7366,-108.7238,1,0,0
-74.7366,-108.7238,1,2013125,0,0,0,-74.7366,-108.7238,1,0,0
-74.7366,-108.7238,1,2013126,0,0,0,-74.7366,-108.7238,1,0,0
-74.7366,-108.7238,1,2013127,0,0,0,-74.7366,-108.7238,1,0,0
-74.7366,-108.7238,1,2013128,0,0,0,-74.7366,-108.7238,1,0,0
-74.7366,-108.7238,1,2013129,0,0,0,-74.7366,-108.7238,1,0,0
-74.7461,-108.7361,1,2013130,0,0,0,-74.7461,-108.7361,1,0,0
-74.7461,-108.7361,1,2013131,0,0,0,-74.7461,-108.7361,1,0,0
-74.7461,-108.7361,1,2013132,0,0,0,-74.7461,-108.7361,1,0,0
-74.7461,-108.7361,1,2013133,0,0,0,-74.7461,-108.7361,1,0,0
-74.7461,-108.7361,1,2013134,0,0,0,-74.7461,-108.7361,1,0,0
-74.7461,-108.7361,1,2013135,0,0,0,-74.7461,-108.7361,1,0,0
-74.7461,-108.7361,1,2013136,0,0,0,-74.7461,-108.7361,1,0,0
-74.7461,-108.7361,1,2013137,0,0,0,-74.7461,-108.7361,1,0,0
-74.7461,-108.7361,1,2013138,0,0,0,-74.7461,-108.7361,1,0,0
-74.7461,-108.7361,1,2013139,0,0,0,-74.7461,-108.7361,1,0,0
-74.7557,-108.7484,1,2013140,0,0,0,-74.7557,-108.7484,1,0,0
-74.7557,-108.7484,1,2013141,0,0,0,-74.7557,-108.7484,1,0,0
-74.7557,-108.7484,1,2013142,0,0,0,-74.7557,-108.7484,1,0,0
-74.7557,-108.7484,1,2013143,0,0,0,-74.7557,-108.7484,1,0,0
-74.7557,-108.7484,1,2013144,0,0,0,-74.7557,-108.7484,1,0,0
-74.7557,-108.7484,1,2013145,0,0,0,-74.7557,-108.7484,1,0,0
-74.7557,-108.7484,1,2013146,0,0,0,-74.7557,-108.7484,1,0,0
-74.7557,-108.7484,1,2013147,0,0,0,-74.7557,-108.7484,1,0,0
-74.7557,-108.7484,1,2013148,0,0,0,-74.7557,-108.7484,1,0,0
-74.7547,-108.6389,1,2013149,0,0,0,-74.7547,-108.6389,1,0,0
-74.7547,-108.6389,1,2013150,0,0,0,-74.7547,-108.6389,1,0,0
-74.7547,-108.6389,1,2013151,0,0,0,-74.7547,-108.6389,1,0,0
-74.7547,-108.6389,1,2013152,0,0,0,-74.7547,-108.6389,1,0,0
-74.7547,-108.6389,1,2013153,0,0,0,-74.7547,-108.6389,1,0,0
-74.7547,-108.6389,1,2013154,0,0,0,-74.7547,-108.6389,1,0,0
-74.7468,-108.7282,1,2013155,0,0,0,-74.7468,-108.7282,1,0,0
-74.7468,-108.7282,1,2013156,0,0,0,-74.7468,-108.7282,1,0,0
-74.7468,-108.7282,1,2013157,0,0,0,-74.7468,-108.7282,1,0,0
-74.7468,-108.7282,1,2013158,0,0,0,-74.7468,-108.7282,1,0,0
-74.7468,-108.7282,1,2013159,0,0,0,-74.7468,-108.7282,1,0,0
-74.7468,-108.7282,1,2013160,0,0,0,-74.7468,-108.7282,1,0,0
-74.7394,-108.6914,1,2013161,0,0,0,-74.7394,-108.6914,1,0,0
-74.7394,-108.6914,1,2013162,0,0,0,-74.7394,-108.6914,1,0,0
-74.7394,-108.6914,1,2013163,0,0,0,-74.7394,-108.6914,1,0,0
-74.7394,-108.6914,1,2013164,0,0,0,-74.7394,-108.6914,1,0,0
-74.7394,-108.6914,1,2013165,0,0,0,-74.7394,-108.6914,1,0,0
-74.7394,-108.6914,1,2013166,0,0,0,-74.7394,-108.6914,1,0,0
-74.7394,-108.6914,1,2013167,0,0,0,-74.7394,-108.6914,1,0,0
-74.7394,-108.6914,1,2013168,0,0,0,-74.7394,-108.6914,1,0,0
-74.7298,-108.6791,1,2013169,0,0,0,-74.7298,-108.6791,1,0,0
-74.7298,-108.6791,1,2013170,0,0,0,-74.7298,-108.6791,1,0,0
-74.7298,-108.6791,1,2013171,0,0,0,-74.7298,-108.6791,1,0,0
-74.7298,-108.6791,1,2013172,0,0,0,-74.7298,-108.6791,1,0,0
-74.7298,-108.6791,1,2013173,0,0,0,-74.7298,-108.6791,1,0,0
-74.7298,-108.6791,1,2013174,0,0,0,-74.7298,-108.6791,1,0,0
-74.7327,-108.6468,1,2013175,0,0,0,-74.7327,-108.6468,1,0,0
-74.7327,-108.6468,1,2013176,0,0,0,-74.7327,-108.6468,1,0,0
-74.7327,-108.6468,1,2013177,0,0,0,-74.7327,-108.6468,1,0,0
-74.7327,-108.6468,1,2013178,0,0,0,-74.7327,-108.6468,1,0,0
-74.7327,-108.6468,1,2013179,0,0,0,-74.7327,-108.6468,1,0,0
-74.7327,-108.6468,1,2013180,0,0,0,-74.7327,-108.6468,1,0,0
-74.766,-108.753,1,2013181,0,0,0,-74.766,-108.753,1,0,0
-74.7739,-108.6635,1,2013182,0,0,0,-74.7739,-108.6635,1,0,0
-74.7739,-108.6635,1,2013183,0,0,0,-74.7739,-108.6635,1,0,0
-74.7739,-108.6635,1,2013184,0,0,0,-74.7739,-108.6635,1,0,0
-74.7739,-108.6635,1,2013185,0,0,0,-74.7739,-108.6635,1,0,0
-74.7739,-108.6635,1,2013186,0,0,0,-74.7739,-108.6635,1,0,0
-74.7739,-108.6635,1,2013187,0,0,0,-74.7739,-108.6635,1,0,0
-74.7739,-108.6635,1,2013188,0,0,0,-74.7739,-108.6635,1,0,0
-74.7746,-108.6556,1,2013189,0,0,0,-74.7746,-108.6556,1,0,0
-74.7746,-108.6556,1,2013190,0,0,0,-74.7746,-108.6556,1,0,0
-74.7746,-108.6556,1,2013191,0,0,0,-74.7746,-108.6556,1,0,0
-74.7746,-108.6556,1,2013192,0,0,0,-74.7746,-108.6556,1,0,0
-74.7746,-108.6556,1,2013193,0,0,0,-74.7746,-108.6556,1,0,0
-74.7746,-108.6556,1,2013194,0,0,0,-74.7746,-108.6556,1,0,0
-74.7497,-108.6957,1,2013195,0,0,0,-74.7497,-108.6957,1,0,0
-74.7497,-108.6957,1,2013196,0,0,0,-74.7497,-108.6957,1,0,0
-74.7497,-108.6957,1,2013197,0,0,0,-74.7497,-108.6957,1,0,0
-74.7497,-108.6957,1,2013198,0,0,0,-74.7497,-108.6957,1,0,0
-74.7497,-108.6957,1,2013199,0,0,0,-74.7497,-108.6957,1,0,0
-74.7497,-108.6957,1,2013200,0,0,0,-74.7497,-108.6957,1,0,0
-74.7497,-108.6957,1,2013201,0,0,0,-74.7497,-108.6957,1,0,0
-74.7497,-108.6957,1,2013202,0,0,0,-74.7497,-108.6957,1,0,0
-74.7365,-108.7237,1,2013203,0,0,0,-74.7365,-108.7237,1,0,0
-74.7365,-108.7237,1,2013204,0,0,0,-74.7365,-108.7237,1,0,0
-74.7365,-108.7237,1,2013205,0,0,0,-74.7365,-108.7237,1,0,0
-74.7365,-108.7237,1,2013206,0,0,0,-74.7365,-108.7237,1,0,0
-74.7365,-108.7237,1,2013207,0,0,0,-74.7365,-108.7237,1,0,0
-74.7365,-108.7237,1,2013208,0,0,0,-74.7365,-108.7237,1,0,0
-74.7365,-108.7237,1,2013209,0,0,0,-74.7365,-108.7237,1,0,0
-74.7432,-108.7685,1,2013210,0,0,0,-74.7432,-108.7685,1,0,0
-74.7432,-108.7685,1,2013211,0,0,0,-74.7432,-108.7685,1,0,0
-74.7432,-108.7685,1,2013212,0,0,0,-74.7432,-108.7685,1,0,0
-74.7432,-108.7685,1,2013213,0,0,0,-74.7432,-108.7685,1,0,0
-74.7432,-108.7685,1,2013214,0,0,0,-74.7432,-108.7685,1,0,0
-74.7432,-108.7685,1,2013215,0,0,0,-74.7432,-108.7685,1,0,0
-74.7432,-108.7685,1,2013216,0,0,0,-74.7432,-108.7685,1,0,0
-74.7463,-108.8535,1,2013217,0,0,0,-74.7463,-108.8535,1,0,0
-74.7463,-108.8535,1,2013218,0,0,0,-74.7463,-108.8535,1,0,0
-74.7463,-108.8535,1,2013219,0,0,0,-74.7463,-108.8535,1,0,0
-74.7463,-108.8535,1,2013220,0,0,0,-74.7463,-108.8535,1,0,0
-74.7463,-108.8535,1,2013221,0,0,0,-74.7463,-108.8535,1,0,0
-74.7463,-108.8535,1,2013222,0,0,0,-74.7463,-108.8535,1,0,0
-74.7463,-108.8535,1,2013223,0,0,0,-74.7463,-108.8535,1,0,0
-74.7463,-108.8535,1,2013224,0,0,0,-74.7463,-108.8535,1,0,0
-74.7463,-108.8535,1,2013225,0,0,0,-74.7463,-108.8535,1,0,0
-74.7463,-108.8535,1,2013226,0,0,0,-74.7463,-108.8535,1,0,0
-74.7588,-108.9509,1,2013227,0,0,0,-74.7588,-108.9509,1,0,0
-74.761,-108.9264,1,2013228,0,0,0,-74.761,-108.9264,1,0,0
-74.7588,-108.9509,1,2013229,0,0,0,-74.7588,-108.9509,1,0,0
-74.7677,-108.9713,1,2013230,0,0,0,-74.7677,-108.9713,1,0,0
-74.7743,-109.0162,1,2013231,0,0,0,-74.7743,-109.0162,1,0,0
-74.7868,-108.9963,1,2013232,0,0,0,-74.7868,-108.9963,1,0,0
-74.7868,-108.9963,1,2013233,0,0,0,-74.7868,-108.9963,1,0,0
-74.7868,-108.9963,1,2013234,0,0,0,-74.7868,-108.9963,1,0,0
-74.7868,-108.9963,1,2013235,0,0,0,-74.7868,-108.9963,1,0,0
-74.7868,-108.9963,1,2013236,0,0,0,-74.7868,-108.9963,1,0,0
-74.7868,-108.9963,1,2013237,0,0,0,-74.7868,-108.9963,1,0,0
-74.7897,-108.9639,1,2013238,0,0,0,-74.7897,-108.9639,1,0,0
-74.7897,-108.9639,1,2013239,0,0,0,-74.7897,-108.9639,1,0,0
-74.7897,-108.9639,1,2013240,0,0,0,-74.7897,-108.9639,1,0,0
-74.7897,-108.9639,0,2013241,0,0,0,-74.7897,-108.9639,0,0,0
-74.7897,-108.9639,1,2013242,0,0,0,-74.7897,-108.9639,1,0,0
-74.7897,-108.9639,1,2013243,0,0,0,-74.7897,-108.9639,1,0,0
-74.7897,-108.9639,1,2013244,-74.63,-109.08,1,-74.7897,-108.9639,1,11,5
-74.7897,-108.9639,1,2013245,0,0,0,-74.7897,-108.9639,1,0,0
-74.8191,-108.9936,1,2013246,0,0,0,-74.8191,-108.9936,1,0,0
-74.8191,-108.9936,1,2013247,0,0,0,-74.8191,-108.9936,1,0,0
-74.8057,-108.9035,1,2013248,0,0,0,-74.8057,-108.9035,1,0,0
-74.8057,-108.9035,1,2013249,0,0,0,-74.8057,-108.9035,1,0,0
-74.8057,-108.9035,1,2013250,0,0,0,-74.8057,-108.9035,1,0,0
-74.8057,-108.9035,1,2013251,0,0,0,-74.8057,-108.9035,1,0,0
-74.8057,-108.9035,1,2013252,0,0,0,-74.8057,-108.9035,1,0,0
-74.8036,-108.928,1,2013253,0,0,0,-74.8036,-108.928,1,0,0
-74.8036,-108.928,1,2013254,0,0,0,-74.8036,-108.928,1,0,0
-74.8036,-108.928,1,2013255,0,0,0,-74.8036,-108.928,1,0,0
-74.8036,-108.928,1,2013256,0,0,0,-74.8036,-108.928,1,0,0
-74.8036,-108.928,1,2013257,0,0,0,-74.8036,-108.928,1,0,0
-74.8036,-108.928,1,2013258,0,0,0,-74.8036,-108.928,1,0,0
-74.7808,-108.9434,1,2013259,0,0,0,-74.7808,-108.9434,1,0,0
-74.7808,-108.9434,1,2013260,0,0,0,-74.7808,-108.9434,1,0,0
-74.7808,-108.9434,1,2013261,0,0,0,-74.7808,-108.9434,1,0,0
-74.7808,-108.9434,1,2013262,0,0,0,-74.7808,-108.9434,1,0,0
-74.7808,-108.9434,1,2013263,0,0,0,-74.7808,-108.9434,1,0,0
-74.7808,-108.9434,1,2013264,0,0,0,-74.7808,-108.9434,1,0,0
-74.7933,-108.9235,1,2013265,0,0,0,-74.7933,-108.9235,1,0,0
-74.7933,-108.9235,1,2013266,0,0,0,-74.7933,-108.9235,1,0,0
-74.7933,-108.9235,1,2013267,0,0,0,-74.7933,-108.9235,1,0,0
-74.7933,-108.9235,1,2013268,0,0,0,-74.7933,-108.9235,1,0,0
-74.7933,-108.9235,1,2013269,0,0,0,-74.7933,-108.9235,1,0,0
-74.7933,-108.9235,1,2013270,0,0,0,-74.7933,-108.9235,1,0,0
-74.7933,-108.9235,1,2013271,0,0,0,-74.7933,-108.9235,1,0,0
-74.7933,-108.9235,1,2013272,0,0,0,-74.7933,-108.9235,1,0,0
-74.7933,-108.9235,1,2013273,0,0,0,-74.7933,-108.9235,1,0,0
-74.7889,-108.9722,0,2013274,0,0,0,-74.7889,-108.9722,0,0,0
-74.7845,-109.0208,1,2013275,0,0,0,-74.7845,-109.0208,1,0,0
-74.7845,-109.0208,1,2013276,0,0,0,-74.7845,-109.0208,1,0,0
-74.7845,-109.0208,1,2013277,0,0,0,-74.7845,-109.0208,1,0,0
-74.7845,-109.0208,1,2013278,0,0,0,-74.7845,-109.0208,1,0,0
-74.7845,-109.0208,1,2013279,0,0,0,-74.7845,-109.0208,1,0,0
-74.7845,-109.0208,1,2013280,0,0,0,-74.7845,-109.0208,1,0,0
-74.7743,-109.0161,1,2013281,0,0,0,-74.7743,-109.0161,1,0,0
-74.7743,-109.0161,1,2013282,0,0,0,-74.7743,-109.0161,1,0,0
-74.7743,-109.0161,1,2013283,0,0,0,-74.7743,-109.0161,1,0,0
-74.7743,-109.0161,1,2013284,0,0,0,-74.7743,-109.0161,1,0,0
-74.7743,-109.0161,1,2013285,0,0,0,-74.7743,-109.0161,1,0,0
-74.7743,-109.0161,1,2013286,0,0,0,-74.7743,-109.0161,1,0,0
-74.7522,-109.0234,1,2013287,0,0,0,-74.7522,-109.0234,1,0,0
-74.7522,-109.0234,1,2013288,0,0,0,-74.7522,-109.0234,1,0,0
-74.7522,-109.0234,1,2013289,0,0,0,-74.7522,-109.0234,1,0,0
-74.7522,-109.0234,1,2013290,0,0,0,-74.7522,-109.0234,1,0,0
-74.7522,-109.0234,1,2013291,-74.63,-109.08,1,-74.7522,-109.0234,1,11,5
-74.7522,-109.0234,1,2013292,-74.63,-109.08,0,-74.7522,-109.0234,1,0,0
-74.7522,-109.0234,1,2013293,-74.63,-109.08,0,-74.7522,-109.0234,1,0,0
-74.7522,-109.0234,1,2013294,-74.63,-109.08,0,-74.7522,-109.0234,1,0,0
-74.7522,-109.0234,1,2013295,-74.63,-109.08,0,-74.7522,-109.0234,1,0,0
-74.7522,-109.0234,1,2013296,-74.63,-109.08,0,-74.7522,-109.0234,1,0,0
-74.7522,-109.0234,1,2013297,-74.63,-109.08,0,-74.7522,-109.0234,1,0,0
-74.7522,-109.0234,1,2013298,-74.63,-109.08,1,-74.7522,-109.0234,1,11,5
-74.7522,-109.0234,1,2013299,0,0,0,-74.7522,-109.0234,1,0,0
-74.7522,-109.0234,1,2013300,0,0,0,-74.7522,-109.0234,1,0,0
-74.7522,-109.0234,1,2013301,0,0,0,-74.7522,-109.0234,1,0,0
-74.7522,-109.0234,1,2013302,0,0,0,-74.7522,-109.0234,1,0,0
-74.7522,-109.0234,1,2013303,0,0,0,-74.7522,-109.0234,1,0,0
-74.7522,-109.0234,1,2013304,0,0,0,-74.7522,-109.0234,1,0,0
-74.7522,-109.0234,1,2013305,0,0,0,-74.7522,-109.0234,1,0,0
-74.7522,-109.0234,1,2013306,0,0,0,-74.7522,-109.0234,1,0,0
-74.7522,-109.0234,1,2013307,0,0,0,-74.7522,-109.0234,1,0,0
-74.7515,-109.0313,1,2013308,0,0,0,-74.7515,-109.0313,1,0,0
-74.7515,-109.0313,1,2013309,0,0,0,-74.7515,-109.0313,1,0,0
-74.7515,-109.0313,1,2013310,0,0,0,-74.7515,-109.0313,1,0,0
-74.7515,-109.0313,1,2013311,0,0,0,-74.7515,-109.0313,1,0,0
-74.7515,-109.0313,1,2013312,-74.63,-109.08,1,-74.7515,-109.0313,1,11,5
-74.7515,-109.0313,1,2013313,-74.63,-109.08,0,-74.7515,-109.0313,1,0,0
-74.7515,-109.0313,1,2013314,-74.63,-109.08,0,-74.7515,-109.0313,1,0,0
-74.7515,-109.0313,1,2013315,-74.63,-109.08,0,-74.7515,-109.0313,1,0,0
-74.7515,-109.0313,1,2013316,-74.63,-109.08,0,-74.7515,-109.0313,1,0,0
-74.7515,-109.0313,1,2013317,-74.63,-109.08,0,-74.7515,-109.0313,1,0,0
-74.7515,-109.0313,1,2013318,-74.63,-109.08,0,-74.7515,-109.0313,1,0,0
-74.7515,-109.0313,1,2013319,-74.63,-109.08,1,-74.7515,-109.0313,1,11,5
-74.7515,-109.0313,1,2013320,0,0,0,-74.7515,-109.0313,1,0,0
-74.7515,-109.0313,1,2013321,0,0,0,-74.7515,-109.0313,1,0,0
-74.7515,-109.0313,1,2013322,0,0,0,-74.7515,-109.0313,1,0,0
-74.7486,-109.0637,1,2013323,0,0,0,-74.7486,-109.0637,1,0,0
-74.7486,-109.0637,1,2013324,0,0,0,-74.7486,-109.0637,1,0,0
-74.7486,-109.0637,1,2013325,0,0,0,-74.7486,-109.0637,1,0,0
-74.7486,-109.0637,1,2013326,0,0,0,-74.7486,-109.0637,1,0,0
-74.7486,-109.0637,1,2013327,0,0,0,-74.7486,-109.0637,1,0,0
-74.7486,-109.0637,1,2013328,0,0,0,-74.7486,-109.0637,1,0,0
-74.7486,-109.0637,1,2013329,0,0,0,-74.7486,-109.0637,1,0,0
-74.7486,-109.0637,1,2013330,0,0,0,-74.7486,-109.0637,1,0,0
-74.7486,-109.0637,1,2013331,0,0,0,-74.7486,-109.0637,1,0,0
-74.7479,-109.0628,0,2013332,0,0,0,-74.7479,-109.0628,0,0,0
-74.7461,-109.0604,0,2013333,-74.63,-109.08,1,-74.7461,-109.0604,0,11,5
-74.7438,-109.0574,0,2013334,-74.63,-109.08,0,-74.7438,-109.0574,0,0,0
-74.7415,-109.0544,0,2013335,-74.63,-109.08,0,-74.7415,-109.0544,0,0,0
-74.7397,-109.052,0,2013336,-74.63,-109.08,0,-74.7397,-109.052,0,0,0
-74.739,-109.0511,1,2013337,-74.63,-109.08,0,-74.739,-109.0511,1,0,0
-74.739,-109.0511,1,2013338,-74.63,-109.08,0,-74.739,-109.0511,1,0,0
-74.739,-109.0511,1,2013339,-74.63,-109.08,0,-74.739,-109.0511,1,0,0
-74.739,-109.0511,1,2013340,-74.63,-109.08,1,-74.739,-109.0511,1,11,5
-74.739,-109.0511,1,2013341,0,0,0,-74.739,-109.0511,1,0,0
-74.739,-109.0511,1,2013342,0,0,0,-74.739,-109.0511,1,0,0
-74.739,-109.0511,1,2013343,0,0,0,-74.739,-109.0511,1,0,0
-74.739,-109.0511,1,2013344,0,0,0,-74.739,-109.0511,1,0,0
-74.739,-109.0511,1,2013345,0,0,0,-74.739,-109.0511,1,0,0
-74.739,-109.0511,0,2013346,0,0,0,-74.739,-109.0511,0,0,0
-74.739,-109.0511,1,2013347,0,0,0,-74.739,-109.0511,1,0,0
-74.739,-109.0511,1,2013348,0,0,0,-74.739,-109.0511,1,0,0
-74.739,-109.0511,1,2013349,0,0,0,-74.739,-109.0511,1,0,0
-74.739,-109.0511,1,2013350,0,0,0,-74.739,-109.0511,1,0,0
-74.739,-109.0511,1,2013351,0,0,0,-74.739,-109.0511,1,0,0
-74.739,-109.0511,1,2013352,0,0,0,-74.739,-109.0511,1,0,0
-74.739,-109.0511,1,2013353,0,0,0,-74.739,-109.0511,1,0,0
-74.739,-109.0511,1,2013354,-74.63,-109.08,1,-74.739,-109.0511,1,11,5
-74.739,-109.0511,1,2013355,0,0,0,-74.739,-109.0511,1,0,0
-74.739,-109.0511,1,2013356,0,0,0,-74.739,-109.0511,1,0,0
-74.739,-109.0511,1,2013357,0,0,0,-74.739,-109.0511,1,0,0
-74.739,-109.0511,1,2013358,0,0,0,-74.739,-109.0511,1,0,0
-74.739,-109.0511,1,2013359,0,0,0,-74.739,-109.0511,1,0,0
-74.739,-109.0511,1,2013360,0,0,0,-74.739,-109.0511,1,0,0
-74.739,-109.0511,1,2013361,0,0,0,-74.739,-109.0511,1,0,0
-74.739,-109.0511,1,2013362,0,0,0,-74.739,-109.0511,1,0,0
-74.739,-109.0511,1,2013363,0,0,0,-74.739,-109.0511,1,0,0
-74.739,-109.0511,1,2013364,0,0,0,-74.739,-109.0511,1,0,0
-74.739,-109.0511,0,2013365,0,0,0,-74.739,-109.0511,0,0,0
-74.739,-109.0511,0,2014001,0,0,0,-74.739,-109.0511,0,0,0
-74.739,-109.0511,0,2014002,0,0,0,-74.739,-109.0511,0,0,0
-74.739,-109.0511,1,2014003,-74.63,-109.08,1,-74.739,-109.0511,1,11,5
-74.739,-109.0511,1,2014004,-74.63,-109.08,0,-74.739,-109.0511,1,0,0
-74.739,-109.0511,1,2014005,-74.63,-109.08,0,-74.739,-109.0511,1,0,0
-74.739,-109.0511,1,2014006,-74.63,-109.08,0,-74.739,-109.0511,1,0,0
-74.739,-109.0511,1,2014007,-74.63,-109.08,0,-74.739,-109.0511,1,0,0
-74.739,-109.0511,1,2014008,-74.63,-109.08,0,-74.739,-109.0511,1,0,0
-74.739,-109.0511,1,2014009,-74.63,-109.08,0,-74.739,-109.0511,1,0,0
-74.739,-109.0511,1,2014010,-74.63,-109.08,1,-74.739,-109.0511,1,11,5
-74.739,-109.0511,1,2014011,-74.63,-109.08,0,-74.739,-109.0511,1,0,0
-74.739,-109.0511,1,2014012,-74.63,-109.08,0,-74.739,-109.0511,1,0,0
-74.739,-109.0511,1,2014013,-74.63,-109.08,0,-74.739,-109.0511,1,0,0
-74.739,-109.0511,1,2014014,-74.63,-109.08,0,-74.739,-109.0511,1,0,0
-74.739,-109.0511,1,2014015,-74.63,-109.08,0,-74.739,-109.0511,1,0,0
-74.739,-109.0511,1,2014016,-74.63,-109.08,0,-74.739,-109.0511,1,0,0
-74.739,-109.0511,1,2014017,-74.63,-109.08,1,-74.739,-109.0511,1,11,5
-74.739,-109.0511,1,2014018,-74.63,-109.08,0,-74.739,-109.0511,1,0,0
-74.739,-109.0511,1,2014019,-74.63,-109.08,0,-74.739,-109.0511,1,0,0
-74.739,-109.0511,1,2014020,-74.63,-109.08,0,-74.739,-109.0511,1,0,0
-74.739,-109.0511,1,2014021,-74.63,-109.08,0,-74.739,-109.0511,1,0,0
-74.739,-109.0511,1,2014022,-74.63,-109.08,0,-74.739,-109.0511,1,0,0
-74.739,-109.0511,1,2014023,-74.63,-109.08,0,-74.739,-109.0511,1,0,0
-74.739,-109.0511,1,2014024,-74.63,-109.08,1,-74.739,-109.0511,1,11,5
-74.739,-109.0511,1,2014025,-74.63,-109.08,0,-74.739,-109.0511,1,0,0
-74.739,-109.0511,1,2014026,-74.63,-109.08,0,-74.739,-109.0511,1,0,0
-74.739,-109.0511,1,2014027,-74.63,-109.08,0,-74.739,-109.0511,1,0,0
-74.739,-109.0511,1,2014028,-74.63,-109.08,0,-74.739,-109.0511,1,0,0
-74.739,-109.0511,1,2014029,-74.63,-109.08,0,-74.739,-109.0511,1,0,0
-74.739,-109.0511,1,2014030,-74.63,-109.08,0,-74.739,-109.0511,1,0,0
-74.739,-109.0511,0,2014031,-74.63,-109.08,1,-74.739,-109.0511,0,11,5
-74.739,-109.0511,0,2014032,-74.63,-109.08,0,-74.739,-109.0511,0,0,0
-74.739,-109.0511,0,2014033,-74.63,-109.08,0,-74.739,-109.0511,0,0,0
-74.739,-109.0511,0,2014034,-74.63,-109.08,0,-74.739,-109.0511,0,0,0
-74.739,-109.0511,1,2014035,-74.63,-109.08,0,-74.739,-109.0511,1,0,0
-74.739,-109.0511,1,2014036,-74.63,-109.08,0,-74.739,-109.0511,1,0,0
-74.739,-109.0511,1,2014037,-74.63,-109.08,0,-74.739,-109.0511,1,0,0
-74.739,-109.0511,1,2014038,-74.63,-109.08,1,-74.739,-109.0511,1,11,5
-74.739,-109.0511,0,2014039,-74.63,-109.08,0,-74.739,-109.0511,0,0,0
-74.739,-109.0511,1,2014040,-74.63,-109.08,0,-74.739,-109.0511,1,0,0
-74.739,-109.0511,1,2014041,-74.63,-109.08,0,-74.739,-109.0511,1,0,0
-74.733,-109.059,1,2014042,-74.63,-109.08,0,-74.733,-109.059,1,0,0
-74.733,-109.059,1,2014043,-74.63,-109.08,0,-74.733,-109.059,1,0,0
-74.733,-109.059,1,2014044,-74.63,-109.08,0,-74.733,-109.059,1,0,0
-74.733,-109.059,1,2014045,-74.63,-109.08,1,-74.733,-109.059,1,11,5
-74.733,-109.059,1,2014046,-74.63,-109.08,0,-74.733,-109.059,1,0,0
-74.733,-109.059,1,2014047,-74.63,-109.08,0,-74.733,-109.059,1,0,0
-74.733,-109.059,1,2014048,-74.63,-109.08,0,-74.733,-109.059,1,0,0
-74.733,-109.059,1,2014049,-74.63,-109.08,0,-74.733,-109.059,1,0,0
-74.733,-109.059,1,2014050,-74.63,-109.08,0,-74.733,-109.059,1,0,0
-74.733,-109.059,1,2014051,-74.63,-109.08,0,-74.733,-109.059,1,0,0
-74.733,-109.059,1,2014052,-74.63,-109.08,1,-74.733,-109.059,1,11,5
-74.733,-109.059,1,2014053,-74.63,-109.08,0,-74.733,-109.059,1,0,0
-74.733,-109.059,1,2014054,-74.63,-109.08,0,-74.733,-109.059,1,0,0
-74.733,-109.059,1,2014055,-74.63,-109.08,0,-74.733,-109.059,1,0,0
-74.733,-109.059,0,2014056,-74.63,-109.08,0,0,0,0,0,0
-74.733,-109.059,1,2014057,-74.63,-109.08,0,0,0,0,0,0
-74.733,-109.059,1,2014058,-74.63,-109.08,0,0,0,0,0,0
-74.733,-109.059,1,2014059,-74.63,-109.08,1,0,0,0,11,5
-74.733,-109.059,1,2014060,-74.63,-109.08,0,0,0,0,0,0
-74.733,-109.059,1,2014061,-74.63,-109.08,0,0,0,0,0,0
-74.733,-109.059,1,2014062,-74.63,-109.08,0,0,0,0,0,0
-74.7415,-109.0271,1,2014063,-74.63,-109.08,0,0,0,0,0,0
-74.7415,-109.0271,1,2014064,-74.63,-109.08,0,0,0,0,0,0
-74.7415,-109.0271,1,2014065,-74.63,-109.08,0,0,0,0,0,0
-74.7415,-109.0271,1,2014066,-74.63,-109.08,1,0,0,0,11,5
-74.7415,-109.0271,1,2014067,-74.63,-109.08,0,0,0,0,0,0
-74.7415,-109.0271,1,2014068,-74.63,-109.08,0,0,0,0,0,0
-74.7415,-109.0271,1,2014069,-74.63,-109.08,0,0,0,0,0,0
-74.7415,-109.0271,1,2014070,-74.63,-109.08,0,0,0,0,0,0
-74.7415,-109.0271,0,2014071,-74.63,-109.08,0,0,0,0,0,0
-74.7415,-109.0271,1,2014072,-74.63,-109.08,0,0,0,0,0,0
-74.7415,-109.0271,1,2014073,-74.63,-109.08,1,0,0,0,11,5
-74.7415,-109.0271,1,2014074,-74.63,-109.08,0,0,0,0,0,0
-74.7415,-109.0271,1,2014075,-74.63,-109.08,0,0,0,0,0,0
-74.7415,-109.0271,1,2014076,-74.63,-109.08,0,0,0,0,0,0
-74.7415,-109.0271,1,2014077,-74.63,-109.08,0,0,0,0,0,0
-74.7415,-109.0271,1,2014078,-74.63,-109.08,0,0,0,0,0,0
-74.7415,-109.0271,1,2014079,-74.63,-109.08,0,0,0,0,0,0
-74.7415,-109.0271,1,2014080,-74.63,-109.08,1,0,0,0,11,5
-74.7415,-109.0271,1,2014081,-74.63,-109.08,0,0,0,0,0,0
-74.7415,-109.0271,1,2014082,-74.63,-109.08,0,0,0,0,0,0
-74.7415,-109.0271,1,2014083,-74.63,-109.08,0,0,0,0,0,0
-74.7415,-109.0271,1,2014084,-74.63,-109.08,0,0,0,0,0,0
-74.7415,-109.0271,1,2014085,-74.63,-109.08,0,0,0,0,0,0
-74.7415,-109.0271,1,2014086,-74.63,-109.08,0,0,0,0,0,0
-74.7415,-109.0271,1,2014087,-74.63,-109.08,1,0,0,0,11,5
-74.7415,-109.0271,1,2014088,-74.63,-109.08,0,0,0,0,0,0
-74.7415,-109.0271,1,2014089,-74.63,-109.08,0,0,0,0,0,0
-74.7415,-109.0271,0,2014090,-74.63,-109.08,0,0,0,0,0,0
-74.7415,-109.0271,1,2014091,-74.63,-109.08,0,0,0,0,0,0
-74.7415,-109.0271,1,2014092,-74.63,-109.08,0,0,0,0,0,0
-74.7415,-109.0271,1,2014093,-74.63,-109.08,0,0,0,0,0,0
-74.7415,-109.0271,1,2014094,-74.63,-109.08,1,0,0,0,11,5
-74.7415,-109.0271,1,2014095,-74.63,-109.08,0,0,0,0,0,0
-74.7415,-109.0271,0,2014096,-74.63,-109.08,0,0,0,0,0,0
-74.7415,-109.0271,1,2014097,-74.63,-109.08,0,0,0,0,0,0
-74.7415,-109.0271,1,2014098,-74.63,-109.08,0,0,0,0,0,0
-74.7415,-109.0271,0,2014099,-74.63,-109.08,0,0,0,0,0,0
-74.7415,-109.0271,1,2014100,-74.63,-109.08,0,0,0,0,0,0
-74.7415,-109.0271,1,2014101,-74.63,-109.08,1,0,0,0,11,5
-74.7415,-109.0271,1,2014102,-74.63,-109.08,0,0,0,0,0,0
-74.7063,-108.9995,1,2014103,-74.63,-109.08,0,0,0,0,0,0
-74.7063,-108.9995,1,2014104,-74.63,-109.08,0,0,0,0,0,0
-74.7063,-108.9995,1,2014105,-74.63,-109.08,0,0,0,0,0,0
-74.7063,-108.9995,1,2014106,-74.63,-109.08,0,0,0,0,0,0
-74.7063,-108.9995,1,2014107,-74.63,-109.08,0,0,0,0,0,0
-74.7063,-108.9995,1,2014108,-74.63,-109.08,1,0,0,0,11,5
-74.7063,-108.9995,1,2014109,-74.63,-109.08,0,0,0,0,0,0
-74.7063,-108.9995,1,2014110,-74.63,-109.08,0,0,0,0,0,0
-74.7063,-108.9995,1,2014111,-74.63,-109.08,0,0,0,0,0,0
-74.7063,-108.9995,1,2014112,-74.63,-109.08,0,0,0,0,0,0
-74.7063,-108.9995,1,2014113,-74.63,-109.08,0,0,0,0,0,0
-74.7063,-108.9995,1,2014114,-74.63,-109.08,0,0,0,0,0,0
-74.7063,-108.9995,1,2014115,-74.63,-109.08,1,0,0,0,11,5
-74.7063,-108.9995,1,2014116,0,0,0,0,0,0,0,0
-74.7063,-108.9995,0,2014117,0,0,0,0,0,0,0,0
-74.7063,-108.9995,1,2014118,0,0,0,0,0,0,0,0
-74.7063,-108.9995,1,2014119,0,0,0,0,0,0,0,0
-74.7063,-108.9995,1,2014120,0,0,0,0,0,0,0,0
-74.7063,-108.9995,1,2014121,0,0,0,0,0,0,0,0
-74.7063,-108.9995,1,2014122,0,0,0,0,0,0,0,0
-74.7063,-108.9995,1,2014123,0,0,0,0,0,0,0,0
-74.7063,-108.9995,0,2014124,0,0,0,0,0,0,0,0
-74.7063,-108.9995,1,2014125,0,0,0,0,0,0,0,0
-74.7063,-108.9995,1,2014126,0,0,0,0,0,0,0,0
-74.7063,-108.9995,1,2014127,0,0,0,0,0,0,0,0
-74.7063,-108.9995,1,2014128,0,0,0,0,0,0,0,0
-74.7063,-108.9995,1,2014129,-74.63,-109.08,1,0,0,0,11,5
-74.7063,-108.9995,1,2014130,-74.63,-109.08,0,0,0,0,0,0
-74.7063,-108.9995,1,2014131,-74.63,-109.08,0,0,0,0,0,0
-74.7063,-108.9995,1,2014132,-74.63,-109.08,0,0,0,0,0,0
-74.7063,-108.9995,1,2014133,-74.63,-109.08,0,0,0,0,0,0
-74.7063,-108.9995,1,2014134,-74.63,-109.08,0,0,0,0,0,0
-74.7063,-108.9995,0,2014135,-74.63,-109.08,0,0,0,0,0,0
-74.7063,-108.9995,0,2014136,-74.63,-109.08,1,0,0,0,11,5
-74.7063,-108.9995,0,2014137,-74.63,-109.08,0,0,0,0,0,0
-74.7063,-108.9995,0,2014138,-74.63,-109.08,0,0,0,0,0,0
-74.7063,-108.9995,1,2014139,-74.63,-109.08,0,0,0,0,0,0
-74.7063,-108.9995,1,2014140,-74.63,-109.08,0,0,0,0,0,0
-74.7063,-108.9995,0,2014141,-74.63,-109.08,0,0,0,0,0,0
-74.7063,-108.9995,1,2014142,-74.63,-109.08,0,0,0,0,0,0
-74.7063,-108.9995,1,2014143,-74.63,-109.08,1,0,0,0,11,5
-74.7063,-108.9995,1,2014144,-74.63,-109.08,0,0,0,0,0,0
-74.7063,-108.9995,1,2014145,-74.63,-109.08,0,0,0,0,0,0
-74.7063,-108.9995,1,2014146,-74.63,-109.08,0,0,0,0,0,0
-74.7063,-108.9995,1,2014147,-74.63,-109.08,0,0,0,0,0,0
-74.7063,-108.9995,1,2014148,-74.63,-109.08,0,0,0,0,0,0
-74.7063,-108.9995,1,2014149,-74.63,-109.08,0,0,0,0,0,0
-74.7063,-108.9995,1,2014150,-74.63,-109.08,1,0,0,0,11,5
-74.7063,-108.9995,1,2014151,-74.63,-109.08,0,0,0,0,0,0
-74.7063,-108.9995,1,2014152,-74.63,-109.08,0,0,0,0,0,0
-74.7063,-108.9995,1,2014153,-74.63,-109.08,0,0,0,0,0,0
-74.7063,-108.9995,1,2014154,-74.63,-109.08,0,0,0,0,0,0
-74.7063,-108.9995,1,2014155,-74.63,-109.08,0,0,0,0,0,0
-74.7063,-108.9995,1,2014156,-74.63,-109.08,0,0,0,0,0,0
-74.7063,-108.9995,1,2014157,-74.63,-109.08,1,0,0,0,11,5
-74.7063,-108.9995,1,2014158,-74.63,-109.08,0,0,0,0,0,0
-74.7063,-108.9995,1,2014159,-74.63,-109.08,0,0,0,0,0,0
-74.7063,-108.9995,0,2014160,-74.63,-109.08,0,0,0,0,0,0
-74.7063,-108.9995,1,2014161,-74.63,-109.08,0,0,0,0,0,0
-74.7063,-108.9995,1,2014162,-74.63,-109.08,0,0,0,0,0,0
-74.7063,-108.9995,1,2014163,-74.63,-109.08,0,0,0,0,0,0
-74.7063,-108.9995,1,2014164,-74.63,-109.08,1,0,0,0,11,5
-74.7063,-108.9995,1,2014165,0,0,0,0,0,0,0,0
-74.7063,-108.9995,1,2014166,0,0,0,0,0,0,0,0
-74.7063,-108.9995,1,2014167,0,0,0,0,0,0,0,0
-74.7063,-108.9995,1,2014168,0,0,0,0,0,0,0,0
-74.7063,-108.9995,1,2014169,0,0,0,0,0,0,0,0
-74.7063,-108.9995,1,2014170,0,0,0,0,0,0,0,0
-74.7063,-108.9995,1,2014171,0,0,0,0,0,0,0,0
-74.7063,-108.9995,1,2014172,0,0,0,0,0,0,0,0
-74.7063,-108.9995,1,2014173,0,0,0,0,0,0,0,0
-74.7063,-108.9995,1,2014174,0,0,0,0,0,0,0,0
-74.7063,-108.9995,1,2014175,0,0,0,0,0,0,0,0
-74.7063,-108.9995,1,2014176,0,0,0,0,0,0,0,0
-74.7063,-108.9995,1,2014177,0,0,0,0,0,0,0,0
-74.7063,-108.9995,1,2014178,-74.63,-109.08,1,0,0,0,11,5
-74.7063,-108.9995,1,2014179,-74.63,-109.08,0,0,0,0,0,0
-74.7063,-108.9995,1,2014180,-74.63,-109.08,0,0,0,0,0,0
-74.7063,-108.9995,1,2014181,-74.63,-109.08,0,0,0,0,0,0
-74.7063,-108.9995,1,2014182,-74.63,-109.08,0,0,0,0,0,0
-74.7063,-108.9995,1,2014183,-74.63,-109.08,0,0,0,0,0,0
-74.7063,-108.9995,1,2014184,-74.63,-109.08,0,0,0,0,0,0
-74.7063,-108.9995,1,2014185,-74.63,-109.08,1,0,0,0,11,5
-74.7063,-108.9995,1,2014186,-74.63,-109.08,0,0,0,0,0,0
-74.7063,-108.9995,1,2014187,-74.63,-109.08,0,0,0,0,0,0
-74.7063,-108.9995,1,2014188,-74.63,-109.08,0,0,0,0,0,0
-74.7063,-108.9995,1,2014189,-74.63,-109.08,0,0,0,0,0,0
-74.7063,-108.9995,1,2014190,-74.63,-109.08,0,0,0,0,0,0
-74.7063,-108.9995,1,2014191,-74.63,-109.08,0,0,0,0,0,0
-74.7063,-108.9995,1,2014192,-74.63,-109.08,1,0,0,0,11,5
-74.7063,-108.9995,1,2014193,0,0,0,0,0,0,0,0
-74.7063,-108.9995,1,2014194,0,0,0,0,0,0,0,0
-74.7063,-108.9995,1,2014195,0,0,0,0,0,0,0,0
-74.7063,-108.9995,1,2014196,0,0,0,0,0,0,0,0
-74.7063,-108.9995,1,2014197,0,0,0,0,0,0,0,0
-74.7063,-108.9995,1,2014198,0,0,0,0,0,0,0,0
-74.7063,-108.9995,1,2014199,0,0,0,0,0,0,0,0
-74.7063,-108.9995,1,2014200,0,0,0,0,0,0,0,0
-74.7063,-108.9995,1,2014201,0,0,0,0,0,0,0,0
-74.7063,-108.9995,1,2014202,0,0,0,0,0,0,0,0
-74.7063,-108.9995,1,2014203,0,0,0,0,0,0,0,0
-74.7063,-108.9995,1,2014204,0,0,0,0,0,0,0,0
-74.7063,-108.9995,1,2014205,0,0,0,0,0,0,0,0
-74.7063,-108.9995,1,2014206,-74.63,-109.08,1,0,0,0,11,5
-74.7063,-108.9995,1,2014207,-74.63,-109.08,0,0,0,0,0,0
-74.7063,-108.9995,1,2014208,-74.63,-109.08,0,0,0,0,0,0
-74.7063,-108.9995,1,2014209,-74.63,-109.08,0,0,0,0,0,0
-74.7063,-108.9995,0,2014210,-74.63,-109.08,0,0,0,0,0,0
-74.7063,-108.9995,1,2014211,-74.63,-109.08,0,0,0,0,0,0
-75.0368,-110.0142,1,2014212,-74.63,-109.08,0,0,0,0,0,0
-75.0368,-110.0142,1,2014213,-74.63,-109.08,1,0,0,0,11,5
-75.0368,-110.0142,1,2014214,-74.63,-109.08,0,0,0,0,0,0
-75.0368,-110.0142,1,2014215,-74.63,-109.08,0,0,0,0,0,0
-75.0368,-110.0142,1,2014216,-74.63,-109.08,0,0,0,0,0,0
-75.0368,-110.0142,1,2014217,-74.63,-109.08,0,0,0,0,0,0
-75.0368,-110.0142,1,2014218,-74.63,-109.08,0,0,0,0,0,0
-75.0368,-110.0142,1,2014219,-74.63,-109.08,0,0,0,0,0,0
-75.0368,-110.0142,1,2014220,-74.63,-109.08,1,0,0,0,11,5
-75.0368,-110.0142,1,2014221,-74.63,-109.08,0,0,0,0,0,0
-75.0368,-110.0142,1,2014222,-74.63,-109.08,0,0,0,0,0,0
0,0,0,2014223,-74.63,-109.08,0,0,0,0,0,0
-75.0368,-110.0142,1,2014224,-74.63,-109.08,0,0,0,0,0,0
-75.0368,-110.0142,1,2014225,-74.63,-109.08,0,0,0,0,0,0
-75.0368,-110.0142,1,2014226,-74.63,-109.08,0,0,0,0,0,0
-75.0368,-110.0142,1,2014227,-74.63,-109.08,1,0,0,0,11,5
-75.0368,-110.0142,1,2014228,-74.63,-109.08,0,0,0,0,0,0
-75.0368,-110.0142,1,2014229,-74.63,-109.08,0,0,0,0,0,0
-75.0368,-110.0142,1,2014230,-74.63,-109.08,0,0,0,0,0,0
-75.0368,-110.0142,1,2014231,-74.63,-109.08,0,0,0,0,0,0
-75.0368,-110.0142,1,2014232,-74.63,-109.08,0,0,0,0,0,0
-75.0436,-109.9299,1,2014233,-74.63,-109.08,0,0,0,0,0,0
-75.0436,-109.9299,1,2014234,-74.63,-109.08,1,0,0,0,11,5
-75.0436,-109.9299,1,2014235,-74.63,-109.08,0,0,0,0,0,0
-75.0436,-109.9299,1,2014236,-74.63,-109.08,0,0,0,0,0,0
-75.0436,-109.9299,1,2014237,-74.63,-109.08,0,0,0,0,0,0
-75.0436,-109.9299,1,2014238,-74.63,-109.08,0,0,0,0,0,0
-75.0436,-109.9299,1,2014239,-74.63,-109.08,0,0,0,0,0,0
-75.0436,-109.9299,1,2014240,-74.63,-109.08,0,0,0,0,0,0
-75.0436,-109.9299,1,2014241,-74.63,-109.08,1,0,0,0,11,5
-75.0436,-109.9299,1,2014242,-74.63,-109.08,0,0,0,0,0,0
-75.0436,-109.9299,1,2014243,-74.63,-109.08,0,0,0,0,0,0
-75.0436,-109.9299,1,2014244,-74.63,-109.08,0,0,0,0,0,0
-75.0436,-109.9299,1,2014245,-74.63,-109.08,0,0,0,0,0,0
-75.0436,-109.9299,1,2014246,-74.63,-109.08,0,0,0,0,0,0
-75.0436,-109.9299,1,2014247,-74.63,-109.08,0,0,0,0,0,0
-75.0436,-109.9299,1,2014248,-74.63,-109.08,1,0,0,0,11,5
-75.0436,-109.9299,1,2014249,-74.63,-109.08,0,0,0,0,0,0
-75.0436,-109.9299,1,2014250,-74.63,-109.08,0,0,0,0,0,0
-75.0436,-109.9299,1,2014251,-74.63,-109.08,0,0,0,0,0,0
-75.0436,-109.9299,1,2014252,-74.63,-109.08,0,0,0,0,0,0
-75.0436,-109.9299,1,2014253,-74.63,-109.08,0,0,0,0,0,0
-75.0436,-109.9299,1,2014254,-74.63,-109.08,0,0,0,0,0,0
0,0,0,2014255,-74.63,-109.08,1,0,0,0,11,5
-75.0436,-109.9299,1,2014256,-74.63,-109.08,0,0,0,0,0,0
-75.0436,-109.9299,1,2014257,-74.63,-109.08,0,0,0,0,0,0
-75.0638,-109.8967,1,2014258,-74.63,-109.08,0,0,0,0,0,0
-75.0638,-109.8967,1,2014259,-74.63,-109.08,0,0,0,0,0,0
-75.0638,-109.8967,1,2014260,-74.63,-109.08,0,0,0,0,0,0
-75.0638,-109.8967,1,2014261,-74.63,-109.08,0,0,0,0,0,0
-75.0638,-109.8967,1,2014262,-74.63,-109.08,1,0,0,0,11,5
-75.0638,-109.8967,1,2014263,-74.63,-109.08,0,0,0,0,0,0
-75.0638,-109.8967,1,2014264,-74.63,-109.08,0,0,0,0,0,0
-75.0638,-109.8967,1,2014265,-74.63,-109.08,0,0,0,0,0,0
-75.0638,-109.8967,1,2014266,-74.63,-109.08,0,0,0,0,0,0
-75.0638,-109.8967,1,2014267,-74.63,-109.08,0,0,0,0,0,0
-75.0638,-109.8967,1,2014268,-74.63,-109.08,0,0,0,0,0,0
0,0,0,2014269,-74.63,-109.08,1,0,0,0,11,5
0,0,0,2014270,-74.63,-109.08,0,0,0,0,0,0
-75.0638,-109.8967,1,2014271,-74.63,-109.08,0,0,0,0,0,0
-75.0638,-109.8967,1,2014272,-74.63,-109.08,0,0,0,0,0,0
-75.0638,-109.8967,1,2014273,-74.63,-109.08,0,0,0,0,0,0
-75.0638,-109.8967,1,2014274,-74.63,-109.08,0,0,0,0,0,0
-75.0638,-109.8967,1,2014275,-74.63,-109.08,0,0,0,0,0,0
-75.0638,-109.8967,1,2014276,-74.63,-109.08,1,0,0,0,11,5
-75.0638,-109.8967,1,2014277,-74.63,-109.08,0,0,0,0,0,0
-75.0638,-109.8967,1,2014278,-74.63,-109.08,0,0,0,0,0,0
-75.0638,-109.8967,1,2014279,-74.63,-109.08,0,0,0,0,0,0
-75.0638,-109.8967,1,2014280,-74.63,-109.08,0,0,0,0,0,0
-75.0638,-109.8967,1,2014281,-74.63,-109.08,0,0,0,0,0,0
-75.0638,-109.8967,1,2014282,-74.63,-109.08,0,0,0,0,0,0
-75.0638,-109.8967,1,2014283,-74.63,-109.08,1,0,0,0,11,5
-75.0638,-109.8967,1,2014284,-74.63,-109.08,0,0,0,0,0,0
-75.0638,-109.8967,1,2014285,-74.63,-109.08,0,0,0,0,0,0
-75.0638,-109.8967,1,2014286,-74.63,-109.08,0,0,0,0,0,0
-75.0638,-109.8967,1,2014287,-74.63,-109.08,0,0,0,0,0,0
-75.0638,-109.8967,1,2014288,-74.63,-109.08,0,0,0,0,0,0
-75.0638,-109.8967,1,2014289,-74.63,-109.08,0,0,0,0,0,0
-75.0638,-109.8967,1,2014290,-74.63,-109.08,1,0,0,0,11,5
-75.0638,-109.8967,1,2014291,-74.63,-109.08,0,0,0,0,0,0
-75.0638,-109.8967,1,2014292,-74.63,-109.08,0,0,0,0,0,0
-75.0638,-109.8967,1,2014293,-74.63,-109.08,0,0,0,0,0,0
-75.0638,-109.8967,1,2014294,-74.63,-109.08,0,0,0,0,0,0
-75.0638,-109.8967,1,2014295,-74.63,-109.08,0,0,0,0,0,0
-75.0638,-109.8967,1,2014296,-74.63,-109.08,0,0,0,0,0,0
-75.0814,-109.8802,1,2014297,-74.63,-109.08,1,0,0,0,11,5
-75.0814,-109.8802,1,2014298,-74.63,-109.08,0,0,0,0,0,0
-75.0814,-109.8802,1,2014299,-74.63,-109.08,0,0,0,0,0,0
-75.0814,-109.8802,1,2014300,-74.63,-109.08,0,0,0,0,0,0
-75.0814,-109.8802,1,2014301,-74.63,-109.08,0,0,0,0,0,0
-75.0814,-109.8802,1,2014302,-74.63,-109.08,0,0,0,0,0,0
-75.0814,-109.8802,1,2014303,-74.63,-109.08,0,0,0,0,0,0
-75.0814,-109.8802,1,2014304,-74.63,-109.08,1,0,0,0,11,5
-75.0814,-109.8802,1,2014305,-74.63,-109.08,0,0,0,0,0,0
-75.0814,-109.8802,1,2014306,-74.63,-109.08,0,0,0,0,0,0
-75.0814,-109.8802,1,2014307,-74.63,-109.08,0,0,0,0,0,0
-75.0814,-109.8802,1,2014308,-74.63,-109.08,0,0,0,0,0,0
-75.0814,-109.8802,1,2014309,-74.63,-109.08,0,0,0,0,0,0
-75.0814,-109.8802,1,2014310,-74.63,-109.08,0,0,0,0,0,0
-75.0814,-109.8802,1,2014311,-74.63,-109.08,1,0,0,0,11,5
-75.0814,-109.8802,1,2014312,-74.63,-109.08,0,0,0,0,0,0
-75.0814,-109.8802,1,2014313,-74.63,-109.08,0,0,0,0,0,0
-75.0814,-109.8802,1,2014314,-74.63,-109.08,0,0,0,0,0,0
-75.0814,-109.8802,1,2014315,-74.63,-109.08,0,0,0,0,0,0
-75.0814,-109.8802,1,2014316,-74.63,-109.08,0,0,0,0,0,0
0,0,0,2014317,-74.63,-109.08,0,0,0,0,0,0
-75.0814,-109.8802,1,2014318,-74.63,-109.08,1,0,0,0,11,5
-75.0814,-109.8802,1,2014319,-74.63,-109.08,0,0,0,0,0,0
-75.0814,-109.8802,1,2014320,-74.63,-109.08,0,0,0,0,0,0
-75.0814,-109.8802,1,2014321,-74.63,-109.08,0,0,0,0,0,0
-75.0814,-109.8802,1,2014322,-74.63,-109.08,0,0,0,0,0,0
-75.0814,-109.8802,1,2014323,-74.63,-109.08,0,0,0,0,0,0
-75.0814,-109.8802,1,2014324,-74.63,-109.08,0,0,0,0,0,0
-75.0814,-109.8802,1,2014325,-74.63,-109.08,1,0,0,0,11,5
-75.0814,-109.8802,1,2014326,0,0,0,0,0,0,0,0
-75.0814,-109.8802,1,2014327,0,0,0,0,0,0,0,0
-75.0814,-109.8802,1,2014328,0,0,0,0,0,0,0,0
-75.0814,-109.8802,1,2014329,0,0,0,0,0,0,0,0
-75.0814,-109.8802,1,2014330,0,0,0,0,0,0,0,0
-75.0814,-109.8802,1,2014331,0,0,0,0,0,0,0,0
-75.0814,-109.8802,1,2014332,0,0,0,0,0,0,0,0
-75.0814,-109.8802,1,2014333,0,0,0,0,0,0,0,0
-75.0814,-109.8802,1,2014334,0,0,0,0,0,0,0,0
-75.0814,-109.8802,1,2014335,0,0,0,0,0,0,0,0
-75.0814,-109.8802,1,2014336,0,0,0,0,0,0,0,0
-75.0814,-109.8802,1,2014337,0,0,0,0,0,0,0,0
-75.0814,-109.8802,1,2014338,0,0,0,0,0,0,0,0
-75.0814,-109.8802,1,2014339,-74.63,-109.08,1,0,0,0,11,5
-75.0814,-109.8802,1,2014340,-74.63,-109.08,0,0,0,0,0,0
-75.0814,-109.8802,1,2014341,-74.63,-109.08,0,0,0,0,0,0
-75.0814,-109.8802,1,2014342,-74.63,-109.08,0,0,0,0,0,0
0,0,0,2014343,-74.63,-109.08,0,0,0,0,0,0
-75.0814,-109.8802,1,2014344,-74.63,-109.08,0,0,0,0,0,0
-75.0814,-109.8802,1,2014345,-74.63,-109.08,1,0,0,0,11,5
0,0,0,2014346,-74.63,-109.08,0,0,0,0,0,0
-75.0814,-109.8802,1,2014347,-74.63,-109.08,0,0,0,0,0,0
-75.0814,-109.8802,1,2014348,-74.63,-109.08,0,0,0,0,0,0
-75.0814,-109.8802,1,2014349,-74.63,-109.08,0,0,0,0,0,0
0,0,0,2014350,-74.63,-109.08,0,0,0,0,0,0
-75.0814,-109.8802,1,2014351,-74.63,-109.08,0,0,0,0,0,0
-75.0814,-109.8802,1,2014352,-74.63,-109.08,0,0,0,0,0,0
-75.0814,-109.8802,1,2014353,-74.63,-109.08,1,0,0,0,11,5
-75.0814,-109.8802,1,2014354,-74.63,-109.08,0,0,0,0,0,0
-75.0814,-109.8802,1,2014355,-74.63,-109.08,0,0,0,0,0,0
-75.0814,-109.8802,1,2014356,-74.63,-109.08,0,0,0,0,0,0
-75.0814,-109.8802,1,2014357,-74.63,-109.08,0,0,0,0,0,0
-75.0814,-109.8802,1,2014358,-74.63,-109.08,0,0,0,0,0,0
-75.0814,-109.8802,1,2014359,-74.63,-109.08,0,0,0,0,0,0
-75.0814,-109.8802,1,2014360,-74.63,-109.08,1,0,0,0,11,5
-75.0814,-109.8802,1,2014361,-74.63,-109.08,0,0,0,0,0,0
-75.0814,-109.8802,1,2014362,-74.63,-109.08,0,0,0,0,0,0
-75.0814,-109.8802,1,2014363,-74.63,-109.08,0,0,0,0,0,0
-75.0814,-109.8802,1,2014364,-74.63,-109.08,0,0,0,0,0,0
-75.0814,-109.8802,1,2014365,-74.63,-109.08,0,0,0,0,0,0
-75.0814,-109.8802,1,2015001,-74.63,-109.08,0,0,0,0,0,0
-75.0814,-109.8802,1,2015002,-74.63,-109.08,1,0,0,0,11,5
-75.0814,-109.8802,1,2015003,-74.63,-109.08,0,0,0,0,0,0
-75.0814,-109.8802,1,2015004,-74.63,-109.08,0,0,0,0,0,0
-75.0814,-109.8802,1,2015005,-74.63,-109.08,0,0,0,0,0,0
-75.0814,-109.8802,1,2015006,-74.63,-109.08,0,0,0,0,0,0
-75.0814,-109.8802,1,2015007,-74.63,-109.08,0,0,0,0,0,0
-75.0814,-109.8802,1,2015008,-74.63,-109.08,0,0,0,0,0,0
0,0,0,2015009,-74.63,-109.08,1,0,0,0,11,5
-75.1585,-109.8229,1,2015010,-74.63,-109.08,0,0,0,0,0,0
-75.1585,-109.8229,1,2015011,-74.63,-109.08,0,0,0,0,0,0
-75.1585,-109.8229,1,2015012,-74.63,-109.08,0,0,0,0,0,0
-75.1585,-109.8229,1,2015013,-74.63,-109.08,0,0,0,0,0,0
-75.1585,-109.8229,1,2015014,-74.63,-109.08,0,0,0,0,0,0
-74.536,-109.0622,1,2015015,-74.63,-109.08,0,0,0,0,0,0
-74.536,-109.0622,1,2015016,-74.63,-109.08,1,0,0,0,11,5
-74.536,-109.0622,1,2015017,-74.63,-109.08,0,0,0,0,0,0
-74.536,-109.0622,1,2015018,-74.63,-109.08,0,0,0,0,0,0
-74.536,-109.0622,1,2015019,-74.63,-109.08,0,0,0,0,0,0
-74.536,-109.0622,1,2015020,-74.63,-109.08,0,0,0,0,0,0
-74.536,-109.0622,1,2015021,-74.63,-109.08,0,0,0,0,0,0
-74.536,-109.0622,1,2015022,-74.63,-109.08,0,0,0,0,0,0
-74.536,-109.0622,0,2015023,-74.63,-109.08,1,0,0,0,11,5
-74.536,-109.0622,1,2015024,-74.63,-109.08,0,0,0,0,0,0
-74.536,-109.0622,1,2015025,-74.63,-109.08,0,0,0,0,0,0
-74.536,-109.0622,1,2015026,-74.63,-109.08,0,0,0,0,0,0
-74.5263,-109.1289,1,2015027,-74.63,-109.08,0,0,0,0,0,0
-74.5263,-109.1289,1,2015028,-74.63,-109.08,0,0,0,0,0,0
-74.5263,-109.1289,1,2015029,-74.63,-109.08,0,0,0,0,0,0
-74.5263,-109.1289,0,2015030,-74.63,-109.08,1,0,0,0,11,5
-74.5263,-109.1289,1,2015031,-74.63,-109.08,0,0,0,0,0,0
-74.5263,-109.1289,1,2015032,-74.63,-109.08,0,0,0,0,0,0
-74.5263,-109.1289,1,2015033,-74.63,-109.08,0,0,0,0,0,0
-74.5164,-109.2363,1,2015034,-74.63,-109.08,0,0,0,0,0,0
-74.5164,-109.2363,1,2015035,-74.63,-109.08,0,0,0,0,0,0
-74.6572,-109.0639,1,2015036,-74.63,-109.08,0,0,0,0,0,0
-74.6572,-109.0639,1,2015037,-74.63,-109.08,1,0,0,0,11,5
-74.6572,-109.0639,1,2015038,-74.63,-109.08,0,0,0,0,0,0
-74.6572,-109.0639,1,2015039,-74.63,-109.08,0,0,0,0,0,0
-74.6572,-109.0639,1,2015040,-74.63,-109.08,0,0,0,0,0,0
-74.6572,-109.0639,1,2015041,-74.63,-109.08,0,0,0,0,0,0
-74.6572,-109.0639,1,2015042,-74.63,-109.08,0,0,0,0,0,0
-74.6572,-109.0639,1,2015043,-74.63,-109.08,0,0,0,0,0,0
-74.6572,-109.0639,0,2015044,-74.63,-109.08,1,0,0,0,11,5
-74.6572,-109.0639,1,2015045,-74.63,-109.08,0,0,0,0,0,0
-74.6572,-109.0639,1,2015046,-74.63,-109.08,0,0,0,0,0,0
-74.6572,-109.0639,1,2015047,-74.63,-109.08,0,0,0,0,0,0
-74.6572,-109.0639,1,2015048,-74.63,-109.08,0,0,0,0,0,0
-74.6572,-109.0639,1,2015049,-74.63,-109.08,0,0,0,0,0,0
-74.6572,-109.0639,0,2015050,-74.63,-109.08,0,0,0,0,0,0
-74.6572,-109.0639,1,2015051,-74.63,-109.08,1,0,0,0,11,5
-74.6572,-109.0639,1,2015052,-74.63,-109.08,0,0,0,0,0,0
-74.6572,-109.0639,1,2015053,-74.63,-109.08,0,0,0,0,0,0
-74.6572,-109.0639,1,2015054,-74.63,-109.08,0,0,0,0,0,0
-74.6572,-109.0639,1,2015055,-74.63,-109.08,0,0,0,0,0,0
-74.6572,-109.0639,1,2015056,-74.63,-109.08,0,0,0,0,0,0
-74.6572,-109.0639,1,2015057,-74.63,-109.08,0,0,0,0,0,0
-74.6572,-109.0639,1,2015058,-74.63,-109.08,1,0,0,0,11,5
-74.6572,-109.0639,1,2015059,-74.63,-109.08,0,0,0,0,0,0
-74.6572,-109.0639,1,2015060,-74.63,-109.08,0,0,0,0,0,0
-74.6572,-109.0639,0,2015061,-74.63,-109.08,0,0,0,0,0,0
-74.6572,-109.0639,1,2015062,-74.63,-109.08,0,0,0,0,0,0
-74.6572,-109.0639,1,2015063,-74.63,-109.08,0,0,0,0,0,0
-74.6572,-109.0639,1,2015064,-74.63,-109.08,0,0,0,0,0,0
-74.6572,-109.0639,1,2015065,-74.63,-109.08,1,0,0,0,11,5
-74.6572,-109.0639,1,2015066,-74.63,-109.08,0,0,0,0,0,0
-74.6572,-109.0639,1,2015067,-74.63,-109.08,0,0,0,0,0,0
-74.6572,-109.0639,1,2015068,-74.63,-109.08,0,0,0,0,0,0
-74.6572,-109.0639,1,2015069,-74.63,-109.08,0,0,0,0,0,0
-74.6572,-109.0639,1,2015070,-74.63,-109.08,0,0,0,0,0,0
-74.6572,-109.0639,1,2015071,-74.63,-109.08,0,0,0,0,0,0
-74.6572,-109.0639,1,2015072,-74.63,-109.08,1,0,0,0,11,5
-74.6572,-109.0639,1,2015073,-74.63,-109.08,0,0,0,0,0,0
-74.6572,-109.0639,1,2015074,-74.63,-109.08,0,0,0,0,0,0
-74.6572,-109.0639,0,2015075,-74.63,-109.08,0,0,0,0,0,0
-74.6572,-109.0639,1,2015076,-74.63,-109.08,0,0,0,0,0,0
-74.6572,-109.0639,1,2015077,-74.63,-109.08,0,0,0,0,0,0
-74.6572,-109.0639,1,2015078,-74.63,-109.08,0,0,0,0,0,0
-74.6572,-109.0639,1,2015079,-74.63,-109.08,1,0,0,0,11,5
-74.6572,-109.0639,1,2015080,-74.63,-109.08,0,0,0,0,0,0
-74.6572,-109.0639,1,2015081,-74.63,-109.08,0,0,0,0,0,0
-74.6572,-109.0639,1,2015082,-74.63,-109.08,0,0,0,0,0,0
-74.6572,-109.0639,1,2015083,-74.63,-109.08,0,0,0,0,0,0
-74.6572,-109.0639,0,2015084,-74.63,-109.08,0,0,0,0,0,0
-74.6572,-109.0639,1,2015085,-74.63,-109.08,0,0,0,0,0,0
-74.6572,-109.0639,1,2015086,-74.63,-109.08,1,0,0,0,11,5
-74.6572,-109.0639,1,2015087,-74.63,-109.08,0,0,0,0,0,0
-74.6572,-109.0639,1,2015088,-74.63,-109.08,0,0,0,0,0,0
-74.6572,-109.0639,1,2015089,-74.63,-109.08,0,0,0,0,0,0
-74.6572,-109.0639,1,2015090,-74.63,-109.08,0,0,0,0,0,0
-74.6572,-109.0639,1,2015091,-74.63,-109.08,0,0,0,0,0,0
-74.6572,-109.0639,1,2015092,-74.63,-109.08,0,0,0,0,0,0
-74.6572,-109.0639,0,2015093,-74.63,-109.08,1,0,0,0,11,5
-74.6572,-109.0639,1,2015094,-74.63,-109.08,0,0,0,0,0,0
-74.6572,-109.0639,1,2015095,-74.63,-109.08,0,0,0,0,0,0
-74.6572,-109.0639,1,2015096,-74.63,-109.08,0,0,0,0,0,0
-74.6572,-109.0639,1,2015097,-74.63,-109.08,0,0,0,0,0,0
-74.6572,-109.0639,1,2015098,-74.63,-109.08,0,0,0,0,0,0
-74.6572,-109.0639,1,2015099,-74.63,-109.08,0,0,0,0,0,0
-74.6572,-109.0639,0,2015100,-74.63,-109.08,1,0,0,0,11,5
-74.6572,-109.0639,1,2015101,-74.63,-109.08,0,0,0,0,0,0
-74.6572,-109.0639,1,2015102,-74.63,-109.08,0,0,0,0,0,0
-74.6572,-109.0639,1,2015103,-74.63,-109.08,0,0,0,0,0,0
-74.6399,-108.9966,1,2015104,-74.63,-109.08,0,0,0,0,0,0
-74.6399,-108.9966,1,2015105,-74.63,-109.08,0,0,0,0,0,0
-74.6399,-108.9966,1,2015106,-74.63,-109.08,0,0,0,0,0,0
-74.6399,-108.9966,1,2015107,-74.63,-109.08,1,0,0,0,11,5
-74.6399,-108.9966,1,2015108,-74.63,-109.08,0,0,0,0,0,0
-74.6399,-108.9966,1,2015109,-74.63,-109.08,0,0,0,0,0,0
-74.6399,-108.9966,1,2015110,-74.63,-109.08,0,0,0,0,0,0
-74.637,-108.9988,1,2015111,-74.63,-109.08,0,0,0,0,0,0
-74.637,-108.9988,1,2015112,-74.63,-109.08,0,0,0,0,0,0
-74.637,-108.9988,1,2015113,-74.63,-109.08,0,0,0,0,0,0
-74.637,-108.9988,1,2015114,-74.63,-109.08,1,0,0,0,11,5
-74.6061,-109.1021,1,2015115,-74.63,-109.08,0,0,0,0,0,0
-74.6061,-109.1021,1,2015116,-74.63,-109.08,0,0,0,0,0,0
-74.6061,-109.1021,1,2015117,-74.63,-109.08,0,0,0,0,0,0
-74.6061,-109.1021,1,2015118,-74.63,-109.08,0,0,0,0,0,0
-74.6061,-109.1021,1,2015119,-74.63,-109.08,0,0,0,0,0,0
-74.6061,-109.1021,1,2015120,-74.63,-109.08,0,0,0,0,0,0
-74.6061,-109.1021,1,2015121,-74.63,-109.08,1,0,0,0,11,5
-74.6061,-109.1021,1,2015122,-74.63,-109.08,0,0,0,0,0,0
-74.6061,-109.1021,1,2015123,-74.63,-109.08,0,0,0,0,0,0
-74.6061,-109.1021,0,2015124,-74.63,-109.08,0,0,0,0,0,0
-74.6061,-109.1021,1,2015125,-74.63,-109.08,0,0,0,0,0,0
-74.6061,-109.1021,1,2015126,-74.63,-109.08,0,0,0,0,0,0
-74.5992,-109.0032,1,2015127,-74.63,-109.08,0,0,0,0,0,0
-74.5992,-109.0032,1,2015128,-74.63,-109.08,1,0,0,0,11,5
-74.5992,-109.0032,1,2015129,-74.63,-109.08,0,0,0,0,0,0
-74.5992,-109.0032,1,2015130,-74.63,-109.08,0,0,0,0,0,0
-74.5992,-109.0032,1,2015131,-74.63,-109.08,0,0,0,0,0,0
-74.5992,-109.0032,0,2015132,-74.63,-109.08,0,0,0,0,0,0
-74.5992,-109.0032,1,2015133,-74.63,-109.08,0,0,0,0,0,0
-74.5992,-109.0032,1,2015134,-74.63,-109.08,0,0,0,0,0,0
-74.5992,-109.0032,1,2015135,-74.63,-109.08,1,0,0,0,11,5
-74.5992,-109.0032,1,2015136,-74.63,-109.08,0,0,0,0,0,0
-74.5992,-109.0032,1,2015137,-74.63,-109.08,0,0,0,0,0,0
-74.5992,-109.0032,1,2015138,-74.63,-109.08,0,0,0,0,0,0
-74.5992,-109.0032,1,2015139,-74.63,-109.08,0,0,0,0,0,0
-74.5992,-109.0032,0,2015140,-74.63,-109.08,0,0,0,0,0,0
-74.5992,-109.0032,1,2015141,-74.63,-109.08,0,0,0,0,0,0
-74.5992,-109.0032,1,2015142,-74.63,-109.08,1,0,0,0,11,5
-74.5992,-109.0032,1,2015143,-74.63,-109.08,0,0,0,0,0,0
-74.5992,-109.0032,1,2015144,-74.63,-109.08,0,0,0,0,0,0
-74.5798,-109.0305,1,2015145,-74.63,-109.08,0,0,0,0,0,0
-74.5783,-108.9404,1,2015146,-74.63,-109.08,0,0,0,0,0,0
-74.6056,-108.9939,1,2015147,-74.63,-109.08,0,0,0,0,0,0
-74.6113,-108.9297,1,2015148,-74.63,-109.08,0,0,0,0,0,0
-74.5988,-108.9493,1,2015149,-74.63,-109.08,1,0,0,0,11,5
-74.5988,-108.9493,1,2015150,-74.63,-109.08,0,0,0,0,0,0
-74.5988,-108.9493,1,2015151,-74.63,-109.08,0,0,0,0,0,0
-74.5988,-108.9493,1,2015152,-74.63,-109.08,0,0,0,0,0,0
-74.5988,-108.9493,1,2015153,-74.63,-109.08,0,0,0,0,0,0
-74.5988,-108.9493,1,2015154,-74.63,-109.08,0,0,0,0,0,0
-74.5988,-108.9493,1,2015155,-74.63,-109.08,0,0,0,0,0,0
-74.5988,-108.9493,1,2015156,-74.63,-109.08,1,0,0,0,11,5
-74.626,-109.0026,0,2015157,-74.63,-109.08,0,0,0,0,0,0
-74.6533,-109.0559,1,2015158,-74.63,-109.08,0,0,0,0,0,0
-74.6533,-109.0559,1,2015159,-74.63,-109.08,0,0,0,0,0,0
-74.6533,-109.0559,1,2015160,-74.63,-109.08,0,0,0,0,0,0
-74.6533,-109.0559,1,2015161,-74.63,-109.08,0,0,0,0,0,0
-74.6533,-109.0559,1,2015162,-74.63,-109.08,0,0,0,0,0,0
-74.6533,-109.0559,1,2015163,-74.63,-109.08,1,0,0,0,11,5
-74.6533,-109.0559,1,2015164,-74.63,-109.08,0,0,0,0,0,0
-74.6533,-109.0559,1,2015165,-74.63,-109.08,0,0,0,0,0,0
-74.6391,-109.3249,1,2015166,-74.63,-109.08,0,0,0,0,0,0
-74.6391,-109.3249,1,2015167,-74.63,-109.08,0,0,0,0,0,0
-74.6391,-109.3249,1,2015168,-74.63,-109.08,0,0,0,0,0,0
-74.6391,-109.3249,1,2015169,-74.63,-109.08,0,0,0,0,0,0
-74.3599,-109.1026,1,2015170,-74.63,-109.08,1,0,0,0,11,5
-74.3599,-109.1026,0,2015171,-74.63,-109.08,0,0,0,0,0,0
-74.3599,-109.1026,1,2015172,-74.63,-109.08,0,0,0,0,0,0
-74.3599,-109.1026,1,2015173,-74.63,-109.08,0,0,0,0,0,0
-74.3599,-109.1026,0,2015174,-74.63,-109.08,0,0,0,0,0,0
-74.3599,-109.1026,1,2015175,-74.63,-109.08,0,0,0,0,0,0
-74.3599,-109.1026,1,2015176,-74.63,-109.08,0,0,0,0,0,0
-74.3599,-109.1026,1,2015177,-74.63,-109.08,1,0,0,0,11,5
-74.3599,-109.1026,1,2015178,-74.63,-109.08,0,0,0,0,0,0
-74.3599,-109.1026,1,2015179,-74.63,-109.08,0,0,0,0,0,0
-74.3599,-109.1026,1,2015180,-74.63,-109.08,0,0,0,0,0,0
-74.3599,-109.1026,0,2015181,-74.63,-109.08,0,0,0,0,0,0
-74.3599,-109.1026,1,2015182,-74.63,-109.08,0,0,0,0,0,0
-74.3599,-109.1026,1,2015183,-74.63,-109.08,0,0,0,0,0,0
-74.3599,-109.1026,1,2015184,-74.63,-109.08,1,0,0,0,11,5
-74.3599,-109.1026,1,2015185,-74.63,-109.08,0,0,0,0,0,0
-74.3599,-109.1026,1,2015186,-74.63,-109.08,0,0,0,0,0,0
-74.3599,-109.1026,1,2015187,-74.63,-109.08,0,0,0,0,0,0
-74.3599,-109.1026,1,2015188,-74.63,-109.08,0,0,0,0,0,0
-74.3599,-109.1026,1,2015189,-74.63,-109.08,0,0,0,0,0,0
-74.3599,-109.1026,1,2015190,-74.63,-109.08,0,0,0,0,0,0
-74.3113,-109.0576,1,2015191,-74.63,-109.08,1,0,0,0,11,5
-74.3113,-109.0576,1,2015192,-74.63,-109.08,0,0,0,0,0,0
-74.3113,-109.0576,1,2015193,-74.63,-109.08,0,0,0,0,0,0
-74.3113,-109.0576,0,2015194,-74.63,-109.08,0,0,0,0,0,0
-74.3113,-109.0576,1,2015195,-74.63,-109.08,0,0,0,0,0,0
-74.3113,-109.0576,1,2015196,-74.63,-109.08,0,0,0,0,0,0
-74.3113,-109.0576,1,2015197,-74.63,-109.08,0,0,0,0,0,0
-74.3113,-109.0576,1,2015198,-74.63,-109.08,1,0,0,0,11,5
-74.3113,-109.0576,1,2015199,0,0,0,0,0,0,0,0
-74.3113,-109.0576,1,2015200,0,0,0,0,0,0,0,0
-74.3113,-109.0576,0,2015201,0,0,0,0,0,0,0,0
-74.3113,-109.0576,1,2015202,0,0,0,0,0,0,0,0
-74.3113,-109.0576,1,2015203,0,0,0,0,0,0,0,0
-74.3342,-109.1573,1,2015204,0,0,0,0,0,0,0,0
-74.3184,-109.436,1,2015205,0,0,0,0,0,0,0,0
-74.3184,-109.436,1,2015206,0,0,0,0,0,0,0,0
-74.3184,-109.436,1,2015207,0,0,0,0,0,0,0,0
-74.3184,-109.436,1,2015208,0,0,0,0,0,0,0,0
-74.3184,-109.436,1,2015209,0,0,0,0,0,0,0,0
-74.3184,-109.436,1,2015210,0,0,0,0,0,0,0,0
-74.3184,-109.436,1,2015211,0,0,0,0,0,0,0,0
-74.3184,-109.436,0,2015212,-74.63,-109.08,1,0,0,0,11,5
-74.3184,-109.436,1,2015213,-74.63,-109.08,0,0,0,0,0,0
-74.3184,-109.436,1,2015214,-74.63,-109.08,0,0,0,0,0,0
-74.3184,-109.436,1,2015215,-74.63,-109.08,0,0,0,0,0,0
-74.3184,-109.436,1,2015216,-74.63,-109.08,0,0,0,0,0,0
-74.3184,-109.436,1,2015217,-74.63,-109.08,0,0,0,0,0,0
-74.306,-109.4541,1,2015218,-74.63,-109.08,0,0,0,0,0,0
-74.306,-109.4541,1,2015219,-74.63,-109.08,1,0,0,0,11,5
-74.306,-109.4541,1,2015220,-74.63,-109.08,0,0,0,0,0,0
-74.306,-109.4541,1,2015221,-74.63,-109.08,0,0,0,0,0,0
-74.306,-109.4541,1,2015222,-74.63,-109.08,0,0,0,0,0,0
-74.306,-109.4541,1,2015223,-74.63,-109.08,0,0,0,0,0,0
-74.306,-109.4541,1,2015224,-74.63,-109.08,0,0,0,0,0,0
-74.306,-109.4541,1,2015225,-74.63,-109.08,0,0,0,0,0,0
-74.3004,-109.0601,1,2015226,-74.63,-109.08,1,0,0,0,11,5
-74.3004,-109.0601,1,2015227,0,0,0,0,0,0,0,0
-74.3004,-109.0601,1,2015228,0,0,0,0,0,0,0,0
-74.3119,-109.1809,0,2015229,0,0,0,0,0,0,0,0
-74.3233,-109.3017,1,2015230,0,0,0,0,0,0,0,0
-74.3233,-109.3017,1,2015231,0,0,0,0,0,0,0,0
-74.3233,-109.3017,1,2015232,0,0,0,0,0,0,0,0
-74.3233,-109.3017,1,2015233,0,0,0,0,0,0,0,0
-74.3233,-109.3017,1,2015234,0,0,0,0,0,0,0,0
-74.3233,-109.3017,1,2015235,0,0,0,0,0,0,0,0
-74.3233,-109.3017,1,2015236,0,0,0,0,0,0,0,0
-74.3233,-109.3017,1,2015237,0,0,0,0,0,0,0,0
-74.3233,-109.3017,1,2015238,0,0,0,0,0,0,0,0
-74.3233,-109.3017,1,2015239,0,0,0,0,0,0,0,0
-74.3233,-109.3017,1,2015240,-74.63,-109.08,1,0,0,0,11,5
-74.3233,-109.3017,1,2015241,0,0,0,0,0,0,0,0
-74.3233,-109.3017,1,2015242,0,0,0,0,0,0,0,0
-74.3233,-109.3017,1,2015243,0,0,0,0,0,0,0,0
-74.3233,-109.3017,1,2015244,0,0,0,0,0,0,0,0
-74.3233,-109.3017,1,2015245,0,0,0,0,0,0,0,0
-74.3233,-109.3017,1,2015246,0,0,0,0,0,0,0,0
-74.3233,-109.3017,1,2015247,0,0,0,0,0,0,0,0
-74.3233,-109.3017,1,2015248,0,0,0,0,0,0,0,0
-74.3233,-109.3017,1,2015249,0,0,0,0,0,0,0,0
-74.3233,-109.3017,1,2015250,0,0,0,0,0,0,0,0
-74.3233,-109.3017,1,2015251,0,0,0,0,0,0,0,0
-74.3233,-109.3017,0,2015252,0,0,0,0,0,0,0,0
-74.3233,-109.3017,1,2015253,0,0,0,0,0,0,0,0
-74.3233,-109.3017,1,2015254,0,0,0,0,0,0,0,0
-74.3233,-109.3017,1,2015255,0,0,0,0,0,0,0,0
-74.3438,-109.2139,1,2015256,0,0,0,0,0,0,0,0
-74.3438,-109.2139,1,2015257,0,0,0,0,0,0,0,0
-74.3438,-109.2139,1,2015258,0,0,0,0,0,0,0,0
-74.3438,-109.2139,1,2015259,0,0,0,0,0,0,0,0
-74.3438,-109.2139,0,2015260,0,0,0,0,0,0,0,0
-74.3438,-109.2139,1,2015261,0,0,0,0,0,0,0,0
-74.3438,-109.2139,1,2015262,0,0,0,0,0,0,0,0
-74.3438,-109.2139,1,2015263,0,0,0,0,0,0,0,0
-74.3438,-109.2139,0,2015264,0,0,0,0,0,0,0,0
-74.3438,-109.2139,1,2015265,0,0,0,0,0,0,0,0
-74.3438,-109.2139,1,2015266,0,0,0,0,0,0,0,0
-74.3438,-109.2139,1,2015267,0,0,0,0,0,0,0,0
-74.3438,-109.2139,1,2015268,0,0,0,0,0,0,0,0
-74.3438,-109.2139,1,2015269,0,0,0,0,0,0,0,0
-74.3438,-109.2139,1,2015270,0,0,0,0,0,0,0,0
-74.3438,-109.2139,1,2015271,0,0,0,0,0,0,0,0
-74.3438,-109.2139,0,2015272,0,0,0,0,0,0,0,0
-74.3438,-109.2139,1,2015273,0,0,0,0,0,0,0,0
-74.3438,-109.2139,1,2015274,0,0,0,0,0,0,0,0
-74.3438,-109.2139,1,2015275,0,0,0,0,0,0,0,0
-74.3438,-109.2139,1,2015276,0,0,0,0,0,0,0,0
-74.3438,-109.2139,1,2015277,0,0,0,0,0,0,0,0
-74.3438,-109.2139,1,2015278,0,0,0,0,0,0,0,0
-74.3438,-109.2139,1,2015279,0,0,0,0,0,0,0,0
-74.3438,-109.2139,0,2015280,0,0,0,0,0,0,0,0
-74.3438,-109.2139,1,2015281,0,0,0,0,0,0,0,0
-74.3505,-109.4563,1,2015282,0,0,0,0,0,0,0,0
-74.3505,-109.4563,1,2015283,0,0,0,0,0,0,0,0
-74.3505,-109.4563,1,2015284,0,0,0,0,0,0,0,0
-74.3505,-109.4563,1,2015285,0,0,0,0,0,0,0,0
-74.3505,-109.4563,0,2015286,0,0,0,0,0,0,0,0
-74.3505,-109.4563,1,2015287,0,0,0,0,0,0,0,0
-74.3505,-109.4563,1,2015288,0,0,0,0,0,0,0,0
-74.3505,-109.4563,1,2015289,0,0,0,0,0,0,0,0
-74.3505,-109.4563,1,2015290,0,0,0,0,0,0,0,0
-74.3505,-109.4563,1,2015291,0,0,0,0,0,0,0,0
-74.3505,-109.4563,0,2015292,0,0,0,0,0,0,0,0
-74.3505,-109.4563,1,2015293,0,0,0,0,0,0,0,0
-74.3505,-109.4563,1,2015294,0,0,0,0,0,0,0,0
-74.3505,-109.4563,1,2015295,0,0,0,0,0,0,0,0
-74.3505,-109.4563,1,2015296,0,0,0,0,0,0,0,0
-74.3505,-109.4563,1,2015297,0,0,0,0,0,0,0,0
-74.364,-109.4068,1,2015298,0,0,0,0,0,0,0,0
-74.364,-109.4068,1,2015299,0,0,0,0,0,0,0,0
-74.364,-109.4068,1,2015300,0,0,0,0,0,0,0,0
-74.364,-109.4068,1,2015301,0,0,0,0,0,0,0,0
-74.364,-109.4068,1,2015302,0,0,0,0,0,0,0,0
-74.364,-109.4068,1,2015303,0,0,0,0,0,0,0,0
-74.3648,-109.3953,1,2015304,0,0,0,0,0,0,0,0
-74.3648,-109.3953,1,2015305,0,0,0,0,0,0,0,0
-74.3648,-109.3953,1,2015306,0,0,0,0,0,0,0,0
-74.3648,-109.3953,1,2015307,0,0,0,0,0,0,0,0
-74.3648,-109.3953,1,2015308,0,0,0,0,0,0,0,0
-74.3648,-109.3953,1,2015309,0,0,0,0,0,0,0,0
-74.3648,-109.3953,1,2015310,0,0,0,0,0,0,0,0
-74.3648,-109.3953,1,2015311,0,0,0,0,0,0,0,0
-74.3648,-109.3953,1,2015312,0,0,0,0,0,0,0,0
-74.3694,-109.3991,0,2015313,0,0,0,0,0,0,0,0
-74.3739,-109.4072,1,2015314,0,0,0,0,0,0,0,0
-74.291,-109.4199,1,2015315,0,0,0,0,0,0,0,0
-74.291,-109.4199,1,2015316,0,0,0,0,0,0,0,0
-74.291,-109.4199,1,2015317,0,0,0,0,0,0,0,0
-74.291,-109.4199,1,2015318,0,0,0,0,0,0,0,0
-74.291,-109.4199,1,2015319,0,0,0,0,0,0,0,0
-74.291,-109.4199,1,2015320,0,0,0,0,0,0,0,0
-74.291,-109.4199,1,2015321,0,0,0,0,0,0,0,0
-74.6508,-108.9098,1,2015322,0,0,0,0,0,0,0,0
-74.611,-108.9574,1,2015323,0,0,0,0,0,0,0,0
-74.611,-108.9574,1,2015324,0,0,0,0,0,0,0,0
-74.611,-108.9574,1,2015325,0,0,0,0,0,0,0,0
-74.611,-108.9574,1,2015326,0,0,0,0,0,0,0,0
-74.611,-108.9574,1,2015327,0,0,0,0,0,0,0,0
-74.611,-108.9574,1,2015328,0,0,0,0,0,0,0,0
-74.611,-108.9574,1,2015329,0,0,0,0,0,0,0,0
-74.611,-108.9574,1,2015330,0,0,0,0,0,0,0,0
-74.611,-108.9574,1,2015331,0,0,0,0,0,0,0,0
-74.611,-108.9574,1,2015332,0,0,0,0,0,0,0,0
-74.611,-108.9574,1,2015333,0,0,0,0,0,0,0,0
-74.611,-108.9574,0,2015334,0,0,0,0,0,0,0,0
-74.611,-108.9574,1,2015335,0,0,0,0,0,0,0,0
-74.611,-108.9574,1,2015336,0,0,0,0,0,0,0,0
-74.611,-108.9574,1,2015337,0,0,0,0,0,0,0,0
-74.611,-108.9574,1,2015338,0,0,0,0,0,0,0,0
-74.611,-108.9574,1,2015339,0,0,0,0,0,0,0,0
-74.611,-108.9574,1,2015340,0,0,0,0,0,0,0,0
-74.611,-108.9574,0,2015341,0,0,0,0,0,0,0,0
-74.611,-108.9574,1,2015342,0,0,0,0,0,0,0,0
-74.611,-108.9574,1,2015343,0,0,0,0,0,0,0,0
-74.611,-108.9574,1,2015344,0,0,0,0,0,0,0,0
-74.611,-108.9574,1,2015345,0,0,0,0,0,0,0,0
-74.611,-108.9574,1,2015346,0,0,0,0,0,0,0,0
-74.611,-108.9574,1,2015347,0,0,0,0,0,0,0,0
-74.611,-108.9574,0,2015348,0,0,0,0,0,0,0,0
-74.611,-108.9574,1,2015349,0,0,0,0,0,0,0,0
-74.611,-108.9574,1,2015350,0,0,0,0,0,0,0,0
-74.611,-108.9574,1,2015351,0,0,0,0,0,0,0,0
-74.611,-108.9574,1,2015352,0,0,0,0,0,0,0,0
-74.611,-108.9574,1,2015353,0,0,0,0,0,0,0,0
-74.611,-108.9574,1,2015354,0,0,0,0,0,0,0,0
-74.6308,-108.9421,1,2015355,0,0,0,0,0,0,0,0
-74.6308,-108.9421,1,2015356,0,0,0,0,0,0,0,0
-74.6308,-108.9421,1,2015357,0,0,0,0,0,0,0,0
-74.6308,-108.9421,1,2015358,0,0,0,0,0,0,0,0
-74.6308,-108.9421,1,2015359,0,0,0,0,0,0,0,0
-74.6308,-108.9421,1,2015360,0,0,0,0,0,0,0,0
-74.6308,-108.9421,1,2015361,0,0,0,0,0,0,0,0
-74.6308,-108.9421,0,2015362,0,0,0,0,0,0,0,0
-74.6308,-108.9421,1,2015363,0,0,0,0,0,0,0,0
-74.6308,-108.9421,1,2015364,0,0,0,0,0,0,0,0
-74.6308,-108.9421,1,2015365,0,0,0,0,0,0,0,0
-74.6308,-108.9421,0,2016001,0,0,0,0,0,0,0,0
-74.6308,-108.9421,1,2016002,0,0,0,0,0,0,0,0
-74.6308,-108.9421,1,2016003,0,0,0,0,0,0,0,0
-74.6308,-108.9421,1,2016004,0,0,0,0,0,0,0,0
-74.6308,-108.9421,1,2016005,0,0,0,0,0,0,0,0
-74.6308,-108.9421,1,2016006,0,0,0,0,0,0,0,0
-74.6308,-108.9421,1,2016007,0,0,0,0,0,0,0,0
-74.6101,-108.8336,1,2016008,0,0,0,0,0,0,0,0
-74.6101,-108.8336,1,2016009,0,0,0,0,0,0,0,0
-74.6101,-108.8336,1,2016010,0,0,0,0,0,0,0,0
-74.6101,-108.8336,1,2016011,0,0,0,0,0,0,0,0
-74.6101,-108.8336,1,2016012,0,0,0,0,0,0,0,0
-74.6101,-108.8336,1,2016013,0,0,0,0,0,0,0,0
-74.6079,-108.914,0,2016014,0,0,0,0,0,0,0,0
-74.6057,-108.9943,1,2016015,0,0,0,0,0,0,0,0
-74.6057,-108.9943,1,2016016,0,0,0,0,0,0,0,0
-74.6057,-108.9943,1,2016017,0,0,0,0,0,0,0,0
-74.6057,-108.9943,0,2016018,0,0,0,0,0,0,0,0
-74.6057,-108.9943,1,2016019,0,0,0,0,0,0,0,0
-74.6057,-108.9943,1,2016020,0,0,0,0,0,0,0,0
-74.6057,-108.9943,1,2016021,0,0,0,0,0,0,0,0
-74.6057,-108.9943,1,2016022,0,0,0,0,0,0,0,0
-74.6057,-108.9943,1,2016023,0,0,0,0,0,0,0,0
-74.6057,-108.9943,0,2016024,0,0,0,0,0,0,0,0
-74.6057,-108.9943,1,2016025,0,0,0,0,0,0,0,0
-74.6057,-108.9943,1,2016026,0,0,0,0,0,0,0,0
-74.6057,-108.9943,1,2016027,0,0,0,0,0,0,0,0
-74.6057,-108.9943,1,2016028,0,0,0,0,0,0,0,0
-74.6057,-108.9943,1,2016029,0,0,0,0,0,0,0,0
-74.6057,-108.9943,1,2016030,0,0,0,0,0,0,0,0
-74.6057,-108.9943,0,2016031,0,0,0,0,0,0,0,0
-74.6057,-108.9943,1,2016032,0,0,0,0,0,0,0,0
-74.6057,-108.9943,1,2016033,0,0,0,0,0,0,0,0
-74.6057,-108.9943,1,2016034,0,0,0,0,0,0,0,0
-74.6057,-108.9943,1,2016035,0,0,0,0,0,0,0,0
-74.6057,-108.9943,1,2016036,0,0,0,0,0,0,0,0
-74.6057,-108.9943,1,2016037,0,0,0,0,0,0,0,0
-74.6057,-108.9943,1,2016038,0,0,0,0,0,0,0,0
-74.6057,-108.9943,1,2016039,0,0,0,0,0,0,0,0
-74.6057,-108.9943,0,2016040,0,0,0,0,0,0,0,0
-74.6057,-108.9943,1,2016041,0,0,0,0,0,0,0,0
-74.6057,-108.9943,1,2016042,0,0,0,0,0,0,0,0
-74.6057,-108.9943,1,2016043,0,0,0,0,0,0,0,0
-74.6057,-108.9943,1,2016044,0,0,0,0,0,0,0,0
-74.6057,-108.9943,1,2016045,0,0,0,0,0,0,0,0
-74.6057,-108.9943,1,2016046,0,0,0,0,0,0,0,0
-74.6057,-108.9943,0,2016047,0,0,0,0,0,0,0,0
-74.6057,-108.9943,1,2016048,0,0,0,0,0,0,0,0
-74.6057,-108.9943,1,2016049,0,0,0,0,0,0,0,0
-74.6057,-108.9943,1,2016050,0,0,0,0,0,0,0,0
-74.6057,-108.9943,1,2016051,0,0,0,0,0,0,0,0
-74.6057,-108.9943,1,2016052,0,0,0,0,0,0,0,0
-74.6057,-108.9943,1,2016053,0,0,0,0,0,0,0,0
-74.6057,-108.9943,1,2016054,0,0,0,0,0,0,0,0
-74.6057,-108.9943,0,2016055,0,0,0,0,0,0,0,0
-74.6057,-108.9943,1,2016056,0,0,0,0,0,0,0,0
-74.6057,-108.9943,1,2016057,0,0,0,0,0,0,0,0
-74.6057,-108.9943,1,2016058,0,0,0,0,0,0,0,0
-74.6057,-108.9943,1,2016059,0,0,0,0,0,0,0,0
-74.6057,-108.9943,0,2016060,0,0,0,0,0,0,0,0
-74.6057,-108.9943,1,2016061,0,0,0,0,0,0,0,0
-74.6057,-108.9943,1,2016062,0,0,0,0,0,0,0,0
-74.6057,-108.9943,1,2016063,0,0,0,0,0,0,0,0
-74.6057,-108.9943,1,2016064,0,0,0,0,0,0,0,0
-74.6057,-108.9943,1,2016065,0,0,0,0,0,0,0,0
-74.6057,-108.9943,1,2016066,0,0,0,0,0,0,0,0
-74.6057,-108.9943,1,2016067,0,0,0,0,0,0,0,0
-74.6057,-108.9943,0,2016068,0,0,0,0,0,0,0,0
-74.6057,-108.9943,1,2016069,0,0,0,0,0,0,0,0
-74.6057,-108.9943,1,2016070,0,0,0,0,0,0,0,0
-74.6057,-108.9943,1,2016071,0,0,0,0,0,0,0,0
-74.6057,-108.9943,1,2016072,0,0,0,0,0,0,0,0
-74.6057,-108.9943,1,2016073,0,0,0,0,0,0,0,0
-74.6057,-108.9943,1,2016074,0,0,0,0,0,0,0,0
-74.6057,-108.9943,0,2016075,0,0,0,0,0,0,0,0
-74.6057,-108.9943,1,2016076,0,0,0,0,0,0,0,0
-74.6057,-108.9943,1,2016077,0,0,0,0,0,0,0,0
-74.6057,-108.9943,1,2016078,0,0,0,0,0,0,0,0
-74.6057,-108.9943,1,2016079,0,0,0,0,0,0,0,0
-74.6057,-108.9943,1,2016080,0,0,0,0,0,0,0,0
-74.6057,-108.9943,1,2016081,0,0,0,0,0,0,0,0
-74.6057,-108.9943,0,2016082,0,0,0,0,0,0,0,0
-74.6057,-108.9943,1,2016083,0,0,0,0,0,0,0,0
-74.6057,-108.9943,1,2016084,0,0,0,0,0,0,0,0
-74.6057,-108.9943,1,2016085,0,0,0,0,0,0,0,0
-74.6057,-108.9943,1,2016086,0,0,0,0,0,0,0,0
-74.6057,-108.9943,1,2016087,0,0,0,0,0,0,0,0
-74.6057,-108.9943,1,2016088,0,0,0,0,0,0,0,0
-74.6057,-108.9943,0,2016089,0,0,0,0,0,0,0,0
-74.6057,-108.9943,1,2016090,0,0,0,0,0,0,0,0
-74.6057,-108.9943,1,2016091,0,0,0,0,0,0,0,0
-74.6057,-108.9943,1,2016092,0,0,0,0,0,0,0,0
-74.6057,-108.9943,1,2016093,0,0,0,0,0,0,0,0
-74.6057,-108.9943,1,2016094,0,0,0,0,0,0,0,0
-74.6057,-108.9943,1,2016095,0,0,0,0,0,0,0,0
-74.6057,-108.9943,0,2016096,0,0,0,0,0,0,0,0
-74.6057,-108.9943,1,2016097,0,0,0,0,0,0,0,0
-74.6057,-108.9943,1,2016098,0,0,0,0,0,0,0,0
-74.6057,-108.9943,1,2016099,0,0,0,0,0,0,0,0
-74.6057,-108.9943,1,2016100,0,0,0,0,0,0,0,0
-74.6057,-108.9943,1,2016101,0,0,0,0,0,0,0,0
-74.6057,-108.9943,1,2016102,0,0,0,0,0,0,0,0
-74.6057,-108.9943,0,2016103,0,0,0,0,0,0,0,0
-74.6057,-108.9943,1,2016104,0,0,0,0,0,0,0,0
-74.6057,-108.9943,1,2016105,0,0,0,0,0,0,0,0
-74.6057,-108.9943,1,2016106,0,0,0,0,0,0,0,0
-74.6057,-108.9943,1,2016107,0,0,0,0,0,0,0,0
-74.6057,-108.9943,1,2016108,0,0,0,0,0,0,0,0
-74.6057,-108.9943,1,2016109,0,0,0,0,0,0,0,0
-74.65,-109.0562,0,2016110,0,0,0,0,0,0,0,0
-74.7209,-109.1833,1,2016111,0,0,0,0,0,0,0,0
-74.7708,-109.3706,1,2016112,0,0,0,0,0,0,0,0
-74.7708,-109.3706,1,2016113,0,0,0,0,0,0,0,0
-74.7708,-109.3706,1,2016114,0,0,0,0,0,0,0,0
-74.7708,-109.3706,1,2016115,0,0,0,0,0,0,0,0
-74.7708,-109.3706,1,2016117,0,0,0,0,0,0,0,0
-74.7708,-109.3706,1,2016118,0,0,0,0,0,0,0,0
-74.7858,-109.3493,1,2016119,0,0,0,0,0,0,0,0
-74.7858,-109.3493,1,2016120,0,0,0,0,0,0,0,0
-74.7858,-109.3493,1,2016121,0,0,0,0,0,0,0,0
-74.7858,-109.3493,1,2016122,0,0,0,0,0,0,0,0
-74.7858,-109.3493,1,2016123,0,0,0,0,0,0,0,0
-74.7749,-109.3347,1,2016124,0,0,0,0,0,0,0,0
-74.7606,-109.357,1,2016125,0,0,0,0,0,0,0,0
-74.7695,-109.3276,1,2016126,0,0,0,0,0,0,0,0
-74.7695,-109.3276,1,2016127,0,0,0,0,0,0,0,0
-74.7695,-109.3276,1,2016128,0,0,0,0,0,0,0,0
-74.7695,-109.3276,1,2016129,0,0,0,0,0,0,0,0
-74.7695,-109.3276,0,2016130,0,0,0,0,0,0,0,0
-74.7695,-109.3276,1,2016131,0,0,0,0,0,0,0,0
-74.7435,-109.2103,1,2016132,0,0,0,0,0,0,0,0
-74.7435,-109.2103,1,2016133,0,0,0,0,0,0,0,0
-74.7435,-109.2103,0,2016134,0,0,0,0,0,0,0,0
-74.7435,-109.2103,0,2016135,0,0,0,0,0,0,0,0
-74.7435,-109.2103,0,2016136,0,0,0,0,0,0,0,0
-74.7435,-109.2103,1,2016137,0,0,0,0,0,0,0,0
-74.7435,-109.2103,1,2016138,0,0,0,0,0,0,0,0
-74.7435,-109.2103,1,2016139,0,0,0,0,0,0,0,0
-74.7435,-109.2103,1,2016140,0,0,0,0,0,0,0,0
-74.7435,-109.2103,1,2016141,0,0,0,0,0,0,0,0
-74.7469,-109.1734,1,2016142,0,0,0,0,0,0,0,0
-74.7601,-109.0284,1,2016143,0,0,0,0,0,0,0,0
-74.7601,-109.0284,0,2016144,0,0,0,0,0,0,0,0
-74.7601,-109.0284,1,2016145,0,0,0,0,0,0,0,0
-74.7601,-109.0284,1,2016146,0,0,0,0,0,0,0,0
-74.7246,-109.1497,1,2016147,0,0,0,0,0,0,0,0
-74.7246,-109.1497,1,2016148,0,0,0,0,0,0,0,0
-74.7246,-109.1497,1,2016149,0,0,0,0,0,0,0,0
-74.7246,-109.1497,1,2016150,0,0,0,0,0,0,0,0
-74.7246,-109.1497,1,2016151,0,0,0,0,0,0,0,0
-74.7246,-109.1497,1,2016152,0,0,0,0,0,0,0,0
-74.7438,-109.007,1,2016153,0,0,0,0,0,0,0,0
-74.7438,-109.007,1,2016154,0,0,0,0,0,0,0,0
-74.7438,-109.007,0,2016155,0,0,0,0,0,0,0,0
-74.7438,-109.007,1,2016156,0,0,0,0,0,0,0,0
-74.7438,-109.007,1,2016157,0,0,0,0,0,0,0,0
-74.7438,-109.007,1,2016158,0,0,0,0,0,0,0,0
-74.7545,-109.0239,1,2016159,0,0,0,0,0,0,0,0
-74.7545,-109.0239,1,2016160,0,0,0,0,0,0,0,0
-74.7545,-109.0239,1,2016161,0,0,0,0,0,0,0,0
-74.7545,-109.0239,0,2016162,0,0,0,0,0,0,0,0
-74.7545,-109.0239,1,2016163,0,0,0,0,0,0,0,0
-74.7545,-109.0239,1,2016164,0,0,0,0,0,0,0,0
-74.7545,-109.0239,1,2016165,0,0,0,0,0,0,0,0
-74.7545,-109.0239,1,2016182,0,0,0,0,0,0,0,0
-74.7545,-109.0239,1,2016183,0,0,0,0,0,0,0,0
-74.7545,-109.0239,1,2016184,0,0,0,0,0,0,0,0
-74.7545,-109.0239,0,2016185,0,0,0,0,0,0,0,0
-74.7545,-109.0239,1,2016186,0,0,0,0,0,0,0,0
-74.7545,-109.0239,0,2016187,0,0,0,0,0,0,0,0
-74.7545,-109.0239,1,2016188,0,0,0,0,0,0,0,0
-74.7545,-109.0239,1,2016189,0,0,0,0,0,0,0,0
-74.7545,-109.0239,1,2016190,0,0,0,0,0,0,0,0
-74.7545,-109.0239,1,2016191,0,0,0,0,0,0,0,0
-74.7545,-109.0239,1,2016192,0,0,0,0,0,0,0,0
-74.7545,-109.0239,1,2016193,0,0,0,0,0,0,0,0
-74.757,-109.0096,0,2016194,0,0,0,0,0,0,0,0
-74.7643,-108.9953,1,2016195,0,0,0,0,0,0,0,0
-74.8024,-109.0454,1,2016196,0,0,0,0,0,0,0,0
-74.5718,-108.9126,1,2016197,0,0,0,0,0,0,0,0
-74.5519,-109.0036,1,2016198,0,0,0,0,0,0,0,0
-74.5387,-109.1467,1,2016199,0,0,0,0,0,0,0,0
-74.4901,-109.1213,1,2016200,0,0,0,0,0,0,0,0
-74.5173,-109.116,1,2016201,0,0,0,0,0,0,0,0
-74.5373,-109.1419,1,2016202,0,0,0,0,0,0,0,0
-74.5299,-109.1323,1,2016203,0,0,0,0,0,0,0,0
-74.5658,-109.3834,1,2016204,0,0,0,0,0,0,0,0
-74.5501,-109.4825,1,2016205,0,0,0,0,0,0,0,0
-74.5413,-109.4679,1,2016206,0,0,0,0,0,0,0,0
-74.5248,-109.4053,1,2016207,0,0,0,0,0,0,0,0
-74.5441,-109.3083,1,2016208,0,0,0,0,0,0,0,0
-74.5507,-109.2381,1,2016209,0,0,0,0,0,0,0,0
-74.5379,-109.2651,1,2016210,0,0,0,0,0,0,0,0
-74.5193,-109.1149,0,2016211,0,0,0,0,0,0,0,0
-74.5071,-108.9373,1,2016212,0,0,0,0,0,0,0,0
-74.5065,-108.9016,1,2016213,0,0,0,0,0,0,0,0
-74.5156,-108.9082,0,2016214,0,0,0,0,0,0,0,0
-74.5247,-108.925,1,2016215,0,0,0,0,0,0,0,0
-74.5015,-108.9765,1,2016216,0,0,0,0,0,0,0,0
-74.4634,-108.9275,1,2016217,0,0,0,0,0,0,0,0
-74.5336,-109.1399,1,2016218,0,0,0,0,0,0,0,0
-74.5193,-108.9151,1,2016219,0,0,0,0,0,0,0,0
-74.5222,-109.0844,1,2016220,0,0,0,0,0,0,0,0
-74.5266,-109.0286,0,2016221,0,0,0,0,0,0,0,0
-74.5325,-108.9727,1,2016222,0,0,0,0,0,0,0,0
-74.5413,-108.987,1,2016223,0,0,0,0,0,0,0,0
-74.5322,-108.9753,1,2016224,0,0,0,0,0,0,0,0
-74.5322,-108.9753,1,2016225,0,0,0,0,0,0,0,0
-74.5322,-108.9753,1,2016226,0,0,0,0,0,0,0,0
-74.5322,-108.9753,1,2016227,0,0,0,0,0,0,0,0
-74.5551,-108.9748,0,2016228,0,0,0,0,0,0,0,0
-74.5936,-108.9729,1,2016229,0,0,0,0,0,0,0,0
-74.625,-108.8937,1,2016230,0,0,0,0,0,0,0,0
-74.6022,-108.9172,0,2016231,0,0,0,0,0,0,0,0
-74.5661,-108.9811,1,2016232,0,0,0,0,0,0,0,0
-74.5411,-109.2313,1,2016233,0,0,0,0,0,0,0,0
-74.5356,-109.1805,1,2016234,0,0,0,0,0,0,0,0
-74.5464,-109.1711,0,2016235,0,0,0,0,0,0,0,0
-74.5572,-109.1678,1,2016236,0,0,0,0,0,0,0,0
-74.5572,-109.1678,1,2016237,0,0,0,0,0,0,0,0
-74.56,-109.192,0,2016238,0,0,0,0,0,0,0,0
-74.5629,-109.2162,1,2016239,0,0,0,0,0,0,0,0
-74.5629,-109.2162,1,2016240,0,0,0,0,0,0,0,0
-74.5629,-109.2162,1,2016241,0,0,0,0,0,0,0,0
-74.5629,-109.2162,1,2016242,0,0,0,0,0,0,0,0
-74.5521,-109.2193,0,2016243,0,0,0,0,0,0,0,0
-74.5413,-109.2287,1,2016244,0,0,0,0,0,0,0,0
-74.5959,-109.3004,1,2016245,0,0,0,0,0,0,0,0
-74.5956,-109.2591,0,2016246,0,0,0,0,0,0,0,0
-74.5953,-109.2177,1,2016247,0,0,0,0,0,0,0,0
-74.601,-109.2662,1,2016248,0,0,0,0,0,0,0,0
-74.601,-109.2662,1,2016249,0,0,0,0,0,0,0,0
-74.5902,-109.2692,0,2016250,0,0,0,0,0,0,0,0
-74.5794,-109.2787,1,2016251,0,0,0,0,0,0,0,0
-74.6215,-109.3752,1,2016252,0,0,0,0,0,0,0,0
-74.6303,-109.3019,1,2016253,0,0,0,0,0,0,0,0
-74.6323,-109.3896,1,2016254,0,0,0,0,0,0,0,0
-74.6154,-109.4061,0,2016255,0,0,0,0,0,0,0,0
-74.5985,-109.4238,1,2016256,0,0,0,0,0,0,0,0
-74.637,-109.5574,1,2016257,0,0,0,0,0,0,0,0
-74.6467,-109.6248,0,2016258,0,0,0,0,0,0,0,0
-74.6502,-109.6546,1,2016259,0,0,0,0,0,0,0,0
-74.6502,-109.6546,1,2016260,0,0,0,0,0,0,0,0
-74.6377,-109.6789,1,2016261,0,0,0,0,0,0,0,0
-74.6377,-109.6789,1,2016262,0,0,0,0,0,0,0,0
-74.6247,-109.6986,0,2016263,0,0,0,0,0,0,0,0
-74.6006,-109.7398,0,2016264,0,0,0,0,0,0,0,0
-74.5876,-109.7756,1,2016265,0,0,0,0,0,0,0,0
-74.6656,-109.7962,1,2016266,0,0,0,0,0,0,0,0
-74.6418,-109.7639,1,2016267,0,0,0,0,0,0,0,0
-74.6673,-109.7985,1,2016268,0,0,0,0,0,0,0,0
-74.6746,-109.8498,1,2016269,0,0,0,0,0,0,0,0
-74.6565,-109.825,1,2016270,0,0,0,0,0,0,0,0
-74.6565,-109.825,1,2016271,0,0,0,0,0,0,0,0
-74.6012,-109.2169,1,2016272,0,0,0,0,0,0,0,0
-74.5987,-109.1812,1,2016273,0,0,0,0,0,0,0,0
-74.5942,-109.3391,1,2016274,0,0,0,0,0,0,0,0
-74.608,-109.1906,1,2016275,0,0,0,0,0,0,0,0
-74.5954,-109.2165,0,2016276,0,0,0,0,0,0,0,0
-74.5828,-109.2423,1,2016277,0,0,0,0,0,0,0,0
-74.5828,-109.2423,1,2016278,0,0,0,0,0,0,0,0
-74.5867,-109.0662,0,2016279,0,0,0,0,0,0,0,0
-74.5948,-108.89,1,2016280,0,0,0,0,0,0,0,0
-74.6075,-108.9529,1,2016281,0,0,0,0,0,0,0,0
-74.6059,-108.9918,1,2016282,0,0,0,0,0,0,0,0
-74.61,-109.0467,0,2016283,0,0,0,0,0,0,0,0
-74.6141,-109.1252,1,2016284,0,0,0,0,0,0,0,0
-74.6008,-109.2687,1,2016285,0,0,0,0,0,0,0,0
-74.5888,-109.2587,0,2016286,0,0,0,0,0,0,0,0
-74.5783,-109.2403,0,2016287,0,0,0,0,0,0,0,0
-74.5737,-109.2303,1,2016288,0,0,0,0,0,0,0,0
-74.5737,-109.2303,0,2016289,0,0,0,0,0,0,0,0
-74.5737,-109.2303,1,2016290,0,0,0,0,0,0,0,0
-74.5783,-109.2363,0,2016291,0,0,0,0,0,0,0,0
-74.5828,-109.2423,1,2016292,0,0,0,0,0,0,0,0
-74.5828,-109.2423,1,2016293,0,0,0,0,0,0,0,0
-74.6668,-109.4367,0,2016294,0,0,0,0,0,0,0,0
-74.7509,-109.6312,1,2016295,0,0,0,0,0,0,0,0
-74.7144,-109.5789,1,2016296,0,0,0,0,0,0,0,0
-74.7351,-109.7726,1,2016297,0,0,0,0,0,0,0,0
-74.7412,-109.9441,1,2016298,0,0,0,0,0,0,0,0
-74.7352,-109.684,1,2016299,0,0,0,0,0,0,0,0
-74.7025,-109.684,1,2016301,0,0,0,0,0,0,0,0
-74.7263,-109.7577,1,2016302,0,0,0,0,0,0,0,0
-74.7319,-109.8067,1,2016303,0,0,0,0,0,0,0,0
-74.744,-109.6989,1,2016304,0,0,0,0,0,0,0,0
-74.714,-109.9067,1,2016306,0,0,0,0,0,0,0,0
-74.6833,-109.779,1,2016307,0,0,0,0,0,0,0,0
-74.7415,-109.9001,1,2016308,0,0,0,0,0,0,0,0
-74.7261,-109.6717,1,2016309,0,0,0,0,0,0,0,0
-74.7514,-109.7089,1,2016310,0,0,0,0,0,0,0,0
-74.7245,-109.7967,1,2016311,0,0,0,0,0,0,0,0
-74.7068,-109.8553,1,2016313,0,0,0,0,0,0,0,0
-74.693,-109.999,1,2016314,0,0,0,0,0,0,0,0
-74.6791,-110.1426,1,2016315,0,0,0,0,0,0,0,0
-74.5035,-109.6568,0,2016316,0,0,0,0,0,0,0,0
-74.3375,-109.1126,1,2016317,0,0,0,0,0,0,0,0
-74.3351,-109.0403,1,2016318,0,0,0,0,0,0,0,0
-74.3476,-109.0064,0,2016319,0,0,0,0,0,0,0,0
-74.36,-108.9917,1,2016320,0,0,0,0,0,0,0,0
-74.344,-109.0545,1,2016321,0,0,0,0,0,0,0,0
-74.3486,-109.0589,0,2016322,0,0,0,0,0,0,0,0
-74.3533,-109.0636,1,2016323,0,0,0,0,0,0,0,0
-74.3365,-109.2432,1,2016324,0,0,0,0,0,0,0,0
-74.3231,-109.3841,1,2016325,0,0,0,0,0,0,0,0
-74.3306,-109.4254,0,2016326,0,0,0,0,0,0,0,0
-74.3381,-109.4411,1,2016327,0,0,0,0,0,0,0,0
-74.3381,-109.4411,1,2016328,0,0,0,0,0,0,0,0
-74.3381,-109.4411,1,2016329,0,0,0,0,0,0,0,0
-74.3852,-109.5029,1,2016330,0,0,0,0,0,0,0,0
-74.3609,-109.3498,1,2016331,0,0,0,0,0,0,0,0
-74.3228,-109.3004,1,2016332,0,0,0,0,0,0,0,0
-74.3245,-109.2623,1,2016333,0,0,0,0,0,0,0,0
-74.3377,-109.1213,1,2016334,0,0,0,0,0,0,0,0
-74.328,-109.1705,0,2016335,0,0,0,0,0,0,0,0
-74.3183,-109.2197,1,2016336,0,0,0,0,0,0,0,0
-74.3185,-109.2172,1,2016337,0,0,0,0,0,0,0,0
-74.3185,-109.2172,1,2016338,0,0,0,0,0,0,0,0
-74.3185,-109.2172,1,2016339,0,0,0,0,0,0,0,0
-74.3208,-109.2737,0,2016340,0,0,0,0,0,0,0,0
-74.3231,-109.3841,1,2016341,0,0,0,0,0,0,0,0
-74.3097,-109.5248,1,2016342,0,0,0,0,0,0,0,0
-74.3259,-109.4626,1,2016343,0,0,0,0,0,0,0,0
-74.4603,-109.2533,0,2016344,0,0,0,0,0,0,0,0
-74.5974,-109.0883,1,2016345,0,0,0,0,0,0,0,0
-74.6173,-109.0983,1,2016346,0,0,0,0,0,0,0,0
-74.6173,-109.0983,1,2016347,0,0,0,0,0,0,0,0
-74.6173,-109.0983,1,2016348,0,0,0,0,0,0,0,0
-74.6173,-109.0983,1,2016349,0,0,0,0,0,0,0,0
-74.6173,-109.0983,1,2016350,0,0,0,0,0,0,0,0
-74.6261,-109.0022,1,2016351,0,0,0,0,0,0,0,0
-74.6261,-109.0022,1,2016352,0,0,0,0,0,0,0,0
-74.6408,-109.0755,1,2016353,0,0,0,0,0,0,0,0
-74.6408,-109.0755,1,2016354,0,0,0,0,0,0,0,0
-74.6408,-109.0755,1,2016355,0,0,0,0,0,0,0,0
-74.6408,-109.0755,1,2016356,0,0,0,0,0,0,0,0
-74.6408,-109.0755,1,2016357,0,0,0,0,0,0,0,0
-74.6408,-109.0755,1,2016358,0,0,0,0,0,0,0,0
-74.6408,-109.0755,1,2016359,0,0,0,0,0,0,0,0
-74.6408,-109.0755,1,2016360,0,0,0,0,0,0,0,0
-74.6408,-109.0755,1,2016361,0,0,0,0,0,0,0,0
-74.6408,-109.0755,1,2016362,0,0,0,0,0,0,0,0
-74.6408,-109.0755,1,2016363,0,0,0,0,0,0,0,0
-74.6408,-109.0755,1,2016364,0,0,0,0,0,0,0,0
-74.6408,-109.0755,1,2016365,0,0,0,0,0,0,0,0
-74.6408,-109.0755,1,2016366,0,0,0,0,0,0,0,0
-74.6408,-109.0755,1,2017001,0,0,0,0,0,0,0,0
-74.6408,-109.0755,1,2017002,0,0,0,0,0,0,0,0
-74.6408,-109.0755,0,2017003,0,0,0,0,0,0,0,0
-74.6408,-109.0755,1,2017004,0,0,0,0,0,0,0,0
-74.6408,-109.0755,1,2017005,0,0,0,0,0,0,0,0
-74.6408,-109.0755,0,2017006,0,0,0,0,0,0,0,0
-74.6408,-109.0755,1,2017007,0,0,0,0,0,0,0,0
-74.6408,-109.0755,1,2017008,0,0,0,0,0,0,0,0
-74.6408,-109.0755,1,2017009,0,0,0,0,0,0,0,0
-74.6408,-109.0755,0,2017010,0,0,0,0,0,0,0,0
-74.6408,-109.0755,1,2017011,0,0,0,0,0,0,0,0
-74.6408,-109.0755,1,2017012,0,0,0,0,0,0,0,0
-74.6408,-109.0755,1,2017013,0,0,0,0,0,0,0,0
-74.6408,-109.0755,1,2017014,0,0,0,0,0,0,0,0
-74.6408,-109.0755,1,2017015,0,0,0,0,0,0,0,0
-74.6408,-109.0755,1,2017016,0,0,0,0,0,0,0,0
-74.6408,-109.0755,1,2017017,0,0,0,0,0,0,0,0
-74.6408,-109.0755,1,2017018,0,0,0,0,0,0,0,0
-74.6408,-109.0755,0,2017019,0,0,0,0,0,0,0,0
-74.6408,-109.0755,1,2017020,0,0,0,0,0,0,0,0
-74.6408,-109.0755,1,2017021,0,0,0,0,0,0,0,0
-74.6408,-109.0755,1,2017022,0,0,0,0,0,0,0,0
-74.6408,-109.0755,1,2017023,0,0,0,0,0,0,0,0
-74.6408,-109.0755,1,2017024,0,0,0,0,0,0,0,0
-74.6408,-109.0755,1,2017025,0,0,0,0,0,0,0,0
-74.6408,-109.0755,1,2017026,0,0,0,0,0,0,0,0
-74.6408,-109.0755,1,2017027,0,0,0,0,0,0,0,0
-74.6408,-109.0755,0,2017028,0,0,0,0,0,0,0,0
-74.6408,-109.0755,1,2017029,0,0,0,0,0,0,0,0
-74.6408,-109.0755,1,2017030,0,0,0,0,0,0,0,0
-74.6408,-109.0755,0,2017031,0,0,0,0,0,0,0,0
-74.6408,-109.0755,0,2017032,0,0,0,0,0,0,0,0
-74.6408,-109.0755,0,2017033,0,0,0,0,0,0,0,0
-74.6408,-109.0755,0,2017034,0,0,0,0,0,0,0,0
-74.6408,-109.0755,0,2017035,0,0,0,0,0,0,0,0
-74.6408,-109.0755,0,2017036,0,0,0,0,0,0,0,0
-74.6408,-109.0755,1,2017037,0,0,0,0,0,0,0,0
-74.6408,-109.0755,1,2017038,0,0,0,0,0,0,0,0
-74.6408,-109.0755,1,2017039,0,0,0,0,0,0,0,0
-74.6408,-109.0755,1,2017040,0,0,0,0,0,0,0,0
-74.6408,-109.0755,0,2017041,0,0,0,0,0,0,0,0
-74.6408,-109.0755,0,2017042,0,0,0,0,0,0,0,0
-74.6408,-109.0755,1,2017043,0,0,0,0,0,0,0,0
-74.6408,-109.0755,1,2017044,0,0,0,0,0,0,0,0
-74.6408,-109.0755,1,2017045,0,0,0,0,0,0,0,0
-74.6408,-109.0755,1,2017046,0,0,0,0,0,0,0,0
-74.6408,-109.0755,1,2017047,0,0,0,0,0,0,0,0
-74.6408,-109.0755,1,2017048,0,0,0,0,0,0,0,0
-74.6408,-109.0755,1,2017049,0,0,0,0,0,0,0,0
-74.6408,-109.0755,1,2017050,0,0,0,0,0,0,0,0
-74.6408,-109.0755,1,2017051,0,0,0,0,0,0,0,0
-74.6408,-109.0755,1,2017052,0,0,0,0,0,0,0,0
-74.6408,-109.0755,1,2017053,0,0,0,0,0,0,0,0
-74.6408,-109.0755,0,2017054,0,0,0,0,0,0,0,0
-74.6408,-109.0755,1,2017055,0,0,0,0,0,0,0,0
-74.6408,-109.0755,1,2017056,0,0,0,0,0,0,0,0
-74.6408,-109.0755,1,2017057,0,0,0,0,0,0,0,0
-74.6408,-109.0755,1,2017058,0,0,0,0,0,0,0,0
-74.6408,-109.0755,1,2017059,0,0,0,0,0,0,0,0
-74.6408,-109.0755,1,2017060,0,0,0,0,0,0,0,0
-74.6408,-109.0755,1,2017061,0,0,0,0,0,0,0,0
-74.6408,-109.0755,1,2017062,0,0,0,0,0,0,0,0
-74.6408,-109.0755,1,2017063,0,0,0,0,0,0,0,0
-74.6408,-109.0755,1,2017064,0,0,0,0,0,0,0,0
-74.6408,-109.0755,1,2017065,0,0,0,0,0,0,0,0
-74.6408,-109.0755,0,2017066,0,0,0,0,0,0,0,0
-74.6408,-109.0755,1,2017067,0,0,0,0,0,0,0,0
-74.6408,-109.0755,1,2017068,0,0,0,0,0,0,0,0
-74.6408,-109.0755,1,2017069,0,0,0,0,0,0,0,0
-74.6408,-109.0755,1,2017070,0,0,0,0,0,0,0,0
-74.6408,-109.0755,1,2017071,0,0,0,0,0,0,0,0
-74.6408,-109.0755,1,2017072,0,0,0,0,0,0,0,0
-74.6408,-109.0755,1,2017073,0,0,0,0,0,0,0,0
-74.6408,-109.0755,1,2017074,0,0,0,0,0,0,0,0
-74.6408,-109.0755,1,2017075,0,0,0,0,0,0,0,0
-74.6408,-109.0755,1,2017076,0,0,0,0,0,0,0,0
-74.6408,-109.0755,1,2017077,0,0,0,0,0,0,0,0
-74.6408,-109.0755,1,2017078,0,0,0,0,0,0,0,0
-74.6408,-109.0755,1,2017079,0,0,0,0,0,0,0,0
-74.6408,-109.0755,1,2017080,0,0,0,0,0,0,0,0
-74.6408,-109.0755,1,2017081,0,0,0,0,0,0,0,0
-74.6408,-109.0755,1,2017082,0,0,0,0,0,0,0,0
-74.6408,-109.0755,1,2017083,0,0,0,0,0,0,0,0
-74.6408,-109.0755,1,2017084,0,0,0,0,0,0,0,0
-74.6408,-109.0755,1,2017085,0,0,0,0,0,0,0,0
-74.6408,-109.0755,0,2017086,0,0,0,0,0,0,0,0
-74.6408,-109.0755,1,2017087,0,0,0,0,0,0,0,0
-74.6408,-109.0755,1,2017088,0,0,0,0,0,0,0,0
-74.6408,-109.0755,1,2017089,0,0,0,0,0,0,0,0
-74.6408,-109.0755,1,2017090,0,0,0,0,0,0,0,0
-74.6408,-109.0755,1,2017091,0,0,0,0,0,0,0,0
-74.6408,-109.0755,1,2017092,0,0,0,0,0,0,0,0
-74.6408,-109.0755,1,2017093,0,0,0,0,0,0,0,0
-74.6408,-109.0755,1,2017094,0,0,0,0,0,0,0,0
-74.6408,-109.0755,1,2017095,0,0,0,0,0,0,0,0
-74.6408,-109.0755,0,2017096,0,0,0,0,0,0,0,0
-74.6408,-109.0755,1,2017097,0,0,0,0,0,0,0,0
-74.6408,-109.0755,1,2017098,0,0,0,0,0,0,0,0
-74.6408,-109.0755,1,2017099,0,0,0,0,0,0,0,0
-74.6408,-109.0755,0,2017100,0,0,0,0,0,0,0,0
-74.6408,-109.0755,1,2017101,0,0,0,0,0,0,0,0
-74.6408,-109.0755,1,2017102,0,0,0,0,0,0,0,0
-74.6408,-109.0755,1,2017103,0,0,0,0,0,0,0,0
-74.6408,-109.0755,1,2017104,0,0,0,0,0,0,0,0
-74.6408,-109.0755,1,2017105,0,0,0,0,0,0,0,0
-74.6408,-109.0755,1,2017106,0,0,0,0,0,0,0,0
-74.6408,-109.0755,0,2017107,0,0,0,0,0,0,0,0
-74.6408,-109.0755,1,2017108,0,0,0,0,0,0,0,0
-74.6408,-109.0755,1,2017109,0,0,0,0,0,0,0,0
-74.6408,-109.0755,1,2017110,0,0,0,0,0,0,0,0
-74.6408,-109.0755,0,2017111,0,0,0,0,0,0,0,0
-74.6408,-109.0755,1,2017112,0,0,0,0,0,0,0,0
-74.6408,-109.0755,1,2017113,0,0,0,0,0,0,0,0
-74.6408,-109.0755,1,2017114,0,0,0,0,0,0,0,0
-74.6408,-109.0755,1,2017115,0,0,0,0,0,0,0,0
-74.6408,-109.0755,0,2017116,0,0,0,0,0,0,0,0
-74.6408,-109.0755,1,2017117,0,0,0,0,0,0,0,0
-74.6408,-109.0755,1,2017118,0,0,0,0,0,0,0,0
-74.6408,-109.0755,1,2017119,0,0,0,0,0,0,0,0
-74.6408,-109.0755,1,2017120,0,0,0,0,0,0,0,0
-74.6408,-109.0755,1,2017121,0,0,0,0,0,0,0,0
-74.6408,-109.0755,0,2017122,0,0,0,0,0,0,0,0
-74.6408,-109.0755,1,2017123,0,0,0,0,0,0,0,0
-74.6408,-109.0755,1,2017124,0,0,0,0,0,0,0,0
-74.6408,-109.0755,1,2017125,0,0,0,0,0,0,0,0
-74.6408,-109.0755,1,2017126,0,0,0,0,0,0,0,0
-74.6408,-109.0755,1,2017127,0,0,0,0,0,0,0,0
-74.6408,-109.0755,0,2017128,0,0,0,0,0,0,0,0
-74.6408,-109.0755,1,2017129,0,0,0,0,0,0,0,0
-74.6408,-109.0755,1,2017130,0,0,0,0,0,0,0,0
-74.6408,-109.0755,1,2017131,0,0,0,0,0,0,0,0
-74.6408,-109.0755,0,2017132,0,0,0,0,0,0,0,0
-74.6408,-109.0755,1,2017133,0,0,0,0,0,0,0,0
-74.6408,-109.0755,1,2017134,0,0,0,0,0,0,0,0
-74.6408,-109.0755,1,2017135,0,0,0,0,0,0,0,0
-74.6408,-109.0755,1,2017136,0,0,0,0,0,0,0,0
-74.6408,-109.0755,1,2017137,0,0,0,0,0,0,0,0
-74.6408,-109.0755,0,2017138,0,0,0,0,0,0,0,0
-74.6408,-109.0755,1,2017139,0,0,0,0,0,0,0,0
-74.6408,-109.0755,0,2017140,0,0,0,0,0,0,0,0
-74.6408,-109.0755,1,2017141,0,0,0,0,0,0,0,0
-74.6408,-109.0755,1,2017142,0,0,0,0,0,0,0,0
-74.6408,-109.0755,1,2017143,0,0,0,0,0,0,0,0
-74.6408,-109.0755,1,2017144,0,0,0,0,0,0,0,0
-74.6408,-109.0755,1,2017145,0,0,0,0,0,0,0,0
-74.6408,-109.0755,0,2017146,0,0,0,0,0,0,0,0
-74.6408,-109.0755,1,2017147,0,0,0,0,0,0,0,0
-74.6408,-109.0755,1,2017148,0,0,0,0,0,0,0,0
-74.6408,-109.0755,1,2017149,0,0,0,0,0,0,0,0
-74.6408,-109.0755,1,2017150,0,0,0,0,0,0,0,0
-74.6408,-109.0755,1,2017151,0,0,0,0,0,0,0,0
