ascat_1,ascat_2,ascat_3,date,nic_1,nic_2,nic_3,oscat_1,oscat_2,oscat_3,qscat_1,qscat_2,qscat_3,size_1,size_2
0,0,0,2000050,0,0,0,0,0,0,-67.7816,147.1215,1,0,0
0,0,0,2000051,0,0,0,0,0,0,-67.7816,147.1215,1,0,0
0,0,0,2000052,0,0,0,0,0,0,-67.7816,147.1215,1,0,0
0,0,0,2000053,0,0,0,0,0,0,-67.7816,147.1215,1,0,0
0,0,0,2000054,0,0,0,0,0,0,-67.7816,147.1215,1,0,0
0,0,0,2000055,0,0,0,0,0,0,-67.7816,147.1215,1,0,0
0,0,0,2000056,0,0,0,0,0,0,-67.7816,147.1215,1,0,0
0,0,0,2000057,0,0,0,0,0,0,-67.7816,147.1215,1,0,0
0,0,0,2000058,-68,147,1,0,0,0,-67.7816,147.1215,1,15,11
0,0,0,2000059,0,0,0,0,0,0,-67.7816,147.1215,1,0,0
0,0,0,2000060,0,0,0,0,0,0,-67.7816,147.1215,1,0,0
0,0,0,2000061,0,0,0,0,0,0,-67.7816,147.1215,1,0,0
0,0,0,2000062,0,0,0,0,0,0,-67.7816,147.1215,1,0,0
0,0,0,2000063,0,0,0,0,0,0,-67.7816,147.1215,1,0,0
0,0,0,2000064,0,0,0,0,0,0,-67.7816,147.1215,1,0,0
0,0,0,2000065,0,0,0,0,0,0,-67.7816,147.1215,1,0,0
0,0,0,2000066,0,0,0,0,0,0,-67.7816,147.1215,1,0,0
0,0,0,2000067,0,0,0,0,0,0,-67.7816,147.1215,1,0,0
0,0,0,2000068,0,0,0,0,0,0,-67.7816,147.1215,1,0,0
0,0,0,2000069,0,0,0,0,0,0,-67.7816,147.1215,1,0,0
0,0,0,2000070,0,0,0,0,0,0,-67.7816,147.1215,1,0,0
0,0,0,2000071,0,0,0,0,0,0,-67.7816,147.1215,1,0,0
0,0,0,2000072,0,0,0,0,0,0,-67.7816,147.1215,1,0,0
0,0,0,2000073,0,0,0,0,0,0,-67.7816,147.1215,1,0,0
0,0,0,2000074,0,0,0,0,0,0,-67.7816,147.1215,1,0,0
0,0,0,2000075,0,0,0,0,0,0,-67.7816,147.1215,1,0,0
0,0,0,2000076,0,0,0,0,0,0,-67.7816,147.1215,1,0,0
0,0,0,2000077,0,0,0,0,0,0,-67.7816,147.1215,1,0,0
0,0,0,2000078,0,0,0,0,0,0,-67.7816,147.1215,1,0,0
0,0,0,2000079,0,0,0,0,0,0,-67.7816,147.1215,1,0,0
0,0,0,2000080,0,0,0,0,0,0,-67.7816,147.1215,1,0,0
0,0,0,2000081,0,0,0,0,0,0,-67.7816,147.1215,1,0,0
0,0,0,2000082,0,0,0,0,0,0,-67.7816,147.1215,1,0,0
0,0,0,2000083,0,0,0,0,0,0,-67.7816,147.1215,1,0,0
0,0,0,2000084,0,0,0,0,0,0,-67.7816,147.1215,1,0,0
0,0,0,2000085,0,0,0,0,0,0,-67.7816,147.1215,1,0,0
0,0,0,2000086,0,0,0,0,0,0,-67.7816,147.1215,1,0,0
0,0,0,2000087,0,0,0,0,0,0,-67.7816,147.1215,1,0,0
0,0,0,2000088,0,0,0,0,0,0,-67.7816,147.1215,1,0,0
0,0,0,2000089,0,0,0,0,0,0,-67.7816,147.1215,1,0,0
0,0,0,2000090,0,0,0,0,0,0,-67.7816,147.1215,1,0,0
0,0,0,2000091,0,0,0,0,0,0,-67.7816,147.1215,1,0,0
0,0,0,2000092,0,0,0,0,0,0,-67.7816,147.1215,1,0,0
0,0,0,2000093,0,0,0,0,0,0,-67.7816,147.1215,1,0,0
0,0,0,2000094,0,0,0,0,0,0,-67.7816,147.1215,1,0,0
0,0,0,2000095,0,0,0,0,0,0,-67.7816,147.1215,1,0,0
0,0,0,2000096,0,0,0,0,0,0,-67.7816,147.1215,1,0,0
0,0,0,2000097,0,0,0,0,0,0,-67.7816,147.1215,1,0,0
0,0,0,2000098,0,0,0,0,0,0,-67.7816,147.1215,1,0,0
0,0,0,2000099,0,0,0,0,0,0,-67.7816,147.1215,1,0,0
0,0,0,2000100,0,0,0,0,0,0,-67.7816,147.1215,1,0,0
0,0,0,2000101,0,0,0,0,0,0,-67.7816,147.1215,1,0,0
0,0,0,2000102,0,0,0,0,0,0,-67.7816,147.1215,1,0,0
0,0,0,2000103,0,0,0,0,0,0,-67.7816,147.1215,1,0,0
0,0,0,2000104,0,0,0,0,0,0,-67.7816,147.1215,1,0,0
0,0,0,2000105,0,0,0,0,0,0,-67.7816,147.1215,1,0,0
0,0,0,2000106,0,0,0,0,0,0,-67.7816,147.1215,1,0,0
0,0,0,2000107,0,0,0,0,0,0,-67.7816,147.1215,1,0,0
0,0,0,2000108,0,0,0,0,0,0,-67.7816,147.1215,1,0,0
0,0,0,2000109,0,0,0,0,0,0,-67.7816,147.1215,1,0,0
0,0,0,2000110,0,0,0,0,0,0,-67.7816,147.1215,1,0,0
0,0,0,2000111,0,0,0,0,0,0,-67.7816,147.1215,1,0,0
0,0,0,2000112,0,0,0,0,0,0,-67.7816,147.1215,1,0,0
0,0,0,2000113,0,0,0,0,0,0,-67.7816,147.1215,1,0,0
0,0,0,2000114,0,0,0,0,0,0,-67.7816,147.1215,1,0,0
0,0,0,2000115,0,0,0,0,0,0,-67.7816,147.1215,1,0,0
0,0,0,2000116,0,0,0,0,0,0,-67.7816,147.1215,1,0,0
0,0,0,2000117,0,0,0,0,0,0,-67.7816,147.1215,1,0,0
0,0,0,2000118,0,0,0,0,0,0,-67.7816,147.1215,1,0,0
0,0,0,2000119,0,0,0,0,0,0,-67.7816,147.1215,1,0,0
0,0,0,2000120,0,0,0,0,0,0,-67.7816,147.1215,1,0,0
0,0,0,2000121,0,0,0,0,0,0,-67.7816,147.1215,1,0,0
0,0,0,2000122,0,0,0,0,0,0,-67.7816,147.1215,1,0,0
0,0,0,2000123,0,0,0,0,0,0,-67.7816,147.1215,1,0,0
0,0,0,2000124,0,0,0,0,0,0,-67.7816,147.1215,1,0,0
0,0,0,2000125,0,0,0,0,0,0,-67.7816,147.1215,1,0,0
0,0,0,2000126,0,0,0,0,0,0,-67.7816,147.1215,1,0,0
0,0,0,2000127,0,0,0,0,0,0,-67.7816,147.1215,1,0,0
0,0,0,2000128,0,0,0,0,0,0,-67.7816,147.1215,1,0,0
0,0,0,2000129,0,0,0,0,0,0,-67.7816,147.1215,1,0,0
0,0,0,2000130,0,0,0,0,0,0,-67.7816,147.1215,1,0,0
0,0,0,2000131,0,0,0,0,0,0,-67.7816,147.1215,1,0,0
0,0,0,2000132,0,0,0,0,0,0,-67.7816,147.1215,1,0,0
0,0,0,2000133,0,0,0,0,0,0,-67.7816,147.1215,1,0,0
0,0,0,2000134,0,0,0,0,0,0,-67.7816,147.1215,1,0,0
0,0,0,2000135,0,0,0,0,0,0,-67.7816,147.1215,1,0,0
0,0,0,2000136,0,0,0,0,0,0,-67.7816,147.1215,1,0,0
0,0,0,2000137,0,0,0,0,0,0,-67.7816,147.1215,1,0,0
0,0,0,2000138,0,0,0,0,0,0,-67.7816,147.1215,1,0,0
0,0,0,2000139,0,0,0,0,0,0,-67.7816,147.1215,1,0,0
0,0,0,2000140,0,0,0,0,0,0,-67.7816,147.1215,1,0,0
0,0,0,2000141,0,0,0,0,0,0,-67.7816,147.1215,1,0,0
0,0,0,2000142,0,0,0,0,0,0,-67.7816,147.1215,1,0,0
0,0,0,2000143,0,0,0,0,0,0,-67.7816,147.1215,1,0,0
0,0,0,2000144,0,0,0,0,0,0,-67.7816,147.1215,1,0,0
0,0,0,2000145,0,0,0,0,0,0,-67.7816,147.1215,1,0,0
0,0,0,2000146,0,0,0,0,0,0,-67.7816,147.1215,1,0,0
0,0,0,2000147,0,0,0,0,0,0,-67.7816,147.1215,1,0,0
0,0,0,2000148,0,0,0,0,0,0,-67.7816,147.1215,1,0,0
0,0,0,2000149,0,0,0,0,0,0,-67.7816,147.1215,1,0,0
0,0,0,2000150,0,0,0,0,0,0,-67.7816,147.1215,1,0,0
0,0,0,2000151,0,0,0,0,0,0,-67.7816,147.1215,1,0,0
0,0,0,2000152,0,0,0,0,0,0,-67.7816,147.1215,1,0,0
0,0,0,2000153,0,0,0,0,0,0,-67.7816,147.1215,1,0,0
0,0,0,2000154,0,0,0,0,0,0,-67.7816,147.1215,1,0,0
0,0,0,2000155,0,0,0,0,0,0,-67.7816,147.1215,1,0,0
0,0,0,2000156,0,0,0,0,0,0,-67.7816,147.1215,1,0,0
0,0,0,2000157,0,0,0,0,0,0,-67.7816,147.1215,1,0,0
0,0,0,2000158,0,0,0,0,0,0,-67.7816,147.1215,1,0,0
0,0,0,2000159,0,0,0,0,0,0,-67.7816,147.1215,1,0,0
0,0,0,2000160,0,0,0,0,0,0,-67.7816,147.1215,1,0,0
0,0,0,2000161,0,0,0,0,0,0,-67.7816,147.1215,1,0,0
0,0,0,2000162,0,0,0,0,0,0,-67.7816,147.1215,1,0,0
0,0,0,2000163,0,0,0,0,0,0,-67.7816,147.1215,1,0,0
0,0,0,2000164,0,0,0,0,0,0,-67.7816,147.1215,1,0,0
0,0,0,2000165,0,0,0,0,0,0,-67.7816,147.1215,1,0,0
0,0,0,2000166,0,0,0,0,0,0,-67.7816,147.1215,1,0,0
0,0,0,2000167,0,0,0,0,0,0,-67.7816,147.1215,1,0,0
0,0,0,2000168,0,0,0,0,0,0,-67.7816,147.1215,1,0,0
0,0,0,2000169,0,0,0,0,0,0,-67.7816,147.1215,1,0,0
0,0,0,2000170,0,0,0,0,0,0,-67.7816,147.1215,1,0,0
0,0,0,2000171,0,0,0,0,0,0,-67.7816,147.1215,1,0,0
0,0,0,2000172,0,0,0,0,0,0,-67.7816,147.1215,1,0,0
0,0,0,2000173,0,0,0,0,0,0,-67.7816,147.1215,1,0,0
0,0,0,2000174,0,0,0,0,0,0,-67.7816,147.1215,1,0,0
0,0,0,2000175,0,0,0,0,0,0,-67.7816,147.1215,1,0,0
0,0,0,2000176,0,0,0,0,0,0,-67.7816,147.1215,1,0,0
0,0,0,2000177,0,0,0,0,0,0,-67.7816,147.1215,1,0,0
0,0,0,2000178,0,0,0,0,0,0,-67.7816,147.1215,1,0,0
0,0,0,2000179,0,0,0,0,0,0,-67.7816,147.1215,1,0,0
0,0,0,2000180,0,0,0,0,0,0,-67.7816,147.1215,1,0,0
0,0,0,2000181,0,0,0,0,0,0,-67.7816,147.1215,1,0,0
0,0,0,2000182,0,0,0,0,0,0,-67.7816,147.1215,1,0,0
0,0,0,2000183,0,0,0,0,0,0,-67.7816,147.1215,1,0,0
0,0,0,2000184,0,0,0,0,0,0,-67.7816,147.1215,1,0,0
0,0,0,2000185,0,0,0,0,0,0,-67.7816,147.1215,1,0,0
0,0,0,2000186,0,0,0,0,0,0,-67.7816,147.1215,1,0,0
0,0,0,2000187,0,0,0,0,0,0,-67.7816,147.1215,1,0,0
0,0,0,2000188,0,0,0,0,0,0,-67.7816,147.1215,1,0,0
0,0,0,2000189,0,0,0,0,0,0,-67.7816,147.1215,1,0,0
0,0,0,2000190,0,0,0,0,0,0,-67.7816,147.1215,1,0,0
0,0,0,2000191,0,0,0,0,0,0,-67.7816,147.1215,1,0,0
0,0,0,2000192,0,0,0,0,0,0,-67.7816,147.1215,1,0,0
0,0,0,2000193,0,0,0,0,0,0,-67.7816,147.1215,1,0,0
0,0,0,2000194,0,0,0,0,0,0,-67.7816,147.1215,1,0,0
0,0,0,2000195,0,0,0,0,0,0,-67.7816,147.1215,1,0,0
0,0,0,2000196,0,0,0,0,0,0,-67.7816,147.1215,1,0,0
0,0,0,2000197,0,0,0,0,0,0,-67.7816,147.1215,1,0,0
0,0,0,2000198,0,0,0,0,0,0,-67.7816,147.1215,1,0,0
0,0,0,2000199,0,0,0,0,0,0,-67.7816,147.1215,1,0,0
0,0,0,2000200,0,0,0,0,0,0,-67.7816,147.1215,1,0,0
0,0,0,2000201,0,0,0,0,0,0,-67.7816,147.1215,1,0,0
0,0,0,2000202,0,0,0,0,0,0,-67.7816,147.1215,1,0,0
0,0,0,2000203,0,0,0,0,0,0,-67.7816,147.1215,1,0,0
0,0,0,2000204,0,0,0,0,0,0,-67.7816,147.1215,1,0,0
0,0,0,2000205,0,0,0,0,0,0,-67.7816,147.1215,1,0,0
0,0,0,2000206,0,0,0,0,0,0,-67.7816,147.1215,1,0,0
0,0,0,2000207,0,0,0,0,0,0,-67.7816,147.1215,1,0,0
0,0,0,2000208,0,0,0,0,0,0,-67.7816,147.1215,1,0,0
0,0,0,2000209,0,0,0,0,0,0,-67.7816,147.1215,1,0,0
0,0,0,2000210,0,0,0,0,0,0,-67.7816,147.1215,1,0,0
0,0,0,2000211,0,0,0,0,0,0,-67.7816,147.1215,1,0,0
0,0,0,2000212,0,0,0,0,0,0,-67.7816,147.1215,1,0,0
0,0,0,2000213,0,0,0,0,0,0,-67.7816,147.1215,1,0,0
0,0,0,2000214,0,0,0,0,0,0,-67.7816,147.1215,1,0,0
0,0,0,2000215,0,0,0,0,0,0,-67.7816,147.1215,1,0,0
0,0,0,2000216,0,0,0,0,0,0,-67.7816,147.1215,1,0,0
0,0,0,2000217,0,0,0,0,0,0,-67.7816,147.1215,1,0,0
0,0,0,2000218,0,0,0,0,0,0,-67.7816,147.1215,1,0,0
0,0,0,2000219,0,0,0,0,0,0,-67.7816,147.1215,1,0,0
0,0,0,2000220,0,0,0,0,0,0,-67.7816,147.1215,1,0,0
0,0,0,2000221,0,0,0,0,0,0,-67.7816,147.1215,1,0,0
0,0,0,2000222,0,0,0,0,0,0,-67.7816,147.1215,1,0,0
0,0,0,2000223,0,0,0,0,0,0,-67.7816,147.1215,1,0,0
0,0,0,2000224,0,0,0,0,0,0,-67.7816,147.1215,1,0,0
0,0,0,2000225,0,0,0,0,0,0,-67.7816,147.1215,1,0,0
0,0,0,2000226,0,0,0,0,0,0,-67.7816,147.1215,1,0,0
0,0,0,2000227,0,0,0,0,0,0,-67.7816,147.1215,1,0,0
0,0,0,2000228,0,0,0,0,0,0,-67.7816,147.1215,1,0,0
0,0,0,2000229,0,0,0,0,0,0,-67.7816,147.1215,1,0,0
0,0,0,2000230,0,0,0,0,0,0,-67.7816,147.1215,1,0,0
0,0,0,2000231,0,0,0,0,0,0,-67.7816,147.1215,1,0,0
0,0,0,2000232,0,0,0,0,0,0,-67.7816,147.1215,1,0,0
0,0,0,2000233,0,0,0,0,0,0,-67.7816,147.1215,1,0,0
0,0,0,2000234,0,0,0,0,0,0,-67.7816,147.1215,1,0,0
0,0,0,2000235,0,0,0,0,0,0,-67.7816,147.1215,1,0,0
0,0,0,2000236,0,0,0,0,0,0,-67.7816,147.1215,1,0,0
0,0,0,2000237,0,0,0,0,0,0,-67.7816,147.1215,1,0,0
0,0,0,2000238,0,0,0,0,0,0,-67.7816,147.1215,1,0,0
0,0,0,2000239,0,0,0,0,0,0,-67.7816,147.1215,1,0,0
0,0,0,2000240,0,0,0,0,0,0,-67.7816,147.1215,1,0,0
0,0,0,2000241,0,0,0,0,0,0,-67.7816,147.1215,1,0,0
0,0,0,2000242,0,0,0,0,0,0,-67.7816,147.1215,1,0,0
0,0,0,2000243,0,0,0,0,0,0,-67.7816,147.1215,1,0,0
0,0,0,2000244,0,0,0,0,0,0,-67.7816,147.1215,1,0,0
0,0,0,2000245,0,0,0,0,0,0,-67.7816,147.1215,1,0,0
0,0,0,2000246,0,0,0,0,0,0,-67.7816,147.1215,1,0,0
0,0,0,2000247,0,0,0,0,0,0,-67.7816,147.1215,1,0,0
0,0,0,2000248,0,0,0,0,0,0,-67.7816,147.1215,1,0,0
0,0,0,2000249,0,0,0,0,0,0,-67.7816,147.1215,1,0,0
0,0,0,2000250,0,0,0,0,0,0,-67.7816,147.1215,1,0,0
0,0,0,2000251,0,0,0,0,0,0,-67.7953,147.1293,1,0,0
0,0,0,2000252,0,0,0,0,0,0,-67.7961,147.1194,1,0,0
0,0,0,2000253,0,0,0,0,0,0,-67.7961,147.1194,1,0,0
0,0,0,2000254,0,0,0,0,0,0,-67.7961,147.1194,1,0,0
0,0,0,2000255,0,0,0,0,0,0,-67.7961,147.1194,1,0,0
0,0,0,2000256,0,0,0,0,0,0,-67.7961,147.1194,1,0,0
0,0,0,2000257,0,0,0,0,0,0,-67.6613,147.2273,1,0,0
0,0,0,2000258,0,0,0,0,0,0,-67.6639,147.1595,1,0,0
0,0,0,2000259,0,0,0,0,0,0,-67.6641,147.1578,1,0,0
0,0,0,2000260,0,0,0,0,0,0,-67.6641,147.1578,1,0,0
0,0,0,2000261,0,0,0,0,0,0,-67.6641,147.1578,1,0,0
0,0,0,2000262,0,0,0,0,0,0,-67.6641,147.1578,1,0,0
0,0,0,2000263,0,0,0,0,0,0,-67.6478,147.1854,1,0,0
0,0,0,2000264,0,0,0,0,0,0,-67.6312,147.2136,1,0,0
0,0,0,2000265,0,0,0,0,0,0,-67.6145,147.2417,1,0,0
0,0,0,2000266,0,0,0,0,0,0,-67.6141,147.2423,1,0,0
0,0,0,2000267,0,0,0,0,0,0,-67.6141,147.2423,1,0,0
0,0,0,2000268,0,0,0,0,0,0,-67.6304,147.2148,1,0,0
0,0,0,2000269,0,0,0,0,0,0,-67.6308,147.2142,1,0,0
0,0,0,2000270,0,0,0,0,0,0,-67.6308,147.2142,1,0,0
0,0,0,2000271,0,0,0,0,0,0,-67.6308,147.2142,1,0,0
0,0,0,2000272,0,0,0,0,0,0,-67.6308,147.2142,1,0,0
0,0,0,2000273,0,0,0,0,0,0,-67.6145,147.2417,1,0,0
0,0,0,2000274,0,0,0,0,0,0,-67.6141,147.2423,1,0,0
0,0,0,2000275,0,0,0,0,0,0,-67.6141,147.2423,1,0,0
0,0,0,2000276,0,0,0,0,0,0,-67.6141,147.2423,1,0,0
0,0,0,2000277,0,0,0,0,0,0,-67.6141,147.2423,1,0,0
0,0,0,2000278,0,0,0,0,0,0,-67.6141,147.2423,1,0,0
0,0,0,2000279,0,0,0,0,0,0,-67.6141,147.2423,1,0,0
0,0,0,2000280,0,0,0,0,0,0,-67.6141,147.2423,1,0,0
0,0,0,2000281,0,0,0,0,0,0,-67.6141,147.2423,1,0,0
0,0,0,2000282,0,0,0,0,0,0,-67.6141,147.2423,1,0,0
0,0,0,2000283,0,0,0,0,0,0,-67.6141,147.2423,1,0,0
0,0,0,2000284,0,0,0,0,0,0,-67.6141,147.243,1,0,0
0,0,0,2000285,0,0,0,0,0,0,-67.6141,147.245,1,0,0
0,0,0,2000286,0,0,0,0,0,0,-67.6141,147.246,1,0,0
0,0,0,2000287,0,0,0,0,0,0,-67.6141,147.247,1,0,0
0,0,0,2000288,0,0,0,0,0,0,-67.6167,147.2899,1,0,0
0,0,0,2000289,0,0,0,0,0,0,-67.6144,147.2433,1,0,0
0,0,0,2000290,0,0,0,0,0,0,-67.6141,147.2423,1,0,0
0,0,0,2000291,0,0,0,0,0,0,-67.6141,147.2423,1,0,0
0,0,0,2000292,0,0,0,0,0,0,-67.6141,147.2423,1,0,0
0,0,0,2000293,0,0,0,0,0,0,-67.6141,147.2423,1,0,0
0,0,0,2000294,0,0,0,0,0,0,-67.6141,147.2423,1,0,0
0,0,0,2000295,0,0,0,0,0,0,-67.6141,147.2423,1,0,0
0,0,0,2000296,0,0,0,0,0,0,-67.6141,147.2423,1,0,0
0,0,0,2000297,0,0,0,0,0,0,-67.6141,147.2423,1,0,0
0,0,0,2000298,0,0,0,0,0,0,-67.6141,147.2423,1,0,0
0,0,0,2000299,0,0,0,0,0,0,-67.6141,147.2423,1,0,0
0,0,0,2000300,0,0,0,0,0,0,-67.6141,147.2423,1,0,0
0,0,0,2000301,0,0,0,0,0,0,-67.6141,147.2423,1,0,0
0,0,0,2000302,0,0,0,0,0,0,-67.6141,147.2423,1,0,0
0,0,0,2000303,0,0,0,0,0,0,-67.6141,147.2423,1,0,0
0,0,0,2000304,0,0,0,0,0,0,-67.6141,147.2423,1,0,0
0,0,0,2000305,0,0,0,0,0,0,-67.6141,147.2423,1,0,0
0,0,0,2000306,0,0,0,0,0,0,-67.6141,147.2423,1,0,0
0,0,0,2000307,0,0,0,0,0,0,-67.6141,147.2423,1,0,0
0,0,0,2000308,0,0,0,0,0,0,-67.6141,147.2423,1,0,0
0,0,0,2000309,0,0,0,0,0,0,-67.6141,147.2423,1,0,0
0,0,0,2000310,-67.9,147.3,1,0,0,0,-67.6141,147.2423,1,15,11
0,0,0,2000311,-67.9,147.3,0,0,0,0,-67.6141,147.2423,1,0,0
0,0,0,2000312,-67.9,147.3,0,0,0,0,-67.6141,147.2423,1,0,0
0,0,0,2000313,-67.9,147.3,0,0,0,0,-67.6141,147.2423,1,0,0
0,0,0,2000314,-67.9,147.3,0,0,0,0,-67.6141,147.2423,1,0,0
0,0,0,2000315,-67.9,147.3,0,0,0,0,-67.6141,147.2423,1,0,0
0,0,0,2000316,-67.9,147.3,0,0,0,0,-67.6141,147.2423,1,0,0
0,0,0,2000317,-67.9,147.3,1,0,0,0,-67.6141,147.2423,1,15,11
0,0,0,2000318,0,0,0,0,0,0,-67.6141,147.2423,1,0,0
0,0,0,2000319,0,0,0,0,0,0,-67.6141,147.2423,1,0,0
0,0,0,2000320,0,0,0,0,0,0,-67.6141,147.2423,1,0,0
0,0,0,2000321,0,0,0,0,0,0,-67.6141,147.2423,1,0,0
0,0,0,2000322,0,0,0,0,0,0,-67.6141,147.2423,0,0,0
0,0,0,2000323,0,0,0,0,0,0,-67.6141,147.2423,1,0,0
0,0,0,2000324,0,0,0,0,0,0,-67.6141,147.2423,1,0,0
0,0,0,2000325,0,0,0,0,0,0,-67.6141,147.2423,1,0,0
0,0,0,2000326,0,0,0,0,0,0,-67.6141,147.2423,1,0,0
0,0,0,2000327,0,0,0,0,0,0,-67.6141,147.2423,1,0,0
0,0,0,2000328,0,0,0,0,0,0,-67.6141,147.2423,1,0,0
0,0,0,2000329,0,0,0,0,0,0,-67.6141,147.2423,1,0,0
0,0,0,2000330,0,0,0,0,0,0,-67.6141,147.2423,1,0,0
0,0,0,2000331,0,0,0,0,0,0,-67.6141,147.2423,1,0,0
0,0,0,2000332,0,0,0,0,0,0,-67.6141,147.2423,1,0,0
0,0,0,2000333,0,0,0,0,0,0,-67.6141,147.2423,1,0,0
0,0,0,2000334,0,0,0,0,0,0,-67.6141,147.2423,1,0,0
0,0,0,2000335,0,0,0,0,0,0,-67.6141,147.2423,1,0,0
0,0,0,2000336,0,0,0,0,0,0,-67.6141,147.2423,1,0,0
0,0,0,2000337,0,0,0,0,0,0,-67.6141,147.2423,1,0,0
0,0,0,2000338,0,0,0,0,0,0,-67.6141,147.2423,1,0,0
0,0,0,2000339,0,0,0,0,0,0,-67.6141,147.2423,1,0,0
0,0,0,2000340,0,0,0,0,0,0,-67.6112,147.349,1,0,0
0,0,0,2000341,0,0,0,0,0,0,-67.6112,147.349,1,0,0
0,0,0,2000342,0,0,0,0,0,0,-67.6164,147.2898,1,0,0
0,0,0,2000343,0,0,0,0,0,0,-67.6172,147.2801,1,0,0
0,0,0,2000344,0,0,0,0,0,0,-67.601,147.3074,1,0,0
0,0,0,2000345,0,0,0,0,0,0,-67.6006,147.3081,1,0,0
0,0,0,2000346,0,0,0,0,0,0,-67.6006,147.3081,1,0,0
0,0,0,2000347,0,0,0,0,0,0,-67.6006,147.3081,1,0,0
0,0,0,2000348,0,0,0,0,0,0,-67.6006,147.3081,1,0,0
0,0,0,2000349,0,0,0,0,0,0,-67.6006,147.3081,1,0,0
0,0,0,2000350,0,0,0,0,0,0,-67.6006,147.3081,1,0,0
0,0,0,2000351,0,0,0,0,0,0,-67.6006,147.3081,1,0,0
0,0,0,2000352,0,0,0,0,0,0,-67.6006,147.3081,1,0,0
0,0,0,2000353,0,0,0,0,0,0,-67.6006,147.3081,1,0,0
0,0,0,2000354,0,0,0,0,0,0,-67.6006,147.3081,1,0,0
0,0,0,2000355,0,0,0,0,0,0,-67.5975,147.2704,1,0,0
0,0,0,2000356,0,0,0,0,0,0,-67.5975,147.2704,1,0,0
0,0,0,2000357,0,0,0,0,0,0,-67.5975,147.2704,1,0,0
0,0,0,2000358,0,0,0,0,0,0,-67.5975,147.2704,1,0,0
0,0,0,2000359,0,0,0,0,0,0,-67.5975,147.2704,1,0,0
0,0,0,2000360,0,0,0,0,0,0,-67.5701,147.2548,1,0,0
0,0,0,2000361,0,0,0,0,0,0,-67.5701,147.2548,1,0,0
0,0,0,2000362,0,0,0,0,0,0,-67.5701,147.2548,1,0,0
0,0,0,2000363,0,0,0,0,0,0,-67.5701,147.2548,1,0,0
0,0,0,2000364,0,0,0,0,0,0,-67.5701,147.2548,1,0,0
0,0,0,2000365,0,0,0,0,0,0,-67.5701,147.2548,1,0,0
0,0,0,2000366,0,0,0,0,0,0,-67.5701,147.2548,1,0,0
0,0,0,2001001,0,0,0,0,0,0,-67.5746,147.2446,1,0,0
0,0,0,2001002,0,0,0,0,0,0,-67.5864,147.2274,1,0,0
0,0,0,2001003,0,0,0,0,0,0,-67.5868,147.2268,1,0,0
0,0,0,2001004,0,0,0,0,0,0,-67.5868,147.2268,1,0,0
0,0,0,2001005,0,0,0,0,0,0,-67.5972,147.2694,1,0,0
0,0,0,2001006,0,0,0,0,0,0,-67.5917,147.3404,1,0,0
0,0,0,2001007,0,0,0,0,0,0,-67.6029,147.3272,1,0,0
0,0,0,2001008,0,0,0,0,0,0,-67.6029,147.3272,1,0,0
0,0,0,2001009,0,0,0,0,0,0,-67.6082,147.3141,1,0,0
0,0,0,2001010,0,0,0,0,0,0,-67.6082,147.3141,1,0,0
0,0,0,2001011,0,0,0,0,0,0,-67.6082,147.3141,1,0,0
0,0,0,2001012,0,0,0,0,0,0,-67.6082,147.3141,1,0,0
0,0,0,2001013,0,0,0,0,0,0,-67.6082,147.3141,1,0,0
0,0,0,2001014,0,0,0,0,0,0,-67.6082,147.3141,1,0,0
0,0,0,2001015,0,0,0,0,0,0,-67.6082,147.3141,1,0,0
0,0,0,2001016,0,0,0,0,0,0,-67.6082,147.3141,1,0,0
0,0,0,2001017,0,0,0,0,0,0,-67.6082,147.3141,1,0,0
0,0,0,2001018,0,0,0,0,0,0,-67.6082,147.3141,1,0,0
0,0,0,2001019,0,0,0,0,0,0,-67.9685,147.3554,1,0,0
0,0,0,2001020,0,0,0,0,0,0,-67.9685,147.3554,1,0,0
0,0,0,2001021,-67.9,147.3,1,0,0,0,-67.9685,147.3554,1,15,11
0,0,0,2001022,0,0,0,0,0,0,-67.9685,147.3554,1,0,0
0,0,0,2001023,0,0,0,0,0,0,-67.9685,147.3554,1,0,0
0,0,0,2001024,0,0,0,0,0,0,-67.9685,147.3554,1,0,0
0,0,0,2001025,0,0,0,0,0,0,-67.9685,147.3554,1,0,0
0,0,0,2001026,0,0,0,0,0,0,-67.9685,147.3554,1,0,0
0,0,0,2001027,0,0,0,0,0,0,-67.9685,147.3554,1,0,0
0,0,0,2001028,0,0,0,0,0,0,-67.9685,147.3554,1,0,0
0,0,0,2001029,0,0,0,0,0,0,-67.9685,147.3554,1,0,0
0,0,0,2001030,0,0,0,0,0,0,-67.9685,147.3554,1,0,0
0,0,0,2001031,0,0,0,0,0,0,-67.9685,147.3554,1,0,0
0,0,0,2001032,0,0,0,0,0,0,-67.9685,147.3554,1,0,0
0,0,0,2001033,0,0,0,0,0,0,-67.9685,147.3554,1,0,0
0,0,0,2001034,0,0,0,0,0,0,-67.9685,147.3554,1,0,0
0,0,0,2001035,0,0,0,0,0,0,-67.9685,147.3554,1,0,0
0,0,0,2001036,0,0,0,0,0,0,-67.9685,147.3554,1,0,0
0,0,0,2001037,0,0,0,0,0,0,-67.9685,147.3554,1,0,0
0,0,0,2001038,0,0,0,0,0,0,-67.9685,147.3554,1,0,0
0,0,0,2001039,0,0,0,0,0,0,-67.9685,147.3554,1,0,0
0,0,0,2001040,0,0,0,0,0,0,-67.9685,147.3554,1,0,0
0,0,0,2001041,0,0,0,0,0,0,-67.9685,147.3554,1,0,0
0,0,0,2001042,0,0,0,0,0,0,-67.9685,147.3554,1,0,0
0,0,0,2001043,0,0,0,0,0,0,-67.9685,147.3554,1,0,0
0,0,0,2001044,0,0,0,0,0,0,-67.9685,147.3554,1,0,0
0,0,0,2001045,0,0,0,0,0,0,-67.9685,147.3554,1,0,0
0,0,0,2001046,0,0,0,0,0,0,-67.9685,147.3554,1,0,0
0,0,0,2001047,0,0,0,0,0,0,-67.9685,147.3554,1,0,0
0,0,0,2001048,0,0,0,0,0,0,-67.9685,147.3554,1,0,0
0,0,0,2001049,-67.9,147.3,1,0,0,0,-67.9685,147.3554,1,15,11
0,0,0,2001050,0,0,0,0,0,0,-67.9685,147.3554,1,0,0
0,0,0,2001051,0,0,0,0,0,0,-67.9685,147.3554,1,0,0
0,0,0,2001052,0,0,0,0,0,0,-67.9685,147.3554,1,0,0
0,0,0,2001053,0,0,0,0,0,0,-67.9685,147.3554,1,0,0
0,0,0,2001054,0,0,0,0,0,0,-67.9685,147.3554,1,0,0
0,0,0,2001055,0,0,0,0,0,0,-67.9685,147.3554,1,0,0
0,0,0,2001056,0,0,0,0,0,0,-67.9685,147.3554,1,0,0
0,0,0,2001057,0,0,0,0,0,0,-67.9685,147.3554,1,0,0
0,0,0,2001058,0,0,0,0,0,0,-67.9685,147.3554,1,0,0
0,0,0,2001059,0,0,0,0,0,0,-67.9685,147.3554,1,0,0
0,0,0,2001060,0,0,0,0,0,0,-67.9685,147.3554,1,0,0
0,0,0,2001061,0,0,0,0,0,0,-67.9685,147.3554,1,0,0
0,0,0,2001062,0,0,0,0,0,0,-67.9685,147.3554,1,0,0
0,0,0,2001063,0,0,0,0,0,0,-67.9685,147.3554,1,0,0
0,0,0,2001064,0,0,0,0,0,0,-67.9685,147.3554,1,0,0
0,0,0,2001065,0,0,0,0,0,0,-67.9685,147.3554,1,0,0
0,0,0,2001066,0,0,0,0,0,0,-67.9685,147.3554,1,0,0
0,0,0,2001067,0,0,0,0,0,0,-67.9685,147.3554,1,0,0
0,0,0,2001068,0,0,0,0,0,0,-67.9685,147.3554,1,0,0
0,0,0,2001069,0,0,0,0,0,0,-67.9685,147.3554,1,0,0
0,0,0,2001070,0,0,0,0,0,0,-67.9685,147.3554,1,0,0
0,0,0,2001071,0,0,0,0,0,0,-67.9685,147.3554,1,0,0
0,0,0,2001072,0,0,0,0,0,0,-67.9685,147.3554,1,0,0
0,0,0,2001073,0,0,0,0,0,0,-67.9685,147.3554,1,0,0
0,0,0,2001074,0,0,0,0,0,0,-67.9685,147.3554,1,0,0
0,0,0,2001075,0,0,0,0,0,0,-67.9685,147.3554,1,0,0
0,0,0,2001076,0,0,0,0,0,0,-67.9685,147.3554,1,0,0
0,0,0,2001077,0,0,0,0,0,0,-67.9685,147.3554,1,0,0
0,0,0,2001078,0,0,0,0,0,0,-67.9685,147.3554,1,0,0
0,0,0,2001079,0,0,0,0,0,0,-67.9685,147.3554,1,0,0
0,0,0,2001080,0,0,0,0,0,0,-67.9685,147.3554,1,0,0
0,0,0,2001081,0,0,0,0,0,0,-67.9685,147.3554,1,0,0
0,0,0,2001082,0,0,0,0,0,0,-67.9685,147.3554,1,0,0
0,0,0,2001083,0,0,0,0,0,0,-67.9685,147.3554,1,0,0
0,0,0,2001084,0,0,0,0,0,0,-67.9685,147.3554,1,0,0
0,0,0,2001085,0,0,0,0,0,0,-67.9685,147.3554,1,0,0
0,0,0,2001086,0,0,0,0,0,0,-67.9685,147.3554,1,0,0
0,0,0,2001087,0,0,0,0,0,0,-67.9685,147.3554,1,0,0
0,0,0,2001088,0,0,0,0,0,0,-67.9685,147.3554,1,0,0
0,0,0,2001089,0,0,0,0,0,0,-67.9685,147.3554,1,0,0
0,0,0,2001090,0,0,0,0,0,0,-67.9685,147.3554,1,0,0
0,0,0,2001091,0,0,0,0,0,0,-67.9685,147.3554,1,0,0
0,0,0,2001092,0,0,0,0,0,0,-67.9685,147.3554,1,0,0
0,0,0,2001093,0,0,0,0,0,0,-67.9685,147.3554,1,0,0
0,0,0,2001094,0,0,0,0,0,0,-67.9685,147.3554,1,0,0
0,0,0,2001095,0,0,0,0,0,0,-67.9685,147.3554,1,0,0
0,0,0,2001096,0,0,0,0,0,0,-67.9685,147.3554,1,0,0
0,0,0,2001097,0,0,0,0,0,0,-67.9685,147.3554,1,0,0
0,0,0,2001098,0,0,0,0,0,0,-67.9685,147.3554,1,0,0
0,0,0,2001099,0,0,0,0,0,0,-67.9685,147.3554,1,0,0
0,0,0,2001100,0,0,0,0,0,0,-67.9685,147.3554,1,0,0
0,0,0,2001101,0,0,0,0,0,0,-67.9685,147.3554,1,0,0
0,0,0,2001102,0,0,0,0,0,0,-67.9685,147.3554,1,0,0
0,0,0,2001103,0,0,0,0,0,0,-67.9685,147.3554,1,0,0
0,0,0,2001104,0,0,0,0,0,0,-67.9685,147.3554,1,0,0
0,0,0,2001105,0,0,0,0,0,0,-67.9685,147.3554,1,0,0
0,0,0,2001106,0,0,0,0,0,0,-67.9685,147.3554,1,0,0
0,0,0,2001107,0,0,0,0,0,0,-67.9685,147.3554,1,0,0
0,0,0,2001108,0,0,0,0,0,0,-67.9685,147.3554,1,0,0
0,0,0,2001109,0,0,0,0,0,0,-67.9685,147.3554,1,0,0
0,0,0,2001110,0,0,0,0,0,0,-67.9685,147.3554,1,0,0
0,0,0,2001111,0,0,0,0,0,0,-67.9685,147.3554,1,0,0
0,0,0,2001112,0,0,0,0,0,0,-67.9685,147.3554,1,0,0
0,0,0,2001113,0,0,0,0,0,0,-67.9685,147.3554,1,0,0
0,0,0,2001114,0,0,0,0,0,0,-67.9685,147.3554,1,0,0
0,0,0,2001115,0,0,0,0,0,0,-67.9685,147.3554,1,0,0
0,0,0,2001116,0,0,0,0,0,0,-67.9685,147.3554,1,0,0
0,0,0,2001117,0,0,0,0,0,0,-67.9685,147.3554,1,0,0
0,0,0,2001118,0,0,0,0,0,0,-67.9685,147.3554,1,0,0
0,0,0,2001119,0,0,0,0,0,0,-67.9685,147.3554,1,0,0
0,0,0,2001120,0,0,0,0,0,0,-67.9685,147.3554,1,0,0
0,0,0,2001121,0,0,0,0,0,0,-67.9685,147.3554,1,0,0
0,0,0,2001122,0,0,0,0,0,0,-67.9685,147.3554,1,0,0
0,0,0,2001123,0,0,0,0,0,0,-67.9685,147.3554,1,0,0
0,0,0,2001124,0,0,0,0,0,0,-67.9685,147.3554,1,0,0
0,0,0,2001125,0,0,0,0,0,0,-67.9685,147.3554,1,0,0
0,0,0,2001126,0,0,0,0,0,0,-67.9685,147.3554,1,0,0
0,0,0,2001127,0,0,0,0,0,0,-67.9685,147.3554,1,0,0
0,0,0,2001128,0,0,0,0,0,0,-67.9685,147.3554,1,0,0
0,0,0,2001129,0,0,0,0,0,0,-67.9685,147.3554,1,0,0
0,0,0,2001130,0,0,0,0,0,0,-67.9685,147.3554,1,0,0
0,0,0,2001131,0,0,0,0,0,0,-67.9685,147.3554,1,0,0
0,0,0,2001134,0,0,0,0,0,0,-67.9685,147.3554,1,0,0
0,0,0,2001135,0,0,0,0,0,0,-67.9685,147.3554,1,0,0
0,0,0,2001136,0,0,0,0,0,0,-67.9685,147.3554,1,0,0
0,0,0,2001137,0,0,0,0,0,0,-67.9685,147.3554,1,0,0
0,0,0,2001138,0,0,0,0,0,0,-67.9685,147.3554,1,0,0
0,0,0,2001139,0,0,0,0,0,0,-67.9685,147.3554,1,0,0
0,0,0,2001140,0,0,0,0,0,0,-67.9685,147.3554,1,0,0
0,0,0,2001141,0,0,0,0,0,0,-67.9685,147.3554,1,0,0
0,0,0,2001142,0,0,0,0,0,0,-67.9685,147.3554,1,0,0
0,0,0,2001143,0,0,0,0,0,0,-67.9685,147.3554,1,0,0
0,0,0,2001144,0,0,0,0,0,0,-67.9685,147.3554,1,0,0
0,0,0,2001145,0,0,0,0,0,0,-67.9685,147.3554,1,0,0
0,0,0,2001146,0,0,0,0,0,0,-67.9685,147.3554,1,0,0
0,0,0,2001147,0,0,0,0,0,0,-67.9685,147.3554,1,0,0
0,0,0,2001148,0,0,0,0,0,0,-67.9685,147.3554,1,0,0
0,0,0,2001149,0,0,0,0,0,0,-67.9685,147.3554,1,0,0
0,0,0,2001150,0,0,0,0,0,0,-67.9685,147.3554,1,0,0
0,0,0,2001151,0,0,0,0,0,0,-67.9685,147.3554,1,0,0
0,0,0,2001152,0,0,0,0,0,0,-67.9685,147.3554,1,0,0
0,0,0,2001153,0,0,0,0,0,0,-67.9685,147.3554,1,0,0
0,0,0,2001154,0,0,0,0,0,0,-67.9685,147.3554,1,0,0
0,0,0,2001155,0,0,0,0,0,0,-67.9685,147.3554,1,0,0
0,0,0,2001156,0,0,0,0,0,0,-67.9685,147.3554,1,0,0
0,0,0,2001157,0,0,0,0,0,0,-67.9685,147.3554,1,0,0
0,0,0,2001158,0,0,0,0,0,0,-67.9685,147.3554,1,0,0
0,0,0,2001159,0,0,0,0,0,0,-67.9685,147.3554,1,0,0
0,0,0,2001160,0,0,0,0,0,0,-67.9685,147.3554,1,0,0
0,0,0,2001161,0,0,0,0,0,0,-67.9685,147.3554,1,0,0
0,0,0,2001162,0,0,0,0,0,0,-67.9685,147.3554,1,0,0
0,0,0,2001163,0,0,0,0,0,0,-67.9685,147.3554,1,0,0
0,0,0,2001164,0,0,0,0,0,0,-67.9685,147.3554,1,0,0
0,0,0,2001165,0,0,0,0,0,0,-67.9685,147.3554,1,0,0
0,0,0,2001166,0,0,0,0,0,0,-67.9685,147.3554,1,0,0
0,0,0,2001167,0,0,0,0,0,0,-67.9685,147.3554,1,0,0
0,0,0,2001168,0,0,0,0,0,0,-67.9685,147.3554,1,0,0
0,0,0,2001169,0,0,0,0,0,0,-67.9685,147.3554,1,0,0
0,0,0,2001170,0,0,0,0,0,0,-67.9685,147.3554,1,0,0
0,0,0,2001171,0,0,0,0,0,0,-67.9685,147.3554,1,0,0
0,0,0,2001172,0,0,0,0,0,0,-67.9685,147.3554,1,0,0
0,0,0,2001173,0,0,0,0,0,0,-67.9685,147.3554,1,0,0
0,0,0,2001174,0,0,0,0,0,0,-67.9685,147.3554,1,0,0
0,0,0,2001175,0,0,0,0,0,0,-67.9685,147.3554,1,0,0
0,0,0,2001176,0,0,0,0,0,0,-67.9685,147.3554,1,0,0
0,0,0,2001177,0,0,0,0,0,0,-67.9685,147.3554,1,0,0
0,0,0,2001178,0,0,0,0,0,0,-67.9685,147.3554,1,0,0
0,0,0,2001179,0,0,0,0,0,0,-67.9685,147.3554,1,0,0
0,0,0,2001180,0,0,0,0,0,0,-67.9685,147.3554,1,0,0
0,0,0,2001181,0,0,0,0,0,0,-67.9685,147.3554,1,0,0
0,0,0,2001182,0,0,0,0,0,0,-67.9685,147.3554,1,0,0
0,0,0,2001183,0,0,0,0,0,0,-67.9685,147.3554,1,0,0
0,0,0,2001184,0,0,0,0,0,0,-67.9685,147.3554,1,0,0
0,0,0,2001185,0,0,0,0,0,0,-67.9685,147.3554,1,0,0
0,0,0,2001186,0,0,0,0,0,0,-67.9685,147.3554,1,0,0
0,0,0,2001187,0,0,0,0,0,0,-67.9685,147.3554,1,0,0
0,0,0,2001190,0,0,0,0,0,0,-67.9685,147.3554,1,0,0
0,0,0,2001191,0,0,0,0,0,0,-67.9685,147.3554,1,0,0
0,0,0,2001192,0,0,0,0,0,0,-67.9685,147.3554,1,0,0
0,0,0,2001193,0,0,0,0,0,0,-67.9685,147.3554,1,0,0
0,0,0,2001194,0,0,0,0,0,0,-67.9685,147.3554,1,0,0
0,0,0,2001195,0,0,0,0,0,0,-67.9685,147.3554,1,0,0
0,0,0,2001196,0,0,0,0,0,0,-67.9685,147.3554,1,0,0
0,0,0,2001197,0,0,0,0,0,0,-67.9685,147.3554,1,0,0
0,0,0,2001198,0,0,0,0,0,0,-67.9685,147.3554,1,0,0
0,0,0,2001199,0,0,0,0,0,0,-67.9685,147.3554,1,0,0
0,0,0,2001200,0,0,0,0,0,0,-67.9685,147.3554,1,0,0
0,0,0,2001201,0,0,0,0,0,0,-67.9685,147.3554,1,0,0
0,0,0,2001202,0,0,0,0,0,0,-67.9685,147.3554,1,0,0
0,0,0,2001203,0,0,0,0,0,0,-67.9685,147.3554,1,0,0
0,0,0,2001204,0,0,0,0,0,0,-67.9685,147.3554,1,0,0
0,0,0,2001205,0,0,0,0,0,0,-67.9685,147.3554,1,0,0
0,0,0,2001206,0,0,0,0,0,0,-67.9685,147.3554,1,0,0
0,0,0,2001207,0,0,0,0,0,0,-67.9685,147.3554,1,0,0
0,0,0,2001208,0,0,0,0,0,0,-67.9685,147.3554,1,0,0
0,0,0,2001209,0,0,0,0,0,0,-67.9685,147.3554,1,0,0
0,0,0,2001210,0,0,0,0,0,0,-67.9685,147.3554,1,0,0
0,0,0,2001211,0,0,0,0,0,0,-67.9685,147.3554,1,0,0
0,0,0,2001212,0,0,0,0,0,0,-67.9685,147.3554,1,0,0
0,0,0,2001213,0,0,0,0,0,0,-67.9685,147.3554,1,0,0
0,0,0,2001214,0,0,0,0,0,0,-67.9685,147.3554,1,0,0
0,0,0,2001215,0,0,0,0,0,0,-67.9685,147.3554,1,0,0
0,0,0,2001216,0,0,0,0,0,0,-67.9685,147.3554,1,0,0
0,0,0,2001217,0,0,0,0,0,0,-67.9685,147.3554,1,0,0
0,0,0,2001218,0,0,0,0,0,0,-67.9685,147.3554,1,0,0
0,0,0,2001219,0,0,0,0,0,0,-67.9685,147.3554,1,0,0
0,0,0,2001220,0,0,0,0,0,0,-67.9685,147.3554,1,0,0
0,0,0,2001221,0,0,0,0,0,0,-67.9685,147.3554,1,0,0
0,0,0,2001222,0,0,0,0,0,0,-67.9685,147.3554,1,0,0
0,0,0,2001223,0,0,0,0,0,0,-67.9685,147.3554,1,0,0
0,0,0,2001224,0,0,0,0,0,0,-67.9685,147.3554,1,0,0
0,0,0,2001225,0,0,0,0,0,0,-67.9685,147.3554,1,0,0
0,0,0,2001226,0,0,0,0,0,0,-67.9685,147.3554,1,0,0
0,0,0,2001227,0,0,0,0,0,0,-67.9685,147.3554,1,0,0
0,0,0,2001228,0,0,0,0,0,0,-67.9685,147.3554,1,0,0
0,0,0,2001229,0,0,0,0,0,0,-67.9685,147.3554,1,0,0
0,0,0,2001230,0,0,0,0,0,0,-67.9685,147.3554,1,0,0
0,0,0,2001231,0,0,0,0,0,0,-67.9685,147.3554,1,0,0
0,0,0,2001232,0,0,0,0,0,0,-67.9685,147.3554,1,0,0
0,0,0,2001233,0,0,0,0,0,0,-67.9685,147.3554,1,0,0
0,0,0,2001234,0,0,0,0,0,0,-67.9685,147.3554,1,0,0
0,0,0,2001235,0,0,0,0,0,0,-67.9685,147.3554,1,0,0
0,0,0,2001236,0,0,0,0,0,0,-67.9685,147.3554,1,0,0
0,0,0,2001237,0,0,0,0,0,0,-67.9685,147.3554,1,0,0
0,0,0,2001238,0,0,0,0,0,0,-67.9685,147.3554,1,0,0
0,0,0,2001239,0,0,0,0,0,0,-67.9685,147.3554,1,0,0
0,0,0,2001240,0,0,0,0,0,0,-67.9685,147.3554,1,0,0
0,0,0,2001241,0,0,0,0,0,0,-67.9685,147.3554,1,0,0
0,0,0,2001242,0,0,0,0,0,0,-67.9685,147.3554,1,0,0
0,0,0,2001243,0,0,0,0,0,0,-67.9685,147.3554,1,0,0
0,0,0,2001244,0,0,0,0,0,0,-67.9685,147.3554,1,0,0
0,0,0,2001245,0,0,0,0,0,0,-67.9685,147.3554,1,0,0
0,0,0,2001246,0,0,0,0,0,0,-67.9685,147.3554,1,0,0
0,0,0,2001247,0,0,0,0,0,0,-67.9685,147.3554,1,0,0
0,0,0,2001248,0,0,0,0,0,0,-67.9685,147.3554,1,0,0
0,0,0,2001249,0,0,0,0,0,0,-67.9685,147.3554,1,0,0
0,0,0,2001250,0,0,0,0,0,0,-67.9685,147.3554,1,0,0
0,0,0,2001251,0,0,0,0,0,0,-67.9685,147.3554,1,0,0
0,0,0,2001252,0,0,0,0,0,0,-67.9685,147.3554,1,0,0
0,0,0,2001253,0,0,0,0,0,0,-67.9685,147.3554,1,0,0
0,0,0,2001254,0,0,0,0,0,0,-67.9685,147.3554,1,0,0
0,0,0,2001255,0,0,0,0,0,0,-67.9685,147.3554,1,0,0
0,0,0,2001256,0,0,0,0,0,0,-67.9685,147.3554,1,0,0
0,0,0,2001257,0,0,0,0,0,0,-67.9685,147.3554,1,0,0
0,0,0,2001258,0,0,0,0,0,0,-67.9685,147.3554,1,0,0
0,0,0,2001259,0,0,0,0,0,0,-67.9685,147.3554,1,0,0
0,0,0,2001260,0,0,0,0,0,0,-67.9685,147.3554,1,0,0
0,0,0,2001261,0,0,0,0,0,0,-67.9685,147.3554,1,0,0
0,0,0,2001262,0,0,0,0,0,0,-67.9685,147.3554,1,0,0
0,0,0,2001263,0,0,0,0,0,0,-67.9685,147.3554,1,0,0
0,0,0,2001264,0,0,0,0,0,0,-67.9685,147.3554,1,0,0
0,0,0,2001265,0,0,0,0,0,0,-67.9685,147.3554,1,0,0
0,0,0,2001266,0,0,0,0,0,0,-67.9685,147.3554,1,0,0
0,0,0,2001267,0,0,0,0,0,0,-67.9685,147.3554,1,0,0
0,0,0,2001268,0,0,0,0,0,0,-67.9685,147.3554,1,0,0
0,0,0,2001269,0,0,0,0,0,0,-67.9685,147.3554,1,0,0
0,0,0,2001270,0,0,0,0,0,0,-67.9685,147.3554,1,0,0
0,0,0,2001271,0,0,0,0,0,0,-67.9685,147.3554,1,0,0
0,0,0,2001272,0,0,0,0,0,0,-67.9685,147.3554,1,0,0
0,0,0,2001273,0,0,0,0,0,0,-67.9685,147.3554,1,0,0
0,0,0,2001274,0,0,0,0,0,0,-67.9685,147.3554,1,0,0
0,0,0,2001275,0,0,0,0,0,0,-67.9685,147.3554,1,0,0
0,0,0,2001276,0,0,0,0,0,0,-67.9685,147.3554,1,0,0
0,0,0,2001277,0,0,0,0,0,0,-67.9685,147.3554,1,0,0
0,0,0,2001278,0,0,0,0,0,0,-67.9685,147.3554,1,0,0
0,0,0,2001279,0,0,0,0,0,0,-67.9685,147.3554,1,0,0
0,0,0,2001280,0,0,0,0,0,0,-67.9685,147.3554,1,0,0
0,0,0,2001281,0,0,0,0,0,0,-67.9685,147.3554,1,0,0
0,0,0,2001282,0,0,0,0,0,0,-67.9685,147.3554,1,0,0
0,0,0,2001283,0,0,0,0,0,0,-67.9685,147.3554,1,0,0
0,0,0,2001284,0,0,0,0,0,0,-67.9685,147.3554,1,0,0
0,0,0,2001285,0,0,0,0,0,0,-67.9685,147.3554,1,0,0
0,0,0,2001286,0,0,0,0,0,0,-67.9685,147.3554,1,0,0
0,0,0,2001287,0,0,0,0,0,0,-67.9685,147.3554,1,0,0
0,0,0,2001288,0,0,0,0,0,0,-67.9685,147.3554,1,0,0
0,0,0,2001289,0,0,0,0,0,0,-67.9685,147.3554,1,0,0
0,0,0,2001290,0,0,0,0,0,0,-67.9685,147.3554,1,0,0
0,0,0,2001291,0,0,0,0,0,0,-67.9685,147.3554,1,0,0
0,0,0,2001292,0,0,0,0,0,0,-67.9685,147.3554,1,0,0
0,0,0,2001293,0,0,0,0,0,0,-67.9685,147.3554,1,0,0
0,0,0,2001294,0,0,0,0,0,0,-67.9685,147.3554,1,0,0
0,0,0,2001295,0,0,0,0,0,0,-67.9685,147.3554,1,0,0
0,0,0,2001296,0,0,0,0,0,0,-67.9685,147.3554,1,0,0
0,0,0,2001297,0,0,0,0,0,0,-67.9685,147.3554,1,0,0
0,0,0,2001298,0,0,0,0,0,0,-67.9685,147.3554,1,0,0
0,0,0,2001299,0,0,0,0,0,0,-67.9685,147.3554,1,0,0
0,0,0,2001300,0,0,0,0,0,0,-67.9685,147.3554,1,0,0
0,0,0,2001301,0,0,0,0,0,0,-67.9685,147.3554,1,0,0
0,0,0,2001302,0,0,0,0,0,0,-67.9685,147.3554,1,0,0
0,0,0,2001303,0,0,0,0,0,0,-67.9685,147.3554,1,0,0
0,0,0,2001304,0,0,0,0,0,0,-67.9685,147.3554,1,0,0
0,0,0,2001305,0,0,0,0,0,0,-67.9685,147.3554,1,0,0
0,0,0,2001306,0,0,0,0,0,0,-67.9685,147.3554,1,0,0
0,0,0,2001307,0,0,0,0,0,0,-67.9685,147.3554,1,0,0
0,0,0,2001308,0,0,0,0,0,0,-67.9685,147.3554,1,0,0
0,0,0,2001309,0,0,0,0,0,0,-67.9685,147.3554,1,0,0
0,0,0,2001310,0,0,0,0,0,0,-67.9685,147.3554,1,0,0
0,0,0,2001311,0,0,0,0,0,0,-67.9685,147.3554,1,0,0
0,0,0,2001312,0,0,0,0,0,0,-67.9685,147.3554,1,0,0
0,0,0,2001313,0,0,0,0,0,0,-67.9685,147.3554,1,0,0
0,0,0,2001314,0,0,0,0,0,0,-67.9685,147.3554,1,0,0
0,0,0,2001315,-67.9,147.2,1,0,0,0,-67.9685,147.3554,1,15,11
0,0,0,2001316,0,0,0,0,0,0,-67.9685,147.3554,1,0,0
0,0,0,2001317,0,0,0,0,0,0,-67.9685,147.3554,1,0,0
0,0,0,2001318,0,0,0,0,0,0,-67.9685,147.3554,1,0,0
0,0,0,2001319,0,0,0,0,0,0,-67.9685,147.3554,1,0,0
0,0,0,2001320,0,0,0,0,0,0,-67.9685,147.3554,1,0,0
0,0,0,2001321,0,0,0,0,0,0,-67.9685,147.3554,1,0,0
0,0,0,2001323,0,0,0,0,0,0,-67.9685,147.3554,1,0,0
0,0,0,2001324,0,0,0,0,0,0,-67.9685,147.3554,1,0,0
0,0,0,2001325,0,0,0,0,0,0,-67.9685,147.3554,1,0,0
0,0,0,2001326,0,0,0,0,0,0,-67.9685,147.3554,1,0,0
0,0,0,2001327,0,0,0,0,0,0,-67.9685,147.3554,1,0,0
0,0,0,2001328,0,0,0,0,0,0,-67.9685,147.3554,1,0,0
0,0,0,2001329,0,0,0,0,0,0,-67.9685,147.3554,1,0,0
0,0,0,2001330,0,0,0,0,0,0,-67.9685,147.3554,1,0,0
0,0,0,2001331,0,0,0,0,0,0,-67.9685,147.3554,1,0,0
0,0,0,2001332,0,0,0,0,0,0,-67.9685,147.3554,1,0,0
0,0,0,2001333,0,0,0,0,0,0,-67.9685,147.3554,1,0,0
0,0,0,2001334,0,0,0,0,0,0,-67.9685,147.3554,1,0,0
0,0,0,2001335,0,0,0,0,0,0,-67.9685,147.3554,1,0,0
0,0,0,2001336,-67.9,147.2,1,0,0,0,-67.9685,147.3554,1,15,11
0,0,0,2001337,-67.9,147.2,0,0,0,0,-67.9685,147.3554,1,0,0
0,0,0,2001338,-67.9,147.2,0,0,0,0,-67.9685,147.3554,1,0,0
0,0,0,2001339,-67.9,147.2,0,0,0,0,-67.9685,147.3554,1,0,0
0,0,0,2001340,-67.9,147.2,0,0,0,0,-67.9685,147.3554,1,0,0
0,0,0,2001341,-67.9,147.2,0,0,0,0,-67.9685,147.3554,1,0,0
0,0,0,2001342,-67.9,147.2,0,0,0,0,-67.9685,147.3554,1,0,0
0,0,0,2001343,-67.9,147.2,1,0,0,0,-67.9685,147.3554,1,15,11
0,0,0,2001344,0,0,0,0,0,0,-67.9685,147.3554,1,0,0
0,0,0,2001345,0,0,0,0,0,0,-67.9685,147.3554,1,0,0
0,0,0,2001346,0,0,0,0,0,0,-67.9685,147.3554,1,0,0
0,0,0,2001347,0,0,0,0,0,0,-67.9685,147.3554,1,0,0
0,0,0,2001348,0,0,0,0,0,0,-67.9685,147.3554,1,0,0
0,0,0,2001349,0,0,0,0,0,0,-67.9685,147.3554,1,0,0
0,0,0,2001350,0,0,0,0,0,0,-67.9685,147.3554,1,0,0
0,0,0,2001351,0,0,0,0,0,0,-67.9685,147.3554,1,0,0
0,0,0,2001352,0,0,0,0,0,0,-67.9685,147.3554,1,0,0
0,0,0,2001353,0,0,0,0,0,0,-67.9685,147.3554,1,0,0
0,0,0,2001354,0,0,0,0,0,0,-67.9685,147.3554,1,0,0
0,0,0,2001355,0,0,0,0,0,0,-67.9685,147.3554,1,0,0
0,0,0,2001356,0,0,0,0,0,0,-67.9685,147.3554,1,0,0
0,0,0,2001357,0,0,0,0,0,0,-67.9685,147.3554,1,0,0
0,0,0,2001358,0,0,0,0,0,0,-67.9685,147.3554,1,0,0
0,0,0,2001359,0,0,0,0,0,0,-67.9685,147.3554,1,0,0
0,0,0,2001360,0,0,0,0,0,0,-67.9685,147.3554,1,0,0
0,0,0,2001361,0,0,0,0,0,0,-67.9685,147.3554,1,0,0
0,0,0,2001362,0,0,0,0,0,0,-67.9685,147.3554,1,0,0
0,0,0,2001363,0,0,0,0,0,0,-67.9685,147.3554,1,0,0
0,0,0,2001364,0,0,0,0,0,0,-67.9685,147.3554,1,0,0
0,0,0,2001365,0,0,0,0,0,0,-67.9685,147.3554,1,0,0
0,0,0,2002001,0,0,0,0,0,0,-67.9685,147.3554,1,0,0
0,0,0,2002002,0,0,0,0,0,0,-67.9685,147.3554,1,0,0
0,0,0,2002003,0,0,0,0,0,0,-67.9685,147.3554,1,0,0
0,0,0,2002004,0,0,0,0,0,0,-67.9685,147.3554,1,0,0
0,0,0,2002005,0,0,0,0,0,0,-67.9685,147.3554,1,0,0
0,0,0,2002006,0,0,0,0,0,0,-67.9685,147.3554,1,0,0
0,0,0,2002007,0,0,0,0,0,0,-67.9685,147.3554,1,0,0
0,0,0,2002008,0,0,0,0,0,0,-67.9685,147.3554,1,0,0
0,0,0,2002009,0,0,0,0,0,0,-67.9685,147.3554,1,0,0
0,0,0,2002010,0,0,0,0,0,0,-67.9685,147.3554,1,0,0
0,0,0,2002011,0,0,0,0,0,0,-67.9685,147.3554,1,0,0
0,0,0,2002012,0,0,0,0,0,0,-67.9685,147.3554,1,0,0
0,0,0,2002013,0,0,0,0,0,0,-67.9685,147.3554,1,0,0
0,0,0,2002014,0,0,0,0,0,0,-67.9685,147.3554,1,0,0
0,0,0,2002015,0,0,0,0,0,0,-67.9685,147.3554,1,0,0
0,0,0,2002016,0,0,0,0,0,0,-67.9685,147.3554,1,0,0
0,0,0,2002017,0,0,0,0,0,0,-67.9685,147.3554,1,0,0
0,0,0,2002018,0,0,0,0,0,0,-67.9685,147.3554,1,0,0
0,0,0,2002019,0,0,0,0,0,0,-67.9685,147.3554,1,0,0
0,0,0,2002020,-67.9,147.3,1,0,0,0,-67.9685,147.3554,1,15,11
0,0,0,2002021,-67.9,147.3,0,0,0,0,-67.9685,147.3554,1,0,0
0,0,0,2002022,-67.9,147.3,0,0,0,0,-67.9685,147.3554,1,0,0
0,0,0,2002023,-67.9,147.3,0,0,0,0,-67.9685,147.3554,1,0,0
0,0,0,2002024,-67.9,147.3,0,0,0,0,-67.9685,147.3554,1,0,0
0,0,0,2002025,-67.9,147.3,0,0,0,0,-67.9685,147.3554,1,0,0
0,0,0,2002026,-67.9,147.3,0,0,0,0,-67.9685,147.3554,1,0,0
0,0,0,2002027,-67.9,147.3,1,0,0,0,-67.9685,147.3554,1,15,11
0,0,0,2002028,0,0,0,0,0,0,-67.9685,147.3554,1,0,0
0,0,0,2002029,0,0,0,0,0,0,-67.9685,147.3554,1,0,0
0,0,0,2002030,0,0,0,0,0,0,-67.9685,147.3554,1,0,0
0,0,0,2002031,0,0,0,0,0,0,-67.9685,147.3554,1,0,0
0,0,0,2002032,0,0,0,0,0,0,-67.9685,147.3554,1,0,0
0,0,0,2002033,0,0,0,0,0,0,-67.9685,147.3554,1,0,0
0,0,0,2002034,0,0,0,0,0,0,-67.9685,147.3554,1,0,0
0,0,0,2002035,0,0,0,0,0,0,-67.9685,147.3554,1,0,0
0,0,0,2002036,0,0,0,0,0,0,-67.9685,147.3554,1,0,0
0,0,0,2002037,0,0,0,0,0,0,-67.9685,147.3554,1,0,0
0,0,0,2002038,0,0,0,0,0,0,-67.9685,147.3554,1,0,0
0,0,0,2002039,0,0,0,0,0,0,-67.9685,147.3554,1,0,0
0,0,0,2002040,0,0,0,0,0,0,-67.9685,147.3554,1,0,0
0,0,0,2002041,0,0,0,0,0,0,-67.9685,147.3554,1,0,0
0,0,0,2002042,0,0,0,0,0,0,-67.9685,147.3554,1,0,0
0,0,0,2002043,0,0,0,0,0,0,-67.9685,147.3554,1,0,0
0,0,0,2002044,0,0,0,0,0,0,-67.9685,147.3554,1,0,0
0,0,0,2002045,0,0,0,0,0,0,-67.9685,147.3554,1,0,0
0,0,0,2002046,0,0,0,0,0,0,-67.9685,147.3554,1,0,0
0,0,0,2002047,0,0,0,0,0,0,-67.9685,147.3554,1,0,0
0,0,0,2002048,0,0,0,0,0,0,-67.9685,147.3554,1,0,0
0,0,0,2002049,0,0,0,0,0,0,-67.9685,147.3554,1,0,0
0,0,0,2002050,0,0,0,0,0,0,-67.9685,147.3554,1,0,0
0,0,0,2002051,0,0,0,0,0,0,-67.9685,147.3554,1,0,0
0,0,0,2002052,0,0,0,0,0,0,-67.9685,147.3554,1,0,0
0,0,0,2002053,0,0,0,0,0,0,-67.9685,147.3554,1,0,0
0,0,0,2002054,0,0,0,0,0,0,-67.9685,147.3554,1,0,0
0,0,0,2002055,0,0,0,0,0,0,-67.9685,147.3554,1,0,0
0,0,0,2002056,0,0,0,0,0,0,-67.9685,147.3554,1,0,0
0,0,0,2002057,0,0,0,0,0,0,-67.9685,147.3554,1,0,0
0,0,0,2002058,0,0,0,0,0,0,-67.9685,147.3554,1,0,0
0,0,0,2002059,0,0,0,0,0,0,-67.9685,147.3554,1,0,0
0,0,0,2002060,0,0,0,0,0,0,-67.9685,147.3554,1,0,0
0,0,0,2002061,0,0,0,0,0,0,-67.9685,147.3554,1,0,0
0,0,0,2002062,-67.9,147.3,1,0,0,0,-67.9685,147.3554,1,15,11
0,0,0,2002063,0,0,0,0,0,0,-67.9685,147.3554,1,0,0
0,0,0,2002064,0,0,0,0,0,0,-67.9685,147.3554,1,0,0
0,0,0,2002065,0,0,0,0,0,0,-67.9685,147.3554,1,0,0
0,0,0,2002066,0,0,0,0,0,0,-67.9685,147.3554,1,0,0
0,0,0,2002067,0,0,0,0,0,0,-67.9685,147.3554,1,0,0
0,0,0,2002068,0,0,0,0,0,0,-67.9685,147.3554,1,0,0
0,0,0,2002069,0,0,0,0,0,0,-67.9685,147.3554,1,0,0
0,0,0,2002070,0,0,0,0,0,0,-67.9685,147.3554,1,0,0
0,0,0,2002071,0,0,0,0,0,0,-67.9685,147.3554,1,0,0
0,0,0,2002072,0,0,0,0,0,0,-67.9685,147.3554,1,0,0
0,0,0,2002073,0,0,0,0,0,0,-67.9685,147.3554,1,0,0
0,0,0,2002074,0,0,0,0,0,0,-67.9685,147.3554,1,0,0
0,0,0,2002075,0,0,0,0,0,0,-67.9685,147.3554,1,0,0
0,0,0,2002076,0,0,0,0,0,0,-67.9685,147.3554,1,0,0
0,0,0,2002077,0,0,0,0,0,0,-67.9685,147.3554,1,0,0
0,0,0,2002078,0,0,0,0,0,0,-67.9685,147.3554,1,0,0
0,0,0,2002080,0,0,0,0,0,0,-67.9685,147.3554,1,0,0
0,0,0,2002081,0,0,0,0,0,0,-67.9685,147.3554,1,0,0
0,0,0,2002082,0,0,0,0,0,0,-67.9685,147.3554,1,0,0
0,0,0,2002083,0,0,0,0,0,0,-67.9685,147.3554,1,0,0
0,0,0,2002084,0,0,0,0,0,0,-67.9685,147.3554,1,0,0
0,0,0,2002085,0,0,0,0,0,0,-67.9685,147.3554,1,0,0
0,0,0,2002086,0,0,0,0,0,0,-67.9685,147.3554,1,0,0
0,0,0,2002087,0,0,0,0,0,0,-67.9685,147.3554,1,0,0
0,0,0,2002088,0,0,0,0,0,0,-67.9685,147.3554,1,0,0
0,0,0,2002089,0,0,0,0,0,0,-67.9685,147.3554,1,0,0
0,0,0,2002090,0,0,0,0,0,0,-67.9685,147.3554,1,0,0
0,0,0,2002091,0,0,0,0,0,0,-67.9685,147.3554,1,0,0
0,0,0,2002092,0,0,0,0,0,0,-67.9685,147.3554,1,0,0
0,0,0,2002093,0,0,0,0,0,0,-67.9685,147.3554,1,0,0
0,0,0,2002094,0,0,0,0,0,0,-67.9685,147.3554,1,0,0
0,0,0,2002095,0,0,0,0,0,0,-67.9685,147.3554,1,0,0
0,0,0,2002096,0,0,0,0,0,0,-67.9685,147.3554,1,0,0
0,0,0,2002100,0,0,0,0,0,0,-67.9685,147.3554,1,0,0
0,0,0,2002101,0,0,0,0,0,0,-67.9685,147.3554,1,0,0
0,0,0,2002102,0,0,0,0,0,0,-67.9685,147.3554,1,0,0
0,0,0,2002103,0,0,0,0,0,0,-67.9685,147.3554,1,0,0
0,0,0,2002104,0,0,0,0,0,0,-67.9685,147.3554,1,0,0
0,0,0,2002105,0,0,0,0,0,0,-67.9685,147.3554,1,0,0
0,0,0,2002106,0,0,0,0,0,0,-67.9685,147.3554,1,0,0
0,0,0,2002107,0,0,0,0,0,0,-67.9685,147.3554,1,0,0
0,0,0,2002108,0,0,0,0,0,0,-67.9685,147.3554,1,0,0
0,0,0,2002109,0,0,0,0,0,0,-67.9685,147.3554,1,0,0
0,0,0,2002110,0,0,0,0,0,0,-67.9685,147.3554,1,0,0
0,0,0,2002111,0,0,0,0,0,0,-67.9685,147.3554,1,0,0
0,0,0,2002112,0,0,0,0,0,0,-67.9685,147.3554,1,0,0
0,0,0,2002113,0,0,0,0,0,0,-67.9685,147.3554,1,0,0
0,0,0,2002114,0,0,0,0,0,0,-67.9685,147.3554,1,0,0
0,0,0,2002115,0,0,0,0,0,0,-67.9685,147.3554,1,0,0
0,0,0,2002116,0,0,0,0,0,0,-67.9685,147.3554,1,0,0
0,0,0,2002117,0,0,0,0,0,0,-67.9685,147.3554,1,0,0
0,0,0,2002118,0,0,0,0,0,0,-67.9685,147.3554,1,0,0
0,0,0,2002119,0,0,0,0,0,0,-67.9685,147.3554,1,0,0
0,0,0,2002120,0,0,0,0,0,0,-67.9685,147.3554,1,0,0
0,0,0,2002121,0,0,0,0,0,0,-67.9685,147.3554,1,0,0
0,0,0,2002122,0,0,0,0,0,0,-67.9685,147.3554,1,0,0
0,0,0,2002123,0,0,0,0,0,0,-67.9685,147.3554,1,0,0
0,0,0,2002124,0,0,0,0,0,0,-67.9685,147.3554,1,0,0
0,0,0,2002125,0,0,0,0,0,0,-67.9685,147.3554,1,0,0
0,0,0,2002126,0,0,0,0,0,0,-67.9685,147.3554,1,0,0
0,0,0,2002127,0,0,0,0,0,0,-67.9685,147.3554,1,0,0
0,0,0,2002128,0,0,0,0,0,0,-67.9685,147.3554,1,0,0
0,0,0,2002129,0,0,0,0,0,0,-67.9685,147.3554,1,0,0
0,0,0,2002130,0,0,0,0,0,0,-67.9685,147.3554,1,0,0
0,0,0,2002131,0,0,0,0,0,0,-67.9685,147.3554,1,0,0
0,0,0,2002132,0,0,0,0,0,0,-67.9685,147.3554,1,0,0
0,0,0,2002133,0,0,0,0,0,0,-67.9685,147.3554,1,0,0
0,0,0,2002134,0,0,0,0,0,0,-67.9685,147.3554,1,0,0
0,0,0,2002135,0,0,0,0,0,0,-67.9685,147.3554,1,0,0
0,0,0,2002136,0,0,0,0,0,0,-67.9685,147.3554,1,0,0
0,0,0,2002137,0,0,0,0,0,0,-67.9685,147.3554,1,0,0
0,0,0,2002138,0,0,0,0,0,0,-67.9685,147.3554,1,0,0
0,0,0,2002139,0,0,0,0,0,0,-67.9685,147.3554,1,0,0
0,0,0,2002140,0,0,0,0,0,0,-67.9685,147.3554,1,0,0
0,0,0,2002141,0,0,0,0,0,0,-67.9685,147.3554,1,0,0
0,0,0,2002142,0,0,0,0,0,0,-67.9685,147.3554,1,0,0
0,0,0,2002143,0,0,0,0,0,0,-67.9685,147.3554,1,0,0
0,0,0,2002144,0,0,0,0,0,0,-67.9685,147.3554,1,0,0
0,0,0,2002145,0,0,0,0,0,0,-67.9685,147.3554,1,0,0
0,0,0,2002146,0,0,0,0,0,0,-67.9685,147.3554,1,0,0
0,0,0,2002147,0,0,0,0,0,0,-67.9685,147.3554,1,0,0
0,0,0,2002148,0,0,0,0,0,0,-67.9685,147.3554,1,0,0
0,0,0,2002150,0,0,0,0,0,0,-67.9685,147.3554,1,0,0
0,0,0,2002151,0,0,0,0,0,0,-67.9685,147.3554,1,0,0
0,0,0,2002152,0,0,0,0,0,0,-67.9685,147.3554,1,0,0
0,0,0,2002153,0,0,0,0,0,0,-67.9685,147.3554,1,0,0
0,0,0,2002154,0,0,0,0,0,0,-67.9685,147.3554,1,0,0
0,0,0,2002155,0,0,0,0,0,0,-67.9685,147.3554,1,0,0
0,0,0,2002156,0,0,0,0,0,0,-67.9685,147.3554,1,0,0
0,0,0,2002157,0,0,0,0,0,0,-67.9685,147.3554,1,0,0
0,0,0,2002158,0,0,0,0,0,0,-67.9685,147.3554,1,0,0
0,0,0,2002159,0,0,0,0,0,0,-67.9685,147.3554,1,0,0
0,0,0,2002160,0,0,0,0,0,0,-67.9685,147.3554,1,0,0
0,0,0,2002161,0,0,0,0,0,0,-67.9685,147.3554,1,0,0
0,0,0,2002162,0,0,0,0,0,0,-67.9685,147.3554,1,0,0
0,0,0,2002163,0,0,0,0,0,0,-67.9685,147.3554,1,0,0
0,0,0,2002164,0,0,0,0,0,0,-67.9685,147.3554,1,0,0
0,0,0,2002165,0,0,0,0,0,0,-67.9685,147.3554,1,0,0
0,0,0,2002166,0,0,0,0,0,0,-67.9685,147.3554,1,0,0
0,0,0,2002167,0,0,0,0,0,0,-67.9685,147.3554,1,0,0
0,0,0,2002168,0,0,0,0,0,0,-67.9685,147.3554,1,0,0
0,0,0,2002169,0,0,0,0,0,0,-67.9685,147.3554,1,0,0
0,0,0,2002170,0,0,0,0,0,0,-67.9685,147.3554,1,0,0
0,0,0,2002171,0,0,0,0,0,0,-67.9685,147.3554,1,0,0
0,0,0,2002172,0,0,0,0,0,0,-67.9685,147.3554,1,0,0
0,0,0,2002173,0,0,0,0,0,0,-67.9685,147.3554,1,0,0
0,0,0,2002174,0,0,0,0,0,0,-67.9685,147.3554,1,0,0
0,0,0,2002175,0,0,0,0,0,0,-67.9685,147.3554,1,0,0
0,0,0,2002176,0,0,0,0,0,0,-67.9685,147.3554,1,0,0
0,0,0,2002177,0,0,0,0,0,0,-67.9685,147.3554,1,0,0
0,0,0,2002178,0,0,0,0,0,0,-67.9685,147.3554,1,0,0
0,0,0,2002179,0,0,0,0,0,0,-67.9685,147.3554,1,0,0
0,0,0,2002180,0,0,0,0,0,0,-67.9685,147.3554,1,0,0
0,0,0,2002181,0,0,0,0,0,0,-67.9685,147.3554,1,0,0
0,0,0,2002182,0,0,0,0,0,0,-67.9685,147.3554,1,0,0
0,0,0,2002183,0,0,0,0,0,0,-67.9685,147.3554,1,0,0
0,0,0,2002184,0,0,0,0,0,0,-67.9685,147.3554,1,0,0
0,0,0,2002185,0,0,0,0,0,0,-67.9685,147.3554,1,0,0
0,0,0,2002186,0,0,0,0,0,0,-67.9685,147.3554,1,0,0
0,0,0,2002187,0,0,0,0,0,0,-67.9685,147.3554,1,0,0
0,0,0,2002188,0,0,0,0,0,0,-67.9685,147.3554,1,0,0
0,0,0,2002189,0,0,0,0,0,0,-67.9685,147.3554,1,0,0
0,0,0,2002190,0,0,0,0,0,0,-67.9685,147.3554,1,0,0
0,0,0,2002191,0,0,0,0,0,0,-67.9685,147.3554,1,0,0
0,0,0,2002192,0,0,0,0,0,0,-67.9685,147.3554,1,0,0
0,0,0,2002193,0,0,0,0,0,0,-67.9685,147.3554,1,0,0
0,0,0,2002194,0,0,0,0,0,0,-67.9685,147.3554,1,0,0
0,0,0,2002195,0,0,0,0,0,0,-67.9685,147.3554,1,0,0
0,0,0,2002196,0,0,0,0,0,0,-67.9685,147.3554,1,0,0
0,0,0,2002197,0,0,0,0,0,0,-67.9685,147.3554,1,0,0
0,0,0,2002198,0,0,0,0,0,0,-67.9685,147.3554,1,0,0
0,0,0,2002199,0,0,0,0,0,0,-67.9685,147.3554,1,0,0
0,0,0,2002200,0,0,0,0,0,0,-67.9685,147.3554,1,0,0
0,0,0,2002201,0,0,0,0,0,0,-67.9685,147.3554,1,0,0
0,0,0,2002202,0,0,0,0,0,0,-67.9685,147.3554,1,0,0
0,0,0,2002203,0,0,0,0,0,0,-67.9685,147.3554,1,0,0
0,0,0,2002204,0,0,0,0,0,0,-67.9685,147.3554,1,0,0
0,0,0,2002205,0,0,0,0,0,0,-67.9685,147.3554,1,0,0
0,0,0,2002206,0,0,0,0,0,0,-67.9685,147.3554,1,0,0
0,0,0,2002207,0,0,0,0,0,0,-67.9685,147.3554,1,0,0
0,0,0,2002208,0,0,0,0,0,0,-67.9685,147.3554,1,0,0
0,0,0,2002209,0,0,0,0,0,0,-67.9685,147.3554,1,0,0
0,0,0,2002210,0,0,0,0,0,0,-67.9685,147.3554,1,0,0
0,0,0,2002211,0,0,0,0,0,0,-67.9685,147.3554,1,0,0
0,0,0,2002212,0,0,0,0,0,0,-67.9685,147.3554,1,0,0
0,0,0,2002213,0,0,0,0,0,0,-67.9685,147.3554,1,0,0
0,0,0,2002214,0,0,0,0,0,0,-67.9685,147.3554,1,0,0
0,0,0,2002215,0,0,0,0,0,0,-67.9685,147.3554,1,0,0
0,0,0,2002216,0,0,0,0,0,0,-67.9685,147.3554,1,0,0
0,0,0,2002217,0,0,0,0,0,0,-67.9685,147.3554,1,0,0
0,0,0,2002218,0,0,0,0,0,0,-67.9685,147.3554,1,0,0
0,0,0,2002219,0,0,0,0,0,0,-67.9685,147.3554,1,0,0
0,0,0,2002220,0,0,0,0,0,0,-67.9685,147.3554,1,0,0
0,0,0,2002221,0,0,0,0,0,0,-67.9685,147.3554,1,0,0
0,0,0,2002222,0,0,0,0,0,0,-67.9685,147.3554,1,0,0
0,0,0,2002223,0,0,0,0,0,0,-67.9685,147.3554,1,0,0
0,0,0,2002224,0,0,0,0,0,0,-67.9685,147.3554,1,0,0
0,0,0,2002225,0,0,0,0,0,0,-67.9685,147.3554,1,0,0
0,0,0,2002226,0,0,0,0,0,0,-67.9685,147.3554,1,0,0
0,0,0,2002227,0,0,0,0,0,0,-67.9685,147.3554,1,0,0
0,0,0,2002228,0,0,0,0,0,0,-67.9685,147.3554,1,0,0
0,0,0,2002229,0,0,0,0,0,0,-67.9685,147.3554,1,0,0
0,0,0,2002230,0,0,0,0,0,0,-67.9685,147.3554,1,0,0
0,0,0,2002231,0,0,0,0,0,0,-67.9685,147.3554,1,0,0
0,0,0,2002232,0,0,0,0,0,0,-67.9685,147.3554,1,0,0
0,0,0,2002233,0,0,0,0,0,0,-67.9685,147.3554,1,0,0
0,0,0,2002234,0,0,0,0,0,0,-67.9685,147.3554,1,0,0
0,0,0,2002235,0,0,0,0,0,0,-67.9685,147.3554,1,0,0
0,0,0,2002236,0,0,0,0,0,0,-67.9685,147.3554,1,0,0
0,0,0,2002237,0,0,0,0,0,0,-67.9685,147.3554,1,0,0
0,0,0,2002238,0,0,0,0,0,0,-67.9685,147.3554,1,0,0
0,0,0,2002239,0,0,0,0,0,0,-67.9685,147.3554,1,0,0
0,0,0,2002240,0,0,0,0,0,0,-67.9685,147.3554,1,0,0
0,0,0,2002241,0,0,0,0,0,0,-67.9685,147.3554,1,0,0
0,0,0,2002242,0,0,0,0,0,0,-67.9685,147.3554,1,0,0
0,0,0,2002243,0,0,0,0,0,0,-67.9685,147.3554,1,0,0
0,0,0,2002244,0,0,0,0,0,0,-67.9685,147.3554,1,0,0
0,0,0,2002245,0,0,0,0,0,0,-67.9685,147.3554,1,0,0
0,0,0,2002246,0,0,0,0,0,0,-67.9685,147.3554,1,0,0
0,0,0,2002247,0,0,0,0,0,0,-67.9685,147.3554,1,0,0
0,0,0,2002248,0,0,0,0,0,0,-67.9685,147.3554,1,0,0
0,0,0,2002249,0,0,0,0,0,0,-67.9685,147.3554,1,0,0
0,0,0,2002250,0,0,0,0,0,0,-67.9685,147.3554,1,0,0
0,0,0,2002251,0,0,0,0,0,0,-67.9685,147.3554,1,0,0
0,0,0,2002252,0,0,0,0,0,0,-67.9685,147.3554,1,0,0
0,0,0,2002253,0,0,0,0,0,0,-67.9685,147.3554,1,0,0
0,0,0,2002254,0,0,0,0,0,0,-67.9685,147.3554,1,0,0
0,0,0,2002255,0,0,0,0,0,0,-67.9685,147.3554,1,0,0
0,0,0,2002256,0,0,0,0,0,0,-67.9685,147.3554,1,0,0
0,0,0,2002257,0,0,0,0,0,0,-67.9685,147.3554,1,0,0
0,0,0,2002258,0,0,0,0,0,0,-67.9685,147.3554,1,0,0
0,0,0,2002259,0,0,0,0,0,0,-67.9685,147.3554,1,0,0
0,0,0,2002260,0,0,0,0,0,0,-67.9685,147.3554,1,0,0
0,0,0,2002261,0,0,0,0,0,0,-67.9685,147.3554,1,0,0
0,0,0,2002262,0,0,0,0,0,0,-67.9685,147.3554,1,0,0
0,0,0,2002263,0,0,0,0,0,0,-67.9685,147.3554,1,0,0
0,0,0,2002264,0,0,0,0,0,0,-67.9685,147.3554,1,0,0
0,0,0,2002265,0,0,0,0,0,0,-67.9685,147.3554,1,0,0
0,0,0,2002266,0,0,0,0,0,0,-67.9685,147.3554,1,0,0
0,0,0,2002267,0,0,0,0,0,0,-67.9685,147.3554,1,0,0
0,0,0,2002268,0,0,0,0,0,0,-67.9685,147.3554,1,0,0
0,0,0,2002269,0,0,0,0,0,0,-67.9685,147.3554,1,0,0
0,0,0,2002270,0,0,0,0,0,0,-67.9685,147.3554,1,0,0
0,0,0,2002271,0,0,0,0,0,0,-67.9685,147.3554,1,0,0
0,0,0,2002272,0,0,0,0,0,0,-67.9685,147.3554,1,0,0
0,0,0,2002273,0,0,0,0,0,0,-67.9685,147.3554,1,0,0
0,0,0,2002274,0,0,0,0,0,0,-67.9685,147.3554,1,0,0
0,0,0,2002275,0,0,0,0,0,0,-67.9685,147.3554,1,0,0
0,0,0,2002276,0,0,0,0,0,0,-67.9685,147.3554,1,0,0
0,0,0,2002277,0,0,0,0,0,0,-67.9685,147.3554,1,0,0
0,0,0,2002278,0,0,0,0,0,0,-67.9685,147.3554,1,0,0
0,0,0,2002279,0,0,0,0,0,0,-67.9685,147.3554,1,0,0
0,0,0,2002280,0,0,0,0,0,0,-67.9685,147.3554,1,0,0
0,0,0,2002281,0,0,0,0,0,0,-67.9685,147.3554,1,0,0
0,0,0,2002282,0,0,0,0,0,0,-67.9685,147.3554,1,0,0
0,0,0,2002283,0,0,0,0,0,0,-67.9685,147.3554,1,0,0
0,0,0,2002284,0,0,0,0,0,0,-67.9685,147.3554,1,0,0
0,0,0,2002285,0,0,0,0,0,0,-67.9685,147.3554,1,0,0
0,0,0,2002286,0,0,0,0,0,0,-67.9685,147.3554,1,0,0
0,0,0,2002287,0,0,0,0,0,0,-67.9685,147.3554,1,0,0
0,0,0,2002288,0,0,0,0,0,0,-67.9685,147.3554,1,0,0
0,0,0,2002289,0,0,0,0,0,0,-67.9685,147.3554,1,0,0
0,0,0,2002290,0,0,0,0,0,0,-67.9685,147.3554,1,0,0
0,0,0,2002291,0,0,0,0,0,0,-67.9685,147.3554,1,0,0
0,0,0,2002292,0,0,0,0,0,0,-67.9685,147.3554,1,0,0
0,0,0,2002293,0,0,0,0,0,0,-67.9685,147.3554,1,0,0
0,0,0,2002294,0,0,0,0,0,0,-67.9685,147.3554,1,0,0
0,0,0,2002295,0,0,0,0,0,0,-67.9685,147.3554,1,0,0
0,0,0,2002296,0,0,0,0,0,0,-67.9685,147.3554,1,0,0
0,0,0,2002297,0,0,0,0,0,0,-67.9685,147.3554,1,0,0
0,0,0,2002298,0,0,0,0,0,0,-67.9685,147.3554,1,0,0
0,0,0,2002299,0,0,0,0,0,0,-67.9685,147.3554,1,0,0
0,0,0,2002300,0,0,0,0,0,0,-67.9685,147.3554,1,0,0
0,0,0,2002301,0,0,0,0,0,0,-67.9685,147.3554,1,0,0
0,0,0,2002302,0,0,0,0,0,0,-67.9685,147.3554,1,0,0
0,0,0,2002303,0,0,0,0,0,0,-67.9685,147.3554,1,0,0
0,0,0,2002304,0,0,0,0,0,0,-67.9685,147.3554,1,0,0
0,0,0,2002305,0,0,0,0,0,0,-67.9685,147.3554,1,0,0
0,0,0,2002306,0,0,0,0,0,0,-67.9685,147.3554,1,0,0
0,0,0,2002307,0,0,0,0,0,0,-67.9685,147.3554,1,0,0
0,0,0,2002308,0,0,0,0,0,0,-67.9685,147.3554,1,0,0
0,0,0,2002309,0,0,0,0,0,0,-67.9685,147.3554,1,0,0
0,0,0,2002310,0,0,0,0,0,0,-67.9685,147.3554,1,0,0
0,0,0,2002311,0,0,0,0,0,0,-67.9685,147.3554,1,0,0
0,0,0,2002312,0,0,0,0,0,0,-67.9685,147.3554,1,0,0
0,0,0,2002313,0,0,0,0,0,0,-67.9685,147.3554,1,0,0
0,0,0,2002314,0,0,0,0,0,0,-67.9685,147.3554,1,0,0
0,0,0,2002315,0,0,0,0,0,0,-67.9685,147.3554,1,0,0
0,0,0,2002316,0,0,0,0,0,0,-67.9685,147.3554,1,0,0
0,0,0,2002317,0,0,0,0,0,0,-67.9685,147.3554,1,0,0
0,0,0,2002318,0,0,0,0,0,0,-67.9685,147.3554,1,0,0
0,0,0,2002319,0,0,0,0,0,0,-67.9685,147.3554,1,0,0
0,0,0,2002320,0,0,0,0,0,0,-67.9685,147.3554,1,0,0
0,0,0,2002321,0,0,0,0,0,0,-67.9685,147.3554,1,0,0
0,0,0,2002322,0,0,0,0,0,0,-67.9685,147.3554,1,0,0
0,0,0,2002324,0,0,0,0,0,0,-67.9685,147.3554,1,0,0
0,0,0,2002325,0,0,0,0,0,0,-67.9685,147.3554,1,0,0
0,0,0,2002326,0,0,0,0,0,0,-67.9685,147.3554,1,0,0
0,0,0,2002327,0,0,0,0,0,0,-67.9685,147.3554,1,0,0
0,0,0,2002328,0,0,0,0,0,0,-67.9685,147.3554,1,0,0
0,0,0,2002329,0,0,0,0,0,0,-67.9685,147.3554,1,0,0
0,0,0,2002330,0,0,0,0,0,0,-67.9685,147.3554,1,0,0
0,0,0,2002331,0,0,0,0,0,0,-67.9685,147.3554,1,0,0
0,0,0,2002332,0,0,0,0,0,0,-67.9685,147.3554,1,0,0
0,0,0,2002333,0,0,0,0,0,0,-67.9685,147.3554,1,0,0
0,0,0,2002334,0,0,0,0,0,0,-67.9685,147.3554,1,0,0
0,0,0,2002335,0,0,0,0,0,0,-67.9685,147.3554,1,0,0
0,0,0,2002336,0,0,0,0,0,0,-67.9685,147.3554,1,0,0
0,0,0,2002337,0,0,0,0,0,0,-67.9685,147.3554,1,0,0
0,0,0,2002338,0,0,0,0,0,0,-67.9685,147.3554,1,0,0
0,0,0,2002339,0,0,0,0,0,0,-67.9685,147.3554,1,0,0
0,0,0,2002340,0,0,0,0,0,0,-67.9685,147.3554,1,0,0
0,0,0,2002341,0,0,0,0,0,0,-67.9685,147.3554,1,0,0
0,0,0,2002342,0,0,0,0,0,0,-67.9685,147.3554,1,0,0
0,0,0,2002343,0,0,0,0,0,0,-67.9685,147.3554,1,0,0
0,0,0,2002344,0,0,0,0,0,0,-67.9685,147.3554,1,0,0
0,0,0,2002345,0,0,0,0,0,0,-67.9685,147.3554,1,0,0
0,0,0,2002346,0,0,0,0,0,0,-67.9685,147.3554,1,0,0
0,0,0,2002347,0,0,0,0,0,0,-67.9685,147.3554,1,0,0
0,0,0,2002348,0,0,0,0,0,0,-67.9685,147.3554,1,0,0
0,0,0,2002349,0,0,0,0,0,0,-67.9685,147.3554,1,0,0
0,0,0,2002350,0,0,0,0,0,0,-67.9685,147.3554,1,0,0
0,0,0,2002351,0,0,0,0,0,0,-67.9685,147.3554,1,0,0
0,0,0,2002352,0,0,0,0,0,0,-67.9685,147.3554,1,0,0
0,0,0,2002353,0,0,0,0,0,0,-67.9685,147.3554,1,0,0
0,0,0,2002354,0,0,0,0,0,0,-67.9685,147.3554,1,0,0
0,0,0,2002355,0,0,0,0,0,0,-67.9685,147.3554,1,0,0
0,0,0,2002356,0,0,0,0,0,0,-67.9685,147.3554,1,0,0
0,0,0,2002357,0,0,0,0,0,0,-67.9685,147.3554,1,0,0
0,0,0,2002358,0,0,0,0,0,0,-67.9685,147.3554,1,0,0
0,0,0,2002359,0,0,0,0,0,0,-67.9685,147.3554,1,0,0
0,0,0,2002360,0,0,0,0,0,0,-67.9685,147.3554,1,0,0
0,0,0,2002361,0,0,0,0,0,0,-67.9685,147.3554,1,0,0
0,0,0,2002362,0,0,0,0,0,0,-67.9685,147.3554,1,0,0
0,0,0,2002363,0,0,0,0,0,0,-67.9685,147.3554,1,0,0
0,0,0,2002364,0,0,0,0,0,0,-67.9685,147.3554,1,0,0
0,0,0,2002365,0,0,0,0,0,0,-67.9685,147.3554,1,0,0
0,0,0,2003001,0,0,0,0,0,0,-67.9685,147.3554,1,0,0
0,0,0,2003002,0,0,0,0,0,0,-67.9685,147.3554,1,0,0
0,0,0,2003003,0,0,0,0,0,0,-67.9685,147.3554,1,0,0
0,0,0,2003004,0,0,0,0,0,0,-67.9685,147.3554,1,0,0
0,0,0,2003005,0,0,0,0,0,0,-67.9685,147.3554,1,0,0
0,0,0,2003006,0,0,0,0,0,0,-67.9685,147.3554,1,0,0
0,0,0,2003007,0,0,0,0,0,0,-67.9685,147.3554,1,0,0
0,0,0,2003008,0,0,0,0,0,0,-67.9685,147.3554,1,0,0
0,0,0,2003009,0,0,0,0,0,0,-67.9685,147.3554,1,0,0
0,0,0,2003010,0,0,0,0,0,0,-67.9685,147.3554,1,0,0
0,0,0,2003011,0,0,0,0,0,0,-67.9685,147.3554,1,0,0
0,0,0,2003012,0,0,0,0,0,0,-67.9685,147.3554,1,0,0
0,0,0,2003013,0,0,0,0,0,0,-67.9685,147.3554,1,0,0
0,0,0,2003014,0,0,0,0,0,0,-67.9685,147.3554,1,0,0
0,0,0,2003015,0,0,0,0,0,0,-67.9685,147.3554,1,0,0
0,0,0,2003016,0,0,0,0,0,0,-67.9685,147.3554,1,0,0
0,0,0,2003017,0,0,0,0,0,0,-67.9685,147.3554,1,0,0
0,0,0,2003018,0,0,0,0,0,0,-67.9685,147.3554,1,0,0
0,0,0,2003019,-67.4,147.1,1,0,0,0,-67.9685,147.3554,1,15,11
0,0,0,2003020,0,0,0,0,0,0,-67.9685,147.3554,1,0,0
0,0,0,2003021,0,0,0,0,0,0,-67.9685,147.3554,1,0,0
0,0,0,2003022,0,0,0,0,0,0,-67.9685,147.3554,1,0,0
0,0,0,2003023,0,0,0,0,0,0,-67.9685,147.3554,1,0,0
0,0,0,2003024,0,0,0,0,0,0,-67.9685,147.3554,1,0,0
0,0,0,2003025,0,0,0,0,0,0,-67.9685,147.3554,1,0,0
0,0,0,2003026,0,0,0,0,0,0,-67.9685,147.3554,1,0,0
0,0,0,2003027,0,0,0,0,0,0,-67.9685,147.3554,1,0,0
0,0,0,2003028,0,0,0,0,0,0,-67.9685,147.3554,1,0,0
0,0,0,2003029,0,0,0,0,0,0,-67.9685,147.3554,1,0,0
0,0,0,2003030,0,0,0,0,0,0,-67.9685,147.3554,1,0,0
0,0,0,2003031,0,0,0,0,0,0,-67.9685,147.3554,1,0,0
0,0,0,2003032,0,0,0,0,0,0,-67.9685,147.3554,1,0,0
0,0,0,2003033,0,0,0,0,0,0,-67.9685,147.3554,1,0,0
0,0,0,2003034,0,0,0,0,0,0,-67.9685,147.3554,1,0,0
0,0,0,2003035,0,0,0,0,0,0,-67.9685,147.3554,1,0,0
0,0,0,2003036,0,0,0,0,0,0,-67.9685,147.3554,1,0,0
0,0,0,2003037,0,0,0,0,0,0,-67.9685,147.3554,1,0,0
0,0,0,2003038,0,0,0,0,0,0,-67.9685,147.3554,1,0,0
0,0,0,2003039,0,0,0,0,0,0,-67.9685,147.3554,1,0,0
0,0,0,2003040,0,0,0,0,0,0,-67.9685,147.3554,1,0,0
0,0,0,2003041,0,0,0,0,0,0,-67.9685,147.3554,1,0,0
0,0,0,2003042,0,0,0,0,0,0,-67.9685,147.3554,1,0,0
0,0,0,2003043,0,0,0,0,0,0,-67.9685,147.3554,1,0,0
0,0,0,2003044,0,0,0,0,0,0,-67.9685,147.3554,1,0,0
0,0,0,2003045,0,0,0,0,0,0,-67.9685,147.3554,1,0,0
0,0,0,2003046,0,0,0,0,0,0,-67.9685,147.3554,1,0,0
0,0,0,2003047,-67.8,147.1,1,0,0,0,-67.9685,147.3554,1,15,11
0,0,0,2003048,0,0,0,0,0,0,-67.9685,147.3554,1,0,0
0,0,0,2003049,0,0,0,0,0,0,-67.9685,147.3554,1,0,0
0,0,0,2003050,0,0,0,0,0,0,-67.9685,147.3554,1,0,0
0,0,0,2003051,0,0,0,0,0,0,-67.9685,147.3554,1,0,0
0,0,0,2003052,0,0,0,0,0,0,-67.9685,147.3554,1,0,0
0,0,0,2003053,0,0,0,0,0,0,-67.9685,147.3554,1,0,0
0,0,0,2003054,0,0,0,0,0,0,-67.9685,147.3554,1,0,0
0,0,0,2003055,0,0,0,0,0,0,-67.9685,147.3554,1,0,0
0,0,0,2003056,0,0,0,0,0,0,-67.9685,147.3554,1,0,0
0,0,0,2003057,0,0,0,0,0,0,-67.9685,147.3554,1,0,0
0,0,0,2003058,0,0,0,0,0,0,-67.9685,147.3554,1,0,0
0,0,0,2003059,0,0,0,0,0,0,-67.9685,147.3554,1,0,0
0,0,0,2003060,0,0,0,0,0,0,-67.9685,147.3554,1,0,0
0,0,0,2003061,0,0,0,0,0,0,-67.9685,147.3554,1,0,0
0,0,0,2003062,0,0,0,0,0,0,-67.9685,147.3554,1,0,0
0,0,0,2003063,0,0,0,0,0,0,-67.9685,147.3554,1,0,0
0,0,0,2003064,0,0,0,0,0,0,-67.9685,147.3554,1,0,0
0,0,0,2003065,0,0,0,0,0,0,-67.9685,147.3554,1,0,0
0,0,0,2003066,0,0,0,0,0,0,-67.9685,147.3554,1,0,0
0,0,0,2003067,0,0,0,0,0,0,-67.9685,147.3554,1,0,0
0,0,0,2003068,0,0,0,0,0,0,-67.9685,147.3554,1,0,0
0,0,0,2003069,0,0,0,0,0,0,-67.9685,147.3554,1,0,0
0,0,0,2003070,0,0,0,0,0,0,-67.9685,147.3554,1,0,0
0,0,0,2003071,0,0,0,0,0,0,-67.9685,147.3554,1,0,0
0,0,0,2003072,0,0,0,0,0,0,-67.9685,147.3554,1,0,0
0,0,0,2003073,0,0,0,0,0,0,-67.9685,147.3554,1,0,0
0,0,0,2003074,0,0,0,0,0,0,-67.9685,147.3554,1,0,0
0,0,0,2003075,0,0,0,0,0,0,-67.9685,147.3554,1,0,0
0,0,0,2003076,0,0,0,0,0,0,-67.9685,147.3554,1,0,0
0,0,0,2003077,0,0,0,0,0,0,-67.9685,147.3554,1,0,0
0,0,0,2003078,0,0,0,0,0,0,-67.9685,147.3554,1,0,0
0,0,0,2003079,0,0,0,0,0,0,-67.9685,147.3554,1,0,0
0,0,0,2003080,0,0,0,0,0,0,-67.9685,147.3554,1,0,0
0,0,0,2003081,0,0,0,0,0,0,-67.9685,147.3554,1,0,0
0,0,0,2003082,0,0,0,0,0,0,-67.9685,147.3554,1,0,0
0,0,0,2003083,0,0,0,0,0,0,-67.9685,147.3554,1,0,0
0,0,0,2003084,0,0,0,0,0,0,-67.9685,147.3554,1,0,0
0,0,0,2003085,0,0,0,0,0,0,-67.9685,147.3554,1,0,0
0,0,0,2003086,0,0,0,0,0,0,-67.9685,147.3554,1,0,0
0,0,0,2003087,0,0,0,0,0,0,-67.9685,147.3554,1,0,0
0,0,0,2003088,0,0,0,0,0,0,-67.9685,147.3554,1,0,0
0,0,0,2003089,0,0,0,0,0,0,-67.9685,147.3554,1,0,0
0,0,0,2003090,0,0,0,0,0,0,-67.9685,147.3554,1,0,0
0,0,0,2003091,0,0,0,0,0,0,-67.9685,147.3554,1,0,0
0,0,0,2003092,0,0,0,0,0,0,-67.9685,147.3554,1,0,0
0,0,0,2003093,0,0,0,0,0,0,-67.9685,147.3554,1,0,0
0,0,0,2003094,0,0,0,0,0,0,-67.9685,147.3554,1,0,0
0,0,0,2003095,0,0,0,0,0,0,-67.9685,147.3554,1,0,0
0,0,0,2003096,0,0,0,0,0,0,-67.9685,147.3554,1,0,0
0,0,0,2003097,0,0,0,0,0,0,-67.9685,147.3554,1,0,0
0,0,0,2003098,0,0,0,0,0,0,-67.9685,147.3554,1,0,0
0,0,0,2003099,0,0,0,0,0,0,-67.9685,147.3554,1,0,0
0,0,0,2003100,0,0,0,0,0,0,-67.9685,147.3554,1,0,0
0,0,0,2003101,0,0,0,0,0,0,-67.9685,147.3554,1,0,0
0,0,0,2003102,0,0,0,0,0,0,-67.9685,147.3554,1,0,0
0,0,0,2003103,0,0,0,0,0,0,-67.9685,147.3554,1,0,0
0,0,0,2003104,0,0,0,0,0,0,-67.9685,147.3554,1,0,0
0,0,0,2003105,0,0,0,0,0,0,-67.9685,147.3554,1,0,0
0,0,0,2003106,0,0,0,0,0,0,-67.9685,147.3554,1,0,0
0,0,0,2003107,0,0,0,0,0,0,-67.9685,147.3554,1,0,0
0,0,0,2003108,0,0,0,0,0,0,-67.9685,147.3554,1,0,0
0,0,0,2003109,0,0,0,0,0,0,-67.9685,147.3554,1,0,0
0,0,0,2003110,0,0,0,0,0,0,-67.9685,147.3554,1,0,0
0,0,0,2003111,0,0,0,0,0,0,-67.9685,147.3554,1,0,0
0,0,0,2003112,0,0,0,0,0,0,-67.9685,147.3554,1,0,0
0,0,0,2003113,0,0,0,0,0,0,-67.9685,147.3554,1,0,0
0,0,0,2003114,0,0,0,0,0,0,-67.9685,147.3554,1,0,0
0,0,0,2003115,0,0,0,0,0,0,-67.9685,147.3554,1,0,0
0,0,0,2003116,0,0,0,0,0,0,-67.9685,147.3554,1,0,0
0,0,0,2003117,0,0,0,0,0,0,-67.9685,147.3554,1,0,0
0,0,0,2003118,0,0,0,0,0,0,-67.9685,147.3554,1,0,0
0,0,0,2003119,0,0,0,0,0,0,-67.9685,147.3554,1,0,0
0,0,0,2003120,0,0,0,0,0,0,-67.9685,147.3554,1,0,0
0,0,0,2003121,0,0,0,0,0,0,-67.9685,147.3554,1,0,0
0,0,0,2003122,0,0,0,0,0,0,-67.9685,147.3554,1,0,0
0,0,0,2003123,0,0,0,0,0,0,-67.9685,147.3554,1,0,0
0,0,0,2003124,0,0,0,0,0,0,-67.9685,147.3554,1,0,0
0,0,0,2003125,0,0,0,0,0,0,-67.9685,147.3554,1,0,0
0,0,0,2003126,0,0,0,0,0,0,-67.9685,147.3554,1,0,0
0,0,0,2003127,0,0,0,0,0,0,-67.9685,147.3554,1,0,0
0,0,0,2003128,0,0,0,0,0,0,-67.9685,147.3554,1,0,0
0,0,0,2003129,0,0,0,0,0,0,-67.9685,147.3554,1,0,0
0,0,0,2003130,0,0,0,0,0,0,-67.9685,147.3554,1,0,0
0,0,0,2003131,0,0,0,0,0,0,-67.9685,147.3554,1,0,0
0,0,0,2003132,0,0,0,0,0,0,-67.9685,147.3554,1,0,0
0,0,0,2003133,0,0,0,0,0,0,-67.9685,147.3554,1,0,0
0,0,0,2003134,0,0,0,0,0,0,-67.9685,147.3554,1,0,0
0,0,0,2003135,0,0,0,0,0,0,-67.9685,147.3554,1,0,0
0,0,0,2003136,0,0,0,0,0,0,-67.9685,147.3554,1,0,0
0,0,0,2003137,0,0,0,0,0,0,-67.9685,147.3554,1,0,0
0,0,0,2003138,0,0,0,0,0,0,-67.9685,147.3554,1,0,0
0,0,0,2003139,0,0,0,0,0,0,-67.9685,147.3554,1,0,0
0,0,0,2003140,0,0,0,0,0,0,-67.9685,147.3554,1,0,0
0,0,0,2003141,0,0,0,0,0,0,-67.9685,147.3554,1,0,0
0,0,0,2003142,0,0,0,0,0,0,-67.9685,147.3554,1,0,0
0,0,0,2003143,0,0,0,0,0,0,-67.9685,147.3554,1,0,0
0,0,0,2003144,0,0,0,0,0,0,-67.9685,147.3554,1,0,0
0,0,0,2003145,0,0,0,0,0,0,-67.9685,147.3554,1,0,0
0,0,0,2003146,0,0,0,0,0,0,-67.9685,147.3554,1,0,0
0,0,0,2003147,0,0,0,0,0,0,-67.9685,147.3554,1,0,0
0,0,0,2003148,0,0,0,0,0,0,-67.9685,147.3554,1,0,0
0,0,0,2003149,0,0,0,0,0,0,-67.9685,147.3554,1,0,0
0,0,0,2003150,0,0,0,0,0,0,-67.9685,147.3554,1,0,0
0,0,0,2003151,0,0,0,0,0,0,-67.9685,147.3554,1,0,0
0,0,0,2003152,0,0,0,0,0,0,-67.9685,147.3554,1,0,0
0,0,0,2003153,0,0,0,0,0,0,-67.9685,147.3554,1,0,0
0,0,0,2003154,0,0,0,0,0,0,-67.9685,147.3554,1,0,0
0,0,0,2003155,0,0,0,0,0,0,-67.9685,147.3554,1,0,0
0,0,0,2003156,0,0,0,0,0,0,-67.9685,147.3554,1,0,0
0,0,0,2003157,0,0,0,0,0,0,-67.9685,147.3554,1,0,0
0,0,0,2003158,0,0,0,0,0,0,-67.9685,147.3554,1,0,0
0,0,0,2003159,0,0,0,0,0,0,-67.9685,147.3554,1,0,0
0,0,0,2003160,0,0,0,0,0,0,-67.9685,147.3554,1,0,0
0,0,0,2003161,0,0,0,0,0,0,-67.9685,147.3554,1,0,0
0,0,0,2003162,0,0,0,0,0,0,-67.9685,147.3554,1,0,0
0,0,0,2003163,0,0,0,0,0,0,-67.9685,147.3554,1,0,0
0,0,0,2003164,0,0,0,0,0,0,-67.9685,147.3554,1,0,0
0,0,0,2003165,0,0,0,0,0,0,-67.9685,147.3554,1,0,0
0,0,0,2003166,0,0,0,0,0,0,-67.9685,147.3554,1,0,0
0,0,0,2003167,0,0,0,0,0,0,-67.9685,147.3554,1,0,0
0,0,0,2003168,0,0,0,0,0,0,-67.9685,147.3554,1,0,0
0,0,0,2003169,0,0,0,0,0,0,-67.9685,147.3554,1,0,0
0,0,0,2003170,0,0,0,0,0,0,-67.9685,147.3554,1,0,0
0,0,0,2003171,0,0,0,0,0,0,-67.9685,147.3554,1,0,0
0,0,0,2003172,0,0,0,0,0,0,-67.9685,147.3554,1,0,0
0,0,0,2003173,0,0,0,0,0,0,-67.9685,147.3554,1,0,0
0,0,0,2003174,0,0,0,0,0,0,-67.9685,147.3554,1,0,0
0,0,0,2003175,0,0,0,0,0,0,-67.9685,147.3554,1,0,0
0,0,0,2003176,0,0,0,0,0,0,-67.9685,147.3554,1,0,0
0,0,0,2003177,0,0,0,0,0,0,-67.9685,147.3554,1,0,0
0,0,0,2003178,0,0,0,0,0,0,-67.9685,147.3554,1,0,0
0,0,0,2003179,0,0,0,0,0,0,-67.9685,147.3554,1,0,0
0,0,0,2003180,0,0,0,0,0,0,-67.9685,147.3554,1,0,0
0,0,0,2003181,0,0,0,0,0,0,-67.9685,147.3554,1,0,0
0,0,0,2003182,0,0,0,0,0,0,-67.9685,147.3554,1,0,0
0,0,0,2003183,0,0,0,0,0,0,-67.9685,147.3554,1,0,0
0,0,0,2003184,0,0,0,0,0,0,-67.9685,147.3554,1,0,0
0,0,0,2003185,0,0,0,0,0,0,-67.9685,147.3554,1,0,0
0,0,0,2003186,0,0,0,0,0,0,-67.9685,147.3554,1,0,0
0,0,0,2003187,0,0,0,0,0,0,-67.9685,147.3554,1,0,0
0,0,0,2003188,0,0,0,0,0,0,-67.9685,147.3554,1,0,0
0,0,0,2003189,0,0,0,0,0,0,-67.9685,147.3554,1,0,0
0,0,0,2003190,0,0,0,0,0,0,-67.9685,147.3554,1,0,0
0,0,0,2003191,0,0,0,0,0,0,-67.9685,147.3554,1,0,0
0,0,0,2003192,0,0,0,0,0,0,-67.9685,147.3554,1,0,0
0,0,0,2003193,0,0,0,0,0,0,-67.9685,147.3554,1,0,0
0,0,0,2003194,0,0,0,0,0,0,-67.9685,147.3554,1,0,0
0,0,0,2003195,0,0,0,0,0,0,-67.9685,147.3554,1,0,0
0,0,0,2003196,0,0,0,0,0,0,-67.9685,147.3554,1,0,0
0,0,0,2003197,0,0,0,0,0,0,-67.9685,147.3554,1,0,0
0,0,0,2003198,0,0,0,0,0,0,-67.9685,147.3554,1,0,0
0,0,0,2003199,0,0,0,0,0,0,-67.9685,147.3554,1,0,0
0,0,0,2003200,0,0,0,0,0,0,-67.9685,147.3554,1,0,0
0,0,0,2003201,0,0,0,0,0,0,-67.9685,147.3554,1,0,0
0,0,0,2003202,0,0,0,0,0,0,-67.9685,147.3554,1,0,0
0,0,0,2003203,0,0,0,0,0,0,-67.9685,147.3554,1,0,0
0,0,0,2003204,0,0,0,0,0,0,-67.9685,147.3554,1,0,0
0,0,0,2003205,0,0,0,0,0,0,-67.9685,147.3554,1,0,0
0,0,0,2003206,0,0,0,0,0,0,-67.9685,147.3554,1,0,0
0,0,0,2003207,0,0,0,0,0,0,-67.9685,147.3554,1,0,0
0,0,0,2003208,0,0,0,0,0,0,-67.9685,147.3554,1,0,0
0,0,0,2003209,0,0,0,0,0,0,-67.9685,147.3554,1,0,0
0,0,0,2003210,0,0,0,0,0,0,-67.9685,147.3554,1,0,0
0,0,0,2003211,0,0,0,0,0,0,-67.9685,147.3554,1,0,0
0,0,0,2003212,0,0,0,0,0,0,-67.9685,147.3554,1,0,0
0,0,0,2003213,0,0,0,0,0,0,-67.9685,147.3554,1,0,0
0,0,0,2003214,0,0,0,0,0,0,-67.9685,147.3554,1,0,0
0,0,0,2003215,0,0,0,0,0,0,-67.9685,147.3554,1,0,0
0,0,0,2003216,0,0,0,0,0,0,-67.9685,147.3554,1,0,0
0,0,0,2003217,0,0,0,0,0,0,-67.9685,147.3554,1,0,0
0,0,0,2003218,0,0,0,0,0,0,-67.9685,147.3554,1,0,0
0,0,0,2003219,0,0,0,0,0,0,-67.9685,147.3554,1,0,0
0,0,0,2003220,0,0,0,0,0,0,-67.9685,147.3554,1,0,0
0,0,0,2003221,0,0,0,0,0,0,-67.9685,147.3554,1,0,0
0,0,0,2003222,0,0,0,0,0,0,-67.9685,147.3554,1,0,0
0,0,0,2003223,0,0,0,0,0,0,-67.9685,147.3554,1,0,0
0,0,0,2003224,0,0,0,0,0,0,-67.9685,147.3554,1,0,0
0,0,0,2003225,0,0,0,0,0,0,-67.9685,147.3554,1,0,0
0,0,0,2003226,0,0,0,0,0,0,-67.9685,147.3554,1,0,0
0,0,0,2003227,0,0,0,0,0,0,-67.9685,147.3554,1,0,0
0,0,0,2003228,0,0,0,0,0,0,-67.9685,147.3554,1,0,0
0,0,0,2003229,0,0,0,0,0,0,-67.9685,147.3554,1,0,0
0,0,0,2003230,0,0,0,0,0,0,-67.9685,147.3554,1,0,0
0,0,0,2003231,0,0,0,0,0,0,-67.9685,147.3554,1,0,0
0,0,0,2003232,0,0,0,0,0,0,-67.9685,147.3554,1,0,0
0,0,0,2003233,0,0,0,0,0,0,-67.9685,147.3554,1,0,0
0,0,0,2003234,0,0,0,0,0,0,-67.9685,147.3554,1,0,0
0,0,0,2003235,0,0,0,0,0,0,-67.9685,147.3554,1,0,0
0,0,0,2003236,0,0,0,0,0,0,-67.9685,147.3554,1,0,0
0,0,0,2003237,0,0,0,0,0,0,-67.9685,147.3554,1,0,0
0,0,0,2003238,0,0,0,0,0,0,-67.9685,147.3554,1,0,0
0,0,0,2003239,0,0,0,0,0,0,-67.9685,147.3554,1,0,0
0,0,0,2003240,0,0,0,0,0,0,-67.9685,147.3554,1,0,0
0,0,0,2003241,0,0,0,0,0,0,-67.9685,147.3554,1,0,0
0,0,0,2003242,0,0,0,0,0,0,-67.9685,147.3554,1,0,0
0,0,0,2003243,0,0,0,0,0,0,-67.9685,147.3554,1,0,0
0,0,0,2003244,0,0,0,0,0,0,-67.9685,147.3554,1,0,0
0,0,0,2003245,0,0,0,0,0,0,-67.9685,147.3554,1,0,0
0,0,0,2003246,0,0,0,0,0,0,-67.9685,147.3554,1,0,0
0,0,0,2003247,0,0,0,0,0,0,-67.9685,147.3554,1,0,0
0,0,0,2003248,0,0,0,0,0,0,-67.9685,147.3554,1,0,0
0,0,0,2003249,0,0,0,0,0,0,-67.9685,147.3554,1,0,0
0,0,0,2003250,0,0,0,0,0,0,-67.9685,147.3554,1,0,0
0,0,0,2003251,0,0,0,0,0,0,-67.9685,147.3554,1,0,0
0,0,0,2003252,0,0,0,0,0,0,-67.9685,147.3554,1,0,0
0,0,0,2003253,0,0,0,0,0,0,-67.9685,147.3554,1,0,0
0,0,0,2003254,0,0,0,0,0,0,-67.9685,147.3554,1,0,0
0,0,0,2003255,0,0,0,0,0,0,-67.9685,147.3554,1,0,0
0,0,0,2003256,0,0,0,0,0,0,-67.9685,147.3554,1,0,0
0,0,0,2003257,-67.6,147.6,1,0,0,0,-67.9685,147.3554,1,15,11
0,0,0,2003258,0,0,0,0,0,0,-67.9685,147.3554,1,0,0
0,0,0,2003259,0,0,0,0,0,0,-67.9685,147.3554,1,0,0
0,0,0,2003260,0,0,0,0,0,0,-67.9685,147.3554,1,0,0
0,0,0,2003261,0,0,0,0,0,0,-67.9685,147.3554,1,0,0
0,0,0,2003262,0,0,0,0,0,0,-67.9685,147.3554,1,0,0
0,0,0,2003263,0,0,0,0,0,0,-67.9685,147.3554,1,0,0
0,0,0,2003264,0,0,0,0,0,0,-67.9685,147.3554,1,0,0
0,0,0,2003265,0,0,0,0,0,0,-67.9685,147.3554,1,0,0
0,0,0,2003266,0,0,0,0,0,0,-67.9685,147.3554,1,0,0
0,0,0,2003267,0,0,0,0,0,0,-67.9685,147.3554,1,0,0
0,0,0,2003268,0,0,0,0,0,0,-67.9685,147.3554,1,0,0
0,0,0,2003269,0,0,0,0,0,0,-67.9685,147.3554,1,0,0
0,0,0,2003270,0,0,0,0,0,0,-67.9685,147.3554,1,0,0
0,0,0,2003271,0,0,0,0,0,0,-67.9685,147.3554,1,0,0
0,0,0,2003272,0,0,0,0,0,0,-67.9685,147.3554,1,0,0
0,0,0,2003273,0,0,0,0,0,0,-67.9685,147.3554,1,0,0
0,0,0,2003274,0,0,0,0,0,0,-67.9685,147.3554,1,0,0
0,0,0,2003275,0,0,0,0,0,0,-67.9685,147.3554,1,0,0
0,0,0,2003276,0,0,0,0,0,0,-67.9685,147.3554,1,0,0
0,0,0,2003277,0,0,0,0,0,0,-67.9685,147.3554,1,0,0
0,0,0,2003278,0,0,0,0,0,0,-67.9685,147.3554,1,0,0
0,0,0,2003279,0,0,0,0,0,0,-67.9685,147.3554,1,0,0
0,0,0,2003280,0,0,0,0,0,0,-67.9685,147.3554,1,0,0
0,0,0,2003281,0,0,0,0,0,0,-67.9685,147.3554,1,0,0
0,0,0,2003282,0,0,0,0,0,0,-67.9685,147.3554,1,0,0
0,0,0,2003283,0,0,0,0,0,0,-67.9685,147.3554,1,0,0
0,0,0,2003284,0,0,0,0,0,0,-67.9685,147.3554,1,0,0
0,0,0,2003285,0,0,0,0,0,0,-67.9685,147.3554,1,0,0
0,0,0,2003286,0,0,0,0,0,0,-67.9685,147.3554,1,0,0
0,0,0,2003287,0,0,0,0,0,0,-67.9685,147.3554,1,0,0
0,0,0,2003288,0,0,0,0,0,0,-67.9685,147.3554,1,0,0
0,0,0,2003289,0,0,0,0,0,0,-67.9685,147.3554,1,0,0
0,0,0,2003290,0,0,0,0,0,0,-67.9685,147.3554,1,0,0
0,0,0,2003291,0,0,0,0,0,0,-67.9685,147.3554,1,0,0
0,0,0,2003292,0,0,0,0,0,0,-67.9685,147.3554,1,0,0
0,0,0,2003293,0,0,0,0,0,0,-67.9685,147.3554,1,0,0
0,0,0,2003294,0,0,0,0,0,0,-67.9685,147.3554,1,0,0
0,0,0,2003295,0,0,0,0,0,0,-67.9685,147.3554,1,0,0
0,0,0,2003296,0,0,0,0,0,0,-67.9685,147.3554,1,0,0
0,0,0,2003297,0,0,0,0,0,0,-67.9685,147.3554,1,0,0
0,0,0,2003298,0,0,0,0,0,0,-67.9685,147.3554,1,0,0
0,0,0,2003299,0,0,0,0,0,0,-67.9685,147.3554,1,0,0
0,0,0,2003300,0,0,0,0,0,0,-67.9685,147.3554,1,0,0
0,0,0,2003301,0,0,0,0,0,0,-67.9685,147.3554,1,0,0
0,0,0,2003302,0,0,0,0,0,0,-67.9685,147.3554,1,0,0
0,0,0,2003303,0,0,0,0,0,0,-67.9685,147.3554,1,0,0
0,0,0,2003304,0,0,0,0,0,0,-67.9685,147.3554,1,0,0
0,0,0,2003305,0,0,0,0,0,0,-67.9685,147.3554,1,0,0
0,0,0,2003306,-67.7,147.7,1,0,0,0,-67.9685,147.3554,1,15,11
0,0,0,2003307,0,0,0,0,0,0,-67.9685,147.3554,1,0,0
0,0,0,2003308,0,0,0,0,0,0,-67.9685,147.3554,1,0,0
0,0,0,2003309,0,0,0,0,0,0,-67.9685,147.3554,1,0,0
0,0,0,2003310,0,0,0,0,0,0,-67.9685,147.3554,1,0,0
0,0,0,2003311,0,0,0,0,0,0,-67.9685,147.3554,1,0,0
0,0,0,2003312,0,0,0,0,0,0,-67.9685,147.3554,1,0,0
0,0,0,2003313,0,0,0,0,0,0,-67.9685,147.3554,1,0,0
0,0,0,2003314,0,0,0,0,0,0,-67.9685,147.3554,1,0,0
0,0,0,2003315,0,0,0,0,0,0,-67.9685,147.3554,1,0,0
0,0,0,2003316,0,0,0,0,0,0,-67.9685,147.3554,1,0,0
0,0,0,2003317,0,0,0,0,0,0,-67.9685,147.3554,1,0,0
0,0,0,2003318,0,0,0,0,0,0,-67.9685,147.3554,1,0,0
0,0,0,2003319,0,0,0,0,0,0,-67.9685,147.3554,1,0,0
0,0,0,2003320,0,0,0,0,0,0,-67.9685,147.3554,1,0,0
0,0,0,2003321,0,0,0,0,0,0,-67.9685,147.3554,1,0,0
0,0,0,2003322,0,0,0,0,0,0,-67.9685,147.3554,1,0,0
0,0,0,2003323,0,0,0,0,0,0,-67.9685,147.3554,1,0,0
0,0,0,2003324,0,0,0,0,0,0,-67.9685,147.3554,1,0,0
0,0,0,2003325,0,0,0,0,0,0,-67.9685,147.3554,1,0,0
0,0,0,2003326,0,0,0,0,0,0,-67.9685,147.3554,1,0,0
0,0,0,2003327,-67.7,147,1,0,0,0,-67.9685,147.3554,1,15,11
0,0,0,2003328,0,0,0,0,0,0,-67.9685,147.3554,1,0,0
0,0,0,2003329,0,0,0,0,0,0,-67.9685,147.3554,1,0,0
0,0,0,2003330,0,0,0,0,0,0,-67.9685,147.3554,1,0,0
0,0,0,2003331,0,0,0,0,0,0,-67.9685,147.3554,1,0,0
0,0,0,2003332,0,0,0,0,0,0,-67.9685,147.3554,1,0,0
0,0,0,2003333,0,0,0,0,0,0,-67.9685,147.3554,1,0,0
0,0,0,2003334,0,0,0,0,0,0,-67.9685,147.3554,1,0,0
0,0,0,2003335,0,0,0,0,0,0,-67.9685,147.3554,1,0,0
0,0,0,2003336,0,0,0,0,0,0,-67.9685,147.3554,1,0,0
0,0,0,2003337,0,0,0,0,0,0,-67.9685,147.3554,1,0,0
0,0,0,2003338,0,0,0,0,0,0,-67.9685,147.3554,1,0,0
0,0,0,2003339,0,0,0,0,0,0,-67.9685,147.3554,1,0,0
0,0,0,2003340,0,0,0,0,0,0,-67.9685,147.3554,1,0,0
0,0,0,2003341,0,0,0,0,0,0,-67.9685,147.3554,1,0,0
0,0,0,2003342,0,0,0,0,0,0,-67.9685,147.3554,1,0,0
0,0,0,2003343,0,0,0,0,0,0,-67.9685,147.3554,1,0,0
0,0,0,2003344,0,0,0,0,0,0,-67.9685,147.3554,1,0,0
0,0,0,2003345,0,0,0,0,0,0,-67.9685,147.3554,1,0,0
0,0,0,2003346,0,0,0,0,0,0,-67.9685,147.3554,1,0,0
0,0,0,2003347,0,0,0,0,0,0,-67.9685,147.3554,1,0,0
0,0,0,2003348,0,0,0,0,0,0,-67.9685,147.3554,1,0,0
0,0,0,2003349,0,0,0,0,0,0,-67.9685,147.3554,1,0,0
0,0,0,2003350,0,0,0,0,0,0,-67.9685,147.3554,1,0,0
0,0,0,2003351,0,0,0,0,0,0,-67.9685,147.3554,1,0,0
0,0,0,2003352,0,0,0,0,0,0,-67.9685,147.3554,1,0,0
0,0,0,2003353,0,0,0,0,0,0,-67.9685,147.3554,1,0,0
0,0,0,2003354,0,0,0,0,0,0,-67.9685,147.3554,1,0,0
0,0,0,2003355,0,0,0,0,0,0,-67.9685,147.3554,1,0,0
0,0,0,2003356,0,0,0,0,0,0,-67.9685,147.3554,1,0,0
0,0,0,2003357,0,0,0,0,0,0,-67.9685,147.3554,1,0,0
0,0,0,2003358,0,0,0,0,0,0,-67.9685,147.3554,1,0,0
0,0,0,2003359,0,0,0,0,0,0,-67.9685,147.3554,1,0,0
0,0,0,2003360,0,0,0,0,0,0,-67.9685,147.3554,1,0,0
0,0,0,2003361,0,0,0,0,0,0,-67.9685,147.3554,1,0,0
0,0,0,2003362,0,0,0,0,0,0,-67.9685,147.3554,1,0,0
0,0,0,2003363,0,0,0,0,0,0,-67.9685,147.3554,1,0,0
0,0,0,2003364,0,0,0,0,0,0,-67.9685,147.3554,1,0,0
0,0,0,2003365,0,0,0,0,0,0,-67.9685,147.3554,1,0,0
0,0,0,2004001,0,0,0,0,0,0,-67.9685,147.3554,1,0,0
0,0,0,2004002,0,0,0,0,0,0,-67.9685,147.3554,1,0,0
0,0,0,2004003,0,0,0,0,0,0,-67.9685,147.3554,1,0,0
0,0,0,2004004,0,0,0,0,0,0,-67.9685,147.3554,1,0,0
0,0,0,2004005,0,0,0,0,0,0,-67.9685,147.3554,1,0,0
0,0,0,2004006,0,0,0,0,0,0,-67.9685,147.3554,1,0,0
0,0,0,2004007,0,0,0,0,0,0,-67.9685,147.3554,1,0,0
0,0,0,2004008,0,0,0,0,0,0,-67.9685,147.3554,1,0,0
0,0,0,2004009,0,0,0,0,0,0,-67.9685,147.3554,1,0,0
0,0,0,2004010,0,0,0,0,0,0,-67.9685,147.3554,1,0,0
0,0,0,2004011,0,0,0,0,0,0,-67.9685,147.3554,1,0,0
0,0,0,2004012,0,0,0,0,0,0,-67.9685,147.3554,1,0,0
0,0,0,2004013,0,0,0,0,0,0,-67.9685,147.3554,1,0,0
0,0,0,2004014,0,0,0,0,0,0,-67.9685,147.3554,1,0,0
0,0,0,2004015,0,0,0,0,0,0,-67.9685,147.3554,1,0,0
0,0,0,2004016,0,0,0,0,0,0,-67.9685,147.3554,1,0,0
0,0,0,2004017,0,0,0,0,0,0,-67.9685,147.3554,1,0,0
0,0,0,2004018,0,0,0,0,0,0,-67.9685,147.3554,1,0,0
0,0,0,2004019,0,0,0,0,0,0,-67.9685,147.3554,1,0,0
0,0,0,2004020,0,0,0,0,0,0,-67.9685,147.3554,1,0,0
0,0,0,2004021,0,0,0,0,0,0,-67.9685,147.3554,1,0,0
0,0,0,2004022,0,0,0,0,0,0,-67.9685,147.3554,1,0,0
0,0,0,2004023,0,0,0,0,0,0,-67.9685,147.3554,1,0,0
0,0,0,2004024,0,0,0,0,0,0,-67.9685,147.3554,1,0,0
0,0,0,2004025,0,0,0,0,0,0,-67.9685,147.3554,1,0,0
0,0,0,2004026,0,0,0,0,0,0,-67.9685,147.3554,1,0,0
0,0,0,2004027,0,0,0,0,0,0,-67.9685,147.3554,1,0,0
0,0,0,2004028,0,0,0,0,0,0,-67.9685,147.3554,1,0,0
0,0,0,2004029,0,0,0,0,0,0,-67.9685,147.3554,1,0,0
0,0,0,2004030,0,0,0,0,0,0,-67.9685,147.3554,1,0,0
0,0,0,2004031,0,0,0,0,0,0,-67.9685,147.3554,1,0,0
0,0,0,2004032,0,0,0,0,0,0,-67.9685,147.3554,1,0,0
0,0,0,2004033,0,0,0,0,0,0,-67.9685,147.3554,1,0,0
0,0,0,2004034,0,0,0,0,0,0,-67.9685,147.3554,1,0,0
0,0,0,2004035,0,0,0,0,0,0,-67.9685,147.3554,1,0,0
0,0,0,2004036,0,0,0,0,0,0,-67.9685,147.3554,1,0,0
0,0,0,2004037,0,0,0,0,0,0,-67.9685,147.3554,1,0,0
0,0,0,2004038,0,0,0,0,0,0,-67.9685,147.3554,1,0,0
0,0,0,2004039,-67.7,147,1,0,0,0,-67.9685,147.3554,1,15,11
0,0,0,2004040,0,0,0,0,0,0,-67.9685,147.3554,1,0,0
0,0,0,2004041,0,0,0,0,0,0,-67.9685,147.3554,1,0,0
0,0,0,2004042,0,0,0,0,0,0,-67.9685,147.3554,1,0,0
0,0,0,2004043,0,0,0,0,0,0,-67.9685,147.3554,1,0,0
0,0,0,2004044,0,0,0,0,0,0,-67.9685,147.3554,1,0,0
0,0,0,2004045,0,0,0,0,0,0,-67.9685,147.3554,1,0,0
0,0,0,2004046,0,0,0,0,0,0,-67.9685,147.3554,1,0,0
0,0,0,2004047,0,0,0,0,0,0,-67.9685,147.3554,1,0,0
0,0,0,2004048,0,0,0,0,0,0,-67.9685,147.3554,1,0,0
0,0,0,2004049,0,0,0,0,0,0,-67.9685,147.3554,1,0,0
0,0,0,2004050,0,0,0,0,0,0,-67.9685,147.3554,1,0,0
0,0,0,2004051,0,0,0,0,0,0,-67.9685,147.3554,1,0,0
0,0,0,2004052,0,0,0,0,0,0,-67.9685,147.3554,1,0,0
0,0,0,2004053,0,0,0,0,0,0,-67.9685,147.3554,1,0,0
0,0,0,2004054,0,0,0,0,0,0,-67.9685,147.3554,1,0,0
0,0,0,2004055,0,0,0,0,0,0,-67.9685,147.3554,1,0,0
0,0,0,2004056,0,0,0,0,0,0,-67.9685,147.3554,1,0,0
0,0,0,2004057,0,0,0,0,0,0,-67.9685,147.3554,1,0,0
0,0,0,2004058,0,0,0,0,0,0,-67.9685,147.3554,1,0,0
0,0,0,2004059,0,0,0,0,0,0,-67.9685,147.3554,1,0,0
0,0,0,2004060,-67.8,147,1,0,0,0,-67.9685,147.3554,1,15,11
0,0,0,2004061,0,0,0,0,0,0,-67.9685,147.3554,1,0,0
0,0,0,2004062,0,0,0,0,0,0,-67.9685,147.3554,1,0,0
0,0,0,2004063,0,0,0,0,0,0,-67.9685,147.3554,1,0,0
0,0,0,2004064,0,0,0,0,0,0,-67.9685,147.3554,1,0,0
0,0,0,2004065,0,0,0,0,0,0,-67.9685,147.3554,1,0,0
0,0,0,2004066,0,0,0,0,0,0,-67.9685,147.3554,1,0,0
0,0,0,2004067,0,0,0,0,0,0,-67.9685,147.3554,1,0,0
0,0,0,2004068,0,0,0,0,0,0,-67.9685,147.3554,1,0,0
0,0,0,2004069,0,0,0,0,0,0,-67.9685,147.3554,1,0,0
0,0,0,2004070,0,0,0,0,0,0,-67.9685,147.3554,1,0,0
0,0,0,2004071,0,0,0,0,0,0,-67.9685,147.3554,1,0,0
0,0,0,2004072,0,0,0,0,0,0,-67.9685,147.3554,1,0,0
0,0,0,2004073,0,0,0,0,0,0,-67.9685,147.3554,1,0,0
0,0,0,2004074,0,0,0,0,0,0,-67.9685,147.3554,1,0,0
0,0,0,2004075,0,0,0,0,0,0,-67.9685,147.3554,1,0,0
0,0,0,2004076,0,0,0,0,0,0,-67.9685,147.3554,1,0,0
0,0,0,2004077,0,0,0,0,0,0,-67.9685,147.3554,1,0,0
0,0,0,2004078,0,0,0,0,0,0,-67.9685,147.3554,1,0,0
0,0,0,2004079,0,0,0,0,0,0,-67.9685,147.3554,1,0,0
0,0,0,2004080,0,0,0,0,0,0,-67.9685,147.3554,1,0,0
0,0,0,2004081,-67.8,147.1,1,0,0,0,-67.9685,147.3554,1,15,11
0,0,0,2004082,0,0,0,0,0,0,-67.9685,147.3554,1,0,0
0,0,0,2004083,0,0,0,0,0,0,-67.9685,147.3554,1,0,0
0,0,0,2004084,0,0,0,0,0,0,-67.9685,147.3554,1,0,0
0,0,0,2004085,0,0,0,0,0,0,-67.9685,147.3554,1,0,0
0,0,0,2004086,0,0,0,0,0,0,-67.9685,147.3554,1,0,0
0,0,0,2004087,0,0,0,0,0,0,-67.9685,147.3554,1,0,0
0,0,0,2004088,0,0,0,0,0,0,-67.9685,147.3554,1,0,0
0,0,0,2004089,0,0,0,0,0,0,-67.9685,147.3554,1,0,0
0,0,0,2004090,0,0,0,0,0,0,-67.9685,147.3554,1,0,0
0,0,0,2004091,0,0,0,0,0,0,-67.9685,147.3554,1,0,0
0,0,0,2004092,0,0,0,0,0,0,-67.9685,147.3554,1,0,0
0,0,0,2004093,0,0,0,0,0,0,-67.9685,147.3554,1,0,0
0,0,0,2004094,0,0,0,0,0,0,-67.9685,147.3554,1,0,0
0,0,0,2004095,0,0,0,0,0,0,-67.9685,147.3554,1,0,0
0,0,0,2004096,0,0,0,0,0,0,-67.9685,147.3554,1,0,0
0,0,0,2004097,0,0,0,0,0,0,-67.9685,147.3554,1,0,0
0,0,0,2004098,0,0,0,0,0,0,-67.9685,147.3554,1,0,0
0,0,0,2004099,0,0,0,0,0,0,-67.9685,147.3554,1,0,0
0,0,0,2004100,0,0,0,0,0,0,-67.9685,147.3554,1,0,0
0,0,0,2004101,0,0,0,0,0,0,-67.9685,147.3554,1,0,0
0,0,0,2004102,0,0,0,0,0,0,-67.9685,147.3554,1,0,0
0,0,0,2004103,0,0,0,0,0,0,-67.9685,147.3554,1,0,0
0,0,0,2004104,0,0,0,0,0,0,-67.9685,147.3554,1,0,0
0,0,0,2004105,0,0,0,0,0,0,-67.9685,147.3554,1,0,0
0,0,0,2004106,0,0,0,0,0,0,-67.9685,147.3554,1,0,0
0,0,0,2004107,0,0,0,0,0,0,-67.9685,147.3554,1,0,0
0,0,0,2004108,0,0,0,0,0,0,-67.9685,147.3554,1,0,0
0,0,0,2004109,0,0,0,0,0,0,-67.9685,147.3554,1,0,0
0,0,0,2004110,0,0,0,0,0,0,-67.9685,147.3554,1,0,0
0,0,0,2004111,0,0,0,0,0,0,-67.9685,147.3554,1,0,0
0,0,0,2004112,0,0,0,0,0,0,-67.9685,147.3554,1,0,0
0,0,0,2004113,0,0,0,0,0,0,-67.9685,147.3554,1,0,0
0,0,0,2004114,0,0,0,0,0,0,-67.9685,147.3554,1,0,0
0,0,0,2004115,0,0,0,0,0,0,-67.9685,147.3554,1,0,0
0,0,0,2004116,0,0,0,0,0,0,-67.9685,147.3554,1,0,0
0,0,0,2004117,0,0,0,0,0,0,-67.9685,147.3554,1,0,0
0,0,0,2004118,0,0,0,0,0,0,-67.9685,147.3554,1,0,0
0,0,0,2004119,0,0,0,0,0,0,-67.9685,147.3554,1,0,0
0,0,0,2004120,0,0,0,0,0,0,-67.9685,147.3554,1,0,0
0,0,0,2004121,0,0,0,0,0,0,-67.9685,147.3554,1,0,0
0,0,0,2004122,0,0,0,0,0,0,-67.9685,147.3554,1,0,0
0,0,0,2004123,0,0,0,0,0,0,-67.9685,147.3554,1,0,0
0,0,0,2004124,0,0,0,0,0,0,-67.9685,147.3554,1,0,0
0,0,0,2004125,0,0,0,0,0,0,-67.9685,147.3554,1,0,0
0,0,0,2004126,0,0,0,0,0,0,-67.9685,147.3554,1,0,0
0,0,0,2004127,0,0,0,0,0,0,-67.9685,147.3554,1,0,0
0,0,0,2004128,0,0,0,0,0,0,-67.9685,147.3554,1,0,0
0,0,0,2004129,0,0,0,0,0,0,-67.9685,147.3554,1,0,0
0,0,0,2004130,0,0,0,0,0,0,-67.9685,147.3554,1,0,0
0,0,0,2004131,0,0,0,0,0,0,-67.9685,147.3554,1,0,0
0,0,0,2004132,0,0,0,0,0,0,-67.9685,147.3554,1,0,0
0,0,0,2004133,0,0,0,0,0,0,-67.9685,147.3554,1,0,0
0,0,0,2004134,0,0,0,0,0,0,-67.9685,147.3554,1,0,0
0,0,0,2004135,0,0,0,0,0,0,-67.9685,147.3554,1,0,0
0,0,0,2004136,0,0,0,0,0,0,-67.9685,147.3554,1,0,0
0,0,0,2004137,0,0,0,0,0,0,-67.9685,147.3554,1,0,0
0,0,0,2004138,0,0,0,0,0,0,-67.9685,147.3554,1,0,0
0,0,0,2004139,0,0,0,0,0,0,-67.9685,147.3554,1,0,0
0,0,0,2004140,0,0,0,0,0,0,-67.9685,147.3554,1,0,0
0,0,0,2004141,0,0,0,0,0,0,-67.9685,147.3554,1,0,0
0,0,0,2004142,0,0,0,0,0,0,-67.9685,147.3554,1,0,0
0,0,0,2004143,0,0,0,0,0,0,-67.9685,147.3554,1,0,0
0,0,0,2004144,0,0,0,0,0,0,-67.9685,147.3554,1,0,0
0,0,0,2004145,0,0,0,0,0,0,-67.9685,147.3554,1,0,0
0,0,0,2004146,0,0,0,0,0,0,-67.9685,147.3554,1,0,0
0,0,0,2004147,0,0,0,0,0,0,-67.9685,147.3554,1,0,0
0,0,0,2004148,0,0,0,0,0,0,-67.9685,147.3554,1,0,0
0,0,0,2004149,0,0,0,0,0,0,-67.9685,147.3554,1,0,0
0,0,0,2004150,0,0,0,0,0,0,-67.9685,147.3554,1,0,0
0,0,0,2004151,0,0,0,0,0,0,-67.9685,147.3554,1,0,0
0,0,0,2004152,0,0,0,0,0,0,-67.9685,147.3554,1,0,0
0,0,0,2004153,0,0,0,0,0,0,-67.9685,147.3554,1,0,0
0,0,0,2004154,0,0,0,0,0,0,-67.9685,147.3554,1,0,0
0,0,0,2004155,0,0,0,0,0,0,-67.9685,147.3554,1,0,0
0,0,0,2004156,0,0,0,0,0,0,-67.9685,147.3554,1,0,0
0,0,0,2004157,0,0,0,0,0,0,-67.9685,147.3554,1,0,0
0,0,0,2004158,0,0,0,0,0,0,-67.9685,147.3554,1,0,0
0,0,0,2004159,0,0,0,0,0,0,-67.9685,147.3554,1,0,0
0,0,0,2004160,0,0,0,0,0,0,-67.9685,147.3554,1,0,0
0,0,0,2004161,0,0,0,0,0,0,-67.9685,147.3554,1,0,0
0,0,0,2004162,0,0,0,0,0,0,-67.9685,147.3554,1,0,0
0,0,0,2004163,0,0,0,0,0,0,-67.9685,147.3554,1,0,0
0,0,0,2004164,0,0,0,0,0,0,-67.9685,147.3554,1,0,0
0,0,0,2004165,0,0,0,0,0,0,-67.9685,147.3554,1,0,0
0,0,0,2004166,0,0,0,0,0,0,-67.9685,147.3554,1,0,0
0,0,0,2004167,0,0,0,0,0,0,-67.9685,147.3554,1,0,0
0,0,0,2004168,0,0,0,0,0,0,-67.9685,147.3554,1,0,0
0,0,0,2004169,0,0,0,0,0,0,-67.9685,147.3554,1,0,0
0,0,0,2004170,0,0,0,0,0,0,-67.9685,147.3554,1,0,0
0,0,0,2004171,0,0,0,0,0,0,-67.9685,147.3554,1,0,0
0,0,0,2004172,0,0,0,0,0,0,-67.9685,147.3554,1,0,0
0,0,0,2004173,0,0,0,0,0,0,-67.9685,147.3554,1,0,0
0,0,0,2004174,0,0,0,0,0,0,-67.9685,147.3554,1,0,0
0,0,0,2004175,0,0,0,0,0,0,-67.9685,147.3554,1,0,0
0,0,0,2004176,0,0,0,0,0,0,-67.9685,147.3554,1,0,0
0,0,0,2004177,0,0,0,0,0,0,-67.9685,147.3554,1,0,0
0,0,0,2004178,0,0,0,0,0,0,-67.9685,147.3554,1,0,0
0,0,0,2004179,0,0,0,0,0,0,-67.9685,147.3554,1,0,0
0,0,0,2004180,0,0,0,0,0,0,-67.9685,147.3554,1,0,0
0,0,0,2004181,0,0,0,0,0,0,-67.9685,147.3554,1,0,0
0,0,0,2004182,0,0,0,0,0,0,-67.9685,147.3554,1,0,0
0,0,0,2004183,0,0,0,0,0,0,-67.9685,147.3554,1,0,0
0,0,0,2004184,0,0,0,0,0,0,-67.9685,147.3554,1,0,0
0,0,0,2004185,0,0,0,0,0,0,-67.9685,147.3554,1,0,0
0,0,0,2004186,0,0,0,0,0,0,-67.9685,147.3554,1,0,0
0,0,0,2004187,0,0,0,0,0,0,-67.9685,147.3554,1,0,0
0,0,0,2004188,0,0,0,0,0,0,-67.9685,147.3554,1,0,0
0,0,0,2004189,0,0,0,0,0,0,-67.9685,147.3554,1,0,0
0,0,0,2004190,0,0,0,0,0,0,-67.9685,147.3554,1,0,0
0,0,0,2004191,0,0,0,0,0,0,-67.9685,147.3554,1,0,0
0,0,0,2004192,0,0,0,0,0,0,-67.9685,147.3554,1,0,0
0,0,0,2004193,0,0,0,0,0,0,-67.9685,147.3554,1,0,0
0,0,0,2004194,0,0,0,0,0,0,-67.9685,147.3554,1,0,0
0,0,0,2004195,0,0,0,0,0,0,-67.9685,147.3554,1,0,0
0,0,0,2004196,0,0,0,0,0,0,-67.9685,147.3554,1,0,0
0,0,0,2004197,0,0,0,0,0,0,-67.9685,147.3554,1,0,0
0,0,0,2004198,0,0,0,0,0,0,-67.9685,147.3554,1,0,0
0,0,0,2004199,0,0,0,0,0,0,-67.9685,147.3554,1,0,0
0,0,0,2004200,0,0,0,0,0,0,-67.9685,147.3554,1,0,0
0,0,0,2004201,0,0,0,0,0,0,-67.9685,147.3554,1,0,0
0,0,0,2004202,0,0,0,0,0,0,-67.9685,147.3554,1,0,0
0,0,0,2004203,0,0,0,0,0,0,-67.9685,147.3554,1,0,0
0,0,0,2004204,0,0,0,0,0,0,-67.9685,147.3554,1,0,0
0,0,0,2004205,0,0,0,0,0,0,-67.9685,147.3554,1,0,0
0,0,0,2004206,0,0,0,0,0,0,-67.9685,147.3554,1,0,0
0,0,0,2004207,0,0,0,0,0,0,-67.9685,147.3554,1,0,0
0,0,0,2004208,0,0,0,0,0,0,-67.9685,147.3554,1,0,0
0,0,0,2004209,0,0,0,0,0,0,-67.9685,147.3554,1,0,0
0,0,0,2004210,0,0,0,0,0,0,-67.9685,147.3554,1,0,0
0,0,0,2004211,0,0,0,0,0,0,-67.9685,147.3554,1,0,0
0,0,0,2004212,0,0,0,0,0,0,-67.9685,147.3554,1,0,0
0,0,0,2004213,0,0,0,0,0,0,-67.9685,147.3554,1,0,0
0,0,0,2004214,0,0,0,0,0,0,-67.9685,147.3554,1,0,0
0,0,0,2004215,0,0,0,0,0,0,-67.9685,147.3554,1,0,0
0,0,0,2004216,0,0,0,0,0,0,-67.9685,147.3554,1,0,0
0,0,0,2004217,0,0,0,0,0,0,-67.9685,147.3554,1,0,0
0,0,0,2004218,0,0,0,0,0,0,-67.9685,147.3554,1,0,0
0,0,0,2004219,0,0,0,0,0,0,-67.9685,147.3554,1,0,0
0,0,0,2004220,0,0,0,0,0,0,-67.9685,147.3554,1,0,0
0,0,0,2004221,0,0,0,0,0,0,-67.9685,147.3554,1,0,0
0,0,0,2004222,0,0,0,0,0,0,-67.9685,147.3554,1,0,0
0,0,0,2004223,0,0,0,0,0,0,-67.9685,147.3554,1,0,0
0,0,0,2004224,0,0,0,0,0,0,-67.9685,147.3554,1,0,0
0,0,0,2004225,0,0,0,0,0,0,-67.9685,147.3554,1,0,0
0,0,0,2004226,0,0,0,0,0,0,-67.9685,147.3554,1,0,0
0,0,0,2004227,0,0,0,0,0,0,-67.9685,147.3554,1,0,0
0,0,0,2004228,0,0,0,0,0,0,-67.9685,147.3554,1,0,0
0,0,0,2004229,0,0,0,0,0,0,-67.9685,147.3554,1,0,0
0,0,0,2004230,0,0,0,0,0,0,-67.9685,147.3554,1,0,0
0,0,0,2004231,0,0,0,0,0,0,-67.9685,147.3554,1,0,0
0,0,0,2004232,0,0,0,0,0,0,-67.9685,147.3554,1,0,0
0,0,0,2004233,0,0,0,0,0,0,-67.9685,147.3554,1,0,0
0,0,0,2004234,0,0,0,0,0,0,-67.9685,147.3554,1,0,0
0,0,0,2004235,0,0,0,0,0,0,-67.9685,147.3554,1,0,0
0,0,0,2004236,0,0,0,0,0,0,-67.9685,147.3554,1,0,0
0,0,0,2004237,0,0,0,0,0,0,-67.9685,147.3554,1,0,0
0,0,0,2004238,0,0,0,0,0,0,-67.9685,147.3554,1,0,0
0,0,0,2004239,0,0,0,0,0,0,-67.9685,147.3554,1,0,0
0,0,0,2004240,0,0,0,0,0,0,-67.9685,147.3554,1,0,0
0,0,0,2004241,0,0,0,0,0,0,-67.9685,147.3554,1,0,0
0,0,0,2004242,0,0,0,0,0,0,-67.9685,147.3554,1,0,0
0,0,0,2004243,0,0,0,0,0,0,-67.9685,147.3554,1,0,0
0,0,0,2004244,0,0,0,0,0,0,-67.9685,147.3554,1,0,0
0,0,0,2004245,0,0,0,0,0,0,-67.9685,147.3554,1,0,0
0,0,0,2004246,0,0,0,0,0,0,-67.9685,147.3554,1,0,0
0,0,0,2004247,0,0,0,0,0,0,-67.9685,147.3554,1,0,0
0,0,0,2004248,0,0,0,0,0,0,-67.9685,147.3554,1,0,0
0,0,0,2004249,0,0,0,0,0,0,-67.9685,147.3554,1,0,0
0,0,0,2004250,0,0,0,0,0,0,-67.9685,147.3554,1,0,0
0,0,0,2004251,0,0,0,0,0,0,-67.9685,147.3554,1,0,0
0,0,0,2004252,0,0,0,0,0,0,-67.9685,147.3554,1,0,0
0,0,0,2004253,0,0,0,0,0,0,-67.9685,147.3554,1,0,0
0,0,0,2004254,0,0,0,0,0,0,-67.9685,147.3554,1,0,0
0,0,0,2004255,0,0,0,0,0,0,-67.9685,147.3554,1,0,0
0,0,0,2004256,0,0,0,0,0,0,-67.9685,147.3554,1,0,0
0,0,0,2004257,0,0,0,0,0,0,-67.9685,147.3554,1,0,0
0,0,0,2004258,0,0,0,0,0,0,-67.9685,147.3554,1,0,0
0,0,0,2004259,0,0,0,0,0,0,-67.9685,147.3554,1,0,0
0,0,0,2004260,0,0,0,0,0,0,-67.9685,147.3554,1,0,0
0,0,0,2004261,0,0,0,0,0,0,-67.9685,147.3554,1,0,0
0,0,0,2004262,0,0,0,0,0,0,-67.9685,147.3554,1,0,0
0,0,0,2004263,0,0,0,0,0,0,-67.9685,147.3554,1,0,0
0,0,0,2004264,0,0,0,0,0,0,-67.9685,147.3554,1,0,0
0,0,0,2004265,0,0,0,0,0,0,-67.9685,147.3554,1,0,0
0,0,0,2004266,0,0,0,0,0,0,-67.9685,147.3554,1,0,0
0,0,0,2004267,0,0,0,0,0,0,-67.9685,147.3554,1,0,0
0,0,0,2004268,0,0,0,0,0,0,-67.9685,147.3554,1,0,0
0,0,0,2004269,0,0,0,0,0,0,-67.9685,147.3554,1,0,0
0,0,0,2004270,0,0,0,0,0,0,-67.9685,147.3554,1,0,0
0,0,0,2004271,0,0,0,0,0,0,-67.9685,147.3554,1,0,0
0,0,0,2004272,0,0,0,0,0,0,-67.9685,147.3554,1,0,0
0,0,0,2004273,0,0,0,0,0,0,-67.9685,147.3554,1,0,0
0,0,0,2004274,0,0,0,0,0,0,-67.9685,147.3554,1,0,0
0,0,0,2004275,0,0,0,0,0,0,-67.9685,147.3554,1,0,0
0,0,0,2004276,0,0,0,0,0,0,-67.9685,147.3554,1,0,0
0,0,0,2004277,0,0,0,0,0,0,-67.9685,147.3554,1,0,0
0,0,0,2004278,0,0,0,0,0,0,-67.9685,147.3554,1,0,0
0,0,0,2004279,0,0,0,0,0,0,-67.9685,147.3554,1,0,0
0,0,0,2004280,0,0,0,0,0,0,-67.9685,147.3554,1,0,0
0,0,0,2004281,0,0,0,0,0,0,-67.9685,147.3554,1,0,0
0,0,0,2004282,0,0,0,0,0,0,-67.9685,147.3554,1,0,0
0,0,0,2004283,0,0,0,0,0,0,-67.9685,147.3554,1,0,0
0,0,0,2004284,0,0,0,0,0,0,-67.9685,147.3554,1,0,0
0,0,0,2004285,0,0,0,0,0,0,-67.9685,147.3554,1,0,0
0,0,0,2004286,0,0,0,0,0,0,-67.9685,147.3554,1,0,0
0,0,0,2004287,0,0,0,0,0,0,-67.9685,147.3554,1,0,0
0,0,0,2004288,0,0,0,0,0,0,-67.9685,147.3554,1,0,0
0,0,0,2004289,0,0,0,0,0,0,-67.9685,147.3554,1,0,0
0,0,0,2004290,0,0,0,0,0,0,-67.9685,147.3554,1,0,0
0,0,0,2004291,0,0,0,0,0,0,-67.9685,147.3554,1,0,0
0,0,0,2004292,0,0,0,0,0,0,-67.9685,147.3554,1,0,0
0,0,0,2004293,0,0,0,0,0,0,-67.9685,147.3554,1,0,0
0,0,0,2004294,0,0,0,0,0,0,-67.9685,147.3554,1,0,0
0,0,0,2004295,0,0,0,0,0,0,-67.9685,147.3554,1,0,0
0,0,0,2004296,0,0,0,0,0,0,-67.9685,147.3554,1,0,0
0,0,0,2004297,0,0,0,0,0,0,-67.9685,147.3554,1,0,0
0,0,0,2004298,0,0,0,0,0,0,-67.9685,147.3554,1,0,0
0,0,0,2004299,0,0,0,0,0,0,-67.9685,147.3554,1,0,0
0,0,0,2004300,0,0,0,0,0,0,-67.9685,147.3554,1,0,0
0,0,0,2004301,0,0,0,0,0,0,-67.9685,147.3554,1,0,0
0,0,0,2004302,0,0,0,0,0,0,-67.9685,147.3554,1,0,0
0,0,0,2004303,0,0,0,0,0,0,-67.9685,147.3554,1,0,0
0,0,0,2004304,0,0,0,0,0,0,-67.9685,147.3554,1,0,0
0,0,0,2004305,0,0,0,0,0,0,-67.9685,147.3554,1,0,0
0,0,0,2004306,0,0,0,0,0,0,-67.9685,147.3554,1,0,0
0,0,0,2004307,0,0,0,0,0,0,-67.9685,147.3554,1,0,0
0,0,0,2004308,0,0,0,0,0,0,-67.9685,147.3554,1,0,0
0,0,0,2004309,0,0,0,0,0,0,-67.9685,147.3554,1,0,0
0,0,0,2004310,0,0,0,0,0,0,-67.9685,147.3554,1,0,0
0,0,0,2004311,0,0,0,0,0,0,-67.9685,147.3554,1,0,0
0,0,0,2004312,-67.8,147.1,1,0,0,0,-67.9685,147.3554,1,15,11
0,0,0,2004313,0,0,0,0,0,0,-67.9685,147.3554,1,0,0
0,0,0,2004314,0,0,0,0,0,0,-67.9685,147.3554,1,0,0
0,0,0,2004315,0,0,0,0,0,0,-67.9685,147.3554,1,0,0
0,0,0,2004316,0,0,0,0,0,0,-67.9685,147.3554,1,0,0
0,0,0,2004318,0,0,0,0,0,0,-67.9685,147.3554,1,0,0
0,0,0,2004319,0,0,0,0,0,0,-67.9685,147.3554,1,0,0
0,0,0,2004320,0,0,0,0,0,0,-67.9685,147.3554,1,0,0
0,0,0,2004321,0,0,0,0,0,0,-67.9685,147.3554,1,0,0
0,0,0,2004322,0,0,0,0,0,0,-67.9685,147.3554,1,0,0
0,0,0,2004323,0,0,0,0,0,0,-67.9685,147.3554,1,0,0
0,0,0,2004324,0,0,0,0,0,0,-67.9685,147.3554,1,0,0
0,0,0,2004325,0,0,0,0,0,0,-67.9685,147.3554,1,0,0
0,0,0,2004326,0,0,0,0,0,0,-67.9685,147.3554,1,0,0
0,0,0,2004327,0,0,0,0,0,0,-67.9685,147.3554,1,0,0
0,0,0,2004328,0,0,0,0,0,0,-67.9685,147.3554,1,0,0
0,0,0,2004329,0,0,0,0,0,0,-67.9685,147.3554,1,0,0
0,0,0,2004330,0,0,0,0,0,0,-67.9685,147.3554,1,0,0
0,0,0,2004331,0,0,0,0,0,0,-67.9685,147.3554,1,0,0
0,0,0,2004332,0,0,0,0,0,0,-67.9685,147.3554,1,0,0
0,0,0,2004333,0,0,0,0,0,0,-67.9685,147.3554,1,0,0
0,0,0,2004334,0,0,0,0,0,0,-67.9685,147.3554,1,0,0
0,0,0,2004335,0,0,0,0,0,0,-67.9685,147.3554,1,0,0
0,0,0,2004336,0,0,0,0,0,0,-67.9685,147.3554,1,0,0
0,0,0,2004337,0,0,0,0,0,0,-67.9685,147.3554,1,0,0
0,0,0,2004338,0,0,0,0,0,0,-67.9685,147.3554,1,0,0
0,0,0,2004339,0,0,0,0,0,0,-67.9685,147.3554,1,0,0
0,0,0,2004340,0,0,0,0,0,0,-67.9685,147.3554,1,0,0
0,0,0,2004341,0,0,0,0,0,0,-67.9685,147.3554,1,0,0
0,0,0,2004342,0,0,0,0,0,0,-67.9685,147.3554,1,0,0
0,0,0,2004343,0,0,0,0,0,0,-67.9685,147.3554,1,0,0
0,0,0,2004344,0,0,0,0,0,0,-67.9685,147.3554,1,0,0
0,0,0,2004345,0,0,0,0,0,0,-67.9685,147.3554,1,0,0
0,0,0,2004346,0,0,0,0,0,0,-67.9685,147.3554,1,0,0
0,0,0,2004347,0,0,0,0,0,0,-67.9685,147.3554,1,0,0
0,0,0,2004348,0,0,0,0,0,0,-67.9685,147.3554,1,0,0
0,0,0,2004349,0,0,0,0,0,0,-67.9685,147.3554,1,0,0
0,0,0,2004350,0,0,0,0,0,0,-67.9685,147.3554,1,0,0
0,0,0,2004351,0,0,0,0,0,0,-67.9685,147.3554,1,0,0
0,0,0,2004352,0,0,0,0,0,0,-67.9685,147.3554,1,0,0
0,0,0,2004353,0,0,0,0,0,0,-67.9685,147.3554,1,0,0
0,0,0,2004354,0,0,0,0,0,0,-67.9685,147.3554,1,0,0
0,0,0,2004355,0,0,0,0,0,0,-67.9685,147.3554,1,0,0
0,0,0,2004356,0,0,0,0,0,0,-67.9685,147.3554,1,0,0
0,0,0,2004357,0,0,0,0,0,0,-67.9685,147.3554,1,0,0
0,0,0,2004358,0,0,0,0,0,0,-67.9685,147.3554,1,0,0
0,0,0,2004359,0,0,0,0,0,0,-67.9685,147.3554,1,0,0
0,0,0,2004360,0,0,0,0,0,0,-67.9685,147.3554,1,0,0
0,0,0,2004361,0,0,0,0,0,0,-67.9685,147.3554,1,0,0
0,0,0,2004362,0,0,0,0,0,0,-67.9685,147.3554,1,0,0
0,0,0,2004363,0,0,0,0,0,0,-67.9685,147.3554,1,0,0
0,0,0,2004364,0,0,0,0,0,0,-67.9685,147.3554,1,0,0
0,0,0,2004365,0,0,0,0,0,0,-67.9685,147.3554,1,0,0
0,0,0,2004366,0,0,0,0,0,0,-67.9685,147.3554,1,0,0
0,0,0,2005001,0,0,0,0,0,0,-67.9685,147.3554,1,0,0
0,0,0,2005002,-67.81,147.165,1,0,0,0,-67.9685,147.3554,1,15,11
0,0,0,2005003,0,0,0,0,0,0,-67.9685,147.3554,1,0,0
0,0,0,2005004,0,0,0,0,0,0,-67.9685,147.3554,1,0,0
0,0,0,2005005,0,0,0,0,0,0,-67.9685,147.3554,1,0,0
0,0,0,2005006,0,0,0,0,0,0,-67.9685,147.3554,1,0,0
0,0,0,2005007,0,0,0,0,0,0,-67.9685,147.3554,1,0,0
0,0,0,2005008,0,0,0,0,0,0,-67.9685,147.3554,1,0,0
0,0,0,2005009,0,0,0,0,0,0,-67.9685,147.3554,1,0,0
0,0,0,2005010,0,0,0,0,0,0,-67.9685,147.3554,1,0,0
0,0,0,2005011,0,0,0,0,0,0,-67.9685,147.3554,1,0,0
0,0,0,2005012,0,0,0,0,0,0,-67.9685,147.3554,1,0,0
0,0,0,2005013,0,0,0,0,0,0,-67.9685,147.3554,1,0,0
0,0,0,2005014,0,0,0,0,0,0,-67.9685,147.3554,1,0,0
0,0,0,2005015,0,0,0,0,0,0,-67.9685,147.3554,1,0,0
0,0,0,2005016,0,0,0,0,0,0,-67.9685,147.3554,1,0,0
0,0,0,2005017,0,0,0,0,0,0,-67.9685,147.3554,1,0,0
0,0,0,2005018,0,0,0,0,0,0,-67.9685,147.3554,1,0,0
0,0,0,2005019,0,0,0,0,0,0,-67.9685,147.3554,1,0,0
0,0,0,2005020,0,0,0,0,0,0,-67.9685,147.3554,1,0,0
0,0,0,2005021,0,0,0,0,0,0,-67.9685,147.3554,1,0,0
0,0,0,2005022,0,0,0,0,0,0,-67.9685,147.3554,1,0,0
0,0,0,2005023,0,0,0,0,0,0,-67.9685,147.3554,1,0,0
0,0,0,2005024,0,0,0,0,0,0,-67.9685,147.3554,1,0,0
0,0,0,2005025,0,0,0,0,0,0,-67.9685,147.3554,1,0,0
0,0,0,2005026,0,0,0,0,0,0,-67.9685,147.3554,1,0,0
0,0,0,2005027,0,0,0,0,0,0,-67.9685,147.3554,1,0,0
0,0,0,2005028,0,0,0,0,0,0,-67.9685,147.3554,1,0,0
0,0,0,2005029,0,0,0,0,0,0,-67.9685,147.3554,1,0,0
0,0,0,2005030,-67.82,147.23,1,0,0,0,-67.9685,147.3554,1,15,11
0,0,0,2005031,0,0,0,0,0,0,-67.9685,147.3554,1,0,0
0,0,0,2005032,0,0,0,0,0,0,-67.9685,147.3554,1,0,0
0,0,0,2005033,0,0,0,0,0,0,-67.9685,147.3554,1,0,0
0,0,0,2005034,0,0,0,0,0,0,-67.9685,147.3554,1,0,0
0,0,0,2005035,0,0,0,0,0,0,-67.9685,147.3554,1,0,0
0,0,0,2005036,0,0,0,0,0,0,-67.9685,147.3554,1,0,0
0,0,0,2005037,0,0,0,0,0,0,-67.9685,147.3554,1,0,0
0,0,0,2005038,0,0,0,0,0,0,-67.9685,147.3554,1,0,0
0,0,0,2005039,0,0,0,0,0,0,-67.9685,147.3554,1,0,0
0,0,0,2005041,0,0,0,0,0,0,-67.9685,147.3554,1,0,0
0,0,0,2005042,0,0,0,0,0,0,-67.9685,147.3554,1,0,0
0,0,0,2005043,0,0,0,0,0,0,-67.9685,147.3554,1,0,0
0,0,0,2005044,0,0,0,0,0,0,-67.9685,147.3554,1,0,0
0,0,0,2005045,0,0,0,0,0,0,-67.9685,147.3554,1,0,0
0,0,0,2005046,0,0,0,0,0,0,-67.9685,147.3554,1,0,0
0,0,0,2005047,0,0,0,0,0,0,-67.9685,147.3554,1,0,0
0,0,0,2005048,0,0,0,0,0,0,-67.9685,147.3554,1,0,0
0,0,0,2005049,0,0,0,0,0,0,-67.9685,147.3554,1,0,0
0,0,0,2005050,0,0,0,0,0,0,-67.9685,147.3554,1,0,0
0,0,0,2005051,0,0,0,0,0,0,-67.9685,147.3554,1,0,0
0,0,0,2005052,0,0,0,0,0,0,-67.8764,147.1912,1,0,0
0,0,0,2005053,0,0,0,0,0,0,-67.8764,147.1912,1,0,0
0,0,0,2005054,0,0,0,0,0,0,-67.8764,147.1912,1,0,0
0,0,0,2005055,0,0,0,0,0,0,-67.8764,147.1912,1,0,0
0,0,0,2005056,0,0,0,0,0,0,-67.8764,147.1912,1,0,0
0,0,0,2005057,0,0,0,0,0,0,-67.8764,147.1912,1,0,0
0,0,0,2005058,0,0,0,0,0,0,-67.8764,147.1912,1,0,0
0,0,0,2005059,0,0,0,0,0,0,-67.8764,147.1912,1,0,0
0,0,0,2005060,0,0,0,0,0,0,-67.8764,147.1912,1,0,0
0,0,0,2005061,0,0,0,0,0,0,-67.8764,147.1912,1,0,0
0,0,0,2005062,0,0,0,0,0,0,-67.8764,147.1912,1,0,0
0,0,0,2005063,0,0,0,0,0,0,-67.8764,147.1912,1,0,0
0,0,0,2005064,0,0,0,0,0,0,-67.8764,147.1912,1,0,0
0,0,0,2005065,0,0,0,0,0,0,-67.8764,147.1912,1,0,0
0,0,0,2005066,0,0,0,0,0,0,-67.8764,147.1912,1,0,0
0,0,0,2005067,0,0,0,0,0,0,-67.8764,147.1912,1,0,0
0,0,0,2005068,0,0,0,0,0,0,-67.8764,147.1912,1,0,0
0,0,0,2005069,0,0,0,0,0,0,-67.8764,147.1912,1,0,0
0,0,0,2005070,0,0,0,0,0,0,-67.8764,147.1912,1,0,0
0,0,0,2005071,0,0,0,0,0,0,-67.8764,147.1912,1,0,0
0,0,0,2005072,-67.85,147.23,1,0,0,0,-67.8764,147.1912,1,15,11
0,0,0,2005073,0,0,0,0,0,0,-67.8764,147.1912,1,0,0
0,0,0,2005074,0,0,0,0,0,0,-67.8764,147.1912,1,0,0
0,0,0,2005075,0,0,0,0,0,0,-67.8764,147.1912,1,0,0
0,0,0,2005076,0,0,0,0,0,0,-67.8764,147.1912,1,0,0
0,0,0,2005077,0,0,0,0,0,0,-67.8764,147.1912,1,0,0
0,0,0,2005078,0,0,0,0,0,0,-67.8764,147.1912,1,0,0
0,0,0,2005079,0,0,0,0,0,0,-67.8764,147.1912,1,0,0
0,0,0,2005080,0,0,0,0,0,0,-67.8764,147.1912,1,0,0
0,0,0,2005081,0,0,0,0,0,0,-67.8764,147.1912,1,0,0
0,0,0,2005082,0,0,0,0,0,0,-67.8764,147.1912,1,0,0
0,0,0,2005083,0,0,0,0,0,0,-67.8764,147.1912,1,0,0
0,0,0,2005084,0,0,0,0,0,0,-67.8764,147.1912,1,0,0
0,0,0,2005085,0,0,0,0,0,0,-67.8764,147.1912,1,0,0
0,0,0,2005086,0,0,0,0,0,0,-67.8764,147.1912,1,0,0
0,0,0,2005087,0,0,0,0,0,0,-67.8764,147.1912,1,0,0
0,0,0,2005088,0,0,0,0,0,0,-67.8764,147.1912,1,0,0
0,0,0,2005089,0,0,0,0,0,0,-67.8764,147.1912,1,0,0
0,0,0,2005090,0,0,0,0,0,0,-67.8764,147.1912,1,0,0
0,0,0,2005091,0,0,0,0,0,0,-67.8764,147.1912,1,0,0
0,0,0,2005092,0,0,0,0,0,0,-67.8764,147.1912,1,0,0
0,0,0,2005093,0,0,0,0,0,0,-67.8764,147.1912,1,0,0
0,0,0,2005094,0,0,0,0,0,0,-67.8764,147.1912,1,0,0
0,0,0,2005095,0,0,0,0,0,0,-67.8764,147.1912,1,0,0
0,0,0,2005096,0,0,0,0,0,0,-67.8764,147.1912,1,0,0
0,0,0,2005097,0,0,0,0,0,0,-67.8764,147.1912,1,0,0
0,0,0,2005098,0,0,0,0,0,0,-67.8764,147.1912,1,0,0
0,0,0,2005099,0,0,0,0,0,0,-67.8764,147.1912,1,0,0
0,0,0,2005100,0,0,0,0,0,0,-67.8764,147.1912,1,0,0
0,0,0,2005101,0,0,0,0,0,0,-67.8764,147.1912,1,0,0
0,0,0,2005102,0,0,0,0,0,0,-67.8764,147.1912,1,0,0
0,0,0,2005103,0,0,0,0,0,0,-67.8764,147.1912,1,0,0
0,0,0,2005104,0,0,0,0,0,0,-67.8764,147.1912,1,0,0
0,0,0,2005105,0,0,0,0,0,0,-67.8764,147.1912,1,0,0
0,0,0,2005106,0,0,0,0,0,0,-67.8764,147.1912,1,0,0
0,0,0,2005107,0,0,0,0,0,0,-67.8764,147.1912,1,0,0
0,0,0,2005108,0,0,0,0,0,0,-67.8764,147.1912,1,0,0
0,0,0,2005109,0,0,0,0,0,0,-67.8764,147.1912,1,0,0
0,0,0,2005110,0,0,0,0,0,0,-67.8764,147.1912,1,0,0
0,0,0,2005111,0,0,0,0,0,0,-67.8764,147.1912,1,0,0
0,0,0,2005112,0,0,0,0,0,0,-67.8764,147.1912,1,0,0
0,0,0,2005113,0,0,0,0,0,0,-67.8764,147.1912,1,0,0
0,0,0,2005114,-67.83,147.2,1,0,0,0,-67.8764,147.1912,1,15,11
0,0,0,2005115,0,0,0,0,0,0,-67.8764,147.1912,1,0,0
0,0,0,2005116,0,0,0,0,0,0,-67.8764,147.1912,1,0,0
0,0,0,2005117,0,0,0,0,0,0,-67.8764,147.1912,1,0,0
0,0,0,2005118,0,0,0,0,0,0,-67.8764,147.1912,1,0,0
0,0,0,2005119,0,0,0,0,0,0,-67.8764,147.1912,1,0,0
0,0,0,2005120,0,0,0,0,0,0,-67.8764,147.1912,1,0,0
0,0,0,2005121,0,0,0,0,0,0,-67.8764,147.1912,1,0,0
0,0,0,2005122,0,0,0,0,0,0,-67.8764,147.1912,1,0,0
0,0,0,2005123,0,0,0,0,0,0,-67.8764,147.1912,1,0,0
0,0,0,2005124,0,0,0,0,0,0,-67.8764,147.1912,1,0,0
0,0,0,2005125,0,0,0,0,0,0,-67.8764,147.1912,1,0,0
0,0,0,2005126,0,0,0,0,0,0,-67.8764,147.1912,1,0,0
0,0,0,2005127,0,0,0,0,0,0,-67.8764,147.1912,1,0,0
0,0,0,2005128,0,0,0,0,0,0,-67.8764,147.1912,1,0,0
0,0,0,2005129,0,0,0,0,0,0,-67.8764,147.1912,1,0,0
0,0,0,2005130,0,0,0,0,0,0,-67.8764,147.1912,1,0,0
0,0,0,2005131,0,0,0,0,0,0,-67.8764,147.1912,1,0,0
0,0,0,2005132,0,0,0,0,0,0,-67.8764,147.1912,1,0,0
0,0,0,2005133,0,0,0,0,0,0,-67.8764,147.1912,1,0,0
0,0,0,2005134,0,0,0,0,0,0,-67.8764,147.1912,1,0,0
0,0,0,2005135,0,0,0,0,0,0,-67.8764,147.1912,1,0,0
0,0,0,2005136,0,0,0,0,0,0,-67.8764,147.1912,1,0,0
0,0,0,2005137,0,0,0,0,0,0,-67.8764,147.1912,1,0,0
0,0,0,2005138,0,0,0,0,0,0,-67.8764,147.1912,1,0,0
0,0,0,2005139,0,0,0,0,0,0,-67.8764,147.1912,1,0,0
0,0,0,2005140,0,0,0,0,0,0,-67.8764,147.1912,1,0,0
0,0,0,2005141,0,0,0,0,0,0,-67.8764,147.1912,1,0,0
0,0,0,2005142,-67.83,147.22,1,0,0,0,-67.8764,147.1912,1,15,11
0,0,0,2005143,-67.83,147.22,0,0,0,0,-67.8764,147.1912,1,0,0
0,0,0,2005144,-67.83,147.22,0,0,0,0,-67.8764,147.1912,1,0,0
0,0,0,2005145,-67.83,147.22,0,0,0,0,-67.8764,147.1912,1,0,0
0,0,0,2005146,-67.83,147.22,0,0,0,0,-67.8764,147.1912,1,0,0
0,0,0,2005147,-67.83,147.22,0,0,0,0,-67.8764,147.1912,1,0,0
0,0,0,2005148,-67.83,147.22,0,0,0,0,-67.8764,147.1912,1,0,0
0,0,0,2005149,-67.83,147.22,1,0,0,0,-67.8764,147.1912,1,15,11
0,0,0,2005150,-67.83,147.22,0,0,0,0,-67.8764,147.1912,1,0,0
0,0,0,2005151,-67.83,147.22,0,0,0,0,-67.8764,147.1912,1,0,0
0,0,0,2005152,-67.83,147.22,0,0,0,0,-67.8764,147.1912,1,0,0
0,0,0,2005153,-67.83,147.22,0,0,0,0,-67.8764,147.1912,1,0,0
0,0,0,2005154,-67.83,147.22,0,0,0,0,-67.8764,147.1912,1,0,0
0,0,0,2005155,-67.83,147.22,0,0,0,0,-67.8764,147.1912,1,0,0
0,0,0,2005156,-67.83,147.22,1,0,0,0,-67.8764,147.1912,1,15,11
0,0,0,2005157,-67.83,147.22,0,0,0,0,-67.8764,147.1912,1,0,0
0,0,0,2005158,-67.83,147.22,0,0,0,0,-67.8764,147.1912,1,0,0
0,0,0,2005159,-67.83,147.22,0,0,0,0,-67.8764,147.1912,1,0,0
0,0,0,2005160,-67.83,147.22,0,0,0,0,-67.8764,147.1912,1,0,0
0,0,0,2005161,-67.83,147.22,0,0,0,0,-67.8764,147.1912,1,0,0
0,0,0,2005162,-67.83,147.22,0,0,0,0,-67.8764,147.1912,1,0,0
0,0,0,2005163,-67.83,147.22,1,0,0,0,-67.8764,147.1912,1,15,11
0,0,0,2005164,-67.83,147.22,0,0,0,0,-67.8764,147.1912,1,0,0
0,0,0,2005165,-67.83,147.22,0,0,0,0,-67.8764,147.1912,1,0,0
0,0,0,2005166,-67.83,147.22,0,0,0,0,-67.8764,147.1912,1,0,0
0,0,0,2005167,-67.83,147.22,0,0,0,0,-67.8764,147.1912,1,0,0
0,0,0,2005168,-67.83,147.22,0,0,0,0,-67.8764,147.1912,1,0,0
0,0,0,2005169,-67.83,147.22,0,0,0,0,-67.8764,147.1912,1,0,0
0,0,0,2005170,-67.83,147.22,1,0,0,0,-67.8764,147.1912,1,15,11
0,0,0,2005171,-67.83,147.22,0,0,0,0,-67.8764,147.1912,1,0,0
0,0,0,2005172,-67.83,147.22,0,0,0,0,-67.8764,147.1912,1,0,0
0,0,0,2005173,-67.83,147.22,0,0,0,0,-67.8764,147.1912,1,0,0
0,0,0,2005174,-67.83,147.22,0,0,0,0,-67.8764,147.1912,1,0,0
0,0,0,2005175,-67.83,147.22,0,0,0,0,-67.8764,147.1912,1,0,0
0,0,0,2005176,-67.83,147.22,0,0,0,0,-67.8764,147.1912,1,0,0
0,0,0,2005177,-67.83,147.22,1,0,0,0,-67.8764,147.1912,1,15,11
0,0,0,2005178,0,0,0,0,0,0,-67.8764,147.1912,1,0,0
0,0,0,2005179,0,0,0,0,0,0,-67.8764,147.1912,1,0,0
0,0,0,2005180,0,0,0,0,0,0,-67.8764,147.1912,1,0,0
0,0,0,2005181,0,0,0,0,0,0,-67.8764,147.1912,1,0,0
0,0,0,2005182,0,0,0,0,0,0,-67.8764,147.1912,1,0,0
0,0,0,2005183,0,0,0,0,0,0,-67.8764,147.1912,1,0,0
0,0,0,2005184,0,0,0,0,0,0,-67.8764,147.1912,1,0,0
0,0,0,2005185,0,0,0,0,0,0,-67.8764,147.1912,1,0,0
0,0,0,2005186,0,0,0,0,0,0,-67.8764,147.1912,1,0,0
0,0,0,2005187,0,0,0,0,0,0,-67.8764,147.1912,1,0,0
0,0,0,2005188,0,0,0,0,0,0,-67.8764,147.1912,1,0,0
0,0,0,2005189,0,0,0,0,0,0,-67.8764,147.1912,1,0,0
0,0,0,2005190,0,0,0,0,0,0,-67.8764,147.1912,1,0,0
0,0,0,2005191,0,0,0,0,0,0,-67.8764,147.1912,1,0,0
0,0,0,2005192,0,0,0,0,0,0,-67.8764,147.1912,1,0,0
0,0,0,2005193,0,0,0,0,0,0,-67.8764,147.1912,1,0,0
0,0,0,2005194,0,0,0,0,0,0,-67.8764,147.1912,1,0,0
0,0,0,2005195,0,0,0,0,0,0,-67.8764,147.1912,1,0,0
0,0,0,2005196,0,0,0,0,0,0,-67.8764,147.1912,1,0,0
0,0,0,2005197,0,0,0,0,0,0,-67.8764,147.1912,1,0,0
0,0,0,2005198,-67.83,147.22,1,0,0,0,-67.8764,147.1912,1,15,11
0,0,0,2005199,0,0,0,0,0,0,-67.8764,147.1912,1,0,0
0,0,0,2005200,0,0,0,0,0,0,-67.8764,147.1912,1,0,0
0,0,0,2005201,0,0,0,0,0,0,-67.8764,147.1912,1,0,0
0,0,0,2005202,0,0,0,0,0,0,-67.8764,147.1912,1,0,0
0,0,0,2005203,0,0,0,0,0,0,-67.8764,147.1912,1,0,0
0,0,0,2005204,0,0,0,0,0,0,-67.8764,147.1912,1,0,0
0,0,0,2005205,0,0,0,0,0,0,-67.8764,147.1912,1,0,0
0,0,0,2005206,0,0,0,0,0,0,-67.8764,147.1912,1,0,0
0,0,0,2005207,0,0,0,0,0,0,-67.8764,147.1912,1,0,0
0,0,0,2005208,0,0,0,0,0,0,-67.8764,147.1912,1,0,0
0,0,0,2005209,0,0,0,0,0,0,-67.8764,147.1912,1,0,0
0,0,0,2005210,0,0,0,0,0,0,-67.8764,147.1912,1,0,0
0,0,0,2005211,0,0,0,0,0,0,-67.8764,147.1912,1,0,0
0,0,0,2005212,-67.83,147.22,1,0,0,0,-67.8764,147.1912,1,15,11
0,0,0,2005213,-67.83,147.22,0,0,0,0,-67.8764,147.1912,1,0,0
0,0,0,2005214,-67.83,147.22,0,0,0,0,-67.8764,147.1912,1,0,0
0,0,0,2005215,-67.83,147.22,0,0,0,0,-67.8764,147.1912,1,0,0
0,0,0,2005216,-67.83,147.22,0,0,0,0,-67.8764,147.1912,1,0,0
0,0,0,2005217,-67.83,147.22,0,0,0,0,-67.8764,147.1912,1,0,0
0,0,0,2005218,-67.83,147.22,0,0,0,0,-67.8764,147.1912,1,0,0
0,0,0,2005219,-67.83,147.22,1,0,0,0,-67.8764,147.1912,1,15,11
0,0,0,2005220,-67.83,147.22,0,0,0,0,-67.8764,147.1912,1,0,0
0,0,0,2005221,-67.83,147.22,0,0,0,0,-67.8764,147.1912,1,0,0
0,0,0,2005222,-67.83,147.22,0,0,0,0,-67.8764,147.1912,1,0,0
0,0,0,2005223,-67.83,147.22,0,0,0,0,-67.8764,147.1912,1,0,0
0,0,0,2005224,-67.83,147.22,0,0,0,0,-67.8764,147.1912,1,0,0
0,0,0,2005225,-67.83,147.22,0,0,0,0,-67.8764,147.1912,1,0,0
0,0,0,2005226,-67.83,147.22,1,0,0,0,-67.8764,147.1912,1,15,11
0,0,0,2005227,-67.8296,147.2172,0,0,0,0,-67.8764,147.1912,1,0,0
0,0,0,2005228,-67.8286,147.2101,0,0,0,0,-67.8764,147.1912,1,0,0
0,0,0,2005229,-67.8271,147.2003,0,0,0,0,-67.8764,147.1912,1,0,0
0,0,0,2005230,-67.8253,147.1897,0,0,0,0,-67.8764,147.1912,1,0,0
0,0,0,2005231,-67.8234,147.1799,0,0,0,0,-67.8764,147.1912,1,0,0
0,0,0,2005232,-67.8216,147.1728,0,0,0,0,-67.8764,147.1912,1,0,0
0,0,0,2005233,-67.82,147.17,1,0,0,0,-67.8764,147.1912,1,15,11
0,0,0,2005234,0,0,0,0,0,0,-67.8764,147.1912,1,0,0
0,0,0,2005235,0,0,0,0,0,0,-67.8764,147.1912,1,0,0
0,0,0,2005236,0,0,0,0,0,0,-67.8764,147.1912,1,0,0
0,0,0,2005237,0,0,0,0,0,0,-67.8764,147.1912,1,0,0
0,0,0,2005238,0,0,0,0,0,0,-67.8764,147.1912,1,0,0
0,0,0,2005239,0,0,0,0,0,0,-67.8764,147.1912,1,0,0
0,0,0,2005240,0,0,0,0,0,0,-67.8764,147.1912,1,0,0
0,0,0,2005241,0,0,0,0,0,0,-67.8764,147.1912,1,0,0
0,0,0,2005242,0,0,0,0,0,0,-67.8764,147.1912,1,0,0
0,0,0,2005243,0,0,0,0,0,0,-67.8764,147.1912,1,0,0
0,0,0,2005244,0,0,0,0,0,0,-67.8764,147.1912,1,0,0
0,0,0,2005245,0,0,0,0,0,0,-67.8764,147.1912,1,0,0
0,0,0,2005246,0,0,0,0,0,0,-67.8764,147.1912,1,0,0
0,0,0,2005247,-67.8,147.17,1,0,0,0,-67.8764,147.1912,1,15,11
0,0,0,2005248,0,0,0,0,0,0,-67.8764,147.1912,1,0,0
0,0,0,2005249,0,0,0,0,0,0,-67.8764,147.1912,1,0,0
0,0,0,2005250,0,0,0,0,0,0,-67.8764,147.1912,1,0,0
0,0,0,2005251,0,0,0,0,0,0,-67.8764,147.1912,1,0,0
0,0,0,2005252,0,0,0,0,0,0,-67.8764,147.1912,1,0,0
0,0,0,2005253,0,0,0,0,0,0,-67.8764,147.1912,1,0,0
0,0,0,2005254,0,0,0,0,0,0,-67.8764,147.1912,1,0,0
0,0,0,2005255,0,0,0,0,0,0,-67.8764,147.1912,1,0,0
0,0,0,2005256,0,0,0,0,0,0,-67.8764,147.1912,1,0,0
0,0,0,2005257,0,0,0,0,0,0,-67.8764,147.1912,1,0,0
0,0,0,2005258,0,0,0,0,0,0,-67.8764,147.1912,1,0,0
0,0,0,2005259,0,0,0,0,0,0,-67.8764,147.1912,1,0,0
0,0,0,2005260,0,0,0,0,0,0,-67.8764,147.1912,1,0,0
0,0,0,2005261,-67.8,147.17,1,0,0,0,-67.8764,147.1912,1,15,11
0,0,0,2005262,-67.8,147.17,0,0,0,0,-67.8764,147.1912,1,0,0
0,0,0,2005263,-67.8,147.17,0,0,0,0,-67.8764,147.1912,1,0,0
0,0,0,2005264,-67.8,147.17,0,0,0,0,-67.8764,147.1912,1,0,0
0,0,0,2005265,-67.8,147.17,0,0,0,0,-67.8764,147.1912,1,0,0
0,0,0,2005266,-67.8,147.17,0,0,0,0,-67.8764,147.1912,1,0,0
0,0,0,2005267,-67.8,147.17,0,0,0,0,-67.8764,147.1912,1,0,0
0,0,0,2005268,-67.8,147.17,1,0,0,0,-67.8764,147.1912,1,15,11
0,0,0,2005269,0,0,0,0,0,0,-67.8764,147.1912,1,0,0
0,0,0,2005270,0,0,0,0,0,0,-67.8764,147.1912,1,0,0
0,0,0,2005271,0,0,0,0,0,0,-67.8764,147.1912,1,0,0
0,0,0,2005272,0,0,0,0,0,0,-67.8764,147.1912,1,0,0
0,0,0,2005273,0,0,0,0,0,0,-67.8764,147.1912,1,0,0
0,0,0,2005274,0,0,0,0,0,0,-67.8764,147.1912,1,0,0
0,0,0,2005275,0,0,0,0,0,0,-67.8764,147.1912,1,0,0
0,0,0,2005276,0,0,0,0,0,0,-67.8764,147.1912,1,0,0
0,0,0,2005277,0,0,0,0,0,0,-67.8764,147.1912,1,0,0
0,0,0,2005278,0,0,0,0,0,0,-67.8764,147.1912,1,0,0
0,0,0,2005279,0,0,0,0,0,0,-67.8764,147.1912,1,0,0
0,0,0,2005280,0,0,0,0,0,0,-67.8764,147.1912,1,0,0
0,0,0,2005281,0,0,0,0,0,0,-67.8764,147.1912,1,0,0
0,0,0,2005282,-67.8,147.17,1,0,0,0,-67.8764,147.1912,1,15,11
0,0,0,2005283,-67.8,147.17,0,0,0,0,-67.8764,147.1912,1,0,0
0,0,0,2005284,-67.8,147.17,0,0,0,0,-67.8764,147.1912,1,0,0
0,0,0,2005285,-67.8,147.17,0,0,0,0,-67.8764,147.1912,1,0,0
0,0,0,2005286,-67.8,147.17,0,0,0,0,-67.8764,147.1912,1,0,0
0,0,0,2005287,-67.8,147.17,0,0,0,0,-67.8764,147.1912,1,0,0
0,0,0,2005288,-67.8,147.17,0,0,0,0,-67.8764,147.1912,1,0,0
0,0,0,2005289,-67.8,147.17,1,0,0,0,-67.8764,147.1912,1,15,11
0,0,0,2005290,-67.8,147.17,0,0,0,0,-67.8764,147.1912,1,0,0
0,0,0,2005291,-67.8,147.17,0,0,0,0,-67.8764,147.1912,1,0,0
0,0,0,2005292,-67.8,147.17,0,0,0,0,-67.8764,147.1912,1,0,0
0,0,0,2005293,-67.8,147.17,0,0,0,0,-67.8764,147.1912,1,0,0
0,0,0,2005294,-67.8,147.17,0,0,0,0,-67.8764,147.1912,1,0,0
0,0,0,2005295,-67.8,147.17,0,0,0,0,-67.8764,147.1912,1,0,0
0,0,0,2005296,-67.8,147.17,1,0,0,0,-67.8764,147.1912,1,15,11
0,0,0,2005297,0,0,0,0,0,0,-67.8764,147.1912,1,0,0
0,0,0,2005298,0,0,0,0,0,0,-67.8764,147.1912,1,0,0
0,0,0,2005299,0,0,0,0,0,0,-67.8764,147.1912,1,0,0
0,0,0,2005300,0,0,0,0,0,0,-67.8764,147.1912,1,0,0
0,0,0,2005301,0,0,0,0,0,0,-67.8764,147.1912,1,0,0
0,0,0,2005302,0,0,0,0,0,0,-67.8764,147.1912,1,0,0
0,0,0,2005303,0,0,0,0,0,0,-67.8764,147.1912,1,0,0
0,0,0,2005304,0,0,0,0,0,0,-67.8764,147.1912,1,0,0
0,0,0,2005305,0,0,0,0,0,0,-67.8764,147.1912,1,0,0
0,0,0,2005306,0,0,0,0,0,0,-67.8764,147.1912,1,0,0
0,0,0,2005307,0,0,0,0,0,0,-67.8764,147.1912,1,0,0
0,0,0,2005308,0,0,0,0,0,0,-67.8764,147.1912,1,0,0
0,0,0,2005309,0,0,0,0,0,0,-67.8764,147.1912,1,0,0
0,0,0,2005310,0,0,0,0,0,0,-67.8764,147.1912,1,0,0
0,0,0,2005311,0,0,0,0,0,0,-67.8764,147.1912,1,0,0
0,0,0,2005312,0,0,0,0,0,0,-67.8764,147.1912,1,0,0
0,0,0,2005313,0,0,0,0,0,0,-67.8764,147.1912,1,0,0
0,0,0,2005314,0,0,0,0,0,0,-67.8764,147.1912,1,0,0
0,0,0,2005315,0,0,0,0,0,0,-67.8764,147.1912,1,0,0
0,0,0,2005316,0,0,0,0,0,0,-67.8764,147.1912,1,0,0
0,0,0,2005317,-67.8,147.17,1,0,0,0,-67.8764,147.1912,1,15,11
0,0,0,2005318,0,0,0,0,0,0,-67.8764,147.1912,1,0,0
0,0,0,2005319,0,0,0,0,0,0,-67.8764,147.1912,1,0,0
0,0,0,2005320,0,0,0,0,0,0,-67.8764,147.1912,1,0,0
0,0,0,2005321,0,0,0,0,0,0,-67.8764,147.1912,1,0,0
0,0,0,2005322,0,0,0,0,0,0,-67.8764,147.1912,1,0,0
0,0,0,2005323,0,0,0,0,0,0,-67.8764,147.1912,1,0,0
0,0,0,2005324,0,0,0,0,0,0,-67.8764,147.1912,1,0,0
0,0,0,2005325,0,0,0,0,0,0,-67.8764,147.1912,1,0,0
0,0,0,2005326,0,0,0,0,0,0,-67.8764,147.1912,1,0,0
0,0,0,2005327,0,0,0,0,0,0,-67.8764,147.1912,1,0,0
0,0,0,2005328,0,0,0,0,0,0,-67.8764,147.1912,1,0,0
0,0,0,2005329,0,0,0,0,0,0,-67.8764,147.1912,1,0,0
0,0,0,2005330,0,0,0,0,0,0,-67.8764,147.1912,1,0,0
0,0,0,2005331,0,0,0,0,0,0,-67.8764,147.1912,1,0,0
0,0,0,2005332,0,0,0,0,0,0,-67.8764,147.1912,1,0,0
0,0,0,2005333,0,0,0,0,0,0,-67.8764,147.1912,1,0,0
0,0,0,2005334,0,0,0,0,0,0,-67.8764,147.1912,1,0,0
0,0,0,2005335,0,0,0,0,0,0,-67.8764,147.1912,1,0,0
0,0,0,2005336,0,0,0,0,0,0,-67.8764,147.1912,1,0,0
0,0,0,2005337,0,0,0,0,0,0,-67.8764,147.1912,1,0,0
0,0,0,2005338,-67.8,147.17,1,0,0,0,-67.8764,147.1912,1,15,11
0,0,0,2005339,-67.8,147.17,0,0,0,0,-67.8764,147.1912,1,0,0
0,0,0,2005340,-67.8,147.17,0,0,0,0,-67.8764,147.1912,1,0,0
0,0,0,2005341,-67.8,147.17,0,0,0,0,-67.8764,147.1912,1,0,0
0,0,0,2005342,-67.8,147.17,0,0,0,0,-67.8764,147.1912,1,0,0
0,0,0,2005343,-67.8,147.17,0,0,0,0,-67.8764,147.1912,1,0,0
0,0,0,2005344,-67.8,147.17,0,0,0,0,-67.8764,147.1912,1,0,0
0,0,0,2005345,-67.8,147.17,1,0,0,0,-67.8764,147.1912,1,15,11
0,0,0,2005346,-67.8,147.17,0,0,0,0,-67.8764,147.1912,1,0,0
0,0,0,2005347,-67.8,147.17,0,0,0,0,-67.8764,147.1912,1,0,0
0,0,0,2005348,-67.8,147.17,0,0,0,0,-67.8764,147.1912,1,0,0
0,0,0,2005349,-67.8,147.17,0,0,0,0,-67.8764,147.1912,1,0,0
0,0,0,2005350,-67.8,147.17,0,0,0,0,-67.8764,147.1912,1,0,0
0,0,0,2005351,-67.8,147.17,0,0,0,0,-67.8764,147.1912,1,0,0
0,0,0,2005352,-67.8,147.17,1,0,0,0,-67.8764,147.1912,1,15,11
0,0,0,2005353,0,0,0,0,0,0,-67.8764,147.1912,1,0,0
0,0,0,2005354,0,0,0,0,0,0,-67.8764,147.1912,1,0,0
0,0,0,2005355,0,0,0,0,0,0,-67.8764,147.1912,1,0,0
0,0,0,2005356,0,0,0,0,0,0,-67.8764,147.1912,1,0,0
0,0,0,2005357,0,0,0,0,0,0,-67.8764,147.1912,1,0,0
0,0,0,2005358,0,0,0,0,0,0,-67.8764,147.1912,1,0,0
0,0,0,2005359,0,0,0,0,0,0,-67.8764,147.1912,1,0,0
0,0,0,2005360,0,0,0,0,0,0,-67.8764,147.1912,1,0,0
0,0,0,2005361,0,0,0,0,0,0,-67.8764,147.1912,1,0,0
0,0,0,2005362,0,0,0,0,0,0,-67.8764,147.1912,1,0,0
0,0,0,2005363,0,0,0,0,0,0,-67.8764,147.1912,1,0,0
0,0,0,2005364,0,0,0,0,0,0,-67.8764,147.1912,1,0,0
0,0,0,2005365,0,0,0,0,0,0,-67.8764,147.1912,1,0,0
0,0,0,2006001,0,0,0,0,0,0,-67.8764,147.1912,1,0,0
0,0,0,2006002,0,0,0,0,0,0,-67.8764,147.1912,1,0,0
0,0,0,2006003,0,0,0,0,0,0,-67.8764,147.1912,1,0,0
0,0,0,2006004,0,0,0,0,0,0,-67.8764,147.1912,1,0,0
0,0,0,2006005,0,0,0,0,0,0,-67.8764,147.1912,1,0,0
0,0,0,2006006,0,0,0,0,0,0,-67.8764,147.1912,1,0,0
0,0,0,2006007,0,0,0,0,0,0,-67.8764,147.1912,1,0,0
0,0,0,2006008,0,0,0,0,0,0,-67.8764,147.1912,1,0,0
0,0,0,2006009,0,0,0,0,0,0,-67.8764,147.1912,1,0,0
0,0,0,2006010,0,0,0,0,0,0,-67.8764,147.1912,1,0,0
0,0,0,2006011,0,0,0,0,0,0,-67.8764,147.1912,1,0,0
0,0,0,2006012,0,0,0,0,0,0,-67.8764,147.1912,1,0,0
0,0,0,2006013,0,0,0,0,0,0,-67.8764,147.1912,1,0,0
0,0,0,2006014,0,0,0,0,0,0,-67.8764,147.1912,1,0,0
0,0,0,2006015,-67.8,147.17,1,0,0,0,-67.8764,147.1912,1,15,11
0,0,0,2006016,-67.8,147.17,0,0,0,0,-67.8764,147.1912,1,0,0
0,0,0,2006017,-67.8,147.17,0,0,0,0,-67.8764,147.1912,1,0,0
0,0,0,2006018,-67.8,147.17,0,0,0,0,-67.8764,147.1912,1,0,0
0,0,0,2006019,-67.8,147.17,0,0,0,0,-67.8764,147.1912,1,0,0
0,0,0,2006020,-67.8,147.17,0,0,0,0,-67.8764,147.1912,1,0,0
0,0,0,2006021,-67.8,147.17,0,0,0,0,-67.8764,147.1912,1,0,0
0,0,0,2006022,-67.8,147.17,1,0,0,0,-67.8764,147.1912,1,15,11
0,0,0,2006023,-67.8,147.17,0,0,0,0,-67.8764,147.1912,1,0,0
0,0,0,2006024,-67.8,147.17,0,0,0,0,-67.8764,147.1912,1,0,0
0,0,0,2006025,-67.8,147.17,0,0,0,0,-67.8764,147.1912,1,0,0
0,0,0,2006026,-67.8,147.17,0,0,0,0,-67.8764,147.1912,1,0,0
0,0,0,2006027,-67.8,147.17,0,0,0,0,-67.8764,147.1912,1,0,0
0,0,0,2006028,-67.8,147.17,0,0,0,0,-67.8764,147.1912,1,0,0
0,0,0,2006029,-67.8,147.17,1,0,0,0,-67.8764,147.1912,1,15,11
0,0,0,2006030,-67.8,147.17,0,0,0,0,-67.8764,147.1912,1,0,0
0,0,0,2006031,-67.8,147.17,0,0,0,0,-67.8764,147.1912,1,0,0
0,0,0,2006032,-67.8,147.17,0,0,0,0,-67.8764,147.1912,1,0,0
0,0,0,2006033,-67.8,147.17,0,0,0,0,-67.8764,147.1912,1,0,0
0,0,0,2006034,-67.8,147.17,0,0,0,0,-67.8764,147.1912,1,0,0
0,0,0,2006035,-67.8,147.17,0,0,0,0,-67.8764,147.1912,1,0,0
0,0,0,2006036,-67.8,147.17,1,0,0,0,-67.8764,147.1912,1,15,11
0,0,0,2006037,-67.8,147.17,0,0,0,0,-67.8764,147.1912,1,0,0
0,0,0,2006038,-67.8,147.17,0,0,0,0,-67.8764,147.1912,1,0,0
0,0,0,2006039,-67.8,147.17,0,0,0,0,-67.8764,147.1912,1,0,0
0,0,0,2006040,-67.8,147.17,0,0,0,0,-67.8764,147.1912,1,0,0
0,0,0,2006041,-67.8,147.17,0,0,0,0,-67.8764,147.1912,1,0,0
0,0,0,2006042,-67.8,147.17,0,0,0,0,-67.8764,147.1912,1,0,0
0,0,0,2006043,-67.8,147.17,1,0,0,0,-67.8764,147.1912,1,15,11
0,0,0,2006044,-67.8,147.17,0,0,0,0,-67.8764,147.1912,1,0,0
0,0,0,2006045,-67.8,147.17,0,0,0,0,-67.8764,147.1912,1,0,0
0,0,0,2006046,-67.8,147.17,0,0,0,0,-67.8764,147.1912,1,0,0
0,0,0,2006047,-67.8,147.17,0,0,0,0,-67.8764,147.1912,1,0,0
0,0,0,2006048,-67.8,147.17,0,0,0,0,-67.8764,147.1912,1,0,0
0,0,0,2006049,-67.8,147.17,0,0,0,0,-67.8764,147.1912,1,0,0
0,0,0,2006050,-67.8,147.17,1,0,0,0,-67.8764,147.1912,1,15,11
0,0,0,2006051,-67.7989,147.1717,0,0,0,0,-67.8764,147.1912,1,0,0
0,0,0,2006052,-67.796,147.1759,0,0,0,0,-67.8764,147.1912,1,0,0
0,0,0,2006053,-67.7921,147.1818,0,0,0,0,-67.8764,147.1912,1,0,0
0,0,0,2006054,-67.7879,147.1882,0,0,0,0,-67.8764,147.1912,1,0,0
0,0,0,2006055,-67.784,147.1941,0,0,0,0,-67.8764,147.1912,1,0,0
0,0,0,2006056,-67.7811,147.1983,0,0,0,0,-67.8764,147.1912,1,0,0
0,0,0,2006057,-67.78,147.2,1,0,0,0,-67.8764,147.1912,1,15,11
0,0,0,2006058,-67.78,147.2,0,0,0,0,-67.8764,147.1912,1,0,0
0,0,0,2006059,-67.78,147.2,0,0,0,0,-67.8764,147.1912,1,0,0
0,0,0,2006060,-67.78,147.2,0,0,0,0,-67.8764,147.1912,1,0,0
0,0,0,2006061,-67.78,147.2,0,0,0,0,-67.8764,147.1912,1,0,0
0,0,0,2006062,-67.78,147.2,0,0,0,0,-67.8764,147.1912,1,0,0
0,0,0,2006063,-67.78,147.2,0,0,0,0,-67.8764,147.1912,1,0,0
0,0,0,2006064,-67.78,147.2,1,0,0,0,-67.8764,147.1912,1,15,11
0,0,0,2006065,-67.78,147.2,0,0,0,0,-67.8764,147.1912,1,0,0
0,0,0,2006066,-67.78,147.2,0,0,0,0,-67.8764,147.1912,1,0,0
0,0,0,2006067,-67.78,147.2,0,0,0,0,-67.8764,147.1912,1,0,0
0,0,0,2006068,-67.78,147.2,0,0,0,0,-67.8764,147.1912,1,0,0
0,0,0,2006069,-67.78,147.2,0,0,0,0,-67.8764,147.1912,1,0,0
0,0,0,2006070,-67.78,147.2,0,0,0,0,-67.8764,147.1912,1,0,0
0,0,0,2006071,-67.78,147.2,1,0,0,0,-67.8764,147.1912,1,15,11
0,0,0,2006072,-67.78,147.2,0,0,0,0,-67.8764,147.1912,1,0,0
0,0,0,2006073,-67.78,147.2,0,0,0,0,-67.8764,147.1912,1,0,0
0,0,0,2006074,-67.78,147.2,0,0,0,0,-67.8764,147.1912,1,0,0
0,0,0,2006075,-67.78,147.2,0,0,0,0,-67.8764,147.1912,1,0,0
0,0,0,2006076,-67.78,147.2,0,0,0,0,-67.8764,147.1912,1,0,0
0,0,0,2006077,-67.78,147.2,0,0,0,0,-67.8764,147.1912,1,0,0
0,0,0,2006078,-67.78,147.2,1,0,0,0,-67.8764,147.1912,1,15,11
0,0,0,2006079,-67.78,147.2,0,0,0,0,-67.8764,147.1912,1,0,0
0,0,0,2006080,-67.78,147.2,0,0,0,0,-67.8764,147.1912,1,0,0
0,0,0,2006081,-67.78,147.2,0,0,0,0,-67.8764,147.1912,1,0,0
0,0,0,2006082,-67.78,147.2,0,0,0,0,-67.8764,147.1912,1,0,0
0,0,0,2006083,-67.78,147.2,0,0,0,0,-67.8764,147.1912,1,0,0
0,0,0,2006084,-67.78,147.2,0,0,0,0,-67.8764,147.1912,1,0,0
0,0,0,2006085,-67.78,147.2,1,0,0,0,-67.8764,147.1912,1,15,11
0,0,0,2006086,-67.78,147.2,0,0,0,0,-67.8764,147.1912,1,0,0
0,0,0,2006087,-67.78,147.2,0,0,0,0,-67.8764,147.1912,1,0,0
0,0,0,2006088,-67.78,147.2,0,0,0,0,-67.8764,147.1912,1,0,0
0,0,0,2006089,-67.78,147.2,0,0,0,0,-67.8764,147.1912,1,0,0
0,0,0,2006090,-67.78,147.2,0,0,0,0,-67.8764,147.1912,1,0,0
0,0,0,2006091,-67.78,147.2,0,0,0,0,-67.8764,147.1912,1,0,0
0,0,0,2006092,-67.78,147.2,1,0,0,0,-67.8764,147.1912,1,15,11
0,0,0,2006093,0,0,0,0,0,0,-67.8764,147.1912,1,0,0
0,0,0,2006094,0,0,0,0,0,0,-67.8764,147.1912,1,0,0
0,0,0,2006095,0,0,0,0,0,0,-67.8764,147.1912,1,0,0
0,0,0,2006096,0,0,0,0,0,0,-67.8764,147.1912,1,0,0
0,0,0,2006097,0,0,0,0,0,0,-67.8764,147.1912,1,0,0
0,0,0,2006098,0,0,0,0,0,0,-67.8764,147.1912,1,0,0
0,0,0,2006099,0,0,0,0,0,0,-67.8764,147.1912,1,0,0
0,0,0,2006100,0,0,0,0,0,0,-67.8764,147.1912,1,0,0
0,0,0,2006101,0,0,0,0,0,0,-67.8764,147.1912,1,0,0
0,0,0,2006102,0,0,0,0,0,0,-67.8764,147.1912,1,0,0
0,0,0,2006103,0,0,0,0,0,0,-67.8764,147.1912,0,0,0
0,0,0,2006104,0,0,0,0,0,0,-67.8764,147.1912,1,0,0
0,0,0,2006105,0,0,0,0,0,0,-67.8764,147.1912,1,0,0
0,0,0,2006106,-67.78,147.2,1,0,0,0,-67.8764,147.1912,1,15,11
0,0,0,2006107,-67.78,147.2,0,0,0,0,-67.8764,147.1912,1,0,0
0,0,0,2006108,-67.78,147.2,0,0,0,0,-67.8764,147.1912,1,0,0
0,0,0,2006109,-67.78,147.2,0,0,0,0,-67.8764,147.1912,1,0,0
0,0,0,2006110,-67.78,147.2,0,0,0,0,-67.8764,147.1912,1,0,0
0,0,0,2006111,-67.78,147.2,0,0,0,0,-67.8764,147.1912,1,0,0
0,0,0,2006112,-67.78,147.2,0,0,0,0,-67.8764,147.1912,1,0,0
0,0,0,2006113,-67.78,147.2,1,0,0,0,-67.8764,147.1912,1,15,11
0,0,0,2006114,-67.78,147.2,0,0,0,0,-67.8764,147.1912,1,0,0
0,0,0,2006115,-67.78,147.2,0,0,0,0,-67.8764,147.1912,1,0,0
0,0,0,2006116,-67.78,147.2,0,0,0,0,-67.8764,147.1912,1,0,0
0,0,0,2006117,-67.78,147.2,0,0,0,0,-67.8764,147.1912,1,0,0
0,0,0,2006118,-67.78,147.2,0,0,0,0,-67.8764,147.1912,1,0,0
0,0,0,2006119,-67.78,147.2,0,0,0,0,-67.8764,147.1912,1,0,0
0,0,0,2006120,-67.78,147.2,1,0,0,0,-67.8764,147.1912,1,15,11
0,0,0,2006121,-67.78,147.2,0,0,0,0,-67.8764,147.1912,1,0,0
0,0,0,2006122,-67.78,147.2,0,0,0,0,-67.8764,147.1912,1,0,0
0,0,0,2006123,-67.78,147.2,0,0,0,0,-67.8764,147.1912,1,0,0
0,0,0,2006124,-67.78,147.2,0,0,0,0,-67.8764,147.1912,1,0,0
0,0,0,2006125,-67.78,147.2,0,0,0,0,-67.8764,147.1912,1,0,0
0,0,0,2006126,-67.78,147.2,0,0,0,0,-67.8764,147.1912,1,0,0
0,0,0,2006127,-67.78,147.2,1,0,0,0,-67.8764,147.1912,1,15,11
0,0,0,2006128,-67.78,147.2,0,0,0,0,-67.5603,147.2468,1,0,0
0,0,0,2006129,-67.78,147.2,0,0,0,0,-67.5603,147.2468,1,0,0
0,0,0,2006130,-67.78,147.2,0,0,0,0,-67.5603,147.2468,0,0,0
0,0,0,2006131,-67.78,147.2,0,0,0,0,-67.5603,147.2468,1,0,0
0,0,0,2006132,-67.78,147.2,0,0,0,0,-67.5603,147.2468,1,0,0
0,0,0,2006133,-67.78,147.2,0,0,0,0,-67.5603,147.2468,1,0,0
0,0,0,2006134,-67.78,147.2,1,0,0,0,-67.5603,147.2468,1,15,11
0,0,0,2006135,-67.78,147.2,0,0,0,0,-67.5603,147.2468,1,0,0
0,0,0,2006136,-67.78,147.2,0,0,0,0,-67.5603,147.2468,1,0,0
0,0,0,2006137,-67.78,147.2,0,0,0,0,-67.5603,147.2468,1,0,0
0,0,0,2006138,-67.78,147.2,0,0,0,0,-67.5603,147.2468,0,0,0
0,0,0,2006139,-67.78,147.2,0,0,0,0,-67.5603,147.2468,1,0,0
0,0,0,2006140,-67.78,147.2,0,0,0,0,-67.5603,147.2468,1,0,0
0,0,0,2006141,-67.78,147.2,1,0,0,0,-67.5603,147.2468,1,15,11
0,0,0,2006142,-67.78,147.2,0,0,0,0,-67.5603,147.2468,1,0,0
0,0,0,2006143,-67.78,147.2,0,0,0,0,-67.5603,147.2468,1,0,0
0,0,0,2006144,-67.78,147.2,0,0,0,0,-67.5603,147.2468,1,0,0
0,0,0,2006145,-67.78,147.2,0,0,0,0,-67.5603,147.2468,1,0,0
0,0,0,2006146,-67.78,147.2,0,0,0,0,-67.5603,147.2468,1,0,0
0,0,0,2006147,-67.78,147.2,0,0,0,0,-67.5603,147.2468,1,0,0
0,0,0,2006148,-67.78,147.2,1,0,0,0,-67.5603,147.2468,1,15,11
0,0,0,2006149,-67.78,147.2,0,0,0,0,-67.5603,147.2468,1,0,0
0,0,0,2006150,-67.78,147.2,0,0,0,0,-67.5603,147.2468,1,0,0
0,0,0,2006151,-67.78,147.2,0,0,0,0,-67.5603,147.2468,1,0,0
0,0,0,2006152,-67.78,147.2,0,0,0,0,-67.5603,147.2468,1,0,0
0,0,0,2006153,-67.78,147.2,0,0,0,0,-67.5603,147.2468,1,0,0
0,0,0,2006154,-67.78,147.2,0,0,0,0,-67.5603,147.2468,1,0,0
0,0,0,2006155,-67.78,147.2,1,0,0,0,-67.5603,147.2468,1,15,11
0,0,0,2006156,-67.78,147.2,0,0,0,0,-67.5603,147.2468,1,0,0
0,0,0,2006157,-67.78,147.2,0,0,0,0,-67.5603,147.2468,1,0,0
0,0,0,2006158,-67.78,147.2,0,0,0,0,-67.5603,147.2468,1,0,0
0,0,0,2006159,-67.78,147.2,0,0,0,0,-67.5603,147.2468,1,0,0
0,0,0,2006160,-67.78,147.2,0,0,0,0,-67.5603,147.2468,1,0,0
0,0,0,2006161,-67.78,147.2,0,0,0,0,-67.5603,147.2468,1,0,0
0,0,0,2006162,-67.78,147.2,1,0,0,0,-67.5603,147.2468,1,15,11
0,0,0,2006163,-67.78,147.2,0,0,0,0,-67.5603,147.2468,1,0,0
0,0,0,2006164,-67.78,147.2,0,0,0,0,-67.5603,147.2468,1,0,0
0,0,0,2006165,-67.78,147.2,0,0,0,0,-67.5603,147.2468,1,0,0
0,0,0,2006166,-67.78,147.2,0,0,0,0,-67.5603,147.2468,1,0,0
0,0,0,2006167,-67.78,147.2,0,0,0,0,-67.5603,147.2468,1,0,0
0,0,0,2006168,-67.78,147.2,0,0,0,0,-67.5603,147.2468,1,0,0
0,0,0,2006169,-67.78,147.2,1,0,0,0,-67.5603,147.2468,1,15,11
0,0,0,2006170,-67.78,147.2,0,0,0,0,-67.5603,147.2468,1,0,0
0,0,0,2006171,-67.78,147.2,0,0,0,0,-67.5603,147.2468,1,0,0
0,0,0,2006172,-67.78,147.2,0,0,0,0,-67.5603,147.2468,1,0,0
0,0,0,2006173,-67.78,147.2,0,0,0,0,-67.5603,147.2468,1,0,0
0,0,0,2006174,-67.78,147.2,0,0,0,0,-67.5603,147.2468,1,0,0
0,0,0,2006175,-67.78,147.2,0,0,0,0,-67.5603,147.2468,1,0,0
0,0,0,2006176,-67.78,147.2,1,0,0,0,-67.5603,147.2468,1,15,11
0,0,0,2006177,-67.78,147.2,0,0,0,0,-67.5603,147.2468,0,0,0
0,0,0,2006178,-67.78,147.2,0,0,0,0,-67.5603,147.2468,1,0,0
0,0,0,2006179,-67.78,147.2,0,0,0,0,-67.5603,147.2468,1,0,0
0,0,0,2006180,-67.78,147.2,0,0,0,0,-67.5603,147.2468,1,0,0
0,0,0,2006181,-67.78,147.2,0,0,0,0,-67.5603,147.2468,1,0,0
0,0,0,2006182,-67.78,147.2,0,0,0,0,-67.5603,147.2468,1,0,0
0,0,0,2006183,-67.78,147.2,1,0,0,0,-67.5603,147.2468,1,15,11
0,0,0,2006184,-67.78,147.2,0,0,0,0,-67.5603,147.2468,1,0,0
0,0,0,2006185,-67.78,147.2,0,0,0,0,-67.5603,147.2468,1,0,0
0,0,0,2006186,-67.78,147.2,0,0,0,0,-67.5603,147.2468,1,0,0
0,0,0,2006187,-67.78,147.2,0,0,0,0,-67.5603,147.2468,1,0,0
0,0,0,2006188,-67.78,147.2,0,0,0,0,-67.5603,147.2468,1,0,0
0,0,0,2006189,-67.78,147.2,0,0,0,0,-67.5603,147.2468,1,0,0
0,0,0,2006190,-67.78,147.2,1,0,0,0,-67.5603,147.2468,1,15,11
0,0,0,2006191,0,0,0,0,0,0,-67.5603,147.2468,1,0,0
0,0,0,2006192,0,0,0,0,0,0,-67.5603,147.2468,1,0,0
0,0,0,2006193,0,0,0,0,0,0,-67.5603,147.2468,1,0,0
0,0,0,2006194,0,0,0,0,0,0,-67.5603,147.2468,1,0,0
0,0,0,2006195,0,0,0,0,0,0,-67.5603,147.2468,1,0,0
0,0,0,2006196,0,0,0,0,0,0,-67.5603,147.2468,1,0,0
0,0,0,2006197,0,0,0,0,0,0,-67.5603,147.2468,0,0,0
0,0,0,2006198,0,0,0,0,0,0,-67.5603,147.2468,1,0,0
0,0,0,2006199,0,0,0,0,0,0,-67.5603,147.2468,1,0,0
0,0,0,2006200,0,0,0,0,0,0,-67.5603,147.2468,1,0,0
0,0,0,2006201,0,0,0,0,0,0,-67.5603,147.2468,1,0,0
0,0,0,2006202,0,0,0,0,0,0,-67.5603,147.2468,1,0,0
0,0,0,2006203,0,0,0,0,0,0,-67.5603,147.2468,1,0,0
0,0,0,2006204,-67.78,147.2,1,0,0,0,-67.5603,147.2468,0,15,11
0,0,0,2006205,-67.78,147.2,0,0,0,0,-67.5603,147.2468,0,0,0
0,0,0,2006206,-67.78,147.2,0,0,0,0,-67.5603,147.2468,0,0,0
0,0,0,2006207,-67.78,147.2,0,0,0,0,-67.5603,147.2468,0,0,0
0,0,0,2006208,-67.78,147.2,0,0,0,0,-67.5603,147.2468,0,0,0
0,0,0,2006209,-67.78,147.2,0,0,0,0,-67.5603,147.2468,0,0,0
0,0,0,2006210,-67.78,147.2,0,0,0,0,-67.5603,147.2468,0,0,0
0,0,0,2006211,-67.78,147.2,1,0,0,0,-67.5603,147.2468,1,15,11
0,0,0,2006212,-67.78,147.2,0,0,0,0,-67.5603,147.2468,1,0,0
0,0,0,2006213,-67.78,147.2,0,0,0,0,-67.5603,147.2468,1,0,0
0,0,0,2006214,-67.78,147.2,0,0,0,0,-67.5603,147.2468,1,0,0
0,0,0,2006215,-67.78,147.2,0,0,0,0,-67.5603,147.2468,1,0,0
0,0,0,2006216,-67.78,147.2,0,0,0,0,-67.5603,147.2468,1,0,0
0,0,0,2006217,-67.78,147.2,0,0,0,0,-67.5603,147.2468,1,0,0
0,0,0,2006218,-67.78,147.2,1,0,0,0,-67.5603,147.2468,1,15,11
0,0,0,2006219,0,0,0,0,0,0,-67.5603,147.2468,1,0,0
0,0,0,2006220,0,0,0,0,0,0,-67.5603,147.2468,1,0,0
0,0,0,2006221,0,0,0,0,0,0,-67.5603,147.2468,1,0,0
0,0,0,2006222,0,0,0,0,0,0,-67.5603,147.2468,1,0,0
0,0,0,2006223,0,0,0,0,0,0,-67.5603,147.2468,1,0,0
0,0,0,2006224,0,0,0,0,0,0,-67.5603,147.2468,1,0,0
0,0,0,2006225,0,0,0,0,0,0,-67.5603,147.2468,1,0,0
0,0,0,2006226,0,0,0,0,0,0,-67.5603,147.2468,1,0,0
0,0,0,2006227,0,0,0,0,0,0,-67.5603,147.2468,1,0,0
0,0,0,2006228,0,0,0,0,0,0,-67.5603,147.2468,1,0,0
0,0,0,2006229,0,0,0,0,0,0,-67.5603,147.2468,1,0,0
0,0,0,2006230,0,0,0,0,0,0,-67.5603,147.2468,1,0,0
0,0,0,2006231,0,0,0,0,0,0,-67.5603,147.2468,1,0,0
0,0,0,2006232,-67.78,147.2,1,0,0,0,-67.5603,147.2468,1,15,11
0,0,0,2006233,-67.78,147.2,0,0,0,0,-67.5603,147.2468,1,0,0
0,0,0,2006234,-67.78,147.2,0,0,0,0,-67.5603,147.2468,1,0,0
0,0,0,2006235,-67.78,147.2,0,0,0,0,-67.5603,147.2468,1,0,0
0,0,0,2006236,-67.78,147.2,0,0,0,0,-67.5603,147.2468,1,0,0
0,0,0,2006237,-67.78,147.2,0,0,0,0,-67.5603,147.2468,1,0,0
0,0,0,2006238,-67.78,147.2,0,0,0,0,-67.5603,147.2468,1,0,0
0,0,0,2006239,-67.78,147.2,1,0,0,0,-67.5603,147.2468,1,15,11
0,0,0,2006240,-67.78,147.2,0,0,0,0,-67.5603,147.2468,1,0,0
0,0,0,2006241,-67.78,147.2,0,0,0,0,-67.5603,147.2468,1,0,0
0,0,0,2006242,-67.78,147.2,0,0,0,0,-67.5603,147.2468,1,0,0
0,0,0,2006243,-67.78,147.2,0,0,0,0,-67.5603,147.2468,1,0,0
0,0,0,2006244,-67.78,147.2,0,0,0,0,-67.5603,147.2468,1,0,0
0,0,0,2006245,-67.78,147.2,0,0,0,0,-67.5603,147.2468,1,0,0
0,0,0,2006246,-67.78,147.2,1,0,0,0,-67.5603,147.2468,1,15,11
0,0,0,2006247,-67.78,147.2,0,0,0,0,-67.5603,147.2468,1,0,0
0,0,0,2006248,-67.78,147.2,0,0,0,0,-67.5603,147.2468,1,0,0
0,0,0,2006249,-67.78,147.2,0,0,0,0,-67.5603,147.2468,1,0,0
0,0,0,2006250,-67.78,147.2,0,0,0,0,-67.5603,147.2468,1,0,0
0,0,0,2006251,-67.78,147.2,0,0,0,0,-67.5603,147.2468,1,0,0
0,0,0,2006252,-67.78,147.2,0,0,0,0,-67.5603,147.2468,1,0,0
0,0,0,2006253,-67.78,147.2,1,0,0,0,-67.5603,147.2468,1,15,11
0,0,0,2006254,-67.78,147.2,0,0,0,0,-67.5603,147.2468,1,0,0
0,0,0,2006255,-67.78,147.2,0,0,0,0,-67.5603,147.2468,1,0,0
0,0,0,2006256,-67.78,147.2,0,0,0,0,-67.5603,147.2468,1,0,0
0,0,0,2006257,-67.78,147.2,0,0,0,0,-67.5603,147.2468,1,0,0
0,0,0,2006258,-67.78,147.2,0,0,0,0,-67.5603,147.2468,1,0,0
0,0,0,2006259,-67.78,147.2,0,0,0,0,-67.5603,147.2468,1,0,0
0,0,0,2006260,-67.78,147.2,1,0,0,0,-67.5603,147.2468,1,15,11
0,0,0,2006261,-67.78,147.2,0,0,0,0,-67.5603,147.2468,1,0,0
0,0,0,2006262,-67.78,147.2,0,0,0,0,-67.5603,147.2468,1,0,0
0,0,0,2006263,-67.78,147.2,0,0,0,0,-67.5603,147.2468,1,0,0
0,0,0,2006264,-67.78,147.2,0,0,0,0,-67.5603,147.2468,1,0,0
0,0,0,2006265,-67.78,147.2,0,0,0,0,-67.5603,147.2468,1,0,0
0,0,0,2006266,-67.78,147.2,0,0,0,0,-67.5603,147.2468,1,0,0
0,0,0,2006267,-67.78,147.2,1,0,0,0,-67.5603,147.2468,1,15,11
0,0,0,2006268,-67.78,147.2,0,0,0,0,-67.5603,147.2468,1,0,0
0,0,0,2006269,-67.78,147.2,0,0,0,0,-67.5603,147.2468,1,0,0
0,0,0,2006270,-67.78,147.2,0,0,0,0,-67.5603,147.2468,1,0,0
0,0,0,2006271,-67.78,147.2,0,0,0,0,-67.5603,147.2468,1,0,0
0,0,0,2006272,-67.78,147.2,0,0,0,0,-67.5603,147.2468,1,0,0
0,0,0,2006273,-67.78,147.2,0,0,0,0,-67.5603,147.2468,1,0,0
0,0,0,2006274,-67.78,147.2,1,0,0,0,-67.5603,147.2468,1,15,11
0,0,0,2006275,-67.78,147.2,0,0,0,0,-67.5603,147.2468,1,0,0
0,0,0,2006276,-67.78,147.2,0,0,0,0,-67.5603,147.2468,1,0,0
0,0,0,2006277,-67.78,147.2,0,0,0,0,-67.5603,147.2468,1,0,0
0,0,0,2006278,-67.78,147.2,0,0,0,0,-67.5603,147.2468,1,0,0
0,0,0,2006279,-67.78,147.2,0,0,0,0,-67.5603,147.2468,1,0,0
0,0,0,2006280,-67.78,147.2,0,0,0,0,-67.5603,147.2468,1,0,0
0,0,0,2006281,-67.78,147.2,1,0,0,0,-67.5603,147.2468,1,15,11
0,0,0,2006282,-67.78,147.2,0,0,0,0,-67.5603,147.2468,1,0,0
0,0,0,2006283,-67.78,147.2,0,0,0,0,-67.5603,147.2468,1,0,0
0,0,0,2006284,-67.78,147.2,0,0,0,0,-67.5603,147.2468,1,0,0
0,0,0,2006285,-67.78,147.2,0,0,0,0,-67.5603,147.2468,1,0,0
0,0,0,2006286,-67.78,147.2,0,0,0,0,-67.5603,147.2468,1,0,0
0,0,0,2006287,-67.78,147.2,0,0,0,0,-67.5603,147.2468,1,0,0
0,0,0,2006288,-67.78,147.2,1,0,0,0,-67.5603,147.2468,1,15,11
0,0,0,2006289,-67.78,147.2,0,0,0,0,-67.5603,147.2468,1,0,0
0,0,0,2006290,-67.78,147.2,0,0,0,0,-67.5603,147.2468,1,0,0
0,0,0,2006291,-67.78,147.2,0,0,0,0,-67.5603,147.2468,1,0,0
0,0,0,2006292,-67.78,147.2,0,0,0,0,-67.5603,147.2468,1,0,0
0,0,0,2006293,-67.78,147.2,0,0,0,0,-67.5603,147.2468,1,0,0
0,0,0,2006294,-67.78,147.2,0,0,0,0,-67.5603,147.2468,1,0,0
0,0,0,2006295,-67.78,147.2,1,0,0,0,-67.5603,147.2468,1,15,11
0,0,0,2006296,-67.78,147.2,0,0,0,0,-67.5603,147.2468,1,0,0
0,0,0,2006297,-67.78,147.2,0,0,0,0,-67.5603,147.2468,1,0,0
0,0,0,2006298,-67.78,147.2,0,0,0,0,-67.5603,147.2468,1,0,0
0,0,0,2006299,-67.78,147.2,0,0,0,0,-67.5603,147.2468,1,0,0
0,0,0,2006300,-67.78,147.2,0,0,0,0,-67.5603,147.2468,1,0,0
0,0,0,2006301,-67.78,147.2,0,0,0,0,-67.5603,147.2468,1,0,0
0,0,0,2006302,-67.78,147.2,1,0,0,0,-67.5603,147.2468,1,15,11
0,0,0,2006303,-67.78,147.2,0,0,0,0,-67.5603,147.2468,1,0,0
0,0,0,2006304,-67.78,147.2,0,0,0,0,-67.5603,147.2468,1,0,0
0,0,0,2006305,-67.78,147.2,0,0,0,0,-67.5603,147.2468,1,0,0
0,0,0,2006306,-67.78,147.2,0,0,0,0,-67.5603,147.2468,1,0,0
0,0,0,2006307,-67.78,147.2,0,0,0,0,-67.5603,147.2468,1,0,0
0,0,0,2006308,-67.78,147.2,0,0,0,0,-67.5603,147.2468,1,0,0
0,0,0,2006309,-67.78,147.2,1,0,0,0,-67.5603,147.2468,1,15,11
0,0,0,2006310,-67.78,147.2,0,0,0,0,-67.5603,147.2468,1,0,0
0,0,0,2006311,-67.78,147.2,0,0,0,0,-67.5603,147.2468,1,0,0
0,0,0,2006312,-67.78,147.2,0,0,0,0,-67.5603,147.2468,1,0,0
0,0,0,2006313,-67.78,147.2,0,0,0,0,-67.5603,147.2468,1,0,0
0,0,0,2006314,-67.78,147.2,0,0,0,0,-67.5603,147.2468,1,0,0
0,0,0,2006315,-67.78,147.2,0,0,0,0,-67.5603,147.2468,1,0,0
0,0,0,2006316,-67.78,147.2,1,0,0,0,-67.5603,147.2468,1,15,11
0,0,0,2006317,-67.78,147.2,0,0,0,0,-67.5603,147.2468,0,0,0
0,0,0,2006318,-67.78,147.2,0,0,0,0,-67.5603,147.2468,1,0,0
0,0,0,2006319,-67.78,147.2,0,0,0,0,-67.5603,147.2468,1,0,0
0,0,0,2006320,-67.78,147.2,0,0,0,0,-67.5603,147.2468,1,0,0
0,0,0,2006321,-67.78,147.2,0,0,0,0,-67.5603,147.2468,1,0,0
0,0,0,2006322,-67.78,147.2,0,0,0,0,-67.5603,147.2468,1,0,0
0,0,0,2006323,-67.78,147.2,1,0,0,0,-67.5603,147.2468,1,15,11
0,0,0,2006324,-67.78,147.2,0,0,0,0,-67.5603,147.2468,1,0,0
0,0,0,2006325,-67.78,147.2,0,0,0,0,-67.5603,147.2468,1,0,0
0,0,0,2006326,-67.78,147.2,0,0,0,0,-67.5603,147.2468,1,0,0
0,0,0,2006327,-67.78,147.2,0,0,0,0,-67.5603,147.2468,1,0,0
0,0,0,2006328,-67.78,147.2,0,0,0,0,-67.5603,147.2468,1,0,0
0,0,0,2006329,-67.78,147.2,0,0,0,0,-67.5603,147.2468,1,0,0
0,0,0,2006330,-67.78,147.2,1,0,0,0,-67.5603,147.2468,1,15,11
0,0,0,2006331,-67.78,147.2,0,0,0,0,-67.5603,147.2468,1,0,0
0,0,0,2006332,-67.78,147.2,0,0,0,0,-67.5603,147.2468,1,0,0
0,0,0,2006333,-67.78,147.2,0,0,0,0,-67.5603,147.2468,1,0,0
0,0,0,2006334,-67.78,147.2,0,0,0,0,-67.5603,147.2468,1,0,0
0,0,0,2006335,-67.78,147.2,0,0,0,0,-67.5603,147.2468,1,0,0
0,0,0,2006336,-67.78,147.2,0,0,0,0,-67.5603,147.2468,1,0,0
0,0,0,2006337,-67.78,147.2,1,0,0,0,-67.5603,147.2468,1,15,11
0,0,0,2006338,-67.78,147.2,0,0,0,0,-67.5603,147.2468,1,0,0
0,0,0,2006339,-67.78,147.2,0,0,0,0,-67.5603,147.2468,1,0,0
0,0,0,2006340,-67.78,147.2,0,0,0,0,-67.5603,147.2468,1,0,0
0,0,0,2006341,-67.78,147.2,0,0,0,0,-67.5603,147.2468,1,0,0
0,0,0,2006342,-67.78,147.2,0,0,0,0,-67.5603,147.2468,1,0,0
0,0,0,2006343,-67.78,147.2,0,0,0,0,-67.5603,147.2468,1,0,0
0,0,0,2006344,-67.78,147.2,1,0,0,0,-67.5603,147.2468,1,15,11
0,0,0,2006345,-67.78,147.2,0,0,0,0,-67.5603,147.2468,1,0,0
0,0,0,2006346,-67.78,147.2,0,0,0,0,-67.5603,147.2468,1,0,0
0,0,0,2006347,-67.78,147.2,0,0,0,0,-67.5603,147.2468,1,0,0
0,0,0,2006348,-67.78,147.2,0,0,0,0,-67.5603,147.2468,1,0,0
0,0,0,2006349,-67.78,147.2,0,0,0,0,-67.5603,147.2468,1,0,0
0,0,0,2006350,-67.78,147.2,0,0,0,0,-67.5603,147.2468,1,0,0
0,0,0,2006351,-67.78,147.2,1,0,0,0,-67.5603,147.2468,1,15,11
0,0,0,2006352,0,0,0,0,0,0,-67.5603,147.2468,1,0,0
0,0,0,2006353,0,0,0,0,0,0,-67.5603,147.2468,1,0,0
0,0,0,2006354,0,0,0,0,0,0,-67.5603,147.2468,1,0,0
0,0,0,2006355,0,0,0,0,0,0,-67.5603,147.2468,1,0,0
0,0,0,2006356,0,0,0,0,0,0,-67.5603,147.2468,1,0,0
0,0,0,2006357,0,0,0,0,0,0,-67.5603,147.2468,1,0,0
0,0,0,2006358,0,0,0,0,0,0,-67.5603,147.2468,1,0,0
0,0,0,2006359,0,0,0,0,0,0,-67.5603,147.2468,1,0,0
0,0,0,2006360,0,0,0,0,0,0,-67.5603,147.2468,1,0,0
0,0,0,2006361,0,0,0,0,0,0,-67.5603,147.2468,1,0,0
0,0,0,2006362,0,0,0,0,0,0,-67.5603,147.2468,1,0,0
0,0,0,2006363,0,0,0,0,0,0,-67.5603,147.2468,1,0,0
0,0,0,2006364,0,0,0,0,0,0,-67.5603,147.2468,1,0,0
0,0,0,2006365,0,0,0,0,0,0,-67.5603,147.2468,1,0,0
0,0,0,2007001,0,0,0,0,0,0,-67.5603,147.2468,1,0,0
0,0,0,2007002,0,0,0,0,0,0,-67.5603,147.2468,1,0,0
0,0,0,2007003,0,0,0,0,0,0,-67.5603,147.2468,1,0,0
0,0,0,2007004,0,0,0,0,0,0,-67.5603,147.2468,1,0,0
0,0,0,2007005,0,0,0,0,0,0,-67.5603,147.2468,1,0,0
0,0,0,2007006,0,0,0,0,0,0,-67.5603,147.2468,1,0,0
0,0,0,2007007,-67.78,147.2,1,0,0,0,-67.5603,147.2468,1,15,11
0,0,0,2007008,-67.78,147.2,0,0,0,0,-67.5603,147.2468,1,0,0
0,0,0,2007009,-67.78,147.2,0,0,0,0,-67.5603,147.2468,1,0,0
0,0,0,2007010,-67.78,147.2,0,0,0,0,-67.5603,147.2468,1,0,0
0,0,0,2007011,-67.78,147.2,0,0,0,0,-67.5603,147.2468,1,0,0
0,0,0,2007012,-67.78,147.2,0,0,0,0,-67.5603,147.2468,1,0,0
0,0,0,2007013,-67.78,147.2,0,0,0,0,-67.5603,147.2468,1,0,0
0,0,0,2007014,-67.78,147.2,1,0,0,0,-67.5603,147.2468,1,15,11
0,0,0,2007015,-67.78,147.2,0,0,0,0,-67.5603,147.2468,1,0,0
0,0,0,2007016,-67.78,147.2,0,0,0,0,-67.5603,147.2468,1,0,0
0,0,0,2007017,-67.78,147.2,0,0,0,0,-67.5603,147.2468,1,0,0
0,0,0,2007018,-67.78,147.2,0,0,0,0,-67.5603,147.2468,1,0,0
0,0,0,2007019,-67.78,147.2,0,0,0,0,-67.5603,147.2468,1,0,0
0,0,0,2007020,-67.78,147.2,0,0,0,0,-67.5603,147.2468,1,0,0
0,0,0,2007021,-67.78,147.2,1,0,0,0,-67.5603,147.2468,1,15,11
0,0,0,2007022,-67.78,147.2,0,0,0,0,-67.5603,147.2468,1,0,0
0,0,0,2007023,-67.78,147.2,0,0,0,0,-67.5603,147.2468,1,0,0
0,0,0,2007024,-67.78,147.2,0,0,0,0,-67.5603,147.2468,1,0,0
0,0,0,2007025,-67.78,147.2,0,0,0,0,-67.5603,147.2468,1,0,0
0,0,0,2007026,-67.78,147.2,0,0,0,0,-67.5603,147.2468,1,0,0
0,0,0,2007027,-67.78,147.2,0,0,0,0,-67.5603,147.2468,1,0,0
0,0,0,2007028,-67.78,147.2,1,0,0,0,-67.5603,147.2468,1,15,11
0,0,0,2007029,-67.7752,147.1816,0,0,0,0,-67.5603,147.2468,1,0,0
0,0,0,2007030,-67.7627,147.1336,0,0,0,0,-67.5603,147.2468,1,0,0
0,0,0,2007031,-67.7451,147.067,0,0,0,0,-67.5603,147.2468,1,0,0
0,0,0,2007032,-67.7254,146.9924,0,0,0,0,-67.5603,147.2468,1,0,0
0,0,0,2007033,-67.7061,146.9208,0,0,0,0,-67.5603,147.2468,1,0,0
0,0,0,2007034,-67.69,146.8631,0,0,0,0,-67.5603,147.2468,1,0,0
0,0,0,2007035,-67.68,146.83,1,0,0,0,-67.5603,147.2468,1,15,11
0,0,0,2007036,0,0,0,0,0,0,-67.5603,147.2468,1,0,0
0,0,0,2007037,0,0,0,0,0,0,-67.5603,147.2468,1,0,0
0,0,0,2007038,0,0,0,0,0,0,-67.5603,147.2468,1,0,0
0,0,0,2007039,0,0,0,0,0,0,-67.5603,147.2468,1,0,0
0,0,0,2007040,0,0,0,0,0,0,-67.5603,147.2468,1,0,0
0,0,0,2007041,0,0,0,0,0,0,-67.5603,147.2468,1,0,0
0,0,0,2007042,0,0,0,0,0,0,-67.5603,147.2468,1,0,0
0,0,0,2007043,0,0,0,0,0,0,-67.6115,147.0814,1,0,0
0,0,0,2007044,0,0,0,0,0,0,-67.6115,147.0814,1,0,0
0,0,0,2007045,0,0,0,0,0,0,-67.6115,147.0814,1,0,0
0,0,0,2007046,0,0,0,0,0,0,-67.6115,147.0814,1,0,0
0,0,0,2007047,0,0,0,0,0,0,-67.6115,147.0814,1,0,0
0,0,0,2007048,0,0,0,0,0,0,-67.5459,146.9362,1,0,0
0,0,0,2007049,-67.63,146.7,1,0,0,0,-67.5459,146.9362,1,15,11
0,0,0,2007050,-67.63,146.6959,0,0,0,0,-67.5459,146.9362,1,0,0
0,0,0,2007051,-67.63,146.6918,0,0,0,0,-67.5459,146.9362,1,0,0
0,0,0,2007052,-67.63,146.6881,0,0,0,0,-67.5459,146.9362,1,0,0
0,0,0,2007053,-67.63,146.6848,0,0,0,0,-67.5459,146.9362,1,0,0
0,0,0,2007054,-67.63,146.6823,0,0,0,0,-67.5459,146.9362,1,0,0
0,0,0,2007055,-67.63,146.6806,0,0,0,0,-67.5459,146.9362,1,0,0
0,0,0,2007056,-67.63,146.68,1,0,0,0,-67.5459,146.9362,1,15,11
0,0,0,2007057,-67.63,146.68,0,0,0,0,-67.5459,146.9362,1,0,0
0,0,0,2007058,-67.63,146.68,0,0,0,0,-67.5459,146.9362,1,0,0
0,0,0,2007059,-67.63,146.68,0,0,0,0,-67.5459,146.9362,1,0,0
0,0,0,2007060,-67.63,146.68,0,0,0,0,-67.5459,146.9362,1,0,0
0,0,0,2007061,-67.63,146.68,0,0,0,0,-67.5459,146.9362,1,0,0
0,0,0,2007062,-67.63,146.68,0,0,0,0,-67.5459,146.9362,1,0,0
0,0,0,2007063,-67.63,146.68,1,0,0,0,-67.5459,146.9362,1,15,11
0,0,0,2007064,-67.63,146.68,0,0,0,0,-67.5459,146.9362,1,0,0
0,0,0,2007065,-67.63,146.68,0,0,0,0,-67.5459,146.9362,1,0,0
0,0,0,2007066,-67.63,146.68,0,0,0,0,-67.5459,146.9362,1,0,0
0,0,0,2007067,-67.63,146.68,0,0,0,0,-67.5459,146.9362,1,0,0
0,0,0,2007068,-67.63,146.68,0,0,0,0,-67.5459,146.9362,1,0,0
0,0,0,2007069,-67.63,146.68,0,0,0,0,-67.5459,146.9362,1,0,0
0,0,0,2007070,-67.63,146.68,1,0,0,0,-67.5459,146.9362,1,15,11
0,0,0,2007071,-67.63,146.68,0,0,0,0,-67.5459,146.9362,1,0,0
0,0,0,2007072,-67.63,146.68,0,0,0,0,-67.5459,146.9362,1,0,0
0,0,0,2007073,-67.63,146.68,0,0,0,0,-67.5459,146.9362,1,0,0
0,0,0,2007074,-67.63,146.68,0,0,0,0,-67.5459,146.9362,1,0,0
0,0,0,2007075,-67.63,146.68,0,0,0,0,-67.5459,146.9362,1,0,0
0,0,0,2007076,-67.63,146.68,0,0,0,0,-67.5459,146.9362,1,0,0
0,0,0,2007077,-67.63,146.68,1,0,0,0,-67.5459,146.9362,1,15,11
0,0,0,2007078,-67.63,146.68,0,0,0,0,-67.5459,146.9362,1,0,0
0,0,0,2007079,-67.63,146.68,0,0,0,0,-67.5459,146.9362,1,0,0
0,0,0,2007080,-67.63,146.68,0,0,0,0,-67.5459,146.9362,1,0,0
0,0,0,2007081,-67.63,146.68,0,0,0,0,-67.5459,146.9362,1,0,0
0,0,0,2007082,-67.63,146.68,0,0,0,0,-67.5459,146.9362,1,0,0
0,0,0,2007083,-67.63,146.68,0,0,0,0,-67.5459,146.9362,1,0,0
0,0,0,2007084,-67.63,146.68,1,0,0,0,-67.5459,146.9362,1,15,11
0,0,0,2007085,-67.63,146.68,0,0,0,0,-67.5459,146.9362,1,0,0
0,0,0,2007086,-67.63,146.68,0,0,0,0,-67.5459,146.9362,1,0,0
0,0,0,2007087,-67.63,146.68,0,0,0,0,-67.5459,146.9362,1,0,0
0,0,0,2007088,-67.63,146.68,0,0,0,0,-67.5459,146.9362,1,0,0
0,0,0,2007089,-67.63,146.68,0,0,0,0,-67.5459,146.9362,1,0,0
0,0,0,2007090,-67.63,146.68,0,0,0,0,-67.5459,146.9362,1,0,0
0,0,0,2007091,-67.63,146.68,1,0,0,0,-67.5459,146.9362,1,15,11
0,0,0,2007092,-67.63,146.68,0,0,0,0,-67.5459,146.9362,1,0,0
0,0,0,2007093,-67.63,146.68,0,0,0,0,-67.5459,146.9362,1,0,0
0,0,0,2007094,-67.63,146.68,0,0,0,0,-67.5459,146.9362,1,0,0
0,0,0,2007095,-67.63,146.68,0,0,0,0,-67.5459,146.9362,1,0,0
0,0,0,2007096,-67.63,146.68,0,0,0,0,-67.5459,146.9362,1,0,0
0,0,0,2007097,-67.63,146.68,0,0,0,0,-67.5459,146.9362,1,0,0
0,0,0,2007098,-67.63,146.68,1,0,0,0,-67.5459,146.9362,1,15,11
0,0,0,2007099,0,0,0,0,0,0,-67.5459,146.9362,1,0,0
0,0,0,2007100,0,0,0,0,0,0,-67.5459,146.9362,1,0,0
0,0,0,2007101,0,0,0,0,0,0,-67.5459,146.9362,1,0,0
0,0,0,2007102,0,0,0,0,0,0,-67.5459,146.9362,1,0,0
0,0,0,2007103,0,0,0,0,0,0,-67.5459,146.9362,1,0,0
0,0,0,2007104,0,0,0,0,0,0,-67.5459,146.9362,1,0,0
0,0,0,2007105,0,0,0,0,0,0,-67.5459,146.9362,1,0,0
0,0,0,2007106,0,0,0,0,0,0,-67.5459,146.9362,1,0,0
0,0,0,2007107,0,0,0,0,0,0,-67.5459,146.9362,1,0,0
0,0,0,2007108,0,0,0,0,0,0,-67.5459,146.9362,1,0,0
0,0,0,2007109,0,0,0,0,0,0,-67.5459,146.9362,1,0,0
0,0,0,2007110,0,0,0,0,0,0,-67.5459,146.9362,1,0,0
0,0,0,2007111,0,0,0,0,0,0,-67.5459,146.9362,1,0,0
0,0,0,2007112,-67.63,146.68,1,0,0,0,-67.5459,146.9362,1,15,11
0,0,0,2007113,-67.63,146.68,0,0,0,0,-67.5459,146.9362,1,0,0
0,0,0,2007114,-67.63,146.68,0,0,0,0,-67.5459,146.9362,1,0,0
0,0,0,2007115,-67.63,146.68,0,0,0,0,-67.5459,146.9362,1,0,0
0,0,0,2007116,-67.63,146.68,0,0,0,0,-67.5459,146.9362,1,0,0
0,0,0,2007117,-67.63,146.68,0,0,0,0,-67.5459,146.9362,1,0,0
0,0,0,2007118,-67.63,146.68,0,0,0,0,-67.5459,146.9362,1,0,0
0,0,0,2007119,-67.63,146.68,1,0,0,0,-67.5459,146.9362,1,15,11
0,0,0,2007120,-67.63,146.68,0,0,0,0,-67.5459,146.9362,1,0,0
0,0,0,2007121,-67.63,146.68,0,0,0,0,-67.5459,146.9362,1,0,0
0,0,0,2007122,-67.63,146.68,0,0,0,0,-67.5459,146.9362,1,0,0
0,0,0,2007123,-67.63,146.68,0,0,0,0,-67.5459,146.9362,1,0,0
0,0,0,2007124,-67.63,146.68,0,0,0,0,-67.5459,146.9362,1,0,0
0,0,0,2007125,-67.63,146.68,0,0,0,0,-67.5459,146.9362,1,0,0
0,0,0,2007126,-67.63,146.68,1,0,0,0,-67.5459,146.9362,1,15,11
0,0,0,2007127,-67.63,146.68,0,0,0,0,-67.5459,146.9362,1,0,0
0,0,0,2007128,-67.63,146.68,0,0,0,0,-67.5459,146.9362,1,0,0
0,0,0,2007129,-67.63,146.68,0,0,0,0,-67.5459,146.9362,1,0,0
0,0,0,2007130,-67.63,146.68,0,0,0,0,-67.5459,146.9362,1,0,0
0,0,0,2007131,-67.63,146.68,0,0,0,0,-67.5459,146.9362,1,0,0
0,0,0,2007132,-67.63,146.68,0,0,0,0,-67.5459,146.9362,1,0,0
0,0,0,2007133,-67.63,146.68,1,0,0,0,-67.5459,146.9362,1,15,11
0,0,0,2007134,-67.63,146.68,0,0,0,0,-67.5459,146.9362,1,0,0
0,0,0,2007135,-67.63,146.68,0,0,0,0,-67.5459,146.9362,1,0,0
0,0,0,2007136,-67.63,146.68,0,0,0,0,-67.5459,146.9362,1,0,0
0,0,0,2007137,-67.63,146.68,0,0,0,0,-67.5459,146.9362,1,0,0
0,0,0,2007138,-67.63,146.68,0,0,0,0,-67.5459,146.9362,1,0,0
0,0,0,2007139,-67.63,146.68,0,0,0,0,-67.5459,146.9362,1,0,0
0,0,0,2007140,-67.63,146.68,1,0,0,0,-67.5459,146.9362,1,15,11
0,0,0,2007141,-67.63,146.68,0,0,0,0,-67.5459,146.9362,1,0,0
0,0,0,2007142,-67.63,146.68,0,0,0,0,-67.5459,146.9362,1,0,0
0,0,0,2007143,-67.63,146.68,0,0,0,0,-67.5459,146.9362,1,0,0
0,0,0,2007144,-67.63,146.68,0,0,0,0,-67.5459,146.9362,1,0,0
0,0,0,2007145,-67.63,146.68,0,0,0,0,-67.5459,146.9362,1,0,0
0,0,0,2007146,-67.63,146.68,0,0,0,0,-67.5459,146.9362,1,0,0
0,0,0,2007147,-67.63,146.68,1,0,0,0,-67.5459,146.9362,1,15,11
0,0,0,2007148,0,0,0,0,0,0,-67.5459,146.9362,1,0,0
0,0,0,2007149,0,0,0,0,0,0,-67.5459,146.9362,1,0,0
0,0,0,2007150,0,0,0,0,0,0,-67.5459,146.9362,1,0,0
0,0,0,2007151,0,0,0,0,0,0,-67.5459,146.9362,1,0,0
0,0,0,2007152,0,0,0,0,0,0,-67.5459,146.9362,1,0,0
0,0,0,2007153,0,0,0,0,0,0,-67.5459,146.9362,0,0,0
0,0,0,2007154,0,0,0,0,0,0,-67.5459,146.9362,1,0,0
0,0,0,2007155,0,0,0,0,0,0,-67.5459,146.9362,1,0,0
0,0,0,2007156,0,0,0,0,0,0,-67.5459,146.9362,1,0,0
0,0,0,2007157,0,0,0,0,0,0,-67.5459,146.9362,1,0,0
0,0,0,2007158,0,0,0,0,0,0,-67.5459,146.9362,1,0,0
0,0,0,2007159,0,0,0,0,0,0,-67.5459,146.9362,1,0,0
0,0,0,2007160,0,0,0,0,0,0,-67.5459,146.9362,1,0,0
0,0,0,2007161,-67.63,146.68,1,0,0,0,-67.5459,146.9362,1,15,11
0,0,0,2007162,-67.63,146.68,0,0,0,0,-67.5459,146.9362,1,0,0
0,0,0,2007163,-67.63,146.68,0,0,0,0,-67.5459,146.9362,1,0,0
0,0,0,2007164,-67.63,146.68,0,0,0,0,-67.5459,146.9362,1,0,0
0,0,0,2007165,-67.63,146.68,0,0,0,0,-67.5459,146.9362,1,0,0
0,0,0,2007166,-67.63,146.68,0,0,0,0,-67.5459,146.9362,1,0,0
0,0,0,2007167,-67.63,146.68,0,0,0,0,-67.5459,146.9362,1,0,0
0,0,0,2007168,-67.63,146.68,1,0,0,0,-67.5459,146.9362,1,15,11
0,0,0,2007169,-67.63,146.68,0,0,0,0,-67.5459,146.9362,1,0,0
0,0,0,2007170,-67.63,146.68,0,0,0,0,-67.5459,146.9362,1,0,0
0,0,0,2007171,-67.63,146.68,0,0,0,0,-67.5459,146.9362,1,0,0
0,0,0,2007172,-67.63,146.68,0,0,0,0,-67.5459,146.9362,1,0,0
0,0,0,2007173,-67.63,146.68,0,0,0,0,-67.5459,146.9362,1,0,0
0,0,0,2007174,-67.63,146.68,0,0,0,0,-67.5459,146.9362,1,0,0
0,0,0,2007175,-67.63,146.68,1,0,0,0,-67.5459,146.9362,1,15,11
0,0,0,2007176,-67.63,146.68,0,0,0,0,-67.5459,146.9362,1,0,0
0,0,0,2007177,-67.63,146.68,0,0,0,0,-67.5459,146.9362,1,0,0
0,0,0,2007178,-67.63,146.68,0,0,0,0,-67.5459,146.9362,1,0,0
0,0,0,2007179,-67.63,146.68,0,0,0,0,-67.5459,146.9362,1,0,0
0,0,0,2007180,-67.63,146.68,0,0,0,0,-67.5459,146.9362,1,0,0
0,0,0,2007181,-67.63,146.68,0,0,0,0,-67.5459,146.9362,1,0,0
0,0,0,2007182,-67.63,146.68,1,0,0,0,-67.5459,146.9362,1,15,11
0,0,0,2007183,-67.63,146.68,0,0,0,0,-67.5459,146.9362,1,0,0
0,0,0,2007184,-67.63,146.68,0,0,0,0,-67.5459,146.9362,1,0,0
0,0,0,2007185,-67.63,146.68,0,0,0,0,-67.5459,146.9362,1,0,0
0,0,0,2007186,-67.63,146.68,0,0,0,0,-67.5459,146.9362,1,0,0
0,0,0,2007187,-67.63,146.68,0,0,0,0,-67.5459,146.9362,1,0,0
0,0,0,2007188,-67.63,146.68,0,0,0,0,-67.5459,146.9362,1,0,0
0,0,0,2007189,-67.63,146.68,1,0,0,0,-67.5459,146.9362,1,15,11
0,0,0,2007190,-67.63,146.68,0,0,0,0,-67.5459,146.9362,1,0,0
0,0,0,2007191,-67.63,146.68,0,0,0,0,-67.5459,146.9362,1,0,0
0,0,0,2007192,-67.63,146.68,0,0,0,0,-67.5459,146.9362,1,0,0
0,0,0,2007193,-67.63,146.68,0,0,0,0,-67.5459,146.9362,1,0,0
0,0,0,2007194,-67.63,146.68,0,0,0,0,-67.5459,146.9362,1,0,0
0,0,0,2007195,-67.63,146.68,0,0,0,0,-67.5459,146.9362,1,0,0
0,0,0,2007196,-67.63,146.68,1,0,0,0,-67.5459,146.9362,1,15,11
0,0,0,2007197,-67.63,146.68,0,0,0,0,-67.5459,146.9362,1,0,0
0,0,0,2007198,-67.63,146.68,0,0,0,0,-67.5459,146.9362,1,0,0
0,0,0,2007199,-67.63,146.68,0,0,0,0,-67.5459,146.9362,1,0,0
0,0,0,2007200,-67.63,146.68,0,0,0,0,-67.5459,146.9362,1,0,0
0,0,0,2007201,-67.63,146.68,0,0,0,0,-67.5459,146.9362,1,0,0
0,0,0,2007202,-67.63,146.68,0,0,0,0,-67.5459,146.9362,1,0,0
0,0,0,2007203,-67.63,146.68,1,0,0,0,-67.5459,146.9362,1,15,11
0,0,0,2007204,-67.63,146.68,0,0,0,0,-67.5459,146.9362,1,0,0
0,0,0,2007205,-67.63,146.68,0,0,0,0,-67.5459,146.9362,1,0,0
0,0,0,2007206,-67.63,146.68,0,0,0,0,-67.5459,146.9362,1,0,0
0,0,0,2007207,-67.63,146.68,0,0,0,0,-67.5459,146.9362,1,0,0
0,0,0,2007208,-67.63,146.68,0,0,0,0,-67.5459,146.9362,1,0,0
0,0,0,2007209,-67.63,146.68,0,0,0,0,-67.5459,146.9362,1,0,0
0,0,0,2007210,-67.63,146.68,1,0,0,0,-67.5459,146.9362,1,15,11
0,0,0,2007211,-67.63,146.68,0,0,0,0,-67.5459,146.9362,1,0,0
0,0,0,2007212,-67.63,146.68,0,0,0,0,-67.5459,146.9362,1,0,0
0,0,0,2007213,-67.63,146.68,0,0,0,0,-67.5459,146.9362,1,0,0
0,0,0,2007214,-67.63,146.68,0,0,0,0,-67.5459,146.9362,1,0,0
0,0,0,2007215,-67.63,146.68,0,0,0,0,-67.5459,146.9362,1,0,0
0,0,0,2007216,-67.63,146.68,0,0,0,0,-67.5459,146.9362,1,0,0
0,0,0,2007217,-67.63,146.68,1,0,0,0,-67.5459,146.9362,1,15,11
0,0,0,2007218,-67.63,146.68,0,0,0,0,-67.5459,146.9362,1,0,0
0,0,0,2007219,-67.63,146.68,0,0,0,0,-67.5459,146.9362,1,0,0
0,0,0,2007220,-67.63,146.68,0,0,0,0,-67.5459,146.9362,1,0,0
0,0,0,2007221,-67.63,146.68,0,0,0,0,-67.5459,146.9362,1,0,0
0,0,0,2007222,-67.63,146.68,0,0,0,0,-67.5459,146.9362,1,0,0
0,0,0,2007223,-67.63,146.68,0,0,0,0,-67.5459,146.9362,1,0,0
0,0,0,2007224,-67.63,146.68,1,0,0,0,-67.5459,146.9362,1,15,11
0,0,0,2007225,-67.63,146.68,0,0,0,0,-67.5459,146.9362,1,0,0
0,0,0,2007226,-67.63,146.68,0,0,0,0,-67.5459,146.9362,1,0,0
0,0,0,2007227,-67.63,146.68,0,0,0,0,-67.5459,146.9362,1,0,0
0,0,0,2007228,-67.63,146.68,0,0,0,0,-67.5459,146.9362,1,0,0
0,0,0,2007229,-67.63,146.68,0,0,0,0,-67.5459,146.9362,1,0,0
0,0,0,2007230,-67.63,146.68,0,0,0,0,-67.5459,146.9362,1,0,0
0,0,0,2007231,-67.63,146.68,1,0,0,0,-67.5459,146.9362,1,15,11
0,0,0,2007232,-67.63,146.68,0,0,0,0,-67.5459,146.9362,1,0,0
0,0,0,2007233,-67.63,146.68,0,0,0,0,-67.5459,146.9362,1,0,0
0,0,0,2007234,-67.63,146.68,0,0,0,0,-67.5459,146.9362,1,0,0
0,0,0,2007235,-67.63,146.68,0,0,0,0,-67.5459,146.9362,1,0,0
0,0,0,2007236,-67.63,146.68,0,0,0,0,-67.5459,146.9362,1,0,0
0,0,0,2007237,-67.63,146.68,0,0,0,0,-67.5459,146.9362,1,0,0
0,0,0,2007238,-67.63,146.68,1,0,0,0,-67.5459,146.9362,1,15,11
0,0,0,2007239,-67.63,146.68,0,0,0,0,-67.5459,146.9362,1,0,0
0,0,0,2007240,-67.63,146.68,0,0,0,0,-67.5459,146.9362,1,0,0
0,0,0,2007241,-67.63,146.68,0,0,0,0,-67.5459,146.9362,1,0,0
0,0,0,2007242,-67.63,146.68,0,0,0,0,-67.5459,146.9362,1,0,0
0,0,0,2007243,-67.63,146.68,0,0,0,0,-67.5459,146.9362,1,0,0
0,0,0,2007244,-67.63,146.68,0,0,0,0,-67.5459,146.9362,1,0,0
0,0,0,2007245,-67.63,146.68,1,0,0,0,-67.5459,146.9362,1,15,11
0,0,0,2007246,-67.63,146.68,0,0,0,0,-67.5459,146.9362,1,0,0
0,0,0,2007247,-67.63,146.68,0,0,0,0,-67.5459,146.9362,1,0,0
0,0,0,2007248,-67.63,146.68,0,0,0,0,-67.5459,146.9362,1,0,0
0,0,0,2007249,-67.63,146.68,0,0,0,0,-67.5459,146.9362,1,0,0
0,0,0,2007250,-67.63,146.68,0,0,0,0,-67.5459,146.9362,1,0,0
0,0,0,2007251,-67.63,146.68,0,0,0,0,-67.5459,146.9362,1,0,0
0,0,0,2007252,-67.63,146.68,1,0,0,0,-67.5459,146.9362,1,15,11
0,0,0,2007253,0,0,0,0,0,0,-67.5459,146.9362,1,0,0
0,0,0,2007254,0,0,0,0,0,0,-67.5459,146.9362,1,0,0
0,0,0,2007255,0,0,0,0,0,0,-67.5459,146.9362,1,0,0
0,0,0,2007256,0,0,0,0,0,0,-67.5459,146.9362,1,0,0
0,0,0,2007257,0,0,0,0,0,0,-67.5459,146.9362,1,0,0
0,0,0,2007258,0,0,0,0,0,0,-67.5873,146.9433,1,0,0
0,0,0,2007259,0,0,0,0,0,0,-67.5873,146.9433,1,0,0
0,0,0,2007260,0,0,0,0,0,0,-67.5873,146.9433,1,0,0
0,0,0,2007261,0,0,0,0,0,0,-67.5873,146.9433,1,0,0
0,0,0,2007262,0,0,0,0,0,0,-67.5873,146.9433,1,0,0
0,0,0,2007263,0,0,0,0,0,0,-67.5873,146.9433,1,0,0
0,0,0,2007264,0,0,0,0,0,0,-67.5873,146.9433,1,0,0
0,0,0,2007265,0,0,0,0,0,0,-67.5873,146.9433,1,0,0
0,0,0,2007266,0,0,0,0,0,0,-67.5873,146.9433,1,0,0
0,0,0,2007267,0,0,0,0,0,0,-67.5873,146.9433,1,0,0
0,0,0,2007268,0,0,0,0,0,0,-67.5873,146.9433,1,0,0
0,0,0,2007269,0,0,0,0,0,0,-67.5873,146.9433,1,0,0
0,0,0,2007270,0,0,0,0,0,0,-67.5873,146.9433,1,0,0
0,0,0,2007271,0,0,0,0,0,0,-67.5873,146.9433,1,0,0
0,0,0,2007272,0,0,0,0,0,0,-67.5873,146.9433,1,0,0
0,0,0,2007273,-67.63,146.68,1,0,0,0,-67.5873,146.9433,1,15,11
0,0,0,2007274,-67.63,146.68,0,0,0,0,-67.5873,146.9433,1,0,0
0,0,0,2007275,-67.63,146.68,0,0,0,0,-67.5873,146.9433,1,0,0
0,0,0,2007276,-67.63,146.68,0,0,0,0,-67.5873,146.9433,1,0,0
0,0,0,2007277,-67.63,146.68,0,0,0,0,-67.5873,146.9433,1,0,0
0,0,0,2007278,-67.63,146.68,0,0,0,0,-67.5873,146.9433,1,0,0
0,0,0,2007279,-67.63,146.68,0,0,0,0,-67.5873,146.9433,1,0,0
0,0,0,2007280,-67.63,146.68,1,0,0,0,-67.5873,146.9433,1,15,11
0,0,0,2007281,-67.63,146.68,0,0,0,0,-67.5873,146.9433,1,0,0
0,0,0,2007282,-67.63,146.68,0,0,0,0,-67.5873,146.9433,1,0,0
0,0,0,2007283,-67.63,146.68,0,0,0,0,-67.5873,146.9433,1,0,0
0,0,0,2007284,-67.63,146.68,0,0,0,0,-67.5873,146.9433,1,0,0
0,0,0,2007285,-67.63,146.68,0,0,0,0,-67.5873,146.9433,1,0,0
0,0,0,2007286,-67.63,146.68,0,0,0,0,-67.5873,146.9433,1,0,0
0,0,0,2007287,-67.63,146.68,1,0,0,0,-67.5873,146.9433,1,15,11
0,0,0,2007288,-67.63,146.68,0,0,0,0,-67.5873,146.9433,1,0,0
0,0,0,2007289,-67.63,146.68,0,0,0,0,-67.5873,146.9433,1,0,0
0,0,0,2007290,-67.63,146.68,0,0,0,0,-67.5873,146.9433,1,0,0
0,0,0,2007291,-67.63,146.68,0,0,0,0,-67.5873,146.9433,0,0,0
0,0,0,2007292,-67.63,146.68,0,0,0,0,-67.5873,146.9433,1,0,0
0,0,0,2007293,-67.63,146.68,0,0,0,0,-67.5873,146.9433,1,0,0
0,0,0,2007294,-67.63,146.68,1,0,0,0,-67.5873,146.9433,1,15,11
0,0,0,2007295,-67.63,146.68,0,0,0,0,-67.5873,146.9433,1,0,0
0,0,0,2007296,-67.63,146.68,0,0,0,0,-67.5873,146.9433,1,0,0
0,0,0,2007297,-67.63,146.68,0,0,0,0,-67.5873,146.9433,0,0,0
0,0,0,2007298,-67.63,146.68,0,0,0,0,-67.5873,146.9433,1,0,0
0,0,0,2007299,-67.63,146.68,0,0,0,0,-67.5873,146.9433,0,0,0
0,0,0,2007300,-67.63,146.68,0,0,0,0,-67.5873,146.9433,1,0,0
0,0,0,2007301,-67.63,146.68,1,0,0,0,-67.5873,146.9433,1,15,11
0,0,0,2007302,-67.63,146.68,0,0,0,0,-67.5873,146.9433,1,0,0
0,0,0,2007303,-67.63,146.68,0,0,0,0,-67.5873,146.9433,1,0,0
0,0,0,2007304,-67.63,146.68,0,0,0,0,-67.5873,146.9433,1,0,0
0,0,0,2007305,-67.63,146.68,0,0,0,0,-67.5873,146.9433,1,0,0
0,0,0,2007306,-67.63,146.68,0,0,0,0,-67.5873,146.9433,1,0,0
0,0,0,2007307,-67.63,146.68,0,0,0,0,-67.5873,146.9433,1,0,0
0,0,0,2007308,-67.63,146.68,1,0,0,0,-67.5873,146.9433,1,15,11
0,0,0,2007309,-67.63,146.68,0,0,0,0,-67.5873,146.9433,1,0,0
0,0,0,2007310,-67.63,146.68,0,0,0,0,-67.5873,146.9433,1,0,0
0,0,0,2007311,-67.63,146.68,0,0,0,0,-67.5873,146.9433,1,0,0
0,0,0,2007312,-67.63,146.68,0,0,0,0,-67.5873,146.9433,1,0,0
0,0,0,2007313,-67.63,146.68,0,0,0,0,-67.5873,146.9433,1,0,0
0,0,0,2007314,-67.63,146.68,0,0,0,0,-67.5873,146.9433,1,0,0
0,0,0,2007315,-67.63,146.68,1,0,0,0,-67.5873,146.9433,1,15,11
0,0,0,2007316,0,0,0,0,0,0,-67.5873,146.9433,1,0,0
0,0,0,2007317,0,0,0,0,0,0,-67.5873,146.9433,1,0,0
0,0,0,2007318,0,0,0,0,0,0,-67.5873,146.9433,1,0,0
0,0,0,2007319,0,0,0,0,0,0,-67.5873,146.9433,1,0,0
0,0,0,2007320,0,0,0,0,0,0,-67.5873,146.9433,1,0,0
0,0,0,2007321,0,0,0,0,0,0,-67.5873,146.9433,1,0,0
0,0,0,2007322,0,0,0,0,0,0,-67.5873,146.9433,1,0,0
0,0,0,2007323,0,0,0,0,0,0,-67.5873,146.9433,1,0,0
0,0,0,2007324,0,0,0,0,0,0,-67.5873,146.9433,1,0,0
0,0,0,2007325,0,0,0,0,0,0,-67.5873,146.9433,1,0,0
0,0,0,2007326,0,0,0,0,0,0,-67.5873,146.9433,1,0,0
0,0,0,2007327,0,0,0,0,0,0,-67.5941,146.8308,1,0,0
0,0,0,2007328,0,0,0,0,0,0,-67.5941,146.8308,1,0,0
0,0,0,2007329,-67.63,146.68,1,0,0,0,-67.5941,146.8308,1,15,11
0,0,0,2007330,-67.63,146.68,0,0,0,0,-67.5941,146.8308,1,0,0
0,0,0,2007331,-67.63,146.68,0,0,0,0,-67.5941,146.8308,1,0,0
0,0,0,2007332,-67.63,146.68,0,0,0,0,-67.5941,146.8308,1,0,0
0,0,0,2007333,-67.63,146.68,0,0,0,0,-67.5941,146.8308,1,0,0
0,0,0,2007334,-67.63,146.68,0,0,0,0,-67.5941,146.8308,1,0,0
0,0,0,2007335,-67.63,146.68,0,0,0,0,-67.5941,146.8308,1,0,0
0,0,0,2007336,-67.63,146.68,1,0,0,0,-67.5941,146.8308,1,15,11
0,0,0,2007337,-67.63,146.68,0,0,0,0,-67.5941,146.8308,1,0,0
0,0,0,2007338,-67.63,146.68,0,0,0,0,-67.5941,146.8308,1,0,0
0,0,0,2007339,-67.63,146.68,0,0,0,0,-67.5941,146.8308,1,0,0
0,0,0,2007340,-67.63,146.68,0,0,0,0,-67.5941,146.8308,1,0,0
0,0,0,2007341,-67.63,146.68,0,0,0,0,-67.5941,146.8308,1,0,0
0,0,0,2007342,-67.63,146.68,0,0,0,0,-67.5941,146.8308,1,0,0
0,0,0,2007343,-67.63,146.68,1,0,0,0,-67.5941,146.8308,1,15,11
0,0,0,2007344,-67.63,146.68,0,0,0,0,-67.5941,146.8308,1,0,0
0,0,0,2007345,-67.63,146.68,0,0,0,0,-67.5941,146.8308,1,0,0
0,0,0,2007346,-67.63,146.68,0,0,0,0,-67.5941,146.8308,1,0,0
0,0,0,2007347,-67.63,146.68,0,0,0,0,-67.5941,146.8308,1,0,0
0,0,0,2007348,-67.63,146.68,0,0,0,0,-67.5941,146.8308,1,0,0
0,0,0,2007349,-67.63,146.68,0,0,0,0,-67.5941,146.8308,1,0,0
0,0,0,2007350,-67.63,146.68,1,0,0,0,-67.5941,146.8308,1,15,11
0,0,0,2007351,-67.63,146.68,0,0,0,0,-67.5941,146.8308,1,0,0
0,0,0,2007352,-67.63,146.68,0,0,0,0,-67.5941,146.8308,1,0,0
0,0,0,2007353,-67.63,146.68,0,0,0,0,-67.5941,146.8308,1,0,0
0,0,0,2007354,-67.63,146.68,0,0,0,0,-67.5941,146.8308,1,0,0
0,0,0,2007355,-67.63,146.68,0,0,0,0,-67.5941,146.8308,1,0,0
0,0,0,2007356,-67.63,146.68,0,0,0,0,-67.5941,146.8308,1,0,0
0,0,0,2007357,-67.63,146.68,1,0,0,0,-67.5941,146.8308,1,15,11
0,0,0,2007358,-67.63,146.68,0,0,0,0,-67.5941,146.8308,1,0,0
0,0,0,2007359,-67.63,146.68,0,0,0,0,-67.5941,146.8308,1,0,0
0,0,0,2007360,-67.63,146.68,0,0,0,0,-67.5941,146.8308,0,0,0
0,0,0,2007361,-67.63,146.68,0,0,0,0,-67.5941,146.8308,0,0,0
0,0,0,2007362,-67.63,146.68,0,0,0,0,-67.5941,146.8308,0,0,0
0,0,0,2007363,-67.63,146.68,0,0,0,0,-67.5941,146.8308,0,0,0
0,0,0,2007364,-67.63,146.68,0,0,0,0,-67.5941,146.8308,0,0,0
0,0,0,2007365,-67.63,146.68,0,0,0,0,-67.5941,146.8308,0,0,0
0,0,0,2008001,-67.63,146.68,0,0,0,0,-67.5941,146.8308,1,0,0
0,0,0,2008002,-67.63,146.68,0,0,0,0,-67.5941,146.8308,1,0,0
0,0,0,2008003,-67.63,146.68,1,0,0,0,-67.5941,146.8308,1,15,11
0,0,0,2008004,-67.6352,146.6904,0,0,0,0,-67.5941,146.8308,1,0,0
0,0,0,2008005,-67.6448,146.7096,0,0,0,0,-67.5941,146.8308,1,0,0
0,0,0,2008006,-67.65,146.72,1,0,0,0,-67.5941,146.8308,1,15,11
0,0,0,2008007,-67.6489,146.715,0,0,0,0,-67.5941,146.8308,1,0,0
0,0,0,2008008,-67.646,146.7022,0,0,0,0,-67.5941,146.8308,1,0,0
0,0,0,2008009,-67.6421,146.6846,0,0,0,0,-67.5941,146.8308,1,0,0
0,0,0,2008010,-67.6379,146.6654,0,0,0,0,-67.5941,146.8308,1,0,0
0,0,0,2008011,-67.634,146.6478,0,0,0,0,-67.5941,146.8308,1,0,0
0,0,0,2008012,-67.6311,146.635,0,0,0,0,-67.5941,146.8308,1,0,0
0,0,0,2008013,-67.63,146.63,1,0,0,0,-67.5941,146.8308,1,15,11
0,0,0,2008014,-67.63,146.63,0,0,0,0,-67.5941,146.8308,1,0,0
0,0,0,2008015,-67.63,146.63,0,0,0,0,-67.5941,146.8308,1,0,0
0,0,0,2008016,-67.63,146.63,0,0,0,0,-67.5941,146.8308,1,0,0
0,0,0,2008017,-67.63,146.63,0,0,0,0,-67.5941,146.8308,1,0,0
0,0,0,2008018,-67.63,146.63,0,0,0,0,-67.5941,146.8308,1,0,0
0,0,0,2008019,-67.63,146.63,0,0,0,0,-67.5941,146.8308,1,0,0
0,0,0,2008020,-67.63,146.63,1,0,0,0,-67.5941,146.8308,1,15,11
0,0,0,2008021,-67.6322,146.635,0,0,0,0,-67.5941,146.8308,1,0,0
0,0,0,2008022,-67.6379,146.6478,0,0,0,0,-67.5941,146.8308,1,0,0
0,0,0,2008023,-67.6457,146.6654,0,0,0,0,-67.5941,146.8308,1,0,0
0,0,0,2008024,-67.6543,146.6846,0,0,0,0,-67.5941,146.8308,1,0,0
0,0,0,2008025,-67.6621,146.7022,0,0,0,0,-67.5941,146.8308,1,0,0
0,0,0,2008026,-67.6678,146.715,0,0,0,0,-67.5941,146.8308,1,0,0
0,0,0,2008027,-67.67,146.72,1,0,0,0,-67.5941,146.8308,1,15,11
0,0,0,2008028,-67.67,146.72,0,0,0,0,-67.5941,146.8308,1,0,0
0,0,0,2008029,-67.67,146.72,0,0,0,0,-67.5941,146.8308,1,0,0
0,0,0,2008030,-67.67,146.72,0,0,0,0,-67.5941,146.8308,1,0,0
0,0,0,2008031,-67.67,146.72,0,0,0,0,-67.5941,146.8308,1,0,0
0,0,0,2008032,-67.67,146.72,0,0,0,0,-67.5941,146.8308,1,0,0
0,0,0,2008033,-67.67,146.72,0,0,0,0,-67.5941,146.8308,1,0,0
0,0,0,2008034,-67.67,146.72,1,0,0,0,-67.5941,146.8308,1,15,11
0,0,0,2008035,-67.6672,146.7161,0,0,0,0,-67.5941,146.8308,1,0,0
0,0,0,2008036,-67.6601,146.7061,0,0,0,0,-67.5941,146.8308,1,0,0
0,0,0,2008037,-67.6503,146.6924,0,0,0,0,-67.5941,146.8308,1,0,0
0,0,0,2008038,-67.6397,146.6776,0,0,0,0,-67.5941,146.8308,1,0,0
0,0,0,2008039,-67.6299,146.6639,0,0,0,0,-67.5941,146.8308,1,0,0
0,0,0,2008040,-67.6228,146.6539,0,0,0,0,-67.5941,146.8308,1,0,0
0,0,0,2008041,-67.62,146.65,1,0,0,0,-67.5941,146.8308,1,15,11
0,0,0,2008042,-67.62,146.65,0,0,0,0,-67.5941,146.8308,1,0,0
0,0,0,2008043,-67.62,146.65,0,0,0,0,-67.5941,146.8308,1,0,0
0,0,0,2008044,-67.62,146.65,0,0,0,0,-67.5941,146.8308,1,0,0
0,0,0,2008045,-67.62,146.65,0,0,0,0,-67.5941,146.8308,1,0,0
0,0,0,2008046,-67.62,146.65,0,0,0,0,-67.5941,146.8308,1,0,0
0,0,0,2008047,-67.62,146.65,0,0,0,0,-67.5941,146.8308,1,0,0
0,0,0,2008048,-67.62,146.65,1,0,0,0,-67.5941,146.8308,1,15,11
0,0,0,2008049,-67.62,146.65,0,0,0,0,-67.5941,146.8308,1,0,0
0,0,0,2008050,-67.62,146.65,0,0,0,0,-67.5941,146.8308,1,0,0
0,0,0,2008051,-67.62,146.65,0,0,0,0,-67.5941,146.8308,1,0,0
0,0,0,2008052,-67.62,146.65,0,0,0,0,-67.5941,146.8308,1,0,0
0,0,0,2008053,-67.62,146.65,0,0,0,0,-67.5941,146.8308,1,0,0
0,0,0,2008054,-67.62,146.65,0,0,0,0,-67.5941,146.8308,1,0,0
0,0,0,2008055,-67.62,146.65,1,0,0,0,-67.5941,146.8308,1,15,11
0,0,0,2008056,-67.62,146.65,0,0,0,0,-67.5941,146.8308,1,0,0
0,0,0,2008057,-67.62,146.65,0,0,0,0,-67.5941,146.8308,1,0,0
0,0,0,2008058,-67.62,146.65,0,0,0,0,-67.5941,146.8308,1,0,0
0,0,0,2008059,-67.62,146.65,0,0,0,0,-67.5941,146.8308,1,0,0
0,0,0,2008060,-67.62,146.65,0,0,0,0,-67.5941,146.8308,1,0,0
0,0,0,2008061,-67.62,146.65,0,0,0,0,-67.5941,146.8308,1,0,0
0,0,0,2008062,-67.62,146.65,1,0,0,0,-67.5941,146.8308,1,15,11
0,0,0,2008063,-67.62,146.65,0,0,0,0,-67.5941,146.8308,1,0,0
0,0,0,2008064,-67.62,146.65,0,0,0,0,-67.5941,146.8308,1,0,0
0,0,0,2008065,-67.62,146.65,0,0,0,0,-67.5941,146.8308,1,0,0
0,0,0,2008066,-67.62,146.65,0,0,0,0,-67.5941,146.8308,1,0,0
0,0,0,2008067,-67.62,146.65,0,0,0,0,-67.5941,146.8308,1,0,0
0,0,0,2008068,-67.62,146.65,0,0,0,0,-67.5941,146.8308,1,0,0
0,0,0,2008069,-67.62,146.65,1,0,0,0,-67.5941,146.8308,1,15,11
0,0,0,2008070,-67.62,146.65,0,0,0,0,-67.5941,146.8308,1,0,0
0,0,0,2008071,-67.62,146.65,0,0,0,0,-67.5941,146.8308,1,0,0
0,0,0,2008072,-67.62,146.65,0,0,0,0,-67.6218,146.8517,1,0,0
0,0,0,2008073,-67.62,146.65,0,0,0,0,-67.6218,146.8517,1,0,0
0,0,0,2008074,-67.62,146.65,0,0,0,0,-67.6218,146.8517,1,0,0
0,0,0,2008075,-67.62,146.65,0,0,0,0,-67.6218,146.8517,1,0,0
0,0,0,2008076,-67.62,146.65,1,0,0,0,-67.6218,146.8517,1,15,11
0,0,0,2008077,-67.62,146.65,0,0,0,0,-67.6218,146.8517,1,0,0
0,0,0,2008078,-67.62,146.65,0,0,0,0,-67.6218,146.8517,1,0,0
0,0,0,2008079,-67.62,146.65,0,0,0,0,-67.6218,146.8517,1,0,0
0,0,0,2008080,-67.62,146.65,0,0,0,0,-67.6218,146.8517,1,0,0
0,0,0,2008081,-67.62,146.65,0,0,0,0,-67.6218,146.8517,1,0,0
0,0,0,2008082,-67.62,146.65,0,0,0,0,-67.6218,146.8517,1,0,0
0,0,0,2008083,-67.62,146.65,1,0,0,0,-67.6218,146.8517,1,15,11
0,0,0,2008084,-67.62,146.65,0,0,0,0,-67.6218,146.8517,1,0,0
0,0,0,2008085,-67.62,146.65,0,0,0,0,-67.6218,146.8517,1,0,0
0,0,0,2008086,-67.62,146.65,0,0,0,0,-67.6218,146.8517,1,0,0
0,0,0,2008087,-67.62,146.65,0,0,0,0,-67.6218,146.8517,1,0,0
0,0,0,2008088,-67.62,146.65,0,0,0,0,-67.6218,146.8517,1,0,0
0,0,0,2008089,-67.62,146.65,0,0,0,0,-67.6218,146.8517,1,0,0
0,0,0,2008090,-67.62,146.65,1,0,0,0,-67.6218,146.8517,1,15,11
0,0,0,2008091,-67.62,146.65,0,0,0,0,-67.6218,146.8517,1,0,0
0,0,0,2008092,-67.62,146.65,0,0,0,0,-67.6218,146.8517,1,0,0
0,0,0,2008093,-67.62,146.65,0,0,0,0,-67.6218,146.8517,1,0,0
0,0,0,2008094,-67.62,146.65,0,0,0,0,-67.6218,146.8517,1,0,0
0,0,0,2008095,-67.62,146.65,0,0,0,0,-67.6218,146.8517,1,0,0
0,0,0,2008096,-67.62,146.65,0,0,0,0,-67.6218,146.8517,1,0,0
0,0,0,2008097,-67.62,146.65,1,0,0,0,-67.6218,146.8517,1,15,11
0,0,0,2008098,-67.62,146.65,0,0,0,0,-67.6218,146.8517,1,0,0
0,0,0,2008099,-67.62,146.65,0,0,0,0,-67.6218,146.8517,1,0,0
0,0,0,2008100,-67.62,146.65,0,0,0,0,-67.6218,146.8517,1,0,0
0,0,0,2008101,-67.62,146.65,0,0,0,0,-67.6218,146.8517,1,0,0
0,0,0,2008102,-67.62,146.65,0,0,0,0,-67.6218,146.8517,1,0,0
0,0,0,2008103,-67.62,146.65,0,0,0,0,-67.6218,146.8517,1,0,0
0,0,0,2008104,-67.62,146.65,1,0,0,0,-67.6218,146.8517,1,15,11
0,0,0,2008105,-67.62,146.65,0,0,0,0,-67.6218,146.8517,1,0,0
0,0,0,2008106,-67.62,146.65,0,0,0,0,-67.6218,146.8517,1,0,0
0,0,0,2008107,-67.62,146.65,0,0,0,0,-67.6218,146.8517,1,0,0
0,0,0,2008108,-67.62,146.65,0,0,0,0,-67.6218,146.8517,1,0,0
0,0,0,2008109,-67.62,146.65,0,0,0,0,-67.6218,146.8517,1,0,0
0,0,0,2008110,-67.62,146.65,0,0,0,0,-67.6218,146.8517,1,0,0
0,0,0,2008111,-67.62,146.65,1,0,0,0,-67.6218,146.8517,1,15,11
0,0,0,2008112,-67.62,146.65,0,0,0,0,-67.6218,146.8517,1,0,0
0,0,0,2008113,-67.62,146.65,0,0,0,0,-67.6218,146.8517,1,0,0
0,0,0,2008114,-67.62,146.65,0,0,0,0,-67.6218,146.8517,1,0,0
0,0,0,2008115,-67.62,146.65,0,0,0,0,-67.6218,146.8517,1,0,0
0,0,0,2008116,-67.62,146.65,0,0,0,0,-67.6218,146.8517,1,0,0
0,0,0,2008117,-67.62,146.65,0,0,0,0,-67.6218,146.8517,1,0,0
0,0,0,2008118,-67.62,146.65,1,0,0,0,-67.6218,146.8517,1,15,11
0,0,0,2008119,-67.62,146.65,0,0,0,0,-67.6218,146.8517,1,0,0
0,0,0,2008120,-67.62,146.65,0,0,0,0,-67.6218,146.8517,0,0,0
0,0,0,2008121,-67.62,146.65,0,0,0,0,-67.6218,146.8517,1,0,0
0,0,0,2008122,-67.62,146.65,0,0,0,0,-67.6218,146.8517,1,0,0
0,0,0,2008123,-67.62,146.65,0,0,0,0,-67.6218,146.8517,1,0,0
0,0,0,2008124,-67.62,146.65,0,0,0,0,-67.6218,146.8517,1,0,0
0,0,0,2008125,-67.62,146.65,1,0,0,0,-67.6218,146.8517,1,15,11
0,0,0,2008126,-67.6206,146.6506,0,0,0,0,-67.6218,146.8517,1,0,0
0,0,0,2008127,-67.6224,146.6524,0,0,0,0,-67.6218,146.8517,1,0,0
0,0,0,2008128,-67.6248,146.6548,0,0,0,0,-67.6218,146.8517,1,0,0
0,0,0,2008129,-67.6276,146.6576,0,0,0,0,-67.6218,146.8517,1,0,0
0,0,0,2008130,-67.6305,146.6605,0,0,0,0,-67.6218,146.8517,1,0,0
0,0,0,2008131,-67.6331,146.6631,0,0,0,0,-67.6218,146.8517,1,0,0
0,0,0,2008132,-67.635,146.665,1,0,0,0,-67.6218,146.8517,1,15,11
0,0,0,2008133,0,0,0,0,0,0,-67.6218,146.8517,1,0,0
0,0,0,2008134,0,0,0,0,0,0,-67.6218,146.8517,1,0,0
0,0,0,2008135,0,0,0,0,0,0,-67.6218,146.8517,1,0,0
0,0,0,2008136,0,0,0,0,0,0,-67.6218,146.8517,1,0,0
0,0,0,2008137,0,0,0,0,0,0,-67.6218,146.8517,1,0,0
0,0,0,2008138,0,0,0,0,0,0,-67.6218,146.8517,1,0,0
0,0,0,2008139,0,0,0,0,0,0,-67.6218,146.8517,1,0,0
0,0,0,2008140,0,0,0,0,0,0,-67.6218,146.8517,1,0,0
0,0,0,2008141,0,0,0,0,0,0,-67.6218,146.8517,1,0,0
0,0,0,2008142,0,0,0,0,0,0,-67.6218,146.8517,1,0,0
0,0,0,2008143,0,0,0,0,0,0,-67.6218,146.8517,1,0,0
0,0,0,2008144,0,0,0,0,0,0,-67.6218,146.8517,1,0,0
0,0,0,2008145,0,0,0,0,0,0,-67.6218,146.8517,1,0,0
0,0,0,2008146,-67.65,146.68,1,0,0,0,-67.6218,146.8517,1,15,11
0,0,0,2008147,-67.65,146.68,0,0,0,0,-67.6218,146.8517,1,0,0
0,0,0,2008148,-67.65,146.68,0,0,0,0,-67.6218,146.8517,1,0,0
0,0,0,2008149,-67.65,146.68,0,0,0,0,-67.6218,146.8517,1,0,0
0,0,0,2008150,-67.65,146.68,0,0,0,0,-67.6218,146.8517,1,0,0
0,0,0,2008151,-67.65,146.68,0,0,0,0,-67.6218,146.8517,1,0,0
0,0,0,2008152,-67.65,146.68,0,0,0,0,-67.6218,146.8517,1,0,0
0,0,0,2008153,-67.65,146.68,1,0,0,0,-67.6218,146.8517,1,15,11
0,0,0,2008154,-67.65,146.68,0,0,0,0,-67.6218,146.8517,1,0,0
0,0,0,2008155,-67.65,146.68,0,0,0,0,-67.6218,146.8517,1,0,0
0,0,0,2008156,-67.65,146.68,0,0,0,0,-67.6218,146.8517,1,0,0
0,0,0,2008157,-67.65,146.68,0,0,0,0,-67.6218,146.8517,1,0,0
0,0,0,2008158,-67.65,146.68,0,0,0,0,-67.6218,146.8517,1,0,0
0,0,0,2008159,-67.65,146.68,0,0,0,0,-67.6218,146.8517,1,0,0
0,0,0,2008160,-67.65,146.68,1,0,0,0,-67.6218,146.8517,1,15,11
0,0,0,2008161,-67.65,146.68,0,0,0,0,-67.6218,146.8517,1,0,0
0,0,0,2008162,-67.65,146.68,0,0,0,0,-67.6218,146.8517,1,0,0
0,0,0,2008163,-67.65,146.68,0,0,0,0,-67.6218,146.8517,1,0,0
0,0,0,2008164,-67.65,146.68,0,0,0,0,-67.6218,146.8517,1,0,0
0,0,0,2008165,-67.65,146.68,0,0,0,0,-67.6218,146.8517,1,0,0
0,0,0,2008166,-67.65,146.68,0,0,0,0,-67.6218,146.8517,1,0,0
0,0,0,2008167,-67.65,146.68,1,0,0,0,-67.6218,146.8517,1,15,11
0,0,0,2008168,-67.65,146.68,0,0,0,0,-67.6218,146.8517,1,0,0
0,0,0,2008169,-67.65,146.68,0,0,0,0,-67.6218,146.8517,1,0,0
0,0,0,2008170,-67.65,146.68,0,0,0,0,-67.6218,146.8517,1,0,0
0,0,0,2008171,-67.65,146.68,0,0,0,0,-67.6218,146.8517,1,0,0
0,0,0,2008172,-67.65,146.68,0,0,0,0,-67.6218,146.8517,1,0,0
0,0,0,2008173,-67.65,146.68,0,0,0,0,-67.6218,146.8517,1,0,0
0,0,0,2008174,-67.65,146.68,1,0,0,0,-67.6218,146.8517,1,15,11
0,0,0,2008175,-67.65,146.68,0,0,0,0,-67.6218,146.8517,1,0,0
0,0,0,2008176,-67.65,146.68,0,0,0,0,-67.6218,146.8517,1,0,0
0,0,0,2008177,-67.65,146.68,0,0,0,0,-67.6218,146.8517,1,0,0
0,0,0,2008178,-67.65,146.68,0,0,0,0,-67.6218,146.8517,1,0,0
0,0,0,2008179,-67.65,146.68,0,0,0,0,-67.6218,146.8517,1,0,0
0,0,0,2008180,-67.65,146.68,0,0,0,0,-67.6218,146.8517,1,0,0
0,0,0,2008181,-67.65,146.68,1,0,0,0,-67.6218,146.8517,1,15,11
0,0,0,2008182,-67.65,146.68,0,0,0,0,-67.6218,146.8517,1,0,0
0,0,0,2008183,-67.65,146.68,0,0,0,0,-67.6218,146.8517,1,0,0
0,0,0,2008184,-67.65,146.68,0,0,0,0,-67.6218,146.8517,1,0,0
0,0,0,2008185,-67.65,146.68,0,0,0,0,-67.6218,146.8517,1,0,0
0,0,0,2008186,-67.65,146.68,0,0,0,0,-67.6218,146.8517,1,0,0
0,0,0,2008187,-67.65,146.68,0,0,0,0,-67.6218,146.8517,1,0,0
0,0,0,2008188,-67.65,146.68,1,0,0,0,-67.6218,146.8517,1,15,11
0,0,0,2008189,-67.65,146.68,0,0,0,0,-67.6218,146.8517,1,0,0
0,0,0,2008190,-67.65,146.68,0,0,0,0,-67.6218,146.8517,1,0,0
0,0,0,2008191,-67.65,146.68,0,0,0,0,-67.6218,146.8517,1,0,0
0,0,0,2008192,-67.65,146.68,0,0,0,0,-67.6218,146.8517,1,0,0
0,0,0,2008193,-67.65,146.68,0,0,0,0,-67.6218,146.8517,1,0,0
0,0,0,2008194,-67.65,146.68,0,0,0,0,-67.6218,146.8517,1,0,0
0,0,0,2008195,-67.65,146.68,1,0,0,0,-67.6218,146.8517,1,15,11
0,0,0,2008196,-67.65,146.68,0,0,0,0,-67.6218,146.8517,1,0,0
0,0,0,2008197,-67.65,146.68,0,0,0,0,-67.6218,146.8517,1,0,0
0,0,0,2008198,-67.65,146.68,0,0,0,0,-67.6218,146.8517,1,0,0
0,0,0,2008199,-67.65,146.68,0,0,0,0,-67.6218,146.8517,1,0,0
0,0,0,2008200,-67.65,146.68,0,0,0,0,-67.6218,146.8517,1,0,0
0,0,0,2008201,-67.65,146.68,0,0,0,0,-67.6218,146.8517,1,0,0
0,0,0,2008202,-67.65,146.68,1,0,0,0,-67.6218,146.8517,1,15,11
0,0,0,2008203,-67.65,146.68,0,0,0,0,-67.6218,146.8517,1,0,0
0,0,0,2008204,-67.65,146.68,0,0,0,0,-67.6218,146.8517,1,0,0
0,0,0,2008205,-67.65,146.68,0,0,0,0,-67.6218,146.8517,1,0,0
0,0,0,2008206,-67.65,146.68,0,0,0,0,-67.6218,146.8517,1,0,0
0,0,0,2008207,-67.65,146.68,0,0,0,0,-67.6218,146.8517,1,0,0
0,0,0,2008208,-67.65,146.68,0,0,0,0,-67.6218,146.8517,1,0,0
0,0,0,2008209,-67.65,146.68,1,0,0,0,-67.6218,146.8517,1,15,11
0,0,0,2008210,-67.65,146.68,0,0,0,0,-67.6218,146.8517,1,0,0
0,0,0,2008211,-67.65,146.68,0,0,0,0,-67.6218,146.8517,1,0,0
0,0,0,2008212,-67.65,146.68,0,0,0,0,-67.6218,146.8517,1,0,0
0,0,0,2008213,-67.65,146.68,0,0,0,0,-67.6218,146.8517,1,0,0
0,0,0,2008214,-67.65,146.68,0,0,0,0,-67.6218,146.8517,1,0,0
0,0,0,2008215,-67.65,146.68,0,0,0,0,-67.6218,146.8517,1,0,0
0,0,0,2008216,-67.65,146.68,1,0,0,0,-67.6218,146.8517,1,15,11
0,0,0,2008217,-67.65,146.68,0,0,0,0,-67.6218,146.8517,1,0,0
0,0,0,2008218,-67.65,146.68,0,0,0,0,-67.6218,146.8517,1,0,0
0,0,0,2008219,-67.65,146.68,0,0,0,0,-67.6218,146.8517,1,0,0
0,0,0,2008220,-67.65,146.68,0,0,0,0,-67.6218,146.8517,1,0,0
0,0,0,2008221,-67.65,146.68,0,0,0,0,-67.6218,146.8517,1,0,0
0,0,0,2008222,-67.65,146.68,0,0,0,0,-67.6218,146.8517,1,0,0
0,0,0,2008223,-67.65,146.68,1,0,0,0,-67.6218,146.8517,1,15,11
0,0,0,2008224,-67.65,146.6717,0,0,0,0,-67.6218,146.8517,1,0,0
0,0,0,2008225,-67.65,146.6503,0,0,0,0,-67.6218,146.8517,1,0,0
0,0,0,2008226,-67.65,146.621,0,0,0,0,-67.6218,146.8517,1,0,0
0,0,0,2008227,-67.65,146.589,0,0,0,0,-67.6218,146.8517,1,0,0
0,0,0,2008228,-67.65,146.5597,0,0,0,0,-67.6218,146.8517,1,0,0
0,0,0,2008229,-67.65,146.5383,0,0,0,0,-67.6218,146.8517,1,0,0
0,0,0,2008230,-67.65,146.53,1,0,0,0,-67.6218,146.8517,1,15,11
0,0,0,2008231,-67.65,146.5405,0,0,0,0,-67.6218,146.8517,1,0,0
0,0,0,2008232,-67.65,146.5677,0,0,0,0,-67.6218,146.8517,1,0,0
0,0,0,2008233,-67.65,146.6048,0,0,0,0,-67.6218,146.8517,1,0,0
0,0,0,2008234,-67.65,146.6452,0,0,0,0,-67.6218,146.8517,1,0,0
0,0,0,2008235,-67.65,146.6823,0,0,0,0,-67.6218,146.8517,1,0,0
0,0,0,2008236,-67.65,146.7095,0,0,0,0,-67.6218,146.8517,1,0,0
0,0,0,2008237,-67.65,146.72,1,0,0,0,-67.6218,146.8517,1,15,11
0,0,0,2008238,-67.65,146.7181,0,0,0,0,-67.6218,146.8517,1,0,0
0,0,0,2008239,-67.65,146.713,0,0,0,0,-67.6218,146.8517,1,0,0
0,0,0,2008240,-67.65,146.7059,0,0,0,0,-67.6218,146.8517,1,0,0
0,0,0,2008241,-67.65,146.698,0,0,0,0,-67.6218,146.8517,1,0,0
0,0,0,2008242,-67.65,146.6903,0,0,0,0,-67.6218,146.8517,1,0,0
0,0,0,2008243,-67.65,146.6839,0,0,0,0,-67.6218,146.8517,1,0,0
0,0,0,2008244,-67.65,146.68,1,0,0,0,-67.6218,146.8517,1,15,11
0,0,0,2008245,-67.6489,146.6778,0,0,0,0,-67.6218,146.8517,1,0,0
0,0,0,2008246,-67.646,146.6757,0,0,0,0,-67.6218,146.8517,1,0,0
0,0,0,2008247,-67.6421,146.6738,0,0,0,0,-67.6218,146.8517,1,0,0
0,0,0,2008248,-67.6379,146.6723,0,0,0,0,-67.6218,146.8517,1,0,0
0,0,0,2008249,-67.634,146.671,0,0,0,0,-67.6218,146.8517,1,0,0
0,0,0,2008250,-67.6311,146.6703,0,0,0,0,-67.6218,146.8517,1,0,0
0,0,0,2008251,-67.63,146.67,1,0,0,0,-67.6218,146.8517,1,15,11
0,0,0,2008252,-67.63,146.67,0,0,0,0,-67.6218,146.8517,1,0,0
0,0,0,2008253,-67.63,146.67,0,0,0,0,-67.6218,146.8517,1,0,0
0,0,0,2008254,-67.63,146.67,0,0,0,0,-67.6218,146.8517,1,0,0
0,0,0,2008255,-67.63,146.67,0,0,0,0,-67.6218,146.8517,1,0,0
0,0,0,2008256,-67.63,146.67,0,0,0,0,-67.6218,146.8517,1,0,0
0,0,0,2008257,-67.63,146.67,0,0,0,0,-67.6218,146.8517,1,0,0
0,0,0,2008258,-67.63,146.67,1,0,0,0,-67.6218,146.8517,1,15,11
0,0,0,2008259,-67.63,146.67,0,0,0,0,-67.6218,146.8517,1,0,0
0,0,0,2008260,-67.63,146.67,0,0,0,0,-67.6218,146.8517,1,0,0
0,0,0,2008261,-67.63,146.67,0,0,0,0,-67.6218,146.8517,1,0,0
0,0,0,2008262,-67.63,146.67,0,0,0,0,-67.6218,146.8517,1,0,0
0,0,0,2008263,-67.63,146.67,0,0,0,0,-67.6218,146.8517,1,0,0
0,0,0,2008264,-67.63,146.67,0,0,0,0,-67.6218,146.8517,1,0,0
0,0,0,2008265,-67.63,146.67,1,0,0,0,-67.6218,146.8517,1,15,11
0,0,0,2008266,-67.63,146.67,0,0,0,0,-67.6218,146.8517,1,0,0
0,0,0,2008267,-67.63,146.67,0,0,0,0,-67.6218,146.8517,1,0,0
0,0,0,2008268,-67.63,146.67,0,0,0,0,-67.6218,146.8517,1,0,0
0,0,0,2008269,-67.63,146.67,0,0,0,0,-67.6218,146.8517,1,0,0
0,0,0,2008270,-67.63,146.67,0,0,0,0,-67.6218,146.8517,1,0,0
0,0,0,2008271,-67.63,146.67,0,0,0,0,-67.6218,146.8517,1,0,0
0,0,0,2008272,-67.63,146.67,1,0,0,0,-67.6218,146.8517,1,15,11
0,0,0,2008273,-67.63,146.67,0,0,0,0,-67.6218,146.8517,1,0,0
0,0,0,2008274,-67.63,146.67,0,0,0,0,-67.6218,146.8517,1,0,0
0,0,0,2008275,-67.63,146.67,0,0,0,0,-67.6218,146.8517,1,0,0
0,0,0,2008276,-67.63,146.67,0,0,0,0,-67.6218,146.8517,1,0,0
0,0,0,2008277,-67.63,146.67,0,0,0,0,-67.6218,146.8517,1,0,0
0,0,0,2008278,-67.63,146.67,0,0,0,0,-67.6218,146.8517,1,0,0
0,0,0,2008279,-67.63,146.67,1,0,0,0,-67.6218,146.8517,1,15,11
0,0,0,2008280,-67.63,146.67,0,0,0,0,-67.6218,146.8517,1,0,0
0,0,0,2008281,-67.63,146.67,0,0,0,0,-67.6218,146.8517,1,0,0
0,0,0,2008282,-67.63,146.67,0,0,0,0,-67.6218,146.8517,1,0,0
0,0,0,2008283,-67.63,146.67,0,0,0,0,-67.6218,146.8517,1,0,0
0,0,0,2008284,-67.63,146.67,0,0,0,0,-67.6218,146.8517,1,0,0
0,0,0,2008285,-67.63,146.67,0,0,0,0,-67.6218,146.8517,1,0,0
0,0,0,2008286,-67.63,146.67,1,0,0,0,-67.6218,146.8517,1,15,11
0,0,0,2008287,-67.63,146.67,0,0,0,0,-67.6218,146.8517,1,0,0
0,0,0,2008288,-67.63,146.67,0,0,0,0,-67.6218,146.8517,1,0,0
0,0,0,2008289,-67.63,146.67,0,0,0,0,-67.6218,146.8517,1,0,0
0,0,0,2008290,-67.63,146.67,0,0,0,0,-67.6218,146.8517,1,0,0
0,0,0,2008291,-67.63,146.67,0,0,0,0,-67.6218,146.8517,1,0,0
0,0,0,2008292,-67.63,146.67,0,0,0,0,-67.6218,146.8517,1,0,0
0,0,0,2008293,-67.63,146.67,1,0,0,0,-67.6218,146.8517,1,15,11
0,0,0,2008294,0,0,0,0,0,0,-67.6218,146.8517,1,0,0
0,0,0,2008295,0,0,0,0,0,0,-67.6218,146.8517,1,0,0
0,0,0,2008296,0,0,0,0,0,0,-67.6218,146.8517,1,0,0
0,0,0,2008297,0,0,0,0,0,0,-67.6218,146.8517,1,0,0
0,0,0,2008298,0,0,0,0,0,0,-67.6218,146.8517,1,0,0
0,0,0,2008299,0,0,0,0,0,0,-67.6218,146.8517,1,0,0
0,0,0,2008300,0,0,0,0,0,0,-67.6218,146.8517,1,0,0
0,0,0,2008301,0,0,0,0,0,0,-67.6218,146.8517,1,0,0
0,0,0,2008302,0,0,0,0,0,0,-67.6218,146.8517,1,0,0
0,0,0,2008303,0,0,0,0,0,0,-67.6218,146.8517,1,0,0
0,0,0,2008304,0,0,0,0,0,0,-67.6218,146.8517,1,0,0
0,0,0,2008305,0,0,0,0,0,0,-67.6218,146.8517,1,0,0
0,0,0,2008306,0,0,0,0,0,0,-67.6218,146.8517,1,0,0
0,0,0,2008307,-67.63,146.67,1,0,0,0,-67.6218,146.8517,1,15,11
0,0,0,2008308,-67.63,146.67,0,0,0,0,-67.6218,146.8517,1,0,0
0,0,0,2008309,-67.63,146.67,0,0,0,0,-67.6218,146.8517,1,0,0
0,0,0,2008310,-67.63,146.67,0,0,0,0,-67.6218,146.8517,1,0,0
0,0,0,2008311,-67.63,146.67,0,0,0,0,-67.6218,146.8517,1,0,0
0,0,0,2008312,-67.63,146.67,0,0,0,0,-67.6218,146.8517,1,0,0
0,0,0,2008313,-67.63,146.67,0,0,0,0,-67.6218,146.8517,1,0,0
0,0,0,2008314,-67.63,146.67,1,0,0,0,-67.6218,146.8517,1,15,11
0,0,0,2008315,-67.63,146.67,0,0,0,0,-67.6218,146.8517,1,0,0
0,0,0,2008316,-67.63,146.67,0,0,0,0,-67.6218,146.8517,1,0,0
0,0,0,2008317,-67.63,146.67,0,0,0,0,-67.6218,146.8517,1,0,0
0,0,0,2008318,-67.63,146.67,0,0,0,0,-67.6218,146.8517,1,0,0
0,0,0,2008319,-67.63,146.67,0,0,0,0,-67.6218,146.8517,1,0,0
0,0,0,2008320,-67.63,146.67,0,0,0,0,-67.6218,146.8517,1,0,0
0,0,0,2008321,-67.63,146.67,1,0,0,0,-67.6218,146.8517,1,15,11
0,0,0,2008322,0,0,0,0,0,0,-67.6218,146.8517,1,0,0
0,0,0,2008323,0,0,0,0,0,0,-67.6218,146.8517,1,0,0
0,0,0,2008324,0,0,0,0,0,0,-67.6218,146.8517,1,0,0
0,0,0,2008325,0,0,0,0,0,0,-67.6218,146.8517,1,0,0
0,0,0,2008326,0,0,0,0,0,0,-67.6218,146.8517,1,0,0
0,0,0,2008327,0,0,0,0,0,0,-67.6218,146.8517,1,0,0
0,0,0,2008328,0,0,0,0,0,0,-67.6218,146.8517,1,0,0
0,0,0,2008329,0,0,0,0,0,0,-67.6218,146.8517,1,0,0
0,0,0,2008330,0,0,0,0,0,0,-67.6218,146.8517,1,0,0
0,0,0,2008331,0,0,0,0,0,0,-67.6218,146.8517,0,0,0
0,0,0,2008332,0,0,0,0,0,0,-67.6218,146.8517,0,0,0
0,0,0,2008333,0,0,0,0,0,0,-67.6218,146.8517,0,0,0
0,0,0,2008334,0,0,0,0,0,0,-67.6218,146.8517,1,0,0
0,0,0,2008335,-67.63,146.67,1,0,0,0,-67.6218,146.8517,1,15,11
0,0,0,2008336,-67.63,146.67,0,0,0,0,-67.7104,146.6631,1,0,0
0,0,0,2008337,-67.63,146.67,0,0,0,0,-67.7104,146.6631,1,0,0
0,0,0,2008338,-67.63,146.67,0,0,0,0,-67.7104,146.6631,1,0,0
0,0,0,2008339,-67.63,146.67,0,0,0,0,-67.7104,146.6631,1,0,0
0,0,0,2008340,-67.63,146.67,0,0,0,0,-67.7104,146.6631,1,0,0
0,0,0,2008341,-67.63,146.67,0,0,0,0,-67.6488,146.74,1,0,0
0,0,0,2008342,-67.63,146.67,1,0,0,0,-67.6488,146.74,1,15,11
0,0,0,2008343,-67.63,146.67,0,0,0,0,-67.6488,146.74,1,0,0
0,0,0,2008344,-67.63,146.67,0,0,0,0,-67.6488,146.74,1,0,0
0,0,0,2008345,-67.63,146.67,0,0,0,0,-67.6488,146.74,1,0,0
0,0,0,2008346,-67.63,146.67,0,0,0,0,-67.6488,146.74,1,0,0
0,0,0,2008347,-67.63,146.67,0,0,0,0,-67.6488,146.74,1,0,0
0,0,0,2008348,-67.63,146.67,0,0,0,0,-67.6488,146.74,1,0,0
0,0,0,2008349,-67.63,146.67,1,0,0,0,-67.6488,146.74,1,15,11
0,0,0,2008350,0,0,0,0,0,0,-67.6488,146.74,1,0,0
0,0,0,2008351,0,0,0,0,0,0,-67.6488,146.74,1,0,0
0,0,0,2008352,0,0,0,0,0,0,-67.6488,146.74,1,0,0
0,0,0,2008353,0,0,0,0,0,0,-67.6488,146.74,1,0,0
0,0,0,2008354,0,0,0,0,0,0,-67.6488,146.74,1,0,0
0,0,0,2008355,0,0,0,0,0,0,-67.6488,146.74,1,0,0
0,0,0,2008356,0,0,0,0,0,0,-67.6488,146.74,1,0,0
0,0,0,2008357,0,0,0,0,0,0,-67.6488,146.74,1,0,0
0,0,0,2008358,0,0,0,0,0,0,-67.6488,146.74,1,0,0
0,0,0,2008359,0,0,0,0,0,0,-67.6488,146.74,1,0,0
0,0,0,2008360,0,0,0,0,0,0,-67.6488,146.74,1,0,0
0,0,0,2008361,0,0,0,0,0,0,-67.6488,146.74,1,0,0
0,0,0,2008362,0,0,0,0,0,0,-67.6488,146.74,1,0,0
0,0,0,2008363,0,0,0,0,0,0,-67.6488,146.74,1,0,0
0,0,0,2008364,0,0,0,0,0,0,-67.6488,146.74,1,0,0
0,0,0,2008365,0,0,0,0,0,0,-67.6488,146.74,1,0,0
0,0,0,2008366,0,0,0,0,0,0,-67.6488,146.74,1,0,0
0,0,0,2009001,0,0,0,0,0,0,-67.6488,146.74,1,0,0
0,0,0,2009002,0,0,0,0,0,0,-67.6488,146.74,1,0,0
0,0,0,2009003,0,0,0,0,0,0,-67.6488,146.74,1,0,0
0,0,0,2009004,0,0,0,0,0,0,-67.6488,146.74,1,0,0
0,0,0,2009005,0,0,0,0,0,0,-67.6488,146.74,1,0,0
0,0,0,2009006,0,0,0,0,0,0,-67.6488,146.74,1,0,0
0,0,0,2009007,0,0,0,0,0,0,-67.6488,146.74,1,0,0
0,0,0,2009008,0,0,0,0,0,0,-67.6488,146.74,1,0,0
0,0,0,2009009,0,0,0,0,0,0,-67.6488,146.74,1,0,0
0,0,0,2009010,0,0,0,0,0,0,-67.6488,146.74,1,0,0
0,0,0,2009011,0,0,0,0,0,0,-67.6488,146.74,1,0,0
0,0,0,2009012,0,0,0,0,0,0,-67.6488,146.74,1,0,0
0,0,0,2009013,0,0,0,0,0,0,-67.6488,146.74,1,0,0
0,0,0,2009014,0,0,0,0,0,0,-67.6488,146.74,1,0,0
0,0,0,2009015,0,0,0,0,0,0,-67.6488,146.74,1,0,0
0,0,0,2009016,0,0,0,0,0,0,-67.6488,146.74,1,0,0
0,0,0,2009017,0,0,0,0,0,0,-67.6488,146.74,1,0,0
0,0,0,2009018,0,0,0,0,0,0,-67.6488,146.74,1,0,0
0,0,0,2009019,0,0,0,0,0,0,-67.6414,146.6895,1,0,0
0,0,0,2009020,0,0,0,0,0,0,-67.6092,146.7104,1,0,0
0,0,0,2009021,0,0,0,0,0,0,-67.6141,146.7694,1,0,0
0,0,0,2009022,0,0,0,0,0,0,-67.6263,146.7432,1,0,0
0,0,0,2009023,0,0,0,0,0,0,-67.6433,146.7364,1,0,0
0,0,0,2009024,0,0,0,0,0,0,-67.6402,146.7417,1,0,0
0,0,0,2009025,0,0,0,0,0,0,-67.652,146.6764,1,0,0
0,0,0,2009026,0,0,0,0,0,0,-67.6367,146.708,1,0,0
0,0,0,2009027,0,0,0,0,0,0,-67.6542,146.7227,1,0,0
0,0,0,2009028,0,0,0,0,0,0,-67.6463,146.7088,1,0,0
0,0,0,2009029,0,0,0,0,0,0,-67.6319,146.6887,1,0,0
0,0,0,2009030,0,0,0,0,0,0,-67.6646,146.7271,1,0,0
0,0,0,2009031,0,0,0,0,0,0,-67.6594,146.6862,1,0,0
0,0,0,2009032,0,0,0,0,0,0,-67.6554,146.7828,1,0,0
0,0,0,2009033,0,0,0,0,0,0,-67.6537,146.7582,1,0,0
0,0,0,2009034,0,0,0,0,0,0,-67.6301,146.7763,1,0,0
0,0,0,2009035,0,0,0,0,0,0,-67.6341,146.6624,1,0,0
0,0,0,2009036,0,0,0,0,0,0,-67.6485,146.755,1,0,0
0,0,0,2009037,0,0,0,0,0,0,-67.6232,146.7485,1,0,0
0,0,0,2009038,0,0,0,0,0,0,-67.6511,146.7678,1,0,0
0,0,0,2009039,0,0,0,0,0,0,-67.6471,146.7695,1,0,0
0,0,0,2009040,0,0,0,0,0,0,-67.6471,146.7695,1,0,0
0,0,0,2009041,0,0,0,0,0,0,-67.6367,146.7651,1,0,0
0,0,0,2009042,0,0,0,0,0,0,-67.6297,146.7373,1,0,0
0,0,0,2009043,0,0,0,0,0,0,-67.6467,146.7304,1,0,0
0,0,0,2009044,0,0,0,0,0,0,-67.6232,146.7485,1,0,0
0,0,0,2009045,0,0,0,0,0,0,-67.6223,146.7276,1,0,0
0,0,0,2009046,0,0,0,0,0,0,-67.6259,146.7042,1,0,0
0,0,0,2009047,0,0,0,0,0,0,-67.6437,146.7183,1,0,0
0,0,0,2009048,0,0,0,0,0,0,-67.648,146.7731,1,0,0
0,0,0,2009049,0,0,0,0,0,0,-67.651,146.7852,1,0,0
0,0,0,2009050,0,0,0,0,0,0,-67.6288,146.7337,1,0,0
0,0,0,2009051,0,0,0,0,0,0,-67.6323,146.7103,1,0,0
0,0,0,2009052,0,0,0,0,0,0,-67.6372,146.7296,1,0,0
0,0,0,2009053,0,0,0,0,0,0,-67.6506,146.7461,1,0,0
0,0,0,2009054,0,0,0,0,0,0,-67.6467,146.7304,1,0,0
0,0,0,2009055,0,0,0,0,0,0,-67.6454,146.6877,1,0,0
0,0,0,2009056,0,0,0,0,0,0,-67.6454,146.6877,1,0,0
0,0,0,2009057,0,0,0,0,0,0,-67.6616,146.6201,1,0,0
0,0,0,2009058,0,0,0,0,0,0,-67.6637,146.6838,1,0,0
0,0,0,2009059,0,0,0,0,0,0,-67.6637,146.6838,1,0,0
0,0,0,2009060,0,0,0,0,0,0,-67.6637,146.6838,1,0,0
0,0,0,2009061,0,0,0,0,0,0,-67.6637,146.6838,1,0,0
0,0,0,2009062,0,0,0,0,0,0,-67.6637,146.6838,1,0,0
0,0,0,2009063,0,0,0,0,0,0,-67.6637,146.6838,1,0,0
0,0,0,2009064,0,0,0,0,0,0,-67.6637,146.6838,1,0,0
0,0,0,2009065,0,0,0,0,0,0,-67.6798,146.6733,1,0,0
0,0,0,2009066,0,0,0,0,0,0,-67.6798,146.6733,1,0,0
0,0,0,2009067,0,0,0,0,0,0,-67.6798,146.6733,1,0,0
0,0,0,2009068,0,0,0,0,0,0,-67.6379,146.768,1,0,0
0,0,0,2009069,0,0,0,0,0,0,-67.644,146.8697,1,0,0
0,0,0,2009070,0,0,0,0,0,0,-67.6479,146.8302,1,0,0
0,0,0,2009071,0,0,0,0,0,0,-67.6479,146.8302,1,0,0
0,0,0,2009072,0,0,0,0,0,0,-67.6375,146.8258,1,0,0
0,0,0,2009073,0,0,0,0,0,0,-67.6593,146.8383,1,0,0
0,0,0,2009074,0,0,0,0,0,0,-67.6462,146.7659,1,0,0
0,0,0,2009075,0,0,0,0,0,0,-67.6354,146.7224,1,0,0
0,0,0,2009076,0,0,0,0,0,0,-67.6755,146.7707,1,0,0
0,0,0,2009077,0,0,0,0,0,0,-67.6598,146.7253,1,0,0
0,0,0,2009078,0,0,0,0,0,0,-67.6777,146.722,1,0,0
0,0,0,2009079,0,0,0,0,0,0,-67.6711,146.7507,1,0,0
0,0,0,2009080,0,0,0,0,0,0,-67.6755,146.6756,1,0,0
0,0,0,2009081,0,0,0,0,0,0,-67.6824,146.6462,1,0,0
0,0,0,2009082,0,0,0,0,0,0,-67.6833,146.6673,1,0,0
0,0,0,2009083,0,0,0,0,0,0,-67.6676,146.7169,1,0,0
0,0,0,2009084,0,0,0,0,0,0,-67.637,146.8593,1,0,0
0,0,0,2009085,0,0,0,0,0,0,-67.6689,146.8391,1,0,0
0,0,0,2009086,0,0,0,0,0,0,-67.6737,146.7635,1,0,0
0,0,0,2009087,0,0,0,0,0,0,-67.6493,146.7208,1,0,0
0,0,0,2009088,0,0,0,0,0,0,-67.6541,146.7401,1,0,0
0,0,0,2009089,0,0,0,0,0,0,-67.6685,146.7603,1,0,0
0,0,0,2009090,0,0,0,0,0,0,-67.6741,146.7454,1,0,0
0,0,0,2009091,0,0,0,0,0,0,-67.6728,146.8151,1,0,0
0,0,0,2009092,0,0,0,0,0,0,-67.6811,146.7732,1,0,0
0,0,0,2009093,0,0,0,0,0,0,-67.6811,146.7732,1,0,0
0,0,0,2009094,0,0,0,0,0,0,-67.6445,146.7016,1,0,0
0,0,0,2009095,0,0,0,0,0,0,-67.6511,146.728,1,0,0
0,0,0,2009096,0,0,0,0,0,0,-67.6646,146.7446,1,0,0
0,0,0,2009097,0,0,0,0,0,0,-67.6637,146.741,1,0,0
0,0,0,2009098,0,0,0,0,0,0,-67.6323,146.7277,1,0,0
0,0,0,2009099,0,0,0,0,0,0,-67.6427,146.827,1,0,0
0,0,0,2009100,0,0,0,0,0,0,-67.6659,146.827,1,0,0
0,0,0,2009101,0,0,0,0,0,0,-67.6659,146.827,1,0,0
0,0,0,2009102,0,0,0,0,0,0,-67.6475,146.8085,1,0,0
0,0,0,2009103,0,0,0,0,0,0,-67.6615,146.6772,1,0,0
0,0,0,2009104,0,0,0,0,0,0,-67.6484,146.7724,1,0,0
0,0,0,2009105,0,0,0,0,0,0,-67.6379,146.8077,1,0,0
0,0,0,2009106,0,0,0,0,0,0,-67.6437,146.7754,1,0,0
0,0,0,2009107,0,0,0,0,0,0,-67.651,146.7852,1,0,0
0,0,0,2009108,0,0,0,0,0,0,-67.651,146.7852,1,0,0
0,0,0,2009109,0,0,0,0,0,0,-67.6471,146.7695,1,0,0
0,0,0,2009110,0,0,0,0,0,0,-67.6549,146.8009,1,0,0
0,0,0,2009111,0,0,0,0,0,0,-67.6432,146.7538,1,0,0
0,0,0,2009112,0,0,0,0,0,0,-67.6571,146.8472,1,0,0
0,0,0,2009113,0,0,0,0,0,0,-67.6685,146.705,1,0,0
0,0,0,2009114,0,0,0,0,0,0,-67.6471,146.7298,1,0,0
0,0,0,2009115,0,0,0,0,0,0,-67.6637,146.8359,1,0,0
0,0,0,2009116,0,0,0,0,0,0,-67.6658,146.8444,1,0,0
0,0,0,2009117,0,0,0,0,0,0,-67.6501,146.7816,1,0,0
0,0,0,2009118,0,0,0,0,0,0,-67.6418,146.8234,1,0,0
0,0,0,2009119,0,0,0,0,0,0,-67.6418,146.8234,1,0,0
0,0,0,2009120,0,0,0,0,0,0,-67.6449,146.8181,1,0,0
0,0,0,2009121,0,0,0,0,0,0,-67.6672,146.7573,1,0,0
0,0,0,2009122,0,0,0,0,0,0,-67.6781,146.6486,1,0,0
0,0,0,2009123,0,0,0,0,0,0,-67.6375,146.7464,1,0,0
0,0,0,2009124,0,0,0,0,0,0,-67.614,146.7867,1,0,0
0,0,0,2009125,0,0,0,0,0,0,-67.614,146.7867,1,0,0
0,0,0,2009126,0,0,0,0,0,0,-67.628,146.8075,1,0,0
0,0,0,2009127,0,0,0,0,0,0,-67.6738,146.746,1,0,0
0,0,0,2009128,0,0,0,0,0,0,-67.6362,146.7434,1,0,0
0,0,0,2009129,0,0,0,0,0,0,-67.6349,146.7956,1,0,0
0,0,0,2009130,0,0,0,0,0,0,-67.6396,146.872,1,0,0
0,0,0,2009131,0,0,0,0,0,0,-67.6387,146.8684,1,0,0
0,0,0,2009132,0,0,0,0,0,0,-67.6453,146.8572,1,0,0
0,0,0,2009133,0,0,0,0,0,0,-67.6348,146.8527,1,0,0
0,0,0,2009134,0,0,0,0,0,0,-67.6598,146.765,1,0,0
0,0,0,2009135,0,0,0,0,0,0,-67.6571,146.7522,1,0,0
0,0,0,2009136,0,0,0,0,0,0,-67.6309,146.7973,1,0,0
0,0,0,2009137,0,0,0,0,0,0,-67.6148,146.8474,1,0,0
0,0,0,2009138,0,0,0,0,0,0,-67.6388,146.851,1,0,0
0,0,0,2009139,0,0,0,0,0,0,-67.6623,146.8504,1,0,0
0,0,0,2009140,0,0,0,0,0,0,-67.658,146.813,1,0,0
0,0,0,2009141,0,0,0,0,0,0,-67.6278,146.8423,1,0,0
0,0,0,2009142,0,0,0,0,0,0,-67.6507,146.7858,1,0,0
0,0,0,2009143,0,0,0,0,0,0,-67.6667,146.8481,1,0,0
0,0,0,2009144,0,0,0,0,0,0,-67.6528,146.7546,1,0,0
0,0,0,2009145,0,0,0,0,0,0,-67.6288,146.7337,1,0,0
0,0,0,2009146,0,0,0,0,0,0,-67.6288,146.7337,1,0,0
0,0,0,2009147,0,0,0,0,0,0,-67.6288,146.7337,1,0,0
0,0,0,2009148,0,0,0,0,0,0,-67.6288,146.7337,1,0,0
0,0,0,2009149,0,0,0,0,0,0,-67.6288,146.7337,1,0,0
0,0,0,2009150,0,0,0,0,0,0,-67.6288,146.7337,1,0,0
0,0,0,2009151,0,0,0,0,0,0,-67.6288,146.7337,1,0,0
0,0,0,2009152,0,0,0,0,0,0,-67.6288,146.7337,1,0,0
0,0,0,2009153,0,0,0,0,0,0,-67.6288,146.7337,1,0,0
0,0,0,2009154,0,0,0,0,0,0,-67.6288,146.7337,1,0,0
0,0,0,2009155,0,0,0,0,0,0,-67.6288,146.7337,1,0,0
0,0,0,2009156,0,0,0,0,0,0,-67.6288,146.7337,1,0,0
0,0,0,2009157,0,0,0,0,0,0,-67.6288,146.7337,1,0,0
0,0,0,2009158,0,0,0,0,0,0,-67.6288,146.7337,1,0,0
0,0,0,2009159,0,0,0,0,0,0,-67.6288,146.7337,1,0,0
0,0,0,2009160,0,0,0,0,0,0,-67.6288,146.7337,1,0,0
0,0,0,2009161,0,0,0,0,0,0,-67.6288,146.7337,1,0,0
0,0,0,2009162,0,0,0,0,0,0,-67.6288,146.7337,1,0,0
0,0,0,2009163,0,0,0,0,0,0,-67.6288,146.7337,1,0,0
0,0,0,2009164,0,0,0,0,0,0,-67.6376,146.7687,1,0,0
0,0,0,2009165,0,0,0,0,0,0,-67.6376,146.7687,1,0,0
0,0,0,2009166,0,0,0,0,0,0,-67.6376,146.7687,1,0,0
0,0,0,2009167,0,0,0,0,0,0,-67.6376,146.7687,1,0,0
0,0,0,2009168,0,0,0,0,0,0,-67.6376,146.7687,1,0,0
0,0,0,2009169,0,0,0,0,0,0,-67.6376,146.7687,1,0,0
0,0,0,2009170,0,0,0,0,0,0,-67.6376,146.7687,1,0,0
0,0,0,2009171,0,0,0,0,0,0,-67.6376,146.7687,1,0,0
0,0,0,2009172,0,0,0,0,0,0,-67.6376,146.7687,1,0,0
0,0,0,2009173,0,0,0,0,0,0,-67.6153,146.8293,1,0,0
0,0,0,2009174,0,0,0,0,0,0,-67.6232,146.7882,1,0,0
0,0,0,2009175,0,0,0,0,0,0,-67.6232,146.7882,1,0,0
0,0,0,2009176,0,0,0,0,0,0,-67.6232,146.7882,1,0,0
0,0,0,2009177,0,0,0,0,0,0,-67.6419,146.806,1,0,0
0,0,0,2009178,0,0,0,0,0,0,-67.6419,146.806,1,0,0
0,0,0,2009179,0,0,0,0,0,0,-67.6419,146.806,1,0,0
0,0,0,2009180,0,0,0,0,0,0,-67.6419,146.806,1,0,0
0,0,0,2009181,0,0,0,0,0,0,-67.6419,146.806,1,0,0
0,0,0,2009182,0,0,0,0,0,0,-67.6419,146.806,1,0,0
0,0,0,2009183,0,0,0,0,0,0,-67.6419,146.806,1,0,0
0,0,0,2009184,0,0,0,0,0,0,-67.6419,146.806,1,0,0
0,0,0,2009185,0,0,0,0,0,0,-67.6419,146.806,1,0,0
0,0,0,2009186,0,0,0,0,0,0,-67.6419,146.806,1,0,0
0,0,0,2009187,0,0,0,0,0,0,-67.6419,146.806,1,0,0
0,0,0,2009188,0,0,0,0,0,0,-67.6419,146.806,1,0,0
0,0,0,2009189,0,0,0,0,0,0,-67.6419,146.806,1,0,0
0,0,0,2009190,0,0,0,0,0,0,-67.6419,146.806,1,0,0
0,0,0,2009191,0,0,0,0,0,0,-67.6419,146.806,1,0,0
0,0,0,2009192,0,0,0,0,0,0,-67.6419,146.806,1,0,0
0,0,0,2009193,0,0,0,0,0,0,-67.6419,146.806,1,0,0
0,0,0,2009194,0,0,0,0,0,0,-67.6419,146.806,1,0,0
0,0,0,2009195,0,0,0,0,0,0,-67.607,146.816,1,0,0
0,0,0,2009196,0,0,0,0,0,0,-67.628,146.8075,1,0,0
0,0,0,2009197,0,0,0,0,0,0,-67.6738,146.746,1,0,0
0,0,0,2009198,0,0,0,0,0,0,-67.665,146.7837,1,0,0
0,0,0,2009199,0,0,0,0,0,0,-67.6558,146.7096,1,0,0
0,0,0,2009200,0,0,0,0,0,0,-67.6633,146.7019,1,0,0
0,0,0,2009201,0,0,0,0,0,0,-67.6646,146.7446,1,0,0
0,0,0,2009202,0,0,0,0,0,0,-67.6506,146.7635,1,0,0
0,0,0,2009203,0,0,0,0,0,0,-67.6668,146.7356,1,0,0
0,0,0,2009204,0,0,0,0,0,0,-67.6668,146.7356,1,0,0
0,0,0,2009205,0,0,0,0,0,0,-67.6668,146.7356,1,0,0
0,0,0,2009206,0,0,0,0,0,0,-67.6668,146.7356,1,0,0
0,0,0,2009207,0,0,0,0,0,0,-67.6668,146.7356,1,0,0
0,0,0,2009208,0,0,0,0,0,0,-67.6668,146.7356,1,0,0
0,0,0,2009209,0,0,0,0,0,0,-67.6668,146.7356,1,0,0
0,0,0,2009210,0,0,0,0,0,0,-67.6668,146.7356,1,0,0
0,0,0,2009211,0,0,0,0,0,0,-67.6668,146.7356,1,0,0
0,0,0,2009212,0,0,0,0,0,0,-67.6668,146.7356,1,0,0
0,0,0,2009213,0,0,0,0,0,0,-67.6668,146.7356,1,0,0
0,0,0,2009214,0,0,0,0,0,0,-67.6668,146.7356,1,0,0
0,0,0,2009215,0,0,0,0,0,0,-67.6427,146.7321,1,0,0
0,0,0,2009216,0,0,0,0,0,0,-67.6427,146.7321,1,0,0
0,0,0,2009217,0,0,0,0,0,0,-67.6532,146.8315,1,0,0
0,0,0,2009218,0,0,0,0,0,0,-67.6532,146.8315,1,0,0
0,0,0,2009219,0,0,0,0,0,0,-67.6532,146.8315,1,0,0
0,0,0,2009220,0,0,0,0,0,0,-67.6532,146.8315,1,0,0
0,0,0,2009221,0,0,0,0,0,0,-67.6397,146.7771,1,0,0
0,0,0,2009222,0,0,0,0,0,0,-67.6457,146.8391,1,0,0
0,0,0,2009223,0,0,0,0,0,0,-67.6545,146.819,1,0,0
0,0,0,2009224,0,0,0,0,0,0,-67.6631,146.8714,1,0,0
0,0,0,2009225,0,0,0,0,0,0,-67.6631,146.8714,1,0,0
0,0,0,2009226,0,0,0,0,0,0,-67.6631,146.8714,1,0,0
0,0,0,2009227,0,0,0,0,0,0,-67.6702,146.7869,1,0,0
0,0,0,2009228,0,0,0,0,0,0,-67.6549,146.8183,1,0,0
0,0,0,2009229,0,0,0,0,0,0,-67.6549,146.8183,1,0,0
0,0,0,2009230,0,0,0,0,0,0,-67.6488,146.8512,1,0,0
0,0,0,2009231,0,0,0,0,0,0,-67.6414,146.8415,1,0,0
0,0,0,2009232,0,0,0,0,0,0,-67.6414,146.8415,1,0,0
0,0,0,2009233,0,0,0,0,0,0,-67.6401,146.7988,1,0,0
0,0,0,2009234,0,0,0,0,0,0,-67.6384,146.8294,1,0,0
0,0,0,2009235,0,0,0,0,0,0,-67.6384,146.8294,1,0,0
0,0,0,2009236,0,0,0,0,0,0,-67.6384,146.8294,1,0,0
0,0,0,2009237,0,0,0,0,0,0,-67.6384,146.8294,1,0,0
0,0,0,2009238,0,0,0,0,0,0,-67.6384,146.8294,1,0,0
0,0,0,2009239,0,0,0,0,0,0,-67.6384,146.8294,1,0,0
0,0,0,2009240,0,0,0,0,0,0,-67.6384,146.8294,1,0,0
0,0,0,2009241,0,0,0,0,0,0,-67.6227,146.7666,1,0,0
0,0,0,2009242,0,0,0,0,0,0,-67.6315,146.8016,1,0,0
0,0,0,2009243,0,0,0,0,0,0,-67.6214,146.8361,1,0,0
0,0,0,2009244,0,0,0,0,0,0,-67.6214,146.8361,1,0,0
0,0,0,2009245,0,0,0,0,0,0,-67.6205,146.8151,1,0,0
0,0,0,2009246,0,0,0,0,0,0,-67.6244,146.8308,1,0,0
0,0,0,2009247,0,0,0,0,0,0,-67.6267,146.8083,0,0,0
0,0,0,2009248,0,0,0,0,0,0,-67.6297,146.777,1,0,0
0,0,0,2009249,0,0,0,0,0,0,-67.6406,146.7633,1,0,0
0,0,0,2009250,0,0,0,0,0,0,-67.6336,146.753,1,0,0
0,0,0,2009251,0,0,0,0,0,0,-67.6467,146.7304,1,0,0
0,0,0,2009252,0,0,0,0,0,0,-67.6467,146.7304,1,0,0
0,0,0,2009253,0,0,0,0,0,0,-67.6546,146.7618,1,0,0
0,0,0,2009254,0,0,0,0,0,0,-67.6471,146.7695,1,0,0
0,0,0,2009255,0,0,0,0,0,0,-67.6262,146.7606,1,0,0
0,0,0,2009256,0,0,0,0,0,0,-67.6302,146.7589,1,0,0
0,0,0,2009257,0,0,0,0,0,0,-67.6236,146.7702,1,0,0
0,0,0,2009258,0,0,0,0,0,0,-67.6236,146.7702,1,0,0
0,0,0,2009259,0,0,0,0,0,0,-67.6327,146.8442,1,0,0
0,0,0,2009260,0,0,0,0,0,0,-67.624,146.8092,1,0,0
0,0,0,2009261,0,0,0,0,0,0,-67.6332,146.771,1,0,0
0,0,0,2009262,0,0,0,0,0,0,-67.6171,146.7814,1,0,0
0,0,0,2009263,0,0,0,0,0,0,-67.6197,146.7545,1,0,0
0,0,0,2009264,0,0,0,0,0,0,-67.6223,146.7276,1,0,0
0,0,0,2009265,0,0,0,0,0,0,-67.635,146.7782,1,0,0
0,0,0,2009266,0,0,0,0,0,0,-67.6288,146.8285,1,0,0
0,0,0,2009267,0,0,0,0,0,0,-67.6135,146.8048,1,0,0
0,0,0,2009268,0,0,0,0,0,0,-67.6202,146.7761,1,0,0
0,0,0,2009269,0,0,0,0,0,0,-67.6315,146.8016,1,0,0
0,0,0,2009270,0,0,0,0,0,0,-67.6357,146.8563,1,0,0
0,0,0,2009271,0,0,0,0,0,0,-67.627,146.8213,1,0,0
0,0,0,2009272,0,0,0,0,0,0,-67.6318,146.8406,1,0,0
0,0,0,2009273,0,0,0,0,0,0,-67.6148,146.8474,1,0,0
0,0,0,2009274,0,0,0,0,0,0,-67.6062,146.795,1,0,0
0,0,0,2009275,0,0,0,0,0,0,-67.6071,146.7986,1,0,0
0,0,0,2009276,0,0,0,0,0,0,-67.6044,146.8255,1,0,0
0,0,0,2009277,0,0,0,0,0,0,-67.6214,146.8187,1,0,0
0,0,0,2009278,0,0,0,0,0,0,-67.6214,146.8187,1,0,0
0,0,0,2009279,0,0,0,0,0,0,-67.6214,146.8187,1,0,0
0,0,0,2009280,0,0,0,0,0,0,-67.6214,146.8187,1,0,0
0,0,0,2009281,0,0,0,0,0,0,-67.6546,146.8015,1,0,0
0,0,0,2009282,0,0,0,0,0,0,-67.6353,146.8347,1,0,0
0,0,0,2009283,0,0,0,0,0,0,-67.6528,146.7372,1,0,0
0,0,0,2009284,0,0,0,0,0,0,-67.6515,146.6548,1,0,0
0,0,0,2009285,0,0,0,0,0,0,-67.5935,146.7599,1,0,0
0,0,0,2009286,0,0,0,0,0,0,-67.6393,146.8156,1,0,0
0,0,0,2009287,0,0,0,0,0,0,-67.6071,146.7039,1,0,0
0,0,0,2009288,0,0,0,0,0,0,-67.611,146.7573,1,0,0
0,0,0,2009289,0,0,0,0,0,0,-67.6298,146.7199,1,0,0
0,0,0,2009290,0,0,0,0,0,0,-67.6293,146.8105,1,0,0
0,0,0,2009291,0,0,0,0,0,0,-67.6293,146.8105,1,0,0
0,0,0,2009292,0,0,0,0,0,0,-67.6293,146.8105,1,0,0
0,0,0,2009293,0,0,0,0,0,0,-67.6293,146.8105,1,0,0
0,0,0,2009294,0,0,0,0,0,0,-67.6293,146.8105,1,0,0
0,0,0,2009295,0,0,0,0,0,0,-67.6293,146.8105,1,0,0
0,0,0,2009296,0,0,0,0,0,0,-67.6293,146.8105,1,0,0
0,0,0,2009297,0,0,0,0,0,0,-67.6293,146.8105,1,0,0
0,0,0,2009298,0,0,0,0,0,0,-67.6293,146.8105,1,0,0
0,0,0,2009299,0,0,0,0,0,0,-67.6293,146.8105,1,0,0
0,0,0,2009300,0,0,0,0,0,0,-67.6293,146.8105,1,0,0
0,0,0,2009301,0,0,0,0,0,0,-67.6293,146.8105,1,0,0
0,0,0,2009302,0,0,0,0,0,0,-67.6293,146.8105,1,0,0
0,0,0,2009303,0,0,0,0,0,0,-67.6293,146.8105,1,0,0
0,0,0,2009304,0,0,0,0,0,0,-67.6293,146.8105,1,0,0
0,0,0,2009305,0,0,0,0,0,0,-67.6293,146.8105,1,0,0
0,0,0,2009306,0,0,0,0,0,0,-67.6293,146.8105,1,0,0
0,0,0,2009307,0,0,0,0,0,0,-67.6293,146.8105,1,0,0
0,0,0,2009308,0,0,0,0,0,0,-67.6293,146.8105,1,0,0
0,0,0,2009309,0,0,0,0,0,0,-67.6293,146.8105,1,0,0
0,0,0,2009310,0,0,0,0,0,0,-67.6293,146.8105,1,0,0
0,0,0,2009311,0,0,0,0,0,0,-67.6293,146.8105,1,0,0
0,0,0,2009312,0,0,0,0,0,0,-67.6293,146.8105,1,0,0
0,0,0,2009313,0,0,0,0,0,0,-67.6293,146.8105,1,0,0
0,0,0,2009314,0,0,0,0,0,0,-67.6293,146.8105,1,0,0
0,0,0,2009315,0,0,0,0,0,0,-67.6293,146.8105,1,0,0
0,0,0,2009316,0,0,0,0,0,0,-67.6293,146.8105,1,0,0
0,0,0,2009317,0,0,0,0,0,0,-67.6293,146.8105,1,0,0
0,0,0,2009318,0,0,0,0,0,0,-67.6293,146.8105,1,0,0
0,0,0,2009319,0,0,0,0,0,0,-67.6293,146.8105,1,0,0
0,0,0,2009320,0,0,0,0,0,0,-67.6293,146.8105,1,0,0
0,0,0,2009321,0,0,0,0,0,0,-67.6293,146.8105,1,0,0
0,0,0,2009322,0,0,0,0,0,0,-67.6293,146.8105,1,0,0
0,0,0,2009323,0,0,0,0,0,0,-67.6293,146.8105,1,0,0
0,0,0,2009324,0,0,0,0,0,0,-67.6293,146.8105,1,0,0
0,0,0,2009325,0,0,0,0,0,0,-67.6293,146.8105,1,0,0
0,0,0,2009326,0,0,0,0,0,0,-67.6293,146.8105,1,0,0
0,0,0,2009327,0,0,0,0,0,0,-67.6293,146.8105,1,0,0
0,0,0,2010024,-67.62,146.67,1,0,0,0,0,0,0,15,11
0,0,0,2010038,-67.62,146.67,1,0,0,0,0,0,0,15,11
0,0,0,2010039,-67.62,146.6706,0,0,0,0,0,0,0,0,0
0,0,0,2010040,-67.62,146.672,0,0,0,0,0,0,0,0,0
0,0,0,2010041,-67.62,146.6739,0,0,0,0,0,0,0,0,0
0,0,0,2010042,-67.62,146.6761,0,0,0,0,0,0,0,0,0
0,0,0,2010043,-67.62,146.678,0,0,0,0,0,0,0,0,0
0,0,0,2010044,-67.62,146.6794,0,0,0,0,0,0,0,0,0
0,0,0,2010045,-67.62,146.68,1,0,0,0,0,0,0,15,11
0,0,0,2010046,-67.62,146.68,0,0,0,0,0,0,0,0,0
0,0,0,2010047,-67.62,146.68,0,0,0,0,0,0,0,0,0
0,0,0,2010048,-67.62,146.68,0,0,0,0,0,0,0,0,0
0,0,0,2010049,-67.62,146.68,0,0,0,0,0,0,0,0,0
0,0,0,2010050,-67.62,146.68,0,0,0,0,0,0,0,0,0
0,0,0,2010051,-67.62,146.68,0,0,0,0,0,0,0,0,0
0,0,0,2010052,-67.62,146.68,1,0,0,0,0,0,0,15,11
0,0,0,2010053,-67.62,146.68,0,0,0,0,0,0,0,0,0
0,0,0,2010054,-67.62,146.68,0,0,0,0,0,0,0,0,0
0,0,0,2010055,-67.62,146.68,0,0,0,0,0,0,0,0,0
0,0,0,2010056,-67.62,146.68,0,0,0,0,0,0,0,0,0
0,0,0,2010057,-67.62,146.68,0,0,0,0,0,0,0,0,0
0,0,0,2010058,-67.62,146.68,0,0,0,0,0,0,0,0,0
0,0,0,2010059,-67.62,146.68,1,0,0,0,0,0,0,15,11
0,0,0,2010060,-67.62,146.68,0,0,0,0,0,0,0,0,0
0,0,0,2010061,-67.62,146.68,0,0,0,0,0,0,0,0,0
0,0,0,2010062,-67.62,146.68,0,0,0,0,0,0,0,0,0
0,0,0,2010063,-67.62,146.68,0,0,0,0,0,0,0,0,0
0,0,0,2010064,-67.62,146.68,0,0,0,0,0,0,0,0,0
0,0,0,2010065,-67.62,146.68,0,0,0,0,0,0,0,0,0
0,0,0,2010066,-67.62,146.68,1,0,0,0,0,0,0,15,11
0,0,0,2010067,-67.62,146.68,0,0,0,0,0,0,0,0,0
0,0,0,2010068,-67.62,146.68,0,0,0,0,0,0,0,0,0
0,0,0,2010069,-67.62,146.68,0,0,0,0,0,0,0,0,0
0,0,0,2010070,-67.62,146.68,0,0,0,0,0,0,0,0,0
0,0,0,2010071,-67.62,146.68,0,0,0,0,0,0,0,0,0
0,0,0,2010072,-67.62,146.68,0,0,0,0,0,0,0,0,0
0,0,0,2010073,-67.62,146.68,1,0,0,0,0,0,0,15,11
0,0,0,2010074,-67.62,146.6811,0,0,0,0,0,0,0,0,0
0,0,0,2010075,-67.62,146.684,0,0,0,0,0,0,0,0,0
0,0,0,2010076,-67.62,146.6879,0,0,0,0,0,0,0,0,0
0,0,0,2010077,-67.62,146.6921,0,0,0,0,0,0,0,0,0
0,0,0,2010078,-67.62,146.696,0,0,0,0,0,0,0,0,0
0,0,0,2010079,-67.62,146.6989,0,0,0,0,0,0,0,0,0
0,0,0,2010080,-67.62,146.7,1,0,0,0,0,0,0,15,11
0,0,0,2010081,-67.62,146.7,0,0,0,0,0,0,0,0,0
0,0,0,2010082,-67.62,146.7,0,0,0,0,0,0,0,0,0
0,0,0,2010083,-67.62,146.7,0,0,0,0,0,0,0,0,0
0,0,0,2010084,-67.62,146.7,0,0,0,0,0,0,0,0,0
0,0,0,2010085,-67.62,146.7,0,0,0,0,0,0,0,0,0
0,0,0,2010086,-67.62,146.7,0,0,0,0,0,0,0,0,0
0,0,0,2010087,-67.62,146.7,1,0,0,0,0,0,0,15,11
0,0,0,2010088,-67.62,146.7,0,0,0,0,0,0,0,0,0
0,0,0,2010089,-67.62,146.7,0,0,0,0,0,0,0,0,0
0,0,0,2010090,-67.62,146.7,0,0,0,0,0,0,0,0,0
0,0,0,2010091,-67.62,146.7,0,0,0,0,0,0,0,0,0
0,0,0,2010092,-67.62,146.7,0,0,0,0,0,0,0,0,0
0,0,0,2010093,-67.62,146.7,0,0,0,0,0,0,0,0,0
0,0,0,2010094,-67.62,146.7,1,0,0,0,0,0,0,15,11
0,0,0,2010095,-67.62,146.6989,0,0,0,0,0,0,0,0,0
0,0,0,2010096,-67.62,146.696,0,0,0,0,0,0,0,0,0
0,0,0,2010097,-67.62,146.6921,0,0,0,0,0,0,0,0,0
0,0,0,2010098,-67.62,146.6879,0,0,0,0,0,0,0,0,0
0,0,0,2010099,-67.62,146.684,0,0,0,0,0,0,0,0,0
0,0,0,2010100,-67.62,146.6811,0,0,0,0,0,0,0,0,0
0,0,0,2010101,-67.62,146.68,1,0,0,0,0,0,0,15,11
0,0,0,2010102,-67.62,146.68,0,0,0,0,0,0,0,0,0
0,0,0,2010103,-67.62,146.68,0,0,0,0,0,0,0,0,0
0,0,0,2010104,-67.62,146.68,0,0,0,0,0,0,0,0,0
0,0,0,2010105,-67.62,146.68,0,0,0,0,0,0,0,0,0
0,0,0,2010106,-67.62,146.68,0,0,0,0,0,0,0,0,0
0,0,0,2010107,-67.62,146.68,0,0,0,0,0,0,0,0,0
0,0,0,2010108,-67.62,146.68,1,0,0,0,0,0,0,15,11
0,0,0,2010109,-67.62,146.68,0,0,0,0,0,0,0,0,0
0,0,0,2010110,-67.62,146.68,0,0,0,0,0,0,0,0,0
0,0,0,2010111,-67.62,146.68,0,0,0,0,0,0,0,0,0
0,0,0,2010112,-67.62,146.68,0,0,0,0,0,0,0,0,0
0,0,0,2010113,-67.62,146.68,0,0,0,0,0,0,0,0,0
0,0,0,2010114,-67.62,146.68,0,0,0,0,0,0,0,0,0
0,0,0,2010115,-67.62,146.68,1,0,0,0,0,0,0,15,11
0,0,0,2010116,-67.62,146.6822,0,0,0,0,0,0,0,0,0
0,0,0,2010117,-67.62,146.6879,0,0,0,0,0,0,0,0,0
0,0,0,2010118,-67.62,146.6957,0,0,0,0,0,0,0,0,0
0,0,0,2010119,-67.62,146.7043,0,0,0,0,0,0,0,0,0
0,0,0,2010120,-67.62,146.7121,0,0,0,0,0,0,0,0,0
0,0,0,2010121,-67.62,146.7178,0,0,0,0,0,0,0,0,0
0,0,0,2010122,-67.62,146.72,1,0,0,0,0,0,0,15,11
0,0,0,2010123,-67.62,146.72,0,0,0,0,0,0,0,0,0
0,0,0,2010124,-67.62,146.72,0,0,0,0,0,0,0,0,0
0,0,0,2010125,-67.62,146.72,0,0,0,0,0,0,0,0,0
0,0,0,2010126,-67.62,146.72,0,0,0,0,0,0,0,0,0
0,0,0,2010127,-67.62,146.72,0,0,0,0,0,0,0,0,0
0,0,0,2010128,-67.62,146.72,0,0,0,0,0,0,0,0,0
0,0,0,2010129,-67.62,146.72,1,0,0,0,0,0,0,15,11
0,0,0,2010130,-67.62,146.72,0,0,0,0,0,0,0,0,0
0,0,0,2010131,-67.62,146.72,0,0,0,0,0,0,0,0,0
0,0,0,2010132,-67.62,146.72,0,0,0,0,0,0,0,0,0
0,0,0,2010133,-67.62,146.72,0,0,0,0,0,0,0,0,0
0,0,0,2010134,-67.62,146.72,0,0,0,0,0,0,0,0,0
0,0,0,2010135,-67.62,146.72,0,0,0,0,0,0,0,0,0
0,0,0,2010136,-67.62,146.72,1,0,0,0,0,0,0,15,11
0,0,0,2010137,-67.62,146.72,0,0,0,0,0,0,0,0,0
0,0,0,2010138,-67.62,146.72,0,0,0,0,0,0,0,0,0
0,0,0,2010139,-67.62,146.72,0,0,0,0,0,0,0,0,0
0,0,0,2010140,-67.62,146.72,0,0,0,0,0,0,0,0,0
0,0,0,2010141,-67.62,146.72,0,0,0,0,0,0,0,0,0
0,0,0,2010142,-67.62,146.72,0,0,0,0,0,0,0,0,0
0,0,0,2010143,-67.62,146.72,1,0,0,0,0,0,0,15,11
0,0,0,2010144,-67.62,146.72,0,0,0,0,0,0,0,0,0
0,0,0,2010145,-67.62,146.72,0,0,0,0,0,0,0,0,0
0,0,0,2010146,-67.62,146.72,0,0,0,0,0,0,0,0,0
0,0,0,2010147,-67.62,146.72,0,0,0,0,0,0,0,0,0
0,0,0,2010148,-67.62,146.72,0,0,0,0,0,0,0,0,0
0,0,0,2010149,-67.62,146.72,0,0,0,0,0,0,0,0,0
0,0,0,2010150,-67.62,146.72,1,0,0,0,0,0,0,15,11
0,0,0,2010151,-67.62,146.72,0,0,0,0,0,0,0,0,0
0,0,0,2010152,-67.62,146.72,0,0,0,0,0,0,0,0,0
0,0,0,2010153,-67.62,146.72,0,0,0,0,0,0,0,0,0
0,0,0,2010154,-67.62,146.72,0,0,0,0,0,0,0,0,0
0,0,0,2010155,-67.62,146.72,0,0,0,0,0,0,0,0,0
0,0,0,2010156,-67.62,146.72,0,0,0,0,0,0,0,0,0
0,0,0,2010157,-67.62,146.72,1,0,0,0,0,0,0,15,11
0,0,0,2010158,-67.62,146.72,0,0,0,0,0,0,0,0,0
0,0,0,2010159,-67.62,146.72,0,0,0,0,0,0,0,0,0
0,0,0,2010160,-67.62,146.72,0,0,0,0,0,0,0,0,0
0,0,0,2010161,-67.62,146.72,0,0,0,0,0,0,0,0,0
0,0,0,2010162,-67.62,146.72,0,0,0,0,0,0,0,0,0
0,0,0,2010163,-67.62,146.72,0,0,0,0,0,0,0,0,0
0,0,0,2010164,-67.62,146.72,1,0,0,0,0,0,0,15,11
0,0,0,2010165,-67.62,146.72,0,0,0,0,0,0,0,0,0
0,0,0,2010166,-67.62,146.72,0,0,0,0,0,0,0,0,0
0,0,0,2010167,-67.62,146.72,0,0,0,0,0,0,0,0,0
0,0,0,2010168,-67.62,146.72,0,0,0,0,0,0,0,0,0
0,0,0,2010169,-67.62,146.72,0,0,0,0,0,0,0,0,0
0,0,0,2010170,-67.62,146.72,0,0,0,0,0,0,0,0,0
0,0,0,2010171,-67.62,146.72,1,0,0,0,0,0,0,15,11
0,0,0,2010172,-67.62,146.72,0,0,0,0,0,0,0,0,0
0,0,0,2010173,-67.62,146.72,0,0,0,0,0,0,0,0,0
0,0,0,2010174,-67.62,146.72,0,0,0,0,0,0,0,0,0
0,0,0,2010175,-67.62,146.72,0,0,0,0,0,0,0,0,0
0,0,0,2010176,-67.62,146.72,0,0,0,0,0,0,0,0,0
0,0,0,2010177,-67.62,146.72,0,0,0,0,0,0,0,0,0
0,0,0,2010178,-67.62,146.72,1,0,0,0,0,0,0,15,11
0,0,0,2010179,-67.62,146.72,0,0,0,0,0,0,0,0,0
0,0,0,2010180,-67.62,146.72,0,0,0,0,0,0,0,0,0
0,0,0,2010181,-67.62,146.72,0,0,0,0,0,0,0,0,0
0,0,0,2010182,-67.62,146.72,0,0,0,0,0,0,0,0,0
0,0,0,2010183,-67.62,146.72,0,0,0,0,0,0,0,0,0
0,0,0,2010184,-67.62,146.72,0,0,0,0,0,0,0,0,0
0,0,0,2010185,-67.62,146.72,1,0,0,0,0,0,0,15,11
0,0,0,2010186,-67.62,146.72,0,0,0,0,0,0,0,0,0
0,0,0,2010187,-67.62,146.72,0,0,0,0,0,0,0,0,0
0,0,0,2010188,-67.62,146.72,0,0,0,0,0,0,0,0,0
0,0,0,2010189,-67.62,146.72,0,0,0,0,0,0,0,0,0
0,0,0,2010190,-67.62,146.72,0,0,0,0,0,0,0,0,0
0,0,0,2010191,-67.62,146.72,0,0,0,0,0,0,0,0,0
0,0,0,2010192,-67.62,146.72,1,0,0,0,0,0,0,15,11
0,0,0,2010193,-67.62,146.72,0,0,0,0,0,0,0,0,0
0,0,0,2010194,-67.62,146.72,0,0,0,0,0,0,0,0,0
0,0,0,2010195,-67.62,146.72,0,0,0,0,0,0,0,0,0
0,0,0,2010196,-67.62,146.72,0,0,0,0,0,0,0,0,0
0,0,0,2010197,-67.62,146.72,0,0,0,0,0,0,0,0,0
0,0,0,2010198,-67.62,146.72,0,0,0,0,0,0,0,0,0
0,0,0,2010199,-67.62,146.72,1,0,0,0,0,0,0,15,11
0,0,0,2010200,-67.62,146.72,0,0,0,0,0,0,0,0,0
0,0,0,2010201,-67.62,146.72,0,0,0,0,0,0,0,0,0
0,0,0,2010202,-67.62,146.72,0,0,0,0,0,0,0,0,0
0,0,0,2010203,-67.62,146.72,0,0,0,0,0,0,0,0,0
0,0,0,2010204,-67.62,146.72,0,0,0,0,0,0,0,0,0
0,0,0,2010205,-67.62,146.72,0,0,0,0,0,0,0,0,0
0,0,0,2010206,-67.62,146.72,1,0,0,0,0,0,0,15,11
0,0,0,2010207,-67.62,146.72,0,0,0,0,0,0,0,0,0
0,0,0,2010208,-67.62,146.72,0,0,0,0,0,0,0,0,0
0,0,0,2010209,-67.62,146.72,0,0,0,0,0,0,0,0,0
0,0,0,2010210,-67.62,146.72,0,0,0,0,0,0,0,0,0
0,0,0,2010211,-67.62,146.72,0,0,0,0,0,0,0,0,0
0,0,0,2010212,-67.62,146.72,0,0,0,0,0,0,0,0,0
0,0,0,2010213,-67.62,146.72,1,0,0,0,0,0,0,15,11
0,0,0,2010214,-67.62,146.72,0,0,0,0,0,0,0,0,0
0,0,0,2010215,-67.62,146.72,0,0,0,0,0,0,0,0,0
0,0,0,2010216,-67.62,146.72,0,0,0,0,0,0,0,0,0
0,0,0,2010217,-67.62,146.72,0,0,0,0,0,0,0,0,0
0,0,0,2010218,-67.62,146.72,0,0,0,0,0,0,0,0,0
0,0,0,2010219,-67.62,146.72,0,0,0,0,0,0,0,0,0
0,0,0,2010220,-67.62,146.72,1,0,0,0,0,0,0,15,11
0,0,0,2010221,-67.62,146.72,0,0,0,0,0,0,0,0,0
0,0,0,2010222,-67.62,146.72,0,0,0,0,0,0,0,0,0
0,0,0,2010223,-67.62,146.72,0,0,0,0,0,0,0,0,0
0,0,0,2010224,-67.62,146.72,0,0,0,0,0,0,0,0,0
0,0,0,2010225,-67.62,146.72,0,0,0,0,0,0,0,0,0
0,0,0,2010226,-67.62,146.72,0,0,0,0,0,0,0,0,0
0,0,0,2010227,-67.62,146.72,1,0,0,0,0,0,0,15,11
0,0,0,2010228,-67.62,146.72,0,0,0,0,0,0,0,0,0
0,0,0,2010229,-67.62,146.72,0,0,0,0,0,0,0,0,0
0,0,0,2010230,-67.62,146.72,0,0,0,0,0,0,0,0,0
0,0,0,2010231,-67.62,146.72,0,0,0,0,0,0,0,0,0
0,0,0,2010232,-67.62,146.72,0,0,0,0,0,0,0,0,0
0,0,0,2010233,-67.62,146.72,0,0,0,0,0,0,0,0,0
0,0,0,2010234,-67.62,146.72,1,0,0,0,0,0,0,15,11
0,0,0,2010235,-67.62,146.72,0,0,0,0,0,0,0,0,0
0,0,0,2010236,-67.62,146.72,0,0,0,0,0,0,0,0,0
0,0,0,2010237,-67.62,146.72,0,0,0,0,0,0,0,0,0
0,0,0,2010238,-67.62,146.72,0,0,0,0,0,0,0,0,0
0,0,0,2010239,-67.62,146.72,0,0,0,0,0,0,0,0,0
0,0,0,2010240,-67.62,146.72,0,0,0,0,0,0,0,0,0
0,0,0,2010241,-67.62,146.72,1,0,0,0,0,0,0,15,11
0,0,0,2010242,-67.62,146.72,0,0,0,0,0,0,0,0,0
0,0,0,2010243,-67.62,146.72,0,0,0,0,0,0,0,0,0
0,0,0,2010244,-67.62,146.72,0,0,0,0,0,0,0,0,0
0,0,0,2010245,-67.62,146.72,0,0,0,0,0,0,0,0,0
0,0,0,2010246,-67.62,146.72,0,0,0,0,0,0,0,0,0
0,0,0,2010247,-67.62,146.72,0,0,0,0,0,0,0,0,0
0,0,0,2010248,-67.62,146.72,1,0,0,0,0,0,0,15,11
0,0,0,2010249,-67.62,146.72,0,0,0,0,0,0,0,0,0
0,0,0,2010250,-67.62,146.72,0,0,0,0,0,0,0,0,0
0,0,0,2010251,-67.62,146.72,0,0,0,0,0,0,0,0,0
0,0,0,2010252,-67.62,146.72,0,0,0,0,0,0,0,0,0
0,0,0,2010253,-67.62,146.72,0,0,0,0,0,0,0,0,0
0,0,0,2010254,-67.62,146.72,0,0,0,0,0,0,0,0,0
0,0,0,2010255,-67.62,146.72,1,0,0,0,0,0,0,15,11
0,0,0,2010256,-67.62,146.72,0,0,0,0,0,0,0,0,0
0,0,0,2010257,-67.62,146.72,0,0,0,0,0,0,0,0,0
0,0,0,2010258,-67.62,146.72,0,0,0,0,0,0,0,0,0
0,0,0,2010259,-67.62,146.72,0,0,0,0,0,0,0,0,0
0,0,0,2010260,-67.62,146.72,0,0,0,0,0,0,0,0,0
0,0,0,2010261,-67.62,146.72,0,0,0,0,0,0,0,0,0
0,0,0,2010262,-67.62,146.72,1,0,0,0,0,0,0,15,11
0,0,0,2010263,-67.62,146.72,0,0,0,0,0,0,0,0,0
0,0,0,2010264,-67.62,146.72,0,0,0,0,0,0,0,0,0
0,0,0,2010265,-67.62,146.72,0,0,0,0,0,0,0,0,0
0,0,0,2010266,-67.62,146.72,0,0,0,0,0,0,0,0,0
0,0,0,2010267,-67.62,146.72,0,0,0,0,0,0,0,0,0
0,0,0,2010268,-67.62,146.72,0,0,0,0,0,0,0,0,0
0,0,0,2010269,-67.62,146.72,1,0,0,0,0,0,0,15,11
0,0,0,2010270,-67.62,146.7172,0,0,0,0,0,0,0,0,0
0,0,0,2010271,-67.62,146.7101,0,0,0,0,0,0,0,0,0
0,0,0,2010272,-67.62,146.7003,0,0,0,0,0,0,0,0,0
0,0,0,2010273,-67.62,146.6897,0,0,0,0,0,0,0,0,0
0,0,0,2010274,-67.62,146.6799,0,0,0,0,0,0,0,0,0
0,0,0,2010275,-67.62,146.6728,0,0,0,0,0,0,0,0,0
0,0,0,2010276,-67.62,146.67,1,0,0,0,0,0,0,15,11
0,0,0,2010277,-67.62,146.67,0,0,0,0,0,0,0,0,0
0,0,0,2010278,-67.62,146.67,0,0,0,0,0,0,0,0,0
0,0,0,2010279,-67.62,146.67,0,0,0,0,0,0,0,0,0
0,0,0,2010280,-67.62,146.67,0,0,0,0,0,0,0,0,0
0,0,0,2010281,-67.62,146.67,0,0,0,0,0,0,0,0,0
0,0,0,2010282,-67.62,146.67,0,0,0,0,0,0,0,0,0
0,0,0,2010283,-67.62,146.67,1,0,0,0,0,0,0,15,11
0,0,0,2010297,-67.62,146.67,1,0,0,0,0,0,0,15,11
0,0,0,2010298,-67.62,146.67,0,0,0,0,0,0,0,0,0
0,0,0,2010299,-67.62,146.67,0,0,0,0,0,0,0,0,0
0,0,0,2010300,-67.62,146.67,0,0,0,0,0,0,0,0,0
0,0,0,2010301,-67.62,146.67,0,0,0,0,0,0,0,0,0
0,0,0,2010302,-67.62,146.67,0,0,0,0,0,0,0,0,0
0,0,0,2010303,-67.62,146.67,0,0,0,0,0,0,0,0,0
0,0,0,2010304,-67.62,146.67,1,0,0,0,0,0,0,15,11
0,0,0,2010305,-67.62,146.67,0,0,0,0,0,0,0,0,0
0,0,0,2010306,-67.62,146.67,0,0,0,0,0,0,0,0,0
0,0,0,2010307,-67.62,146.67,0,0,0,0,0,0,0,0,0
0,0,0,2010308,-67.62,146.67,0,0,0,0,0,0,0,0,0
0,0,0,2010309,-67.62,146.67,0,0,0,0,0,0,0,0,0
0,0,0,2010310,-67.62,146.67,0,0,0,0,0,0,0,0,0
0,0,0,2010311,-67.62,146.67,1,0,0,0,0,0,0,15,11
0,0,0,2010312,-67.62,146.6717,0,0,0,0,0,0,0,0,0
0,0,0,2010313,-67.62,146.6759,0,0,0,0,0,0,0,0,0
0,0,0,2010314,-67.62,146.6818,0,0,0,0,0,0,0,0,0
0,0,0,2010315,-67.62,146.6882,0,0,0,0,0,0,0,0,0
0,0,0,2010316,-67.62,146.6941,0,0,0,0,0,0,0,0,0
0,0,0,2010317,-67.62,146.6983,0,0,0,0,0,0,0,0,0
0,0,0,2010318,-67.62,146.7,1,0,0,0,0,0,0,15,8
0,0,0,2010319,-67.62,146.7,0,0,0,0,0,0,0,0,0
0,0,0,2010320,-67.62,146.7,0,0,0,0,0,0,0,0,0
0,0,0,2010321,-67.62,146.7,0,0,0,0,0,0,0,0,0
0,0,0,2010322,-67.62,146.7,0,0,0,0,0,0,0,0,0
0,0,0,2010323,-67.62,146.7,0,0,0,0,0,0,0,0,0
0,0,0,2010324,-67.62,146.7,0,0,0,0,0,0,0,0,0
0,0,0,2010325,-67.62,146.7,1,0,0,0,0,0,0,15,8
0,0,0,2010326,-67.62,146.7,0,0,0,0,0,0,0,0,0
0,0,0,2010327,-67.62,146.7,0,0,0,0,0,0,0,0,0
0,0,0,2010328,-67.62,146.7,0,0,0,0,0,0,0,0,0
0,0,0,2010329,-67.62,146.7,0,0,0,0,0,0,0,0,0
0,0,0,2010330,-67.62,146.7,0,0,0,0,0,0,0,0,0
0,0,0,2010331,-67.62,146.7,0,0,0,0,0,0,0,0,0
0,0,0,2010332,-67.62,146.7,1,0,0,0,0,0,0,15,8
0,0,0,2010333,-67.62,146.7,0,0,0,0,0,0,0,0,0
0,0,0,2010334,-67.62,146.7,0,0,0,0,0,0,0,0,0
0,0,0,2010335,-67.62,146.7,0,0,0,0,0,0,0,0,0
0,0,0,2010336,-67.62,146.7,0,0,0,0,0,0,0,0,0
0,0,0,2010337,-67.62,146.7,0,0,0,0,0,0,0,0,0
0,0,0,2010338,-67.62,146.7,0,0,0,0,0,0,0,0,0
0,0,0,2010339,-67.62,146.7,1,0,0,0,0,0,0,15,8
0,0,0,2010340,-67.62,146.7,0,0,0,0,0,0,0,0,0
0,0,0,2010341,-67.62,146.7,0,0,0,0,0,0,0,0,0
0,0,0,2010342,-67.62,146.7,0,0,0,0,0,0,0,0,0
0,0,0,2010343,-67.62,146.7,0,0,0,0,0,0,0,0,0
0,0,0,2010344,-67.62,146.7,0,0,0,0,0,0,0,0,0
0,0,0,2010345,-67.62,146.7,0,0,0,0,0,0,0,0,0
0,0,0,2010346,-67.62,146.7,1,0,0,0,0,0,0,15,8
0,0,0,2010347,-67.62,146.7,0,0,0,0,0,0,0,0,0
0,0,0,2010348,-67.62,146.7,0,0,0,0,0,0,0,0,0
0,0,0,2010349,-67.62,146.7,0,0,0,0,0,0,0,0,0
0,0,0,2010350,-67.62,146.7,0,0,0,0,0,0,0,0,0
0,0,0,2010351,-67.62,146.7,0,0,0,0,0,0,0,0,0
0,0,0,2010352,-67.62,146.7,0,0,0,0,0,0,0,0,0
0,0,0,2010353,-67.62,146.7,1,0,0,0,0,0,0,15,8
0,0,0,2010354,-67.62,146.7,0,0,0,0,0,0,0,0,0
0,0,0,2010355,-67.62,146.7,0,0,0,0,0,0,0,0,0
0,0,0,2010356,-67.62,146.7,0,0,0,0,0,0,0,0,0
0,0,0,2010357,-67.62,146.7,0,0,0,0,0,0,0,0,0
0,0,0,2010358,-67.62,146.7,0,0,0,0,0,0,0,0,0
0,0,0,2010359,-67.62,146.7,0,0,0,0,0,0,0,0,0
0,0,0,2010360,-67.62,146.7,1,0,0,0,0,0,0,15,8
0,0,0,2010361,-67.62,146.7,0,0,0,0,0,0,0,0,0
0,0,0,2010362,-67.62,146.7,0,0,0,0,0,0,0,0,0
0,0,0,2010363,-67.62,146.7,0,0,0,0,0,0,0,0,0
0,0,0,2010364,-67.62,146.7,0,0,0,0,0,0,0,0,0
0,0,0,2010365,-67.62,146.7,0,0,0,0,0,0,0,0,0
0,0,0,2011001,-67.62,146.7,0,0,0,0,0,0,0,0,0
0,0,0,2011002,-67.62,146.7,1,0,0,0,0,0,0,15,8
0,0,0,2011003,-67.62,146.7,0,0,0,0,0,0,0,0,0
0,0,0,2011004,-67.62,146.7,0,0,0,0,0,0,0,0,0
0,0,0,2011005,-67.62,146.7,0,0,0,0,0,0,0,0,0
0,0,0,2011006,-67.62,146.7,0,0,0,0,0,0,0,0,0
0,0,0,2011007,-67.62,146.7,0,0,0,0,0,0,0,0,0
0,0,0,2011008,-67.62,146.7,0,0,0,0,0,0,0,0,0
0,0,0,2011009,-67.62,146.7,1,0,0,0,0,0,0,15,8
0,0,0,2011010,-67.62,146.7,0,0,0,0,0,0,0,0,0
0,0,0,2011011,-67.62,146.7,0,0,0,0,0,0,0,0,0
0,0,0,2011012,-67.62,146.7,0,0,0,0,0,0,0,0,0
0,0,0,2011013,-67.62,146.7,0,0,0,0,0,0,0,0,0
0,0,0,2011014,-67.62,146.7,0,0,0,0,0,0,0,0,0
0,0,0,2011015,-67.62,146.7,0,0,0,0,0,0,0,0,0
0,0,0,2011016,-67.62,146.7,1,0,0,0,0,0,0,15,8
0,0,0,2011017,-67.62,146.7,0,0,0,0,0,0,0,0,0
0,0,0,2011018,-67.62,146.7,0,0,0,0,0,0,0,0,0
0,0,0,2011019,-67.62,146.7,0,0,0,0,0,0,0,0,0
0,0,0,2011020,-67.62,146.7,0,0,0,0,0,0,0,0,0
0,0,0,2011021,-67.62,146.7,0,0,0,0,0,0,0,0,0
0,0,0,2011022,-67.62,146.7,0,0,0,0,0,0,0,0,0
0,0,0,2011023,-67.62,146.7,1,0,0,0,0,0,0,15,8
0,0,0,2011024,-67.62,146.7,0,0,0,0,0,0,0,0,0
0,0,0,2011025,-67.62,146.7,0,0,0,0,0,0,0,0,0
0,0,0,2011026,-67.62,146.7,0,0,0,0,0,0,0,0,0
0,0,0,2011027,-67.62,146.7,0,0,0,0,0,0,0,0,0
0,0,0,2011028,-67.62,146.7,0,0,0,0,0,0,0,0,0
0,0,0,2011029,-67.62,146.7,0,0,0,0,0,0,0,0,0
0,0,0,2011030,-67.62,146.7,1,0,0,0,0,0,0,15,8
0,0,0,2011031,-67.62,146.7,0,0,0,0,0,0,0,0,0
0,0,0,2011032,-67.62,146.7,0,0,0,0,0,0,0,0,0
0,0,0,2011033,-67.62,146.7,0,0,0,0,0,0,0,0,0
0,0,0,2011034,-67.62,146.7,0,0,0,0,0,0,0,0,0
0,0,0,2011035,-67.62,146.7,0,0,0,0,0,0,0,0,0
0,0,0,2011036,-67.62,146.7,0,0,0,0,0,0,0,0,0
0,0,0,2011037,-67.62,146.7,1,0,0,0,0,0,0,15,8
0,0,0,2011038,-67.62,146.7,0,0,0,0,0,0,0,0,0
0,0,0,2011039,-67.62,146.7,0,0,0,0,0,0,0,0,0
0,0,0,2011040,-67.62,146.7,0,0,0,0,0,0,0,0,0
0,0,0,2011041,-67.62,146.7,0,0,0,0,0,0,0,0,0
0,0,0,2011042,-67.62,146.7,0,0,0,0,0,0,0,0,0
0,0,0,2011043,-67.62,146.7,0,0,0,0,0,0,0,0,0
0,0,0,2011044,-67.62,146.7,1,0,0,0,0,0,0,15,8
0,0,0,2011045,-67.62,146.7,0,0,0,0,0,0,0,0,0
0,0,0,2011046,-67.62,146.7,0,0,0,0,0,0,0,0,0
0,0,0,2011047,-67.62,146.7,0,0,0,0,0,0,0,0,0
0,0,0,2011048,-67.62,146.7,0,0,0,0,0,0,0,0,0
0,0,0,2011049,-67.62,146.7,0,0,0,0,0,0,0,0,0
0,0,0,2011050,-67.62,146.7,0,0,0,0,0,0,0,0,0
0,0,0,2011051,-67.62,146.7,1,0,0,0,0,0,0,15,8
0,0,0,2011052,-67.62,146.7,0,0,0,0,0,0,0,0,0
0,0,0,2011053,-67.62,146.7,0,0,0,0,0,0,0,0,0
0,0,0,2011054,-67.62,146.7,0,0,0,0,0,0,0,0,0
0,0,0,2011055,-67.62,146.7,0,0,0,0,0,0,0,0,0
0,0,0,2011056,-67.62,146.7,0,0,0,0,0,0,0,0,0
0,0,0,2011057,-67.62,146.7,0,0,0,0,0,0,0,0,0
0,0,0,2011058,-67.62,146.7,1,0,0,0,0,0,0,15,8
0,0,0,2011059,-67.62,146.7,0,0,0,0,0,0,0,0,0
0,0,0,2011060,-67.62,146.7,0,0,0,0,0,0,0,0,0
0,0,0,2011061,-67.62,146.7,0,0,0,0,0,0,0,0,0
0,0,0,2011062,-67.62,146.7,0,0,0,0,0,0,0,0,0
0,0,0,2011063,-67.62,146.7,0,0,0,0,0,0,0,0,0
0,0,0,2011064,-67.62,146.7,0,0,0,0,0,0,0,0,0
0,0,0,2011065,-67.62,146.7,1,0,0,0,0,0,0,15,8
0,0,0,2011066,-67.62,146.7,0,0,0,0,0,0,0,0,0
0,0,0,2011067,-67.62,146.7,0,0,0,0,0,0,0,0,0
0,0,0,2011068,-67.62,146.7,0,0,0,0,0,0,0,0,0
0,0,0,2011069,-67.62,146.7,0,0,0,0,0,0,0,0,0
0,0,0,2011070,-67.62,146.7,0,0,0,0,0,0,0,0,0
0,0,0,2011071,-67.62,146.7,0,0,0,0,0,0,0,0,0
0,0,0,2011072,-67.62,146.7,1,0,0,0,0,0,0,15,8
0,0,0,2011073,-67.62,146.7,0,0,0,0,0,0,0,0,0
0,0,0,2011074,-67.62,146.7,0,0,0,0,0,0,0,0,0
0,0,0,2011075,-67.62,146.7,0,0,0,0,0,0,0,0,0
0,0,0,2011076,-67.62,146.7,0,0,0,0,0,0,0,0,0
0,0,0,2011077,-67.62,146.7,0,0,0,0,0,0,0,0,0
0,0,0,2011078,-67.62,146.7,0,0,0,0,0,0,0,0,0
0,0,0,2011079,-67.62,146.7,1,0,0,0,0,0,0,15,8
0,0,0,2011080,-67.6427,146.726,0,0,0,0,0,0,0,0,0
0,0,0,2011081,-67.7013,146.7932,0,0,0,0,0,0,0,0,0
0,0,0,2011082,-67.7814,146.885,0,0,0,0,0,0,0,0,0
0,0,0,2011085,-68.0073,147.144,0,0,0,0,0,0,0,0,0
0,0,0,2011086,-68.03,147.17,1,0,0,0,0,0,0,15,8
0,0,0,2011093,-68.03,147.17,1,0,0,0,0,0,0,15,8
0,0,0,2011107,-67.62,146.7,1,0,0,0,0,0,0,15,8
0,0,0,2011108,-67.62,146.7,0,0,0,0,0,0,0,0,0
0,0,0,2011109,-67.62,146.7,0,0,0,0,0,0,0,0,0
0,0,0,2011110,-67.62,146.7,0,0,0,0,0,0,0,0,0
0,0,0,2011111,-67.62,146.7,0,0,0,0,0,0,0,0,0
0,0,0,2011112,-67.62,146.7,0,0,0,0,0,0,0,0,0
0,0,0,2011113,-67.62,146.7,0,0,0,0,0,0,0,0,0
0,0,0,2011114,-67.62,146.7,1,0,0,0,0,0,0,15,8
0,0,0,2011115,-67.62,146.7,0,0,0,0,0,0,0,0,0
0,0,0,2011116,-67.62,146.7,0,0,0,0,0,0,0,0,0
0,0,0,2011117,-67.62,146.7,0,0,0,0,0,0,0,0,0
0,0,0,2011118,-67.62,146.7,0,0,0,0,0,0,0,0,0
0,0,0,2011119,-67.62,146.7,0,0,0,0,0,0,0,0,0
0,0,0,2011120,-67.62,146.7,0,0,0,0,0,0,0,0,0
0,0,0,2011121,-67.62,146.7,1,0,0,0,0,0,0,15,8
0,0,0,2011122,-67.62,146.7,0,0,0,0,0,0,0,0,0
0,0,0,2011123,-67.62,146.7,0,0,0,0,0,0,0,0,0
0,0,0,2011124,-67.62,146.7,0,0,0,0,0,0,0,0,0
0,0,0,2011125,-67.62,146.7,0,0,0,0,0,0,0,0,0
0,0,0,2011126,-67.62,146.7,0,0,0,0,0,0,0,0,0
0,0,0,2011127,-67.62,146.7,0,0,0,0,0,0,0,0,0
0,0,0,2011128,-67.62,146.7,1,0,0,0,0,0,0,15,8
0,0,0,2011129,-67.62,146.7,0,0,0,0,0,0,0,0,0
0,0,0,2011130,-67.62,146.7,0,0,0,0,0,0,0,0,0
0,0,0,2011131,-67.62,146.7,0,0,0,0,0,0,0,0,0
0,0,0,2011132,-67.62,146.7,0,0,0,0,0,0,0,0,0
0,0,0,2011133,-67.62,146.7,0,0,0,0,0,0,0,0,0
0,0,0,2011134,-67.62,146.7,0,0,0,0,0,0,0,0,0
0,0,0,2011135,-67.62,146.7,1,0,0,0,0,0,0,15,8
0,0,0,2011136,-67.62,146.7,0,0,0,0,0,0,0,0,0
0,0,0,2011137,-67.62,146.7,0,0,0,0,0,0,0,0,0
0,0,0,2011138,-67.62,146.7,0,0,0,0,0,0,0,0,0
0,0,0,2011139,-67.62,146.7,0,0,0,0,0,0,0,0,0
0,0,0,2011140,-67.62,146.7,0,0,0,0,0,0,0,0,0
0,0,0,2011141,-67.62,146.7,0,0,0,0,0,0,0,0,0
0,0,0,2011142,-67.62,146.7,1,0,0,0,0,0,0,15,8
0,0,0,2011143,-67.6217,146.7006,0,0,0,0,0,0,0,0,0
0,0,0,2011144,-67.6259,146.702,0,0,0,0,0,0,0,0,0
0,0,0,2011145,-67.6318,146.7039,0,0,0,0,0,0,0,0,0
0,0,0,2011146,-67.6382,146.7061,0,0,0,0,0,0,0,0,0
0,0,0,2011147,-67.6441,146.708,0,0,0,0,0,0,0,0,0
0,0,0,2011148,-67.6483,146.7094,0,0,0,0,0,0,0,0,0
0,0,0,2011149,-67.65,146.71,1,0,0,0,0,0,0,15,8
0,0,0,2011150,-67.6483,146.7094,0,0,0,0,0,0,0,0,0
0,0,0,2011151,-67.6441,146.708,0,0,0,0,0,0,0,0,0
0,0,0,2011152,-67.6382,146.7061,0,0,0,0,0,0,0,0,0
0,0,0,2011153,-67.6318,146.7039,0,0,0,0,0,0,0,0,0
0,0,0,2011154,-67.6259,146.702,0,0,0,0,0,0,0,0,0
0,0,0,2011155,-67.6217,146.7006,0,0,0,0,0,0,0,0,0
0,0,0,2011156,-67.62,146.7,1,0,0,0,0,0,0,15,8
0,0,0,2011157,-67.62,146.7,0,0,0,0,0,0,0,0,0
0,0,0,2011158,-67.62,146.7,0,0,0,0,0,0,0,0,0
0,0,0,2011159,-67.62,146.7,0,0,0,0,0,0,0,0,0
0,0,0,2011160,-67.62,146.7,0,0,0,0,0,0,0,0,0
0,0,0,2011161,-67.62,146.7,0,0,0,0,0,0,0,0,0
0,0,0,2011162,-67.62,146.7,0,0,0,0,0,0,0,0,0
0,0,0,2011163,-67.62,146.7,1,0,0,0,0,0,0,15,8
0,0,0,2011164,-67.62,146.7,0,0,0,0,0,0,0,0,0
0,0,0,2011165,-67.62,146.7,0,0,0,0,0,0,0,0,0
0,0,0,2011166,-67.62,146.7,0,0,0,0,0,0,0,0,0
0,0,0,2011167,-67.62,146.7,0,0,0,0,0,0,0,0,0
0,0,0,2011168,-67.62,146.7,0,0,0,0,0,0,0,0,0
0,0,0,2011169,-67.62,146.7,0,0,0,0,0,0,0,0,0
0,0,0,2011170,-67.62,146.7,1,0,0,0,0,0,0,15,8
0,0,0,2011171,-67.62,146.7,0,0,0,0,0,0,0,0,0
0,0,0,2011172,-67.62,146.7,0,0,0,0,0,0,0,0,0
0,0,0,2011173,-67.62,146.7,0,0,0,0,0,0,0,0,0
0,0,0,2011174,-67.62,146.7,0,0,0,0,0,0,0,0,0
0,0,0,2011175,-67.62,146.7,0,0,0,0,0,0,0,0,0
0,0,0,2011176,-67.62,146.7,0,0,0,0,0,0,0,0,0
0,0,0,2011177,-67.62,146.7,1,0,0,0,0,0,0,15,8
0,0,0,2011178,-67.62,146.7,0,0,0,0,0,0,0,0,0
0,0,0,2011179,-67.62,146.7,0,0,0,0,0,0,0,0,0
0,0,0,2011180,-67.62,146.7,0,0,0,0,0,0,0,0,0
0,0,0,2011181,-67.62,146.7,0,0,0,0,0,0,0,0,0
0,0,0,2011182,-67.62,146.7,0,0,0,0,0,0,0,0,0
0,0,0,2011183,-67.62,146.7,0,0,0,0,0,0,0,0,0
0,0,0,2011184,-67.62,146.7,1,0,0,0,0,0,0,15,8
0,0,0,2011185,-67.62,146.7,0,0,0,0,0,0,0,0,0
0,0,0,2011186,-67.62,146.7,0,0,0,0,0,0,0,0,0
0,0,0,2011187,-67.62,146.7,0,0,0,0,0,0,0,0,0
0,0,0,2011188,-67.62,146.7,0,0,0,0,0,0,0,0,0
0,0,0,2011189,-67.62,146.7,0,0,0,0,0,0,0,0,0
0,0,0,2011190,-67.62,146.7,0,0,0,0,0,0,0,0,0
0,0,0,2011191,-67.62,146.7,1,0,0,0,0,0,0,15,8
0,0,0,2011192,-67.62,146.7,0,0,0,0,0,0,0,0,0
0,0,0,2011193,-67.62,146.7,0,0,0,0,0,0,0,0,0
0,0,0,2011194,-67.62,146.7,0,0,0,0,0,0,0,0,0
0,0,0,2011195,-67.62,146.7,0,0,0,0,0,0,0,0,0
0,0,0,2011196,-67.62,146.7,0,0,0,0,0,0,0,0,0
0,0,0,2011197,-67.62,146.7,0,0,0,0,0,0,0,0,0
0,0,0,2011198,-67.62,146.7,1,0,0,0,0,0,0,15,8
0,0,0,2011199,-67.62,146.7,0,0,0,0,0,0,0,0,0
0,0,0,2011200,-67.62,146.7,0,0,0,0,0,0,0,0,0
0,0,0,2011201,-67.62,146.7,0,0,0,0,0,0,0,0,0
0,0,0,2011202,-67.62,146.7,0,0,0,0,0,0,0,0,0
0,0,0,2011203,-67.62,146.7,0,0,0,0,0,0,0,0,0
0,0,0,2011204,-67.62,146.7,0,0,0,0,0,0,0,0,0
0,0,0,2011205,-67.62,146.7,1,0,0,0,0,0,0,15,8
0,0,0,2011206,-67.62,146.7,0,0,0,0,0,0,0,0,0
0,0,0,2011207,-67.62,146.7,0,0,0,0,0,0,0,0,0
0,0,0,2011208,-67.62,146.7,0,0,0,0,0,0,0,0,0
0,0,0,2011209,-67.62,146.7,0,0,0,0,0,0,0,0,0
0,0,0,2011210,-67.62,146.7,0,0,0,0,0,0,0,0,0
0,0,0,2011211,-67.62,146.7,0,0,0,0,0,0,0,0,0
0,0,0,2011212,-67.62,146.7,1,0,0,0,0,0,0,15,8
0,0,0,2011213,-67.62,146.7,0,0,0,0,0,0,0,0,0
0,0,0,2011214,-67.62,146.7,0,0,0,0,0,0,0,0,0
0,0,0,2011215,-67.62,146.7,0,0,0,0,0,0,0,0,0
0,0,0,2011216,-67.62,146.7,0,0,0,0,0,0,0,0,0
0,0,0,2011217,-67.62,146.7,0,0,0,0,0,0,0,0,0
0,0,0,2011218,-67.62,146.7,0,0,0,0,0,0,0,0,0
0,0,0,2011219,-67.62,146.7,1,0,0,0,0,0,0,15,8
0,0,0,2011220,-67.62,146.7,0,0,0,0,0,0,0,0,0
0,0,0,2011221,-67.62,146.7,0,0,0,0,0,0,0,0,0
0,0,0,2011222,-67.62,146.7,0,0,0,0,0,0,0,0,0
0,0,0,2011223,-67.62,146.7,0,0,0,0,0,0,0,0,0
0,0,0,2011224,-67.62,146.7,0,0,0,0,0,0,0,0,0
0,0,0,2011225,-67.62,146.7,0,0,0,0,0,0,0,0,0
0,0,0,2011226,-67.62,146.7,1,0,0,0,0,0,0,15,8
0,0,0,2011227,-67.6194,146.6994,0,0,0,0,0,0,0,0,0
0,0,0,2011228,-67.618,146.698,0,0,0,0,0,0,0,0,0
0,0,0,2011229,-67.6161,146.6961,0,0,0,0,0,0,0,0,0
0,0,0,2011230,-67.6139,146.6939,0,0,0,0,0,0,0,0,0
0,0,0,2011231,-67.612,146.692,0,0,0,0,0,0,0,0,0
0,0,0,2011232,-67.6106,146.6906,0,0,0,0,0,0,0,0,0
0,0,0,2011233,-67.61,146.69,1,0,0,0,0,0,0,15,8
0,0,0,2011234,-67.61,146.6906,0,0,0,0,0,0,0,0,0
0,0,0,2011235,-67.61,146.692,0,0,0,0,0,0,0,0,0
0,0,0,2011236,-67.61,146.6939,0,0,0,0,0,0,0,0,0
0,0,0,2011237,-67.61,146.6961,0,0,0,0,0,0,0,0,0
0,0,0,2011238,-67.61,146.698,0,0,0,0,0,0,0,0,0
0,0,0,2011239,-67.61,146.6994,0,0,0,0,0,0,0,0,0
0,0,0,2011240,-67.61,146.7,1,0,0,0,0,0,0,15,8
0,0,0,2011241,-67.61,146.7,0,0,0,0,0,0,0,0,0
-67.6323,146.7084,1,2011242,-67.61,146.7,0,-67.6323,146.7084,1,0,0,0,0,0
-67.6247,146.8151,1,2011243,-67.61,146.7,0,-67.6247,146.8151,1,0,0,0,0,0
-67.6196,146.8148,0,2011244,-67.61,146.7,0,-67.6196,146.8148,0,0,0,0,0,0
-67.6147,146.8139,0,2011245,-67.61,146.7,0,-67.6147,146.8139,0,0,0,0,0,0
-67.6102,146.8123,0,2011246,-67.61,146.7,0,-67.6102,146.8123,0,0,0,0,0,0
-67.6065,146.8096,0,2011247,-67.61,146.7,1,-67.6065,146.8096,0,0,0,0,15,8
-67.6035,146.8057,0,2011248,-67.61,146.7,0,-67.6035,146.8057,0,0,0,0,0,0
-67.6016,146.8006,0,2011249,-67.61,146.7,0,-67.6016,146.8006,0,0,0,0,0,0
-67.6009,146.7939,1,2011250,-67.61,146.7,0,-67.6009,146.7939,1,0,0,0,0,0
-67.6193,146.7308,1,2011251,-67.61,146.7,0,-67.6193,146.7308,1,0,0,0,0,0
-67.6414,146.7553,1,2011252,-67.61,146.7,0,-67.6414,146.7553,1,0,0,0,0,0
-67.5954,146.772,1,2011253,-67.61,146.7,0,-67.5954,146.772,1,0,0,0,0,0
-67.6246,146.784,1,2011254,-67.61,146.7,1,-67.6246,146.784,1,0,0,0,15,8
-67.6542,146.7333,1,2011255,-67.61,146.7,0,-67.6542,146.7333,1,0,0,0,0,0
-67.6433,146.6897,1,2011256,-67.61,146.7,0,-67.6433,146.6897,1,0,0,0,0,0
-67.6415,146.6927,1,2011257,-67.61,146.7,0,-67.6415,146.6927,1,0,0,0,0,0
-67.6358,146.7647,1,2011258,-67.61,146.7,0,-67.6358,146.7647,1,0,0,0,0,0
-67.6358,146.7647,1,2011259,-67.61,146.7,0,-67.6358,146.7647,1,0,0,0,0,0
-67.6265,146.812,1,2011260,-67.61,146.7,0,-67.6265,146.812,1,0,0,0,0,0
-67.6266,146.7806,1,2011261,-67.61,146.7,1,-67.6266,146.7806,1,0,0,0,15,8
-67.6062,146.8153,1,2011262,-67.61,146.7,0,-67.6062,146.8153,1,0,0,0,0,0
-67.6429,146.8458,1,2011263,-67.61,146.7,0,-67.6429,146.8458,1,0,0,0,0,0
-67.6188,146.8866,1,2011264,-67.61,146.7,0,-67.6188,146.8866,1,0,0,0,0,0
-67.6404,147.0058,1,2011265,-67.61,146.7,0,-67.6404,147.0058,1,0,0,0,0,0
-67.6137,146.803,1,2011266,-67.61,146.7,0,-67.6137,146.803,1,0,0,0,0,0
-67.6175,146.734,1,2011267,-67.61,146.7,0,-67.6175,146.734,1,0,0,0,0,0
-67.6138,146.7716,1,2011268,-67.61,146.7,1,-67.6138,146.7716,1,0,0,0,15,8
-67.6065,146.7526,1,2011269,-67.61,146.7,0,-67.6065,146.7526,1,0,0,0,0,0
-67.6131,146.9278,1,2011270,-67.61,146.7,0,-67.6131,146.9278,1,0,0,0,0,0
-67.6502,146.8331,1,2011271,-67.61,146.7,0,-67.6502,146.8331,1,0,0,0,0,0
-67.6353,146.8899,1,2011272,-67.61,146.7,0,-67.6353,146.8899,1,0,0,0,0,0
-67.6374,146.824,1,2011273,-67.61,146.7,0,-67.6374,146.824,1,0,0,0,0,0
-67.6353,146.8899,1,2011274,-67.61,146.7,0,-67.6353,146.8899,1,0,0,0,0,0
-67.6448,146.8113,1,2011275,-67.61,146.7,1,-67.6448,146.8113,1,0,0,0,15,8
-67.6353,146.8898,1,2011276,-67.61,146.7,0,-67.6353,146.8898,1,0,0,0,0,0
-67.6355,146.8586,1,2011277,-67.61,146.7,0,-67.6355,146.8586,1,0,0,0,0,0
-67.6209,146.8214,1,2011278,-67.61,146.7,0,-67.6209,146.8214,1,0,0,0,0,0
-67.6486,146.7737,1,2011279,-67.61,146.7,0,-67.6486,146.7737,1,0,0,0,0,0
-67.6373,146.8555,1,2011280,-67.61,146.7,0,-67.6373,146.8555,1,0,0,0,0,0
-67.6339,146.7993,1,2011281,-67.61,146.7,0,-67.6339,146.7993,1,0,0,0,0,0
-67.621,146.7902,1,2011282,-67.61,146.7,1,-67.621,146.7902,1,0,0,0,15,8
-67.6248,146.7525,1,2011283,-67.61,146.7,0,-67.6248,146.7525,1,0,0,0,0,0
-67.643,146.7835,1,2011284,-67.61,146.7,0,-67.643,146.7835,1,0,0,0,0,0
-67.645,146.7491,1,2011285,-67.61,146.7,0,-67.645,146.7491,1,0,0,0,0,0
-67.6287,146.6839,1,2011286,-67.61,146.7,0,-67.6287,146.6839,1,0,0,0,0,0
-67.6214,146.6651,1,2011287,-67.61,146.7,0,-67.6214,146.6651,1,0,0,0,0,0
-67.6102,146.7467,1,2011288,-67.61,146.7,0,-67.6102,146.7467,1,0,0,0,0,0
-67.6177,146.7026,1,2011289,-67.61,146.7,1,-67.6177,146.7026,1,0,0,0,15,8
-67.6063,146.8156,1,2011290,-67.61,146.7,0,-67.6063,146.8156,1,0,0,0,0,0
-67.6029,146.728,1,2011291,-67.61,146.7,0,-67.6029,146.728,1,0,0,0,0,0
-67.6044,146.8185,1,2011292,-67.61,146.7,0,-67.6044,146.8185,1,0,0,0,0,0
-67.6227,146.8494,1,2011293,-67.61,146.7,0,-67.6227,146.8494,1,0,0,0,0,0
-67.6208,146.853,1,2011294,-67.61,146.7,0,-67.6208,146.853,1,0,0,0,0,0
-67.6488,146.6799,1,2011295,-67.61,146.7,0,-67.6488,146.6799,1,0,0,0,0,0
-67.6541,146.7641,1,2011296,-67.61,146.7,1,-67.6541,146.7641,1,0,0,0,15,8
-67.6189,146.8871,1,2011297,-67.61,146.7,0,-67.6189,146.8871,1,0,0,0,0,0
-67.5899,146.8126,1,2011298,-67.61,146.7,0,-67.5899,146.8126,1,0,0,0,0,0
-67.5916,146.8094,1,2011299,-67.61,146.7,0,-67.5916,146.8094,1,0,0,0,0,0
-67.6191,146.8245,1,2011300,-67.61,146.7,0,-67.6191,146.8245,1,0,0,0,0,0
-67.6339,146.7993,1,2011301,-67.61,146.7,0,-67.6339,146.7993,1,0,0,0,0,0
-67.621,146.7902,1,2011302,-67.61,146.7,0,-67.621,146.7902,1,0,0,0,0,0
-67.6192,146.7932,1,2011303,-67.61,146.7,1,-67.6192,146.7932,1,0,0,0,15,8
-67.6099,146.8403,1,2011304,-67.6083,146.6817,0,-67.6099,146.8403,1,0,0,0,0,0
-67.6282,146.8397,1,2011305,-67.6041,146.6346,0,-67.6282,146.8397,1,0,0,0,0,0
-67.6115,146.8996,1,2011306,-67.5982,146.5701,0,-67.6115,146.8996,1,0,0,0,0,0
-67.6043,146.8499,1,2011307,-67.5918,146.4999,0,-67.6043,146.8499,1,0,0,0,0,0
-67.6266,146.7805,1,2011308,-67.5859,146.4354,0,-67.6266,146.7805,1,0,0,0,0,0
-67.6099,146.8403,1,2011309,-67.5817,146.3883,0,-67.6099,146.8403,1,0,0,0,0,0
-67.6099,146.8403,1,2011310,-67.58,146.37,1,-67.6099,146.8403,1,0,0,0,16,7
-67.6171,146.8591,1,2011311,-67.5817,146.3888,0,-67.6171,146.8591,1,0,0,0,0,0
-67.6212,146.7589,1,2011312,-67.5859,146.4374,0,-67.6212,146.7589,1,0,0,0,0,0
-67.601,146.7624,1,2011313,-67.5918,146.5038,0,-67.601,146.7624,1,0,0,0,0,0
-67.6044,146.8185,1,2011314,-67.5982,146.5762,0,-67.6044,146.8185,1,0,0,0,0,0
-67.6135,146.8651,1,2011315,-67.6041,146.6426,0,-67.6135,146.8651,1,0,0,0,0,0
-67.6095,146.9338,1,2011316,-67.6083,146.6912,0,-67.6095,146.9338,1,0,0,0,0,0
-67.6186,146.9496,1,2011317,-67.61,146.71,1,-67.6186,146.9496,1,0,0,0,16,8
-67.6374,146.8557,1,2011318,-67.61,146.71,0,-67.6374,146.8557,1,0,0,0,0,0
-67.603,146.7282,1,2011319,-67.61,146.71,0,-67.603,146.7282,1,0,0,0,0,0
-67.5883,146.7221,1,2011320,-67.61,146.71,0,-67.5883,146.7221,1,0,0,0,0,0
-67.5863,146.7879,1,2011321,-67.61,146.71,0,-67.5863,146.7879,1,0,0,0,0,0
-67.5974,146.7377,1,2011322,-67.61,146.71,0,-67.5974,146.7377,1,0,0,0,0,0
-67.6103,146.7153,1,2011323,-67.61,146.71,0,-67.6103,146.7153,1,0,0,0,0,0
-67.6026,146.8215,1,2011324,-67.61,146.71,1,-67.6026,146.8215,1,0,0,0,16,8
-67.6152,146.8936,1,2011325,-67.61,146.71,0,-67.6152,146.8936,1,0,0,0,0,0
-67.612,146.712,1,2011326,-67.61,146.71,0,-67.612,146.712,1,0,0,0,0,0
-67.6355,146.8585,1,2011327,-67.61,146.71,0,-67.6355,146.8585,1,0,0,0,0,0
-67.6207,146.8838,1,2011328,-67.61,146.71,0,-67.6207,146.8838,1,0,0,0,0,0
-67.6207,146.8839,1,2011329,-67.61,146.71,0,-67.6207,146.8839,1,0,0,0,0,0
-67.6173,146.8277,1,2011330,-67.61,146.71,0,-67.6173,146.8277,1,0,0,0,0,0
-67.6174,146.7963,1,2011331,-67.61,146.71,1,-67.6174,146.7963,1,0,0,0,16,8
-67.5933,146.8688,1,2011332,-67.61,146.71,0,-67.5933,146.8688,1,0,0,0,0,0
-67.5825,146.8255,1,2011333,-67.61,146.71,0,-67.5825,146.8255,1,0,0,0,0,0
-67.5589,146.7412,1,2011334,-67.61,146.71,0,-67.5589,146.7412,1,0,0,0,0,0
-67.6022,146.9466,1,2011335,-67.61,146.71,0,-67.6022,146.9466,1,0,0,0,0,0
-67.6079,146.8747,1,2011336,-67.61,146.71,0,-67.6079,146.8747,1,0,0,0,0,0
-67.6191,146.8556,1,2011337,-67.61,146.71,0,-67.6191,146.8556,1,0,0,0,0,0
-67.5913,146.9031,1,2011338,-67.61,146.71,1,-67.5913,146.9031,1,0,0,0,16,8
-67.6043,146.8807,1,2011339,-67.61,146.71,0,-67.6043,146.8807,1,0,0,0,0,0
-67.5983,146.9839,1,2011340,-67.61,146.71,0,-67.5983,146.9839,1,0,0,0,0,0
-67.5983,146.984,1,2011341,-67.61,146.71,0,-67.5983,146.984,1,0,0,0,0,0
-67.5967,146.9247,1,2011342,-67.61,146.71,0,-67.5967,146.9247,1,0,0,0,0,0
-67.6188,146.9183,1,2011343,-67.61,146.71,0,-67.6188,146.9183,1,0,0,0,0,0
-67.6136,146.8338,1,2011344,-67.61,146.71,0,-67.6136,146.8338,1,0,0,0,0,0
-67.5767,146.897,1,2011345,-67.61,146.71,1,-67.5767,146.897,1,0,0,0,16,8
-67.5896,146.9064,1,2011346,-67.61,146.71,0,-67.5896,146.9064,1,0,0,0,0,0
-67.5605,146.832,1,2011347,-67.61,146.71,0,-67.5605,146.832,1,0,0,0,0,0
-67.5624,146.7974,1,2011348,-67.61,146.71,0,-67.5624,146.7974,1,0,0,0,0,0
-67.5768,146.8971,1,2011349,-67.61,146.71,0,-67.5768,146.8971,1,0,0,0,0,0
-67.5732,146.8407,1,2011350,-67.61,146.71,0,-67.5732,146.8407,1,0,0,0,0,0
-67.5967,146.9247,1,2011351,-67.61,146.71,0,-67.5967,146.9247,1,0,0,0,0,0
-67.6114,146.9309,1,2011352,-67.61,146.71,1,-67.6114,146.9309,1,0,0,0,16,8
-67.6245,146.8462,1,2011353,-67.6094,146.71,0,-67.6245,146.8462,1,0,0,0,0,0
-67.6409,146.8802,1,2011354,-67.608,146.71,0,-67.6409,146.8802,1,0,0,0,0,0
-67.6429,146.9061,0,2011355,-67.6061,146.71,0,-67.6429,146.9061,0,0,0,0,0,0
-67.644,146.9275,0,2011356,-67.6039,146.71,0,-67.644,146.9275,0,0,0,0,0,0
-67.6443,146.9365,1,2011357,-67.602,146.71,0,-67.6443,146.9365,1,0,0,0,0,0
-67.6389,146.9148,1,2011358,-67.6006,146.71,0,-67.6389,146.9148,1,0,0,0,0,0
-67.6335,146.8929,1,2011359,-67.6,146.71,1,-67.6335,146.8929,1,0,0,0,16,8
-67.6261,146.9056,1,2011360,-67.601,146.7105,0,-67.6261,146.9056,1,0,0,0,0,0
-67.6317,146.8959,1,2011361,-67.6035,146.7118,0,-67.6317,146.8959,1,0,0,0,0,0
-67.6203,146.9774,1,2011362,-67.607,146.7135,0,-67.6203,146.9774,1,0,0,0,0,0
-67.6333,146.9553,1,2011363,-67.611,146.7155,0,-67.6333,146.9553,1,0,0,0,0,0
-67.6019,147.0088,1,2011364,-67.6148,146.7174,0,-67.6019,147.0088,1,0,0,0,0,0
-67.5963,147.0183,1,2011365,-67.6179,146.719,0,-67.5963,147.0183,1,0,0,0,0,0
-67.5988,147.0048,0,2012001,-67.62,146.72,1,-67.5988,147.0048,0,0,0,0,16,8
-67.6002,146.9811,1,2012002,-67.6194,146.7194,0,-67.6002,146.9811,1,0,0,0,0,0
-67.5915,146.8717,1,2012003,-67.618,146.718,0,-67.5915,146.8717,1,0,0,0,0,0
-67.5749,146.9001,1,2012004,-67.6161,146.7161,0,-67.5749,146.9001,1,0,0,0,0,0
-67.5747,146.9313,1,2012005,-67.6139,146.7139,0,-67.5747,146.9313,1,0,0,0,0,0
-67.5967,146.9566,1,2012006,-67.612,146.712,0,-67.5967,146.9566,1,0,0,0,0,0
-67.5792,146.6754,1,2012007,-67.6106,146.7106,0,-67.5792,146.6754,1,0,0,0,0,0
-67.6081,146.8434,1,2012008,-67.61,146.71,1,-67.6081,146.8434,1,0,0,0,16,8
-67.6006,146.8876,1,2012009,-67.61,146.71,0,-67.6006,146.8876,1,0,0,0,0,0
-67.5919,146.7476,1,2012010,-67.61,146.71,0,-67.5919,146.7476,1,0,0,0,0,0
-67.5905,146.5634,1,2012011,-67.61,146.71,0,-67.5905,146.5634,1,0,0,0,0,0
-67.5997,146.5163,1,2012012,-67.61,146.71,0,-67.5997,146.5163,1,0,0,0,0,0
-67.6016,146.4818,1,2012013,-67.61,146.71,0,-67.6016,146.4818,1,0,0,0,0,0
-67.6089,146.5005,1,2012014,-67.61,146.71,0,-67.6089,146.5005,1,0,0,0,0,0
-67.6035,146.4475,1,2012015,-67.61,146.71,1,-67.6035,146.4475,1,0,0,0,16,8
-67.5943,146.4633,1,2012016,-67.6106,146.7139,0,-67.5943,146.4633,1,0,0,0,0,0
-67.5869,146.5074,1,2012017,-67.612,146.7239,0,-67.5869,146.5074,1,0,0,0,0,0
-67.5833,146.4512,1,2012018,-67.6139,146.7376,0,-67.5833,146.4512,1,0,0,0,0,0
-67.5997,146.5162,1,2012019,-67.6161,146.7524,0,-67.5997,146.5162,1,0,0,0,0,0
-67.6124,146.5248,1,2012020,-67.618,146.7661,0,-67.6124,146.5248,1,0,0,0,0,0
-67.6399,146.6638,1,2012021,-67.6194,146.7761,0,-67.6399,146.6638,1,0,0,0,0,0
-67.6434,146.6583,1,2012022,-67.62,146.78,1,-67.6434,146.6583,1,0,0,0,16,8
-67.6323,146.7087,1,2012023,-67.6196,146.7756,0,-67.6323,146.7087,1,0,0,0,0,0
-67.6103,146.7154,1,2012024,-67.6186,146.7641,0,-67.6103,146.7154,1,0,0,0,0,0
-67.5918,146.7783,1,2012025,-67.6171,146.7485,0,-67.5918,146.7783,1,0,0,0,0,0
-67.5808,146.7662,1,2012026,-67.6153,146.7315,0,-67.5808,146.7662,1,0,0,0,0,0
-67.5865,146.6942,1,2012027,-67.6134,146.7159,0,-67.5865,146.6942,1,0,0,0,0,0
-67.6119,146.7434,1,2012028,-67.6116,146.7044,0,-67.6119,146.7434,1,0,0,0,0,0
-67.643,146.7834,1,2012029,-67.61,146.7,1,-67.643,146.7834,1,0,0,0,16,8
-67.6615,146.7831,1,2012030,-67.6087,146.7006,0,-67.6615,146.7831,1,0,0,0,0,0
-67.6121,146.7122,1,2012031,-67.6076,146.702,0,-67.6121,146.7122,1,0,0,0,0,0
-67.6321,146.7715,1,2012032,-67.6066,146.7039,0,-67.6321,146.7715,1,0,0,0,0,0
-67.6252,146.6277,1,2012033,-67.6055,146.7061,0,-67.6252,146.6277,1,0,0,0,0,0
-67.614,146.6777,1,2012034,-67.6041,146.708,0,-67.614,146.6777,1,0,0,0,0,0
-67.6321,146.7715,1,2012035,-67.6023,146.7094,0,-67.6321,146.7715,1,0,0,0,0,0
-67.6324,146.6145,1,2012036,-67.6,146.71,1,-67.6324,146.6145,1,0,0,0,16,8
-67.6667,146.8362,1,2012037,-67.5937,146.6953,0,-67.6667,146.8362,1,0,0,0,0,0
-67.6468,146.7771,1,2012038,-67.5813,146.6567,0,-67.6468,146.7771,1,0,0,0,0,0
-67.5938,146.7439,1,2012039,-67.5645,146.6026,0,-67.5938,146.7439,1,0,0,0,0,0
-67.5807,146.7657,1,2012040,-67.5452,146.5415,0,-67.5807,146.7657,1,0,0,0,0,0
-67.597,146.8308,1,2012041,-67.5252,146.4818,0,-67.597,146.8308,1,0,0,0,0,0
-67.5716,146.7818,1,2012042,-67.5062,146.4318,0,-67.5716,146.7818,1,0,0,0,0,0
-67.5677,146.8506,1,2012043,-67.49,146.4,1,-67.5677,146.8506,1,0,0,0,16,8
-67.5585,146.8662,1,2012044,-67.476,146.3804,0,-67.5585,146.8662,1,0,0,0,0,0
-67.5389,146.7138,1,2012045,-67.4623,146.3618,0,-67.5389,146.7138,1,0,0,0,0,0
-67.4914,146.6407,1,2012046,-67.449,146.3451,0,-67.4914,146.6407,1,0,0,0,0,0
-67.4624,146.5362,1,2012047,-67.4361,146.3308,0,-67.4624,146.5362,1,0,0,0,0,0
-67.4442,146.5059,1,2012048,-67.4235,146.3197,0,-67.4442,146.5059,1,0,0,0,0,0
-67.4296,146.5003,1,2012049,-67.4115,146.3125,0,-67.4296,146.5003,1,0,0,0,0,0
-67.4311,146.4699,0,2012050,-67.4,146.31,1,-67.4311,146.4699,0,0,0,0,16,8
-67.4337,146.4225,0,2012051,-67.3889,146.31,0,-67.4337,146.4225,0,0,0,0,0,0
-67.4352,146.3978,1,2012052,-67.378,146.31,0,-67.4352,146.3978,1,0,0,0,0,0
-67.4168,146.3987,1,2012053,-67.3676,146.31,0,-67.4168,146.3987,1,0,0,0,0,0
-67.3711,146.3541,1,2012054,-67.3574,146.31,0,-67.3711,146.3541,1,0,0,0,0,0
-67.3767,146.3448,1,2012055,-67.3478,146.31,0,-67.3767,146.3448,1,0,0,0,0,0
-67.3602,146.4042,1,2012056,-67.3386,146.31,0,-67.3602,146.4042,1,0,0,0,0,0
-67.3821,146.4589,1,2012057,-67.33,146.31,1,-67.3821,146.4589,1,0,0,0,14,9
-67.3345,146.3555,1,2012058,-67.3216,146.3056,0,-67.3345,146.3555,1,0,0,0,0,0
-67.3126,146.3628,1,2012059,-67.3133,146.2941,0,-67.3126,146.3628,1,0,0,0,0,0
-67.3036,146.343,0,2012060,-67.3052,146.2785,0,-67.3036,146.343,0,0,0,0,0,0
-67.2999,146.3232,1,2012061,-67.2976,146.2615,0,-67.2999,146.3232,1,0,0,0,0,0
-67.309,146.4,1,2012062,-67.2907,146.2459,0,-67.309,146.4,1,0,0,0,0,0
-67.3127,146.3319,1,2012063,-67.2847,146.2344,0,-67.3127,146.3319,1,0,0,0,0,0
-67.3145,146.3289,1,2012064,-67.28,146.23,1,-67.3145,146.3289,1,0,0,0,14,9
-67.2943,146.2095,1,2012065,-67.2759,146.2328,0,-67.2943,146.2095,1,0,0,0,0,0
-67.3072,146.3418,1,2012066,-67.2719,146.2399,0,-67.3072,146.3418,1,0,0,0,0,0
-67.2596,146.3312,1,2012067,-67.2681,146.2497,0,-67.2596,146.3312,1,0,0,0,0,0
-67.2798,146.3888,1,2012068,-67.2649,146.2603,0,-67.2798,146.3888,1,0,0,0,0,0
-67.2761,146.2411,1,2012069,-67.2623,146.2701,0,-67.2761,146.2411,1,0,0,0,0,0
-67.245,146.3566,1,2012070,-67.2606,146.2772,0,-67.245,146.3566,1,0,0,0,0,0
-67.2835,146.29,1,2012071,-67.26,146.28,1,-67.2835,146.29,1,0,0,0,14,9
-67.3091,146.2767,1,2012072,-67.26,146.2789,0,-67.3091,146.2767,1,0,0,0,0,0
-67.2889,146.3116,1,2012073,-67.26,146.276,0,-67.2889,146.3116,1,0,0,0,0,0
-67.2596,146.3313,1,2012074,-67.26,146.2721,0,-67.2596,146.3313,1,0,0,0,0,0
-67.2944,146.4869,1,2012075,-67.26,146.2679,0,-67.2944,146.4869,1,0,0,0,0,0
-67.2724,146.2779,1,2012076,-67.26,146.264,0,-67.2724,146.2779,1,0,0,0,0,0
-67.2982,146.3266,1,2012077,-67.26,146.2611,0,-67.2982,146.3266,1,0,0,0,0,0
-67.298,146.234,1,2012078,-67.26,146.26,1,-67.298,146.234,1,0,0,0,14,9
-67.2815,146.2011,1,2012079,-67.2594,146.26,0,-67.2815,146.2011,1,0,0,0,0,0
-67.2468,146.2306,1,2012080,-67.258,146.26,0,-67.2468,146.2306,1,0,0,0,0,0
-67.2634,146.3559,1,2012081,-67.2561,146.26,0,-67.2634,146.3559,1,0,0,0,0,0
-67.2725,146.4014,1,2012082,-67.2539,146.26,0,-67.2725,146.4014,1,0,0,0,0,0
-67.2376,146.4304,1,2012083,-67.252,146.26,0,-67.2376,146.4304,1,0,0,0,0,0
-67.2248,146.4829,1,2012084,-67.2506,146.26,0,-67.2248,146.4829,1,0,0,0,0,0
-67.2414,146.3931,1,2012085,-67.25,146.26,1,-67.2414,146.3931,1,0,0,0,14,9
-67.2799,146.3579,1,2012086,-67.2506,146.2606,0,-67.2799,146.3579,1,0,0,0,0,0
-67.3201,146.4119,1,2012087,-67.252,146.262,0,-67.3201,146.4119,1,0,0,0,0,0
-67.287,146.3144,1,2012088,-67.2539,146.2639,0,-67.287,146.3144,1,0,0,0,0,0
-67.2798,146.3273,1,2012089,-67.2561,146.2661,0,-67.2798,146.3273,1,0,0,0,0,0
-67.2725,146.3091,1,2012090,-67.258,146.268,0,-67.2725,146.3091,1,0,0,0,0,0
-67.2724,146.4323,1,2012091,-67.2594,146.2694,0,-67.2724,146.4323,1,0,0,0,0,0
-67.2761,146.3333,1,2012092,-67.26,146.27,1,-67.2761,146.3333,1,0,0,0,14,9
-67.2743,146.2751,1,2012093,-67.26,146.2683,0,-67.2743,146.2751,1,0,0,0,0,0
-67.245,146.2336,1,2012094,-67.26,146.2641,0,-67.245,146.2336,1,0,0,0,0,0
-67.2505,146.2241,1,2012095,-67.26,146.2582,0,-67.2505,146.2241,1,0,0,0,0,0
-67.2652,146.3219,1,2012096,-67.26,146.2518,0,-67.2652,146.3219,1,0,0,0,0,0
-67.2688,146.2538,1,2012097,-67.26,146.2459,0,-67.2688,146.2538,1,0,0,0,0,0
-67.2779,146.2382,1,2012098,-67.26,146.2417,0,-67.2779,146.2382,1,0,0,0,0,0
-67.2339,146.191,1,2012099,-67.26,146.24,1,-67.2339,146.191,1,0,0,0,14,9
-67.3055,146.4375,1,2012100,-67.2594,146.24,0,-67.3055,146.4375,1,0,0,0,0,0
-67.3072,146.4029,1,2012101,-67.258,146.24,0,-67.3072,146.4029,1,0,0,0,0,0
-67.3145,146.4213,1,2012102,-67.2561,146.24,0,-67.3145,146.4213,1,0,0,0,0,0
-67.2924,146.459,1,2012103,-67.2539,146.24,0,-67.2924,146.459,1,0,0,0,0,0
-67.2724,146.4011,1,2012104,-67.252,146.24,0,-67.2724,146.4011,1,0,0,0,0,0
-67.2834,146.444,1,2012105,-67.2506,146.24,0,-67.2834,146.444,1,0,0,0,0,0
-67.2834,146.4439,1,2012106,-67.25,146.24,1,-67.2834,146.4439,1,0,0,0,14,9
-67.287,146.4993,1,2012107,-67.25,146.2411,0,-67.287,146.4993,1,0,0,0,0,0
-67.2926,146.3972,1,2012108,-67.25,146.244,0,-67.2926,146.3972,1,0,0,0,0,0
-67.2925,146.4282,1,2012109,-67.25,146.2479,0,-67.2925,146.4282,1,0,0,0,0,0
-67.2999,146.4156,1,2012110,-67.25,146.2521,0,-67.2999,146.4156,1,0,0,0,0,0
-67.2907,146.4622,1,2012111,-67.25,146.256,0,-67.2907,146.4622,1,0,0,0,0,0
-67.2834,146.4438,1,2012112,-67.25,146.2589,0,-67.2834,146.4438,1,0,0,0,0,0
-67.2761,146.4565,1,2012113,-67.25,146.26,1,-67.2761,146.4565,1,0,0,0,14,9
-67.2724,146.4012,1,2012114,-67.25,146.26,0,-67.2724,146.4012,1,0,0,0,0,0
-67.2816,146.478,1,2012115,-67.25,146.26,0,-67.2816,146.478,1,0,0,0,0,0
-67.3054,146.4062,1,2012116,-67.25,146.26,0,-67.3054,146.4062,1,0,0,0,0,0
-67.2686,146.5,1,2012117,-67.25,146.26,0,-67.2686,146.5,1,0,0,0,0,0
-67.2651,146.4138,1,2012118,-67.25,146.26,0,-67.2651,146.4138,1,0,0,0,0,0
-67.2577,146.4263,1,2012119,-67.25,146.26,0,-67.2577,146.4263,1,0,0,0,0,0
-67.2633,146.417,1,2012120,-67.25,146.26,1,-67.2633,146.417,1,0,0,0,14,9
-67.2706,146.4353,1,2012121,-67.25,146.26,0,-67.2706,146.4353,1,0,0,0,0,0
-67.2779,146.4226,1,2012122,-67.25,146.26,0,-67.2779,146.4226,1,0,0,0,0,0
-67.2943,146.4867,1,2012123,-67.25,146.26,0,-67.2943,146.4867,1,0,0,0,0,0
-67.3053,146.4368,1,2012124,-67.25,146.26,0,-67.3053,146.4368,1,0,0,0,0,0
-67.3035,146.4709,1,2012125,-67.25,146.26,0,-67.3035,146.4709,1,0,0,0,0,0
-67.2339,146.2828,1,2012126,-67.25,146.26,0,-67.2339,146.2828,1,0,0,0,0,0
-67.2799,146.389,1,2012127,-67.25,146.26,1,-67.2799,146.389,1,0,0,0,14,9
-67.3054,146.3137,1,2012128,-67.2489,146.2517,0,-67.3054,146.3137,1,0,0,0,0,0
-67.309,146.4,1,2012129,-67.246,146.2303,0,-67.309,146.4,1,0,0,0,0,0
-67.342,146.4048,1,2012130,-67.2421,146.201,0,-67.342,146.4048,1,0,0,0,0,0
-67.3069,146.5881,1,2012131,-67.2379,146.169,0,-67.3069,146.5881,1,0,0,0,0,0
-67.2614,146.3582,1,2012132,-67.234,146.1397,0,-67.2614,146.3582,1,0,0,0,0,0
-67.2578,146.4266,1,2012133,-67.2311,146.1183,0,-67.2578,146.4266,1,0,0,0,0,0
-67.2486,146.4422,1,2012134,-67.23,146.11,1,-67.2486,146.4422,1,0,0,0,14,9
-67.2705,146.5276,1,2012135,-67.23,146.11,0,-67.2705,146.5276,1,0,0,0,0,0
-67.3036,146.4091,1,2012136,-67.23,146.11,0,-67.3036,146.4091,1,0,0,0,0,0
-67.2742,146.3981,1,2012137,-67.23,146.11,0,-67.2742,146.3981,1,0,0,0,0,0
-67.3054,146.4062,1,2012138,-67.23,146.11,0,-67.3054,146.4062,1,0,0,0,0,0
-67.3016,146.505,1,2012139,-67.23,146.11,0,-67.3016,146.505,1,0,0,0,0,0
-67.2907,146.4311,1,2012140,-67.23,146.11,0,-67.2907,146.4311,1,0,0,0,0,0
-67.3035,146.471,1,2012141,-67.23,146.11,1,-67.3035,146.471,1,0,0,0,14,9
-67.3053,146.4369,1,2012142,-67.23,146.11,0,-67.3053,146.4369,1,0,0,0,0,0
-67.3016,146.5049,1,2012143,-67.23,146.11,0,-67.3016,146.5049,1,0,0,0,0,0
-67.3182,146.4146,1,2012144,-67.23,146.11,0,-67.3182,146.4146,1,0,0,0,0,0
-67.2741,146.4289,1,2012145,-67.23,146.11,0,-67.2741,146.4289,1,0,0,0,0,0
-67.2743,146.3673,1,2012146,-67.23,146.11,0,-67.2743,146.3673,1,0,0,0,0,0
-67.309,146.4925,1,2012147,-67.23,146.11,0,-67.309,146.4925,1,0,0,0,0,0
-67.2925,146.428,1,2012148,-67.23,146.11,1,-67.2925,146.428,1,0,0,0,14,9
-67.2431,146.3594,1,2012149,-67.23,146.11,0,-67.2431,146.3594,1,0,0,0,0,0
-67.2359,146.3105,1,2012150,-67.23,146.11,0,-67.2359,146.3105,1,0,0,0,0,0
-67.2615,146.3589,1,2012151,-67.23,146.11,0,-67.2615,146.3589,1,0,0,0,0,0
-67.2652,146.2909,1,2012152,-67.23,146.11,0,-67.2652,146.2909,1,0,0,0,0,0
-67.2541,146.4023,1,2012153,-67.23,146.11,0,-67.2541,146.4023,1,0,0,0,0,0
-67.2835,146.4132,1,2012154,-67.23,146.11,0,-67.2835,146.4132,1,0,0,0,0,0
-67.2632,146.4478,1,2012155,-67.23,146.11,1,-67.2632,146.4478,1,0,0,0,14,9
-67.2835,146.413,1,2012156,-67.23,146.11,0,-67.2835,146.413,1,0,0,0,0,0
-67.2724,146.4012,1,2012157,-67.23,146.11,0,-67.2724,146.4012,1,0,0,0,0,0
-67.2724,146.4012,1,2012158,-67.23,146.11,0,-67.2724,146.4012,1,0,0,0,0,0
-67.2724,146.4012,1,2012159,-67.23,146.11,0,-67.2724,146.4012,1,0,0,0,0,0
-67.2724,146.4012,1,2012160,-67.23,146.11,0,-67.2724,146.4012,1,0,0,0,0,0
-67.2724,146.4012,1,2012161,-67.23,146.11,0,-67.2724,146.4012,1,0,0,0,0,0
-67.2835,146.3208,1,2012162,-67.23,146.11,1,-67.2835,146.3208,1,0,0,0,14,9
-67.3054,146.4372,1,2012163,-67.23,146.11,0,-67.3054,146.4372,1,0,0,0,0,0
-67.2706,146.3427,1,2012164,-67.23,146.11,0,-67.2706,146.3427,1,0,0,0,0,0
-67.2596,146.4235,1,2012165,-67.23,146.11,0,-67.2596,146.4235,1,0,0,0,0,0
-67.267,146.3491,1,2012166,-67.23,146.11,0,-67.267,146.3491,1,0,0,0,0,0
-67.2651,146.414,1,2012167,-67.23,146.11,0,-67.2651,146.414,1,0,0,0,0,0
-67.2651,146.4139,1,2012168,-67.23,146.11,0,-67.2651,146.4139,1,0,0,0,0,0
-67.287,146.4994,1,2012169,-67.23,146.11,1,-67.287,146.4994,1,0,0,0,14,9
-67.2851,146.5331,1,2012170,-67.23,146.11,0,-67.2851,146.5331,1,0,0,0,0,0
-67.2998,146.477,1,2012171,-67.23,146.11,0,-67.2998,146.477,1,0,0,0,0,0
-67.298,146.4186,1,2012172,-67.23,146.11,0,-67.298,146.4186,1,0,0,0,0,0
-67.2833,146.4748,1,2012173,-67.23,146.11,0,-67.2833,146.4748,1,0,0,0,0,0
-67.309,146.4614,1,2012174,-67.23,146.11,0,-67.309,146.4614,1,0,0,0,0,0
-67.2759,146.4873,1,2012175,-67.23,146.11,0,-67.2759,146.4873,1,0,0,0,0,0
-67.3201,146.3498,1,2012176,-67.23,146.11,1,-67.3201,146.3498,1,0,0,0,14,9
-67.3007,146.3859,0,2012177,-67.2317,146.1122,0,-67.3007,146.3859,0,0,0,0,0,0
-67.2814,146.4473,1,2012178,-67.2359,146.1179,0,-67.2814,146.4473,1,0,0,0,0,0
-67.287,146.4993,1,2012179,-67.2418,146.1257,0,-67.287,146.4993,1,0,0,0,0,0
-67.2924,146.5206,1,2012180,-67.2482,146.1343,0,-67.2924,146.5206,1,0,0,0,0,0
-67.2833,146.4437,1,2012181,-67.2541,146.1421,0,-67.2833,146.4437,1,0,0,0,0,0
-67.256,146.3372,1,2012182,-67.2583,146.1478,0,-67.256,146.3372,1,0,0,0,0,0
-67.2742,146.4907,1,2012183,-67.26,146.15,1,-67.2742,146.4907,1,0,0,0,14,9
-67.267,146.3489,1,2012184,-67.26,146.1456,0,-67.267,146.3489,1,0,0,0,0,0
-67.2725,146.4014,1,2012185,-67.26,146.1341,0,-67.2725,146.4014,1,0,0,0,0,0
-67.2707,146.3121,1,2012186,-67.26,146.1185,0,-67.2707,146.3121,1,0,0,0,0,0
-67.2743,146.3984,1,2012187,-67.26,146.1015,0,-67.2743,146.3984,1,0,0,0,0,0
-67.2926,146.3975,1,2012188,-67.26,146.0859,0,-67.2926,146.3975,1,0,0,0,0,0
-67.309,146.4924,1,2012189,-67.26,146.0744,0,-67.309,146.4924,1,0,0,0,0,0
-67.2852,146.3174,1,2012190,-67.26,146.07,1,-67.2852,146.3174,1,0,0,0,14,9
-67.2999,146.3234,1,2012191,-67.26,146.07,0,-67.2999,146.3234,1,0,0,0,0,0
-67.2724,146.3399,1,2012192,-67.26,146.07,0,-67.2724,146.3399,1,0,0,0,0,0
-67.3073,146.4032,1,2012193,-67.26,146.07,0,-67.3073,146.4032,1,0,0,0,0,0
-67.2779,146.3611,1,2012194,-67.26,146.07,0,-67.2779,146.3611,1,0,0,0,0,0
-67.2633,146.3556,1,2012195,-67.26,146.07,0,-67.2633,146.3556,1,0,0,0,0,0
-67.2688,146.223,1,2012196,-67.26,146.07,0,-67.2688,146.223,1,0,0,0,0,0
-67.2597,146.3315,1,2012197,-67.26,146.07,1,-67.2597,146.3315,1,0,0,0,14,9
-67.2652,146.2909,1,2012198,-67.26,146.07,0,-67.2652,146.2909,1,0,0,0,0,0
-67.2817,146.2626,1,2012199,-67.26,146.07,0,-67.2817,146.2626,1,0,0,0,0,0
-67.2157,146.2841,1,2012200,-67.26,146.07,0,-67.2157,146.2841,1,0,0,0,0,0
-67.2341,146.3447,1,2012201,-67.26,146.07,0,-67.2341,146.3447,1,0,0,0,0,0
-67.2488,146.3193,1,2012202,-67.26,146.07,0,-67.2488,146.3193,1,0,0,0,0,0
-67.267,146.3802,1,2012203,-67.26,146.07,0,-67.267,146.3802,1,0,0,0,0,0
-67.2926,146.3975,1,2012204,-67.26,146.07,1,-67.2926,146.3975,1,0,0,0,14,9
-67.2816,146.3855,1,2012205,-67.26,146.07,0,-67.2816,146.3855,1,0,0,0,0,0
-67.2578,146.3343,1,2012206,-67.26,146.07,0,-67.2578,146.3343,1,0,0,0,0,0
-67.2707,146.3122,1,2012207,-67.26,146.07,0,-67.2707,146.3122,1,0,0,0,0,0
-67.2615,146.2665,1,2012208,-67.26,146.07,0,-67.2615,146.2665,1,0,0,0,0,0
-67.2982,146.3266,1,2012209,-67.26,146.07,0,-67.2982,146.3266,1,0,0,0,0,0
-67.2669,146.3185,1,2012210,-67.26,146.07,0,-67.2669,146.3185,1,0,0,0,0,0
-67.2633,146.2325,1,2012211,-67.26,146.07,1,-67.2633,146.2325,1,0,0,0,14,9
-67.2641,146.2368,0,2012212,-67.2589,146.0772,0,-67.2641,146.2368,0,0,0,0,0,0
-67.2662,146.2479,0,2012213,-67.256,146.0958,0,-67.2662,146.2479,0,0,0,0,0,0
-67.2688,146.2631,0,2012214,-67.2521,146.1212,0,-67.2688,146.2631,0,0,0,0,0,0
-67.2714,146.2797,0,2012215,-67.2479,146.1488,0,-67.2714,146.2797,0,0,0,0,0,0
-67.2735,146.295,0,2012216,-67.244,146.1742,0,-67.2735,146.295,0,0,0,0,0,0
-67.2743,146.3062,1,2012217,-67.2411,146.1928,0,-67.2743,146.3062,1,0,0,0,0,0
-67.2523,146.3131,1,2012218,-67.24,146.2,1,-67.2523,146.3131,1,0,0,0,14,9
-67.2506,146.3162,1,2012219,-67.24,146.1996,0,-67.2506,146.3162,1,0,0,0,0,0
-67.2432,146.3289,1,2012220,-67.24,146.1986,0,-67.2432,146.3289,1,0,0,0,0,0
-67.2377,146.3076,1,2012221,-67.24,146.1971,0,-67.2377,146.3076,1,0,0,0,0,0
-67.2634,146.3249,1,2012222,-67.24,146.1953,0,-67.2634,146.3249,1,0,0,0,0,0
-67.2761,146.3644,1,2012223,-67.24,146.1934,0,-67.2761,146.3644,1,0,0,0,0,0
-67.245,146.3256,1,2012224,-67.24,146.1916,0,-67.245,146.3256,1,0,0,0,0,0
-67.2359,146.3415,1,2012225,-67.24,146.19,1,-67.2359,146.3415,1,0,0,0,14,9
-67.2414,146.3319,1,2012226,-67.2406,146.1886,0,-67.2414,146.3319,1,0,0,0,0,0
-67.2432,146.3289,1,2012227,-67.242,146.1873,0,-67.2432,146.3289,1,0,0,0,0,0
-67.2872,146.3763,1,2012228,-67.2439,146.1861,0,-67.2872,146.3763,1,0,0,0,0,0
-67.2779,146.3303,1,2012229,-67.2461,146.1848,0,-67.2779,146.3303,1,0,0,0,0,0
-67.2908,146.2158,1,2012230,-67.248,146.1833,0,-67.2908,146.2158,1,0,0,0,0,0
-67.2614,146.3283,1,2012231,-67.2494,146.1818,0,-67.2614,146.3283,1,0,0,0,0,0
-67.2578,146.3596,0,2012232,-67.25,146.18,1,-67.2578,146.3596,0,0,0,0,14,9
-67.2542,146.3714,1,2012233,-67.25,146.1775,0,-67.2542,146.3714,1,0,0,0,0,0
-67.2285,146.354,1,2012234,-67.25,146.1741,0,-67.2285,146.354,1,0,0,0,0,0
-67.2249,146.391,1,2012235,-67.25,146.1703,0,-67.2249,146.391,1,0,0,0,0,0
-67.2195,146.3388,1,2012236,-67.25,146.1665,0,-67.2195,146.3388,1,0,0,0,0,0
-67.2487,146.4424,1,2012237,-67.25,146.1632,0,-67.2487,146.4424,1,0,0,0,0,0
-67.2358,146.4334,1,2012238,-67.25,146.1609,0,-67.2358,146.4334,1,0,0,0,0,0
-67.2339,146.5595,1,2012239,-67.25,146.16,1,-67.2339,146.5595,1,0,0,0,14,9
-67.2358,146.4946,1,2012240,-67.2489,146.1628,0,-67.2358,146.4946,1,0,0,0,0,0
-67.245,146.4791,1,2012241,-67.246,146.1699,0,-67.245,146.4791,1,0,0,0,0,0
-67.2432,146.3899,1,2012242,-67.2421,146.1797,0,-67.2432,146.3899,1,0,0,0,0,0
-67.2579,146.3958,1,2012243,-67.2379,146.1903,0,-67.2579,146.3958,1,0,0,0,0,0
-67.2578,146.4265,1,2012244,-67.234,146.2001,0,-67.2578,146.4265,1,0,0,0,0,0
-67.2633,146.417,1,2012245,-67.2311,146.2072,0,-67.2633,146.417,1,0,0,0,0,0
-67.2431,146.4517,1,2012246,-67.23,146.21,1,-67.2431,146.4517,1,0,0,0,14,9
-67.2395,146.4578,1,2012247,-67.23,146.21,0,-67.2395,146.4578,1,0,0,0,0,0
-67.2267,146.4491,1,2012248,-67.23,146.21,0,-67.2267,146.4491,1,0,0,0,0,0
-67.2194,146.4616,1,2012249,-67.23,146.21,0,-67.2194,146.4616,1,0,0,0,0,0
-67.2286,146.3844,1,2012250,-67.23,146.21,0,-67.2286,146.3844,1,0,0,0,0,0
-67.2286,146.4153,1,2012251,-67.23,146.21,0,-67.2286,146.4153,1,0,0,0,0,0
-67.2487,146.4114,1,2012252,-67.23,146.21,0,-67.2487,146.4114,1,0,0,0,0,0
-67.2211,146.4586,1,2012253,-67.23,146.21,1,-67.2211,146.4586,1,0,0,0,14,9
-67.2469,146.4144,1,2012254,-67.23,146.21,0,-67.2469,146.4144,1,0,0,0,0,0
-67.245,146.3869,1,2012255,-67.23,146.21,0,-67.245,146.3869,1,0,0,0,0,0
-67.2506,146.2853,1,2012256,-67.23,146.21,0,-67.2506,146.2853,1,0,0,0,0,0
-67.2505,146.4393,1,2012257,-67.23,146.21,0,-67.2505,146.4393,1,0,0,0,0,0
-67.245,146.3869,1,2012258,-67.23,146.21,0,-67.245,146.3869,1,0,0,0,0,0
-67.2413,146.4549,1,2012259,-67.23,146.21,0,-67.2413,146.4549,1,0,0,0,0,0
-67.2231,146.3939,1,2012260,-67.23,146.21,1,-67.2231,146.3939,1,0,0,0,14,9
-67.2542,146.4328,1,2012261,-67.2306,146.2094,0,-67.2542,146.4328,1,0,0,0,0,0
-67.2212,146.3356,1,2012262,-67.232,146.208,0,-67.2212,146.3356,1,0,0,0,0,0
-67.2212,146.3356,1,2012263,-67.2339,146.2061,0,-67.2212,146.3356,1,0,0,0,0,0
-67.2212,146.3356,1,2012264,-67.2361,146.2039,0,-67.2212,146.3356,1,0,0,0,0,0
-67.2212,146.3356,1,2012265,-67.238,146.202,0,-67.2212,146.3356,1,0,0,0,0,0
-67.2212,146.3356,1,2012266,-67.2394,146.2006,0,-67.2212,146.3356,1,0,0,0,0,0
-67.2212,146.3356,1,2012267,-67.24,146.2,1,-67.2212,146.3356,1,0,0,0,14,9
-67.2286,146.3233,1,2012268,-67.24,146.2,0,-67.2286,146.3233,1,0,0,0,0,0
-67.2213,146.3359,1,2012269,-67.24,146.2,0,-67.2213,146.3359,1,0,0,0,0,0
-67.2213,146.3359,1,2012270,-67.24,146.2,0,-67.2213,146.3359,1,0,0,0,0,0
-67.2213,146.3359,1,2012271,-67.24,146.2,0,-67.2213,146.3359,1,0,0,0,0,0
-67.2139,146.3485,1,2012272,-67.24,146.2,0,-67.2139,146.3485,1,0,0,0,0,0
-67.2176,146.3728,1,2012273,-67.24,146.2,0,-67.2176,146.3728,1,0,0,0,0,0
-67.1938,146.3216,1,2012274,-67.24,146.2,1,-67.1938,146.3216,1,0,0,0,14,9
-67.2249,146.4833,1,2012275,-67.24,146.2,0,-67.2249,146.4833,1,0,0,0,0,0
-67.2413,146.4765,0,2012276,-67.24,146.2,0,-67.2413,146.4765,0,0,0,0,0,0
-67.2533,146.4639,0,2012277,-67.24,146.2,0,-67.2533,146.4639,0,0,0,0,0,0
-67.2579,146.4571,1,2012278,-67.24,146.2,0,-67.2579,146.4571,1,0,0,0,0,0
-67.2339,146.4672,1,2012279,-67.24,146.2,0,-67.2339,146.4672,1,0,0,0,0,0
-67.2377,146.3687,1,2012280,-67.24,146.2,0,-67.2377,146.3687,1,0,0,0,0,0
-67.2688,146.4385,1,2012281,-67.24,146.2,1,-67.2688,146.4385,1,0,0,0,14,9
-67.2486,146.3498,1,2012282,-67.24,146.2,0,-67.2486,146.3498,1,0,0,0,0,0
-67.267,146.3801,1,2012283,-67.24,146.2,0,-67.267,146.3801,1,0,0,0,0,0
-67.2377,146.3074,1,2012284,-67.24,146.2,0,-67.2377,146.3074,1,0,0,0,0,0
-67.2707,146.4355,1,2012285,-67.24,146.2,0,-67.2707,146.4355,1,0,0,0,0,0
-67.2395,146.3964,1,2012286,-67.24,146.2,0,-67.2395,146.3964,1,0,0,0,0,0
-67.2359,146.4335,1,2012287,-67.24,146.2,0,-67.2359,146.4335,1,0,0,0,0,0
-67.2194,146.3387,1,2012288,-67.24,146.2,1,-67.2194,146.3387,1,0,0,0,14,9
-67.2396,146.3658,1,2012289,-67.24,146.1994,0,-67.2396,146.3658,1,0,0,0,0,0
-67.2066,146.3609,1,2012290,-67.24,146.198,0,-67.2066,146.3609,1,0,0,0,0,0
-67.2286,146.4154,1,2012291,-67.24,146.1961,0,-67.2286,146.4154,1,0,0,0,0,0
-67.2158,146.4066,1,2012292,-67.24,146.1939,0,-67.2158,146.4066,1,0,0,0,0,0
-67.2341,146.4366,1,2012293,-67.24,146.192,0,-67.2341,146.4366,1,0,0,0,0,0
-67.2157,146.4065,1,2012294,-67.24,146.1906,0,-67.2157,146.4065,1,0,0,0,0,0
-67.212,146.4743,1,2012295,-67.24,146.19,1,-67.212,146.4743,1,0,0,0,14,9
-67.2505,146.4697,1,2012296,-67.24,146.19,0,-67.2505,146.4697,1,0,0,0,0,0
-67.2504,146.5004,1,2012297,-67.24,146.19,0,-67.2504,146.5004,1,0,0,0,0,0
-67.2596,146.4539,1,2012298,-67.24,146.19,0,-67.2596,146.4539,1,0,0,0,0,0
-67.2688,146.4382,1,2012299,-67.24,146.19,0,-67.2688,146.4382,1,0,0,0,0,0
-67.2669,146.3799,1,2012300,-67.24,146.19,0,-67.2669,146.3799,1,0,0,0,0,0
-67.2596,146.3926,1,2012301,-67.24,146.19,0,-67.2596,146.3926,1,0,0,0,0,0
-67.2468,146.3839,1,2012302,-67.24,146.19,1,-67.2468,146.3839,1,0,0,0,14,9
-67.245,146.3871,1,2012303,-67.24,146.19,0,-67.245,146.3871,1,0,0,0,0,0
-67.2322,146.3783,1,2012304,-67.24,146.19,0,-67.2322,146.3783,1,0,0,0,0,0
-67.245,146.3871,1,2012305,-67.24,146.19,0,-67.245,146.3871,1,0,0,0,0,0
-67.2322,146.3783,1,2012306,-67.24,146.19,0,-67.2322,146.3783,1,0,0,0,0,0
-67.2377,146.3996,1,2012307,-67.24,146.19,0,-67.2377,146.3996,1,0,0,0,0,0
-67.2249,146.3909,1,2012308,-67.24,146.19,0,-67.2249,146.3909,1,0,0,0,0,0
-67.2212,146.4279,1,2012309,-67.24,146.19,1,-67.2212,146.4279,1,0,0,0,14,9
-67.2231,146.2711,1,2012310,-67.2406,146.1894,0,-67.2231,146.2711,1,0,0,0,0,0
-67.2176,146.4037,1,2012311,-67.242,146.188,0,-67.2176,146.4037,1,0,0,0,0,0
-67.1993,146.3427,1,2012312,-67.2439,146.1861,0,-67.1993,146.3427,1,0,0,0,0,0
-67.269,146.4078,1,2012313,-67.2461,146.1839,0,-67.269,146.4078,1,0,0,0,0,0
-67.2779,146.4227,1,2012314,-67.248,146.182,0,-67.2779,146.4227,1,0,0,0,0,0
-67.2578,146.4264,1,2012315,-67.2494,146.1806,0,-67.2578,146.4264,1,0,0,0,0,0
-67.2652,146.3831,1,2012316,-67.25,146.18,1,-67.2652,146.3831,1,0,0,0,14,9
-67.2193,146.4003,1,2012317,-67.2496,146.1803,0,-67.2193,146.4003,1,0,0,0,0,0
-67.2103,146.3853,1,2012318,-67.2486,146.1811,0,-67.2103,146.3853,1,0,0,0,0,0
-67.2231,146.3941,1,2012319,-67.2471,146.1824,0,-67.2231,146.3941,1,0,0,0,0,0
-67.2286,146.4153,1,2012320,-67.2453,146.184,0,-67.2286,146.4153,1,0,0,0,0,0
-67.2524,146.4667,1,2012321,-67.2434,146.1858,0,-67.2524,146.4667,1,0,0,0,0,0
-67.2633,146.4169,1,2012322,-67.2416,146.1879,0,-67.2633,146.4169,1,0,0,0,0,0
-67.2468,146.3839,1,2012323,-67.24,146.19,1,-67.2468,146.3839,1,0,0,0,14,9
-67.2267,146.357,1,2012324,-67.2384,146.1932,0,-67.2267,146.357,1,0,0,0,0,0
-67.2506,146.4085,1,2012325,-67.2366,146.1981,0,-67.2506,146.4085,1,0,0,0,0,0
-67.2505,146.4083,1,2012326,-67.2347,146.2039,0,-67.2505,146.4083,1,0,0,0,0,0
-67.2377,146.3995,1,2012327,-67.2329,146.2098,0,-67.2377,146.3995,1,0,0,0,0,0
-67.2469,146.3531,1,2012328,-67.2314,146.2149,0,-67.2469,146.3531,1,0,0,0,0,0
-67.223,146.3327,1,2012329,-67.2304,146.2186,0,-67.223,146.3327,1,0,0,0,0,0
-67.203,146.3059,1,2012330,-67.23,146.22,1,-67.203,146.3059,1,0,0,0,14,9
-67.2323,146.3477,1,2012331,-67.23,146.2196,0,-67.2323,146.3477,1,0,0,0,0,0
-67.2249,146.2681,1,2012332,-67.23,146.2186,0,-67.2249,146.2681,1,0,0,0,0,0
-67.2304,146.3203,1,2012333,-67.23,146.2171,0,-67.2304,146.3203,1,0,0,0,0,0
-67.2451,146.3872,1,2012334,-67.23,146.2153,0,-67.2451,146.3872,1,0,0,0,0,0
-67.2322,146.3783,1,2012335,-67.23,146.2134,0,-67.2322,146.3783,1,0,0,0,0,0
-67.245,146.3871,1,2012336,-67.23,146.2116,0,-67.245,146.3871,1,0,0,0,0,0
-67.245,146.3871,1,2012337,-67.23,146.21,1,-67.245,146.3871,1,0,0,0,14,9
-67.2652,146.3832,1,2012338,-67.23,146.2086,0,-67.2652,146.3832,1,0,0,0,0,0
-67.2651,146.4139,1,2012339,-67.23,146.2073,0,-67.2651,146.4139,1,0,0,0,0,0
-67.2285,146.3539,1,2012340,-67.23,146.2061,0,-67.2285,146.3539,1,0,0,0,0,0
-67.2285,146.4462,1,2012341,-67.23,146.2048,0,-67.2285,146.4462,1,0,0,0,0,0
-67.2194,146.3387,1,2012342,-67.23,146.2033,0,-67.2194,146.3387,1,0,0,0,0,0
-67.2359,146.4336,1,2012343,-67.23,146.2018,0,-67.2359,146.4336,1,0,0,0,0,0
-67.2267,146.4491,1,2012344,-67.23,146.2,1,-67.2267,146.4491,1,0,0,0,14,9
-67.2432,146.39,1,2012345,-67.23,146.1975,0,-67.2432,146.39,1,0,0,0,0,0
-67.2432,146.2979,1,2012346,-67.23,146.1941,0,-67.2432,146.2979,1,0,0,0,0,0
-67.267,146.3802,1,2012347,-67.23,146.1903,0,-67.267,146.3802,1,0,0,0,0,0
-67.2798,146.3887,1,2012348,-67.23,146.1865,0,-67.2798,146.3887,1,0,0,0,0,0
-67.2248,146.3295,1,2012349,-67.23,146.1832,0,-67.2248,146.3295,1,0,0,0,0,0
-67.2543,146.3406,1,2012350,-67.23,146.1809,0,-67.2543,146.3406,1,0,0,0,0,0
-67.2487,146.3501,1,2012351,-67.23,146.18,1,-67.2487,146.3501,1,0,0,0,14,9
-67.2579,146.3035,1,2012352,-67.23,146.18,0,-67.2579,146.3035,1,0,0,0,0,0
-67.2579,146.3035,1,2012353,-67.23,146.18,0,-67.2579,146.3035,1,0,0,0,0,0
-67.2579,146.3035,1,2012354,-67.23,146.18,0,-67.2579,146.3035,1,0,0,0,0,0
-67.2579,146.3035,1,2012355,-67.23,146.18,0,-67.2579,146.3035,1,0,0,0,0,0
-67.2579,146.3035,1,2012356,-67.23,146.18,0,-67.2579,146.3035,1,0,0,0,0,0
-67.2579,146.3035,1,2012357,-67.23,146.18,0,-67.2579,146.3035,1,0,0,0,0,0
-67.2579,146.3035,1,2012358,-67.23,146.18,1,-67.2579,146.3035,1,0,0,0,14,9
-67.2789,146.4133,1,2012359,-67.23,146.18,0,-67.2789,146.4133,1,0,0,0,0,0
-67.2789,146.4133,1,2012360,-67.23,146.18,0,-67.2789,146.4133,1,0,0,0,0,0
-67.2632,146.4478,1,2012361,-67.23,146.18,0,-67.2632,146.4478,1,0,0,0,0,0
-67.2267,146.3568,1,2012362,-67.23,146.18,0,-67.2267,146.3568,1,0,0,0,0,0
-67.2176,146.4036,1,2012363,-67.23,146.18,0,-67.2176,146.4036,1,0,0,0,0,0
-67.1883,146.3002,1,2012364,-67.23,146.18,0,-67.1883,146.3002,1,0,0,0,0,0
-67.2231,146.5172,1,2012365,-67.23,146.18,1,-67.2231,146.5172,1,0,0,0,14,9
-67.2323,146.3165,1,2012366,-67.2306,146.18,0,-67.2323,146.3165,1,0,0,0,0,0
-67.2414,146.2089,1,2013001,-67.2314,146.18,0,-67.2414,146.2089,1,0,0,0,0,0
-67.2579,146.2116,1,2013002,-67.2333,146.18,0,-67.2579,146.2116,1,0,0,0,0,0
-67.2411,146.0555,1,2013003,-67.2356,146.18,0,-67.2411,146.0555,1,0,0,0,0,0
-67.2688,146.1929,1,2013004,-67.2377,146.18,0,-67.2688,146.1929,1,0,0,0,0,0
-67.2651,146.3528,1,2013005,-67.2394,146.18,0,-67.2651,146.3528,1,0,0,0,0,0
-67.2633,146.2017,1,2013006,-67.24,146.18,1,-67.2633,146.2017,1,0,0,0,14,9
-67.265,146.1374,1,2013007,0,0,0,-67.265,146.1374,1,0,0,0,0,0
-67.265,146.1375,1,2013008,0,0,0,-67.265,146.1375,1,0,0,0,0,0
-67.2505,146.2859,1,2013009,0,0,0,-67.2505,146.2859,1,0,0,0,0,0
-67.2267,146.265,1,2013010,0,0,0,-67.2267,146.265,1,0,0,0,0,0
-67.2378,146.3077,1,2013011,0,0,0,-67.2378,146.3077,1,0,0,0,0,0
-67.2286,146.3541,1,2013012,0,0,0,-67.2286,146.3541,1,0,0,0,0,0
-67.2579,146.3959,1,2013013,0,0,0,-67.2579,146.3959,1,0,0,0,0,0
-67.2433,146.298,1,2013014,0,0,0,-67.2433,146.298,1,0,0,0,0,0
-67.2286,146.3541,1,2013015,0,0,0,-67.2286,146.3541,1,0,0,0,0,0
-67.2414,146.3319,1,2013016,0,0,0,-67.2414,146.3319,1,0,0,0,0,0
-67.223,146.2099,1,2013017,0,0,0,-67.223,146.2099,1,0,0,0,0,0
-67.2469,146.2612,1,2013018,0,0,0,-67.2469,146.2612,1,0,0,0,0,0
-67.2615,146.2667,1,2013019,0,0,0,-67.2615,146.2667,1,0,0,0,0,0
-67.2725,146.3092,1,2013020,-67.24,146.17,1,-67.2725,146.3092,1,0,0,0,14,9
-67.2322,146.317,1,2013021,-67.2394,146.168,0,-67.2322,146.317,1,0,0,0,0,0
-67.2433,146.298,1,2013022,-67.238,146.1648,0,-67.2433,146.298,1,0,0,0,0,0
-67.2212,146.3667,1,2013023,-67.2361,146.1609,0,-67.2212,146.3667,1,0,0,0,0,0
-67.2359,146.4028,1,2013024,-67.2339,146.157,0,-67.2359,146.4028,1,0,0,0,0,0
-67.2487,146.4423,1,2013025,-67.232,146.1535,0,-67.2487,146.4423,1,0,0,0,0,0
-67.2304,146.2892,1,2013026,-67.2306,146.151,0,-67.2304,146.2892,1,0,0,0,0,0
-67.2286,146.3542,1,2013027,-67.23,146.15,1,-67.2286,146.3542,1,0,0,0,14,9
-67.2194,146.3697,1,2013028,-67.2311,146.15,0,-67.2194,146.3697,1,0,0,0,0,0
-67.2122,146.3515,1,2013029,-67.234,146.15,0,-67.2122,146.3515,1,0,0,0,0,0
-67.214,146.3177,1,2013030,-67.2379,146.15,0,-67.214,146.3177,1,0,0,0,0,0
-67.2305,146.2895,1,2013031,-67.2421,146.15,0,-67.2305,146.2895,1,0,0,0,0,0
-67.2047,146.4258,1,2013032,-67.246,146.15,0,-67.2047,146.4258,1,0,0,0,0,0
-67.2047,146.4434,0,2013033,-67.2489,146.15,0,-67.2047,146.4434,0,0,0,0,0,0
-67.2047,146.4531,0,2013034,-67.25,146.15,1,-67.2047,146.4531,0,0,0,0,14,9
-67.2048,146.4561,1,2013035,-67.2489,146.15,0,-67.2048,146.4561,1,0,0,0,0,0
-67.2268,146.4184,1,2013036,-67.246,146.15,0,-67.2268,146.4184,1,0,0,0,0,0
-67.2799,146.4503,1,2013037,-67.2421,146.15,0,-67.2799,146.4503,1,0,0,0,0,0
-67.2578,146.3033,1,2013038,-67.2379,146.15,0,-67.2578,146.3033,1,0,0,0,0,0
-67.223,146.2407,1,2013039,-67.234,146.15,0,-67.223,146.2407,1,0,0,0,0,0
-67.2213,146.3669,1,2013040,-67.2311,146.15,0,-67.2213,146.3669,1,0,0,0,0,0
-67.2671,146.4416,1,2013041,-67.23,146.15,1,-67.2671,146.4416,1,0,0,0,14,9
-67.2739,146.4375,0,2013042,-67.23,146.15,0,-67.2739,146.4375,0,0,0,0,0,0
-67.2761,146.4256,1,2013043,-67.23,146.15,0,-67.2761,146.4256,1,0,0,0,0,0
-67.2615,146.3586,1,2013044,-67.23,146.15,0,-67.2615,146.3586,1,0,0,0,0,0
-67.2706,146.4354,1,2013045,-67.23,146.15,0,-67.2706,146.4354,1,0,0,0,0,0
-67.2686,146.4417,0,2013046,-67.23,146.15,0,-67.2686,146.4417,0,0,0,0,0,0
-67.2632,146.4478,1,2013047,-67.23,146.15,0,-67.2632,146.4478,1,0,0,0,0,0
-67.2449,146.5099,1,2013048,-67.23,146.15,1,-67.2449,146.5099,1,0,0,0,14,9
-67.2504,146.5004,1,2013049,0,0,0,-67.2504,146.5004,1,0,0,0,0,0
-67.2735,146.4858,0,2013050,0,0,0,-67.2735,146.4858,0,0,0,0,0,0
-67.2926,146.4589,1,2013051,0,0,0,-67.2926,146.4589,1,0,0,0,0,0
-67.2614,146.3584,1,2013052,0,0,0,-67.2614,146.3584,1,0,0,0,0,0
-67.2578,146.4266,1,2013053,0,0,0,-67.2578,146.4266,1,0,0,0,0,0
-67.2303,146.4121,1,2013054,0,0,0,-67.2303,146.4121,1,0,0,0,0,0
-67.2469,146.3223,1,2013055,0,0,0,-67.2469,146.3223,1,0,0,0,0,0
-67.267,146.257,1,2013056,0,0,0,-67.267,146.257,1,0,0,0,0,0
-67.2816,146.3858,1,2013057,0,0,0,-67.2816,146.3858,1,0,0,0,0,0
-67.2614,146.3895,1,2013058,0,0,0,-67.2614,146.3895,1,0,0,0,0,0
-67.2761,146.4566,1,2013059,0,0,0,-67.2761,146.4566,1,0,0,0,0,0
-67.223,146.3325,1,2013060,0,0,0,-67.223,146.3325,1,0,0,0,0,0
-67.2249,146.391,1,2013061,0,0,0,-67.2249,146.391,1,0,0,0,0,0
-67.2309,146.3909,0,2013062,0,0,0,-67.2309,146.3909,0,0,0,0,0,0
-67.2391,146.3906,0,2013063,0,0,0,-67.2391,146.3906,0,0,0,0,0,0
-67.2433,146.3901,1,2013064,0,0,0,-67.2433,146.3901,1,0,0,0,0,0
-67.2267,146.357,1,2013065,0,0,0,-67.2267,146.357,1,0,0,0,0,0
-67.2469,146.3532,1,2013066,0,0,0,-67.2469,146.3532,1,0,0,0,0,0
-67.2487,146.3501,1,2013067,0,0,0,-67.2487,146.3501,1,0,0,0,0,0
-67.2505,146.3161,1,2013068,0,0,0,-67.2505,146.3161,1,0,0,0,0,0
-67.2102,146.3241,1,2013069,0,0,0,-67.2102,146.3241,1,0,0,0,0,0
-67.2342,146.3138,1,2013070,0,0,0,-67.2342,146.3138,1,0,0,0,0,0
-67.2543,146.3406,1,2013071,0,0,0,-67.2543,146.3406,1,0,0,0,0,0
-67.2505,146.3161,1,2013072,0,0,0,-67.2505,146.3161,1,0,0,0,0,0
-67.2615,146.3589,1,2013073,0,0,0,-67.2615,146.3589,1,0,0,0,0,0
-67.2322,146.2862,1,2013074,0,0,0,-67.2322,146.2862,1,0,0,0,0,0
-67.2176,146.3116,1,2013075,0,0,0,-67.2176,146.3116,1,0,0,0,0,0
-67.2085,146.3273,1,2013076,0,0,0,-67.2085,146.3273,1,0,0,0,0,0
-67.1847,146.3681,1,2013077,0,0,0,-67.1847,146.3681,1,0,0,0,0,0
-67.1976,146.346,1,2013078,0,0,0,-67.1976,146.346,1,0,0,0,0,0
-67.2177,146.3729,1,2013079,0,0,0,-67.2177,146.3729,1,0,0,0,0,0
-67.2246,146.3792,0,2013080,0,0,0,-67.2246,146.3792,0,0,0,0,0,0
-67.2305,146.3815,1,2013081,0,0,0,-67.2305,146.3815,1,0,0,0,0,0
-67.2414,146.3318,1,2013082,0,0,0,-67.2414,146.3318,1,0,0,0,0,0
-67.2762,146.3336,1,2013083,0,0,0,-67.2762,146.3336,1,0,0,0,0,0
-67.2633,146.3557,1,2013084,0,0,0,-67.2633,146.3557,1,0,0,0,0,0
-67.2579,146.3035,1,2013085,0,0,0,-67.2579,146.3035,1,0,0,0,0,0
-67.2616,146.309,0,2013086,0,0,0,-67.2616,146.309,0,0,0,0,0,0
-67.2652,146.3218,1,2013087,0,0,0,-67.2652,146.3218,1,0,0,0,0,0
-67.2303,146.3509,1,2013088,0,0,0,-67.2303,146.3509,1,0,0,0,0,0
-67.2506,146.4085,1,2013089,0,0,0,-67.2506,146.4085,1,0,0,0,0,0
-67.2524,146.3743,1,2013090,0,0,0,-67.2524,146.3743,1,0,0,0,0,0
-67.2707,146.3122,1,2013091,0,0,0,-67.2707,146.3122,1,0,0,0,0,0
-67.2541,146.2791,1,2013092,0,0,0,-67.2541,146.2791,1,0,0,0,0,0
-67.2652,146.3218,1,2013093,0,0,0,-67.2652,146.3218,1,0,0,0,0,0
-67.2999,146.4158,1,2013094,0,0,0,-67.2999,146.4158,1,0,0,0,0,0
-67.2724,146.4321,1,2013095,0,0,0,-67.2724,146.4321,1,0,0,0,0,0
-67.2669,146.3799,1,2013096,0,0,0,-67.2669,146.3799,1,0,0,0,0,0
-67.2303,146.4429,1,2013097,0,0,0,-67.2303,146.4429,1,0,0,0,0,0
-67.2194,146.4616,1,2013098,0,0,0,-67.2194,146.4616,1,0,0,0,0,0
-67.2488,146.3805,1,2013099,0,0,0,-67.2488,146.3805,1,0,0,0,0,0
-67.2341,146.3444,1,2013100,0,0,0,-67.2341,146.3444,1,0,0,0,0,0
-67.2359,146.3106,1,2013101,0,0,0,-67.2359,146.3106,1,0,0,0,0,0
-67.2304,146.3202,1,2013102,0,0,0,-67.2304,146.3202,1,0,0,0,0,0
-67.2524,146.3746,1,2013103,0,0,0,-67.2524,146.3746,1,0,0,0,0,0
-67.2304,146.3201,1,2013104,0,0,0,-67.2304,146.3201,1,0,0,0,0,0
-67.2817,146.3241,1,2013105,0,0,0,-67.2817,146.3241,1,0,0,0,0,0
-67.2743,146.2751,1,2013106,0,0,0,-67.2743,146.2751,1,0,0,0,0,0
-67.2157,146.2841,1,2013107,0,0,0,-67.2157,146.2841,1,0,0,0,0,0
-67.2323,146.2556,1,2013108,0,0,0,-67.2323,146.2556,1,0,0,0,0,0
-67.2268,146.2651,1,2013109,0,0,0,-67.2268,146.2651,1,0,0,0,0,0
-67.2286,146.2312,1,2013110,0,0,0,-67.2286,146.2312,1,0,0,0,0,0
-67.2634,146.3251,1,2013111,0,0,0,-67.2634,146.3251,1,0,0,0,0,0
-67.234,146.2831,1,2013112,0,0,0,-67.234,146.2831,1,0,0,0,0,0
-67.2469,146.3842,1,2013113,0,0,0,-67.2469,146.3842,1,0,0,0,0,0
-67.2176,146.2806,1,2013114,0,0,0,-67.2176,146.2806,1,0,0,0,0,0
-67.2268,146.3573,1,2013115,0,0,0,-67.2268,146.3573,1,0,0,0,0,0
-67.2249,146.2681,1,2013116,0,0,0,-67.2249,146.2681,1,0,0,0,0,0
-67.2103,146.3242,1,2013117,0,0,0,-67.2103,146.3242,1,0,0,0,0,0
-67.2323,146.3477,1,2013118,0,0,0,-67.2323,146.3477,1,0,0,0,0,0
-67.2396,146.3658,1,2013119,0,0,0,-67.2396,146.3658,1,0,0,0,0,0
-67.2359,146.3105,1,2013120,0,0,0,-67.2359,146.3105,1,0,0,0,0,0
-67.2689,146.3463,1,2013121,0,0,0,-67.2689,146.3463,1,0,0,0,0,0
-67.2908,146.2158,1,2013122,0,0,0,-67.2908,146.2158,1,0,0,0,0,0
-67.2706,146.2817,1,2013123,0,0,0,-67.2706,146.2817,1,0,0,0,0,0
-67.2395,146.1815,1,2013124,0,0,0,-67.2395,146.1815,1,0,0,0,0,0
-67.2469,146.2921,1,2013125,0,0,0,-67.2469,146.2921,1,0,0,0,0,0
-67.2579,146.3036,1,2013126,0,0,0,-67.2579,146.3036,1,0,0,0,0,0
-67.2505,146.224,1,2013127,0,0,0,-67.2505,146.224,1,0,0,0,0,0
-67.2468,146.1689,1,2013128,0,0,0,-67.2468,146.1689,1,0,0,0,0,0
-67.254,146.0641,1,2013129,0,0,0,-67.254,146.0641,1,0,0,0,0,0
-67.2523,146.1291,1,2013130,0,0,0,-67.2523,146.1291,1,0,0,0,0,0
-67.2725,146.2172,1,2013131,0,0,0,-67.2725,146.2172,1,0,0,0,0,0
-67.2541,146.1871,1,2013132,0,0,0,-67.2541,146.1871,1,0,0,0,0,0
-67.2688,146.285,1,2013133,0,0,0,-67.2688,146.285,1,0,0,0,0,0
-67.2542,146.2792,1,2013134,0,0,0,-67.2542,146.2792,1,0,0,0,0,0
-67.2358,146.3723,1,2013135,0,0,0,-67.2358,146.3723,1,0,0,0,0,0
-67.2469,146.3531,1,2013136,0,0,0,-67.2469,146.3531,1,0,0,0,0,0
-67.2432,146.3288,1,2013137,0,0,0,-67.2432,146.3288,1,0,0,0,0,0
-67.2322,146.2863,1,2013138,0,0,0,-67.2322,146.2863,1,0,0,0,0,0
-67.2176,146.3116,1,2013139,0,0,0,-67.2176,146.3116,1,0,0,0,0,0
-67.2176,146.2808,1,2013140,0,0,0,-67.2176,146.2808,1,0,0,0,0,0
-67.2524,146.3747,1,2013141,0,0,0,-67.2524,146.3747,1,0,0,0,0,0
-67.2359,146.3414,1,2013142,0,0,0,-67.2359,146.3414,1,0,0,0,0,0
-67.2451,146.3872,1,2013143,0,0,0,-67.2451,146.3872,1,0,0,0,0,0
-67.2212,146.3358,1,2013144,0,0,0,-67.2212,146.3358,1,0,0,0,0,0
-67.2213,146.3359,1,2013145,0,0,0,-67.2213,146.3359,1,0,0,0,0,0
-67.1901,146.2973,1,2013146,0,0,0,-67.1901,146.2973,1,0,0,0,0,0
-67.2525,146.3439,1,2013147,0,0,0,-67.2525,146.3439,1,0,0,0,0,0
-67.2432,146.3288,1,2013148,0,0,0,-67.2432,146.3288,1,0,0,0,0,0
-67.234,146.3754,1,2013149,0,0,0,-67.234,146.3754,1,0,0,0,0,0
-67.2304,146.2893,1,2013150,0,0,0,-67.2304,146.2893,1,0,0,0,0,0
-67.2304,146.3203,1,2013151,0,0,0,-67.2304,146.3203,1,0,0,0,0,0
-67.2304,146.2894,1,2013152,0,0,0,-67.2304,146.2894,1,0,0,0,0,0
-67.2451,146.2951,1,2013153,0,0,0,-67.2451,146.2951,1,0,0,0,0,0
-67.2451,146.2951,1,2013154,0,0,0,-67.2451,146.2951,1,0,0,0,0,0
-67.2139,146.3792,1,2013155,0,0,0,-67.2139,146.3792,1,0,0,0,0,0
-67.2268,146.3263,1,2013156,0,0,0,-67.2268,146.3263,1,0,0,0,0,0
-67.2249,146.391,1,2013157,0,0,0,-67.2249,146.391,1,0,0,0,0,0
-67.2616,146.2971,1,2013158,0,0,0,-67.2616,146.2971,1,0,0,0,0,0
-67.2578,146.3345,1,2013159,0,0,0,-67.2578,146.3345,1,0,0,0,0,0
-67.2084,146.235,1,2013160,0,0,0,-67.2084,146.235,1,0,0,0,0,0
-67.2268,146.3574,1,2013161,0,0,0,-67.2268,146.3574,1,0,0,0,0,0
-67.203,146.3059,1,2013162,0,0,0,-67.203,146.3059,1,0,0,0,0,0
-67.2415,146.3012,1,2013163,0,0,0,-67.2415,146.3012,1,0,0,0,0,0
-67.2194,146.2776,1,2013164,0,0,0,-67.2194,146.2776,1,0,0,0,0,0
-67.2634,146.4173,1,2013165,0,0,0,-67.2634,146.4173,1,0,0,0,0,0
-67.2285,146.3539,1,2013166,0,0,0,-67.2285,146.3539,1,0,0,0,0,0
-67.2304,146.4123,1,2013167,0,0,0,-67.2304,146.4123,1,0,0,0,0,0
-67.2176,146.2498,1,2013168,0,0,0,-67.2176,146.2498,1,0,0,0,0,0
-67.2396,146.3661,1,2013169,0,0,0,-67.2396,146.3661,1,0,0,0,0,0
-67.2561,146.3066,1,2013170,0,0,0,-67.2561,146.3066,1,0,0,0,0,0
-67.2762,146.3336,1,2013171,0,0,0,-67.2762,146.3336,1,0,0,0,0,0
-67.2688,146.2538,1,2013172,0,0,0,-67.2688,146.2538,1,0,0,0,0,0
-67.2394,146.2123,1,2013173,0,0,0,-67.2394,146.2123,1,0,0,0,0,0
-67.2231,146.2409,1,2013174,0,0,0,-67.2231,146.2409,1,0,0,0,0,0
-67.2726,146.2786,1,2013175,0,0,0,-67.2726,146.2786,1,0,0,0,0,0
-67.2578,146.2114,1,2013176,0,0,0,-67.2578,146.2114,1,0,0,0,0,0
-67.245,146.2337,1,2013177,0,0,0,-67.245,146.2337,1,0,0,0,0,0
-67.2175,146.2195,1,2013178,0,0,0,-67.2175,146.2195,1,0,0,0,0,0
-67.2561,146.3378,1,2013179,0,0,0,-67.2561,146.3378,1,0,0,0,0,0
-67.234,146.2523,1,2013180,0,0,0,-67.234,146.2523,1,0,0,0,0,0
-67.2597,146.362,1,2013181,0,0,0,-67.2597,146.362,1,0,0,0,0,0
-67.2505,146.3161,1,2013182,0,0,0,-67.2505,146.3161,1,0,0,0,0,0
-67.2414,146.2397,1,2013183,0,0,0,-67.2414,146.2397,1,0,0,0,0,0
-67.2487,146.258,1,2013184,0,0,0,-67.2487,146.258,1,0,0,0,0,0
-67.256,146.2454,1,2013185,0,0,0,-67.256,146.2454,1,0,0,0,0,0
-67.2468,146.1689,1,2013186,0,0,0,-67.2468,146.1689,1,0,0,0,0,0
-67.2523,146.2211,1,2013187,0,0,0,-67.2523,146.2211,1,0,0,0,0,0
-67.245,146.2028,1,2013188,0,0,0,-67.245,146.2028,1,0,0,0,0,0
-67.2781,146.3308,1,2013189,0,0,0,-67.2781,146.3308,1,0,0,0,0,0
-67.2853,146.3178,1,2013190,0,0,0,-67.2853,146.3178,1,0,0,0,0,0
-67.2578,146.3652,1,2013191,0,0,0,-67.2578,146.3652,1,0,0,0,0,0
-67.2634,146.3248,1,2013192,0,0,0,-67.2634,146.3248,1,0,0,0,0,0
-67.2523,146.3131,1,2013193,0,0,0,-67.2523,146.3131,1,0,0,0,0,0
-67.2707,146.3123,1,2013194,0,0,0,-67.2707,146.3123,1,0,0,0,0,0
-67.2761,146.3644,1,2013195,0,0,0,-67.2761,146.3644,1,0,0,0,0,0
-67.2431,146.3595,1,2013196,0,0,0,-67.2431,146.3595,1,0,0,0,0,0
-67.2377,146.3996,1,2013197,0,0,0,-67.2377,146.3996,1,0,0,0,0,0
-67.2084,146.3271,1,2013198,0,0,0,-67.2084,146.3271,1,0,0,0,0,0
-67.1975,146.3768,1,2013199,0,0,0,-67.1975,146.3768,1,0,0,0,0,0
-67.2177,146.342,1,2013200,0,0,0,-67.2177,146.342,1,0,0,0,0,0
-67.2286,146.4154,1,2013201,0,0,0,-67.2286,146.4154,1,0,0,0,0,0
-67.1993,146.22,1,2013202,0,0,0,-67.1993,146.22,1,0,0,0,0,0
-67.2268,146.3575,1,2013203,0,0,0,-67.2268,146.3575,1,0,0,0,0,0
-67.2268,146.3575,1,2013204,0,0,0,-67.2268,146.3575,1,0,0,0,0,0
-67.2487,146.4424,1,2013205,0,0,0,-67.2487,146.4424,1,0,0,0,0,0
-67.234,146.3443,1,2013206,0,0,0,-67.234,146.3443,1,0,0,0,0,0
-67.2432,146.4211,1,2013207,0,0,0,-67.2432,146.4211,1,0,0,0,0,0
-67.2395,146.2426,1,2013208,0,0,0,-67.2395,146.2426,1,0,0,0,0,0
-67.2231,146.3329,1,2013209,0,0,0,-67.2231,146.3329,1,0,0,0,0,0
-67.2323,146.3784,1,2013210,0,0,0,-67.2323,146.3784,1,0,0,0,0,0
-67.1974,146.2846,1,2013211,0,0,0,-67.1974,146.2846,1,0,0,0,0,0
-67.236,146.403,1,2013212,0,0,0,-67.236,146.403,1,0,0,0,0,0
-67.1883,146.331,1,2013213,0,0,0,-67.1883,146.331,1,0,0,0,0,0
-67.2104,146.3547,1,2013214,0,0,0,-67.2104,146.3547,1,0,0,0,0,0
-67.1993,146.3428,1,2013215,0,0,0,-67.1993,146.3428,1,0,0,0,0,0
-67.1975,146.254,1,2013216,0,0,0,-67.1975,146.254,1,0,0,0,0,0
-67.2122,146.3825,1,2013217,0,0,0,-67.2122,146.3825,1,0,0,0,0,0
-67.2103,146.2625,1,2013218,0,0,0,-67.2103,146.2625,1,0,0,0,0,0
-67.2415,146.3322,1,2013219,0,0,0,-67.2415,146.3322,1,0,0,0,0,0
-67.2432,146.3289,1,2013220,0,0,0,-67.2432,146.3289,1,0,0,0,0,0
-67.2047,146.3028,1,2013221,0,0,0,-67.2047,146.3028,1,0,0,0,0,0
-67.2305,146.3816,1,2013222,0,0,0,-67.2305,146.3816,1,0,0,0,0,0
-67.2102,146.4161,1,2013223,0,0,0,-67.2102,146.4161,1,0,0,0,0,0
-67.2341,146.4058,1,2013224,0,0,0,-67.2341,146.4058,1,0,0,0,0,0
-67.2066,146.3302,1,2013225,0,0,0,-67.2066,146.3302,1,0,0,0,0,0
-67.236,146.2799,1,2013226,0,0,0,-67.236,146.2799,1,0,0,0,0,0
-67.2432,146.329,1,2013227,0,0,0,-67.2432,146.329,1,0,0,0,0,0
-67.2322,146.2863,1,2013228,0,0,0,-67.2322,146.2863,1,0,0,0,0,0
-67.2249,146.299,1,2013229,0,0,0,-67.2249,146.299,1,0,0,0,0,0
-67.214,146.2257,1,2013230,0,0,0,-67.214,146.2257,1,0,0,0,0,0
-67.2176,146.3117,1,2013231,0,0,0,-67.2176,146.3117,1,0,0,0,0,0
-67.2305,146.2895,1,2013232,0,0,0,-67.2305,146.2895,1,0,0,0,0,0
-67.2414,146.3629,1,2013233,0,0,0,-67.2414,146.3629,1,0,0,0,0,0
-67.2671,146.3492,1,2013234,0,0,0,-67.2671,146.3492,1,0,0,0,0,0
-67.2615,146.3588,1,2013235,0,0,0,-67.2615,146.3588,1,0,0,0,0,0
-67.234,146.2523,1,2013236,0,0,0,-67.234,146.2523,1,0,0,0,0,0
-67.2707,146.3124,1,2013237,0,0,0,-67.2707,146.3124,1,0,0,0,0,0
-67.2303,146.3509,1,2013238,0,0,0,-67.2303,146.3509,1,0,0,0,0,0
-67.2524,146.3746,1,2013239,0,0,0,-67.2524,146.3746,1,0,0,0,0,0
-67.212,146.2901,1,2013240,0,0,0,-67.212,146.2901,1,0,0,0,0,0
-67.2066,146.2767,0,2013241,0,0,0,-67.2066,146.2767,0,0,0,0,0,0
-67.2048,146.2722,1,2013242,0,0,0,-67.2048,146.2722,1,0,0,0,0,0
-67.2158,146.3148,1,2013243,0,0,0,-67.2158,146.3148,1,0,0,0,0,0
-67.2121,146.2596,1,2013244,-67.26,146.08,1,-67.2121,146.2596,1,0,0,0,14,10
-67.2232,146.3022,1,2013245,0,0,0,-67.2232,146.3022,1,0,0,0,0,0
-67.2341,146.3447,1,2013246,0,0,0,-67.2341,146.3447,1,0,0,0,0,0
-67.2158,146.3146,1,2013247,0,0,0,-67.2158,146.3146,1,0,0,0,0,0
-67.2415,146.332,1,2013248,0,0,0,-67.2415,146.332,1,0,0,0,0,0
-67.2157,146.3454,1,2013249,0,0,0,-67.2157,146.3454,1,0,0,0,0,0
-67.2268,146.3263,1,2013250,0,0,0,-67.2268,146.3263,1,0,0,0,0,0
-67.2304,146.2894,1,2013251,0,0,0,-67.2304,146.2894,1,0,0,0,0,0
-67.2689,146.3464,1,2013252,0,0,0,-67.2689,146.3464,1,0,0,0,0,0
-67.223,146.3635,1,2013253,0,0,0,-67.223,146.3635,1,0,0,0,0,0
-67.1902,146.2665,1,2013254,0,0,0,-67.1902,146.2665,1,0,0,0,0,0
-67.2159,146.284,1,2013255,0,0,0,-67.2159,146.284,1,0,0,0,0,0
-67.2103,146.2934,1,2013256,0,0,0,-67.2103,146.2934,1,0,0,0,0,0
-67.2415,146.332,1,2013257,0,0,0,-67.2415,146.332,1,0,0,0,0,0
-67.2176,146.3115,1,2013258,0,0,0,-67.2176,146.3115,1,0,0,0,0,0
-67.2305,146.2895,1,2013259,0,0,0,-67.2305,146.2895,1,0,0,0,0,0
-67.2377,146.1847,1,2013260,0,0,0,-67.2377,146.1847,1,0,0,0,0,0
-67.2579,146.3347,1,2013261,0,0,0,-67.2579,146.3347,1,0,0,0,0,0
-67.2542,146.2483,1,2013262,0,0,0,-67.2542,146.2483,1,0,0,0,0,0
-67.2725,146.3093,1,2013263,0,0,0,-67.2725,146.3093,1,0,0,0,0,0
-67.256,146.2452,1,2013264,0,0,0,-67.256,146.2452,1,0,0,0,0,0
-67.2157,146.2534,1,2013265,0,0,0,-67.2157,146.2534,1,0,0,0,0,0
-67.2103,146.2935,1,2013266,0,0,0,-67.2103,146.2935,1,0,0,0,0,0
-67.2304,146.1665,1,2013267,0,0,0,-67.2304,146.1665,1,0,0,0,0,0
-67.2542,146.1565,1,2013268,0,0,0,-67.2542,146.1565,1,0,0,0,0,0
-67.2542,146.1565,1,2013269,0,0,0,-67.2542,146.1565,1,0,0,0,0,0
-67.2542,146.1565,1,2013270,0,0,0,-67.2542,146.1565,1,0,0,0,0,0
-67.2542,146.1565,1,2013271,0,0,0,-67.2542,146.1565,1,0,0,0,0,0
-67.2542,146.1565,1,2013272,0,0,0,-67.2542,146.1565,1,0,0,0,0,0
-67.2542,146.1565,1,2013273,0,0,0,-67.2542,146.1565,1,0,0,0,0,0
-67.2578,146.2424,1,2013274,0,0,0,-67.2578,146.2424,1,0,0,0,0,0
-67.2505,146.2241,1,2013275,0,0,0,-67.2505,146.2241,1,0,0,0,0,0
-67.2707,146.2201,1,2013276,0,0,0,-67.2707,146.2201,1,0,0,0,0,0
-67.2725,146.217,1,2013277,0,0,0,-67.2725,146.217,1,0,0,0,0,0
-67.2578,146.2423,1,2013278,0,0,0,-67.2578,146.2423,1,0,0,0,0,0
-67.2395,146.3046,1,2013279,0,0,0,-67.2395,146.3046,1,0,0,0,0,0
-67.2249,146.2989,1,2013280,0,0,0,-67.2249,146.2989,1,0,0,0,0,0
-67.2048,146.2722,1,2013281,0,0,0,-67.2048,146.2722,1,0,0,0,0,0
-67.2048,146.2722,1,2013282,0,0,0,-67.2048,146.2722,1,0,0,0,0,0
-67.2048,146.2722,1,2013283,0,0,0,-67.2048,146.2722,1,0,0,0,0,0
-67.2048,146.2722,1,2013284,0,0,0,-67.2048,146.2722,1,0,0,0,0,0
-67.2048,146.2722,1,2013285,0,0,0,-67.2048,146.2722,1,0,0,0,0,0
-67.2048,146.2722,1,2013286,0,0,0,-67.2048,146.2722,1,0,0,0,0,0
-67.2195,146.3699,1,2013287,0,0,0,-67.2195,146.3699,1,0,0,0,0,0
-67.2195,146.3699,1,2013288,0,0,0,-67.2195,146.3699,1,0,0,0,0,0
-67.2195,146.3699,1,2013289,0,0,0,-67.2195,146.3699,1,0,0,0,0,0
-67.2195,146.3699,1,2013290,0,0,0,-67.2195,146.3699,1,0,0,0,0,0
-67.2195,146.3699,1,2013291,-67.26,146.08,1,-67.2195,146.3699,1,0,0,0,14,10
-67.2195,146.3699,1,2013292,-67.26,146.08,0,-67.2195,146.3699,1,0,0,0,0,0
-67.2195,146.3699,1,2013293,-67.26,146.08,0,-67.2195,146.3699,1,0,0,0,0,0
-67.2195,146.3699,1,2013294,-67.26,146.08,0,-67.2195,146.3699,1,0,0,0,0,0
-67.2195,146.3699,1,2013295,-67.26,146.08,0,-67.2195,146.3699,1,0,0,0,0,0
-67.214,146.3177,1,2013296,-67.26,146.08,0,-67.214,146.3177,1,0,0,0,0,0
-67.2286,146.3234,1,2013297,-67.26,146.08,0,-67.2286,146.3234,1,0,0,0,0,0
-67.2176,146.2807,1,2013298,-67.26,146.08,1,-67.2176,146.2807,1,0,0,0,14,10
-67.214,146.3486,1,2013299,0,0,0,-67.214,146.3486,1,0,0,0,0,0
-67.2341,146.3137,1,2013300,0,0,0,-67.2341,146.3137,1,0,0,0,0,0
-67.2506,146.2854,1,2013301,0,0,0,-67.2506,146.2854,1,0,0,0,0,0
-67.2285,146.2311,1,2013302,0,0,0,-67.2285,146.2311,1,0,0,0,0,0
-67.2323,146.2865,1,2013303,0,0,0,-67.2323,146.2865,1,0,0,0,0,0
-67.2121,146.2903,1,2013304,0,0,0,-67.2121,146.2903,1,0,0,0,0,0
-67.203,146.306,1,2013305,0,0,0,-67.203,146.306,1,0,0,0,0,0
-67.203,146.2753,1,2013306,0,0,0,-67.203,146.2753,1,0,0,0,0,0
-67.2213,146.3361,1,2013307,0,0,0,-67.2213,146.3361,1,0,0,0,0,0
-67.2213,146.3359,1,2013308,0,0,0,-67.2213,146.3359,1,0,0,0,0,0
-67.2213,146.3359,1,2013309,0,0,0,-67.2213,146.3359,1,0,0,0,0,0
-67.2213,146.3359,1,2013310,0,0,0,-67.2213,146.3359,1,0,0,0,0,0
-67.2213,146.3359,1,2013311,0,0,0,-67.2213,146.3359,1,0,0,0,0,0
-67.2213,146.3359,1,2013312,-67.26,146.08,1,-67.2213,146.3359,1,0,0,0,14,10
-67.2213,146.3359,1,2013313,-67.26,146.08,0,-67.2213,146.3359,1,0,0,0,0,0
-67.2213,146.3359,1,2013314,-67.26,146.08,0,-67.2213,146.3359,1,0,0,0,0,0
-67.2304,146.2894,1,2013315,-67.26,146.08,0,-67.2304,146.2894,1,0,0,0,0,0
-67.2323,146.2864,1,2013316,-67.26,146.08,0,-67.2323,146.2864,1,0,0,0,0,0
-67.2341,146.3755,1,2013317,-67.26,146.08,0,-67.2341,146.3755,1,0,0,0,0,0
-67.2286,146.3232,1,2013318,-67.26,146.08,0,-67.2286,146.3232,1,0,0,0,0,0
-67.2249,146.391,1,2013319,-67.26,146.08,1,-67.2249,146.391,1,0,0,0,14,10
-67.1975,146.2538,1,2013320,0,0,0,-67.1975,146.2538,1,0,0,0,0,0
-67.2085,146.3274,1,2013321,0,0,0,-67.2085,146.3274,1,0,0,0,0,0
-67.2177,146.25,1,2013322,0,0,0,-67.2177,146.25,1,0,0,0,0,0
-67.2268,146.2344,1,2013323,0,0,0,-67.2268,146.2344,1,0,0,0,0,0
-67.2524,146.2825,1,2013324,0,0,0,-67.2524,146.2825,1,0,0,0,0,0
-67.2413,146.2706,1,2013325,0,0,0,-67.2413,146.2706,1,0,0,0,0,0
-67.2451,146.2951,1,2013326,0,0,0,-67.2451,146.2951,1,0,0,0,0,0
-67.2615,146.3589,1,2013327,0,0,0,-67.2615,146.3589,1,0,0,0,0,0
-67.2285,146.354,1,2013328,0,0,0,-67.2285,146.354,1,0,0,0,0,0
-67.2249,146.391,1,2013329,0,0,0,-67.2249,146.391,1,0,0,0,0,0
-67.2011,146.3089,1,2013330,0,0,0,-67.2011,146.3089,1,0,0,0,0,0
-67.2287,146.2926,1,2013331,0,0,0,-67.2287,146.2926,1,0,0,0,0,0
-67.2305,146.2895,1,2013332,0,0,0,-67.2305,146.2895,1,0,0,0,0,0
-67.2327,146.2907,0,2013333,-67.26,146.08,1,-67.2327,146.2907,0,0,0,0,14,10
-67.2351,146.2941,0,2013334,-67.26,146.08,0,-67.2351,146.2941,0,0,0,0,0,0
-67.237,146.2998,0,2013335,-67.26,146.08,0,-67.237,146.2998,0,0,0,0,0,0
-67.2378,146.3077,1,2013336,-67.26,146.08,0,-67.2378,146.3077,1,0,0,0,0,0
-67.2231,146.3328,1,2013337,-67.26,146.08,0,-67.2231,146.3328,1,0,0,0,0,0
-67.2231,146.302,1,2013338,-67.26,146.08,0,-67.2231,146.302,1,0,0,0,0,0
-67.225,146.2682,1,2013339,-67.26,146.08,0,-67.225,146.2682,1,0,0,0,0,0
-67.2304,146.3203,1,2013340,-67.26,146.08,1,-67.2304,146.3203,1,0,0,0,14,10
-67.2231,146.302,1,2013341,0,0,0,-67.2231,146.302,1,0,0,0,0,0
-67.2103,146.2934,1,2013342,0,0,0,-67.2103,146.2934,1,0,0,0,0,0
-67.2286,146.3234,1,2013343,0,0,0,-67.2286,146.3234,1,0,0,0,0,0
-67.2341,146.3445,1,2013344,0,0,0,-67.2341,146.3445,1,0,0,0,0,0
-67.2157,146.4375,1,2013345,0,0,0,-67.2157,146.4375,1,0,0,0,0,0
-67.2175,146.5457,0,2013346,0,0,0,-67.2175,146.5457,0,0,0,0,0,0
-67.2229,146.609,1,2013347,0,0,0,-67.2229,146.609,1,0,0,0,0,0
-67.2577,146.5491,1,2013348,0,0,0,-67.2577,146.5491,1,0,0,0,0,0
-67.2632,146.5091,1,2013349,0,0,0,-67.2632,146.5091,1,0,0,0,0,0
-67.2431,146.4206,1,2013350,0,0,0,-67.2431,146.4206,1,0,0,0,0,0
-67.2431,146.4206,1,2013351,0,0,0,-67.2431,146.4206,1,0,0,0,0,0
-67.2285,146.323,1,2013352,0,0,0,-67.2285,146.323,1,0,0,0,0,0
-67.2285,146.323,1,2013353,0,0,0,-67.2285,146.323,1,0,0,0,0,0
-67.2285,146.323,1,2013354,-67.26,146.08,1,-67.2285,146.323,1,0,0,0,14,10
-67.2285,146.323,1,2013355,0,0,0,-67.2285,146.323,1,0,0,0,0,0
-67.2285,146.323,1,2013356,0,0,0,-67.2285,146.323,1,0,0,0,0,0
-67.2285,146.323,1,2013357,0,0,0,-67.2285,146.323,1,0,0,0,0,0
-67.2285,146.323,1,2013358,0,0,0,-67.2285,146.323,1,0,0,0,0,0
-67.2285,146.323,1,2013359,0,0,0,-67.2285,146.323,1,0,0,0,0,0
-67.2285,146.323,1,2013360,0,0,0,-67.2285,146.323,1,0,0,0,0,0
-67.2285,146.323,1,2013361,0,0,0,-67.2285,146.323,1,0,0,0,0,0
-67.2157,146.1917,1,2013362,0,0,0,-67.2157,146.1917,1,0,0,0,0,0
-67.1993,146.1591,1,2013363,0,0,0,-67.1993,146.1591,1,0,0,0,0,0
-67.1718,146.1759,1,2013364,0,0,0,-67.1718,146.1759,1,0,0,0,0,0
-67.1768,146.2258,0,2013365,0,0,0,-67.1768,146.2258,0,0,0,0,0,0
-67.1986,146.3523,0,2014001,0,0,0,-67.1986,146.3523,0,0,0,0,0,0
-67.2186,146.4269,0,2014002,0,0,0,-67.2186,146.4269,0,0,0,0,0,0
-67.2397,146.4585,1,2014003,-67.26,146.08,1,-67.2397,146.4585,1,0,0,0,14,10
-67.267,146.4414,1,2014004,-67.26,146.08,0,-67.267,146.4414,1,0,0,0,0,0
-67.2669,146.4722,1,2014005,-67.26,146.08,0,-67.2669,146.4722,1,0,0,0,0,0
-67.265,146.5061,1,2014006,-67.26,146.08,0,-67.265,146.5061,1,0,0,0,0,0
-67.3013,146.6898,1,2014007,-67.26,146.08,0,-67.3013,146.6898,1,0,0,0,0,0
-67.2815,146.7697,1,2014008,-67.26,146.08,0,-67.2815,146.7697,1,0,0,0,0,0
-67.3071,146.7875,1,2014009,-67.26,146.08,0,-67.3071,146.7875,1,0,0,0,0,0
-67.2878,146.7554,1,2014010,-67.26,146.08,1,-67.2878,146.7554,1,0,0,0,14,10
-67.256,146.7185,1,2014011,-67.26,146.08,0,-67.256,146.7185,1,0,0,0,0,0
-67.2711,146.6947,1,2014012,-67.26,146.08,0,-67.2711,146.6947,1,0,0,0,0,0
-67.2664,146.6712,1,2014013,-67.26,146.08,0,-67.2664,146.6712,1,0,0,0,0,0
-67.2662,146.672,0,2014014,-67.26,146.08,0,-67.2662,146.672,0,0,0,0,0,0
-67.2661,146.6749,1,2014015,-67.26,146.08,0,-67.2661,146.6749,1,0,0,0,0,0
-67.3288,146.7848,1,2014016,-67.26,146.08,0,-67.3288,146.7848,1,0,0,0,0,0
-67.3155,146.7715,1,2014017,-67.26,146.08,1,-67.3155,146.7715,1,0,0,0,14,10
-67.3392,146.7327,1,2014018,-67.26,146.08,0,-67.3392,146.7327,1,0,0,0,0,0
-67.3252,146.8492,1,2014019,-67.26,146.08,0,-67.3252,146.8492,1,0,0,0,0,0
-67.3231,146.7572,1,2014020,-67.26,146.08,0,-67.3231,146.7572,1,0,0,0,0,0
-67.3047,146.7287,1,2014021,-67.26,146.08,0,-67.3047,146.7287,1,0,0,0,0,0
-67.2963,146.7614,1,2014022,-67.26,146.08,0,-67.2963,146.7614,1,0,0,0,0,0
-67.2883,146.6429,1,2014023,-67.26,146.08,0,-67.2883,146.6429,1,0,0,0,0,0
-67.2762,146.6376,1,2014024,-67.26,146.08,1,-67.2762,146.6376,1,0,0,0,14,10
-67.2962,146.6712,1,2014025,-67.26,146.08,0,-67.2962,146.6712,1,0,0,0,0,0
-67.2341,146.7414,1,2014026,-67.26,146.08,0,-67.2341,146.7414,1,0,0,0,0,0
-67.2141,146.8072,1,2014027,-67.26,146.08,0,-67.2141,146.8072,1,0,0,0,0,0
-67.2084,146.6564,1,2014028,-67.26,146.08,0,-67.2084,146.6564,1,0,0,0,0,0
-67.2301,146.6903,1,2014029,-67.26,146.08,0,-67.2301,146.6903,1,0,0,0,0,0
-67.1919,146.7197,1,2014030,-67.26,146.08,0,-67.1919,146.7197,1,0,0,0,0,0
-67.227,146.7511,1,2014031,-67.26,146.08,1,-67.2221,146.8001,1,0,0,0,14,10
-67.2012,146.6683,1,2014032,-67.26,146.08,0,-67.2221,146.8001,0,0,0,0,0,0
-67.1794,146.5832,1,2014033,-67.26,146.08,0,-67.2221,146.8001,0,0,0,0,0,0
-67.1935,146.8554,1,2014034,-67.26,146.08,0,-67.2221,146.8001,1,0,0,0,0,0
-67.159,146.7397,1,2014035,-67.26,146.08,0,-67.0469,146.8899,1,0,0,0,0,0
-67.1397,146.7468,1,2014036,-67.26,146.08,0,-66.9709,146.8616,1,0,0,0,0,0
-67.1156,146.6626,1,2014037,-67.26,146.08,0,-66.8578,146.8729,0,0,0,0,0,0
-67.1258,146.62,1,2014038,-67.26,146.08,1,-66.7311,146.894,0,0,0,0,14,10
-67.1292,146.5821,1,2014039,-67.26,146.08,0,-66.6501,146.9053,1,0,0,0,0,0
-67.1209,146.6317,1,2014040,-67.26,146.08,0,-66.6239,146.9011,1,0,0,0,0,0
-67.0725,146.4538,1,2014041,-67.26,146.08,0,-66.6049,146.8106,1,0,0,0,0,0
-67.034,146.4685,1,2014042,-67.26,146.08,0,-66.6375,146.9795,1,0,0,0,0,0
-66.9787,146.4378,1,2014043,-67.26,146.08,0,-66.6308,146.8246,1,0,0,0,0,0
-67.0213,146.5001,1,2014044,-67.26,146.08,0,-66.5528,146.9916,1,0,0,0,0,0
-67.0213,146.5001,1,2014045,-67.26,146.08,1,-66.5657,146.9368,1,0,0,0,14,10
-67.0213,146.5001,1,2014046,-67.26,146.08,0,-66.5849,146.8771,1,0,0,0,0,0
-67.0213,146.5001,1,2014047,-67.26,146.08,0,-66.5307,146.8732,1,0,0,0,0,0
-67.0439,146.455,1,2014048,-67.26,146.08,0,-66.5299,146.8799,1,0,0,0,0,0
-67.0439,146.455,1,2014049,-67.26,146.08,0,-66.486,146.8873,1,0,0,0,0,0
-67.0439,146.455,1,2014050,-67.26,146.08,0,-66.4614,146.8404,1,0,0,0,0,0
-67.0464,146.3225,1,2014051,-67.26,146.08,0,-66.3605,146.5468,1,0,0,0,0,0
-67.1485,146.3799,1,2014052,-67.26,146.08,1,0,0,0,0,0,0,14,10
-67.167,146.3704,1,2014053,-67.26,146.08,0,0,0,0,0,0,0,0,0
-67.1435,146.3106,1,2014054,-67.26,146.08,0,0,0,0,0,0,0,0,0
-67.1902,146.2048,1,2014055,-67.26,146.08,0,0,0,0,0,0,0,0,0
-67.1882,146.2081,1,2014056,-67.26,146.08,0,0,0,0,0,0,0,0,0
-67.194,146.2305,1,2014057,-67.26,146.08,0,0,0,0,0,0,0,0,0
-67.1998,146.2528,1,2014058,-67.26,146.08,0,0,0,0,0,0,0,0,0
-67.2013,146.2178,1,2014059,-67.26,146.08,1,0,0,0,0,0,0,14,10
-67.2071,146.2402,1,2014060,-67.26,146.08,0,0,0,0,0,0,0,0,0
-67.2065,146.2379,1,2014061,-67.26,146.08,0,0,0,0,0,0,0,0,0
-67.1824,146.1858,1,2014062,-67.26,146.08,0,0,0,0,0,0,0,0,0
-67.2056,146.2752,1,2014063,-67.26,146.08,0,0,0,0,0,0,0,0,0
-67.1781,146.251,1,2014064,-67.26,146.08,0,0,0,0,0,0,0,0,0
-67.2051,146.2114,1,2014065,-67.26,146.08,0,0,0,0,0,0,0,0,0
-67.1897,146.1732,1,2014066,-67.26,146.08,1,0,0,0,0,0,0,14,10
-67.2058,146.1129,1,2014067,-67.2567,146.0836,0,0,0,0,0,0,0,0,0
-67.2165,146.1337,1,2014068,-67.2481,146.0929,0,0,0,0,0,0,0,0,0
-67.2036,146.0844,1,2014069,-67.2364,146.1057,0,0,0,0,0,0,0,0,0
-67.2267,146.051,1,2014070,-67.2236,146.12,0,0,0,0,0,0,0,0,0
-67.2255,146.0626,0,2014071,-67.2119,146.1336,0,0,0,0,0,0,0,0,0
-67.2215,146.0925,1,2014072,-67.2033,146.1443,0,0,0,0,0,0,0,0,0
-67.1668,146.1872,1,2014073,-67.2,146.15,1,0,0,0,0,0,0,14,10
-67.1739,146.3364,1,2014074,-67.2,146.1521,0,0,0,0,0,0,0,0,0
-67.1834,146.2096,1,2014075,-67.2,146.1536,0,0,0,0,0,0,0,0,0
-67.1912,146.1382,1,2014076,-67.2,146.1546,0,0,0,0,0,0,0,0,0
-67.1662,146.1236,1,2014077,-67.2,146.1556,0,0,0,0,0,0,0,0,0
-67.1705,146.1808,1,2014078,-67.2,146.1566,0,0,0,0,0,0,0,0,0
-67.1821,146.2254,1,2014079,-67.2,146.158,0,0,0,0,0,0,0,0,0
-67.1882,146.2081,1,2014080,-67.2,146.16,1,0,0,0,0,0,0,14,10
-67.186,146.2319,0,2014081,-67.2006,146.1645,0,0,0,0,0,0,0,0,0
-67.1794,146.2557,1,2014082,-67.202,146.1723,0,0,0,0,0,0,0,0,0
-67.1422,146.255,1,2014083,-67.2039,146.182,0,0,0,0,0,0,0,0,0
-67.2124,146.1988,1,2014084,-67.2061,146.1921,0,0,0,0,0,0,0,0,0
-67.216,146.1926,1,2014085,-67.208,146.2011,0,0,0,0,0,0,0,0,0
-67.2064,146.1767,1,2014086,-67.2094,146.2075,0,0,0,0,0,0,0,0,0
-67.1747,146.3605,1,2014087,-67.21,146.21,1,0,0,0,0,0,0,14,10
-67.151,146.3298,1,2014088,-67.21,146.21,0,0,0,0,0,0,0,0,0
-67.1884,146.2078,1,2014089,-67.21,146.21,0,0,0,0,0,0,0,0,0
-67.1781,146.2085,0,2014090,-67.21,146.21,0,0,0,0,0,0,0,0,0
-67.1678,146.211,1,2014091,-67.21,146.21,0,0,0,0,0,0,0,0,0
-67.1758,146.2618,1,2014092,-67.21,146.21,0,0,0,0,0,0,0,0,0
-67.1919,146.2017,1,2014093,-67.21,146.21,0,0,0,0,0,0,0,0,0
-67.2086,146.2052,1,2014094,-67.21,146.21,1,0,0,0,0,0,0,14,10
-67.1882,146.2081,1,2014095,-67.21,146.21,0,0,0,0,0,0,0,0,0
-67.2113,146.2153,1,2014096,-67.21,146.21,0,0,0,0,0,0,0,0,0
-67.1966,146.2405,1,2014097,-67.21,146.21,0,0,0,0,0,0,0,0,0
-67.182,146.2657,1,2014098,-67.21,146.21,0,0,0,0,0,0,0,0,0
-67.1893,146.1916,1,2014099,-67.21,146.21,0,0,0,0,0,0,0,0,0
-67.1856,146.1981,1,2014100,-67.21,146.21,0,0,0,0,0,0,0,0,0
-67.1856,146.1981,1,2014101,-67.21,146.21,1,0,0,0,0,0,0,14,10
-67.1856,146.1981,1,2014102,-67.21,146.21,0,0,0,0,0,0,0,0,0
-67.171,146.2233,1,2014103,-67.21,146.21,0,0,0,0,0,0,0,0,0
-67.1893,146.1916,1,2014104,-67.21,146.21,0,0,0,0,0,0,0,0,0
-67.1856,146.1981,1,2014105,-67.21,146.21,0,0,0,0,0,0,0,0,0
-67.182,146.2657,1,2014106,-67.21,146.21,0,0,0,0,0,0,0,0,0
-67.193,146.2467,1,2014107,-67.21,146.21,0,0,0,0,0,0,0,0,0
-67.182,146.2657,1,2014108,-67.21,146.21,1,0,0,0,0,0,0,14,10
-67.1893,146.1916,1,2014109,-67.21,146.21,0,0,0,0,0,0,0,0,0
-67.1893,146.1916,1,2014110,-67.21,146.21,0,0,0,0,0,0,0,0,0
-67.1893,146.1916,1,2014111,-67.21,146.21,0,0,0,0,0,0,0,0,0
-67.1856,146.1981,1,2014112,-67.21,146.21,0,0,0,0,0,0,0,0,0
-67.1856,146.1981,1,2014113,-67.21,146.21,0,0,0,0,0,0,0,0,0
-67.1856,146.1981,1,2014114,-67.21,146.21,0,0,0,0,0,0,0,0,0
-67.1965,146.1178,1,2014115,-67.21,146.21,1,0,0,0,0,0,0,14,10
-67.1928,146.1244,1,2014116,0,0,0,0,0,0,0,0,0,0,0
-67.1928,146.1244,1,2014117,0,0,0,0,0,0,0,0,0,0,0
-67.2039,146.1053,1,2014118,0,0,0,0,0,0,0,0,0,0,0
-67.2001,146.1118,1,2014119,0,0,0,0,0,0,0,0,0,0,0
-67.2001,146.1118,1,2014120,0,0,0,0,0,0,0,0,0,0,0
-67.1928,146.1244,1,2014121,0,0,0,0,0,0,0,0,0,0,0
-67.1673,146.1685,1,2014122,0,0,0,0,0,0,0,0,0,0,0
-67.1892,146.1306,1,2014123,0,0,0,0,0,0,0,0,0,0,0
-67.1892,146.1306,0,2014124,0,0,0,0,0,0,0,0,0,0,0
-67.1892,146.1306,1,2014125,0,0,0,0,0,0,0,0,0,0,0
-67.1892,146.1306,1,2014126,0,0,0,0,0,0,0,0,0,0,0
-67.1892,146.1306,1,2014127,0,0,0,0,0,0,0,0,0,0,0
-67.1892,146.1306,1,2014128,0,0,0,0,0,0,0,0,0,0,0
-67.1892,146.1306,1,2014129,-67.2,146,1,0,0,0,0,0,0,14,10
-67.1892,146.1306,1,2014130,-67.2,146,0,0,0,0,0,0,0,0,0
-67.1892,146.1306,1,2014131,-67.2,146,0,0,0,0,0,0,0,0,0
-67.1902,146.1751,1,2014132,-67.2,146,0,0,0,0,0,0,0,0,0
-67.1902,146.1751,1,2014133,-67.2,146,0,0,0,0,0,0,0,0,0
-67.1902,146.1751,1,2014134,-67.2,146,0,0,0,0,0,0,0,0,0
-67.187,146.1838,0,2014135,-67.2,146,0,0,0,0,0,0,0,0,0
-67.1793,146.2047,0,2014136,-67.2,146,1,0,0,0,0,0,0,14,10
-67.17,146.2295,0,2014137,-67.2,146,0,0,0,0,0,0,0,0,0
-67.1623,146.2504,0,2014138,-67.2,146,0,0,0,0,0,0,0,0,0
-67.1591,146.2591,1,2014139,-67.2,146,0,0,0,0,0,0,0,0,0
-67.1591,146.2591,1,2014140,-67.2,146,0,0,0,0,0,0,0,0,0
-67.1591,146.2591,1,2014141,-67.2,146,0,0,0,0,0,0,0,0,0
-67.1793,146.1936,1,2014142,-67.2,146,0,0,0,0,0,0,0,0,0
-67.1937,146.1072,1,2014143,-67.2,146,1,0,0,0,0,0,0,14,10
-67.181,146.1603,1,2014144,-67.2,146.0028,0,0,0,0,0,0,0,0,0
-67.1736,146.1115,1,2014145,-67.2,146.0099,0,0,0,0,0,0,0,0,0
-67.1517,146.1494,1,2014146,-67.2,146.0197,0,0,0,0,0,0,0,0,0
-67.1701,146.1177,1,2014147,-67.2,146.0303,0,0,0,0,0,0,0,0,0
-67.1938,146.1074,1,2014148,-67.2,146.0401,0,0,0,0,0,0,0,0,0
-67.2065,146.0546,1,2014149,-67.2,146.0472,0,0,0,0,0,0,0,0,0
-67.1699,146.1179,1,2014150,-67.2,146.05,1,0,0,0,0,0,0,14,10
-67.159,146.1368,1,2014151,-67.2,146.05,0,0,0,0,0,0,0,0,0
-67.2029,146.0608,1,2014152,-67.2,146.05,0,0,0,0,0,0,0,0,0
-67.1918,146.08,1,2014153,-67.2,146.05,0,0,0,0,0,0,0,0,0
-67.1901,146.1138,1,2014154,-67.2,146.05,0,0,0,0,0,0,0,0,0
-67.1645,146.1579,1,2014155,-67.2,146.05,0,0,0,0,0,0,0,0,0
-67.1883,146.0862,1,2014156,-67.2,146.05,0,0,0,0,0,0,0,0,0
-67.1883,146.0862,1,2014157,-67.2,146.05,1,0,0,0,0,0,0,14,10
-67.1883,146.0862,1,2014158,-67.2,146.05,0,0,0,0,0,0,0,0,0
-67.1883,146.0862,1,2014159,-67.2,146.05,0,0,0,0,0,0,0,0,0
-67.1883,146.0862,1,2014160,-67.2,146.05,0,0,0,0,0,0,0,0,0
-67.1754,146.1391,1,2014161,-67.2,146.05,0,0,0,0,0,0,0,0,0
-67.2139,146.1032,1,2014162,-67.2,146.05,0,0,0,0,0,0,0,0,0
-67.2139,146.1032,1,2014163,-67.2,146.05,0,0,0,0,0,0,0,0,0
-67.2139,146.1032,1,2014164,-67.2,146.05,1,0,0,0,0,0,0,14,10
-67.2139,146.1032,1,2014165,0,0,0,0,0,0,0,0,0,0,0
-67.2139,146.1032,1,2014166,0,0,0,0,0,0,0,0,0,0,0
-67.2139,146.1032,1,2014167,0,0,0,0,0,0,0,0,0,0,0
-67.2139,146.1032,1,2014168,0,0,0,0,0,0,0,0,0,0,0
-67.2139,146.1032,1,2014169,0,0,0,0,0,0,0,0,0,0,0
-67.1845,146.0926,1,2014170,0,0,0,0,0,0,0,0,0,0,0
-67.2157,146.0694,1,2014171,0,0,0,0,0,0,0,0,0,0,0
-67.2157,146.0694,1,2014172,0,0,0,0,0,0,0,0,0,0,0
-67.2157,146.0694,1,2014173,0,0,0,0,0,0,0,0,0,0,0
-67.1938,146.1689,1,2014174,0,0,0,0,0,0,0,0,0,0,0
-67.1737,146.2339,1,2014175,0,0,0,0,0,0,0,0,0,0,0
-67.2085,146.1431,1,2014176,0,0,0,0,0,0,0,0,0,0,0
-67.223,146.1181,1,2014177,0,0,0,0,0,0,0,0,0,0,0
-67.223,146.1181,1,2014178,-67.2,146.05,1,0,0,0,0,0,0,14,10
-67.223,146.1181,1,2014179,-67.2,146.05,0,0,0,0,0,0,0,0,0
-67.223,146.1181,1,2014180,-67.2,146.05,0,0,0,0,0,0,0,0,0
-67.223,146.1181,1,2014181,-67.2,146.05,0,0,0,0,0,0,0,0,0
-67.223,146.1181,1,2014182,-67.2,146.05,0,0,0,0,0,0,0,0,0
-67.223,146.1181,1,2014183,-67.2,146.05,0,0,0,0,0,0,0,0,0
-67.223,146.1181,1,2014184,-67.2,146.05,0,0,0,0,0,0,0,0,0
-67.223,146.1181,1,2014185,-67.2,146.05,1,0,0,0,0,0,0,14,10
-67.223,146.1181,1,2014186,-67.2,146.05,0,0,0,0,0,0,0,0,0
-67.223,146.1181,1,2014187,-67.2,146.05,0,0,0,0,0,0,0,0,0
-67.223,146.1181,1,2014188,-67.2,146.05,0,0,0,0,0,0,0,0,0
-67.223,146.1181,1,2014189,-67.2,146.05,0,0,0,0,0,0,0,0,0
-67.1809,146.1601,1,2014190,-67.2,146.05,0,0,0,0,0,0,0,0,0
-67.1809,146.1601,1,2014191,-67.2,146.05,0,0,0,0,0,0,0,0,0
-67.1809,146.1601,1,2014192,-67.2,146.05,1,0,0,0,0,0,0,14,10
-67.1809,146.1601,1,2014193,0,0,0,0,0,0,0,0,0,0,0
-67.1809,146.1601,1,2014194,0,0,0,0,0,0,0,0,0,0,0
-67.1809,146.1601,1,2014195,0,0,0,0,0,0,0,0,0,0,0
-67.2122,146.1371,1,2014196,0,0,0,0,0,0,0,0,0,0,0
-67.2122,146.1371,1,2014197,0,0,0,0,0,0,0,0,0,0,0
-67.2122,146.1371,1,2014198,0,0,0,0,0,0,0,0,0,0,0
-67.201,146.156,1,2014199,0,0,0,0,0,0,0,0,0,0,0
-67.2139,146.103,1,2014200,0,0,0,0,0,0,0,0,0,0,0
-67.2139,146.103,1,2014201,0,0,0,0,0,0,0,0,0,0,0
-67.2139,146.103,1,2014202,0,0,0,0,0,0,0,0,0,0,0
-67.2139,146.103,1,2014203,0,0,0,0,0,0,0,0,0,0,0
-67.1718,146.2068,1,2014204,0,0,0,0,0,0,0,0,0,0,0
-67.2085,146.1431,1,2014205,0,0,0,0,0,0,0,0,0,0,0
-67.2085,146.1431,1,2014206,-67.2,146.05,1,0,0,0,0,0,0,14,10
-67.2085,146.1431,1,2014207,-67.2,146.05,0,0,0,0,0,0,0,0,0
-67.2085,146.1431,1,2014208,-67.2,146.05,0,0,0,0,0,0,0,0,0
-67.1589,146.198,1,2014209,-67.2,146.05,0,0,0,0,0,0,0,0,0
-67.1589,146.198,0,2014210,-67.2,146.05,0,0,0,0,0,0,0,0,0
-67.1589,146.198,1,2014211,-67.2,146.05,0,0,0,0,0,0,0,0,0
-67.1589,146.198,1,2014212,-67.2,146.05,0,0,0,0,0,0,0,0,0
-67.1589,146.198,1,2014213,-67.2,146.05,1,0,0,0,0,0,0,14,10
-67.1589,146.198,1,2014214,-67.2,146.05,0,0,0,0,0,0,0,0,0
-67.1589,146.198,1,2014215,-67.2,146.05,0,0,0,0,0,0,0,0,0
-67.1589,146.198,1,2014216,-67.2,146.05,0,0,0,0,0,0,0,0,0
-67.1589,146.198,1,2014217,-67.2,146.05,0,0,0,0,0,0,0,0,0
-67.1589,146.198,1,2014218,-67.2,146.05,0,0,0,0,0,0,0,0,0
-67.1589,146.198,1,2014219,-67.2,146.05,0,0,0,0,0,0,0,0,0
-67.1589,146.198,1,2014220,-67.2,146.05,1,0,0,0,0,0,0,14,10
-67.1589,146.198,1,2014221,-67.2,146.05,0,0,0,0,0,0,0,0,0
-67.1589,146.198,1,2014222,-67.2,146.05,0,0,0,0,0,0,0,0,0
-67.1691,146.196,0,2014223,-67.2,146.05,0,0,0,0,0,0,0,0,0
-67.1793,146.1939,1,2014224,-67.2,146.05,0,0,0,0,0,0,0,0,0
-67.1793,146.1939,1,2014225,-67.2,146.05,0,0,0,0,0,0,0,0,0
-67.1793,146.1939,1,2014226,-67.2,146.05,0,0,0,0,0,0,0,0,0
-67.1793,146.1939,1,2014227,-67.2,146.05,1,0,0,0,0,0,0,14,10
-67.1793,146.1939,1,2014228,-67.2,146.05,0,0,0,0,0,0,0,0,0
-67.1993,146.1284,1,2014229,-67.2,146.05,0,0,0,0,0,0,0,0,0
-67.1993,146.1284,1,2014230,-67.2,146.05,0,0,0,0,0,0,0,0,0
-67.1845,146.0926,1,2014231,-67.2,146.05,0,0,0,0,0,0,0,0,0
-67.1847,146.1539,1,2014232,-67.2,146.05,0,0,0,0,0,0,0,0,0
-67.1243,146.166,1,2014233,-67.2,146.05,0,0,0,0,0,0,0,0,0
-67.1829,146.1262,1,2014234,-67.2,146.05,1,0,0,0,0,0,0,14,10
-67.1829,146.1262,1,2014235,-67.2,146.05,0,0,0,0,0,0,0,0,0
-67.1829,146.1262,1,2014236,-67.2,146.05,0,0,0,0,0,0,0,0,0
-67.1829,146.1262,1,2014237,-67.2,146.05,0,0,0,0,0,0,0,0,0
-67.1517,146.1494,1,2014238,-67.2,146.05,0,0,0,0,0,0,0,0,0
-67.1902,146.1135,1,2014239,-67.2,146.05,0,0,0,0,0,0,0,0,0
-67.1902,146.1135,1,2014240,-67.2,146.05,0,0,0,0,0,0,0,0,0
-67.1902,146.1135,1,2014241,-67.2,146.05,1,0,0,0,0,0,0,14,10
-67.1902,146.1135,1,2014242,-67.2,146.05,0,0,0,0,0,0,0,0,0
-67.1902,146.1135,1,2014243,-67.2,146.05,0,0,0,0,0,0,0,0,0
-67.1902,146.1135,1,2014244,-67.2,146.05,0,0,0,0,0,0,0,0,0
-67.1902,146.1135,1,2014245,-67.2,146.05,0,0,0,0,0,0,0,0,0
-67.1902,146.1135,1,2014246,-67.2,146.05,0,0,0,0,0,0,0,0,0
-67.1902,146.1135,1,2014247,-67.2,146.05,0,0,0,0,0,0,0,0,0
-67.1663,146.1241,1,2014248,-67.2,146.05,1,0,0,0,0,0,0,14,10
-67.1865,146.12,1,2014249,-67.2,146.05,0,0,0,0,0,0,0,0,0
-67.1863,145.9973,1,2014250,-67.2,146.05,0,0,0,0,0,0,0,0,0
-67.1755,146.1393,1,2014251,-67.2,146.05,0,0,0,0,0,0,0,0,0
-67.1755,146.1393,1,2014252,-67.2,146.05,0,0,0,0,0,0,0,0,0
-67.1755,146.1393,1,2014253,-67.2,146.05,0,0,0,0,0,0,0,0,0
-67.181,146.0988,1,2014254,-67.2,146.05,0,0,0,0,0,0,0,0,0
-67.181,146.0988,0,2014255,-67.2,146.05,1,0,0,0,0,0,0,14,10
-67.181,146.0988,1,2014256,-67.2,146.05,0,0,0,0,0,0,0,0,0
-67.181,146.0988,1,2014257,-67.2,146.05,0,0,0,0,0,0,0,0,0
-67.181,146.0988,1,2014258,-67.2,146.05,0,0,0,0,0,0,0,0,0
-67.181,146.0988,1,2014259,-67.2,146.05,0,0,0,0,0,0,0,0,0
-67.181,146.0988,1,2014260,-67.2,146.05,0,0,0,0,0,0,0,0,0
-67.181,146.0988,1,2014261,-67.2,146.05,0,0,0,0,0,0,0,0,0
-67.181,146.0988,1,2014262,-67.2,146.05,1,0,0,0,0,0,0,14,10
-67.181,146.0988,1,2014263,-67.2,146.05,0,0,0,0,0,0,0,0,0
-67.181,146.0988,1,2014264,-67.2,146.05,0,0,0,0,0,0,0,0,0
-67.181,146.0988,1,2014265,-67.2,146.05,0,0,0,0,0,0,0,0,0
-67.181,146.0988,1,2014266,-67.2,146.05,0,0,0,0,0,0,0,0,0
-67.181,146.0988,1,2014267,-67.2,146.05,0,0,0,0,0,0,0,0,0
-67.181,146.0988,1,2014268,-67.2,146.05,0,0,0,0,0,0,0,0,0
-67.181,146.0988,0,2014269,-67.2,146.05,1,0,0,0,0,0,0,14,10
-67.181,146.0988,0,2014270,-67.2,146.05,0,0,0,0,0,0,0,0,0
-67.181,146.0988,1,2014271,-67.2,146.05,0,0,0,0,0,0,0,0,0
-67.181,146.0988,1,2014272,-67.2,146.05,0,0,0,0,0,0,0,0,0
-67.181,146.0988,1,2014273,-67.2,146.05,0,0,0,0,0,0,0,0,0
-67.181,146.0988,1,2014274,-67.2,146.05,0,0,0,0,0,0,0,0,0
-67.181,146.0988,1,2014275,-67.2,146.05,0,0,0,0,0,0,0,0,0
-67.181,146.0988,1,2014276,-67.2,146.05,1,0,0,0,0,0,0,14,10
-67.181,146.0988,1,2014277,-67.2,146.05,0,0,0,0,0,0,0,0,0
-67.181,146.0988,1,2014278,-67.2,146.05,0,0,0,0,0,0,0,0,0
-67.181,146.0988,1,2014279,-67.2,146.05,0,0,0,0,0,0,0,0,0
-67.181,146.0988,1,2014280,-67.2,146.05,0,0,0,0,0,0,0,0,0
-67.181,146.0988,1,2014281,-67.2,146.05,0,0,0,0,0,0,0,0,0
-67.181,146.0988,1,2014282,-67.2,146.05,0,0,0,0,0,0,0,0,0
-67.181,146.0988,1,2014283,-67.2,146.05,1,0,0,0,0,0,0,14,10
-67.181,146.0988,1,2014284,-67.2,146.05,0,0,0,0,0,0,0,0,0
-67.181,146.0988,1,2014285,-67.2,146.05,0,0,0,0,0,0,0,0,0
-67.181,146.0988,1,2014286,-67.2,146.05,0,0,0,0,0,0,0,0,0
-67.181,146.0988,1,2014287,-67.2,146.05,0,0,0,0,0,0,0,0,0
-67.181,146.0988,1,2014288,-67.2,146.05,0,0,0,0,0,0,0,0,0
-67.181,146.0988,1,2014289,-67.2,146.05,0,0,0,0,0,0,0,0,0
-67.1507,146.1025,1,2014290,-67.2,146.05,1,0,0,0,0,0,0,14,10
-67.1507,146.1025,1,2014291,-67.2,146.05,0,0,0,0,0,0,0,0,0
-67.1507,146.1025,1,2014292,-67.2,146.05,0,0,0,0,0,0,0,0,0
-67.1507,146.1025,1,2014293,-67.2,146.05,0,0,0,0,0,0,0,0,0
-67.1507,146.1025,1,2014294,-67.2,146.05,0,0,0,0,0,0,0,0,0
-67.1227,146.1307,1,2014295,-67.2,146.05,0,0,0,0,0,0,0,0,0
-67.1227,146.1307,1,2014296,-67.2,146.05,0,0,0,0,0,0,0,0,0
-67.1227,146.1307,1,2014297,-67.2,146.05,1,0,0,0,0,0,0,14,10
-67.1227,146.1307,1,2014298,-67.2,146.05,0,0,0,0,0,0,0,0,0
-67.1227,146.1307,1,2014299,-67.2,146.05,0,0,0,0,0,0,0,0,0
-67.1227,146.1307,1,2014300,-67.2,146.05,0,0,0,0,0,0,0,0,0
-67.1227,146.1307,1,2014301,-67.2,146.05,0,0,0,0,0,0,0,0,0
-67.1227,146.1307,1,2014302,-67.2,146.05,0,0,0,0,0,0,0,0,0
-67.1227,146.1307,1,2014303,-67.2,146.05,0,0,0,0,0,0,0,0,0
-67.157,146.1738,1,2014304,-67.2,146.05,1,0,0,0,0,0,0,14,10
-67.157,146.1738,1,2014305,-67.2,146.05,0,0,0,0,0,0,0,0,0
-67.157,146.1738,1,2014306,-67.2,146.05,0,0,0,0,0,0,0,0,0
-67.157,146.1738,1,2014307,-67.2,146.05,0,0,0,0,0,0,0,0,0
-67.157,146.1738,1,2014308,-67.2,146.05,0,0,0,0,0,0,0,0,0
-67.157,146.1738,1,2014309,-67.2,146.05,0,0,0,0,0,0,0,0,0
-67.157,146.1738,1,2014310,-67.2,146.05,0,0,0,0,0,0,0,0,0
-67.157,146.1738,1,2014311,-67.2,146.05,1,0,0,0,0,0,0,14,10
-67.157,146.1738,1,2014312,-67.2,146.05,0,0,0,0,0,0,0,0,0
-67.157,146.1738,1,2014313,-67.2,146.05,0,0,0,0,0,0,0,0,0
-67.157,146.1738,1,2014314,-67.2,146.05,0,0,0,0,0,0,0,0,0
-67.157,146.1738,1,2014315,-67.2,146.05,0,0,0,0,0,0,0,0,0
-67.157,146.1738,1,2014316,-67.2,146.05,0,0,0,0,0,0,0,0,0
-67.157,146.1738,0,2014317,-67.2,146.05,0,0,0,0,0,0,0,0,0
-67.157,146.1738,1,2014318,-67.2,146.05,1,0,0,0,0,0,0,14,10
-67.157,146.1738,1,2014319,-67.2,146.05,0,0,0,0,0,0,0,0,0
-67.157,146.1738,1,2014320,-67.2,146.05,0,0,0,0,0,0,0,0,0
-67.157,146.1738,1,2014321,-67.2,146.05,0,0,0,0,0,0,0,0,0
-67.157,146.1738,1,2014322,-67.2,146.05,0,0,0,0,0,0,0,0,0
-67.157,146.1738,1,2014323,-67.2,146.05,0,0,0,0,0,0,0,0,0
-67.157,146.1738,1,2014324,-67.2,146.05,0,0,0,0,0,0,0,0,0
-67.157,146.1738,1,2014325,-67.2,146.05,1,0,0,0,0,0,0,14,10
-67.157,146.1738,1,2014326,0,0,0,0,0,0,0,0,0,0,0
-67.157,146.1738,1,2014327,0,0,0,0,0,0,0,0,0,0,0
-67.157,146.1738,1,2014328,0,0,0,0,0,0,0,0,0,0,0
-67.157,146.1738,1,2014329,0,0,0,0,0,0,0,0,0,0,0
-67.157,146.1738,1,2014330,0,0,0,0,0,0,0,0,0,0,0
-67.157,146.1738,1,2014331,0,0,0,0,0,0,0,0,0,0,0
-67.157,146.1738,1,2014332,0,0,0,0,0,0,0,0,0,0,0
-67.157,146.1738,1,2014333,0,0,0,0,0,0,0,0,0,0,0
-67.157,146.1738,1,2014334,0,0,0,0,0,0,0,0,0,0,0
-67.157,146.1738,1,2014335,0,0,0,0,0,0,0,0,0,0,0
-67.157,146.1738,1,2014336,0,0,0,0,0,0,0,0,0,0,0
-67.157,146.1738,1,2014337,0,0,0,0,0,0,0,0,0,0,0
-67.157,146.1738,1,2014338,0,0,0,0,0,0,0,0,0,0,0
-67.157,146.1738,1,2014339,-67.2,146.05,1,0,0,0,0,0,0,14,10
-67.157,146.1738,1,2014340,-67.2,146.05,0,0,0,0,0,0,0,0,0
-67.157,146.1738,1,2014341,-67.2,146.05,0,0,0,0,0,0,0,0,0
-67.157,146.1738,1,2014342,-67.2,146.05,0,0,0,0,0,0,0,0,0
-67.157,146.1738,0,2014343,-67.2,146.05,0,0,0,0,0,0,0,0,0
-67.157,146.1738,1,2014344,-67.2,146.05,0,0,0,0,0,0,0,0,0
-67.157,146.1738,1,2014345,-67.2,146.05,1,0,0,0,0,0,0,14,10
-67.157,146.1738,0,2014346,-67.2,146.05,0,0,0,0,0,0,0,0,0
-67.157,146.1738,1,2014347,-67.2,146.05,0,0,0,0,0,0,0,0,0
-67.157,146.1738,1,2014348,-67.2,146.05,0,0,0,0,0,0,0,0,0
-67.157,146.1738,1,2014349,-67.2,146.05,0,0,0,0,0,0,0,0,0
-67.1747,146.0609,1,2014350,-67.2,146.05,0,0,0,0,0,0,0,0,0
-67.198,146.103,1,2014351,-67.2,146.05,0,0,0,0,0,0,0,0,0
-67.198,146.103,1,2014352,-67.2,146.05,0,0,0,0,0,0,0,0,0
-67.198,146.103,1,2014353,-67.2,146.05,1,0,0,0,0,0,0,14,10
-67.1811,146.1268,1,2014354,-67.1919,146.0345,0,0,0,0,0,0,0,0,0
-67.175,146.0604,1,2014355,-67.1706,145.9945,0,0,0,0,0,0,0,0,0
-67.1587,146.0429,1,2014356,-67.1408,145.9398,0,0,0,0,0,0,0,0,0
-67.1078,146.0287,1,2014357,-67.1072,145.8802,0,0,0,0,0,0,0,0,0
-67.1108,145.9522,1,2014358,-67.0744,145.8255,0,0,0,0,0,0,0,0,0
-67.0336,145.8817,1,2014359,-67.0472,145.7855,0,0,0,0,0,0,0,0,0
-66.999,145.7994,1,2014360,-67.03,145.77,1,0,0,0,0,0,0,14,10
-66.9699,145.7789,1,2014361,-67.0209,145.7724,0,0,0,0,0,0,0,0,0
-67.0125,145.7613,1,2014362,-67.014,145.7788,0,0,0,0,0,0,0,0,0
-66.9795,145.8132,1,2014363,-67.0085,145.7876,0,0,0,0,0,0,0,0,0
-67.0081,145.7891,1,2014364,-67.0037,145.7975,0,0,0,0,0,0,0,0,0
-67.0012,145.8521,1,2014365,-66.9987,145.807,0,0,0,0,0,0,0,0,0
-67.0012,145.8521,1,2015001,-66.989,145.8176,0,0,0,0,0,0,0,0,0
-66.9341,145.8664,1,2015002,-66.98,145.82,1,0,0,0,0,0,0,14,10
-66.9341,145.8664,1,2015003,-66.9648,145.804,0,0,0,0,0,0,0,0,0
-66.9483,145.7456,1,2015004,-66.9421,145.7618,0,0,0,0,0,0,0,0,0
-66.9381,145.6614,1,2015005,-66.9148,145.7016,0,0,0,0,0,0,0,0,0
-66.9139,145.6579,1,2015006,-66.886,145.632,0,0,0,0,0,0,0,0,0
-66.8879,145.6069,1,2015007,-66.8586,145.5612,0,0,0,0,0,0,0,0,0
-66.8472,145.4999,1,2015008,-66.8356,145.4977,0,0,0,0,0,0,0,0,0
-66.7829,145.3943,1,2015009,-66.82,145.45,1,0,0,0,0,0,0,14,10
-66.7518,145.2819,1,2015010,-66.8092,145.4126,0,0,0,0,0,0,0,0,0
-66.7641,145.2402,1,2015011,-66.799,145.3755,0,0,0,0,0,0,0,0,0
-66.8164,145.3009,1,2015012,-66.7897,145.3404,0,0,0,0,0,0,0,0,0
-66.7581,145.3469,1,2015013,-66.7817,145.3088,0,0,0,0,0,0,0,0,0
-66.8027,145.2942,1,2015014,-66.7755,145.2821,0,0,0,0,0,0,0,0,0
-66.7568,145.2985,1,2015015,-66.7714,145.262,0,0,0,0,0,0,0,0,0
-66.7434,145.2512,1,2015016,-66.77,145.25,1,0,0,0,0,0,0,14,10
-66.732,145.2965,1,2015017,-66.77,145.2438,0,0,0,0,0,0,0,0,0
-66.7477,145.2689,1,2015018,-66.77,145.2396,0,0,0,0,0,0,0,0,0
-66.7769,145.2432,1,2015019,-66.77,145.2365,0,0,0,0,0,0,0,0,0
-66.7564,145.2537,1,2015020,-66.77,145.2338,0,0,0,0,0,0,0,0,0
-66.7876,145.326,1,2015021,-66.77,145.2307,0,0,0,0,0,0,0,0,0
-66.7799,145.3849,1,2015022,-66.77,145.2264,0,0,0,0,0,0,0,0,0
-66.7424,145.2476,1,2015023,-66.77,145.22,1,0,0,0,0,0,0,14,10
-66.758,145.1746,1,2015024,-66.7694,145.2064,0,0,0,0,0,0,0,0,0
-66.7707,145.1323,1,2015025,-66.7677,145.1823,0,0,0,0,0,0,0,0,0
-66.7721,145.1807,1,2015026,-66.7651,145.1495,0,0,0,0,0,0,0,0,0
-66.7348,145.0885,1,2015027,-66.7619,145.11,0,0,0,0,0,0,0,0,0
-66.7655,145.0704,1,2015028,-66.7581,145.0657,0,0,0,0,0,0,0,0,0
-66.7697,144.9558,1,2015029,-66.7541,145.0184,0,0,0,0,0,0,0,0,0
-66.752,144.8905,1,2015030,-66.75,144.97,1,0,0,0,0,0,0,14,10
-66.7261,144.8401,1,2015031,-66.7456,144.9157,0,0,0,0,0,0,0,0,0
-66.7208,144.7784,1,2015032,-66.7404,144.8509,0,0,0,0,0,0,0,0,0
-66.7235,144.5746,1,2015033,-66.7344,144.7779,0,0,0,0,0,0,0,0,0
-66.685,144.5215,1,2015034,-66.7275,144.699,0,0,0,0,0,0,0,0,0
-66.6669,144.4573,1,2015035,-66.7195,144.6165,0,0,0,0,0,0,0,0,0
-66.6648,144.4922,1,2015036,-66.7104,144.5327,0,0,0,0,0,0,0,0,0
-66.6613,144.2684,1,2015037,-66.7,144.45,1,0,0,0,0,0,0,14,10
-66.6268,144.1883,1,2015038,-66.6858,144.366,0,0,0,0,0,0,0,0,0
-66.6085,144.1246,1,2015039,-66.666,144.2776,0,0,0,0,0,0,0,0,0
-66.5696,144.073,1,2015040,-66.642,144.1863,0,0,0,0,0,0,0,0,0
-66.5509,144.0101,1,2015041,-66.6151,144.0934,0,0,0,0,0,0,0,0,0
-66.5188,143.941,1,2015042,-66.5866,144.0005,0,0,0,0,0,0,0,0,0
-66.5277,143.9301,1,2015043,-66.5578,143.9089,0,0,0,0,0,0,0,0,0
-66.5132,143.88,1,2015044,-66.53,143.82,1,0,0,0,0,0,0,14,10
-66.5015,143.8813,1,2015045,-66.4986,143.7266,0,0,0,0,0,0,0,0,0
-66.4802,143.767,1,2015046,-66.461,143.625,0,0,0,0,0,0,0,0,0
-66.4373,143.6211,1,2015047,-66.4211,143.522,0,0,0,0,0,0,0,0,0
-66.3728,143.4443,1,2015048,-66.3829,143.4242,0,0,0,0,0,0,0,0,0
-66.5038,143.1912,1,2015049,-66.3507,143.3385,0,0,0,0,0,0,0,0,0
-66.4584,143.276,1,2015050,-66.3283,143.2715,0,0,0,0,0,0,0,0,0
-66.3944,143.2671,1,2015051,-66.32,143.23,1,0,0,0,0,0,0,14,10
-66.3751,143.2059,1,2015052,-66.32,143.2055,0,0,0,0,0,0,0,0,0
-66.3111,143.0745,1,2015053,-66.32,143.1846,0,0,0,0,0,0,0,0,0
-66.321,143.0669,1,2015054,-66.32,143.1669,0,0,0,0,0,0,0,0,0
-66.321,143.0669,1,2015055,-66.32,143.152,0,0,0,0,0,0,0,0,0
-66.3015,143.1235,1,2015056,-66.32,143.1395,0,0,0,0,0,0,0,0,0
-66.2963,143.1077,1,2015057,-66.32,143.129,0,0,0,0,0,0,0,0,0
-66.3051,143.0966,1,2015058,-66.32,143.12,1,0,0,0,0,0,0,14,10
-66.3051,143.0966,1,2015059,-66.3178,143.1119,0,0,0,0,0,0,0,0,0
-66.3051,143.0966,1,2015060,-66.3121,143.1045,0,0,0,0,0,0,0,0,0
-66.2945,143.0599,1,2015061,-66.3043,143.0978,0,0,0,0,0,0,0,0,0
-66.3054,143.0961,1,2015062,-66.2957,143.092,0,0,0,0,0,0,0,0,0
-66.2661,143.0872,1,2015063,-66.2879,143.087,0,0,0,0,0,0,0,0,0
-66.2825,143.0621,1,2015064,-66.2822,143.083,0,0,0,0,0,0,0,0,0
-66.2768,143.1239,1,2015065,-66.28,143.08,1,0,0,0,0,0,0,14,10
-66.2591,143.1058,1,2015066,0,0,0,0,0,0,0,0,0,0,0
-66.2591,143.1058,1,2015067,0,0,0,0,0,0,0,0,0,0,0
-66.2846,143.1094,1,2015068,0,0,0,0,0,0,0,0,0,0,0
-66.2846,143.1094,1,2015069,0,0,0,0,0,0,0,0,0,0,0
-66.2846,143.1094,1,2015070,0,0,0,0,0,0,0,0,0,0,0
-66.2846,143.1094,1,2015071,0,0,0,0,0,0,0,0,0,0,0
-66.2846,143.1094,1,2015072,0,0,0,0,0,0,0,0,0,0,0
-66.2846,143.1094,1,2015073,0,0,0,0,0,0,0,0,0,0,0
-66.2775,143.0458,1,2015074,0,0,0,0,0,0,0,0,0,0,0
-66.2864,143.0548,0,2015075,0,0,0,0,0,0,0,0,0,0,0
-66.2952,143.0639,1,2015076,0,0,0,0,0,0,0,0,0,0,0
-66.2906,143.047,1,2015077,0,0,0,0,0,0,0,0,0,0,0
-66.2906,143.047,1,2015078,0,0,0,0,0,0,0,0,0,0,0
-66.2906,143.047,1,2015079,-66.3,143.06,1,0,0,0,0,0,0,14,10
-66.2906,143.047,1,2015080,0,0,0,0,0,0,0,0,0,0,0
-66.2927,143.0943,1,2015081,0,0,0,0,0,0,0,0,0,0,0
-66.315,143.1294,1,2015082,0,0,0,0,0,0,0,0,0,0,0
-66.3044,143.0926,1,2015083,0,0,0,0,0,0,0,0,0,0,0
-66.3161,143.0505,1,2015084,0,0,0,0,0,0,0,0,0,0,0
-66.2807,143.0143,1,2015085,0,0,0,0,0,0,0,0,0,0,0
-66.3044,143.0522,1,2015086,0,0,0,0,0,0,0,0,0,0,0
-66.2885,142.9998,1,2015087,0,0,0,0,0,0,0,0,0,0,0
-66.2859,143.1123,1,2015088,0,0,0,0,0,0,0,0,0,0,0
-66.2874,143.0785,1,2015089,0,0,0,0,0,0,0,0,0,0,0
-66.3072,143.1439,1,2015090,0,0,0,0,0,0,0,0,0,0,0
-66.2552,143.1332,1,2015091,0,0,0,0,0,0,0,0,0,0,0
-66.29,143.0482,1,2015092,0,0,0,0,0,0,0,0,0,0,0
-66.2573,143.058,1,2015093,0,0,0,0,0,0,0,0,0,0,0
-66.2708,143.0638,1,2015094,0,0,0,0,0,0,0,0,0,0,0
-66.2619,143.0749,1,2015095,0,0,0,0,0,0,0,0,0,0,0
-66.2924,143.0948,1,2015096,0,0,0,0,0,0,0,0,0,0,0
-66.2775,143.0458,1,2015097,0,0,0,0,0,0,0,0,0,0,0
-66.264,143.1221,1,2015098,0,0,0,0,0,0,0,0,0,0,0
-66.2611,143.153,1,2015099,0,0,0,0,0,0,0,0,0,0,0
-66.261,143.1534,0,2015100,0,0,0,0,0,0,0,0,0,0,0
-66.2608,143.1535,1,2015101,0,0,0,0,0,0,0,0,0,0,0
-66.2354,143.1499,1,2015102,0,0,0,0,0,0,0,0,0,0,0
-66.2382,143.1191,1,2015103,0,0,0,0,0,0,0,0,0,0,0
-66.2382,143.1191,1,2015104,0,0,0,0,0,0,0,0,0,0,0
-66.2382,143.1191,1,2015105,0,0,0,0,0,0,0,0,0,0,0
-66.2382,143.1191,1,2015106,0,0,0,0,0,0,0,0,0,0,0
-66.2382,143.1191,1,2015107,-66.3,143.03,1,0,0,0,0,0,0,14,10
-66.2382,143.1191,1,2015108,-66.3,143.03,0,0,0,0,0,0,0,0,0
-66.2382,143.1191,1,2015109,-66.3,143.03,0,0,0,0,0,0,0,0,0
-66.2078,143.1374,1,2015110,-66.3,143.03,0,0,0,0,0,0,0,0,0
-66.2078,143.1374,1,2015111,-66.3,143.03,0,0,0,0,0,0,0,0,0
-66.1656,143.1244,1,2015112,-66.3,143.03,0,0,0,0,0,0,0,0,0
-66.1656,143.1244,1,2015113,-66.3,143.03,0,0,0,0,0,0,0,0,0
-66.1504,143.1829,1,2015114,-66.3,143.03,1,0,0,0,0,0,0,14,10
-66.1363,143.1178,1,2015115,-66.3017,143.0322,0,0,0,0,0,0,0,0,0
-66.1363,143.1178,1,2015116,-66.3059,143.0379,0,0,0,0,0,0,0,0,0
-66.1034,143.118,1,2015117,-66.3118,143.0457,0,0,0,0,0,0,0,0,0
-66.1377,143.1763,1,2015118,-66.3182,143.0543,0,0,0,0,0,0,0,0,0
-66.1377,143.1763,1,2015119,-66.3241,143.0621,0,0,0,0,0,0,0,0,0
-66.1314,143.0658,1,2015120,-66.3283,143.0678,0,0,0,0,0,0,0,0,0
-66.1137,143.0076,1,2015121,-66.33,143.07,1,0,0,0,0,0,0,14,10
-66.1175,143.0922,1,2015122,-66.33,143.07,0,0,0,0,0,0,0,0,0
-66.1471,143.1895,1,2015123,-66.33,143.07,0,0,0,0,0,0,0,0,0
-66.1471,143.1895,1,2015124,-66.33,143.07,0,0,0,0,0,0,0,0,0
-66.1471,143.1895,1,2015125,-66.33,143.07,0,0,0,0,0,0,0,0,0
-66.1471,143.1895,1,2015126,-66.33,143.07,0,0,0,0,0,0,0,0,0
-66.1471,143.1895,1,2015127,-66.33,143.07,0,0,0,0,0,0,0,0,0
-66.1204,143.1015,1,2015128,-66.33,143.07,1,0,0,0,0,0,0,14,10
-66.1204,143.1015,1,2015129,-66.33,143.07,0,0,0,0,0,0,0,0,0
-66.1204,143.1015,1,2015130,-66.33,143.07,0,0,0,0,0,0,0,0,0
-66.1204,143.1015,1,2015131,-66.33,143.07,0,0,0,0,0,0,0,0,0
-66.1204,143.1015,1,2015132,-66.33,143.07,0,0,0,0,0,0,0,0,0
-66.1349,143.1131,1,2015133,-66.33,143.07,0,0,0,0,0,0,0,0,0
-66.1349,143.1131,1,2015134,-66.33,143.07,0,0,0,0,0,0,0,0,0
-66.1349,143.1131,1,2015135,-66.33,143.07,1,0,0,0,0,0,0,14,10
-66.1349,143.1131,1,2015136,-66.33,143.07,0,0,0,0,0,0,0,0,0
-66.1349,143.1131,1,2015137,-66.33,143.07,0,0,0,0,0,0,0,0,0
-66.1349,143.1131,1,2015138,-66.33,143.07,0,0,0,0,0,0,0,0,0
-66.1349,143.1131,1,2015139,-66.33,143.07,0,0,0,0,0,0,0,0,0
-66.1349,143.1131,0,2015140,-66.33,143.07,0,0,0,0,0,0,0,0,0
-66.1349,143.1131,1,2015141,-66.33,143.07,0,0,0,0,0,0,0,0,0
-66.1349,143.1131,1,2015142,-66.33,143.07,1,0,0,0,0,0,0,14,10
-66.1349,143.1131,1,2015143,-66.33,143.07,0,0,0,0,0,0,0,0,0
-66.1349,143.1131,1,2015144,-66.33,143.07,0,0,0,0,0,0,0,0,0
-66.1349,143.1131,1,2015145,-66.33,143.07,0,0,0,0,0,0,0,0,0
-66.1497,143.0895,0,2015146,-66.33,143.07,0,0,0,0,0,0,0,0,0
-66.1644,143.0659,1,2015147,-66.33,143.07,0,0,0,0,0,0,0,0,0
-66.1644,143.0659,1,2015148,-66.33,143.07,0,0,0,0,0,0,0,0,0
-66.1644,143.0659,1,2015149,-66.33,143.07,1,0,0,0,0,0,0,14,10
-66.1959,143.0073,1,2015150,-66.33,143.07,0,0,0,0,0,0,0,0,0
-66.1959,143.0073,1,2015151,-66.33,143.07,0,0,0,0,0,0,0,0,0
-66.1959,143.0073,1,2015152,-66.33,143.07,0,0,0,0,0,0,0,0,0
-66.1713,143.0531,1,2015153,-66.33,143.07,0,0,0,0,0,0,0,0,0
-66.163,143.0075,1,2015154,-66.33,143.07,0,0,0,0,0,0,0,0,0
-66.163,143.0075,1,2015155,-66.33,143.07,0,0,0,0,0,0,0,0,0
-66.156,143.0205,1,2015156,-66.33,143.07,1,0,0,0,0,0,0,14,10
-66.156,143.0205,1,2015157,-66.3322,143.0678,0,0,0,0,0,0,0,0,0
-66.143,143.0141,1,2015158,-66.3379,143.0621,0,0,0,0,0,0,0,0,0
-66.143,143.0141,1,2015159,-66.3457,143.0543,0,0,0,0,0,0,0,0,0
-66.143,143.0141,1,2015160,-66.3543,143.0457,0,0,0,0,0,0,0,0,0
-66.1949,143.0401,1,2015161,-66.3621,143.0379,0,0,0,0,0,0,0,0,0
-66.1949,143.0401,1,2015162,-66.3678,143.0322,0,0,0,0,0,0,0,0,0
-66.1934,142.9814,1,2015163,-66.37,143.03,1,0,0,0,0,0,0,14,10
-66.1604,142.9816,1,2015164,-66.3678,143.0322,0,0,0,0,0,0,0,0,0
-66.1604,142.9816,1,2015165,-66.3621,143.0379,0,0,0,0,0,0,0,0,0
-66.1949,143.0401,1,2015166,-66.3543,143.0457,0,0,0,0,0,0,0,0,0
-66.1949,143.0401,1,2015167,-66.3457,143.0543,0,0,0,0,0,0,0,0,0
-66.1934,142.9814,1,2015168,-66.3379,143.0621,0,0,0,0,0,0,0,0,0
-66.1934,142.9814,1,2015169,-66.3322,143.0678,0,0,0,0,0,0,0,0,0
-66.2301,143.066,1,2015170,-66.33,143.07,1,0,0,0,0,0,0,14,10
-66.2301,143.066,0,2015171,-66.3322,143.0606,0,0,0,0,0,0,0,0,0
-66.2301,143.066,1,2015172,-66.3379,143.0363,0,0,0,0,0,0,0,0,0
-66.2181,143.0267,1,2015173,-66.3457,143.0031,0,0,0,0,0,0,0,0,0
-66.2181,143.0267,0,2015174,-66.3543,142.9669,0,0,0,0,0,0,0,0,0
-66.2181,143.0267,1,2015175,-66.3621,142.9337,0,0,0,0,0,0,0,0,0
-66.2181,143.0267,1,2015176,-66.3678,142.9094,0,0,0,0,0,0,0,0,0
-66.2181,143.0267,1,2015177,-66.37,142.9,1,0,0,0,0,0,0,14,10
-66.2181,143.0267,1,2015178,-66.37,142.9,0,0,0,0,0,0,0,0,0
-66.2181,143.0267,1,2015179,-66.37,142.9,0,0,0,0,0,0,0,0,0
-66.2181,143.0267,1,2015180,-66.37,142.9,0,0,0,0,0,0,0,0,0
-66.2181,143.0267,0,2015181,-66.37,142.9,0,0,0,0,0,0,0,0,0
-66.2181,143.0267,1,2015182,-66.37,142.9,0,0,0,0,0,0,0,0,0
-66.2181,143.0267,1,2015183,-66.37,142.9,0,0,0,0,0,0,0,0,0
-66.2181,143.0267,1,2015184,-66.37,142.9,1,0,0,0,0,0,0,14,10
-66.2181,143.0267,1,2015185,-66.3717,142.915,0,0,0,0,0,0,0,0,0
-66.2181,143.0267,1,2015186,-66.3759,142.9535,0,0,0,0,0,0,0,0,0
-66.2181,143.0267,1,2015187,-66.3818,143.0063,0,0,0,0,0,0,0,0,0
-66.2181,143.0267,1,2015188,-66.3882,143.0637,0,0,0,0,0,0,0,0,0
-66.176,143.105,1,2015189,-66.3941,143.1165,0,0,0,0,0,0,0,0,0
-66.176,143.105,1,2015190,-66.3983,143.155,0,0,0,0,0,0,0,0,0
-66.176,143.105,1,2015191,-66.4,143.17,1,0,0,0,0,0,0,14,10
-66.176,143.105,1,2015192,-66.4,143.17,0,0,0,0,0,0,0,0,0
-66.176,143.105,1,2015193,-66.4,143.17,0,0,0,0,0,0,0,0,0
-66.176,143.105,1,2015194,-66.4,143.17,0,0,0,0,0,0,0,0,0
-66.176,143.105,1,2015195,-66.4,143.17,0,0,0,0,0,0,0,0,0
-66.176,143.105,1,2015196,-66.4,143.17,0,0,0,0,0,0,0,0,0
-66.176,143.105,1,2015197,-66.4,143.17,0,0,0,0,0,0,0,0,0
-66.176,143.105,1,2015198,-66.4,143.17,1,0,0,0,0,0,0,14,10
-66.176,143.105,1,2015199,0,0,0,0,0,0,0,0,0,0,0
-66.176,143.105,1,2015200,0,0,0,0,0,0,0,0,0,0,0
-66.176,143.105,1,2015201,0,0,0,0,0,0,0,0,0,0,0
-66.1629,143.0073,1,2015202,0,0,0,0,0,0,0,0,0,0,0
-66.1629,143.0073,1,2015203,0,0,0,0,0,0,0,0,0,0,0
-66.1629,143.0073,1,2015204,0,0,0,0,0,0,0,0,0,0,0
-66.1629,143.0073,1,2015205,0,0,0,0,0,0,0,0,0,0,0
-66.1629,143.0073,1,2015206,0,0,0,0,0,0,0,0,0,0,0
-66.1629,143.0073,1,2015207,0,0,0,0,0,0,0,0,0,0,0
-66.1629,143.0073,1,2015208,0,0,0,0,0,0,0,0,0,0,0
-66.1629,143.0073,1,2015209,0,0,0,0,0,0,0,0,0,0,0
-66.1629,143.0073,1,2015210,0,0,0,0,0,0,0,0,0,0,0
-66.1629,143.0073,1,2015211,0,0,0,0,0,0,0,0,0,0,0
-66.1559,143.0204,0,2015212,-66.4,143.08,1,0,0,0,0,0,0,14,10
-66.1489,143.0335,1,2015213,-66.4,143.08,0,0,0,0,0,0,0,0,0
-66.1489,143.0335,1,2015214,-66.4,143.08,0,0,0,0,0,0,0,0,0
-66.1489,143.0335,1,2015215,-66.4,143.08,0,0,0,0,0,0,0,0,0
-66.1489,143.0335,1,2015216,-66.4,143.08,0,0,0,0,0,0,0,0,0
-66.1489,143.0335,1,2015217,-66.4,143.08,0,0,0,0,0,0,0,0,0
-66.1489,143.0335,1,2015218,-66.4,143.08,0,0,0,0,0,0,0,0,0
-66.1489,143.0335,1,2015219,-66.4,143.08,1,0,0,0,0,0,0,14,10
-66.1489,143.0335,1,2015220,-66.4,143.08,0,0,0,0,0,0,0,0,0
-66.1489,143.0335,1,2015221,-66.4,143.08,0,0,0,0,0,0,0,0,0
-66.1489,143.0335,1,2015222,-66.4,143.08,0,0,0,0,0,0,0,0,0
-66.1268,143.1051,1,2015223,-66.4,143.08,0,0,0,0,0,0,0,0,0
-66.1763,143.1049,1,2015224,-66.4,143.08,0,0,0,0,0,0,0,0,0
-66.1149,143.066,1,2015225,-66.4,143.08,0,0,0,0,0,0,0,0,0
-66.1364,143.1181,1,2015226,-66.4,143.08,1,0,0,0,0,0,0,14,10
-66.1364,143.1181,1,2015227,0,0,0,0,0,0,0,0,0,0,0
-66.1364,143.1181,1,2015228,0,0,0,0,0,0,0,0,0,0,0
-66.1364,143.1181,0,2015229,0,0,0,0,0,0,0,0,0,0,0
-66.1364,143.1181,1,2015230,0,0,0,0,0,0,0,0,0,0,0
-66.1364,143.1181,1,2015231,0,0,0,0,0,0,0,0,0,0,0
-66.1364,143.1181,1,2015232,0,0,0,0,0,0,0,0,0,0,0
-66.1364,143.1181,1,2015233,0,0,0,0,0,0,0,0,0,0,0
-66.1364,143.1181,1,2015234,0,0,0,0,0,0,0,0,0,0,0
-66.1364,143.1181,1,2015235,0,0,0,0,0,0,0,0,0,0,0
-66.1364,143.1181,1,2015236,0,0,0,0,0,0,0,0,0,0,0
-66.1364,143.1181,1,2015237,0,0,0,0,0,0,0,0,0,0,0
-66.1364,143.1181,1,2015238,0,0,0,0,0,0,0,0,0,0,0
-66.1364,143.1181,1,2015239,0,0,0,0,0,0,0,0,0,0,0
-66.1364,143.1181,1,2015240,-66.4,143.08,1,0,0,0,0,0,0,14,10
-66.1364,143.1181,1,2015241,0,0,0,0,0,0,0,0,0,0,0
-66.1364,143.1181,1,2015242,0,0,0,0,0,0,0,0,0,0,0
-66.1364,143.1181,1,2015243,0,0,0,0,0,0,0,0,0,0,0
-66.1364,143.1181,1,2015244,0,0,0,0,0,0,0,0,0,0,0
-66.1364,143.1181,1,2015245,0,0,0,0,0,0,0,0,0,0,0
-66.1364,143.1181,1,2015246,0,0,0,0,0,0,0,0,0,0,0
-66.1364,143.1181,1,2015247,0,0,0,0,0,0,0,0,0,0,0
-66.1364,143.1181,1,2015248,0,0,0,0,0,0,0,0,0,0,0
-66.1364,143.1181,1,2015249,0,0,0,0,0,0,0,0,0,0,0
-66.1364,143.1181,1,2015250,0,0,0,0,0,0,0,0,0,0,0
-66.1364,143.1181,1,2015251,0,0,0,0,0,0,0,0,0,0,0
-66.1364,143.1181,1,2015252,0,0,0,0,0,0,0,0,0,0,0
-66.1364,143.1181,1,2015253,0,0,0,0,0,0,0,0,0,0,0
-66.1364,143.1181,1,2015254,0,0,0,0,0,0,0,0,0,0,0
-66.1364,143.1181,1,2015255,0,0,0,0,0,0,0,0,0,0,0
-66.1364,143.1181,1,2015256,0,0,0,0,0,0,0,0,0,0,0
-66.1364,143.1181,0,2015257,0,0,0,0,0,0,0,0,0,0,0
-66.1364,143.1181,1,2015258,0,0,0,0,0,0,0,0,0,0,0
-66.1364,143.1181,1,2015259,0,0,0,0,0,0,0,0,0,0,0
-66.1364,143.1181,1,2015260,0,0,0,0,0,0,0,0,0,0,0
-66.1364,143.1181,1,2015261,0,0,0,0,0,0,0,0,0,0,0
-66.1364,143.1181,1,2015262,0,0,0,0,0,0,0,0,0,0,0
-66.1364,143.1181,1,2015263,0,0,0,0,0,0,0,0,0,0,0
-66.1364,143.1181,0,2015264,0,0,0,0,0,0,0,0,0,0,0
-66.1364,143.1181,1,2015265,0,0,0,0,0,0,0,0,0,0,0
-66.1364,143.1181,1,2015266,0,0,0,0,0,0,0,0,0,0,0
-66.1364,143.1181,1,2015267,0,0,0,0,0,0,0,0,0,0,0
-66.1364,143.1181,1,2015268,0,0,0,0,0,0,0,0,0,0,0
-66.1364,143.1181,1,2015269,0,0,0,0,0,0,0,0,0,0,0
-66.1364,143.1181,1,2015270,0,0,0,0,0,0,0,0,0,0,0
-66.1364,143.1181,1,2015271,0,0,0,0,0,0,0,0,0,0,0
-66.1364,143.1181,0,2015272,0,0,0,0,0,0,0,0,0,0,0
-66.1364,143.1181,1,2015273,0,0,0,0,0,0,0,0,0,0,0
-66.1364,143.1181,1,2015274,0,0,0,0,0,0,0,0,0,0,0
-66.1364,143.1181,1,2015275,0,0,0,0,0,0,0,0,0,0,0
-66.1364,143.1181,1,2015276,0,0,0,0,0,0,0,0,0,0,0
-66.1364,143.1181,1,2015277,0,0,0,0,0,0,0,0,0,0,0
-66.1364,143.1181,1,2015278,0,0,0,0,0,0,0,0,0,0,0
-66.1364,143.1181,1,2015279,0,0,0,0,0,0,0,0,0,0,0
-66.1364,143.1181,0,2015280,0,0,0,0,0,0,0,0,0,0,0
-66.1364,143.1181,1,2015281,0,0,0,0,0,0,0,0,0,0,0
-66.1364,143.1181,1,2015282,0,0,0,0,0,0,0,0,0,0,0
-66.1364,143.1181,1,2015283,0,0,0,0,0,0,0,0,0,0,0
-66.1364,143.1181,1,2015284,0,0,0,0,0,0,0,0,0,0,0
-66.1364,143.1181,1,2015285,0,0,0,0,0,0,0,0,0,0,0
-66.1364,143.1181,0,2015286,0,0,0,0,0,0,0,0,0,0,0
-66.1364,143.1181,1,2015287,0,0,0,0,0,0,0,0,0,0,0
-66.1364,143.1181,1,2015288,0,0,0,0,0,0,0,0,0,0,0
-66.1364,143.1181,1,2015289,0,0,0,0,0,0,0,0,0,0,0
-66.1364,143.1181,1,2015290,0,0,0,0,0,0,0,0,0,0,0
-66.1364,143.1181,1,2015291,0,0,0,0,0,0,0,0,0,0,0
-66.1364,143.1181,0,2015292,0,0,0,0,0,0,0,0,0,0,0
-66.1364,143.1181,1,2015293,0,0,0,0,0,0,0,0,0,0,0
-66.1364,143.1181,1,2015294,0,0,0,0,0,0,0,0,0,0,0
-66.1364,143.1181,1,2015295,0,0,0,0,0,0,0,0,0,0,0
-66.1364,143.1181,1,2015296,0,0,0,0,0,0,0,0,0,0,0
-66.1364,143.1181,1,2015297,0,0,0,0,0,0,0,0,0,0,0
-66.1364,143.1181,1,2015298,0,0,0,0,0,0,0,0,0,0,0
-66.1364,143.1181,1,2015299,0,0,0,0,0,0,0,0,0,0,0
-66.1364,143.1181,0,2015300,0,0,0,0,0,0,0,0,0,0,0
-66.1364,143.1181,1,2015301,0,0,0,0,0,0,0,0,0,0,0
-66.1364,143.1181,1,2015302,0,0,0,0,0,0,0,0,0,0,0
-66.1364,143.1181,1,2015303,0,0,0,0,0,0,0,0,0,0,0
-66.1364,143.1181,1,2015304,0,0,0,0,0,0,0,0,0,0,0
-66.1364,143.1181,1,2015305,0,0,0,0,0,0,0,0,0,0,0
-66.1364,143.1181,1,2015306,0,0,0,0,0,0,0,0,0,0,0
-66.1364,143.1181,1,2015307,0,0,0,0,0,0,0,0,0,0,0
-66.1364,143.1181,1,2015308,0,0,0,0,0,0,0,0,0,0,0
-66.1364,143.1181,1,2015309,0,0,0,0,0,0,0,0,0,0,0
-66.1364,143.1181,1,2015310,0,0,0,0,0,0,0,0,0,0,0
-66.1364,143.1181,1,2015311,0,0,0,0,0,0,0,0,0,0,0
-66.1364,143.1181,1,2015312,0,0,0,0,0,0,0,0,0,0,0
-66.1364,143.1181,0,2015313,0,0,0,0,0,0,0,0,0,0,0
-66.1364,143.1181,1,2015314,0,0,0,0,0,0,0,0,0,0,0
-66.1364,143.1181,1,2015315,0,0,0,0,0,0,0,0,0,0,0
-66.1364,143.1181,1,2015316,0,0,0,0,0,0,0,0,0,0,0
-66.1364,143.1181,1,2015317,0,0,0,0,0,0,0,0,0,0,0
-66.1364,143.1181,1,2015318,0,0,0,0,0,0,0,0,0,0,0
-66.1364,143.1181,1,2015319,0,0,0,0,0,0,0,0,0,0,0
-66.1364,143.1181,1,2015320,0,0,0,0,0,0,0,0,0,0,0
-66.1364,143.1181,1,2015321,0,0,0,0,0,0,0,0,0,0,0
-66.1364,143.1181,1,2015322,0,0,0,0,0,0,0,0,0,0,0
-66.1364,143.1181,1,2015323,0,0,0,0,0,0,0,0,0,0,0
-66.1364,143.1181,0,2015324,0,0,0,0,0,0,0,0,0,0,0
-66.1364,143.1181,1,2015325,0,0,0,0,0,0,0,0,0,0,0
-66.1364,143.1181,1,2015326,0,0,0,0,0,0,0,0,0,0,0
-66.1364,143.1181,1,2015327,0,0,0,0,0,0,0,0,0,0,0
-66.1364,143.1181,0,2015328,0,0,0,0,0,0,0,0,0,0,0
-66.1364,143.1181,1,2015329,0,0,0,0,0,0,0,0,0,0,0
-66.1364,143.1181,1,2015330,0,0,0,0,0,0,0,0,0,0,0
-66.1364,143.1181,1,2015331,0,0,0,0,0,0,0,0,0,0,0
-66.1364,143.1181,1,2015332,0,0,0,0,0,0,0,0,0,0,0
-66.1137,143.0721,1,2015333,0,0,0,0,0,0,0,0,0,0,0
-66.1137,143.0721,0,2015334,0,0,0,0,0,0,0,0,0,0,0
-66.1137,143.0721,1,2015335,0,0,0,0,0,0,0,0,0,0,0
-66.1137,143.0721,1,2015336,0,0,0,0,0,0,0,0,0,0,0
-66.1137,143.0721,1,2015337,0,0,0,0,0,0,0,0,0,0,0
-66.1137,143.0721,1,2015338,0,0,0,0,0,0,0,0,0,0,0
-66.1137,143.0721,1,2015339,0,0,0,0,0,0,0,0,0,0,0
-66.1137,143.0721,1,2015340,0,0,0,0,0,0,0,0,0,0,0
-66.1137,143.0721,0,2015341,0,0,0,0,0,0,0,0,0,0,0
-66.1137,143.0721,1,2015342,0,0,0,0,0,0,0,0,0,0,0
-66.1137,143.0721,1,2015343,0,0,0,0,0,0,0,0,0,0,0
-66.1137,143.0721,1,2015344,0,0,0,0,0,0,0,0,0,0,0
-66.1037,142.9981,1,2015345,0,0,0,0,0,0,0,0,0,0,0
-66.1037,142.9981,1,2015346,0,0,0,0,0,0,0,0,0,0,0
-66.1037,142.9981,1,2015347,0,0,0,0,0,0,0,0,0,0,0
-66.1037,142.9981,0,2015348,0,0,0,0,0,0,0,0,0,0,0
-66.1037,142.9981,1,2015349,0,0,0,0,0,0,0,0,0,0,0
-66.1037,142.9981,1,2015350,0,0,0,0,0,0,0,0,0,0,0
-66.1037,142.9981,1,2015351,0,0,0,0,0,0,0,0,0,0,0
-66.1037,142.9981,1,2015352,0,0,0,0,0,0,0,0,0,0,0
-66.1037,142.9981,1,2015353,0,0,0,0,0,0,0,0,0,0,0
-66.1037,142.9981,1,2015354,0,0,0,0,0,0,0,0,0,0,0
-66.1037,142.9981,1,2015355,0,0,0,0,0,0,0,0,0,0,0
-66.1037,142.9981,1,2015356,0,0,0,0,0,0,0,0,0,0,0
-66.1037,142.9981,1,2015357,0,0,0,0,0,0,0,0,0,0,0
-66.1037,142.9981,1,2015358,0,0,0,0,0,0,0,0,0,0,0
-66.1037,142.9981,1,2015359,0,0,0,0,0,0,0,0,0,0,0
-66.1037,142.9981,1,2015360,0,0,0,0,0,0,0,0,0,0,0
-66.1037,142.9981,1,2015361,0,0,0,0,0,0,0,0,0,0,0
-66.1037,142.9981,0,2015362,0,0,0,0,0,0,0,0,0,0,0
-66.1037,142.9981,1,2015363,0,0,0,0,0,0,0,0,0,0,0
-66.1037,142.9981,1,2015364,0,0,0,0,0,0,0,0,0,0,0
-66.1037,142.9981,1,2015365,0,0,0,0,0,0,0,0,0,0,0
-66.4825,143.2563,1,2016001,0,0,0,0,0,0,0,0,0,0,0
-66.4825,143.2563,1,2016002,0,0,0,0,0,0,0,0,0,0,0
-66.3228,143.1589,1,2016003,0,0,0,0,0,0,0,0,0,0,0
-66.3101,143.2773,1,2016004,0,0,0,0,0,0,0,0,0,0,0
-66.3101,143.2773,1,2016005,0,0,0,0,0,0,0,0,0,0,0
-66.3101,143.2773,1,2016006,0,0,0,0,0,0,0,0,0,0,0
-66.2313,143.1376,1,2016007,0,0,0,0,0,0,0,0,0,0,0
-66.2313,143.1376,1,2016008,0,0,0,0,0,0,0,0,0,0,0
-66.2145,143.245,1,2016009,0,0,0,0,0,0,0,0,0,0,0
-66.2145,143.245,1,2016010,0,0,0,0,0,0,0,0,0,0,0
-66.2145,143.245,1,2016011,0,0,0,0,0,0,0,0,0,0,0
-66.2086,143.1396,1,2016012,0,0,0,0,0,0,0,0,0,0,0
-66.2086,143.1396,1,2016013,0,0,0,0,0,0,0,0,0,0,0
-66.2086,143.1396,0,2016014,0,0,0,0,0,0,0,0,0,0,0
-66.2086,143.1396,1,2016015,0,0,0,0,0,0,0,0,0,0,0
-66.2086,143.1396,1,2016016,0,0,0,0,0,0,0,0,0,0,0
-66.2086,143.1396,1,2016017,0,0,0,0,0,0,0,0,0,0,0
-66.2086,143.1396,0,2016018,0,0,0,0,0,0,0,0,0,0,0
-66.2086,143.1396,1,2016019,0,0,0,0,0,0,0,0,0,0,0
-66.2086,143.1396,1,2016020,0,0,0,0,0,0,0,0,0,0,0
-66.2086,143.1396,1,2016021,0,0,0,0,0,0,0,0,0,0,0
-66.2086,143.1396,1,2016022,0,0,0,0,0,0,0,0,0,0,0
-66.2086,143.1396,1,2016023,0,0,0,0,0,0,0,0,0,0,0
-66.2086,143.1396,0,2016024,0,0,0,0,0,0,0,0,0,0,0
-66.2086,143.1396,1,2016025,0,0,0,0,0,0,0,0,0,0,0
-66.2086,143.1396,1,2016026,0,0,0,0,0,0,0,0,0,0,0
-66.2086,143.1396,1,2016027,0,0,0,0,0,0,0,0,0,0,0
-66.2086,143.1396,1,2016028,0,0,0,0,0,0,0,0,0,0,0
-66.2086,143.1396,1,2016029,0,0,0,0,0,0,0,0,0,0,0
-66.2086,143.1396,1,2016030,0,0,0,0,0,0,0,0,0,0,0
-66.2086,143.1396,0,2016031,0,0,0,0,0,0,0,0,0,0,0
-66.2086,143.1396,1,2016032,0,0,0,0,0,0,0,0,0,0,0
-66.2086,143.1396,1,2016033,0,0,0,0,0,0,0,0,0,0,0
-66.2086,143.1396,1,2016034,0,0,0,0,0,0,0,0,0,0,0
-66.2086,143.1396,1,2016035,0,0,0,0,0,0,0,0,0,0,0
-66.2086,143.1396,1,2016036,0,0,0,0,0,0,0,0,0,0,0
-66.2086,143.1396,1,2016037,0,0,0,0,0,0,0,0,0,0,0
-66.2086,143.1396,1,2016038,0,0,0,0,0,0,0,0,0,0,0
-66.2086,143.1396,1,2016039,0,0,0,0,0,0,0,0,0,0,0
-66.2086,143.1396,0,2016040,0,0,0,0,0,0,0,0,0,0,0
-66.2086,143.1396,1,2016041,0,0,0,0,0,0,0,0,0,0,0
-66.2086,143.1396,1,2016042,0,0,0,0,0,0,0,0,0,0,0
-66.2086,143.1396,1,2016043,0,0,0,0,0,0,0,0,0,0,0
-66.2086,143.1396,1,2016044,0,0,0,0,0,0,0,0,0,0,0
-66.2086,143.1396,1,2016045,0,0,0,0,0,0,0,0,0,0,0
-66.2086,143.1396,1,2016046,0,0,0,0,0,0,0,0,0,0,0
-66.2086,143.1396,0,2016047,0,0,0,0,0,0,0,0,0,0,0
-66.2086,143.1396,1,2016048,0,0,0,0,0,0,0,0,0,0,0
-66.2086,143.1396,1,2016049,0,0,0,0,0,0,0,0,0,0,0
-66.2086,143.1396,1,2016050,0,0,0,0,0,0,0,0,0,0,0
-66.2086,143.1396,1,2016051,0,0,0,0,0,0,0,0,0,0,0
-66.2086,143.1396,1,2016052,0,0,0,0,0,0,0,0,0,0,0
-66.2086,143.1396,1,2016053,0,0,0,0,0,0,0,0,0,0,0
-66.2086,143.1396,1,2016054,0,0,0,0,0,0,0,0,0,0,0
-66.2086,143.1396,0,2016055,0,0,0,0,0,0,0,0,0,0,0
-66.2086,143.1396,1,2016056,0,0,0,0,0,0,0,0,0,0,0
-66.2086,143.1396,1,2016057,0,0,0,0,0,0,0,0,0,0,0
-66.2086,143.1396,1,2016058,0,0,0,0,0,0,0,0,0,0,0
-66.2086,143.1396,1,2016059,0,0,0,0,0,0,0,0,0,0,0
-66.2086,143.1396,0,2016060,0,0,0,0,0,0,0,0,0,0,0
-66.2086,143.1396,1,2016061,0,0,0,0,0,0,0,0,0,0,0
-66.2086,143.1396,1,2016062,0,0,0,0,0,0,0,0,0,0,0
-66.2086,143.1396,1,2016063,0,0,0,0,0,0,0,0,0,0,0
-66.2086,143.1396,1,2016064,0,0,0,0,0,0,0,0,0,0,0
-66.2086,143.1396,1,2016065,0,0,0,0,0,0,0,0,0,0,0
-66.2086,143.1396,1,2016066,0,0,0,0,0,0,0,0,0,0,0
-66.2086,143.1396,1,2016067,0,0,0,0,0,0,0,0,0,0,0
-66.2086,143.1396,0,2016068,0,0,0,0,0,0,0,0,0,0,0
-66.2086,143.1396,1,2016069,0,0,0,0,0,0,0,0,0,0,0
-66.2086,143.1396,1,2016070,0,0,0,0,0,0,0,0,0,0,0
-66.2086,143.1396,1,2016071,0,0,0,0,0,0,0,0,0,0,0
-66.2086,143.1396,1,2016072,0,0,0,0,0,0,0,0,0,0,0
-66.2086,143.1396,1,2016073,0,0,0,0,0,0,0,0,0,0,0
-66.2086,143.1396,1,2016074,0,0,0,0,0,0,0,0,0,0,0
-66.3421,143.0896,1,2016075,0,0,0,0,0,0,0,0,0,0,0
-66.3421,143.0896,1,2016076,0,0,0,0,0,0,0,0,0,0,0
-66.3131,143.0379,1,2016077,0,0,0,0,0,0,0,0,0,0,0
-66.3131,143.0379,1,2016078,0,0,0,0,0,0,0,0,0,0,0
-66.362,143.1167,1,2016079,0,0,0,0,0,0,0,0,0,0,0
-66.362,143.1167,1,2016080,0,0,0,0,0,0,0,0,0,0,0
-66.3329,143.0649,1,2016081,0,0,0,0,0,0,0,0,0,0,0
-66.3329,143.0649,0,2016082,0,0,0,0,0,0,0,0,0,0,0
-66.3329,143.0649,1,2016083,0,0,0,0,0,0,0,0,0,0,0
-66.3329,143.0649,1,2016084,0,0,0,0,0,0,0,0,0,0,0
-66.3329,143.0649,1,2016085,0,0,0,0,0,0,0,0,0,0,0
-66.3329,143.0649,1,2016086,0,0,0,0,0,0,0,0,0,0,0
-66.3329,143.0649,1,2016087,0,0,0,0,0,0,0,0,0,0,0
-66.3329,143.0649,1,2016088,0,0,0,0,0,0,0,0,0,0,0
-66.3329,143.0649,1,2016089,0,0,0,0,0,0,0,0,0,0,0
-66.3329,143.0649,1,2016090,0,0,0,0,0,0,0,0,0,0,0
-66.3329,143.0649,1,2016091,0,0,0,0,0,0,0,0,0,0,0
-66.3329,143.0649,1,2016092,0,0,0,0,0,0,0,0,0,0,0
-66.3329,143.0649,1,2016093,0,0,0,0,0,0,0,0,0,0,0
-66.3329,143.0649,1,2016094,0,0,0,0,0,0,0,0,0,0,0
-66.3329,143.0649,1,2016095,0,0,0,0,0,0,0,0,0,0,0
-66.3329,143.0649,0,2016096,0,0,0,0,0,0,0,0,0,0,0
-66.3329,143.0649,1,2016097,0,0,0,0,0,0,0,0,0,0,0
-66.3541,143.049,1,2016098,0,0,0,0,0,0,0,0,0,0,0
-66.3541,143.049,1,2016099,0,0,0,0,0,0,0,0,0,0,0
-66.3541,143.049,1,2016100,0,0,0,0,0,0,0,0,0,0,0
-66.3541,143.049,1,2016101,0,0,0,0,0,0,0,0,0,0,0
-66.3541,143.049,1,2016102,0,0,0,0,0,0,0,0,0,0,0
-66.3541,143.049,0,2016103,0,0,0,0,0,0,0,0,0,0,0
-66.3541,143.049,1,2016104,0,0,0,0,0,0,0,0,0,0,0
-66.3541,143.049,1,2016105,0,0,0,0,0,0,0,0,0,0,0
-66.3541,143.049,1,2016106,0,0,0,0,0,0,0,0,0,0,0
-66.3541,143.049,1,2016107,0,0,0,0,0,0,0,0,0,0,0
-66.3541,143.049,1,2016108,0,0,0,0,0,0,0,0,0,0,0
-66.3541,143.049,1,2016109,0,0,0,0,0,0,0,0,0,0,0
-66.3541,143.049,1,2016110,0,0,0,0,0,0,0,0,0,0,0
-66.3541,143.049,1,2016111,0,0,0,0,0,0,0,0,0,0,0
-66.3541,143.049,1,2016112,0,0,0,0,0,0,0,0,0,0,0
-66.3541,143.049,1,2016113,0,0,0,0,0,0,0,0,0,0,0
-66.3541,143.049,1,2016114,0,0,0,0,0,0,0,0,0,0,0
-66.3541,143.049,1,2016115,0,0,0,0,0,0,0,0,0,0,0
-66.3541,143.049,0,2016116,0,0,0,0,0,0,0,0,0,0,0
-66.3541,143.049,1,2016117,0,0,0,0,0,0,0,0,0,0,0
-66.3541,143.049,1,2016118,0,0,0,0,0,0,0,0,0,0,0
-66.3541,143.049,1,2016119,0,0,0,0,0,0,0,0,0,0,0
-66.3801,143.1382,1,2016120,0,0,0,0,0,0,0,0,0,0,0
-66.3674,143.1792,1,2016121,0,0,0,0,0,0,0,0,0,0,0
-66.3852,143.1106,1,2016122,0,0,0,0,0,0,0,0,0,0,0
-66.3852,143.1106,0,2016123,0,0,0,0,0,0,0,0,0,0,0
-66.3852,143.1106,1,2016124,0,0,0,0,0,0,0,0,0,0,0
-66.3852,143.1106,1,2016125,0,0,0,0,0,0,0,0,0,0,0
-66.3927,143.0967,1,2016126,0,0,0,0,0,0,0,0,0,0,0
-66.3927,143.0967,1,2016127,0,0,0,0,0,0,0,0,0,0,0
-66.3927,143.0967,1,2016128,0,0,0,0,0,0,0,0,0,0,0
-66.3927,143.0967,1,2016129,0,0,0,0,0,0,0,0,0,0,0
-66.3927,143.0967,0,2016130,0,0,0,0,0,0,0,0,0,0,0
-66.3927,143.0967,1,2016131,0,0,0,0,0,0,0,0,0,0,0
-66.3927,143.0967,1,2016132,0,0,0,0,0,0,0,0,0,0,0
-66.3927,143.0967,1,2016133,0,0,0,0,0,0,0,0,0,0,0
-66.3992,143.112,0,2016134,0,0,0,0,0,0,0,0,0,0,0
-66.4137,143.1455,0,2016135,0,0,0,0,0,0,0,0,0,0,0
-66.4281,143.1791,0,2016136,0,0,0,0,0,0,0,0,0,0,0
-66.4346,143.1944,1,2016137,0,0,0,0,0,0,0,0,0,0,0
-66.3967,143.0712,1,2016138,0,0,0,0,0,0,0,0,0,0,0
-66.3989,143.1203,1,2016139,0,0,0,0,0,0,0,0,0,0,0
-66.3989,143.1203,1,2016140,0,0,0,0,0,0,0,0,0,0,0
-66.3989,143.1203,1,2016141,0,0,0,0,0,0,0,0,0,0,0
-66.3989,143.1203,1,2016142,0,0,0,0,0,0,0,0,0,0,0
-66.3989,143.1203,1,2016143,0,0,0,0,0,0,0,0,0,0,0
-66.3989,143.1203,0,2016144,0,0,0,0,0,0,0,0,0,0,0
-66.3989,143.1203,1,2016145,0,0,0,0,0,0,0,0,0,0,0
-66.3989,143.1203,1,2016146,0,0,0,0,0,0,0,0,0,0,0
-66.3989,143.1203,1,2016147,0,0,0,0,0,0,0,0,0,0,0
-66.3989,143.1203,1,2016148,0,0,0,0,0,0,0,0,0,0,0
-66.3989,143.1203,1,2016149,0,0,0,0,0,0,0,0,0,0,0
-66.3989,143.1203,1,2016150,0,0,0,0,0,0,0,0,0,0,0
-66.3989,143.1203,1,2016151,0,0,0,0,0,0,0,0,0,0,0
-66.3989,143.1203,1,2016152,0,0,0,0,0,0,0,0,0,0,0
-66.3989,143.1203,1,2016153,0,0,0,0,0,0,0,0,0,0,0
-66.3989,143.1203,1,2016154,0,0,0,0,0,0,0,0,0,0,0
-66.3989,143.1203,0,2016155,0,0,0,0,0,0,0,0,0,0,0
-66.3989,143.1203,1,2016156,0,0,0,0,0,0,0,0,0,0,0
-66.3989,143.1203,1,2016157,0,0,0,0,0,0,0,0,0,0,0
-66.3989,143.1203,1,2016158,0,0,0,0,0,0,0,0,0,0,0
-66.4371,143.1192,1,2016159,0,0,0,0,0,0,0,0,0,0,0
-66.4371,143.1192,1,2016160,0,0,0,0,0,0,0,0,0,0,0
-66.4371,143.1192,1,2016161,0,0,0,0,0,0,0,0,0,0,0
-66.4371,143.1192,0,2016162,0,0,0,0,0,0,0,0,0,0,0
-66.4371,143.1192,1,2016163,0,0,0,0,0,0,0,0,0,0,0
-66.4371,143.1192,1,2016164,0,0,0,0,0,0,0,0,0,0,0
-66.4371,143.1192,1,2016165,0,0,0,0,0,0,0,0,0,0,0
-66.4371,143.1192,1,2016182,0,0,0,0,0,0,0,0,0,0,0
-66.4371,143.1192,1,2016183,0,0,0,0,0,0,0,0,0,0,0
-66.4371,143.1192,1,2016184,0,0,0,0,0,0,0,0,0,0,0
-66.4371,143.1192,0,2016185,0,0,0,0,0,0,0,0,0,0,0
-66.4371,143.1192,1,2016186,0,0,0,0,0,0,0,0,0,0,0
-66.4371,143.1192,0,2016187,0,0,0,0,0,0,0,0,0,0,0
-66.4371,143.1192,1,2016188,0,0,0,0,0,0,0,0,0,0,0
-66.4371,143.1192,1,2016189,0,0,0,0,0,0,0,0,0,0,0
-66.4371,143.1192,1,2016190,0,0,0,0,0,0,0,0,0,0,0
-66.4371,143.1192,1,2016191,0,0,0,0,0,0,0,0,0,0,0
-66.4371,143.1192,1,2016192,0,0,0,0,0,0,0,0,0,0,0
-66.4371,143.1192,1,2016193,0,0,0,0,0,0,0,0,0,0,0
-66.4359,143.1179,0,2016194,0,0,0,0,0,0,0,0,0,0,0
-66.4348,143.1144,1,2016195,0,0,0,0,0,0,0,0,0,0,0
-66.4428,143.0994,1,2016196,0,0,0,0,0,0,0,0,0,0,0
-66.4452,143.0655,1,2016197,0,0,0,0,0,0,0,0,0,0,0
-66.4516,143.0479,1,2016198,0,0,0,0,0,0,0,0,0,0,0
-66.4539,143.014,1,2016199,0,0,0,0,0,0,0,0,0,0,0
-66.4431,143.0197,0,2016200,0,0,0,0,0,0,0,0,0,0,0
-66.4322,143.0254,1,2016201,0,0,0,0,0,0,0,0,0,0,0
-66.4322,143.0254,1,2016202,0,0,0,0,0,0,0,0,0,0,0
-66.4322,143.0254,1,2016203,0,0,0,0,0,0,0,0,0,0,0
-66.4322,143.0254,1,2016204,0,0,0,0,0,0,0,0,0,0,0
-66.4322,143.0254,1,2016205,0,0,0,0,0,0,0,0,0,0,0
-66.4322,143.0254,1,2016206,0,0,0,0,0,0,0,0,0,0,0
-66.4322,143.0254,1,2016207,0,0,0,0,0,0,0,0,0,0,0
-66.4379,143.0442,0,2016208,0,0,0,0,0,0,0,0,0,0,0
-66.4435,143.063,1,2016209,0,0,0,0,0,0,0,0,0,0,0
-66.4435,143.063,1,2016210,0,0,0,0,0,0,0,0,0,0,0
-66.4452,143.0842,0,2016211,0,0,0,0,0,0,0,0,0,0,0
-66.4468,143.1157,1,2016212,0,0,0,0,0,0,0,0,0,0,0
-66.4404,143.1332,1,2016213,0,0,0,0,0,0,0,0,0,0,0
-66.4507,143.1595,0,2016214,0,0,0,0,0,0,0,0,0,0,0
-66.471,143.1936,1,2016215,0,0,0,0,0,0,0,0,0,0,0
-66.4971,143.2387,1,2016216,0,0,0,0,0,0,0,0,0,0,0
-66.4991,143.1226,1,2016217,0,0,0,0,0,0,0,0,0,0,0
-66.4707,143.1115,1,2016218,0,0,0,0,0,0,0,0,0,0,0
-66.4431,143.187,1,2016219,0,0,0,0,0,0,0,0,0,0,0
-66.5037,143.1379,1,2016220,0,0,0,0,0,0,0,0,0,0,0
-66.5037,143.1379,1,2016221,0,0,0,0,0,0,0,0,0,0,0
-66.5037,143.1379,1,2016222,0,0,0,0,0,0,0,0,0,0,0
-66.5037,143.1379,1,2016223,0,0,0,0,0,0,0,0,0,0,0
-66.5037,143.1379,1,2016224,0,0,0,0,0,0,0,0,0,0,0
-66.5037,143.1379,1,2016225,0,0,0,0,0,0,0,0,0,0,0
-66.5037,143.1379,1,2016226,0,0,0,0,0,0,0,0,0,0,0
-66.5037,143.1379,1,2016227,0,0,0,0,0,0,0,0,0,0,0
-66.4832,143.1831,0,2016228,0,0,0,0,0,0,0,0,0,0,0
-66.4555,143.2282,1,2016229,0,0,0,0,0,0,0,0,0,0,0
-66.4448,143.1895,1,2016230,0,0,0,0,0,0,0,0,0,0,0
-66.4495,143.1553,0,2016231,0,0,0,0,0,0,0,0,0,0,0
-66.4541,143.137,1,2016232,0,0,0,0,0,0,0,0,0,0,0
-66.4541,143.137,1,2016233,0,0,0,0,0,0,0,0,0,0,0
-66.4541,143.137,1,2016234,0,0,0,0,0,0,0,0,0,0,0
-66.4421,143.1595,0,2016235,0,0,0,0,0,0,0,0,0,0,0
-66.43,143.1821,1,2016236,0,0,0,0,0,0,0,0,0,0,0
-66.43,143.1821,1,2016237,0,0,0,0,0,0,0,0,0,0,0
-66.4404,143.1332,0,2016238,0,0,0,0,0,0,0,0,0,0,0
-66.4508,143.0843,1,2016239,0,0,0,0,0,0,0,0,0,0,0
-66.4262,143.1305,1,2016240,0,0,0,0,0,0,0,0,0,0,0
-66.3946,143.1895,1,2016241,0,0,0,0,0,0,0,0,0,0,0
-66.4008,143.2073,1,2016242,0,0,0,0,0,0,0,0,0,0,0
-66.4123,143.2221,0,2016243,0,0,0,0,0,0,0,0,0,0,0
-66.4202,143.2299,1,2016244,0,0,0,0,0,0,0,0,0,0,0
-66.4202,143.2299,1,2016245,0,0,0,0,0,0,0,0,0,0,0
-66.421,143.2458,0,2016246,0,0,0,0,0,0,0,0,0,0,0
-66.4234,143.2826,1,2016247,0,0,0,0,0,0,0,0,0,0,0
-66.4469,143.3616,1,2016248,0,0,0,0,0,0,0,0,0,0,0
-66.4094,143.3196,1,2016249,0,0,0,0,0,0,0,0,0,0,0
-66.3942,143.3661,0,2016250,0,0,0,0,0,0,0,0,0,0,0
-66.3879,143.4125,1,2016251,0,0,0,0,0,0,0,0,0,0,0
-66.3958,143.3101,1,2016252,0,0,0,0,0,0,0,0,0,0,0
-66.4218,143.2324,1,2016253,0,0,0,0,0,0,0,0,0,0,0
-66.3807,143.3911,1,2016254,0,0,0,0,0,0,0,0,0,0,0
-66.3683,143.3805,0,2016255,0,0,0,0,0,0,0,0,0,0,0
-66.3636,143.3698,1,2016256,0,0,0,0,0,0,0,0,0,0,0
-66.3636,143.3698,1,2016257,0,0,0,0,0,0,0,0,0,0,0
-66.3419,143.3808,0,2016258,0,0,0,0,0,0,0,0,0,0,0
-66.3202,143.3918,1,2016259,0,0,0,0,0,0,0,0,0,0,0
-66.3382,143.3238,1,2016260,0,0,0,0,0,0,0,0,0,0,0
-66.3674,143.2988,1,2016261,0,0,0,0,0,0,0,0,0,0,0
-66.3829,143.27,1,2016262,0,0,0,0,0,0,0,0,0,0,0
-66.3826,143.2463,0,2016263,0,0,0,0,0,0,0,0,0,0,0
-66.3816,143.226,0,2016264,0,0,0,0,0,0,0,0,0,0,0
-66.3797,143.2174,1,2016265,0,0,0,0,0,0,0,0,0,0,0
-66.3307,143.2209,1,2016266,0,0,0,0,0,0,0,0,0,0,0
-66.3117,143.2799,1,2016267,0,0,0,0,0,0,0,0,0,0,0
-66.3607,143.2765,1,2016268,0,0,0,0,0,0,0,0,0,0,0
-66.3387,143.206,1,2016269,0,0,0,0,0,0,0,0,0,0,0
-66.373,143.1951,1,2016270,0,0,0,0,0,0,0,0,0,0,0
-66.3537,143.1725,1,2016271,0,0,0,0,0,0,0,0,0,0,0
-66.3537,143.1725,1,2016272,0,0,0,0,0,0,0,0,0,0,0
-66.3537,143.1725,1,2016273,0,0,0,0,0,0,0,0,0,0,0
-66.3537,143.1725,1,2016274,0,0,0,0,0,0,0,0,0,0,0
-66.3537,143.1725,1,2016275,0,0,0,0,0,0,0,0,0,0,0
-66.3476,143.1106,0,2016276,0,0,0,0,0,0,0,0,0,0,0
-66.3415,143.0488,1,2016277,0,0,0,0,0,0,0,0,0,0,0
-66.3818,143.1438,1,2016278,0,0,0,0,0,0,0,0,0,0,0
-66.3646,143.1522,0,2016279,0,0,0,0,0,0,0,0,0,0,0
-66.3475,143.1548,1,2016280,0,0,0,0,0,0,0,0,0,0,0
-66.3561,143.1388,1,2016281,0,0,0,0,0,0,0,0,0,0,0
-66.3561,143.1388,1,2016282,0,0,0,0,0,0,0,0,0,0,0
-66.34,143.1687,0,2016283,0,0,0,0,0,0,0,0,0,0,0
-66.324,143.1986,1,2016284,0,0,0,0,0,0,0,0,0,0,0
-66.4057,143.134,1,2016285,0,0,0,0,0,0,0,0,0,0,0
-66.3958,143.1185,0,2016286,0,0,0,0,0,0,0,0,0,0,0
-66.3752,143.1092,0,2016287,0,0,0,0,0,0,0,0,0,0,0
-66.3579,143.1061,1,2016288,0,0,0,0,0,0,0,0,0,0,0
-66.3488,143.1175,1,2016289,0,0,0,0,0,0,0,0,0,0,0
-66.3639,143.2065,1,2016290,0,0,0,0,0,0,0,0,0,0,0
-66.3548,143.197,0,2016291,0,0,0,0,0,0,0,0,0,0,0
-66.3457,143.1875,1,2016292,0,0,0,0,0,0,0,0,0,0,0
-66.3786,143.2138,1,2016293,0,0,0,0,0,0,0,0,0,0,0
-66.3855,143.2403,0,2016294,0,0,0,0,0,0,0,0,0,0,0
-66.391,143.255,1,2016295,0,0,0,0,0,0,0,0,0,0,0
-66.4038,143.1724,1,2016296,0,0,0,0,0,0,0,0,0,0,0
-66.4353,143.1134,1,2016297,0,0,0,0,0,0,0,0,0,0,0
-66.4372,143.0806,1,2016298,0,0,0,0,0,0,0,0,0,0,0
-66.4064,143.1034,1,2016299,0,0,0,0,0,0,0,0,0,0,0
-66.4188,143.1219,0,2016300,0,0,0,0,0,0,0,0,0,0,0
-66.4313,143.1447,1,2016301,0,0,0,0,0,0,0,0,0,0,0
-66.4083,143.1933,1,2016302,0,0,0,0,0,0,0,0,0,0,0
-66.4,143.1209,1,2016303,0,0,0,0,0,0,0,0,0,0,0
-66.4158,143.1737,1,2016304,0,0,0,0,0,0,0,0,0,0,0
-66.4067,143.1642,0,2016305,0,0,0,0,0,0,0,0,0,0,0
-66.3976,143.1547,1,2016306,0,0,0,0,0,0,0,0,0,0,0
-66.4271,143.2113,1,2016307,0,0,0,0,0,0,0,0,0,0,0
-66.4507,143.2903,1,2016308,0,0,0,0,0,0,0,0,0,0,0
-66.4598,143.2789,1,2016309,0,0,0,0,0,0,0,0,0,0,0
-66.448,143.2422,1,2016310,0,0,0,0,0,0,0,0,0,0,0
-66.4182,143.2683,1,2016311,0,0,0,0,0,0,0,0,0,0,0
-66.425,143.2265,0,2016312,0,0,0,0,0,0,0,0,0,0,0
-66.4317,143.1846,1,2016313,0,0,0,0,0,0,0,0,0,0,0
-66.4083,143.1933,1,2016314,0,0,0,0,0,0,0,0,0,0,0
-66.4193,143.1434,1,2016315,0,0,0,0,0,0,0,0,0,0,0
-66.423,143.1489,0,2016316,0,0,0,0,0,0,0,0,0,0,0
-66.4244,143.1633,1,2016317,0,0,0,0,0,0,0,0,0,0,0
-66.414,143.2121,1,2016318,0,0,0,0,0,0,0,0,0,0,0
-66.4003,143.1646,0,2016319,0,0,0,0,0,0,0,0,0,0,0
-66.3863,143.1171,1,2016320,0,0,0,0,0,0,0,0,0,0,0
-66.3748,143.1623,1,2016321,0,0,0,0,0,0,0,0,0,0,0
-66.3791,143.121,0,2016322,0,0,0,0,0,0,0,0,0,0,0
-66.3876,143.0798,1,2016323,0,0,0,0,0,0,0,0,0,0,0
-66.3989,143.1173,1,2016324,0,0,0,0,0,0,0,0,0,0,0
-66.3989,143.1173,1,2016325,0,0,0,0,0,0,0,0,0,0,0
-66.3873,143.1829,0,2016326,0,0,0,0,0,0,0,0,0,0,0
-66.3757,143.2486,1,2016327,0,0,0,0,0,0,0,0,0,0,0
-66.4014,143.2062,1,2016328,0,0,0,0,0,0,0,0,0,0,0
-66.433,143.1472,1,2016329,0,0,0,0,0,0,0,0,0,0,0
-66.4163,143.1783,1,2016330,0,0,0,0,0,0,0,0,0,0,0
-66.4249,143.1623,1,2016331,0,0,0,0,0,0,0,0,0,0,0
-66.4437,143.1859,1,2016332,0,0,0,0,0,0,0,0,0,0,0
-66.4276,143.216,1,2016333,0,0,0,0,0,0,0,0,0,0,0
-66.396,143.2749,1,2016334,0,0,0,0,0,0,0,0,0,0,0
-66.4164,143.2369,0,2016335,0,0,0,0,0,0,0,0,0,0,0
-66.4368,143.1989,1,2016336,0,0,0,0,0,0,0,0,0,0,0
-66.3818,143.272,1,2016337,0,0,0,0,0,0,0,0,0,0,0
-66.411,143.3641,1,2016338,0,0,0,0,0,0,0,0,0,0,0
-66.3952,143.3112,1,2016339,0,0,0,0,0,0,0,0,0,0,0
-66.3846,143.2756,0,2016340,0,0,0,0,0,0,0,0,0,0,0
-66.3727,143.2359,1,2016341,0,0,0,0,0,0,0,0,0,0,0
-66.3491,143.1573,1,2016342,0,0,0,0,0,0,0,0,0,0,0
-66.3794,143.3002,1,2016343,0,0,0,0,0,0,0,0,0,0,0
-66.4034,143.2548,0,2016344,0,0,0,0,0,0,0,0,0,0,0
-66.4158,143.2095,1,2016345,0,0,0,0,0,0,0,0,0,0,0
-66.4158,143.2095,1,2016346,0,0,0,0,0,0,0,0,0,0,0
-66.4158,143.2095,1,2016347,0,0,0,0,0,0,0,0,0,0,0
-66.4158,143.2095,1,2016348,0,0,0,0,0,0,0,0,0,0,0
-66.4158,143.2095,1,2016349,0,0,0,0,0,0,0,0,0,0,0
-66.4158,143.2095,1,2016350,0,0,0,0,0,0,0,0,0,0,0
-66.4062,143.1965,1,2016351,0,0,0,0,0,0,0,0,0,0,0
-66.4062,143.1965,1,2016352,0,0,0,0,0,0,0,0,0,0,0
-66.4062,143.1965,1,2016353,0,0,0,0,0,0,0,0,0,0,0
-66.4062,143.1965,1,2016354,0,0,0,0,0,0,0,0,0,0,0
-66.4062,143.1965,1,2016355,0,0,0,0,0,0,0,0,0,0,0
-66.404,143.2622,1,2016356,0,0,0,0,0,0,0,0,0,0,0
-66.4014,143.1439,1,2016357,0,0,0,0,0,0,0,0,0,0,0
-66.4122,143.2164,1,2016358,0,0,0,0,0,0,0,0,0,0,0
-66.4122,143.2164,1,2016359,0,0,0,0,0,0,0,0,0,0,0
-66.4122,143.2164,1,2016360,0,0,0,0,0,0,0,0,0,0,0
-66.4122,143.2164,1,2016361,0,0,0,0,0,0,0,0,0,0,0
-66.4122,143.2164,1,2016362,0,0,0,0,0,0,0,0,0,0,0
-66.4288,143.3084,1,2016363,0,0,0,0,0,0,0,0,0,0,0
-66.4288,143.3084,1,2016364,0,0,0,0,0,0,0,0,0,0,0
-66.4288,143.3084,1,2016365,0,0,0,0,0,0,0,0,0,0,0
-66.4288,143.3084,1,2016366,0,0,0,0,0,0,0,0,0,0,0
-66.4464,143.3677,1,2017001,0,0,0,0,0,0,0,0,0,0,0
-66.4239,143.2554,1,2017002,0,0,0,0,0,0,0,0,0,0,0
-66.4239,143.2554,0,2017003,0,0,0,0,0,0,0,0,0,0,0
-66.4239,143.2554,1,2017004,0,0,0,0,0,0,0,0,0,0,0
-66.3899,143.2882,1,2017005,0,0,0,0,0,0,0,0,0,0,0
-66.3899,143.2882,0,2017006,0,0,0,0,0,0,0,0,0,0,0
-66.3899,143.2882,1,2017007,0,0,0,0,0,0,0,0,0,0,0
-66.3899,143.2882,1,2017008,0,0,0,0,0,0,0,0,0,0,0
-66.3899,143.2882,1,2017009,0,0,0,0,0,0,0,0,0,0,0
-66.3899,143.2882,0,2017010,0,0,0,0,0,0,0,0,0,0,0
-66.3899,143.2882,1,2017011,0,0,0,0,0,0,0,0,0,0,0
-66.3899,143.2882,1,2017012,0,0,0,0,0,0,0,0,0,0,0
-66.3899,143.2882,1,2017013,0,0,0,0,0,0,0,0,0,0,0
-66.3899,143.2882,1,2017014,0,0,0,0,0,0,0,0,0,0,0
-66.3899,143.2882,1,2017015,0,0,0,0,0,0,0,0,0,0,0
-66.3899,143.2882,1,2017016,0,0,0,0,0,0,0,0,0,0,0
-66.376,143.4064,1,2017017,0,0,0,0,0,0,0,0,0,0,0
-66.376,143.4064,1,2017018,0,0,0,0,0,0,0,0,0,0,0
-66.376,143.4064,0,2017019,0,0,0,0,0,0,0,0,0,0,0
-66.376,143.4064,1,2017020,0,0,0,0,0,0,0,0,0,0,0
-66.376,143.4064,1,2017021,0,0,0,0,0,0,0,0,0,0,0
-66.376,143.4064,1,2017022,0,0,0,0,0,0,0,0,0,0,0
-66.376,143.4064,1,2017023,0,0,0,0,0,0,0,0,0,0,0
-66.376,143.4064,1,2017024,0,0,0,0,0,0,0,0,0,0,0
-66.376,143.4064,1,2017025,0,0,0,0,0,0,0,0,0,0,0
-66.376,143.4064,1,2017026,0,0,0,0,0,0,0,0,0,0,0
-66.376,143.4064,1,2017027,0,0,0,0,0,0,0,0,0,0,0
-66.376,143.4064,0,2017028,0,0,0,0,0,0,0,0,0,0,0
-66.376,143.4064,1,2017029,0,0,0,0,0,0,0,0,0,0,0
-66.376,143.4064,1,2017030,0,0,0,0,0,0,0,0,0,0,0
-66.376,143.4064,0,2017031,0,0,0,0,0,0,0,0,0,0,0
-66.376,143.4064,0,2017032,0,0,0,0,0,0,0,0,0,0,0
-66.376,143.4064,0,2017033,0,0,0,0,0,0,0,0,0,0,0
-66.376,143.4064,0,2017034,0,0,0,0,0,0,0,0,0,0,0
-66.376,143.4064,0,2017035,0,0,0,0,0,0,0,0,0,0,0
-66.376,143.4064,0,2017036,0,0,0,0,0,0,0,0,0,0,0
-66.376,143.4064,1,2017037,0,0,0,0,0,0,0,0,0,0,0
-66.376,143.4064,1,2017038,0,0,0,0,0,0,0,0,0,0,0
-66.376,143.4064,1,2017039,0,0,0,0,0,0,0,0,0,0,0
-66.376,143.4064,1,2017040,0,0,0,0,0,0,0,0,0,0,0
-66.376,143.4064,0,2017041,0,0,0,0,0,0,0,0,0,0,0
-66.376,143.4064,0,2017042,0,0,0,0,0,0,0,0,0,0,0
-66.376,143.4064,1,2017043,0,0,0,0,0,0,0,0,0,0,0
-66.376,143.4064,1,2017044,0,0,0,0,0,0,0,0,0,0,0
-66.376,143.4064,1,2017045,0,0,0,0,0,0,0,0,0,0,0
-66.376,143.4064,1,2017046,0,0,0,0,0,0,0,0,0,0,0
-66.376,143.4064,1,2017047,0,0,0,0,0,0,0,0,0,0,0
-66.376,143.4064,1,2017048,0,0,0,0,0,0,0,0,0,0,0
-66.376,143.4064,1,2017049,0,0,0,0,0,0,0,0,0,0,0
-66.376,143.4064,1,2017050,0,0,0,0,0,0,0,0,0,0,0
-66.376,143.4064,1,2017051,0,0,0,0,0,0,0,0,0,0,0
-66.376,143.4064,1,2017052,0,0,0,0,0,0,0,0,0,0,0
-66.376,143.4064,1,2017053,0,0,0,0,0,0,0,0,0,0,0
-66.376,143.4064,0,2017054,0,0,0,0,0,0,0,0,0,0,0
-66.376,143.4064,1,2017055,0,0,0,0,0,0,0,0,0,0,0
-66.376,143.4064,1,2017056,0,0,0,0,0,0,0,0,0,0,0
-66.376,143.4064,1,2017057,0,0,0,0,0,0,0,0,0,0,0
-66.376,143.4064,1,2017058,0,0,0,0,0,0,0,0,0,0,0
-66.376,143.4064,1,2017059,0,0,0,0,0,0,0,0,0,0,0
-66.376,143.4064,1,2017060,0,0,0,0,0,0,0,0,0,0,0
-66.376,143.4064,1,2017061,0,0,0,0,0,0,0,0,0,0,0
-66.376,143.4064,1,2017062,0,0,0,0,0,0,0,0,0,0,0
-66.376,143.4064,1,2017063,0,0,0,0,0,0,0,0,0,0,0
-66.376,143.4064,1,2017064,0,0,0,0,0,0,0,0,0,0,0
-66.376,143.4064,1,2017065,0,0,0,0,0,0,0,0,0,0,0
-66.376,143.4064,0,2017066,0,0,0,0,0,0,0,0,0,0,0
-66.376,143.4064,1,2017067,0,0,0,0,0,0,0,0,0,0,0
-66.376,143.4064,1,2017068,0,0,0,0,0,0,0,0,0,0,0
-66.376,143.4064,1,2017069,0,0,0,0,0,0,0,0,0,0,0
-66.376,143.4064,1,2017070,0,0,0,0,0,0,0,0,0,0,0
-66.376,143.4064,1,2017071,0,0,0,0,0,0,0,0,0,0,0
-66.376,143.4064,1,2017072,0,0,0,0,0,0,0,0,0,0,0
-66.376,143.4064,1,2017073,0,0,0,0,0,0,0,0,0,0,0
-66.376,143.4064,1,2017074,0,0,0,0,0,0,0,0,0,0,0
-66.376,143.4064,1,2017075,0,0,0,0,0,0,0,0,0,0,0
-66.376,143.4064,1,2017076,0,0,0,0,0,0,0,0,0,0,0
-66.376,143.4064,1,2017077,0,0,0,0,0,0,0,0,0,0,0
-66.376,143.4064,1,2017078,0,0,0,0,0,0,0,0,0,0,0
-66.376,143.4064,1,2017079,0,0,0,0,0,0,0,0,0,0,0
-66.376,143.4064,1,2017080,0,0,0,0,0,0,0,0,0,0,0
-66.376,143.4064,1,2017081,0,0,0,0,0,0,0,0,0,0,0
-66.376,143.4064,1,2017082,0,0,0,0,0,0,0,0,0,0,0
-66.376,143.4064,1,2017083,0,0,0,0,0,0,0,0,0,0,0
-66.376,143.4064,1,2017084,0,0,0,0,0,0,0,0,0,0,0
-66.376,143.4064,1,2017085,0,0,0,0,0,0,0,0,0,0,0
-66.376,143.4064,0,2017086,0,0,0,0,0,0,0,0,0,0,0
-66.376,143.4064,1,2017087,0,0,0,0,0,0,0,0,0,0,0
-66.376,143.4064,1,2017088,0,0,0,0,0,0,0,0,0,0,0
-66.376,143.4064,1,2017089,0,0,0,0,0,0,0,0,0,0,0
-66.376,143.4064,1,2017090,0,0,0,0,0,0,0,0,0,0,0
-66.376,143.4064,1,2017091,0,0,0,0,0,0,0,0,0,0,0
-66.376,143.4064,1,2017092,0,0,0,0,0,0,0,0,0,0,0
-66.376,143.4064,1,2017093,0,0,0,0,0,0,0,0,0,0,0
-66.2937,143.4051,1,2017094,0,0,0,0,0,0,0,0,0,0,0
-66.2937,143.4051,1,2017095,0,0,0,0,0,0,0,0,0,0,0
-66.2937,143.4051,0,2017096,0,0,0,0,0,0,0,0,0,0,0
-66.2937,143.4051,1,2017097,0,0,0,0,0,0,0,0,0,0,0
-66.2937,143.4051,1,2017098,0,0,0,0,0,0,0,0,0,0,0
-66.2937,143.4051,1,2017099,0,0,0,0,0,0,0,0,0,0,0
-66.2937,143.4051,0,2017100,0,0,0,0,0,0,0,0,0,0,0
-66.2937,143.4051,1,2017101,0,0,0,0,0,0,0,0,0,0,0
-66.2937,143.4051,1,2017102,0,0,0,0,0,0,0,0,0,0,0
-66.2937,143.4051,1,2017103,0,0,0,0,0,0,0,0,0,0,0
-66.2937,143.4051,1,2017104,0,0,0,0,0,0,0,0,0,0,0
-66.2937,143.4051,1,2017105,0,0,0,0,0,0,0,0,0,0,0
-66.2937,143.4051,1,2017106,0,0,0,0,0,0,0,0,0,0,0
-66.2937,143.4051,0,2017107,0,0,0,0,0,0,0,0,0,0,0
-66.2937,143.4051,1,2017108,0,0,0,0,0,0,0,0,0,0,0
-66.2937,143.4051,1,2017109,0,0,0,0,0,0,0,0,0,0,0
-66.2937,143.4051,1,2017110,0,0,0,0,0,0,0,0,0,0,0
-66.2554,143.2774,0,2017111,0,0,0,0,0,0,0,0,0,0,0
-66.2171,143.1497,1,2017112,0,0,0,0,0,0,0,0,0,0,0
-66.2171,143.1497,1,2017113,0,0,0,0,0,0,0,0,0,0,0
-66.2171,143.1497,1,2017114,0,0,0,0,0,0,0,0,0,0,0
-66.2171,143.1497,1,2017115,0,0,0,0,0,0,0,0,0,0,0
-66.2171,143.1497,0,2017116,0,0,0,0,0,0,0,0,0,0,0
-66.2171,143.1497,1,2017117,0,0,0,0,0,0,0,0,0,0,0
-66.2171,143.1497,1,2017118,0,0,0,0,0,0,0,0,0,0,0
-66.2171,143.1497,1,2017119,0,0,0,0,0,0,0,0,0,0,0
-66.2171,143.1497,1,2017120,0,0,0,0,0,0,0,0,0,0,0
-66.2171,143.1497,1,2017121,0,0,0,0,0,0,0,0,0,0,0
-66.2171,143.1497,0,2017122,0,0,0,0,0,0,0,0,0,0,0
-66.2171,143.1497,1,2017123,0,0,0,0,0,0,0,0,0,0,0
-66.2171,143.1497,1,2017124,0,0,0,0,0,0,0,0,0,0,0
-66.2171,143.1497,1,2017125,0,0,0,0,0,0,0,0,0,0,0
-66.2171,143.1497,1,2017126,0,0,0,0,0,0,0,0,0,0,0
-66.2171,143.1497,1,2017127,0,0,0,0,0,0,0,0,0,0,0
-66.2171,143.1497,0,2017128,0,0,0,0,0,0,0,0,0,0,0
-66.2171,143.1497,1,2017129,0,0,0,0,0,0,0,0,0,0,0
-66.2171,143.1497,1,2017130,0,0,0,0,0,0,0,0,0,0,0
-66.2171,143.1497,1,2017131,0,0,0,0,0,0,0,0,0,0,0
-66.2171,143.1497,0,2017132,0,0,0,0,0,0,0,0,0,0,0
-66.2171,143.1497,1,2017133,0,0,0,0,0,0,0,0,0,0,0
-66.2171,143.1497,1,2017134,0,0,0,0,0,0,0,0,0,0,0
-66.2171,143.1497,1,2017135,0,0,0,0,0,0,0,0,0,0,0
-66.2171,143.1497,1,2017136,0,0,0,0,0,0,0,0,0,0,0
-66.2171,143.1497,1,2017137,0,0,0,0,0,0,0,0,0,0,0
-66.2171,143.1497,0,2017138,0,0,0,0,0,0,0,0,0,0,0
-66.2171,143.1497,1,2017139,0,0,0,0,0,0,0,0,0,0,0
-66.1925,143.1501,0,2017140,0,0,0,0,0,0,0,0,0,0,0
-66.1679,143.1504,1,2017141,0,0,0,0,0,0,0,0,0,0,0
-66.1679,143.1504,1,2017142,0,0,0,0,0,0,0,0,0,0,0
-66.1679,143.1504,1,2017143,0,0,0,0,0,0,0,0,0,0,0
-66.1679,143.1504,1,2017144,0,0,0,0,0,0,0,0,0,0,0
-66.1679,143.1504,1,2017145,0,0,0,0,0,0,0,0,0,0,0
-66.1679,143.1504,0,2017146,0,0,0,0,0,0,0,0,0,0,0
-66.1679,143.1504,1,2017147,0,0,0,0,0,0,0,0,0,0,0
-66.1679,143.1504,1,2017148,0,0,0,0,0,0,0,0,0,0,0
-66.1679,143.1504,1,2017149,0,0,0,0,0,0,0,0,0,0,0
-66.1679,143.1504,1,2017150,0,0,0,0,0,0,0,0,0,0,0
-66.1679,143.1504,1,2017151,0,0,0,0,0,0,0,0,0,0,0
