ascat_1,ascat_2,ascat_3,date,nic_1,nic_2,nic_3,oscat_1,oscat_2,oscat_3,qscat_1,qscat_2,qscat_3,size_1,size_2
0,0,0,2005072,-64.83,96.17,1,0,0,0,0,0,0,20,3
0,0,0,2005219,-64.83,96.17,1,0,0,0,0,0,0,20,3
0,0,0,2005233,-64.83,96.17,1,0,0,0,0,0,0,20,3
0,0,0,2005234,-64.83,96.17,0,0,0,0,0,0,0,0,0
0,0,0,2005235,-64.83,96.17,0,0,0,0,0,0,0,0,0
0,0,0,2005236,-64.83,96.17,0,0,0,0,0,0,0,0,0
0,0,0,2005237,-64.83,96.17,0,0,0,0,0,0,0,0,0
0,0,0,2005238,-64.83,96.17,0,0,0,0,0,0,0,0,0
0,0,0,2005239,-64.83,96.17,0,0,0,0,0,0,0,0,0
0,0,0,2005240,-64.83,96.17,1,0,0,0,0,0,0,20,3
0,0,0,2005261,-64.83,96.17,1,0,0,0,0,0,0,20,3
0,0,0,2005262,-64.83,96.17,0,0,0,0,0,0,0,0,0
0,0,0,2005263,-64.83,96.17,0,0,0,0,0,0,0,0,0
0,0,0,2005264,-64.83,96.17,0,0,0,0,0,0,0,0,0
0,0,0,2005265,-64.83,96.17,0,0,0,0,0,0,0,0,0
0,0,0,2005266,-64.83,96.17,0,0,0,0,0,0,0,0,0
0,0,0,2005267,-64.83,96.17,0,0,0,0,0,0,0,0,0
0,0,0,2005268,-64.83,96.17,1,0,0,0,0,0,0,20,3
0,0,0,2005282,-64.83,96.17,1,0,0,0,0,0,0,20,3
0,0,0,2005283,-64.83,96.17,0,0,0,0,0,0,0,0,0
0,0,0,2005284,-64.83,96.17,0,0,0,0,0,0,0,0,0
0,0,0,2005285,-64.83,96.17,0,0,0,0,0,0,0,0,0
0,0,0,2005286,-64.83,96.17,0,0,0,0,0,0,0,0,0
0,0,0,2005287,-64.83,96.17,0,0,0,0,0,0,0,0,0
0,0,0,2005288,-64.83,96.17,0,0,0,0,0,0,0,0,0
0,0,0,2005289,-64.83,96.17,1,0,0,0,0,0,0,20,3
0,0,0,2005290,-64.83,96.17,0,0,0,0,0,0,0,0,0
0,0,0,2005291,-64.83,96.17,0,0,0,0,0,0,0,0,0
0,0,0,2005292,-64.83,96.17,0,0,0,0,0,0,0,0,0
0,0,0,2005293,-64.83,96.17,0,0,0,0,0,0,0,0,0
0,0,0,2005294,-64.83,96.17,0,0,0,0,0,0,0,0,0
0,0,0,2005295,-64.83,96.17,0,0,0,0,0,0,0,0,0
0,0,0,2005296,-64.83,96.17,1,0,0,0,0,0,0,20,3
0,0,0,2005310,-64.83,96.17,1,0,0,0,0,0,0,20,3
0,0,0,2005311,-64.83,96.17,0,0,0,0,0,0,0,0,0
0,0,0,2005312,-64.83,96.17,0,0,0,0,0,0,0,0,0
0,0,0,2005313,-64.83,96.17,0,0,0,0,0,0,0,0,0
0,0,0,2005314,-64.83,96.17,0,0,0,0,0,0,0,0,0
0,0,0,2005315,-64.83,96.17,0,0,0,0,0,0,0,0,0
0,0,0,2005316,-64.83,96.17,0,0,0,0,0,0,0,0,0
0,0,0,2005317,-64.83,96.17,1,0,0,0,0,0,0,20,3
0,0,0,2005338,-64.83,96.17,1,0,0,0,0,0,0,20,3
0,0,0,2005339,-64.83,96.17,0,0,0,0,0,0,0,0,0
0,0,0,2005340,-64.83,96.17,0,0,0,0,0,0,0,0,0
0,0,0,2005341,-64.83,96.17,0,0,0,0,0,0,0,0,0
0,0,0,2005342,-64.83,96.17,0,0,0,0,0,0,0,0,0
0,0,0,2005343,-64.83,96.17,0,0,0,0,0,0,0,0,0
0,0,0,2005344,-64.83,96.17,0,0,0,0,0,0,0,0,0
0,0,0,2005345,-64.83,96.17,1,0,0,0,0,0,0,20,3
0,0,0,2005346,-64.83,96.17,0,0,0,0,0,0,0,0,0
0,0,0,2005347,-64.83,96.17,0,0,0,0,0,0,0,0,0
0,0,0,2005348,-64.83,96.17,0,0,0,0,0,0,0,0,0
0,0,0,2005349,-64.83,96.17,0,0,0,0,0,0,0,0,0
0,0,0,2005350,-64.83,96.17,0,0,0,0,0,0,0,0,0
0,0,0,2005351,-64.83,96.17,0,0,0,0,0,0,0,0,0
0,0,0,2005352,-64.83,96.17,1,0,0,0,0,0,0,20,3
0,0,0,2006015,-64.83,96.18,1,0,0,0,0,0,0,20,3
0,0,0,2006016,-64.83,96.18,0,0,0,0,0,0,0,0,0
0,0,0,2006017,-64.83,96.18,0,0,0,0,0,0,0,0,0
0,0,0,2006018,-64.83,96.18,0,0,0,0,0,0,0,0,0
0,0,0,2006019,-64.83,96.18,0,0,0,0,0,0,0,0,0
0,0,0,2006020,-64.83,96.18,0,0,0,0,0,0,0,0,0
0,0,0,2006021,-64.83,96.18,0,0,0,0,0,0,0,0,0
0,0,0,2006022,-64.83,96.18,1,0,0,0,0,0,0,20,3
0,0,0,2006036,-64.83,96.18,1,0,0,0,0,0,0,20,3
0,0,0,2006037,-64.8294,96.1811,0,0,0,0,0,0,0,0,0
0,0,0,2006038,-64.828,96.184,0,0,0,0,0,0,0,0,0
0,0,0,2006039,-64.8261,96.1879,0,0,0,0,0,0,0,0,0
0,0,0,2006040,-64.8239,96.1921,0,0,0,0,0,0,0,0,0
0,0,0,2006041,-64.822,96.196,0,0,0,0,0,0,0,0,0
0,0,0,2006042,-64.8206,96.1989,0,0,0,0,0,0,0,0,0
0,0,0,2006043,-64.82,96.2,1,0,0,0,0,0,0,20,3
0,0,0,2006044,-64.82,96.2,0,0,0,0,0,0,0,0,0
0,0,0,2006045,-64.82,96.2,0,0,0,0,0,0,0,0,0
0,0,0,2006046,-64.82,96.2,0,0,0,0,0,0,0,0,0
0,0,0,2006047,-64.82,96.2,0,0,0,0,0,0,0,0,0
0,0,0,2006048,-64.82,96.2,0,0,0,0,0,0,0,0,0
0,0,0,2006049,-64.82,96.2,0,0,0,0,0,0,0,0,0
0,0,0,2006050,-64.82,96.2,1,0,0,0,0,0,0,20,3
0,0,0,2006064,-64.82,96.2,1,0,0,0,0,0,0,20,3
0,0,0,2006065,-64.82,96.2,0,0,0,0,0,0,0,0,0
0,0,0,2006066,-64.82,96.2,0,0,0,0,0,0,0,0,0
0,0,0,2006067,-64.82,96.2,0,0,0,0,0,0,0,0,0
0,0,0,2006068,-64.82,96.2,0,0,0,0,0,0,0,0,0
0,0,0,2006069,-64.82,96.2,0,0,0,0,0,0,0,0,0
0,0,0,2006070,-64.82,96.2,0,0,0,0,0,0,0,0,0
0,0,0,2006071,-64.82,96.2,1,0,0,0,0,0,0,20,3
0,0,0,2006072,-64.82,96.2,0,0,0,0,0,0,0,0,0
0,0,0,2006073,-64.82,96.2,0,0,0,0,0,0,0,0,0
0,0,0,2006074,-64.82,96.2,0,0,0,0,0,0,0,0,0
0,0,0,2006075,-64.82,96.2,0,0,0,0,0,0,0,0,0
0,0,0,2006076,-64.82,96.2,0,0,0,0,0,0,0,0,0
0,0,0,2006077,-64.82,96.2,0,0,0,0,0,0,0,0,0
0,0,0,2006078,-64.82,96.2,1,0,0,0,0,0,0,20,3
0,0,0,2006079,-64.82,96.2,0,0,0,0,0,0,0,0,0
0,0,0,2006080,-64.82,96.2,0,0,0,0,-63.7979,95.7441,1,0,0
0,0,0,2006081,-64.82,96.2,0,0,0,0,-64.1675,95.9329,1,0,0
0,0,0,2006082,-64.82,96.2,0,0,0,0,-64.3215,95.989,1,0,0
0,0,0,2006083,-64.82,96.2,0,0,0,0,-64.3215,95.989,1,0,0
0,0,0,2006084,-64.82,96.2,0,0,0,0,-64.3215,95.989,1,0,0
0,0,0,2006085,-64.82,96.2,1,0,0,0,-64.3215,95.989,1,20,3
0,0,0,2006086,0,0,0,0,0,0,-64.3215,95.989,1,0,0
0,0,0,2006087,0,0,0,0,0,0,-64.4304,95.9174,1,0,0
0,0,0,2006088,0,0,0,0,0,0,-64.4663,95.6934,1,0,0
0,0,0,2006089,0,0,0,0,0,0,-64.4663,95.6934,1,0,0
0,0,0,2006090,0,0,0,0,0,0,-64.4663,95.6934,1,0,0
0,0,0,2006091,0,0,0,0,0,0,-64.4663,95.6934,1,0,0
0,0,0,2006092,0,0,0,0,0,0,-64.4663,95.6934,1,0,0
0,0,0,2006093,0,0,0,0,0,0,-64.8484,96.3548,1,0,0
0,0,0,2006094,0,0,0,0,0,0,-64.8484,96.3548,1,0,0
0,0,0,2006095,0,0,0,0,0,0,-64.8484,96.3548,1,0,0
0,0,0,2006096,0,0,0,0,0,0,-64.8484,96.3548,1,0,0
0,0,0,2006097,0,0,0,0,0,0,-64.8484,96.3548,1,0,0
0,0,0,2006098,0,0,0,0,0,0,-64.8484,96.3548,1,0,0
0,0,0,2006099,-64.82,96.2,1,0,0,0,-64.8484,96.3548,1,20,3
0,0,0,2006100,0,0,0,0,0,0,-64.8484,96.3548,1,0,0
0,0,0,2006101,0,0,0,0,0,0,-64.8484,96.3548,1,0,0
0,0,0,2006102,0,0,0,0,0,0,-64.8484,96.3548,1,0,0
0,0,0,2006103,0,0,0,0,0,0,-64.7847,96.3835,0,0,0
0,0,0,2006104,0,0,0,0,0,0,-64.7209,96.4121,1,0,0
0,0,0,2006105,0,0,0,0,0,0,-64.7209,96.4121,1,0,0
0,0,0,2006106,0,0,0,0,0,0,-64.7209,96.4121,1,0,0
0,0,0,2006107,0,0,0,0,0,0,-64.7209,96.4121,1,0,0
0,0,0,2006108,0,0,0,0,0,0,-64.7209,96.4121,1,0,0
0,0,0,2006109,0,0,0,0,0,0,-64.7883,96.4494,1,0,0
0,0,0,2006110,0,0,0,0,0,0,-64.7883,96.4494,1,0,0
0,0,0,2006111,0,0,0,0,0,0,-64.7883,96.4494,1,0,0
0,0,0,2006112,0,0,0,0,0,0,-64.7883,96.4494,1,0,0
0,0,0,2006113,0,0,0,0,0,0,-64.7883,96.4494,1,0,0
0,0,0,2006114,0,0,0,0,0,0,-64.7883,96.4494,1,0,0
0,0,0,2006115,0,0,0,0,0,0,-64.7883,96.4494,1,0,0
0,0,0,2006116,0,0,0,0,0,0,-64.7883,96.4494,1,0,0
0,0,0,2006117,0,0,0,0,0,0,-64.7883,96.4494,1,0,0
0,0,0,2006118,0,0,0,0,0,0,-64.7883,96.4494,1,0,0
0,0,0,2006119,0,0,0,0,0,0,-64.7883,96.4494,1,0,0
0,0,0,2006120,-64.82,96.2,1,0,0,0,-64.7883,96.4494,1,20,3
0,0,0,2006121,-64.82,96.2,0,0,0,0,-64.7883,96.4494,1,0,0
0,0,0,2006122,-64.82,96.2,0,0,0,0,-64.7883,96.4494,1,0,0
0,0,0,2006123,-64.82,96.2,0,0,0,0,-64.7883,96.4494,1,0,0
0,0,0,2006124,-64.82,96.2,0,0,0,0,-64.7883,96.4494,1,0,0
0,0,0,2006125,-64.82,96.2,0,0,0,0,-64.7883,96.4494,1,0,0
0,0,0,2006126,-64.82,96.2,0,0,0,0,-64.7883,96.4494,1,0,0
0,0,0,2006127,-64.82,96.2,1,0,0,0,-64.7883,96.4494,1,20,3
0,0,0,2006128,-64.82,96.2,0,0,0,0,-64.7883,96.4494,1,0,0
0,0,0,2006129,-64.82,96.2,0,0,0,0,-64.7883,96.4494,1,0,0
0,0,0,2006130,-64.82,96.2,0,0,0,0,-64.7883,96.4494,0,0,0
0,0,0,2006131,-64.82,96.2,0,0,0,0,-64.7883,96.4494,1,0,0
0,0,0,2006132,-64.82,96.2,0,0,0,0,-64.7883,96.4494,1,0,0
0,0,0,2006133,-64.82,96.2,0,0,0,0,-64.7883,96.4494,1,0,0
0,0,0,2006134,-64.82,96.2,1,0,0,0,-64.7883,96.4494,1,20,3
0,0,0,2006135,-64.82,96.2,0,0,0,0,-64.7883,96.4494,1,0,0
0,0,0,2006136,-64.82,96.2,0,0,0,0,-64.7883,96.4494,1,0,0
0,0,0,2006137,-64.82,96.2,0,0,0,0,-64.7883,96.4494,1,0,0
0,0,0,2006138,-64.82,96.2,0,0,0,0,-64.7883,96.4494,0,0,0
0,0,0,2006139,-64.82,96.2,0,0,0,0,-64.7883,96.4494,1,0,0
0,0,0,2006140,-64.82,96.2,0,0,0,0,-64.7883,96.4494,1,0,0
0,0,0,2006141,-64.82,96.2,1,0,0,0,-64.7883,96.4494,1,20,3
0,0,0,2006142,0,0,0,0,0,0,-64.7883,96.4494,1,0,0
0,0,0,2006143,0,0,0,0,0,0,-64.7883,96.4494,1,0,0
0,0,0,2006144,0,0,0,0,0,0,-64.7883,96.4494,1,0,0
0,0,0,2006145,0,0,0,0,0,0,-64.7883,96.4494,1,0,0
0,0,0,2006146,0,0,0,0,0,0,-64.7883,96.4494,1,0,0
0,0,0,2006147,0,0,0,0,0,0,-64.7883,96.4494,1,0,0
0,0,0,2006148,0,0,0,0,0,0,-64.7883,96.4494,1,0,0
0,0,0,2006149,0,0,0,0,0,0,-64.7883,96.4494,1,0,0
0,0,0,2006150,0,0,0,0,0,0,-64.7883,96.4494,1,0,0
0,0,0,2006151,0,0,0,0,0,0,-64.7883,96.4494,1,0,0
0,0,0,2006152,0,0,0,0,0,0,-64.7883,96.4494,1,0,0
0,0,0,2006153,0,0,0,0,0,0,-64.7883,96.4494,1,0,0
0,0,0,2006154,0,0,0,0,0,0,-64.7883,96.4494,1,0,0
0,0,0,2006155,-64.82,96.2,1,0,0,0,-64.7883,96.4494,1,20,3
0,0,0,2006156,0,0,0,0,0,0,-64.7883,96.4494,1,0,0
0,0,0,2006157,0,0,0,0,0,0,-64.7883,96.4494,1,0,0
0,0,0,2006158,0,0,0,0,0,0,-64.7883,96.4494,1,0,0
0,0,0,2006159,0,0,0,0,0,0,-64.7883,96.4494,1,0,0
0,0,0,2006160,0,0,0,0,0,0,-64.7883,96.4494,1,0,0
0,0,0,2006161,0,0,0,0,0,0,-64.7883,96.4494,1,0,0
0,0,0,2006162,0,0,0,0,0,0,-64.7883,96.4494,1,0,0
0,0,0,2006163,0,0,0,0,0,0,-64.7883,96.4494,1,0,0
0,0,0,2006164,0,0,0,0,0,0,-64.7883,96.4494,1,0,0
0,0,0,2006165,0,0,0,0,0,0,-64.7883,96.4494,1,0,0
0,0,0,2006166,0,0,0,0,0,0,-64.7883,96.4494,1,0,0
0,0,0,2006167,0,0,0,0,0,0,-64.7883,96.4494,1,0,0
0,0,0,2006168,0,0,0,0,0,0,-64.7883,96.4494,1,0,0
0,0,0,2006169,0,0,0,0,0,0,-64.7883,96.4494,1,0,0
0,0,0,2006170,0,0,0,0,0,0,-64.7883,96.4494,1,0,0
0,0,0,2006171,0,0,0,0,0,0,-64.7883,96.4494,1,0,0
0,0,0,2006172,0,0,0,0,0,0,-64.7883,96.4494,1,0,0
0,0,0,2006173,0,0,0,0,0,0,-64.7883,96.4494,1,0,0
0,0,0,2006174,0,0,0,0,0,0,-64.7883,96.4494,1,0,0
0,0,0,2006175,0,0,0,0,0,0,-64.7883,96.4494,1,0,0
0,0,0,2006176,0,0,0,0,0,0,-64.7883,96.4494,1,0,0
0,0,0,2006177,0,0,0,0,0,0,-64.7883,96.4494,0,0,0
0,0,0,2006178,0,0,0,0,0,0,-64.7883,96.4494,1,0,0
0,0,0,2006179,0,0,0,0,0,0,-64.7883,96.4494,1,0,0
0,0,0,2006180,0,0,0,0,0,0,-64.7883,96.4494,1,0,0
0,0,0,2006181,0,0,0,0,0,0,-64.7883,96.4494,1,0,0
0,0,0,2006182,0,0,0,0,0,0,-64.7883,96.4494,1,0,0
0,0,0,2006183,-64.82,96.2,1,0,0,0,-64.7883,96.4494,1,20,3
0,0,0,2006184,0,0,0,0,0,0,-64.7883,96.4494,1,0,0
0,0,0,2006185,0,0,0,0,0,0,-64.7883,96.4494,1,0,0
0,0,0,2006186,0,0,0,0,0,0,-64.7883,96.4494,1,0,0
0,0,0,2006187,0,0,0,0,0,0,-64.7883,96.4494,1,0,0
0,0,0,2006188,0,0,0,0,0,0,-64.7883,96.4494,1,0,0
0,0,0,2006189,0,0,0,0,0,0,-64.7883,96.4494,1,0,0
0,0,0,2006190,0,0,0,0,0,0,-64.7883,96.4494,1,0,0
0,0,0,2006191,0,0,0,0,0,0,-64.7883,96.4494,1,0,0
0,0,0,2006192,0,0,0,0,0,0,-64.7883,96.4494,1,0,0
0,0,0,2006193,0,0,0,0,0,0,-64.7883,96.4494,1,0,0
0,0,0,2006194,0,0,0,0,0,0,-64.7883,96.4494,1,0,0
0,0,0,2006195,0,0,0,0,0,0,-64.7883,96.4494,1,0,0
0,0,0,2006196,0,0,0,0,0,0,-64.7883,96.4494,1,0,0
0,0,0,2006197,0,0,0,0,0,0,-64.7883,96.4494,0,0,0
0,0,0,2006198,0,0,0,0,0,0,-64.7883,96.4494,0,0,0
0,0,0,2006199,0,0,0,0,0,0,-64.7883,96.4494,1,0,0
0,0,0,2006200,0,0,0,0,0,0,-64.7883,96.4494,1,0,0
0,0,0,2006201,0,0,0,0,0,0,-64.7883,96.4494,1,0,0
0,0,0,2006202,0,0,0,0,0,0,-64.7883,96.4494,1,0,0
0,0,0,2006203,0,0,0,0,0,0,-64.7883,96.4494,1,0,0
0,0,0,2006204,-64.82,96.2,1,0,0,0,-64.7883,96.4494,0,20,3
0,0,0,2006205,-64.82,96.2,0,0,0,0,-64.7883,96.4494,0,0,0
0,0,0,2006206,-64.82,96.2,0,0,0,0,-64.7883,96.4494,0,0,0
0,0,0,2006207,-64.82,96.2,0,0,0,0,-64.7883,96.4494,0,0,0
0,0,0,2006208,-64.82,96.2,0,0,0,0,-64.7883,96.4494,0,0,0
0,0,0,2006209,-64.82,96.2,0,0,0,0,-64.7883,96.4494,0,0,0
0,0,0,2006210,-64.82,96.2,0,0,0,0,-64.7883,96.4494,0,0,0
0,0,0,2006211,-64.82,96.2,1,0,0,0,-64.7883,96.4494,1,20,3
0,0,0,2006212,0,0,0,0,0,0,-64.7883,96.4494,1,0,0
0,0,0,2006213,0,0,0,0,0,0,-64.7883,96.4494,1,0,0
0,0,0,2006214,0,0,0,0,0,0,-64.7883,96.4494,1,0,0
0,0,0,2006215,0,0,0,0,0,0,-64.7883,96.4494,1,0,0
0,0,0,2006216,0,0,0,0,0,0,-64.7883,96.4494,1,0,0
0,0,0,2006217,0,0,0,0,0,0,-64.7883,96.4494,1,0,0
0,0,0,2006218,0,0,0,0,0,0,-64.7883,96.4494,1,0,0
0,0,0,2006219,0,0,0,0,0,0,-64.7883,96.4494,1,0,0
0,0,0,2006220,0,0,0,0,0,0,-64.7883,96.4494,1,0,0
0,0,0,2006221,0,0,0,0,0,0,-64.7883,96.4494,1,0,0
0,0,0,2006222,0,0,0,0,0,0,-64.7883,96.4494,1,0,0
0,0,0,2006223,0,0,0,0,0,0,-64.7883,96.4494,1,0,0
0,0,0,2006224,0,0,0,0,0,0,-64.7883,96.4494,1,0,0
0,0,0,2006225,-64.82,96.2,1,0,0,0,-64.7883,96.4494,1,20,3
0,0,0,2006226,0,0,0,0,0,0,-64.7883,96.4494,1,0,0
0,0,0,2006227,0,0,0,0,0,0,-64.7883,96.4494,1,0,0
0,0,0,2006228,0,0,0,0,0,0,-64.7883,96.4494,1,0,0
0,0,0,2006229,0,0,0,0,0,0,-64.7883,96.4494,1,0,0
0,0,0,2006230,0,0,0,0,0,0,-64.7883,96.4494,1,0,0
0,0,0,2006231,0,0,0,0,0,0,-64.7883,96.4494,1,0,0
0,0,0,2006232,0,0,0,0,0,0,-64.7883,96.4494,1,0,0
0,0,0,2006233,0,0,0,0,0,0,-64.7883,96.4494,1,0,0
0,0,0,2006234,0,0,0,0,0,0,-64.7883,96.4494,1,0,0
0,0,0,2006235,0,0,0,0,0,0,-64.7883,96.4494,1,0,0
0,0,0,2006236,0,0,0,0,0,0,-64.7883,96.4494,1,0,0
0,0,0,2006237,0,0,0,0,0,0,-64.7883,96.4494,1,0,0
0,0,0,2006238,0,0,0,0,0,0,-64.7883,96.4494,1,0,0
0,0,0,2006239,0,0,0,0,0,0,-64.7883,96.4494,1,0,0
0,0,0,2006240,0,0,0,0,0,0,-64.7883,96.4494,1,0,0
0,0,0,2006241,0,0,0,0,0,0,-64.7883,96.4494,1,0,0
0,0,0,2006242,0,0,0,0,0,0,-64.7883,96.4494,1,0,0
0,0,0,2006243,0,0,0,0,0,0,-64.7883,96.4494,1,0,0
0,0,0,2006244,0,0,0,0,0,0,-64.7883,96.4494,1,0,0
0,0,0,2006245,0,0,0,0,0,0,-64.7883,96.4494,1,0,0
0,0,0,2006246,-64.82,96.2,1,0,0,0,-64.7883,96.4494,1,20,3
0,0,0,2006247,0,0,0,0,0,0,-64.7883,96.4494,1,0,0
0,0,0,2006248,0,0,0,0,0,0,-64.7883,96.4494,1,0,0
0,0,0,2006249,0,0,0,0,0,0,-64.7883,96.4494,1,0,0
0,0,0,2006250,0,0,0,0,0,0,-64.7883,96.4494,1,0,0
0,0,0,2006251,0,0,0,0,0,0,-64.7883,96.4494,1,0,0
0,0,0,2006252,0,0,0,0,0,0,-64.7883,96.4494,1,0,0
0,0,0,2006253,0,0,0,0,0,0,-64.7883,96.4494,1,0,0
0,0,0,2006254,0,0,0,0,0,0,-64.7883,96.4494,1,0,0
0,0,0,2006255,0,0,0,0,0,0,-64.7883,96.4494,1,0,0
0,0,0,2006256,0,0,0,0,0,0,-64.7883,96.4494,1,0,0
0,0,0,2006257,0,0,0,0,0,0,-64.7883,96.4494,1,0,0
0,0,0,2006258,0,0,0,0,0,0,-64.7883,96.4494,1,0,0
0,0,0,2006259,0,0,0,0,0,0,-64.7883,96.4494,1,0,0
0,0,0,2006260,-64.82,96.2,1,0,0,0,-64.7883,96.4494,1,20,3
0,0,0,2006261,-64.82,96.2,0,0,0,0,-64.7883,96.4494,1,0,0
0,0,0,2006262,-64.82,96.2,0,0,0,0,-64.7883,96.4494,1,0,0
0,0,0,2006263,-64.82,96.2,0,0,0,0,-64.7883,96.4494,1,0,0
0,0,0,2006264,-64.82,96.2,0,0,0,0,-64.7883,96.4494,1,0,0
0,0,0,2006265,-64.82,96.2,0,0,0,0,-64.7883,96.4494,1,0,0
0,0,0,2006266,-64.82,96.2,0,0,0,0,-64.7883,96.4494,1,0,0
0,0,0,2006267,-64.82,96.2,1,0,0,0,-64.7883,96.4494,1,20,3
0,0,0,2006268,-64.82,96.2,0,0,0,0,-64.7883,96.4494,1,0,0
0,0,0,2006269,-64.82,96.2,0,0,0,0,-64.7883,96.4494,1,0,0
0,0,0,2006270,-64.82,96.2,0,0,0,0,-64.7883,96.4494,1,0,0
0,0,0,2006271,-64.82,96.2,0,0,0,0,-64.7883,96.4494,1,0,0
0,0,0,2006272,-64.82,96.2,0,0,0,0,-64.7883,96.4494,1,0,0
0,0,0,2006273,-64.82,96.2,0,0,0,0,-64.7883,96.4494,1,0,0
0,0,0,2006274,-64.82,96.2,1,0,0,0,-64.7883,96.4494,1,20,3
0,0,0,2006275,0,0,0,0,0,0,-64.7883,96.4494,1,0,0
0,0,0,2006276,0,0,0,0,0,0,-64.7883,96.4494,1,0,0
0,0,0,2006277,0,0,0,0,0,0,-64.7883,96.4494,1,0,0
0,0,0,2006278,0,0,0,0,0,0,-64.7883,96.4494,1,0,0
0,0,0,2006279,0,0,0,0,0,0,-64.7883,96.4494,1,0,0
0,0,0,2006280,0,0,0,0,0,0,-64.7883,96.4494,1,0,0
0,0,0,2006281,0,0,0,0,0,0,-64.7883,96.4494,1,0,0
0,0,0,2006282,0,0,0,0,0,0,-64.7883,96.4494,1,0,0
0,0,0,2006283,0,0,0,0,0,0,-64.7883,96.4494,1,0,0
0,0,0,2006284,0,0,0,0,0,0,-64.7883,96.4494,1,0,0
0,0,0,2006285,0,0,0,0,0,0,-64.7883,96.4494,1,0,0
0,0,0,2006286,0,0,0,0,0,0,-64.7883,96.4494,1,0,0
0,0,0,2006287,0,0,0,0,0,0,-64.7883,96.4494,1,0,0
0,0,0,2006288,-64.82,96.2,1,0,0,0,-64.7883,96.4494,1,20,3
0,0,0,2006289,-64.82,96.2,0,0,0,0,-64.7883,96.4494,1,0,0
0,0,0,2006290,-64.82,96.2,0,0,0,0,-64.7883,96.4494,1,0,0
0,0,0,2006291,-64.82,96.2,0,0,0,0,-64.7883,96.4494,1,0,0
0,0,0,2006292,-64.82,96.2,0,0,0,0,-64.7883,96.4494,1,0,0
0,0,0,2006293,-64.82,96.2,0,0,0,0,-64.7883,96.4494,1,0,0
0,0,0,2006294,-64.82,96.2,0,0,0,0,-64.7883,96.4494,1,0,0
0,0,0,2006295,-64.82,96.2,1,0,0,0,-64.7883,96.4494,1,20,3
0,0,0,2006296,-64.82,96.2,0,0,0,0,-64.7883,96.4494,1,0,0
0,0,0,2006297,-64.82,96.2,0,0,0,0,-64.7883,96.4494,1,0,0
0,0,0,2006298,-64.82,96.2,0,0,0,0,-64.7883,96.4494,1,0,0
0,0,0,2006299,-64.82,96.2,0,0,0,0,-64.7883,96.4494,1,0,0
0,0,0,2006300,-64.82,96.2,0,0,0,0,-64.7883,96.4494,1,0,0
0,0,0,2006301,-64.82,96.2,0,0,0,0,-64.7883,96.4494,1,0,0
0,0,0,2006302,-64.82,96.2,1,0,0,0,-64.7883,96.4494,1,20,3
0,0,0,2006303,0,0,0,0,0,0,-64.7883,96.4494,1,0,0
0,0,0,2006304,0,0,0,0,0,0,-64.7883,96.4494,1,0,0
0,0,0,2006305,0,0,0,0,0,0,-64.7883,96.4494,1,0,0
0,0,0,2006306,0,0,0,0,0,0,-64.7883,96.4494,1,0,0
0,0,0,2006307,0,0,0,0,0,0,-64.7883,96.4494,1,0,0
0,0,0,2006308,0,0,0,0,0,0,-64.7883,96.4494,1,0,0
0,0,0,2006309,0,0,0,0,0,0,-64.7883,96.4494,1,0,0
0,0,0,2006310,0,0,0,0,0,0,-64.7883,96.4494,1,0,0
0,0,0,2006311,0,0,0,0,0,0,-64.7883,96.4494,1,0,0
0,0,0,2006312,0,0,0,0,0,0,-64.7883,96.4494,1,0,0
0,0,0,2006313,0,0,0,0,0,0,-64.7883,96.4494,1,0,0
0,0,0,2006314,0,0,0,0,0,0,-64.7883,96.4494,1,0,0
0,0,0,2006315,0,0,0,0,0,0,-64.7883,96.4494,1,0,0
0,0,0,2006316,-64.82,96.2,1,0,0,0,-64.7883,96.4494,1,20,3
0,0,0,2006317,0,0,0,0,0,0,-64.7883,96.4494,0,0,0
0,0,0,2006318,0,0,0,0,0,0,-64.7883,96.4494,1,0,0
0,0,0,2006319,0,0,0,0,0,0,-64.7883,96.4494,1,0,0
0,0,0,2006320,0,0,0,0,0,0,-64.7883,96.4494,1,0,0
0,0,0,2006321,0,0,0,0,0,0,-64.7883,96.4494,1,0,0
0,0,0,2006322,0,0,0,0,0,0,-64.7883,96.4494,1,0,0
0,0,0,2006323,0,0,0,0,0,0,-64.7883,96.4494,1,0,0
0,0,0,2006324,0,0,0,0,0,0,-64.7883,96.4494,1,0,0
0,0,0,2006325,0,0,0,0,0,0,-64.7883,96.4494,1,0,0
0,0,0,2006326,0,0,0,0,0,0,-64.7883,96.4494,1,0,0
0,0,0,2006327,0,0,0,0,0,0,-64.7883,96.4494,1,0,0
0,0,0,2006328,0,0,0,0,0,0,-64.7883,96.4494,1,0,0
0,0,0,2006329,0,0,0,0,0,0,-64.7883,96.4494,1,0,0
0,0,0,2006330,-64.82,96.2,1,0,0,0,-64.7883,96.4494,1,20,3
0,0,0,2006331,0,0,0,0,0,0,-64.7883,96.4494,1,0,0
0,0,0,2006332,0,0,0,0,0,0,-64.7883,96.4494,1,0,0
0,0,0,2006333,0,0,0,0,0,0,-64.7883,96.4494,1,0,0
0,0,0,2006334,0,0,0,0,0,0,-64.7883,96.4494,1,0,0
0,0,0,2006335,0,0,0,0,0,0,-64.7883,96.4494,1,0,0
0,0,0,2006336,0,0,0,0,0,0,-64.7883,96.4494,1,0,0
0,0,0,2006337,0,0,0,0,0,0,-64.7883,96.4494,1,0,0
0,0,0,2006338,0,0,0,0,0,0,-64.7883,96.4494,1,0,0
0,0,0,2006339,0,0,0,0,0,0,-64.7883,96.4494,1,0,0
0,0,0,2006340,0,0,0,0,0,0,-64.7883,96.4494,1,0,0
0,0,0,2006341,0,0,0,0,0,0,-64.7883,96.4494,1,0,0
0,0,0,2006342,0,0,0,0,0,0,-64.7883,96.4494,1,0,0
0,0,0,2006343,0,0,0,0,0,0,-64.7883,96.4494,1,0,0
0,0,0,2006344,0,0,0,0,0,0,-64.7883,96.4494,1,0,0
0,0,0,2006345,0,0,0,0,0,0,-64.7883,96.4494,1,0,0
0,0,0,2006346,0,0,0,0,0,0,-64.7883,96.4494,1,0,0
0,0,0,2006347,0,0,0,0,0,0,-64.7883,96.4494,1,0,0
0,0,0,2006348,0,0,0,0,0,0,-64.7883,96.4494,1,0,0
0,0,0,2006349,0,0,0,0,0,0,-64.7883,96.4494,1,0,0
0,0,0,2006350,0,0,0,0,0,0,-64.7883,96.4494,1,0,0
0,0,0,2006351,-64.82,96.2,1,0,0,0,-64.7883,96.4494,1,20,3
0,0,0,2006352,0,0,0,0,0,0,-64.7883,96.4494,1,0,0
0,0,0,2006353,0,0,0,0,0,0,-64.7883,96.4494,1,0,0
0,0,0,2006354,0,0,0,0,0,0,-64.7883,96.4494,1,0,0
0,0,0,2006355,0,0,0,0,0,0,-64.7883,96.4494,1,0,0
0,0,0,2006356,0,0,0,0,0,0,-64.7883,96.4494,1,0,0
0,0,0,2006357,0,0,0,0,0,0,-64.7883,96.4494,1,0,0
0,0,0,2006358,0,0,0,0,0,0,-64.7883,96.4494,1,0,0
0,0,0,2007013,0,0,0,0,0,0,-64.7883,96.4494,1,0,0
0,0,0,2007014,-64.9,95.42,1,0,0,0,-64.7883,96.4494,1,20,3
0,0,0,2007015,-64.8982,95.4374,0,0,0,0,-64.7883,96.4494,1,0,0
0,0,0,2007016,-64.8933,95.4832,0,0,0,0,-64.7883,96.4494,1,0,0
0,0,0,2007017,-64.8865,95.5478,0,0,0,0,-64.7883,96.4494,1,0,0
0,0,0,2007018,-64.8788,95.6214,0,0,0,0,-64.7883,96.4494,1,0,0
0,0,0,2007019,-64.8711,95.6945,0,0,0,0,-64.7883,96.4494,1,0,0
0,0,0,2007020,-64.8645,95.7572,0,0,0,0,-64.7883,96.4494,1,0,0
0,0,0,2007021,-64.86,95.8,1,0,0,0,-64.7883,96.4494,1,20,3
0,0,0,2007022,0,0,0,0,0,0,-64.7883,96.4494,1,0,0
0,0,0,2007023,0,0,0,0,0,0,-64.7883,96.4494,1,0,0
0,0,0,2007024,0,0,0,0,0,0,-64.7883,96.4494,1,0,0
0,0,0,2007025,0,0,0,0,0,0,-64.7883,96.4494,1,0,0
0,0,0,2007026,0,0,0,0,0,0,-64.7883,96.4494,1,0,0
0,0,0,2007027,0,0,0,0,0,0,-64.7883,96.4494,1,0,0
0,0,0,2007028,0,0,0,0,0,0,-64.7883,96.4494,1,0,0
0,0,0,2007029,0,0,0,0,0,0,-64.7883,96.4494,1,0,0
0,0,0,2007030,0,0,0,0,0,0,-64.7883,96.4494,1,0,0
0,0,0,2007031,0,0,0,0,0,0,-64.7883,96.4494,1,0,0
0,0,0,2007032,0,0,0,0,0,0,-64.7883,96.4494,1,0,0
0,0,0,2007033,0,0,0,0,0,0,-64.7883,96.4494,1,0,0
0,0,0,2007034,0,0,0,0,0,0,-64.7883,96.4494,1,0,0
0,0,0,2007035,0,0,0,0,0,0,-64.7883,96.4494,1,0,0
0,0,0,2007036,0,0,0,0,0,0,-64.7883,96.4494,1,0,0
0,0,0,2007037,0,0,0,0,0,0,-64.7883,96.4494,1,0,0
0,0,0,2007038,0,0,0,0,0,0,-64.7883,96.4494,1,0,0
0,0,0,2007039,0,0,0,0,0,0,-64.7883,96.4494,1,0,0
0,0,0,2007040,0,0,0,0,0,0,-64.7883,96.4494,1,0,0
0,0,0,2007041,0,0,0,0,0,0,-64.7883,96.4494,1,0,0
0,0,0,2007042,-64.82,96.18,1,0,0,0,-64.7883,96.4494,1,20,3
0,0,0,2007043,0,0,0,0,0,0,-64.7883,96.4494,1,0,0
0,0,0,2007044,0,0,0,0,0,0,-64.7883,96.4494,1,0,0
0,0,0,2007045,0,0,0,0,0,0,-64.7883,96.4494,1,0,0
0,0,0,2007046,0,0,0,0,0,0,-64.7883,96.4494,1,0,0
0,0,0,2007047,0,0,0,0,0,0,-64.7883,96.4494,1,0,0
0,0,0,2007048,0,0,0,0,0,0,-64.7883,96.4494,1,0,0
0,0,0,2007049,0,0,0,0,0,0,-64.7883,96.4494,1,0,0
0,0,0,2007050,0,0,0,0,0,0,-64.7883,96.4494,1,0,0
0,0,0,2007051,0,0,0,0,0,0,-64.7883,96.4494,1,0,0
0,0,0,2007052,0,0,0,0,0,0,-64.7883,96.4494,1,0,0
0,0,0,2007053,0,0,0,0,0,0,-64.7883,96.4494,1,0,0
0,0,0,2007054,0,0,0,0,0,0,-64.7883,96.4494,1,0,0
0,0,0,2007055,0,0,0,0,0,0,-64.7883,96.4494,1,0,0
0,0,0,2007056,-64.82,96.18,1,0,0,0,-64.7883,96.4494,1,20,3
0,0,0,2007057,0,0,0,0,0,0,-64.7883,96.4494,1,0,0
0,0,0,2007058,0,0,0,0,0,0,-64.7883,96.4494,1,0,0
0,0,0,2007059,0,0,0,0,0,0,-64.7883,96.4494,1,0,0
0,0,0,2007060,0,0,0,0,0,0,-64.7883,96.4494,1,0,0
0,0,0,2007061,0,0,0,0,0,0,-64.7883,96.4494,1,0,0
0,0,0,2007062,0,0,0,0,0,0,-64.7883,96.4494,1,0,0
0,0,0,2007063,0,0,0,0,0,0,-64.7883,96.4494,1,0,0
0,0,0,2007064,0,0,0,0,0,0,-64.7883,96.4494,1,0,0
0,0,0,2007065,0,0,0,0,0,0,-64.7883,96.4494,1,0,0
0,0,0,2007066,0,0,0,0,0,0,-64.7883,96.4494,1,0,0
0,0,0,2007067,0,0,0,0,0,0,-64.7883,96.4494,1,0,0
0,0,0,2007068,0,0,0,0,0,0,-64.7883,96.4494,1,0,0
0,0,0,2007069,0,0,0,0,0,0,-64.7883,96.4494,1,0,0
0,0,0,2007070,-64.82,96.18,1,0,0,0,-64.7883,96.4494,1,20,3
0,0,0,2007071,0,0,0,0,0,0,-64.7883,96.4494,1,0,0
0,0,0,2007072,0,0,0,0,0,0,-64.7883,96.4494,1,0,0
0,0,0,2007073,0,0,0,0,0,0,-64.7883,96.4494,1,0,0
0,0,0,2007074,0,0,0,0,0,0,-64.7883,96.4494,1,0,0
0,0,0,2007075,0,0,0,0,0,0,-64.7883,96.4494,1,0,0
0,0,0,2007076,0,0,0,0,0,0,-64.7883,96.4494,1,0,0
0,0,0,2007077,0,0,0,0,0,0,-64.7883,96.4494,1,0,0
0,0,0,2007078,0,0,0,0,0,0,-64.7883,96.4494,1,0,0
0,0,0,2007079,0,0,0,0,0,0,-64.7883,96.4494,1,0,0
0,0,0,2007080,0,0,0,0,0,0,-64.7883,96.4494,1,0,0
0,0,0,2007081,0,0,0,0,0,0,-64.7883,96.4494,1,0,0
0,0,0,2007082,0,0,0,0,0,0,-64.7883,96.4494,1,0,0
0,0,0,2007083,0,0,0,0,0,0,-64.7883,96.4494,1,0,0
0,0,0,2007084,-64.82,96.18,1,0,0,0,-64.7883,96.4494,1,20,3
0,0,0,2007085,-64.82,96.18,0,0,0,0,-64.7883,96.4494,1,0,0
0,0,0,2007086,-64.82,96.18,0,0,0,0,-64.7883,96.4494,1,0,0
0,0,0,2007087,-64.82,96.18,0,0,0,0,-64.7883,96.4494,1,0,0
0,0,0,2007088,-64.82,96.18,0,0,0,0,-64.7883,96.4494,1,0,0
0,0,0,2007089,-64.82,96.18,0,0,0,0,-64.7883,96.4494,1,0,0
0,0,0,2007090,-64.82,96.18,0,0,0,0,-64.7883,96.4494,1,0,0
0,0,0,2007091,-64.82,96.18,1,0,0,0,-64.7883,96.4494,1,20,3
0,0,0,2007092,-64.82,96.18,0,0,0,0,-64.7883,96.4494,1,0,0
0,0,0,2007093,-64.82,96.18,0,0,0,0,-64.7883,96.4494,1,0,0
0,0,0,2007094,-64.82,96.18,0,0,0,0,-64.7883,96.4494,1,0,0
0,0,0,2007095,-64.82,96.18,0,0,0,0,-64.7883,96.4494,1,0,0
0,0,0,2007096,-64.82,96.18,0,0,0,0,-64.7883,96.4494,1,0,0
0,0,0,2007097,-64.82,96.18,0,0,0,0,-64.7883,96.4494,1,0,0
0,0,0,2007098,-64.82,96.18,1,0,0,0,-64.7883,96.4494,1,20,3
0,0,0,2007099,0,0,0,0,0,0,-64.7883,96.4494,1,0,0
0,0,0,2007100,0,0,0,0,0,0,-64.7883,96.4494,1,0,0
0,0,0,2007101,0,0,0,0,0,0,-64.7883,96.4494,1,0,0
0,0,0,2007102,0,0,0,0,0,0,-64.7883,96.4494,1,0,0
0,0,0,2007103,0,0,0,0,0,0,-64.7883,96.4494,1,0,0
0,0,0,2007104,0,0,0,0,0,0,-64.7883,96.4494,1,0,0
0,0,0,2007105,0,0,0,0,0,0,-64.7883,96.4494,1,0,0
0,0,0,2007106,0,0,0,0,0,0,-64.7883,96.4494,1,0,0
0,0,0,2007107,0,0,0,0,0,0,-64.7883,96.4494,1,0,0
0,0,0,2007108,0,0,0,0,0,0,-64.7883,96.4494,1,0,0
0,0,0,2007109,0,0,0,0,0,0,-64.7883,96.4494,1,0,0
0,0,0,2007110,0,0,0,0,0,0,-64.7883,96.4494,1,0,0
0,0,0,2007111,0,0,0,0,0,0,-64.7883,96.4494,1,0,0
0,0,0,2007112,-64.82,96.18,1,0,0,0,-64.7883,96.4494,1,20,3
0,0,0,2007113,0,0,0,0,0,0,-64.7883,96.4494,1,0,0
0,0,0,2007114,0,0,0,0,0,0,-64.7883,96.4494,1,0,0
0,0,0,2007115,0,0,0,0,0,0,-64.7883,96.4494,1,0,0
0,0,0,2007116,0,0,0,0,0,0,-64.7883,96.4494,1,0,0
0,0,0,2007117,0,0,0,0,0,0,-64.7883,96.4494,1,0,0
0,0,0,2007118,0,0,0,0,0,0,-64.7883,96.4494,1,0,0
0,0,0,2007119,0,0,0,0,0,0,-64.7883,96.4494,1,0,0
0,0,0,2007120,0,0,0,0,0,0,-64.7883,96.4494,1,0,0
0,0,0,2007121,0,0,0,0,0,0,-64.7883,96.4494,1,0,0
0,0,0,2007122,0,0,0,0,0,0,-64.7883,96.4494,1,0,0
0,0,0,2007123,0,0,0,0,0,0,-64.7883,96.4494,1,0,0
0,0,0,2007124,0,0,0,0,0,0,-64.7883,96.4494,1,0,0
0,0,0,2007125,0,0,0,0,0,0,-64.7883,96.4494,1,0,0
0,0,0,2007126,-64.82,96.18,1,0,0,0,-64.7883,96.4494,1,20,3
0,0,0,2007127,-64.82,96.18,0,0,0,0,-64.7883,96.4494,1,0,0
0,0,0,2007128,-64.82,96.18,0,0,0,0,-64.7883,96.4494,1,0,0
0,0,0,2007129,-64.82,96.18,0,0,0,0,-64.7883,96.4494,1,0,0
0,0,0,2007130,-64.82,96.18,0,0,0,0,-64.7883,96.4494,1,0,0
0,0,0,2007131,-64.82,96.18,0,0,0,0,-64.7883,96.4494,1,0,0
0,0,0,2007132,-64.82,96.18,0,0,0,0,-64.7883,96.4494,1,0,0
0,0,0,2007133,-64.82,96.18,1,0,0,0,-64.7883,96.4494,1,20,3
0,0,0,2007134,-64.82,96.18,0,0,0,0,-64.7883,96.4494,1,0,0
0,0,0,2007135,-64.82,96.18,0,0,0,0,-64.7883,96.4494,1,0,0
0,0,0,2007136,-64.82,96.18,0,0,0,0,-64.7883,96.4494,1,0,0
0,0,0,2007137,-64.82,96.18,0,0,0,0,-64.7883,96.4494,1,0,0
0,0,0,2007138,-64.82,96.18,0,0,0,0,-64.7883,96.4494,1,0,0
0,0,0,2007139,-64.82,96.18,0,0,0,0,-64.7883,96.4494,1,0,0
0,0,0,2007140,-64.82,96.18,1,0,0,0,-64.7883,96.4494,1,20,3
0,0,0,2007141,-64.82,96.18,0,0,0,0,-64.7883,96.4494,1,0,0
0,0,0,2007142,-64.82,96.18,0,0,0,0,-64.7883,96.4494,1,0,0
0,0,0,2007143,-64.82,96.18,0,0,0,0,-64.7883,96.4494,1,0,0
0,0,0,2007144,-64.82,96.18,0,0,0,0,-64.7883,96.4494,1,0,0
0,0,0,2007145,-64.82,96.18,0,0,0,0,-64.7883,96.4494,1,0,0
0,0,0,2007146,-64.82,96.18,0,0,0,0,-64.7883,96.4494,1,0,0
0,0,0,2007147,-64.82,96.18,1,0,0,0,-64.7883,96.4494,1,20,3
0,0,0,2007148,-64.82,96.18,0,0,0,0,-64.7883,96.4494,1,0,0
0,0,0,2007149,-64.82,96.18,0,0,0,0,-64.7883,96.4494,1,0,0
0,0,0,2007150,-64.82,96.18,0,0,0,0,-64.7883,96.4494,1,0,0
0,0,0,2007151,-64.82,96.18,0,0,0,0,-64.7883,96.4494,1,0,0
0,0,0,2007152,-64.82,96.18,0,0,0,0,-64.7883,96.4494,1,0,0
0,0,0,2007153,-64.82,96.18,0,0,0,0,-64.7883,96.4494,0,0,0
0,0,0,2007154,-64.82,96.18,1,0,0,0,-64.7883,96.4494,1,20,3
0,0,0,2007155,-64.82,96.18,0,0,0,0,-64.7883,96.4494,1,0,0
0,0,0,2007156,-64.82,96.18,0,0,0,0,-64.7883,96.4494,1,0,0
0,0,0,2007157,-64.82,96.18,0,0,0,0,-64.7883,96.4494,1,0,0
0,0,0,2007158,-64.82,96.18,0,0,0,0,-64.7883,96.4494,1,0,0
0,0,0,2007159,-64.82,96.18,0,0,0,0,-64.7883,96.4494,1,0,0
0,0,0,2007160,-64.82,96.18,0,0,0,0,-64.7883,96.4494,1,0,0
0,0,0,2007161,-64.82,96.18,1,0,0,0,-64.7883,96.4494,1,20,3
0,0,0,2007162,0,0,0,0,0,0,-64.7883,96.4494,1,0,0
0,0,0,2007163,0,0,0,0,0,0,-64.7883,96.4494,1,0,0
0,0,0,2007164,0,0,0,0,0,0,-64.7883,96.4494,1,0,0
0,0,0,2007165,0,0,0,0,0,0,-64.7883,96.4494,1,0,0
0,0,0,2007166,0,0,0,0,0,0,-64.7883,96.4494,1,0,0
0,0,0,2007167,0,0,0,0,0,0,-64.7883,96.4494,1,0,0
0,0,0,2007168,0,0,0,0,0,0,-64.7883,96.4494,1,0,0
0,0,0,2007169,0,0,0,0,0,0,-64.7883,96.4494,1,0,0
0,0,0,2007170,0,0,0,0,0,0,-64.7883,96.4494,1,0,0
0,0,0,2007171,0,0,0,0,0,0,-64.7883,96.4494,1,0,0
0,0,0,2007172,0,0,0,0,0,0,-64.7883,96.4494,1,0,0
0,0,0,2007173,0,0,0,0,0,0,-64.7883,96.4494,1,0,0
0,0,0,2007174,0,0,0,0,0,0,-64.7883,96.4494,1,0,0
0,0,0,2007175,-64.82,96.18,1,0,0,0,-64.7883,96.4494,1,20,3
0,0,0,2007176,-64.82,96.18,0,0,0,0,-64.7883,96.4494,1,0,0
0,0,0,2007177,-64.82,96.18,0,0,0,0,-64.7883,96.4494,1,0,0
0,0,0,2007178,-64.82,96.18,0,0,0,0,-64.7883,96.4494,1,0,0
0,0,0,2007179,-64.82,96.18,0,0,0,0,-64.7883,96.4494,1,0,0
0,0,0,2007180,-64.82,96.18,0,0,0,0,-64.7883,96.4494,1,0,0
0,0,0,2007181,-64.82,96.18,0,0,0,0,-64.7883,96.4494,1,0,0
0,0,0,2007182,-64.82,96.18,1,0,0,0,-64.7883,96.4494,1,20,3
0,0,0,2007183,0,0,0,0,0,0,-64.7883,96.4494,1,0,0
0,0,0,2007184,0,0,0,0,0,0,-64.7883,96.4494,1,0,0
0,0,0,2007185,0,0,0,0,0,0,-64.7883,96.4494,1,0,0
0,0,0,2007186,0,0,0,0,0,0,-64.7883,96.4494,1,0,0
0,0,0,2007187,0,0,0,0,0,0,-64.7883,96.4494,1,0,0
0,0,0,2007188,0,0,0,0,0,0,-64.7883,96.4494,1,0,0
0,0,0,2007189,0,0,0,0,0,0,-64.7883,96.4494,1,0,0
0,0,0,2007190,0,0,0,0,0,0,-64.7883,96.4494,1,0,0
0,0,0,2007191,0,0,0,0,0,0,-64.7883,96.4494,1,0,0
0,0,0,2007192,0,0,0,0,0,0,-64.7883,96.4494,1,0,0
0,0,0,2007193,0,0,0,0,0,0,-64.7883,96.4494,1,0,0
0,0,0,2007194,0,0,0,0,0,0,-64.7883,96.4494,1,0,0
0,0,0,2007195,0,0,0,0,0,0,-64.7883,96.4494,1,0,0
0,0,0,2007196,-64.82,96.18,1,0,0,0,-64.7883,96.4494,1,20,3
0,0,0,2007197,-64.82,96.18,0,0,0,0,-64.7883,96.4494,1,0,0
0,0,0,2007198,-64.82,96.18,0,0,0,0,-64.7883,96.4494,1,0,0
0,0,0,2007199,-64.82,96.18,0,0,0,0,-64.7883,96.4494,1,0,0
0,0,0,2007200,-64.82,96.18,0,0,0,0,-64.7883,96.4494,1,0,0
0,0,0,2007201,-64.82,96.18,0,0,0,0,-64.7883,96.4494,1,0,0
0,0,0,2007202,-64.82,96.18,0,0,0,0,-64.7883,96.4494,1,0,0
0,0,0,2007203,-64.82,96.18,1,0,0,0,-64.7883,96.4494,1,20,3
0,0,0,2007204,-64.82,96.18,0,0,0,0,-64.7883,96.4494,1,0,0
0,0,0,2007205,-64.82,96.18,0,0,0,0,-64.7883,96.4494,1,0,0
0,0,0,2007206,-64.82,96.18,0,0,0,0,-64.7883,96.4494,1,0,0
0,0,0,2007207,-64.82,96.18,0,0,0,0,-64.7883,96.4494,1,0,0
0,0,0,2007208,-64.82,96.18,0,0,0,0,-64.7883,96.4494,1,0,0
0,0,0,2007209,-64.82,96.18,0,0,0,0,-64.7883,96.4494,1,0,0
0,0,0,2007210,-64.82,96.18,1,0,0,0,-64.7883,96.4494,1,20,3
0,0,0,2007211,0,0,0,0,0,0,-64.7883,96.4494,1,0,0
0,0,0,2007212,0,0,0,0,0,0,-64.7883,96.4494,1,0,0
0,0,0,2007213,0,0,0,0,0,0,-64.7883,96.4494,1,0,0
0,0,0,2007214,0,0,0,0,0,0,-64.7883,96.4494,1,0,0
0,0,0,2007215,0,0,0,0,0,0,-64.7883,96.4494,1,0,0
0,0,0,2007216,0,0,0,0,0,0,-64.7883,96.4494,1,0,0
0,0,0,2007217,0,0,0,0,0,0,-64.7883,96.4494,1,0,0
0,0,0,2007218,0,0,0,0,0,0,-64.7883,96.4494,1,0,0
0,0,0,2007219,0,0,0,0,0,0,-64.7883,96.4494,1,0,0
0,0,0,2007220,0,0,0,0,0,0,-64.7883,96.4494,1,0,0
0,0,0,2007221,0,0,0,0,0,0,-64.7883,96.4494,1,0,0
0,0,0,2007222,0,0,0,0,0,0,-64.7883,96.4494,1,0,0
0,0,0,2007223,0,0,0,0,0,0,-64.7883,96.4494,1,0,0
0,0,0,2007224,-64.82,96.18,1,0,0,0,-64.7883,96.4494,1,20,3
0,0,0,2007225,-64.82,96.18,0,0,0,0,-64.7883,96.4494,1,0,0
0,0,0,2007226,-64.82,96.18,0,0,0,0,-64.7883,96.4494,1,0,0
0,0,0,2007227,-64.82,96.18,0,0,0,0,-64.7883,96.4494,1,0,0
0,0,0,2007228,-64.82,96.18,0,0,0,0,-64.7883,96.4494,1,0,0
0,0,0,2007229,-64.82,96.18,0,0,0,0,-64.7883,96.4494,1,0,0
0,0,0,2007230,-64.82,96.18,0,0,0,0,-64.7883,96.4494,1,0,0
0,0,0,2007231,-64.82,96.18,1,0,0,0,-64.7883,96.4494,1,20,3
0,0,0,2007232,-64.82,96.18,0,0,0,0,-64.7883,96.4494,1,0,0
0,0,0,2007233,-64.82,96.18,0,0,0,0,-64.7883,96.4494,1,0,0
0,0,0,2007234,-64.82,96.18,0,0,0,0,-64.7883,96.4494,1,0,0
0,0,0,2007235,-64.82,96.18,0,0,0,0,-64.7883,96.4494,1,0,0
0,0,0,2007236,-64.82,96.18,0,0,0,0,-64.7883,96.4494,1,0,0
0,0,0,2007237,-64.82,96.18,0,0,0,0,-64.7883,96.4494,1,0,0
0,0,0,2007238,-64.82,96.18,1,0,0,0,-64.7883,96.4494,1,20,3
0,0,0,2007239,0,0,0,0,0,0,-64.7883,96.4494,1,0,0
0,0,0,2007240,0,0,0,0,0,0,-64.7883,96.4494,1,0,0
0,0,0,2007241,0,0,0,0,0,0,-64.7883,96.4494,1,0,0
0,0,0,2007242,0,0,0,0,0,0,-64.7883,96.4494,1,0,0
0,0,0,2007243,0,0,0,0,0,0,-64.7883,96.4494,1,0,0
0,0,0,2007244,0,0,0,0,0,0,-64.7883,96.4494,1,0,0
0,0,0,2007245,0,0,0,0,0,0,-64.7883,96.4494,1,0,0
0,0,0,2007246,0,0,0,0,0,0,-64.7883,96.4494,1,0,0
0,0,0,2007247,0,0,0,0,0,0,-64.7883,96.4494,1,0,0
0,0,0,2007248,0,0,0,0,0,0,-64.7883,96.4494,1,0,0
0,0,0,2007249,0,0,0,0,0,0,-64.7883,96.4494,1,0,0
0,0,0,2007250,0,0,0,0,0,0,-64.7883,96.4494,1,0,0
0,0,0,2007251,0,0,0,0,0,0,-64.7883,96.4494,1,0,0
0,0,0,2007252,-64.82,96.18,1,0,0,0,-64.7883,96.4494,1,20,3
0,0,0,2007253,0,0,0,0,0,0,-64.7883,96.4494,1,0,0
0,0,0,2007254,0,0,0,0,0,0,-64.7883,96.4494,1,0,0
0,0,0,2007255,0,0,0,0,0,0,-64.7883,96.4494,1,0,0
0,0,0,2007256,0,0,0,0,0,0,-64.7883,96.4494,1,0,0
0,0,0,2007257,0,0,0,0,0,0,-64.7883,96.4494,1,0,0
0,0,0,2007258,0,0,0,0,0,0,-64.7883,96.4494,1,0,0
0,0,0,2007259,0,0,0,0,0,0,-64.7883,96.4494,1,0,0
0,0,0,2007260,0,0,0,0,0,0,-64.7883,96.4494,1,0,0
0,0,0,2007261,0,0,0,0,0,0,-64.7883,96.4494,1,0,0
0,0,0,2007262,0,0,0,0,0,0,-64.7883,96.4494,1,0,0
0,0,0,2007263,0,0,0,0,0,0,-64.7883,96.4494,1,0,0
0,0,0,2007264,0,0,0,0,0,0,-64.7883,96.4494,1,0,0
0,0,0,2007265,0,0,0,0,0,0,-64.7883,96.4494,1,0,0
0,0,0,2007266,-64.82,96.18,1,0,0,0,-64.823,96.2883,1,20,3
0,0,0,2007267,-64.82,96.18,0,0,0,0,-64.823,96.2883,1,0,0
0,0,0,2007268,-64.82,96.18,0,0,0,0,-64.823,96.2883,1,0,0
0,0,0,2007269,-64.82,96.18,0,0,0,0,-64.823,96.2883,1,0,0
0,0,0,2007270,-64.82,96.18,0,0,0,0,-64.823,96.2883,1,0,0
0,0,0,2007271,-64.82,96.18,0,0,0,0,-64.823,96.2883,1,0,0
0,0,0,2007272,-64.82,96.18,0,0,0,0,-64.823,96.2883,1,0,0
0,0,0,2007273,-64.82,96.18,1,0,0,0,-64.823,96.2883,1,20,3
0,0,0,2007274,-64.82,96.18,0,0,0,0,-64.823,96.2883,1,0,0
0,0,0,2007275,-64.82,96.18,0,0,0,0,-64.823,96.2883,1,0,0
0,0,0,2007276,-64.82,96.18,0,0,0,0,-64.7726,96.4547,1,0,0
0,0,0,2007277,-64.82,96.18,0,0,0,0,-64.7726,96.4547,1,0,0
0,0,0,2007278,-64.82,96.18,0,0,0,0,-64.7726,96.4547,1,0,0
0,0,0,2007279,-64.82,96.18,0,0,0,0,-64.7726,96.4547,1,0,0
0,0,0,2007280,-64.82,96.18,1,0,0,0,-64.7726,96.4547,1,20,3
0,0,0,2007281,-64.82,96.18,0,0,0,0,-64.7726,96.4547,1,0,0
0,0,0,2007282,-64.82,96.18,0,0,0,0,-64.7726,96.4547,1,0,0
0,0,0,2007283,-64.82,96.18,0,0,0,0,-64.7726,96.4547,1,0,0
0,0,0,2007284,-64.82,96.18,0,0,0,0,-64.7726,96.4547,1,0,0
0,0,0,2007285,-64.82,96.18,0,0,0,0,-64.7726,96.4547,1,0,0
0,0,0,2007286,-64.82,96.18,0,0,0,0,-64.7726,96.4547,1,0,0
0,0,0,2007287,-64.82,96.18,1,0,0,0,-64.7726,96.4547,1,20,3
0,0,0,2007288,-64.82,96.18,0,0,0,0,-64.7726,96.4547,1,0,0
0,0,0,2007289,-64.82,96.18,0,0,0,0,-64.7726,96.4547,1,0,0
0,0,0,2007290,-64.82,96.18,0,0,0,0,-64.7726,96.4547,1,0,0
0,0,0,2007291,-64.82,96.18,0,0,0,0,-64.7726,96.4547,0,0,0
0,0,0,2007292,-64.82,96.18,0,0,0,0,-64.7726,96.4547,1,0,0
0,0,0,2007293,-64.82,96.18,0,0,0,0,-64.7726,96.4547,1,0,0
0,0,0,2007294,-64.82,96.18,1,0,0,0,-64.7726,96.4547,1,20,3
0,0,0,2007295,0,0,0,0,0,0,-64.7726,96.4547,1,0,0
0,0,0,2007296,0,0,0,0,0,0,-64.7726,96.4547,1,0,0
0,0,0,2007297,0,0,0,0,0,0,-64.7726,96.4547,0,0,0
0,0,0,2007298,0,0,0,0,0,0,-64.7726,96.4547,1,0,0
0,0,0,2007299,0,0,0,0,0,0,-64.7726,96.4547,0,0,0
0,0,0,2007300,0,0,0,0,0,0,-64.7726,96.4547,1,0,0
0,0,0,2007301,0,0,0,0,0,0,-64.7726,96.4547,1,0,0
0,0,0,2007302,0,0,0,0,0,0,-64.7726,96.4547,1,0,0
0,0,0,2007303,0,0,0,0,0,0,-64.7726,96.4547,1,0,0
0,0,0,2007304,0,0,0,0,0,0,-64.7726,96.4547,1,0,0
0,0,0,2007305,0,0,0,0,0,0,-64.7726,96.4547,1,0,0
0,0,0,2007306,0,0,0,0,0,0,-64.7726,96.4547,1,0,0
0,0,0,2007307,0,0,0,0,0,0,-64.7726,96.4547,1,0,0
0,0,0,2007308,-64.82,96.18,1,0,0,0,-64.7726,96.4547,1,20,3
0,0,0,2007309,-64.82,96.18,0,0,0,0,-64.7726,96.4547,1,0,0
0,0,0,2007310,-64.82,96.18,0,0,0,0,-64.7726,96.4547,1,0,0
0,0,0,2007311,-64.82,96.18,0,0,0,0,-64.7726,96.4547,1,0,0
0,0,0,2007312,-64.82,96.18,0,0,0,0,-64.7726,96.4547,1,0,0
0,0,0,2007313,-64.82,96.18,0,0,0,0,-64.7726,96.4547,1,0,0
0,0,0,2007314,-64.82,96.18,0,0,0,0,-64.7726,96.4547,1,0,0
0,0,0,2007315,-64.82,96.18,1,0,0,0,-64.7726,96.4547,1,20,3
0,0,0,2007316,-64.82,96.18,0,0,0,0,-64.7726,96.4547,1,0,0
0,0,0,2007317,-64.82,96.18,0,0,0,0,-64.7726,96.4547,1,0,0
0,0,0,2007318,-64.82,96.18,0,0,0,0,-64.7726,96.4547,1,0,0
0,0,0,2007319,-64.82,96.18,0,0,0,0,-64.7726,96.4547,1,0,0
0,0,0,2007320,-64.82,96.18,0,0,0,0,-64.7726,96.4547,1,0,0
0,0,0,2007321,-64.82,96.18,0,0,0,0,-64.7726,96.4547,1,0,0
0,0,0,2007322,-64.82,96.18,1,0,0,0,-64.7726,96.4547,1,20,3
0,0,0,2007323,0,0,0,0,0,0,-64.7726,96.4547,1,0,0
0,0,0,2007324,0,0,0,0,0,0,-64.7726,96.4547,1,0,0
0,0,0,2007325,0,0,0,0,0,0,-64.7726,96.4547,1,0,0
0,0,0,2007326,0,0,0,0,0,0,-64.7726,96.4547,1,0,0
0,0,0,2007327,0,0,0,0,0,0,-64.7726,96.4547,1,0,0
0,0,0,2007328,0,0,0,0,0,0,-64.7726,96.4547,1,0,0
0,0,0,2007329,0,0,0,0,0,0,-64.7726,96.4547,1,0,0
0,0,0,2007330,0,0,0,0,0,0,-64.7726,96.4547,1,0,0
0,0,0,2007331,0,0,0,0,0,0,-64.7726,96.4547,1,0,0
0,0,0,2007332,0,0,0,0,0,0,-64.7726,96.4547,1,0,0
0,0,0,2007333,0,0,0,0,0,0,-64.7726,96.4547,1,0,0
0,0,0,2007334,0,0,0,0,0,0,-64.7726,96.4547,1,0,0
0,0,0,2007335,0,0,0,0,0,0,-64.7726,96.4547,1,0,0
0,0,0,2007336,-64.82,96.18,1,0,0,0,-64.7726,96.4547,1,20,3
0,0,0,2007337,-64.82,96.18,0,0,0,0,-64.7726,96.4547,1,0,0
0,0,0,2007338,-64.82,96.18,0,0,0,0,-64.7726,96.4547,1,0,0
0,0,0,2007339,-64.82,96.18,0,0,0,0,-64.7726,96.4547,1,0,0
0,0,0,2007340,-64.82,96.18,0,0,0,0,-64.7726,96.4547,1,0,0
0,0,0,2007341,-64.82,96.18,0,0,0,0,-64.7726,96.4547,0,0,0
0,0,0,2007342,-64.82,96.18,0,0,0,0,-64.7726,96.4547,1,0,0
0,0,0,2007343,-64.82,96.18,1,0,0,0,-64.7726,96.4547,1,20,3
0,0,0,2007344,-64.82,96.18,0,0,0,0,-64.7726,96.4547,1,0,0
0,0,0,2007345,-64.82,96.18,0,0,0,0,-64.7726,96.4547,1,0,0
0,0,0,2007346,-64.82,96.18,0,0,0,0,-64.7726,96.4547,1,0,0
0,0,0,2007347,-64.82,96.18,0,0,0,0,-64.7726,96.4547,1,0,0
0,0,0,2007348,-64.82,96.18,0,0,0,0,-64.7726,96.4547,1,0,0
0,0,0,2007349,-64.82,96.18,0,0,0,0,-64.7726,96.4547,1,0,0
0,0,0,2007350,-64.82,96.18,1,0,0,0,-64.7726,96.4547,1,20,3
0,0,0,2007351,-64.82,96.18,0,0,0,0,-64.7726,96.4547,1,0,0
0,0,0,2007352,-64.82,96.18,0,0,0,0,-64.7726,96.4547,0,0,0
0,0,0,2007353,-64.82,96.18,0,0,0,0,-64.7726,96.4547,0,0,0
0,0,0,2007354,-64.82,96.18,0,0,0,0,-64.7726,96.4547,1,0,0
0,0,0,2007355,-64.82,96.18,0,0,0,0,-64.7478,96.3659,1,0,0
0,0,0,2007356,-64.82,96.18,0,0,0,0,0,0,0,0,0
0,0,0,2007357,-64.82,96.18,1,0,0,0,0,0,0,20,3
0,0,0,2007358,-64.82,96.18,0,0,0,0,0,0,0,0,0
0,0,0,2007359,-64.82,96.18,0,0,0,0,0,0,0,0,0
0,0,0,2007360,-64.82,96.18,0,0,0,0,0,0,0,0,0
0,0,0,2007361,-64.82,96.18,0,0,0,0,0,0,0,0,0
0,0,0,2007362,-64.82,96.18,0,0,0,0,0,0,0,0,0
0,0,0,2007363,-64.82,96.18,0,0,0,0,0,0,0,0,0
0,0,0,2007364,-64.82,96.18,0,0,0,0,0,0,0,0,0
0,0,0,2007365,-64.82,96.18,0,0,0,0,0,0,0,0,0
0,0,0,2008001,-64.82,96.18,0,0,0,0,0,0,0,0,0
0,0,0,2008002,-64.82,96.18,0,0,0,0,0,0,0,0,0
0,0,0,2008003,-64.82,96.18,1,0,0,0,0,0,0,20,3
0,0,0,2008004,-64.82,96.18,0,0,0,0,0,0,0,0,0
0,0,0,2008005,-64.82,96.18,0,0,0,0,0,0,0,0,0
0,0,0,2008006,-64.82,96.18,1,0,0,0,0,0,0,20,3
0,0,0,2008007,-64.82,96.18,0,0,0,0,0,0,0,0,0
0,0,0,2008008,-64.82,96.18,0,0,0,0,0,0,0,0,0
0,0,0,2008009,-64.82,96.18,0,0,0,0,0,0,0,0,0
0,0,0,2008010,-64.82,96.18,0,0,0,0,0,0,0,0,0
0,0,0,2008011,-64.82,96.18,0,0,0,0,0,0,0,0,0
0,0,0,2008012,-64.82,96.18,0,0,0,0,0,0,0,0,0
0,0,0,2008013,-64.82,96.18,1,0,0,0,0,0,0,20,3
0,0,0,2008014,-64.82,96.18,0,0,0,0,0,0,0,0,0
0,0,0,2008015,-64.82,96.18,0,0,0,0,0,0,0,0,0
0,0,0,2008016,-64.82,96.18,0,0,0,0,0,0,0,0,0
0,0,0,2008017,-64.82,96.18,0,0,0,0,-64.7478,96.3659,1,0,0
0,0,0,2008018,-64.82,96.18,0,0,0,0,-64.7478,96.3659,1,0,0
0,0,0,2008019,-64.82,96.18,0,0,0,0,-64.7478,96.3659,0,0,0
0,0,0,2008020,-64.82,96.18,1,0,0,0,-64.7478,96.3659,0,20,3
0,0,0,2008021,-64.82,96.18,0,0,0,0,-64.7478,96.3659,0,0,0
0,0,0,2008022,-64.82,96.18,0,0,0,0,-64.7478,96.3659,0,0,0
0,0,0,2008023,-64.82,96.18,0,0,0,0,-64.7478,96.3659,0,0,0
0,0,0,2008024,-64.82,96.18,0,0,0,0,-64.7478,96.3659,0,0,0
0,0,0,2008025,-64.82,96.18,0,0,0,0,-64.7478,96.3659,0,0,0
0,0,0,2008026,-64.82,96.18,0,0,0,0,-64.7478,96.3659,1,0,0
0,0,0,2008027,-64.82,96.18,1,0,0,0,-64.7478,96.3659,1,20,3
0,0,0,2008028,-64.82,96.18,0,0,0,0,-64.7478,96.3659,0,0,0
0,0,0,2008029,-64.82,96.18,0,0,0,0,-64.7478,96.3659,0,0,0
0,0,0,2008030,-64.82,96.18,0,0,0,0,-64.7478,96.3659,0,0,0
0,0,0,2008031,-64.82,96.18,0,0,0,0,-64.7478,96.3659,1,0,0
0,0,0,2008032,-64.82,96.18,0,0,0,0,-64.7478,96.3659,1,0,0
0,0,0,2008033,-64.82,96.18,0,0,0,0,-64.7478,96.3659,1,0,0
0,0,0,2008034,-64.82,96.18,1,0,0,0,-64.7478,96.3659,1,20,3
0,0,0,2008035,-64.82,96.18,0,0,0,0,-64.7478,96.3659,1,0,0
0,0,0,2008036,-64.82,96.18,0,0,0,0,-64.7478,96.3659,1,0,0
0,0,0,2008037,-64.82,96.18,0,0,0,0,-64.7478,96.3659,0,0,0
0,0,0,2008038,-64.82,96.18,0,0,0,0,-64.7478,96.3659,0,0,0
0,0,0,2008039,-64.82,96.18,0,0,0,0,-64.7478,96.3659,0,0,0
0,0,0,2008040,-64.82,96.18,0,0,0,0,-64.7478,96.3659,0,0,0
0,0,0,2008041,-64.82,96.18,1,0,0,0,-64.7478,96.3659,1,20,3
0,0,0,2008042,0,0,0,0,0,0,-64.7478,96.3659,1,0,0
0,0,0,2008043,0,0,0,0,0,0,-64.7478,96.3659,1,0,0
0,0,0,2008044,0,0,0,0,0,0,-64.7478,96.3659,1,0,0
0,0,0,2008045,0,0,0,0,0,0,-64.7478,96.3659,1,0,0
0,0,0,2008046,0,0,0,0,0,0,-64.7478,96.3659,1,0,0
0,0,0,2008047,0,0,0,0,0,0,-64.7478,96.3659,1,0,0
0,0,0,2008048,0,0,0,0,0,0,-64.7478,96.3659,1,0,0
0,0,0,2008049,0,0,0,0,0,0,-64.7478,96.3659,1,0,0
0,0,0,2008050,0,0,0,0,0,0,-64.7478,96.3659,1,0,0
0,0,0,2008051,0,0,0,0,0,0,-64.7478,96.3659,1,0,0
0,0,0,2008052,0,0,0,0,0,0,-64.7478,96.3659,1,0,0
0,0,0,2008053,0,0,0,0,0,0,-64.7478,96.3659,1,0,0
0,0,0,2008054,0,0,0,0,0,0,-64.7478,96.3659,1,0,0
0,0,0,2008055,-64.82,96.18,1,0,0,0,-64.7478,96.3659,1,20,3
0,0,0,2008056,-64.82,96.18,0,0,0,0,-64.7478,96.3659,1,0,0
0,0,0,2008057,-64.82,96.18,0,0,0,0,-64.7478,96.3659,1,0,0
0,0,0,2008058,-64.82,96.18,0,0,0,0,-64.7478,96.3659,0,0,0
0,0,0,2008059,-64.82,96.18,0,0,0,0,-64.7478,96.3659,0,0,0
0,0,0,2008060,-64.82,96.18,0,0,0,0,-64.7478,96.3659,0,0,0
0,0,0,2008061,-64.82,96.18,0,0,0,0,-64.7478,96.3659,0,0,0
0,0,0,2008062,-64.82,96.18,1,0,0,0,-64.7478,96.3659,1,20,3
0,0,0,2008063,-64.82,96.18,0,0,0,0,-64.7478,96.3659,1,0,0
0,0,0,2008064,-64.82,96.18,0,0,0,0,-64.7478,96.3659,1,0,0
0,0,0,2008065,-64.82,96.18,0,0,0,0,-64.7478,96.3659,1,0,0
0,0,0,2008066,-64.82,96.18,0,0,0,0,-64.7478,96.3659,1,0,0
0,0,0,2008067,-64.82,96.18,0,0,0,0,-64.7478,96.3659,1,0,0
0,0,0,2008068,-64.82,96.18,0,0,0,0,-64.7478,96.3659,1,0,0
0,0,0,2008069,-64.82,96.18,1,0,0,0,-64.7478,96.3659,1,20,3
0,0,0,2008070,-64.82,96.18,0,0,0,0,-64.7478,96.3659,1,0,0
0,0,0,2008071,-64.82,96.18,0,0,0,0,-64.7478,96.3659,1,0,0
0,0,0,2008072,-64.82,96.18,0,0,0,0,-64.7478,96.3659,1,0,0
0,0,0,2008073,-64.82,96.18,0,0,0,0,-64.7478,96.3659,1,0,0
0,0,0,2008074,-64.82,96.18,0,0,0,0,-64.7478,96.3659,1,0,0
0,0,0,2008075,-64.82,96.18,0,0,0,0,-64.7478,96.3659,1,0,0
0,0,0,2008076,-64.82,96.18,1,0,0,0,-64.7478,96.3659,1,20,3
0,0,0,2008077,-64.82,96.18,0,0,0,0,-64.7478,96.3659,1,0,0
0,0,0,2008078,-64.82,96.18,0,0,0,0,-64.7478,96.3659,1,0,0
0,0,0,2008079,-64.82,96.18,0,0,0,0,-64.7478,96.3659,1,0,0
0,0,0,2008080,-64.82,96.18,0,0,0,0,-64.7478,96.3659,1,0,0
0,0,0,2008081,-64.82,96.18,0,0,0,0,-64.7478,96.3659,1,0,0
0,0,0,2008082,-64.82,96.18,0,0,0,0,-64.7478,96.3659,1,0,0
0,0,0,2008083,-64.82,96.18,1,0,0,0,-64.7478,96.3659,1,20,3
0,0,0,2008084,-64.82,96.18,0,0,0,0,-64.7478,96.3659,1,0,0
0,0,0,2008085,-64.82,96.18,0,0,0,0,-64.7478,96.3659,1,0,0
0,0,0,2008086,-64.82,96.18,0,0,0,0,-64.7478,96.3659,1,0,0
0,0,0,2008087,-64.82,96.18,0,0,0,0,-64.7478,96.3659,1,0,0
0,0,0,2008088,-64.82,96.18,0,0,0,0,-64.7478,96.3659,1,0,0
0,0,0,2008089,-64.82,96.18,0,0,0,0,-64.7478,96.3659,1,0,0
0,0,0,2008090,-64.82,96.18,1,0,0,0,-64.7478,96.3659,1,20,3
0,0,0,2008091,-64.82,96.18,0,0,0,0,-64.7478,96.3659,1,0,0
0,0,0,2008092,-64.82,96.18,0,0,0,0,-64.7478,96.3659,1,0,0
0,0,0,2008093,-64.82,96.18,0,0,0,0,-64.7478,96.3659,1,0,0
0,0,0,2008094,-64.82,96.18,0,0,0,0,-64.7478,96.3659,1,0,0
0,0,0,2008095,-64.82,96.18,0,0,0,0,-64.7478,96.3659,1,0,0
0,0,0,2008096,-64.82,96.18,0,0,0,0,-64.7478,96.3659,1,0,0
0,0,0,2008097,-64.82,96.18,1,0,0,0,-64.7478,96.3659,1,20,3
0,0,0,2008098,-64.82,96.18,0,0,0,0,-64.7478,96.3659,1,0,0
0,0,0,2008099,-64.82,96.18,0,0,0,0,-64.7478,96.3659,1,0,0
0,0,0,2008100,-64.82,96.18,0,0,0,0,-64.7478,96.3659,1,0,0
0,0,0,2008101,-64.82,96.18,0,0,0,0,-64.7478,96.3659,1,0,0
0,0,0,2008102,-64.82,96.18,0,0,0,0,-64.7478,96.3659,1,0,0
0,0,0,2008103,-64.82,96.18,0,0,0,0,-64.7478,96.3659,1,0,0
0,0,0,2008104,-64.82,96.18,1,0,0,0,-64.7478,96.3659,1,20,3
0,0,0,2008105,-64.82,96.18,0,0,0,0,-64.7478,96.3659,1,0,0
0,0,0,2008106,-64.82,96.18,0,0,0,0,-64.7478,96.3659,1,0,0
0,0,0,2008107,-64.82,96.18,0,0,0,0,-64.7478,96.3659,1,0,0
0,0,0,2008108,-64.82,96.18,0,0,0,0,-64.7478,96.3659,1,0,0
0,0,0,2008109,-64.82,96.18,0,0,0,0,-64.7478,96.3659,1,0,0
0,0,0,2008110,-64.82,96.18,0,0,0,0,-64.7478,96.3659,1,0,0
0,0,0,2008111,-64.82,96.18,1,0,0,0,-64.7478,96.3659,1,20,3
0,0,0,2008112,-64.82,96.18,0,0,0,0,-64.7478,96.3659,1,0,0
0,0,0,2008113,-64.82,96.18,0,0,0,0,-64.7478,96.3659,1,0,0
0,0,0,2008114,-64.82,96.18,0,0,0,0,-64.7478,96.3659,1,0,0
0,0,0,2008115,-64.82,96.18,0,0,0,0,-64.7478,96.3659,1,0,0
0,0,0,2008116,-64.82,96.18,0,0,0,0,-64.7478,96.3659,1,0,0
0,0,0,2008117,-64.82,96.18,0,0,0,0,-64.7478,96.3659,1,0,0
0,0,0,2008118,-64.82,96.18,1,0,0,0,-64.7478,96.3659,1,20,3
0,0,0,2008119,-64.82,96.18,0,0,0,0,-64.7478,96.3659,1,0,0
0,0,0,2008120,-64.82,96.18,0,0,0,0,-64.7478,96.3659,0,0,0
0,0,0,2008121,-64.82,96.18,0,0,0,0,-64.7478,96.3659,1,0,0
0,0,0,2008122,-64.82,96.18,0,0,0,0,-64.7478,96.3659,1,0,0
0,0,0,2008123,-64.82,96.18,0,0,0,0,-64.7478,96.3659,1,0,0
0,0,0,2008124,-64.82,96.18,0,0,0,0,-64.7478,96.3659,1,0,0
0,0,0,2008125,-64.82,96.18,1,0,0,0,-64.7478,96.3659,1,20,3
0,0,0,2008126,-64.82,96.18,0,0,0,0,-64.7478,96.3659,1,0,0
0,0,0,2008127,-64.82,96.18,0,0,0,0,-64.7478,96.3659,1,0,0
0,0,0,2008128,-64.82,96.18,0,0,0,0,-64.7478,96.3659,1,0,0
0,0,0,2008129,-64.82,96.18,0,0,0,0,-64.7478,96.3659,1,0,0
0,0,0,2008130,-64.82,96.18,0,0,0,0,-64.7478,96.3659,1,0,0
0,0,0,2008131,-64.82,96.18,0,0,0,0,-64.7478,96.3659,1,0,0
0,0,0,2008132,-64.82,96.18,1,0,0,0,-64.7478,96.3659,1,20,3
0,0,0,2008133,-64.82,96.18,0,0,0,0,-64.7478,96.3659,1,0,0
0,0,0,2008134,-64.82,96.18,0,0,0,0,-64.7478,96.3659,1,0,0
0,0,0,2008135,-64.82,96.18,0,0,0,0,-64.7478,96.3659,1,0,0
0,0,0,2008136,-64.82,96.18,0,0,0,0,-64.7478,96.3659,1,0,0
0,0,0,2008137,-64.82,96.18,0,0,0,0,-64.7478,96.3659,1,0,0
0,0,0,2008138,-64.82,96.18,0,0,0,0,-64.7478,96.3659,1,0,0
0,0,0,2008139,-64.82,96.18,1,0,0,0,-64.7478,96.3659,1,20,3
0,0,0,2008140,-64.82,96.18,0,0,0,0,-64.7478,96.3659,1,0,0
0,0,0,2008141,-64.82,96.18,0,0,0,0,-64.7478,96.3659,1,0,0
0,0,0,2008142,-64.82,96.18,0,0,0,0,-64.7478,96.3659,1,0,0
0,0,0,2008143,-64.82,96.18,0,0,0,0,-64.7478,96.3659,1,0,0
0,0,0,2008144,-64.82,96.18,0,0,0,0,-64.7478,96.3659,1,0,0
0,0,0,2008145,-64.82,96.18,0,0,0,0,-64.7478,96.3659,1,0,0
0,0,0,2008146,-64.82,96.18,1,0,0,0,-64.7478,96.3659,1,20,3
0,0,0,2008147,-64.82,96.18,0,0,0,0,-64.7478,96.3659,1,0,0
0,0,0,2008148,-64.82,96.18,0,0,0,0,-64.7478,96.3659,1,0,0
0,0,0,2008149,-64.82,96.18,0,0,0,0,-64.7478,96.3659,1,0,0
0,0,0,2008150,-64.82,96.18,0,0,0,0,-64.7478,96.3659,1,0,0
0,0,0,2008151,-64.82,96.18,0,0,0,0,-64.7478,96.3659,1,0,0
0,0,0,2008152,-64.82,96.18,0,0,0,0,-64.7478,96.3659,1,0,0
0,0,0,2008153,-64.82,96.18,1,0,0,0,-64.7478,96.3659,1,20,3
0,0,0,2008154,-64.82,96.18,0,0,0,0,-64.7478,96.3659,1,0,0
0,0,0,2008155,-64.82,96.18,0,0,0,0,-64.7478,96.3659,1,0,0
0,0,0,2008156,-64.82,96.18,0,0,0,0,-64.7478,96.3659,1,0,0
0,0,0,2008157,-64.82,96.18,0,0,0,0,-64.7478,96.3659,1,0,0
0,0,0,2008158,-64.82,96.18,0,0,0,0,-64.7478,96.3659,1,0,0
0,0,0,2008159,-64.82,96.18,0,0,0,0,-64.7478,96.3659,1,0,0
0,0,0,2008160,-64.82,96.18,1,0,0,0,-64.7478,96.3659,1,20,3
0,0,0,2008161,-64.82,96.18,0,0,0,0,-64.7478,96.3659,1,0,0
0,0,0,2008162,-64.82,96.18,0,0,0,0,-64.7478,96.3659,1,0,0
0,0,0,2008163,-64.82,96.18,0,0,0,0,-64.7478,96.3659,1,0,0
0,0,0,2008164,-64.82,96.18,0,0,0,0,-64.7478,96.3659,1,0,0
0,0,0,2008165,-64.82,96.18,0,0,0,0,-64.7478,96.3659,1,0,0
0,0,0,2008166,-64.82,96.18,0,0,0,0,-64.7478,96.3659,1,0,0
0,0,0,2008167,-64.82,96.18,1,0,0,0,-64.7478,96.3659,1,20,3
0,0,0,2008168,-64.82,96.18,0,0,0,0,-64.7478,96.3659,1,0,0
0,0,0,2008169,-64.82,96.18,0,0,0,0,-64.7478,96.3659,1,0,0
0,0,0,2008170,-64.82,96.18,0,0,0,0,-64.7478,96.3659,1,0,0
0,0,0,2008171,-64.82,96.18,0,0,0,0,-64.7478,96.3659,1,0,0
0,0,0,2008172,-64.82,96.18,0,0,0,0,-64.7478,96.3659,1,0,0
0,0,0,2008173,-64.82,96.18,0,0,0,0,-64.7478,96.3659,1,0,0
0,0,0,2008174,-64.82,96.18,1,0,0,0,-64.7478,96.3659,1,20,3
0,0,0,2008175,-64.82,96.18,0,0,0,0,-64.7478,96.3659,1,0,0
0,0,0,2008176,-64.82,96.18,0,0,0,0,-64.7478,96.3659,1,0,0
0,0,0,2008177,-64.82,96.18,0,0,0,0,-64.7478,96.3659,0,0,0
0,0,0,2008178,-64.82,96.18,0,0,0,0,-64.7478,96.3659,1,0,0
0,0,0,2008179,-64.82,96.18,0,0,0,0,-64.7478,96.3659,1,0,0
0,0,0,2008180,-64.82,96.18,0,0,0,0,-64.7478,96.3659,1,0,0
0,0,0,2008181,-64.82,96.18,1,0,0,0,-64.7478,96.3659,1,20,3
0,0,0,2008182,-64.82,96.18,0,0,0,0,-64.7478,96.3659,1,0,0
0,0,0,2008183,-64.82,96.18,0,0,0,0,-64.7478,96.3659,1,0,0
0,0,0,2008184,-64.82,96.18,0,0,0,0,-64.7478,96.3659,1,0,0
0,0,0,2008185,-64.82,96.18,0,0,0,0,-64.7478,96.3659,1,0,0
0,0,0,2008186,-64.82,96.18,0,0,0,0,-64.7478,96.3659,1,0,0
0,0,0,2008187,-64.82,96.18,0,0,0,0,-64.7478,96.3659,1,0,0
0,0,0,2008188,-64.82,96.18,1,0,0,0,-64.7478,96.3659,1,20,3
0,0,0,2008189,-64.82,96.18,0,0,0,0,-64.7478,96.3659,1,0,0
0,0,0,2008190,-64.82,96.18,0,0,0,0,-64.761,96.544,1,0,0
0,0,0,2008191,-64.82,96.18,0,0,0,0,-64.761,96.544,1,0,0
0,0,0,2008192,-64.82,96.18,0,0,0,0,-64.761,96.544,1,0,0
0,0,0,2008193,-64.82,96.18,0,0,0,0,-64.761,96.544,1,0,0
0,0,0,2008194,-64.82,96.18,0,0,0,0,-64.761,96.544,1,0,0
0,0,0,2008195,-64.82,96.18,1,0,0,0,-64.761,96.544,1,20,3
0,0,0,2008196,-64.82,96.18,0,0,0,0,-64.761,96.544,1,0,0
0,0,0,2008197,-64.82,96.18,0,0,0,0,-64.761,96.544,1,0,0
0,0,0,2008198,-64.82,96.18,0,0,0,0,-64.761,96.544,1,0,0
0,0,0,2008199,-64.82,96.18,0,0,0,0,-64.761,96.544,1,0,0
0,0,0,2008200,-64.82,96.18,0,0,0,0,-64.761,96.544,1,0,0
0,0,0,2008201,-64.82,96.18,0,0,0,0,-64.761,96.544,1,0,0
0,0,0,2008202,-64.82,96.18,1,0,0,0,-64.761,96.544,1,20,3
0,0,0,2008203,-64.82,96.18,0,0,0,0,-64.761,96.544,1,0,0
0,0,0,2008204,-64.82,96.18,0,0,0,0,-64.761,96.544,1,0,0
0,0,0,2008205,-64.82,96.18,0,0,0,0,-64.761,96.544,1,0,0
0,0,0,2008206,-64.82,96.18,0,0,0,0,-64.761,96.544,1,0,0
0,0,0,2008207,-64.82,96.18,0,0,0,0,-64.761,96.544,1,0,0
0,0,0,2008208,-64.82,96.18,0,0,0,0,-64.761,96.544,1,0,0
0,0,0,2008209,-64.82,96.18,1,0,0,0,-64.761,96.544,1,20,3
0,0,0,2008210,-64.82,96.18,0,0,0,0,-64.761,96.544,1,0,0
0,0,0,2008211,-64.82,96.18,0,0,0,0,-64.761,96.544,1,0,0
0,0,0,2008212,-64.82,96.18,0,0,0,0,-64.761,96.544,1,0,0
0,0,0,2008213,-64.82,96.18,0,0,0,0,-64.761,96.544,1,0,0
0,0,0,2008214,-64.82,96.18,0,0,0,0,-64.761,96.544,1,0,0
0,0,0,2008215,-64.82,96.18,0,0,0,0,-64.761,96.544,1,0,0
0,0,0,2008216,-64.82,96.18,1,0,0,0,-64.761,96.544,1,20,3
0,0,0,2008217,-64.82,96.18,0,0,0,0,-64.761,96.544,1,0,0
0,0,0,2008218,-64.82,96.18,0,0,0,0,-64.761,96.544,1,0,0
0,0,0,2008219,-64.82,96.18,0,0,0,0,-64.761,96.544,1,0,0
0,0,0,2008220,-64.82,96.18,0,0,0,0,-64.761,96.544,1,0,0
0,0,0,2008221,-64.82,96.18,0,0,0,0,-64.761,96.544,1,0,0
0,0,0,2008222,-64.82,96.18,0,0,0,0,-64.761,96.544,1,0,0
0,0,0,2008223,-64.82,96.18,1,0,0,0,-64.761,96.544,1,20,3
0,0,0,2008224,-64.82,96.18,0,0,0,0,-64.761,96.544,1,0,0
0,0,0,2008225,-64.82,96.18,0,0,0,0,-64.761,96.544,1,0,0
0,0,0,2008226,-64.82,96.18,0,0,0,0,-64.761,96.544,1,0,0
0,0,0,2008227,-64.82,96.18,0,0,0,0,-64.761,96.544,1,0,0
0,0,0,2008228,-64.82,96.18,0,0,0,0,-64.761,96.544,1,0,0
0,0,0,2008229,-64.82,96.18,0,0,0,0,-64.761,96.544,1,0,0
0,0,0,2008230,-64.82,96.18,1,0,0,0,-64.761,96.544,1,20,3
0,0,0,2008231,-64.82,96.18,0,0,0,0,-64.761,96.544,1,0,0
0,0,0,2008232,-64.82,96.18,0,0,0,0,-64.761,96.544,1,0,0
0,0,0,2008233,-64.82,96.18,0,0,0,0,-64.761,96.544,1,0,0
0,0,0,2008234,-64.82,96.18,0,0,0,0,-64.761,96.544,1,0,0
0,0,0,2008235,-64.82,96.18,0,0,0,0,-64.761,96.544,1,0,0
0,0,0,2008236,-64.82,96.18,0,0,0,0,-64.761,96.544,1,0,0
0,0,0,2008237,-64.82,96.18,1,0,0,0,-64.761,96.544,1,20,3
0,0,0,2008238,-64.8228,96.1811,0,0,0,0,-64.761,96.544,1,0,0
0,0,0,2008239,-64.8299,96.184,0,0,0,0,-64.761,96.544,1,0,0
0,0,0,2008240,-64.8397,96.1879,0,0,0,0,-64.761,96.544,1,0,0
0,0,0,2008241,-64.8503,96.1921,0,0,0,0,-64.761,96.544,1,0,0
0,0,0,2008242,-64.8601,96.196,0,0,0,0,-64.761,96.544,1,0,0
0,0,0,2008243,-64.8672,96.1989,0,0,0,0,-64.761,96.544,1,0,0
0,0,0,2008244,-64.87,96.2,1,0,0,0,-64.761,96.544,1,20,3
0,0,0,2008245,-64.8672,96.1989,0,0,0,0,-64.761,96.544,1,0,0
0,0,0,2008246,-64.8601,96.196,0,0,0,0,-64.761,96.544,1,0,0
0,0,0,2008247,-64.8503,96.1921,0,0,0,0,-64.761,96.544,1,0,0
0,0,0,2008248,-64.8397,96.1879,0,0,0,0,-64.761,96.544,1,0,0
0,0,0,2008249,-64.8299,96.184,0,0,0,0,-64.761,96.544,1,0,0
0,0,0,2008250,-64.8228,96.1811,0,0,0,0,-64.761,96.544,1,0,0
0,0,0,2008251,-64.82,96.18,1,0,0,0,-64.761,96.544,1,20,3
0,0,0,2008252,-64.82,96.18,0,0,0,0,-64.761,96.544,1,0,0
0,0,0,2008253,-64.82,96.18,0,0,0,0,-64.761,96.544,1,0,0
0,0,0,2008254,-64.82,96.18,0,0,0,0,-64.761,96.544,1,0,0
0,0,0,2008255,-64.82,96.18,0,0,0,0,-64.761,96.544,1,0,0
0,0,0,2008256,-64.82,96.18,0,0,0,0,-64.761,96.544,1,0,0
0,0,0,2008257,-64.82,96.18,0,0,0,0,-64.761,96.544,1,0,0
0,0,0,2008258,-64.82,96.18,1,0,0,0,-64.761,96.544,1,20,3
0,0,0,2008259,-64.82,96.18,0,0,0,0,-64.761,96.544,1,0,0
0,0,0,2008260,-64.82,96.18,0,0,0,0,-64.761,96.544,1,0,0
0,0,0,2008261,-64.82,96.18,0,0,0,0,-64.761,96.544,1,0,0
0,0,0,2008262,-64.82,96.18,0,0,0,0,-64.761,96.544,1,0,0
0,0,0,2008263,-64.82,96.18,0,0,0,0,-64.761,96.544,1,0,0
0,0,0,2008264,-64.82,96.18,0,0,0,0,-64.761,96.544,1,0,0
0,0,0,2008265,-64.82,96.18,1,0,0,0,-64.761,96.544,1,20,3
0,0,0,2008266,-64.82,96.18,0,0,0,0,-64.761,96.544,1,0,0
0,0,0,2008267,-64.82,96.18,0,0,0,0,-64.761,96.544,1,0,0
0,0,0,2008268,-64.82,96.18,0,0,0,0,-64.761,96.544,1,0,0
0,0,0,2008269,-64.82,96.18,0,0,0,0,-64.761,96.544,1,0,0
0,0,0,2008270,-64.82,96.18,0,0,0,0,-64.761,96.544,1,0,0
0,0,0,2008271,-64.82,96.18,0,0,0,0,-64.761,96.544,1,0,0
0,0,0,2008272,-64.82,96.18,1,0,0,0,-64.761,96.544,1,20,3
0,0,0,2008273,-64.82,96.18,0,0,0,0,-64.761,96.544,1,0,0
0,0,0,2008274,-64.82,96.18,0,0,0,0,-64.761,96.544,1,0,0
0,0,0,2008275,-64.82,96.18,0,0,0,0,-64.761,96.544,1,0,0
0,0,0,2008276,-64.82,96.18,0,0,0,0,-64.761,96.544,1,0,0
0,0,0,2008277,-64.82,96.18,0,0,0,0,-64.761,96.544,1,0,0
0,0,0,2008278,-64.82,96.18,0,0,0,0,-64.761,96.544,1,0,0
0,0,0,2008279,-64.82,96.18,1,0,0,0,-64.761,96.544,1,20,3
0,0,0,2008280,-64.82,96.18,0,0,0,0,-64.761,96.544,1,0,0
0,0,0,2008281,-64.82,96.18,0,0,0,0,-64.761,96.544,1,0,0
0,0,0,2008282,-64.82,96.18,0,0,0,0,-64.761,96.544,1,0,0
0,0,0,2008283,-64.82,96.18,0,0,0,0,-64.761,96.544,1,0,0
0,0,0,2008284,-64.82,96.18,0,0,0,0,-64.761,96.544,1,0,0
0,0,0,2008285,-64.82,96.18,0,0,0,0,-64.761,96.544,1,0,0
0,0,0,2008286,-64.82,96.18,1,0,0,0,-64.761,96.544,1,20,3
0,0,0,2008287,-64.82,96.18,0,0,0,0,-64.761,96.544,1,0,0
0,0,0,2008288,-64.82,96.18,0,0,0,0,-64.761,96.544,1,0,0
0,0,0,2008289,-64.82,96.18,0,0,0,0,-64.761,96.544,1,0,0
0,0,0,2008290,-64.82,96.18,0,0,0,0,-64.761,96.544,1,0,0
0,0,0,2008291,-64.82,96.18,0,0,0,0,-64.761,96.544,1,0,0
0,0,0,2008292,-64.82,96.18,0,0,0,0,-64.761,96.544,1,0,0
0,0,0,2008293,-64.82,96.18,1,0,0,0,-64.761,96.544,1,20,3
0,0,0,2008294,-64.82,96.18,0,0,0,0,-64.761,96.544,1,0,0
0,0,0,2008295,-64.82,96.18,0,0,0,0,-64.761,96.544,1,0,0
0,0,0,2008296,-64.82,96.18,0,0,0,0,-64.761,96.544,1,0,0
0,0,0,2008297,-64.82,96.18,0,0,0,0,-64.761,96.544,1,0,0
0,0,0,2008298,-64.82,96.18,0,0,0,0,-64.761,96.544,1,0,0
0,0,0,2008299,-64.82,96.18,0,0,0,0,-64.761,96.544,1,0,0
0,0,0,2008300,-64.82,96.18,1,0,0,0,-64.761,96.544,1,20,3
0,0,0,2008301,0,0,0,0,0,0,-64.761,96.544,1,0,0
0,0,0,2008302,0,0,0,0,0,0,-64.761,96.544,1,0,0
0,0,0,2008303,0,0,0,0,0,0,-64.761,96.544,1,0,0
0,0,0,2008304,0,0,0,0,0,0,-64.761,96.544,1,0,0
0,0,0,2008305,0,0,0,0,0,0,-64.761,96.544,1,0,0
0,0,0,2008306,0,0,0,0,0,0,-64.761,96.544,1,0,0
0,0,0,2008307,0,0,0,0,0,0,-64.761,96.544,1,0,0
0,0,0,2008308,0,0,0,0,0,0,-64.761,96.544,1,0,0
0,0,0,2008309,0,0,0,0,0,0,-64.761,96.544,1,0,0
0,0,0,2008310,0,0,0,0,0,0,-64.761,96.544,1,0,0
0,0,0,2008311,0,0,0,0,0,0,-64.761,96.544,1,0,0
0,0,0,2008312,0,0,0,0,0,0,-64.761,96.544,1,0,0
0,0,0,2008313,0,0,0,0,0,0,-64.761,96.544,1,0,0
0,0,0,2008314,-64.82,96.18,1,0,0,0,-64.761,96.544,1,20,3
0,0,0,2008315,-64.82,96.18,0,0,0,0,-64.761,96.544,1,0,0
0,0,0,2008316,-64.82,96.18,0,0,0,0,-64.761,96.544,1,0,0
0,0,0,2008317,-64.82,96.18,0,0,0,0,-64.761,96.544,1,0,0
0,0,0,2008318,-64.82,96.18,0,0,0,0,-64.761,96.544,1,0,0
0,0,0,2008319,-64.82,96.18,0,0,0,0,-64.761,96.544,1,0,0
0,0,0,2008320,-64.82,96.18,0,0,0,0,-64.761,96.544,1,0,0
0,0,0,2008321,-64.82,96.18,1,0,0,0,-64.761,96.544,1,20,3
0,0,0,2008322,0,0,0,0,0,0,-64.761,96.544,1,0,0
0,0,0,2008323,0,0,0,0,0,0,-64.761,96.544,1,0,0
0,0,0,2008324,0,0,0,0,0,0,-64.761,96.544,1,0,0
0,0,0,2008325,0,0,0,0,0,0,-64.761,96.544,0,0,0
0,0,0,2008326,0,0,0,0,0,0,-64.761,96.544,0,0,0
0,0,0,2008327,0,0,0,0,0,0,-64.761,96.544,0,0,0
0,0,0,2008328,0,0,0,0,0,0,-64.761,96.544,1,0,0
0,0,0,2008329,0,0,0,0,0,0,-64.7575,96.5192,0,0,0
0,0,0,2008330,0,0,0,0,0,0,-64.7488,96.4572,0,0,0
0,0,0,2008331,0,0,0,0,0,0,-64.7375,96.3765,0,0,0
0,0,0,2008332,0,0,0,0,0,0,-64.7261,96.2956,0,0,0
0,0,0,2008333,0,0,0,0,0,0,-64.7174,96.2329,0,0,0
0,0,0,2008334,0,0,0,0,0,0,-64.7139,96.207,1,0,0
0,0,0,2008335,-64.95,95.88,1,0,0,0,-64.7198,96.2057,0,20,3
0,0,0,2008336,-64.95,95.88,0,0,0,0,-64.7351,96.2046,0,0,0
0,0,0,2008337,-64.95,95.88,0,0,0,0,-64.7559,96.2037,0,0,0
0,0,0,2008338,-64.95,95.88,0,0,0,0,-64.7787,96.2031,0,0,0
0,0,0,2008339,-64.95,95.88,0,0,0,0,-64.7995,96.2026,0,0,0
0,0,0,2008340,-64.95,95.88,0,0,0,0,-64.8148,96.2023,0,0,0
0,0,0,2008341,-64.95,95.88,0,0,0,0,-64.8207,96.2022,1,0,0
0,0,0,2008342,-64.95,95.88,1,0,0,0,-64.8207,96.2022,0,20,3
0,0,0,2008343,-64.95,95.88,0,0,0,0,-64.8207,96.2022,0,0,0
0,0,0,2008344,-64.95,95.88,0,0,0,0,-64.8207,96.2022,1,0,0
0,0,0,2008345,-64.95,95.88,0,0,0,0,-64.8207,96.2022,1,0,0
0,0,0,2008346,-64.95,95.88,0,0,0,0,-64.8207,96.2022,0,0,0
0,0,0,2008347,-64.95,95.88,0,0,0,0,-64.8207,96.2022,0,0,0
0,0,0,2008348,-64.95,95.88,0,0,0,0,-64.8207,96.2022,0,0,0
0,0,0,2008349,-64.95,95.88,1,0,0,0,-64.8207,96.2022,0,20,3
0,0,0,2008350,0,0,0,0,0,0,-64.8207,96.2022,0,0,0
0,0,0,2008351,0,0,0,0,0,0,-64.8207,96.2022,0,0,0
0,0,0,2008352,0,0,0,0,0,0,-64.8207,96.2022,1,0,0
0,0,0,2008353,0,0,0,0,0,0,-64.7986,96.3448,1,0,0
0,0,0,2008354,0,0,0,0,0,0,-64.7986,96.3448,1,0,0
0,0,0,2008355,0,0,0,0,0,0,-64.797,96.3409,0,0,0
0,0,0,2008356,0,0,0,0,0,0,-64.793,96.3305,0,0,0
0,0,0,2008357,0,0,0,0,0,0,-64.7872,96.3158,0,0,0
0,0,0,2008358,0,0,0,0,0,0,-64.7806,96.299,0,0,0
0,0,0,2008359,0,0,0,0,0,0,-64.7739,96.2821,0,0,0
0,0,0,2008360,0,0,0,0,0,0,-64.7681,96.2674,0,0,0
0,0,0,2008361,0,0,0,0,0,0,-64.7641,96.257,0,0,0
0,0,0,2008362,0,0,0,0,0,0,-64.7625,96.2531,1,0,0
0,0,0,2008363,0,0,0,0,0,0,-64.7625,96.2531,1,0,0
0,0,0,2008364,0,0,0,0,0,0,-64.7625,96.2531,1,0,0
0,0,0,2008365,0,0,0,0,0,0,-64.7625,96.2531,1,0,0
0,0,0,2008366,0,0,0,0,0,0,-64.7625,96.2531,1,0,0
0,0,0,2009001,0,0,0,0,0,0,-64.7625,96.2531,1,0,0
0,0,0,2009002,0,0,0,0,0,0,-64.7721,96.2024,1,0,0
0,0,0,2009003,0,0,0,0,0,0,-64.784,96.2506,1,0,0
0,0,0,2009004,0,0,0,0,0,0,-64.7766,96.2218,1,0,0
0,0,0,2009005,0,0,0,0,0,0,-64.7757,96.2764,1,0,0
0,0,0,2009006,0,0,0,0,0,0,-64.7699,96.248,1,0,0
0,0,0,2009007,0,0,0,0,0,0,-64.7538,96.289,1,0,0
0,0,0,2009008,0,0,0,0,0,0,-64.7687,96.1564,1,0,0
0,0,0,2009009,0,0,0,0,0,0,-64.7344,96.2465,1,0,0
0,0,0,2009010,0,0,0,0,0,0,-64.7851,96.2971,1,0,0
0,0,0,2009011,0,0,0,0,0,0,-64.7832,96.2332,1,0,0
0,0,0,2009012,0,0,0,0,0,0,-64.7423,96.1948,1,0,0
0,0,0,2009013,0,0,0,0,0,0,-64.7704,96.1558,1,0,0
0,0,0,2009014,0,0,0,0,0,0,-64.7262,96.1168,1,0,0
0,0,0,2009015,0,0,0,0,0,0,-64.75,96.0133,1,0,0
0,0,0,2009016,0,0,0,0,0,0,-64.7324,96.0529,1,0,0
0,0,0,2009017,0,0,0,0,0,0,-64.7609,96.0514,1,0,0
0,0,0,2009018,0,0,0,0,0,0,-64.7576,96.0871,1,0,0
0,0,0,2009019,0,0,0,0,0,0,-64.6737,96.0576,1,0,0
0,0,0,2009020,0,0,0,0,0,0,-64.7595,96.1885,1,0,0
0,0,0,2009021,0,0,0,0,0,0,-64.7348,96.2745,1,0,0
0,0,0,2009022,0,0,0,0,0,0,-64.7207,96.4542,1,0,0
0,0,0,2009023,0,0,0,0,0,0,-64.7482,96.4399,1,0,0
0,0,0,2009024,0,0,0,0,0,0,-64.7748,96.4793,1,0,0
0,0,0,2009025,0,0,0,0,0,0,-64.765,96.4681,1,0,0
0,0,0,2009026,0,0,0,0,0,0,-64.7938,96.494,1,0,0
0,0,0,2009027,0,0,0,0,0,0,-64.78,96.5635,1,0,0
0,0,0,2009028,0,0,0,0,0,0,-64.8158,96.5925,1,0,0
0,0,0,2009029,0,0,0,0,0,0,-64.7915,96.5859,1,0,0
0,0,0,2009030,0,0,0,0,0,0,-64.8072,96.5902,1,0,0
0,0,0,2009031,0,0,0,0,0,0,-64.8074,96.5536,1,0,0
0,0,0,2009032,0,0,0,0,0,0,-64.8065,96.5717,1,0,0
0,0,0,2009033,0,0,0,0,0,0,-64.8047,96.4614,1,0,0
0,0,0,2009034,0,0,0,0,0,0,-64.8257,96.5026,1,0,0
0,0,0,2009035,0,0,0,0,0,0,-64.8092,96.5164,1,0,0
0,0,0,2009036,0,0,0,0,0,0,-64.8289,96.4032,1,0,0
0,0,0,2009037,0,0,0,0,0,0,-64.8153,96.3889,1,0,0
0,0,0,2009038,0,0,0,0,0,0,-64.8215,96.4088,1,0,0
0,0,0,2009039,0,0,0,0,0,0,-64.8277,96.4288,1,0,0
0,0,0,2009040,0,0,0,0,0,0,-64.7516,96.3818,1,0,0
0,0,0,2009041,0,0,0,0,0,0,-64.7357,96.4045,1,0,0
0,0,0,2009042,0,0,0,0,0,0,-64.7555,96.4376,1,0,0
0,0,0,2009043,0,0,0,0,0,0,-64.7494,96.3813,1,0,0
0,0,0,2009044,0,0,0,0,0,0,-64.7506,96.3902,1,0,0
0,0,0,2009045,0,0,0,0,0,0,-64.7208,96.4188,1,0,0
0,0,0,2009046,0,0,0,0,0,0,-64.6982,96.4772,1,0,0
0,0,0,2009047,0,0,0,0,0,0,-64.7297,96.4501,1,0,0
0,0,0,2009048,0,0,0,0,0,0,-64.7399,96.4979,1,0,0
0,0,0,2009049,0,0,0,0,0,0,-64.7431,96.3989,1,0,0
0,0,0,2009050,0,0,0,0,0,0,-64.7906,96.4469,1,0,0
0,0,0,2009051,0,0,0,0,0,0,-64.7849,96.4637,1,0,0
0,0,0,2009052,0,0,0,0,0,0,-64.7799,96.4537,1,0,0
0,0,0,2009053,0,0,0,0,0,0,-64.8089,96.4431,1,0,0
0,0,0,2009054,0,0,0,0,0,0,-64.7937,96.4294,1,0,0
0,0,0,2009055,0,0,0,0,0,0,-64.8068,96.4512,1,0,0
0,0,0,2009056,0,0,0,0,0,0,-64.8016,96.4132,1,0,0
0,0,0,2009057,0,0,0,0,0,0,-64.7954,96.3933,1,0,0
0,0,0,2009058,0,0,0,0,0,0,-64.7405,96.351,1,0,0
0,0,0,2009059,0,0,0,0,0,0,-64.7506,96.3902,1,0,0
0,0,0,2009060,0,0,0,0,0,0,-64.7489,96.4262,1,0,0
0,0,0,2009061,0,0,0,0,0,0,-64.744,96.3798,1,0,0
0,0,0,2009062,0,0,0,0,0,0,-64.7515,96.3721,1,0,0
0,0,0,2009063,0,0,0,0,0,0,-64.7734,96.3596,1,0,0
0,0,0,2009064,0,0,0,0,0,0,-64.7734,96.3596,1,0,0
0,0,0,2009065,0,0,0,0,0,0,-64.756,96.3916,1,0,0
0,0,0,2009066,0,0,0,0,0,0,-64.7956,96.4569,1,0,0
0,0,0,2009067,0,0,0,0,0,0,-64.816,96.4084,1,0,0
0,0,0,2009068,0,0,0,0,0,0,-64.8162,96.3708,1,0,0
0,0,0,2009069,0,0,0,0,0,0,-64.8162,96.3708,1,0,0
0,0,0,2009070,0,0,0,0,0,0,-64.7934,96.4014,1,0,0
0,0,0,2009071,0,0,0,0,0,0,-64.7801,96.4162,1,0,0
0,0,0,2009072,0,0,0,0,0,0,-64.7593,96.4386,1,0,0
0,0,0,2009073,0,0,0,0,0,0,-64.738,96.4695,1,0,0
0,0,0,2009074,0,0,0,0,0,0,-64.7436,96.5354,1,0,0
0,0,0,2009075,0,0,0,0,0,0,-64.7163,96.5109,1,0,0
0,0,0,2009076,0,0,0,0,0,0,-64.6903,96.4943,1,0,0
0,0,0,2009077,0,0,0,0,0,0,-64.713,96.5004,1,0,0
0,0,0,2009078,0,0,0,0,0,0,-64.7087,96.5539,1,0,0
0,0,0,2009079,0,0,0,0,0,0,-64.71,96.5275,1,0,0
0,0,0,2009080,0,0,0,0,0,0,-64.7135,96.6013,1,0,0
0,0,0,2009081,0,0,0,0,0,0,-64.6946,96.5512,1,0,0
0,0,0,2009082,0,0,0,0,0,0,-64.702,96.58,1,0,0
0,0,0,2009083,0,0,0,0,0,0,-64.7033,96.5535,1,0,0
0,0,0,2009084,0,0,0,0,0,0,-64.7033,96.5535,1,0,0
0,0,0,2009085,0,0,0,0,0,0,-64.687,96.5942,1,0,0
0,0,0,2009086,0,0,0,0,0,0,-64.7033,96.5535,1,0,0
0,0,0,2009087,0,0,0,0,0,0,-64.7125,96.5099,1,0,0
0,0,0,2009088,0,0,0,0,0,0,-64.7125,96.5099,1,0,0
0,0,0,2009089,0,0,0,0,0,0,-64.7096,96.536,1,0,0
0,0,0,2009090,0,0,0,0,0,0,-64.696,96.5237,1,0,0
0,0,0,2009091,0,0,0,0,0,0,-64.6844,96.5024,1,0,0
0,0,0,2009092,0,0,0,0,0,0,-64.6997,96.5151,1,0,0
0,0,0,2009093,0,0,0,0,0,0,-64.6629,96.5053,1,0,0
0,0,0,2009094,0,0,0,0,0,0,-64.6942,96.5136,1,0,0
0,0,0,2009095,0,0,0,0,0,0,-64.706,96.4985,1,0,0
0,0,0,2009096,0,0,0,0,0,0,-64.7402,96.5259,1,0,0
0,0,0,2009097,0,0,0,0,0,0,-64.715,96.5374,1,0,0
0,0,0,2009098,0,0,0,0,0,0,-64.6942,96.5597,1,0,0
0,0,0,2009099,0,0,0,0,0,0,-64.6888,96.5582,1,0,0
0,0,0,2009100,0,0,0,0,0,0,-64.6844,96.5024,1,0,0
0,0,0,2009101,0,0,0,0,0,0,-64.6575,96.5038,1,0,0
0,0,0,2009102,0,0,0,0,0,0,-64.6802,96.5099,1,0,0
0,0,0,2009103,0,0,0,0,0,0,-64.6979,96.551,1,0,0
0,0,0,2009104,0,0,0,0,0,0,-64.6897,96.5402,1,0,0
0,0,0,2009105,0,0,0,0,0,0,-64.6897,96.5402,1,0,0
0,0,0,2009106,0,0,0,0,0,0,-64.7143,96.4739,1,0,0
0,0,0,2009107,0,0,0,0,0,0,-64.7144,96.4364,1,0,0
0,0,0,2009108,0,0,0,0,0,0,-64.725,96.5122,1,0,0
0,0,0,2009109,0,0,0,0,0,0,-64.7395,96.5075,1,0,0
0,0,0,2009110,0,0,0,0,0,0,-64.7168,96.5014,1,0,0
0,0,0,2009111,0,0,0,0,0,0,-64.7168,96.5014,1,0,0
0,0,0,2009112,0,0,0,0,0,0,-64.7122,96.482,1,0,0
0,0,0,2009113,0,0,0,0,0,0,-64.7078,96.4261,1,0,0
0,0,0,2009114,0,0,0,0,0,0,-64.7359,96.4689,1,0,0
0,0,0,2009115,0,0,0,0,0,0,-64.7339,96.4416,1,0,0
0,0,0,2009116,0,0,0,0,0,0,-64.7339,96.4416,1,0,0
0,0,0,2009117,0,0,0,0,0,0,-64.7339,96.4416,1,0,0
0,0,0,2009118,0,0,0,0,0,0,-64.7348,96.4236,1,0,0
0,0,0,2009119,0,0,0,0,0,0,-64.7414,96.4339,1,0,0
0,0,0,2009120,0,0,0,0,0,0,-64.7449,96.5079,1,0,0
0,0,0,2009121,0,0,0,0,0,0,-64.7247,96.4853,1,0,0
0,0,0,2009122,0,0,0,0,0,0,-64.7122,96.482,1,0,0
0,0,0,2009123,0,0,0,0,0,0,-64.7316,96.5236,1,0,0
0,0,0,2009124,0,0,0,0,0,0,-64.7238,96.5033,1,0,0
0,0,0,2009125,0,0,0,0,0,0,-64.728,96.4497,1,0,0
0,0,0,2009126,0,0,0,0,0,0,-64.6855,96.447,1,0,0
0,0,0,2009127,0,0,0,0,0,0,-64.694,96.4857,1,0,0
0,0,0,2009128,0,0,0,0,0,0,-64.7182,96.5383,1,0,0
0,0,0,2009129,0,0,0,0,0,0,-64.7083,96.5635,1,0,0
0,0,0,2009130,0,0,0,0,0,0,-64.7144,96.5833,1,0,0
0,0,0,2009131,0,0,0,0,0,0,-64.7144,96.5833,1,0,0
0,0,0,2009132,0,0,0,0,0,0,-64.7087,96.555,1,0,0
0,0,0,2009133,0,0,0,0,0,0,-64.7074,96.5815,1,0,0
0,0,0,2009134,0,0,0,0,0,0,-64.7157,96.5569,1,0,0
0,0,0,2009135,0,0,0,0,0,0,-64.7127,96.4735,1,0,0
0,0,0,2009136,0,0,0,0,0,0,-64.7329,96.4961,1,0,0
0,0,0,2009137,0,0,0,0,0,0,-64.7045,96.4617,1,0,0
0,0,0,2009138,0,0,0,0,0,0,-64.7029,96.4152,1,0,0
0,0,0,2009139,0,0,0,0,0,0,-64.7086,96.4435,1,0,0
0,0,0,2009140,0,0,0,0,0,0,-64.7292,96.4586,1,0,0
0,0,0,2009141,0,0,0,0,0,0,-64.7065,96.4526,1,0,0
0,0,0,2009142,0,0,0,0,0,0,-64.6941,96.4493,1,0,0
0,0,0,2009143,0,0,0,0,0,0,-64.6915,96.5033,1,0,0
0,0,0,2009144,0,0,0,0,0,0,-64.7051,96.5165,1,0,0
0,0,0,2009145,0,0,0,0,0,0,-64.7121,96.5184,1,0,0
0,0,0,2009146,0,0,0,0,0,0,-64.7121,96.5184,1,0,0
0,0,0,2009147,0,0,0,0,0,0,-64.7121,96.5184,1,0,0
0,0,0,2009148,0,0,0,0,0,0,-64.7121,96.5184,1,0,0
0,0,0,2009149,0,0,0,0,0,0,-64.6929,96.5861,1,0,0
0,0,0,2009150,0,0,0,0,0,0,-64.6929,96.5861,1,0,0
0,0,0,2009151,0,0,0,0,0,0,-64.7129,96.6473,1,0,0
0,0,0,2009152,0,0,0,0,0,0,-64.7129,96.6473,1,0,0
0,0,0,2009153,0,0,0,0,0,0,-64.7129,96.6473,1,0,0
0,0,0,2009154,0,0,0,0,0,0,-64.7129,96.6473,1,0,0
0,0,0,2009155,0,0,0,0,0,0,-64.7129,96.6473,1,0,0
0,0,0,2009156,0,0,0,0,0,0,-64.7129,96.6473,1,0,0
0,0,0,2009157,0,0,0,0,0,0,-64.7129,96.6473,1,0,0
0,0,0,2009158,0,0,0,0,0,0,-64.7129,96.6473,1,0,0
0,0,0,2009159,0,0,0,0,0,0,-64.7129,96.6473,1,0,0
0,0,0,2009160,0,0,0,0,0,0,-64.7129,96.6473,1,0,0
0,0,0,2009161,0,0,0,0,0,0,-64.7126,96.6204,1,0,0
0,0,0,2009162,0,0,0,0,0,0,-64.7073,96.5825,1,0,0
0,0,0,2009163,0,0,0,0,0,0,-64.7073,96.5825,1,0,0
0,0,0,2009164,0,0,0,0,0,0,-64.7073,96.5825,1,0,0
0,0,0,2009165,0,0,0,0,0,0,-64.7073,96.5825,1,0,0
0,0,0,2009166,0,0,0,0,0,0,-64.7073,96.5825,1,0,0
0,0,0,2009167,0,0,0,0,0,0,-64.7073,96.5825,1,0,0
0,0,0,2009168,0,0,0,0,0,0,-64.7073,96.5825,1,0,0
0,0,0,2009169,0,0,0,0,0,0,-64.7073,96.5825,1,0,0
0,0,0,2009170,0,0,0,0,0,0,-64.7073,96.5825,1,0,0
0,0,0,2009171,0,0,0,0,0,0,-64.7073,96.5825,1,0,0
0,0,0,2009172,0,0,0,0,0,0,-64.7073,96.5825,1,0,0
0,0,0,2009173,0,0,0,0,0,0,-64.7073,96.5825,1,0,0
0,0,0,2009174,0,0,0,0,0,0,-64.7073,96.5825,1,0,0
0,0,0,2009175,0,0,0,0,0,0,-64.7073,96.5825,1,0,0
0,0,0,2009176,0,0,0,0,0,0,-64.7073,96.5825,1,0,0
0,0,0,2009177,0,0,0,0,0,0,-64.7073,96.5825,1,0,0
0,0,0,2009178,0,0,0,0,0,0,-64.7073,96.5825,1,0,0
0,0,0,2009179,0,0,0,0,0,0,-64.7073,96.5825,1,0,0
0,0,0,2009180,0,0,0,0,0,0,-64.7073,96.5825,1,0,0
0,0,0,2009181,0,0,0,0,0,0,-64.7073,96.5825,1,0,0
0,0,0,2009182,0,0,0,0,0,0,-64.6853,96.8767,1,0,0
0,0,0,2009183,0,0,0,0,0,0,-64.6941,96.7365,1,0,0
0,0,0,2009184,0,0,0,0,0,0,-64.6941,96.7365,1,0,0
0,0,0,2009185,0,0,0,0,0,0,-64.6941,96.7365,1,0,0
0,0,0,2009186,0,0,0,0,0,0,-64.6941,96.7365,1,0,0
0,0,0,2009187,0,0,0,0,0,0,-64.6876,96.724,1,0,0
0,0,0,2009188,0,0,0,0,0,0,-64.6929,96.7619,1,0,0
0,0,0,2009189,0,0,0,0,0,0,-64.6713,96.7655,1,0,0
0,0,0,2009190,0,0,0,0,0,0,-64.6756,96.7121,1,0,0
0,0,0,2009191,0,0,0,0,0,0,-64.6603,96.7347,1,0,0
0,0,0,2009192,0,0,0,0,0,0,-64.6804,96.7584,1,0,0
0,0,0,2009193,0,0,0,0,0,0,-64.6713,96.7655,1,0,0
0,0,0,2009194,0,0,0,0,0,0,-64.6729,96.766,1,0,0
0,0,0,2009195,0,0,0,0,0,0,-64.6729,96.766,1,0,0
0,0,0,2009196,0,0,0,0,0,0,-64.6729,96.766,1,0,0
0,0,0,2009197,0,0,0,0,0,0,-64.6729,96.766,1,0,0
0,0,0,2009198,0,0,0,0,0,0,-64.6729,96.766,1,0,0
0,0,0,2009199,0,0,0,0,0,0,-64.6729,96.766,1,0,0
0,0,0,2009200,0,0,0,0,0,0,-64.6729,96.766,1,0,0
0,0,0,2009201,0,0,0,0,0,0,-64.6729,96.766,1,0,0
0,0,0,2009202,0,0,0,0,0,0,-64.6729,96.766,1,0,0
0,0,0,2009203,0,0,0,0,0,0,-64.6729,96.766,1,0,0
0,0,0,2009204,0,0,0,0,0,0,-64.6729,96.766,1,0,0
0,0,0,2009205,0,0,0,0,0,0,-64.6729,96.766,1,0,0
0,0,0,2009206,0,0,0,0,0,0,-64.6729,96.766,1,0,0
0,0,0,2009207,0,0,0,0,0,0,-64.6729,96.766,1,0,0
0,0,0,2009208,0,0,0,0,0,0,-64.6729,96.766,1,0,0
0,0,0,2009209,0,0,0,0,0,0,-64.6729,96.766,1,0,0
0,0,0,2009210,0,0,0,0,0,0,-64.6729,96.766,1,0,0
0,0,0,2009211,0,0,0,0,0,0,-64.6729,96.766,1,0,0
0,0,0,2009212,0,0,0,0,0,0,-64.6729,96.766,1,0,0
0,0,0,2009213,0,0,0,0,0,0,-64.6729,96.766,1,0,0
0,0,0,2009214,0,0,0,0,0,0,-64.6729,96.766,1,0,0
0,0,0,2009215,0,0,0,0,0,0,-64.6729,96.766,1,0,0
0,0,0,2009216,0,0,0,0,0,0,-64.6729,96.766,1,0,0
0,0,0,2009217,0,0,0,0,0,0,-64.6722,96.6383,1,0,0
0,0,0,2009218,0,0,0,0,0,0,-64.6639,96.6618,1,0,0
0,0,0,2009219,0,0,0,0,0,0,-64.6626,96.6893,1,0,0
0,0,0,2009220,0,0,0,0,0,0,-64.6763,96.8388,1,0,0
0,0,0,2009221,0,0,0,0,0,0,-64.6763,96.8388,1,0,0
0,0,0,2009222,0,0,0,0,0,0,-64.6763,96.8388,1,0,0
0,0,0,2009223,0,0,0,0,0,0,-64.6763,96.8388,1,0,0
0,0,0,2009224,0,0,0,0,0,0,-64.6763,96.8388,1,0,0
0,0,0,2009225,0,0,0,0,0,0,-64.6763,96.8388,1,0,0
0,0,0,2009226,0,0,0,0,0,0,-64.6763,96.8388,1,0,0
0,0,0,2009227,0,0,0,0,0,0,-64.6763,96.8388,1,0,0
0,0,0,2009228,0,0,0,0,0,0,-64.6763,96.8388,1,0,0
0,0,0,2009229,0,0,0,0,0,0,-64.6763,96.8388,1,0,0
0,0,0,2009230,0,0,0,0,0,0,-64.6763,96.8388,1,0,0
0,0,0,2009231,0,0,0,0,0,0,-64.6763,96.8388,1,0,0
0,0,0,2009232,0,0,0,0,0,0,-64.6763,96.8388,1,0,0
0,0,0,2009233,0,0,0,0,0,0,-64.6763,96.8388,1,0,0
0,0,0,2009234,0,0,0,0,0,0,-64.6763,96.8388,1,0,0
0,0,0,2009235,0,0,0,0,0,0,-64.6728,96.8763,1,0,0
0,0,0,2009236,0,0,0,0,0,0,-64.6984,96.7923,1,0,0
0,0,0,2009237,0,0,0,0,0,0,-64.6984,96.7923,1,0,0
0,0,0,2009238,0,0,0,0,0,0,-64.6984,96.7923,1,0,0
0,0,0,2009239,0,0,0,0,0,0,-64.6984,96.7923,1,0,0
0,0,0,2009240,0,0,0,0,0,0,-64.6984,96.7923,1,0,0
0,0,0,2009241,0,0,0,0,0,0,-64.6984,96.7923,1,0,0
0,0,0,2009242,0,0,0,0,0,0,-64.6984,96.7923,1,0,0
0,0,0,2009243,0,0,0,0,0,0,-64.6984,96.7923,1,0,0
0,0,0,2009244,0,0,0,0,0,0,-64.6984,96.7923,1,0,0
0,0,0,2009245,0,0,0,0,0,0,-64.6984,96.7923,1,0,0
0,0,0,2009246,0,0,0,0,0,0,-64.6984,96.7923,1,0,0
0,0,0,2009247,0,0,0,0,0,0,-64.6984,96.7923,0,0,0
0,0,0,2009248,0,0,0,0,0,0,-64.6984,96.7923,0,0,0
0,0,0,2009249,0,0,0,0,0,0,-64.6984,96.7923,1,0,0
0,0,0,2009250,0,0,0,0,0,0,-64.6984,96.7923,1,0,0
0,0,0,2009251,0,0,0,0,0,0,-64.6984,96.7923,1,0,0
0,0,0,2009252,0,0,0,0,0,0,-64.6984,96.7923,1,0,0
0,0,0,2009253,0,0,0,0,0,0,-64.6984,96.7923,1,0,0
0,0,0,2009254,0,0,0,0,0,0,-64.6984,96.7923,1,0,0
0,0,0,2009255,0,0,0,0,0,0,-64.6984,96.7923,1,0,0
0,0,0,2009256,0,0,0,0,0,0,-64.6984,96.7923,1,0,0
0,0,0,2009257,0,0,0,0,0,0,-64.6984,96.7923,1,0,0
0,0,0,2009258,0,0,0,0,0,0,-64.6984,96.7923,1,0,0
0,0,0,2009259,0,0,0,0,0,0,-64.6984,96.7923,1,0,0
0,0,0,2009260,0,0,0,0,0,0,-64.6984,96.7923,1,0,0
0,0,0,2009261,0,0,0,0,0,0,-64.6984,96.7923,1,0,0
0,0,0,2009262,0,0,0,0,0,0,-64.6984,96.7923,1,0,0
0,0,0,2009263,0,0,0,0,0,0,-64.6984,96.7923,1,0,0
0,0,0,2009264,0,0,0,0,0,0,-64.6984,96.7923,1,0,0
0,0,0,2009265,0,0,0,0,0,0,-64.6984,96.7923,1,0,0
0,0,0,2009266,0,0,0,0,0,0,-64.6984,96.7923,1,0,0
0,0,0,2009267,0,0,0,0,0,0,-64.6984,96.7923,1,0,0
0,0,0,2009268,0,0,0,0,0,0,-64.6984,96.7923,1,0,0
0,0,0,2009269,0,0,0,0,0,0,-64.6984,96.7923,1,0,0
0,0,0,2009270,0,0,0,0,0,0,-64.6984,96.7923,1,0,0
0,0,0,2009271,0,0,0,0,0,0,-64.6984,96.7923,1,0,0
0,0,0,2009272,0,0,0,0,0,0,-64.6984,96.7923,1,0,0
0,0,0,2009273,0,0,0,0,0,0,-64.6984,96.7923,1,0,0
0,0,0,2009274,0,0,0,0,0,0,-64.6984,96.7923,1,0,0
0,0,0,2009275,0,0,0,0,0,0,-64.6984,96.7923,1,0,0
0,0,0,2009276,0,0,0,0,0,0,-64.6984,96.7923,1,0,0
0,0,0,2009277,0,0,0,0,0,0,-64.6984,96.7923,1,0,0
0,0,0,2009278,0,0,0,0,0,0,-64.6984,96.7923,1,0,0
0,0,0,2009279,0,0,0,0,0,0,-64.6984,96.7923,1,0,0
0,0,0,2009280,0,0,0,0,0,0,-64.6984,96.7923,1,0,0
0,0,0,2009281,0,0,0,0,0,0,-64.6984,96.7923,1,0,0
0,0,0,2009282,0,0,0,0,0,0,-64.6984,96.7923,1,0,0
0,0,0,2009283,0,0,0,0,0,0,-64.6984,96.7923,1,0,0
0,0,0,2009284,0,0,0,0,0,0,-64.6984,96.7923,1,0,0
0,0,0,2009285,0,0,0,0,0,0,-64.6984,96.7923,1,0,0
0,0,0,2009286,0,0,0,0,0,0,-64.6984,96.7923,1,0,0
0,0,0,2009287,0,0,0,0,0,0,-64.6984,96.7923,1,0,0
0,0,0,2009288,0,0,0,0,0,0,-64.6984,96.7923,1,0,0
0,0,0,2009289,0,0,0,0,0,0,-64.6984,96.7923,1,0,0
0,0,0,2009290,0,0,0,0,0,0,-64.6984,96.7923,1,0,0
0,0,0,2009291,0,0,0,0,0,0,-64.6984,96.7923,1,0,0
0,0,0,2009292,0,0,0,0,0,0,-64.6984,96.7923,1,0,0
0,0,0,2009293,0,0,0,0,0,0,-64.6984,96.7923,1,0,0
0,0,0,2009294,0,0,0,0,0,0,-64.6984,96.7923,1,0,0
0,0,0,2009295,0,0,0,0,0,0,-64.6984,96.7923,1,0,0
0,0,0,2009296,0,0,0,0,0,0,-64.6984,96.7923,1,0,0
0,0,0,2009297,0,0,0,0,0,0,-64.6984,96.7923,1,0,0
0,0,0,2009298,0,0,0,0,0,0,-64.6984,96.7923,1,0,0
0,0,0,2009299,0,0,0,0,0,0,-64.6984,96.7923,1,0,0
0,0,0,2009300,0,0,0,0,0,0,-64.6984,96.7923,1,0,0
0,0,0,2009301,0,0,0,0,0,0,-64.6984,96.7923,1,0,0
0,0,0,2009302,0,0,0,0,0,0,-64.6984,96.7923,1,0,0
0,0,0,2009303,0,0,0,0,0,0,-64.6984,96.7923,1,0,0
0,0,0,2009304,0,0,0,0,0,0,-64.6984,96.7923,1,0,0
0,0,0,2009305,0,0,0,0,0,0,-64.6984,96.7923,1,0,0
0,0,0,2009306,0,0,0,0,0,0,-64.6984,96.7923,1,0,0
0,0,0,2009307,0,0,0,0,0,0,-64.6984,96.7923,1,0,0
0,0,0,2009308,0,0,0,0,0,0,-64.6984,96.7923,1,0,0
0,0,0,2009309,0,0,0,0,0,0,-64.6984,96.7923,1,0,0
0,0,0,2009310,0,0,0,0,0,0,-64.6984,96.7923,1,0,0
0,0,0,2009311,0,0,0,0,0,0,-64.6984,96.7923,1,0,0
0,0,0,2009312,0,0,0,0,0,0,-64.6984,96.7923,1,0,0
0,0,0,2009313,0,0,0,0,0,0,-64.6984,96.7923,1,0,0
0,0,0,2009314,0,0,0,0,0,0,-64.6984,96.7923,1,0,0
0,0,0,2009315,0,0,0,0,0,0,-64.6984,96.7923,1,0,0
0,0,0,2009316,0,0,0,0,0,0,-64.6984,96.7923,1,0,0
0,0,0,2009317,0,0,0,0,0,0,-64.6984,96.7923,1,0,0
0,0,0,2009318,0,0,0,0,0,0,-64.6984,96.7923,1,0,0
0,0,0,2009319,0,0,0,0,0,0,-64.6984,96.7923,1,0,0
0,0,0,2009320,0,0,0,0,0,0,-64.6984,96.7923,1,0,0
0,0,0,2009321,0,0,0,0,0,0,-64.6984,96.7923,1,0,0
0,0,0,2009322,0,0,0,0,0,0,-64.6984,96.7923,1,0,0
0,0,0,2009323,0,0,0,0,0,0,-64.6984,96.7923,1,0,0
0,0,0,2009324,0,0,0,0,0,0,-64.6984,96.7923,1,0,0
0,0,0,2009325,0,0,0,0,0,0,-64.6984,96.7923,1,0,0
0,0,0,2009326,0,0,0,0,0,0,-64.6984,96.7923,1,0,0
0,0,0,2009327,0,0,0,0,0,0,-64.6984,96.7923,1,0,0
0,0,0,2010024,-64.85,95.98,1,0,0,0,0,0,0,10,2
0,0,0,2010025,-64.85,95.98,0,0,0,0,0,0,0,0,0
0,0,0,2010026,-64.85,95.98,0,0,0,0,0,0,0,0,0
0,0,0,2010027,-64.85,95.98,0,0,0,0,0,0,0,0,0
0,0,0,2010028,-64.85,95.98,0,0,0,0,0,0,0,0,0
0,0,0,2010029,-64.85,95.98,0,0,0,0,0,0,0,0,0
0,0,0,2010030,-64.85,95.98,0,0,0,0,0,0,0,0,0
0,0,0,2010031,-64.85,95.98,1,0,0,0,0,0,0,10,2
0,0,0,2010032,-64.85,95.98,0,0,0,0,0,0,0,0,0
0,0,0,2010033,-64.85,95.98,0,0,0,0,0,0,0,0,0
0,0,0,2010034,-64.85,95.98,0,0,0,0,0,0,0,0,0
0,0,0,2010035,-64.85,95.98,0,0,0,0,0,0,0,0,0
0,0,0,2010036,-64.85,95.98,0,0,0,0,0,0,0,0,0
0,0,0,2010037,-64.85,95.98,0,0,0,0,0,0,0,0,0
0,0,0,2010038,-64.85,95.98,1,0,0,0,0,0,0,10,2
0,0,0,2010039,-64.85,95.98,0,0,0,0,0,0,0,0,0
0,0,0,2010040,-64.85,95.98,0,0,0,0,0,0,0,0,0
0,0,0,2010041,-64.85,95.98,0,0,0,0,0,0,0,0,0
0,0,0,2010042,-64.85,95.98,0,0,0,0,0,0,0,0,0
0,0,0,2010043,-64.85,95.98,0,0,0,0,0,0,0,0,0
0,0,0,2010044,-64.85,95.98,0,0,0,0,0,0,0,0,0
0,0,0,2010045,-64.85,95.98,1,0,0,0,0,0,0,10,2
0,0,0,2010046,-64.85,95.98,0,0,0,0,0,0,0,0,0
0,0,0,2010047,-64.85,95.98,0,0,0,0,0,0,0,0,0
0,0,0,2010048,-64.85,95.98,0,0,0,0,0,0,0,0,0
0,0,0,2010049,-64.85,95.98,0,0,0,0,0,0,0,0,0
0,0,0,2010050,-64.85,95.98,0,0,0,0,0,0,0,0,0
0,0,0,2010051,-64.85,95.98,0,0,0,0,0,0,0,0,0
0,0,0,2010052,-64.85,95.98,1,0,0,0,0,0,0,10,2
0,0,0,2010053,-64.85,95.98,0,0,0,0,0,0,0,0,0
0,0,0,2010054,-64.85,95.98,0,0,0,0,0,0,0,0,0
0,0,0,2010055,-64.85,95.98,0,0,0,0,0,0,0,0,0
0,0,0,2010056,-64.85,95.98,0,0,0,0,0,0,0,0,0
0,0,0,2010057,-64.85,95.98,0,0,0,0,0,0,0,0,0
0,0,0,2010058,-64.85,95.98,0,0,0,0,0,0,0,0,0
0,0,0,2010059,-64.85,95.98,1,0,0,0,0,0,0,10,2
0,0,0,2010060,-64.85,95.98,0,0,0,0,0,0,0,0,0
0,0,0,2010061,-64.85,95.98,0,0,0,0,0,0,0,0,0
0,0,0,2010062,-64.85,95.98,0,0,0,0,0,0,0,0,0
0,0,0,2010063,-64.85,95.98,0,0,0,0,0,0,0,0,0
0,0,0,2010064,-64.85,95.98,0,0,0,0,0,0,0,0,0
0,0,0,2010065,-64.85,95.98,0,0,0,0,0,0,0,0,0
0,0,0,2010066,-64.85,95.98,1,0,0,0,0,0,0,10,2
0,0,0,2010067,-64.85,95.98,0,0,0,0,0,0,0,0,0
0,0,0,2010068,-64.85,95.98,0,0,0,0,0,0,0,0,0
0,0,0,2010069,-64.85,95.98,0,0,0,0,0,0,0,0,0
0,0,0,2010070,-64.85,95.98,0,0,0,0,0,0,0,0,0
0,0,0,2010071,-64.85,95.98,0,0,0,0,0,0,0,0,0
0,0,0,2010072,-64.85,95.98,0,0,0,0,0,0,0,0,0
0,0,0,2010073,-64.85,95.98,1,0,0,0,0,0,0,10,2
0,0,0,2010074,-64.85,95.98,0,0,0,0,0,0,0,0,0
0,0,0,2010075,-64.85,95.98,0,0,0,0,0,0,0,0,0
0,0,0,2010076,-64.85,95.98,0,0,0,0,0,0,0,0,0
0,0,0,2010077,-64.85,95.98,0,0,0,0,0,0,0,0,0
0,0,0,2010078,-64.85,95.98,0,0,0,0,0,0,0,0,0
0,0,0,2010079,-64.85,95.98,0,0,0,0,0,0,0,0,0
0,0,0,2010080,-64.85,95.98,1,0,0,0,0,0,0,10,2
0,0,0,2010081,-64.85,95.98,0,0,0,0,0,0,0,0,0
0,0,0,2010082,-64.85,95.98,0,0,0,0,0,0,0,0,0
0,0,0,2010083,-64.85,95.98,0,0,0,0,0,0,0,0,0
0,0,0,2010084,-64.85,95.98,0,0,0,0,0,0,0,0,0
0,0,0,2010085,-64.85,95.98,0,0,0,0,0,0,0,0,0
0,0,0,2010086,-64.85,95.98,0,0,0,0,0,0,0,0,0
0,0,0,2010087,-64.85,95.98,1,0,0,0,0,0,0,10,2
0,0,0,2010088,-64.85,95.98,0,0,0,0,0,0,0,0,0
0,0,0,2010089,-64.85,95.98,0,0,0,0,0,0,0,0,0
0,0,0,2010090,-64.85,95.98,0,0,0,0,0,0,0,0,0
0,0,0,2010091,-64.85,95.98,0,0,0,0,0,0,0,0,0
0,0,0,2010092,-64.85,95.98,0,0,0,0,0,0,0,0,0
0,0,0,2010093,-64.85,95.98,0,0,0,0,0,0,0,0,0
0,0,0,2010094,-64.85,95.98,1,0,0,0,0,0,0,10,2
0,0,0,2010095,-64.85,95.98,0,0,0,0,0,0,0,0,0
0,0,0,2010096,-64.85,95.98,0,0,0,0,0,0,0,0,0
0,0,0,2010097,-64.85,95.98,0,0,0,0,0,0,0,0,0
0,0,0,2010098,-64.85,95.98,0,0,0,0,0,0,0,0,0
0,0,0,2010099,-64.85,95.98,0,0,0,0,0,0,0,0,0
0,0,0,2010100,-64.85,95.98,0,0,0,0,0,0,0,0,0
0,0,0,2010101,-64.85,95.98,1,0,0,0,0,0,0,10,2
0,0,0,2010102,-64.85,95.98,0,0,0,0,0,0,0,0,0
0,0,0,2010103,-64.85,95.98,0,0,0,0,0,0,0,0,0
0,0,0,2010104,-64.85,95.98,0,0,0,0,0,0,0,0,0
0,0,0,2010105,-64.85,95.98,0,0,0,0,0,0,0,0,0
0,0,0,2010106,-64.85,95.98,0,0,0,0,0,0,0,0,0
0,0,0,2010107,-64.85,95.98,0,0,0,0,0,0,0,0,0
0,0,0,2010108,-64.85,95.98,1,0,0,0,0,0,0,10,2
0,0,0,2010109,-64.85,95.98,0,0,0,0,0,0,0,0,0
0,0,0,2010110,-64.85,95.98,0,0,0,0,0,0,0,0,0
0,0,0,2010111,-64.85,95.98,0,0,0,0,0,0,0,0,0
0,0,0,2010112,-64.85,95.98,0,0,0,0,0,0,0,0,0
0,0,0,2010113,-64.85,95.98,0,0,0,0,0,0,0,0,0
0,0,0,2010114,-64.85,95.98,0,0,0,0,0,0,0,0,0
0,0,0,2010115,-64.85,95.98,1,0,0,0,0,0,0,10,2
0,0,0,2010116,-64.85,95.98,0,0,0,0,0,0,0,0,0
0,0,0,2010117,-64.85,95.98,0,0,0,0,0,0,0,0,0
0,0,0,2010118,-64.85,95.98,0,0,0,0,0,0,0,0,0
0,0,0,2010119,-64.85,95.98,0,0,0,0,0,0,0,0,0
0,0,0,2010120,-64.85,95.98,0,0,0,0,0,0,0,0,0
0,0,0,2010121,-64.85,95.98,0,0,0,0,0,0,0,0,0
0,0,0,2010122,-64.85,95.98,1,0,0,0,0,0,0,10,2
0,0,0,2010123,-64.85,95.98,0,0,0,0,0,0,0,0,0
0,0,0,2010124,-64.85,95.98,0,0,0,0,0,0,0,0,0
0,0,0,2010125,-64.85,95.98,0,0,0,0,0,0,0,0,0
0,0,0,2010126,-64.85,95.98,0,0,0,0,0,0,0,0,0
0,0,0,2010127,-64.85,95.98,0,0,0,0,0,0,0,0,0
0,0,0,2010128,-64.85,95.98,0,0,0,0,0,0,0,0,0
0,0,0,2010129,-64.85,95.98,1,0,0,0,0,0,0,10,2
0,0,0,2010130,-64.85,95.98,0,0,0,0,0,0,0,0,0
0,0,0,2010131,-64.85,95.98,0,0,0,0,0,0,0,0,0
0,0,0,2010132,-64.85,95.98,0,0,0,0,0,0,0,0,0
0,0,0,2010133,-64.85,95.98,0,0,0,0,0,0,0,0,0
0,0,0,2010134,-64.85,95.98,0,0,0,0,0,0,0,0,0
0,0,0,2010135,-64.85,95.98,0,0,0,0,0,0,0,0,0
0,0,0,2010136,-64.85,95.98,1,0,0,0,0,0,0,10,2
0,0,0,2010137,-64.85,95.9794,0,0,0,0,0,0,0,0,0
0,0,0,2010138,-64.85,95.978,0,0,0,0,0,0,0,0,0
0,0,0,2010139,-64.85,95.9761,0,0,0,0,0,0,0,0,0
0,0,0,2010140,-64.85,95.9739,0,0,0,0,0,0,0,0,0
0,0,0,2010141,-64.85,95.972,0,0,0,0,0,0,0,0,0
0,0,0,2010142,-64.85,95.9706,0,0,0,0,0,0,0,0,0
0,0,0,2010143,-64.85,95.97,1,0,0,0,0,0,0,10,2
0,0,0,2010144,-64.85,95.97,0,0,0,0,0,0,0,0,0
0,0,0,2010145,-64.85,95.97,0,0,0,0,0,0,0,0,0
0,0,0,2010146,-64.85,95.97,0,0,0,0,0,0,0,0,0
0,0,0,2010147,-64.85,95.97,0,0,0,0,0,0,0,0,0
0,0,0,2010148,-64.85,95.97,0,0,0,0,0,0,0,0,0
0,0,0,2010149,-64.85,95.97,0,0,0,0,0,0,0,0,0
0,0,0,2010150,-64.85,95.97,1,0,0,0,0,0,0,10,2
0,0,0,2010151,-64.85,95.97,0,0,0,0,0,0,0,0,0
0,0,0,2010152,-64.85,95.97,0,0,0,0,0,0,0,0,0
0,0,0,2010153,-64.85,95.97,0,0,0,0,0,0,0,0,0
0,0,0,2010154,-64.85,95.97,0,0,0,0,0,0,0,0,0
0,0,0,2010155,-64.85,95.97,0,0,0,0,0,0,0,0,0
0,0,0,2010156,-64.85,95.97,0,0,0,0,0,0,0,0,0
0,0,0,2010157,-64.85,95.97,1,0,0,0,0,0,0,10,2
0,0,0,2010158,-64.85,95.97,0,0,0,0,0,0,0,0,0
0,0,0,2010159,-64.85,95.97,0,0,0,0,0,0,0,0,0
0,0,0,2010160,-64.85,95.97,0,0,0,0,0,0,0,0,0
0,0,0,2010161,-64.85,95.97,0,0,0,0,0,0,0,0,0
0,0,0,2010162,-64.85,95.97,0,0,0,0,0,0,0,0,0
0,0,0,2010163,-64.85,95.97,0,0,0,0,0,0,0,0,0
0,0,0,2010164,-64.85,95.97,1,0,0,0,0,0,0,10,2
0,0,0,2010165,-64.85,95.97,0,0,0,0,0,0,0,0,0
0,0,0,2010166,-64.85,95.97,0,0,0,0,0,0,0,0,0
0,0,0,2010167,-64.85,95.97,0,0,0,0,0,0,0,0,0
0,0,0,2010168,-64.85,95.97,0,0,0,0,0,0,0,0,0
0,0,0,2010169,-64.85,95.97,0,0,0,0,0,0,0,0,0
0,0,0,2010170,-64.85,95.97,0,0,0,0,0,0,0,0,0
0,0,0,2010171,-64.85,95.97,1,0,0,0,0,0,0,10,2
0,0,0,2010172,-64.85,95.97,0,0,0,0,0,0,0,0,0
0,0,0,2010173,-64.85,95.97,0,0,0,0,0,0,0,0,0
0,0,0,2010174,-64.85,95.97,0,0,0,0,0,0,0,0,0
0,0,0,2010175,-64.85,95.97,0,0,0,0,0,0,0,0,0
0,0,0,2010176,-64.85,95.97,0,0,0,0,0,0,0,0,0
0,0,0,2010177,-64.85,95.97,0,0,0,0,0,0,0,0,0
0,0,0,2010178,-64.85,95.97,1,0,0,0,0,0,0,10,2
0,0,0,2010179,-64.85,95.97,0,0,0,0,0,0,0,0,0
0,0,0,2010180,-64.85,95.97,0,0,0,0,0,0,0,0,0
0,0,0,2010181,-64.85,95.97,0,0,0,0,0,0,0,0,0
0,0,0,2010182,-64.85,95.97,0,0,0,0,0,0,0,0,0
0,0,0,2010183,-64.85,95.97,0,0,0,0,0,0,0,0,0
0,0,0,2010184,-64.85,95.97,0,0,0,0,0,0,0,0,0
0,0,0,2010185,-64.85,95.97,1,0,0,0,0,0,0,10,2
0,0,0,2010186,-64.85,95.97,0,0,0,0,0,0,0,0,0
0,0,0,2010187,-64.85,95.97,0,0,0,0,0,0,0,0,0
0,0,0,2010188,-64.85,95.97,0,0,0,0,0,0,0,0,0
0,0,0,2010189,-64.85,95.97,0,0,0,0,0,0,0,0,0
0,0,0,2010190,-64.85,95.97,0,0,0,0,0,0,0,0,0
0,0,0,2010191,-64.85,95.97,0,0,0,0,0,0,0,0,0
0,0,0,2010192,-64.85,95.97,1,0,0,0,0,0,0,10,2
0,0,0,2010193,-64.85,95.97,0,0,0,0,0,0,0,0,0
0,0,0,2010194,-64.85,95.97,0,0,0,0,0,0,0,0,0
0,0,0,2010195,-64.85,95.97,0,0,0,0,0,0,0,0,0
0,0,0,2010196,-64.85,95.97,0,0,0,0,0,0,0,0,0
0,0,0,2010197,-64.85,95.97,0,0,0,0,0,0,0,0,0
0,0,0,2010198,-64.85,95.97,0,0,0,0,0,0,0,0,0
0,0,0,2010199,-64.85,95.97,1,0,0,0,0,0,0,10,2
0,0,0,2010200,-64.85,95.97,0,0,0,0,0,0,0,0,0
0,0,0,2010201,-64.85,95.97,0,0,0,0,0,0,0,0,0
0,0,0,2010202,-64.85,95.97,0,0,0,0,0,0,0,0,0
0,0,0,2010203,-64.85,95.97,0,0,0,0,0,0,0,0,0
0,0,0,2010204,-64.85,95.97,0,0,0,0,0,0,0,0,0
0,0,0,2010205,-64.85,95.97,0,0,0,0,0,0,0,0,0
0,0,0,2010206,-64.85,95.97,1,0,0,0,0,0,0,10,2
0,0,0,2010207,-64.85,95.97,0,0,0,0,0,0,0,0,0
0,0,0,2010208,-64.85,95.97,0,0,0,0,0,0,0,0,0
0,0,0,2010209,-64.85,95.97,0,0,0,0,0,0,0,0,0
0,0,0,2010210,-64.85,95.97,0,0,0,0,0,0,0,0,0
0,0,0,2010211,-64.85,95.97,0,0,0,0,0,0,0,0,0
0,0,0,2010212,-64.85,95.97,0,0,0,0,0,0,0,0,0
0,0,0,2010213,-64.85,95.97,1,0,0,0,0,0,0,10,2
0,0,0,2010214,-64.85,95.9706,0,0,0,0,0,0,0,0,0
0,0,0,2010215,-64.85,95.972,0,0,0,0,0,0,0,0,0
0,0,0,2010216,-64.85,95.9739,0,0,0,0,0,0,0,0,0
0,0,0,2010217,-64.85,95.9761,0,0,0,0,0,0,0,0,0
0,0,0,2010218,-64.85,95.978,0,0,0,0,0,0,0,0,0
0,0,0,2010219,-64.85,95.9794,0,0,0,0,0,0,0,0,0
0,0,0,2010220,-64.85,95.98,1,0,0,0,0,0,0,10,2
0,0,0,2010221,-64.85,95.98,0,0,0,0,0,0,0,0,0
0,0,0,2010222,-64.85,95.98,0,0,0,0,0,0,0,0,0
0,0,0,2010223,-64.85,95.98,0,0,0,0,0,0,0,0,0
0,0,0,2010224,-64.85,95.98,0,0,0,0,0,0,0,0,0
0,0,0,2010225,-64.85,95.98,0,0,0,0,0,0,0,0,0
0,0,0,2010226,-64.85,95.98,0,0,0,0,0,0,0,0,0
0,0,0,2010227,-64.85,95.98,1,0,0,0,0,0,0,10,2
0,0,0,2010228,-64.85,95.98,0,0,0,0,0,0,0,0,0
0,0,0,2010229,-64.85,95.98,0,0,0,0,0,0,0,0,0
0,0,0,2010230,-64.85,95.98,0,0,0,0,0,0,0,0,0
0,0,0,2010231,-64.85,95.98,0,0,0,0,0,0,0,0,0
0,0,0,2010232,-64.85,95.98,0,0,0,0,0,0,0,0,0
0,0,0,2010233,-64.85,95.98,0,0,0,0,0,0,0,0,0
0,0,0,2010234,-64.85,95.98,1,0,0,0,0,0,0,10,2
0,0,0,2010235,-64.85,95.98,0,0,0,0,0,0,0,0,0
0,0,0,2010236,-64.85,95.98,0,0,0,0,0,0,0,0,0
0,0,0,2010237,-64.85,95.98,0,0,0,0,0,0,0,0,0
0,0,0,2010238,-64.85,95.98,0,0,0,0,0,0,0,0,0
0,0,0,2010239,-64.85,95.98,0,0,0,0,0,0,0,0,0
0,0,0,2010240,-64.85,95.98,0,0,0,0,0,0,0,0,0
0,0,0,2010241,-64.85,95.98,1,0,0,0,0,0,0,10,2
0,0,0,2010242,-64.85,95.98,0,0,0,0,0,0,0,0,0
0,0,0,2010243,-64.85,95.98,0,0,0,0,0,0,0,0,0
0,0,0,2010244,-64.85,95.98,0,0,0,0,0,0,0,0,0
0,0,0,2010245,-64.85,95.98,0,0,0,0,0,0,0,0,0
0,0,0,2010246,-64.85,95.98,0,0,0,0,0,0,0,0,0
0,0,0,2010247,-64.85,95.98,0,0,0,0,0,0,0,0,0
0,0,0,2010248,-64.85,95.98,1,0,0,0,0,0,0,10,2
0,0,0,2010249,-64.85,95.98,0,0,0,0,0,0,0,0,0
0,0,0,2010250,-64.85,95.98,0,0,0,0,0,0,0,0,0
0,0,0,2010251,-64.85,95.98,0,0,0,0,0,0,0,0,0
0,0,0,2010252,-64.85,95.98,0,0,0,0,0,0,0,0,0
0,0,0,2010253,-64.85,95.98,0,0,0,0,0,0,0,0,0
0,0,0,2010254,-64.85,95.98,0,0,0,0,0,0,0,0,0
0,0,0,2010255,-64.85,95.98,1,0,0,0,0,0,0,10,2
0,0,0,2010256,-64.85,95.98,0,0,0,0,0,0,0,0,0
0,0,0,2010257,-64.85,95.98,0,0,0,0,0,0,0,0,0
0,0,0,2010258,-64.85,95.98,0,0,0,0,0,0,0,0,0
0,0,0,2010259,-64.85,95.98,0,0,0,0,0,0,0,0,0
0,0,0,2010260,-64.85,95.98,0,0,0,0,0,0,0,0,0
0,0,0,2010261,-64.85,95.98,0,0,0,0,0,0,0,0,0
0,0,0,2010262,-64.85,95.98,1,0,0,0,0,0,0,10,2
0,0,0,2010263,-64.85,95.98,0,0,0,0,0,0,0,0,0
0,0,0,2010264,-64.85,95.98,0,0,0,0,0,0,0,0,0
0,0,0,2010265,-64.85,95.98,0,0,0,0,0,0,0,0,0
0,0,0,2010266,-64.85,95.98,0,0,0,0,0,0,0,0,0
0,0,0,2010267,-64.85,95.98,0,0,0,0,0,0,0,0,0
0,0,0,2010268,-64.85,95.98,0,0,0,0,0,0,0,0,0
0,0,0,2010269,-64.85,95.98,1,0,0,0,0,0,0,10,2
0,0,0,2010270,-64.85,95.98,0,0,0,0,0,0,0,0,0
0,0,0,2010271,-64.85,95.98,0,0,0,0,0,0,0,0,0
0,0,0,2010272,-64.85,95.98,0,0,0,0,0,0,0,0,0
0,0,0,2010273,-64.85,95.98,0,0,0,0,0,0,0,0,0
0,0,0,2010274,-64.85,95.98,0,0,0,0,0,0,0,0,0
0,0,0,2010275,-64.85,95.98,0,0,0,0,0,0,0,0,0
0,0,0,2010276,-64.85,95.98,1,0,0,0,0,0,0,10,2
0,0,0,2010277,-64.85,95.98,0,0,0,0,0,0,0,0,0
0,0,0,2010278,-64.85,95.98,0,0,0,0,0,0,0,0,0
0,0,0,2010279,-64.85,95.98,0,0,0,0,0,0,0,0,0
0,0,0,2010280,-64.85,95.98,0,0,0,0,0,0,0,0,0
0,0,0,2010281,-64.85,95.98,0,0,0,0,0,0,0,0,0
0,0,0,2010282,-64.85,95.98,0,0,0,0,0,0,0,0,0
0,0,0,2010283,-64.85,95.98,1,0,0,0,0,0,0,10,2
0,0,0,2010284,-64.85,95.98,0,0,0,0,0,0,0,0,0
0,0,0,2010285,-64.85,95.98,0,0,0,0,0,0,0,0,0
0,0,0,2010286,-64.85,95.98,0,0,0,0,0,0,0,0,0
0,0,0,2010287,-64.85,95.98,0,0,0,0,0,0,0,0,0
0,0,0,2010288,-64.85,95.98,0,0,0,0,0,0,0,0,0
0,0,0,2010289,-64.85,95.98,0,0,0,0,0,0,0,0,0
0,0,0,2010290,-64.85,95.98,1,0,0,0,0,0,0,10,2
0,0,0,2010291,-64.85,95.98,0,0,0,0,0,0,0,0,0
0,0,0,2010292,-64.85,95.98,0,0,0,0,0,0,0,0,0
0,0,0,2010293,-64.85,95.98,0,0,0,0,0,0,0,0,0
0,0,0,2010294,-64.85,95.98,0,0,0,0,0,0,0,0,0
0,0,0,2010295,-64.85,95.98,0,0,0,0,0,0,0,0,0
0,0,0,2010296,-64.85,95.98,0,0,0,0,0,0,0,0,0
0,0,0,2010297,-64.85,95.98,1,0,0,0,0,0,0,10,2
0,0,0,2010298,-64.85,95.98,0,0,0,0,0,0,0,0,0
0,0,0,2010299,-64.85,95.98,0,0,0,0,0,0,0,0,0
0,0,0,2010300,-64.85,95.98,0,0,0,0,0,0,0,0,0
0,0,0,2010301,-64.85,95.98,0,0,0,0,0,0,0,0,0
0,0,0,2010302,-64.85,95.98,0,0,0,0,0,0,0,0,0
0,0,0,2010303,-64.85,95.98,0,0,0,0,0,0,0,0,0
0,0,0,2010304,-64.85,95.98,1,0,0,0,0,0,0,10,2
0,0,0,2010305,-64.85,95.98,0,0,0,0,0,0,0,0,0
0,0,0,2010306,-64.85,95.98,0,0,0,0,0,0,0,0,0
0,0,0,2010307,-64.85,95.98,0,0,0,0,0,0,0,0,0
0,0,0,2010308,-64.85,95.98,0,0,0,0,0,0,0,0,0
0,0,0,2010309,-64.85,95.98,0,0,0,0,0,0,0,0,0
0,0,0,2010310,-64.85,95.98,0,0,0,0,0,0,0,0,0
0,0,0,2010311,-64.85,95.98,1,0,0,0,0,0,0,10,2
0,0,0,2010312,-64.85,95.98,0,0,0,0,0,0,0,0,0
0,0,0,2010313,-64.85,95.98,0,0,0,0,0,0,0,0,0
0,0,0,2010314,-64.85,95.98,0,0,0,0,0,0,0,0,0
0,0,0,2010315,-64.85,95.98,0,0,0,0,0,0,0,0,0
0,0,0,2010316,-64.85,95.98,0,0,0,0,0,0,0,0,0
0,0,0,2010317,-64.85,95.98,0,0,0,0,0,0,0,0,0
0,0,0,2010318,-64.85,95.98,1,0,0,0,0,0,0,11,2
0,0,0,2010319,-64.85,95.98,0,0,0,0,0,0,0,0,0
0,0,0,2010320,-64.85,95.98,0,0,0,0,0,0,0,0,0
0,0,0,2010321,-64.85,95.98,0,0,0,0,0,0,0,0,0
0,0,0,2010322,-64.85,95.98,0,0,0,0,0,0,0,0,0
0,0,0,2010323,-64.85,95.98,0,0,0,0,0,0,0,0,0
0,0,0,2010324,-64.85,95.98,0,0,0,0,0,0,0,0,0
0,0,0,2010325,-64.85,95.98,1,0,0,0,0,0,0,11,2
0,0,0,2010326,-64.85,95.98,0,0,0,0,0,0,0,0,0
0,0,0,2010327,-64.85,95.98,0,0,0,0,0,0,0,0,0
0,0,0,2010328,-64.85,95.98,0,0,0,0,0,0,0,0,0
0,0,0,2010329,-64.85,95.98,0,0,0,0,0,0,0,0,0
0,0,0,2010330,-64.85,95.98,0,0,0,0,0,0,0,0,0
0,0,0,2010331,-64.85,95.98,0,0,0,0,0,0,0,0,0
0,0,0,2010332,-64.85,95.98,1,0,0,0,0,0,0,11,2
0,0,0,2010333,-64.85,95.98,0,0,0,0,0,0,0,0,0
0,0,0,2010334,-64.85,95.98,0,0,0,0,0,0,0,0,0
0,0,0,2010335,-64.85,95.98,0,0,0,0,0,0,0,0,0
0,0,0,2010336,-64.85,95.98,0,0,0,0,0,0,0,0,0
0,0,0,2010337,-64.85,95.98,0,0,0,0,0,0,0,0,0
0,0,0,2010338,-64.85,95.98,0,0,0,0,0,0,0,0,0
0,0,0,2010339,-64.85,95.98,1,0,0,0,0,0,0,11,2
0,0,0,2010340,-64.85,95.98,0,0,0,0,0,0,0,0,0
0,0,0,2010341,-64.85,95.98,0,0,0,0,0,0,0,0,0
0,0,0,2010342,-64.85,95.98,0,0,0,0,0,0,0,0,0
0,0,0,2010343,-64.85,95.98,0,0,0,0,0,0,0,0,0
0,0,0,2010344,-64.85,95.98,0,0,0,0,0,0,0,0,0
0,0,0,2010345,-64.85,95.98,0,0,0,0,0,0,0,0,0
0,0,0,2010346,-64.85,95.98,1,0,0,0,0,0,0,11,2
0,0,0,2010347,-64.85,95.98,0,0,0,0,0,0,0,0,0
0,0,0,2010348,-64.85,95.98,0,0,0,0,0,0,0,0,0
0,0,0,2010349,-64.85,95.98,0,0,0,0,0,0,0,0,0
0,0,0,2010350,-64.85,95.98,0,0,0,0,0,0,0,0,0
0,0,0,2010351,-64.85,95.98,0,0,0,0,0,0,0,0,0
0,0,0,2010352,-64.85,95.98,0,0,0,0,0,0,0,0,0
0,0,0,2010353,-64.85,95.98,1,0,0,0,0,0,0,11,2
0,0,0,2010354,-64.85,95.98,0,0,0,0,0,0,0,0,0
0,0,0,2010355,-64.85,95.98,0,0,0,0,0,0,0,0,0
0,0,0,2010356,-64.85,95.98,0,0,0,0,0,0,0,0,0
0,0,0,2010357,-64.85,95.98,0,0,0,0,0,0,0,0,0
0,0,0,2010358,-64.85,95.98,0,0,0,0,0,0,0,0,0
0,0,0,2010359,-64.85,95.98,0,0,0,0,0,0,0,0,0
0,0,0,2010360,-64.85,95.98,1,0,0,0,0,0,0,11,2
0,0,0,2010361,-64.85,95.98,0,0,0,0,0,0,0,0,0
0,0,0,2010362,-64.85,95.98,0,0,0,0,0,0,0,0,0
0,0,0,2010363,-64.85,95.98,0,0,0,0,0,0,0,0,0
0,0,0,2010364,-64.85,95.98,0,0,0,0,0,0,0,0,0
0,0,0,2010365,-64.85,95.98,0,0,0,0,0,0,0,0,0
0,0,0,2011001,-64.85,95.98,0,0,0,0,0,0,0,0,0
0,0,0,2011002,-64.85,95.98,1,0,0,0,0,0,0,11,2
0,0,0,2011003,-64.85,95.98,0,0,0,0,0,0,0,0,0
0,0,0,2011004,-64.85,95.98,0,0,0,0,0,0,0,0,0
0,0,0,2011005,-64.85,95.98,0,0,0,0,0,0,0,0,0
0,0,0,2011006,-64.85,95.98,0,0,0,0,0,0,0,0,0
0,0,0,2011007,-64.85,95.98,0,0,0,0,0,0,0,0,0
0,0,0,2011008,-64.85,95.98,0,0,0,0,0,0,0,0,0
0,0,0,2011009,-64.85,95.98,1,0,0,0,0,0,0,11,2
0,0,0,2011010,-64.85,95.98,0,0,0,0,0,0,0,0,0
0,0,0,2011011,-64.85,95.98,0,0,0,0,0,0,0,0,0
0,0,0,2011012,-64.85,95.98,0,0,0,0,0,0,0,0,0
0,0,0,2011013,-64.85,95.98,0,0,0,0,0,0,0,0,0
0,0,0,2011014,-64.85,95.98,0,0,0,0,0,0,0,0,0
0,0,0,2011015,-64.85,95.98,0,0,0,0,0,0,0,0,0
0,0,0,2011016,-64.85,95.98,1,0,0,0,0,0,0,11,2
0,0,0,2011017,-64.85,95.98,0,0,0,0,0,0,0,0,0
0,0,0,2011018,-64.85,95.98,0,0,0,0,0,0,0,0,0
0,0,0,2011019,-64.85,95.98,0,0,0,0,0,0,0,0,0
0,0,0,2011020,-64.85,95.98,0,0,0,0,0,0,0,0,0
0,0,0,2011021,-64.85,95.98,0,0,0,0,0,0,0,0,0
0,0,0,2011022,-64.85,95.98,0,0,0,0,0,0,0,0,0
0,0,0,2011023,-64.85,95.98,1,0,0,0,0,0,0,11,2
0,0,0,2011024,-64.85,95.98,0,0,0,0,0,0,0,0,0
0,0,0,2011025,-64.85,95.98,0,0,0,0,0,0,0,0,0
0,0,0,2011026,-64.85,95.98,0,0,0,0,0,0,0,0,0
0,0,0,2011027,-64.85,95.98,0,0,0,0,0,0,0,0,0
0,0,0,2011028,-64.85,95.98,0,0,0,0,0,0,0,0,0
0,0,0,2011029,-64.85,95.98,0,0,0,0,0,0,0,0,0
0,0,0,2011030,-64.85,95.98,1,0,0,0,0,0,0,11,2
0,0,0,2011031,-64.85,95.98,0,0,0,0,0,0,0,0,0
0,0,0,2011032,-64.85,95.98,0,0,0,0,0,0,0,0,0
0,0,0,2011033,-64.85,95.98,0,0,0,0,0,0,0,0,0
0,0,0,2011034,-64.85,95.98,0,0,0,0,0,0,0,0,0
0,0,0,2011035,-64.85,95.98,0,0,0,0,0,0,0,0,0
0,0,0,2011036,-64.85,95.98,0,0,0,0,0,0,0,0,0
0,0,0,2011037,-64.85,95.98,1,0,0,0,0,0,0,11,2
0,0,0,2011038,-64.85,95.98,0,0,0,0,0,0,0,0,0
0,0,0,2011039,-64.85,95.98,0,0,0,0,0,0,0,0,0
0,0,0,2011040,-64.85,95.98,0,0,0,0,0,0,0,0,0
0,0,0,2011041,-64.85,95.98,0,0,0,0,0,0,0,0,0
0,0,0,2011042,-64.85,95.98,0,0,0,0,0,0,0,0,0
0,0,0,2011043,-64.85,95.98,0,0,0,0,0,0,0,0,0
0,0,0,2011044,-64.85,95.98,1,0,0,0,0,0,0,11,2
0,0,0,2011045,-64.85,95.98,0,0,0,0,0,0,0,0,0
0,0,0,2011046,-64.85,95.98,0,0,0,0,0,0,0,0,0
0,0,0,2011047,-64.85,95.98,0,0,0,0,0,0,0,0,0
0,0,0,2011048,-64.85,95.98,0,0,0,0,0,0,0,0,0
0,0,0,2011049,-64.85,95.98,0,0,0,0,0,0,0,0,0
0,0,0,2011050,-64.85,95.98,0,0,0,0,0,0,0,0,0
0,0,0,2011051,-64.85,95.98,1,0,0,0,0,0,0,11,2
0,0,0,2011052,-64.85,95.98,0,0,0,0,0,0,0,0,0
0,0,0,2011053,-64.85,95.98,0,0,0,0,0,0,0,0,0
0,0,0,2011054,-64.85,95.98,0,0,0,0,0,0,0,0,0
0,0,0,2011055,-64.85,95.98,0,0,0,0,0,0,0,0,0
0,0,0,2011056,-64.85,95.98,0,0,0,0,0,0,0,0,0
0,0,0,2011057,-64.85,95.98,0,0,0,0,0,0,0,0,0
0,0,0,2011058,-64.85,95.98,1,0,0,0,0,0,0,11,2
0,0,0,2011059,-64.85,95.981,0,0,0,0,0,0,0,0,0
0,0,0,2011060,-64.85,95.9836,0,0,0,0,0,0,0,0,0
0,0,0,2011061,-64.85,95.9876,0,0,0,0,0,0,0,0,0
0,0,0,2011062,-64.85,95.9926,0,0,0,0,0,0,0,0,0
0,0,0,2011063,-64.85,95.9982,0,0,0,0,0,0,0,0,0
0,0,0,2011064,-64.85,96.0041,0,0,0,0,0,0,0,0,0
0,0,0,2011065,-64.85,96.01,1,0,0,0,0,0,0,11,2
0,0,0,2011066,-64.8494,96.0175,0,0,0,0,0,0,0,0,0
0,0,0,2011067,-64.848,96.0277,0,0,0,0,0,0,0,0,0
0,0,0,2011068,-64.8461,96.0392,0,0,0,0,0,0,0,0,0
0,0,0,2011069,-64.8439,96.0506,0,0,0,0,0,0,0,0,0
0,0,0,2011070,-64.842,96.0604,0,0,0,0,0,0,0,0,0
0,0,0,2011071,-64.8406,96.0674,0,0,0,0,0,0,0,0,0
0,0,0,2011072,-64.84,96.07,1,0,0,0,0,0,0,11,2
0,0,0,2011073,-64.84,96.0683,0,0,0,0,0,0,0,0,0
0,0,0,2011074,-64.84,96.0641,0,0,0,0,0,0,0,0,0
0,0,0,2011075,-64.84,96.0582,0,0,0,0,0,0,0,0,0
0,0,0,2011076,-64.84,96.0518,0,0,0,0,0,0,0,0,0
0,0,0,2011077,-64.84,96.0459,0,0,0,0,0,0,0,0,0
0,0,0,2011078,-64.84,96.0417,0,0,0,0,0,0,0,0,0
0,0,0,2011079,-64.84,96.04,1,0,0,0,0,0,0,11,2
0,0,0,2011080,-64.871,96.0411,0,0,0,0,0,0,0,0,0
0,0,0,2011081,-64.951,96.0442,0,0,0,0,0,0,0,0,0
0,0,0,2011086,-65.4,96.07,1,0,0,0,0,0,0,11,2
0,0,0,2011093,-65.4,96.1,1,0,0,0,0,0,0,11,2
0,0,0,2011107,-64.83,96.06,1,0,0,0,0,0,0,11,2
0,0,0,2011108,-64.8306,96.0558,0,0,0,0,0,0,0,0,0
0,0,0,2011109,-64.832,96.0505,0,0,0,0,0,0,0,0,0
0,0,0,2011110,-64.8339,96.0448,0,0,0,0,0,0,0,0,0
0,0,0,2011111,-64.8361,96.0392,0,0,0,0,0,0,0,0,0
0,0,0,2011112,-64.838,96.0345,0,0,0,0,0,0,0,0,0
0,0,0,2011113,-64.8394,96.0312,0,0,0,0,0,0,0,0,0
0,0,0,2011114,-64.84,96.03,1,0,0,0,0,0,0,11,2
0,0,0,2011115,-64.84,96.03,0,0,0,0,0,0,0,0,0
0,0,0,2011116,-64.84,96.03,0,0,0,0,0,0,0,0,0
0,0,0,2011117,-64.84,96.03,0,0,0,0,0,0,0,0,0
0,0,0,2011118,-64.84,96.03,0,0,0,0,0,0,0,0,0
0,0,0,2011119,-64.84,96.03,0,0,0,0,0,0,0,0,0
0,0,0,2011120,-64.84,96.03,0,0,0,0,0,0,0,0,0
0,0,0,2011121,-64.84,96.03,1,0,0,0,0,0,0,11,2
0,0,0,2011122,-64.84,96.03,0,0,0,0,0,0,0,0,0
0,0,0,2011123,-64.84,96.03,0,0,0,0,0,0,0,0,0
0,0,0,2011124,-64.84,96.03,0,0,0,0,0,0,0,0,0
0,0,0,2011125,-64.84,96.03,0,0,0,0,0,0,0,0,0
0,0,0,2011126,-64.84,96.03,0,0,0,0,0,0,0,0,0
0,0,0,2011127,-64.84,96.03,0,0,0,0,0,0,0,0,0
0,0,0,2011128,-64.84,96.03,1,0,0,0,0,0,0,11,2
0,0,0,2011129,-64.84,96.0306,0,0,0,0,0,0,0,0,0
0,0,0,2011130,-64.84,96.032,0,0,0,0,0,0,0,0,0
0,0,0,2011131,-64.84,96.0339,0,0,0,0,0,0,0,0,0
0,0,0,2011132,-64.84,96.0361,0,0,0,0,0,0,0,0,0
0,0,0,2011133,-64.84,96.038,0,0,0,0,0,0,0,0,0
0,0,0,2011134,-64.84,96.0394,0,0,0,0,0,0,0,0,0
0,0,0,2011135,-64.84,96.04,1,0,0,0,0,0,0,11,2
0,0,0,2011136,-64.84,96.04,0,0,0,0,0,0,0,0,0
0,0,0,2011137,-64.84,96.04,0,0,0,0,0,0,0,0,0
0,0,0,2011138,-64.84,96.04,0,0,0,0,0,0,0,0,0
0,0,0,2011139,-64.84,96.04,0,0,0,0,0,0,0,0,0
0,0,0,2011140,-64.84,96.04,0,0,0,0,0,0,0,0,0
0,0,0,2011141,-64.84,96.04,0,0,0,0,0,0,0,0,0
0,0,0,2011142,-64.84,96.04,1,0,0,0,0,0,0,11,2
0,0,0,2011143,-64.84,96.0406,0,0,0,0,0,0,0,0,0
0,0,0,2011144,-64.84,96.042,0,0,0,0,0,0,0,0,0
0,0,0,2011145,-64.84,96.0439,0,0,0,0,0,0,0,0,0
0,0,0,2011146,-64.84,96.0461,0,0,0,0,0,0,0,0,0
0,0,0,2011147,-64.84,96.048,0,0,0,0,0,0,0,0,0
0,0,0,2011148,-64.84,96.0494,0,0,0,0,0,0,0,0,0
0,0,0,2011149,-64.84,96.05,1,0,0,0,0,0,0,11,2
0,0,0,2011150,-64.84,96.05,0,0,0,0,0,0,0,0,0
0,0,0,2011151,-64.84,96.05,0,0,0,0,0,0,0,0,0
0,0,0,2011152,-64.84,96.05,0,0,0,0,0,0,0,0,0
0,0,0,2011153,-64.84,96.05,0,0,0,0,0,0,0,0,0
0,0,0,2011154,-64.84,96.05,0,0,0,0,0,0,0,0,0
0,0,0,2011155,-64.84,96.05,0,0,0,0,0,0,0,0,0
0,0,0,2011156,-64.84,96.05,1,0,0,0,0,0,0,11,2
0,0,0,2011157,-64.84,96.0506,0,0,0,0,0,0,0,0,0
0,0,0,2011158,-64.84,96.052,0,0,0,0,0,0,0,0,0
0,0,0,2011159,-64.84,96.0539,0,0,0,0,0,0,0,0,0
0,0,0,2011160,-64.84,96.0561,0,0,0,0,0,0,0,0,0
0,0,0,2011161,-64.84,96.058,0,0,0,0,0,0,0,0,0
0,0,0,2011162,-64.84,96.0594,0,0,0,0,0,0,0,0,0
0,0,0,2011163,-64.84,96.06,1,0,0,0,0,0,0,11,2
0,0,0,2011164,-64.84,96.06,0,0,0,0,0,0,0,0,0
0,0,0,2011165,-64.84,96.06,0,0,0,0,0,0,0,0,0
0,0,0,2011166,-64.84,96.06,0,0,0,0,0,0,0,0,0
0,0,0,2011167,-64.84,96.06,0,0,0,0,0,0,0,0,0
0,0,0,2011168,-64.84,96.06,0,0,0,0,0,0,0,0,0
0,0,0,2011169,-64.84,96.06,0,0,0,0,0,0,0,0,0
0,0,0,2011170,-64.84,96.06,1,0,0,0,0,0,0,11,2
0,0,0,2011171,-64.84,96.06,0,0,0,0,0,0,0,0,0
0,0,0,2011172,-64.84,96.06,0,0,0,0,0,0,0,0,0
0,0,0,2011173,-64.84,96.06,0,0,0,0,0,0,0,0,0
0,0,0,2011174,-64.84,96.06,0,0,0,0,0,0,0,0,0
0,0,0,2011175,-64.84,96.06,0,0,0,0,0,0,0,0,0
0,0,0,2011176,-64.84,96.06,0,0,0,0,0,0,0,0,0
0,0,0,2011177,-64.84,96.06,1,0,0,0,0,0,0,11,2
0,0,0,2011178,-64.84,96.06,0,0,0,0,0,0,0,0,0
0,0,0,2011179,-64.84,96.06,0,0,0,0,0,0,0,0,0
0,0,0,2011180,-64.84,96.06,0,0,0,0,0,0,0,0,0
0,0,0,2011181,-64.84,96.06,0,0,0,0,0,0,0,0,0
0,0,0,2011182,-64.84,96.06,0,0,0,0,0,0,0,0,0
0,0,0,2011183,-64.84,96.06,0,0,0,0,0,0,0,0,0
0,0,0,2011184,-64.84,96.06,1,0,0,0,0,0,0,11,2
0,0,0,2011185,-64.84,96.06,0,0,0,0,0,0,0,0,0
0,0,0,2011186,-64.84,96.06,0,0,0,0,0,0,0,0,0
0,0,0,2011187,-64.84,96.06,0,0,0,0,0,0,0,0,0
0,0,0,2011188,-64.84,96.06,0,0,0,0,0,0,0,0,0
0,0,0,2011189,-64.84,96.06,0,0,0,0,0,0,0,0,0
0,0,0,2011190,-64.84,96.06,0,0,0,0,0,0,0,0,0
0,0,0,2011191,-64.84,96.06,1,0,0,0,0,0,0,11,2
0,0,0,2011192,-64.84,96.06,0,0,0,0,0,0,0,0,0
0,0,0,2011193,-64.84,96.06,0,0,0,0,0,0,0,0,0
0,0,0,2011194,-64.84,96.06,0,0,0,0,0,0,0,0,0
0,0,0,2011195,-64.84,96.06,0,0,0,0,0,0,0,0,0
0,0,0,2011196,-64.84,96.06,0,0,0,0,0,0,0,0,0
0,0,0,2011197,-64.84,96.06,0,0,0,0,0,0,0,0,0
0,0,0,2011198,-64.84,96.06,1,0,0,0,0,0,0,11,2
0,0,0,2011199,-64.84,96.06,0,0,0,0,0,0,0,0,0
0,0,0,2011200,-64.84,96.06,0,0,0,0,0,0,0,0,0
0,0,0,2011201,-64.84,96.06,0,0,0,0,0,0,0,0,0
0,0,0,2011202,-64.84,96.06,0,0,0,0,0,0,0,0,0
0,0,0,2011203,-64.84,96.06,0,0,0,0,0,0,0,0,0
0,0,0,2011204,-64.84,96.06,0,0,0,0,0,0,0,0,0
0,0,0,2011205,-64.84,96.06,1,0,0,0,0,0,0,11,2
0,0,0,2011206,-64.84,96.06,0,0,0,0,0,0,0,0,0
0,0,0,2011207,-64.84,96.06,0,0,0,0,0,0,0,0,0
0,0,0,2011208,-64.84,96.06,0,0,0,0,0,0,0,0,0
0,0,0,2011209,-64.84,96.06,0,0,0,0,0,0,0,0,0
0,0,0,2011210,-64.84,96.06,0,0,0,0,0,0,0,0,0
0,0,0,2011211,-64.84,96.06,0,0,0,0,0,0,0,0,0
0,0,0,2011212,-64.84,96.06,1,0,0,0,0,0,0,11,2
0,0,0,2011213,-64.84,96.06,0,0,0,0,0,0,0,0,0
0,0,0,2011214,-64.84,96.06,0,0,0,0,0,0,0,0,0
0,0,0,2011215,-64.84,96.06,0,0,0,0,0,0,0,0,0
0,0,0,2011216,-64.84,96.06,0,0,0,0,0,0,0,0,0
0,0,0,2011217,-64.84,96.06,0,0,0,0,0,0,0,0,0
0,0,0,2011218,-64.84,96.06,0,0,0,0,0,0,0,0,0
0,0,0,2011219,-64.84,96.06,1,0,0,0,0,0,0,11,2
0,0,0,2011220,-64.84,96.06,0,0,0,0,0,0,0,0,0
0,0,0,2011221,-64.84,96.06,0,0,0,0,0,0,0,0,0
0,0,0,2011222,-64.84,96.06,0,0,0,0,0,0,0,0,0
0,0,0,2011223,-64.84,96.06,0,0,0,0,0,0,0,0,0
0,0,0,2011224,-64.84,96.06,0,0,0,0,0,0,0,0,0
0,0,0,2011225,-64.84,96.06,0,0,0,0,0,0,0,0,0
0,0,0,2011226,-64.84,96.06,1,0,0,0,0,0,0,11,2
0,0,0,2011227,-64.84,96.06,0,0,0,0,0,0,0,0,0
0,0,0,2011228,-64.84,96.06,0,0,0,0,0,0,0,0,0
0,0,0,2011229,-64.84,96.06,0,0,0,0,0,0,0,0,0
0,0,0,2011230,-64.84,96.06,0,0,0,0,0,0,0,0,0
0,0,0,2011231,-64.84,96.06,0,0,0,0,0,0,0,0,0
0,0,0,2011232,-64.84,96.06,0,0,0,0,0,0,0,0,0
0,0,0,2011233,-64.84,96.06,1,0,0,0,0,0,0,11,2
0,0,0,2011234,-64.84,96.06,0,0,0,0,0,0,0,0,0
0,0,0,2011235,-64.84,96.06,0,0,0,0,0,0,0,0,0
0,0,0,2011236,-64.84,96.06,0,0,0,0,0,0,0,0,0
0,0,0,2011237,-64.84,96.06,0,0,0,0,0,0,0,0,0
0,0,0,2011238,-64.84,96.06,0,0,0,0,0,0,0,0,0
0,0,0,2011239,-64.84,96.06,0,0,0,0,0,0,0,0,0
0,0,0,2011240,-64.84,96.06,1,0,0,0,0,0,0,11,2
0,0,0,2011241,-64.84,96.06,0,0,0,0,0,0,0,0,0
-64.7335,96.8817,1,2011242,-64.84,96.06,0,-64.7335,96.8817,1,0,0,0,0,0
-64.7448,96.6667,1,2011243,-64.84,96.06,0,-64.7448,96.6667,1,0,0,0,0,0
-64.7444,96.6754,0,2011244,-64.84,96.06,0,-64.7444,96.6754,0,0,0,0,0,0
-64.7432,96.698,0,2011245,-64.84,96.06,0,-64.7432,96.698,0,0,0,0,0,0
-64.7417,96.7288,0,2011246,-64.84,96.06,0,-64.7417,96.7288,0,0,0,0,0,0
-64.7399,96.7625,0,2011247,-64.84,96.06,1,-64.7399,96.7625,0,0,0,0,11,2
-64.7384,96.7933,0,2011248,-64.84,96.06,0,-64.7384,96.7933,0,0,0,0,0,0
-64.7372,96.8159,0,2011249,-64.84,96.06,0,-64.7372,96.8159,0,0,0,0,0,0
-64.7368,96.8246,1,2011250,-64.84,96.06,0,-64.7368,96.8246,1,0,0,0,0,0
-64.7517,96.7254,1,2011251,-64.84,96.06,0,-64.7517,96.7254,1,0,0,0,0,0
-64.7373,96.8142,1,2011252,-64.84,96.06,0,-64.7373,96.8142,1,0,0,0,0,0
-64.7342,96.6794,1,2011253,-64.84,96.06,0,-64.7342,96.6794,1,0,0,0,0,0
-64.7268,96.8268,1,2011254,-64.84,96.06,1,-64.7268,96.8268,1,0,0,0,11,2
-64.7194,96.7781,1,2011255,-64.84,96.06,0,-64.7194,96.7781,1,0,0,0,0,0
-64.7305,96.7556,1,2011256,-64.84,96.06,0,-64.7305,96.7556,1,0,0,0,0,0
-64.7143,96.6844,1,2011257,-64.84,96.06,0,-64.7143,96.6844,1,0,0,0,0,0
-64.7017,96.7376,1,2011258,-64.84,96.06,0,-64.7017,96.7376,1,0,0,0,0,0
-64.7133,96.7047,1,2011259,-64.84,96.06,0,-64.7133,96.7047,1,0,0,0,0,0
-64.6997,96.7781,1,2011260,-64.84,96.06,0,-64.6997,96.7781,1,0,0,0,0,0
-64.6935,96.7043,1,2011261,-64.84,96.06,1,-64.6935,96.7043,1,0,0,0,11,2
-64.7005,96.7628,1,2011262,-64.84,96.06,0,-64.7005,96.7628,1,0,0,0,0,0
-64.7043,96.6867,1,2011263,-64.84,96.06,0,-64.7043,96.6867,1,0,0,0,0,0
-64.7017,96.7376,1,2011264,-64.84,96.06,0,-64.7017,96.7376,1,0,0,0,0,0
-64.7017,96.7376,1,2011265,-64.84,96.06,0,-64.7017,96.7376,1,0,0,0,0,0
-64.7017,96.7376,1,2011266,-64.84,96.06,0,-64.7017,96.7376,1,0,0,0,0,0
-64.7017,96.7376,1,2011267,-64.84,96.06,0,-64.7017,96.7376,1,0,0,0,0,0
-64.7017,96.7376,1,2011268,-64.84,96.06,1,-64.7017,96.7376,1,0,0,0,11,2
-64.7017,96.7376,1,2011269,-64.84,96.06,0,-64.7017,96.7376,1,0,0,0,0,0
-64.7017,96.7376,1,2011270,-64.84,96.06,0,-64.7017,96.7376,1,0,0,0,0,0
-64.7017,96.7376,1,2011271,-64.84,96.06,0,-64.7017,96.7376,1,0,0,0,0,0
-64.7017,96.7376,1,2011272,-64.84,96.06,0,-64.7017,96.7376,1,0,0,0,0,0
-64.7017,96.7376,1,2011273,-64.84,96.06,0,-64.7017,96.7376,1,0,0,0,0,0
-64.7017,96.7376,1,2011274,-64.84,96.06,0,-64.7017,96.7376,1,0,0,0,0,0
-64.7017,96.7376,1,2011275,-64.84,96.06,1,-64.7017,96.7376,1,0,0,0,11,2
-64.7017,96.7376,1,2011276,-64.84,96.06,0,-64.7017,96.7376,1,0,0,0,0,0
-64.7017,96.7376,1,2011277,-64.84,96.06,0,-64.7017,96.7376,1,0,0,0,0,0
-64.7017,96.7376,1,2011278,-64.84,96.06,0,-64.7017,96.7376,1,0,0,0,0,0
-64.7017,96.7376,1,2011279,-64.84,96.06,0,-64.7017,96.7376,1,0,0,0,0,0
-64.7017,96.7376,1,2011280,-64.84,96.06,0,-64.7017,96.7376,1,0,0,0,0,0
-64.7017,96.7376,1,2011281,-64.84,96.06,0,-64.7017,96.7376,1,0,0,0,0,0
-64.7017,96.7376,1,2011282,-64.84,96.06,1,-64.7017,96.7376,1,0,0,0,11,2
-64.7017,96.7376,1,2011283,-64.84,96.06,0,-64.7017,96.7376,1,0,0,0,0,0
-64.7017,96.7376,1,2011284,-64.84,96.06,0,-64.7017,96.7376,1,0,0,0,0,0
-64.7017,96.7376,1,2011285,-64.84,96.06,0,-64.7017,96.7376,1,0,0,0,0,0
-64.7017,96.7376,1,2011286,-64.84,96.06,0,-64.7017,96.7376,1,0,0,0,0,0
-64.7017,96.7376,1,2011287,-64.84,96.06,0,-64.7017,96.7376,1,0,0,0,0,0
-64.7017,96.7376,1,2011288,-64.84,96.06,0,-64.7017,96.7376,1,0,0,0,0,0
-64.7017,96.7376,1,2011289,-64.84,96.06,1,-64.7017,96.7376,1,0,0,0,11,2
-64.7017,96.7376,1,2011290,-64.84,96.06,0,-64.7017,96.7376,1,0,0,0,0,0
-64.7017,96.7376,1,2011291,-64.84,96.06,0,-64.7017,96.7376,1,0,0,0,0,0
-64.7017,96.7376,1,2011292,-64.84,96.06,0,-64.7017,96.7376,1,0,0,0,0,0
-64.7017,96.7376,1,2011293,-64.84,96.06,0,-64.7017,96.7376,1,0,0,0,0,0
-64.7017,96.7376,1,2011294,-64.84,96.06,0,-64.7017,96.7376,1,0,0,0,0,0
-64.7017,96.7376,1,2011295,-64.84,96.06,0,-64.7017,96.7376,1,0,0,0,0,0
-64.7017,96.7376,1,2011296,-64.84,96.06,1,-64.7017,96.7376,1,0,0,0,11,2
-64.6773,96.6333,1,2011297,-64.84,96.06,0,-64.6773,96.6333,1,0,0,0,0,0
-64.699,96.7935,1,2011298,-64.84,96.06,0,-64.699,96.7935,1,0,0,0,0,0
-64.6976,96.6233,1,2011299,-64.84,96.06,0,-64.6976,96.6233,1,0,0,0,0,0
-64.7031,96.7124,1,2011300,-64.84,96.06,0,-64.7031,96.7124,1,0,0,0,0,0
-64.6897,96.7804,1,2011301,-64.84,96.06,0,-64.6897,96.7804,1,0,0,0,0,0
-64.6897,96.7804,1,2011302,-64.84,96.06,0,-64.6897,96.7804,1,0,0,0,0,0
-64.6897,96.7804,1,2011303,-64.84,96.06,1,-64.6897,96.7804,1,0,0,0,11,2
-64.6897,96.7804,1,2011304,-64.8389,96.0606,0,-64.6897,96.7804,1,0,0,0,0,0
-64.6897,96.7804,1,2011305,-64.836,96.062,0,-64.6897,96.7804,1,0,0,0,0,0
-64.6897,96.7804,1,2011306,-64.8321,96.0639,0,-64.6897,96.7804,1,0,0,0,0,0
-64.6897,96.7804,1,2011307,-64.8279,96.0661,0,-64.6897,96.7804,1,0,0,0,0,0
-64.6897,96.7804,1,2011308,-64.824,96.068,0,-64.6897,96.7804,1,0,0,0,0,0
-64.6897,96.7804,1,2011309,-64.8211,96.0694,0,-64.6897,96.7804,1,0,0,0,0,0
-64.6897,96.7804,1,2011310,-64.82,96.07,1,-64.6897,96.7804,1,0,0,0,11,2
-64.6897,96.7804,1,2011311,-64.8211,96.0694,0,-64.6897,96.7804,1,0,0,0,0,0
-64.6897,96.7804,1,2011312,-64.824,96.068,0,-64.6897,96.7804,1,0,0,0,0,0
-64.6897,96.7804,1,2011313,-64.8279,96.0661,0,-64.6897,96.7804,1,0,0,0,0,0
-64.6897,96.7804,1,2011314,-64.8321,96.0639,0,-64.6897,96.7804,1,0,0,0,0,0
-64.6897,96.7804,1,2011315,-64.836,96.062,0,-64.6897,96.7804,1,0,0,0,0,0
-64.6897,96.7804,1,2011316,-64.8389,96.0606,0,-64.6897,96.7804,1,0,0,0,0,0
-64.6897,96.7804,1,2011317,-64.84,96.06,1,-64.6897,96.7804,1,0,0,0,11,2
-64.6897,96.7804,1,2011318,-64.84,96.06,0,-64.6897,96.7804,1,0,0,0,0,0
-64.6897,96.7804,1,2011319,-64.84,96.06,0,-64.6897,96.7804,1,0,0,0,0,0
-64.6897,96.7804,1,2011320,-64.84,96.06,0,-64.6897,96.7804,1,0,0,0,0,0
-64.6897,96.7804,1,2011321,-64.84,96.06,0,-64.6897,96.7804,1,0,0,0,0,0
-64.6897,96.7804,1,2011322,-64.84,96.06,0,-64.6897,96.7804,1,0,0,0,0,0
-64.6897,96.7804,1,2011323,-64.84,96.06,0,-64.6897,96.7804,1,0,0,0,0,0
-64.6897,96.7804,1,2011324,-64.84,96.06,1,-64.6897,96.7804,1,0,0,0,11,2
-64.6897,96.7804,1,2011325,-64.84,96.06,0,-64.6897,96.7804,1,0,0,0,0,0
-64.6897,96.7804,1,2011326,-64.84,96.06,0,-64.6897,96.7804,1,0,0,0,0,0
-64.6897,96.7804,1,2011327,-64.84,96.06,0,-64.6897,96.7804,1,0,0,0,0,0
-64.6897,96.7804,1,2011328,-64.84,96.06,0,-64.6897,96.7804,1,0,0,0,0,0
-64.6897,96.7804,1,2011329,-64.84,96.06,0,-64.6897,96.7804,1,0,0,0,0,0
-64.6897,96.7804,1,2011330,-64.84,96.06,0,-64.6897,96.7804,1,0,0,0,0,0
-64.6897,96.7804,1,2011331,-64.84,96.06,1,-64.6897,96.7804,1,0,0,0,11,2
-64.6897,96.7804,1,2011332,-64.84,96.06,0,-64.6897,96.7804,1,0,0,0,0,0
-64.6897,96.7804,1,2011333,-64.84,96.06,0,-64.6897,96.7804,1,0,0,0,0,0
-64.6897,96.7804,1,2011334,-64.84,96.06,0,-64.6897,96.7804,1,0,0,0,0,0
-64.6897,96.7804,1,2011335,-64.84,96.06,0,-64.6897,96.7804,1,0,0,0,0,0
-64.6897,96.7804,1,2011336,-64.84,96.06,0,-64.6897,96.7804,1,0,0,0,0,0
-64.6897,96.7804,1,2011337,-64.84,96.06,0,-64.6897,96.7804,1,0,0,0,0,0
-64.6897,96.7804,1,2011338,-64.84,96.06,1,-64.6897,96.7804,1,0,0,0,11,2
-64.6897,96.7804,1,2011339,-64.84,96.06,0,-64.6897,96.7804,1,0,0,0,0,0
-64.6897,96.7804,1,2011340,-64.84,96.06,0,-64.6897,96.7804,1,0,0,0,0,0
-64.6897,96.7804,1,2011341,-64.84,96.06,0,-64.6897,96.7804,1,0,0,0,0,0
-64.6897,96.7804,1,2011342,-64.84,96.06,0,-64.6897,96.7804,1,0,0,0,0,0
-64.6897,96.7804,1,2011343,-64.84,96.06,0,-64.6897,96.7804,1,0,0,0,0,0
-64.6897,96.7804,1,2011344,-64.84,96.06,0,-64.6897,96.7804,1,0,0,0,0,0
-64.6897,96.7804,1,2011345,-64.84,96.06,1,-64.6897,96.7804,1,0,0,0,11,2
-64.6897,96.7804,1,2011346,-64.84,96.06,0,-64.6897,96.7804,1,0,0,0,0,0
-64.6897,96.7804,1,2011347,-64.84,96.06,0,-64.6897,96.7804,1,0,0,0,0,0
-64.6897,96.7804,1,2011348,-64.84,96.06,0,-64.6897,96.7804,1,0,0,0,0,0
-64.6897,96.7804,1,2011349,-64.84,96.06,0,-64.6897,96.7804,1,0,0,0,0,0
-64.6897,96.7804,1,2011350,-64.84,96.06,0,-64.6897,96.7804,1,0,0,0,0,0
-64.6897,96.7804,1,2011351,-64.84,96.06,0,-64.6897,96.7804,1,0,0,0,0,0
-64.6897,96.7804,1,2011352,-64.84,96.06,1,-64.6897,96.7804,1,0,0,0,11,2
-64.6897,96.7804,1,2011353,-64.84,96.06,0,-64.6897,96.7804,1,0,0,0,0,0
-64.6897,96.7804,1,2011354,-64.84,96.06,0,-64.6897,96.7804,1,0,0,0,0,0
-64.6926,96.7246,1,2011355,-64.84,96.06,0,-64.6926,96.7246,1,0,0,0,0,0
-64.6926,96.7246,0,2011356,-64.84,96.06,0,-64.6926,96.7246,0,0,0,0,0,0
-64.6926,96.7246,1,2011357,-64.84,96.06,0,-64.6926,96.7246,1,0,0,0,0,0
-64.6926,96.7246,1,2011358,-64.84,96.06,0,-64.6926,96.7246,1,0,0,0,0,0
-64.6926,96.7246,1,2011359,-64.84,96.06,1,-64.6926,96.7246,1,0,0,0,11,2
-64.7308,96.7507,1,2011360,-64.84,96.06,0,-64.7308,96.7507,1,0,0,0,0,0
-64.7308,96.7507,1,2011361,-64.84,96.06,0,-64.7308,96.7507,1,0,0,0,0,0
-64.7308,96.7507,1,2011362,-64.84,96.06,0,-64.7308,96.7507,1,0,0,0,0,0
-64.7308,96.7507,1,2011363,-64.84,96.06,0,-64.7308,96.7507,1,0,0,0,0,0
-64.7308,96.7507,1,2011364,-64.84,96.06,0,-64.7308,96.7507,1,0,0,0,0,0
-64.7308,96.7507,1,2011365,-64.84,96.06,0,-64.7308,96.7507,1,0,0,0,0,0
-64.7308,96.7507,0,2012001,-64.84,96.06,1,-64.7308,96.7507,0,0,0,0,11,2
-64.7308,96.7507,1,2012002,-64.8461,96.0617,0,-64.7308,96.7507,1,0,0,0,0,0
-64.7308,96.7507,1,2012003,-64.8618,96.0659,0,-64.7308,96.7507,1,0,0,0,0,0
-64.7308,96.7507,1,2012004,-64.8833,96.0718,0,-64.7308,96.7507,1,0,0,0,0,0
-64.7308,96.7507,1,2012005,-64.9067,96.0782,0,-64.7308,96.7507,1,0,0,0,0,0
-64.7308,96.7507,1,2012006,-64.9282,96.0841,0,-64.7308,96.7507,1,0,0,0,0,0
-64.7587,96.7049,0,2012007,-64.9439,96.0883,0,-64.7587,96.7049,0,0,0,0,0,0
-64.8105,96.6198,0,2012008,-64.95,96.09,1,-64.8105,96.6198,0,0,0,0,11,2
-64.8384,96.574,1,2012009,-64.9439,96.0883,0,-64.8384,96.574,1,0,0,0,0,0
-64.8176,96.5895,1,2012010,-64.9282,96.0841,0,-64.8176,96.5895,1,0,0,0,0,0
-64.8079,96.5869,1,2012011,-64.9067,96.0782,0,-64.8079,96.5869,1,0,0,0,0,0
-64.8126,96.6913,1,2012012,-64.8833,96.0718,0,-64.8126,96.6913,1,0,0,0,0,0
-64.8101,96.6873,0,2012013,-64.8618,96.0659,0,-64.8101,96.6873,0,0,0,0,0,0
-64.8045,96.6746,0,2012014,-64.8461,96.0617,0,-64.8045,96.6746,0,0,0,0,0,0
-64.7989,96.6523,0,2012015,-64.84,96.06,1,-64.7989,96.6523,0,0,0,0,11,2
-64.7964,96.6195,1,2012016,-64.84,96.06,0,-64.7964,96.6195,1,0,0,0,0,0
-64.8537,96.4597,1,2012017,-64.84,96.06,0,-64.8537,96.4597,1,0,0,0,0,0
-64.8233,96.4727,1,2012018,-64.84,96.06,0,-64.8233,96.4727,1,0,0,0,0,0
-64.8417,96.5033,1,2012019,-64.84,96.06,0,-64.8417,96.5033,1,0,0,0,0,0
-64.8415,96.5246,0,2012020,-64.84,96.06,0,-64.8415,96.5246,0,0,0,0,0,0
-64.8408,96.5413,0,2012021,-64.84,96.06,0,-64.8408,96.5413,0,0,0,0,0,0
-64.8395,96.5594,0,2012022,-64.84,96.06,1,-64.8395,96.5594,0,0,0,0,11,2
-64.8376,96.5849,1,2012023,-64.84,96.0594,0,-64.8376,96.5849,1,0,0,0,0,0
-64.8254,96.6329,1,2012024,-64.84,96.058,0,-64.8254,96.6329,1,0,0,0,0,0
-64.8164,96.6149,1,2012025,-64.84,96.0561,0,-64.8164,96.6149,1,0,0,0,0,0
-64.8369,96.5998,1,2012026,-64.84,96.0539,0,-64.8369,96.5998,1,0,0,0,0,0
-64.8166,96.6099,1,2012027,-64.84,96.052,0,-64.8166,96.6099,1,0,0,0,0,0
-64.8252,96.6379,1,2012028,-64.84,96.0506,0,-64.8252,96.6379,1,0,0,0,0,0
-64.8349,96.6406,1,2012029,-64.84,96.05,1,-64.8349,96.6406,1,0,0,0,11,2
-64.8251,96.6379,1,2012030,-64.8406,96.0506,0,-64.8251,96.6379,1,0,0,0,0,0
-64.8133,96.6759,1,2012031,-64.842,96.052,0,-64.8133,96.6759,1,0,0,0,0,0
-64.8152,96.6402,1,2012032,-64.8439,96.0539,0,-64.8152,96.6402,1,0,0,0,0,0
-64.8585,96.5643,1,2012033,-64.8461,96.0561,0,-64.8585,96.5643,1,0,0,0,0,0
-64.8145,96.6506,1,2012034,-64.848,96.058,0,-64.8145,96.6506,1,0,0,0,0,0
-64.8465,96.6074,1,2012035,-64.8494,96.0594,0,-64.8465,96.6074,1,0,0,0,0,0
-64.8604,96.5379,0,2012036,-64.85,96.06,1,-64.8604,96.5379,0,0,0,0,11,2
-64.8732,96.4603,1,2012037,-64.85,96.0578,0,-64.8732,96.4603,1,0,0,0,0,0
-64.8961,96.3943,1,2012038,-64.85,96.0521,0,-64.8961,96.3943,1,0,0,0,0,0
-64.8988,96.3379,1,2012039,-64.85,96.0443,0,-64.8988,96.3379,1,0,0,0,0,0
-64.8984,96.3484,1,2012040,-64.85,96.0357,0,-64.8984,96.3484,1,0,0,0,0,0
-64.8669,96.3865,1,2012041,-64.85,96.0279,0,-64.8669,96.3865,1,0,0,0,0,0
-64.8615,96.2919,1,2012042,-64.85,96.0222,0,-64.8615,96.2919,1,0,0,0,0,0
-64.903,96.2512,1,2012043,-64.85,96.02,1,-64.903,96.2512,1,0,0,0,11,2
-64.8847,96.4275,1,2012044,-64.8489,96.0261,0,-64.8847,96.4275,1,0,0,0,0,0
-64.9151,96.2023,1,2012045,-64.846,96.0418,0,-64.9151,96.2023,1,0,0,0,0,0
-64.9073,96.1544,1,2012046,-64.8421,96.0633,0,-64.9073,96.1544,1,0,0,0,0,0
-64.8912,96.29,1,2012047,-64.8379,96.0867,0,-64.8912,96.29,1,0,0,0,0,0
-64.8827,96.2616,1,2012048,-64.834,96.1082,0,-64.8827,96.2616,1,0,0,0,0,0
-64.8788,96.3433,1,2012049,-64.8311,96.1239,0,-64.8788,96.3433,1,0,0,0,0,0
-64.8807,96.3807,0,2012050,-64.83,96.13,1,-64.8807,96.3807,0,0,0,0,11,2
-64.8862,96.3967,1,2012051,-64.83,96.13,0,-64.8862,96.3967,1,0,0,0,0,0
-64.9201,96.3071,1,2012052,-64.83,96.13,0,-64.9201,96.3071,1,0,0,0,0,0
-64.9224,96.2562,1,2012053,-64.83,96.13,0,-64.9224,96.2562,1,0,0,0,0,0
-64.9138,96.2282,1,2012054,-64.83,96.13,0,-64.9138,96.2282,1,0,0,0,0,0
-64.9355,96.1873,1,2012055,-64.83,96.13,0,-64.9355,96.1873,1,0,0,0,0,0
-64.9064,96.1748,1,2012056,-64.83,96.13,0,-64.9064,96.1748,1,0,0,0,0,0
-64.885,96.2107,1,2012057,-64.83,96.13,1,-64.885,96.2107,1,0,0,0,11,2
-64.875,96.2132,1,2012058,-64.83,96.13,0,-64.875,96.2132,1,0,0,0,0,0
-64.8732,96.2541,1,2012059,-64.83,96.13,0,-64.8732,96.2541,1,0,0,0,0,0
-64.8809,96.3107,0,2012060,-64.83,96.13,0,-64.8809,96.3107,0,0,0,0,0,0
-64.8886,96.3459,1,2012061,-64.83,96.13,0,-64.8886,96.3459,1,0,0,0,0,0
-64.8822,96.2716,1,2012062,-64.83,96.13,0,-64.8822,96.2716,1,0,0,0,0,0
-64.9032,96.2462,1,2012063,-64.83,96.13,0,-64.9032,96.2462,1,0,0,0,0,0
-64.8945,96.2182,1,2012064,-64.83,96.13,1,-64.8945,96.2182,1,0,0,0,11,2
-64.8819,96.277,1,2012065,-64.8306,96.1253,0,-64.8819,96.277,1,0,0,0,0,0
-64.8846,96.2207,1,2012066,-64.832,96.1132,0,-64.8846,96.2207,1,0,0,0,0,0
-64.8986,96.3434,1,2012067,-64.8339,96.0965,0,-64.8986,96.3434,1,0,0,0,0,0
-64.891,96.2945,1,2012068,-64.8361,96.0779,0,-64.891,96.2945,1,0,0,0,0,0
-64.8912,96.2895,1,2012069,-64.838,96.0605,0,-64.8912,96.2895,1,0,0,0,0,0
-64.8848,96.2116,1,2012070,-64.8394,96.0469,0,-64.8848,96.2116,1,0,0,0,0,0
-64.8917,96.2795,1,2012071,-64.84,96.04,1,-64.8917,96.2795,1,0,0,0,11,2
-64.8886,96.3458,1,2012072,-64.84,96.0376,0,-64.8886,96.3458,1,0,0,0,0,0
-64.8901,96.315,1,2012073,-64.84,96.0354,0,-64.8901,96.315,1,0,0,0,0,0
-64.902,96.2716,1,2012074,-64.84,96.0335,0,-64.902,96.2716,1,0,0,0,0,0
-64.9022,96.2666,1,2012075,-64.84,96.032,0,-64.9022,96.2666,1,0,0,0,0,0
-64.9002,96.3075,1,2012076,-64.84,96.0309,0,-64.9002,96.3075,1,0,0,0,0,0
-64.901,96.2921,1,2012077,-64.84,96.0302,0,-64.901,96.2921,1,0,0,0,0,0
-64.8924,96.2641,1,2012078,-64.84,96.03,1,-64.8924,96.2641,1,0,0,0,11,2
-64.8993,96.328,1,2012079,-64.84,96.03,0,-64.8993,96.328,1,0,0,0,0,0
-64.9038,96.2307,1,2012080,-64.84,96.03,0,-64.9038,96.2307,1,0,0,0,0,0
-64.9005,96.3025,1,2012081,-64.84,96.03,0,-64.9005,96.3025,1,0,0,0,0,0
-64.8795,96.3278,1,2012082,-64.84,96.03,0,-64.8795,96.3278,1,0,0,0,0,0
-64.8708,96.3049,1,2012083,-64.84,96.03,0,-64.8708,96.3049,1,0,0,0,0,0
-64.8396,96.3381,1,2012084,-64.84,96.03,0,-64.8396,96.3381,1,0,0,0,0,0
-64.8609,96.3074,1,2012085,-64.84,96.03,1,-64.8609,96.3074,1,0,0,0,11,2
-64.8289,96.3559,1,2012086,-64.84,96.0294,0,-64.8289,96.3559,1,0,0,0,0,0
-64.8697,96.3303,1,2012087,-64.84,96.028,0,-64.8697,96.3303,1,0,0,0,0,0
-64.8894,96.3304,1,2012088,-64.84,96.0261,0,-64.8894,96.3304,1,0,0,0,0,0
-64.9206,96.2971,1,2012089,-64.84,96.0239,0,-64.9206,96.2971,1,0,0,0,0,0
-64.909,96.3305,1,2012090,-64.84,96.022,0,-64.909,96.3305,1,0,0,0,0,0
-64.9186,96.338,1,2012091,-64.84,96.0206,0,-64.9186,96.338,1,0,0,0,0,0
-64.8883,96.3508,1,2012092,-64.84,96.02,1,-64.8883,96.3508,1,0,0,0,11,2
-64.8989,96.3379,1,2012093,-64.84,96.02,0,-64.8989,96.3379,1,0,0,0,0,0
-64.8893,96.3304,1,2012094,-64.84,96.02,0,-64.8893,96.3304,1,0,0,0,0,0
-64.8786,96.3483,1,2012095,-64.84,96.02,0,-64.8786,96.3483,1,0,0,0,0,0
-64.8803,96.3124,1,2012096,-64.84,96.02,0,-64.8803,96.3124,1,0,0,0,0,0
-64.9089,96.3355,1,2012097,-64.84,96.02,0,-64.9089,96.3355,1,0,0,0,0,0
-64.8814,96.287,1,2012098,-64.84,96.02,0,-64.8814,96.287,1,0,0,0,0,0
-64.8573,96.379,1,2012099,-64.84,96.02,1,-64.8573,96.379,1,0,0,0,11,2
-64.8577,96.3736,1,2012100,-64.84,96.02,0,-64.8577,96.3736,1,0,0,0,0,0
-64.8605,96.3174,1,2012101,-64.84,96.02,0,-64.8605,96.3174,1,0,0,0,0,0
-64.8317,96.2948,1,2012102,-64.84,96.02,0,-64.8317,96.2948,1,0,0,0,0,0
-64.8406,96.3177,1,2012103,-64.84,96.02,0,-64.8406,96.3177,1,0,0,0,0,0
-64.863,96.2615,1,2012104,-64.84,96.02,0,-64.863,96.2615,1,0,0,0,0,0
-64.871,96.2999,1,2012105,-64.84,96.02,0,-64.871,96.2999,1,0,0,0,0,0
-64.8894,96.3304,1,2012106,-64.84,96.02,1,-64.8894,96.3304,1,0,0,0,11,2
-64.8932,96.2487,1,2012107,-64.84,96.02,0,-64.8932,96.2487,1,0,0,0,0,0
-64.8808,96.3024,1,2012108,-64.84,96.02,0,-64.8808,96.3024,1,0,0,0,0,0
-64.8698,96.3253,1,2012109,-64.84,96.02,0,-64.8698,96.3253,1,0,0,0,0,0
-64.8601,96.3228,1,2012110,-64.84,96.02,0,-64.8601,96.3228,1,0,0,0,0,0
-64.8464,96.4018,1,2012111,-64.84,96.02,0,-64.8464,96.4018,1,0,0,0,0,0
-64.8441,96.4526,1,2012112,-64.84,96.02,0,-64.8441,96.4526,1,0,0,0,0,0
-64.8321,96.4957,1,2012113,-64.84,96.02,1,-64.8321,96.4957,1,0,0,0,11,2
-64.868,96.3657,1,2012114,-64.84,96.02,0,-64.868,96.3657,1,0,0,0,0,0
-64.7802,96.5483,1,2012115,-64.84,96.02,0,-64.7802,96.5483,1,0,0,0,0,0
-64.8867,96.3863,1,2012116,-64.84,96.02,0,-64.8867,96.3863,1,0,0,0,0,0
-64.8247,96.4332,1,2012117,-64.84,96.02,0,-64.8247,96.4332,1,0,0,0,0,0
-64.8203,96.5054,0,2012118,-64.84,96.02,0,-64.8203,96.5054,0,0,0,0,0,0
-64.8189,96.5642,1,2012119,-64.84,96.02,0,-64.8189,96.5642,1,0,0,0,0,0
-64.8675,96.5824,1,2012120,-64.84,96.02,1,-64.8675,96.5824,1,0,0,0,11,2
-64.8703,96.5211,1,2012121,-64.8394,96.0261,0,-64.8703,96.5211,1,0,0,0,0,0
-64.8413,96.5083,1,2012122,-64.838,96.0418,0,-64.8413,96.5083,1,0,0,0,0,0
-64.8208,96.5234,1,2012123,-64.8361,96.0633,0,-64.8208,96.5234,1,0,0,0,0,0
-64.8111,96.5208,1,2012124,-64.8339,96.0867,0,-64.8111,96.5208,1,0,0,0,0,0
-64.7759,96.635,1,2012125,-64.832,96.1082,0,-64.7759,96.635,1,0,0,0,0,0
-64.7978,96.5942,1,2012126,-64.8306,96.1239,0,-64.7978,96.5942,1,0,0,0,0,0
-64.7852,96.6476,1,2012127,-64.83,96.13,1,-64.7852,96.6476,1,0,0,0,11,2
-64.7762,96.6296,1,2012128,-64.83,96.13,0,-64.7762,96.6296,1,0,0,0,0,0
-64.7872,96.6069,1,2012129,-64.83,96.13,0,-64.7872,96.6069,1,0,0,0,0,0
-64.7842,96.6679,1,2012130,-64.83,96.13,0,-64.7842,96.6679,1,0,0,0,0,0
-64.7842,96.6679,1,2012131,-64.83,96.13,0,-64.7842,96.6679,1,0,0,0,0,0
-64.7925,96.5003,1,2012132,-64.83,96.13,0,-64.7925,96.5003,1,0,0,0,0,0
-64.8209,96.5235,1,2012133,-64.83,96.13,0,-64.8209,96.5235,1,0,0,0,0,0
-64.7838,96.4723,1,2012134,-64.83,96.13,1,-64.7838,96.4723,1,0,0,0,11,2
-64.79,96.5514,1,2012135,-64.83,96.13,0,-64.79,96.5514,1,0,0,0,0,0
-64.8002,96.5436,1,2012136,-64.83,96.13,0,-64.8002,96.5436,1,0,0,0,0,0
-64.8002,96.5436,1,2012137,-64.83,96.13,0,-64.8002,96.5436,1,0,0,0,0,0
-64.7897,96.5563,1,2012138,-64.83,96.13,0,-64.7897,96.5563,1,0,0,0,0,0
-64.7894,96.5613,1,2012139,-64.83,96.13,0,-64.7894,96.5613,1,0,0,0,0,0
-64.7992,96.5639,1,2012140,-64.83,96.13,0,-64.7992,96.5639,1,0,0,0,0,0
-64.7884,96.5816,1,2012141,-64.83,96.13,1,-64.7884,96.5816,1,0,0,0,11,2
-64.7444,96.6726,1,2012142,-64.8303,96.1306,0,-64.7444,96.6726,1,0,0,0,0,0
-64.7478,96.6063,1,2012143,-64.8312,96.132,0,-64.7478,96.6063,1,0,0,0,0,0
-64.7334,96.6952,1,2012144,-64.8325,96.1339,0,-64.7334,96.6952,1,0,0,0,0,0
-64.773,96.6956,1,2012145,-64.8342,96.1361,0,-64.773,96.6956,1,0,0,0,0,0
-64.7437,96.6875,1,2012146,-64.8361,96.138,0,-64.7437,96.6875,1,0,0,0,0,0
-64.7565,96.6293,1,2012147,-64.838,96.1394,0,-64.7565,96.6293,1,0,0,0,0,0
-64.8349,96.0077,1,2012148,-64.84,96.14,1,-64.8349,96.0077,1,0,0,0,11,2
-64.8454,95.9997,1,2012149,-64.8425,96.1322,0,-64.8454,95.9997,1,0,0,0,0,0
-64.8251,96.0103,1,2012150,-64.8459,96.1122,0,-64.8251,96.0103,1,0,0,0,0,0
-64.825,96.0153,1,2012151,-64.8497,96.0849,0,-64.825,96.0153,1,0,0,0,0,0
-64.8347,96.0177,1,2012152,-64.8535,96.0551,0,-64.8347,96.0177,1,0,0,0,0,0
-64.8347,96.0177,1,2012153,-64.8568,96.0278,0,-64.8347,96.0177,1,0,0,0,0,0
-64.8347,96.0177,1,2012154,-64.8591,96.0078,0,-64.8347,96.0177,1,0,0,0,0,0
-64.8347,96.0177,1,2012155,-64.86,96,1,-64.8347,96.0177,1,0,0,0,11,2
-64.8347,96.0177,1,2012156,-64.86,96,0,-64.8347,96.0177,1,0,0,0,0,0
-64.8347,96.0177,1,2012157,-64.86,96,0,-64.8347,96.0177,1,0,0,0,0,0
-64.8347,96.0177,1,2012158,-64.86,96,0,-64.8347,96.0177,1,0,0,0,0,0
-64.8347,96.0177,1,2012159,-64.86,96,0,-64.8347,96.0177,1,0,0,0,0,0
-64.8347,96.0177,1,2012160,-64.86,96,0,-64.8347,96.0177,1,0,0,0,0,0
-64.8347,96.0177,1,2012161,-64.86,96,0,-64.8347,96.0177,1,0,0,0,0,0
-64.8347,96.0177,1,2012162,-64.86,96,1,-64.8347,96.0177,1,0,0,0,11,2
-64.8347,96.0177,1,2012163,-64.86,96,0,-64.8347,96.0177,1,0,0,0,0,0
-64.8347,96.0177,1,2012164,-64.86,96,0,-64.8347,96.0177,1,0,0,0,0,0
-64.8347,96.0177,1,2012165,-64.86,96,0,-64.8347,96.0177,1,0,0,0,0,0
-64.8347,96.0177,1,2012166,-64.86,96,0,-64.8347,96.0177,1,0,0,0,0,0
-64.8347,96.0177,1,2012167,-64.86,96,0,-64.8347,96.0177,1,0,0,0,0,0
-64.8347,96.0177,1,2012168,-64.86,96,0,-64.8347,96.0177,1,0,0,0,0,0
-64.8347,96.0177,1,2012169,-64.86,96,1,-64.8347,96.0177,1,0,0,0,11,2
-64.8347,96.0177,1,2012170,-64.86,96,0,-64.8347,96.0177,1,0,0,0,0,0
-64.8347,96.0177,1,2012171,-64.86,96,0,-64.8347,96.0177,1,0,0,0,0,0
-64.8347,96.0177,1,2012172,-64.86,96,0,-64.8347,96.0177,1,0,0,0,0,0
-64.8347,96.0177,1,2012173,-64.86,96,0,-64.8347,96.0177,1,0,0,0,0,0
-64.8347,96.0177,1,2012174,-64.86,96,0,-64.8347,96.0177,1,0,0,0,0,0
-64.8347,96.0177,1,2012175,-64.86,96,0,-64.8347,96.0177,1,0,0,0,0,0
-64.8347,96.0177,1,2012176,-64.86,96,1,-64.8347,96.0177,1,0,0,0,11,2
-64.8347,96.0177,0,2012177,-64.86,96,0,-64.8347,96.0177,0,0,0,0,0,0
-64.8347,96.0177,1,2012178,-64.86,96,0,-64.8347,96.0177,1,0,0,0,0,0
-64.8347,96.0177,1,2012179,-64.86,96,0,-64.8347,96.0177,1,0,0,0,0,0
-64.8347,96.0177,1,2012180,-64.86,96,0,-64.8347,96.0177,1,0,0,0,0,0
-64.8347,96.0177,1,2012181,-64.86,96,0,-64.8347,96.0177,1,0,0,0,0,0
-64.8347,96.0177,1,2012182,-64.86,96,0,-64.8347,96.0177,1,0,0,0,0,0
-64.8347,96.0177,1,2012183,-64.86,96,1,-64.8347,96.0177,1,0,0,0,11,2
-64.8347,96.0177,1,2012184,-64.86,96,0,-64.8347,96.0177,1,0,0,0,0,0
-64.8347,96.0177,1,2012185,-64.86,96,0,-64.8347,96.0177,1,0,0,0,0,0
-64.8347,96.0177,1,2012186,-64.86,96,0,-64.8347,96.0177,1,0,0,0,0,0
-64.8347,96.0177,1,2012187,-64.86,96,0,-64.8347,96.0177,1,0,0,0,0,0
-64.8347,96.0177,1,2012188,-64.86,96,0,-64.8347,96.0177,1,0,0,0,0,0
-64.8347,96.0177,1,2012189,-64.86,96,0,-64.8347,96.0177,1,0,0,0,0,0
-64.8347,96.0177,1,2012190,-64.86,96,1,-64.8347,96.0177,1,0,0,0,11,2
-64.8347,96.0177,1,2012191,-64.86,96.0022,0,-64.8347,96.0177,1,0,0,0,0,0
-64.8347,96.0177,1,2012192,-64.86,96.0079,0,-64.8347,96.0177,1,0,0,0,0,0
-64.8347,96.0177,1,2012193,-64.86,96.0157,0,-64.8347,96.0177,1,0,0,0,0,0
-64.8347,96.0177,1,2012194,-64.86,96.0243,0,-64.8347,96.0177,1,0,0,0,0,0
-64.8347,96.0177,1,2012195,-64.86,96.0321,0,-64.8347,96.0177,1,0,0,0,0,0
-64.8347,96.0177,1,2012196,-64.86,96.0378,0,-64.8347,96.0177,1,0,0,0,0,0
-64.8347,96.0177,1,2012197,-64.86,96.04,1,-64.8347,96.0177,1,0,0,0,11,2
-64.8347,96.0177,1,2012198,-64.86,96.04,0,-64.8347,96.0177,1,0,0,0,0,0
-64.8347,96.0177,1,2012199,-64.86,96.04,0,-64.8347,96.0177,1,0,0,0,0,0
-64.8347,96.0177,1,2012200,-64.86,96.04,0,-64.8347,96.0177,1,0,0,0,0,0
-64.8347,96.0177,1,2012201,-64.86,96.04,0,-64.8347,96.0177,1,0,0,0,0,0
-64.8347,96.0177,1,2012202,-64.86,96.04,0,-64.8347,96.0177,1,0,0,0,0,0
-64.8347,96.0177,1,2012203,-64.86,96.04,0,-64.8347,96.0177,1,0,0,0,0,0
-64.8347,96.0177,1,2012204,-64.86,96.04,1,-64.8347,96.0177,1,0,0,0,11,2
-64.8347,96.0177,1,2012205,-64.86,96.04,0,-64.8347,96.0177,1,0,0,0,0,0
-64.8347,96.0177,1,2012206,-64.86,96.04,0,-64.8347,96.0177,1,0,0,0,0,0
-64.8347,96.0177,1,2012207,-64.86,96.04,0,-64.8347,96.0177,1,0,0,0,0,0
-64.8347,96.0177,1,2012208,-64.86,96.04,0,-64.8347,96.0177,1,0,0,0,0,0
-64.8347,96.0177,1,2012209,-64.86,96.04,0,-64.8347,96.0177,1,0,0,0,0,0
-64.8347,96.0177,1,2012210,-64.86,96.04,0,-64.8347,96.0177,1,0,0,0,0,0
-64.8347,96.0177,1,2012211,-64.86,96.04,1,-64.8347,96.0177,1,0,0,0,11,2
-64.8313,96.0583,0,2012212,-64.86,96.04,0,-64.8313,96.0583,0,0,0,0,0,0
-64.8229,96.1599,0,2012213,-64.86,96.04,0,-64.8229,96.1599,0,0,0,0,0,0
-64.812,96.292,0,2012214,-64.86,96.04,0,-64.812,96.292,0,0,0,0,0,0
-64.801,96.4241,0,2012215,-64.86,96.04,0,-64.801,96.4241,0,0,0,0,0,0
-64.7926,96.5257,0,2012216,-64.86,96.04,0,-64.7926,96.5257,0,0,0,0,0,0
-64.7892,96.5663,1,2012217,-64.86,96.04,0,-64.7892,96.5663,1,0,0,0,0,0
-64.8347,96.0177,1,2012218,-64.86,96.04,1,-64.8347,96.0177,1,0,0,0,11,2
-64.8347,96.0177,1,2012219,-64.8594,96.0394,0,-64.8347,96.0177,1,0,0,0,0,0
-64.8347,96.0177,1,2012220,-64.858,96.038,0,-64.8347,96.0177,1,0,0,0,0,0
-64.8347,96.0177,1,2012221,-64.8561,96.0361,0,-64.8347,96.0177,1,0,0,0,0,0
-64.8347,96.0177,1,2012222,-64.8539,96.0339,0,-64.8347,96.0177,1,0,0,0,0,0
-64.8347,96.0177,1,2012223,-64.852,96.032,0,-64.8347,96.0177,1,0,0,0,0,0
-64.8347,96.0177,1,2012224,-64.8506,96.0306,0,-64.8347,96.0177,1,0,0,0,0,0
-64.8347,96.0177,1,2012225,-64.85,96.03,1,-64.8347,96.0177,1,0,0,0,11,2
-64.8347,96.0177,1,2012226,-64.85,96.03,0,-64.8347,96.0177,1,0,0,0,0,0
-64.8347,96.0177,1,2012227,-64.85,96.03,0,-64.8347,96.0177,1,0,0,0,0,0
-64.8347,96.0177,1,2012228,-64.85,96.03,0,-64.8347,96.0177,1,0,0,0,0,0
-64.8347,96.0177,1,2012229,-64.85,96.03,0,-64.8347,96.0177,1,0,0,0,0,0
-64.8347,96.0177,1,2012230,-64.85,96.03,0,-64.8347,96.0177,1,0,0,0,0,0
-64.8347,96.0177,1,2012231,-64.85,96.03,0,-64.8347,96.0177,1,0,0,0,0,0
-64.8347,96.0177,0,2012232,-64.85,96.03,1,-64.8347,96.0177,0,0,0,0,11,2
-64.8347,96.0177,1,2012233,-64.85,96.03,0,-64.8347,96.0177,1,0,0,0,0,0
-64.8347,96.0177,1,2012234,-64.85,96.03,0,-64.8347,96.0177,1,0,0,0,0,0
-64.8347,96.0177,1,2012235,-64.85,96.03,0,-64.8347,96.0177,1,0,0,0,0,0
-64.8347,96.0177,1,2012236,-64.85,96.03,0,-64.8347,96.0177,1,0,0,0,0,0
-64.8347,96.0177,1,2012237,-64.85,96.03,0,-64.8347,96.0177,1,0,0,0,0,0
-64.8347,96.0177,1,2012238,-64.85,96.03,0,-64.8347,96.0177,1,0,0,0,0,0
-64.8347,96.0177,1,2012239,-64.85,96.03,1,-64.8347,96.0177,1,0,0,0,11,2
-64.8347,96.0177,1,2012240,-64.85,96.03,0,-64.8347,96.0177,1,0,0,0,0,0
-64.8347,96.0177,1,2012241,-64.85,96.03,0,-64.8347,96.0177,1,0,0,0,0,0
-64.8347,96.0177,1,2012242,-64.85,96.03,0,-64.8347,96.0177,1,0,0,0,0,0
-64.8347,96.0177,1,2012243,-64.85,96.03,0,-64.8347,96.0177,1,0,0,0,0,0
-64.8347,96.0177,1,2012244,-64.85,96.03,0,-64.8347,96.0177,1,0,0,0,0,0
-64.8347,96.0177,1,2012245,-64.85,96.03,0,-64.8347,96.0177,1,0,0,0,0,0
-64.8347,96.0177,1,2012246,-64.85,96.03,1,-64.8347,96.0177,1,0,0,0,11,2
-64.8347,96.0177,1,2012247,-64.8494,96.0294,0,-64.8347,96.0177,1,0,0,0,0,0
-64.8347,96.0177,1,2012248,-64.848,96.028,0,-64.8347,96.0177,1,0,0,0,0,0
-64.8347,96.0177,1,2012249,-64.8461,96.0261,0,-64.8347,96.0177,1,0,0,0,0,0
-64.8347,96.0177,1,2012250,-64.8439,96.0239,0,-64.8347,96.0177,1,0,0,0,0,0
-64.8347,96.0177,1,2012251,-64.842,96.022,0,-64.8347,96.0177,1,0,0,0,0,0
-64.8347,96.0177,1,2012252,-64.8406,96.0206,0,-64.8347,96.0177,1,0,0,0,0,0
-64.8347,96.0177,1,2012253,-64.84,96.02,1,-64.8347,96.0177,1,0,0,0,11,2
-64.8347,96.0177,1,2012254,-64.84,96.02,0,-64.8347,96.0177,1,0,0,0,0,0
-64.8347,96.0177,1,2012255,-64.84,96.02,0,-64.8347,96.0177,1,0,0,0,0,0
-64.8347,96.0177,1,2012256,-64.84,96.02,0,-64.8347,96.0177,1,0,0,0,0,0
-64.8347,96.0177,1,2012257,-64.84,96.02,0,-64.8347,96.0177,1,0,0,0,0,0
-64.8347,96.0177,1,2012258,-64.84,96.02,0,-64.8347,96.0177,1,0,0,0,0,0
-64.8347,96.0177,1,2012259,-64.84,96.02,0,-64.8347,96.0177,1,0,0,0,0,0
-64.8347,96.0177,1,2012260,-64.84,96.02,1,-64.8347,96.0177,1,0,0,0,11,2
-64.8347,96.0177,1,2012261,-64.84,96.02,0,-64.8347,96.0177,1,0,0,0,0,0
-64.8347,96.0177,1,2012262,-64.84,96.02,0,-64.8347,96.0177,1,0,0,0,0,0
-64.8347,96.0177,1,2012263,-64.84,96.02,0,-64.8347,96.0177,1,0,0,0,0,0
-64.8347,96.0177,1,2012264,-64.84,96.02,0,-64.8347,96.0177,1,0,0,0,0,0
-64.8347,96.0177,1,2012265,-64.84,96.02,0,-64.8347,96.0177,1,0,0,0,0,0
-64.8347,96.0177,1,2012266,-64.84,96.02,0,-64.8347,96.0177,1,0,0,0,0,0
-64.8347,96.0177,1,2012267,-64.84,96.02,1,-64.8347,96.0177,1,0,0,0,11,2
-64.8142,96.0332,1,2012268,-64.84,96.02,0,-64.8142,96.0332,1,0,0,0,0,0
-64.8142,96.0332,1,2012269,-64.84,96.02,0,-64.8142,96.0332,1,0,0,0,0,0
-64.8142,96.0332,1,2012270,-64.84,96.02,0,-64.8142,96.0332,1,0,0,0,0,0
-64.8142,96.0332,1,2012271,-64.84,96.02,0,-64.8142,96.0332,1,0,0,0,0,0
-64.8124,96.074,1,2012272,-64.84,96.02,0,-64.8124,96.074,1,0,0,0,0,0
-64.8131,96.0586,1,2012273,-64.84,96.02,0,-64.8131,96.0586,1,0,0,0,0,0
-64.7759,96.0082,1,2012274,-64.84,96.02,1,-64.7759,96.0082,1,0,0,0,11,2
-64.7762,96.0032,1,2012275,-64.84,96.02,0,-64.7762,96.0032,1,0,0,0,0,0
-64.7762,96.0032,0,2012276,-64.84,96.02,0,-64.7762,96.0032,0,0,0,0,0,0
-64.7762,96.0032,0,2012277,-64.84,96.02,0,-64.7762,96.0032,0,0,0,0,0,0
-64.7762,96.0032,1,2012278,-64.84,96.02,0,-64.7762,96.0032,1,0,0,0,0,0
-64.7762,96.0032,1,2012279,-64.84,96.02,0,-64.7762,96.0032,1,0,0,0,0,0
-64.7762,96.0032,1,2012280,-64.84,96.02,0,-64.7762,96.0032,1,0,0,0,0,0
-64.7762,96.0032,1,2012281,-64.84,96.02,1,-64.7762,96.0032,1,0,0,0,11,2
-64.7957,96.0081,1,2012282,-64.84,96.02,0,-64.7957,96.0081,1,0,0,0,0,0
-64.7957,96.0081,1,2012283,-64.84,96.02,0,-64.7957,96.0081,1,0,0,0,0,0
-64.7957,96.0081,1,2012284,-64.84,96.02,0,-64.7957,96.0081,1,0,0,0,0,0
-64.7957,96.0081,1,2012285,-64.84,96.02,0,-64.7957,96.0081,1,0,0,0,0,0
-64.7957,96.0081,1,2012286,-64.84,96.02,0,-64.7957,96.0081,1,0,0,0,0,0
-64.7957,96.0081,1,2012287,-64.84,96.02,0,-64.7957,96.0081,1,0,0,0,0,0
-64.7957,96.0081,1,2012288,-64.84,96.02,1,-64.7957,96.0081,1,0,0,0,11,2
-64.8348,96.0177,1,2012289,-64.84,96.02,0,-64.8348,96.0177,1,0,0,0,0,0
-64.8348,96.0177,1,2012290,-64.84,96.02,0,-64.8348,96.0177,1,0,0,0,0,0
-64.8348,96.0177,1,2012291,-64.84,96.02,0,-64.8348,96.0177,1,0,0,0,0,0
-64.8348,96.0177,1,2012292,-64.84,96.02,0,-64.8348,96.0177,1,0,0,0,0,0
-64.8348,96.0177,1,2012293,-64.84,96.02,0,-64.8348,96.0177,1,0,0,0,0,0
-64.8348,96.0177,1,2012294,-64.84,96.02,0,-64.8348,96.0177,1,0,0,0,0,0
-64.8338,96.0381,1,2012295,-64.84,96.02,1,-64.8338,96.0381,1,0,0,0,11,2
-64.8338,96.0381,1,2012296,-64.84,96.02,0,-64.8338,96.0381,1,0,0,0,0,0
-64.8338,96.0381,1,2012297,-64.84,96.02,0,-64.8338,96.0381,1,0,0,0,0,0
-64.8338,96.0381,1,2012298,-64.84,96.02,0,-64.8338,96.0381,1,0,0,0,0,0
-64.8338,96.0381,1,2012299,-64.84,96.02,0,-64.8338,96.0381,1,0,0,0,0,0
-64.8338,96.0381,1,2012300,-64.84,96.02,0,-64.8338,96.0381,1,0,0,0,0,0
-64.8338,96.0381,1,2012301,-64.84,96.02,0,-64.8338,96.0381,1,0,0,0,0,0
-64.8338,96.0381,1,2012302,-64.84,96.02,1,-64.8338,96.0381,1,0,0,0,11,2
-64.8426,96.0609,1,2012303,-64.84,96.02,0,-64.8426,96.0609,1,0,0,0,0,0
-64.8426,96.0609,1,2012304,-64.84,96.02,0,-64.8426,96.0609,1,0,0,0,0,0
-64.8426,96.0609,1,2012305,-64.84,96.02,0,-64.8426,96.0609,1,0,0,0,0,0
-64.8426,96.0609,1,2012306,-64.84,96.02,0,-64.8426,96.0609,1,0,0,0,0,0
-64.8426,96.0609,1,2012307,-64.84,96.02,0,-64.8426,96.0609,1,0,0,0,0,0
-64.8426,96.0609,1,2012308,-64.84,96.02,0,-64.8426,96.0609,1,0,0,0,0,0
-64.8426,96.0609,1,2012309,-64.84,96.02,1,-64.8426,96.0609,1,0,0,0,11,2
-64.8426,96.0609,1,2012310,-64.84,96.02,0,-64.8426,96.0609,1,0,0,0,0,0
-64.8326,96.0635,1,2012311,-64.84,96.02,0,-64.8326,96.0635,1,0,0,0,0,0
-64.8326,96.0635,1,2012312,-64.84,96.02,0,-64.8326,96.0635,1,0,0,0,0,0
-64.8326,96.0635,1,2012313,-64.84,96.02,0,-64.8326,96.0635,1,0,0,0,0,0
-64.8326,96.0635,1,2012314,-64.84,96.02,0,-64.8326,96.0635,1,0,0,0,0,0
-64.8326,96.0635,1,2012315,-64.84,96.02,0,-64.8326,96.0635,1,0,0,0,0,0
-64.8326,96.0635,1,2012316,-64.84,96.02,1,-64.8326,96.0635,1,0,0,0,11,2
-64.8219,96.0814,1,2012317,-64.84,96.02,0,-64.8219,96.0814,1,0,0,0,0,0
-64.8219,96.0814,1,2012318,-64.84,96.02,0,-64.8219,96.0814,1,0,0,0,0,0
-64.8219,96.0814,1,2012319,-64.84,96.02,0,-64.8219,96.0814,1,0,0,0,0,0
-64.8219,96.0814,1,2012320,-64.84,96.02,0,-64.8219,96.0814,1,0,0,0,0,0
-64.8219,96.0814,1,2012321,-64.84,96.02,0,-64.8219,96.0814,1,0,0,0,0,0
-64.8219,96.0814,1,2012322,-64.84,96.02,0,-64.8219,96.0814,1,0,0,0,0,0
-64.8219,96.0814,1,2012323,-64.84,96.02,1,-64.8219,96.0814,1,0,0,0,11,2
-64.8131,96.0586,1,2012324,-64.84,96.02,0,-64.8131,96.0586,1,0,0,0,0,0
-64.8131,96.0586,1,2012325,-64.84,96.02,0,-64.8131,96.0586,1,0,0,0,0,0
-64.8131,96.0586,1,2012326,-64.84,96.02,0,-64.8131,96.0586,1,0,0,0,0,0
-64.8131,96.0586,1,2012327,-64.84,96.02,0,-64.8131,96.0586,1,0,0,0,0,0
-64.8131,96.0586,1,2012328,-64.84,96.02,0,-64.8131,96.0586,1,0,0,0,0,0
-64.8131,96.0586,1,2012329,-64.84,96.02,0,-64.8131,96.0586,1,0,0,0,0,0
-64.8131,96.0586,1,2012330,-64.84,96.02,1,-64.8131,96.0586,1,0,0,0,11,2
-64.8317,96.0839,1,2012331,-64.84,96.02,0,-64.8317,96.0839,1,0,0,0,0,0
-64.8415,96.0863,1,2012332,-64.84,96.02,0,-64.8415,96.0863,1,0,0,0,0,0
-64.8415,96.0863,1,2012333,-64.84,96.02,0,-64.8415,96.0863,1,0,0,0,0,0
-64.8415,96.0863,1,2012334,-64.84,96.02,0,-64.8415,96.0863,1,0,0,0,0,0
-64.8415,96.0863,1,2012335,-64.84,96.02,0,-64.8415,96.0863,1,0,0,0,0,0
-64.8415,96.0863,1,2012336,-64.84,96.02,0,-64.8415,96.0863,1,0,0,0,0,0
-64.8415,96.0863,1,2012337,-64.84,96.02,1,-64.8415,96.0863,1,0,0,0,11,2
-64.8638,96.0299,1,2012338,-64.84,96.02,0,-64.8638,96.0299,1,0,0,0,0,0
-64.8639,96.0249,1,2012339,-64.84,96.02,0,-64.8639,96.0249,1,0,0,0,0,0
-64.8416,96.0813,1,2012340,-64.84,96.02,0,-64.8416,96.0813,1,0,0,0,0,0
-64.9001,96.101,1,2012341,-64.84,96.02,0,-64.9001,96.101,1,0,0,0,0,0
-64.8902,96.0985,1,2012342,-64.84,96.02,0,-64.8902,96.0985,1,0,0,0,0,0
-64.8804,96.0961,1,2012343,-64.84,96.02,0,-64.8804,96.0961,1,0,0,0,0,0
-64.9409,96.0699,1,2012344,-64.84,96.02,1,-64.9409,96.0699,1,0,0,0,11,2
-64.9294,96.1034,1,2012345,-64.84,96.02,0,-64.9294,96.1034,1,0,0,0,0,0
-64.9294,96.1034,1,2012346,-64.84,96.02,0,-64.9294,96.1034,1,0,0,0,0,0
-64.9294,96.1034,1,2012347,-64.84,96.02,0,-64.9294,96.1034,1,0,0,0,0,0
-64.9294,96.1034,1,2012348,-64.84,96.02,0,-64.9294,96.1034,1,0,0,0,0,0
-64.9294,96.1034,1,2012349,-64.84,96.02,0,-64.9294,96.1034,1,0,0,0,0,0
-64.9294,96.1034,1,2012350,-64.84,96.02,0,-64.9294,96.1034,1,0,0,0,0,0
-64.9294,96.1034,1,2012351,-64.84,96.02,1,-64.9294,96.1034,1,0,0,0,11,2
-64.9282,96.1288,1,2012352,-64.84,96.02,0,-64.9282,96.1288,1,0,0,0,0,0
-64.9282,96.1288,1,2012353,-64.84,96.02,0,-64.9282,96.1288,1,0,0,0,0,0
-64.9282,96.1288,1,2012354,-64.84,96.02,0,-64.9282,96.1288,1,0,0,0,0,0
-64.9282,96.1288,1,2012355,-64.84,96.02,0,-64.9282,96.1288,1,0,0,0,0,0
-64.9282,96.1288,1,2012356,-64.84,96.02,0,-64.9282,96.1288,1,0,0,0,0,0
-64.9282,96.1288,1,2012357,-64.84,96.02,0,-64.9282,96.1288,1,0,0,0,0,0
-64.9282,96.1288,1,2012358,-64.84,96.02,1,-64.9282,96.1288,1,0,0,0,11,2
-64.9282,96.1288,1,2012359,-64.84,96.02,0,-64.9282,96.1288,1,0,0,0,0,0
-64.9282,96.1288,1,2012360,-64.84,96.02,0,-64.9282,96.1288,1,0,0,0,0,0
-64.888,96.1444,1,2012361,-64.84,96.02,0,-64.888,96.1444,1,0,0,0,0,0
-64.8588,96.137,1,2012362,-64.84,96.02,0,-64.8588,96.137,1,0,0,0,0,0
-64.8579,96.1574,1,2012363,-64.84,96.02,0,-64.8579,96.1574,1,0,0,0,0,0
-64.8442,96.2416,1,2012364,-64.84,96.02,0,-64.8442,96.2416,1,0,0,0,0,0
-64.8572,96.1724,1,2012365,-64.84,96.02,1,-64.8572,96.1724,1,0,0,0,11,2
-64.8549,96.2237,1,2012366,-64.84,96.02,0,-64.8549,96.2237,1,0,0,0,0,0
-64.8234,96.2619,1,2013001,-64.84,96.02,0,-64.8234,96.2619,1,0,0,0,0,0
-64.8028,96.2822,1,2013002,-64.84,96.02,0,-64.8028,96.2822,1,0,0,0,0,0
-64.7802,96.3432,1,2013003,-64.84,96.02,0,-64.7802,96.3432,1,0,0,0,0,0
-64.7986,96.3736,1,2013004,-64.84,96.02,0,-64.7986,96.3736,1,0,0,0,0,0
-64.7986,96.3736,1,2013005,-64.84,96.02,0,-64.7986,96.3736,1,0,0,0,0,0
-64.7986,96.3736,1,2013006,-64.84,96.02,1,-64.7986,96.3736,1,0,0,0,11,2
-64.7986,96.3736,1,2013007,0,0,0,-64.7986,96.3736,1,0,0,0,0,0
-64.8919,96.2791,1,2013008,0,0,0,-64.8919,96.2791,1,0,0,0,0,0
-64.9265,96.1693,1,2013009,0,0,0,-64.9265,96.1693,1,0,0,0,0,0
-64.8789,96.1265,1,2013010,0,0,0,-64.8789,96.1265,1,0,0,0,0,0
-64.9035,96.0242,1,2013011,0,0,0,-64.9035,96.0242,1,0,0,0,0,0
-64.927,95.9371,1,2013012,0,0,0,-64.927,95.9371,1,0,0,0,0,0
-64.927,95.9371,1,2013013,0,0,0,-64.927,95.9371,1,0,0,0,0,0
-64.927,95.9371,1,2013014,0,0,0,-64.927,95.9371,1,0,0,0,0,0
-64.9158,95.9657,1,2013015,0,0,0,-64.9158,95.9657,1,0,0,0,0,0
-64.9158,95.9657,1,2013016,0,0,0,-64.9158,95.9657,1,0,0,0,0,0
-64.9158,95.9657,1,2013017,0,0,0,-64.9158,95.9657,1,0,0,0,0,0
-64.9158,95.9657,1,2013018,0,0,0,-64.9158,95.9657,1,0,0,0,0,0
-64.9158,95.9657,1,2013019,0,0,0,-64.9158,95.9657,1,0,0,0,0,0
-64.9158,95.9657,1,2013020,-64.84,96.02,1,-64.9158,95.9657,1,0,0,0,11,2
-64.914,96.0066,1,2013021,-64.84,96.02,0,-64.914,96.0066,1,0,0,0,0,0
-64.914,96.0066,1,2013022,-64.84,96.02,0,-64.914,96.0066,1,0,0,0,0,0
-64.914,96.0066,1,2013023,-64.84,96.02,0,-64.914,96.0066,1,0,0,0,0,0
-64.914,96.0066,1,2013024,-64.84,96.02,0,-64.914,96.0066,1,0,0,0,0,0
-64.914,96.0066,1,2013025,-64.84,96.02,0,-64.914,96.0066,1,0,0,0,0,0
-64.914,96.0066,1,2013026,-64.84,96.02,0,-64.914,96.0066,1,0,0,0,0,0
-64.9003,96.091,1,2013027,-64.84,96.02,1,-64.9003,96.091,1,0,0,0,11,2
-64.9003,96.091,1,2013028,-64.84,96.02,0,-64.9003,96.091,1,0,0,0,0,0
-64.9003,96.091,1,2013029,-64.84,96.02,0,-64.9003,96.091,1,0,0,0,0,0
-64.9003,96.091,1,2013030,-64.84,96.02,0,-64.9003,96.091,1,0,0,0,0,0
-64.9003,96.091,1,2013031,-64.84,96.02,0,-64.9003,96.091,1,0,0,0,0,0
-64.9003,96.091,1,2013032,-64.84,96.02,0,-64.9003,96.091,1,0,0,0,0,0
-64.9003,96.091,0,2013033,-64.84,96.02,0,-64.9003,96.091,0,0,0,0,0,0
-64.9003,96.091,0,2013034,-64.84,96.02,1,-64.9003,96.091,0,0,0,0,11,2
-64.9003,96.091,1,2013035,-64.84,96.02,0,-64.9003,96.091,1,0,0,0,0,0
-64.9003,96.091,1,2013036,-64.84,96.02,0,-64.9003,96.091,1,0,0,0,0,0
-64.9204,96.0855,1,2013037,-64.84,96.02,0,-64.9204,96.0855,1,0,0,0,0,0
-64.8883,96.1394,1,2013038,-64.84,96.02,0,-64.8883,96.1394,1,0,0,0,0,0
-64.8883,96.1394,1,2013039,-64.84,96.02,0,-64.8883,96.1394,1,0,0,0,0,0
-64.8883,96.1394,1,2013040,-64.84,96.02,0,-64.8883,96.1394,1,0,0,0,0,0
-64.8883,96.1394,1,2013041,-64.84,96.02,1,-64.8883,96.1394,1,0,0,0,11,2
-64.8883,96.1394,0,2013042,-64.84,96.02,0,-64.8883,96.1394,0,0,0,0,0,0
-64.8883,96.1394,1,2013043,-64.84,96.02,0,-64.8883,96.1394,1,0,0,0,0,0
-64.8883,96.1394,1,2013044,-64.84,96.02,0,-64.8883,96.1394,1,0,0,0,0,0
-64.8988,96.1264,1,2013045,-64.84,96.02,0,-64.8988,96.1264,1,0,0,0,0,0
-64.8988,96.1264,0,2013046,-64.84,96.02,0,-64.8988,96.1264,0,0,0,0,0,0
-64.8988,96.1264,1,2013047,-64.84,96.02,0,-64.8988,96.1264,1,0,0,0,0,0
-64.8988,96.1264,1,2013048,-64.84,96.02,1,-64.8988,96.1264,1,0,0,0,11,2
-64.8811,96.0806,1,2013049,0,0,0,-64.8811,96.0806,1,0,0,0,0,0
-64.8731,96.0973,0,2013050,0,0,0,-64.8731,96.0973,0,0,0,0,0,0
-64.8697,96.1141,1,2013051,0,0,0,-64.8697,96.1141,1,0,0,0,0,0
-64.8697,96.1141,1,2013052,0,0,0,-64.8697,96.1141,1,0,0,0,0,0
-64.8697,96.1141,1,2013053,0,0,0,-64.8697,96.1141,1,0,0,0,0,0
-64.8697,96.1141,1,2013054,0,0,0,-64.8697,96.1141,1,0,0,0,0,0
-64.8697,96.1141,1,2013055,0,0,0,-64.8697,96.1141,1,0,0,0,0,0
-64.8697,96.1141,1,2013056,0,0,0,-64.8697,96.1141,1,0,0,0,0,0
-64.8697,96.1141,1,2013057,0,0,0,-64.8697,96.1141,1,0,0,0,0,0
-64.8697,96.1141,1,2013058,0,0,0,-64.8697,96.1141,1,0,0,0,0,0
-64.8697,96.1141,1,2013059,0,0,0,-64.8697,96.1141,1,0,0,0,0,0
-64.8697,96.1141,1,2013060,0,0,0,-64.8697,96.1141,1,0,0,0,0,0
-64.8697,96.1141,1,2013061,0,0,0,-64.8697,96.1141,1,0,0,0,0,0
-64.8639,96.13,0,2013062,0,0,0,-64.8639,96.13,0,0,0,0,0,0
-64.853,96.1595,0,2013063,0,0,0,-64.853,96.1595,0,0,0,0,0,0
-64.8472,96.1754,1,2013064,0,0,0,-64.8472,96.1754,1,0,0,0,0,0
-64.8472,96.1754,1,2013065,0,0,0,-64.8472,96.1754,1,0,0,0,0,0
-64.8472,96.1754,1,2013066,0,0,0,-64.8472,96.1754,1,0,0,0,0,0
-64.8472,96.1754,1,2013067,0,0,0,-64.8472,96.1754,1,0,0,0,0,0
-64.8472,96.1754,1,2013068,0,0,0,-64.8472,96.1754,1,0,0,0,0,0
-64.8472,96.1754,1,2013069,0,0,0,-64.8472,96.1754,1,0,0,0,0,0
-64.8577,96.1624,1,2013070,0,0,0,-64.8577,96.1624,1,0,0,0,0,0
-64.8577,96.1624,1,2013071,0,0,0,-64.8577,96.1624,1,0,0,0,0,0
-64.8577,96.1624,1,2013072,0,0,0,-64.8577,96.1624,1,0,0,0,0,0
-64.8577,96.1624,1,2013073,0,0,0,-64.8577,96.1624,1,0,0,0,0,0
-64.8577,96.1624,1,2013074,0,0,0,-64.8577,96.1624,1,0,0,0,0,0
-64.8577,96.1624,1,2013075,0,0,0,-64.8577,96.1624,1,0,0,0,0,0
-64.8577,96.1624,1,2013076,0,0,0,-64.8577,96.1624,1,0,0,0,0,0
-64.8577,96.1624,1,2013077,0,0,0,-64.8577,96.1624,1,0,0,0,0,0
-64.8577,96.1624,1,2013078,0,0,0,-64.8577,96.1624,1,0,0,0,0,0
-64.8577,96.1624,1,2013079,0,0,0,-64.8577,96.1624,1,0,0,0,0,0
-64.8577,96.1624,0,2013080,0,0,0,-64.8577,96.1624,0,0,0,0,0,0
-64.8577,96.1624,1,2013081,0,0,0,-64.8577,96.1624,1,0,0,0,0,0
-64.8577,96.1624,1,2013082,0,0,0,-64.8577,96.1624,1,0,0,0,0,0
-64.8577,96.1624,1,2013083,0,0,0,-64.8577,96.1624,1,0,0,0,0,0
-64.8577,96.1624,1,2013084,0,0,0,-64.8577,96.1624,1,0,0,0,0,0
-64.8987,96.1315,1,2013085,0,0,0,-64.8987,96.1315,1,0,0,0,0,0
-64.8987,96.1315,0,2013086,0,0,0,-64.8987,96.1315,0,0,0,0,0,0
-64.8987,96.1315,1,2013087,0,0,0,-64.8987,96.1315,1,0,0,0,0,0
-64.8997,96.106,1,2013088,0,0,0,-64.8997,96.106,1,0,0,0,0,0
-64.8997,96.106,1,2013089,0,0,0,-64.8997,96.106,1,0,0,0,0,0
-64.8997,96.106,1,2013090,0,0,0,-64.8997,96.106,1,0,0,0,0,0
-64.8997,96.106,1,2013091,0,0,0,-64.8997,96.106,1,0,0,0,0,0
-64.8997,96.106,1,2013092,0,0,0,-64.8997,96.106,1,0,0,0,0,0
-64.8997,96.106,1,2013093,0,0,0,-64.8997,96.106,1,0,0,0,0,0
-64.8997,96.106,1,2013094,0,0,0,-64.8997,96.106,1,0,0,0,0,0
-64.8997,96.106,1,2013095,0,0,0,-64.8997,96.106,1,0,0,0,0,0
-64.8997,96.106,1,2013096,0,0,0,-64.8997,96.106,1,0,0,0,0,0
-64.8997,96.106,1,2013097,0,0,0,-64.8997,96.106,1,0,0,0,0,0
-64.8997,96.106,1,2013098,0,0,0,-64.8997,96.106,1,0,0,0,0,0
-64.8997,96.106,1,2013099,0,0,0,-64.8997,96.106,1,0,0,0,0,0
-64.8997,96.106,1,2013100,0,0,0,-64.8997,96.106,1,0,0,0,0,0
-64.8997,96.106,1,2013101,0,0,0,-64.8997,96.106,1,0,0,0,0,0
-64.8997,96.106,1,2013102,0,0,0,-64.8997,96.106,1,0,0,0,0,0
-64.9097,96.1035,1,2013103,0,0,0,-64.9097,96.1035,1,0,0,0,0,0
-64.9097,96.1035,1,2013104,0,0,0,-64.9097,96.1035,1,0,0,0,0,0
-64.9097,96.1035,1,2013105,0,0,0,-64.9097,96.1035,1,0,0,0,0,0
-64.9097,96.1035,1,2013106,0,0,0,-64.9097,96.1035,1,0,0,0,0,0
-64.9097,96.1035,1,2013107,0,0,0,-64.9097,96.1035,1,0,0,0,0,0
-64.9097,96.1035,1,2013108,0,0,0,-64.9097,96.1035,1,0,0,0,0,0
-64.9097,96.1035,1,2013109,0,0,0,-64.9097,96.1035,1,0,0,0,0,0
-64.9097,96.1035,1,2013110,0,0,0,-64.9097,96.1035,1,0,0,0,0,0
-64.9097,96.1035,1,2013111,0,0,0,-64.9097,96.1035,1,0,0,0,0,0
-64.9097,96.1035,1,2013112,0,0,0,-64.9097,96.1035,1,0,0,0,0,0
-64.9204,96.0854,1,2013113,0,0,0,-64.9204,96.0854,1,0,0,0,0,0
-64.9204,96.0854,1,2013114,0,0,0,-64.9204,96.0854,1,0,0,0,0,0
-64.9204,96.0854,1,2013115,0,0,0,-64.9204,96.0854,1,0,0,0,0,0
-64.9204,96.0854,1,2013116,0,0,0,-64.9204,96.0854,1,0,0,0,0,0
-64.9204,96.0854,1,2013117,0,0,0,-64.9204,96.0854,1,0,0,0,0,0
-64.9204,96.0854,1,2013118,0,0,0,-64.9204,96.0854,1,0,0,0,0,0
-64.9204,96.0854,1,2013119,0,0,0,-64.9204,96.0854,1,0,0,0,0,0
-64.9194,96.1059,1,2013120,0,0,0,-64.9194,96.1059,1,0,0,0,0,0
-64.9194,96.1059,1,2013121,0,0,0,-64.9194,96.1059,1,0,0,0,0,0
-64.9194,96.1059,1,2013122,0,0,0,-64.9194,96.1059,1,0,0,0,0,0
-64.9194,96.1059,1,2013123,0,0,0,-64.9194,96.1059,1,0,0,0,0,0
-64.9194,96.1059,1,2013124,0,0,0,-64.9194,96.1059,1,0,0,0,0,0
-64.9194,96.1059,1,2013125,0,0,0,-64.9194,96.1059,1,0,0,0,0,0
-64.9194,96.1059,1,2013126,0,0,0,-64.9194,96.1059,1,0,0,0,0,0
-64.9194,96.1059,1,2013127,0,0,0,-64.9194,96.1059,1,0,0,0,0,0
-64.9194,96.1059,1,2013128,0,0,0,-64.9194,96.1059,1,0,0,0,0,0
-64.9194,96.1059,1,2013129,0,0,0,-64.9194,96.1059,1,0,0,0,0,0
-64.9097,96.1034,1,2013130,0,0,0,-64.9097,96.1034,1,0,0,0,0,0
-64.9097,96.1034,1,2013131,0,0,0,-64.9097,96.1034,1,0,0,0,0,0
-64.9097,96.1034,1,2013132,0,0,0,-64.9097,96.1034,1,0,0,0,0,0
-64.9097,96.1034,1,2013133,0,0,0,-64.9097,96.1034,1,0,0,0,0,0
-64.9097,96.1034,1,2013134,0,0,0,-64.9097,96.1034,1,0,0,0,0,0
-64.9106,96.083,1,2013135,0,0,0,-64.9106,96.083,1,0,0,0,0,0
-64.9106,96.083,1,2013136,0,0,0,-64.9106,96.083,1,0,0,0,0,0
-64.9106,96.083,1,2013137,0,0,0,-64.9106,96.083,1,0,0,0,0,0
-64.9106,96.083,1,2013138,0,0,0,-64.9106,96.083,1,0,0,0,0,0
-64.9106,96.083,1,2013139,0,0,0,-64.9106,96.083,1,0,0,0,0,0
-64.9097,96.1034,1,2013140,0,0,0,-64.9097,96.1034,1,0,0,0,0,0
-64.9097,96.1034,1,2013141,0,0,0,-64.9097,96.1034,1,0,0,0,0,0
-64.9097,96.1034,1,2013142,0,0,0,-64.9097,96.1034,1,0,0,0,0,0
-64.9115,96.0625,1,2013143,0,0,0,-64.9115,96.0625,1,0,0,0,0,0
-64.9115,96.0625,1,2013144,0,0,0,-64.9115,96.0625,1,0,0,0,0,0
-64.9115,96.0625,1,2013145,0,0,0,-64.9115,96.0625,1,0,0,0,0,0
-64.9115,96.0625,1,2013146,0,0,0,-64.9115,96.0625,1,0,0,0,0,0
-64.9115,96.0625,1,2013147,0,0,0,-64.9115,96.0625,1,0,0,0,0,0
-64.9115,96.0625,1,2013148,0,0,0,-64.9115,96.0625,1,0,0,0,0,0
-64.9136,96.0166,1,2013149,0,0,0,-64.9136,96.0166,1,0,0,0,0,0
-64.9136,96.0166,1,2013150,0,0,0,-64.9136,96.0166,1,0,0,0,0,0
-64.9136,96.0166,1,2013151,0,0,0,-64.9136,96.0166,1,0,0,0,0,0
-64.9136,96.0166,1,2013152,0,0,0,-64.9136,96.0166,1,0,0,0,0,0
-64.9136,96.0166,1,2013153,0,0,0,-64.9136,96.0166,1,0,0,0,0,0
-64.9136,96.0166,1,2013154,0,0,0,-64.9136,96.0166,1,0,0,0,0,0
-64.9013,96.0705,1,2013155,0,0,0,-64.9013,96.0705,1,0,0,0,0,0
-64.9013,96.0705,1,2013156,0,0,0,-64.9013,96.0705,1,0,0,0,0,0
-64.9013,96.0705,1,2013157,0,0,0,-64.9013,96.0705,1,0,0,0,0,0
-64.9013,96.0705,1,2013158,0,0,0,-64.9013,96.0705,1,0,0,0,0,0
-64.9013,96.0705,1,2013159,0,0,0,-64.9013,96.0705,1,0,0,0,0,0
-64.9013,96.0705,1,2013160,0,0,0,-64.9013,96.0705,1,0,0,0,0,0
-64.8822,96.0552,1,2013161,0,0,0,-64.8822,96.0552,1,0,0,0,0,0
-64.8932,96.0322,1,2013162,0,0,0,-64.8932,96.0322,1,0,0,0,0,0
-64.8913,96.0731,1,2013163,0,0,0,-64.8913,96.0731,1,0,0,0,0,0
-64.9018,96.0601,1,2013164,0,0,0,-64.9018,96.0601,1,0,0,0,0,0
-64.902,96.0551,1,2013165,0,0,0,-64.902,96.0551,1,0,0,0,0,0
-64.902,96.0551,1,2013166,0,0,0,-64.902,96.0551,1,0,0,0,0,0
-64.902,96.0551,1,2013167,0,0,0,-64.902,96.0551,1,0,0,0,0,0
-64.902,96.0551,1,2013168,0,0,0,-64.902,96.0551,1,0,0,0,0,0
-64.9011,96.0755,1,2013169,0,0,0,-64.9011,96.0755,1,0,0,0,0,0
-64.9011,96.0755,1,2013170,0,0,0,-64.9011,96.0755,1,0,0,0,0,0
-64.9011,96.0755,1,2013171,0,0,0,-64.9011,96.0755,1,0,0,0,0,0
-64.9011,96.0755,1,2013172,0,0,0,-64.9011,96.0755,1,0,0,0,0,0
-64.9011,96.0755,1,2013173,0,0,0,-64.9011,96.0755,1,0,0,0,0,0
-64.9011,96.0755,1,2013174,0,0,0,-64.9011,96.0755,1,0,0,0,0,0
-64.9106,96.083,1,2013175,0,0,0,-64.9106,96.083,1,0,0,0,0,0
-64.9106,96.083,1,2013176,0,0,0,-64.9106,96.083,1,0,0,0,0,0
-64.9106,96.083,1,2013177,0,0,0,-64.9106,96.083,1,0,0,0,0,0
-64.9106,96.083,1,2013178,0,0,0,-64.9106,96.083,1,0,0,0,0,0
-64.9106,96.083,1,2013179,0,0,0,-64.9106,96.083,1,0,0,0,0,0
-64.9106,96.083,1,2013180,0,0,0,-64.9106,96.083,1,0,0,0,0,0
-64.9106,96.083,1,2013181,0,0,0,-64.9106,96.083,1,0,0,0,0,0
-64.8999,96.101,1,2013182,0,0,0,-64.8999,96.101,1,0,0,0,0,0
-64.8999,96.101,1,2013183,0,0,0,-64.8999,96.101,1,0,0,0,0,0
-64.8999,96.101,1,2013184,0,0,0,-64.8999,96.101,1,0,0,0,0,0
-64.8999,96.101,1,2013185,0,0,0,-64.8999,96.101,1,0,0,0,0,0
-64.8999,96.101,1,2013186,0,0,0,-64.8999,96.101,1,0,0,0,0,0
-64.8999,96.101,1,2013187,0,0,0,-64.8999,96.101,1,0,0,0,0,0
-64.8999,96.101,1,2013188,0,0,0,-64.8999,96.101,1,0,0,0,0,0
-64.8999,96.101,1,2013189,0,0,0,-64.8999,96.101,1,0,0,0,0,0
-64.8999,96.101,1,2013190,0,0,0,-64.8999,96.101,1,0,0,0,0,0
-64.8999,96.101,1,2013191,0,0,0,-64.8999,96.101,1,0,0,0,0,0
-64.8999,96.101,1,2013192,0,0,0,-64.8999,96.101,1,0,0,0,0,0
-64.8999,96.101,1,2013193,0,0,0,-64.8999,96.101,1,0,0,0,0,0
-64.8999,96.101,1,2013194,0,0,0,-64.8999,96.101,1,0,0,0,0,0
-64.9009,96.0805,1,2013195,0,0,0,-64.9009,96.0805,1,0,0,0,0,0
-64.9106,96.083,1,2013196,0,0,0,-64.9106,96.083,1,0,0,0,0,0
-64.9213,96.065,1,2013197,0,0,0,-64.9213,96.065,1,0,0,0,0,0
-64.9224,96.0395,1,2013198,0,0,0,-64.9224,96.0395,1,0,0,0,0,0
-64.9215,96.06,1,2013199,0,0,0,-64.9215,96.06,1,0,0,0,0,0
-64.9127,96.0371,1,2013200,0,0,0,-64.9127,96.0371,1,0,0,0,0,0
-64.9127,96.0371,1,2013201,0,0,0,-64.9127,96.0371,1,0,0,0,0,0
-64.9127,96.0371,1,2013202,0,0,0,-64.9127,96.0371,1,0,0,0,0,0
-64.9145,95.9961,1,2013203,0,0,0,-64.9145,95.9961,1,0,0,0,0,0
-64.9145,95.9961,1,2013204,0,0,0,-64.9145,95.9961,1,0,0,0,0,0
-64.9145,95.9961,1,2013205,0,0,0,-64.9145,95.9961,1,0,0,0,0,0
-64.9145,95.9961,1,2013206,0,0,0,-64.9145,95.9961,1,0,0,0,0,0
-64.9145,95.9961,1,2013207,0,0,0,-64.9145,95.9961,1,0,0,0,0,0
-64.9145,95.9961,1,2013208,0,0,0,-64.9145,95.9961,1,0,0,0,0,0
-64.9145,95.9961,1,2013209,0,0,0,-64.9145,95.9961,1,0,0,0,0,0
-64.904,96.0092,1,2013210,0,0,0,-64.904,96.0092,1,0,0,0,0,0
-64.9432,96.0189,1,2013211,0,0,0,-64.9432,96.0189,1,0,0,0,0,0
-64.9119,96.0525,1,2013212,0,0,0,-64.9119,96.0525,1,0,0,0,0,0
-64.9127,96.0371,1,2013213,0,0,0,-64.9127,96.0371,1,0,0,0,0,0
-64.9136,96.0166,1,2013214,0,0,0,-64.9136,96.0166,1,0,0,0,0,0
-64.9031,96.0296,1,2013215,0,0,0,-64.9031,96.0296,1,0,0,0,0,0
-64.902,96.0551,1,2013216,0,0,0,-64.902,96.0551,1,0,0,0,0,0
-64.8922,96.0527,1,2013217,0,0,0,-64.8922,96.0527,1,0,0,0,0,0
-64.8922,96.0527,1,2013218,0,0,0,-64.8922,96.0527,1,0,0,0,0,0
-64.8922,96.0527,1,2013219,0,0,0,-64.8922,96.0527,1,0,0,0,0,0
-64.8922,96.0527,1,2013220,0,0,0,-64.8922,96.0527,1,0,0,0,0,0
-64.8922,96.0527,1,2013221,0,0,0,-64.8922,96.0527,1,0,0,0,0,0
-64.8922,96.0527,1,2013222,0,0,0,-64.8922,96.0527,1,0,0,0,0,0
-64.8922,96.0527,1,2013223,0,0,0,-64.8922,96.0527,1,0,0,0,0,0
-64.8922,96.0527,1,2013224,0,0,0,-64.8922,96.0527,1,0,0,0,0,0
-64.8922,96.0527,1,2013225,0,0,0,-64.8922,96.0527,1,0,0,0,0,0
-64.8922,96.0527,1,2013226,0,0,0,-64.8922,96.0527,1,0,0,0,0,0
-64.8852,95.9889,1,2013227,0,0,0,-64.8852,95.9889,1,0,0,0,0,0
-64.8852,95.9889,1,2013228,0,0,0,-64.8852,95.9889,1,0,0,0,0,0
-64.8852,95.9889,1,2013229,0,0,0,-64.8852,95.9889,1,0,0,0,0,0
-64.8852,95.9889,1,2013230,0,0,0,-64.8852,95.9889,1,0,0,0,0,0
-64.8852,95.9889,1,2013231,0,0,0,-64.8852,95.9889,1,0,0,0,0,0
-64.905,95.9887,1,2013232,0,0,0,-64.905,95.9887,1,0,0,0,0,0
-64.905,95.9887,1,2013233,0,0,0,-64.905,95.9887,1,0,0,0,0,0
-64.905,95.9887,1,2013234,0,0,0,-64.905,95.9887,1,0,0,0,0,0
-64.905,95.9887,1,2013235,0,0,0,-64.905,95.9887,1,0,0,0,0,0
-64.905,95.9887,1,2013236,0,0,0,-64.905,95.9887,1,0,0,0,0,0
-64.905,95.9887,1,2013237,0,0,0,-64.905,95.9887,1,0,0,0,0,0
-64.8952,95.9863,1,2013238,0,0,0,-64.8952,95.9863,1,0,0,0,0,0
-64.8952,95.9863,1,2013239,0,0,0,-64.8952,95.9863,1,0,0,0,0,0
-64.8952,95.9863,1,2013240,0,0,0,-64.8952,95.9863,1,0,0,0,0,0
-64.8952,95.9863,0,2013241,0,0,0,-64.8952,95.9863,0,0,0,0,0,0
-64.8952,95.9863,1,2013242,0,0,0,-64.8952,95.9863,1,0,0,0,0,0
-64.8952,95.9863,1,2013243,0,0,0,-64.8952,95.9863,1,0,0,0,0,0
-64.8952,95.9863,1,2013244,-64.81,96.05,1,-64.8952,95.9863,1,0,0,0,11,3
-64.8952,95.9863,1,2013245,0,0,0,-64.8952,95.9863,1,0,0,0,0,0
-64.8952,95.9863,1,2013246,0,0,0,-64.8952,95.9863,1,0,0,0,0,0
-64.8952,95.9863,1,2013247,0,0,0,-64.8952,95.9863,1,0,0,0,0,0
-64.8934,96.0272,1,2013248,0,0,0,-64.8934,96.0272,1,0,0,0,0,0
-64.8934,96.0272,1,2013249,0,0,0,-64.8934,96.0272,1,0,0,0,0,0
-64.8934,96.0272,1,2013250,0,0,0,-64.8934,96.0272,1,0,0,0,0,0
-64.8934,96.0272,1,2013251,0,0,0,-64.8934,96.0272,1,0,0,0,0,0
-64.895,95.9913,1,2013252,0,0,0,-64.895,95.9913,1,0,0,0,0,0
-64.9032,96.0296,1,2013253,0,0,0,-64.9032,96.0296,1,0,0,0,0,0
-64.9032,96.0296,1,2013254,0,0,0,-64.9032,96.0296,1,0,0,0,0,0
-64.9032,96.0296,1,2013255,0,0,0,-64.9032,96.0296,1,0,0,0,0,0
-64.9032,96.0296,1,2013256,0,0,0,-64.9032,96.0296,1,0,0,0,0,0
-64.9032,96.0296,1,2013257,0,0,0,-64.9032,96.0296,1,0,0,0,0,0
-64.9032,96.0296,1,2013258,0,0,0,-64.9032,96.0296,1,0,0,0,0,0
-64.9127,96.0371,1,2013259,0,0,0,-64.9127,96.0371,1,0,0,0,0,0
-64.9127,96.0371,1,2013260,0,0,0,-64.9127,96.0371,1,0,0,0,0,0
-64.9127,96.0371,1,2013261,0,0,0,-64.9127,96.0371,1,0,0,0,0,0
-64.9127,96.0371,1,2013262,0,0,0,-64.9127,96.0371,1,0,0,0,0,0
-64.9127,96.0371,1,2013263,0,0,0,-64.9127,96.0371,1,0,0,0,0,0
-64.9127,96.0371,1,2013264,0,0,0,-64.9127,96.0371,1,0,0,0,0,0
-64.9038,96.0142,1,2013265,0,0,0,-64.9038,96.0142,1,0,0,0,0,0
-64.9038,96.0142,1,2013266,0,0,0,-64.9038,96.0142,1,0,0,0,0,0
-64.9038,96.0142,1,2013267,0,0,0,-64.9038,96.0142,1,0,0,0,0,0
-64.9038,96.0142,1,2013268,0,0,0,-64.9038,96.0142,1,0,0,0,0,0
-64.9038,96.0142,1,2013269,0,0,0,-64.9038,96.0142,1,0,0,0,0,0
-64.9038,96.0142,1,2013270,0,0,0,-64.9038,96.0142,1,0,0,0,0,0
-64.9038,96.0142,1,2013271,0,0,0,-64.9038,96.0142,1,0,0,0,0,0
-64.9038,96.0142,1,2013272,0,0,0,-64.9038,96.0142,1,0,0,0,0,0
-64.9038,96.0142,1,2013273,0,0,0,-64.9038,96.0142,1,0,0,0,0,0
-64.8943,96.0068,1,2013274,0,0,0,-64.8943,96.0068,1,0,0,0,0,0
-64.8943,96.0068,1,2013275,0,0,0,-64.8943,96.0068,1,0,0,0,0,0
-64.8943,96.0068,1,2013276,0,0,0,-64.8943,96.0068,1,0,0,0,0,0
-64.8943,96.0068,1,2013277,0,0,0,-64.8943,96.0068,1,0,0,0,0,0
-64.8943,96.0068,1,2013278,0,0,0,-64.8943,96.0068,1,0,0,0,0,0
-64.8943,96.0068,1,2013279,0,0,0,-64.8943,96.0068,1,0,0,0,0,0
-64.8943,96.0068,1,2013280,0,0,0,-64.8943,96.0068,1,0,0,0,0,0
-64.9041,96.0092,1,2013281,0,0,0,-64.9041,96.0092,1,0,0,0,0,0
-64.9041,96.0092,1,2013282,0,0,0,-64.9041,96.0092,1,0,0,0,0,0
-64.9041,96.0092,1,2013283,0,0,0,-64.9041,96.0092,1,0,0,0,0,0
-64.9041,96.0092,1,2013284,0,0,0,-64.9041,96.0092,1,0,0,0,0,0
-64.9041,96.0092,1,2013285,0,0,0,-64.9041,96.0092,1,0,0,0,0,0
-64.9041,96.0092,1,2013286,0,0,0,-64.9041,96.0092,1,0,0,0,0,0
-64.9041,96.0092,1,2013287,0,0,0,-64.9041,96.0092,1,0,0,0,0,0
-64.9041,96.0092,1,2013288,0,0,0,-64.9041,96.0092,1,0,0,0,0,0
-64.9041,96.0092,1,2013289,0,0,0,-64.9041,96.0092,1,0,0,0,0,0
-64.9041,96.0092,1,2013290,0,0,0,-64.9041,96.0092,1,0,0,0,0,0
-64.9041,96.0092,1,2013291,-64.81,96.05,1,-64.9041,96.0092,1,0,0,0,11,3
-64.9041,96.0092,1,2013292,-64.81,96.05,0,-64.9041,96.0092,1,0,0,0,0,0
-64.9041,96.0092,1,2013293,-64.81,96.05,0,-64.9041,96.0092,1,0,0,0,0,0
-64.9041,96.0092,1,2013294,-64.81,96.05,0,-64.9041,96.0092,1,0,0,0,0,0
-64.9041,96.0092,1,2013295,-64.81,96.05,0,-64.9041,96.0092,1,0,0,0,0,0
-64.9059,95.9683,1,2013296,-64.81,96.05,0,-64.9059,95.9683,1,0,0,0,0,0
-64.9059,95.9683,1,2013297,-64.81,96.05,0,-64.9059,95.9683,1,0,0,0,0,0
-64.9059,95.9683,1,2013298,-64.81,96.05,1,-64.9059,95.9683,1,0,0,0,11,3
-64.9059,95.9683,1,2013299,0,0,0,-64.9059,95.9683,1,0,0,0,0,0
-64.9059,95.9683,1,2013300,0,0,0,-64.9059,95.9683,1,0,0,0,0,0
-64.9059,95.9683,1,2013301,0,0,0,-64.9059,95.9683,1,0,0,0,0,0
-64.9059,95.9683,1,2013302,0,0,0,-64.9059,95.9683,1,0,0,0,0,0
-64.9059,95.9683,1,2013303,0,0,0,-64.9059,95.9683,1,0,0,0,0,0
-64.9059,95.9683,1,2013304,0,0,0,-64.9059,95.9683,1,0,0,0,0,0
-64.9059,95.9683,1,2013305,0,0,0,-64.9059,95.9683,1,0,0,0,0,0
-64.9059,95.9683,1,2013306,0,0,0,-64.9059,95.9683,1,0,0,0,0,0
-64.9059,95.9683,1,2013307,0,0,0,-64.9059,95.9683,1,0,0,0,0,0
-64.907,95.9428,1,2013308,0,0,0,-64.907,95.9428,1,0,0,0,0,0
-64.907,95.9428,1,2013309,0,0,0,-64.907,95.9428,1,0,0,0,0,0
-64.907,95.9428,1,2013310,0,0,0,-64.907,95.9428,1,0,0,0,0,0
-64.907,95.9428,1,2013311,0,0,0,-64.907,95.9428,1,0,0,0,0,0
-64.907,95.9428,1,2013312,-64.81,96.05,1,-64.907,95.9428,1,0,0,0,11,3
-64.907,95.9428,1,2013313,-64.81,96.05,0,-64.907,95.9428,1,0,0,0,0,0
-64.907,95.9428,1,2013314,-64.81,96.05,0,-64.907,95.9428,1,0,0,0,0,0
-64.907,95.9428,1,2013315,-64.81,96.05,0,-64.907,95.9428,1,0,0,0,0,0
-64.9177,95.9247,1,2013316,-64.81,96.05,0,-64.9177,95.9247,1,0,0,0,0,0
-64.9177,95.9247,1,2013317,-64.81,96.05,0,-64.9177,95.9247,1,0,0,0,0,0
-64.9177,95.9247,1,2013318,-64.81,96.05,0,-64.9177,95.9247,1,0,0,0,0,0
-64.9177,95.9247,1,2013319,-64.81,96.05,1,-64.9177,95.9247,1,0,0,0,11,3
-64.9177,95.9247,1,2013320,0,0,0,-64.9177,95.9247,1,0,0,0,0,0
-64.9177,95.9247,1,2013321,0,0,0,-64.9177,95.9247,1,0,0,0,0,0
-64.9177,95.9247,1,2013322,0,0,0,-64.9177,95.9247,1,0,0,0,0,0
-64.9188,95.8992,1,2013323,0,0,0,-64.9188,95.8992,1,0,0,0,0,0
-64.9188,95.8992,1,2013324,0,0,0,-64.9188,95.8992,1,0,0,0,0,0
-64.9188,95.8992,1,2013325,0,0,0,-64.9188,95.8992,1,0,0,0,0,0
-64.9188,95.8992,1,2013326,0,0,0,-64.9188,95.8992,1,0,0,0,0,0
-64.9188,95.8992,1,2013327,0,0,0,-64.9188,95.8992,1,0,0,0,0,0
-64.9188,95.8992,1,2013328,0,0,0,-64.9188,95.8992,1,0,0,0,0,0
-64.9188,95.8992,1,2013329,0,0,0,-64.9188,95.8992,1,0,0,0,0,0
-64.9188,95.8992,1,2013330,0,0,0,-64.9188,95.8992,1,0,0,0,0,0
-64.9188,95.8992,1,2013331,0,0,0,-64.9188,95.8992,1,0,0,0,0,0
-64.9188,95.8992,1,2013332,0,0,0,-64.9188,95.8992,1,0,0,0,0,0
-64.9188,95.8992,0,2013333,-64.81,96.05,1,-64.9188,95.8992,0,0,0,0,11,3
-64.9188,95.8992,0,2013334,-64.81,96.05,0,-64.9188,95.8992,0,0,0,0,0,0
-64.9188,95.8992,0,2013335,-64.81,96.05,0,-64.9188,95.8992,0,0,0,0,0,0
-64.9188,95.8992,1,2013336,-64.81,96.05,0,-64.9188,95.8992,1,0,0,0,0,0
-64.9188,95.8992,1,2013337,-64.81,96.05,0,-64.9188,95.8992,1,0,0,0,0,0
-64.9188,95.8992,1,2013338,-64.81,96.05,0,-64.9188,95.8992,1,0,0,0,0,0
-64.9188,95.8992,1,2013339,-64.81,96.05,0,-64.9188,95.8992,1,0,0,0,0,0
-64.9188,95.8992,1,2013340,-64.81,96.05,1,-64.9188,95.8992,1,0,0,0,11,3
-64.9188,95.8992,1,2013341,0,0,0,-64.9188,95.8992,1,0,0,0,0,0
-64.9188,95.8992,1,2013342,0,0,0,-64.9188,95.8992,1,0,0,0,0,0
-64.9188,95.8992,1,2013343,0,0,0,-64.9188,95.8992,1,0,0,0,0,0
-64.9188,95.8992,1,2013344,0,0,0,-64.9188,95.8992,1,0,0,0,0,0
-64.9188,95.8992,1,2013345,0,0,0,-64.9188,95.8992,1,0,0,0,0,0
-64.9188,95.8992,0,2013346,0,0,0,-64.9188,95.8992,0,0,0,0,0,0
-64.9188,95.8992,1,2013347,0,0,0,-64.9188,95.8992,1,0,0,0,0,0
-64.9188,95.8992,1,2013348,0,0,0,-64.9188,95.8992,1,0,0,0,0,0
-64.9188,95.8992,1,2013349,0,0,0,-64.9188,95.8992,1,0,0,0,0,0
-64.9188,95.8992,1,2013350,0,0,0,-64.9188,95.8992,1,0,0,0,0,0
-64.9188,95.8992,1,2013351,0,0,0,-64.9188,95.8992,1,0,0,0,0,0
-64.9188,95.8992,1,2013352,0,0,0,-64.9188,95.8992,1,0,0,0,0,0
-64.9188,95.8992,1,2013353,0,0,0,-64.9188,95.8992,1,0,0,0,0,0
-64.9188,95.8992,1,2013354,-64.81,96.05,1,-64.9188,95.8992,1,0,0,0,11,3
-64.9188,95.8992,1,2013355,0,0,0,-64.9188,95.8992,1,0,0,0,0,0
-64.9188,95.8992,1,2013356,0,0,0,-64.9188,95.8992,1,0,0,0,0,0
-64.9188,95.8992,1,2013357,0,0,0,-64.9188,95.8992,1,0,0,0,0,0
-64.9188,95.8992,1,2013358,0,0,0,-64.9188,95.8992,1,0,0,0,0,0
-64.9188,95.8992,1,2013359,0,0,0,-64.9188,95.8992,1,0,0,0,0,0
-64.9188,95.8992,1,2013360,0,0,0,-64.9188,95.8992,1,0,0,0,0,0
-64.9188,95.8992,1,2013361,0,0,0,-64.9188,95.8992,1,0,0,0,0,0
-64.9188,95.8992,1,2013362,0,0,0,-64.9188,95.8992,1,0,0,0,0,0
-64.9188,95.8992,1,2013363,0,0,0,-64.9188,95.8992,1,0,0,0,0,0
-64.9188,95.8992,1,2013364,0,0,0,-64.9188,95.8992,1,0,0,0,0,0
-64.9188,95.8992,0,2013365,0,0,0,-64.9188,95.8992,0,0,0,0,0,0
-64.9188,95.8992,0,2014001,0,0,0,-64.9188,95.8992,0,0,0,0,0,0
-64.9188,95.8992,0,2014002,0,0,0,-64.9188,95.8992,0,0,0,0,0,0
-64.9188,95.8992,1,2014003,-64.81,96.05,1,-64.9188,95.8992,1,0,0,0,11,3
-64.9188,95.8992,1,2014004,-64.81,96.05,0,-64.9188,95.8992,1,0,0,0,0,0
-64.9188,95.8992,1,2014005,-64.81,96.05,0,-64.9188,95.8992,1,0,0,0,0,0
-64.9188,95.8992,1,2014006,-64.81,96.05,0,-64.9188,95.8992,1,0,0,0,0,0
-64.9188,95.8992,1,2014007,-64.81,96.05,0,-64.9188,95.8992,1,0,0,0,0,0
-64.9188,95.8992,1,2014008,-64.81,96.05,0,-64.9188,95.8992,1,0,0,0,0,0
-64.9188,95.8992,1,2014009,-64.81,96.05,0,-64.9188,95.8992,1,0,0,0,0,0
-64.9188,95.8992,1,2014010,-64.81,96.05,1,-64.9188,95.8992,1,0,0,0,11,3
-64.9188,95.8992,1,2014011,-64.81,96.05,0,-64.9188,95.8992,1,0,0,0,0,0
-64.9188,95.8992,1,2014012,-64.81,96.05,0,-64.9188,95.8992,1,0,0,0,0,0
-64.9188,95.8992,1,2014013,-64.81,96.05,0,-64.9188,95.8992,1,0,0,0,0,0
-64.9188,95.8992,1,2014014,-64.81,96.05,0,-64.9188,95.8992,1,0,0,0,0,0
-64.9188,95.8992,1,2014015,-64.81,96.05,0,-64.9188,95.8992,1,0,0,0,0,0
-64.9188,95.8992,1,2014016,-64.81,96.05,0,-64.9188,95.8992,1,0,0,0,0,0
-64.9188,95.8992,1,2014017,-64.81,96.05,1,-64.9188,95.8992,1,0,0,0,11,3
-64.9188,95.8992,1,2014018,-64.81,96.05,0,-64.9188,95.8992,1,0,0,0,0,0
-64.9188,95.8992,1,2014019,-64.81,96.05,0,-64.9188,95.8992,1,0,0,0,0,0
-64.9188,95.8992,1,2014020,-64.81,96.05,0,-64.9188,95.8992,1,0,0,0,0,0
-64.9188,95.8992,1,2014021,-64.81,96.05,0,-64.9188,95.8992,1,0,0,0,0,0
-64.9188,95.8992,1,2014022,-64.81,96.05,0,-64.9188,95.8992,1,0,0,0,0,0
-64.9188,95.8992,1,2014023,-64.81,96.05,0,-64.9188,95.8992,1,0,0,0,0,0
-64.9188,95.8992,1,2014024,-64.81,96.05,1,-64.9188,95.8992,1,0,0,0,11,3
-64.9188,95.8992,1,2014025,-64.81,96.05,0,-64.9188,95.8992,1,0,0,0,0,0
-64.9188,95.8992,1,2014026,-64.81,96.05,0,-64.9188,95.8992,1,0,0,0,0,0
-64.9188,95.8992,1,2014027,-64.81,96.05,0,-64.9188,95.8992,1,0,0,0,0,0
-64.9188,95.8992,1,2014028,-64.81,96.05,0,-64.9188,95.8992,1,0,0,0,0,0
-64.9188,95.8992,1,2014029,-64.81,96.05,0,-64.9188,95.8992,1,0,0,0,0,0
-64.9188,95.8992,1,2014030,-64.81,96.05,0,-64.9188,95.8992,1,0,0,0,0,0
-64.9188,95.8992,0,2014031,-64.81,96.05,1,-64.9188,95.8992,0,0,0,0,11,3
-64.9188,95.8992,0,2014032,-64.81,96.05,0,-64.9188,95.8992,0,0,0,0,0,0
-64.9188,95.8992,0,2014033,-64.81,96.05,0,-64.9188,95.8992,0,0,0,0,0,0
-64.9188,95.8992,0,2014034,-64.81,96.05,0,-64.9188,95.8992,0,0,0,0,0,0
-64.9188,95.8992,1,2014035,-64.81,96.05,0,-64.9188,95.8992,1,0,0,0,0,0
-64.9188,95.8992,1,2014036,-64.81,96.05,0,-64.9188,95.8992,1,0,0,0,0,0
-64.9188,95.8992,1,2014037,-64.81,96.05,0,-64.9188,95.8992,1,0,0,0,0,0
-64.9188,95.8992,1,2014038,-64.81,96.05,1,-64.9188,95.8992,1,0,0,0,11,3
-64.9188,95.8992,0,2014039,-64.81,96.05,0,-64.9188,95.8992,0,0,0,0,0,0
-64.9188,95.8992,1,2014040,-64.81,96.05,0,-64.9188,95.8992,1,0,0,0,0,0
-64.9188,95.8992,1,2014041,-64.81,96.05,0,-64.9188,95.8992,1,0,0,0,0,0
-64.9188,95.8992,1,2014042,-64.81,96.05,0,-64.9188,95.8992,1,0,0,0,0,0
-64.9188,95.8992,1,2014043,-64.81,96.05,0,-64.9188,95.8992,1,0,0,0,0,0
-64.9188,95.8992,1,2014044,-64.81,96.05,0,-64.9188,95.8992,1,0,0,0,0,0
-64.9188,95.8992,1,2014045,-64.81,96.05,1,-64.9188,95.8992,1,0,0,0,11,3
-64.9188,95.8992,1,2014046,-64.81,96.05,0,-64.9188,95.8992,1,0,0,0,0,0
-64.9188,95.8992,1,2014047,-64.81,96.05,0,-64.9188,95.8992,1,0,0,0,0,0
-64.9188,95.8992,1,2014048,-64.81,96.05,0,-64.9188,95.8992,1,0,0,0,0,0
-64.9188,95.8992,1,2014049,-64.81,96.05,0,-64.9188,95.8992,1,0,0,0,0,0
-64.9188,95.8992,1,2014050,-64.81,96.05,0,-64.9188,95.8992,1,0,0,0,0,0
-64.9188,95.8992,1,2014051,-64.81,96.05,0,-64.9188,95.8992,1,0,0,0,0,0
-64.9188,95.8992,1,2014052,-64.81,96.05,1,-64.9188,95.8992,1,0,0,0,11,3
-64.9188,95.8992,1,2014053,-64.81,96.05,0,-64.9188,95.8992,1,0,0,0,0,0
-64.9188,95.8992,1,2014054,-64.81,96.05,0,-64.9188,95.8992,1,0,0,0,0,0
-64.9188,95.8992,1,2014055,-64.81,96.05,0,-64.9188,95.8992,1,0,0,0,0,0
-64.9188,95.8992,0,2014056,-64.81,96.05,0,0,0,0,0,0,0,0,0
-64.9188,95.8992,1,2014057,-64.81,96.05,0,0,0,0,0,0,0,0,0
-64.9188,95.8992,1,2014058,-64.81,96.05,0,0,0,0,0,0,0,0,0
-64.9188,95.8992,1,2014059,-64.81,96.05,1,0,0,0,0,0,0,11,3
-64.9188,95.8992,1,2014060,-64.81,96.05,0,0,0,0,0,0,0,0,0
-64.9188,95.8992,1,2014061,-64.81,96.05,0,0,0,0,0,0,0,0,0
-64.9188,95.8992,1,2014062,-64.81,96.05,0,0,0,0,0,0,0,0,0
-64.9188,95.8992,1,2014063,-64.81,96.05,0,0,0,0,0,0,0,0,0
-64.9188,95.8992,1,2014064,-64.81,96.05,0,0,0,0,0,0,0,0,0
-64.9188,95.8992,1,2014065,-64.81,96.05,0,0,0,0,0,0,0,0,0
-64.9188,95.8992,1,2014066,-64.81,96.05,1,0,0,0,0,0,0,11,3
-64.9188,95.8992,1,2014067,-64.81,96.05,0,0,0,0,0,0,0,0,0
-64.9188,95.8992,1,2014068,-64.81,96.05,0,0,0,0,0,0,0,0,0
-64.9188,95.8992,1,2014069,-64.81,96.05,0,0,0,0,0,0,0,0,0
-64.9188,95.8992,1,2014070,-64.81,96.05,0,0,0,0,0,0,0,0,0
-64.9188,95.8992,0,2014071,-64.81,96.05,0,0,0,0,0,0,0,0,0
-64.9188,95.8992,1,2014072,-64.81,96.05,0,0,0,0,0,0,0,0,0
-64.9188,95.8992,1,2014073,-64.81,96.05,1,0,0,0,0,0,0,11,3
-64.9402,95.8787,1,2014074,-64.81,96.05,0,0,0,0,0,0,0,0,0
-64.9402,95.8787,1,2014075,-64.81,96.05,0,0,0,0,0,0,0,0,0
-64.9402,95.8787,1,2014076,-64.81,96.05,0,0,0,0,0,0,0,0,0
-64.9402,95.8787,1,2014077,-64.81,96.05,0,0,0,0,0,0,0,0,0
-64.9402,95.8787,1,2014078,-64.81,96.05,0,0,0,0,0,0,0,0,0
-64.9402,95.8787,1,2014079,-64.81,96.05,0,0,0,0,0,0,0,0,0
-64.9402,95.8787,1,2014080,-64.81,96.05,1,0,0,0,0,0,0,11,3
-64.9402,95.8787,1,2014081,-64.81,96.05,0,0,0,0,0,0,0,0,0
-64.9402,95.8787,1,2014082,-64.81,96.05,0,0,0,0,0,0,0,0,0
-64.9402,95.8787,1,2014083,-64.81,96.05,0,0,0,0,0,0,0,0,0
-64.9402,95.8787,1,2014084,-64.81,96.05,0,0,0,0,0,0,0,0,0
-64.9402,95.8787,1,2014085,-64.81,96.05,0,0,0,0,0,0,0,0,0
-64.9402,95.8787,1,2014086,-64.81,96.05,0,0,0,0,0,0,0,0,0
-64.9402,95.8787,1,2014087,-64.81,96.05,1,0,0,0,0,0,0,11,3
-64.9402,95.8787,1,2014088,-64.81,96.05,0,0,0,0,0,0,0,0,0
-64.9402,95.8787,1,2014089,-64.81,96.05,0,0,0,0,0,0,0,0,0
-64.9402,95.8787,0,2014090,-64.81,96.05,0,0,0,0,0,0,0,0,0
-64.9402,95.8787,1,2014091,-64.81,96.05,0,0,0,0,0,0,0,0,0
-64.9402,95.8787,1,2014092,-64.81,96.05,0,0,0,0,0,0,0,0,0
-64.9402,95.8787,1,2014093,-64.81,96.05,0,0,0,0,0,0,0,0,0
-64.9402,95.8787,1,2014094,-64.81,96.05,1,0,0,0,0,0,0,11,3
-64.9402,95.8787,1,2014095,-64.81,96.05,0,0,0,0,0,0,0,0,0
-64.9945,95.8605,1,2014096,-64.81,96.05,0,0,0,0,0,0,0,0,0
-64.9945,95.8605,1,2014097,-64.81,96.05,0,0,0,0,0,0,0,0,0
-64.9945,95.8605,1,2014098,-64.81,96.05,0,0,0,0,0,0,0,0,0
-64.9584,95.7795,1,2014099,-64.81,96.05,0,0,0,0,0,0,0,0,0
-64.9536,95.8925,1,2014100,-64.81,96.05,0,0,0,0,0,0,0,0,0
-64.9949,95.8505,1,2014101,-64.81,96.05,1,0,0,0,0,0,0,11,3
-64.9949,95.8505,1,2014102,-64.81,96.05,0,0,0,0,0,0,0,0,0
-64.9949,95.8505,1,2014103,-64.81,96.05,0,0,0,0,0,0,0,0,0
-64.9761,95.8252,1,2014104,-64.81,96.05,0,0,0,0,0,0,0,0,0
-64.9761,95.8252,1,2014105,-64.81,96.05,0,0,0,0,0,0,0,0,0
-64.9349,95.8673,1,2014106,-64.81,96.05,0,0,0,0,0,0,0,0,0
-64.9577,95.8,1,2014107,-64.81,96.05,0,0,0,0,0,0,0,0,0
-64.9562,95.831,1,2014108,-64.81,96.05,1,0,0,0,0,0,0,11,3
-64.9593,95.759,1,2014109,-64.81,96.05,0,0,0,0,0,0,0,0,0
-64.974,95.8768,1,2014110,-64.81,96.05,0,0,0,0,0,0,0,0,0
-64.9754,95.8457,1,2014111,-64.81,96.05,0,0,0,0,0,0,0,0,0
-64.9754,95.8457,1,2014112,-64.81,96.05,0,0,0,0,0,0,0,0,0
-65.0349,95.8394,1,2014113,-64.81,96.05,0,0,0,0,0,0,0,0,0
-65.0349,95.8394,1,2014114,-64.81,96.05,0,0,0,0,0,0,0,0,0
-64.9952,95.8404,1,2014115,-64.81,96.05,1,0,0,0,0,0,0,11,3
-64.9952,95.8404,1,2014116,0,0,0,0,0,0,0,0,0,0,0
-64.9952,95.8404,1,2014118,0,0,0,0,0,0,0,0,0,0,0
-64.9753,95.8457,1,2014119,0,0,0,0,0,0,0,0,0,0,0
-64.9753,95.8457,1,2014120,0,0,0,0,0,0,0,0,0,0,0
-64.9753,95.8457,1,2014121,0,0,0,0,0,0,0,0,0,0,0
-64.9753,95.8457,1,2014122,0,0,0,0,0,0,0,0,0,0,0
-64.9736,95.8868,1,2014123,0,0,0,0,0,0,0,0,0,0,0
-64.9736,95.8868,0,2014124,0,0,0,0,0,0,0,0,0,0,0
-64.9736,95.8868,1,2014125,0,0,0,0,0,0,0,0,0,0,0
-64.9736,95.8868,1,2014126,0,0,0,0,0,0,0,0,0,0,0
-64.9736,95.8868,1,2014127,0,0,0,0,0,0,0,0,0,0,0
-64.9736,95.8868,1,2014128,0,0,0,0,0,0,0,0,0,0,0
-64.9736,95.8868,1,2014129,-64.81,96.05,1,0,0,0,0,0,0,11,3
-64.9736,95.8868,1,2014130,-64.81,96.05,0,0,0,0,0,0,0,0,0
-64.9589,95.8832,1,2014131,-64.81,96.05,0,0,0,0,0,0,0,0,0
-64.9589,95.8832,1,2014132,-64.81,96.05,0,0,0,0,0,0,0,0,0
-64.9589,95.8832,1,2014133,-64.81,96.05,0,0,0,0,0,0,0,0,0
-64.9589,95.8832,1,2014134,-64.81,96.05,0,0,0,0,0,0,0,0,0
-64.9589,95.8832,0,2014135,-64.81,96.05,0,0,0,0,0,0,0,0,0
-64.9589,95.8832,0,2014136,-64.81,96.05,1,0,0,0,0,0,0,11,3
-64.9589,95.8832,0,2014137,-64.81,96.05,0,0,0,0,0,0,0,0,0
-64.9589,95.8832,0,2014138,-64.81,96.05,0,0,0,0,0,0,0,0,0
-64.9589,95.8832,1,2014139,-64.81,96.05,0,0,0,0,0,0,0,0,0
-64.9589,95.8832,1,2014140,-64.81,96.05,0,0,0,0,0,0,0,0,0
-64.9589,95.8832,0,2014141,-64.81,96.05,0,0,0,0,0,0,0,0,0
-64.9589,95.8832,1,2014142,-64.81,96.05,0,0,0,0,0,0,0,0,0
-64.9589,95.8832,1,2014143,-64.81,96.05,1,0,0,0,0,0,0,11,3
-64.9589,95.8832,1,2014144,-64.81,96.05,0,0,0,0,0,0,0,0,0
-64.9589,95.8832,1,2014145,-64.81,96.05,0,0,0,0,0,0,0,0,0
-64.9589,95.8832,1,2014146,-64.81,96.05,0,0,0,0,0,0,0,0,0
-64.9589,95.8832,1,2014147,-64.81,96.05,0,0,0,0,0,0,0,0,0
-64.9589,95.8832,1,2014148,-64.81,96.05,0,0,0,0,0,0,0,0,0
-64.9589,95.8832,1,2014149,-64.81,96.05,0,0,0,0,0,0,0,0,0
-64.9589,95.8832,1,2014150,-64.81,96.05,1,0,0,0,0,0,0,11,3
-64.9589,95.8832,1,2014151,-64.81,96.05,0,0,0,0,0,0,0,0,0
-64.9589,95.8832,1,2014152,-64.81,96.05,0,0,0,0,0,0,0,0,0
-64.9589,95.8832,1,2014153,-64.81,96.05,0,0,0,0,0,0,0,0,0
-64.9589,95.8832,1,2014154,-64.81,96.05,0,0,0,0,0,0,0,0,0
-64.9589,95.8832,1,2014155,-64.81,96.05,0,0,0,0,0,0,0,0,0
-64.9589,95.8832,1,2014156,-64.81,96.05,0,0,0,0,0,0,0,0,0
-64.9589,95.8832,1,2014157,-64.81,96.05,1,0,0,0,0,0,0,11,3
-64.9589,95.8832,1,2014158,-64.81,96.05,0,0,0,0,0,0,0,0,0
-64.9589,95.8832,1,2014159,-64.81,96.05,0,0,0,0,0,0,0,0,0
-64.9589,95.8832,0,2014160,-64.81,96.05,0,0,0,0,0,0,0,0,0
-64.9589,95.8832,1,2014161,-64.81,96.05,0,0,0,0,0,0,0,0,0
-64.9589,95.8832,1,2014162,-64.81,96.05,0,0,0,0,0,0,0,0,0
-64.9589,95.8832,1,2014163,-64.81,96.05,0,0,0,0,0,0,0,0,0
-64.9589,95.8832,1,2014164,-64.81,96.05,1,0,0,0,0,0,0,11,3
-64.9589,95.8832,1,2014165,0,0,0,0,0,0,0,0,0,0,0
-64.9589,95.8832,1,2014166,0,0,0,0,0,0,0,0,0,0,0
-64.9589,95.8832,1,2014167,0,0,0,0,0,0,0,0,0,0,0
-64.9589,95.8832,1,2014168,0,0,0,0,0,0,0,0,0,0,0
-64.9589,95.8832,1,2014169,0,0,0,0,0,0,0,0,0,0,0
-64.9589,95.8832,1,2014170,0,0,0,0,0,0,0,0,0,0,0
-64.9589,95.8832,1,2014171,0,0,0,0,0,0,0,0,0,0,0
-64.9589,95.8832,1,2014172,0,0,0,0,0,0,0,0,0,0,0
-64.9589,95.8832,1,2014173,0,0,0,0,0,0,0,0,0,0,0
-64.9589,95.8832,1,2014174,0,0,0,0,0,0,0,0,0,0,0
-64.9589,95.8832,1,2014175,0,0,0,0,0,0,0,0,0,0,0
-64.9589,95.8832,1,2014176,0,0,0,0,0,0,0,0,0,0,0
-64.9589,95.8832,1,2014177,0,0,0,0,0,0,0,0,0,0,0
-64.9589,95.8832,1,2014178,-64.81,96.05,1,0,0,0,0,0,0,11,3
-64.9589,95.8832,1,2014179,-64.81,96.05,0,0,0,0,0,0,0,0,0
-64.9589,95.8832,1,2014180,-64.81,96.05,0,0,0,0,0,0,0,0,0
-64.9589,95.8832,1,2014181,-64.81,96.05,0,0,0,0,0,0,0,0,0
-64.9589,95.8832,1,2014182,-64.81,96.05,0,0,0,0,0,0,0,0,0
-64.9589,95.8832,1,2014183,-64.81,96.05,0,0,0,0,0,0,0,0,0
-64.9589,95.8832,1,2014184,-64.81,96.05,0,0,0,0,0,0,0,0,0
-64.9589,95.8832,1,2014185,-64.81,96.05,1,0,0,0,0,0,0,11,3
-64.9589,95.8832,1,2014186,-64.81,96.05,0,0,0,0,0,0,0,0,0
-64.9589,95.8832,1,2014187,-64.81,96.05,0,0,0,0,0,0,0,0,0
-64.9589,95.8832,1,2014188,-64.81,96.05,0,0,0,0,0,0,0,0,0
-64.9589,95.8832,1,2014189,-64.81,96.05,0,0,0,0,0,0,0,0,0
-64.9589,95.8832,1,2014190,-64.81,96.05,0,0,0,0,0,0,0,0,0
-64.9589,95.8832,1,2014191,-64.81,96.05,0,0,0,0,0,0,0,0,0
-64.9589,95.8832,1,2014192,-64.81,96.05,1,0,0,0,0,0,0,11,3
-64.9589,95.8832,1,2014193,0,0,0,0,0,0,0,0,0,0,0
-64.9589,95.8832,1,2014194,0,0,0,0,0,0,0,0,0,0,0
-64.9589,95.8832,1,2014195,0,0,0,0,0,0,0,0,0,0,0
-64.9589,95.8832,1,2014196,0,0,0,0,0,0,0,0,0,0,0
-64.9589,95.8832,1,2014197,0,0,0,0,0,0,0,0,0,0,0
-64.9589,95.8832,1,2014198,0,0,0,0,0,0,0,0,0,0,0
-64.9589,95.8832,1,2014199,0,0,0,0,0,0,0,0,0,0,0
-64.9589,95.8832,1,2014200,0,0,0,0,0,0,0,0,0,0,0
-64.9589,95.8832,1,2014201,0,0,0,0,0,0,0,0,0,0,0
-64.9589,95.8832,1,2014202,0,0,0,0,0,0,0,0,0,0,0
-64.9589,95.8832,1,2014203,0,0,0,0,0,0,0,0,0,0,0
-64.9589,95.8832,1,2014204,0,0,0,0,0,0,0,0,0,0,0
-64.9589,95.8832,1,2014205,0,0,0,0,0,0,0,0,0,0,0
-64.9589,95.8832,1,2014206,-64.81,96.05,1,0,0,0,0,0,0,11,3
-64.9589,95.8832,1,2014207,-64.81,96.05,0,0,0,0,0,0,0,0,0
-64.9589,95.8832,1,2014208,-64.81,96.05,0,0,0,0,0,0,0,0,0
-64.9589,95.8832,1,2014209,-64.81,96.05,0,0,0,0,0,0,0,0,0
-64.9589,95.8832,0,2014210,-64.81,96.05,0,0,0,0,0,0,0,0,0
-64.9589,95.8832,1,2014211,-64.81,96.05,0,0,0,0,0,0,0,0,0
-64.9589,95.8832,1,2014212,-64.81,96.05,0,0,0,0,0,0,0,0,0
-64.9589,95.8832,1,2014213,-64.81,96.05,1,0,0,0,0,0,0,11,3
-64.9589,95.8832,1,2014214,-64.81,96.05,0,0,0,0,0,0,0,0,0
-64.9589,95.8832,1,2014215,-64.81,96.05,0,0,0,0,0,0,0,0,0
-64.9589,95.8832,1,2014216,-64.81,96.05,0,0,0,0,0,0,0,0,0
-64.9589,95.8832,1,2014217,-64.81,96.05,0,0,0,0,0,0,0,0,0
-64.9589,95.8832,1,2014218,-64.81,96.05,0,0,0,0,0,0,0,0,0
-64.9589,95.8832,1,2014219,-64.81,96.05,0,0,0,0,0,0,0,0,0
-64.9589,95.8832,1,2014220,-64.81,96.05,1,0,0,0,0,0,0,11,3
-64.9589,95.8832,1,2014221,-64.81,96.05,0,0,0,0,0,0,0,0,0
-64.9589,95.8832,1,2014222,-64.81,96.05,0,0,0,0,0,0,0,0,0
-64.9589,95.8832,0,2014223,-64.81,96.05,0,0,0,0,0,0,0,0,0
-64.9589,95.8832,1,2014224,-64.81,96.05,0,0,0,0,0,0,0,0,0
-64.9589,95.8832,1,2014225,-64.81,96.05,0,0,0,0,0,0,0,0,0
-64.9589,95.8832,1,2014226,-64.81,96.05,0,0,0,0,0,0,0,0,0
-64.9589,95.8832,1,2014227,-64.81,96.05,1,0,0,0,0,0,0,11,3
-64.9589,95.8832,1,2014228,-64.81,96.05,0,0,0,0,0,0,0,0,0
-64.9589,95.8832,1,2014229,-64.81,96.05,0,0,0,0,0,0,0,0,0
-64.9589,95.8832,1,2014230,-64.81,96.05,0,0,0,0,0,0,0,0,0
-64.9589,95.8832,1,2014231,-64.81,96.05,0,0,0,0,0,0,0,0,0
-64.9589,95.8832,1,2014232,-64.81,96.05,0,0,0,0,0,0,0,0,0
-64.9589,95.8832,1,2014233,-64.81,96.05,0,0,0,0,0,0,0,0,0
-64.9589,95.8832,1,2014234,-64.81,96.05,1,0,0,0,0,0,0,11,3
-64.9589,95.8832,1,2014235,-64.81,96.05,0,0,0,0,0,0,0,0,0
-64.9589,95.8832,1,2014236,-64.81,96.05,0,0,0,0,0,0,0,0,0
-64.9589,95.8832,1,2014237,-64.81,96.05,0,0,0,0,0,0,0,0,0
-64.9589,95.8832,1,2014238,-64.81,96.05,0,0,0,0,0,0,0,0,0
-64.9589,95.8832,1,2014239,-64.81,96.05,0,0,0,0,0,0,0,0,0
-64.9589,95.8832,1,2014240,-64.81,96.05,0,0,0,0,0,0,0,0,0
-64.9589,95.8832,1,2014241,-64.81,96.05,1,0,0,0,0,0,0,11,3
-64.9589,95.8832,1,2014242,-64.81,96.05,0,0,0,0,0,0,0,0,0
-64.9589,95.8832,1,2014243,-64.81,96.05,0,0,0,0,0,0,0,0,0
-64.9589,95.8832,1,2014244,-64.81,96.05,0,0,0,0,0,0,0,0,0
-64.9607,95.8422,1,2014245,-64.81,96.05,0,0,0,0,0,0,0,0,0
-64.9607,95.8422,1,2014246,-64.81,96.05,0,0,0,0,0,0,0,0,0
-64.9607,95.8422,1,2014247,-64.81,96.05,0,0,0,0,0,0,0,0,0
-64.9607,95.8422,1,2014248,-64.81,96.05,1,0,0,0,0,0,0,11,3
-64.9607,95.8422,1,2014249,-64.81,96.05,0,0,0,0,0,0,0,0,0
-64.9607,95.8422,1,2014250,-64.81,96.05,0,0,0,0,0,0,0,0,0
-64.9607,95.8422,1,2014251,-64.81,96.05,0,0,0,0,0,0,0,0,0
-64.9607,95.8422,1,2014252,-64.81,96.05,0,0,0,0,0,0,0,0,0
-64.9607,95.8422,1,2014253,-64.81,96.05,0,0,0,0,0,0,0,0,0
-64.9607,95.8422,1,2014254,-64.81,96.05,0,0,0,0,0,0,0,0,0
-64.9709,95.8061,0,2014255,-64.81,96.05,1,0,0,0,0,0,0,11,3
-64.9811,95.7699,1,2014256,-64.81,96.05,0,0,0,0,0,0,0,0,0
-64.9811,95.7699,1,2014257,-64.81,96.05,0,0,0,0,0,0,0,0,0
-64.9811,95.7699,1,2014258,-64.81,96.05,0,0,0,0,0,0,0,0,0
-64.9811,95.7699,1,2014259,-64.81,96.05,0,0,0,0,0,0,0,0,0
-64.9811,95.7699,1,2014260,-64.81,96.05,0,0,0,0,0,0,0,0,0
-64.9811,95.7699,1,2014261,-64.81,96.05,0,0,0,0,0,0,0,0,0
-64.9811,95.7699,1,2014262,-64.81,96.05,1,0,0,0,0,0,0,11,3
-64.9811,95.7699,1,2014263,-64.81,96.05,0,0,0,0,0,0,0,0,0
-64.9811,95.7699,1,2014264,-64.81,96.05,0,0,0,0,0,0,0,0,0
-64.9811,95.7699,1,2014265,-64.81,96.05,0,0,0,0,0,0,0,0,0
-64.9811,95.7699,1,2014266,-64.81,96.05,0,0,0,0,0,0,0,0,0
-64.9811,95.7699,1,2014267,-64.81,96.05,0,0,0,0,0,0,0,0,0
-64.9811,95.7699,1,2014268,-64.81,96.05,0,0,0,0,0,0,0,0,0
-64.9811,95.7699,0,2014269,-64.81,96.05,1,0,0,0,0,0,0,11,3
-64.9811,95.7699,0,2014270,-64.81,96.05,0,0,0,0,0,0,0,0,0
-64.9811,95.7699,1,2014271,-64.81,96.05,0,0,0,0,0,0,0,0,0
-64.9811,95.7699,1,2014272,-64.81,96.05,0,0,0,0,0,0,0,0,0
-64.9811,95.7699,1,2014273,-64.81,96.05,0,0,0,0,0,0,0,0,0
-64.9811,95.7699,1,2014274,-64.81,96.05,0,0,0,0,0,0,0,0,0
-64.9811,95.7699,1,2014275,-64.81,96.05,0,0,0,0,0,0,0,0,0
-64.9811,95.7699,1,2014276,-64.81,96.05,1,0,0,0,0,0,0,11,3
-64.9811,95.7699,1,2014277,-64.81,96.05,0,0,0,0,0,0,0,0,0
-64.9811,95.7699,1,2014278,-64.81,96.05,0,0,0,0,0,0,0,0,0
-64.9811,95.7699,1,2014279,-64.81,96.05,0,0,0,0,0,0,0,0,0
-64.9811,95.7699,1,2014280,-64.81,96.05,0,0,0,0,0,0,0,0,0
-64.9811,95.7699,1,2014281,-64.81,96.05,0,0,0,0,0,0,0,0,0
-64.9811,95.7699,1,2014282,-64.81,96.05,0,0,0,0,0,0,0,0,0
-64.9811,95.7699,1,2014283,-64.81,96.05,1,0,0,0,0,0,0,11,3
-64.9811,95.7699,1,2014284,-64.81,96.05,0,0,0,0,0,0,0,0,0
-64.9811,95.7699,1,2014285,-64.81,96.05,0,0,0,0,0,0,0,0,0
-64.9811,95.7699,1,2014286,-64.81,96.05,0,0,0,0,0,0,0,0,0
-64.9811,95.7699,1,2014287,-64.81,96.05,0,0,0,0,0,0,0,0,0
-64.9811,95.7699,1,2014288,-64.81,96.05,0,0,0,0,0,0,0,0,0
-64.9811,95.7699,1,2014289,-64.81,96.05,0,0,0,0,0,0,0,0,0
-64.9811,95.7699,1,2014290,-64.81,96.05,1,0,0,0,0,0,0,11,3
-64.9811,95.7699,1,2014291,-64.81,96.05,0,0,0,0,0,0,0,0,0
-64.9811,95.7699,1,2014292,-64.81,96.05,0,0,0,0,0,0,0,0,0
-64.9811,95.7699,1,2014293,-64.81,96.05,0,0,0,0,0,0,0,0,0
-64.9811,95.7699,1,2014294,-64.81,96.05,0,0,0,0,0,0,0,0,0
-64.9811,95.7699,1,2014295,-64.81,96.05,0,0,0,0,0,0,0,0,0
-64.9811,95.7699,1,2014296,-64.81,96.05,0,0,0,0,0,0,0,0,0
-64.9811,95.7699,1,2014297,-64.81,96.05,1,0,0,0,0,0,0,11,3
-64.9811,95.7699,1,2014298,-64.81,96.05,0,0,0,0,0,0,0,0,0
-64.9811,95.7699,1,2014299,-64.81,96.05,0,0,0,0,0,0,0,0,0
-64.9811,95.7699,1,2014300,-64.81,96.05,0,0,0,0,0,0,0,0,0
-64.9811,95.7699,1,2014301,-64.81,96.05,0,0,0,0,0,0,0,0,0
-64.9811,95.7699,1,2014302,-64.81,96.05,0,0,0,0,0,0,0,0,0
-64.9811,95.7699,1,2014303,-64.81,96.05,0,0,0,0,0,0,0,0,0
-64.9811,95.7699,1,2014304,-64.81,96.05,1,0,0,0,0,0,0,11,3
-64.9811,95.7699,1,2014305,-64.81,96.05,0,0,0,0,0,0,0,0,0
-64.9811,95.7699,1,2014306,-64.81,96.05,0,0,0,0,0,0,0,0,0
-64.9485,95.7612,1,2014307,-64.81,96.05,0,0,0,0,0,0,0,0,0
-64.9485,95.7612,1,2014308,-64.81,96.05,0,0,0,0,0,0,0,0,0
-64.9485,95.7612,1,2014309,-64.81,96.05,0,0,0,0,0,0,0,0,0
0,0,0,2014310,-64.81,96.05,0,0,0,0,0,0,0,0,0
-65.0594,95.9034,1,2014311,-64.81,96.05,1,0,0,0,0,0,0,11,3
-65.0594,95.9034,1,2014312,-64.81,96.05,0,0,0,0,0,0,0,0,0
-64.9786,95.7463,1,2014313,-64.81,96.05,0,0,0,0,0,0,0,0,0
-64.9786,95.7463,1,2014314,-64.81,96.05,0,0,0,0,0,0,0,0,0
-64.9786,95.7463,1,2014315,-64.81,96.05,0,0,0,0,0,0,0,0,0
-64.9786,95.7463,1,2014316,-64.81,96.05,0,0,0,0,0,0,0,0,0
-64.9786,95.7463,0,2014317,-64.81,96.05,0,0,0,0,0,0,0,0,0
-64.9786,95.7463,1,2014318,-64.81,96.05,1,0,0,0,0,0,0,11,3
-64.9786,95.7463,1,2014319,-64.81,96.05,0,0,0,0,0,0,0,0,0
-64.9786,95.7463,1,2014320,-64.81,96.05,0,0,0,0,0,0,0,0,0
-64.9786,95.7463,1,2014321,-64.81,96.05,0,0,0,0,0,0,0,0,0
-64.9786,95.7463,1,2014322,-64.81,96.05,0,0,0,0,0,0,0,0,0
-64.9786,95.7463,1,2014323,-64.81,96.05,0,0,0,0,0,0,0,0,0
-64.9786,95.7463,0,2014324,-64.81,96.05,0,0,0,0,0,0,0,0,0
-64.9786,95.7463,1,2014325,-64.81,96.05,1,0,0,0,0,0,0,11,3
-64.9786,95.7463,1,2014326,0,0,0,0,0,0,0,0,0,0,0
-64.9786,95.7463,1,2014327,0,0,0,0,0,0,0,0,0,0,0
-64.9786,95.7463,1,2014328,0,0,0,0,0,0,0,0,0,0,0
-64.9786,95.7463,1,2014329,0,0,0,0,0,0,0,0,0,0,0
-64.9786,95.7463,1,2014330,0,0,0,0,0,0,0,0,0,0,0
-64.9786,95.7463,1,2014331,0,0,0,0,0,0,0,0,0,0,0
-64.9786,95.7463,1,2014332,0,0,0,0,0,0,0,0,0,0,0
-64.9786,95.7463,1,2014333,0,0,0,0,0,0,0,0,0,0,0
-64.9786,95.7463,1,2014334,0,0,0,0,0,0,0,0,0,0,0
-64.9786,95.7463,1,2014335,0,0,0,0,0,0,0,0,0,0,0
-64.9786,95.7463,1,2014336,0,0,0,0,0,0,0,0,0,0,0
-64.9786,95.7463,1,2014337,0,0,0,0,0,0,0,0,0,0,0
-64.9786,95.7463,1,2014338,0,0,0,0,0,0,0,0,0,0,0
-64.9786,95.7463,1,2014339,-64.81,96.05,1,0,0,0,0,0,0,11,3
-64.9786,95.7463,1,2014340,-64.81,96.05,0,0,0,0,0,0,0,0,0
-64.9786,95.7463,1,2014341,-64.81,96.05,0,0,0,0,0,0,0,0,0
-64.9786,95.7463,1,2014342,-64.81,96.05,0,0,0,0,0,0,0,0,0
-64.9786,95.7463,0,2014343,-64.81,96.05,0,0,0,0,0,0,0,0,0
-64.9786,95.7463,1,2014344,-64.81,96.05,0,0,0,0,0,0,0,0,0
-64.9786,95.7463,1,2014345,-64.81,96.05,1,0,0,0,0,0,0,11,3
-64.9786,95.7463,0,2014346,-64.8104,96.05,0,0,0,0,0,0,0,0,0
-64.9786,95.7463,1,2014347,-64.8116,96.05,0,0,0,0,0,0,0,0,0
-64.9786,95.7463,1,2014348,-64.8132,96.05,0,0,0,0,0,0,0,0,0
-64.9786,95.7463,1,2014349,-64.815,96.05,0,0,0,0,0,0,0,0,0
-64.9786,95.7463,0,2014350,-64.8168,96.05,0,0,0,0,0,0,0,0,0
-64.9786,95.7463,1,2014351,-64.8184,96.05,0,0,0,0,0,0,0,0,0
-64.9786,95.7463,1,2014352,-64.8196,96.05,0,0,0,0,0,0,0,0,0
-64.9786,95.7463,1,2014353,-64.82,96.05,1,0,0,0,0,0,0,11,3
-64.9786,95.7463,1,2014354,-64.82,96.05,0,0,0,0,0,0,0,0,0
-64.9786,95.7463,1,2014355,-64.82,96.05,0,0,0,0,0,0,0,0,0
-64.9786,95.7463,1,2014356,-64.82,96.05,0,0,0,0,0,0,0,0,0
-64.9786,95.7463,1,2014357,-64.82,96.05,0,0,0,0,0,0,0,0,0
-64.9786,95.7463,1,2014358,-64.82,96.05,0,0,0,0,0,0,0,0,0
-64.9786,95.7463,1,2014359,-64.82,96.05,0,0,0,0,0,0,0,0,0
-64.9786,95.7463,1,2014360,-64.82,96.05,1,0,0,0,0,0,0,11,3
-64.9786,95.7463,1,2014361,-64.82,96.05,0,0,0,0,0,0,0,0,0
-64.9786,95.7463,1,2014362,-64.82,96.05,0,0,0,0,0,0,0,0,0
-64.9786,95.7463,1,2014363,-64.82,96.05,0,0,0,0,0,0,0,0,0
-64.9786,95.7463,1,2014364,-64.82,96.05,0,0,0,0,0,0,0,0,0
-64.9786,95.7463,1,2014365,-64.82,96.05,0,0,0,0,0,0,0,0,0
-64.9786,95.7463,1,2015001,-64.82,96.05,0,0,0,0,0,0,0,0,0
-64.9786,95.7463,1,2015002,-64.82,96.05,1,0,0,0,0,0,0,11,3
-64.9786,95.7463,1,2015003,-64.82,96.05,0,0,0,0,0,0,0,0,0
-64.9786,95.7463,1,2015004,-64.82,96.05,0,0,0,0,0,0,0,0,0
-64.9786,95.7463,1,2015005,-64.82,96.05,0,0,0,0,0,0,0,0,0
-64.9786,95.7463,1,2015006,-64.82,96.05,0,0,0,0,0,0,0,0,0
-64.9786,95.7463,1,2015007,-64.82,96.05,0,0,0,0,0,0,0,0,0
-64.5233,96.25,1,2015008,-64.82,96.05,0,0,0,0,0,0,0,0,0
-64.4759,96.266,1,2015009,-64.82,96.05,1,0,0,0,0,0,0,11,3
-64.4759,96.266,1,2015010,-64.82,96.05,0,0,0,0,0,0,0,0,0
-64.3921,96.3357,1,2015011,-64.82,96.05,0,0,0,0,0,0,0,0,0
-64.3845,96.2221,1,2015012,-64.82,96.05,0,0,0,0,0,0,0,0,0
-64.3845,96.2221,1,2015013,-64.82,96.05,0,0,0,0,0,0,0,0,0
-64.3845,96.2221,1,2015014,-64.82,96.05,0,0,0,0,0,0,0,0,0
-64.3845,96.2221,1,2015015,-64.82,96.05,0,0,0,0,0,0,0,0,0
-64.4269,96.2022,0,2015016,-64.82,96.05,1,0,0,0,0,0,0,11,3
-64.5328,96.1523,0,2015017,-64.82,96.05,0,0,0,0,0,0,0,0,0
-64.6705,96.0874,0,2015018,-64.82,96.05,0,0,0,0,0,0,0,0,0
-64.8081,96.0226,0,2015019,-64.82,96.05,0,0,0,0,0,0,0,0,0
-64.914,95.9727,0,2015020,-64.82,96.05,0,0,0,0,0,0,0,0,0
-64.9564,95.9528,1,2015021,-64.82,96.05,0,0,0,0,0,0,0,0,0
-64.9564,95.9528,1,2015022,-64.82,96.05,0,0,0,0,0,0,0,0,0
-64.9564,95.9528,0,2015023,-64.82,96.05,1,0,0,0,0,0,0,11,3
-64.9564,95.9528,1,2015024,-64.82,96.05,0,0,0,0,0,0,0,0,0
-64.9564,95.9528,1,2015025,-64.82,96.05,0,0,0,0,0,0,0,0,0
-64.9564,95.9528,1,2015026,-64.82,96.05,0,0,0,0,0,0,0,0,0
-64.9564,95.9528,1,2015027,-64.82,96.05,0,0,0,0,0,0,0,0,0
-64.9564,95.9528,1,2015028,-64.82,96.05,0,0,0,0,0,0,0,0,0
-64.9564,95.9528,1,2015029,-64.82,96.05,0,0,0,0,0,0,0,0,0
-64.8827,95.8529,0,2015030,-64.82,96.05,1,0,0,0,0,0,0,11,3
-64.809,95.7529,1,2015031,-64.82,96.05,0,0,0,0,0,0,0,0,0
-64.809,95.7529,1,2015032,-64.82,96.05,0,0,0,0,0,0,0,0,0
-64.809,95.7529,1,2015033,-64.82,96.05,0,0,0,0,0,0,0,0,0
-64.809,95.7529,1,2015034,-64.82,96.05,0,0,0,0,0,0,0,0,0
-64.809,95.7529,1,2015035,-64.82,96.05,0,0,0,0,0,0,0,0,0
-64.803,96.0472,1,2015036,-64.82,96.05,0,0,0,0,0,0,0,0,0
-64.803,96.0472,1,2015037,-64.82,96.05,1,0,0,0,0,0,0,11,3
-64.803,96.0472,1,2015038,-64.82,96.05,0,0,0,0,0,0,0,0,0
-64.803,96.0472,1,2015039,-64.82,96.05,0,0,0,0,0,0,0,0,0
-64.803,96.0472,1,2015040,-64.82,96.05,0,0,0,0,0,0,0,0,0
-64.803,96.0472,1,2015041,-64.82,96.05,0,0,0,0,0,0,0,0,0
-64.803,96.0472,1,2015042,-64.82,96.05,0,0,0,0,0,0,0,0,0
-64.803,96.0472,1,2015043,-64.82,96.05,0,0,0,0,0,0,0,0,0
-64.803,96.0472,0,2015044,-64.82,96.05,1,0,0,0,0,0,0,11,3
-64.803,96.0472,1,2015045,-64.82,96.05,0,0,0,0,0,0,0,0,0
-64.803,96.0472,1,2015046,-64.82,96.05,0,0,0,0,0,0,0,0,0
-64.803,96.0472,1,2015047,-64.82,96.05,0,0,0,0,0,0,0,0,0
-64.803,96.0472,1,2015048,-64.82,96.05,0,0,0,0,0,0,0,0,0
-64.803,96.0472,1,2015049,-64.82,96.05,0,0,0,0,0,0,0,0,0
-64.803,96.0472,0,2015050,-64.82,96.05,0,0,0,0,0,0,0,0,0
-64.803,96.0472,1,2015051,-64.82,96.05,1,0,0,0,0,0,0,11,3
-64.803,96.0472,1,2015052,-64.82,96.05,0,0,0,0,0,0,0,0,0
-64.803,96.0472,1,2015053,-64.82,96.05,0,0,0,0,0,0,0,0,0
-64.803,96.0472,1,2015054,-64.82,96.05,0,0,0,0,0,0,0,0,0
-64.803,96.0472,1,2015055,-64.82,96.05,0,0,0,0,0,0,0,0,0
-64.803,96.0472,1,2015056,-64.82,96.05,0,0,0,0,0,0,0,0,0
-64.803,96.0472,1,2015057,-64.82,96.05,0,0,0,0,0,0,0,0,0
-64.803,96.0472,1,2015058,-64.82,96.05,1,0,0,0,0,0,0,11,3
-64.803,96.0472,1,2015059,-64.82,96.05,0,0,0,0,0,0,0,0,0
-64.803,96.0472,1,2015060,-64.82,96.05,0,0,0,0,0,0,0,0,0
-64.803,96.0472,0,2015061,-64.82,96.05,0,0,0,0,0,0,0,0,0
-64.803,96.0472,1,2015062,-64.82,96.05,0,0,0,0,0,0,0,0,0
-64.803,96.0472,1,2015063,-64.82,96.05,0,0,0,0,0,0,0,0,0
-64.803,96.0472,1,2015064,-64.82,96.05,0,0,0,0,0,0,0,0,0
-64.803,96.0472,1,2015065,-64.82,96.05,1,0,0,0,0,0,0,11,3
-64.803,96.0472,0,2015066,-64.82,96.05,0,0,0,0,0,0,0,0,0
-64.803,96.0472,0,2015067,-64.82,96.05,0,0,0,0,0,0,0,0,0
-64.803,96.0472,0,2015068,-64.82,96.05,0,0,0,0,0,0,0,0,0
-64.803,96.0472,1,2015069,-64.82,96.05,0,0,0,0,0,0,0,0,0
-64.803,96.0472,1,2015070,-64.82,96.05,0,0,0,0,0,0,0,0,0
-64.803,96.0472,1,2015071,-64.82,96.05,0,0,0,0,0,0,0,0,0
-64.803,96.0472,1,2015072,-64.82,96.05,1,0,0,0,0,0,0,11,3
-64.803,96.0472,1,2015073,-64.8194,96.05,0,0,0,0,0,0,0,0,0
-64.803,96.0472,1,2015074,-64.818,96.05,0,0,0,0,0,0,0,0,0
-64.803,96.0472,0,2015075,-64.8161,96.05,0,0,0,0,0,0,0,0,0
-64.803,96.0472,1,2015076,-64.8139,96.05,0,0,0,0,0,0,0,0,0
-64.803,96.0472,1,2015077,-64.812,96.05,0,0,0,0,0,0,0,0,0
-64.803,96.0472,1,2015078,-64.8106,96.05,0,0,0,0,0,0,0,0,0
-64.803,96.0472,1,2015079,-64.81,96.05,1,0,0,0,0,0,0,11,3
-64.803,96.0472,1,2015080,-64.8106,96.05,0,0,0,0,0,0,0,0,0
-64.803,96.0472,1,2015081,-64.812,96.05,0,0,0,0,0,0,0,0,0
-64.803,96.0472,1,2015082,-64.8139,96.05,0,0,0,0,0,0,0,0,0
-64.803,96.0472,1,2015083,-64.8161,96.05,0,0,0,0,0,0,0,0,0
-64.803,96.0472,0,2015084,-64.818,96.05,0,0,0,0,0,0,0,0,0
-64.803,96.0472,1,2015085,-64.8194,96.05,0,0,0,0,0,0,0,0,0
-64.803,96.0472,1,2015086,-64.82,96.05,1,0,0,0,0,0,0,11,3
-64.803,96.0472,1,2015087,-64.82,96.05,0,0,0,0,0,0,0,0,0
-64.803,96.0472,1,2015088,-64.82,96.05,0,0,0,0,0,0,0,0,0
-64.803,96.0472,1,2015089,-64.82,96.05,0,0,0,0,0,0,0,0,0
-64.803,96.0472,1,2015090,-64.82,96.05,0,0,0,0,0,0,0,0,0
-64.803,96.0472,1,2015091,-64.82,96.05,0,0,0,0,0,0,0,0,0
-64.803,96.0472,1,2015092,-64.82,96.05,0,0,0,0,0,0,0,0,0
-64.803,96.0472,0,2015093,-64.82,96.05,1,0,0,0,0,0,0,11,3
-64.803,96.0472,1,2015094,-64.82,96.05,0,0,0,0,0,0,0,0,0
-64.803,96.0472,1,2015095,-64.82,96.05,0,0,0,0,0,0,0,0,0
-64.803,96.0472,1,2015096,-64.82,96.05,0,0,0,0,0,0,0,0,0
-64.803,96.0472,1,2015097,-64.82,96.05,0,0,0,0,0,0,0,0,0
-64.803,96.0472,1,2015098,-64.82,96.05,0,0,0,0,0,0,0,0,0
-64.803,96.0472,1,2015099,-64.82,96.05,0,0,0,0,0,0,0,0,0
-64.803,96.0472,0,2015100,-64.82,96.05,1,0,0,0,0,0,0,11,3
-64.803,96.0472,1,2015101,-64.82,96.05,0,0,0,0,0,0,0,0,0
-64.803,96.0472,1,2015102,-64.82,96.05,0,0,0,0,0,0,0,0,0
-64.803,96.0472,1,2015103,-64.82,96.05,0,0,0,0,0,0,0,0,0
-64.803,96.0472,1,2015104,-64.82,96.05,0,0,0,0,0,0,0,0,0
-64.803,96.0472,1,2015105,-64.82,96.05,0,0,0,0,0,0,0,0,0
-64.803,96.0472,1,2015106,-64.82,96.05,0,0,0,0,0,0,0,0,0
-64.803,96.0472,1,2015107,-64.82,96.05,1,0,0,0,0,0,0,11,3
-64.803,96.0472,1,2015108,-64.82,96.05,0,0,0,0,0,0,0,0,0
-64.803,96.0472,1,2015109,-64.82,96.05,0,0,0,0,0,0,0,0,0
-64.803,96.0472,1,2015110,-64.82,96.05,0,0,0,0,0,0,0,0,0
-64.8009,96.1123,1,2015111,-64.82,96.05,0,0,0,0,0,0,0,0,0
-64.8009,96.1123,1,2015112,-64.82,96.05,0,0,0,0,0,0,0,0,0
-64.779,96.1581,1,2015113,-64.82,96.05,0,0,0,0,0,0,0,0,0
-64.8138,96.2594,1,2015114,-64.82,96.05,1,0,0,0,0,0,0,11,3
-64.8138,96.2594,1,2015115,-64.82,96.05,0,0,0,0,0,0,0,0,0
-64.7761,96.2186,1,2015116,-64.82,96.05,0,0,0,0,0,0,0,0,0
-64.84,96.1217,1,2015117,-64.82,96.05,0,0,0,0,0,0,0,0,0
-64.84,96.1217,1,2015118,-64.82,96.05,0,0,0,0,0,0,0,0,0
-64.84,96.1217,1,2015119,-64.82,96.05,0,0,0,0,0,0,0,0,0
-64.84,96.1217,1,2015120,-64.82,96.05,0,0,0,0,0,0,0,0,0
-64.84,96.1217,1,2015121,-64.82,96.05,1,0,0,0,0,0,0,11,3
-64.7739,96.1238,1,2015122,-64.82,96.05,0,0,0,0,0,0,0,0,0
-64.7624,96.0922,1,2015123,-64.82,96.05,0,0,0,0,0,0,0,0,0
-64.7721,96.0946,1,2015124,-64.82,96.05,0,0,0,0,0,0,0,0,0
-64.7721,96.0946,1,2015125,-64.82,96.05,0,0,0,0,0,0,0,0,0
-64.8121,96.084,1,2015126,-64.82,96.05,0,0,0,0,0,0,0,0,0
-64.8199,96.1272,1,2015127,-64.82,96.05,0,0,0,0,0,0,0,0,0
-64.8199,96.1272,1,2015128,-64.82,96.05,1,0,0,0,0,0,0,11,3
-64.8199,96.1272,1,2015129,-64.82,96.05,0,0,0,0,0,0,0,0,0
-64.8199,96.1272,1,2015130,-64.82,96.05,0,0,0,0,0,0,0,0,0
-64.8199,96.1272,1,2015131,-64.82,96.05,0,0,0,0,0,0,0,0,0
-64.8199,96.1272,1,2015132,-64.82,96.05,0,0,0,0,0,0,0,0,0
-64.8199,96.1272,1,2015133,-64.82,96.05,0,0,0,0,0,0,0,0,0
-64.8199,96.1272,1,2015134,-64.82,96.05,0,0,0,0,0,0,0,0,0
-64.8199,96.1272,1,2015135,-64.82,96.05,1,0,0,0,0,0,0,11,3
-64.8199,96.1272,1,2015136,-64.82,96.05,0,0,0,0,0,0,0,0,0
-64.8199,96.1272,1,2015137,-64.82,96.05,0,0,0,0,0,0,0,0,0
-64.8199,96.1272,1,2015138,-64.82,96.05,0,0,0,0,0,0,0,0,0
-64.8199,96.1272,1,2015139,-64.82,96.05,0,0,0,0,0,0,0,0,0
-64.8199,96.1272,1,2015140,-64.82,96.05,0,0,0,0,0,0,0,0,0
-64.8199,96.1272,1,2015141,-64.82,96.05,0,0,0,0,0,0,0,0,0
-64.8199,96.1272,1,2015142,-64.82,96.05,1,0,0,0,0,0,0,11,3
-64.8199,96.1272,1,2015143,-64.82,96.05,0,0,0,0,0,0,0,0,0
-64.8199,96.1272,1,2015144,-64.82,96.05,0,0,0,0,0,0,0,0,0
-64.8199,96.1272,1,2015145,-64.82,96.05,0,0,0,0,0,0,0,0,0
-64.8199,96.1272,1,2015146,-64.82,96.05,0,0,0,0,0,0,0,0,0
-64.8199,96.1272,1,2015147,-64.82,96.05,0,0,0,0,0,0,0,0,0
-64.8199,96.1272,1,2015148,-64.82,96.05,0,0,0,0,0,0,0,0,0
-64.8199,96.1272,1,2015149,-64.82,96.05,1,0,0,0,0,0,0,11,3
-64.8199,96.1272,1,2015150,-64.82,96.05,0,0,0,0,0,0,0,0,0
-64.8199,96.1272,1,2015151,-64.82,96.05,0,0,0,0,0,0,0,0,0
-64.8199,96.1272,1,2015152,-64.82,96.05,0,0,0,0,0,0,0,0,0
-64.8296,96.1296,1,2015153,-64.82,96.05,0,0,0,0,0,0,0,0,0
-64.8296,96.1296,1,2015154,-64.82,96.05,0,0,0,0,0,0,0,0,0
-64.8296,96.1296,1,2015155,-64.82,96.05,0,0,0,0,0,0,0,0,0
-64.8296,96.1296,1,2015156,-64.82,96.05,1,0,0,0,0,0,0,11,3
-64.8296,96.1296,0,2015157,-64.82,96.05,0,0,0,0,0,0,0,0,0
-64.8296,96.1296,1,2015158,-64.82,96.05,0,0,0,0,0,0,0,0,0
-64.8296,96.1296,1,2015159,-64.82,96.05,0,0,0,0,0,0,0,0,0
-64.8296,96.1296,1,2015160,-64.82,96.05,0,0,0,0,0,0,0,0,0
-64.8296,96.1296,1,2015161,-64.82,96.05,0,0,0,0,0,0,0,0,0
-64.7896,96.1402,1,2015162,-64.82,96.05,0,0,0,0,0,0,0,0,0
-64.7896,96.1402,1,2015163,-64.82,96.05,1,0,0,0,0,0,0,11,3
-64.7896,96.1402,1,2015164,-64.82,96.05,0,0,0,0,0,0,0,0,0
-64.7896,96.1402,1,2015165,-64.82,96.05,0,0,0,0,0,0,0,0,0
-64.7896,96.1402,1,2015166,-64.82,96.05,0,0,0,0,0,0,0,0,0
-64.7896,96.1402,1,2015167,-64.82,96.05,0,0,0,0,0,0,0,0,0
-64.7896,96.1402,1,2015168,-64.82,96.05,0,0,0,0,0,0,0,0,0
-64.7896,96.1402,1,2015169,-64.82,96.05,0,0,0,0,0,0,0,0,0
-64.7543,96.049,1,2015170,-64.82,96.05,1,0,0,0,0,0,0,11,3
-64.7543,96.049,0,2015171,-64.82,96.05,0,0,0,0,0,0,0,0,0
-64.7543,96.049,1,2015172,-64.82,96.05,0,0,0,0,0,0,0,0,0
-64.7543,96.049,1,2015173,-64.82,96.05,0,0,0,0,0,0,0,0,0
-64.7635,96.0669,0,2015174,-64.82,96.05,0,0,0,0,0,0,0,0,0
-64.7726,96.0847,1,2015175,-64.82,96.05,0,0,0,0,0,0,0,0,0
-64.7726,96.0847,1,2015176,-64.82,96.05,0,0,0,0,0,0,0,0,0
-64.7726,96.0847,1,2015177,-64.82,96.05,1,0,0,0,0,0,0,11,3
-64.7726,96.0847,1,2015178,-64.82,96.05,0,0,0,0,0,0,0,0,0
-64.7726,96.0847,1,2015179,-64.82,96.05,0,0,0,0,0,0,0,0,0
-64.7726,96.0847,1,2015180,-64.82,96.05,0,0,0,0,0,0,0,0,0
-64.7726,96.0847,0,2015181,-64.82,96.05,0,0,0,0,0,0,0,0,0
-64.7726,96.0847,1,2015182,-64.82,96.05,0,0,0,0,0,0,0,0,0
-64.7726,96.0847,1,2015183,-64.82,96.05,0,0,0,0,0,0,0,0,0
-64.7726,96.0847,1,2015184,-64.82,96.05,1,0,0,0,0,0,0,11,3
-64.7726,96.0847,1,2015185,-64.82,96.05,0,0,0,0,0,0,0,0,0
-64.7726,96.0847,1,2015186,-64.82,96.05,0,0,0,0,0,0,0,0,0
-64.7726,96.0847,1,2015187,-64.82,96.05,0,0,0,0,0,0,0,0,0
-64.7726,96.0847,1,2015188,-64.82,96.05,0,0,0,0,0,0,0,0,0
-64.7726,96.0847,1,2015189,-64.82,96.05,0,0,0,0,0,0,0,0,0
-64.7726,96.0847,1,2015190,-64.82,96.05,0,0,0,0,0,0,0,0,0
-64.7548,96.2548,1,2015191,-64.82,96.05,1,0,0,0,0,0,0,11,3
-64.7548,96.2548,1,2015192,-64.82,96.05,0,0,0,0,0,0,0,0,0
-64.7548,96.2548,1,2015193,-64.82,96.05,0,0,0,0,0,0,0,0,0
-64.7548,96.2548,0,2015194,-64.82,96.05,0,0,0,0,0,0,0,0,0
-64.7548,96.2548,1,2015195,-64.82,96.05,0,0,0,0,0,0,0,0,0
-64.7548,96.2548,1,2015196,-64.82,96.05,0,0,0,0,0,0,0,0,0
-64.7548,96.2548,1,2015197,-64.82,96.05,0,0,0,0,0,0,0,0,0
-64.7548,96.2548,1,2015198,-64.82,96.05,1,0,0,0,0,0,0,11,3
-64.7548,96.2548,1,2015199,0,0,0,0,0,0,0,0,0,0,0
-64.7548,96.2548,1,2015200,0,0,0,0,0,0,0,0,0,0,0
-64.7548,96.2548,0,2015201,0,0,0,0,0,0,0,0,0,0,0
-64.7548,96.2548,1,2015202,0,0,0,0,0,0,0,0,0,0,0
-64.7548,96.2548,1,2015203,0,0,0,0,0,0,0,0,0,0,0
-64.7548,96.2548,1,2015204,0,0,0,0,0,0,0,0,0,0,0
-64.7548,96.2548,1,2015205,0,0,0,0,0,0,0,0,0,0,0
-64.7548,96.2548,1,2015206,0,0,0,0,0,0,0,0,0,0,0
-64.7548,96.2548,1,2015207,0,0,0,0,0,0,0,0,0,0,0
-64.7548,96.2548,1,2015208,0,0,0,0,0,0,0,0,0,0,0
-64.7548,96.2548,1,2015209,0,0,0,0,0,0,0,0,0,0,0
-64.7548,96.2548,1,2015210,0,0,0,0,0,0,0,0,0,0,0
-64.7548,96.2548,1,2015211,0,0,0,0,0,0,0,0,0,0,0
-64.7548,96.2548,0,2015212,-64.82,96.05,1,0,0,0,0,0,0,11,3
-64.7548,96.2548,1,2015213,-64.82,96.05,0,0,0,0,0,0,0,0,0
-64.7548,96.2548,1,2015214,-64.82,96.05,0,0,0,0,0,0,0,0,0
-64.7548,96.2548,1,2015215,-64.82,96.05,0,0,0,0,0,0,0,0,0
-64.7548,96.2548,1,2015216,-64.82,96.05,0,0,0,0,0,0,0,0,0
-64.7548,96.2548,1,2015217,-64.82,96.05,0,0,0,0,0,0,0,0,0
-64.7548,96.2548,1,2015218,-64.82,96.05,0,0,0,0,0,0,0,0,0
-64.7646,96.2568,1,2015219,-64.82,96.05,1,0,0,0,0,0,0,11,3
-64.7646,96.2568,1,2015220,-64.82,96.05,0,0,0,0,0,0,0,0,0
-64.7646,96.2568,1,2015221,-64.82,96.05,0,0,0,0,0,0,0,0,0
-64.7646,96.2568,1,2015222,-64.82,96.05,0,0,0,0,0,0,0,0,0
-64.7646,96.2568,0,2015223,-64.82,96.05,0,0,0,0,0,0,0,0,0
-64.7646,96.2568,1,2015224,-64.82,96.05,0,0,0,0,0,0,0,0,0
-64.7646,96.2568,1,2015225,-64.82,96.05,0,0,0,0,0,0,0,0,0
-64.7539,96.2747,1,2015226,-64.82,96.05,1,0,0,0,0,0,0,11,3
-64.7539,96.2747,1,2015227,0,0,0,0,0,0,0,0,0,0,0
-64.7539,96.2747,1,2015228,0,0,0,0,0,0,0,0,0,0,0
-64.7157,96.3759,0,2015229,0,0,0,0,0,0,0,0,0,0,0
-64.6775,96.4772,1,2015230,0,0,0,0,0,0,0,0,0,0,0
-64.6775,96.4772,1,2015231,0,0,0,0,0,0,0,0,0,0,0
-64.6776,96.5474,1,2015232,0,0,0,0,0,0,0,0,0,0,0
-64.6776,96.5474,1,2015233,0,0,0,0,0,0,0,0,0,0,0
-64.6776,96.5474,1,2015234,0,0,0,0,0,0,0,0,0,0,0
-64.6776,96.5474,1,2015235,0,0,0,0,0,0,0,0,0,0,0
-64.6776,96.5474,1,2015236,0,0,0,0,0,0,0,0,0,0,0
-64.6776,96.5474,1,2015237,0,0,0,0,0,0,0,0,0,0,0
-64.6776,96.5474,1,2015238,0,0,0,0,0,0,0,0,0,0,0
-64.6776,96.5474,1,2015239,0,0,0,0,0,0,0,0,0,0,0
-64.6776,96.5474,1,2015240,-64.82,96.05,1,0,0,0,0,0,0,11,3
-64.6776,96.5474,1,2015241,0,0,0,0,0,0,0,0,0,0,0
-64.6776,96.5474,1,2015242,0,0,0,0,0,0,0,0,0,0,0
-64.6776,96.5474,1,2015243,0,0,0,0,0,0,0,0,0,0,0
-64.6776,96.5474,1,2015244,0,0,0,0,0,0,0,0,0,0,0
-64.6776,96.5474,1,2015245,0,0,0,0,0,0,0,0,0,0,0
-64.6776,96.5474,1,2015246,0,0,0,0,0,0,0,0,0,0,0
-64.6736,96.5929,1,2015247,0,0,0,0,0,0,0,0,0,0,0
-64.6736,96.5929,1,2015248,0,0,0,0,0,0,0,0,0,0,0
-64.6736,96.5929,1,2015249,0,0,0,0,0,0,0,0,0,0,0
-64.6736,96.5929,1,2015250,0,0,0,0,0,0,0,0,0,0,0
-64.6736,96.5929,1,2015251,0,0,0,0,0,0,0,0,0,0,0
-64.6736,96.5929,0,2015252,0,0,0,0,0,0,0,0,0,0,0
-64.6736,96.5929,1,2015253,0,0,0,0,0,0,0,0,0,0,0
-64.6736,96.5929,1,2015254,0,0,0,0,0,0,0,0,0,0,0
-64.6736,96.5929,1,2015255,0,0,0,0,0,0,0,0,0,0,0
-64.6736,96.5929,1,2015256,0,0,0,0,0,0,0,0,0,0,0
-64.6736,96.5929,0,2015257,0,0,0,0,0,0,0,0,0,0,0
-64.6736,96.5929,1,2015258,0,0,0,0,0,0,0,0,0,0,0
-64.6736,96.5929,1,2015259,0,0,0,0,0,0,0,0,0,0,0
-64.6736,96.5929,0,2015260,0,0,0,0,0,0,0,0,0,0,0
-64.6736,96.5929,1,2015261,0,0,0,0,0,0,0,0,0,0,0
-64.6952,96.6909,1,2015262,0,0,0,0,0,0,0,0,0,0,0
-64.6952,96.6909,1,2015263,0,0,0,0,0,0,0,0,0,0,0
-64.6952,96.6909,0,2015264,0,0,0,0,0,0,0,0,0,0,0
-64.6952,96.6909,1,2015265,0,0,0,0,0,0,0,0,0,0,0
-64.6889,96.7813,1,2015266,0,0,0,0,0,0,0,0,0,0,0
-64.6889,96.7813,1,2015267,0,0,0,0,0,0,0,0,0,0,0
-64.6889,96.7813,1,2015268,0,0,0,0,0,0,0,0,0,0,0
-64.6889,96.7813,1,2015269,0,0,0,0,0,0,0,0,0,0,0
-64.6889,96.7813,1,2015270,0,0,0,0,0,0,0,0,0,0,0
-64.6889,96.7813,1,2015271,0,0,0,0,0,0,0,0,0,0,0
-64.6889,96.7813,0,2015272,0,0,0,0,0,0,0,0,0,0,0
-64.6889,96.7813,1,2015273,0,0,0,0,0,0,0,0,0,0,0
-64.6935,96.852,1,2015274,0,0,0,0,0,0,0,0,0,0,0
-64.6935,96.852,1,2015275,0,0,0,0,0,0,0,0,0,0,0
-64.6935,96.852,1,2015276,0,0,0,0,0,0,0,0,0,0,0
-64.6935,96.852,1,2015277,0,0,0,0,0,0,0,0,0,0,0
-64.6935,96.852,1,2015278,0,0,0,0,0,0,0,0,0,0,0
-64.6935,96.852,1,2015279,0,0,0,0,0,0,0,0,0,0,0
-64.6935,96.852,0,2015280,0,0,0,0,0,0,0,0,0,0,0
-64.6935,96.852,1,2015281,0,0,0,0,0,0,0,0,0,0,0
-64.6935,96.852,1,2015282,0,0,0,0,0,0,0,0,0,0,0
-64.6935,96.852,1,2015283,0,0,0,0,0,0,0,0,0,0,0
-64.6935,96.852,1,2015284,0,0,0,0,0,0,0,0,0,0,0
-64.6935,96.852,1,2015285,0,0,0,0,0,0,0,0,0,0,0
-64.6935,96.852,0,2015286,0,0,0,0,0,0,0,0,0,0,0
-64.6935,96.852,1,2015287,0,0,0,0,0,0,0,0,0,0,0
-64.6935,96.852,1,2015288,0,0,0,0,0,0,0,0,0,0,0
-64.6935,96.852,1,2015289,0,0,0,0,0,0,0,0,0,0,0
-64.6935,96.852,1,2015290,0,0,0,0,0,0,0,0,0,0,0
-64.6935,96.852,1,2015291,0,0,0,0,0,0,0,0,0,0,0
-64.6935,96.852,0,2015292,0,0,0,0,0,0,0,0,0,0,0
-64.6935,96.852,1,2015293,0,0,0,0,0,0,0,0,0,0,0
-64.6935,96.852,1,2015294,0,0,0,0,0,0,0,0,0,0,0
-64.6935,96.852,1,2015295,0,0,0,0,0,0,0,0,0,0,0
-64.6935,96.852,1,2015296,0,0,0,0,0,0,0,0,0,0,0
-64.6548,96.8833,1,2015297,0,0,0,0,0,0,0,0,0,0,0
-64.6548,96.8833,1,2015298,0,0,0,0,0,0,0,0,0,0,0
-64.6548,96.8833,1,2015299,0,0,0,0,0,0,0,0,0,0,0
-64.6548,96.8833,0,2015300,0,0,0,0,0,0,0,0,0,0,0
-64.6548,96.8833,1,2015301,0,0,0,0,0,0,0,0,0,0,0
-64.6548,96.8833,1,2015302,0,0,0,0,0,0,0,0,0,0,0
-64.6552,96.8627,1,2015303,0,0,0,0,0,0,0,0,0,0,0
-64.6552,96.8627,1,2015304,0,0,0,0,0,0,0,0,0,0,0
-64.6552,96.8627,1,2015305,0,0,0,0,0,0,0,0,0,0,0
-64.6552,96.8627,1,2015306,0,0,0,0,0,0,0,0,0,0,0
-64.6552,96.8627,1,2015307,0,0,0,0,0,0,0,0,0,0,0
-64.6552,96.8627,1,2015308,0,0,0,0,0,0,0,0,0,0,0
-64.6552,96.8627,1,2015309,0,0,0,0,0,0,0,0,0,0,0
-64.6552,96.8627,1,2015310,0,0,0,0,0,0,0,0,0,0,0
-64.6552,96.8627,1,2015311,0,0,0,0,0,0,0,0,0,0,0
-64.6552,96.8627,1,2015312,0,0,0,0,0,0,0,0,0,0,0
-64.6552,96.8627,0,2015313,0,0,0,0,0,0,0,0,0,0,0
-64.6552,96.8627,1,2015314,0,0,0,0,0,0,0,0,0,0,0
-64.6552,96.8627,1,2015315,0,0,0,0,0,0,0,0,0,0,0
-64.6552,96.8627,1,2015316,0,0,0,0,0,0,0,0,0,0,0
-64.9051,96.013,1,2015317,0,0,0,0,0,0,0,0,0,0,0
-64.9051,96.013,1,2015318,0,0,0,0,0,0,0,0,0,0,0
-64.9051,96.013,1,2015319,0,0,0,0,0,0,0,0,0,0,0
-64.9051,96.013,1,2015320,0,0,0,0,0,0,0,0,0,0,0
-64.9051,96.013,1,2015321,0,0,0,0,0,0,0,0,0,0,0
-64.9051,96.013,1,2015322,0,0,0,0,0,0,0,0,0,0,0
-64.9051,96.013,1,2015323,0,0,0,0,0,0,0,0,0,0,0
-64.9051,96.013,1,2015324,0,0,0,0,0,0,0,0,0,0,0
-64.9051,96.013,1,2015325,0,0,0,0,0,0,0,0,0,0,0
-64.9051,96.013,1,2015326,0,0,0,0,0,0,0,0,0,0,0
-64.9051,96.013,1,2015327,0,0,0,0,0,0,0,0,0,0,0
-64.9051,96.013,1,2015328,0,0,0,0,0,0,0,0,0,0,0
-64.9051,96.013,1,2015329,0,0,0,0,0,0,0,0,0,0,0
-64.9051,96.013,1,2015330,0,0,0,0,0,0,0,0,0,0,0
-64.9051,96.013,1,2015331,0,0,0,0,0,0,0,0,0,0,0
-64.9051,96.013,1,2015332,0,0,0,0,0,0,0,0,0,0,0
-64.9051,96.013,1,2015333,0,0,0,0,0,0,0,0,0,0,0
-64.9051,96.013,1,2015334,0,0,0,0,0,0,0,0,0,0,0
-64.8956,96.0019,1,2015335,0,0,0,0,0,0,0,0,0,0,0
-64.8956,96.0019,1,2015336,0,0,0,0,0,0,0,0,0,0,0
-64.8956,96.0019,1,2015337,0,0,0,0,0,0,0,0,0,0,0
-64.8956,96.0019,1,2015338,0,0,0,0,0,0,0,0,0,0,0
-64.8956,96.0019,1,2015339,0,0,0,0,0,0,0,0,0,0,0
-64.8956,96.0019,1,2015340,0,0,0,0,0,0,0,0,0,0,0
-64.8956,96.0019,0,2015341,0,0,0,0,0,0,0,0,0,0,0
-64.8956,96.0019,1,2015342,0,0,0,0,0,0,0,0,0,0,0
-65.0294,95.9164,1,2015343,0,0,0,0,0,0,0,0,0,0,0
-65.0294,95.9164,1,2015344,0,0,0,0,0,0,0,0,0,0,0
-65.0294,95.9164,1,2015345,0,0,0,0,0,0,0,0,0,0,0
-65.0294,95.9164,1,2015346,0,0,0,0,0,0,0,0,0,0,0
-65.0294,95.9164,1,2015347,0,0,0,0,0,0,0,0,0,0,0
-64.8708,96.0462,1,2015349,0,0,0,0,0,0,0,0,0,0,0
-64.8318,95.9154,1,2015350,0,0,0,0,0,0,0,0,0,0,0
-64.8318,95.9154,1,2015351,0,0,0,0,0,0,0,0,0,0,0
-64.8318,95.9154,1,2015352,0,0,0,0,0,0,0,0,0,0,0
-64.8318,95.9154,1,2015353,0,0,0,0,0,0,0,0,0,0,0
-64.8318,95.9154,1,2015354,0,0,0,0,0,0,0,0,0,0,0
-64.8318,95.9154,1,2015355,0,0,0,0,0,0,0,0,0,0,0
-64.8318,95.9154,1,2015356,0,0,0,0,0,0,0,0,0,0,0
-64.8318,95.9154,1,2015357,0,0,0,0,0,0,0,0,0,0,0
-64.8318,95.9154,1,2015358,0,0,0,0,0,0,0,0,0,0,0
-64.8318,95.9154,1,2015359,0,0,0,0,0,0,0,0,0,0,0
-64.8318,95.9154,1,2015360,0,0,0,0,0,0,0,0,0,0,0
-64.8318,95.9154,1,2015361,0,0,0,0,0,0,0,0,0,0,0
-64.8318,95.9154,0,2015362,0,0,0,0,0,0,0,0,0,0,0
-64.8318,95.9154,1,2015363,0,0,0,0,0,0,0,0,0,0,0
-64.807,96.0481,1,2015364,0,0,0,0,0,0,0,0,0,0,0
-64.807,96.0481,1,2015365,0,0,0,0,0,0,0,0,0,0,0
-64.807,96.0481,0,2016001,0,0,0,0,0,0,0,0,0,0,0
-64.807,96.0481,1,2016002,0,0,0,0,0,0,0,0,0,0,0
-64.807,96.0481,1,2016003,0,0,0,0,0,0,0,0,0,0,0
-64.807,96.0481,1,2016004,0,0,0,0,0,0,0,0,0,0,0
-64.807,96.0481,1,2016005,0,0,0,0,0,0,0,0,0,0,0
-64.807,96.0481,1,2016006,0,0,0,0,0,0,0,0,0,0,0
-64.807,96.0481,1,2016007,0,0,0,0,0,0,0,0,0,0,0
-64.807,96.0481,1,2016008,0,0,0,0,0,0,0,0,0,0,0
-64.807,96.0481,1,2016009,0,0,0,0,0,0,0,0,0,0,0
-64.807,96.0481,1,2016010,0,0,0,0,0,0,0,0,0,0,0
-64.807,96.0481,1,2016011,0,0,0,0,0,0,0,0,0,0,0
-64.807,96.0481,1,2016012,0,0,0,0,0,0,0,0,0,0,0
-64.807,96.0481,1,2016013,0,0,0,0,0,0,0,0,0,0,0
-64.807,96.0481,0,2016014,0,0,0,0,0,0,0,0,0,0,0
-64.807,96.0481,1,2016015,0,0,0,0,0,0,0,0,0,0,0
-64.807,96.0481,1,2016016,0,0,0,0,0,0,0,0,0,0,0
-64.807,96.0481,1,2016017,0,0,0,0,0,0,0,0,0,0,0
-64.807,96.0481,0,2016018,0,0,0,0,0,0,0,0,0,0,0
-64.807,96.0481,1,2016019,0,0,0,0,0,0,0,0,0,0,0
-64.807,96.0481,1,2016020,0,0,0,0,0,0,0,0,0,0,0
-64.807,96.0481,1,2016021,0,0,0,0,0,0,0,0,0,0,0
-64.8221,96.0543,1,2016022,0,0,0,0,0,0,0,0,0,0,0
-64.8221,96.0543,1,2016023,0,0,0,0,0,0,0,0,0,0,0
-64.8221,96.0543,0,2016024,0,0,0,0,0,0,0,0,0,0,0
-64.8221,96.0543,1,2016025,0,0,0,0,0,0,0,0,0,0,0
-64.8221,96.0543,1,2016026,0,0,0,0,0,0,0,0,0,0,0
-64.8221,96.0543,1,2016027,0,0,0,0,0,0,0,0,0,0,0
-64.8221,96.0543,1,2016028,0,0,0,0,0,0,0,0,0,0,0
-64.8221,96.0543,1,2016029,0,0,0,0,0,0,0,0,0,0,0
-64.8221,96.0543,1,2016030,0,0,0,0,0,0,0,0,0,0,0
-64.8221,96.0543,0,2016031,0,0,0,0,0,0,0,0,0,0,0
-64.8221,96.0543,1,2016032,0,0,0,0,0,0,0,0,0,0,0
-64.8221,96.0543,1,2016033,0,0,0,0,0,0,0,0,0,0,0
-64.8221,96.0543,1,2016034,0,0,0,0,0,0,0,0,0,0,0
-64.8221,96.0543,1,2016035,0,0,0,0,0,0,0,0,0,0,0
-64.8221,96.0543,1,2016036,0,0,0,0,0,0,0,0,0,0,0
-64.8221,96.0543,1,2016037,0,0,0,0,0,0,0,0,0,0,0
-64.8221,96.0543,1,2016038,0,0,0,0,0,0,0,0,0,0,0
-64.8221,96.0543,1,2016039,0,0,0,0,0,0,0,0,0,0,0
-64.8221,96.0543,0,2016040,0,0,0,0,0,0,0,0,0,0,0
-64.8221,96.0543,1,2016041,0,0,0,0,0,0,0,0,0,0,0
-64.8221,96.0543,1,2016042,0,0,0,0,0,0,0,0,0,0,0
-64.8221,96.0543,1,2016043,0,0,0,0,0,0,0,0,0,0,0
-64.8221,96.0543,1,2016044,0,0,0,0,0,0,0,0,0,0,0
-64.8221,96.0543,1,2016045,0,0,0,0,0,0,0,0,0,0,0
-64.8221,96.0543,1,2016046,0,0,0,0,0,0,0,0,0,0,0
-64.9109,95.9817,0,2016047,0,0,0,0,0,0,0,0,0,0,0
-64.9997,95.9091,1,2016048,0,0,0,0,0,0,0,0,0,0,0
-64.9997,95.9091,1,2016049,0,0,0,0,0,0,0,0,0,0,0
-64.9997,95.9091,1,2016050,0,0,0,0,0,0,0,0,0,0,0
-64.9997,95.9091,1,2016051,0,0,0,0,0,0,0,0,0,0,0
-64.9997,95.9091,1,2016052,0,0,0,0,0,0,0,0,0,0,0
-64.9997,95.9091,1,2016053,0,0,0,0,0,0,0,0,0,0,0
-64.9997,95.9091,1,2016054,0,0,0,0,0,0,0,0,0,0,0
-64.9997,95.9091,1,2016056,0,0,0,0,0,0,0,0,0,0,0
-64.9997,95.9091,1,2016057,0,0,0,0,0,0,0,0,0,0,0
-64.9997,95.9091,1,2016058,0,0,0,0,0,0,0,0,0,0,0
-64.9997,95.9091,1,2016059,0,0,0,0,0,0,0,0,0,0,0
-64.9997,95.9091,1,2016061,0,0,0,0,0,0,0,0,0,0,0
-64.9997,95.9091,1,2016062,0,0,0,0,0,0,0,0,0,0,0
-64.9997,95.9091,1,2016063,0,0,0,0,0,0,0,0,0,0,0
-64.9997,95.9091,1,2016064,0,0,0,0,0,0,0,0,0,0,0
-64.9997,95.9091,1,2016065,0,0,0,0,0,0,0,0,0,0,0
-64.9997,95.9091,1,2016066,0,0,0,0,0,0,0,0,0,0,0
-64.9997,95.9091,1,2016067,0,0,0,0,0,0,0,0,0,0,0
-64.9997,95.9091,1,2016069,0,0,0,0,0,0,0,0,0,0,0
-64.9997,95.9091,1,2016070,0,0,0,0,0,0,0,0,0,0,0
-64.9997,95.9091,1,2016071,0,0,0,0,0,0,0,0,0,0,0
-64.9997,95.9091,1,2016072,0,0,0,0,0,0,0,0,0,0,0
-64.9997,95.9091,1,2016073,0,0,0,0,0,0,0,0,0,0,0
-64.9997,95.9091,1,2016074,0,0,0,0,0,0,0,0,0,0,0
-64.9997,95.9091,1,2016076,0,0,0,0,0,0,0,0,0,0,0
-64.9997,95.9091,1,2016077,0,0,0,0,0,0,0,0,0,0,0
-64.9997,95.9091,1,2016078,0,0,0,0,0,0,0,0,0,0,0
-64.9997,95.9091,1,2016079,0,0,0,0,0,0,0,0,0,0,0
-64.9997,95.9091,1,2016080,0,0,0,0,0,0,0,0,0,0,0
-64.9997,95.9091,1,2016081,0,0,0,0,0,0,0,0,0,0,0
-64.9997,95.9091,1,2016083,0,0,0,0,0,0,0,0,0,0,0
-64.9997,95.9091,1,2016084,0,0,0,0,0,0,0,0,0,0,0
-64.9997,95.9091,1,2016085,0,0,0,0,0,0,0,0,0,0,0
-64.9997,95.9091,1,2016086,0,0,0,0,0,0,0,0,0,0,0
-64.9997,95.9091,1,2016087,0,0,0,0,0,0,0,0,0,0,0
-64.9997,95.9091,1,2016088,0,0,0,0,0,0,0,0,0,0,0
-64.9997,95.9091,1,2016090,0,0,0,0,0,0,0,0,0,0,0
-64.9997,95.9091,1,2016091,0,0,0,0,0,0,0,0,0,0,0
-64.9997,95.9091,1,2016092,0,0,0,0,0,0,0,0,0,0,0
-64.9997,95.9091,1,2016093,0,0,0,0,0,0,0,0,0,0,0
-64.9997,95.9091,1,2016094,0,0,0,0,0,0,0,0,0,0,0
-64.9997,95.9091,1,2016095,0,0,0,0,0,0,0,0,0,0,0
-64.9997,95.9091,1,2016097,0,0,0,0,0,0,0,0,0,0,0
-64.9997,95.9091,1,2016098,0,0,0,0,0,0,0,0,0,0,0
-64.9997,95.9091,1,2016099,0,0,0,0,0,0,0,0,0,0,0
-64.9997,95.9091,1,2016100,0,0,0,0,0,0,0,0,0,0,0
-64.9997,95.9091,1,2016101,0,0,0,0,0,0,0,0,0,0,0
-64.9997,95.9091,1,2016102,0,0,0,0,0,0,0,0,0,0,0
-64.9997,95.9091,1,2016104,0,0,0,0,0,0,0,0,0,0,0
-64.9997,95.9091,1,2016105,0,0,0,0,0,0,0,0,0,0,0
-64.9997,95.9091,1,2016106,0,0,0,0,0,0,0,0,0,0,0
-64.9997,95.9091,1,2016107,0,0,0,0,0,0,0,0,0,0,0
-64.9997,95.9091,1,2016108,0,0,0,0,0,0,0,0,0,0,0
-64.9997,95.9091,1,2016109,0,0,0,0,0,0,0,0,0,0,0
-64.9997,95.9091,1,2016111,0,0,0,0,0,0,0,0,0,0,0
-64.9997,95.9091,1,2016112,0,0,0,0,0,0,0,0,0,0,0
-64.9997,95.9091,1,2016113,0,0,0,0,0,0,0,0,0,0,0
-64.9997,95.9091,1,2016114,0,0,0,0,0,0,0,0,0,0,0
-64.9997,95.9091,1,2016115,0,0,0,0,0,0,0,0,0,0,0
-64.9997,95.9091,1,2016117,0,0,0,0,0,0,0,0,0,0,0
-64.9997,95.9091,1,2016118,0,0,0,0,0,0,0,0,0,0,0
-64.9997,95.9091,1,2016119,0,0,0,0,0,0,0,0,0,0,0
-64.9964,95.9116,1,2016120,0,0,0,0,0,0,0,0,0,0,0
-64.9964,95.9116,1,2016121,0,0,0,0,0,0,0,0,0,0,0
-65.0263,95.8698,1,2016122,0,0,0,0,0,0,0,0,0,0,0
-65.0049,95.8426,1,2016123,0,0,0,0,0,0,0,0,0,0,0
-65.0049,95.8426,1,2016124,0,0,0,0,0,0,0,0,0,0,0
-64.9883,95.8386,1,2016125,0,0,0,0,0,0,0,0,0,0,0
-64.9883,95.8386,1,2016126,0,0,0,0,0,0,0,0,0,0,0
-64.9883,95.8386,1,2016127,0,0,0,0,0,0,0,0,0,0,0
-64.9883,95.8386,1,2016128,0,0,0,0,0,0,0,0,0,0,0
-64.9883,95.8386,1,2016129,0,0,0,0,0,0,0,0,0,0,0
-64.9883,95.8386,1,2016131,0,0,0,0,0,0,0,0,0,0,0
-64.9883,95.8386,1,2016132,0,0,0,0,0,0,0,0,0,0,0
-64.9883,95.8386,1,2016133,0,0,0,0,0,0,0,0,0,0,0
-64.9883,95.8386,1,2016137,0,0,0,0,0,0,0,0,0,0,0
-64.9883,95.8386,1,2016138,0,0,0,0,0,0,0,0,0,0,0
-64.9883,95.8386,1,2016139,0,0,0,0,0,0,0,0,0,0,0
-64.9883,95.8386,1,2016140,0,0,0,0,0,0,0,0,0,0,0
-64.9883,95.8386,1,2016141,0,0,0,0,0,0,0,0,0,0,0
-64.9883,95.8386,1,2016142,0,0,0,0,0,0,0,0,0,0,0
-64.9883,95.8386,1,2016143,0,0,0,0,0,0,0,0,0,0,0
-64.9883,95.8386,1,2016145,0,0,0,0,0,0,0,0,0,0,0
-64.9883,95.8386,1,2016146,0,0,0,0,0,0,0,0,0,0,0
-64.9883,95.8386,1,2016147,0,0,0,0,0,0,0,0,0,0,0
-64.9883,95.8386,1,2016148,0,0,0,0,0,0,0,0,0,0,0
-64.9883,95.8386,1,2016149,0,0,0,0,0,0,0,0,0,0,0
-64.9883,95.8386,1,2016150,0,0,0,0,0,0,0,0,0,0,0
-64.9883,95.8386,1,2016151,0,0,0,0,0,0,0,0,0,0,0
-64.9883,95.8386,1,2016152,0,0,0,0,0,0,0,0,0,0,0
-64.9883,95.8386,1,2016153,0,0,0,0,0,0,0,0,0,0,0
-64.9883,95.8386,1,2016154,0,0,0,0,0,0,0,0,0,0,0
-64.9883,95.8386,1,2016156,0,0,0,0,0,0,0,0,0,0,0
-64.9883,95.8386,1,2016157,0,0,0,0,0,0,0,0,0,0,0
-64.9883,95.8386,1,2016158,0,0,0,0,0,0,0,0,0,0,0
-64.9883,95.8386,1,2016159,0,0,0,0,0,0,0,0,0,0,0
-64.9883,95.8386,1,2016160,0,0,0,0,0,0,0,0,0,0,0
-64.9883,95.8386,1,2016161,0,0,0,0,0,0,0,0,0,0,0
-64.9883,95.8386,1,2016163,0,0,0,0,0,0,0,0,0,0,0
-64.9883,95.8386,1,2016164,0,0,0,0,0,0,0,0,0,0,0
-64.9883,95.8386,1,2016165,0,0,0,0,0,0,0,0,0,0,0
-64.9883,95.8386,1,2016182,0,0,0,0,0,0,0,0,0,0,0
-64.9883,95.8386,1,2016183,0,0,0,0,0,0,0,0,0,0,0
-64.9883,95.8386,1,2016184,0,0,0,0,0,0,0,0,0,0,0
-64.9883,95.8386,1,2016186,0,0,0,0,0,0,0,0,0,0,0
-64.9883,95.8386,1,2016188,0,0,0,0,0,0,0,0,0,0,0
-64.9883,95.8386,1,2016189,0,0,0,0,0,0,0,0,0,0,0
-64.9883,95.8386,1,2016190,0,0,0,0,0,0,0,0,0,0,0
-64.9883,95.8386,1,2016191,0,0,0,0,0,0,0,0,0,0,0
-64.9883,95.8386,1,2016192,0,0,0,0,0,0,0,0,0,0,0
-64.9883,95.8386,1,2016193,0,0,0,0,0,0,0,0,0,0,0
-64.9828,95.8135,1,2016195,0,0,0,0,0,0,0,0,0,0,0
-64.9726,95.7891,1,2016196,0,0,0,0,0,0,0,0,0,0,0
-64.9633,95.7868,1,2016197,0,0,0,0,0,0,0,0,0,0,0
-64.955,95.7612,1,2016198,0,0,0,0,0,0,0,0,0,0,0
-64.954,95.7846,1,2016199,0,0,0,0,0,0,0,0,0,0,0
-64.9591,95.774,0,2016200,0,0,0,0,0,0,0,0,0,0,0
-64.9643,95.7634,1,2016201,0,0,0,0,0,0,0,0,0,0,0
-64.9643,95.7634,1,2016202,0,0,0,0,0,0,0,0,0,0,0
-64.9643,95.7634,1,2016203,0,0,0,0,0,0,0,0,0,0,0
-64.9643,95.7634,1,2016204,0,0,0,0,0,0,0,0,0,0,0
-64.9643,95.7634,1,2016205,0,0,0,0,0,0,0,0,0,0,0
-64.9643,95.7634,1,2016206,0,0,0,0,0,0,0,0,0,0,0
-64.9643,95.7634,1,2016207,0,0,0,0,0,0,0,0,0,0,0
-64.9736,95.7656,0,2016208,0,0,0,0,0,0,0,0,0,0,0
-64.9829,95.7678,1,2016209,0,0,0,0,0,0,0,0,0,0,0
-64.9653,95.74,1,2016210,0,0,0,0,0,0,0,0,0,0,0
-64.902,95.9079,0,2016211,0,0,0,0,0,0,0,0,0,0,0
-64.8465,96.0889,1,2016212,0,0,0,0,0,0,0,0,0,0,0
-64.8404,96.1044,1,2016213,0,0,0,0,0,0,0,0,0,0,0
-64.8389,96.1323,0,2016214,0,0,0,0,0,0,0,0,0,0,0
-64.8383,96.151,1,2016215,0,0,0,0,0,0,0,0,0,0,0
-64.8415,96.0811,1,2016216,0,0,0,0,0,0,0,0,0,0,0
-64.8488,95.9179,1,2016217,0,0,0,0,0,0,0,0,0,0,0
-64.862,96.0424,1,2016218,0,0,0,0,0,0,0,0,0,0,0
-64.8846,95.9991,1,2016219,0,0,0,0,0,0,0,0,0,0,0
-64.8514,96.1088,1,2016220,0,0,0,0,0,0,0,0,0,0,0
-65.4864,96.0322,1,2016222,0,0,0,0,0,0,0,0,0,0,0
-65.4607,95.9307,1,2016223,0,0,0,0,0,0,0,0,0,0,0
-65.4607,95.9307,1,2016224,0,0,0,0,0,0,0,0,0,0,0
-65.499,95.9177,1,2016225,0,0,0,0,0,0,0,0,0,0,0
-65.5381,95.9275,1,2016226,0,0,0,0,0,0,0,0,0,0,0
-65.5772,95.9373,1,2016227,0,0,0,0,0,0,0,0,0,0,0
-65.5686,95.9594,1,2016229,0,0,0,0,0,0,0,0,0,0,0
-65.5295,95.9496,1,2016230,0,0,0,0,0,0,0,0,0,0,0
-64.8557,96.0205,1,2016232,0,0,0,0,0,0,0,0,0,0,0
-64.8259,96.0082,1,2016233,0,0,0,0,0,0,0,0,0,0,0
-64.8621,96.0407,1,2016234,0,0,0,0,0,0,0,0,0,0,0
-64.8758,96.0601,0,2016235,0,0,0,0,0,0,0,0,0,0,0
-64.8814,96.0692,1,2016236,0,0,0,0,0,0,0,0,0,0,0
-64.8814,96.0692,1,2016237,0,0,0,0,0,0,0,0,0,0,0
-64.8493,96.0566,0,2016238,0,0,0,0,0,0,0,0,0,0,0
-64.8173,96.0296,1,2016239,0,0,0,0,0,0,0,0,0,0,0
-64.8252,95.9845,1,2016240,0,0,0,0,0,0,0,0,0,0,0
-64.7959,96.0478,1,2016241,0,0,0,0,0,0,0,0,0,0,0
-64.8665,96.1126,1,2016242,0,0,0,0,0,0,0,0,0,0,0
-64.8754,96.1307,0,2016243,0,0,0,0,0,0,0,0,0,0,0
-64.8783,96.1375,1,2016244,0,0,0,0,0,0,0,0,0,0,0
-64.8783,96.1375,1,2016245,0,0,0,0,0,0,0,0,0,0,0
-64.8715,96.1539,0,2016246,0,0,0,0,0,0,0,0,0,0,0
-64.8576,96.1795,1,2016247,0,0,0,0,0,0,0,0,0,0,0
-64.838,96.1964,1,2016248,0,0,0,0,0,0,0,0,0,0,0
-64.799,96.1865,1,2016249,0,0,0,0,0,0,0,0,0,0,0
-64.7839,96.2062,0,2016250,0,0,0,0,0,0,0,0,0,0,0
-64.7754,96.251,1,2016251,0,0,0,0,0,0,0,0,0,0,0
-64.7711,96.3423,1,2016252,0,0,0,0,0,0,0,0,0,0,0
-64.7667,96.4336,1,2016253,0,0,0,0,0,0,0,0,0,0,0
-64.7581,96.2182,1,2016254,0,0,0,0,0,0,0,0,0,0,0
-64.7467,96.1832,0,2016255,0,0,0,0,0,0,0,0,0,0,0
-64.7397,96.1714,1,2016256,0,0,0,0,0,0,0,0,0,0,0
-64.7397,96.1714,1,2016257,0,0,0,0,0,0,0,0,0,0,0
-64.7515,96.2214,0,2016258,0,0,0,0,0,0,0,0,0,0,0
-64.7632,96.2714,1,2016259,0,0,0,0,0,0,0,0,0,0,0
-64.7573,96.1977,1,2016260,0,0,0,0,0,0,0,0,0,0,0
-64.7332,96.3106,1,2016261,0,0,0,0,0,0,0,0,0,0,0
-64.7365,96.2394,1,2016262,0,0,0,0,0,0,0,0,0,0,0
-64.7362,96.2418,0,2016263,0,0,0,0,0,0,0,0,0,0,0
-64.7357,96.2494,0,2016264,0,0,0,0,0,0,0,0,0,0,0
-64.7354,96.2626,1,2016265,0,0,0,0,0,0,0,0,0,0,0
-64.7414,96.3346,1,2016266,0,0,0,0,0,0,0,0,0,0,0
-64.7371,96.4257,1,2016267,0,0,0,0,0,0,0,0,0,0,0
-64.7416,96.3314,1,2016268,0,0,0,0,0,0,0,0,0,0,0
-64.7486,96.3818,1,2016269,0,0,0,0,0,0,0,0,0,0,0
-64.7486,96.3818,1,2016270,0,0,0,0,0,0,0,0,0,0,0
-64.7393,96.3794,1,2016271,0,0,0,0,0,0,0,0,0,0,0
-64.7393,96.3794,1,2016272,0,0,0,0,0,0,0,0,0,0,0
-64.7393,96.3794,1,2016273,0,0,0,0,0,0,0,0,0,0,0
-64.7393,96.3794,1,2016274,0,0,0,0,0,0,0,0,0,0,0
-64.7393,96.3794,1,2016275,0,0,0,0,0,0,0,0,0,0,0
-64.7299,96.3526,0,2016276,0,0,0,0,0,0,0,0,0,0,0
-64.7136,96.3257,1,2016277,0,0,0,0,0,0,0,0,0,0,0
-64.6993,96.3923,1,2016278,0,0,0,0,0,0,0,0,0,0,0
-64.6999,96.3808,0,2016279,0,0,0,0,0,0,0,0,0,0,0
-64.7004,96.3692,1,2016280,0,0,0,0,0,0,0,0,0,0,0
-64.6981,96.4155,1,2016281,0,0,0,0,0,0,0,0,0,0,0
-64.6796,96.409,1,2016282,0,0,0,0,0,0,0,0,0,0,0
-64.6648,96.4203,0,2016283,0,0,0,0,0,0,0,0,0,0,0
-64.6571,96.4499,1,2016284,0,0,0,0,0,0,0,0,0,0,0
-64.6711,96.5473,1,2016285,0,0,0,0,0,0,0,0,0,0,0
-64.6669,96.5636,0,2016286,0,0,0,0,0,0,0,0,0,0,0
-64.6581,96.5709,0,2016287,0,0,0,0,0,0,0,0,0,0,0
-64.6504,96.5869,1,2016288,0,0,0,0,0,0,0,0,0,0,0
-64.6458,96.6777,1,2016289,0,0,0,0,0,0,0,0,0,0,0
-64.6552,96.6786,1,2016290,0,0,0,0,0,0,0,0,0,0,0
-64.6638,96.6884,0,2016291,0,0,0,0,0,0,0,0,0,0,0
-64.6726,96.7068,1,2016292,0,0,0,0,0,0,0,0,0,0,0
-64.6825,96.7329,1,2016293,0,0,0,0,0,0,0,0,0,0,0
-64.8358,96.315,0,2016294,0,0,0,0,0,0,0,0,0,0,0
-65.0043,95.897,1,2016295,0,0,0,0,0,0,0,0,0,0,0
-65.0346,95.921,1,2016296,0,0,0,0,0,0,0,0,0,0,0
-64.997,95.9592,1,2016297,0,0,0,0,0,0,0,0,0,0,0
-65.0015,95.8164,1,2016298,0,0,0,0,0,0,0,0,0,0,0
-65.0086,95.8688,1,2016299,0,0,0,0,0,0,0,0,0,0,0
-65.0376,95.8505,1,2016301,0,0,0,0,0,0,0,0,0,0,0
-65.0001,95.8888,1,2016302,0,0,0,0,0,0,0,0,0,0,0
-64.9921,95.8158,1,2016303,0,0,0,0,0,0,0,0,0,0,0
-65.0096,95.8454,1,2016304,0,0,0,0,0,0,0,0,0,0,0
-65.018,95.8695,1,2016306,0,0,0,0,0,0,0,0,0,0,0
-65.018,95.8695,1,2016307,0,0,0,0,0,0,0,0,0,0,0
-65.018,95.8695,1,2016308,0,0,0,0,0,0,0,0,0,0,0
-65.018,95.8695,1,2016309,0,0,0,0,0,0,0,0,0,0,0
-64.9878,95.6963,1,2016310,0,0,0,0,0,0,0,0,0,0,0
-64.9869,95.6757,1,2016311,0,0,0,0,0,0,0,0,0,0,0
-64.9725,95.695,0,2016312,0,0,0,0,0,0,0,0,0,0,0
-64.9559,95.7394,1,2016313,0,0,0,0,0,0,0,0,0,0,0
-64.952,95.8314,1,2016314,0,0,0,0,0,0,0,0,0,0,0
-64.948,95.9235,1,2016315,0,0,0,0,0,0,0,0,0,0,0
-65.2275,95.991,1,2016317,0,0,0,0,0,0,0,0,0,0,0
-65.1757,95.9542,1,2016318,0,0,0,0,0,0,0,0,0,0,0
-65.1658,95.8817,1,2016320,0,0,0,0,0,0,0,0,0,0,0
-65.1824,95.9336,1,2016321,0,0,0,0,0,0,0,0,0,0,0
-65.1956,95.889,1,2016323,0,0,0,0,0,0,0,0,0,0,0
-65.2276,95.8012,1,2016324,0,0,0,0,0,0,0,0,0,0,0
-65.2127,95.7514,1,2016325,0,0,0,0,0,0,0,0,0,0,0
-65.2148,95.6579,1,2016327,0,0,0,0,0,0,0,0,0,0,0
-65.2186,95.5648,1,2016328,0,0,0,0,0,0,0,0,0,0,0
-65.2642,95.601,1,2016329,0,0,0,0,0,0,0,0,0,0,0
-65.3033,95.6102,1,2016330,0,0,0,0,0,0,0,0,0,0,0
-65.2854,95.63,1,2016331,0,0,0,0,0,0,0,0,0,0,0
-65.2815,95.7233,1,2016332,0,0,0,0,0,0,0,0,0,0,0
-65.2816,95.7217,1,2016333,0,0,0,0,0,0,0,0,0,0,0
-65.3062,95.5835,1,2016334,0,0,0,0,0,0,0,0,0,0,0
-65.3089,95.5155,1,2016336,0,0,0,0,0,0,0,0,0,0,0
-65.2863,95.6079,1,2016337,0,0,0,0,0,0,0,0,0,0,0
-65.3714,95.6022,1,2016338,0,0,0,0,0,0,0,0,0,0,0
-65.4299,95.6401,1,2016339,0,0,0,0,0,0,0,0,0,0,0
-65.4521,95.6454,1,2016341,0,0,0,0,0,0,0,0,0,0,0
-65.4521,95.6454,1,2016342,0,0,0,0,0,0,0,0,0,0,0
-65.4521,95.6454,1,2016343,0,0,0,0,0,0,0,0,0,0,0
-65.4521,95.6454,1,2016345,0,0,0,0,0,0,0,0,0,0,0
-65.4521,95.6454,1,2016346,0,0,0,0,0,0,0,0,0,0,0
-65.4521,95.6454,1,2016347,0,0,0,0,0,0,0,0,0,0,0
-65.4521,95.6454,1,2016348,0,0,0,0,0,0,0,0,0,0,0
-65.4297,95.7152,1,2016349,0,0,0,0,0,0,0,0,0,0,0
-65.4297,95.7152,1,2016350,0,0,0,0,0,0,0,0,0,0,0
-65.4297,95.7152,1,2016351,0,0,0,0,0,0,0,0,0,0,0
-65.4297,95.7152,1,2016352,0,0,0,0,0,0,0,0,0,0,0
-64.9891,96.0677,1,2016353,0,0,0,0,0,0,0,0,0,0,0
-64.9891,96.0677,1,2016354,0,0,0,0,0,0,0,0,0,0,0
-64.9891,96.0677,1,2016355,0,0,0,0,0,0,0,0,0,0,0
-64.9891,96.0677,1,2016356,0,0,0,0,0,0,0,0,0,0,0
-64.9891,96.0677,1,2016357,0,0,0,0,0,0,0,0,0,0,0
-64.9891,96.0677,1,2016358,0,0,0,0,0,0,0,0,0,0,0
-64.9891,96.0677,1,2016359,0,0,0,0,0,0,0,0,0,0,0
-64.9891,96.0677,1,2016360,0,0,0,0,0,0,0,0,0,0,0
-64.9891,96.0677,1,2016361,0,0,0,0,0,0,0,0,0,0,0
-64.9891,96.0677,1,2016362,0,0,0,0,0,0,0,0,0,0,0
-64.9891,96.0677,1,2016363,0,0,0,0,0,0,0,0,0,0,0
-64.9891,96.0677,1,2016364,0,0,0,0,0,0,0,0,0,0,0
-64.9891,96.0677,1,2016365,0,0,0,0,0,0,0,0,0,0,0
-64.9891,96.0677,1,2016366,0,0,0,0,0,0,0,0,0,0,0
-64.9891,96.0677,1,2017001,0,0,0,0,0,0,0,0,0,0,0
-64.9891,96.0677,1,2017002,0,0,0,0,0,0,0,0,0,0,0
-64.9891,96.0677,1,2017004,0,0,0,0,0,0,0,0,0,0,0
-64.9891,96.0677,1,2017005,0,0,0,0,0,0,0,0,0,0,0
-64.9891,96.0677,1,2017007,0,0,0,0,0,0,0,0,0,0,0
-64.9891,96.0677,1,2017008,0,0,0,0,0,0,0,0,0,0,0
-64.9891,96.0677,1,2017009,0,0,0,0,0,0,0,0,0,0,0
-64.9891,96.0677,1,2017011,0,0,0,0,0,0,0,0,0,0,0
-64.9891,96.0677,1,2017012,0,0,0,0,0,0,0,0,0,0,0
-64.9891,96.0677,1,2017013,0,0,0,0,0,0,0,0,0,0,0
-64.9891,96.0677,1,2017014,0,0,0,0,0,0,0,0,0,0,0
-64.9891,96.0677,1,2017015,0,0,0,0,0,0,0,0,0,0,0
-64.9891,96.0677,1,2017016,0,0,0,0,0,0,0,0,0,0,0
-64.9891,96.0677,1,2017017,0,0,0,0,0,0,0,0,0,0,0
-64.9891,96.0677,1,2017018,0,0,0,0,0,0,0,0,0,0,0
-64.9891,96.0677,1,2017020,0,0,0,0,0,0,0,0,0,0,0
-64.9891,96.0677,1,2017021,0,0,0,0,0,0,0,0,0,0,0
-64.9891,96.0677,1,2017022,0,0,0,0,0,0,0,0,0,0,0
-64.9891,96.0677,1,2017023,0,0,0,0,0,0,0,0,0,0,0
-64.9891,96.0677,1,2017024,0,0,0,0,0,0,0,0,0,0,0
-64.9891,96.0677,1,2017025,0,0,0,0,0,0,0,0,0,0,0
-64.9891,96.0677,1,2017026,0,0,0,0,0,0,0,0,0,0,0
-64.9891,96.0677,1,2017027,0,0,0,0,0,0,0,0,0,0,0
-64.9891,96.0677,1,2017029,0,0,0,0,0,0,0,0,0,0,0
-64.8892,96.1139,1,2017030,0,0,0,0,0,0,0,0,0,0,0
-64.8892,96.1139,0,2017031,0,0,0,0,0,0,0,0,0,0,0
-64.8892,96.1139,0,2017032,0,0,0,0,0,0,0,0,0,0,0
-64.8892,96.1139,0,2017033,0,0,0,0,0,0,0,0,0,0,0
-64.8892,96.1139,0,2017034,0,0,0,0,0,0,0,0,0,0,0
-64.8892,96.1139,0,2017035,0,0,0,0,0,0,0,0,0,0,0
-64.8892,96.1139,0,2017036,0,0,0,0,0,0,0,0,0,0,0
-64.8892,96.1139,1,2017037,0,0,0,0,0,0,0,0,0,0,0
-64.8892,96.1139,1,2017038,0,0,0,0,0,0,0,0,0,0,0
-64.8892,96.1139,1,2017039,0,0,0,0,0,0,0,0,0,0,0
-64.8892,96.1139,1,2017040,0,0,0,0,0,0,0,0,0,0,0
-64.8892,96.1139,0,2017041,0,0,0,0,0,0,0,0,0,0,0
-64.8892,96.1139,0,2017042,0,0,0,0,0,0,0,0,0,0,0
-64.8892,96.1139,1,2017043,0,0,0,0,0,0,0,0,0,0,0
-64.8892,96.1139,1,2017044,0,0,0,0,0,0,0,0,0,0,0
-64.8892,96.1139,1,2017045,0,0,0,0,0,0,0,0,0,0,0
-64.8892,96.1139,1,2017046,0,0,0,0,0,0,0,0,0,0,0
-64.8892,96.1139,1,2017047,0,0,0,0,0,0,0,0,0,0,0
-64.8892,96.1139,1,2017048,0,0,0,0,0,0,0,0,0,0,0
-64.8892,96.1139,1,2017049,0,0,0,0,0,0,0,0,0,0,0
-64.8892,96.1139,1,2017050,0,0,0,0,0,0,0,0,0,0,0
-64.8892,96.1139,1,2017051,0,0,0,0,0,0,0,0,0,0,0
-64.8892,96.1139,1,2017052,0,0,0,0,0,0,0,0,0,0,0
-64.8892,96.1139,1,2017053,0,0,0,0,0,0,0,0,0,0,0
-64.8892,96.1139,0,2017054,0,0,0,0,0,0,0,0,0,0,0
-64.8892,96.1139,1,2017055,0,0,0,0,0,0,0,0,0,0,0
-64.8892,96.1139,1,2017056,0,0,0,0,0,0,0,0,0,0,0
-64.8892,96.1139,1,2017057,0,0,0,0,0,0,0,0,0,0,0
-64.8892,96.1139,1,2017058,0,0,0,0,0,0,0,0,0,0,0
-64.8892,96.1139,1,2017059,0,0,0,0,0,0,0,0,0,0,0
-64.8892,96.1139,1,2017060,0,0,0,0,0,0,0,0,0,0,0
-64.8892,96.1139,1,2017061,0,0,0,0,0,0,0,0,0,0,0
-64.8892,96.1139,1,2017062,0,0,0,0,0,0,0,0,0,0,0
-64.8892,96.1139,1,2017063,0,0,0,0,0,0,0,0,0,0,0
-64.8892,96.1139,1,2017064,0,0,0,0,0,0,0,0,0,0,0
-64.8892,96.1139,1,2017065,0,0,0,0,0,0,0,0,0,0,0
-64.8892,96.1139,0,2017066,0,0,0,0,0,0,0,0,0,0,0
-64.8892,96.1139,1,2017067,0,0,0,0,0,0,0,0,0,0,0
-64.8892,96.1139,1,2017068,0,0,0,0,0,0,0,0,0,0,0
-64.8892,96.1139,1,2017069,0,0,0,0,0,0,0,0,0,0,0
-64.8892,96.1139,1,2017070,0,0,0,0,0,0,0,0,0,0,0
-64.8892,96.1139,1,2017071,0,0,0,0,0,0,0,0,0,0,0
-64.8892,96.1139,1,2017072,0,0,0,0,0,0,0,0,0,0,0
-64.8892,96.1139,1,2017073,0,0,0,0,0,0,0,0,0,0,0
-64.8892,96.1139,1,2017074,0,0,0,0,0,0,0,0,0,0,0
-64.8892,96.1139,1,2017075,0,0,0,0,0,0,0,0,0,0,0
-64.8892,96.1139,1,2017076,0,0,0,0,0,0,0,0,0,0,0
-64.8892,96.1139,1,2017077,0,0,0,0,0,0,0,0,0,0,0
-64.8892,96.1139,1,2017078,0,0,0,0,0,0,0,0,0,0,0
-64.8892,96.1139,1,2017079,0,0,0,0,0,0,0,0,0,0,0
-64.8892,96.1139,1,2017080,0,0,0,0,0,0,0,0,0,0,0
-64.8892,96.1139,1,2017081,0,0,0,0,0,0,0,0,0,0,0
-64.8892,96.1139,1,2017082,0,0,0,0,0,0,0,0,0,0,0
-64.8892,96.1139,1,2017083,0,0,0,0,0,0,0,0,0,0,0
-64.8892,96.1139,1,2017084,0,0,0,0,0,0,0,0,0,0,0
-64.8892,96.1139,1,2017085,0,0,0,0,0,0,0,0,0,0,0
-64.8892,96.1139,0,2017086,0,0,0,0,0,0,0,0,0,0,0
-64.8892,96.1139,1,2017087,0,0,0,0,0,0,0,0,0,0,0
-64.8892,96.1139,1,2017088,0,0,0,0,0,0,0,0,0,0,0
-64.8892,96.1139,1,2017089,0,0,0,0,0,0,0,0,0,0,0
-64.8892,96.1139,1,2017090,0,0,0,0,0,0,0,0,0,0,0
-64.8892,96.1139,1,2017091,0,0,0,0,0,0,0,0,0,0,0
-64.8892,96.1139,1,2017092,0,0,0,0,0,0,0,0,0,0,0
-64.8892,96.1139,1,2017093,0,0,0,0,0,0,0,0,0,0,0
-64.8892,96.1139,1,2017094,0,0,0,0,0,0,0,0,0,0,0
-64.8892,96.1139,1,2017095,0,0,0,0,0,0,0,0,0,0,0
-64.8892,96.1139,0,2017096,0,0,0,0,0,0,0,0,0,0,0
-64.8892,96.1139,1,2017097,0,0,0,0,0,0,0,0,0,0,0
-64.8892,96.1139,1,2017098,0,0,0,0,0,0,0,0,0,0,0
-64.8892,96.1139,1,2017099,0,0,0,0,0,0,0,0,0,0,0
-64.8892,96.1139,0,2017100,0,0,0,0,0,0,0,0,0,0,0
-64.8892,96.1139,1,2017101,0,0,0,0,0,0,0,0,0,0,0
-64.8892,96.1139,1,2017102,0,0,0,0,0,0,0,0,0,0,0
-64.8892,96.1139,1,2017103,0,0,0,0,0,0,0,0,0,0,0
-64.8892,96.1139,1,2017104,0,0,0,0,0,0,0,0,0,0,0
-64.8892,96.1139,1,2017105,0,0,0,0,0,0,0,0,0,0,0
-64.8892,96.1139,1,2017106,0,0,0,0,0,0,0,0,0,0,0
-64.8892,96.1139,0,2017107,0,0,0,0,0,0,0,0,0,0,0
-64.8892,96.1139,1,2017108,0,0,0,0,0,0,0,0,0,0,0
-64.8892,96.1139,1,2017109,0,0,0,0,0,0,0,0,0,0,0
-64.8892,96.1139,1,2017110,0,0,0,0,0,0,0,0,0,0,0
-64.8892,96.1139,0,2017111,0,0,0,0,0,0,0,0,0,0,0
-64.8892,96.1139,1,2017112,0,0,0,0,0,0,0,0,0,0,0
-64.8892,96.1139,1,2017113,0,0,0,0,0,0,0,0,0,0,0
-64.8892,96.1139,1,2017114,0,0,0,0,0,0,0,0,0,0,0
-64.8892,96.1139,1,2017115,0,0,0,0,0,0,0,0,0,0,0
-64.8892,96.1139,0,2017116,0,0,0,0,0,0,0,0,0,0,0
-64.8892,96.1139,1,2017117,0,0,0,0,0,0,0,0,0,0,0
-64.8892,96.1139,1,2017118,0,0,0,0,0,0,0,0,0,0,0
-64.8892,96.1139,1,2017119,0,0,0,0,0,0,0,0,0,0,0
-64.8892,96.1139,1,2017120,0,0,0,0,0,0,0,0,0,0,0
-64.8892,96.1139,1,2017121,0,0,0,0,0,0,0,0,0,0,0
-64.8892,96.1139,0,2017122,0,0,0,0,0,0,0,0,0,0,0
-64.8892,96.1139,1,2017123,0,0,0,0,0,0,0,0,0,0,0
-64.8892,96.1139,1,2017124,0,0,0,0,0,0,0,0,0,0,0
-64.8892,96.1139,1,2017125,0,0,0,0,0,0,0,0,0,0,0
-64.8892,96.1139,1,2017126,0,0,0,0,0,0,0,0,0,0,0
-64.8892,96.1139,1,2017127,0,0,0,0,0,0,0,0,0,0,0
-64.8892,96.1139,0,2017128,0,0,0,0,0,0,0,0,0,0,0
-64.8892,96.1139,1,2017129,0,0,0,0,0,0,0,0,0,0,0
-64.8892,96.1139,1,2017130,0,0,0,0,0,0,0,0,0,0,0
-64.8892,96.1139,1,2017131,0,0,0,0,0,0,0,0,0,0,0
-64.8892,96.1139,0,2017132,0,0,0,0,0,0,0,0,0,0,0
-64.8892,96.1139,1,2017133,0,0,0,0,0,0,0,0,0,0,0
-64.8892,96.1139,1,2017134,0,0,0,0,0,0,0,0,0,0,0
-64.8892,96.1139,1,2017135,0,0,0,0,0,0,0,0,0,0,0
-64.8892,96.1139,1,2017136,0,0,0,0,0,0,0,0,0,0,0
-64.8892,96.1139,1,2017137,0,0,0,0,0,0,0,0,0,0,0
-64.8892,96.1139,0,2017138,0,0,0,0,0,0,0,0,0,0,0
-64.8892,96.1139,1,2017139,0,0,0,0,0,0,0,0,0,0,0
-64.874,96.1255,0,2017140,0,0,0,0,0,0,0,0,0,0,0
-64.8588,96.137,1,2017141,0,0,0,0,0,0,0,0,0,0,0
-64.8588,96.137,1,2017142,0,0,0,0,0,0,0,0,0,0,0
-64.9086,96.1289,1,2017143,0,0,0,0,0,0,0,0,0,0,0
-64.9131,96.0266,1,2017144,0,0,0,0,0,0,0,0,0,0,0
-64.9131,96.0266,1,2017145,0,0,0,0,0,0,0,0,0,0,0
-64.9131,96.0266,0,2017146,0,0,0,0,0,0,0,0,0,0,0
-64.9131,96.0266,1,2017147,0,0,0,0,0,0,0,0,0,0,0
-64.9131,96.0266,1,2017148,0,0,0,0,0,0,0,0,0,0,0
-64.9131,96.0266,1,2017149,0,0,0,0,0,0,0,0,0,0,0
-64.9131,96.0266,1,2017150,0,0,0,0,0,0,0,0,0,0,0
-64.9131,96.0266,1,2017151,0,0,0,0,0,0,0,0,0,0,0
