FID,id,set_code,date_time_utc,timestamp_gps_utc,geom,longitude,latitude,ship_course_over_ground_deg,ship_heading_gps_deg,ship_heading_gyro_deg,ship_log_knot,ship_spd_over_ground_knot,pitch_ten_sec_max_deg,pitch_ten_sec_min_deg,roll_ten_sec_max_deg,roll_ten_sec_min_deg,accum_precipitation_owi_mm,ambient_light_owi_candlesperm2,atm_press_hpa,bphase_optode_nounit,chlorophyll_ugperl,conductivity_tsg_mspercm,dew_point_degc,dphase_optode_nounit,flow_rate_tsg_lpermin,fluorescence_nounit,fluoromtr_flow_rate_lpermin,oxy_concen_corr_mmol,oxy_concen_uncorr_mmol,precipitation_rate_owi_mmperh,rad_biometric_medperhr,rad_infrrd_port_wperm2,rad_infrrd_strbrd_wperm2,rad_lcr_port_mmolepersperm2,rad_lcr_strbrd_mmolepersperm2,rad_lcr_wperm2,rad_par_port_wperme,rad_par_strbrd_wperme,rad_slr_port_wperm2,rad_slr_strbrd_wperm2,rad_uv_wperm2,rain_accum_foremst_mm,rel_humidity_port_percent,rel_humidity_strbrd_percent,salinity_optode_psu,salinity_other_psu,salinity_tsg_psu,temp_air_degc,temp_air_port_degc,temp_air_strbrd_degc,temp_biometer_degc,temp_infrrd_snsor_port_degc,temp_infrrd_snsor_strbrd_degc,temp_sea_wtr_degc,temp_sea_wtr_high_res_degc,temp_tsg_degc,visibility_owi_km,wnd_dir_port_corr_deg,wnd_dir_port_uncorr_deg,wnd_dir_strbrd_corr_deg,wnd_dir_strbrd_uncorr_deg,wnd_spd_port_corr_knot,wnd_spd_port_uncorr_knot,wnd_spd_strbrd_corr_knot,wnd_spd_strbrd_uncorr_knot,wthr_indictr_code_owi_nounit,wtr_depth_biometr_m,wtr_depth_m,wtr_temp_optode_degc
underway_1200.29740087,29740087,200809020,2008-11-23T10:40:50,20081123104055,MULTIPOINT ((-42.9394 147.3764)),147.3764,-42.9394,177.8,,,,9.9,0.33,0.1,0.01,-0.17,,,1004.79,,,,,,,,,,,,,,,,,,,,,,,,,,,,,,,,,,,,,,,194,19.5,187,12,27.1,27.1,26.4,26.4,,,,
underway_1200.29740202,29740202,200809020,2008-11-23T11:00:00,20081123110000,MULTIPOINT ((-42.9964 147.3802)),147.3802,-42.9964,176,,176.0559082,,11.1,0.46,0.01,-0.01,-0.39,,,1004.8,,,40.79994299,,,,2.4354,,,,,,,,,,,,,,,,,66.3,69.8,,,33.68765696,,11.4,11.4,,,,,,14.28854497,,193,16.6,186,9.6,30.2,30.2,29.4,29.4,,,0,
underway_1200.29740322,29740322,200809020,2008-11-23T11:20:00,20081123112000,MULTIPOINT ((-43.06 147.3874)),147.3874,-43.06,177.2,,177.30285645,,12,0.97,-0.45,0.45,-0.14,,,1005.16,,,41.34873528,,,,3.1242,,,,,,,,,,,,,,,,,79.7,76.6,,,34.06788252,,10.5,10.7,,,,,,14.4314205,,196,18.5,189,11.5,26.4,26.4,25.7,25.7,,,16.02,
underway_1200.29740442,29740442,200809020,2008-11-23T11:40:00,20081123114000,MULTIPOINT ((-43.1205 147.4221)),147.4221,-43.1205,155.9,,156.67053223,,11.6,0.84,-0.17,0.62,-1.26,,,1005.1,,,41.45044155,,,,1.3366,,,,,,,,,,,,,,,,,78.1,76.5,,,34.36585947,,10.6,10.7,,,,,,14.20112881,,178,21.3,173,16.7,25.2,25.2,24.3,24.3,,,19.8,
underway_1200.29740562,29740562,200809020,2008-11-23T12:00:00,20081123120000,MULTIPOINT ((-43.1799 147.4557)),147.4557,-43.1799,157,,156.26953125,,11.3,2.22,-1.01,0.46,-1.71,,,1004.91,,,41.49857026,,,,1.9024,,,,,,,,,,,,,,,,,79.1,82.1,,,34.56950895,,10.5,10.5,,,,,,14.02363391,,184,27.4,179,23.2,26.1,26.1,24.8,24.8,,,32.55,
underway_1200.29740682,29740682,200809020,2008-11-23T12:20:00,20081123122000,MULTIPOINT ((-43.2385 147.4906)),147.4906,-43.2385,156.1,,154.89624023,,11.2,3.19,-2.02,0.26,-1.55,,,1004.23,,,41.25046385,,,,2.3698,,,,,,,,,,,,,,,,,70.4,73.2,,,34.79940298,,11.4,11.3,,,,,,13.51340154,,188,32.8,187,32.6,31.9,31.9,30.3,30.3,,,44.21,
underway_1200.29740802,29740802,200809020,2008-11-23T12:40:00,20081123124000,MULTIPOINT ((-43.2974 147.4766)),147.4766,-43.2974,202.8,,200.61035156,,11.8,1.45,-1.16,3.97,-2.63,,,1004.79,,,41.01766352,,,,1.3366,,,,,,,,,,,,,,,,,60,65,,,35.01851947,,11.3,11.3,,,,,,13.03477645,,211,10.8,204,3.1,34.6,34.6,34.2,34.2,,,51.78,
underway_1200.29740922,29740922,200809020,2008-11-23T13:00:00,20081123130000,MULTIPOINT ((-43.3584 147.446)),147.446,-43.3584,198.4,,198.3416748,,11.7,0.25,-0.68,3.62,-1.1,,,1004.7,,,40.97940272,,,,1.23,,,,,,,,,,,,,,,,,64.8,66.3,,,35.00168776,,11,11,,,,,,13.01351364,,208,9.8,200,1.1,31.3,31.3,30.9,30.9,,,58.79,
underway_1200.29741042,29741042,200809020,2008-11-23T13:20:00,20081123132000,MULTIPOINT ((-43.4196 147.4163)),147.4163,-43.4196,199.6,,197.97912598,,11.4,1.1,-1.06,2.47,-3.15,,,1004.09,,,41.00673314,,,,1.2546,,,,,,,,,,,,,,,,,61.7,62.3,,,35.02266793,,10.8,10.7,,,,,,13.01902685,,206,7.7,196,358.2,33,33,32.5,32.5,,,63.24,
underway_1200.29741162,29741162,200809020,2008-11-23T13:40:00,20081123134000,MULTIPOINT ((-43.4793 147.3855)),147.3855,-43.4793,200.2,,199.06677246,,11,0.41,-0.77,2.92,-1.36,,,1004.39,,,41.023122,,,,1.1234,,,,,,,,,,,,,,,,,61.9,64.3,,,34.96988682,,10.6,10.6,,,,,,13.09301833,,214,15,206,7.3,31.7,31.7,30.9,30.9,,,55.6,
underway_1200.29741282,29741282,200809020,2008-11-23T14:00:00,20081123140000,MULTIPOINT ((-43.5383 147.3565)),147.3565,-43.5383,198.7,,198.28125,,11.1,1.23,-0.83,2.98,-1.18,,,1004.65,,,40.96192603,,,,1.6728,,,,,,,,,,,,,,,,,72.9,72.8,,,35.09097621,,10.4,10.5,,,,,,12.89921087,,219,20.8,213,15,28.2,28.2,27.2,27.2,,,68.99,
underway_1200.29741402,29741402,200809020,2008-11-23T14:20:00,20081123142000,MULTIPOINT ((-43.5909 147.319)),147.319,-43.5909,252,,250.26306152,,11.1,1.42,-0.01,1.52,-0.41,,,1004.12,,,41.00891943,,,,1.0742,,,,,,,,,,,,,,,,,76.4,77.8,,,35.02329615,,10.3,10.4,,,,,,13.02060198,,226,336,222,332,30.5,30.5,31.6,31.6,,,62.52,
underway_1200.29741522,29741522,200809020,2008-11-23T14:40:00,20081123144000,MULTIPOINT ((-43.6097 147.2371)),147.2371,-43.6097,257.8,,256.88232422,,11.2,1.12,-0.8,2.43,-0.41,,,1004.49,,,41.09964971,,,,1.7466,,,,,,,,,,,,,,,,,78.7,79.6,,,35.04279055,,10.1,10.2,,,,,,13.09301833,,229,331.9,224,327.6,32.7,32.7,34,34,,,53.18,
underway_1200.29741642,29741642,200809020,2008-11-23T15:00:00,20081123150000,MULTIPOINT ((-43.6265 147.1517)),147.1517,-43.6265,254.7,,251.30126953,,11.7,1.36,-1.3,2.5,-1.19,,,1004.74,,,41.05702223,,,,1.64,,,,,,,,,,,,,,,,,77.3,77.9,,,35.06774513,,10.3,10.3,,,,,,13.02217706,,231,339.3,225,334.1,27,27,28,28,,,96.14,
underway_1200.29741762,29741762,200809020,2008-11-23T15:20:00,20081123152000,MULTIPOINT ((-43.6484 147.0681)),147.0681,-43.6484,248.2,,245.18188477,,11.5,0.9,-0.8,1.4,-0.48,,,1004.91,,,41.07998077,,,,2.0172,,,,,,,,,,,,,,,,,82,83.3,,,35.09111989,,9.7,9.7,,,,,,13.02060198,,223,337.6,218,333,27.9,27.9,28.9,28.9,,,95.69,
underway_1200.29741882,29741882,200809020,2008-11-23T15:40:00,20081123154000,MULTIPOINT ((-43.6722 146.9859)),146.9859,-43.6722,248.6,,245.57189941,,11.6,1.96,-1.68,2.44,-1.71,,,1004.84,,,41.06468015,,,,1.5088,,,,,,,,,,,,,,,,,81.6,81.2,,,35.1108709,,10.2,10.2,,,,,,12.98357696,,230,344.3,224,338.4,26.3,26.3,27,27,,,93.52,
underway_1200.29742002,29742002,200809020,2008-11-23T16:00:00,20081123160000,MULTIPOINT ((-43.6958 146.9024)),146.9024,-43.6958,250.6,,248.67004395,,11.6,1.38,-1.38,2.93,-1.56,,,1005.04,,,41.17617564,,,,1.6564,,,,,,,,,,,,,,,,,81.8,83.2,,,35.09967567,,10.1,10.1,,,,,,13.1103239,,245,356.1,235,346.6,24.7,24.7,25.1,25.1,,,107.52,
underway_1200.29742122,29742122,200809020,2008-11-23T16:20:00,20081123162000,MULTIPOINT ((-43.7166 146.8189)),146.8189,-43.7166,252.3,,248.68103027,,11.6,0.96,-1.17,1.62,-1.61,,,1004.88,,,41.17508354,,,,1.066,,,,,,,,,,,,,,,,,82.5,82.6,,,35.10665302,,9.9,9.9,,,,,,13.10167166,,230,341.4,224,335.8,30,30,30.9,30.9,,,110.2,
underway_1200.29742242,29742242,200809020,2008-11-23T16:40:00,20081123164000,MULTIPOINT ((-43.7369 146.7331)),146.7331,-43.7369,252.2,,248.74145508,,12,1.49,-2.12,0.96,-0.36,,,1005.32,,,41.22864246,,,,1.5088,,,,,,,,,,,,,,,,,84.5,84.9,,,35.08048148,,9.9,9.9,,,,,,13.18500213,,239,350.3,231,342.6,23.8,23.8,24.3,24.3,,,115.92,
underway_1200.29742362,29742362,200809020,2008-11-23T17:00:00,20081123170000,MULTIPOINT ((-43.7585 146.6488)),146.6488,-43.7585,249.5,,246.72546387,,11.9,0,0,0,0,,,1005.17,,,41.42650659,,,,1.558,,,,,,,,,,,,,,,,,82.2,82.1,,,35.13482588,,10.4,10.5,,,,,,13.32941013,,238,351.1,230,342.8,25.3,25.3,25.7,25.7,,,127.32,
underway_1200.29742482,29742482,200809020,2008-11-23T17:20:00,20081123172000,MULTIPOINT ((-43.7808 146.5649)),146.5649,-43.7808,249.6,,247.86254883,,11.5,1.6,-0.41,0.13,-0.6,,,1005.2,,,41.43525291,,,,1.64,,,,,,,,,,,,,,,,,76.6,77.1,,,35.14311782,,10.8,10.8,,,,,,13.32941013,,214,325.8,210,322,28.2,28.2,29.6,29.6,,,138.21,
underway_1200.29742602,29742602,200809020,2008-11-23T17:40:00,20081123174000,MULTIPOINT ((-43.8039 146.4821)),146.4821,-43.8039,248.9,,247.89001465,,11.2,2.54,-1.27,1.25,-0.44,,,1005.51,,,41.44509157,,,,1.4432,,,,,,,,,,,,,,,,,80.5,80.9,,,35.1459216,,10.4,10.5,,,,,,13.33646574,,228,340.4,223,335.2,28.2,28.2,29.2,29.2,,,145.77,
underway_1200.29742722,29742722,200809020,2008-11-23T18:00:00,20081123180000,MULTIPOINT ((-43.8271 146.3966)),146.3966,-43.8271,249.6,,246.90124512,,11.9,1.29,-1.31,2.16,-0.54,,,1005.67,,,41.32375163,,,,1.4924,,,,,,,,,,,,,,,,,89,86.9,,,35.13164606,,9.8,9.9,,,,,,13.22741441,,212,324.6,209,321.7,23.9,23.9,25.1,25.1,,,149.83,
underway_1200.29742842,29742842,200809020,2008-11-23T18:20:00,20081123182000,MULTIPOINT ((-43.8516 146.3104)),146.3104,-43.8516,247.9,,244.4732666,,11.8,2.2,-1.5,2.22,-0.21,,,1005.37,,,41.21335292,,,,1.9844,,,,,,,,,,,,,,,,,70.1,74.5,,,35.17819167,,10.4,10.4,,,,,,13.06390361,,202,317.4,200,315.2,30.8,30.8,32.3,32.3,,,153.05,
underway_1200.29742962,29742962,200809020,2008-11-23T18:40:00,20081123184000,MULTIPOINT ((-43.877 146.2248)),146.2248,-43.877,244.8,,241.46850586,,11.9,2.04,-1.84,3.1,-0.69,,,1006.13,,,40.34651627,,,,1.0824,,,,,,,,,,,,,,,,,73.1,75.6,,,34.98545385,,10.1,10.2,,,,,,12.37649681,,206,324.9,203,321.6,30,30,31.5,31.5,,,157.44,
underway_1200.29743082,29743082,200809020,2008-11-23T19:00:00,20081123190000,MULTIPOINT ((-43.9059 146.1406)),146.1406,-43.9059,245.2,,241.80908203,,12,1.91,-1.66,1.94,0.72,,,1006.46,,,40.35200014,,,,1.1726,,,,,,,,,,,,,,,,,81.1,81.5,,,35.11901648,,9.9,9.9,,,,,,12.23961115,,195,313,194,312.1,27.4,27.4,29.2,29.2,,,158.15,
underway_1200.29743202,29743202,200809020,2008-11-23T19:20:00,20081123192000,MULTIPOINT ((-43.9299 146.053)),146.053,-43.9299,250.2,,246.86828613,,12,2.21,-1.99,2.8,-0.4,,,1006.68,,,40.12681731,,,,1.5662,,,,,,,,,,,,,,,,,78.2,80.6,,,34.97478089,,10,10,,,,,,12.15989926,,189,303.2,191,304.6,28.3,28.3,30.4,30.4,,,429.88,
underway_1200.29743322,29743322,200809020,2008-11-23T19:40:00,20081123194000,MULTIPOINT ((-43.9523 145.9662)),145.9662,-43.9523,249.9,,246.10473633,,12.1,1.81,-0.7,3.52,0.19,,,1006.9,,,39.74754681,,,,2.2222,,,,,,,,,,,,,,,,,86.4,,,,34.95868857,,9.8,,,,,,,11.78238758,,191,304.5,191,304.7,31.5,31.5,33.9,33.9,,,1292.59,
underway_1200.29743442,29743442,200809020,2008-11-23T20:00:00,20081123200000,MULTIPOINT ((-43.9742 145.8802)),145.8802,-43.9742,251.4,,247.9888916,,11.2,3.18,-2.91,2.81,-0.9,,,1007.36,,,39.30051174,,,,3.157,,,,,,,,,,,,,,,,,78.6,79.1,,,34.82134783,,10.2,10.2,,,,,,11.46080399,,175,287.3,182,293.8,26.2,26.2,28.9,28.9,,,0,
underway_1200.29743562,29743562,200809020,2008-11-23T20:20:00,20081123202000,MULTIPOINT ((-43.9952 145.7944)),145.7944,-43.9952,249.9,,246.26953125,,11.7,0.85,-0.74,2.82,0.3,,,1008.23,,,40.2317451,,,,2.5912,,,,,,,,,,,,,,,,,82.7,83.5,,,34.96191228,,9.5,9.6,,,,,,12.28261663,,184,297.4,187,300.7,22.2,22.2,24.2,24.2,,,0,
underway_1200.29743682,29743682,200809020,2008-11-23T20:40:00,20081123204000,MULTIPOINT ((-44.0167 145.7076)),145.7076,-44.0167,250.3,,245.79162598,,12,1.32,-0.1,2.55,0.14,,,1008.11,,,39.70273023,,,,2.6568,,,,,,,,,,,,,,,,,79.5,80.1,,,34.92374846,,9.9,10,,,,,,11.77276231,,189,303.4,190,304.1,27.5,27.5,29.6,29.6,,,0,
underway_1200.29743802,29743802,200809020,2008-11-23T21:00:00,20081123210000,MULTIPOINT ((-44.0372 145.6221)),145.6221,-44.0372,252.1,,246.33544922,,11.6,1.87,-1.17,2.3,-2.06,,,1008.62,,,39.90930919,,,,2.665,,,,,,,,,,,,,,,,,66.7,69.1,,,34.96720975,,10.2,10.2,,,,,,11.94180715,,194,307.6,194,307.2,28.7,28.7,30.8,30.8,,,0,
underway_1200.29743922,29743922,200809020,2008-11-23T21:20:00,20081123212000,MULTIPOINT ((-44.0574 145.537)),145.537,-44.0574,250.8,,246.1541748,,11.5,1.22,-0.38,4.79,-0.78,,,1008.95,,,39.84372388,,,,2.2632,,,,,,,,,,,,,,,,,64.2,67.8,,,34.92259209,,9.9,10,,,,,,11.92099978,,191,304.4,191,305.1,30.6,30.6,32.7,32.7,,,0,
underway_1200.29744042,29744042,200809020,2008-11-23T21:40:00,20081123214000,MULTIPOINT ((-44.0777 145.4526)),145.4526,-44.0777,251.5,,246.92321777,,11.6,2.65,-2.66,1.89,-0.1,,,1010.47,,,39.93008235,,,,2.6978,,,,,,,,,,,,,,,,,65,67.1,,,35.01313661,,9.9,10,,,,,,11.91459623,,169,282.1,177,289.9,22.6,22.6,24.9,24.9,,,804.86,
underway_1200.29744162,29744162,200809020,2008-11-23T22:00:00,20081123220000,MULTIPOINT ((-44.0988 145.369)),145.369,-44.0988,250.4,,245.72570801,,11.6,2.45,-1.73,3.67,-2.54,,,1010.17,,,39.8710475,,,,1.7056,,,,,,,,,,,,,,,,,65.4,66.5,,,34.9155177,,10.1,10.2,,,,,,11.95700848,,175,289.4,180,294.2,26.7,26.7,29.5,29.5,,,0,
underway_1200.29744282,29744282,200809020,2008-11-23T22:20:00,20081123222000,MULTIPOINT ((-44.12 145.2855)),145.2855,-44.12,250,,245.48950195,,11.5,2.02,-1.66,2.04,-0.01,,,1010.23,,,40.01970133,,,,1.6236,,,,,,,,,,,,,,,,,59.6,63.1,,,34.96469381,,10.2,10.2,,,,,,12.05932862,,176,290.5,181,295.7,24,24,26.4,26.4,,,0,
underway_1200.29744402,29744402,200809020,2008-11-23T22:40:00,20081123224000,MULTIPOINT ((-44.141 145.2017)),145.2017,-44.141,253,,249.64233398,,11.5,1.31,-1.4,3.15,-0.33,,,1010.53,,,40.02516562,,,,1.7056,,,,,,,,,,,,,,,,,70.9,71.1,,,34.95953544,,9.8,9.9,,,,,,12.07051052,,181,292.1,185,296.3,27.7,27.7,30.5,30.5,,,0,
underway_1200.29744522,29744522,200809020,2008-11-23T23:00:00,20081123230000,MULTIPOINT ((-44.1627 145.1177)),145.1177,-44.1627,249.7,,245.97290039,,11.7,3.03,-2.6,2.17,-0.8,,,1010.41,,,40.08746802,,,,0.9512,,,,,,,,,,,,,,,,,65,67.7,,,34.967867,,9.9,10,,,,,,12.1263923,,182,296.3,185,298.9,27.1,27.1,29.4,29.4,,,391.68,
underway_1200.29744642,29744642,200809020,2008-11-23T23:20:00,20081123232000,MULTIPOINT ((-44.1839 145.0359)),145.0359,-44.1839,249.2,,245.64880371,,11.5,2.06,-1.23,4.3,-2.29,,,1010.79,,,40.09840634,,,,0.5904,,,,,,,,,,,,,,,,,60.7,63.9,,,35.02722113,,9.8,9.9,,,,,,12.0745036,,186,300,188,302,26,26,28.2,28.2,,,407.04,
underway_1200.29744762,29744762,200809020,2008-11-23T23:40:00,20081123234000,MULTIPOINT ((-44.2061 144.9521)),144.9521,-44.2061,248.8,,247.54394531,,12.2,1.41,0.07,1.69,-0.1,,,1011.51,,,40.02844684,,,,0.328,,,,,,,,,,,,,,,,,62.7,63.1,,,34.97547401,,9.5,9.7,,,,,,12.05693226,,181,293.4,185,297.6,23.3,23.3,25.5,25.5,,,0,
underway_1200.29744882,29744882,200809020,2008-11-24T00:00:00,20081124000000,MULTIPOINT ((-44.2284 144.8686)),144.8686,-44.2284,247.8,,245.24780273,,11.3,,,,,,,1011.72,,,40.0317266,,,,0.2706,,,,,,,,,,,,,,,,,64.3,63.4,,,34.98092304,,9.4,9.6,,,,,,12.05453582,,178,293,183,297.5,23.2,23.2,25.5,25.5,,,0,
underway_1200.29745002,29745002,200809020,2008-11-24T00:20:00,20081124002000,MULTIPOINT ((-44.2503 144.7839)),144.7839,-44.2503,248.8,,245.15991211,,11.7,,,,,,,1012.25,,,40.04156297,,,,0.2624,,,,,,,,,,,,,,,,,57.6,58.3,,,34.97627659,,9,9.2,,,,,,12.06971187,,181,295.7,185,299.5,22.7,22.7,24.7,24.7,,,0,
underway_1200.29745122,29745122,200809020,2008-11-24T00:40:00,20081124004000,MULTIPOINT ((-44.2714 144.7003)),144.7003,-44.2714,248.5,,245.3302002,,11.4,,,,,,,1012.47,,,40.04702997,,,,0.3362,,,,,,,,,,,,,,,,,55.8,58,,,34.99060483,,9.2,9.4,,,,,,12.06012739,,179,293.9,184,298.6,18.8,18.8,20.6,20.6,,,425.47,
underway_1200.29745242,29745242,200809020,2008-11-24T01:00:00,20081124010000,MULTIPOINT ((-44.2924 144.6163)),144.6163,-44.2924,249.6,,245.35766602,,11.3,,,,,,,1012.21,,,40.00002956,,,,0.5658,,,,,,,,,,,,,,,,,60.3,62.5,,,34.98074172,,8.8,9.1,,,,,,12.02177591,,196,310.6,195,310.2,23.4,23.4,24.9,24.9,,,0,
underway_1200.29745362,29745362,200809020,2008-11-24T01:20:00,20081124012000,MULTIPOINT ((-44.3137 144.5311)),144.5311,-44.3137,251.5,,247.24182129,,11.8,,,,,,,1012.65,,,39.96068115,,,,0.533,,,,,,,,,,,,,,,,,62.1,63.8,,,34.97684665,,9,9.2,,,,,,11.98500201,,187,299.8,190,302.5,22.5,22.5,24.3,24.3,,,446.98,
underway_1200.29745482,29745482,200809020,2008-11-24T01:40:00,20081124014000,MULTIPOINT ((-44.3345 144.4468)),144.4468,-44.3345,250.5,,245.69274902,,10.8,,,,,,,1013.08,,,39.95849393,,,,0.6888,,,,,,,,,,,,,,,,,64.2,63,,,34.96794937,,9.2,9.4,,,,,,11.99219848,,176,289.9,181,295.7,18.9,18.9,21,21,,,0,
underway_1200.29745602,29745602,200809020,2008-11-24T02:00:00,20081124020000,MULTIPOINT ((-44.3562 144.3612)),144.3612,-44.3562,250.6,,245.70922852,,11.7,,,,,,,1013.17,,,39.98581992,,,,0.369,,,,,,,,,,,,,,,,,62,63.3,,,34.9758727,,9,9.2,,,,,,12.01218464,,192,305.1,193,306.3,19,19,20.5,20.5,,,19.97,
underway_1200.29745722,29745722,200809020,2008-11-24T02:20:00,20081124022000,MULTIPOINT ((-44.3784 144.2739)),144.2739,-44.3784,250.6,,246.74743652,,11.5,,,,,,,1013.35,,,40.02080103,,,,0.8528,,,,,,,,,,,,,,,,,58.3,61.5,,,35.01304471,,9.1,9.3,,,,,,12.00898725,,185,297.8,187,300.5,21.1,21.1,22.9,22.9,,,0,
underway_1200.29745842,29745842,200809020,2008-11-24T02:40:00,20081124024000,MULTIPOINT ((-44.3996 144.1897)),144.1897,-44.3996,250.5,,245.67626953,,11.6,,,,,,,1013.26,,,40.55421219,,,,1.353,,,,,,,,,,,,,,,,,62.5,64.3,,,35.11066774,,9,9.2,,,,,,12.45754298,,190,304.3,191,305.7,21.7,21.7,23.3,23.3,,,0,
underway_1200.29745962,29745962,200809020,2008-11-24T03:00:00,20081124030000,MULTIPOINT ((-44.4216 144.1046)),144.1046,-44.4216,249.1,,245.30822754,,12,,,,,,,1013.41,,,40.68319973,,,,1.2792,,,,,,,,,,,,,,,,,58.4,60.9,,,35.15580302,,9,9.3,,,,,,12.54245818,,196,310.4,196,310.4,23.2,23.2,24.7,24.7,,,0,
underway_1200.29746082,29746082,200809020,2008-11-24T03:20:00,20081124032000,MULTIPOINT ((-44.4429 144.0207)),144.0207,-44.4429,250,,247.19787598,,11.7,,,,,,,1013.59,,,40.40555713,,,,1.3776,,,,,,,,,,,,,,,,,64.7,65.1,,,35.10598738,,8.7,9,,,,,,12.30888434,,197,309.3,197,309.4,21.7,21.7,23.3,23.3,,,0,
underway_1200.29746202,29746202,200809020,2008-11-24T03:40:00,20081124034000,MULTIPOINT ((-44.4645 143.9368)),143.9368,-44.4645,250.8,,246.68701172,,11.2,,,,,,,1013.82,,,40.23942116,,,,1.599,,,,,,,,,,,,,,,,,63.4,66.7,,,35.140722,,8.9,9.2,,,,,,12.10005377,,194,308,194,307.9,24,24,25.7,25.7,,,0,
underway_1200.29746322,29746322,200809020,2008-11-24T04:00:00,20081124040000,MULTIPOINT ((-44.4861 143.8539)),143.8539,-44.4861,250.4,,246.90124512,,11.8,,,,,,,1013.95,,,39.36719361,,,,1.3448,,,,,,,,,,,,,,,,,64.3,65.3,,,34.91853111,,8.8,9,,,,,,11.42775493,,207,319.7,204,316.4,23.5,23.5,24.9,24.9,,,0,
underway_1200.29746442,29746442,200809020,2008-11-24T04:20:00,20081124042000,MULTIPOINT ((-44.507 143.771)),143.771,-44.507,250.6,,246.90124512,,11.4,,,,,,,1013.96,,,39.31799927,,,,0.9594,,,,,,,,,,,,,,,,,60.5,63.3,,,34.82647736,,8.9,9.1,,,,,,11.47369679,,199,312.1,198,311.4,23.3,23.3,24.8,24.8,,,0,
underway_1200.29746562,29746562,200809020,2008-11-24T04:40:00,20081124044000,MULTIPOINT ((-44.529 143.685)),143.685,-44.529,250.2,,249.21386719,,11.9,,,,,,,1014.06,,,39.60545336,,,,1.1152,,,,,,,,,,,,,,,,,61.8,63.8,,,34.90069179,,8.9,9.2,,,,,,11.6957108,,194,304.5,195,305.9,19.3,19.3,20.7,20.7,,,0,
underway_1200.29746682,29746682,200809020,2008-11-24T05:00:00,20081124050000,MULTIPOINT ((-44.5508 143.5989)),143.5989,-44.5508,250.6,,246.36291504,,11.7,,,,,,,1014.04,,,39.24478126,,,,1.4842,,,,,,,,,,,,,,,,,65.6,67.4,,,34.88504784,,8.8,9,,,,,,11.33496983,,199,312.6,198,311.6,22,22,23.4,23.4,,,0,
underway_1200.29746802,29746802,200809020,2008-11-24T05:20:00,20081124052000,MULTIPOINT ((-44.5726 143.5136)),143.5136,-44.5726,249,,248.12072754,,11.3,,,,,,,1014.34,,,39.18576181,,,,1.6318,,,,,,,,,,,,,,,,,67.8,68.7,,,34.87082811,,9.1,9.3,,,,,,11.28812537,,189,301.7,191,303.1,20.6,20.6,22.3,22.3,,,0,
underway_1200.29746922,29746922,200809020,2008-11-24T05:40:00,20081124054000,MULTIPOINT ((-44.5952 143.4283)),143.4283,-44.5952,250.4,,248.6151123,,11.7,,,,,,,1014.47,,,39.18248458,,,,1.599,,,,,,,,,,,,,,,,,69.7,70.6,,,34.88211541,,9,9.2,,,,,,11.27277268,,200,311.5,199,310.5,26.2,26.2,27.9,27.9,,,0,
underway_1200.29747042,29747042,200809020,2008-11-24T06:00:00,20081124060000,MULTIPOINT ((-44.6173 143.3428)),143.3428,-44.6173,249.8,,247.0880127,,11.2,,,,,,,1014.39,,,39.22073496,,,,1.5908,,,,,,,,,,,,,,,,,68.2,69.3,,,34.86960148,,9,9.1,,,,,,11.32608804,,197,310.1,196,309.3,25.8,25.8,27.5,27.5,,,0,
underway_1200.29747162,29747162,200809020,2008-11-24T06:20:00,20081124062000,MULTIPOINT ((-44.6388 143.2593)),143.2593,-44.6388,248.5,,245.43457031,,11.3,,,,,,,1014.57,,,39.47102949,,,,1.7958,,,,,,,,,,,,,,,,,67.1,67.3,,,34.96786327,,9.1,9.2,,,,,,11.48417038,,196,310.8,196,311,22.2,22.2,23.7,23.7,,,0,
underway_1200.29747282,29747282,200809020,2008-11-24T06:40:00,20081124064000,MULTIPOINT ((-44.6606 143.1755)),143.1755,-44.6606,249.8,,245.9564209,,11.4,,,,,,,1014.65,,,39.3158194,,,,2.1566,,,,,,,,,,,,,,,,,70.8,70.6,,,34.87073087,,9.1,9.2,,,,,,11.42452977,,192,307.6,192,307.3,20.3,20.3,21.9,21.9,,,0,
underway_1200.29747402,29747402,200809020,2008-11-24T07:00:00,20081124070000,MULTIPOINT ((-44.682 143.0904)),143.0904,-44.682,249.5,,245.75866699,,11.5,,,,,,,1014.74,,,39.35516139,,,,2.0582,,,,,,,,,,,,,,,,,65.6,67.6,,,34.84496777,,9.1,9.3,,,,,,11.49303137,,194,308.5,194,308.9,20.9,20.9,22.5,22.5,,,0,
underway_1200.29747522,29747522,200809020,2008-11-24T07:20:00,20081124072000,MULTIPOINT ((-44.704 143.0043)),143.0043,-44.704,250.7,,247.62634277,,11.6,,,,,,,1014.83,,,39.57813167,,,,1.8368,,,,,,,,,,,,,,,,,71.1,71.7,,,34.91695077,,9.1,9.3,,,,,,11.64991986,,200,312.3,199,311.2,20.2,20.2,21.7,21.7,,,0,
underway_1200.29747642,29747642,200809020,2008-11-24T07:40:00,20081124074000,MULTIPOINT ((-44.7261 142.9182)),142.9182,-44.7261,250.2,,247.28027344,,11.7,,,,,,,1014.83,,,39.97380468,,,,0.861,,,,,,,,,,,,,,,,,73.3,73,,,35.03181475,,9.2,9.3,,,,,,11.94020681,,202,315.7,200,313,23.4,23.4,25,25,,,0,
underway_1200.29747762,29747762,200809020,2008-11-24T08:00:00,20081124080000,MULTIPOINT ((-44.7491 142.8341)),142.8341,-44.7491,248.3,,247.18688965,,12,,,,,,,1015.3,,,40.00768856,,,,0.9594,,,,,,,,,,,,,,,,,69.1,70.5,,,35.03859535,,9.1,9.2,,,,,,11.96820728,,194,307.9,195,308.5,21.4,21.4,23,23,,,403.97,
underway_1200.29747882,29747882,200809020,2008-11-24T08:20:00,20081124082000,MULTIPOINT ((-44.7736 142.7481)),142.7481,-44.7736,247.9,,246.89575195,,11.3,,,,,,,1015.51,,,39.90166731,,,,1.5662,,,,,,,,,,,,,,,,,65.8,67.3,,,35.03283353,,9.2,9.2,,,,,,11.86414706,,195,307.6,196,308.3,22,22,23.5,23.5,,,821.76,
underway_1200.29748002,29748002,200809020,2008-11-24T08:40:00,20081124084000,MULTIPOINT ((-44.7981 142.6636)),142.6636,-44.7981,247.8,,247.81311035,,11.3,,,,,,,1016.09,,,39.8284321,,,,1.6892,,,,,,,,,,,,,,,,,72,71.9,,,34.99500816,,9.2,9.3,,,,,,11.82808888,,187,298.8,190,301.3,19.4,19.4,21,21,,,0,
underway_1200.29748122,29748122,200809020,2008-11-24T09:00:00,20081124090000,MULTIPOINT ((-44.8217 142.5778)),142.5778,-44.8217,249.5,,248.65905762,,11.4,,,,,,,1015.95,,,39.57377177,,,,0.902,,,,,,,,,,,,,,,,,71.4,71.7,,,35.00458405,,9.2,9.2,,,,,,11.55261148,,206,317.3,204,315.2,27.5,27.5,29,29,,,0,
underway_1200.29748242,29748242,200809020,2008-11-24T09:20:00,20081124092000,MULTIPOINT ((-44.8447 142.4925)),142.4925,-44.8447,249.2,,247.50549316,,11.5,,,,,,,1016.44,,,39.0600731,,,,1.3202,,,,,,,,,,,,,,,,,68.6,69.5,,,34.83856167,,9.2,9.2,,,,,,11.19029313,,188,299.7,191,302.3,20.8,20.8,22.6,22.6,,,0,
underway_1200.29748362,29748362,200809020,2008-11-24T09:40:00,20081124094000,MULTIPOINT ((-44.8678 142.4064)),142.4064,-44.8678,250.2,,247.97790527,,12.3,,,,,,,1016.19,,,38.97045129,,,,1.2956,,,,,,,,,,,,,,,,,70.6,72.3,,,34.80608013,,9.1,9.1,,,,,,11.13039172,,188,300,190,302.2,25,25,27,27,,,0,
underway_1200.29748482,29748482,200809020,2008-11-24T10:00:00,20081124100000,MULTIPOINT ((-44.891 142.3187)),142.3187,-44.891,248.3,,247.9119873,,11.6,,,,,,,1016.69,,,39.2720845,,,,0.9266,,,,,,,,,,,,,,,,,75.1,74.7,,,34.73866603,,9,9.1,,,,,,11.5188022,,185,297.1,188,300.3,21.3,21.3,23.2,23.2,,,0,
underway_1200.29748602,29748602,200809020,2008-11-24T10:20:00,20081124102000,MULTIPOINT ((-44.9148 142.2311)),142.2311,-44.9148,249.5,,249.65332031,,12.1,,,,,,,1016.67,,,39.67650937,,,,1.107,,,,,,,,,,,,,,,,,76.7,76.8,,,34.99941263,,9.1,9.2,,,,,,11.66518695,,202,312.2,201,311.2,20.9,20.9,22.4,22.4,,,0,
underway_1200.29748722,29748722,200809020,2008-11-24T10:40:00,20081124104000,MULTIPOINT ((-44.9388 142.1424)),142.1424,-44.9388,248.7,,248.2800293,,12.4,,,,,,,1016.95,,,39.2360287,,,,1.4924,,,,,,,,,,,,,,,,,71.2,70.9,,,34.81687659,,9.3,9.3,,,,,,11.39791627,,206,317.3,204,315.1,22.2,22.2,23.5,23.5,,,0,
underway_1200.29748842,29748842,200809020,2008-11-24T11:00:00,20081124110000,MULTIPOINT ((-44.9629 142.0551)),142.0551,-44.9629,250.6,,248.77441406,,11.9,,,,,,,1017.12,,,39.53223347,,,,1.1972,,,,,,,,,,,,,,,,,64.5,66.9,,,34.95977183,,9.3,9.3,,,,,,11.55663527,,191,302.4,193,304,25.2,25.2,27.2,27.2,,,0,
underway_1200.29748962,29748962,200809020,2008-11-24T11:20:00,20081124112000,MULTIPOINT ((-44.9868 141.9671)),141.9671,-44.9868,249.5,,247.76367188,,11.9,,,,,,,1017.58,,,39.78034555,,,,1.1398,,,,,,,,,,,,,,,,,63.1,65.5,,,35.02799166,,9.2,9.2,,,,,,11.74307578,,191,303.3,192,304.1,27,27,29.1,29.1,,,0,
underway_1200.29749082,29749082,200809020,2008-11-24T11:40:00,20081124114000,MULTIPOINT ((-45.01 141.8768)),141.8768,-45.01,251.4,,248.23608398,,12.4,,,,,,,1017.89,,,39.52567964,,,,1.0824,,,,,,,,,,,,,,,,,68.3,69.2,,,34.98833015,,9.1,9.2,,,,,,11.51960738,,198,310.3,198,309.8,20,20,21.5,21.5,,,0,
underway_1200.29749202,29749202,200809020,2008-11-24T12:00:00,20081124120000,MULTIPOINT ((-45.0311 141.7854)),141.7854,-45.0311,253.3,,248.56567383,,12.6,,,,,,,1017.79,,,40.01643478,,,,1.968,,,,,,,,,,,,,,,,,61.7,64.7,,,35.05468233,,9,9.1,,,,,,11.96020833,,190,301.3,192,303.7,20.5,20.5,22.1,22.1,,,0,
underway_1200.29749322,29749322,200809020,2008-11-24T12:20:00,20081124122000,MULTIPOINT ((-45.0517 141.6949)),141.6949,-45.0517,251.1,,246.8572998,,12.3,,,,,,,1017.63,,,39.80111741,,,,1.4842,,,,,,,,,,,,,,,,,64.8,65,,,35.06662394,,8.8,8.8,,,,,,11.72381267,,203,315.9,201,314,17.1,17.1,18.3,18.3,,,0,
underway_1200.29749442,29749442,200809020,2008-11-24T12:40:00,20081124124000,MULTIPOINT ((-45.0725 141.6044)),141.6044,-45.0725,251.1,,247.82958984,,12.2,,,,,,,1017.88,,,39.90493935,,,,1.4268,,,,,,,,,,,,,,,,,61.6,64.8,,,34.98249836,,8.8,8.9,,,,,,11.92099978,,207,319.2,204,316.6,19.9,19.9,21.2,21.2,,,0,
underway_1200.29749562,29749562,200809020,2008-11-24T13:00:00,20081124130000,MULTIPOINT ((-45.0936 141.5156)),141.5156,-45.0936,252.1,,247.97790527,,11.7,,,,,,,1017.99,,,40.00659562,,,,1.4596,,,,,,,,,,,,,,,,,62.6,64.4,,,35.03903265,,8.8,8.8,,,,,,11.96660757,,186,298.4,189,301.3,19.3,19.3,21,21,,,0,
underway_1200.29749682,29749682,200809020,2008-11-24T13:20:00,20081124132000,MULTIPOINT ((-45.115 141.4255)),141.4255,-45.115,250.6,,246.41784668,,12.3,,,,,,,1018.21,,,39.75629603,,,,1.599,,,,,,,,,,,,,,,,,65.5,66.6,,,34.99829334,,8.8,8.8,,,,,,11.74949559,,195,308.6,196,309.4,19.5,19.5,20.9,20.9,,,0,
underway_1200.29749802,29749802,200809020,2008-11-24T13:40:00,20081124134000,MULTIPOINT ((-45.1361 141.3356)),141.3356,-45.1361,252.1,,247.50549316,,11.9,,,,,,,1018.41,,,39.49944638,,,,1.4924,,,,,,,,,,,,,,,,,67.4,68.8,,,34.97003157,,8.6,8.7,,,,,,11.51155515,,199,311.9,199,311.4,17,17,18.2,18.2,,,0,
underway_1200.29749922,29749922,200809020,2008-11-24T14:00:00,20081124140000,MULTIPOINT ((-45.1575 141.2473)),141.2473,-45.1575,251.2,,247.37915039,,12,,,,,,,1018.24,,,39.54753436,,,,1.3612,,,,,,,,,,,,,,,,,66.5,66.6,,,34.95661822,,8.4,8.5,,,,,,11.57594611,,202,314.4,200,313.1,20.6,20.6,22,22,,,0,
underway_1200.29750042,29750042,200809020,2008-11-24T14:20:00,20081124142000,MULTIPOINT ((-45.1796 141.158)),141.158,-45.1796,249.7,,246.9342041,,12.1,,,,,,,1018.29,,,38.42400614,,,,2.009,,,,,,,,,,,,,,,,,65.5,66.7,,,34.69777295,,8.3,8.3,,,,,,10.66800695,,217,329.5,213,326.2,18,18,19,19,,,0,
underway_1200.29750162,29750162,200809020,2008-11-24T14:40:00,20081124144000,MULTIPOINT ((-45.2015 141.0685)),141.0685,-45.2015,251.5,,248.01635742,,12.2,,,,,,,1018.2,,,38.50816507,,,,2.091,,,,,,,,,,,,,,,,,64.1,65.9,,,34.77786048,,8.3,8.3,,,,,,10.67289936,,205,317.1,204,315.5,19.5,19.5,20.7,20.7,,,0,
underway_1200.29750282,29750282,200809020,2008-11-24T15:00:00,20081124150000,MULTIPOINT ((-45.2236 140.9773)),140.9773,-45.2236,251.2,,247.68127441,,12.3,,,,,,,1018.74,,,38.52673483,,,,1.5826,,,,,,,,,,,,,,,,,65.9,67.2,,,34.71276227,,8.3,8.3,,,,,,10.76090175,,205,317.4,203,315.3,17.1,17.1,18.2,18.2,,,0,
underway_1200.29750402,29750402,200809020,2008-11-24T15:20:00,20081124152000,MULTIPOINT ((-45.2467 140.887)),140.887,-45.2467,250.7,,248.51623535,,11.8,,,,,,,1018.86,,,38.98137807,,,,1.5908,,,,,,,,,,,,,,,,,67.6,69.7,,,34.79012507,,8.4,8.5,,,,,,11.15873011,,193,304.5,194,305.9,18.4,18.4,19.9,19.9,,,0,
underway_1200.29750522,29750522,200809020,2008-11-24T15:40:00,20081124154000,MULTIPOINT ((-45.2703 140.7971)),140.7971,-45.2703,249.8,,247.89550781,,12.1,,,,,,,1018.8,,,38.54094419,,,,1.6974,,,,,,,,,,,,,,,,,67.1,68.5,,,34.73091086,,8.2,8.3,,,,,,10.75683011,,208,320.6,206,318.8,16.6,16.6,17.5,17.5,,,0,
underway_1200.29750642,29750642,200809020,2008-11-24T16:00:00,20081124160000,MULTIPOINT ((-45.2933 140.7081)),140.7081,-45.2933,249.5,,247.65380859,,12.1,,,,,,,1018.48,,,38.46444237,,,,1.1808,,,,,,,,,,,,,,,,,66.5,68.5,,,34.70822661,,8.2,8.3,,,,,,10.69980122,,200,312.2,199,311.7,17.7,17.7,19,19,,,0,
underway_1200.29750762,29750762,200809020,2008-11-24T16:20:00,20081124162000,MULTIPOINT ((-45.3159 140.6196)),140.6196,-45.3159,251,,247.10998535,,11.5,,,,,,,1019.04,,,38.5158171,,,,1.3776,,,,,,,,,,,,,,,,,66.8,67.5,,,34.79412381,,8.2,8.2,,,,,,10.66392967,,221,334.6,216,329.1,15.2,15.2,15.8,15.8,,,0,
underway_1200.29750882,29750882,200809020,2008-11-24T16:40:00,20081124164000,MULTIPOINT ((-45.3382 140.5322)),140.5322,-45.3382,249.5,,247.57141113,,12.1,,,,,,,1018.92,,,38.01528252,,,,2.0582,,,,,,,,,,,,,,,,,67.7,69.5,,,34.59770183,,8.1,8.2,,,,,,10.33939957,,200,312.6,200,312.4,16.8,16.8,18,18,,,0,
underway_1200.29751002,29751002,200809020,2008-11-24T17:00:00,20081124170000,MULTIPOINT ((-45.3613 140.4436)),140.4436,-45.3613,250.6,,248.18115234,,12.1,,,,,,,1019.09,,,38.12674772,,,,2.0992,,,,,,,,,,,,,,,,,67.2,69,,,34.60062996,,8,8.1,,,,,,10.45484098,,208,319.5,206,317.8,14.5,14.5,15.4,15.4,,,0,
underway_1200.29751122,29751122,200809020,2008-11-24T17:20:00,20081124172000,MULTIPOINT ((-45.3846 140.3548)),140.3548,-45.3846,248.6,,247.07702637,,11.5,,,,,,,1018.97,,,38.27318506,,,,1.9516,,,,,,,,,,,,,,,,,65.8,67.4,,,34.61019612,,7.9,8,,,,,,10.60029201,,205,317,203,315.6,13.8,13.8,14.7,14.7,,,0,
underway_1200.29751242,29751242,200809020,2008-11-24T17:40:00,20081124174000,MULTIPOINT ((-45.4081 140.2683)),140.2683,-45.4081,247.1,,246.8737793,,12.1,,,,,,,1019.03,,,38.24804988,,,,1.8286,,,,,,,,,,,,,,,,,66.8,67.9,,,34.60656825,,7.9,8,,,,,,10.57743298,,197,310.1,197,310.1,16.8,16.8,18,18,,,0,
underway_1200.29751362,29751362,200809020,2008-11-24T18:00:00,20081124180000,MULTIPOINT ((-45.4326 140.1813)),140.1813,-45.4326,247.4,,248.19213867,,11.9,,,,,,,1019.23,,,38.18138749,,,,1.8286,,,,,,,,,,,,,,,,,67.8,69,,,34.5982962,,7.8,7.9,,,,,,10.51534773,,220,332.5,216,327.7,11.6,11.6,12.1,12.1,,,0,
underway_1200.29751482,29751482,200809020,2008-11-24T18:20:00,20081124182000,MULTIPOINT ((-45.4571 140.0949)),140.0949,-45.4571,247.5,,248.60412598,,11.5,,,,,,,1019.35,,,38.1496967,,,,1.9352,,,,,,,,,,,,,,,,,69.3,70.6,,,34.6020429,,8,8.2,,,,,,10.47774185,,192,304.2,194,305.7,11.2,11.2,12.2,12.2,,,0,
underway_1200.29751602,29751602,200809020,2008-11-24T18:40:00,20081124184000,MULTIPOINT ((-45.4807 140.008)),140.008,-45.4807,248.3,,248.69750977,,11.9,,,,,,,1019.62,,,38.10379748,,,,1.845,,,,,,,,,,,,,,,,,70,71.3,,,34.58909119,,7.9,7.9,,,,,,10.44256943,,218,328.9,215,325.6,12.6,12.6,13.3,13.3,,,0,
underway_1200.29751722,29751722,200809020,2008-11-24T19:00:00,20081124190000,MULTIPOINT ((-45.5039 139.9217)),139.9217,-45.5039,248.6,,249.02709961,,11.6,,,,,,,1019.76,,,38.18575807,,,,1.9762,,,,,,,,,,,,,,,,,70.1,71.7,,,34.59338637,,7.8,7.9,,,,,,10.52515449,,218,328.5,213,324.3,13.5,13.5,14.2,14.2,,,0,
underway_1200.29751842,29751842,200809020,2008-11-24T19:20:00,20081124192000,MULTIPOINT ((-45.5273 139.8352)),139.8352,-45.5273,250.3,,249.97192383,,11.5,,,,,,,1020.07,,,38.50376817,,,,1.7712,,,,,,,,,,,,,,,,,70.1,71.9,,,34.58407628,,7.8,7.8,,,,,,10.87236868,,217,326.6,212,322.5,15.9,15.9,16.8,16.8,,,0,
underway_1200.29751962,29751962,200809020,2008-11-24T19:40:00,20081124194000,MULTIPOINT ((-45.5513 139.7478)),139.7478,-45.5513,247.9,,248.95019531,,11.5,,,,,,,1020.03,,,39.77817415,,,,1.6564,,,,,,,,,,,,,,,,,70.3,71.9,,,35.13460237,,7.8,7.9,,,,,,11.62821857,,208,319.1,206,317.5,13,13,13.8,13.8,,,0,
underway_1200.29752082,29752082,200809020,2008-11-24T20:00:00,20081124200000,MULTIPOINT ((-45.5776 139.6618)),139.6618,-45.5776,247.3,,248.25256348,,12.1,,,,,,,1019.95,,,38.61415495,,,,1.7466,,,,,,,,,,,,,,,,,72,73.2,,,34.65461929,,7.7,7.8,,,,,,10.91462892,,192,304.1,193,305.3,10.3,10.3,11.2,11.2,,,0,
underway_1200.29752202,29752202,200809020,2008-11-24T20:20:00,20081124202000,MULTIPOINT ((-45.6033 139.5764)),139.5764,-45.6033,248,,247.45056152,,12.1,,,,,,,1020.43,,,38.57700423,,,,1.558,,,,,,,,,,,,,,,,,73.4,73.6,,,34.70138601,,8,8.1,,,,,,10.8260144,,203,315.8,202,314.3,11.7,11.7,12.5,12.5,,,0,
underway_1200.29752322,29752322,200809020,2008-11-24T20:40:00,20081124204000,MULTIPOINT ((-45.6284 139.4897)),139.4897,-45.6284,248.3,,245.29724121,,11.8,,,,,,,1019.89,,,38.72564642,,,,1.5744,,,,,,,,,,,,,,,,,72.2,73.1,,,34.80484792,,7.8,7.9,,,,,,10.87399457,,217,331.3,212,327,16.6,16.6,17.5,17.5,,,0,
underway_1200.29752442,29752442,200809020,2008-11-24T21:00:00,20081124210000,MULTIPOINT ((-45.6534 139.4015)),139.4015,-45.6534,248.4,,245.06103516,,12.1,,,,,,,1020.24,,,38.52235911,,,,1.4596,,,,,,,,,,,,,,,,,73.9,74.1,,,34.67975932,,8,8,,,,,,10.7910242,,228,342.9,221,336,13.5,13.5,14,14,,,0,
underway_1200.29752562,29752562,200809020,2008-11-24T21:20:00,20081124212000,MULTIPOINT ((-45.6784 139.3147)),139.3147,-45.6784,247.8,,246.21459961,,11.5,,,,,,,1020.47,,,38.64913327,,,,1.0988,,,,,,,,,,,,,,,,,74,74.7,,,34.70734272,,7.8,8,,,,,,10.89594017,,201,314.5,199,313.1,14,14,15,15,,,0,
underway_1200.29752682,29752682,200809020,2008-11-24T21:40:00,20081124214000,MULTIPOINT ((-45.7043 139.2271)),139.2271,-45.7043,245.8,,245.63232422,,11.8,,,,,,,1020.54,,,38.9223704,,,,1.2054,,,,,,,,,,,,,,,,,74.8,75.2,,,34.85270119,,7.8,8,,,,,,11.03070774,,203,317,201,315.2,13.6,13.6,14.5,14.5,,,0,
underway_1200.29752802,29752802,200809020,2008-11-24T22:00:00,20081124220000,MULTIPOINT ((-45.7301 139.1406)),139.1406,-45.7301,246.6,,247.21435547,,12.1,,,,,,,1020.96,,,38.58684209,,,,1.0086,,,,,,,,,,,,,,,,,74.6,74.8,,,34.7182074,,7.8,8,,,,,,10.81869238,,205,317.3,204,316.2,11.5,11.5,12.2,12.2,,,0,
underway_1200.29752922,29752922,200809020,2008-11-24T22:20:00,20081124222000,MULTIPOINT ((-45.7558 139.056)),139.056,-45.7558,246.1,,245.61584473,,11.9,,,,,,,1020.85,,,38.28522327,,,,0.7052,,,,,,,,,,,,,,,,,75.1,75.4,,,34.74223268,,7.8,8,,,,,,10.47447078,,211,326,208,322.7,14.6,14.6,15.5,15.5,,,,
underway_1200.29753042,29753042,200809020,2008-11-24T22:40:00,20081124224000,MULTIPOINT ((-45.7815 138.9701)),138.9701,-45.7815,246.4,,246.24755859,,11.8,,,,,,,1020.9,,,38.10926755,,,,1.0168,,,,,,,,,,,,,,,,,76.9,77.1,,,34.63595735,,7.8,8,,,,,,10.39919196,,212,325.4,210,322.5,14.7,14.7,15.5,15.5,,,,
underway_1200.29753162,29753162,200809020,2008-11-24T23:00:00,20081124230000,MULTIPOINT ((-45.8074 138.8844)),138.8844,-45.8074,246.3,,246.45629883,,11.6,,,,,,,1021.09,,,38.13768243,,,,0.8692,,,,,,,,,,,,,,,,,76.6,75.4,,,34.65224717,,7.6,7.8,,,,,,10.41229,,213,327.3,209,323.7,12.7,12.7,13.4,13.4,,,,
underway_1200.29753282,29753282,200809020,2008-11-24T23:20:00,20081124232000,MULTIPOINT ((-45.8341 138.7994)),138.7994,-45.8341,245,,246.23657227,,11.9,,,,,,,1021.02,,,38.23494375,,,,0.7052,,,,,,,,,,,,,,,,,76.1,75.8,,,34.66486047,,7.6,7.8,,,,,,10.50226982,,208,322.1,206,319.6,12.5,12.5,13.3,13.3,,,,
underway_1200.29753402,29753402,200809020,2008-11-24T23:40:00,20081124234000,MULTIPOINT ((-45.8613 138.7144)),138.7144,-45.8613,245.9,,246.45080566,,11.6,,,,,,,1021.04,,,38.2819393,,,,0.7462,,,,,,,,,,,,,,,,,75.2,75.4,,,34.69988819,,7.5,7.7,,,,,,10.51534773,,208,322.3,205,319.4,13.6,13.6,14.4,14.4,,,,
underway_1200.29753522,29753522,200809020,2008-11-25T00:00:00,20081125000000,MULTIPOINT ((-45.8884 138.6266)),138.6266,-45.8884,247.7,,245.76416016,,12,2.43,-0.63,0.61,-2.52,,,1021.4,,,38.48192916,,,,0.8446,,,,,,,,,,,,,,,,,75.6,75.9,,,34.71884216,,7.7,7.8,,,,,,10.70713622,,222,336.3,216,330.4,13.5,13.5,14.1,14.1,,,,
underway_1200.29753642,29753642,200809020,2008-11-25T00:20:00,20081125002000,MULTIPOINT ((-45.9144 138.5371)),138.5371,-45.9144,248.2,,245.1159668,,12,2.01,-1.11,-0.45,-1.74,,,1021.1,,,38.53329959,,,,0.4756,,,,,,,,,,,,,,,,,75.2,75.5,,,34.7713047,,7.7,7.8,,,,,,10.70632126,,230,344.8,223,337.9,13.7,13.7,14.1,14.1,,,,
underway_1200.29753762,29753762,200809020,2008-11-25T00:40:00,20081125004000,MULTIPOINT ((-45.9391 138.4465)),138.4465,-45.9391,248.3,,247.03857422,,12.1,2.3,-0.98,1.52,-4.67,,,1021.2,,,38.5573417,,,,0.5986,,,,,,,,,,,,,,,,,74.9,75.4,,,34.76754693,,7.7,7.8,,,,,,10.73565361,,225,338,219,331.9,15.9,15.9,16.5,16.5,,,,
underway_1200.29753882,29753882,200809020,2008-11-25T01:00:00,20081125010000,MULTIPOINT ((-45.9625 138.3537)),138.3537,-45.9625,251.6,,246.96166992,,12.5,2.61,-1.56,-0.24,-2.22,,,1021,,,38.53220691,,,,0.4346,,,,,,,,,,,,,,,,,77.1,76,,,34.77253495,,7.8,8,,,,,,10.70387632,,219,332.4,215,328,12,12,12.7,12.7,,,,
underway_1200.29754002,29754002,200809020,2008-11-25T01:20:00,20081125012000,MULTIPOINT ((-45.9847 138.2612)),138.2612,-45.9847,252,,247.07702637,,12.5,2.25,-1.99,0.29,-2.94,,,1021.02,,,38.45133181,,,,0.5658,,,,,,,,,,,,,,,,,75.6,76,,,34.73460807,,7.6,7.7,,,,,,10.65822106,,226,338.5,220,333.4,15.3,15.3,15.9,15.9,,,,
underway_1200.29754122,29754122,200809020,2008-11-25T01:40:00,20081125014000,MULTIPOINT ((-46.0075 138.1677)),138.1677,-46.0075,250.2,,247.15393066,,12.4,1.93,-1,0.32,-2.53,,,1020.99,,,38.25680196,,,,0.5904,,,,,,,,,,,,,,,,,75.6,76.8,,,34.67994005,,7.6,7.8,,,,,,10.50962645,,214,326.9,211,323.6,13.9,13.9,14.7,14.7,,,,
underway_1200.29754242,29754242,200809020,2008-11-25T02:00:00,20081125020000,MULTIPOINT ((-46.0306 138.0734)),138.0734,-46.0306,251.7,,247.09350586,,12.7,2.53,-1.33,1.29,-4.9,,,1021,,,38.17593442,,,,0.4182,,,,,,,,,,,,,,,,,75.8,75.1,,,34.68239671,,7.6,8,,,,,,10.42129343,,211,323.9,209,321.2,10.9,10.9,11.7,11.7,,,,
underway_1200.29754362,29754362,200809020,2008-11-25T02:20:00,20081125022000,MULTIPOINT ((-46.0536 137.9802)),137.9802,-46.0536,249.8,,246.0333252,,11.9,1.12,-0.02,-1.08,-1.92,,,1020.94,,,38.05899891,,,,0.3362,,,,,,,,,,,,,,,,,75.7,76.1,,,34.63501112,,7.6,7.7,,,,,,10.34677412,,230,343.6,223,337.2,13.8,13.8,14.2,14.2,,,,
underway_1200.29754482,29754482,200809020,2008-11-25T02:40:00,20081125024000,MULTIPOINT ((-46.0768 137.8876)),137.8876,-46.0768,249.3,,246.91223145,,12,1.55,-0.7,1.52,-5.2,,,1021.01,,,38.16281611,,,,0.3198,,,,,,,,,,,,,,,,,75.9,75.9,,,34.64647644,,7.7,7.7,,,,,,10.44502392,,238,350.8,230,343.2,10.8,10.8,11.2,11.2,,,,
underway_1200.29754602,29754602,200809020,2008-11-25T03:00:00,20081125030000,MULTIPOINT ((-46.1003 137.7951)),137.7951,-46.1003,248.9,,246.45629883,,12.3,3.72,-2.92,-1.24,-1.72,,,1020.87,,,38.11363911,,,,0.2788,,,,,,,,,,,,,,,,,74.2,74.6,,,34.63882442,,7.7,7.8,,,,,,10.40082935,,229,342.7,222,335.7,10.2,10.2,10.6,10.6,,,,
underway_1200.29754722,29754722,200809020,2008-11-25T03:20:00,20081125032000,MULTIPOINT ((-46.1241 137.7033)),137.7033,-46.1241,247.7,,246.17614746,,12.1,1.76,-0.64,1.97,-5.03,,,1020.69,,,38.11363952,,,,0.2788,,,,,,,,,,,,,,,,,74.2,75,,,34.64194856,,7.8,7.8,,,,,,10.39755452,,234,348.1,226,339.9,11.9,11.9,12.2,12.2,,,,
underway_1200.29754842,29754842,200809020,2008-11-25T03:40:00,20081125034000,MULTIPOINT ((-46.1478 137.6105)),137.6105,-46.1478,249.1,,245.86853027,,12.3,1.5,-2.46,0.26,-2.68,,,1020.78,,,38.10161748,,,,0.2542,,,,,,,,,,,,,,,,,73.7,74.5,,,34.63211092,,7.8,7.8,,,,,,10.39509829,,231,344.5,224,337.5,13,13,13.4,13.4,,,,
underway_1200.29754962,29754962,200809020,2008-11-25T04:00:00,20081125040000,MULTIPOINT ((-46.1719 137.5176)),137.5176,-46.1719,249.9,,246.69799805,,12,2.74,-0.36,-0.24,-3.32,,,1020.79,,,37.59784766,,,,0.1148,,,,,,,,,,,,,,,,,74.7,75.3,,,34.60159693,,7.7,7.8,,,,,,9.8904819,,234,347.5,226,339.1,12.7,12.7,13.1,13.1,,,,
underway_1200.29755082,29755082,200809020,2008-11-25T04:20:00,20081125042000,MULTIPOINT ((-46.1966 137.4259)),137.4259,-46.1966,248.6,,247.02758789,,12.1,2.42,-1.37,2.3,-3.1,,,1021.11,,,37.46999084,,,,0.1312,,,,,,,,,,,,,,,,,75.3,75.3,,,34.54489518,,7.6,7.7,,,,,,9.81289031,,233,346.7,226,339.5,13.9,13.9,14.4,14.4,,,,
underway_1200.29755202,29755202,200809020,2008-11-25T04:40:00,20081125044000,MULTIPOINT ((-46.2225 137.3343)),137.3343,-46.2225,247.4,,245.37414551,,12.5,0.84,-0.34,1.28,-3.32,,,1020.67,,,37.46671204,,,,0.1394,,,,,,,,,,,,,,,,,75,75.3,,,34.53994188,,7.7,7.7,,,,,,9.81454213,,231,345.5,224,338.2,12.7,12.7,13.1,13.1,,,,
underway_1200.29755322,29755322,200809020,2008-11-25T05:00:00,20081125050000,MULTIPOINT ((-46.2464 137.2421)),137.2421,-46.2464,251.1,,250.70251465,,12.2,3.69,-2.75,1.39,-1.44,,,1020.44,,,38.09942856,,,,0.3116,,,,,,,,,,,,,,,,,75,75.5,,,34.6064864,,7.7,7.8,,,,,,10.41965653,,243,353.8,233,343.8,11.1,11.1,11.2,11.2,,,,
underway_1200.29755442,29755442,200809020,2008-11-25T05:20:00,20081125052000,MULTIPOINT ((-46.2686 137.1495)),137.1495,-46.2686,250.3,,248.96118164,,12.3,2.1,-1.25,2.39,-2.56,,,1020.42,,,38.13003964,,,,0.3362,,,,,,,,,,,,,,,,,75.1,75.8,,,34.70473261,,7.7,7.7,,,,,,10.34923213,,234,344.8,228,338.4,15,15,15.4,15.4,,,0,
underway_1200.29755562,29755562,200809020,2008-11-25T05:40:00,20081125054000,MULTIPOINT ((-46.2915 137.0576)),137.0576,-46.2915,248.2,,248.45581055,,12.2,1.39,-0.89,1.33,-2.24,,,1020.31,,,38.04698028,,,,0.2706,,,,,,,,,,,,,,,,,74.7,75.6,,,34.65098901,,7.7,7.7,,,,,,10.31727105,,236,348,229,341,11.5,11.5,11.7,11.7,,,0,
underway_1200.29755682,29755682,200809020,2008-11-25T06:00:00,20081125060000,MULTIPOINT ((-46.3147 136.9662)),136.9662,-46.3147,250.4,,249.50500488,,12.3,1.97,-1.22,0.24,-2.19,,,1020.09,,,38.08522948,,,,0.3526,,,,,,,,,,,,,,,,,75.2,75.7,,,34.66240278,,7.6,7.6,,,,,,10.34595477,,241,351.2,232,342.8,13.5,13.5,13.7,13.7,,,0,
underway_1200.29755802,29755802,200809020,2008-11-25T06:20:00,20081125062000,MULTIPOINT ((-46.3376 136.873)),136.873,-46.3376,249.9,,249.71923828,,12.3,1.59,-0.64,0.07,-2.42,,,1019.88,,,38.10708025,,,,0.3608,,,,,,,,,,,,,,,,,74.7,75.7,,,34.62281419,,7.5,7.6,,,,,,10.41065289,,239,348.9,231,341,13,13,13.4,13.4,,,0,
underway_1200.29755922,29755922,200809020,2008-11-25T06:40:00,20081125064000,MULTIPOINT ((-46.3602 136.7796)),136.7796,-46.3602,250.6,,249.75769043,,12.3,0.69,-0.84,0.24,-0.89,,,1020.02,,,38.16390398,,,,0.328,,,,,,,,,,,,,,,,,74.5,75.4,,,34.60862452,,7.4,7.5,,,,,,10.48591884,,247,357.6,239,348.8,11.7,11.7,11.8,11.8,,,0,
underway_1200.29756042,29756042,200809020,2008-11-25T07:00:00,20081125070000,MULTIPOINT ((-46.3829 136.6863)),136.6863,-46.3829,248.9,,248.8458252,,12.4,1.75,-0.94,1.96,-2.73,,,1019.78,,,38.1464276,,,,0.492,,,,,,,,,,,,,,,,,74.3,75.4,,,34.67360718,,7.4,7.5,,,,,,10.39919196,,219,329.9,215,325.8,9.3,9.3,9.8,9.8,,,0,
underway_1200.29756162,29756162,200809020,2008-11-25T07:20:00,20081125072000,MULTIPOINT ((-46.4064 136.5935)),136.5935,-46.4064,248.6,,247.79663086,,12.2,1.96,-0.38,0.66,-2.32,,,1019.55,,,38.22182739,,,,0.5822,,,,,,,,,,,,,,,,,75.3,75.7,,,34.64459685,,7.5,7.6,,,,,,10.50962645,,233,345.5,226,338.4,11,11,11.4,11.4,,,0,
underway_1200.29756282,29756282,200809020,2008-11-25T07:40:00,20081125074000,MULTIPOINT ((-46.4307 136.5018)),136.5018,-46.4307,249.6,,248.52722168,,12.3,2.21,-1.46,1.8,-3.39,,,1019.4,,,38.22511062,,,,0.615,,,,,,,,,,,,,,,,,75.1,75.7,,,34.68142251,,7.4,7.4,,,,,,10.47447078,,237,349.3,229,341,11.9,11.9,12.2,12.2,,,0,
underway_1200.29756402,29756402,200809020,2008-11-25T08:00:00,20081125080000,MULTIPOINT ((-46.4554 136.4088)),136.4088,-46.4554,249,,248.5546875,,12.2,1.89,-0.94,-0.13,-1.53,,,1019.74,,,38.14205227,,,,0.738,,,,,,,,,,,,,,,,,75.4,75.5,,,34.6418412,,7.4,7.4,,,,,,10.42784061,,242,353.1,232,343.1,12.9,12.9,13.1,13.1,,,0,
underway_1200.29756522,29756522,200809020,2008-11-25T08:20:00,20081125082000,MULTIPOINT ((-46.4802 136.3162)),136.3162,-46.4802,249.1,,248.52722168,,12.4,2.08,-0.83,-0.12,-1.12,,,1019.7,,,38.09287285,,,,0.6806,,,,,,,,,,,,,,,,,74.5,75.3,,,34.61466646,,7.4,7.4,,,,,,10.40410402,,232,344.1,225,336.6,10.9,10.9,11.2,11.2,,,0,
underway_1200.29756642,29756642,200809020,2008-11-25T08:40:00,20081125084000,MULTIPOINT ((-46.5049 136.224)),136.224,-46.5049,248.5,,248.39538574,,12.4,1.77,-1.21,1.73,-2.89,,,1019.44,,,38.10162011,,,,0.5002,,,,,,,,,,,,,,,,,72.8,73.7,,,34.65242815,,7.4,7.4,,,,,,10.37380719,,237,349,229,340.7,10.4,10.4,10.7,10.7,,,0,
underway_1200.29756762,29756762,200809020,2008-11-25T09:00:00,20081125090000,MULTIPOINT ((-46.5296 136.1312)),136.1312,-46.5296,248.2,,247.51098633,,12.5,2.53,-1.46,-0.18,-2,,,1019.33,,,38.07429433,,,,0.615,,,,,,,,,,,,,,,,,72.2,72.8,,,34.60677003,,7.4,7.5,,,,,,10.39264197,,231,343.7,224,336.5,10.4,10.4,10.8,10.8,,,0,
underway_1200.29756882,29756882,200809020,2008-11-25T09:20:00,20081125092000,MULTIPOINT ((-46.5546 136.0375)),136.0375,-46.5546,248.7,,248.65905762,,12.5,1.84,-0.79,1.83,-1.74,,,1019.29,,,38.23166347,,,,0.861,,,,,,,,,,,,,,,,,73.4,74,,,34.65064351,,7.4,7.4,,,,,,10.51371313,,227,339.4,221,333.6,9.2,9.2,9.6,9.6,,,0,
underway_1200.29757002,29757002,200809020,2008-11-25T09:40:00,20081125094000,MULTIPOINT ((-46.5797 135.9432)),135.9432,-46.5797,250,,247.60986328,,12.6,1.91,-1.04,-0.3,-2.18,,,1019.31,,,38.26444911,,,,0.8118,,,,,,,,,,,,,,,,,72.4,73.2,,,34.66041376,,7.3,7.4,,,,,,10.53822793,,237,349.3,229,341.3,9.3,9.3,9.6,9.6,,,0,
underway_1200.29757122,29757122,200809020,2008-11-25T10:00:00,20081125100000,MULTIPOINT ((-46.6038 135.8482)),135.8482,-46.6038,249.3,,247.19238281,,12.5,1.08,-0.79,-0.41,-2.31,,,1019.23,,,38.15843935,,,,0.9676,,,,,,,,,,,,,,,,,74,74.4,,,34.60387851,,7.4,7.5,,,,,,10.48510118,,237,350.1,230,342.4,9.6,9.6,9.9,9.9,,,0,
underway_1200.29757242,29757242,200809020,2008-11-25T10:20:00,20081125102000,MULTIPOINT ((-46.6298 135.7549)),135.7549,-46.6298,241.8,,239.82055664,,12.3,0.75,-0.5,0.36,-1.33,,,1019.4,,,38.12566786,,,,0.902,,,,,,,,,,,,,,,,,74,74.8,,,34.70029701,,7.3,7.3,,,,,,10.34923213,,222,342.6,216,336,10,10,10.4,10.4,,,0,
underway_1200.29757362,29757362,200809020,2008-11-25T10:40:00,20081125104000,MULTIPOINT ((-46.662 135.6657)),135.6657,-46.662,241.7,,240.53466797,,12.3,2.47,-1.5,-0.51,-1.63,,,1019.55,,,37.9038177,,,,0.984,,,,,,,,,,,,,,,,,73.3,74.6,,,34.58778979,,7.3,7.3,,,,,,10.23114603,,235,354.3,227,346.7,11.1,11.1,11.3,11.3,,,0,
underway_1200.29757482,29757482,200809020,2008-11-25T11:00:00,20081125110000,MULTIPOINT ((-46.6948 135.5779)),135.5779,-46.6948,241.6,,239.60632324,,12.6,1.15,-1.84,1.07,-1.84,,,1019.76,,,37.89398671,,,,0.8364,,,,,,,,,,,,,,,,,73.3,74.2,,,34.61858765,,7.3,7.3,,,,,,10.18845254,,238,358.5,231,351,10.1,10.1,10.1,10.1,,,0,
underway_1200.29757602,29757602,200809020,2008-11-25T11:20:00,20081125112000,MULTIPOINT ((-46.7295 135.4907)),135.4907,-46.7295,239.5,,238.20007324,,12.2,1.06,-0.2,0.59,-1.74,,,1019.63,,,38.02512275,,,,1.0824,,,,,,,,,,,,,,,,,73.9,74.3,,,34.63741261,,7.3,7.3,,,,,,10.30825362,,248,9.5,239,0.6,10.6,10.6,10.5,10.5,,,0,
underway_1200.29757722,29757722,200809020,2008-11-25T11:40:00,20081125114000,MULTIPOINT ((-46.7638 135.4043)),135.4043,-46.7638,239.2,,237.72216797,,12.4,1.61,-0.4,0,-1.94,,,1019.41,,,38.04477942,,,,1.0742,,,,,,,,,,,,,,,,,73.3,73.8,,,34.53326889,,7.3,7.3,,,,,,10.43847842,,232,354.9,225,347.2,9.4,9.4,9.5,9.5,,,0,
underway_1200.29757842,29757842,200809020,2008-11-25T12:00:00,20081125120000,MULTIPOINT ((-46.7983 135.318)),135.318,-46.7983,240.6,,239.37011719,,12.1,1.84,-1.56,0.72,-2.33,,,1019.3,,,38.1606294,,,,1.1152,,,,,,,,,,,,,,,,,74,74.4,,,34.63802528,,7.3,7.3,,,,,,10.45156879,,228,348.1,220,340.2,12.3,12.3,12.5,12.5,,,0,
underway_1200.29757962,29757962,200809020,2008-11-25T12:20:00,20081125122000,MULTIPOINT ((-46.8332 135.2314)),135.2314,-46.8332,239,,237.43652344,,12.7,2.36,-1.78,0.14,-2.04,,,1019.17,,,38.05571645,,,,1.1398,,,,,,,,,,,,,,,,,72.8,73.8,,,34.60355419,,7.2,7.2,,,,,,10.3762642,,233,354.3,225,346.4,9.2,9.2,9.3,9.3,,,0,
underway_1200.29758082,29758082,200809020,2008-11-25T12:40:00,20081125124000,MULTIPOINT ((-46.8681 135.1463)),135.1463,-46.8681,237.2,,237.55187988,,11.9,2.93,-2.05,-0.33,-2.02,,,1018.89,,,37.75192708,,,,0.7626,,,,,,,,,,,,,,,,,72.6,73.4,,,34.61698012,,7.2,7.2,,,,,,10.03881025,,240,2,231,353.4,11.4,11.4,11.5,11.5,,,4139.52,
underway_1200.29758202,29758202,200809020,2008-11-25T13:00:00,20081125130000,MULTIPOINT ((-46.9027 135.0633)),135.0633,-46.9027,237.5,,237.74414062,,11.9,1.29,-1.72,0.39,-2.46,,,1018.99,,,37.78579552,,,,0.7544,,,,,,,,,,,,,,,,,71.7,73,,,34.56178811,,7.2,7.2,,,,,,10.13258144,,243,5.2,234,356,9,9,9,9,,,3982.85,
underway_1200.29758322,29758322,200809020,2008-11-25T13:20:00,20081125132000,MULTIPOINT ((-46.9357 134.9789)),134.9789,-46.9357,241.9,,238.72741699,,11.9,1.8,-0.93,0.5,-1.01,,,1019,,,37.72678599,,,,0.7626,,,,,,,,,,,,,,,,,72.3,72.9,,,34.55663393,,7.2,7.2,,,,,,10.07501823,,244,5.2,234,355,9.5,9.5,9.6,9.6,,,4026.19,
underway_1200.29758442,29758442,200809020,2008-11-25T13:40:00,20081125134000,MULTIPOINT ((-46.9604 134.9124)),134.9124,-46.9604,241.1,,239.28771973,,9.9,1.84,-1.07,-0.82,-2.13,,,1018.88,,,37.71477331,,,,0.9266,,,,,,,,,,,,,,,,,72.3,73,,,34.61610822,,7.2,7.2,,,,,,10.00011185,,237,357.3,229,348.8,10.5,10.5,10.5,10.5,,,3998.21,
underway_1200.29758562,29758562,200809020,2008-11-25T14:00:00,20081125140000,MULTIPOINT ((-46.9934 134.8281)),134.8281,-46.9934,239.4,,238.20007324,,12.5,1.28,-0.58,-0.56,-1.65,,,1018.51,,,37.75301928,,,,0.9266,,,,,,,,,,,,,,,,,71.3,72.1,,,34.61257308,,7.1,7.1,,,,,,10.04457192,,230,352,222,344.4,12.3,12.3,12.5,12.5,,,4051.97,
underway_1200.29758682,29758682,200809020,2008-11-25T14:20:00,20081125142000,MULTIPOINT ((-47.0281 134.7416)),134.7416,-47.0281,240.2,,239.2767334,,12.2,1.66,-0.33,-0.6,-1.73,,,1018.37,,,37.76066564,,,,0.861,,,,,,,,,,,,,,,,,70.7,71.7,,,34.58964115,,7.1,7.1,,,,,,10.07666359,,240,0.5,231,352.1,13.5,13.5,13.5,13.5,,,4066.74,
underway_1200.29758802,29758802,200809020,2008-11-25T14:40:00,20081125144000,MULTIPOINT ((-47.0624 134.6554)),134.6554,-47.0624,238.6,,237.0904541,,12.3,0.57,-0.13,0.45,-2.03,,,1018.12,,,37.83168848,,,,0.984,,,,,,,,,,,,,,,,,71.5,72.1,,,34.53792688,,7.2,7.2,,,,,,10.2065185,,244,6.6,236,358.6,11.3,11.3,11.3,11.3,,,3990.3,
underway_1200.29758922,29758922,200809020,2008-11-25T15:00:00,20081125150000,MULTIPOINT ((-47.0971 134.569)),134.569,-47.0971,240.2,,239.40856934,,12.2,1.51,-1.16,-0.51,-2.01,,,1017.56,,,37.98140824,,,,1.066,,,,,,,,,,,,,,,,,71.9,72.6,,,34.61337845,,7.1,7.1,,,,,,10.28693488,,252,12.5,243,3.4,11.1,11.1,11,11,,,3979.78,
underway_1200.29759042,29759042,200809020,2008-11-25T15:20:00,20081125152000,MULTIPOINT ((-47.1316 134.4834)),134.4834,-47.1316,238.7,,239.30419922,,12.3,1.16,-0.42,0.54,-1.78,,,1017.54,,,37.93550567,,,,1.0086,,,,,,,,,,,,,,,,,72.4,72.9,,,34.56832243,,7,7,,,,,,10.28529469,,242,2,232,352.1,14.2,14.2,14.1,14.1,,,3979.16,
underway_1200.29759162,29759162,200809020,2008-11-25T15:40:00,20081125154000,MULTIPOINT ((-47.1658 134.3979)),134.3979,-47.1658,240.7,,240.41381836,,12.2,2.08,-1.77,-0.28,-1.96,,,1017.36,,,37.97376647,,,,1.0824,,,,,,,,,,,,,,,,,71.5,72.5,,,34.67308068,,7,6.9,,,,,,10.2163706,,238,356.8,227,346.5,11.5,11.5,11.6,11.6,,,4025.86,
underway_1200.29759282,29759282,200809020,2008-11-25T16:00:00,20081125160000,MULTIPOINT ((-47.1996 134.3119)),134.3119,-47.1996,239.6,,238.44726562,,12.2,0.87,-0.27,0.06,-1.78,,,1017.03,,,37.96938829,,,,1.0578,,,,,,,,,,,,,,,,,72.3,72.6,,,34.61839906,,7,7,,,,,,10.26889063,,213,335.3,209,330.4,11.2,11.2,11.8,11.8,,,4025.62,
underway_1200.29759402,29759402,200809020,2008-11-25T16:20:00,20081125162000,MULTIPOINT ((-47.2342 134.2265)),134.2265,-47.2342,238.2,,238.359375,,12.1,1.64,-0.56,-0.36,-1.94,,,1016.89,,,38.06774198,,,,1.271,,,,,,,,,,,,,,,,,71.7,72.2,,,34.64075119,,7.1,7.1,,,,,,10.35005144,,236,357.3,227,348.5,9.7,9.7,9.8,9.8,,,4027.24,
underway_1200.29759522,29759522,200809020,2008-11-25T16:40:00,20081125164000,MULTIPOINT ((-47.2692 134.1415)),134.1415,-47.2692,238.3,,238.04077148,,12,1.29,-1.24,-0.24,-1.13,,,1016.79,,,38.27647206,,,,1.1808,,,,,,,,,,,,,,,,,72,72.3,,,34.67566897,,7.1,7.1,,,,,,10.53495981,,234,356.3,225,347.2,10.5,10.5,10.7,10.7,,,4000.15,
underway_1200.29759642,29759642,200809020,2008-11-25T17:00:00,20081125170000,MULTIPOINT ((-47.3043 134.0558)),134.0558,-47.3043,238.6,,239.54589844,,12,1.4,-1.13,0.08,-2.15,,,1016.4,,,38.39121661,,,,1.763,,,,,,,,,,,,,,,,,71.3,72.3,,,34.66243517,,7,7,,,,,,10.6704532,,244,4.2,235,355.3,14.2,14.2,14.1,14.1,,,4085.76,
underway_1200.29759762,29759762,200809020,2008-11-25T17:20:00,20081125172000,MULTIPOINT ((-47.3392 133.9707)),133.9707,-47.3392,238.5,,238.69995117,,12.2,1.85,-1.86,0.19,-2.01,,,1016.41,,,38.51798217,,,,1.6236,,,,,,,,,,,,,,,,,72.2,72.5,,,34.63756353,,6.9,6.9,,,,,,10.83089531,,251,13.3,245,6.4,9.7,9.7,9.6,9.6,,,4065.77,
underway_1200.29759882,29759882,200809020,2008-11-25T17:40:00,20081125174000,MULTIPOINT ((-47.3738 133.8839)),133.8839,-47.3738,241,,240.7434082,,12.6,2.03,-2.11,-0.38,-1.62,,,1016.13,,,38.43602003,,,,1.4268,,,,,,,,,,,,,,,,,72.8,73.6,,,34.642491,,6.8,6.8,,,,,,10.73891197,,234,353.1,224,343.4,11.8,11.8,12,12,,,4058.11,
underway_1200.29760002,29760002,200809020,2008-11-25T18:00:00,20081125180000,MULTIPOINT ((-47.4077 133.7962)),133.7962,-47.4077,240.8,,240.71044922,,12.3,2.02,-1.57,-0.27,-1.59,,,1016.08,,,38.39230531,,,,1.2956,,,,,,,,,,,,,,,,,73.3,73.8,,,34.63101515,,6.9,6.9,,,,,,10.70469131,,240,359.1,230,349.2,11.5,11.5,11.5,11.5,,,4130.3,
underway_1200.29760122,29760122,200809020,2008-11-25T18:20:00,20081125182000,MULTIPOINT ((-47.4412 133.709)),133.709,-47.4412,240.4,,240.44677734,,12.3,2.58,-0.28,-0.01,-1.27,,,1016,,,38.37919423,,,,1.2136,,,,,,,,,,,,,,,,,72.2,72.8,,,34.65265709,,6.7,6.7,,,,,,10.66800695,,233,352.9,225,344.9,11.8,11.8,11.9,11.9,,,4111.87,
underway_1200.29760242,29760242,200809020,2008-11-25T18:40:00,20081125184000,MULTIPOINT ((-47.4743 133.6218)),133.6218,-47.4743,240.8,,241.18835449,,11.9,2.13,-2.32,-0.14,-1.26,,,1015.96,,,38.22400457,,,,1.066,,,,,,,,,,,,,,,,,72.3,72.2,,,34.57999003,,6.7,6.7,,,,,,10.57988253,,230,348.4,221,340.1,10.2,10.2,10.5,10.5,,,3974.17,
underway_1200.29760362,29760362,200809020,2008-11-25T19:00:00,20081125190000,MULTIPOINT ((-47.5081 133.5347)),133.5347,-47.5081,239.7,,240.51818848,,12.1,1.45,-0.96,0.6,-1.43,,,1015.82,,,38.36828172,,,,0.9594,,,,,,,,,,,,,,,,,71.8,72.8,,,34.77309809,,6.6,6.6,,,,,,10.53005733,,239,358,228,346.9,12.6,12.6,12.5,12.5,,,4024.32,
underway_1200.29760482,29760482,200809020,2008-11-25T19:20:00,20081125192000,MULTIPOINT ((-47.5411 133.4468)),133.4468,-47.5411,242.8,,241.72668457,,12.3,1.23,-0.39,0.84,-2.35,,,1015.72,,,37.46670832,,,,0.5412,,,,,,,,,,,,,,,,,72.4,72.2,,,34.51063061,,6.5,6.5,,,,,,9.84509352,,260,18.7,252,10.2,12,12,11.7,11.7,,,3999.79,
underway_1200.29760602,29760602,200809020,2008-11-25T19:40:00,20081125194000,MULTIPOINT ((-47.5737 133.3579)),133.3579,-47.5737,241.5,,240.02380371,,11.9,1.98,-1.26,0.03,-2,,,1015.65,,,37.56396265,,,,0.492,,,,,,,,,,,,,,,,,71.8,72.2,,,34.52179615,,6.6,6.6,,,,,,9.93748821,,250,9.9,242,1.9,9.5,9.5,9.4,9.4,,,4227.07,
underway_1200.29760722,29760722,200809020,2008-11-25T20:00:00,20081125200000,MULTIPOINT ((-47.6176 133.2847)),133.2847,-47.6176,222.1,,219.62219238,,12.1,1.33,-0.6,-0.65,-1.34,,,1015.43,,,37.55741364,,,,0.4264,,,,,,,,,,,,,,,,,71.9,73,,,34.57993654,,6.5,6.5,,,,,,9.86985465,,216,356.5,206,346.5,12.7,12.7,12.8,12.8,,,4018.74,
underway_1200.29760842,29760842,200809020,2008-11-25T20:20:00,20081125202000,MULTIPOINT ((-47.6665 133.2163)),133.2163,-47.6665,223.2,,220.5670166,,12.4,2.34,-1.36,-0.15,-1.8,,,1015.39,,,37.48419128,,,,0.4264,,,,,,,,,,,,,,,,,71.9,72.7,,,34.50562546,,6.5,6.5,,,,,,9.86902942,,220,359.1,210,349,13.8,13.8,13.9,13.9,,,4001.91,
underway_1200.29760962,29760962,200809020,2008-11-25T20:40:00,20081125204000,MULTIPOINT ((-47.7146 133.1481)),133.1481,-47.7146,222.8,,220.17700195,,12,1.79,-1.04,0.13,-1.54,,,1015.53,,,37.72023416,,,,0.5412,,,,,,,,,,,,,,,,,70.8,71.8,,,34.59327222,,6.4,6.4,,,,,,10.02975519,,227,6.6,218,357.9,11.1,11.1,11.1,11.1,,,3970.56,
underway_1200.29761082,29761082,200809020,2008-11-25T21:00:00,20081125210000,MULTIPOINT ((-47.7622 133.0805)),133.0805,-47.7622,223,,220.61096191,,11.5,1.32,-1.14,0.75,-2.79,,,1015.36,,,37.1760475,,,,0.3444,,,,,,,,,,,,,,,,,70.6,71.5,,,34.50464732,,6.4,6.4,,,,,,9.53977695,,222,1.1,215,353.6,8.8,8.8,8.8,8.8,,,3915.26,
underway_1200.29761202,29761202,200809020,2008-11-25T21:20:00,20081125212000,MULTIPOINT ((-47.8108 133.0133)),133.0133,-47.8108,221.2,,220.03417969,,11.6,1.6,-0.34,-0.06,-1.85,,,1015.3,,,37.18587769,,,,0.2788,,,,,,,,,,,,,,,,,71,71.2,,,34.47251772,,6.4,6.4,,,,,,9.58371616,,226,5.5,215,354.6,8.1,8.1,8.1,8.1,,,4136.45,
underway_1200.29761322,29761322,200809020,2008-11-25T21:40:00,20081125214000,MULTIPOINT ((-47.8607 132.9466)),132.9466,-47.8607,221.5,,220.25390625,,12,1.16,-0.76,-0.38,-1.17,,,1015.46,,,37.38366563,,,,0.4592,,,,,,,,,,,,,,,,,69,70.1,,,34.54189116,,6.4,6.4,,,,,,9.72363092,,220,359.3,210,350.1,11.7,11.7,11.8,11.8,,,3975.17,
underway_1200.29761442,29761442,200809020,2008-11-25T22:00:00,20081125220000,MULTIPOINT ((-47.9112 132.8794)),132.8794,-47.9112,221.9,,221.28112793,,12.1,0.88,-0.11,-0.06,-1.68,,,1015.16,,,37.35634848,,,,0.3362,,,,,,,,,,,,,,,,,69.5,70,,,34.5471759,,6.4,6.4,,,,,,9.68888664,,226,4.9,217,356.4,12.1,12.1,12.2,12.2,,,4064.26,
underway_1200.29761562,29761562,200809020,2008-11-25T22:20:00,20081125222000,MULTIPOINT ((-47.9611 132.8123)),132.8123,-47.9611,223,,221.29760742,,12,0.99,-0.77,0.18,-2.72,,,1015.17,,,37.33667945,,,,0.3198,,,,,,,,,,,,,,,,,69,70,,,34.54522303,,6.4,6.4,,,,,,9.66985232,,230,8.2,219,357.4,8.2,8.2,8.1,8.1,,,4025.83,
underway_1200.29761682,29761682,200809020,2008-11-25T22:40:00,20081125224000,MULTIPOINT ((-48.0078 132.7486)),132.7486,-48.0078,219.9,,220.55053711,,6.1,1.84,-0.53,-1.14,-1.56,,,1015.24,,,37.4077076,,,,0.246,,,,,,,,,,,,,,,,,69,69.8,,,34.55947935,,6.5,6.6,,,,,,9.73107377,,179,317.3,178,316.3,2.1,2.1,2.3,2.3,,,3922.91,
underway_1200.29761802,29761802,200809020,2008-11-25T23:00:00,20081125230000,MULTIPOINT ((-48.0556 132.6827)),132.6827,-48.0556,222.8,,220.51208496,,15.9,1.49,-0.57,-0.25,-1.85,,,1015.1,,,37.333402,,,,0.2214,,,,,,,,,,,,,,,,,68.6,69.6,,,34.55060807,,6.5,6.5,,,,,,9.66074704,,226,5.3,216,355.3,15.8,15.8,15.8,15.8,,,4008.74,
underway_1200.29761922,29761922,200809020,2008-11-25T23:20:00,20081125232000,MULTIPOINT ((-48.1204 132.5946)),132.5946,-48.1204,221.3,,220.12756348,,15.8,1.15,-1.37,-1.03,-2.39,,,1014.87,,,37.16949032,,,,0.1886,,,,,,,,,,,,,,,,,69.4,69.6,,,34.49627193,,6.4,6.5,,,,,,9.54143556,,229,8.2,219,358.3,14.5,14.5,14.4,14.4,,,4056.58,
underway_1200.29762042,29762042,200809020,2008-11-25T23:40:00,20081125234000,MULTIPOINT ((-48.1863 132.5069)),132.5069,-48.1863,221.2,,221.33056641,,16,1.9,-0.63,-0.78,-1.75,,,1014.63,,,37.27329863,,,,0.1804,,,,,,,,,,,,,,,,,68.3,69.1,,,34.51412798,,6.4,6.4,,,,,,9.63425184,,227,5.7,219,358,13.5,13.5,13.4,13.4,,,3936.77,
underway_1200.29762162,29762162,200809020,2008-11-26T00:00:00,20081126000000,MULTIPOINT ((-48.2518 132.4206)),132.4206,-48.2518,221.5,,219.92431641,,15.7,,,,,,,1014.49,,,37.22632775,,,,0.164,,,,,,,,,,,,,,,,,67.4,68.6,,,34.635217,,6.4,6.4,,,,,,9.45845438,,230,9.7,222,1.3,14.9,14.9,14.7,14.7,,,3927.55,
underway_1200.29762282,29762282,200809020,2008-11-26T00:20:00,20081126002000,MULTIPOINT ((-48.3174 132.3342)),132.3342,-48.3174,221.5,,221.32507324,,15.2,,,,,,,1014.41,,,37.235054,,,,0.1394,,,,,,,,,,,,,,,,,67.6,68.5,,,34.51292508,,6.5,6.5,,,,,,9.59448928,,229,7.5,219,358,11,11,11,11,,,3919.87,
underway_1200.29762402,29762402,200809020,2008-11-26T00:40:00,20081126004000,MULTIPOINT ((-48.3831 132.2491)),132.2491,-48.3831,220.7,,220.70983887,,15.4,,,,,,,1014.19,,,37.04820398,,,,0.164,,,,,,,,,,,,,,,,,69,69.7,,,34.50755504,,6.5,6.5,,,,,,9.39947485,,224,2.7,214,352.9,11.7,11.7,11.6,11.6,,,3883.82,
underway_1200.29762522,29762522,200809020,2008-11-26T01:00:00,20081126010000,MULTIPOINT ((-48.4486 132.1657)),132.1657,-48.4486,220.6,,220.88012695,,15.4,,,,,,,1014.14,,,37.11922934,,,,0.1722,,,,,,,,,,,,,,,,,67.2,68.5,,,34.51704218,,6.5,6.5,,,,,,9.46592693,,232,10.7,222,1.5,13.9,13.9,13.8,13.8,,,3851.08,
underway_1200.29762642,29762642,200809020,2008-11-26T01:20:00,20081126012000,MULTIPOINT ((-48.5116 132.0805)),132.0805,-48.5116,219.8,,220.7208252,,15.3,,,,,,,1013.95,,,37.17058665,,,,0.1476,,,,,,,,,,,,,,,,,67.2,68.1,,,34.52537836,,6.5,6.5,,,,,,9.51240392,,225,4.5,217,355.7,15.8,15.8,15.7,15.7,,,3918.23,
underway_1200.29762762,29762762,200809020,2008-11-26T01:40:00,20081126014000,MULTIPOINT ((-48.5771 131.9979)),131.9979,-48.5771,219.7,,220.5065918,,15.4,,,,,,,1013.56,,,36.72695035,,,,0.0902,,,,,,,,,,,,,,,,,66.5,67.6,,,34.40500221,,6.4,6.4,,,,,,9.15969581,,228,7.8,218,358.2,14.9,14.9,14.8,14.8,,,3846.82,
underway_1200.29762882,29762882,200809020,2008-11-26T02:00:00,20081126020000,MULTIPOINT ((-48.6429 131.9161)),131.9161,-48.6429,219.5,,220.33081055,,15.3,,,,,,,1013.64,,,36.51934627,,,,0.0328,,,,,,,,,,,,,,,,,65.9,66.9,,,34.36086205,,6.4,6.4,,,,,,8.98096422,,230,9.2,220,359.5,16.3,16.3,16.2,16.2,,,3797.46,
underway_1200.29763002,29763002,200809020,2008-11-26T02:20:00,20081126022000,MULTIPOINT ((-48.7083 131.8344)),131.8344,-48.7083,219.8,,220.80322266,,15.4,,,,,,,1013.52,,,36.68870053,,,,0.0328,,,,,,,,,,,,,,,,,66.5,67.3,,,34.34339641,,6.4,6.4,,,,,,9.1822119,,231,10.9,222,1.2,15.9,15.9,15.8,15.8,,,3690.58,
underway_1200.29763122,29763122,200809020,2008-11-26T02:40:00,20081126024000,MULTIPOINT ((-48.7744 131.7507)),131.7507,-48.7744,220.2,,220.93505859,,15.3,,,,,,,1013.29,,,36.68215732,,,,0.0082,,,,,,,,,,,,,,,,,65.8,66.5,,,34.4454402,,6.5,6.5,,,,,,9.069555,,227,6.8,217,356.9,16,16,16,16,,,3678.18,
underway_1200.29763242,29763242,200809020,2008-11-26T03:00:00,20081126030000,MULTIPOINT ((-48.8407 131.6662)),131.6662,-48.8407,219.3,,219.7869873,,15.6,,,,,,,1012.97,,,36.24181793,,,,-0.041,,,,,,,,,,,,,,,,,66.4,66.8,,,34.28524865,,6.5,6.5,,,,,,8.75812873,,235,15.2,228,7.9,15.5,15.5,15.2,15.2,,,3717.12,
underway_1200.29763362,29763362,200809020,2008-11-26T03:20:00,20081126032000,MULTIPOINT ((-48.9071 131.5823)),131.5823,-48.9071,220,,220.87463379,,15.5,,,,,,,1012.77,,,36.34453857,,,,-0.0492,,,,,,,,,,,,,,,,,66.3,67,,,34.43097343,,6.5,6.6,,,,,,8.71951712,,233,12.4,224,3.5,15.6,15.6,15.3,15.3,,,3817.96,
underway_1200.29763482,29763482,200809020,2008-11-26T03:40:00,20081126034000,MULTIPOINT ((-48.9731 131.4982)),131.4982,-48.9731,220.6,,220.82519531,,15.6,,,,,,,1012.55,,,36.4734514,,,,-0.0082,,,,,,,,,,,,,,,,,68.1,68.2,,,34.31765196,,6.5,6.6,,,,,,8.97594611,,226,4.6,217,356.2,16.3,16.3,16.2,16.2,,,3742.52,
underway_1200.29763602,29763602,200809020,2008-11-26T04:00:00,20081126040000,MULTIPOINT ((-49.0387 131.4133)),131.4133,-49.0387,219.8,,221.20422363,,15.4,,,,,,,1012.37,,,36.27569145,,,,0.0082,,,,,,,,,,,,,,,,,68.7,69.3,,,34.31439888,,6.4,6.3,,,,,,8.7648415,,230,9,221,0.3,15.1,15.1,14.9,14.9,,,3731.31,
underway_1200.29763722,29763722,200809020,2008-11-26T04:20:00,20081126042000,MULTIPOINT ((-49.1046 131.3268)),131.3268,-49.1046,221.2,,219.88037109,,15.6,,,,,,,1012.2,,,35.99927258,,,,-0.0328,,,,,,,,,,,,,,,,,70.1,70.1,,,34.31583707,,6.4,6.4,,,,,,8.46293365,,224,3.4,214,354.2,13.6,13.6,13.6,13.6,,,3941.84,
underway_1200.29763842,29763842,200809020,2008-11-26T04:40:00,20081126044000,MULTIPOINT ((-49.1688 131.2373)),131.2373,-49.1688,223.3,,220.28686523,,15.6,,,,,,,1011.82,,,35.95883881,,,,-0.041,,,,,,,,,,,,,,,,,70.6,70.1,,,34.23608572,,6.5,6.5,,,,,,8.50085291,,236,15.3,227,6.4,13.5,13.5,13.2,13.2,,,3784.82,
underway_1200.29763962,29763962,200809020,2008-11-26T05:00:00,20081126050000,MULTIPOINT ((-49.2343 131.1481)),131.1481,-49.2343,221.3,,220.11657715,,15.9,,,,,,,1011.54,,,36.30410207,,,,-0.0492,,,,,,,,,,,,,,,,,67.4,67.9,,,34.34267828,,6.6,6.8,,,,,,8.76651958,,239,18.8,234,13.3,13.8,13.8,13.5,13.5,,,3734.02,
underway_1200.29764082,29764082,200809020,2008-11-26T05:20:00,20081126052000,MULTIPOINT ((-49.3003 131.0598)),131.0598,-49.3003,220.5,,219.11682129,,15.9,,,,,,,1011.18,,,36.48111144,,,,-0.0164,,,,,,,,,,,,,,,,,66.6,67.3,,,34.41405162,,6.9,6.9,,,,,,8.88471752,,242,23.2,237,18.2,16.7,16.7,16.1,16.1,,,3835.48,
underway_1200.29764202,29764202,200809020,2008-11-26T05:40:00,20081126054000,MULTIPOINT ((-49.3662 130.9738)),130.9738,-49.3662,220.6,,220.18798828,,15.4,,,,,,,1010.91,,,36.22105582,,,,-0.0164,,,,,,,,,,,,,,,,,67.8,67.5,,,34.25933116,,6.9,7,,,,,,8.76232429,,246,26.6,241,22,14,14,13.5,13.5,,,3482.11,
underway_1200.29764322,29764322,200809020,2008-11-26T06:00:00,20081126060000,MULTIPOINT ((-49.4309 130.8879)),130.8879,-49.4309,220.3,,219.72106934,,15.5,,,,,,,1010.7,,,36.04734209,,,,-0.0246,,,,,,,,,,,,,,,,,64.1,65.1,,,34.29295047,,7,7.1,,,,,,8.53875042,,242,21.8,236,15.4,17.1,17.1,16.5,16.5,,,3796.69,
underway_1200.29764442,29764442,200809020,2008-11-26T06:20:00,20081126062000,MULTIPOINT ((-49.4962 130.8026)),130.8026,-49.4962,221.4,,220.24291992,,15.3,,,,,,,1010.42,,,36.31830782,,,,0.123,,,,,,,,,,,,,,,,,67,66.9,,,34.36007767,,7,7.1,,,,,,8.76400244,,236,15.7,228,7.3,18.2,18.2,17.8,17.8,,,3675.65,
underway_1200.29764562,29764562,200809020,2008-11-26T06:40:00,20081126064000,MULTIPOINT ((-49.5609 130.7163)),130.7163,-49.5609,221.2,,220.05615234,,15.5,,,,,,,1010.17,,,36.26475564,,,,0.1148,,,,,,,,,,,,,,,,,66,66.9,,,34.23227721,,7.2,7.3,,,,,,8.83779891,,244,25,240,20.2,19.1,19.1,18.3,18.3,,,3600.38,
underway_1200.29764682,29764682,200809020,2008-11-26T07:00:00,20081126070000,MULTIPOINT ((-49.6263 130.6297)),130.6297,-49.6263,220.9,,220.33630371,,15.2,,,,,,,1009.96,,,36.71164759,,,,0.328,,,,,,,,,,,,,,,,,67.1,67.8,,,34.35765973,,7.1,7.1,,,,,,9.1922166,,228,7.4,219,358.7,20.3,20.3,20.2,20.2,,,3560.96,
underway_1200.29764802,29764802,200809020,2008-11-26T07:20:00,20081126072000,MULTIPOINT ((-49.6915 130.5453)),130.5453,-49.6915,219.7,,219.90783691,,15.1,,,,,,,1009.93,,,36.87117862,,,,0.2214,,,,,,,,,,,,,,,,,65.7,67.1,,,34.39758354,,7,7,,,,,,9.32297278,,229,8.9,220,359.6,20.6,20.6,20.4,20.4,,,3614.21,
underway_1200.29764922,29764922,200809020,2008-11-26T07:40:00,20081126074000,MULTIPOINT ((-49.7561 130.4617)),130.4617,-49.7561,219.6,,219.02893066,,15.1,,,,,,,1009.68,,,36.72037996,,,,0.1312,,,,,,,,,,,,,,,,,69.3,69.5,,,34.28734268,,6.8,6.8,,,,,,9.27469792,,227,8.4,218,359,20.3,20.3,20,20,,,3559.14,
underway_1200.29765042,29765042,200809020,2008-11-26T08:00:00,20081126080000,MULTIPOINT ((-49.8205 130.3784)),130.3784,-49.8205,221,,220.1385498,,15.1,,,,,,,1009.5,,,36.50732789,,,,0.082,,,,,,,,,,,,,,,,,67.8,69,,,34.36365432,,6.8,6.8,,,,,,8.96507223,,234,13.7,226,6.4,20.3,20.3,19.9,19.9,,,3583.14,
underway_1200.29765162,29765162,200809020,2008-11-26T08:20:00,20081126082000,MULTIPOINT ((-49.8855 130.2951)),130.2951,-49.8855,220.1,,219.62219238,,15.3,,,,,,,1009.46,,,36.7050984,,,,0.1804,,,,,,,,,,,,,,,,,68.6,69.2,,,34.41123168,,6.8,6.8,,,,,,9.12966248,,237,17.7,231,11.1,20.5,20.5,20,20,,,3483.39,
underway_1200.29765282,29765282,200809020,2008-11-26T08:40:00,20081126084000,MULTIPOINT ((-49.9513 130.2122)),130.2122,-49.9513,219.2,,218.83666992,,15.5,,,,,,,1009.05,,,36.72257506,,,,0.1968,,,,,,,,,,,,,,,,,67.7,69,,,34.36663253,,6.7,6.7,,,,,,9.19471754,,235,16.4,228,9.1,20.3,20.3,19.8,19.8,,,3520.17,
underway_1200.29765402,29765402,200809020,2008-11-26T09:00:00,20081126085959,MULTIPOINT ((-50.0173 130.128)),130.128,-50.0173,219.1,,219.46289062,,15.3,,,,,,,1009.05,,,36.47236748,,,,0.123,,,,,,,,,,,,,,,,,68.9,68.9,,,34.38862287,,6.7,6.7,,,,,,8.90146612,,240,19.9,233,13.1,22.2,22.2,21.5,21.5,,,3497.48,
underway_1200.29765522,29765522,200809020,2008-11-26T09:20:00,20081126092000,MULTIPOINT ((-50.0835 130.0433)),130.0433,-50.0835,220,,219.61669922,,15.5,,,,,,,1009.01,,,36.41335838,,,,0.2132,,,,,,,,,,,,,,,,,73.6,72.4,,,34.31860122,,6.6,6.7,,,,,,8.90983883,,234,14.6,226,6,24.4,24.4,23.9,23.9,,,3500.54,
underway_1200.29765642,29765642,200809020,2008-11-26T09:40:00,20081126094000,MULTIPOINT ((-50.1496 129.9581)),129.9581,-50.1496,219,,218.5949707,,15.5,,,,,,,1009.03,,,36.51169999,,,,0.3034,,,,,,,,,,,,,,,,,74,74.5,,,34.37714624,,6.5,6.5,,,,,,8.95586986,,238,19.1,231,12.7,24.2,24.2,23.5,23.5,,,3440.64,
underway_1200.29765762,29765762,200809020,2008-11-26T10:00:00,20081126100000,MULTIPOINT ((-50.2165 129.8728)),129.8728,-50.2165,218.4,,218.83666992,,15.6,,,,,,,1008.93,,,36.38496366,,,,0.205,,,,,,,,,,,,,,,,,72.2,73.8,,,34.42373731,,6.4,6.4,,,,,,8.77071461,,241,22.5,235,16.5,24.1,24.1,23.2,23.2,,,3368.45,
underway_1200.29765882,29765882,200809020,2008-11-26T10:20:00,20081126102000,MULTIPOINT ((-50.2841 129.7866)),129.7866,-50.2841,219.5,,219.06738281,,15.7,,,,,,,1008.59,,,36.36857154,,,,0.2214,,,,,,,,,,,,,,,,,76.2,75.9,,,34.39750683,,6.4,6.5,,,,,,8.77994273,,238,19.5,232,13.3,26.1,26.1,25.2,25.2,,,3197.72,
underway_1200.29766002,29766002,200809020,2008-11-26T10:40:00,20081126104000,MULTIPOINT ((-50.3518 129.701)),129.701,-50.3518,218.1,,218.72131348,,15.5,,,,,,,1008.62,,,36.2429058,,,,0.246,,,,,,,,,,,,,,,,,77.3,77.5,,,34.24659791,,6.2,6.2,,,,,,8.79923374,,236,17.7,229,10.3,25.5,25.5,24.8,24.8,,,3184.13,
underway_1200.29766122,29766122,200809020,2008-11-26T11:00:00,20081126110000,MULTIPOINT ((-50.4193 129.6167)),129.6167,-50.4193,217.5,,218.54003906,,15.5,,,,,,,1008.52,,,36.16425487,,,,0.1886,,,,,,,,,,,,,,,,,79.3,78.9,,,34.36502802,,6.1,6.2,,,,,,8.59177046,,236,17.6,229,10.7,24.9,24.9,24.2,24.2,,,3376.13,
underway_1200.29766242,29766242,200809020,2008-11-26T11:20:00,20081126112000,MULTIPOINT ((-50.4872 129.5336)),129.5336,-50.4872,218.6,,219.73754883,,15.6,,,,,,,1008.29,,,35.84958554,,,,0.2214,,,,,,,,,,,,,,,,,76.6,77.1,,,34.23910896,,6.3,6.3,,,,,,8.37859062,,241,21.2,234,14.5,24.3,24.3,23.4,23.4,,,3416.06,
underway_1200.29766362,29766362,200809020,2008-11-26T11:40:00,20081126114000,MULTIPOINT ((-50.5562 129.4515)),129.4515,-50.5562,216,,218.6114502,,15.6,,,,,,,1008.39,,,35.6114308,,,,0.2132,,,,,,,,,,,,,,,,,77.2,77.3,,,34.35330228,,6.3,6.3,,,,,,8.00195125,,242,23.1,236,17.5,25.4,25.4,24.5,24.5,,,3495.94,
underway_1200.29766482,29766482,200809020,2008-11-26T12:00:00,20081126120000,MULTIPOINT ((-50.6245 129.3684)),129.3684,-50.6245,218.4,,218.78723145,,15.4,,,,,,,1007.99,,,35.32845514,,,,0.2132,,,,,,,,,,,,,,,,,76.8,77,,,34.15940874,,6.3,6.3,,,,,,7.88981376,,248,29.5,246,27.4,24.6,24.6,23.4,23.4,,,3423.74,
underway_1200.29766602,29766602,200809020,2008-11-26T12:20:00,20081126122000,MULTIPOINT ((-50.6923 129.2827)),129.2827,-50.6923,217.8,,218.8092041,,15.7,,,,,,,1007.81,,,35.66167778,,,,0.3116,,,,,,,,,,,,,,,,,82.4,81.1,,,34.28401285,,6.3,6.4,,,,,,8.12745453,,252,33.1,252,33.4,27,27,25.5,25.5,,,3497.47,
underway_1200.29766722,29766722,200809020,2008-11-26T12:40:00,20081126124000,MULTIPOINT ((-50.7611 129.1993)),129.1993,-50.7611,216.5,,218.4576416,,15.6,,,,,,,1007.56,,,34.91005639,,,,0.3608,,,,,,,,,,,,,,,,,86.2,85.5,,,34.19956936,,6.2,6.2,,,,,,7.38881204,,249,30.6,247,29,25.7,25.7,24.4,24.4,,,3551.23,
underway_1200.29766842,29766842,200809020,2008-11-26T13:00:00,20081126130000,MULTIPOINT ((-50.83 129.1179)),129.1179,-50.83,216.2,,219.47937012,,15.2,,,,,,,1007.42,,,34.51788936,,,,0.4428,,,,,,,,,,,,,,,,,85.3,85.8,,,34.19133931,,6,6,,,,,,6.96419929,,252,32.4,251,31.1,28.3,28.3,26.8,26.8,,,3626.32,
underway_1200.29766962,29766962,200809020,2008-11-26T13:20:00,20081126132000,MULTIPOINT ((-50.8997 129.0379)),129.0379,-50.8997,216.2,,218.81469727,,15.5,,,,,,,1007.26,,,33.7871299,,,,0.9922,,,,,,,,,,,,,,,,,82,83.2,,,34.15445211,,5.7,5.7,,,,,,6.18955503,,250,31.4,248,29.5,24,24,22.8,22.8,,,3558.21,
underway_1200.29767082,29767082,200809020,2008-11-26T13:40:00,20081126134000,MULTIPOINT ((-50.968 128.9534)),128.9534,-50.968,220.3,,219.58374023,,15.5,,,,,,,1006.71,,,33.11538386,,,,1.1562,,,,,,,,,,,,,,,,,87.2,85.5,,,33.83083664,,5.5,5.6,,,,,,5.75791192,,257,36.9,257,36.6,22.7,22.7,21.5,21.5,,,3403.78,
underway_1200.29767202,29767202,200809020,2008-11-26T14:00:00,20081126140000,MULTIPOINT ((-51.0353 128.864)),128.864,-51.0353,219.7,,219.40246582,,15.8,,,,,,,1006.65,,,33.54573435,,,,0.6396,,,,,,,,,,,,,,,,,89.2,87.2,,,34.06507178,,5.6,5.7,,,,,,6.00866682,,255,36,255,35.7,23.1,23.1,21.8,21.8,,,3610.97,
underway_1200.29767322,29767322,200809020,2008-11-26T14:20:00,20081126142000,MULTIPOINT ((-51.102 128.7753)),128.7753,-51.102,219.8,,218.67736816,,15.6,,,,,,,1006.31,,,33.49438465,,,,1.3448,,,,,,,,,,,,,,,,,86.9,86.4,,,33.92473434,,5.7,5.7,,,,,,6.09087171,,254,34.9,252,33.6,23.7,23.7,22.5,22.5,,,3514.04,
underway_1200.29767442,29767442,200809020,2008-11-26T14:40:00,20081126144000,MULTIPOINT ((-51.1596 128.6982)),128.6982,-51.1596,219,,218.06762695,,10.9,,,,,,,1006.18,,,33.75325093,,,,1.2464,,,,,,,,,,,,,,,,,89.1,87.5,,,33.98100906,,5.9,6,,,,,,6.32467397,,259,41.2,259,41.4,20.2,20.2,18.9,18.9,,,3319.3,
underway_1200.29767562,29767562,200809020,2008-11-26T15:00:00,20081126150000,MULTIPOINT ((-51.2187 128.6179)),128.6179,-51.2187,220.4,,218.09509277,,15.4,,,,,,,1005.91,,,33.97936282,,,,1.0988,,,,,,,,,,,,,,,,,88.7,87.8,,,34.08895715,,6,6,,,,,,6.46907159,,252,34.3,252,34,26,26,24.5,24.5,,,3610.91,
underway_1200.29767682,29767682,200809020,2008-11-26T15:20:00,20081126152000,MULTIPOINT ((-51.2837 128.5293)),128.5293,-51.2837,220.7,,218.56201172,,15.5,,,,,,,1005.56,,,33.88102668,,,,0.943,,,,,,,,,,,,,,,,,,90,,,33.80886711,,,6.1,,,,,,6.64088744,,249,30.3,246,27.6,27.3,27.3,26,26,,,3550.53,
underway_1200.29767802,29767802,200809020,2008-11-26T15:40:00,20081126154000,MULTIPOINT ((-51.3483 128.4415)),128.4415,-51.3483,220.1,,218.55651855,,15.3,,,,,,,1005.43,,,34.34201851,,,,0.861,,,,,,,,,,,,,,,,,,90.7,,,34.16507597,,,6.1,,,,,,6.79582734,,249,31,248,29.2,26,26,24.6,24.6,,,3515.41,
underway_1200.29767922,29767922,200809020,2008-11-26T16:00:00,20081126160000,MULTIPOINT ((-51.4132 128.3533)),128.3533,-51.4132,221,,219.45739746,,15.4,,,,,,,1005.26,,,34.22188024,,,,0.861,,,,,,,,,,,,,,,,,92.2,91.2,,,34.32513422,,6.1,6.1,,,,,,6.50294994,,252,32.2,250,30.9,26.2,26.2,24.8,24.8,,,3569.66,
underway_1200.29768042,29768042,200809020,2008-11-26T16:20:00,20081126161959,MULTIPOINT ((-51.4779 128.2658)),128.2658,-51.4779,219.4,,218.27087402,,15.1,,,,,,,1005.11,,,33.82535296,,,,0.738,,,,,,,,,,,,,,,,,92.5,91.8,,,34.09827279,,5.9,6,,,,,,6.28808881,,247,29,244,25.9,25.3,25.3,24.1,24.1,,,3621.89,
underway_1200.29768162,29768162,200809020,2008-11-26T16:40:00,20081126164000,MULTIPOINT ((-51.5421 128.1772)),128.1772,-51.5421,221,,217.58422852,,15.3,,,,,,,1004.68,,,32.64140726,,,,1.681,,,,,,,,,,,,,,,,,90.7,90.9,,,33.91179522,,5.9,5.9,,,,,,5.14182258,,246,28.2,243,25,28.4,28.4,27.2,27.2,,,3683.61,
underway_1200.29768282,29768282,200809020,2008-11-26T17:00:00,20081126170000,MULTIPOINT ((-51.6052 128.088)),128.088,-51.6052,223.4,,218.06762695,,15.1,,,,,,,1004.54,,,32.93953975,,,,1.1398,,,,,,,,,,,,,,,,,92.1,91.7,,,33.76015864,,6.1,6.1,,,,,,5.62952934,,243,24.5,238,20.1,29.9,29.9,28.7,28.7,,,3690.73,
underway_1200.29768402,29768402,200809020,2008-11-26T17:20:00,20081126172000,MULTIPOINT ((-51.6662 127.9966)),127.9966,-51.6662,222.6,,216.98547363,,15,,,,,,,1004.32,,,33.63090504,,,,0.5986,,,,,,,,,,,,,,,,,91.3,90.8,,,33.85038714,,6.2,6.2,,,,,,6.31857787,,246,28.7,243,25.7,33.3,33.3,31.7,31.7,,,3667.97,
underway_1200.29768522,29768522,200809020,2008-11-26T17:40:00,20081126174000,MULTIPOINT ((-51.7279 127.9063)),127.9063,-51.7279,222.4,,218.57299805,,15.1,,,,,,,1004.27,,,34.39773132,,,,0.3608,,,,,,,,,,,,,,,,,94.7,93.8,,,34.19645737,,5.6,5.6,,,,,,6.82607992,,234,15.9,228,9.2,29.9,29.9,29.1,29.1,,,3772.39,
underway_1200.29768642,29768642,200809020,2008-11-26T18:00:00,20081126180000,MULTIPOINT ((-51.7916 127.8189)),127.8189,-51.7916,218.7,,215.60119629,,15.1,,,,,,,1004.44,,,34.52771784,,,,0.3608,,,,,,,,,,,,,,,,,93.1,93.3,,,34.16700694,,5.2,5.2,,,,,,6.99954545,,225,9.7,218,2.2,30.2,30.2,29.7,29.7,,,3816.62,
underway_1200.29768762,29768762,200809020,2008-11-26T18:20:00,20081126182000,MULTIPOINT ((-51.8566 127.7333)),127.7333,-51.8566,219.8,,218.17199707,,15.1,,,,,,,1004.64,,,34.32672934,,,,0.3444,,,,,,,,,,,,,,,,,90,91,,,34.19649247,,4.8,4.8,,,,,,6.74739404,,228,9.7,220,1.6,29.1,29.1,28.6,28.6,,,3746.3,
underway_1200.29768882,29768882,200809020,2008-11-26T18:40:00,20081126184000,MULTIPOINT ((-51.9218 127.6441)),127.6441,-51.9218,220.3,,217.6776123,,15.2,,,,,,,1004.41,,,34.79645202,,,,0.328,,,,,,,,,,,,,,,,,90.4,90.4,,,34.24807331,,4.7,4.7,,,,,,7.21465855,,227,9.1,219,1.1,27.5,27.5,27.1,27.1,,,3888.79,
underway_1200.29769002,29769002,200809020,2008-11-26T19:00:00,20081126190000,MULTIPOINT ((-51.9877 127.5553)),127.5553,-51.9877,219.5,,217.8918457,,15.6,,,,,,,1004.59,,,34.73636648,,,,0.3526,,,,,,,,,,,,,,,,,89.2,90.2,,,34.21302486,,4.5,4.4,,,,,,7.1837258,,227,8.7,218,0.6,29.2,29.2,28.7,28.7,,,3770.85,
underway_1200.29769122,29769122,200809020,2008-11-26T19:20:00,20081126192000,MULTIPOINT ((-52.0544 127.4669)),127.4669,-52.0544,219.1,,218.2598877,,15.4,,,,,,,1004.96,,,34.94610555,,,,0.2706,,,,,,,,,,,,,,,,,91.4,90.2,,,34.1956473,,3.7,3.7,,,,,,7.43249227,,221,2.8,212,353.7,29.3,29.3,29.2,29.2,,,3995.14,
underway_1200.29769242,29769242,200809020,2008-11-26T19:40:00,20081126194000,MULTIPOINT ((-52.121 127.3793)),127.3793,-52.121,219,,218.94104004,,15,,,,,,,1004.78,,,35.09030834,,,,0.2542,,,,,,,,,,,,,,,,,90.4,91.1,,,34.2197197,,3,3.1,,,,,,7.56677656,,230,10.9,221,2.4,32.1,32.1,31.6,31.6,,,3901.44,
underway_1200.29769362,29769362,200809020,2008-11-26T20:00:00,20081126200000,MULTIPOINT ((-52.1875 127.2943)),127.2943,-52.1875,217.6,,219.30358887,,15.3,,,,,,,1005.12,,,35.07283414,,,,0.2214,,,,,,,,,,,,,,,,,80.4,85.3,,,34.26066981,,3.2,3.2,,,,,,7.5060833,,232,12.3,223,4.1,32.9,32.9,32.2,32.2,,,3781.63,
underway_1200.29769482,29769482,200809020,2008-11-26T20:20:00,20081126202000,MULTIPOINT ((-52.2535 127.207)),127.207,-52.2535,218.1,,219.70458984,,15.4,,,,,,,1005.1,,,34.94829406,,,,0.1722,,,,,,,,,,,,,,,,,81.1,81.5,,,34.22764661,,3.2,3.2,,,,,,7.40251878,,227,6.8,218,358.5,29.6,29.6,29.2,29.2,,,3949.06,
underway_1200.29769602,29769602,200809020,2008-11-26T20:40:00,20081126203959,MULTIPOINT ((-52.3203 127.1201)),127.1201,-52.3203,218,,220.45715332,,15.6,,,,,,,1005.43,,,34.76149573,,,,0.2378,,,,,,,,,,,,,,,,,76.8,79.3,,,34.25077162,,2.8,2.8,,,,,,7.17341164,,226,5.5,218,357.3,33.4,33.4,33,33,,,4078.08,
underway_1200.29769722,29769722,200809020,2008-11-26T21:00:00,20081126205959,MULTIPOINT ((-52.3892 127.0321)),127.0321,-52.3892,215.8,,222.57202148,,11.1,,,,,,,1005.54,,,34.44797726,,,,0.2706,,,,,,,,,,,,,,,,,79.7,78.9,,,34.17874166,,2.8,2.7,,,,,,6.89949218,,223,0.3,214,351.3,26.3,26.3,26.1,26.1,,,3924.33,
underway_1200.29769842,29769842,200809020,2008-11-26T21:20:00,20081126212000,MULTIPOINT ((-52.4319 126.9871)),126.9871,-52.4319,215.8,,220.95703125,,15.6,,,,,,,1005.7,,,33.7816778,,,,0.3608,,,,,,,,,,,,,,,,,74,74.9,,,34.23903912,,2.6,2.6,,,,,,6.09961079,,226,4.7,217,356,28.9,28.9,28.7,28.7,,,3959.81,
underway_1200.29769962,29769962,200809020,2008-11-26T21:40:00,20081126214000,MULTIPOINT ((-52.5019 126.8983)),126.8983,-52.5019,218.1,,221.84143066,,16.1,,,,,,,1006,,,32.71460294,,,,0.6888,,,,,,,,,,,,,,,,,71.7,72.8,,,34.14963183,,2.4,2.4,,,,,,4.99176728,,221,359.1,212,350.3,29.6,29.6,29.7,29.7,,,4168.7,
underway_1200.29770082,29770082,200809020,2008-11-26T22:00:00,20081126220000,MULTIPOINT ((-52.5706 126.807)),126.807,-52.5706,219.9,,222.50610352,,16,,,,,,,1006.09,,,31.9883619,,,,0.2542,,,,,,,,,,,,,,,,,69.8,72.5,,,33.91887055,,2.2,2.2,,,,,,4.39251174,,216,353.3,207,344.5,32.1,32.1,32.3,32.3,,,4108.8,
underway_1200.29770202,29770202,200809020,2008-11-26T22:20:00,20081126221959,MULTIPOINT ((-52.6388 126.7145)),126.7145,-52.6388,219.8,,223.12683105,,16,,,,,,,1006.4,,,31.89553755,,,,0.3198,,,,,,,,,,,,,,,,,68.8,70.2,,,33.8716641,,2.4,2.4,,,,,,4.33236759,,220,356.7,211,348.3,26.6,26.6,26.8,26.8,,,3697.15,
underway_1200.29770322,29770322,200809020,2008-11-26T22:40:00,20081126224000,MULTIPOINT ((-52.7061 126.6202)),126.6202,-52.7061,220.8,,222.81921387,,15.9,,,,,,,1006.69,,,31.78088437,,,,0.2378,,,,,,,,,,,,,,,,,68.6,69.9,,,33.91829924,,2.6,2.6,,,,,,4.15609907,,222,359.2,213,350.3,27.1,27.1,27,27,,,4065.79,
underway_1200.29770442,29770442,200809020,2008-11-26T23:00:00,20081126230000,MULTIPOINT ((-52.7719 126.5244)),126.5244,-52.7719,222,,223.29162598,,15.8,,,,,,,1006.6,,,31.69242892,,,,0.1804,,,,,,,,,,,,,,,,,71,72.8,,,33.85463684,,2.4,2.5,,,,,,4.11646189,,228,4.9,220,356.3,29.7,29.7,29.5,29.5,,,4164.1,
underway_1200.29770560,29770560,200809020,2008-11-26T23:20:00,20081126232000,MULTIPOINT ((-52.8368 126.426)),126.426,-52.8368,223.6,,223.12683105,,15.7,1.57,-0.98,0.92,-1.66,,,1006.5,,,31.66949635,,,,0.0738,,,,,,,,,,,,,,,,,69.6,70.3,,,33.83959637,,2.7,2.7,,,,,,4.10474621,,230,7.1,221,358.2,31.7,31.7,31.3,31.3,,,4048.9,
underway_1200.29770680,29770680,200809020,2008-11-26T23:40:00,20081126234000,MULTIPOINT ((-52.9005 126.3253)),126.3253,-52.9005,224.4,,223.13781738,,16,1.62,-1.28,0.45,-1.09,,,1006.56,,,31.65420925,,,,0.0328,,,,,,,,,,,,,,,,,63.4,67.4,,,33.84197766,,2.7,2.7,,,,,,4.0849148,,226,2.6,217,354.1,29.5,29.5,29.4,29.4,,,4062.68,
underway_1200.29770800,29770800,200809020,2008-11-27T00:00:00,20081127000000,MULTIPOINT ((-52.9628 126.2229)),126.2229,-52.9628,225.6,,223.07739258,,15.6,1.05,0.19,0.22,-0.91,,,1006.47,,,31.59633534,,,,0.082,,,,,,,,,,,,,,,,,74.6,73.1,,,33.83490381,,2.7,2.7,,,,,,4.02538368,,227,3.6,218,354.9,32.3,32.3,32.1,32.1,,,4557.22,
underway_1200.29770920,29770920,200809020,2008-11-27T00:20:00,20081127002000,MULTIPOINT ((-53.0235 126.1204)),126.1204,-53.0235,225.2,,222.68737793,,15.5,1.09,-0.48,0.83,-0.52,,,1006.51,,,31.59524355,,,,0.1476,,,,,,,,,,,,,,,,,72.7,73.2,,,33.83640744,,2.5,2.5,,,,,,4.02267641,,238,15.5,231,8.1,30.4,30.4,29.7,29.7,,,4706.3,
underway_1200.29771040,29771040,200809020,2008-11-27T00:40:00,20081127004001,MULTIPOINT ((-53.0841 126.0179)),126.0179,-53.0841,225.3,,223.03894043,,15.7,1.05,-0.26,0.14,-0.58,,,1006.29,,,31.59196975,,,,0.1804,,,,,,,,,,,,,,,,,68.8,71.3,,,33.85679523,,2.4,2.4,,,,,,3.99920856,,238,14.5,230,6.7,30.5,30.5,29.8,29.8,,,4316.16,
underway_1200.29771160,29771160,200809020,2008-11-27T01:00:00,20081127010000,MULTIPOINT ((-53.145 125.915)),125.915,-53.145,224.7,,222.35778809,,15.6,1.65,-1.36,0.92,-1.96,,,1006.39,,,31.61708547,,,,0.1722,,,,,,,,,,,,,,,,,68.5,69,,,33.86698393,,2.4,2.4,,,,,,4.01816403,,239,16.6,232,9.8,29.2,29.2,28.5,28.5,,,4509.7,
underway_1200.29771280,29771280,200809020,2008-11-27T01:20:00,20081127012000,MULTIPOINT ((-53.206 125.8122)),125.8122,-53.206,225.5,,223.26416016,,15.3,1.23,-0.6,1.98,-1.96,,,1006.38,,,31.61271903,,,,0.1886,,,,,,,,,,,,,,,,,74.4,74.4,,,33.88048942,,2.3,2.4,,,,,,4.00011133,,238,14.6,231,7.6,29.5,29.5,28.8,28.8,,,4717.06,
underway_1200.29771400,29771400,200809020,2008-11-27T01:40:00,20081127014000,MULTIPOINT ((-53.2667 125.7095)),125.7095,-53.2667,225,,222.59399414,,15.6,1.51,-1.17,1.2,-1.66,,,1006.18,,,31.629092,,,,0.1476,,,,,,,,,,,,,,,,,74.8,74,,,33.81782003,,2.3,2.4,,,,,,4.07950516,,242,19.8,236,13.4,31.3,31.3,30.3,30.3,,,4574.21,
underway_1200.29771520,29771520,200809020,2008-11-27T02:00:00,20081127020000,MULTIPOINT ((-53.3279 125.6063)),125.6063,-53.3279,225.4,,223.47839355,,15.8,2.5,-1.38,0.24,-2.33,,,1006.37,,,32.03422486,,,,0.1394,,,,,,,,,,,,,,,,,76.9,77.1,,,33.90625716,,2.3,2.3,,,,,,4.45708151,,241,17.7,235,11.1,29.6,29.6,28.8,28.8,,,4465.15,
underway_1200.29771640,29771640,200809020,2008-11-27T02:20:00,20081127022000,MULTIPOINT ((-53.3895 125.5034)),125.5034,-53.3895,225,,222.58850098,,15.6,2.14,-1.75,1.33,-1.52,,,1006.13,,,32.08992069,,,,0.1312,,,,,,,,,,,,,,,,,79.4,78.9,,,33.93745091,,2.2,2.3,,,,,,4.49023797,,237,14.3,229,6.6,29.6,29.6,28.9,28.9,,,4598.78,
underway_1200.29771760,29771760,200809020,2008-11-27T02:40:00,20081127024000,MULTIPOINT ((-53.452 125.401)),125.401,-53.452,223.7,,222.72033691,,15.6,0.96,-0.5,0.69,-1.6,,,1006.06,,,31.99600906,,,,0.0902,,,,,,,,,,,,,,,,,68.9,71.3,,,33.95005367,,2.3,2.3,,,,,,4.37097404,,237,14.4,229,6.7,31.1,31.1,30.5,30.5,,,4434.43,
underway_1200.29771880,29771880,200809020,2008-11-27T03:00:00,20081127030000,MULTIPOINT ((-53.5149 125.2998)),125.2998,-53.5149,223.9,,222.52258301,,15.5,1.54,-0.57,2.31,-2.78,,,1005.99,,,31.97416662,,,,0.0984,,,,,,,,,,,,,,,,,71.1,70.9,,,33.92622439,,2.4,2.5,,,,,,4.36917891,,247,24.4,242,19,29.3,29.3,28.2,28.2,,,4030.46,
underway_1200.29772000,29772000,200809020,2008-11-27T03:20:00,20081127032000,MULTIPOINT ((-53.578 125.1992)),125.1992,-53.578,222.8,,222.75878906,,15.9,1.26,-0.86,0.74,-1.7,,,1005.85,,,31.98181032,,,,0.123,,,,,,,,,,,,,,,,,67.7,69,,,33.92318767,,2.5,2.6,,,,,,4.38084638,,243,20.7,237,14.3,28.7,28.7,27.8,27.8,,,4651.01,
underway_1200.29772120,29772120,200809020,2008-11-27T03:40:00,20081127034000,MULTIPOINT ((-53.6439 125.1013)),125.1013,-53.6439,220.5,,221.03942871,,15.8,1.1,-0.18,0.79,-1.28,,,1006.01,,,31.98835919,,,,0.1558,,,,,,,,,,,,,,,,,83.7,80.2,,,33.89209171,,2.1,2.3,,,,,,4.41852682,,239,18.2,232,11.4,30.5,30.5,29.6,29.6,,,4767.67,
underway_1200.29772240,29772240,200809020,2008-11-27T04:00:00,20081127040000,MULTIPOINT ((-53.7117 125.0038)),125.0038,-53.7117,220.9,,220.63293457,,16.1,1.59,-0.36,0.61,-1.6,,,1005.73,,,31.20326595,,,,0.0984,,,,,,,,,,,,,,,,,79.6,78.8,,,34.0328792,,2.2,2.3,,,,,,3.38417804,,248,27.3,245,24.6,32.5,32.5,31.1,31.1,,,4569.6,
underway_1200.29772360,29772360,200809020,2008-11-27T04:20:00,20081127042000,MULTIPOINT ((-53.7789 124.9051)),124.9051,-53.7789,221,,221.40197754,,15.9,2.51,-1.31,1.25,-2.27,,,1005.8,,,30.9881528,,,,0.1066,,,,,,,,,,,,,,,,,80,79.3,,,33.87244192,,2.2,2.3,,,,,,3.28931054,,249,27.5,246,25,30.2,30.2,28.8,28.8,,,4566.53,
underway_1200.29772480,29772480,200809020,2008-11-27T04:40:00,20081127044000,MULTIPOINT ((-53.844 124.8101)),124.8101,-53.844,220.6,,220.55603027,,15.5,1.1,0.22,1.11,-1.86,,,1005.65,,,30.91936572,,,,0.1148,,,,,,,,,,,,,,,,,77.9,79.5,,,33.86286979,,2.2,2.3,,,,,,3.21898097,,249,28.2,246,25.4,27.9,27.9,26.6,26.6,,,4472.83,
underway_1200.29772600,29772600,200809020,2008-11-27T05:00:00,20081127050000,MULTIPOINT ((-53.9079 124.7153)),124.7153,-53.9079,221.1,,220.32531738,,15.2,0.91,-0.3,0.97,-1.47,,,1005.45,,,30.93901873,,,,0.1148,,,,,,,,,,,,,,,,,80,79.9,,,33.86177381,,2.3,2.4,,,,,,3.2427373,,252,31.9,253,32.4,29.6,29.6,28.1,28.1,,,4325.38,
underway_1200.29772720,29772720,200809020,2008-11-27T05:20:00,20081127052000,MULTIPOINT ((-53.9713 124.6219)),124.6219,-53.9713,220.9,,219.53430176,,14.9,1.58,-0.81,0.56,-0.35,,,1005.51,,,30.95757836,,,,0.2132,,,,,,,,,,,,,,,,,80.6,80.1,,,33.84405702,,2.3,2.4,,,,,,3.28109421,,246,26.5,242,22.7,27.6,27.6,26.3,26.3,,,4372.99,
underway_1200.29772840,29772840,200809020,2008-11-27T05:40:00,20081127054000,MULTIPOINT ((-54.035 124.529)),124.529,-54.035,220.9,,219.38049316,,15.2,1.86,-0.71,1.53,-2.49,,,1005.15,,,30.94884544,,,,0.1886,,,,,,,,,,,,,,,,,78.5,78.5,,,33.86314247,,2.3,2.4,,,,,,3.25278539,,248,28.6,246,26.5,29,29,27.6,27.6,,,4783.1,
underway_1200.29772960,29772960,200809020,2008-11-27T06:00:00,20081127060000,MULTIPOINT ((-54.0985 124.4363)),124.4363,-54.0985,221.9,,220.18249512,,15.2,2.36,-1.61,1.91,-2.81,,,1005.15,,,30.94776,,,,0.2132,,,,,,,,,,,,,,,,,80.1,80.3,,,33.92993926,,2.2,2.3,,,,,,3.18790161,,249,29.2,247,26.9,28.5,28.5,27.1,27.1,,,4419.07,
underway_1200.29773080,29773080,200809020,2008-11-27T06:20:00,20081127062000,MULTIPOINT ((-54.1612 124.3441)),124.3441,-54.1612,220.6,,219.63867188,,15.1,2.58,-1.33,0.63,-1.55,,,1005.21,,,30.85276139,,,,0.2378,,,,,,,,,,,,,,,,,82.8,81.1,,,33.83674456,,2,2.1,,,,,,3.16686873,,251,31.1,249,29.7,28.6,28.6,27.1,27.1,,,4271.62,
underway_1200.29773200,29773200,200809020,2008-11-27T06:40:00,20081127064000,MULTIPOINT ((-54.2232 124.2524)),124.2524,-54.2232,219.9,,219.54528809,,14.5,0.92,-0.61,1.15,-1.86,,,1005,,,30.88879645,,,,0.3116,,,,,,,,,,,,,,,,,80.4,80.3,,,33.88528493,,2.1,2.2,,,,,,3.16229544,,251,31.9,250,30.8,29.8,29.8,28.2,28.2,,,4746.24,
underway_1200.29773320,29773320,200809020,2008-11-27T07:00:00,20081127070000,MULTIPOINT ((-54.2842 124.1619)),124.1619,-54.2842,221.4,,219.62219238,,14.4,2.73,-0.33,1.46,-2.3,,,1004.83,,,30.83966355,,,,0.4428,,,,,,,,,,,,,,,,,80.4,80.3,,,33.87944335,,2.3,2.4,,,,,,3.11105218,,252,32,251,31,29.6,29.6,28,28,,,4572.6,
underway_1200.29773440,29773440,200809020,2008-11-27T07:20:00,20081127072000,MULTIPOINT ((-54.3441 124.0718)),124.0718,-54.3441,221,,220.12207031,,14.5,1.22,-0.78,0.66,-1.95,,,1004.68,,,31.08969686,,,,0.6068,,,,,,,,,,,,,,,,,78.7,79.3,,,33.88624425,,2.1,2.2,,,,,,3.39329248,,246,26.1,244,23.5,30.4,30.4,29.1,29.1,,,0,
underway_1200.29773560,29773560,200809020,2008-11-27T07:40:00,20081127074000,MULTIPOINT ((-54.4053 123.9819)),123.9819,-54.4053,219.9,,220.12207031,,14.6,3.19,-2.28,1.26,-2.8,,,1004.71,,,30.79926527,,,,0.5986,,,,,,,,,,,,,,,,,79.7,79.8,,,33.87074364,,2.3,2.3,,,,,,3.07259263,,255,35.1,255,35.1,30,30,28.3,28.3,,,4632.58,
underway_1200.29773680,29773680,200809020,2008-11-27T08:00:00,20081127080000,MULTIPOINT ((-54.4662 123.8919)),123.8919,-54.4662,220.9,,219.87487793,,14.7,2.48,-0.39,0.3,-1.93,,,1004.42,,,30.81455263,,,,0.7216,,,,,,,,,,,,,,,,,80.2,79.8,,,33.89031117,,2.2,2.2,,,,,,3.07167664,,260,39.7,261,41.1,30.4,30.4,28.6,28.6,,,4658.69,
underway_1200.29773800,29773800,200809020,2008-11-27T08:20:00,20081127082000,MULTIPOINT ((-54.5272 123.8011)),123.8011,-54.5272,220.3,,219.96276855,,14.1,1.94,-0.8,0.88,-1.18,,,1004.11,,,31.00015977,,,,1.5006,,,,,,,,,,,,,,,,,80.3,79.5,,,33.83728491,,2.2,2.3,,,,,,3.33676195,,260,40.2,262,41.6,32,32,30,30,,,4446.72,
underway_1200.29773920,29773920,200809020,2008-11-27T08:40:00,20081127084000,MULTIPOINT ((-54.5888 123.7104)),123.7104,-54.5888,220.6,,220.35827637,,14.7,2.59,-1.92,0.04,-1.83,,,1004.19,,,30.79271461,,,,1.394,,,,,,,,,,,,,,,,,82.1,81.7,,,33.87336887,,2.3,2.2,,,,,,3.06251604,,265,44.9,268,47.2,28.9,28.9,26.9,26.9,,,4482.05,
underway_1200.29774040,29774040,200809020,2008-11-27T09:00:00,20081127090000,MULTIPOINT ((-54.6501 123.6198)),123.6198,-54.6501,220.9,,220.61096191,,14.7,1.36,-0.62,2.62,-3.51,,,1004.01,,,30.77524837,,,,1.2382,,,,,,,,,,,,,,,,,80.9,80.4,,,33.90322895,,2,2,,,,,,3.01394283,,261,40.2,261,40.7,28.6,28.6,26.8,26.8,,,4414.46,
underway_1200.29774160,29774160,200809020,2008-11-27T09:20:00,20081127092000,MULTIPOINT ((-54.7116 123.5276)),123.5276,-54.7116,221.7,,220.19348145,,14.7,2.24,-1.6,1.43,-3.59,,,1003.62,,,31.20980951,,,,1.9762,,,,,,,,,,,,,,,,,80.4,80.9,,,33.95285151,,2.2,2.1,,,,,,3.46798175,,261,40.7,262,42.1,30.9,30.9,29,29,,,4445.18,
underway_1200.29774264,29774264,200809020,2008-11-27T09:40:00,20081127094000,MULTIPOINT ((-54.7732 123.4369)),123.4369,-54.7732,220.6,,220.20996094,,14.5,4.25,-3.27,-0.24,-2.17,,,1003.55,,,31.25894189,,,,2.2058,,,,,,,,,,,,,,,,,81.2,81.8,,,33.92631777,,2.2,2,,,,,,3.54985722,,297,41.9,301,43.1,16.6,24.4,15.7,23,,,4323.84,
underway_1200.29774384,29774384,200809020,2008-11-27T10:00:00,20081127100000,MULTIPOINT ((-54.8345 123.3446)),123.3446,-54.8345,221.2,,220.11108398,,14.6,1.98,-0.88,0,-0.85,,,1003.19,,,31.28295749,,,,1.9352,,,,,,,,,,,,,,,,,82.2,82.5,,,33.86416023,,2.4,2.1,,,,,,3.63707542,,305,51.7,314,56.3,20.4,26.2,19.8,24.1,,,4426.75,
underway_1200.29774504,29774504,200809020,2008-11-27T10:20:00,20081127102000,MULTIPOINT ((-54.8976 123.2547)),123.2547,-54.8976,218.7,,218.1829834,,14.8,1.23,-0.13,-0.14,-1.9,,,1003.1,,,31.25239052,,,,2.8536,,,,,,,,,,,,,,,,,80.9,81.4,,,33.92604496,,2.1,1.8,,,,,,3.54258365,,314,56.7,324,63.3,19.7,23.5,19.8,21.4,,,4443.65,
underway_1200.29774624,29774624,200809020,2008-11-27T10:40:00,20081127104000,MULTIPOINT ((-54.9603 123.1664)),123.1664,-54.9603,219.3,,219.18273926,,14.6,1.62,-0.76,0.52,-2.65,,,1003,,,31.31135698,,,,3.0012,,,,,,,,,,,,,,,,,82.5,83.2,,,33.96838444,,2.3,2.1,,,,,,3.56985525,,310,56.1,319,61.9,21.1,25.5,20.8,23.3,,,4508.16,
underway_1200.29774744,29774744,200809020,2008-11-27T11:00:00,20081127110000,MULTIPOINT ((-55.0232 123.0779)),123.0779,-55.0232,218.5,,218.71032715,,14.5,1.86,-0.9,-0.06,-2.2,,,1002.76,,,31.10061476,,,,2.7962,,,,,,,,,,,,,,,,,80.4,81.2,,,33.87844206,,2,1.8,,,,,,3.41333965,,314,62,325,70.4,23.6,26.6,23.3,23.7,,,4431.36,
underway_1200.29774864,29774864,200809020,2008-11-27T11:20:00,20081127112000,MULTIPOINT ((-55.0863 122.9914)),122.9914,-55.0863,218.1,,219.08935547,,14.6,1.82,-0.76,0.27,-1.97,,,1002.56,,,31.19342567,,,,2.747,,,,,,,,,,,,,,,,,83.5,83.6,,,33.89505838,,2.1,2.1,,,,,,3.50438382,,316,63.6,327,72.2,24.1,26.5,23.9,23.7,,,4016.64,
underway_1200.29774984,29774984,200809020,2008-11-27T11:40:00,20081127114000,MULTIPOINT ((-55.1498 122.9042)),122.9042,-55.1498,217.8,,218.93005371,,14.7,1.45,-0.4,2.13,-3.54,,,1002.16,,,31.03838187,,,,3.7556,,,,,,,,,,,,,,,,,82.6,83.2,,,33.91214907,,2.1,1.9,,,,,,3.30939045,,313,61.2,323,68.5,23.6,26.6,23.3,24,,,3310.08,
underway_1200.29775104,29775104,200809020,2008-11-27T12:00:00,20081127120000,MULTIPOINT ((-55.2138 122.8168)),122.8168,-55.2138,219.1,,219.35852051,,14.5,0.94,-0.96,1.08,-2.3,,,1002.17,,,30.77088326,,,,3.485,,,,,,,,,,,,,,,,,83.6,84,,,33.92594217,,2,1.9,,,,,,2.98734932,,318,63.7,329,71.9,22.7,25.1,22.6,22.4,,,4667.43,
underway_1200.29775224,29775224,200809020,2008-11-27T12:20:00,20081127122000,MULTIPOINT ((-55.2777 122.7306)),122.7306,-55.2777,218.6,,219.4519043,,14.3,1.35,-0.63,1.88,-2.66,,,1001.58,,,30.72394111,,,,2.1402,,,,,,,,,,,,,,,,,83.8,84,,,33.98694116,,1.9,1.8,,,,,,2.87535111,,320,66.7,333,77.2,23.8,25.2,23.9,22.3,,,4953.6,
underway_1200.29775344,29775344,200809020,2008-11-27T12:40:00,20081127124000,MULTIPOINT ((-55.3416 122.6437)),122.6437,-55.3416,217.8,,219.11132812,,14.4,1.45,-0.63,0.2,-1.66,,,1001.03,,,30.58199984,,,,1.9188,,,,,,,,,,,,,,,,,86.5,85.8,,,33.90546937,,1.8,1.8,,,,,,2.78800241,,318,64.4,332,76.8,23,25,24.1,22.6,,,4551.17,
underway_1200.29775464,29775464,200809020,2008-11-27T13:00:00,20081127130000,MULTIPOINT ((-55.3966 122.5691)),122.5691,-55.3966,216.1,,219.75402832,,8.3,1.42,-0.74,1.25,-0.75,,,1000.92,,,30.58199536,,,,2.0418,,,,,,,,,,,,,,,,,89.2,88.4,,,33.85784264,,1.9,1.8,,,,,,2.83307096,,315,71.9,328,85.4,20.7,21.2,21.3,19.8,,,4568.06,
underway_1200.29775584,29775584,200809020,2008-11-27T13:20:00,20081127132000,MULTIPOINT ((-55.437 122.5172)),122.5172,-55.437,215.4,,217.6776123,,8.5,1.4,-1.16,0.85,-2.45,,,1000.66,,,30.62348519,,,,1.6318,,,,,,,,,,,,,,,,,90.1,90.5,,,33.87759052,,2.1,1.9,,,,,,2.86248622,,318,72.4,330,85.4,17.4,17.7,18.5,16.9,,,4568.06,
underway_1200.29775704,29775704,200809020,2008-11-27T13:40:00,20081127134000,MULTIPOINT ((-55.4767 122.4657)),122.4657,-55.4767,217.8,,219.46289062,,9,1.57,-0.38,1.48,-2.63,,,1000.14,,,30.51430635,,,,1.3038,,,,,,,,,,,,,,,,,91.1,90.9,,,33.87204671,,1.9,1.8,,,,,,2.74106032,,323,79.4,339,95.7,21.7,21,22.7,19.5,,,4738.56,
underway_1200.29775824,29775824,200809020,2008-11-27T14:00:00,20081127140000,MULTIPOINT ((-55.517 122.4137)),122.4137,-55.517,214.7,,218.4576416,,8.7,2.19,-2.04,1.93,-2.89,,,999.78,,,30.44006467,,,,1.3284,,,,,,,,,,,,,,,,,91.7,91.9,,,33.85682832,,2,1.8,,,,,,2.66919928,,324,82.6,339,98.4,22.6,21.2,23.4,19.8,,,4571.14,
underway_1200.29775944,29775944,200809020,2008-11-27T14:20:00,20081127142000,MULTIPOINT ((-55.5576 122.363)),122.363,-55.5576,214.6,,219.77050781,,9.1,0.16,-0.15,1.15,-3.29,,,999.31,,,30.51648659,,,,1.4678,,,,,,,,,,,,,,,,,92.4,92.7,,,33.83678635,,2.1,1.8,,,,,,2.77696033,,323,79.2,340,98.9,22.6,21.5,24.6,20.6,,,4541.95,
underway_1200.29776064,29776064,200809020,2008-11-27T14:40:00,20081127144000,MULTIPOINT ((-55.5981 122.3114)),122.3114,-55.5981,216.5,,218.64990234,,8.9,1.13,-0.23,1.46,-2.6,,,998.93,,,30.53832299,,,,1.3448,,,,,,,,,,,,,,,,,92.9,92.9,,,33.84607654,,2.1,1.9,,,,,,2.79352273,,323,84.8,340,102.7,26.3,25.3,26.9,23.2,,,0,
underway_1200.29776184,29776184,200809020,2008-11-27T15:00:00,20081127150000,MULTIPOINT ((-55.6382 122.2558)),122.2558,-55.6382,219.4,,218.84216309,,9.3,1.4,-0.59,1.33,-1.78,,,998.45,,,30.53068131,,,,1.3612,,,,,,,,,,,,,,,,,92.5,93.6,,,33.85419708,,2.2,2,,,,,,2.77696033,,334,83.6,348,101.1,17.8,16.3,19.7,15.7,,,4649.47,
underway_1200.29776304,29776304,200809020,2008-11-27T15:20:00,20081127152000,MULTIPOINT ((-55.6771 122.1982)),122.1982,-55.6771,220.4,,221.484375,,9,0.91,-0.85,0.55,-1.89,,,998.08,,,30.53723173,,,,1.4268,,,,,,,,,,,,,,,,,93,94,,,33.8515394,,2.3,2.1,,,,,,2.78708231,,326,83.2,341,98.7,24.4,23.6,24.9,21.8,,,4661.76,
underway_1200.29776424,29776424,200809020,2008-11-27T15:40:00,20081127154000,MULTIPOINT ((-55.717 122.1402)),122.1402,-55.717,216.6,,218.72680664,,8.8,2.97,-1.64,1.67,-2.26,,,997.63,,,30.5186724,,,,1.4268,,,,,,,,,,,,,,,,,92.8,94.3,,,33.86085888,,2.4,2.1,,,,,,2.75671154,,333,91.3,348,108.9,22.5,20.3,23.9,19.3,,,4712.45,
underway_1200.29776544,29776544,200809020,2008-11-27T16:00:00,20081127160000,MULTIPOINT ((-55.7573 122.081)),122.081,-55.7573,221.6,,220.8416748,,9.3,1.26,-0.11,0.79,-1.2,,,996.97,,,30.46517714,,,,1.312,,,,,,,,,,,,,,,,,93.5,95.1,,,33.87698558,,2.4,2.1,,,,,,2.67933846,,354,105.7,358,112.8,19.2,14.7,20.6,15.3,,,4603.39,
underway_1200.29776664,29776664,200809020,2008-11-27T16:20:00,20081127162000,MULTIPOINT ((-55.798 122.0217)),122.0217,-55.798,218.3,,219.81445312,,9.6,1.29,-0.41,0.37,-1.02,,,996.4,,,30.43788181,,,,1.5006,,,,,,,,,,,,,,,,,94.2,96,,,33.86390164,,2.5,2.2,,,,,,2.65998043,,358,105.5,1,115,16.9,11.4,19.8,13.6,,,4672.51,
underway_1200.29776784,29776784,200809020,2008-11-27T16:40:00,20081127164000,MULTIPOINT ((-55.8392 121.9647)),121.9647,-55.8392,217.4,,219.8638916,,9.6,1.35,-0.44,2,-2.18,,,995.91,,,30.42696704,,,,1.5416,,,,,,,,,,,,,,,,,94.5,96.7,,,33.89443903,,2.7,2.3,,,,,,2.61847903,,354,106.8,358,114.7,19.7,14.5,21.4,15.4,,,4681.73,
underway_1200.29776904,29776904,200809020,2008-11-27T17:00:00,20081127170000,MULTIPOINT ((-55.8805 121.9069)),121.9069,-55.8805,218.1,,219.60021973,,9,3.31,-2.38,1.23,-2.17,,,995.74,,,30.38438709,,,,1.353,,,,,,,,,,,,,,,,,94.8,97,,,33.8791437,,2.7,2.4,,,,,,2.58341223,,351,106.7,356,114.5,20.5,15.8,22.3,16.8,,,4623.36,
underway_1200.29777024,29777024,200809020,2008-11-27T17:20:00,20081127172000,MULTIPOINT ((-55.9224 121.8505)),121.8505,-55.9224,215.7,,217.89733887,,9.6,1.53,-1.36,1.96,-1.28,,,995.25,,,30.36364324,,,,1.353,,,,,,,,,,,,,,,,,95.6,97.5,,,33.87314139,,2.8,2.5,,,,,,2.56494823,,5,125.7,358,119.2,21.1,13.9,23.5,17.1,,,4557.31,
underway_1200.29777144,29777144,200809020,2008-11-27T17:40:00,20081127174000,MULTIPOINT ((-55.964 121.7907)),121.7907,-55.964,220.7,,222.14904785,,8.6,1.88,-0.74,1.93,-1.33,,,994.31,,,30.34399161,,,,1.1644,,,,,,,,,,,,,,,,,95.3,97.8,,,33.8714235,,2.9,2.6,,,,,,2.54370797,,6,124.5,1,120.2,20.5,14.3,22.8,17.2,,,4561.92,
underway_1200.29777264,29777264,200809020,2008-11-27T18:00:00,20081127180000,MULTIPOINT ((-56.0023 121.7348)),121.7348,-56.0023,219.4,,222.01721191,,9.2,2.5,-1.63,1.96,-2,,,993.73,,,30.37565188,,,,1.4186,,,,,,,,,,,,,,,,,96.1,98.1,,,33.86641415,,3.1,2.7,,,,,,2.58525834,,358,114.4,357,115.8,22.7,16.8,25.6,19.7,,,4624.9,
underway_1200.29777384,29777384,200809020,2008-11-27T18:20:00,20081127182000,MULTIPOINT ((-56.0415 121.6769)),121.6769,-56.0415,219.4,,221.73706055,,9.1,1.77,-0.89,1.39,-2.33,,,993.27,,,30.41495686,,,,1.5088,,,,,,,,,,,,,,,,,96.6,98.4,,,33.88551031,,3.1,2.8,,,,,,2.61294346,,1,118.1,0,120.5,22.7,16.5,25.4,19.1,,,4667.9,
underway_1200.29777504,29777504,200809020,2008-11-27T18:40:00,20081127184000,MULTIPOINT ((-56.0812 121.6155)),121.6155,-56.0812,221,,223.69262695,,11.1,1.64,-1.12,2.62,-2.94,,,992.84,,,30.34290083,,,,1.2546,,,,,,,,,,,,,,,,,96.4,98.8,,,33.88184207,,3.2,2.9,,,,,,2.53262327,,2,113.7,0,114.7,24.4,17.4,26.5,19.6,,,4412.93,
underway_1200.29777624,29777624,200809020,2008-11-27T19:00:00,20081127190000,MULTIPOINT ((-56.1324 121.5399)),121.5399,-56.1324,219.2,,221.2097168,,11.9,1.51,-1.23,3.27,-4.17,,,992.31,,,30.41823187,,,,1.3858,,,,,,,,,,,,,,,,,97,98.7,,,33.8826985,,3.1,2.9,,,,,,2.61940158,,357,107.3,0,114.6,23.3,16.5,25.7,18.1,,,4632.58,
underway_1200.29777744,29777744,200809020,2008-11-27T19:20:00,20081127192000,MULTIPOINT ((-56.1853 121.4602)),121.4602,-56.1853,220,,220.44067383,,13.4,1.73,-1.37,2,-1.75,,,991.59,,,30.37128866,,,,1.312,,,,,,,,,,,,,,,,,97,98.9,,,33.90708673,,3.2,2.9,,,,,,2.54186065,,355,103.7,1,113.2,25.3,18.3,26.8,18.3,,,0,
underway_1200.29777864,29777864,200809020,2008-11-27T19:40:00,20081127194000,MULTIPOINT ((-56.2456 121.3673)),121.3673,-56.2456,220.8,,220.53405762,,14.5,0.87,-0.56,0.54,-1.37,,,991.22,,,30.29813913,,,,1.0496,,,,,,,,,,,,,,,,,96.7,99,,,33.8795303,,3.2,3,,,,,,2.48271809,,350,94.9,360,109.9,25.3,19.6,27.9,19.4,,,4672.51,
underway_1200.29777984,29777984,200809020,2008-11-27T20:00:00,20081127200000,MULTIPOINT ((-56.3097 121.2692)),121.2692,-56.3097,219.5,,220.05065918,,15.4,2.69,-1.24,0.48,-1.65,,,990.69,,,30.39639713,,,,1.107,,,,,,,,,,,,,,,,,97.4,99,,,33.88710008,,3.3,3,,,,,,2.58987337,,6,111.6,4,114.3,25.1,14.9,28.1,17.9,,,4649.18,
underway_1200.29778104,29778104,200809020,2008-11-27T20:20:00,20081127202000,MULTIPOINT ((-56.3749 121.1711)),121.1711,-56.3749,220.1,,219.85839844,,15.5,1.56,-0.76,2.82,-2.73,,,989.82,,,30.49574435,,,,1.2628,,,,,,,,,,,,,,,,,96.9,98.9,,,33.85217527,,3.4,3.1,,,,,,2.73829793,,5,112.7,3,112.9,26.7,16.3,28.6,18.5,,,4654.82,
underway_1200.29778224,29778224,200809020,2008-11-27T20:40:00,20081127204000,MULTIPOINT ((-56.4403 121.0734)),121.0734,-56.4403,219.5,,222.13806152,,15.3,1.84,-1.2,3.1,-4,,,989.28,,,30.43788327,,,,1.0086,,,,,,,,,,,,,,,,,96.5,98.9,,,33.87952943,,3.4,3.2,,,,,,2.64522749,,352,95,359,108.2,26.5,19.7,29.4,20.3,,,4654.07,
underway_1200.29778344,29778344,200809020,2008-11-27T21:00:00,20081127210000,MULTIPOINT ((-56.5049 120.9753)),120.9753,-56.5049,220.3,,219.27062988,,15.5,1.19,-0.94,2.13,-2.79,,,988.51,,,30.40185763,,,,0.9676,,,,,,,,,,,,,,,,,96.4,98.7,,,33.90558878,,3.4,3.1,,,,,,2.57879674,,0,109.9,1,112.5,27.4,18.1,28.7,19,,,4657.15,
underway_1200.29778464,29778464,200809020,2008-11-27T21:20:00,20081127212000,MULTIPOINT ((-56.5705 120.8757)),120.8757,-56.5705,219.7,,220.4901123,,15.3,2.06,-1.27,5.34,-2.23,,,987.71,,,30.25883867,,,,0.7872,,,,,,,,,,,,,,,,,96.2,98.5,,,33.90171243,,3.5,3.2,,,,,,2.41611662,,7,114.3,5,114.9,25.8,15,28.3,17.9,,,4662.99,
underway_1200.29778584,29778584,200809020,2008-11-27T21:40:00,20081127214000,MULTIPOINT ((-56.6361 120.7758)),120.7758,-56.6361,219.8,,221.52832031,,15.2,1.3,-0.23,2.06,-0.83,,,987.1,,,30.24027819,,,,0.9266,,,,,,,,,,,,,,,,,96.3,98.1,,,33.89053512,,3.5,3.1,,,,,,2.40500956,,358,105.1,1,112.3,28.1,19.6,30,20.4,,,4632.58,
underway_1200.29778704,29778704,200809020,2008-11-27T22:00:00,20081127220000,MULTIPOINT ((-56.7019 120.6769)),120.6769,-56.7019,220.3,,219.92980957,,15.4,1.39,-0.58,6.21,-2.45,,,986.31,,,30.22062455,,,,0.8774,,,,,,,,,,,,,,,,,96.2,98.2,,,33.86322647,,3.4,3.1,,,,,,2.40778651,,2,111.2,2,115.2,27.4,17.4,30.7,20.5,,,4651.88,
underway_1200.29778824,29778824,200809020,2008-11-27T22:20:00,20081127222000,MULTIPOINT ((-56.767 120.5764)),120.5764,-56.767,218.9,,219.09484863,,15.4,1.54,0.06,5.49,-1.08,,,985.97,,,30.13656483,,,,0.8446,,,,,,,,,,,,,,,,,96.2,98.2,,,33.89308265,,3.5,3.2,,,,,,2.28177558,,2,106.1,4,112.3,25.7,17,28.1,18.6,,,4643.15,
underway_1200.29778944,29778944,200809020,2008-11-27T22:40:00,20081127224000,MULTIPOINT ((-56.8326 120.4748)),120.4748,-56.8326,219.9,,217.58422852,,15.6,2.02,-2.09,3.59,-0.83,,,985.06,,,30.16276364,,,,0.533,,,,,,,,,,,,,,,,,96.2,98.4,,,33.86734454,,3.4,3.1,,,,,,2.33647291,,7,113.5,2,111.4,26,15.7,28,18.5,,,4627.97,
underway_1200.29779064,29779064,200809020,2008-11-27T23:00:00,20081127230000,MULTIPOINT ((-56.898 120.3724)),120.3724,-56.898,220.2,,218.74328613,,15.3,1.94,-0.53,1.72,-0.37,,,984.51,,,30.07433869,,,,0.5248,,,,,,,,,,,,,,,,,96.2,98.4,,,33.90676817,,3.5,3.1,,,,,,2.19639029,,4,114.9,4,117.6,28.3,18.6,30.3,20.4,,,4571.14,
underway_1200.29779184,29779184,200809020,2008-11-27T23:20:00,20081127232001,MULTIPOINT ((-56.9629 120.2706)),120.2706,-56.9629,220.8,,221.05041504,,15.5,3.6,-3.17,1.37,-1.63,,,983.9,,,30.07761399,,,,0.4674,,,,,,,,,,,,,,,,,96,98.3,,,33.90886585,,3.5,3.1,,,,,,2.19824772,,359,105.9,2,113,27.4,19,29.5,19.9,,,4124.16,
underway_1200.29779304,29779304,200809020,2008-11-27T23:40:00,20081127234000,MULTIPOINT ((-57.0273 120.1686)),120.1686,-57.0273,219.1,,217.73254395,,15.4,0,-0.44,3.73,0,,,983.19,,,29.90293834,,,,0.6314,,,,,,,,,,,,,,,,,96.1,98.3,,,33.85075897,,3.4,3.1,,,,,,2.04854969,,352,100.8,360,113.1,27.1,20,29.4,20.1,,,3840,
underway_1200.29779424,29779424,200809020,2008-11-28T00:00:00,20081128000000,MULTIPOINT ((-57.0914 120.0685)),120.0685,-57.0914,220.7,,218.5949707,,15.2,,,,,,,982.41,,,29.85927356,,,,0.4674,,,,,,,,,,,,,,,,,96.4,98.4,,,33.87384323,,3.4,3,,,,,,1.97589737,,357,107.9,1,115.4,28.8,20.6,30.4,21,,,4648.69,
underway_1200.29779544,29779544,200809020,2008-11-28T00:20:00,20081128002000,MULTIPOINT ((-57.1551 119.967)),119.967,-57.1551,221.3,,219.61120605,,15.3,,,,,,,981.85,,,29.82870499,,,,0.451,,,,,,,,,,,,,,,,,96.1,98.4,,,33.85248315,,3.3,2.9,,,,,,1.96005178,,4,103.8,4,112.1,22.9,14.1,26.6,17.1,,,4652.54,
underway_1200.29779664,29779664,200809020,2008-11-28T00:40:00,20081128004000,MULTIPOINT ((-57.2184 119.8642)),119.8642,-57.2184,220.9,,220.0012207,,15.2,,,,,,,980.97,,,29.84726214,,,,0.328,,,,,,,,,,,,,,,,,96.3,98.4,,,33.83982639,,3.3,2.9,,,,,,1.99360243,,356,100,1,110.5,25.7,18.6,28,19.1,,,0,
underway_1200.29779784,29779784,200809020,2008-11-28T01:00:00,20081128010000,MULTIPOINT ((-57.2815 119.7632)),119.7632,-57.2815,221.8,,219.96276855,,14.9,,,,,,,980.47,,,29.83198135,,,,0.2788,,,,,,,,,,,,,,,,,96.1,98.3,,,33.86758242,,3.2,2.8,,,,,,1.94979663,,356,93.1,3,111.1,21.8,15.3,26.1,16.8,,,4548.1,
underway_1200.29779904,29779904,200809020,2008-11-28T01:20:00,20081128012000,MULTIPOINT ((-57.3447 119.6624)),119.6624,-57.3447,220.5,,220.73181152,,15,,,,,,,979.86,,,29.85053842,,,,0.3854,,,,,,,,,,,,,,,,,96.4,98.6,,,33.85390738,,3.2,2.8,,,,,,1.9842846,,356,96,3,110.1,23.8,17.2,26.9,17.9,,,4635.65,
underway_1200.29780024,29780024,200809020,2008-11-28T01:40:00,20081128014000,MULTIPOINT ((-57.4082 119.5621)),119.5621,-57.4082,221.4,,220.55053711,,14.9,,,,,,,979.15,,,29.84835628,,,,0.2952,,,,,,,,,,,,,,,,,96.6,98.6,,,33.86714384,,3.1,2.8,,,,,,1.96937319,,352,94.8,1,110,23.9,17.7,26.6,17.6,,,4486.4,
underway_1200.29780144,29780144,200809020,2008-11-28T02:00:00,20081128020000,MULTIPOINT ((-57.4717 119.4613)),119.4613,-57.4717,221,,221.14379883,,15,,,,,,,978.56,,,29.83634696,,,,0.2378,,,,,,,,,,,,,,,,,96.9,98.7,,,33.8560769,,3.1,2.7,,,,,,1.96564479,,359,100.7,2,108.8,24,15.8,26.4,17.1,,,4343.81,
underway_1200.29780264,29780264,200809020,2008-11-28T02:20:00,20081128022000,MULTIPOINT ((-57.5356 119.3609)),119.3609,-57.5356,220.3,,219.21020508,,15.1,,,,,,,978.05,,,29.8276132,,,,0.246,,,,,,,,,,,,,,,,,96.7,98.7,,,33.85111366,,3.1,2.7,,,,,,1.96005178,,349,91.7,358,104.8,24.5,18.8,26,17.7,,,4637.93,
underway_1200.29780384,29780384,200809020,2008-11-28T02:40:00,20081128024000,MULTIPOINT ((-57.5996 119.2604)),119.2604,-57.5996,220.9,,220.61645508,,15,,,,,,,977.35,,,30.01429223,,,,0.2132,,,,,,,,,,,,,,,,,96.6,98.6,,,33.87357405,,3.1,2.7,,,,,,2.15737167,,353,89.5,1,105,21.9,16,24.4,15.6,,,4517.38,
underway_1200.29780504,29780504,200809020,2008-11-28T03:00:00,20081128030000,MULTIPOINT ((-57.6639 119.1596)),119.1596,-57.6639,220.2,,220.73730469,,14.9,,,,,,,977.06,,,29.84071448,,,,0.2214,,,,,,,,,,,,,,,,,96.7,98.6,,,33.86554981,,2.9,2.6,,,,,,1.96191617,,348,88.3,357,100.7,23.4,18.6,24.9,17.5,,,4634.08,
underway_1200.29780624,29780624,200809020,2008-11-28T03:20:00,20081128032000,MULTIPOINT ((-57.7289 119.0594)),119.0594,-57.7289,219.2,,220.04516602,,15.3,,,,,,,976.51,,,29.97935451,,,,0.1804,,,,,,,,,,,,,,,,,96.6,98.6,,,33.83395361,,2.8,2.6,,,,,,2.15365436,,339,79.3,351,93.8,23.7,21.2,25.6,19.5,,,4629.14,
underway_1200.29780744,29780744,200809020,2008-11-28T03:40:00,20081128034000,MULTIPOINT ((-57.7945 118.9574)),118.9574,-57.7945,219.7,,218.51806641,,15.5,,,,,,,976.01,,,29.85599746,,,,0.2378,,,,,,,,,,,,,,,,,97.4,98.5,,,33.86174859,,2.4,2.3,,,,,,1.98335274,,334,77.1,343,85.7,23.9,22.2,24.4,20.2,,,4626.63,
underway_1200.29780864,29780864,200809020,2008-11-28T04:00:00,20081128040000,MULTIPOINT ((-57.8603 118.8559)),118.8559,-57.8603,217.3,,218.81469727,,15.4,,,,,,,975.43,,,29.85927284,,,,0.1804,,,,,,,,,,,,,,,,,97.2,98.3,,,33.86585462,,2.4,2.2,,,,,,1.98335274,,317,64.5,328,72.6,25.4,27.5,25,24.5,,,4624.81,
underway_1200.29780984,29780984,200809020,2008-11-28T04:20:00,20081128042000,MULTIPOINT ((-57.9249 118.7621)),118.7621,-57.9249,201.4,,199.52819824,,11.6,,,,,,,975.53,,,29.86473198,,,,0.2214,,,,,,,,,,,,,,,,,96.6,98,,,33.87469535,,1.9,1.7,,,,,,1.98148898,,306,80.2,319,93.2,25.5,24.9,25.9,22.7,,,4621.81,
underway_1200.29781104,29781104,200809020,2008-11-28T04:40:00,20081128044000,MULTIPOINT ((-57.9628 118.7545)),118.7545,-57.9628,182.4,,190.57434082,,6.1,,,,,,,975.91,,,29.81233598,,,,0.2542,,,,,,,,,,,,,,,,,96.7,98,,,33.91800187,,1.9,1.4,,,,,,1.87983068,,301,90.8,313,107.6,17.8,15.9,21.7,18.4,,,4621.82,
underway_1200.29781224,29781224,200809020,2008-11-28T05:00:00,20081128050000,MULTIPOINT ((-58.0177 118.716)),118.716,-58.0177,220.2,,221.73706055,,14.9,,,,,,,975.21,,,29.80032103,,,,0.2214,,,,,,,,,,,,,,,,,96.3,97.8,,,33.84383759,,1.5,1.2,,,,,,1.93487707,,300,50.8,308,55.3,25.9,31.9,24.8,29.3,,,4613.92,
underway_1200.29781344,29781344,200809020,2008-11-28T05:20:00,20081128052000,MULTIPOINT ((-58.0804 118.616)),118.616,-58.0804,221.8,,224.04418945,,14.6,,,,,,,975.09,,,29.71517675,,,,0.1886,,,,,,,,,,,,,,,,,95.4,97.3,,,33.89410593,,1.5,1.3,,,,,,1.78829135,,295,43.2,300,45.3,24.1,31.5,22.8,29.4,,,4612.41,
underway_1200.29781464,29781464,200809020,2008-11-28T05:40:00,20081128054000,MULTIPOINT ((-58.1424 118.5127)),118.5127,-58.1424,222.2,,222.73681641,,15.1,,,,,,,975.03,,,29.72827671,,,,0.205,,,,,,,,,,,,,,,,,95.9,97.2,,,33.89654114,,1.6,1.4,,,,,,1.80137654,,289,42,293,43.6,24.3,33,22.9,30.9,,,4612.66,
underway_1200.29781584,29781584,200809020,2008-11-28T06:00:00,20081128060000,MULTIPOINT ((-58.2059 118.4081)),118.4081,-58.2059,220.1,,222.86865234,,15.5,,,,,,,975.72,,,29.77958931,,,,0.2788,,,,,,,,,,,,,,,,,95.2,96.8,,,33.95214647,,1.6,1.4,,,,,,1.80978701,,298,45.7,302,47.9,24.8,32.2,23.5,30.1,,,4532.7,
underway_1200.29781704,29781704,200809020,2008-11-28T06:20:00,20081128062000,MULTIPOINT ((-58.2703 118.2999)),118.2999,-58.2703,223.1,,223.69812012,,15.3,,,,,,,975.73,,,29.05914901,,,,0.2214,,,,,,,,,,,,,,,,,95.2,96.8,,,34.09785747,,1.5,1.3,,,,,,0.83038634,,295,45.7,300,47.8,23.9,32,22.5,29.8,,,4597.46,
underway_1200.29781824,29781824,200809020,2008-11-28T06:40:00,20081128064000,MULTIPOINT ((-58.3334 118.1912)),118.1912,-58.3334,221.7,,222.76428223,,15.5,,,,,,,975.86,,,29.06677333,,,,0.3116,,,,,,,,,,,,,,,,,94.9,96.7,,,33.9073323,,1.5,1.3,,,,,,1.01329939,,298,46.4,304,49.1,23.4,31.1,22.3,29,,,4600.3,
underway_1200.29781944,29781944,200809020,2008-11-28T07:00:00,20081128070000,MULTIPOINT ((-58.397 118.0815)),118.0815,-58.397,221.8,,222.73132324,,15.6,,,,,,,975.88,,,29.02420644,,,,0.1804,,,,,,,,,,,,,,,,,93.8,96.1,,,33.94032863,,1.5,1.3,,,,,,0.93280766,,294,44.6,300,47.7,23.3,31.6,22.4,29.6,,,4599.55,
underway_1200.29782064,29782064,200809020,2008-11-28T07:20:00,20081128072000,MULTIPOINT ((-58.4606 117.9714)),117.9714,-58.4606,222.4,,222.57202148,,15.4,,,,,,,975.69,,,28.81463371,,,,0.1804,,,,,,,,,,,,,,,,,93.3,95.5,,,33.90793356,,1.2,1.1,,,,,,0.71448618,,290,40.8,293,41.5,22.6,31.7,21.1,29.8,,,4590.99,
underway_1200.29782184,29782184,200809020,2008-11-28T07:40:00,20081128074000,MULTIPOINT ((-58.5241 117.86)),117.86,-58.5241,222.5,,222.2644043,,15.7,,,,,,,975.74,,,28.93579441,,,,0.2624,,,,,,,,,,,,,,,,,94.2,95.8,,,33.95367387,,1.2,1.1,,,,,,0.81614789,,290,39.4,292,39.8,21.1,30.9,19.8,29.2,,,4587.53,
underway_1200.29782304,29782304,200809020,2008-11-28T08:00:00,20081128080000,MULTIPOINT ((-58.5874 117.7479)),117.7479,-58.5874,222.8,,222.97851562,,15.4,,,,,,,975.49,,,28.77642923,,,,0.1886,,,,,,,,,,,,,,,,,93.7,95.6,,,33.88018633,,1.3,1.1,,,,,,0.69451447,,293,40.8,297,41.9,22.2,31.1,20.7,29.1,,,4576.62,
underway_1200.29782424,29782424,200809020,2008-11-28T08:20:00,20081128082000,MULTIPOINT ((-58.6514 117.6354)),117.6354,-58.6514,222.7,,222.77526855,,15.6,,,,,,,975.63,,,28.90631375,,,,0.2788,,,,,,,,,,,,,,,,,92.9,95.2,,,33.83876158,,1.4,1.2,,,,,,0.88635949,,300,46.3,306,49,23.1,30.8,22,28.6,,,4578.19,
underway_1200.29782544,29782544,200809020,2008-11-28T08:40:00,20081128084000,MULTIPOINT ((-58.7149 117.5227)),117.5227,-58.7149,222.2,,223.50036621,,15.5,,,,,,,975.56,,,29.00783171,,,,0.3608,,,,,,,,,,,,,,,,,93,95.1,,,33.91918669,,1.3,1.1,,,,,,0.93280766,,300,47.4,306,50.4,23,30.5,21.9,28.3,,,4576.76,
underway_1200.29782664,29782664,200809020,2008-11-28T09:00:00,20081128090000,MULTIPOINT ((-58.7785 117.4082)),117.4082,-58.7785,222.8,,221.94030762,,15.8,,,,,,,975.69,,,28.94998326,,,,0.3034,,,,,,,,,,,,,,,,,93.6,95.2,,,33.94397445,,1.1,1,,,,,,0.84177476,,303,48.1,310,51.8,20.9,28.1,20.3,26.1,,,4578.6,
underway_1200.29782784,29782784,200809020,2008-11-28T09:20:00,20081128092000,MULTIPOINT ((-58.8424 117.2927)),117.2927,-58.8424,221.7,,222.72033691,,15.8,,,,,,,975.47,,,28.92487647,,,,0.3854,,,,,,,,,,,,,,,,,93.6,95.2,,,33.92082177,,1.2,0.9,,,,,,0.83323364,,303,48,311,51.7,21,28.3,20.3,26.3,,,4573.79,
underway_1200.29782904,29782904,200809020,2008-11-28T09:40:00,20081128094000,MULTIPOINT ((-58.9058 117.1772)),117.1772,-58.9058,223,,223.38500977,,15.8,,,,,,,975.49,,,28.99255216,,,,0.2296,,,,,,,,,,,,,,,,,92.1,94.6,,,33.93986152,,1.2,1,,,,,,0.89584151,,299,44.2,305,46.1,20.7,28.9,19.5,26.9,,,4575.27,
underway_1200.29783024,29783024,200809020,2008-11-28T10:00:00,20081128100000,MULTIPOINT ((-58.9692 117.0617)),117.0617,-58.9692,222.1,,222.14355469,,15.7,,,,,,,975.4,,,28.93142564,,,,0.3936,,,,,,,,,,,,,,,,,92.2,94.4,,,33.92202954,,1.2,1,,,,,,0.83987684,,304,47.5,311,51.5,21.3,28.5,20.7,26.4,,,4574.15,
underway_1200.29783144,29783144,200809020,2008-11-28T10:20:00,20081128102000,MULTIPOINT ((-59.0321 116.9446)),116.9446,-59.0321,224.1,,223.06091309,,15.8,,,,,,,975.36,,,28.98381383,,,,0.4674,,,,,,,,,,,,,,,,,92.8,94.4,,,33.86853911,,1.1,0.9,,,,,,0.9508089,,306,47.8,312,50.7,19.9,27.2,19.1,25.3,,,4572.01,
underway_1200.29783264,29783264,200809020,2008-11-28T10:40:00,20081128104000,MULTIPOINT ((-59.1121 116.8823)),116.8823,-59.1121,194.7,,194.15039062,,15.6,,,,,,,975.52,,,29.0187473,,,,0.4182,,,,,,,,,,,,,,,,,,94.2,,,33.92292611,,,0.9,,,,,,0.94228264,,302,62.4,312,70.6,19.6,21.2,20.1,19,,,4572.12,
underway_1200.29783384,29783384,200809020,2008-11-28T11:00:00,20081128110000,MULTIPOINT ((-59.198 116.8479)),116.8479,-59.198,189.9,,189.05273438,,16,,,,,,,975.41,,,29.0165649,,,,0.5248,,,,,,,,,,,,,,,,,91.1,93.4,,,33.93046216,,1,0.8,,,,,,0.93280766,,299,63.9,309,71.9,19.6,20.6,20,18.3,,,4572.09,
underway_1200.29783504,29783504,200809020,2008-11-28T11:20:00,20081128112000,MULTIPOINT ((-59.2842 116.8203)),116.8203,-59.2842,188.3,,188.11889648,,15.8,,,,,,,975.2,,,29.00783636,,,,0.779,,,,,,,,,,,,,,,,,91.9,93.7,,,33.9731143,,0.9,0.8,,,,,,0.88351461,,303,64.7,313,73.1,18.4,18.7,19.1,16.6,,,4568.68,
underway_1200.29783624,29783624,200809020,2008-11-28T11:40:00,20081128114000,MULTIPOINT ((-59.3702 116.7917)),116.7917,-59.3702,190.3,,190.82702637,,15.5,,,,,,,975.03,,,28.57669381,,,,0.7052,,,,,,,,,,,,,,,,,92.5,94,,,33.91818479,,0.8,0.6,,,,,,0.42283666,,306,62.9,314,69.6,17.4,18,18,16.2,,,4570.5,
underway_1200.29783744,29783744,200809020,2008-11-28T12:00:00,20081128120000,MULTIPOINT ((-59.4566 116.761)),116.761,-59.4566,191,,190.23376465,,15.9,,,,,,,975.08,,,28.47409355,,,,0.7052,,,,,,,,,,,,,,,,,93.4,94.2,,,33.86163264,,0.6,0.5,,,,,,0.35210196,,311,69.9,320,77.6,19,17.6,19.4,15.5,,,4560.01,
underway_1200.29783864,29783864,200809020,2008-11-28T12:20:00,20081128121959,MULTIPOINT ((-59.5431 116.7288)),116.7288,-59.5431,190.5,,190.51391602,,15.7,,,,,,,975.06,,,28.44680709,,,,0.7216,,,,,,,,,,,,,,,,,93.7,94.2,,,33.85322336,,0.6,0.5,,,,,,0.32723018,,318,67.9,326,76.3,16.8,14.3,17.8,12.8,,,,
underway_1200.29783984,29783984,200809020,2008-11-28T12:40:00,20081128123959,MULTIPOINT ((-59.6294 116.697)),116.697,-59.6294,189.6,,190.20629883,,15.9,,,,,,,974.91,,,28.45444802,,,,0.8528,,,,,,,,,,,,,,,,,94,94.3,,,33.86431082,,0.6,0.4,,,,,,0.32627337,,315,58.7,323,66.7,15.1,14.3,16.2,12.9,,,,
underway_1200.29784104,29784104,200809020,2008-11-28T13:00:00,20081128130000,MULTIPOINT ((-59.7158 116.6645)),116.6645,-59.7158,190.1,,189.28344727,,16.1,,,,,,,974.91,,,28.621431,,,,0.8692,,,,,,,,,,,,,,,,,93.1,93.9,,,33.77130746,,0.6,0.5,,,,,,0.60980155,,315,68.2,324,78.4,17.9,15.9,19.2,14.2,,,,
underway_1200.29784224,29784224,200809020,2008-11-28T13:20:00,20081128132000,MULTIPOINT ((-59.8033 116.6305)),116.6305,-59.8033,190.3,,188.72314453,,16,,,,,,,974.59,,,28.7600605,,,,0.943,,,,,,,,,,,,,,,,,93.3,93.8,,,33.92153328,,0.6,0.6,,,,,,0.63741725,,316,73.8,325,85.6,19.2,16.5,20.8,15,,,,
underway_1200.29784344,29784344,200809020,2008-11-28T13:40:00,20081128134000,MULTIPOINT ((-59.8907 116.596)),116.596,-59.8907,191.4,,190.85998535,,16,,,,,,,974.51,,,28.77642666,,,,1.0414,,,,,,,,,,,,,,,,,93.8,94.2,,,33.84998279,,0.5,0.5,,,,,,0.72209277,,315,68.8,324,78,17.6,16.1,18.6,14.3,,,,
underway_1200.29784464,29784464,200809020,2008-11-28T14:00:00,20081128140000,MULTIPOINT ((-59.9776 116.5625)),116.5625,-59.9776,190.4,,189.94262695,,15.9,,,,,,,974.35,,,28.76224246,,,,1.6072,,,,,,,,,,,,,,,,,93.4,93.9,,,33.90974066,,0.5,0.4,,,,,,0.6507446,,312,64.6,322,75.7,16.9,16.3,18.3,14.4,,,,
underway_1200.29784584,29784584,200809020,2008-11-28T14:20:00,20081128142000,MULTIPOINT ((-60.0447 116.5361)),116.5361,-60.0447,190,,189.89868164,,9.3,,,,,,,974.15,,,28.7229365,,,,1.0168,,,,,,,,,,,,,,,,,92.7,93.3,,,33.76082485,,0.5,0.4,,,,,,0.74015473,,316,93.2,326,106.9,,14.1,18.1,13,,,,
underway_1200.29784704,29784704,200809020,2008-11-28T14:40:00,20081128144000,MULTIPOINT ((-60.0949 116.5181)),116.5181,-60.0949,190.5,,189.79431152,,9.1,,,,,,,974.22,,,28.90850566,,,,0.9594,,,,,,,,,,,,,,,,,91,92.1,,,33.94224461,,0.7,0.5,,,,,,0.79430931,,310,87.6,322,101.8,16.8,14.2,17.6,13.1,,,,
underway_1200.29784824,29784824,200809020,2008-11-28T15:00:00,20081128150000,MULTIPOINT ((-60.1361 116.5054)),116.5054,-60.1361,189.1,,191.88720703,,6,,,,,,,974.13,,,28.89104104,,,,0.861,,,,,,,,,,,,,,,,,89.7,91.8,,,33.93625701,,0.7,0.4,,,,,,0.77911276,,318,101.3,323,111,14.1,11.4,15.9,12.5,,,,
underway_1200.29784944,29784944,200809020,2008-11-28T15:20:00,20081128152000,MULTIPOINT ((-60.1845 116.4913)),116.4913,-60.1845,187.4,,189.04724121,,9.1,,,,,,,973.93,,,28.87685062,,,,0.9348,,,,,,,,,,,,,,,,,90.5,92,,,33.92618267,,0.5,0.4,,,,,,0.77151309,,315,85.8,326,101.8,14.2,11.3,15.6,10.7,,,,
underway_1200.29785064,29785064,200809020,2008-11-28T15:40:00,20081128154000,MULTIPOINT ((-60.2342 116.4778)),116.4778,-60.2342,185.9,,188.58032227,,9.1,,,,,,,973.75,,,28.88776518,,,,1.0086,,,,,,,,,,,,,,,,,88.4,90.3,,,33.92056209,,0.5,0.4,,,,,,0.78956078,,308,81.7,320,98.6,15.1,13.1,16.7,12.5,,,,
underway_1200.29785184,29785184,200809020,2008-11-28T16:00:00,20081128160000,MULTIPOINT ((-60.2838 116.4662)),116.4662,-60.2838,185.5,,188.80004883,,9,,,,,,,973.81,,,28.88776509,,,,0.9266,,,,,,,,,,,,,,,,,86.5,88.4,,,33.91952173,,0.4,0.3,,,,,,0.79051052,,308,84.3,320,100.1,15.8,13.2,17.2,12.6,,,,
underway_1200.29785304,29785304,200809020,2008-11-28T16:20:00,20081128162000,MULTIPOINT ((-60.333 116.4558)),116.4558,-60.333,186.2,,189.58007812,,8.9,,,,,,,973.4,,,28.90959515,,,,0.9512,,,,,,,,,,,,,,,,,83.7,85.6,,,33.91869582,,0.6,0.4,,,,,,0.81709722,,313,94.2,323,105.7,17.7,14.1,18,13,,,,
underway_1200.29785424,29785424,200809020,2008-11-28T16:40:00,20081128164000,MULTIPOINT ((-60.3815 116.4454)),116.4454,-60.3815,187.6,,190.17333984,,8.7,,,,,,,973.18,,,28.89868029,,,,0.9348,,,,,,,,,,,,,,,,,84.9,86.2,,,33.92118794,,0.6,0.4,,,,,,0.8019062,,321,96.8,328,108.3,15.5,11.4,16.7,11.4,,,,
underway_1200.29785544,29785544,200809020,2008-11-28T17:00:00,20081128170000,MULTIPOINT ((-60.4313 116.4311)),116.4311,-60.4313,188.8,,191.29943848,,9.3,,,,,,,973.29,,,28.77752476,,,,1.0988,,,,,,,,,,,,,,,,,86,87.1,,,33.92753798,,0.5,0.3,,,,,,0.65264827,,311,84.2,325,103.2,16.2,13.7,17.6,12.6,,,,
underway_1200.29785664,29785664,200809020,2008-11-28T17:20:00,20081128172000,MULTIPOINT ((-60.4804 116.4174)),116.4174,-60.4804,164.2,,168.20068359,,6.8,,,,,,,973.06,,,28.48609347,,,,1.5006,,,,,,,,,,,,,,,,,88.6,88.4,,,33.79220233,,0.4,0.2,,,,,,0.42952362,,316,122.8,316,127.8,13.5,8,15.9,10.2,,,,
underway_1200.29785784,29785784,200809020,2008-11-28T17:40:00,20081128174000,MULTIPOINT ((-60.5311 116.4068)),116.4068,-60.5311,189.9,,191.43127441,,12.4,,,,,,,973.04,,,28.62907898,,,,1.2218,,,,,,,,,,,,,,,,,88.9,89,,,33.86275908,,0.1,0.1,,,,,,0.5354642,,309,72.6,320,85.9,16.8,15.2,18.1,13.8,,,,
underway_1200.29785904,29785904,200809020,2008-11-28T18:00:00,20081128180000,MULTIPOINT ((-60.5987 116.3893)),116.3893,-60.5987,188.7,,188.8659668,,12.4,,,,,,,972.88,,,28.30711222,,,,2.05,,,,,,,,,,,,,,,,,89.8,89.8,,,33.92879554,,0.1,0.1,,,,,,0.09237265,,313,75,322,86.6,16.2,13.8,17.4,12.7,,,,
underway_1200.29786024,29786024,200809020,2008-11-28T18:20:00,20081128182000,MULTIPOINT ((-60.6642 116.3514)),116.3514,-60.6642,190.9,,191.96960449,,12.9,,,,,,,972.64,,,28.07462844,,,,2.091,,,,,,,,,,,,,,,,,89.8,90.1,,,33.6945765,,0.1,0.1,,,,,,0.02606893,,310,70.9,319,78.8,16.7,15,17.1,13.4,,,,
underway_1200.29786144,29786144,200809020,2008-11-28T18:40:00,20081128184000,MULTIPOINT ((-60.7374 116.338)),116.338,-60.7374,182.6,,184.26269531,,13.8,,,,,,,972.57,,,27.69484328,,,,2.8208,,,,,,,,,,,,,,,,,90.5,90.5,,,33.65091678,,0,0,,,,,,-0.39163323,,310,68.2,318,76.8,15.3,13.2,16.1,11.7,,,,
underway_1200.29786264,29786264,200809020,2008-11-28T19:00:00,20081128190000,MULTIPOINT ((-60.8142 116.3149)),116.3149,-60.8142,189.1,,190.03051758,,14.1,,,,,,,972.41,,,27.40348823,,,,3.2882,,,,,,,,,,,,,,,,,91.4,91.5,,,33.81131801,,-0.1,-0.2,,,,,,-0.88725087,,309,62.7,317,70.4,15.3,14.9,16.1,13.4,,,,
underway_1200.29786384,29786384,200809020,2008-11-28T19:20:00,20081128192000,MULTIPOINT ((-60.892 116.2859)),116.2859,-60.892,189.6,,190.10192871,,14.4,,,,,,,972.06,,,27.27252996,,,,2.9028,,,,,,,,,,,,,,,,,92.1,,,,33.67160077,,-0.2,,,,,,,-0.92140987,,309,61.6,317,68.6,14.9,14.8,15.6,13.4,,,,
underway_1200.29786504,29786504,200809020,2008-11-28T19:40:00,20081128194000,MULTIPOINT ((-60.971 116.2591)),116.2591,-60.971,190.5,,189.67895508,,14.7,,,,,,,972.13,,,27.30089747,,,,2.6076,,,,,,,,,,,,,,,,,92.2,92.7,,,33.6195422,,-0.4,-0.4,,,,,,-0.84043492,,307,58.5,315,65.3,14.2,15.1,15,13.7,,,,
underway_1200.29786624,29786624,200809020,2008-11-28T20:00:00,20081128200000,MULTIPOINT ((-61.0506 116.2304)),116.2304,-61.0506,189.6,,189.40979004,,14.6,,,,,,,972.03,,,27.23106426,,,,2.7388,,,,,,,,,,,,,,,,,92.3,93,,,33.6753804,,-0.5,-0.5,,,,,,-0.97512648,,307,57.1,315,63.4,14,15,14.7,13.6,,,,
underway_1200.29786744,29786744,200809020,2008-11-28T20:20:00,20081128202000,MULTIPOINT ((-61.1286 116.1922)),116.1922,-61.1286,209.2,,208.16894531,,14.5,,,,,,,971.86,,,27.15577145,,,,2.788,,,,,,,,,,,,,,,,,93.1,93.7,,,33.67476245,,-0.6,-0.7,,,,,,-1.06606282,,311,51.4,319,56.4,14.3,17.9,14.7,16.5,,,,
underway_1200.29786864,29786864,200809020,2008-11-28T20:40:00,20081128204000,MULTIPOINT ((-61.1965 116.1176)),116.1176,-61.1965,201.3,,196.20483398,,11.6,,,,,,,971.96,,,27.14049425,,,,3.5834,,,,,,,,,,,,,,,,,94.2,94.3,,,33.66818675,,-0.7,-0.8,,,,,,-1.07878503,,312,65.7,321,73.6,13.6,13.8,14,12.3,,,,
underway_1200.29786984,29786984,200809020,2008-11-28T21:00:00,20081128210000,MULTIPOINT ((-61.2358 116.0551)),116.0551,-61.2358,198.4,,210.33325195,,6.8,,,,,,,971.92,,,27.04992618,,,,3.362,,,,,,,,,,,,,,,,,95.3,94.9,,,33.66763109,,-0.9,-1,,,,,,-1.18850055,,313,66.2,323,74.5,12,11.3,11.8,10.1,,,,
underway_1200.29787104,29787104,200809020,2008-11-28T21:20:00,20081128212000,MULTIPOINT ((-61.2534 115.9909)),115.9909,-61.2534,204.3,,212.1295166,,6.7,,,,,,,971.8,,,27.13940303,,,,2.4682,,,,,,,,,,,,,,,,,96.5,95.5,,,33.66779546,,-1,-1,,,,,,-1.07976377,,320,74.3,330,83.1,12.4,11.7,12.3,10.5,,,,
underway_1200.29787224,29787224,200809020,2008-11-28T21:40:00,20081128214000,MULTIPOINT ((-61.2678 115.9305)),115.9305,-61.2678,245,,254.33349609,,4.7,,,,,,,971.5,,,27.14377025,,,,2.7224,,,,,,,,,,,,,,,,,97.4,95.9,,,33.6990749,,-1,-1,,,,,,-1.10227908,,318,45.9,322,48.3,14,16.1,13.1,15,,,,
underway_1200.29787344,29787344,200809020,2008-11-28T22:00:00,20081128220000,MULTIPOINT ((-61.3028 115.8912)),115.8912,-61.3028,210.2,,214.28283691,,9.2,,,,,,,971.51,,,27.1819543,,,,1.9106,,,,,,,,,,,,,,,,,97.9,96.3,,,33.60084265,,-1,-1.1,,,,,,-0.96828722,,317,61.2,326,69,13.1,13.9,13.3,12.5,,,,
underway_1200.29787464,29787464,200809020,2008-11-28T22:20:00,20081128221959,MULTIPOINT ((-61.3462 115.8434)),115.8434,-61.3462,209.3,,210.83312988,,9,,,,,,,971.44,,,27.33364131,,,,1.6236,,,,,,,,,,,,,,,,,97.9,96.6,,,33.70982749,,-1,-1,,,,,,-0.88139694,,314,70.5,325,79.3,15.2,15.3,15,13.6,,,,
underway_1200.29787584,29787584,200809020,2008-11-28T22:40:00,20081128224000,MULTIPOINT ((-61.3992 115.787)),115.787,-61.3992,204.3,,202.42858887,,13.3,,,,,,,971.13,,,27.29217111,,,,1.7958,,,,,,,,,,,,,,,,,97.8,96.9,,,33.66222924,,-0.9,-1.1,,,,,,-0.8892023,,313,59.8,322,66.8,14.7,16.2,15.2,14.6,,,,
underway_1200.29787704,29787704,200809020,2008-11-28T23:00:00,20081128225959,MULTIPOINT ((-61.4653 115.7189)),115.7189,-61.4653,210.9,,212.11303711,,13.3,,,,,,,970.84,,,27.35546969,,,,1.6482,,,,,,,,,,,,,,,,,97.9,97.3,,,33.75810137,,-0.9,-1.1,,,,,,-0.89798452,,316,54.9,325,61.7,14.5,16.9,15.1,15.4,,,,
underway_1200.29787824,29787824,200809020,2008-11-28T23:20:00,20081128232000,MULTIPOINT ((-61.5308 115.6473)),115.6473,-61.5308,209.1,,210.39367676,,13.3,,,,,,,970.84,,,27.48092909,,,,,,,,,,,,,,,,,,,,,97.9,97.3,,,33.34332991,,-0.9,-1.1,,,,,,-0.3722778,,311,51.5,319,57,14,17.4,14.3,16,,,,
underway_1200.29787943,29787943,200809020,2008-11-28T23:40:00,20081128234000,MULTIPOINT ((-61.5955 115.5783)),115.5783,-61.5955,202.3,,202.35168457,,13.5,-0.24,-0.47,1.48,0.61,,,970.81,,,27.41221101,,,,1.189,,,,,,,,,,,,,,,,,98.1,97.6,,,33.72142461,,-0.9,-1.1,,,,,,-0.79657715,,313,52.2,320,57.5,12.8,15.1,13.2,13.8,,,,
underway_1200.29788063,29788063,200809020,2008-11-29T00:00:00,20081129000000,MULTIPOINT ((-61.6629 115.5181)),115.5181,-61.6629,195.6,,195.05126953,,13.3,,,,,,,970.61,,,27.49842799,,,,1.3202,,,,,,,,,,,,,,,,,98,97.8,,,33.82626491,,-0.9,-1.1,,,,,,-0.78586109,,310,51.7,317,56.3,11.5,13.2,12,12.1,,,,
underway_1200.29788183,29788183,200809020,2008-11-29T00:20:00,20081129002000,MULTIPOINT ((-61.7316 115.4682)),115.4682,-61.7316,193.7,,196.39160156,,12.9,,,,,,,970.35,,,27.5191631,,,,0.8774,,,,,,,,,,,,,,,,,98.1,98,,,33.84124032,,-0.7,-1.1,,,,,,-0.77417296,,308,51.1,314,55.5,12.7,14.1,13,13,,,,
underway_1200.29788303,29788303,200809020,2008-11-29T00:40:00,20081129004000,MULTIPOINT ((-61.7966 115.4037)),115.4037,-61.7966,203,,205.04333496,,13,,,,,,,970.17,,,27.59991895,,,,0.738,,,,,,,,,,,,,,,,,97.9,98.1,,,33.86640586,,-0.8,-1,,,,,,-0.69922662,,305,44.2,310,45.4,11.3,15.5,11.1,14.6,,,4264.92,
underway_1200.29788423,29788423,200809020,2008-11-29T01:00:00,20081129010000,MULTIPOINT ((-61.8627 115.3465)),115.3465,-61.8627,203.1,,204.41711426,,12.9,,,,,,,969.89,,,27.71123919,,,,0.779,,,,,,,,,,,,,,,,,98,98,,,33.97973422,,-0.8,-1,,,,,,-0.66616231,,303,45.3,309,47.4,12.1,16.2,11.9,15.1,,,4287.78,
underway_1200.29788543,29788543,200809020,2008-11-29T01:20:00,20081129012000,MULTIPOINT ((-61.9255 115.2933)),115.2933,-61.9255,204.3,,206.6418457,,9.1,,,,,,,969.94,,,27.80617628,,,,0.7052,,,,,,,,,,,,,,,,,98.2,98.1,,,33.89957015,,-0.8,-1.1,,,,,,-0.48074608,,299,49.8,306,53.9,10.7,13.5,10.5,12.4,,,4268.54,
underway_1200.29788663,29788663,200809020,2008-11-29T01:40:00,20081129014000,MULTIPOINT ((-61.9635 115.2719)),115.2719,-61.9635,190.2,,191.56311035,,6.8,,,,,,,969.76,,,27.73087707,,,,0.7544,,,,,,,,,,,,,,,,,98.1,98.1,,,33.91126659,,-0.9,-1.1,,,,,,-0.58163687,,301,73.7,311,83.4,11.3,11,11.4,9.8,,,4277.76,
underway_1200.29788783,29788783,200809020,2008-11-29T02:00:00,20081129020000,MULTIPOINT ((-61.9992 115.2591)),115.2591,-61.9992,163.9,,161.7791748,,6.7,,,,,,,969.7,,,27.77671277,,,,0.7872,,,,,,,,,,,,,,,,,97.9,98.1,,,33.92294579,,-0.9,-1.1,,,,,,-0.53699183,,300,106.8,303,112.7,11.1,7.6,11.7,7.8,,,,
underway_1200.29788903,29788903,200809020,2008-11-29T02:20:00,20081129022000,MULTIPOINT ((-62.0412 115.2497)),115.2497,-62.0412,197.2,,201.86828613,,9.8,,,,,,,969.45,,,27.84328315,,,,0.7954,,,,,,,,,,,,,,,,,97.9,98,,,33.92555759,,-0.8,-1.2,,,,,,-0.45942483,,285,43.7,289,44.5,11.6,15.6,10.8,14.4,,,,
underway_1200.29789023,29789023,200809020,2008-11-29T02:40:00,20081129024000,MULTIPOINT ((-62.0762 115.2387)),115.2387,-62.0762,185.6,,189.50317383,,5.9,,,,,,,969.36,,,27.85419991,,,,0.8856,,,,,,,,,,,,,,,,,98.1,98.3,,,33.96955413,,-0.8,-1.2,,,,,,-0.48559285,,277,53.5,285,59.3,9.3,11,9.2,10.2,,,,
underway_1200.29789143,29789143,200809020,2008-11-29T03:00:00,20081129030000,MULTIPOINT ((-62.1081 115.2223)),115.2223,-62.1081,192.5,,197.49023438,,5.7,,,,,,,969.18,,,27.88693989,,,,0.4756,,,,,,,,,,,,,,,,,98.1,98.3,,,33.97225449,,-0.7,-1.1,,,,,,-0.44876696,,276,48.5,282,51.9,9.2,11.5,8.9,10.8,,,,
underway_1200.29789263,29789263,200809020,2008-11-29T03:20:00,20081129032000,MULTIPOINT ((-62.1463 115.2172)),115.2172,-62.1463,182.8,,182.2467041,,9.2,,,,,,,969.04,,,27.87711758,,,,0.5002,,,,,,,,,,,,,,,,,98.1,98.3,,,33.96775024,,-1.2,-1.1,,,,,,-0.45651796,,262,29.4,260,25.1,5.8,11.8,4.9,11.4,,,,
underway_1200.29789383,29789383,200809020,2008-11-29T03:40:00,20081129034000,MULTIPOINT ((-62.1973 115.2038)),115.2038,-62.1973,191.5,,188.65722656,,9.4,,,,,,,968.96,,,27.81272163,,,,0.6068,,,,,,,,,,,,,,,,,98.3,98,,,33.86826281,,-1.3,-1.2,,,,,,-0.44489182,,252,26.7,247,22.3,6.5,13.7,5.4,13.2,,,,
underway_1200.29789503,29789503,200809020,2008-11-29T04:00:00,20081129040000,MULTIPOINT ((-62.2473 115.191)),115.191,-62.2473,181.1,,181.31286621,,8.8,,,,,,,968.88,,,27.8400119,,,,0.5002,,,,,,,,,,,,,,,,,98.5,98.3,,,33.95917541,,-1.3,-1.2,,,,,,-0.49334845,,231,22.9,224,18.3,8,15.3,7.1,14.9,,,,
underway_1200.29789623,29789623,200809020,2008-11-29T04:20:00,20081129042000,MULTIPOINT ((-62.2932 115.179)),115.179,-62.2932,179.8,,175.90209961,,8.5,,,,,,,968.95,,,27.83891643,,,,0.3854,,,,,,,,,,,,,,,,,98.2,98,,,33.90776387,,-2.2,-2.2,,,,,,-0.44876696,,169,357,152,347.2,10.4,18.7,11,18.9,,,,
underway_1200.29789743,29789743,200809020,2008-11-29T04:40:00,20081129044000,MULTIPOINT ((-62.3428 115.1574)),115.1574,-62.3428,188.9,,192.3046875,,9.9,,,,,,,968.85,,,27.7930898,,,,0.4838,,,,,,,,,,,,,,,,,97.9,97.9,,,34.01479857,,-2.6,-2.6,,,,,,-0.59911543,,159,340,150,333.7,11.5,20.6,13.1,21.6,,,,
underway_1200.29789863,29789863,200809020,2008-11-29T05:00:00,20081129050000,MULTIPOINT ((-62.3948 115.1358)),115.1358,-62.3948,184.7,,180.21972656,,9.1,,,,,,,968.74,,,27.7821671,,,,0.5986,,,,,,,,,,,,,,,,,97.7,98,,,33.89551012,,-2.7,-2.7,,,,,,-0.50595338,,151,345.9,140,338.1,10.8,19.1,12.2,19.8,,,,
underway_1200.29789983,29789983,200809020,2008-11-29T05:20:00,20081129052000,MULTIPOINT ((-62.4503 115.1057)),115.1057,-62.4503,191.6,,190.18432617,,11.6,,,,,,,968.66,,,27.79635962,,,,0.5576,,,,,,,,,,,,,,,,,96.7,97.5,,,33.96355365,,-3,-3,,,,,,-0.54960565,,153,339.4,145,333.8,15.1,25.2,16.8,26.2,,,4046.23,
underway_1200.29790103,29790103,200809020,2008-11-29T05:40:00,20081129054000,MULTIPOINT ((-62.5188 115.0806)),115.0806,-62.5188,188.6,,186.58081055,,13.3,,,,,,,968.59,,,27.79854222,,,,0.5986,,,,,,,,,,,,,,,,,96.7,97.6,,,33.96322502,,-3.4,-3.5,,,,,,-0.54669454,,158,345.8,146,338.7,14.7,27,16.4,27.7,,,4009.24,
underway_1200.29790223,29790223,200809020,2008-11-29T06:00:00,20081129060000,MULTIPOINT ((-62.592 115.0551)),115.0551,-62.592,188.7,,187.0916748,,13.4,,,,,,,968.62,,,27.7450649,,,,0.5002,,,,,,,,,,,,,,,,,95.6,97.1,,,33.92276557,,-3.6,-3.7,,,,,,-0.57484098,,158,346.5,147,339.5,13.4,25.9,15,26.6,,,3970.54,
underway_1200.29790343,29790343,200809020,2008-11-29T06:20:00,20081129062000,MULTIPOINT ((-62.6657 115.03)),115.03,-62.6657,186.7,,185.22949219,,13.5,,,,,,,968.64,,,27.59228636,,,,0.5986,,,,,,,,,,,,,,,,,96.1,97.3,,,33.945831,,-3.7,-3.8,,,,,,-0.77904274,,159,346.6,146,339.3,12.7,25.3,14.3,26,,,3916.13,
underway_1200.29790463,29790463,200809020,2008-11-29T06:40:00,20081129064000,MULTIPOINT ((-62.7251 114.9813)),114.9813,-62.7251,215.2,,213.16772461,,9.2,,,,,,,968.8,,,27.63812126,,,,0.7708,,,,,,,,,,,,,,,,,94.8,97,,,33.96077244,,-3.9,-3.9,,,,,,-0.73717511,,158,325.5,155,322.2,15.8,22.2,17.5,23.5,,,3876.61,
underway_1200.29790583,29790583,200809020,2008-11-29T07:00:00,20081129070000,MULTIPOINT ((-62.7692 114.9497)),114.9497,-62.7692,174.6,,173.27087402,,9.6,,,,,,,968.76,,,27.54426948,,,,0.8774,,,,,,,,,,,,,,,,,95.2,96.9,,,33.9333949,,-4,-4.2,,,,,,-0.82581221,,156,350.1,144,342.8,14.9,24.2,15.8,24.6,,,3818.5,
underway_1200.29790703,29790703,200809020,2008-11-29T07:20:00,20081129072000,MULTIPOINT ((-62.814 114.9188)),114.9188,-62.814,192.4,,189.56359863,,8.4,,,,,,,968.71,,,27.58356099,,,,1.1234,,,,,,,,,,,,,,,,,95.4,96.7,,,34.00656109,,-4,-4.1,,,,,,-0.84335988,,162,343.4,153,337.1,14.7,22.5,16.1,23.4,,,3764.5,
underway_1200.29790823,29790823,200809020,2008-11-29T07:40:00,20081129074000,MULTIPOINT ((-62.864 114.8649)),114.8649,-62.864,207.7,,206.57592773,,10.9,,,,,,,968.7,,,27.53008457,,,,1.2054,,,,,,,,,,,,,,,,,93.6,96.8,,,33.9526166,,-4.1,-4.2,,,,,,-0.85993726,,152,326.4,147,322.1,17.3,25.1,19.2,26.4,,,3730.18,
underway_1200.29790943,29790943,200809020,2008-11-29T08:00:00,20081129080000,MULTIPOINT ((-62.9208 114.8041)),114.8041,-62.9208,196.1,,194.54589844,,11.5,,,,,,,968.71,,,27.59229108,,,,1.0906,,,,,,,,,,,,,,,,,94.1,96.9,,,34.00520176,,-3.8,-4,,,,,,-0.83166088,,159,339,151,333.5,17.1,27.1,18.7,28,,,3713.51,
underway_1200.29791063,29791063,200809020,2008-11-29T08:20:00,20081129082000,MULTIPOINT ((-62.9815 114.7617)),114.7617,-62.9815,212.1,,210.88256836,,12.2,,,,,,,968.65,,,27.53226899,,,,0.6888,,,,,,,,,,,,,,,,,92,96.4,,,33.97651205,,-3.8,-4.1,,,,,,-0.87847018,,161,329.3,156,325,19.7,28.9,21.7,30.2,,,3689.44,
underway_1200.29791183,29791183,200809020,2008-11-29T08:40:00,20081129084000,MULTIPOINT ((-63.0405 114.6781)),114.6781,-63.0405,213.6,,211.09130859,,12.7,,,,,,,968.55,,,27.59556552,,,,1.4596,,,,,,,,,,,,,,,,,89.8,93.8,,,34.01295365,,-3.8,-3.8,,,,,,-0.83458542,,156,325.1,153,321.5,22.5,31.2,24.6,32.7,,,3666.26,
underway_1200.29791303,29791303,200809020,2008-11-29T09:00:00,20081129090000,MULTIPOINT ((-63.101 114.589)),114.589,-63.101,213,,209.90478516,,13.5,,,,,,,968.65,,,27.64031176,,,,1.025,,,,,,,,,,,,,,,,,86.4,91.3,,,34.06050244,,-3.6,-3.6,,,,,,-0.82288808,,157,330.3,151,325.7,18.2,28,20,29,,,3637.53,
underway_1200.29791423,29791423,200809020,2008-11-29T09:20:00,20081129092000,MULTIPOINT ((-63.1643 114.5046)),114.5046,-63.1643,208.1,,205.09277344,,13.5,,,,,,,968.79,,,27.58137961,,,,1.6482,,,,,,,,,,,,,,,,,84.1,89,,,34.02123334,,-3.7,-3.7,,,,,,-0.85896199,,161,334.9,156,330.7,18.9,29.8,20.9,31.1,,,3557.04,
underway_1200.29791543,29791543,200809020,2008-11-29T09:40:00,20081129094000,MULTIPOINT ((-63.2297 114.4251)),114.4251,-63.2297,207.3,,203.16467285,,13.5,,,,,,,968.88,,,27.54318648,,,,1.722,,,,,,,,,,,,,,,,,86.2,89.9,,,34.03773097,,-3.8,-3.8,,,,,,-0.91945742,,158,333.8,154,329.6,22.2,32.8,24.1,33.9,,,3442.18,
underway_1200.29791663,29791663,200809020,2008-11-29T10:00:00,20081129100000,MULTIPOINT ((-63.2923 114.3358)),114.3358,-63.2923,216.2,,216.79321289,,13.2,,,,,,,969.08,,,27.53336421,,,,1.2792,,,,,,,,,,,,,,,,,88.3,92.7,,,34.02656586,,-3.9,-4,,,,,,-0.92140987,,163,325.1,160,321.3,24,33.4,26.4,35.1,,,3348.48,
underway_1200.29791783,29791783,200809020,2008-11-29T10:20:00,20081129102000,MULTIPOINT ((-63.3502 114.23)),114.23,-63.3502,210.7,,207.33947754,,13.5,,,,,,,968.92,,,27.52790844,,,,1.2382,,,,,,,,,,,,,,,,,82.6,87,,,34.0335085,,-3.7,-3.6,,,,,,-0.93410231,,162,330.9,158,326.9,26.7,37,28.9,38.5,,,3276.29,
underway_1200.29791903,29791903,200809020,2008-11-29T10:40:00,20081129104000,MULTIPOINT ((-63.4154 114.1465)),114.1465,-63.4154,208.4,,203.01086426,,13.8,,,,,,,969.39,,,27.53664002,,,,2.0418,,,,,,,,,,,,,,,,,81.8,84.6,,,34.05204414,,-3.7,-3.7,,,,,,-0.93996123,,144,323.6,141,320.2,23,31.6,25.1,33.1,,,3190.1,
underway_1200.29792023,29792023,200809020,2008-11-29T11:00:00,20081129110000,MULTIPOINT ((-63.4797 114.0598)),114.0598,-63.4797,210.8,,206.25183105,,13.6,,,,,,,969.25,,,27.52245399,,,,2.8536,,,,,,,,,,,,,,,,,77.7,79.7,,,34.05706835,,-3.6,-3.5,,,,,,-0.96144873,,156,327.4,152,323.2,26.9,36.5,29.4,38.2,,,3230.21,
underway_1200.29792143,29792143,200809020,2008-11-29T11:20:00,20081129112000,MULTIPOINT ((-63.5444 113.974)),113.974,-63.5444,210.8,,207.32299805,,13.6,,,,,,,969.54,,,27.53555012,,,,3.5834,,,,,,,,,,,,,,,,,76.6,78.6,,,34.06938523,,-3.7,-3.6,,,,,,-0.95656455,,151,322,147,317.9,28.1,36.8,30.9,38.8,,,3220.99,
underway_1200.29792263,29792263,200809020,2008-11-29T11:40:00,20081129114000,MULTIPOINT ((-63.6138 113.9119)),113.9119,-63.6138,201.6,,197.82531738,,13.3,,,,,,,969.39,,,27.47771475,,,,4.141,,,,,,,,,,,,,,,,,74.7,76.6,,,34.08699445,,-3.5,-3.5,,,,,,-1.0416044,,162,337.2,155,332,27.4,38.7,29.6,40.1,,,3151.79,
underway_1200.29792383,29792383,200809020,2008-11-29T12:00:00,20081129120000,MULTIPOINT ((-63.6825 113.8551)),113.8551,-63.6825,224,,220.39672852,,13.5,,,,,,,969.42,,,27.51154378,,,,3.5752,,,,,,,,,,,,,,,,,72.1,73.6,,,34.08765433,,-3.4,-3.3,,,,,,-1.00151356,,156,316.7,153,313.5,28.7,36.1,31.1,37.9,,,3027.24,
underway_1200.29792503,29792503,200809020,2008-11-29T12:20:00,20081129122000,MULTIPOINT ((-63.7344 113.746)),113.746,-63.7344,230.7,,227.12036133,,9.3,,,,,,,970.17,,,27.46461709,,,,3.8376,,,,,,,,,,,,,,,,,75.2,76.2,,,34.05354176,,-3.3,-3.2,,,,,,-1.02791192,,165,315.4,163,312.8,27.4,32.3,29.4,34,,,3078.28,
underway_1200.29792623,29792623,200809020,2008-11-29T12:40:00,20081129124000,MULTIPOINT ((-63.7754 113.6857)),113.6857,-63.7754,204.4,,196.01806641,,9.5,,,,,,,970.28,,,27.16779204,,,,3.4276,,,,,,,,,,,,,,,,,81,80.9,,,33.8981143,,-4,-4,,,,,,-1.24931997,,167,343.8,159,337.7,20.1,28.4,21.5,29.1,,,0,
underway_1200.29792743,29792743,200809020,2008-11-29T13:00:00,20081129130000,MULTIPOINT ((-63.8227 113.6604)),113.6604,-63.8227,187.3,,180.73059082,,7.2,,,,,,,970,,,27.32820812,,,,3.034,,,,,,,,,,,,,,,,,80.4,81.2,,,34.00138236,,-4.1,-4.1,,,,,,-1.14635455,,153,339.5,147,334.1,25.5,31.9,27,32.9,,,0,
underway_1200.29792863,29792863,200809020,2008-11-29T13:20:00,20081129132000,MULTIPOINT ((-63.8885 113.6289)),113.6289,-63.8885,188.8,,183.20800781,,13.1,,,,,,,969.84,,,27.34566808,,,,3.1898,,,,,,,,,,,,,,,,,76.9,78.6,,,34.00527878,,-3.8,-3.7,,,,,,-1.12872058,,159,344.7,150,337.8,31.8,43.8,33.8,44.9,,,3151.87,
underway_1200.29792983,29792983,200809020,2008-11-29T13:40:00,20081129134000,MULTIPOINT ((-63.9597 113.6044)),113.6044,-63.9597,192.4,,188.44299316,,13.1,,,,,,,969.71,,,27.33912209,,,,2.829,,,,,,,,,,,,,,,,,75.3,76.7,,,34.02302376,,-3.6,-3.6,,,,,,-1.15223366,,156,338,148,331.7,31.5,42.8,33.6,44,,,3104.26,
underway_1200.29793103,29793103,200809020,2008-11-29T14:00:00,20081129140000,MULTIPOINT ((-64.0253 113.5338)),113.5338,-64.0253,230.2,,226.37878418,,13.8,,,,,,,969.91,,,27.36312712,,,,1.9352,,,,,,,,,,,,,,,,,73.4,75.7,,,33.99694535,,-3.4,-3.3,,,,,,-1.1003209,,151,306.8,152,306.3,30.1,35.3,32.5,37.7,,,3013.63,
underway_1200.29793223,29793223,200809020,2008-11-29T14:20:00,20081129142000,MULTIPOINT ((-64.0786 113.4139)),113.4139,-64.0786,217.2,,212.84362793,,13.6,,,,,,,970,,,27.30528788,,,,2.5748,,,,,,,,,,,,,,,,,71.7,74.3,,,33.94330401,,-3.2,-3.2,,,,,,-1.12284371,,154,320.8,151,317.6,27.5,35.7,30,37.6,,,2924.32,
underway_1200.29793343,29793343,200809020,2008-11-29T14:40:00,20081129144000,MULTIPOINT ((-64.1414 113.3231)),113.3231,-64.1414,206.7,,201.73095703,,13.4,,,,,,,970.09,,,27.3118347,,,,2.2878,,,,,,,,,,,,,,,,,68.5,71,,,33.93672984,,-3,-3,,,,,,-1.1091332,,157,329.6,153,325.6,30.9,40.8,33.2,42.5,,,2944.5,
underway_1200.29793463,29793463,200809020,2008-11-29T15:00:00,20081129150000,MULTIPOINT ((-64.2078 113.2491)),113.2491,-64.2078,206.2,,203.35693359,,13.2,,,,,,,969.85,,,27.32274715,,,,2.4928,,,,,,,,,,,,,,,,,68,70.2,,,33.93946234,,-3,-2.9,,,,,,-1.09836279,,159,327.8,155,324.2,35.6,45.6,38.3,47.7,,,2872.27,
underway_1200.29793583,29793583,200809020,2008-11-29T15:20:00,20081129152000,MULTIPOINT ((-64.2748 113.1758)),113.1758,-64.2748,203.2,,200.01708984,,13.5,,,,,,,970.26,,,27.37403819,,,,3.0668,,,,,,,,,,,,,,,,,72.9,73.4,,,33.98078507,,-2.9,-2.9,,,,,,-1.07291292,,160,335.2,156,331.4,24.1,35.2,26,36.5,,,2749.44,
underway_1200.29793703,29793703,200809020,2008-11-29T15:40:00,20081129154000,MULTIPOINT ((-64.3282 113.1235)),113.1235,-64.3282,203.8,,203.6151123,,9,,,,,,,970.82,,,27.37294884,,,,3.5014,,,,,,,,,,,,,,,,,71.7,72.8,,,34.00483257,,-3.3,-3.3,,,,,,-1.09542573,,165,330.5,160,326.3,26.7,34.2,28.5,35.6,,,2782.9,
underway_1200.29793823,29793823,200809020,2008-11-29T16:00:00,20081129160000,MULTIPOINT ((-64.3486 113.0795)),113.0795,-64.3486,185.6,,177.9675293,,7,,,,,,,970.66,,,27.34893846,,,,3.321,,,,,,,,,,,,,,,,,71.4,72.5,,,33.96309557,,-3,-3,,,,,,-1.08759425,,162,348.6,153,341.2,28,34.5,28.9,35,,,2755.81,
underway_1200.29793943,29793943,200809020,2008-11-29T16:20:00,20081129162000,MULTIPOINT ((-64.3889 113.0308)),113.0308,-64.3889,218.2,,212.26135254,,9.2,,,,,,,970.95,,,27.41332455,,,,2.993,,,,,,,,,,,,,,,,,72.2,73.4,,,34.00343081,,-3.2,-3.2,,,,,,-1.0455171,,151,312.7,150,310.7,31.7,36.3,33.9,38.3,,,2674.18,
underway_1200.29794063,29794063,200809020,2008-11-29T16:40:00,20081129164000,MULTIPOINT ((-64.4235 112.9954)),112.9954,-64.4235,188.3,,171.5020752,,8.2,,,,,,,970.17,,,27.35767673,,,,2.747,,,,,,,,,,,,,,,,,73,74.6,,,34.07077229,,-3.3,-3.2,,,,,,-1.17183474,,149,345,143,339.2,31.8,38.5,33.3,39.5,,,2535.94,
underway_1200.29794183,29794183,200809020,2008-11-29T17:00:00,20081129170000,MULTIPOINT ((-64.4465 112.9364)),112.9364,-64.4465,234.5,,218.48510742,,2.6,,,,,,,,,,27.37077529,,,,3.5178,,,,,,,,,,,,,,,,,73.1,74.3,,,34.11892475,,-3.5,-3.5,,,,,,-1.19830608,,145,290.9,150,295.3,34.4,35.3,37.5,38.6,,,2698.75,
underway_1200.29794303,29794303,200809020,2008-11-29T17:20:00,20081129172000,MULTIPOINT ((-64.4537 112.8977)),112.8977,-64.4537,240.3,,235.00305176,,5.5,,,,,,,971.23,,,27.33693574,,,,3.403,,,,,,,,,,,,,,,,,76.3,76,,,33.97331155,,-3.7,-3.6,,,,,,-1.11109166,,147,283,153,287.9,28.3,28.5,30.8,31.5,,,2759.22,
underway_1200.29794423,29794423,200809020,2008-11-29T17:40:00,20081129174000,MULTIPOINT ((-64.4782 112.8078)),112.8078,-64.4782,233.4,,228.74633789,,7.7,,,,,,,970.8,,,27.37949791,,,,3.1406,,,,,,,,,,,,,,,,,74.1,75.5,,,34.02602625,,-3.6,-3.6,,,,,,-1.10619563,,150,295.1,154,298.2,29.9,31.7,32.2,34.5,,,2660.35,
underway_1200.29794543,29794543,200809020,2008-11-29T18:00:00,20081129180000,MULTIPOINT ((-64.5039 112.7379)),112.7379,-64.5039,212,,200.82458496,,7.7,,,,,,,970.53,,,27.3958698,,,,3.1324,,,,,,,,,,,,,,,,,75.4,76.5,,,34.06848856,,-3.6,-3.6,,,,,,-1.12382315,,152,321.3,148,317.8,32.9,37.3,35.2,39.2,,,2474.17,
underway_1200.29794663,29794663,200809020,2008-11-29T18:20:00,20081129182000,MULTIPOINT ((-64.5425 112.7008)),112.7008,-64.5425,218.9,,211.32202148,,6.7,,,,,,,970.41,,,27.33148642,,,,3.5178,,,,,,,,,,,,,,,,,76,77.4,,,34.06050676,,-3.6,-3.6,,,,,,-1.19438368,,157,315.4,156,313.9,31.7,35.4,33.9,37.4,,,2452.99,
underway_1200.29794783,29794783,200809020,2008-11-29T18:40:00,20081129184000,MULTIPOINT ((-64.5821 112.6319)),112.6319,-64.5821,206.4,,204.13146973,,8.9,,,,,,,971.08,,,27.32275315,,,,3.2636,,,,,,,,,,,,,,,,,77.9,78.6,,,34.01617492,,-3.7,-3.7,,,,,,-1.16595376,,152,319.8,150,317.1,29.9,35.9,32.1,37.7,,,2348.22,
underway_1200.29794903,29794903,200809020,2008-11-29T19:00:00,20081129190000,MULTIPOINT ((-64.6168 112.5694)),112.5694,-64.6168,218.7,,211.59118652,,9.5,,,,,,,971.15,,,27.29328899,,,,2.8208,,,,,,,,,,,,,,,,,78.2,78.7,,,34.00138394,,-3.6,-3.6,,,,,,-1.18850055,,147,310.9,145,308.3,28.7,32.9,31.2,35,,,2285.57,
underway_1200.29795023,29795023,200809020,2008-11-29T19:20:00,20081129192000,MULTIPOINT ((-64.6455 112.4709)),112.4709,-64.6455,244.4,,240.7434082,,9.1,,,,,,,971.48,,,27.29874655,,,,2.6814,,,,,,,,,,,,,,,,,78.7,79,,,34.02002523,,-3.7,-3.6,,,,,,-1.19830608,,147,283.9,155,290.8,29.4,29.6,31.1,32.5,,,2139.65,
underway_1200.29795143,29795143,200809020,2008-11-29T19:40:00,20081129194000,MULTIPOINT ((-64.6667 112.3897)),112.3897,-64.6667,227.2,,225.04394531,,4.7,,,,,,,972.01,,,27.28783518,,,,2.1566,,,,,,,,,,,,,,,,,80.4,80.4,,,34.03071233,,-3.9,-3.9,,,,,,-1.22086471,,133,277.1,141,284.7,28.9,28.9,30.7,31.4,,,1968.35,
underway_1200.29795263,29795263,200809020,2008-11-29T20:00:00,20081129200000,MULTIPOINT ((-64.6917 112.3299)),112.3299,-64.6917,248.9,,240.96313477,,7.9,,,,,,,972.04,,,27.31947808,,,,1.7712,,,,,,,,,,,,,,,,,79.3,80,,,33.99832002,,-3.7,-3.5,,,,,,-1.15419349,,135,266.1,147,278.7,36,33.5,37,36.3,,,1824.73,
underway_1200.29795383,29795383,200809020,2008-11-29T20:20:00,20081129202000,MULTIPOINT ((-64.703 112.269)),112.269,-64.703,276.9,,263.18847656,,2.3,,,,,,,973.18,,,27.15034043,,,,1.8614,,,,,,,,,,,,,,,,,81.4,81.7,,,33.9947338,,-3.9,-3.6,,,,,,-1.355407,,135,234.7,135,235,33.1,31.8,31.7,30.4,,,1720.27,
underway_1200.29795503,29795503,200809020,2008-11-29T20:40:00,20081129204000,MULTIPOINT ((-64.7072 112.2299)),112.2299,-64.7072,255.7,,244.09423828,,2.7,,,,,,,973.07,,,27.21254498,,,,1.64,,,,,,,,,,,,,,,,,81.5,81.5,,,34.07490962,,-3.7,-3.4,,,,,,-1.35049153,,125,244.7,149,270.2,34.8,33.6,30.2,30.1,,,1771.23,
underway_1200.29795623,29795623,200809020,2008-11-29T21:00:00,20081129210000,MULTIPOINT ((-64.7299 112.1677)),112.1677,-64.7299,235.8,,223.34655762,,5.1,,,,,,,973.01,,,27.16234633,,,,1.5334,,,,,,,,,,,,,,,,,83.3,82.5,,,34.03036173,,-3.7,-3.6,,,,,,-1.37212254,,135,283.7,143,290.6,24.4,24,26.1,26.3,,,0,
underway_1200.29795743,29795743,200809020,2008-11-29T21:20:00,20081129212000,MULTIPOINT ((-64.7598 112.1095)),112.1095,-64.7598,249.2,,249.24682617,,6.7,,,,,,,973.85,,,27.28238198,,,,0.5658,,,,,,,,,,,,,,,,,82.1,82,,,34.06794049,,-3.9,-3.5,,,,,,-1.26011678,,126,248.5,150,281.6,30.2,27.1,18.2,18.3,,,0,
underway_1200.29795863,29795863,200809020,2008-11-29T21:40:00,20081129214000,MULTIPOINT ((-64.7752 112.0601)),112.0601,-64.7752,226.6,,220.59997559,,2.7,,,,,,,974.15,,,27.15580071,,,,1.4514,,,,,,,,,,,,,,,,,83.1,82.5,,,34.05053236,,-4,-3.8,,,,,,-1.39769627,,124,269,133,277.4,27.2,27,29.1,29.3,,,2111.57,
underway_1200.29795983,29795983,200809020,2008-11-29T22:00:00,20081129220000,MULTIPOINT ((-64.7968 111.9583)),111.9583,-64.7968,248.3,,238.61755371,,12.6,,,,,,,974.07,,,27.3347595,,,,0.984,,,,,,,,,,,,,,,,,82.9,82.6,,,34.05271909,,-3.7,-3.3,,,,,,-1.18359838,,121,263.9,132,275,33.5,27.8,34.3,30.9,,,2334.37,
underway_1200.29796103,29796103,200809020,2008-11-29T22:20:00,20081129222000,MULTIPOINT ((-64.8204 111.8284)),111.8284,-64.8204,228.8,,219.88037109,,6.2,,,,,,,974.28,,,27.3260304,,,,1.0824,,,,,,,,,,,,,,,,,82,81,,,34.06195077,,-3.8,-3.5,,,,,,-1.20222873,,116,271.4,129,284.1,23.2,21.6,23.3,23,,,2654.1,
underway_1200.29796223,29796223,200809020,2008-11-29T22:40:00,20081129224000,MULTIPOINT ((-64.8407 111.7209)),111.7209,-64.8407,242,,235.51940918,,9,,,,,,,974.64,,,27.29984032,,,,0.8282,,,,,,,,,,,,,,,,,81.3,79.8,,,34.05279236,,-3.6,-3.2,,,,,,-1.22576985,,118,259.6,128,269.3,28.5,24.6,30.2,27.7,,,2532.86,
underway_1200.29796343,29796343,200809020,2008-11-29T23:00:00,20081129230000,MULTIPOINT ((-64.8618 111.6279)),111.6279,-64.8618,232.9,,228.41125488,,10.1,,,,,,,974.71,,,27.26928416,,,,1.2464,,,,,,,,,,,,,,,,,81.2,81,,,34.02644471,,-3.6,-3.4,,,,,,-1.23950632,,121,272.7,132,283.5,30,27.9,29.8,29.7,,,2317.67,
underway_1200.29796463,29796463,200809020,2008-11-29T23:20:00,20081129232000,MULTIPOINT ((-64.8678 111.6152)),111.6152,-64.8678,88.3,,95.48217773,,4.9,,,,,,,974.04,,,27.23654472,,,,2.7142,,,,,,,,,,,,,,,,,81.4,81.5,,,33.98702903,,-3.6,-3.5,,,,,,-1.24441295,,132,30.9,131,30,30.7,34.4,29.2,33,,,2280.01,
underway_1200.29796583,29796583,200809020,2008-11-29T23:40:00,20081129234000,MULTIPOINT ((-64.9048 111.6341)),111.6341,-64.9048,155.3,,149.79858398,,9,,,,,,,974.8,,,27.0172,,,,1.5416,,,,,,,,,,,,,,,,,79.1,79.6,,,33.78224679,,-3.5,-3.4,,,,,,-1.32985083,,133,348.3,124,341.5,28.6,37.1,29.6,37.6,,,2219.13,
underway_1200.29796703,29796703,200809020,2008-11-30T00:00:00,20081130000000,MULTIPOINT ((-64.9454 111.6595)),111.6595,-64.9454,189,,172.19421387,,5.3,,,,,,,975.24,,,27.2987522,,,,2.5338,,,,,,,,,,,,,,,,,77.8,78.9,,,34.0926997,,-3.5,-3.4,,,,,,-1.26208004,,126,323.1,122,319,27.3,30.1,29.1,31.6,,,2280.96,
underway_1200.29796823,29796823,200809020,2008-11-30T00:20:00,20081130002000,MULTIPOINT ((-64.9757 111.6527)),111.6527,-64.9757,205.6,,202.23632812,,11.7,,,,,,,975.18,,,27.11433505,,,,2.6322,,,,,,,,,,,,,,,,,76.1,77.2,,,34.04497797,,-3.2,-3,,,,,,-1.44296812,,119,298,123,299.8,30,32.9,32.1,35.6,,,2260.99,
underway_1200.29796943,29796943,200809020,2008-11-30T00:40:00,20081130004000,MULTIPOINT ((-65.0236 111.5616)),111.5616,-65.0236,225.5,,224.96154785,,10.1,,,,,,,975.96,,,27.32821196,,,,0.6396,,,,,,,,,,,,,,,,,74.2,75.3,,,34.05042946,,-3.1,-2.7,,,,,,-1.18948104,,113,268.2,123,277.6,29.4,27.2,29.7,29.2,,,2277.89,
underway_1200.29797063,29797063,200809020,2008-11-30T01:00:00,20081130010000,MULTIPOINT ((-65.0696 111.425)),111.425,-65.0696,246.4,,245.04455566,,14.4,,,,,,,976.44,,,27.37077041,,,,0.5248,,,,,,,,,,,,,,,,,74.1,74.1,,,34.0563813,,-3.1,-2.5,,,,,,-1.14341521,,111,258.4,124,275.9,26.2,18.9,23.7,20,,,2393.42,
underway_1200.29797183,29797183,200809020,2008-11-30T01:20:00,20081130012000,MULTIPOINT ((-65.1142 111.2722)),111.2722,-65.1142,219.1,,209.99816895,,14.4,,,,,,,976.38,,,27.4198782,,,,0.5576,,,,,,,,,,,,,,,,,69.2,71,,,34.08243283,,-2.9,-2.7,,,,,,-1.1071748,,126,306.7,128,306.7,25.5,28.7,27.3,30.7,,,,
underway_1200.29797303,29797303,200809020,2008-11-30T01:40:00,20081130014000,MULTIPOINT ((-65.1796 111.2109)),111.2109,-65.1796,235.5,,236.01928711,,8.4,,,,,,,977.49,,,27.42206598,,,,0.7954,,,,,,,,,,,,,,,,,70.1,70.9,,,34.1501791,,-3.2,-3.1,,,,,,-1.16399356,,133,283.7,141,289.4,18.3,18.4,19.2,20.3,,,,
underway_1200.29797423,29797423,200809020,2008-11-30T02:00:00,20081130020000,MULTIPOINT ((-65.182 111.1195)),111.1195,-65.182,241.7,,230.9765625,,3.1,,,,,,,977.77,,,27.27802013,,,,0.8282,,,,,,,,,,,,,,,,,,67.5,,,34.10677096,,-3.2,-2.3,,,,,,-1.29939386,,122,259.3,130,266,21.1,19.8,23.4,22.4,,,,
underway_1200.29797543,29797543,200809020,2008-11-30T02:20:00,20081130022000,MULTIPOINT ((-65.1773 111.0821)),111.0821,-65.1773,337.2,,309.38049316,,1.1,,,,,,,977.29,,,27.20053447,,,,0.9922,,,,,,,,,,,,,,,,,63.5,65.5,,,33.98106353,,-2.4,-3.1,,,,,,-1.28269804,,121,171.2,120,170.2,22.5,21.4,22.1,21,,,,
underway_1200.29797663,29797663,200809020,2008-11-30T02:40:00,20081130024000,MULTIPOINT ((-65.1691 110.9722)),110.9722,-65.1691,234.6,,229.17480469,,12.7,,,,,,,977.17,,,27.41770474,,,,0.0984,,,,,,,,,,,,,,,,,65.8,63.2,,,34.19795998,,-3,-2.1,,,,,,-1.21105559,,115,280,122,286,22.3,19.4,22.8,21.4,,,,
underway_1200.29797783,29797783,200809020,2008-11-30T03:00:00,20081130030000,MULTIPOINT ((-65.212 110.8338)),110.8338,-65.212,231.6,,230.45471191,,13.2,,,,,,,977.01,,,27.42098258,,,,0.164,,,,,,,,,,,,,,,,,64.2,64.3,,,34.25078067,,-2.8,-2.3,,,,,,-1.25324586,,104,267.9,115,280.7,23.6,18.8,22.3,20.2,,,,
underway_1200.29797903,29797903,200809020,2008-11-30T03:20:00,20081130032000,MULTIPOINT ((-65.2376 110.6703)),110.6703,-65.2376,253,,252.48779297,,13.4,,,,,,,977.35,,,27.41988702,,,,0.1394,,,,,,,,,,,,,,,,,64.2,63.3,,,34.19535001,,-2.5,-1.5,,,,,,-1.20615162,,113,260,125,279.1,20.6,13.4,18.2,14.5,,,,
underway_1200.29798023,29798023,200809020,2008-11-30T03:40:00,20081130034000,MULTIPOINT ((-65.2532 110.4992)),110.4992,-65.2532,261.2,,260.02990723,,13.1,,,,,,,977.44,,,27.44280285,,,,0.0738,,,,,,,,,,,,,,,,,61.3,60.9,,,34.19095243,,-2.6,-2,,,,,,-1.17477544,,164,322.9,166,320.5,9.5,15.2,10.5,16.1,,,,
underway_1200.29798143,29798143,200809020,2008-11-30T04:00:00,20081130040000,MULTIPOINT ((-65.2904 110.359)),110.359,-65.2904,257,,255.73974609,,12.8,,,,,,,977.41,,,27.54647402,,,,0.082,,,,,,,,,,,,,,,,,59.1,59.8,,,34.21224442,,-2.5,-2.5,,,,,,-1.06899848,,183,340.6,177,334.3,5.6,15.3,7.3,15.8,,,,
underway_1200.29798263,29798263,200809020,2008-11-30T04:20:00,20081130042000,MULTIPOINT ((-65.3047 110.2014)),110.2014,-65.3047,260.5,,258.54675293,,9.6,,,,,,,977.28,,,27.53446827,,,,0.082,,,,,,,,,,,,,,,,,56.5,57.7,,,34.1891161,,-2.4,-2.4,,,,,,-1.0631273,,109,340.3,117,333.8,4.7,6,5.1,6.4,,,,
underway_1200.29798383,29798383,200809020,2008-11-30T04:40:00,20081130044000,MULTIPOINT ((-65.312 110.095)),110.095,-65.312,256.6,,249.73571777,,10.3,,,,,,,977.25,,,27.5552058,,,,0.1148,,,,,,,,,,,,,,,,,53.9,55.7,,,34.23313658,,-2,-1.2,,,,,,-1.0768276,,86,352,92,345.3,6.4,4.2,6.4,4.6,,,,
underway_1200.29798503,29798503,200809020,2008-11-30T05:00:00,20081130050000,MULTIPOINT ((-65.3477 109.9637)),109.9637,-65.3477,194.7,,199.78088379,,8.5,,,,,,,977.31,,,27.1994601,,,,0.4838,,,,,,,,,,,,,,,,,73.4,71.5,,,34.19889893,,-2.3,-2.3,,,,,,-1.47448124,,261,32,261,30,10.5,15.9,9.6,15.1,,,,
underway_1200.29798623,29798623,200809020,2008-11-30T05:20:00,20081130052000,MULTIPOINT ((-65.3478 109.9553)),109.9553,-65.3478,12.8,,350.70007324,,0.5,,,,,,,977.38,,,27.45044276,,,,0.1968,,,,,,,,,,,,,,,,,75,72.8,,,34.20592344,,-3.1,-2.2,,,,,,-1.17869659,,252,265.1,262,274.3,7.9,7.8,8.6,8.6,,,,
underway_1200.29798743,29798743,200809020,2008-11-30T05:40:00,20081130054000,MULTIPOINT ((-65.3445 109.9581)),109.9581,-65.3445,35.2,,350.90332031,,0.4,,,,,,,977.37,,,27.4559003,,,,0.246,,,,,,,,,,,,,,,,,75.7,71.1,,,34.22238835,,-3,-1.7,,,,,,-1.18653964,,241,252.2,277,288.5,11,10.9,8.5,8.6,,,,
underway_1200.29798863,29798863,200809020,2008-11-30T06:00:00,20081130060000,MULTIPOINT ((-65.3408 109.9611)),109.9611,-65.3408,9.1,,337.56591797,,0.7,,,,,,,977.15,,,27.45699201,,,,0.3362,,,,,,,,,,,,,,,,,78,72.3,,,34.22837551,,-3,-2,,,,,,-1.19046153,,236,262.3,249,275,10.5,10.4,11.5,11.5,,,,
underway_1200.29798983,29798983,200809020,2008-11-30T06:20:00,20081130062000,MULTIPOINT ((-65.3379 109.9646)),109.9646,-65.3379,24.4,,355.95703125,,1,,,,,,,976.93,,,27.44498864,,,,0.3526,,,,,,,,,,,,,,,,,74.3,69.8,,,34.2332114,,-2.9,-1.8,,,,,,-1.20909396,,238,246.6,268,278.1,11.3,10.9,10.1,10.2,,,,
underway_1200.29799103,29799103,200809020,2008-11-30T06:40:00,20081130064000,MULTIPOINT ((-65.3332 109.966)),109.966,-65.3332,10,,329.48547363,,0.5,,,,,,,976.82,,,27.45917248,,,,0.2378,,,,,,,,,,,,,,,,,76.4,73,,,34.20221852,,-2.8,-2.1,,,,,,-1.16497365,,232,264.7,246,278.8,12.9,12.8,13.7,13.8,,,,
underway_1200.29799223,29799223,200809020,2008-11-30T07:00:00,20081130070000,MULTIPOINT ((-65.3287 109.9677)),109.9677,-65.3287,13,,347.53051758,,1.2,,,,,,,976.79,,,27.45262698,,,,0.205,,,,,,,,,,,,,,,,,74.6,72.5,,,34.22799029,,-2.8,-2.1,,,,,,-1.19536426,,247,264,260,276.7,13.8,13.6,14.6,14.7,,,,
underway_1200.29799343,29799343,200809020,2008-11-30T07:20:00,20081130072000,MULTIPOINT ((-65.3244 109.9693)),109.9693,-65.3244,17,,320.58105469,,0.5,,,,,,,976.37,,,27.46244833,,,,0.2378,,,,,,,,,,,,,,,,,72,69.7,,,34.22913759,,-2.3,-1.7,,,,,,-1.18457878,,249,291.5,255,296.8,9.6,9.8,10.8,11,,,,
underway_1200.29799463,29799463,200809020,2008-11-30T07:40:00,20081130074000,MULTIPOINT ((-65.3214 109.9708)),109.9708,-65.3214,13.7,,311.86340332,,0.5,,,,,,,976.24,,,27.48645552,,,,0.2296,,,,,,,,,,,,,,,,,69.1,66.9,,,34.22397141,,-2.3,-1.6,,,,,,-1.15125377,,246,295.6,249,299,13.9,14.1,15.3,15.5,,,,
underway_1200.29799583,29799583,200809020,2008-11-30T08:00:00,20081130080000,MULTIPOINT ((-65.3167 109.9646)),109.9646,-65.3167,294.1,,298.97094727,,3.4,,,,,,,975.84,,,27.50391551,,,,0.1886,,,,,,,,,,,,,,,,,70,70.1,,,34.22215831,,-2.4,-2.3,,,,,,-1.12872058,,255,322.2,254,320.6,15.5,18.2,16.7,19.3,,,,
underway_1200.29799703,29799703,200809020,2008-11-30T08:20:00,20081130082000,MULTIPOINT ((-65.3441 109.9107)),109.9107,-65.3441,193.5,,190.4699707,,11.7,,,,,,,975.43,,,27.27257453,,,,0.3116,,,,,,,,,,,,,,,,,68.9,70.9,,,34.24236732,,-1.8,-2.4,,,,,,-1.42426484,,264,42.3,268,43.6,14.4,21.4,13.6,20.1,,,,
underway_1200.29799823,29799823,200809020,2008-11-30T08:40:00,20081130084000,MULTIPOINT ((-65.3964 109.8726)),109.8726,-65.3964,197.2,,197.10571289,,8.7,,,,,,,975.15,,,27.46899287,,,,0.0738,,,,,,,,,,,,,,,,,66.6,69.2,,,34.19105888,,-1.9,-2.5,,,,,,-1.14341521,,266,49.6,273,54.2,19.9,24.4,18.9,22.6,,,,
underway_1200.29799943,29799943,200809020,2008-11-30T09:00:00,20081130090000,MULTIPOINT ((-65.4465 109.8449)),109.8449,-65.4465,187.5,,189.44274902,,9.5,,,,,,,974.84,,,27.70799092,,,,0.041,,,,,,,,,,,,,,,,,67.5,70.3,,,34.30237235,,-1.9,-2.5,,,,,,-0.95461099,,261,46.2,266,48.3,16.3,21,15.2,19.4,,,,
underway_1200.29800063,29800063,200809020,2008-11-30T09:20:00,20081130092000,MULTIPOINT ((-65.4965 109.8226)),109.8226,-65.4965,165.9,,169.85961914,,9.6,,,,,,,974.52,,,27.70253473,,,,0.0328,,,,,,,,,,,,,,,,,68.3,69.8,,,34.30608403,,-2.1,-2.6,,,,,,-0.96437942,,260,58.1,270,64.8,15.8,17.9,15.5,16.2,,,116.12,
underway_1200.29800183,29800183,200809020,2008-11-30T09:40:00,20081130094000,MULTIPOINT ((-65.5477 109.7946)),109.7946,-65.5477,194.7,,195.15014648,,9.7,,,,,,,973.98,,,27.70362685,,,,0.0246,,,,,,,,,,,,,,,,,64.8,67.8,,,34.31650604,,-2,-2,,,,,,-0.97219528,,257,37.4,259,37.6,14.5,20.9,13.5,19.7,,,116.56,
underway_1200.29800303,29800303,200809020,2008-11-30T10:00:00,20081130100000,MULTIPOINT ((-65.6004 109.793)),109.793,-65.6004,164.1,,164.15222168,,9.7,,,,,,,973.69,,,27.60759127,,,,0.0328,,,,,,,,,,,,,,,,,66.2,66.7,,,34.28806989,,-2,-1.9,,,,,,-1.06214882,,233,42.5,236,42.9,14.7,20.3,13.6,19,,,138.47,
underway_1200.29800423,29800423,200809020,2008-11-30T10:20:00,20081130102000,MULTIPOINT ((-65.6517 109.8018)),109.8018,-65.6517,208.5,,209.42138672,,7.2,,,,,,,973.47,,,27.60431656,,,,0.0164,,,,,,,,,,,,,,,,,68.8,67.7,,,34.2768747,,-2,-1.7,,,,,,-1.05627829,,233,16,223,8.7,14.5,21.3,13.7,20.8,,,150.44,
underway_1200.29800543,29800543,200809020,2008-11-30T10:40:00,20081130104000,MULTIPOINT ((-65.6914 109.7927)),109.7927,-65.6914,181.6,,183.74084473,,5.5,,,,,,,973.22,,,27.66652161,,,,0.123,,,,,,,,,,,,,,,,,64.3,64.3,,,34.30045097,,-1.7,-1.5,,,,,,-1.00249107,,217,23.9,211,19.2,14.6,19.3,13.6,18.6,,,142.33,
underway_1200.29800663,29800663,200809020,2008-11-30T11:00:00,20081130110000,MULTIPOINT ((-65.7218 109.7904)),109.7904,-65.7218,179.9,,183.74633789,,5,,,,,,,973.02,,,27.706901,,,,0.1558,,,,,,,,,,,,,,,,,65.4,65,,,34.31985965,,-1.5,-1.3,,,,,,-0.97121824,,209,19.2,199,11.3,18.1,22.6,17.1,21.9,,,130.37,
underway_1200.29800783,29800783,200809020,2008-11-30T11:20:00,20081130112000,MULTIPOINT ((-65.7487 109.7754)),109.7754,-65.7487,196.8,,196.52893066,,6.7,,,,,,,972.65,,,27.65342544,,,,0.2952,,,,,,,,,,,,,,,,,65.3,66.1,,,34.29149233,,-1.6,-1.6,,,,,,-1.01031176,,199,2,188,353.7,20.9,27.6,21,27.6,,,137.81,
underway_1200.29800903,29800903,200809020,2008-11-30T11:40:00,20081130114000,MULTIPOINT ((-65.7865 109.7807)),109.7807,-65.7865,178.1,,179.54956055,,7,,,,,,,972.72,,,27.62614442,,,,0.3608,,,,,,,,,,,,,,,,,67.4,67.9,,,34.30562796,,-1.6,-1.4,,,,,,-1.05529992,,205,17.6,196,10.6,16.5,23,15.5,22.3,,,,
underway_1200.29801023,29801023,200809020,2008-11-30T12:00:00,20081130120000,MULTIPOINT ((-65.8153 109.8085)),109.8085,-65.8153,86.1,,88.51135254,,7.5,,,,,,,972.69,,,27.64906035,,,,0.3608,,,,,,,,,,,,,,,,,68.2,69,,,34.2922306,,-1,-1.2,,,,,,-1.01617792,,190,75,207,94.4,16.4,16.3,18.4,15.9,,,,
underway_1200.29801143,29801143,200809020,2008-11-30T12:20:00,20081130122000,MULTIPOINT ((-65.8336 109.8099)),109.8099,-65.8336,180.7,,178.21472168,,7,,,,,,,972.48,,,27.65779176,,,,0.574,,,,,,,,,,,,,,,,,66.3,66.9,,,34.30640254,,-1.5,-1.5,,,,,,-1.01813343,,206,20.5,197,13.8,17.5,23.9,16.5,23.2,,,,
underway_1200.29801263,29801263,200809020,2008-11-30T12:40:00,20081130124000,MULTIPOINT ((-65.8707 109.7979)),109.7979,-65.8707,169.9,,172.16125488,,6.6,,,,,,,971.67,,,27.6075925,,,,0.4838,,,,,,,,,,,,,,,,,65.8,67.3,,,34.30374734,,-1.6,-1.6,,,,,,-1.0758489,,198,20.5,191,14.2,26,32,24.8,31.1,,,,
underway_1200.29801383,29801383,200809020,2008-11-30T13:00:00,20081130130000,MULTIPOINT ((-65.9084 109.8148)),109.8148,-65.9084,169.2,,170.11230469,,7,,,,,,,971.42,,,27.61632096,,,,0.4346,,,,,,,,,,,,,,,,,67.8,68.6,,,34.28099708,,-1.7,-1.6,,,,,,-1.0455171,,195,19,186,12,24.4,30.9,23.1,29.9,,,,
underway_1200.29801503,29801503,200809020,2008-11-30T13:20:00,20081130132000,MULTIPOINT ((-65.946 109.8335)),109.8335,-65.946,164.5,,166.78344727,,6.7,,,,,,,970.98,,,27.63814781,,,,0.3936,,,,,,,,,,,,,,,,,65,65.7,,,34.29631501,,-1.8,-1.7,,,,,,-1.03280174,,196,23.5,191,19.2,27.6,33.5,26.1,32.2,,,474.36,
underway_1200.29801623,29801623,200809020,2008-11-30T13:40:00,20081130134000,MULTIPOINT ((-65.9833 109.8537)),109.8537,-65.9833,167.6,,169.49157715,,7.1,,,,,,,970.84,,,27.56503206,,,,0.8774,,,,,,,,,,,,,,,,,64.3,65.1,,,34.29474833,,-1.9,-1.9,,,,,,-1.11892611,,197,21.4,192,16.5,24.7,31.1,23.3,29.9,,,,
underway_1200.29801743,29801743,200809020,2008-11-30T14:00:00,20081130140000,MULTIPOINT ((-66.0214 109.8802)),109.8802,-66.0214,158.1,,160.21362305,,7.1,,,,,,,970.64,,,27.62069252,,,,0.9676,,,,,,,,,,,,,,,,,61.5,63.6,,,34.36320751,,-1.9,-1.9,,,,,,-1.11207091,,197,28.6,196,27.5,25.4,31.2,23.9,29.8,,,,
underway_1200.29801863,29801863,200809020,2008-11-30T14:20:00,20081130142000,MULTIPOINT ((-66.0559 109.9244)),109.9244,-66.0559,214.1,,244.22607422,,4.4,,,,,,,970.62,,,27.47554661,,,,0.287,,,,,,,,,,,,,,,,,58.3,59.5,,,34.27071545,,-2,-2,,,,,,-1.20517088,,183,301.2,185,303.1,25,28.7,27.1,30.9,,,,
underway_1200.29801983,29801983,200809020,2008-11-30T14:40:00,20081130144000,MULTIPOINT ((-66.0829 109.9486)),109.9486,-66.0829,148.3,,149.21630859,,7.4,,,,,,,970.4,,,27.57922329,,,,0.6068,,,,,,,,,,,,,,,,,61,60.4,,,34.35465336,,-2.2,-2.1,,,,,,-1.15419349,,183,26.2,179,22.4,24.7,31.1,23.3,29.9,,,,
underway_1200.29802103,29802103,200809020,2008-11-30T15:00:00,20081130150000,MULTIPOINT ((-66.1162 110.0043)),110.0043,-66.1162,145.2,,146.33239746,,7.6,,,,,,,970.02,,,27.53338425,,,,0.451,,,,,,,,,,,,,,,,,57.2,58.6,,,34.28163104,,-2.4,-2.4,,,,,,-1.14537475,,180,26.4,177,23.6,26.2,32.7,24.6,31.3,,,454.55,
underway_1200.29802223,29802223,200809020,2008-11-30T15:20:00,20081130152000,MULTIPOINT ((-66.1528 110.054)),110.054,-66.1528,153.3,,153.07800293,,7.5,,,,,,,970.13,,,27.52683903,,,,0.3362,,,,,,,,,,,,,,,,,59.3,58.4,,,34.31196052,,-3,-3,,,,,,-1.17967691,,177,18.8,170,12.7,24.3,31.3,23.1,30.4,,,,
underway_1200.29802343,29802343,200809020,2008-11-30T15:40:00,20081130154000,MULTIPOINT ((-66.191 110.0481)),110.0481,-66.191,205.3,,202.06054688,,7.9,,,,,,,970.02,,,27.46681924,,,,0.1066,,,,,,,,,,,,,,,,,61.1,61.2,,,34.30485342,,-3.3,-3.3,,,,,,-1.24539432,,170,336.7,165,332.9,22.1,28.9,23.6,30.1,,,326.97,
underway_1200.29802463,29802463,200809020,2008-11-30T16:00:00,20081130160000,MULTIPOINT ((-66.2135 109.9923)),109.9923,-66.2135,271.3,,269.88464355,,5.4,,,,,,,970.59,,,27.46354557,,,,0.3444,,,,,,,,,,,,,,,,,56.8,60,,,34.30598203,,-3.5,-3.2,,,,,,-1.25030142,,154,256.2,170,272.2,25.1,23.1,26.5,26,,,352.82,
underway_1200.29802583,29802583,200809020,2008-11-30T16:20:00,20081130162000,MULTIPOINT ((-66.2128 109.9163)),109.9163,-66.2128,272.2,,269.30236816,,5.6,,,,,,,970.41,,,27.49737216,,,,0.656,,,,,,,,,,,,,,,,,59.1,58.9,,,34.27598123,,-3.4,-3,,,,,,-1.18359838,,155,256.7,167,268.6,28.7,26.7,30.5,29.6,,,533.04,
underway_1200.29802703,29802703,200809020,2008-11-30T16:40:00,20081130164000,MULTIPOINT ((-66.2145 109.8459)),109.8459,-66.2145,209.5,,185.89416504,,4.2,,,,,,,969.55,,,27.50064804,,,,0.5248,,,,,,,,,,,,,,,,,52.9,53.8,,,34.30296677,,-3.5,-3.5,,,,,,-1.20320943,,157,337.3,152,332.9,30.4,33.1,32,34.4,,,723.06,
underway_1200.29802823,29802823,200809020,2008-11-30T17:00:00,20081130170000,MULTIPOINT ((-66.2169 109.8969)),109.8969,-66.2169,85.8,,91.41723633,,4.8,,,,,,,969.53,,,27.50610387,,,,0.6232,,,,,,,,,,,,,,,,,58.3,59,,,34.29696779,,-3.6,-3.6,,,,,,-1.19144205,,162,61.9,175,72.9,28.2,29.5,25.6,26,,,0,
underway_1200.29802943,29802943,200809020,2008-11-30T17:20:00,20081130172000,MULTIPOINT ((-66.2154 109.9632)),109.9632,-66.2154,94.6,,94.57580566,,5,,,,,,,969.81,,,27.49300815,,,,0.6888,,,,,,,,,,,,,,,,,61.2,59.5,,,34.28909231,,-3.8,-4,,,,,,-1.20026737,,157,54.2,165,60.5,26.6,29.2,24.7,26.7,,,371.35,
underway_1200.29803063,29803063,200809020,2008-11-30T17:40:00,20081130174000,MULTIPOINT ((-66.2156 110.0293)),110.0293,-66.2156,84,,80.4309082,,4.8,,,,,,,969.74,,,27.46790938,,,,0.1476,,,,,,,,,,,,,,,,,61,61.2,,,34.29058631,,-4.1,-4.2,,,,,,-1.23165654,,161,70.5,172,80.8,26.1,27.5,24.3,24.8,,,269.2,
underway_1200.29803183,29803183,200809020,2008-11-30T18:00:00,20081130180000,MULTIPOINT ((-66.2093 110.0928)),110.0928,-66.2093,70.8,,75.39367676,,4.8,,,,,,,969.68,,,27.4700902,,,,0.3772,,,,,,,,,,,,,,,,,60.9,60.8,,,34.26883624,,-4.2,-4.4,,,,,,-1.21007477,,165,77.7,181,93.9,23.3,23.5,22.8,21.6,,,245.76,
underway_1200.29803303,29803303,200809020,2008-11-30T18:20:00,20081130182000,MULTIPOINT ((-66.2027 110.1584)),110.1584,-66.2027,78.9,,80.24414062,,5.2,,,,,,,969.46,,,27.57376186,,,,0.4428,,,,,,,,,,,,,,,,,64.5,64.3,,,34.28989689,,-4.6,-4.6,,,,,,-1.10423732,,167,73.9,185,91.2,21.9,22.6,22.3,21.5,,,197.34,
underway_1200.29803423,29803423,200809020,2008-11-30T18:40:00,20081130184000,MULTIPOINT ((-66.1986 110.2278)),110.2278,-66.1986,126.4,,140.4107666,,3.8,,,,,,,968.95,,,27.59995484,,,,0.3362,,,,,,,,,,,,,,,,,63.3,65.9,,,34.3201867,,-4.8,-4.9,,,,,,-1.09934184,,181,33.3,181,33,27.7,30.1,26.1,28.5,,,153.45,
underway_1200.29803543,29803543,200809020,2008-11-30T19:00:00,20081130190000,MULTIPOINT ((-66.2228 110.2338)),110.2338,-66.2228,170.3,,167.15148926,,4.7,,,,,,,969.19,,,27.60213728,,,,0.3116,,,,,,,,,,,,,,,,,64.4,65.8,,,34.31869121,,-5.5,-5.5,,,,,,-1.09542573,,169,1.1,159,352.7,24.5,29.2,24.5,29.1,,,191.97,
underway_1200.29803663,29803663,200809020,2008-11-30T19:20:00,20081130192000,MULTIPOINT ((-66.2492 110.2433)),110.2433,-66.2492,170.7,,152.08374023,,4.5,,,,,,,969.51,,,27.59013379,,,,0.287,,,,,,,,,,,,,,,,,65.3,66.6,,,34.32579919,,-5.6,-5.6,,,,,,-1.11598808,,168,18.4,160,11.1,21.7,26.2,21.1,25.6,,,259.26,
underway_1200.29803783,29803783,200809020,2008-11-30T19:40:00,20081130194000,MULTIPOINT ((-66.2537 110.3066)),110.3066,-66.2537,81.7,,81.80419922,,5,,,,,,,969.28,,,27.51265311,,,,0.0328,,,,,,,,,,,,,,,,,67.8,68.6,,,34.31834255,,-5.6,-5.7,,,,,,-1.20222873,,164,69.3,177,81.5,20.3,21.5,20.5,20.6,,,242.46,
underway_1200.29803903,29803903,200809020,2008-11-30T20:00:00,20081130200000,MULTIPOINT ((-66.2532 110.3783)),110.3783,-66.2532,75.8,,70.3729248,,5.5,,,,,,,969.1,,,27.4504495,,,,-0.0246,,,,,,,,,,,,,,,,,67.3,68.2,,,34.29246332,,-5.9,-6.1,,,,,,-1.25422737,,159,73.5,175,89.1,19,20.4,19.2,19,,,0,
underway_1200.29804023,29804023,200809020,2008-11-30T20:20:00,20081130202000,MULTIPOINT ((-66.2257 110.3735)),110.3735,-66.2257,333.4,,329.6282959,,4.6,,,,,,,969.47,,,27.43299054,,,,-0.041,,,,,,,,,,,,,,,,,66.7,63.4,,,34.30562633,,-6.5,-3.1,,,,,,-1.28662606,,167,201.3,167,202.5,19.3,14.9,15.9,11.5,,,126.87,
underway_1200.29804143,29804143,200809020,2008-11-30T20:40:00,20081130204000,MULTIPOINT ((-66.2121 110.3379)),110.3379,-66.2121,239.2,,231.24572754,,4.1,,,,,,,969.39,,,27.44171839,,,,-0.0492,,,,,,,,,,,,,,,,,69.8,68.2,,,34.27819309,,-6.2,-5.9,,,,,,-1.25226436,,165,307.6,166,308,15.1,16.7,16.2,17.9,,,200.46,
underway_1200.29804263,29804263,200809020,2008-11-30T21:00:00,20081130210000,MULTIPOINT ((-66.23 110.317)),110.317,-66.23,169.3,,161.61437988,,4.3,,,,,,,969.53,,,27.45808855,,,,0,,,,,,,,,,,,,,,,,70.4,70.9,,,34.29621792,,-6,-6.1,,,,,,-1.24833853,,152,354,142,345.8,15.5,19.6,16,19.9,,,157.89,
underway_1200.29804383,29804383,200809020,2008-11-30T21:20:00,20081130212000,MULTIPOINT ((-66.2532 110.3213)),110.3213,-66.2532,175.4,,171.08459473,,4.2,,,,,,,969.79,,,27.45699622,,,,-0.0246,,,,,,,,,,,,,,,,,68.3,68.5,,,34.28232769,,-5.8,-5.9,,,,,,-1.23754378,,156,349.9,147,342.1,13.5,17.5,14,17.8,,,192,
underway_1200.29804503,29804503,200809020,2008-11-30T21:40:00,20081130214000,MULTIPOINT ((-66.2701 110.3446)),110.3446,-66.2701,62.3,,62.27600098,,6.3,,,,,,,970.03,,,27.46245271,,,,-0.0328,,,,,,,,,,,,,,,,,60.2,62.2,,,34.28533152,,-4.9,-5.3,,,,,,-1.23361889,,143,50.2,151,54.7,9.3,12,9,11.1,,,148.32,
underway_1200.29804623,29804623,200809020,2008-11-30T22:00:00,20081130220000,MULTIPOINT ((-66.2511 110.4049)),110.4049,-66.2511,53.1,,49.27368164,,7.4,,,,,,,970.27,,,27.44935726,,,,-0.0492,,,,,,,,,,,,,,,,,49.1,49.1,,,34.27969768,,-4.3,-4.3,,,,,,-1.24441295,,29,354.3,11,345.9,5,12.1,5.6,12.2,,,0,
underway_1200.29804743,29804743,200809020,2008-11-30T22:20:00,20081130222000,MULTIPOINT ((-66.2613 110.489)),110.489,-66.2613,105.6,,99.40979004,,6.1,,,,,,,970.6,,,27.45263092,,,,-0.041,,,,,,,,,,,,,,,,,50,47.4,,,34.27857329,,-4,-3.5,,,,,,-1.23950632,,355,309.3,0,309.6,6.3,7,6.8,7.8,,,0,
underway_1200.29804863,29804863,200809020,2008-11-30T22:40:00,20081130224000,MULTIPOINT ((-66.2708 110.5376)),110.5376,-66.2708,109.2,,267.76428223,,0.1,,,,,,,970.99,,,27.72000116,,,,-0.0164,,,,,,,,,,,,,,,,,51.1,50.8,,,34.37801896,,-5.4,-3.9,,,,,,-1.00640129,,106,199.4,68,153.9,1.3,1.2,0.4,0.3,,,0,
underway_1200.29804983,29804983,200809020,2008-11-30T23:00:00,20081130230000,MULTIPOINT ((-66.2712 110.5382)),110.5382,-66.2712,239.9,,317.91687012,,0.3,,,,,,,971.19,,,27.65997352,,,,0.0082,,,,,,,,,,,,,,,,,57.8,53.5,,,34.29597207,,-5.5,-4.8,,,,,,-1.00640129,,126,167.8,123,163.8,5.1,4.8,4.8,4.5,,,101.38,
underway_1200.29805103,29805103,200809020,2008-11-30T23:20:00,20081130232000,MULTIPOINT ((-66.2692 110.5341)),110.5341,-66.2692,273.2,,83.93554688,,0.8,,,,,,,971.34,,,27.72108369,,,,-0.041,,,,,,,,,,,,,,,,,50.1,44.6,,,34.26674783,,-3.9,-2.2,,,,,,-0.907744,,179,84.1,198,103.6,4.5,4.5,4.5,4.2,,,124.42,
underway_1200.29805223,29805223,200809020,2008-11-30T23:40:00,20081130234000,MULTIPOINT ((-66.2682 110.5326)),110.5326,-66.2682,78,,155.95092773,,0.2,,,,,,,971.6,,,27.82912117,,,,-0.041,,,,,,,,,,,,,,,,,48.1,46.2,,,34.23945571,,-4.9,-4.9,,,,,,-0.75469765,,156,0.1,146,350.4,5.1,5.3,5.2,5.4,,,129.02,
underway_1200.29805343,29805343,200809020,2008-12-01T00:00:00,20081201000000,MULTIPOINT ((-66.2683 110.533)),110.533,-66.2683,260.9,,213.67858887,,0,,,,,,,971.79,,,27.80620843,,,,-0.0328,,,,,,,,,,,,,,,,,46.6,49,,,34.30145539,,-4.8,-4.7,,,,,,-0.83653519,,147,294.3,151,297.9,9.9,9.9,10.9,10.9,,,122.88,
underway_1200.29805463,29805463,200809020,2008-12-01T00:20:00,20081201002000,MULTIPOINT ((-66.2683 110.5327)),110.5327,-66.2683,276.5,,181.06567383,,0.1,,,,,,,971.81,,,27.70580589,,,,-0.0246,,,,,,,,,,,,,,,,,44,44.8,,,34.27152662,,-4.8,-5,,,,,,-0.93019666,,162,341.4,156,335.3,9.9,10,10.3,10.4,,,122.88,
underway_1200.29805583,29805583,200809020,2008-12-01T00:40:00,20081201004000,MULTIPOINT ((-66.2682 110.5331)),110.5331,-66.2682,25.5,,192.26623535,,0,,,,,,,971.99,,,27.78110869,,,,-0.0164,,,,,,,,,,,,,,,,,42.5,45,,,34.30733081,,-4,-4.2,,,,,,-0.87164161,,164,331.8,159,327.1,6.3,6.3,6.7,6.7,,,127.91,
underway_1200.29805703,29805703,200809020,2008-12-01T01:00:00,20081201010000,MULTIPOINT ((-66.2683 110.5334)),110.5334,-66.2683,74.3,,170.65612793,,0.1,,,,,,,972.3,,,27.7778323,,,,-0.0082,,,,,,,,,,,,,,,,,38.2,41.2,,,34.27619245,,-3.6,-3.3,,,,,,-0.84823512,,192,21.1,186,15.4,5.7,5.8,5.7,5.8,,,118.27,
underway_1200.29805823,29805823,200809020,2008-12-01T01:20:00,20081201012000,MULTIPOINT ((-66.2682 110.5334)),110.5334,-66.2682,268.5,,193.63952637,,0,,,,,,,972.4,,,27.75709855,,,,0,,,,,,,,,,,,,,,,,34.5,38.5,,,34.29021591,,-3.2,-3.3,,,,,,-0.8852995,,191,357.3,182,349.1,7,7,7.1,7.1,,,123.75,
underway_1200.29805943,29805943,200809020,2008-12-01T01:40:00,20081201014000,MULTIPOINT ((-66.2682 110.5337)),110.5337,-66.2682,202,,206.48803711,,0,,,,,,,972.73,,,27.77783362,,,,-0.0164,,,,,,,,,,,,,,,,,34.5,35.2,,,34.29286316,,-2.5,-2.4,,,,,,-0.86286314,,180,333.7,175,328.1,5.6,5.6,6.1,6.1,,,121.34,
underway_1200.29806063,29806063,200809020,2008-12-01T02:00:00,20081201020000,MULTIPOINT ((-66.2682 110.5336)),110.5336,-66.2682,202,,207.74597168,,0,,,,,,,972.89,,,27.81384644,,,,0.0082,,,,,,,,,,,,,,,,,37.5,38.8,,,34.28629889,,-2,-2.1,,,,,,-0.81411652,,157,308.9,157,309.1,5.1,5.1,5.7,5.7,,,121.34,
underway_1200.29806183,29806183,200809020,2008-12-01T02:20:00,20081201022000,MULTIPOINT ((-66.2683 110.5335)),110.5335,-66.2683,102.3,,176.37451172,,0,,,,,,,973.21,,,27.7680106,,,,-0.041,,,,,,,,,,,,,,,,,37.6,38.2,,,34.27727268,,-2.1,-1.9,,,,,,-0.86091254,,183,6.7,174,357,4.2,4.2,4.3,4.3,,,119.81,
underway_1200.29806303,29806303,200809020,2008-12-01T02:40:00,20081201024000,MULTIPOINT ((-66.2682 110.5337)),110.5337,-66.2682,297.2,,208.88305664,,0,,,,,,,973.38,,,27.953545,,,,-0.0082,,,,,,,,,,,,,,,,,35.6,38.9,,,34.39161194,,-1.7,-2.1,,,,,,-0.74009519,,186,337.5,181,332.4,4.5,4.5,4.8,4.8,,,124.42,
underway_1200.29806423,29806423,200809020,2008-12-01T03:00:00,20081201030000,MULTIPOINT ((-66.2682 110.5337)),110.5337,-66.2682,95.9,,194.48547363,,0,,,,,,,973.75,,,27.97425383,,,,-0.0574,,,,,,,,,,,,,,,,,44.5,44.5,,,34.05906192,,-1.9,-2,,,,,,-0.42164608,,205,10.8,196,2.1,3,3,3,3,,,124.65,
underway_1200.29806543,29806543,200809020,2008-12-01T03:20:00,20081201032000,MULTIPOINT ((-66.2683 110.5337)),110.5337,-66.2683,109.9,,202.76916504,,0,,,,,,,973.87,,,27.76364983,,,,-0.0082,,,,,,,,,,,,,,,,,45.2,42.5,,,34.33367112,,-1.8,-1.7,,,,,,-0.9155527,,205,1.8,196,353.1,3.2,3.2,3.3,3.3,,,118.27,
underway_1200.29806663,29806663,200809020,2008-12-01T03:40:00,20081201034000,MULTIPOINT ((-66.2683 110.5337)),110.5337,-66.2683,109.9,,206.21887207,,0,,,,,,,973.99,,,27.7396379,,,,-0.0082,,,,,,,,,,,,,,,,,37.6,39.2,,,34.29314347,,-0.6,-0.7,,,,,,-0.90872003,,166,319.5,165,318.3,3.2,3.2,3.5,3.5,,,121.34,
underway_1200.29806783,29806783,200809020,2008-12-01T04:00:00,20081201040000,MULTIPOINT ((-66.2683 110.5336)),110.5336,-66.2683,290.6,,192.17285156,,0,,,,,,,974.28,,,27.74072642,,,,-0.0328,,,,,,,,,,,,,,,,,42.6,43.2,,,34.25791803,,-0.1,0,,,,,,-0.87651908,,200,7.8,198,5.7,1.6,1.6,1.7,1.7,,,118.27,
underway_1200.29806903,29806903,200809020,2008-12-01T04:20:00,20081201042000,MULTIPOINT ((-66.2684 110.5343)),110.5343,-66.2684,146.9,,226.41723633,,0.1,,,,,,,974.49,,,28.52760092,,,,-0.0492,,,,,,,,,,,,,,,,,37,39.5,,,34.1840036,,1.3,-0.1,,,,,,0.1250181,,270,41.8,274,45.8,2.4,2.5,2.4,2.5,,,119.81,
underway_1200.29807023,29807023,200809020,2008-12-01T04:40:00,20081201044000,MULTIPOINT ((-66.2688 110.5349)),110.5349,-66.2688,174.1,,278.88244629,,0.1,,,,,,,974.8,,,28.0626893,,,,-0.0328,,,,,,,,,,,,,,,,,59.7,56.7,,,34.50518309,,-1.5,-0.8,,,,,,-0.70992769,,296,16,294,14.7,2.4,2.5,2.4,2.5,,,119.81,
underway_1200.29807143,29807143,200809020,2008-12-01T05:00:00,20081201050000,MULTIPOINT ((-66.2688 110.5348)),110.5348,-66.2688,173.5,,295.84533691,,0,,,,,,,975.06,,,27.77565182,,,,-0.0246,,,,,,,,,,,,,,,,,59,61,,,34.30323973,,-1,-1.6,,,,,,-0.87456805,,292,356.1,283,346.8,2.9,2.9,3.1,3.1,,,122.88,
underway_1200.29807263,29807263,200809020,2008-12-01T05:20:00,20081201052000,MULTIPOINT ((-66.2687 110.5347)),110.5347,-66.2687,193.1,,295.08178711,,0,,,,,,,975.26,,,27.74291314,,,,-0.041,,,,,,,,,,,,,,,,,51.5,50.3,,,34.30986174,,0.3,1.2,,,,,,-0.91945742,,302,6.7,292,356.7,2.4,2.4,2.2,2.2,,,121.34,
underway_1200.29807383,29807383,200809020,2008-12-01T05:40:00,20081201054000,MULTIPOINT ((-66.2687 110.5348)),110.5348,-66.2687,193.1,,283.18908691,,0,,,,,,,975.5,,,27.76146213,,,,-0.041,,,,,,,,,,,,,,,,,44.1,48.7,,,34.26947299,,1.4,0.7,,,,,,-0.86188783,,301,17.9,299,16,2,2,2.1,2.1,,,122.88,
underway_1200.29807503,29807503,200809020,2008-12-01T06:00:00,20081201060000,MULTIPOINT ((-66.2689 110.5348)),110.5348,-66.2689,172.5,,303.82141113,,0,,,,,,,975.77,,,27.86513641,,,,-0.0164,,,,,,,,,,,,,,,,,53.5,50.6,,,34.25953735,,0.3,1.1,,,,,,-0.72938891,,315,11.5,312,8.3,2.1,2.1,2.2,2.2,,,121.34,
underway_1200.29807623,29807623,200809020,2008-12-01T06:20:00,20081201062000,MULTIPOINT ((-66.2689 110.5342)),110.5342,-66.2689,202,,338.97216797,,0.1,,,,,,,975.89,,,27.91642849,,,,-0.0492,,,,,,,,,,,,,,,,,47.7,56.9,,,34.25389723,,2.4,-0.3,,,,,,-0.66324571,,86,100.2,91,105.3,0.8,0.8,0.8,0.8,,,127.49,
underway_1200.29807743,29807743,200809020,2008-12-01T06:40:00,20081201064000,MULTIPOINT ((-66.2691 110.5336)),110.5336,-66.2691,211.9,,13.69995117,,0,,,,,,,976.1,,,27.94043883,,,,-0.0492,,,,,,,,,,,,,,,,,47.3,49.6,,,34.26541689,,1.3,1.7,,,,,,-0.64477715,,33,19.2,25,10.8,2.6,2.6,2.7,2.7,,,130.97,
underway_1200.29807863,29807863,200809020,2008-12-01T07:00:00,20081201070000,MULTIPOINT ((-66.2692 110.5341)),110.5341,-66.2692,101.6,,0.23071289,,0,,,,,,,976.49,,,27.89023729,,,,-0.0328,,,,,,,,,,,,,,,,,47.4,51.6,,,34.26370564,,1.7,0.9,,,,,,-0.7031177,,23,23.1,16,16.4,3.3,3.3,3.3,3.3,,,122.88,
underway_1200.29807983,29807983,200809020,2008-12-01T07:20:00,20081201072000,MULTIPOINT ((-66.2695 110.535)),110.535,-66.2695,122.2,,316.40625,,0.1,,,,,,,976.77,,,27.89351119,,,,-0.041,,,,,,,,,,,,,,,,,51.7,62.3,,,34.26261593,,2.9,0.4,,,,,,-0.69825389,,24,66.4,33,75.4,4.7,4.7,4.2,4.2,,,108.85,
underway_1200.29808103,29808103,200809020,2008-12-01T07:40:00,20081201074000,MULTIPOINT ((-66.2696 110.5342)),110.5342,-66.2696,233,,335.33569336,,0,,,,,,,977.07,,,27.84767554,,,,-0.0492,,,,,,,,,,,,,,,,,48.5,57,,,34.26351683,,2.5,0.2,,,,,,-0.75372404,,24,48.6,27,52,6.1,6.1,5.8,5.8,,,111.33,
underway_1200.29808223,29808223,200809020,2008-12-01T08:00:00,20081201080000,MULTIPOINT ((-66.2693 110.5338)),110.5338,-66.2693,330.2,,333.86901855,,0,,,,,,,977.28,,,27.74946114,,,,0.0164,,,,,,,,,,,,,,,,,51.4,58.7,,,34.31210095,,2.3,0,,,,,,-0.91360043,,24,50.5,28,54.3,6.1,6.1,5.7,5.7,,,116.74,
underway_1200.29808343,29808343,200809020,2008-12-01T08:20:00,20081201082000,MULTIPOINT ((-66.2696 110.5342)),110.5342,-66.2696,58.9,,7.00927734,,0.1,,,,,,,977.66,,,27.83130686,,,,0,,,,,,,,,,,,,,,,,49.4,51.5,,,34.27785297,,0.3,0,,,,,,-0.78586109,,353,346.5,346,339.1,6.4,6.4,6.7,6.7,,,109.06,
underway_1200.29808463,29808463,200809020,2008-12-01T08:40:00,20081201084000,MULTIPOINT ((-66.2696 110.5344)),110.5344,-66.2696,58.1,,355.82519531,,0,,,,,,,978.14,,,27.85859366,,,,-0.0328,,,,,,,,,,,,,,,,,67.1,65.1,,,34.32489524,,-0.5,-0.1,,,,,,-0.79462863,,345,348.7,338,342,4.6,4.6,5.1,5.1,,,112.13,
underway_1200.29808583,29808583,200809020,2008-12-01T09:00:00,20081201090000,MULTIPOINT ((-66.2695 110.5344)),110.5344,-66.2695,214.6,,331.43554688,,0,,,,,,,978.54,,,27.8956881,,,,-0.0246,,,,,,,,,,,,,,,,,73.7,69.4,,,34.19060723,,-0.3,0.5,,,,,,-0.63214394,,351,19.3,345,13.2,4.9,4.9,4.9,4.9,,,108.52,
underway_1200.29808703,29808703,200809020,2008-12-01T09:20:00,20081201092000,MULTIPOINT ((-66.2694 110.5344)),110.5344,-66.2694,180.2,,328.02978516,,0,,,,,,,978.97,,,27.89679057,,,,-0.0164,,,,,,,,,,,,,,,,,73.3,71.1,,,34.33014812,,1,0.5,,,,,,-0.75372404,,23,54.6,31,63.2,2.9,2.9,2.8,2.8,,,110.59,
underway_1200.29808823,29808823,200809020,2008-12-01T09:40:00,20081201094000,MULTIPOINT ((-66.2694 110.5341)),110.5341,-66.2694,231,,349.00268555,,0,,,,,,,979.39,,,28.23074607,,,,-0.0574,,,,,,,,,,,,,,,,,72.1,74,,,34.31484679,,0.1,-0.6,,,,,,-0.34325598,,73,83.8,78,89.4,2.4,2.4,2.3,2.3,,,112.13,
underway_1200.29808943,29808943,200809020,2008-12-01T10:00:00,20081201100000,MULTIPOINT ((-66.2695 110.5341)),110.5341,-66.2695,231,,349.06311035,,0,,,,,,,979.69,,,28.30277856,,,,-0.041,,,,,,,,,,,,,,,,,64.7,70,,,34.31742712,,1.4,0.8,,,,,,-0.26013524,,32,42.5,31,42,5,5,4.8,4.8,,,110.59,
underway_1200.29809063,29809063,200809020,2008-12-01T10:20:00,20081201102000,MULTIPOINT ((-66.2695 110.5332)),110.5332,-66.2695,245.6,,26.67480469,,0,,,,,,,980.12,,,28.67931262,,,,-0.0574,,,,,,,,,,,,,,,,,63.5,63.2,,,34.17465294,,-0.4,-0.2,,,,,,0.31287656,,35,8.3,27,359.8,8.1,8.1,8.1,8.1,,,111.02,
underway_1200.29809183,29809183,200809020,2008-12-01T10:40:00,20081201104000,MULTIPOINT ((-66.2695 110.533)),110.533,-66.2695,245.1,,26.58691406,,0,,,,,,,980.49,,,28.43046235,,,,-0.0574,,,,,,,,,,,,,,,,,62.8,62.4,,,34.17347651,,-0.6,-0.4,,,,,,0.01933851,,40,13.1,32,5.4,8.6,8.6,8.6,8.6,,,113.66,
underway_1200.29809303,29809303,200809020,2008-12-01T11:00:00,20081201110000,MULTIPOINT ((-66.2695 110.5331)),110.5331,-66.2695,172.9,,19.08325195,,0,,,,,,,980.88,,,28.20018005,,,,-0.0574,,,,,,,,,,,,,,,,,60.3,61.6,,,34.22698254,,-0.7,-0.5,,,,,,-0.3016817,,39,19.3,32,13.2,9.4,9.4,9.3,9.3,,,113.66,
underway_1200.29809423,29809423,200809020,2008-12-01T11:20:00,20081201112000,MULTIPOINT ((-66.2694 110.5332)),110.5332,-66.2694,55.8,,9.12963867,,0,,,,,,,981.31,,,28.25368571,,,,0,,,,,,,,,,,,,,,,,54.2,55.5,,,34.56696831,,-0.5,-0.4,,,,,,-0.53796204,,40,30.4,36,26.6,8.1,8.1,7.8,7.8,,,112.13,
underway_1200.29809543,29809543,200809020,2008-12-01T11:40:00,20081201114000,MULTIPOINT ((-66.2695 110.5331)),110.5331,-66.2695,112.1,,46.24694824,,0.1,,,,,,,981.71,,,28.4413966,,,,-0.0328,,,,,,,,,,,,,,,,,58.2,54.8,,,34.41653635,,-0.6,-0.6,,,,,,-0.18387808,,38,352.2,30,344.5,6.7,6.8,6.9,7,,,115.2,
underway_1200.29809663,29809663,200809020,2008-12-01T12:00:00,20081201120000,MULTIPOINT ((-66.2693 110.5326)),110.5326,-66.2693,306.1,,28.25683594,,0.1,,,,,,,982.2,,,28.14013515,,,,-0.0492,,,,,,,,,,,,,,,,,56.6,62.5,,,33.99414078,,-0.3,-1.1,,,,,,-0.16555171,,58,29.1,53,24.5,7.3,7.3,7,7,,,130.54,
underway_1200.29809783,29809783,200809020,2008-12-01T12:20:00,20081201122000,MULTIPOINT ((-66.2695 110.5331)),110.5331,-66.2695,281.7,,27.5592041,,0,,,,,,,982.56,,,28.21547711,,,,-0.0164,,,,,,,,,,,,,,,,,59,59.7,,,34.4447155,,-1.1,-0.9,,,,,,-0.4758997,,54,27.1,50,23.2,6,6,5.9,5.9,,,118.27,
underway_1200.29809903,29809903,200809020,2008-12-01T12:40:00,20081201124000,MULTIPOINT ((-66.2694 110.5331)),110.5331,-66.2694,97.4,,54.36584473,,0,,,,,,,983.01,,,28.0986846,,,,0.0164,,,,,,,,,,,,,,,,,60.1,61.7,,,34.25898959,,-0.9,-1.2,,,,,,-0.45070462,,4,309.3,2,307.2,2.4,2.4,2.8,2.8,,,121.24,
underway_1200.29810023,29810023,200809020,2008-12-01T13:00:00,20081201130000,MULTIPOINT ((-66.2694 110.5336)),110.5336,-66.2694,281.8,,6.88842773,,0,,,,,,,983.3,,,27.87605192,,,,0.0492,,,,,,,,,,,,,,,,,64.5,64.4,,,34.28761321,,-0.8,-0.8,,,,,,-0.74106858,,19,12.5,15,8.5,2.6,2.6,2.4,2.4,,,114.94,
underway_1200.29810143,29810143,200809020,2008-12-01T13:20:00,20081201132000,MULTIPOINT ((-66.2694 110.5331)),110.5331,-66.2694,257,,6.58630371,,0.1,,,,,,,983.68,,,28.03318643,,,,0,,,,,,,,,,,,,,,,,61.5,65.3,,,34.05552246,,-0.7,-1.6,,,,,,-0.34809201,,51,43.1,53,45.1,6.6,6.7,6.3,6.4,,,113.66,
underway_1200.29810263,29810263,200809020,2008-12-01T13:40:00,20081201134000,MULTIPOINT ((-66.2695 110.5331)),110.5331,-66.2695,133.6,,54.39880371,,0.2,,,,,,,984.19,,,28.27003845,,,,0.041,,,,,,,,,,,,,,,,,52.4,54.6,,,34.34127847,,-1,-0.9,,,,,,-0.32004829,,14,321.1,14,320.6,7.1,7.3,7.6,7.8,,,112.13,
underway_1200.29810383,29810383,200809020,2008-12-01T14:00:00,20081201140000,MULTIPOINT ((-66.2692 110.5322)),110.5322,-66.2692,260.7,,45.1373291,,0.1,,,,,,,984.56,,,27.97970815,,,,0.0082,,,,,,,,,,,,,,,,,57.7,58.2,,,34.02942968,,-2.4,-2.4,,,,,,-0.38872953,,77,30.2,73,26.1,13.1,13.2,12.6,12.7,,,129.96,
underway_1200.29810503,29810503,200809020,2008-12-01T14:20:00,20081201142000,MULTIPOINT ((-66.2696 110.5338)),110.5338,-66.2696,140.5,,2.02697754,,0,,,,,,,985.16,,,27.98736436,,,,0.0492,,,,,,,,,,,,,,,,,59.7,60.4,,,34.23742641,,-2.8,-2.8,,,,,,-0.56416324,,1,360,353,351.6,7.2,7.2,7.3,7.3,,,109.06,
underway_1200.29810623,29810623,200809020,2008-12-01T14:40:00,20081201144000,MULTIPOINT ((-66.2694 110.5336)),110.5336,-66.2694,132.9,,35.11779785,,0,,,,,,,985.62,,,28.10196277,,,,0.041,,,,,,,,,,,,,,,,,66,65.5,,,34.30947083,,-2.9,-2.7,,,,,,-0.49140946,,19,343.8,11,335.9,4.7,4.7,5.1,5.1,,,116.74,
underway_1200.29810743,29810743,200809020,2008-12-01T15:00:00,20081201150000,MULTIPOINT ((-66.2693 110.5333)),110.5333,-66.2693,254.2,,25.55969238,,0.1,,,,,,,985.93,,,27.98735616,,,,0.0164,,,,,,,,,,,,,,,,,59.1,60.3,,,34.13552994,,-2.4,-2.6,,,,,,-0.47396125,,128,102.2,138,112.2,2,2,2.1,2.1,,,118.07,
underway_1200.29810863,29810863,200809020,2008-12-01T15:20:00,20081201152000,MULTIPOINT ((-66.2691 110.5324)),110.5324,-66.2691,324.3,,86.41845703,,0,,,,,,,986.32,,,28.17071428,,,,0.0164,,,,,,,,,,,,,,,,,57.8,60.9,,,34.24637051,,-2.7,-3,,,,,,-0.35389574,,167,80.5,179,91.7,2.4,2.4,2.2,2.2,,,124.42,
underway_1200.29810983,29810983,200809020,2008-12-01T15:40:00,20081201154000,MULTIPOINT ((-66.2688 110.5326)),110.5326,-66.2688,205.6,,156.10473633,,0.1,,,,,,,986.58,,,28.13579295,,,,0.0328,,,,,,,,,,,,,,,,,60.7,60.2,,,34.28039504,,-3.2,-3.1,,,,,,-0.42551977,,65,269.5,79,283.9,5.3,5.3,5.8,5.8,,,127.1,
underway_1200.29811101,29811101,200809020,2008-12-01T16:00:00,20081201160000,MULTIPOINT ((-66.2694 110.5324)),110.5324,-66.2694,141,,80.0958252,,0.1,,,,,,,986.95,,,28.12924346,,,7.733,0.0082,,,,,,,,,,,,,,,,,51.5,52.7,,,34.26502648,,-3.3,-3.2,,,,,,-0.41970933,,65,346.2,59,339.7,6.8,6.9,7.1,7.2,,,116.74,
underway_1200.29811221,29811221,200809020,2008-12-01T16:20:00,20081201162000,MULTIPOINT ((-66.2694 110.5323)),110.5323,-66.2694,136.4,,88.39599609,,0.2,,,,,,,987.27,,,27.97099487,,,7.738,0.041,4.305,,,,,,,,,,,,,,,,55.4,57.5,,,34.24612211,,-3.5,-3.6,,,,,,-0.59134657,,73,346.1,66,338.8,7,7.2,7.3,7.5,,,116.74,
underway_1200.29811341,29811341,200809020,2008-12-01T16:40:00,20081201164000,MULTIPOINT ((-66.2691 110.5323)),110.5323,-66.2691,240.2,,80.10681152,,0.1,,,,,,,987.47,,,28.05830434,,,7.722,0.0082,4.306,,,,,,,,,,,,,,,,52.9,55.3,,,34.26166183,,-3.2,-3.3,,,,,,-0.50110503,,86,4.8,78,357.2,3,3.1,3.1,3.2,,,124.31,
underway_1200.29811461,29811461,200809020,2008-12-01T17:00:00,20081201170000,MULTIPOINT ((-66.2694 110.5326)),110.5326,-66.2694,200.1,,44.71984863,,0.1,0,0,0,0,,,987.78,,,27.99064477,,,7.674,0.0656,4.31,,,,,,,,,,,,,,,,53,53.6,,,34.3167487,,-3.6,-3.4,,,,,,-0.6302006,,59,13.6,52,6.8,5.6,5.7,5.5,5.6,,,124.42,
underway_1200.29811581,29811581,200809020,2008-12-01T17:20:00,20081201172000,MULTIPOINT ((-66.2693 110.5325)),110.5325,-66.2693,195,,92.05993652,,0,0.04,-0.22,-0.95,-1.29,,,987.93,,,28.02446867,,,7.712,0.0328,4.307,,,,,,,,,,,,,,,,51.4,54.1,,,34.21719848,,-3.2,-3.3,,,,,,-0.50207467,,25,292.5,29,296.4,4.2,4.2,4.7,4.7,,,122.88,
underway_1200.29811701,29811701,200809020,2008-12-01T17:40:00,20081201174000,MULTIPOINT ((-66.2694 110.5332)),110.5332,-66.2694,9.4,,14.10644531,,0,0.26,0.1,-1.02,-1.25,,,988.25,,,27.98081954,,,7.677,0.0492,4.31,,,,,,,,,,,,,,,,63.5,60.1,,,34.27810609,,-3.9,-3.8,,,,,,-0.60785655,,56,42.4,54,39.8,3.1,3.1,3,3,,,116.74,
underway_1200.29811821,29811821,200809020,2008-12-01T18:00:00,20081201180000,MULTIPOINT ((-66.2695 110.533)),110.533,-66.2695,191.6,,20.23132324,,0,0.04,-0.43,-1.18,-1.5,,,988.56,,,27.93607645,,,7.715,0.0492,4.306,,,,,,,,,,,,,,,,63.9,59,,,34.30257273,,-5.1,-4.9,,,,,,-0.68269226,,55,35.1,61,41.3,1.6,1.6,1.5,1.5,,,113.66,
underway_1200.29811941,29811941,200809020,2008-12-01T18:20:00,20081201182000,MULTIPOINT ((-66.2692 110.5329)),110.5329,-66.2692,272,,47.5982666,,0.1,-0.06,-0.41,-0.84,-1.18,,,988.8,,,28.01028405,,,7.669,0.0164,,,,,,,,,,,,,,,,,66.8,68,,,34.25405317,,-4.8,-4.8,,,,,,-0.55154646,,134,84.3,151,100.8,3.2,3.2,3,3,,,124.42,
underway_1200.29812061,29812061,200809020,2008-12-01T18:40:00,20081201184000,MULTIPOINT ((-66.2689 110.5327)),110.5327,-66.2689,82.2,,92.74658203,,0,0.19,-0.16,-0.94,-1.37,,,989.19,,,27.98081778,,,7.707,0,,,,,,,,,,,,,,,,,66.5,64.7,,,34.25608226,,-4.6,-3.9,,,,,,-0.5884335,,129,35.5,125,32.4,3.5,3.5,3.4,3.4,,,125.95,
underway_1200.29812181,29812181,200809020,2008-12-01T19:00:00,20081201190000,MULTIPOINT ((-66.2689 110.5327)),110.5327,-66.2689,165.9,,130.43518066,,0,0.18,-0.24,-1.2,-1.46,,,989.35,,,27.97863979,,,7.677,0.0656,4.31,,,,,,,,,,,,,,,,64.6,66.2,,,34.31486911,,-4,-4.1,,,,,,-0.64283342,,173,41.8,175,44.2,1.7,1.7,1.7,1.7,,,124.42,
underway_1200.29812301,29812301,200809020,2008-12-01T19:20:00,20081201192000,MULTIPOINT ((-66.2689 110.5319)),110.5319,-66.2689,135.7,,107.81433105,,0.1,0.05,-0.35,-1.22,-1.41,,,989.62,,,27.85531836,,,7.707,0.082,4.298,,,,,,,,,,,,,,,,58.7,59.6,,,34.30823899,,-4.2,-4.2,,,,,,-0.78391291,,105,357.8,96,348.2,4.9,5,4.9,5,,,122.79,
underway_1200.29812421,29812421,200809020,2008-12-01T19:40:00,20081201194000,MULTIPOINT ((-66.2694 110.5322)),110.5322,-66.2694,209.1,,101.83227539,,0.2,0.1,-0.47,-1.09,-1.38,,,989.68,,,27.97645201,,,7.739,0.0738,4.308,,,,,,,,,,,,,,,,57.1,57.3,,,34.25128889,,-4.3,-4.3,,,,,,-0.58940451,,38,298.5,41,301.5,6.3,6.4,6.9,7,,,,
underway_1200.29812541,29812541,200809020,2008-12-01T20:00:00,20081201200000,MULTIPOINT ((-66.2688 110.5327)),110.5327,-66.2688,299.5,,95.38330078,,0.1,0.13,-0.16,-1.06,-1.24,,,989.99,,,27.92734039,,,7.72,-0.0082,4.297,,,,,,,,,,,,,,,,57,58.5,,,34.23558598,,-3.4,-3.5,,,,,,-0.63408735,,164,67.5,178,81.2,4.9,4.9,4.6,4.6,,,,
underway_1200.29812661,29812661,200809020,2008-12-01T20:20:00,20081201202000,MULTIPOINT ((-66.2686 110.533)),110.533,-66.2686,87.2,,134.8626709,,0,0.2,-0.1,-1.37,-1.74,,,990.1,,,27.87277608,,,7.681,0.0656,4.303,,,,,,,,,,,,,,,,61.6,61.7,,,34.26436366,,-4,-3.8,,,,,,-0.72452303,,169,33.4,168,32,6,6,5.8,5.8,,,,
underway_1200.29812781,29812781,200809020,2008-12-01T20:40:00,20081201204000,MULTIPOINT ((-66.2686 110.5326)),110.5326,-66.2686,202.4,,139.77355957,,0,0.35,0.02,-1.13,-1.38,,,990.24,,,27.89569709,,,7.74,0.0656,,,,,,,,,,,,,,,,,58.3,60.4,,,34.30317958,,-3.4,-3.4,,,,,,-0.73133536,,162,23,156,16.9,5.1,5.1,5.2,5.2,,,,
underway_1200.29812901,29812901,200809020,2008-12-01T21:00:00,20081201210000,MULTIPOINT ((-66.2685 110.5327)),110.5327,-66.2685,202.4,,158.48327637,,0,0.06,-0.34,-1.33,-1.59,,,990.34,,,27.90224332,,,7.695,0.0328,4.311,,,,,,,,,,,,,,,,63.4,63.7,,,34.28107353,,-3.6,-3.5,,,,,,-0.70409051,,167,8.9,158,0.2,5.3,5.3,5.5,5.5,,,,
underway_1200.29813021,29813021,200809020,2008-12-01T21:20:00,20081201212000,MULTIPOINT ((-66.269 110.5322)),110.5322,-66.269,23.7,,69.99389648,,0.1,0.18,-0.14,-1.22,-1.59,,,990.41,,,27.97208818,,,7.752,-0.0246,4.307,,,,,,,,,,,,,,,,55.9,57.3,,,34.27071792,,-2.8,-2.7,,,,,,-0.6117419,,112,41.4,112,41.7,8.9,9,8.5,8.6,,,125.95,
underway_1200.29813141,29813141,200809020,2008-12-01T21:40:00,20081201214000,MULTIPOINT ((-66.2689 110.5321)),110.5321,-66.2689,149.6,,94.01550293,,0,-0.02,-0.4,-1.3,-1.58,,,990.51,,,27.91206515,,,7.694,-0.0164,4.304,,,,,,,,,,,,,,,,53.2,54.2,,,34.27890305,,-2.7,-2.7,,,,,,-0.69047258,,114,20.9,108,14.7,8.1,8.1,7.9,7.9,,,121.34,
underway_1200.29813261,29813261,200809020,2008-12-01T22:00:00,20081201220000,MULTIPOINT ((-66.2692 110.5325)),110.5325,-66.2692,160.8,,82.78198242,,0.1,-0.18,-0.39,-1.41,-1.61,,,990.93,,,27.90878647,,,7.688,0.0082,4.299,,,,,,,,,,,,,,,,54.4,,,,34.22041717,,-2.8,,,,,,,-0.64283342,,58,336.5,53,331.1,2.4,2.5,2.6,2.7,,,122.88,
underway_1200.29813381,29813381,200809020,2008-12-01T22:20:00,20081201222000,MULTIPOINT ((-66.2693 110.5328)),110.5328,-66.2693,172.8,,43.55529785,,0,0.35,-0.32,-1.24,-1.77,,,991.25,,,27.96662849,,,7.712,0,4.307,,,,,,,,,,,,,,,,57.6,,,,34.23362901,,-2.7,,,,,,,-0.58552056,,329,285.8,333,289.3,1.4,1.4,1.8,1.8,,,121.34,
underway_1200.29813501,29813501,200809020,2008-12-01T22:40:00,20081201224000,MULTIPOINT ((-66.2693 110.5326)),110.5326,-66.2693,172.8,,44.63745117,,0,0.38,-0.19,-1.31,-1.59,,,991.33,,,27.95898773,,,7.688,0.0246,4.307,,,,,,,,,,,,,,,,58.9,59.4,,,34.21672235,,-2.1,-2.7,,,,,,-0.57969511,,119,73.6,122,77,1.2,1.2,1.1,1.1,,,121.34,
underway_1200.29813621,29813621,200809020,2008-12-01T23:00:00,20081201230000,MULTIPOINT ((-66.2691 110.5323)),110.5323,-66.2691,172.8,,76.28356934,,0,0.07,-0.2,-1.63,-1.9,,,991.53,,,27.99391316,,,7.712,0.0082,4.303,,,,,,,,,,,,,,,,55.6,60.8,,,34.2462604,,-1.8,-2.6,,,,,,-0.56416324,,102,25.1,100,23.8,2.2,2.2,2.2,2.2,,,122.88,
underway_1200.29813741,29813741,200809020,2008-12-01T23:20:00,20081201232000,MULTIPOINT ((-66.269 110.5323)),110.5323,-66.269,18,,96.65222168,,0,0.02,-0.31,-1.47,-1.85,,,991.62,,,27.88696277,,,7.649,0.0082,,,,,,,,,,,,,,,,,60.2,56.4,,,34.25706108,,-2.2,-1.4,,,,,,-0.70117213,,120,23.6,116,19.5,3.4,3.4,3.3,3.3,,,128.91,
underway_1200.29813861,29813861,200809020,2008-12-01T23:40:00,20081201234000,MULTIPOINT ((-66.2689 110.5322)),110.5322,-66.2689,182.9,,136.29089355,,0.1,0.31,-0.14,-0.57,-0.75,,,991.71,,,27.9961014,,,7.65,0.0082,4.305,,,,,,,,,,,,,,,,53.3,,,,34.31529513,,-2.3,,,,,,,-0.62242785,,49,273.6,53,278.4,4.8,4.8,5.2,5.2,,,125.95,
underway_1200.29813981,29813981,200809020,2008-12-02T00:00:00,20081202000000,MULTIPOINT ((-66.2692 110.5325)),110.5325,-66.2692,165.8,,75.94848633,,0,,,,,,,991.65,,,27.89787699,,,7.679,0,4.297,,,,,,,,,,,,,,,,54.6,56.3,,,34.26852854,,-1.2,-1.5,,,,,,-0.69825389,,88,12,77,1.3,3.3,3.3,3.4,3.4,,,122.88,
underway_1200.29814101,29814101,200809020,2008-12-02T00:20:00,20081202002000,MULTIPOINT ((-66.2688 110.5322)),110.5322,-66.2688,40.5,,99.36584473,,0.1,,,,,,,991.52,,,28.04191188,,,7.654,-0.0328,,,,,,,,,,,,,,,,,63.2,60.6,,,33.98924198,,-2.5,-2,,,,,,-0.27848955,,127,27.1,122,22.7,8.6,8.7,8.3,8.4,,,125.95,
underway_1200.29814221,29814221,200809020,2008-12-02T00:40:00,20081202004000,MULTIPOINT ((-66.2687 110.5325)),110.5325,-66.2687,135.7,,127.13928223,,0,,,,,,,991.6,,,28.04959022,,,7.659,-0.0164,,,,,,,,,,,,,,,,,62.3,61.3,,,34.47074373,,-2.2,-1.8,,,,,,-0.69533579,,158,31,156,29,3.9,3.9,3.8,3.8,,,122.43,
underway_1200.29814341,29814341,200809020,2008-12-02T01:00:00,20081202010000,MULTIPOINT ((-66.2685 110.5327)),110.5327,-66.2685,114.6,,148.1451416,,0.1,,,,,,,991.6,,,28.15979575,,,0.074,,0.043,,,,,,,,,,,,,,,,54,53.1,,,34.188151,,-1.7,-1.3,,,,,,-0.31521445,,178,30,176,27.4,5.2,5.3,5,5.1,,,119.81,
underway_1200.29814461,29814461,200809020,2008-12-02T01:20:00,20081202012000,MULTIPOINT ((-66.2685 110.5324)),110.5324,-66.2685,228.2,,167.61291504,,0.1,,,,,,,991.71,,,28.02339303,,,8.308,-0.0246,4.303,,,,,,,,,,,,,,,,66.7,66.9,,,34.41305388,,-2,-2.1,,,,,,-0.67588527,,157,349.6,149,342.1,6.8,6.9,6.9,7,,,119.74,
underway_1200.29814581,29814581,200809020,2008-12-02T01:40:00,20081202014000,MULTIPOINT ((-66.2685 110.5323)),110.5323,-66.2685,285.4,,158.6315918,,0,,,,,,,991.75,,,27.91533651,,,8.367,-0.0492,,,,,,,,,,,,,,,,,74,73.1,,,34.24580309,,-2.1,-2,,,,,,-0.65741294,,148,348.8,143,344.4,5.2,5.2,5.8,5.8,,,121.34,
underway_1200.29814701,29814701,200809020,2008-12-02T02:00:00,20081202015959,MULTIPOINT ((-66.2684 110.5324)),110.5324,-66.2684,179.5,,169.42016602,,0.1,,,,,,,991.6,,,,,,8.24,-0.0492,4.304,,,,,,,,,,,,,,,,74,73.4,,,,,-2,-1.7,,,,,,,,154,345.3,150,341.2,7.9,8,9,9.1,,,122.88,
underway_1200.29814821,29814821,200809020,2008-12-02T02:20:00,20081202021959,MULTIPOINT ((-66.2684 110.5324)),110.5324,-66.2684,206.5,,172.09533691,,0.1,,,,,,,991.52,,,,,,,-0.0328,,,,,,,,,,,,,,,,,74.1,73.9,,,,,-1.9,-2,,,,,,,,159,347,151,339.7,10,10.1,10.3,10.4,,,121.34,
underway_1200.29814941,29814941,200809020,2008-12-02T02:40:00,20081202024000,MULTIPOINT ((-66.2683 110.5327)),110.5327,-66.2683,209.4,,172.50732422,,0.2,,,,,,,991.5,,,,,,7.353,-0.0492,4.315,,,,,,,,,,,,,,,,75.6,75.2,,,,,-1.9,-1.9,,,,,,,,166,354.3,159,346.8,9.2,9.4,9.4,9.6,,,125.2,
underway_1200.29815061,29815061,200809020,2008-12-02T03:00:00,20081202030000,MULTIPOINT ((-66.2682 110.5329)),110.5329,-66.2682,232.7,,189.58557129,,0.1,,,,,,,991.44,,,,,,7.382,-0.0574,,,,,,,,,,,,,,,,,75.9,75.8,,,,,-1.9,-2,,,,,,,,161,331.9,157,327.5,9.4,9.5,9.8,9.9,,,124.42,
underway_1200.29815181,29815181,200809020,2008-12-02T03:20:00,20081202032000,MULTIPOINT ((-66.2683 110.533)),110.533,-66.2683,116.1,,158.17565918,,0,,,,,,,991.39,,,,,,7.546,-0.0574,4.302,,,,,,,,,,,,,,,,76.5,75.6,,,,,-1.9,-1.9,,,,,,,,153,353.9,143,344.3,8.5,8.5,8.7,8.7,,,121.34,
underway_1200.29815301,29815301,200809020,2008-12-02T03:40:00,20081202034000,MULTIPOINT ((-66.2683 110.5325)),110.5325,-66.2683,221.9,,164.75097656,,0,,,,,,,991.29,,,,,,7.557,-0.0738,4.302,,,,,,,,,,,,,,,,77.7,76.4,,,,,-1.9,-1.8,,,,,,,,150,345.1,143,337.8,9.1,9.1,9.5,9.5,,,121.17,
underway_1200.29815421,29815421,200809020,2008-12-02T04:00:00,20081202040000,MULTIPOINT ((-66.2681 110.5331)),110.5331,-66.2681,291.5,,184.1583252,,0.1,,,,,,,991.34,,,,,,,-0.0738,4.299,,,,,,,,,,,,,,,,75.5,75.5,,,,,-1.9,-1.8,,,,,,,,162,337.4,157,332.3,10.6,10.7,11.1,11.2,,,121.34,
underway_1200.29815541,29815541,200809020,2008-12-02T04:20:00,20081202042000,MULTIPOINT ((-66.2682 110.5328)),110.5328,-66.2682,269.3,,185.06469727,,0.2,,,,,,,991.25,,,,,,7.547,-0.082,4.313,,,,,,,,,,,,,,,,73.6,74.8,,,,,-1.6,-1.7,,,,,,,,158,332.8,153,328.2,10.1,10.3,10.6,10.8,,,121.55,
underway_1200.29815661,29815661,200809020,2008-12-02T04:40:00,20081202044000,MULTIPOINT ((-66.2683 110.5325)),110.5325,-66.2683,175.2,,162.9876709,,0.1,,,,,,,991.11,,,,,,7.51,-0.0492,4.303,,,,,,,,,,,,,,,,71.4,72.7,,,,,-1.4,-1.5,,,,,,,,163,1.3,155,352.9,9.5,9.6,9.6,9.7,,,125.47,
underway_1200.29815781,29815781,200809020,2008-12-02T05:00:00,20081202050000,MULTIPOINT ((-66.2683 110.5328)),110.5328,-66.2683,126.5,,148.96362305,,0,,,,,,,990.94,,,,,,7.535,-0.0328,4.295,,,,,,,,,,,,,,,,70.5,72.6,,,,,-1.3,-1.4,,,,,,,,166,17.1,161,12.1,9,9,8.9,8.9,,,121.34,
underway_1200.29815901,29815901,200809020,2008-12-02T05:20:00,20081202052000,MULTIPOINT ((-66.2682 110.533)),110.533,-66.2682,221,,161.88903809,,0,,,,,,,990.86,,,,,,7.551,-0.0492,4.307,,,,,,,,,,,,,,,,71.8,72,,,,,-1.4,-1,,,,,,,,180,18.2,176,13.6,8.8,8.8,8.6,8.6,,,121.34,
underway_1200.29816021,29816021,200809020,2008-12-02T05:40:00,20081202054000,MULTIPOINT ((-66.2683 110.5329)),110.5329,-66.2683,102.7,,137.76855469,,0.1,,,,,,,990.82,,,,,,7.494,-0.0656,,,,,,,,,,,,,,,,,73.2,73.4,,,,,-1.1,-1,,,,,,,,184,45.9,187,49.1,7.7,7.8,7.2,7.3,,,121.34,
underway_1200.29816141,29816141,200809020,2008-12-02T06:00:00,20081202060000,MULTIPOINT ((-66.2683 110.5332)),110.5332,-66.2683,169.1,,172.03491211,,0.1,,,,,,,990.87,,,,,,,-0.0574,4.314,,,,,,,,,,,,,,,,72,72.7,,,,,-1.5,-1.3,,,,,,,,202,30.7,198,26.8,8.3,8.4,7.9,8,,,125.91,
underway_1200.29816261,29816261,200809020,2008-12-02T06:20:00,20081202062000,MULTIPOINT ((-66.2682 110.5345)),110.5345,-66.2682,312.1,,240.91369629,,0.1,,,,,,,990.84,,,,,,7.559,-0.0738,0,,,,,,,,,,,,,,,,71.7,72.4,,,,,-1.4,-1.3,,,,,,,,190,309,191,309.5,7.3,7.4,8,8.1,,,115.2,
underway_1200.29816381,29816381,200809020,2008-12-02T06:40:00,20081202064000,MULTIPOINT ((-66.2682 110.5341)),110.5341,-66.2682,104.1,,189.04724121,,0,,,,,,,990.86,,,,,,7.557,-0.0656,4.308,,,,,,,,,,,,,,,,72.1,70.3,,,,,-1.6,-1.2,,,,,,,,202,12.3,195,5.7,7.7,7.7,7.5,7.5,,,118.03,
underway_1200.29816501,29816501,200809020,2008-12-02T07:00:00,20081202070000,MULTIPOINT ((-66.2682 110.5339)),110.5339,-66.2682,123.5,,172.48535156,,0.1,,,,,,,990.81,,,,,,7.554,-0.0574,4.302,,,,,,,,,,,,,,,,70.4,70.9,,,,,-1.2,-0.8,,,,,,,,203,30.1,201,27.4,7.5,7.6,7.1,7.2,,,122.08,
underway_1200.29816621,29816621,200809020,2008-12-02T07:20:00,20081202072000,MULTIPOINT ((-66.2681 110.5338)),110.5338,-66.2681,276.9,,209.03137207,,0.1,,,,,,,990.71,,,,,,7.572,-0.0738,4.309,,,,,,,,,,,,,,,,71.5,72.4,,,,,-1.6,-1.6,,,,,,,,209,0.3,200,352.2,8.3,8.4,8.4,8.5,,,119.81,
underway_1200.29816741,29816741,200809020,2008-12-02T07:40:00,20081202074000,MULTIPOINT ((-66.2682 110.5346)),110.5346,-66.2682,272.7,,241.49047852,,0.1,,,,,,,990.59,,,,,,7.539,-0.0574,4.298,,,,,,,,,,,,,,,,74.2,74.5,,,,,-1.5,-1.7,,,,,,,,222,341.4,216,335.4,9.6,9.7,9.9,10,,,116.74,
underway_1200.29816861,29816861,200809020,2008-12-02T08:00:00,20081202080000,MULTIPOINT ((-66.2681 110.5346)),110.5346,-66.2681,277.7,,238.91967773,,0.2,,,,,,,990.42,,,,,,7.378,-0.0492,,,,,,,,,,,,,,,,,74.6,74.5,,,,,-1.5,-1.6,,,,,,,,213,335.3,208,329.6,9.8,10,10.3,10.5,,,116.55,
underway_1200.29816981,29816981,200809020,2008-12-02T08:20:00,20081202082000,MULTIPOINT ((-66.2681 110.5338)),110.5338,-66.2681,236.4,,212.60742188,,0.1,,,,,,,990.17,,,,,,7.343,-0.0492,4.309,,,,,,,,,,,,,,,,72.2,71,,,,,-1.5,-1.2,,,,,,,,190,339.2,185,333.9,9.4,9.5,9.8,9.9,,,122.14,
underway_1200.29817101,29817101,200809020,2008-12-02T08:40:00,20081202084000,MULTIPOINT ((-66.2682 110.534)),110.534,-66.2682,117.1,,181.15356445,,0,,,,,,,989.93,,,,,,7.378,-0.0656,4.313,,,,,,,,,,,,,,,,68,68.1,,,,,-1.5,-1.1,,,,,,,,196,14.2,189,6.7,10.1,10.2,9.9,10,,,125.95,
underway_1200.29817221,29817221,200809020,2008-12-02T09:00:00,20081202090000,MULTIPOINT ((-66.2682 110.5339)),110.5339,-66.2682,112.4,,165.71228027,,0.1,,,,,,,989.87,,,,,,8.421,-0.0492,4.309,,,,,,,,,,,,,,,,65.4,69.9,,,,,-0.3,-0.8,,,,,,,,208,40.5,209,41.5,9.5,9.6,9,9.1,,,118.27,
underway_1200.29817341,29817341,200809020,2008-12-02T09:20:00,20081202092000,MULTIPOINT ((-66.2682 110.5342)),110.5342,-66.2682,102.3,,169.16748047,,0.1,,,,,,,989.96,,,,,,8.421,-0.0574,4.309,,,,,,,,,,,,,,,,65.4,66.4,,,,,-0.9,-0.6,,,,,,,,205,34.7,204,33.8,10,10.1,9.5,9.6,,,115.48,
underway_1200.29817461,29817461,200809020,2008-12-02T09:40:00,20081202094000,MULTIPOINT ((-66.2682 110.5344)),110.5344,-66.2682,116.2,,197.87475586,,0,,,,,,,989.97,,,,,,,-0.0492,4.303,,,,,,,,,,,,,,,,64.7,64.8,,,,,-1.1,-0.9,,,,,,,,202,3.3,194,355.1,7.4,7.4,7.4,7.4,,,118.27,
underway_1200.29817581,29817581,200809020,2008-12-02T10:00:00,20081202100000,MULTIPOINT ((-66.2683 110.5348)),110.5348,-66.2683,126.1,,214.10705566,,0,,,,,,,989.87,,,,,,8.433,-0.0492,4.316,,,,,,,,,,,,,,,,65.3,64.6,,,,,-1.2,-0.7,,,,,,,,229,13.7,222,6.8,9.9,9.9,9.7,9.7,,,117.8,
underway_1200.29817701,29817701,200809020,2008-12-02T10:20:00,20081202102000,MULTIPOINT ((-66.2683 110.5346)),110.5346,-66.2683,148.4,,216.2878418,,0,,,,,,,989.9,,,,,,8.427,-0.0328,4.315,,,,,,,,,,,,,,,,66.4,66,,,,,-1.3,-1,,,,,,,,226,8.6,216,358.6,8.2,8.2,8.2,8.2,,,121.34,
underway_1200.29817821,29817821,200809020,2008-12-02T10:40:00,20081202104000,MULTIPOINT ((-66.2683 110.5348)),110.5348,-66.2683,148.7,,233.06396484,,0,,,,,,,989.9,,,,,,8.429,-0.0656,4.315,,,,,,,,,,,,,,,,65.7,67,,,,,-1.4,-1.4,,,,,,,,225,351.7,216,342.7,9.8,9.8,10,10,,,123.46,
underway_1200.29817941,29817941,200809020,2008-12-02T11:00:00,20081202110000,MULTIPOINT ((-66.2682 110.5345)),110.5345,-66.2682,125,,223.71459961,,0,,,,,,,989.88,,,,,,8.428,-0.041,4.295,,,,,,,,,,,,,,,,69.1,68.6,,,,,-1.4,-1.5,,,,,,,,213,348.6,204,340.1,8.6,8.6,8.9,8.9,,,113.21,
underway_1200.29818061,29818061,200809020,2008-12-02T11:20:00,20081202112000,MULTIPOINT ((-66.2682 110.5347)),110.5347,-66.2682,318.9,,238.20007324,,0.1,,,,,,,989.8,,,,,,8.413,-0.041,,,,,,,,,,,,,,,,,69.8,69.6,,,,,-1.4,-1.4,,,,,,,,206,327.1,202,323.6,8.6,8.7,9.2,9.3,,,116.74,
underway_1200.29818181,29818181,200809020,2008-12-02T11:40:00,20081202114000,MULTIPOINT ((-66.2682 110.5348)),110.5348,-66.2682,194.1,,232.80578613,,0,,,,,,,989.72,,,,,,,-0.0164,4.3,,,,,,,,,,,,,,,,69.7,69.8,,,,,-1.5,-1.5,,,,,,,,223,349.8,215,341.4,8.8,8.8,8.9,8.9,,,115.2,
underway_1200.29818301,29818301,200809020,2008-12-02T12:00:00,20081202120000,MULTIPOINT ((-66.2683 110.5343)),110.5343,-66.2683,214.6,,216.6394043,,0,,,,,,,989.66,,,,,,8.427,-0.0164,4.305,,,,,,,,,,,,,,,,72.4,71.8,,,,,-1.4,-1.5,,,,,,,,216,358.6,204,347,6.5,6.5,6.6,6.6,,,124.42,
underway_1200.29818421,29818421,200809020,2008-12-02T12:20:00,20081202122000,MULTIPOINT ((-66.2683 110.5344)),110.5344,-66.2683,159.5,,198.27575684,,0,,,,,,,989.61,,,,,,8.444,-0.0246,4.303,,,,,,,,,,,,,,,,73.5,72.5,,,,,-1.5,-1.1,,,,,,,,217,18.7,211,12.3,8.6,8.6,8.2,8.2,,,116.74,
underway_1200.29818541,29818541,200809020,2008-12-02T12:40:00,20081202124000,MULTIPOINT ((-66.2683 110.5336)),110.5336,-66.2683,263.4,,206.24084473,,0.1,,,,,,,989.41,,,,,,8.448,-0.0082,4.315,,,,,,,,,,,,,,,,72.8,75,,,,,-2.1,-2.5,,,,,,,,172,326.9,169,323.8,4.5,4.6,4.9,5,,,119.22,
underway_1200.29818661,29818661,200809020,2008-12-02T13:00:00,20081202130000,MULTIPOINT ((-66.2683 110.5336)),110.5336,-66.2683,99.7,,153.94592285,,0.1,,,,,,,989.3,,,,,,8.436,0,4.307,,,,,,,,,,,,,,,,73,74.9,,,,,-1.6,-2,,,,,,,,201,45.1,204,48.1,7.3,7.4,7.1,7.2,,,119.59,
underway_1200.29818781,29818781,200809020,2008-12-02T13:20:00,20081202132000,MULTIPOINT ((-66.2682 110.5339)),110.5339,-66.2682,259.7,,174.81445312,,0,,,,,,,989.31,,,,,,8.441,0.0164,4.316,,,,,,,,,,,,,,,,77.2,76.2,,,,,-1.6,-1.4,,,,,,,,210,35.3,211,36.5,6.2,6.2,6,6,,,116.74,
underway_1200.29818901,29818901,200809020,2008-12-02T13:40:00,20081202134000,MULTIPOINT ((-66.2682 110.5344)),110.5344,-66.2682,143.3,,232.02026367,,0,,,,,,,989.15,,,,,,,0,4.301,,,,,,,,,,,,,,,,76.1,75.7,,,,,-2,-2,,,,,,,,214,341.7,208,335.4,7,7,7.3,7.3,,,115.2,
underway_1200.29819021,29819021,200809020,2008-12-02T14:00:00,20081202140000,MULTIPOINT ((-66.2683 110.5346)),110.5346,-66.2683,295.9,,238.06274414,,0,,,,,,,989.02,,,,,,8.452,0.0164,4.317,,,,,,,,,,,,,,,,79.2,78.3,,,,,-2.1,-2,,,,,,,,220,342.3,214,335.7,8.4,8.4,8.8,8.8,,,123.94,
underway_1200.29819141,29819141,200809020,2008-12-02T14:20:00,20081202142000,MULTIPOINT ((-66.2683 110.5345)),110.5345,-66.2683,187.6,,235.60180664,,0,,,,,,,989.11,,,,,,8.448,0.0492,4.314,,,,,,,,,,,,,,,,80.8,79.8,,,,,-2,-2,,,,,,,,213,337.5,207,332.3,6.2,6.2,6.6,6.6,,,116.74,
underway_1200.29819261,29819261,200809020,2008-12-02T14:40:00,20081202144000,MULTIPOINT ((-66.2684 110.5349)),110.5349,-66.2684,105.5,,232.60803223,,0,,,,,,,989.03,,,,,,8.439,0.041,4.304,,,,,,,,,,,,,,,,79.7,79.7,,,,,-2.1,-2,,,,,,,,217,343.6,210,336.5,6.5,6.5,6.7,6.7,,,121.34,
underway_1200.29819381,29819381,200809020,2008-12-02T15:00:00,20081202150000,MULTIPOINT ((-66.2683 110.5348)),110.5348,-66.2683,143.6,,236.99157715,,0,,,,,,,989,,,,,,8.451,0.0082,4.319,,,,,,,,,,,,,,,,79.5,79.6,,,,,-2.1,-2,,,,,,,,230,352.2,222,344.2,8.6,8.6,8.9,8.9,,,119.81,
underway_1200.29819501,29819501,200809020,2008-12-02T15:20:00,20081202152000,MULTIPOINT ((-66.2682 110.5345)),110.5345,-66.2682,158.7,,238.12316895,,0,,,,,,,988.86,,,,,,8.438,0.041,4.308,,,,,,,,,,,,,,,,79.9,80.1,,,,,-2.1,-2,,,,,,,,220,342.2,212,335,8.4,8.4,8.7,8.7,,,115.2,
underway_1200.29819621,29819621,200809020,2008-12-02T15:40:00,20081202154000,MULTIPOINT ((-66.2682 110.5341)),110.5341,-66.2682,291.6,,218.82568359,,0,,,,,,,988.79,,,,,,,0.0492,4.308,,,,,,,,,,,,,,,,79.4,79.4,,,,,-2.1,-2.1,,,,,,,,190,331.6,187,328.2,8.1,8.1,8.5,8.5,,,125.95,
underway_1200.29819741,29819741,200809020,2008-12-02T16:00:00,20081202160000,MULTIPOINT ((-66.2682 110.5344)),110.5344,-66.2682,83,,202.35717773,,0,,,,,,,988.79,,,,,,8.439,0.0492,4.309,,,,,,,,,,,,,,,,77.3,78.6,,,,,-2,-2,,,,,,,,208,5,200,356.6,8.9,8.9,8.8,8.8,,,121.34,
underway_1200.29819861,29819861,200809020,2008-12-02T16:20:00,20081202162000,MULTIPOINT ((-66.2683 110.5335)),110.5335,-66.2683,173.8,,155.21484375,,0,,,,,,,988.83,,,,,,8.447,0.0328,4.319,,,,,,,,,,,,,,,,80.2,78.8,,,,,-2.5,-2.4,,,,,,,,183,27.8,178,23.1,5.5,5.5,5.3,5.3,,,122.88,
underway_1200.29819981,29819981,200809020,2008-12-02T16:40:00,20081202164000,MULTIPOINT ((-66.2682 110.5334)),110.5334,-66.2682,225.2,,171.41418457,,0,,,,,,,988.63,,,,,,8.454,0.041,4.314,,,,,,,,,,,,,,,,79.7,79.2,,,,,-2.5,-2.6,,,,,,,,173,1.8,164,353.1,8.6,8.6,8.6,8.6,,,129.13,
underway_1200.29820101,29820101,200809020,2008-12-02T17:00:00,20081202170000,MULTIPOINT ((-66.2683 110.5331)),110.5331,-66.2683,100.2,,131.45141602,,0.1,,,,,,,988.57,,,,,,8.453,0.0902,,,,,,,,,,,,,,,,,81.3,80.2,,,,,-2.7,-2.7,,,,,,,,168,35.8,168,35.5,9.2,9.3,8.6,8.7,,,124.42,
underway_1200.29820221,29820221,200809020,2008-12-02T17:20:00,20081202172000,MULTIPOINT ((-66.2683 110.533)),110.533,-66.2683,161.8,,135.43395996,,0,,,,,,,988.42,,,,,,8.461,0.041,,,,,,,,,,,,,,,,,80.7,80.3,,,,,-2.8,-2.8,,,,,,,,161,25.8,155,19.2,10.8,10.8,10.3,10.3,,,122.48,
underway_1200.29820341,29820341,200809020,2008-12-02T17:40:00,20081202174000,MULTIPOINT ((-66.2683 110.5331)),110.5331,-66.2683,50.4,,138.10913086,,0,,,,,,,988.26,,,,,,8.465,0.041,4.315,,,,,,,,,,,,,,,,80.7,80.7,,,,,-2.8,-2.8,,,,,,,,172,32.5,169,30.1,10.6,10.6,10,10,,,123.3,
underway_1200.29820461,29820461,200809020,2008-12-02T18:00:00,20081202180000,MULTIPOINT ((-66.2683 110.5335)),110.5335,-66.2683,88,,140.99853516,,0,,,,,,,988.18,,,,,,8.454,0.0164,4.31,,,,,,,,,,,,,,,,80.3,80.5,,,,,-2.7,-2.8,,,,,,,,184,42.2,186,43.9,8.4,8.4,7.8,7.8,,,121.34,
underway_1200.29820581,29820581,200809020,2008-12-02T18:20:00,20081202182000,MULTIPOINT ((-66.2682 110.533)),110.533,-66.2682,202.6,,146.95861816,,0,,,,,,,988.06,,,,,,8.475,0.0656,4.308,,,,,,,,,,,,,,,,81.9,81.6,,,,,-3.1,-3,,,,,,,,178,31.6,177,30.4,8.4,8.5,8,8.1,,,123.56,
underway_1200.29820701,29820701,200809020,2008-12-02T18:40:00,20081202184000,MULTIPOINT ((-66.2683 110.5325)),110.5325,-66.2683,225.7,,166.03637695,,0.2,,,,,,,988.04,,,,,,8.456,0.0164,4.313,,,,,,,,,,,,,,,,82.5,82.3,,,,,-3.7,-3.7,,,,,,,,157,351.5,148,342.8,9.8,10,10,10.2,,,124.42,
underway_1200.29820821,29820821,200809020,2008-12-02T19:00:00,20081202190000,MULTIPOINT ((-66.2682 110.5326)),110.5326,-66.2682,210.8,,181.80725098,,0.1,,,,,,,988.04,,,,,,8.444,0.0246,4.304,,,,,,,,,,,,,,,,83.3,83.2,,,,,-4.1,-4,,,,,,,,147,327.2,144,324.1,8.8,8.9,9.3,9.4,,,124.42,
underway_1200.29820941,29820941,200809020,2008-12-02T19:20:00,20081202192000,MULTIPOINT ((-66.2683 110.5327)),110.5327,-66.2683,228.2,,176.44592285,,0.1,,,,,,,987.87,,,,,,8.43,0.0164,4.309,,,,,,,,,,,,,,,,81.1,81.7,,,,,-4.8,-4.8,,,,,,,,154,337.3,148,331.9,10.7,10.8,11.1,11.2,,,124.42,
underway_1200.29821061,29821061,200809020,2008-12-02T19:40:00,20081202194000,MULTIPOINT ((-66.2683 110.5332)),110.5332,-66.2683,101.7,,166.02539062,,0,,,,,,,987.81,,,,,,,-0.0164,4.308,,,,,,,,,,,,,,,,76.3,77.2,,,,,-4.8,-4.8,,,,,,,,176,9.1,167,0.5,9.5,9.5,9.4,9.4,,,121.34,
underway_1200.29821181,29821181,200809020,2008-12-02T20:00:00,20081202200000,MULTIPOINT ((-66.2683 110.533)),110.533,-66.2683,13.7,,149.44152832,,0,,,,,,,987.61,,,,,,8.479,-0.0082,4.313,,,,,,,,,,,,,,,,73,74.8,,,,,-4.2,-4.2,,,,,,,,185,34.3,184,33.7,6.4,6.4,6.1,6.1,,,122.74,
underway_1200.29821301,29821301,200809020,2008-12-02T20:20:00,20081202202000,MULTIPOINT ((-66.2683 110.5335)),110.5335,-66.2683,131.1,,161.70227051,,0.1,,,,,,,987.48,,,,,,8.457,0.0082,4.308,,,,,,,,,,,,,,,,74.7,73.9,,,,,-4.9,-4.6,,,,,,,,195,33.1,194,32.1,7.6,7.7,7.3,7.4,,,127.49,
underway_1200.29821421,29821421,200809020,2008-12-02T20:40:00,20081202204000,MULTIPOINT ((-66.2683 110.5336)),110.5336,-66.2683,167.6,,178.63769531,,0.1,,,,,,,987.41,,,,,,8.469,0.0246,4.314,,,,,,,,,,,,,,,,77.9,77.2,,,,,-5.5,-5.4,,,,,,,,204,26.7,200,22.7,8.2,8.3,7.9,8,,,121.34,
underway_1200.29821541,29821541,200809020,2008-12-02T21:00:00,20081202210000,MULTIPOINT ((-66.2682 110.534)),110.534,-66.2682,220.6,,215.46386719,,0.1,,,,,,,987.42,,,,,,8.419,-0.0246,,,,,,,,,,,,,,,,,82.5,80.7,,,,,-5.7,-5.7,,,,,,,,213,358.1,205,350.6,7.8,7.9,8,8.1,,,120.28,
underway_1200.29821661,29821661,200809020,2008-12-02T21:20:00,20081202212000,MULTIPOINT ((-66.2683 110.534)),110.534,-66.2683,137.7,,168.87084961,,0.1,,,,,,,987.34,,,,,,8.433,0.0492,4.308,,,,,,,,,,,,,,,,81.8,81.5,,,,,-6.2,-6.2,,,,,,,,202,31.7,199,28.7,6.2,6.3,6,6.1,,,127.89,
underway_1200.29821781,29821781,200809020,2008-12-02T21:40:00,20081202214000,MULTIPOINT ((-66.2683 110.534)),110.534,-66.2683,123.6,,172.83691406,,0,,,,,,,987.27,,,,,,,-0.0082,4.309,,,,,,,,,,,,,,,,80,79.8,,,,,-6.7,-6.3,,,,,,,,200,26.6,196,22.3,8.3,8.3,8.1,8.1,,,117.89,
underway_1200.29821901,29821901,200809020,2008-12-02T22:00:00,20081202220000,MULTIPOINT ((-66.2682 110.5336)),110.5336,-66.2682,95.1,,153.03955078,,0.1,,,,,,,987.06,,,,,,8.464,-0.0246,4.308,,,,,,,,,,,,,,,,77.9,79.5,,,,,-7.1,-6.9,,,,,,,,190,36.2,189,35.5,11.6,11.7,11,11.1,,,122.88,
underway_1200.29822021,29822021,200809020,2008-12-02T22:20:00,20081202222000,MULTIPOINT ((-66.2682 110.5337)),110.5337,-66.2682,104.5,,157.96691895,,0.1,,,,,,,986.83,,,,,,8.44,0,4.312,,,,,,,,,,,,,,,,75.5,76.9,,,,,-6.8,-6.3,,,,,,,,184,23.9,178,18.2,10.6,10.7,10.2,10.3,,,124.06,
underway_1200.29822141,29822141,200809020,2008-12-02T22:40:00,20081202224000,MULTIPOINT ((-66.2683 110.5343)),110.5343,-66.2683,98,,196.92443848,,0.1,,,,,,,986.72,,,,,,8.453,-0.0574,4.311,,,,,,,,,,,,,,,,73.4,75.1,,,,,-6.6,-6.4,,,,,,,,224,26,219,21.5,6.8,6.8,6.6,6.6,,,119.81,
underway_1200.29822261,29822261,200809020,2008-12-02T23:00:00,20081202230000,MULTIPOINT ((-66.2683 110.5348)),110.5348,-66.2683,128.8,,237.37609863,,0,,,,,,,986.28,,,,,,8.429,-0.0492,4.206,,,,,,,,,,,,,,,,72.3,73,,,,,-6.1,-6.1,,,,,,,,213,335.7,207,330,8.1,8.1,8.5,8.5,,,118.27,
underway_1200.29822381,29822381,200809020,2008-12-02T23:20:00,20081202232001,MULTIPOINT ((-66.2681 110.534)),110.534,-66.2681,287.8,,223.46191406,,0.1,,,,,,,985.92,,,,,,8.45,-0.041,4.316,,,,,,,,,,,,,,,,71.6,72.9,,,,,-6,-6.2,,,,,,,,196,333.2,192,328.7,9.7,9.8,10.3,10.4,,,122.88,
underway_1200.29822501,29822501,200809020,2008-12-02T23:40:00,20081202234000,MULTIPOINT ((-66.2682 110.5344)),110.5344,-66.2682,140.3,,226.44470215,,0,,,,,,,985.81,,,,,,8.459,-0.0656,4.298,,,,,,,,,,,,,,,,72.3,72.2,,,,,-5.8,-5.8,,,,,,,,207,340.2,200,333.7,7.8,7.8,8.2,8.2,,,118.27,
underway_1200.29822621,29822621,200809020,2008-12-03T00:00:00,20081203000000,MULTIPOINT ((-66.2683 110.5341)),110.5341,-66.2683,151.8,,186.35559082,,0.1,,,,,,,985.72,,,,,,8.463,-0.041,4.304,,,,,,,,,,,,,,,,70.6,70.7,,,,,-5.6,-5.4,,,,,,,,197,10.4,187,1.1,6.9,7,7,7.1,,,119.81,
underway_1200.29822741,29822741,200809020,2008-12-03T00:20:00,20081203002000,MULTIPOINT ((-66.2682 110.5337)),110.5337,-66.2682,84.6,,194.83703613,,0,,,,,,,985.62,,,,,,8.431,-0.041,4.308,,,,,,,,,,,,,,,,68.8,69.2,,,,,-4.9,-5,,,,,,,,199,4.5,189,354.6,8.7,8.7,8.8,8.8,,,119.41,
underway_1200.29822861,29822861,200809020,2008-12-03T00:40:00,20081203004000,MULTIPOINT ((-66.2681 110.5339)),110.5339,-66.2681,40.6,,194.21081543,,0,,,,,,,985.45,,,,,,8.455,-0.0656,4.31,,,,,,,,,,,,,,,,67.5,69.4,,,,,-5.2,-5.4,,,,,,,,201,6.6,193,358.9,7.6,7.6,7.5,7.5,,,121.34,
underway_1200.29822981,29822981,200809020,2008-12-03T01:00:00,20081203010000,MULTIPOINT ((-66.2682 110.5336)),110.5336,-66.2682,217.3,,194.81506348,,0.1,,,,,,,985.26,,,,,,8.432,-0.0328,4.302,,,,,,,,,,,,,,,,66.8,67.5,,,,,-4.4,-4.1,,,,,,,,169,334.6,165,330.8,5.9,6,6,6.1,,,128.06,
underway_1200.29823101,29823101,200809020,2008-12-03T01:20:00,20081203012000,MULTIPOINT ((-66.2683 110.5333)),110.5333,-66.2683,199.7,,161.41662598,,0,,,,,,,985.17,,,,,,8.44,-0.0492,4.314,,,,,,,,,,,,,,,,63,67.6,,,,,-3.9,-4.2,,,,,,,,193,31.4,189,27.6,1.7,1.7,1.6,1.6,,,118.27,
underway_1200.29823221,29823221,200809020,2008-12-03T01:40:00,20081203014000,MULTIPOINT ((-66.2682 110.5339)),110.5339,-66.2682,199.7,,210.47607422,,0,,,,,,,985.19,,,,,,8.444,-0.0656,4.311,,,,,,,,,,,,,,,,64.9,67.7,,,,,-4.4,-4.3,,,,,,,,197,346.1,189,338.6,4.8,4.8,5.2,5.2,,,119.81,
underway_1200.29823341,29823341,200809020,2008-12-03T02:00:00,20081203020000,MULTIPOINT ((-66.2683 110.5332)),110.5332,-66.2683,195.1,,183.1640625,,0.1,,,,,,,985.1,,,,,,8.465,-0.0656,4.308,,,,,,,,,,,,,,,,58.8,59.6,,,,,-2.2,-2,,,,,,,,157,335.1,152,329.7,3.2,3.3,3.5,3.6,,,121.34,
underway_1200.29823461,29823461,200809020,2008-12-03T02:20:00,20081203022000,MULTIPOINT ((-66.2685 110.5327)),110.5327,-66.2685,188.1,,141.99829102,,0,,,,,,,985,,,,,,8.46,-0.041,,,,,,,,,,,,,,,,,54.9,57.4,,,,,-1.3,-1.6,,,,,,,,60,278.5,66,283.6,1.6,1.6,1.8,1.8,,,128.17,
underway_1200.29823581,29823581,200809020,2008-12-03T02:40:00,20081203024000,MULTIPOINT ((-66.2688 110.5327)),110.5327,-66.2688,198.5,,110.19287109,,0.1,,,,,,,984.83,,,,,,8.431,-0.041,,,,,,,,,,,,,,,,,55.4,59.2,,,,,-0.8,-1.2,,,,,,,,30,281.6,36,286.6,3.8,3.8,4.4,4.4,,,121.34,
underway_1200.29823701,29823701,200809020,2008-12-03T03:00:00,20081203030000,MULTIPOINT ((-66.2691 110.5332)),110.5332,-66.2691,115,,36.00769043,,0,,,,,,,984.78,,,,,,8.456,-0.0574,4.31,,,,,,,,,,,,,,,,59.4,59.7,,,,,-1.7,-1.4,,,,,,,,49,13.3,43,6.5,4.2,4.2,4.2,4.2,,,124.42,
underway_1200.29823821,29823821,200809020,2008-12-03T03:20:00,20081203032000,MULTIPOINT ((-66.2693 110.5335)),110.5335,-66.2693,164.7,,41.71508789,,0.1,,,,,,,984.8,,,,,,8.423,-0.041,,,,,,,,,,,,,,,,,55,57.6,,,,,-0.9,-1.2,,,,,,,,16,334.7,12,330.3,8.2,8.3,8.6,8.7,,,122.88,
underway_1200.29823941,29823941,200809020,2008-12-03T03:40:00,20081203034000,MULTIPOINT ((-66.2695 110.5332)),110.5332,-66.2695,218,,14.43054199,,0.1,,,,,,,984.66,,,,,,,-0.0574,,,,,,,,,,,,,,,,,63.2,63.3,,,,,-1.9,-1.9,,,,,,,,16,1.2,8,353.8,11.1,11.2,11.1,11.2,,,113.66,
underway_1200.29824061,29824061,200809020,2008-12-03T04:00:00,20081203040000,MULTIPOINT ((-66.2699 110.5331)),110.5331,-66.2699,195.4,,23.82385254,,0.2,,,,,,,984.61,,,,,,8.426,-0.0492,4.309,,,,,,,,,,,,,,,,62,62.1,,,,,-1.9,-1.9,,,,,,,,22,358.3,12,348.4,12.1,12.3,12.1,12.3,,,107.15,
underway_1200.29824181,29824181,200809020,2008-12-03T04:20:00,20081203042000,MULTIPOINT ((-66.27 110.5324)),110.5324,-66.27,187.4,,42.76977539,,0.2,,,,,,,984.4,,,,,,8.409,-0.0656,4.296,,,,,,,,,,,,,,,,58.6,59.6,,,,,-1.9,-1.9,,,,,,,,21,338.6,15,332.5,14.3,14.5,14.8,15,,,107.52,
underway_1200.29824301,29824301,200809020,2008-12-03T04:40:00,20081203044000,MULTIPOINT ((-66.2703 110.5329)),110.5329,-66.2703,113.9,,52.93762207,,0.3,,,,,,,984.44,,,,,,8.437,-0.0738,4.304,,,,,,,,,,,,,,,,59.5,60.5,,,,,-1.8,-1.7,,,,,,,,15,323.2,12,320.1,14,14.2,14.9,15.1,,,103.95,
underway_1200.29824421,29824421,200809020,2008-12-03T05:00:00,20081203050000,MULTIPOINT ((-66.2703 110.5335)),110.5335,-66.2703,80.7,,38.4576416,,0.4,,,,,,,984.35,,,,,,8.408,-0.0738,4.297,,,,,,,,,,,,,,,,63,63,,,,,-2,-1.4,,,,,,,,4,326.8,1,323.7,14.3,14.6,15.2,15.5,,,109.06,
underway_1200.29824541,29824541,200809020,2008-12-03T05:20:00,20081203052000,MULTIPOINT ((-66.2702 110.5339)),110.5339,-66.2702,85.4,,21.89575195,,0.3,,,,,,,984.35,,,,,,8.42,-0.082,4.294,,,,,,,,,,,,,,,,68.9,67.5,,,,,-2,-1.8,,,,,,,,15,353.3,6,344.1,13.4,13.7,13.4,13.7,,,111.4,
underway_1200.29824661,29824661,200809020,2008-12-03T05:40:00,20081203054000,MULTIPOINT ((-66.2702 110.5339)),110.5339,-66.2702,83.7,,11.90368652,,0.1,,,,,,,984.28,,,,,,,-0.0574,4.298,,,,,,,,,,,,,,,,73.3,72.2,,,,,-2,-2,,,,,,,,24,12.2,14,2.4,13.5,13.6,13.3,13.4,,,118.07,
underway_1200.29824781,29824781,200809020,2008-12-03T06:00:00,20081203060000,MULTIPOINT ((-66.2702 110.5342)),110.5342,-66.2702,265.8,,347.89855957,,0.1,,,,,,,984.09,,,,,,8.403,-0.0738,4.309,,,,,,,,,,,,,,,,74.5,74.4,,,,,-2,-1.8,,,,,,,,19,31.4,17,29.1,15.4,15.5,14.5,14.6,,,116.74,
underway_1200.29824901,29824901,200809020,2008-12-03T06:20:00,20081203062000,MULTIPOINT ((-66.2702 110.5335)),110.5335,-66.2702,273.1,,336.52770996,,0.2,,,,,,,983.99,,,,,,8.447,-0.041,4.298,,,,,,,,,,,,,,,,76.2,76.1,,,,,-1.4,-1.8,,,,,,,,21,44.1,22,45.2,15.1,15.2,14.1,14.2,,,106.22,
underway_1200.29825021,29825021,200809020,2008-12-03T06:40:00,20081203064000,MULTIPOINT ((-66.2701 110.5334)),110.5334,-66.2701,290.6,,343.36120605,,0.2,,,,,,,983.93,,,,,,8.44,-0.0574,,,,,,,,,,,,,,,,,74.4,76.3,,,,,-1.2,-1.8,,,,,,,,19,35.5,18,34.6,15.4,15.6,14.6,14.8,,,105.9,
underway_1200.29825141,29825141,200809020,2008-12-03T07:00:00,20081203070000,MULTIPOINT ((-66.2701 110.5331)),110.5331,-66.2701,279.7,,350.20019531,,0.2,,,,,,,984,,,,,,8.454,-0.0656,,,,,,,,,,,,,,,,,77.3,76.9,,,,,-1.7,-1.6,,,,,,,,17,26.1,11,20.5,13.7,13.9,13.3,13.5,,,107.4,
underway_1200.29825261,29825261,200809020,2008-12-03T07:20:00,20081203072000,MULTIPOINT ((-66.2701 110.5327)),110.5327,-66.2701,268.3,,12.61779785,,0,,,,,,,983.96,,,,,,8.415,-0.0656,4.305,,,,,,,,,,,,,,,,76.4,75.8,,,,,-1.9,-1.8,,,,,,,,23,10.4,15,2.5,16.6,16.6,16.5,16.5,,,110.59,
underway_1200.29825381,29825381,200809020,2008-12-03T07:40:00,20081203074000,MULTIPOINT ((-66.2701 110.5327)),110.5327,-66.2701,191.5,,16.99584961,,0.1,,,,,,,983.96,,,,,,,-0.0738,4.308,,,,,,,,,,,,,,,,77.9,76.6,,,,,-2,-1.9,,,,,,,,17,359.7,8,350.5,14.2,14.3,14.2,14.3,,,107.52,
underway_1200.29825501,29825501,200809020,2008-12-03T08:00:00,20081203080000,MULTIPOINT ((-66.27 110.5326)),110.5326,-66.27,193.3,,28.4765625,,0.1,,,,,,,983.88,,,,,,8.419,-0.0656,4.304,,,,,,,,,,,,,,,,77.7,76.1,,,,,-1.8,-1.7,,,,,,,,34,5.3,25,356.4,13.4,13.5,13.3,13.4,,,109.88,
underway_1200.29825621,29825621,200809020,2008-12-03T08:20:00,20081203082000,MULTIPOINT ((-66.2699 110.5325)),110.5325,-66.2699,294.4,,24.36218262,,0,,,,,,,983.88,,,,,,8.417,-0.0656,,,,,,,,,,,,,,,,,76.7,76.2,,,,,-1.8,-1.7,,,,,,,,34,9.5,25,0.6,12.3,12.3,12.3,12.3,,,106.95,
underway_1200.29825741,29825741,200809020,2008-12-03T08:40:00,20081203084000,MULTIPOINT ((-66.2699 110.5328)),110.5328,-66.2699,305.1,,359.62646484,,0.1,,,,,,,983.86,,,,,,8.435,-0.0492,4.315,,,,,,,,,,,,,,,,74.7,78,,,,,-1.3,-1.5,,,,,,,,32,32.1,29,29.2,9.8,9.9,9.5,9.6,,,107.34,
underway_1200.29825861,29825861,200809020,2008-12-03T09:00:00,20081203090000,MULTIPOINT ((-66.27 110.5331)),110.5331,-66.27,232.3,,346.89331055,,0,,,,,,,983.91,,,,,,8.416,-0.041,4.307,,,,,,,,,,,,,,,,75.8,77,,,,,-1.3,-1.8,,,,,,,,23,36,22,35.1,9.7,9.8,9.1,9.2,,,109,
underway_1200.29825981,29825981,200809020,2008-12-03T09:20:00,20081203092000,MULTIPOINT ((-66.27 110.5332)),110.5332,-66.27,295.3,,346.41540527,,0.1,,,,,,,983.76,,,,,,8.599,-0.0492,4.305,,,,,,,,,,,,,,,,77.3,77.5,,,,,-1.3,-1.8,,,,,,,,38,50.5,43,56,7.9,8,7.4,7.5,,,109.33,
underway_1200.29826101,29826101,200809020,2008-12-03T09:40:00,20081203094000,MULTIPOINT ((-66.2691 110.537)),110.537,-66.2691,67,,49.17480469,,0.8,,,,,,,983.69,,,,,,8.413,-0.0492,4.302,,,,,,,,,,,,,,,,79.3,78.6,,,,,-1.9,-1.9,,,,,,,,45,356.6,33,346.5,5,5.8,5.1,5.9,,,117.16,
underway_1200.29826221,29826221,200809020,2008-12-03T10:00:00,20081203100000,MULTIPOINT ((-66.2542 110.4625)),110.4625,-66.2542,293.9,,290.65429688,,7.8,,,,,,,983.66,,,,,,8.42,-0.0738,4.304,,,,,,,,,,,,,,,,73.2,78.6,,,,,-0.7,-1.9,,,,,,,,37,56.2,47,63.5,8.1,9.9,8.5,9,,,,
underway_1200.29826341,29826341,200809020,2008-12-03T10:20:00,20081203102000,MULTIPOINT ((-66.2371 110.3608)),110.3608,-66.2371,291,,289.62158203,,8,,,,,,,983.48,,,,,,8.402,-0.082,4.307,,,,,,,,,,,,,,,,74.1,80.7,,,,,-0.7,-2,,,,,,,,50,57.1,58,64.1,7.4,7.8,7.9,7.1,,,133.41,
underway_1200.29826461,29826461,200809020,2008-12-03T10:40:00,20081203104000,MULTIPOINT ((-66.2412 110.252)),110.252,-66.2412,262.1,,261.82067871,,7.9,,,,,,,983.39,,,,,,8.389,0.0984,,,,,,,,,,,,,,,,,76.8,81,,,,,-1.3,-2,,,,,,,,64,83.8,66,92.1,8,2.5,8.3,2.3,,,242.69,
underway_1200.29826581,29826581,200809020,2008-12-03T11:00:00,20081203110000,MULTIPOINT ((-66.2454 110.143)),110.143,-66.2454,280.6,,280.43701172,,7.9,,,,,,,983.37,,,,,,8.41,0.1968,4.306,,,,,,,,,,,,,,,,75.5,80.4,,,,,-1.4,-1.8,,,,,,,,64,82.8,72,101.6,9,5.5,10.1,4.9,,,216.29,
underway_1200.29826701,29826701,200809020,2008-12-03T11:20:00,20081203112000,MULTIPOINT ((-66.2181 110.0933)),110.0933,-66.2181,3,,359.63195801,,7.9,,,,,,,983.14,,,,,,8.405,0.2542,4.295,,,,,,,,,,,,,,,,76.2,77.7,,,,,-1.7,-1.7,,,,,,,,67,36.1,69,35.8,8.2,13.7,7.6,13,,,237.36,
underway_1200.29826821,29826821,200809020,2008-12-03T11:40:00,20081203114000,MULTIPOINT ((-66.1772 110.1018)),110.1018,-66.1772,39.1,,30.81115723,,8.1,,,,,,,982.96,,,,,,8.445,0.0164,,,,,,,,,,,,,,,,,81.2,81,,,,,-2.2,-2.2,,,,,,,,46,11.4,29,3.4,7.7,15.8,7.6,15.6,,,0,
underway_1200.29826941,29826941,200809020,2008-12-03T12:00:00,20081203120000,MULTIPOINT ((-66.1424 110.1212)),110.1212,-66.1424,319.2,,314.31335449,,8,,,,,,,982.82,,,,,,8.403,0.0082,4.302,,,,,,,,,,,,,,,,79.4,81.5,,,,,-2.1,-2.5,,,,,,,,31,40.4,36,41.3,7.8,12.8,7.3,12,,,,
underway_1200.29827061,29827061,200809020,2008-12-03T12:20:00,20081203122000,MULTIPOINT ((-66.1106 110.0549)),110.0549,-66.1106,319.7,,314.5111084,,7.7,,,,,,,982.64,,,,,,8.404,0.3362,4.296,,,,,,,,,,,,,,,,79.4,81,,,,,-2.2,-2.6,,,,,,,,41,46.8,48,49.2,8,11.9,7.7,11.1,,,365.99,
underway_1200.29827181,29827181,200809020,2008-12-03T12:40:00,20081203124000,MULTIPOINT ((-66.0784 109.9844)),109.9844,-66.0784,314.8,,310.27587891,,7.7,,,,,,,982.51,,,,,,8.42,0.041,4.297,,,,,,,,,,,,,,,,80.9,83,,,,,-2.2,-2.8,,,,,,,,46,51.1,55,55.8,7.9,10.9,8,10.1,,,269.45,
underway_1200.29827301,29827301,200809020,2008-12-03T13:00:00,20081203130000,MULTIPOINT ((-66.0467 109.9285)),109.9285,-66.0467,354.8,,356.80297852,,2.5,,,,,,,982.44,,,,,,8.401,0,,,,,,,,,,,,,,,,,82.7,84.4,,,,,-2.3,-2.9,,,,,,,,61,49.4,66,53.1,8,9.4,7.6,8.8,,,256.95,
underway_1200.29827421,29827421,200809020,2008-12-03T13:20:00,20081203132000,MULTIPOINT ((-66.025 109.9156)),109.9156,-66.025,9.4,,1.82922363,,4.9,,,,,,,982.3,,,,,,8.43,-0.0492,,,,,,,,,,,,,,,,,84.7,85.3,,,,,-2.8,-2.9,,,,,,,,48,30.8,44,27.4,7.4,11.6,6.6,11,,,237.83,
underway_1200.29827541,29827541,200809020,2008-12-03T13:40:00,20081203134000,MULTIPOINT ((-66.0013 109.9205)),109.9205,-66.0013,2.2,,6.98730469,,4,,,,,,,982.21,,,,,,8.412,0.3444,,,,,,,,,,,,,,,,,86.6,85.6,,,,,-3.1,-3,,,,,,,,53,28.4,48,24.6,8.4,11.4,7.7,10.9,,,207.36,
underway_1200.29827661,29827661,200809020,2008-12-03T14:00:00,20081203140000,MULTIPOINT ((-65.98 109.8965)),109.8965,-65.98,340,,336.48376465,,6.9,,,,,,,982.21,,,,,,8.417,0.1312,4.303,,,,,,,,,,,,,,,,88.5,87.9,,,,,-3.1,-3.2,,,,,,,,37,35,38,34.1,8.4,13.5,7.7,12.8,,,322.4,
underway_1200.29827781,29827781,200809020,2008-12-03T14:20:00,20081203142000,MULTIPOINT ((-65.9907 109.865)),109.865,-65.9907,128.7,,124.56848145,,6.4,,,,,,,982.11,,,,,,8.415,0.3034,,,,,,,,,,,,,,,,,86.2,87.1,,,,,-3.1,-2.9,,,,,,,,33,307.2,37,307.8,8.6,10.2,9.2,11.1,,,308.91,
underway_1200.29827901,29827901,200809020,2008-12-03T14:40:00,20081203144000,MULTIPOINT ((-66.0198 109.9155)),109.9155,-66.0198,142.3,,136.44470215,,6.7,,,,,,,981.96,,,,,,8.421,0.0902,0,,,,,,,,,,,,,,,,85.7,85.7,,,,,-3.1,-3,,,,,,,,27,294.2,33,297.7,9.1,8.7,9.5,9.7,,,234.76,
underway_1200.29828021,29828021,200809020,2008-12-03T15:00:00,20081203150000,MULTIPOINT ((-66.043 109.9434)),109.9434,-66.043,95,,94.46044922,,6.1,,,,,,,981.82,,,,,,8.415,0.1558,,,,,,,,,,,,,,,,,85.3,85.3,,,,,-3.2,-3.1,,,,,,,,35,327,32,323.1,7.4,11.7,8.4,12.4,,,234.22,
underway_1200.29828141,29828141,200809020,2008-12-03T15:20:00,20081203152000,MULTIPOINT ((-66.0493 109.938)),109.938,-66.0493,296.9,,298.91052246,,6.4,,,,,,,981.67,,,,,,8.441,0.041,4.304,,,,,,,,,,,,,,,,86.4,86.7,,,,,-2.7,-3.1,,,,,,,,36,49.7,43,53.2,6.8,8.5,6.7,7.9,,,255.82,
underway_1200.29828261,29828261,200809020,2008-12-03T15:40:00,20081203154000,MULTIPOINT ((-66.0394 109.8721)),109.8721,-66.0394,247.1,,241.18286133,,4.7,,,,,,,981.6,,,,,,8.421,1.2136,4.303,,,,,,,,,,,,,,,,88.5,88.5,,,,,-2.8,-3,,,,,,,,52,135.7,43,138.2,6.1,1.9,8.4,4.5,,,338.91,
underway_1200.29828381,29828381,200809020,2008-12-03T16:00:00,20081203160000,MULTIPOINT ((-66.0686 109.9082)),109.9082,-66.0686,137.4,,130.01220703,,5.2,,,,,,,981.41,,,,,,8.435,1.107,4.303,,,,,,,,,,,,,,,,90.7,89.8,,,,,-3,-2.8,,,,,,,,40,304.6,44,305.5,8.1,9,8.7,9.9,,,345.17,
underway_1200.29828501,29828501,200809020,2008-12-03T16:20:00,20081203162000,MULTIPOINT ((-66.0883 109.9393)),109.9393,-66.0883,155.6,,151.96289062,,4.3,,,,,,,981.41,,,,,,8.426,1.0906,4.298,,,,,,,,,,,,,,,,91.2,90.2,,,,,-2.9,-2.8,,,,,,,,29,268.1,44,285.1,8.3,6.7,7.7,7.3,,,382.52,
underway_1200.29828621,29828621,200809020,2008-12-03T16:40:00,20081203164000,MULTIPOINT ((-66.1096 109.9653)),109.9653,-66.1096,156.2,,156.48376465,,4.2,,,,,,,981.34,,,,,,8.456,0.246,4.304,,,,,,,,,,,,,,,,91.2,90.2,,,,,-3,-2.7,,,,,,,,30,264,45,281.4,8.2,6.6,7.7,7.3,,,444.65,
underway_1200.29828732,29828732,200809020,2008-12-03T17:00:00,20081203170000,MULTIPOINT ((-66.1303 109.9881)),109.9881,-66.1303,157.6,,154.56115723,,4,,,,,,,981.22,,,27.60322692,,,8.43,0,,,,,,,,,,,,,,,,,91.1,90.2,,,34.29776916,,-3.1,-2.7,,,,,,-1.0758489,,30,260.8,44,275.2,9,7.3,9.1,8.3,,,534.96,
underway_1200.29828852,29828852,200809020,2008-12-03T17:20:00,20081203172000,MULTIPOINT ((-66.1505 110.0097)),110.0097,-66.1505,157,,155.40710449,,4,,,,,,,981.28,,,27.65561124,,,8.421,0.1722,,,,,,,,,,,,,,,,,91.8,89.9,,,34.33251478,,-2.9,-2.6,,,,,,-1.04356072,,31,267.2,45,283,7.7,6.3,7.2,6.8,,,449.85,
underway_1200.29828970,29828970,200809020,2008-12-03T17:40:00,20081203174000,MULTIPOINT ((-66.1706 110.0309)),110.0309,-66.1706,156.6,,154.4732666,,4,,,,,,,981.31,,,27.78001524,,,,0.3116,,,,,,,,,,,,,,,,,90.2,89.1,,,34.28027265,,-2.9,-2.5,,,,,,-0.84921021,,19,250,39,290.6,8.7,6.3,5.3,4.9,,,443.61,
underway_1200.29829088,29829088,200809020,2008-12-03T18:00:00,20081203180000,MULTIPOINT ((-66.1895 110.056)),110.056,-66.1895,108.6,,88.36853027,,3.4,,,,,,,981.17,,,27.73854842,,,8.421,0.2542,,,,,,,,,,,,,,,,,89.8,88.3,,,34.31617341,,-2.9,-2.5,,,,,,-0.93019666,,19,310.9,20,310.5,9.6,10.2,10.4,11,,,319.33,
underway_1200.29829208,29829208,200809020,2008-12-03T18:20:00,20081203182000,MULTIPOINT ((-66.1774 110.0489)),110.0489,-66.1774,330.9,,330.28198242,,3,,,,,,,981.08,,,27.77128673,,,8.43,0.3362,4.302,,,,,,,,,,,,,,,,88.9,89.2,,,34.3050856,,-2.7,-3,,,,,,-0.88139694,,34,47.2,38,49.7,7.8,9.5,7.2,8.8,,,427.28,
underway_1200.29829328,29829328,200809020,2008-12-03T18:40:00,20081203184000,MULTIPOINT ((-66.1625 110.0283)),110.0283,-66.1625,330,,329.79309082,,3,,,,,,,981.02,,,27.79529411,,,8.41,0.3116,4.306,,,,,,,,,,,,,,,,87.6,89.1,,,34.28661325,,-2.8,-3.1,,,,,,-0.83653519,,29,45.6,33,47.9,9.1,11,8.6,10.3,,,475.11,
underway_1200.29829448,29829448,200809020,2008-12-03T19:00:00,20081203190000,MULTIPOINT ((-66.1471 110.0077)),110.0077,-66.1471,332.2,,329.97436523,,3.1,,,,,,,980.79,,,27.63705553,,,8.44,0.164,4.305,,,,,,,,,,,,,,,,86.9,88.9,,,34.28364195,,-2.7,-3.1,,,,,,-1.02302248,,48,62.2,58,69.5,9.8,11,9.2,9.9,,,440.46,
underway_1200.29829568,29829568,200809020,2008-12-03T19:20:00,20081203192000,MULTIPOINT ((-66.1316 109.9867)),109.9867,-66.1316,333.1,,333.42407227,,3.1,,,,,,,980.68,,,27.57921749,,,8.425,-0.0082,4.303,,,,,,,,,,,,,,,,86.4,88.6,,,34.2805658,,-2.7,-3.2,,,,,,-1.08955203,,47,57.7,55,64.5,9.9,11.2,9.4,10.3,,,521.57,
underway_1200.29829688,29829688,200809020,2008-12-03T19:40:00,20081203194000,MULTIPOINT ((-66.1157 109.9691)),109.9691,-66.1157,337.8,,334.03381348,,2.9,,,,,,,980.39,,,27.76472735,,,,0.943,,,,,,,,,,,,,,,,,87.9,88.9,,,34.15985236,,-3,-3.1,,,,,,-0.76151331,,56,67.4,72,82.4,10.3,11.1,10.5,10.5,,,480.01,
underway_1200.29829808,29829808,200809020,2008-12-03T20:00:00,20081203200000,MULTIPOINT ((-66.1006 109.9524)),109.9524,-66.1006,334,,333.80310059,,2.8,,,,,,,980.28,,,27.88041999,,,8.442,0.9348,,,,,,,,,,,,,,,,,88.9,89.2,,,34.32235,,-3,-3.1,,,,,,-0.7663821,,58,69.7,73,83.9,10.9,11.6,11.1,11,,,428.75,
underway_1200.29829928,29829928,200809020,2008-12-03T20:20:00,20081203202000,MULTIPOINT ((-66.1115 109.9677)),109.9677,-66.1115,157.2,,149.59533691,,4.3,,,,,,,980.32,,,27.81602587,,,8.418,0.9184,4.288,,,,,,,,,,,,,,,,89,88.5,,,34.24603136,,-3.1,-2.8,,,,,,-0.77612082,,44,276.8,60,291.2,11.5,10.6,11.6,11.8,,,441.04,
underway_1200.29830048,29830048,200809020,2008-12-03T20:40:00,20081203204000,MULTIPOINT ((-66.1327 109.9908)),109.9908,-66.1327,155.9,,149.28771973,,4.1,,,,,,,980.21,,,27.72437565,,,8.403,0.1558,4.299,,,,,,,,,,,,,,,,89.2,88.3,,,34.49638938,,-2.9,-2.6,,,,,,-1.10423732,,52,284.1,62,292.1,10.9,10.7,11.7,12.1,,,509.77,
underway_1200.29830168,29830168,200809020,2008-12-03T21:00:00,20081203210000,MULTIPOINT ((-66.1533 110.013)),110.013,-66.1533,156.1,,150.58410645,,4,,,,,,,980.2,,,27.59340244,,,8.421,0.1558,,,,,,,,,,,,,,,,,88.6,88,,,34.25970328,,-3,-2.7,,,,,,-1.05432157,,55,284.6,64,291.2,11.5,11.4,12.3,12.8,,,527.59,
underway_1200.29830288,29830288,200809020,2008-12-03T21:20:00,20081203212000,MULTIPOINT ((-66.1733 110.0357)),110.0357,-66.1733,154.8,,150.48522949,,3.9,,,,,,,980.06,,,27.79529543,,,8.44,0.2706,4.303,,,,,,,,,,,,,,,,88.5,88,,,34.30328246,,-3.1,-2.9,,,,,,-0.85116044,,67,296.6,72,299.5,10.4,11.2,11.3,12.4,,,431.32,
underway_1200.29830408,29830408,200809020,2008-12-03T21:40:00,20081203214000,MULTIPOINT ((-66.177 110.0593)),110.0593,-66.177,359.1,,359.37927246,,5.8,,,,,,,979.99,,,27.74509272,,,8.423,0.2952,4.306,,,,,,,,,,,,,,,,86.7,87.3,,,34.27164321,,-2.9,-3.1,,,,,,-0.88334818,,70,52.2,78,57.7,14.3,17.1,13.5,15.7,,,339.02,
underway_1200.29830528,29830528,200809020,2008-12-03T22:00:00,20081203220000,MULTIPOINT ((-66.1573 110.0762)),110.0762,-66.1573,93.7,,84.61669922,,4.5,,,,,,,979.94,,,27.78874817,,,8.421,0.082,4.303,,,,,,,,,,,,,,,,87.5,87.8,,,34.3110545,,-3.1,-3.1,,,,,,-0.86578916,,60,343.7,53,338,13.7,17.6,14.3,18,,,368.89,
underway_1200.29830648,29830648,200809020,2008-12-03T22:20:00,20081203222000,MULTIPOINT ((-66.1674 110.1093)),110.1093,-66.1674,152.7,,142.19055176,,4.1,,,,,,,979.87,,,27.69926093,,,8.405,0.1066,4.299,,,,,,,,,,,,,,,,87.6,87.4,,,34.30719589,,-3.1,-2.8,,,,,,-0.96926421,,56,291.7,63,296.8,13,13.2,13.9,14.5,,,254.87,
underway_1200.29830768,29830768,200809020,2008-12-03T22:40:00,20081203224000,MULTIPOINT ((-66.1873 110.1373)),110.1373,-66.1873,151,,143.34411621,,3.7,,,,,,,979.79,,,27.63705896,,,8.425,-0.0246,4.301,,,,,,,,,,,,,,,,86.1,86.5,,,34.32728722,,-3,-2.8,,,,,,-1.06117036,,52,285.7,59,291.7,12.4,12.4,13.4,13.8,,,212.99,
underway_1200.29830888,29830888,200809020,2008-12-03T23:00:00,20081203230000,MULTIPOINT ((-66.2002 110.1617)),110.1617,-66.2002,99.7,,94.32312012,,3,,,,,,,979.9,,,27.68070719,,,8.436,0.1066,,,,,,,,,,,,,,,,,81.4,82.8,,,34.28521449,,-3.1,-3.1,,,,,,-0.97219528,,70,341.3,64,335.4,11.8,14.5,12.5,15,,,166.48,
underway_1200.29831008,29831008,200809020,2008-12-03T23:20:00,20081203232000,MULTIPOINT ((-66.2123 110.1899)),110.1899,-66.2123,118.9,,112.46154785,,2.8,,,,,,,979.82,,,27.69053103,,,8.431,0.1722,4.296,,,,,,,,,,,,,,,,79.3,80,,,34.31314199,,-3,-2.9,,,,,,-0.98489816,,67,324.4,64,321.4,9.4,11.5,10.3,12.3,,,173.51,
underway_1200.29831128,29831128,200809020,2008-12-03T23:40:00,20081203234000,MULTIPOINT ((-66.2186 110.2254)),110.2254,-66.2186,105.7,,93.47167969,,2.8,,,,,,,979.96,,,27.85313274,,,8.408,0.164,4.305,,,,,,,,,,,,,,,,76.4,78,,,34.27091943,,-3.1,-3.1,,,,,,-0.75372404,,65,338,59,332.4,10,12.5,10.6,13,,,204.29,
underway_1200.29831248,29831248,200809020,2008-12-04T00:00:00,20081204000000,MULTIPOINT ((-66.2235 110.2609)),110.2609,-66.2235,117.2,,101.09069824,,2.3,,,,,,,979.84,,,27.84767748,,,8.444,0.492,4.3,,,,,,,,,,,,,,,,76.8,77.3,,,34.28788568,,-3,-2.8,,,,,,-0.77514688,,41,309.8,40,308.4,10.3,11.6,11.2,12.5,,,184.07,
underway_1200.29831368,29831368,200809020,2008-12-04T00:20:00,20081204002000,MULTIPOINT ((-66.2316 110.3061)),110.3061,-66.2316,115.4,,107.578125,,7.3,,,,,,,979.67,,,27.68289107,,,8.39,0.123,,,,,,,,,,,,,,,,,73.7,74.7,,,34.30159053,,-2.9,-2.9,,,,,,-0.98392092,,60,335.4,54,330.5,10.6,15.9,11.7,16.5,,,166.1,
underway_1200.29831488,29831488,200809020,2008-12-04T00:40:00,20081204004000,MULTIPOINT ((-66.2439 110.3805)),110.3805,-66.2439,111.6,,88.92333984,,2.1,,,,,,,979.63,,,27.50828426,,,8.316,-0.0574,,,,,,,,,,,,,,,,,70.9,71.7,,,34.26962947,,-2.8,-2.6,,,,,,-1.16497365,,41,320.1,40,318.2,10.9,12.4,11.8,13.2,,,0,
underway_1200.29831608,29831608,200809020,2008-12-04T01:00:00,20081204010000,MULTIPOINT ((-66.2508 110.4314)),110.4314,-66.2508,106.1,,98.4979248,,5.4,,,,,,,979.14,,,27.47882187,,,8.221,-0.0492,4.299,,,,,,,,,,,,,,,,67.9,69.1,,,34.28983787,,-2.7,-2.4,,,,,,-1.21792181,,30,306.3,32,307,18.5,20.4,19.8,21.9,,,0,
underway_1200.29831728,29831728,200809020,2008-12-04T01:20:00,20081204012000,MULTIPOINT ((-66.2573 110.4512)),110.4512,-66.2573,165.6,,130.32531738,,0.8,,,,,,,979.28,,,27.42753066,,,8.25,-0.0328,4.29,,,,,,,,,,,,,,,,70.3,69.5,,,34.25866692,,-2.6,-1.8,,,,,,-1.25226436,,26,258.4,44,276.9,15,14.8,16,16.1,,,0,
underway_1200.29831848,29831848,200809020,2008-12-04T01:40:00,20081204014000,MULTIPOINT ((-66.2524 110.4511)),110.4511,-66.2524,352,,173.23242188,,0.8,,,,,,,979.36,,,27.41443669,,,8.278,-0.0656,4.292,,,,,,,,,,,,,,,,65.6,67.9,,,34.27104578,,-2.5,-1.2,,,,,,-1.27877027,,29,217.5,28,217.1,16.4,15.8,8.5,7.8,,,2936.52,
underway_1200.29831968,29831968,200809020,2008-12-04T02:00:00,20081204020000,MULTIPOINT ((-66.2525 110.4529)),110.4529,-66.2525,129,,127.86437988,,4.6,,,,,,,979.1,,,27.41007142,,,,-0.041,4.301,,,,,,,,,,,,,,,,62.3,60.5,,,34.26728686,,-2.2,-1.4,,,,,,-1.28073413,,30,274.2,42,285.6,17.7,17.6,17.9,18.7,,,205.82,
underway_1200.29832088,29832088,200809020,2008-12-04T02:20:00,20081204022000,MULTIPOINT ((-66.2844 110.4087)),110.4087,-66.2844,219.5,,219.69360352,,7.1,,,,,,,979.47,,,27.48318149,,,8.261,-0.0246,4.303,,,,,,,,,,,,,,,,68.2,70,,,34.22059985,,-1.8,-2.7,,,,,,-1.15223366,,38,177.8,37,175.8,15.5,8.4,14.6,7.5,,,127.47,
underway_1200.29832208,29832208,200809020,2008-12-04T02:40:00,20081204024000,MULTIPOINT ((-66.3077 110.4003)),110.4003,-66.3077,336.8,,317.03796387,,4.6,,,,,,,979.46,,,27.60213394,,,8.24,-0.0574,4.302,,,,,,,,,,,,,,,,79.7,73.9,,,34.27612498,,-2.6,-2.5,,,,,,-1.05823507,,39,66.7,52,76.8,12.8,15.2,12,13.6,,,0,
underway_1200.29832328,29832328,200809020,2008-12-04T03:00:00,20081204030000,MULTIPOINT ((-66.3089 110.3496)),110.3496,-66.3089,224.3,,222.31384277,,4.2,,,,,,,979.71,,,27.64251509,,,8.248,-0.0574,4.303,,,,,,,,,,,,,,,,77.9,81.3,,,34.32355344,,-2.8,-3,,,,,,-1.05138661,,48,187.2,48,187.6,10.9,6.7,11.1,6.9,,,,
underway_1200.29832448,29832448,200809020,2008-12-04T03:20:00,20081204032000,MULTIPOINT ((-66.289 110.3496)),110.3496,-66.289,10.8,,11.6619873,,5,,,,,,,979.31,,,27.55193401,,,8.249,0.0574,4.304,,,,,,,,,,,,,,,,83,77.5,,,34.25886455,,-2.7,-2.7,,,,,,-1.10325819,,63,41,66,42,17.9,21.3,16.6,19.9,,,135.54,
underway_1200.29832568,29832568,200809020,2008-12-04T03:40:00,20081204034000,MULTIPOINT ((-66.2604 110.3561)),110.3561,-66.2604,4.7,,2.31262207,,5.1,,,,,,,979.14,,,27.55194042,,,8.283,-0.0164,4.297,,,,,,,,,,,,,,,,80.1,78.5,,,34.34081494,,-2.5,-2.6,,,,,,-1.17477544,,64,50.8,71,56.2,19.9,22.9,18.6,21.2,,,173.57,
underway_1200.29832688,29832688,200809020,2008-12-04T04:00:00,20081204040000,MULTIPOINT ((-66.246 110.3873)),110.3873,-66.246,102,,89.51660156,,5.2,,,,,,,978.74,,,27.49300675,,,,0.0164,,,,,,,,,,,,,,,,,84.5,85,,,34.27110839,,-2.6,-2.9,,,,,,-1.18457878,,60,339.1,55,334.8,19.9,24,20.7,24.6,,,0,
underway_1200.29832808,29832808,200809020,2008-12-04T04:20:00,20081204042000,MULTIPOINT ((-66.2512 110.4294)),110.4294,-66.2512,109.6,,92.19726562,,2.7,,,,,,,978.83,,,27.45808688,,,8.235,-0.0574,4.296,,,,,,,,,,,,,,,,82.5,86.5,,,34.27482481,,-2.1,-2.3,,,,,,-1.22969424,,45,318.7,44,317,16.4,18.3,17.4,19.3,,,0,
underway_1200.29832928,29832928,200809020,2008-12-04T04:40:00,20081204044000,MULTIPOINT ((-66.2583 110.4589)),110.4589,-66.2583,140.1,,112.69775391,,2.3,,,,,,,978.44,,,27.41552814,,,8.275,-0.041,4.297,,,,,,,,,,,,,,,,87.4,91.2,,,34.27367605,,-2.1,-2.5,,,,,,-1.27975219,,60,310.5,60,310.3,23.5,24.9,25.1,26.5,,,0,
underway_1200.29833048,29833048,200809020,2008-12-04T05:00:00,20081204050000,MULTIPOINT ((-66.2515 110.4471)),110.4471,-66.2515,7.9,,28.38867188,,2,,,,,,,978.47,,,27.41225423,,,8.241,-0.0246,4.309,,,,,,,,,,,,,,,,92.6,90.4,,,34.27142046,,-2.2,-2.2,,,,,,-1.28171608,,66,34.6,66,34.8,25.5,27.1,23.9,25.5,,,0,
underway_1200.29833168,29833168,200809020,2008-12-04T05:20:00,20081204052000,MULTIPOINT ((-66.251 110.4393)),110.4393,-66.251,10.1,,31.39343262,,1.5,,,,,,,978.58,,,27.41443616,,,7.985,-0.0574,,,,,,,,,,,,,,,,,91.1,88.8,,,34.26428515,,-2.3,-2.2,,,,,,-1.27287908,,59,25.8,55,21.4,22.8,24.1,21.6,23,,,0,
underway_1200.29833288,29833288,200809020,2008-12-04T05:40:00,20081204054000,MULTIPOINT ((-66.2533 110.4476)),110.4476,-66.2533,207.2,,148.40881348,,1,,,,,,,978.99,,,27.41116322,,,7.893,-0.0246,4.295,,,,,,,,,,,,,,,,91.1,93.1,,,34.27442603,,-2.2,-2.4,,,,,,-1.28564403,,42,254.6,50,262.5,18.1,17.8,19.5,19.3,,,0,
underway_1200.29833408,29833408,200809020,2008-12-04T06:00:00,20081204060000,MULTIPOINT ((-66.2552 110.4448)),110.4448,-66.2552,303,,344.4543457,,1.4,,,,,,,978.66,,,27.41116322,,,7.945,-0.0492,4.299,,,,,,,,,,,,,,,,94.1,92,,,34.27442603,,-2.2,-2.3,,,,,,-1.28564403,,58,70.5,72,83.5,21.1,21.5,19.4,19.5,,,,
underway_1200.29833528,29833528,200809020,2008-12-04T06:20:00,20081204062000,MULTIPOINT ((-66.2497 110.4152)),110.4152,-66.2497,293.6,,301.79443359,,3.2,,,,,,,978.78,,,27.43516951,,,7.876,-0.041,4.299,,,,,,,,,,,,,,,,94.1,90.5,,,34.26017584,,-2.1,-2.3,,,,,,-1.24441295,,66,116.2,63,114.6,19.2,17.2,21.6,19.7,,,,
underway_1200.29833648,29833648,200809020,2008-12-04T06:40:00,20081204064000,MULTIPOINT ((-66.2431 110.3727)),110.3727,-66.2431,288.4,,293.32946777,,3.3,,,,,,,978.75,,,27.49082505,,,7.847,-0.041,4.291,,,,,,,,,,,,,,,,94.6,93.7,,,34.28159522,,-2.2,-2.7,,,,,,-1.19634485,,79,135.7,63,119.3,12,9.3,16,13.9,,,,
underway_1200.29833768,29833768,200809020,2008-12-04T07:00:00,20081204070000,MULTIPOINT ((-66.2443 110.3399)),110.3399,-66.2443,148.1,,120.72875977,,3.1,,,,,,,978.63,,,27.45699639,,,7.859,-0.0328,4.293,,,,,,,,,,,,,,,,93.7,94.4,,,34.28457943,,-2.3,-2.3,,,,,,-1.23950632,,55,304.1,57,305.5,19.9,20,21.2,21.4,,,,
underway_1200.29833888,29833888,200809020,2008-12-04T07:20:00,20081204072000,MULTIPOINT ((-66.249 110.3753)),110.3753,-66.249,109.8,,90.49438477,,2.7,,,,,,,978.71,,,27.47445489,,,7.869,-0.041,4.301,,,,,,,,,,,,,,,,89.8,92.3,,,34.26471958,,-2.2,-2.4,,,,,,-1.20124804,,75,346.4,67,339.6,17.6,20.2,18.1,20.6,,,0,
underway_1200.29834008,29834008,200809020,2008-12-04T07:40:00,20081204074000,MULTIPOINT ((-66.2523 110.4125)),110.4125,-66.2523,109.1,,84.95727539,,2.4,,,,,,,978.55,,,27.46900101,,,7.665,-0.0656,,,,,,,,,,,,,,,,,87.3,87.2,,,34.29546556,,-1.8,-1.9,,,,,,-1.23460009,,73,350.1,66,343.1,24.4,26.8,24.7,27,,,0,
underway_1200.29834128,29834128,200809020,2008-12-04T08:00:00,20081204080000,MULTIPOINT ((-66.257 110.4428)),110.4428,-66.257,213.6,,226.06567383,,2.5,,,,,,,978.8,,,27.41771086,,,7.585,-0.0656,,,,,,,,,,,,,,,,,86.8,86.9,,,34.27668256,,-1.5,-1.4,,,,,,-1.27975219,,73,207.7,73,210.3,19.6,17.4,12,9.9,,,0,
underway_1200.29834248,29834248,200809020,2008-12-04T08:20:00,20081204082000,MULTIPOINT ((-66.251 110.4056)),110.4056,-66.251,295,,300.96496582,,3.4,,,,,,,978.69,,,27.4504467,,,7.348,-0.0574,4.301,,,,,,,,,,,,,,,,84.4,78.2,,,34.2564451,,-0.9,-1.3,,,,,,-1.22282672,,94,146.3,73,124.5,14.8,11.7,20.5,18.2,,,0,
underway_1200.29834368,29834368,200809020,2008-12-04T08:40:00,20081204084000,MULTIPOINT ((-66.243 110.3645)),110.3645,-66.243,292.2,,299.19067383,,3.1,,,,,,,978.76,,,27.49628113,,,7.392,-0.0164,4.299,,,,,,,,,,,,,,,,82.5,81.1,,,34.27897666,,-1,-1.5,,,,,,-1.18752009,,64,114.4,60,111.2,15.5,13.6,17.1,15.4,,,105.36,
underway_1200.29834488,29834488,200809020,2008-12-04T09:00:00,20081204090000,MULTIPOINT ((-66.2364 110.3246)),110.3246,-66.2364,294.2,,309.98474121,,3.3,,,,,,,978.96,,,27.45044853,,,7.783,-0.0246,,,,,,,,,,,,,,,,,89.4,91.1,,,34.28007344,,-1.5,-2.2,,,,,,-1.24343159,,70,100.5,74,108.5,11.9,9.9,14.2,11.9,,,177.89,
underway_1200.29834608,29834608,200809020,2008-12-04T09:20:00,20081204092000,MULTIPOINT ((-66.241 110.3576)),110.3576,-66.241,111.6,,97.97607422,,3.2,,,,,,,979.02,,,27.46245183,,,7.719,-0.0492,4.304,,,,,,,,,,,,,,,,94.6,93.5,,,34.27407784,,-2.2,-2.3,,,,,,-1.22380775,,73,341.9,67,336.4,14.3,16.9,14.9,17.3,,,135.85,
underway_1200.29834728,29834728,200809020,2008-12-04T09:40:00,20081204094000,MULTIPOINT ((-66.2462 110.3957)),110.3957,-66.2462,108.9,,95.96557617,,2.4,,,,,,,979.07,,,27.48645946,,,7.638,-0.0492,4.296,,,,,,,,,,,,,,,,94.3,94.4,,,34.2744727,,-2,-2.1,,,,,,-1.19536426,,76,344.1,69,337.3,11.9,14.2,12.5,14.7,,,0,
underway_1200.29834848,29834848,200809020,2008-12-04T10:00:00,20081204100000,MULTIPOINT ((-66.2395 110.3677)),110.3677,-66.2395,289.8,,291.95068359,,3.8,,,,,,,979.1,,,27.46027006,,,7.569,-0.041,4.305,,,,,,,,,,,,,,,,94.4,93.5,,,34.28345461,,-1.5,-1.9,,,,,,-1.23460009,,84,141.4,67,123.7,12.1,8.8,15.8,13.3,,,124.36,
underway_1200.29834968,29834968,200809020,2008-12-04T10:20:00,20081204102000,MULTIPOINT ((-66.2352 110.3189)),110.3189,-66.2352,244.5,,248.93920898,,3.6,,,,,,,979.3,,,27.44717286,,,,-0.0082,,,,,,,,,,,,,,,,,94.4,94.2,,,34.25531618,,-1.2,-2,,,,,,-1.22576985,,65,175.7,64,174.5,13.9,10.3,14.1,10.5,,,184.32,
underway_1200.29835088,29835088,200809020,2008-12-04T10:40:00,20081204104000,MULTIPOINT ((-66.2409 110.2786)),110.2786,-66.2409,235.4,,239.28222656,,3.5,,,,,,,979.47,,,27.7003468,,,7.47,0.5658,4.292,,,,,,,,,,,,,,,,88.6,95.4,,,34.23849448,,-1.4,-1.7,,,,,,-0.907744,,67,191.3,66,190.3,12.1,8.7,12.1,8.7,,,218.95,
underway_1200.29835208,29835208,200809020,2008-12-04T11:00:00,20081204110000,MULTIPOINT ((-66.2433 110.2317)),110.2317,-66.2433,256.1,,257.82165527,,4.3,,,,,,,979.77,,,27.79202237,,,7.587,0.7462,,,,,,,,,,,,,,,,,90.5,93.8,,,34.3143985,,-1.7,-1.9,,,,,,-0.8648138,,87,201.4,73,157.3,7.9,3.8,5.1,0.9,,,215.7,
underway_1200.29835328,29835328,200809020,2008-12-04T11:20:00,20081204112000,MULTIPOINT ((-66.2491 110.1764)),110.1764,-66.2491,270.8,,272.68066406,,3.9,,,,,,,979.86,,,27.62941783,,,7.599,0.8282,4.304,,,,,,,,,,,,,,,,92,93.8,,,34.30003418,,-1.9,-1.9,,,,,,-1.04649531,,169,329.2,174,325.8,2,4,2.3,4.3,,,,
underway_1200.29835448,29835448,200809020,2008-12-04T11:40:00,20081204114000,MULTIPOINT ((-66.2495 110.124)),110.124,-66.2495,270.7,,271.2689209,,3.8,,,,,,,979.95,,,27.53993369,,,7.482,0.4838,4.304,,,,,,,,,,,,,,,,93.7,94.3,,,34.30521525,,-1.9,-1.8,,,,,,-1.15811333,,145,273.8,154,282.8,6,4.9,5.8,5.3,,,,
underway_1200.29835568,29835568,200809020,2008-12-04T12:00:00,20081204120000,MULTIPOINT ((-66.2495 110.0692)),110.0692,-66.2495,268.2,,265.7208252,,3.9,,,,,,,980.04,,,27.50392366,,,7.473,0.4592,4.292,,,,,,,,,,,,,,,,94.5,94.7,,,34.32660805,,-1.9,-1.8,,,,,,-1.21988373,,147,264.4,162,280.5,9.8,8.4,9.7,9.4,,,,
underway_1200.29835688,29835688,200809020,2008-12-04T12:20:00,20081204122000,MULTIPOINT ((-66.2502 110.0165)),110.0165,-66.2502,268.8,,271.87866211,,3.7,,,,,,,980.29,,,27.65451728,,,,0.9102,,,,,,,,,,,,,,,,,95.3,95.1,,,34.2985724,,-2.1,-1.8,,,,,,-1.01520019,,150,260.5,169,280.1,9.7,8.6,9.5,9.6,,,,
underway_1200.29835808,29835808,200809020,2008-12-04T12:40:00,20081204124000,MULTIPOINT ((-66.2466 109.9771)),109.9771,-66.2466,25.5,,14.29870605,,3,,,,,,,980.32,,,27.55739051,,,7.562,0.5166,4.291,,,,,,,,,,,,,,,,96.1,95.1,,,34.26074225,,-1.6,-2,,,,,,-1.09836279,,180,144.4,162,132.2,5.9,3.4,9.4,7.5,,,551.5,
underway_1200.29835928,29835928,200809020,2008-12-04T13:00:00,20081204130000,MULTIPOINT ((-66.2338 110.0106)),110.0106,-66.2338,88.1,,79.91455078,,4.2,,,,,,,980.37,,,27.55302856,,,7.506,0.5494,,,,,,,,,,,,,,,,,95.7,95.7,,,34.3007263,,-1.9,-2.1,,,,,,-1.13851661,,161,62.3,172,70.4,10.8,12.7,10.1,11.4,,,,
underway_1200.29836048,29836048,200809020,2008-12-04T13:20:00,20081204132000,MULTIPOINT ((-66.2336 110.0701)),110.0701,-66.2336,89.4,,81.86462402,,4.3,,,,,,,980.51,,,27.53665954,,,7.66,0.8692,4.296,,,,,,,,,,,,,,,,96,95.9,,,34.30072088,,-1.9,-2.1,,,,,,-1.15811333,,166,62.8,178,71.8,9.9,11.7,9.4,10.4,,,,
underway_1200.29836168,29836168,200809020,2008-12-04T13:40:00,20081204134000,MULTIPOINT ((-66.2332 110.1314)),110.1314,-66.2332,89.6,,88.11584473,,4.5,,,,,,,980.61,,,27.53447774,,,7.63,0.2132,4.294,,,,,,,,,,,,,,,,96.2,96.2,,,34.3100851,,-1.9,-2.1,,,,,,-1.16889418,,172,57.6,183,65.1,8.6,10.2,8.3,9.2,,,,
underway_1200.29836288,29836288,200809020,2008-12-04T14:00:00,20081204140000,MULTIPOINT ((-66.2418 110.1653)),110.1653,-66.2418,271.6,,271.16455078,,1.8,,,,,,,980.81,,,27.51046649,,,7.596,0.738,,,,,,,,,,,,,,,,,96.6,96.7,,,34.26589105,,-2,-1.9,,,,,,-1.15909333,,161,264.5,177,279.4,7.8,7.4,8.1,8.2,,,,
underway_1200.29836408,29836408,200809020,2008-12-04T14:20:00,20081204142000,MULTIPOINT ((-66.2415 110.1116)),110.1116,-66.2415,268.9,,266.95678711,,4.1,,,,,,,980.92,,,27.50064497,,,,0.1886,4.301,,,,,,,,,,,,,,,,96.8,96.5,,,34.26363177,,-2,-1.9,,,,,,-1.16889418,,157,280.5,167,287.4,8.1,7.6,8.5,8.6,,,,
underway_1200.29836528,29836528,200809020,2008-12-04T14:40:00,20081204144000,MULTIPOINT ((-66.2414 110.0514)),110.0514,-66.2414,269,,266.6986084,,4.6,,,,,,,981.11,,,27.52137582,,,7.55,0.8774,,,,,,,,,,,,,,,,,96.8,96.6,,,34.22370706,,-2,-1.9,,,,,,-1.1091332,,154,283.5,162,289.1,7.6,7,7.9,7.9,,,,
underway_1200.29836648,29836648,200809020,2008-12-04T15:00:00,20081204150000,MULTIPOINT ((-66.236 110.0234)),110.0234,-66.236,50.9,,45.76904297,,6.2,,,,,,,981.23,,,27.53011133,,,7.704,0.6724,4.303,,,,,,,,,,,,,,,,97,96.6,,,34.29285549,,-1.9,-1.9,,,,,,-1.15909333,,160,58.4,169,65,6,7.1,6.4,6.5,,,,
underway_1200.29836768,29836768,200809020,2008-12-04T15:20:00,20081204152000,MULTIPOINT ((-66.2117 110.0508)),110.0508,-66.2117,20,,11.5246582,,3.6,,,,,,,981.34,,,27.4428109,,,7.754,0.4756,,,,,,,,,,,,,,,,,96.9,96.7,,,34.29434295,,-1.9,-2,,,,,,-1.26502504,,178,133.9,176,137.9,5.4,2.5,6.1,3.2,,,252.66,
underway_1200.29836888,29836888,200809020,2008-12-04T15:40:00,20081204154000,MULTIPOINT ((-66.1955 110.0647)),110.0647,-66.1955,23.4,,18.23181152,,4.2,,,,,,,981.45,,,27.42425955,,,7.721,0.2952,,,,,,,,,,,,,,,,,96.9,96.6,,,34.29246874,,-2,-1.9,,,,,,-1.28564403,,180,121.8,180,127.2,5.9,2.7,6.3,3,,,289.79,
underway_1200.29837008,29837008,200809020,2008-12-04T16:00:00,20081204160000,MULTIPOINT ((-66.1716 110.0674)),110.0674,-66.1716,358.7,,350.77148438,,4.1,,,,,,,981.55,,,27.42535039,,,7.738,0.2542,4.296,,,,,,,,,,,,,,,,96.8,96.9,,,34.28720561,,-2,-1.8,,,,,,-1.27975219,,189,219.7,183,227.5,6.1,2.1,4.6,0.5,,,0,
underway_1200.29837128,29837128,200809020,2008-12-04T16:20:00,20081204162000,MULTIPOINT ((-66.1661 110.093)),110.093,-66.1661,58.6,,34.49157715,,3.4,,,,,,,981.65,,,27.47663343,,,7.738,0.8364,4.296,,,,,,,,,,,,,,,,97.2,96.8,,,34.21385633,,-1.9,-1.9,,,,,,-1.15419349,,211,140.4,193,136.2,4.6,2.1,7,5,,,280.83,
underway_1200.29837248,29837248,200809020,2008-12-04T16:40:00,20081204164000,MULTIPOINT ((-66.1744 110.0821)),110.0821,-66.1744,175.2,,171.8536377,,4.3,,,,,,,981.81,,,27.47117745,,,7.713,0.902,,,,,,,,,,,,,,,,,97.2,96.9,,,34.21757419,,-2,-2,,,,,,-1.16399356,,193,13.9,180,6.3,6,10.2,5.8,10.1,,,375.98,
underway_1200.29837368,29837368,200809020,2008-12-04T17:00:00,20081204170000,MULTIPOINT ((-66.2 110.0833)),110.0833,-66.2,180.3,,180.74157715,,4.8,,,,,,,982.02,,,27.47227627,,,7.703,0.4592,4.298,,,,,,,,,,,,,,,,97.4,97.2,,,34.3146175,,-2.1,-2.1,,,,,,-1.24735711,,193,5.8,175,356.8,4.6,9.2,4.6,9.3,,,263.09,
underway_1200.29837488,29837488,200809020,2008-12-04T17:20:00,20081204172000,MULTIPOINT ((-66.2262 110.0835)),110.0835,-66.2262,179.8,,182.09838867,,4.9,,,,,,,982.15,,,27.53120578,,,7.726,0.6806,4.303,,,,,,,,,,,,,,,,98,97.5,,,34.33371089,,-2.1,-2.1,,,,,,-1.19340312,,191,1.9,163,351.2,2.8,7.7,3.1,7.9,,,215.75,
underway_1200.29837608,29837608,200809020,2008-12-04T17:40:00,20081204174000,MULTIPOINT ((-66.2186 110.067)),110.067,-66.2186,3.1,,4.30664062,,4.5,,,,,,,982.31,,,27.45590616,,,7.719,0.5002,4.298,,,,,,,,,,,,,,,,98,97.5,,,34.29772077,,-1.9,-2.1,,,,,,-1.25226436,,144,47.9,146,51.1,3.4,2.8,3.6,2.7,,,208.65,
underway_1200.29837728,29837728,200809020,2008-12-04T18:00:00,20081204180000,MULTIPOINT ((-66.2058 110.0894)),110.0894,-66.2058,144.5,,147.81005859,,3.9,,,,,,,982.4,,,27.45481322,,,7.617,0.7462,,,,,,,,,,,,,,,,,97.9,97.5,,,34.27594806,,-2,-2,,,,,,-1.23460009,,134,352.3,117,344.2,3,6.9,3.4,7.1,,,201.6,
underway_1200.29837848,29837848,200809020,2008-12-04T18:20:00,20081204182000,MULTIPOINT ((-66.2303 110.1104)),110.1104,-66.2303,159.7,,154.61608887,,4.8,,,,,,,982.6,,,27.5573948,,,7.806,0.6888,,,,,,,,,,,,,,,,,98.1,97.6,,,34.3157003,,-2.1,-2,,,,,,-1.14635455,,115,354.5,99,346.8,1.5,6,2.2,6.2,,,,
underway_1200.29837968,29837968,200809020,2008-12-04T18:40:00,20081204184000,MULTIPOINT ((-66.2525 110.1433)),110.1433,-66.2525,135.8,,133.91784668,,4.8,,,,,,,982.7,,,27.51702073,,,,0.9266,4.301,,,,,,,,,,,,,,,,98.1,97.7,,,34.35138443,,-2.1,-2,,,,,,-1.22576985,,67,352.4,58,344.7,0.9,5.2,1.6,5.4,,,285.96,
underway_1200.29838088,29838088,200809020,2008-12-04T19:00:00,20081204190000,MULTIPOINT ((-66.269 110.1567)),110.1567,-66.269,218.6,,238.34838867,,2.8,,,,,,,982.97,,,27.53993001,,,8.349,0.8856,4.295,,,,,,,,,,,,,,,,98.2,97.8,,,34.25809314,,-2,-2,,,,,,-1.11696741,,17,13.7,23,10.6,0.8,2.3,0.7,2.3,,,195.44,
underway_1200.29838208,29838208,200809020,2008-12-04T19:20:00,20081204192000,MULTIPOINT ((-66.2668 110.1048)),110.1048,-66.2668,270.3,,272.61474609,,4.6,,,,,,,983.08,,,27.55629903,,,8.303,0.9594,4.301,,,,,,,,,,,,,,,,98.1,97.8,,,34.25812728,,-2,-1.9,,,,,,-1.09738375,,324,16.9,308,10.1,2.7,6.7,2.3,6.7,,,362.28,
underway_1200.29838328,29838328,200809020,2008-12-04T19:40:00,20081204194000,MULTIPOINT ((-66.2668 110.0374)),110.0374,-66.2668,269.4,,271.91162109,,4.9,,,,,,,983.27,,,27.58903923,,,8.234,0.8774,4.298,,,,,,,,,,,,,,,,98,97.6,,,34.28393949,,-2.1,-2.1,,,,,,-1.08074253,,332,19.3,326,15.4,2.8,6.7,2.5,6.6,,,0,
underway_1200.29838448,29838448,200809020,2008-12-04T20:00:00,20081204200000,MULTIPOINT ((-66.2568 110.0222)),110.0222,-66.2568,119.6,,111.76940918,,3.2,,,,,,,983.51,,,27.48100129,,,7.828,0.6478,4.304,,,,,,,,,,,,,,,,98.1,97.9,,,34.25012819,,-2.2,-2.1,,,,,,-1.18065726,,298,51.2,289,63.6,3.2,0.2,3,0.7,,,,
underway_1200.29838568,29838568,200809020,2008-12-04T20:20:00,20081204202000,MULTIPOINT ((-66.258 110.0739)),110.0739,-66.258,82.6,,73.6907959,,3.8,,,,,,,983.53,,,27.55739445,,,8.076,0.3772,4.298,,,,,,,,,,,,,,,,98.2,97.8,,,34.31120726,,-2.2,-2.1,,,,,,-1.14243545,,292,272.5,296,278.5,4.7,2.3,4.6,2.5,,,342.92,
underway_1200.29838688,29838688,200809020,2008-12-04T20:40:00,20081204204000,MULTIPOINT ((-66.2532 110.1277)),110.1277,-66.2532,78.9,,73.47106934,,4.1,,,,,,,983.51,,,27.55848549,,,8.266,0.6314,4.299,,,,,,,,,,,,,,,,98,97.8,,,34.30821271,,-2.3,-2.1,,,,,,-1.13851661,,289,257,293,255.7,5.9,3.1,6.5,3.8,,,312.88,
underway_1200.29838808,29838808,200809020,2008-12-04T21:00:00,20081204210000,MULTIPOINT ((-66.2483 110.1793)),110.1793,-66.2483,77.7,,70.63659668,,3.5,,,,,,,983.84,,,27.48864414,,,8.075,0.3444,4.289,,,,,,,,,,,,,,,,98,97.8,,,34.30221834,,-2.2,-2.2,,,,,,-1.21694088,,302,262.7,314,277.7,6.4,4.6,6.2,5.1,,,293.76,
underway_1200.29838928,29838928,200809020,2008-12-04T21:20:00,20081204212000,MULTIPOINT ((-66.2441 110.2354)),110.2354,-66.2441,84.3,,79.5300293,,4.5,,,,,,,984.11,,,27.55084184,,,7.779,0.5822,4.299,,,,,,,,,,,,,,,,97.9,97.9,,,34.24729337,,-2.5,-2.2,,,,,,-1.09444674,,290,237.7,297,248.6,7.7,4.1,7.7,4.6,,,245.76,
underway_1200.29839048,29839048,200809020,2008-12-04T21:40:00,20081204214000,MULTIPOINT ((-66.24 110.2945)),110.2945,-66.24,81.6,,71.91101074,,4.8,,,,,,,984.11,,,27.65232815,,,8.085,0.533,4.29,,,,,,,,,,,,,,,,98,97.9,,,34.21529967,,-2.4,-2.2,,,,,,-0.9448441,,279,242.8,286,257.3,6.6,2.5,6.5,2.9,,,194.43,
underway_1200.29839168,29839168,200809020,2008-12-04T22:00:00,20081204220000,MULTIPOINT ((-66.242 110.3525)),110.3525,-66.242,114.7,,117.25158691,,3.6,,,,,,,984.19,,,27.52901741,,,8.047,0.2706,4.296,,,,,,,,,,,,,,,,97.8,98,,,34.25881884,,-2.3,-2.4,,,,,,-1.13067966,,291,165.8,290,163.8,7.2,3.7,7.3,3.9,,,121.84,
underway_1200.29839288,29839288,200809020,2008-12-04T22:20:00,20081204222000,MULTIPOINT ((-66.2454 110.3963)),110.3963,-66.2454,102.6,,95.93811035,,2.6,,,,,,,984.28,,,27.39370333,,,7.999,-0.0328,4.304,,,,,,,,,,,,,,,,97.9,97.5,,,34.27404571,,-2.8,-2.1,,,,,,-1.30626993,,307,240.8,294,247.9,4.4,2.5,3.1,1,,,0,
underway_1200.29839408,29839408,200809020,2008-12-04T22:40:00,20081204224000,MULTIPOINT ((-66.2503 110.4313)),110.4313,-66.2503,105.3,,95.03723145,,2.7,,,,,,,984.44,,,27.35005344,,,7.873,-0.0328,4.296,,,,,,,,,,,,,,,,97.9,97.3,,,34.26801877,,-2.6,-2.6,,,,,,-1.35344077,,275,107.8,268,155.5,2.7,0,3.6,1,,,0,
underway_1200.29839528,29839528,200809020,2008-12-04T23:00:00,20081204230000,MULTIPOINT ((-66.2506 110.4554)),110.4554,-66.2506,277.2,,276.14135742,,2.7,,,,,,,984.6,,,27.36205644,,,7.803,-0.0328,4.296,,,,,,,,,,,,,,,,97.5,96.9,,,34.26087018,,-2.8,-2.8,,,,,,-1.33279908,,287,7.6,273,358.3,5.1,7.8,5.2,7.9,,,0,
underway_1200.29839648,29839648,200809020,2008-12-04T23:20:00,20081204232000,MULTIPOINT ((-66.2473 110.4212)),110.4212,-66.2473,328.7,,337.65380859,,2.7,,,,,,,984.61,,,27.34568857,,,7.817,-0.0328,0,,,,,,,,,,,,,,,,97.7,97.7,,,34.26877182,,-3.3,-3.2,,,,,,-1.35933966,,279,322.7,279,321.4,4.7,6.6,5.2,7.1,,,0,
underway_1200.29839768,29839768,200809020,2008-12-04T23:40:00,20081204234000,MULTIPOINT ((-66.2514 110.437)),110.437,-66.2514,115.7,,105.98510742,,2.8,,,,,,,984.85,,,27.34568857,,,8.161,-0.041,,,,,,,,,,,,,,,,,97.7,97.5,,,34.26877182,,-3,-3,,,,,,-1.35933966,,263,68.4,268,81.5,2.6,1.1,2.8,0.9,,,0,
underway_1200.29839888,29839888,200809020,2008-12-05T00:00:00,20081205000000,MULTIPOINT ((-66.2563 110.4737)),110.4737,-66.2563,107.9,,103.01879883,,2.5,,,,,,,985.05,,,27.37405965,,,8.185,-0.0246,4.298,,,,,,,,,,,,,,,,97.6,97.7,,,34.25598833,,-2.7,-2.7,,,,,,-1.31412923,,291,337.3,292,339.1,2,0.6,1.9,0.7,,,0,
underway_1200.29840008,29840008,200809020,2008-12-05T00:20:00,20081205002000,MULTIPOINT ((-66.262 110.5053)),110.5053,-66.262,114.2,,105.2545166,,2.4,,,,,,,985.33,,,27.50718886,,,8.185,0,,,,,,,,,,,,,,,,,97.5,97.2,,,34.21657212,,-3.2,-2.7,,,,,,-1.11990549,,310,247,318,255.6,3.3,1.5,3.4,1.9,,,0,
underway_1200.29840128,29840128,200809020,2008-12-05T00:40:00,20081205004000,MULTIPOINT ((-66.2659 110.532)),110.532,-66.2659,112.9,,115.53222656,,2.6,,,,,,,985.32,,,27.70034101,,,8.095,-0.0082,4.292,,,,,,,,,,,,,,,,97.3,97.4,,,34.16527128,,-3,-2.2,,,,,,-0.84335988,,319,345.6,339,340.3,1,1.7,1,2,,,0,
underway_1200.29840248,29840248,200809020,2008-12-05T01:00:00,20081205010000,MULTIPOINT ((-66.2659 110.5353)),110.5353,-66.2659,150.9,,164.71252441,,0.2,,,,,,,985.28,,,27.78656293,,,,0.0082,4.299,,,,,,,,,,,,,,,,97.3,97.1,,,34.27807155,,-2.5,-2.3,,,,,,-0.83945997,,60,262.1,65,265.2,1.4,1.4,1.9,1.9,,,144.38,
underway_1200.29840368,29840368,200809020,2008-12-05T01:20:00,20081205012000,MULTIPOINT ((-66.2656 110.5357)),110.5357,-66.2656,36.3,,196.74865723,,0,,,,,,,985.24,,,27.79092856,,,8.087,0.0492,4.31,,,,,,,,,,,,,,,,97.4,97.6,,,34.28289787,,-2.6,-2,,,,,,-0.83848503,,60,222.9,62,225.1,3.1,3.1,2.1,2.1,,,147.46,
underway_1200.29840488,29840488,200809020,2008-12-05T01:40:00,20081205014000,MULTIPOINT ((-66.2658 110.5346)),110.5346,-66.2658,15.6,,135.97229004,,0,,,,,,,985.26,,,27.78983405,,,2.52,,,,,,,,,,,,,,,,,,97.2,97.5,,,34.24258581,,-2.5,-1.9,,,,,,-0.80437181,,21,245.3,40,263.9,2.8,2.8,2.8,2.8,,,144.38,
underway_1200.29840608,29840608,200809020,2008-12-05T02:00:00,20081205020000,MULTIPOINT ((-66.2663 110.5348)),110.5348,-66.2663,157.5,,64.52270508,,0.1,,,,,,,985.19,,,27.9426251,,,8.281,0,4.292,,,,,,,,,,,,,,,,96.9,97.2,,,34.3103334,,-2.3,-1.7,,,,,,-0.68171978,,27,323.8,25,321.7,3.8,3.9,4.2,4.3,,,136.7,
underway_1200.29840728,29840728,200809020,2008-12-05T02:20:00,20081205022000,MULTIPOINT ((-66.2665 110.5354)),110.5354,-66.2665,142.4,,13.46374512,,0,,,,,,,985.27,,,27.87605068,,,8.339,-0.0082,4.3,,,,,,,,,,,,,,,,97.1,96.6,,,34.27211968,,-2.2,-2.3,,,,,,-0.72744251,,16,2.4,6,352.6,3.8,3.8,3.9,3.9,,,135.17,
underway_1200.29840848,29840848,200809020,2008-12-05T02:40:00,20081205024000,MULTIPOINT ((-66.2665 110.535)),110.535,-66.2665,180.2,,13.35388184,,0.1,,,,,,,985.32,,,27.82039434,,,8.341,-0.0164,4.304,,,,,,,,,,,,,,,,93.8,94.7,,,34.28631926,,-2,-1.9,,,,,,-0.80632063,,28,14.3,19,5,5.8,5.9,5.8,5.9,,,136.7,
underway_1200.29840968,29840968,200809020,2008-12-05T03:00:00,20081205030000,MULTIPOINT ((-66.2665 110.5346)),110.5346,-66.2665,276.4,,65.27526855,,0.1,,,,,,,985.22,,,27.79747292,,,8.368,-0.0246,4.307,,,,,,,,,,,,,,,,88,92.7,,,34.23856026,,-1.5,-1.6,,,,,,-0.79170598,,41,335.2,35,329.7,6.9,7,7.4,7.5,,,135.17,
underway_1200.29841088,29841088,200809020,2008-12-05T03:20:00,20081205032000,MULTIPOINT ((-66.2661 110.5345)),110.5345,-66.2661,96.3,,125.28808594,,0,,,,,,,985.3,,,27.88914461,,,8.359,-0.041,4.303,,,,,,,,,,,,,,,,84.4,92.1,,,34.24676512,,-1.7,-0.4,,,,,,-0.68949999,,13,249.3,42,278.6,7.9,7.9,5.1,5.1,,,139.78,
underway_1200.29841208,29841208,200809020,2008-12-05T03:40:00,20081205034000,MULTIPOINT ((-66.2661 110.5347)),110.5347,-66.2661,224.7,,171.24938965,,0.1,,,,,,,985.27,,,27.97100512,,,8.362,-0.041,4.299,,,,,,,,,,,,,,,,82,87.7,,,34.37423576,,-1.8,0.7,,,,,,-0.70409051,,13,201,15,203.5,9.7,9.6,6.3,6.2,,,138.24,
underway_1200.29841328,29841328,200809020,2008-12-05T04:00:00,20081205040000,MULTIPOINT ((-66.266 110.535)),110.535,-66.266,73.1,,191.29394531,,0,,,,,,,985.2,,,27.76364173,,,8.392,-0.0246,4.299,,,,,,,,,,,,,,,,81.3,78.9,,,34.23137774,,-1.4,0.3,,,,,,-0.82581221,,25,193.8,25,194.1,10.1,10,9.4,9.3,,,138.24,
underway_1200.29841448,29841448,200809020,2008-12-05T04:20:00,20081205042000,MULTIPOINT ((-66.2666 110.5348)),110.5348,-66.2666,118.9,,74.80041504,,0.3,,,,,,,985.04,,,27.73527073,,,8.402,-0.041,,,,,,,,,,,,,,,,,78.8,77,,,34.26827591,,-0.9,-0.3,,,,,,-0.89212957,,20,306.6,21,307.8,9.1,9.3,9.9,10.1,,,136.7,
underway_1200.29841568,29841568,200809020,2008-12-05T04:40:00,20081205044000,MULTIPOINT ((-66.2603 110.5043)),110.5043,-66.2603,289.9,,291.5826416,,7.1,,,,,,,984.9,,,27.9120655,,,8.355,-0.0492,4.303,,,,,,,,,,,,,,,,81.8,81.7,,,34.28332368,,-0.5,-1.5,,,,,,-0.69436312,,7,46.4,12,48.8,10.8,14.2,10.4,13.3,,,0,
underway_1200.29841688,29841688,200809020,2008-12-05T05:00:00,20081205050000,MULTIPOINT ((-66.2457 110.4111)),110.4111,-66.2457,287.5,,283.62304688,,8.5,,,,,,,984.86,,,27.47008844,,,8.368,-0.0656,4.292,,,,,,,,,,,,,,,,80.7,83.9,,,34.24636516,,-1.1,-2,,,,,,-1.19046153,,9,47.6,16,50.9,9.9,13.8,9.6,12.8,,,0,
underway_1200.29841808,29841808,200809020,2008-12-05T05:20:00,20081205052000,MULTIPOINT ((-66.2324 110.2989)),110.2989,-66.2324,291.4,,290.10498047,,8.5,,,,,,,984.76,,,27.80619875,,,8.363,0.1476,4.298,,,,,,,,,,,,,,,,76.9,81.7,,,34.17966038,,-1,-2,,,,,,-0.72938891,,14,49.7,22,54,11.3,15,11.1,13.9,,,183.18,
underway_1200.29841928,29841928,200809020,2008-12-05T05:40:00,20081205054000,MULTIPOINT ((-66.2111 110.176)),110.176,-66.2111,300,,299.99816895,,11.3,,,,,,,984.63,,,27.7483647,,,8.331,0.0246,4.298,,,,,,,,,,,,,,,,77.2,81.8,,,34.24721017,,-1.4,-2,,,,,,-0.85798675,,8,32.8,9,31.3,11.1,18.8,10,17.8,,,0,
underway_1200.29842048,29842048,200809020,2008-12-05T06:00:00,20081205060000,MULTIPOINT ((-66.1577 110.0868)),110.0868,-66.1577,310,,308.0456543,,12.4,,,,,,,984.55,,,27.71455192,,,8.371,0.0984,4.291,,,,,,,,,,,,,,,,83.2,81.7,,,34.47052161,,-2,-1.9,,,,,,-1.09346776,,20,32.1,20,30.5,12,20,10.9,19,,,345.81,
underway_1200.29842168,29842168,200809020,2008-12-05T06:20:00,20081205062000,MULTIPOINT ((-66.1022 109.9831)),109.9831,-66.1022,309.7,,307.35900879,,12.3,,,,,,,984.6,,,27.89133483,,,8.34,0.1558,,,,,,,,,,,,,,,,,82.2,81.7,,,34.34160384,,-2.2,-2.1,,,,,,-0.7702774,,23,34.2,26,33.2,9.7,17.8,8.8,16.9,,,410.36,
underway_1200.29842288,29842288,200809020,2008-12-05T06:40:00,20081205064000,MULTIPOINT ((-66.0675 109.8512)),109.8512,-66.0675,281.9,,280.1953125,,9,,,,,,,984.56,,,27.91316941,,,8.349,0.1312,4.298,,,,,,,,,,,,,,,,80,81.5,,,34.44137597,,-1.5,-2.2,,,,,,-0.83166088,,17,49.6,25,53.8,9,12.1,9.1,11.2,,,390.66,
underway_1200.29842408,29842408,200809020,2008-12-05T07:00:00,20081205070000,MULTIPOINT ((-66.0338 109.7292)),109.7292,-66.0338,311.6,,310.11108398,,12.9,,,,,,,984.25,,,27.82694182,,,8.356,0.0082,4.296,,,,,,,,,,,,,,,,81.7,80.2,,,34.28079438,,-2.3,-1.9,,,,,,-0.7936544,,25,31.1,24,27.7,9.1,17.8,7.8,17,,,495.19,
underway_1200.29842528,29842528,200809020,2008-12-05T07:20:00,20081205072000,MULTIPOINT ((-65.9749 109.6666)),109.6666,-65.9749,282.2,,280.17883301,,12.6,,,,,,,984.26,,,27.81493224,,,,0.0492,4.291,,,,,,,,,,,,,,,,80.6,80.5,,,34.21689507,,-2.1,-2,,,,,,-0.75177688,,13,40,18,40.5,10.3,16.1,9.8,15.1,,,528.3,
underway_1200.29842648,29842648,200809020,2008-12-05T07:40:00,20081205074000,MULTIPOINT ((-65.9414 109.5148)),109.5148,-65.9414,298.4,,295.79589844,,12.8,,,,,,,984.08,,,27.75492222,,,8.377,-0.0164,4.29,,,,,,,,,,,,,,,,79,79.1,,,34.36977524,,-2.1,-1.9,,,,,,-0.95754135,,5,30.5,4,27.5,9.6,18.8,8.4,18,,,601.62,
underway_1200.29842768,29842768,200809020,2008-12-05T08:00:00,20081205080000,MULTIPOINT ((-65.8816 109.4457)),109.4457,-65.8816,359.8,,355.3692627,,12.6,,,,,,,983.95,,,27.85749323,,,8.345,0.1312,,,,,,,,,,,,,,,,,75,76.4,,,34.21053301,,-2.2,-2.2,,,,,,-0.69533579,,12,10.1,354,2,10.6,23.1,10.2,22.8,,,446.03,
underway_1200.29842888,29842888,200809020,2008-12-05T08:20:00,20081205082000,MULTIPOINT ((-65.8114 109.4469)),109.4469,-65.8114,359.8,,354.58374023,,12.8,,,,,,,983.96,,,27.94043654,,,8.337,0.2296,4.297,,,,,,,,,,,,,,,,81.1,81.1,,,34.23676646,,-2.2,-2.2,,,,,,-0.61951331,,15,11.4,351,2.1,8.4,21,7.9,20.6,,,335.77,
underway_1200.29843008,29843008,200809020,2008-12-05T08:40:00,20081205084000,MULTIPOINT ((-65.7412 109.4527)),109.4527,-65.7412,11.8,,4.72961426,,12.8,,,,,,,983.68,,,27.78764838,,,8.357,0.2132,4.3,,,,,,,,,,,,,,,,79.4,80,,,34.20420185,,-2.2,-2.2,,,,,,-0.77319904,,28,13.2,5,4.9,7.8,20.4,7.2,20,,,446.33,
underway_1200.29843128,29843128,200809020,2008-12-05T09:00:00,20081205090000,MULTIPOINT ((-65.6807 109.5432)),109.5432,-65.6807,40.4,,36.25488281,,13.2,,,,,,,983.72,,,27.84658102,,,8.339,0.492,4.293,,,,,,,,,,,,,,,,82.7,82.3,,,34.2233415,,-2.1,-2,,,,,,-0.71965753,,34,2,10,353.1,7.1,20.4,7.8,20.4,,,423.76,
underway_1200.29843248,29843248,200809020,2008-12-05T09:20:00,20081205092000,MULTIPOINT ((-65.6327 109.6069)),109.6069,-65.6327,7.9,,7.58056641,,9.4,,,,,,,983.7,,,27.75164363,,,,0.7462,4.298,,,,,,,,,,,,,,,,94,89.2,,,34.31061854,,-2.4,-2.2,,,,,,-0.90969608,,31,5.1,9,356.7,5.7,14.7,5.3,14.6,,,434.67,
underway_1200.29843368,29843368,200809020,2008-12-05T09:40:00,20081205094000,MULTIPOINT ((-65.588 109.5729)),109.5729,-65.588,340.4,,339.09851074,,8.1,,,,,,,983.39,,,27.75054579,,,8.312,0.5904,4.298,,,,,,,,,,,,,,,,96.4,93,,,34.22798734,,-2.2,-2.1,,,,,,-0.83848503,,12,16.9,357,8.9,7.5,15,6.7,14.7,,,450.05,
underway_1200.29843488,29843488,200809020,2008-12-05T10:00:00,20081205100000,MULTIPOINT ((-65.546 109.6224)),109.6224,-65.546,15.7,,10.94238281,,9.5,,,,,,,983.28,,,27.65450386,,,8.333,0.5248,4.302,,,,,,,,,,,,,,,,96.7,94.4,,,34.1283964,,-2.3,-2.2,,,,,,-0.86578916,,16,5.1,0,356,11.9,21.4,12,21.3,,,430.36,
underway_1200.29843608,29843608,200809020,2008-12-05T10:20:00,20081205102000,MULTIPOINT ((-65.4934 109.6294)),109.6294,-65.4934,2.7,,358.42346191,,10.6,,,,,,,982.92,,,27.85639923,,,8.315,0.5576,4.302,,,,,,,,,,,,,,,,97.1,95.2,,,34.17710046,,-2.2,-2.1,,,,,,-0.66713453,,37,22.9,29,17.7,12.2,21.8,10.9,21,,,431.91,
underway_1200.29843728,29843728,200809020,2008-12-05T10:40:00,20081205104000,MULTIPOINT ((-65.4323 109.6574)),109.6574,-65.4323,19.3,,16.10595703,,9.6,,,,,,,982.64,,,27.78110218,,,8.292,0.656,4.296,,,,,,,,,,,,,,,,97.3,95.6,,,34.22518817,,-2.2,-2.1,,,,,,-0.79950003,,49,20.6,37,13.5,13,21.6,12,21,,,411.43,
underway_1200.29843848,29843848,200809020,2008-12-05T11:00:00,20081205110000,MULTIPOINT ((-65.3923 109.6755)),109.6755,-65.3923,357.8,,352.58972168,,8.9,,,,,,,982.33,,,27.66542353,,,8.26,0.7216,0,,,,,,,,,,,,,,,,97.6,95.9,,,34.21424937,,-2,-2,,,,,,-0.92824393,,46,35.9,47,36,13.9,20.8,12.9,19.7,,,385.95,
underway_1200.29843968,29843968,200809020,2008-12-05T11:20:00,20081205112000,MULTIPOINT ((-65.3434 109.6511)),109.6511,-65.3434,334.1,,334.6270752,,9.2,,,,,,,982.07,,,27.40460825,,,,1.0086,4.302,,,,,,,,,,,,,,,,97.7,96.1,,,34.17772038,,-2,-2,,,,,,-1.20909396,,37,34.9,39,35.1,12.8,19,11.7,17.8,,,481.26,
underway_1200.29844088,29844088,200809020,2008-12-05T11:40:00,20081205114000,MULTIPOINT ((-65.2951 109.6291)),109.6291,-65.2951,16.7,,14.26574707,,8.7,,,,,,,981.86,,,27.45807394,,,8.296,0.8856,4.305,,,,,,,,,,,,,,,,97.7,96.2,,,34.10910124,,-2,-1.9,,,,,,-1.08465771,,42,17.5,30,10.4,11.5,19.8,10.6,19.3,,,,
underway_1200.29844208,29844208,200809020,2008-12-05T12:00:00,20081205120000,MULTIPOINT ((-65.2485 109.6809)),109.6809,-65.2485,31.6,,27.17468262,,9.9,,,,,,,981.52,,,27.41223528,,,8.229,1.353,4.3,,,,,,,,,,,,,,,,97.9,96.5,,,34.02858371,,-2,-1.9,,,,,,-1.06899848,,39,8.6,25,0.4,15.3,25.2,14.8,24.7,,,,
underway_1200.29844328,29844328,200809020,2008-12-05T12:20:00,20081205122000,MULTIPOINT ((-65.196 109.714)),109.714,-65.196,8.8,,3.58154297,,10,,,,,,,981.12,,,27.48753169,,,8.209,1.3776,,,,,,,,,,,,,,,,,98.1,96.8,,,34.03159402,,-1.9,-1.9,,,,,,-0.9809893,,39,24.1,33,19.9,15.5,24.6,14.2,23.6,,,,
underway_1200.29844448,29844448,200809020,2008-12-05T12:40:00,20081205124000,MULTIPOINT ((-65.1426 109.7501)),109.7501,-65.1426,10.2,,16.39160156,,8.9,,,,,,,980.94,,,27.56392377,,,8.215,1.2218,4.301,,,,,,,,,,,,,,,,98.2,97,,,34.07814892,,-1.9,-1.8,,,,,,-0.93019666,,48,15.1,37,7.4,17.3,25.1,16.1,24.5,,,,
underway_1200.29844568,29844568,200809020,2008-12-05T13:00:00,20081205130000,MULTIPOINT ((-65.0924 109.8007)),109.8007,-65.0924,22.7,,17.6385498,,9.8,,,,,,,980.56,,,27.53663434,,,8.177,1.2136,,,,,,,,,,,,,,,,,98.3,97.2,,,33.98024396,,-1.8,-1.7,,,,,,-0.87651908,,43,17.8,33,11.4,15.1,24.5,13.9,23.6,,,,
underway_1200.29844688,29844688,200809020,2008-12-05T13:20:00,20081205132000,MULTIPOINT ((-65.0464 109.8407)),109.8407,-65.0464,19.4,,16.13891602,,9.7,,,,,,,980.36,,,27.39477112,,,8.125,1.1152,4.303,,,,,,,,,,,,,,,,98.4,97.4,,,33.97364365,,-1.7,-1.7,,,,,,-1.0416044,,41,15.9,28,8.3,14.3,23.6,13.4,23,,,,
underway_1200.29844808,29844808,200809020,2008-12-05T13:40:00,20081205134000,MULTIPOINT ((-64.9973 109.8836)),109.8836,-64.9973,20.1,,17.21557617,,8.4,,,,,,,980.1,,,27.78329173,,,,1.3612,4.299,,,,,,,,,,,,,,,,98.4,97.5,,,34.31252821,,-1.6,-1.6,,,,,,-0.87359255,,35,12.3,22,4.1,14.7,23,14.1,22.6,,,2699.47,
underway_1200.29844928,29844928,200809020,2008-12-05T14:00:00,20081205140000,MULTIPOINT ((-64.9611 109.8957)),109.8957,-64.9611,44.9,,43.77502441,,8.4,,,,,,,980.06,,,27.30856703,,,8.092,1.6728,4.297,,,,,,,,,,,,,,,,98.6,97.5,,,34.01343126,,-1.6,-1.5,,,,,,-1.18065726,,28,349,18,342.5,13.1,21.2,13.9,21.7,,,2706.36,
underway_1200.29845048,29845048,200809020,2008-12-05T14:20:00,20081205142000,MULTIPOINT ((-64.9552 109.9875)),109.9875,-64.9552,88.1,,84.86938477,,7.4,,,,,,,979.85,,,27.16779629,,,8.126,1.7056,4.299,,,,,,,,,,,,,,,,98.6,97.7,,,33.95276858,,-1.5,-1.5,,,,,,-1.29742941,,16,315.3,16,313.4,13.6,17.2,14.8,18.3,,,0,
underway_1200.29845168,29845168,200809020,2008-12-05T14:40:00,20081205144000,MULTIPOINT ((-64.959 110.0843)),110.0843,-64.959,113,,111.23657227,,9.3,,,,,,,979.74,,,27.22563008,,,8.071,1.804,4.304,,,,,,,,,,,,,,,,98.5,97.7,,,33.95418572,,-1.5,-1.5,,,,,,-1.22871312,,17,302.7,21,303.9,13.1,15,13.9,16.2,,,2677.25,
underway_1200.29845288,29845288,200809020,2008-12-05T15:00:00,20081205150000,MULTIPOINT ((-64.9864 110.1731)),110.1731,-64.9864,130.6,,118.55895996,,8,,,,,,,979.73,,,27.1688818,,,8.111,1.8368,4.291,,,,,,,,,,,,,,,,98.4,97.8,,,33.87958055,,-1.5,-1.4,,,,,,-1.23165654,,14,293.2,20,297.2,13.2,12.5,13.7,13.7,,,2572.73,
underway_1200.29845408,29845408,200809020,2008-12-05T15:20:00,20081205152000,MULTIPOINT ((-64.9851 110.2321)),110.2321,-64.9851,31,,25.54870605,,7.8,,,,,,,979.5,,,27.13178387,,,7.943,1.4924,4.292,,,,,,,,,,,,,,,,98.6,97.9,,,33.91324734,,-1.5,-1.5,,,,,,-1.30626993,,22,359.5,8,351,13.4,21.1,13.7,21.1,,,2482.18,
underway_1200.29845528,29845528,200809020,2008-12-05T15:40:00,20081205154000,MULTIPOINT ((-64.9462 110.2967)),110.2967,-64.9462,19.3,,13.47473145,,9.4,,,,,,,979.36,,,27.40458689,,,,1.7138,4.301,,,,,,,,,,,,,,,,98.6,98,,,33.90522207,,-1.5,-1.5,,,,,,-0.96926421,,12,2,357,353.1,11.9,21.3,12.3,21.3,,,2398.7,
underway_1200.29845648,29845648,200809020,2008-12-05T16:00:00,20081205160000,MULTIPOINT ((-64.8978 110.3249)),110.3249,-64.8978,4.8,,358.42895508,,9,,,,,,,979.43,,,27.58901935,,,7.953,1.4514,4.3,,,,,,,,,,,,,,,,98.7,,,,34.03161845,,-1.5,,,,,,,-0.85896199,,353,359.3,338,350.8,12.5,21.4,13,21.4,,,2537.47,
underway_1200.29845768,29845768,200809020,2008-12-05T16:20:00,20081205162000,MULTIPOINT ((-64.8519 110.4327)),110.4327,-64.8519,64.5,,58.73291016,,13.2,,,,,,,979.45,,,27.70143005,,,7.889,1.6318,4.301,,,,,,,,,,,,,,,,98.6,,,,34.13688994,,-1.4,,,,,,,-0.81704024,,333,320.5,334,318.2,13.1,18.4,14.3,19.4,,,2414.16,
underway_1200.29845888,29845888,200809020,2008-12-05T16:40:00,20081205164000,MULTIPOINT ((-64.8143 110.5463)),110.5463,-64.8143,56.2,,52.65197754,,11.8,,,,,,,979.53,,,27.65449623,,,8.156,1.7056,4.3,,,,,,,,,,,,,,,,98.5,98.2,,,34.03238864,,-1.4,-1.3,,,,,,-0.78099076,,322,314.4,324,312.9,12.6,16.6,13.8,17.8,,,2271.86,
underway_1200.29846008,29846008,200809020,2008-12-05T17:00:00,20081205170000,MULTIPOINT ((-64.7718 110.6161)),110.6161,-64.7718,356,,349.20043945,,8.7,,,,,,,979.61,,,27.66541309,,,8.069,1.5498,4.305,,,,,,,,,,,,,,,,98.5,98.2,,,34.08245704,,-1.3,-1.3,,,,,,-0.81216746,,321,347.2,311,339.9,11,18.8,12.2,19.3,,,2506.66,
underway_1200.29846128,29846128,200809020,2008-12-05T17:20:00,20081205172000,MULTIPOINT ((-64.7344 110.6159)),110.6159,-64.7344,333.9,,326.95861816,,6,,,,,,,979.73,,,27.53336203,,,7.917,1.7466,4.3,,,,,,,,,,,,,,,,98.6,98.3,,,33.99895225,,-1.2,-1.2,,,,,,-0.89700866,,302,345.8,292,338.4,11.8,17.2,12.7,17.6,,,2481.56,
underway_1200.29846248,29846248,200809020,2008-12-05T17:40:00,20081205174000,MULTIPOINT ((-64.7225 110.6008)),110.6008,-64.7225,77.9,,157.21435547,,0.7,,,,,,,979.78,,,27.31838526,,,7.854,1.886,4.297,,,,,,,,,,,,,,,,99.1,97.9,,,33.97790955,,-1,-1.3,,,,,,-1.13753694,,294,133.7,295,136.7,7.9,7.4,15.9,15.4,,,2515.92,
underway_1200.29846368,29846368,200809020,2008-12-05T18:00:00,20081205180000,MULTIPOINT ((-64.7361 110.6317)),110.6317,-64.7361,131.3,,133.17626953,,4.1,,,,,,,979.88,,,27.4536946,,,7.816,1.7302,,,,,,,,,,,,,,,,,98.6,98,,,33.92690974,,-1.1,-1.4,,,,,,-0.92922029,,297,154.8,296,155.5,10.8,6.9,13.8,9.9,,,2508.29,
underway_1200.29846488,29846488,200809020,2008-12-05T18:20:00,20081205182000,MULTIPOINT ((-64.7643 110.675)),110.675,-64.7643,186.7,,190.29418945,,6.1,,,,,,,979.77,,,27.46133295,,,7.705,1.5662,4.297,,,,,,,,,,,,,,,,98.4,97.8,,,33.92187944,,-1.3,-1.4,,,,,,-0.9155527,,297,81.3,311,96.8,14,13.2,14.8,12.4,,,2727.44,
underway_1200.29846608,29846608,200809020,2008-12-05T18:40:00,20081205184000,MULTIPOINT ((-64.8049 110.7066)),110.7066,-64.8049,108.5,,103.80981445,,10.4,,,,,,,979.8,,,27.6817772,,,7.613,1.6892,4.29,,,,,,,,,,,,,,,,98.3,98.1,,,34.0166048,,-1.2,-1,,,,,,-0.73425517,,298,216.3,297,214.8,14.8,4.9,14.1,4.1,,,2738.6,
underway_1200.29846728,29846728,200809020,2008-12-05T19:00:00,20081205190000,MULTIPOINT ((-64.7869 110.7814)),110.7814,-64.7869,60.8,,59.74914551,,7.4,,,,,,,979.78,,,27.39695828,,,7.402,1.7056,4.291,,,,,,,,,,,,,,,,97.9,97.3,,,34.03324578,,-1.3,-1.2,,,,,,-1.09150986,,290,262.5,302,275.2,13.8,10.6,13.5,11.8,,,2739.68,
underway_1200.29846848,29846848,200809020,2008-12-05T19:20:00,20081205192000,MULTIPOINT ((-64.7758 110.851)),110.851,-64.7758,55.6,,47.47192383,,7.7,,,,,,,979.75,,,27.26818092,,,8.123,1.8286,4.295,,,,,,,,,,,,,,,,97.2,97,,,33.87255438,,-1.3,-1.1,,,,,,-1.10521647,,297,279.7,304,286.3,15.3,13.4,15.5,14.6,,,2763,
underway_1200.29846968,29846968,200809020,2008-12-05T19:40:00,20081205194000,MULTIPOINT ((-64.736 110.8636)),110.8636,-64.736,30.6,,20.40710449,,6.7,,,,,,,979.79,,,27.42642148,,,7.963,1.5744,4.299,,,,,,,,,,,,,,,,97,97.2,,,34.02910041,,-1.2,-1.2,,,,,,-1.05236491,,290,295.1,296,299,15.2,15.5,16.1,17,,,2801.05,
underway_1200.29847088,29847088,200809020,2008-12-05T20:00:00,20081205200000,MULTIPOINT ((-64.7 110.91)),110.91,-64.7,38.2,,29.10827637,,9.1,,,,,,,979.94,,,27.42750761,,,,1.3038,4.298,,,,,,,,,,,,,,,,96.8,97,,,33.96409387,,-1.2,-1.2,,,,,,-0.99369399,,290,296.4,296,300.2,15,14.9,15.6,16.4,,,2825.4,
underway_1200.29847208,29847208,200809020,2008-12-05T20:20:00,20081205202000,MULTIPOINT ((-64.6508 110.9958)),110.9958,-64.6508,35.3,,26.94396973,,12.4,,,,,,,980,,,27.50062512,,,8.066,1.5416,,,,,,,,,,,,,,,,,96.6,96.9,,,34.01071038,,-1.2,-1.2,,,,,,-0.94679735,,293,307,295,307,16.5,18.3,17.4,19.5,,,2835.15,
underway_1200.29847328,29847328,200809020,2008-12-05T20:40:00,20081205204000,MULTIPOINT ((-64.5892 111.0759)),111.0759,-64.5892,36.6,,34.2388916,,12.7,,,,,,,980.11,,,27.46789154,,,8.075,1.3776,4.295,,,,,,,,,,,,,,,,96,96.8,,,34.06245731,,-1.2,-1.2,,,,,,-1.03182375,,293,304,297,305,15.3,17.5,16,18.8,,,2932.16,
underway_1200.29847448,29847448,200809020,2008-12-05T21:00:00,20081205210000,MULTIPOINT ((-64.5217 111.1243)),111.1243,-64.5217,15.2,,9.54162598,,13,,,,,,,980.23,,,27.31729662,,,7.853,1.312,4.301,,,,,,,,,,,,,,,,95.7,96.8,,,34.01091954,,-1.2,-1.2,,,,,,-1.16791402,,293,323.2,293,320.6,13.8,20.3,15.2,21.3,,,2990.25,
underway_1200.29847568,29847568,200809020,2008-12-05T21:20:00,20081205212000,MULTIPOINT ((-64.4684 111.0891)),111.0891,-64.4684,355,,349.91455078,,8.2,,,,,,,980.45,,,27.48971435,,,7.826,1.7548,4.301,,,,,,,,,,,,,,,,95.7,96.5,,,34.03346384,,-1.3,-1.3,,,,,,-0.98001213,,292,325.7,290,322.6,13.1,18.4,14.5,19.4,,,3035.2,
underway_1200.29847688,29847688,200809020,2008-12-05T21:40:00,20081205214000,MULTIPOINT ((-64.4193 111.0719)),111.0719,-64.4193,22.3,,17.47924805,,8.7,,,,,,,980.65,,,27.22235811,,,7.758,0.9348,4.29,,,,,,,,,,,,,,,,95.1,96.2,,,33.97534149,,-1.3,-1.3,,,,,,-1.25128288,,287,300.2,292,303,15.3,16.8,16,18.1,,,3082.88,
underway_1200.29847808,29847808,200809020,2008-12-05T22:00:00,20081205220000,MULTIPOINT ((-64.3786 111.0297)),111.0297,-64.3786,334.9,,327.96386719,,7.7,,,,,,,980.68,,,27.11650656,,,,0.861,4.289,,,,,,,,,,,,,,,,94.9,95.5,,,33.9044922,,-1.4,-1.4,,,,,,-1.31707672,,295,340.3,289,335.3,14.6,21.1,15.9,21.9,,,3135.56,
underway_1200.29847928,29847928,200809020,2008-12-05T22:20:00,20081205222000,MULTIPOINT ((-64.3293 110.9919)),110.9919,-64.3293,338.1,,332.51220703,,9.3,,,,,,,980.7,,,27.20380435,,,7.765,1.4678,4.289,,,,,,,,,,,,,,,,94.5,95.3,,,33.93311692,,-1.3,-1.3,,,,,,-1.23656254,,297,340.7,291,335.8,13.9,21.8,15.2,22.5,,,3184.39,
underway_1200.29848048,29848048,200809020,2008-12-05T22:40:00,20081205224000,MULTIPOINT ((-64.2836 110.9437)),110.9437,-64.2836,337.3,,330.9576416,,9.1,,,,,,,980.8,,,27.19507258,,,7.72,1.1234,4.288,,,,,,,,,,,,,,,,94.4,95.2,,,33.9055358,,-1.2,-1.2,,,,,,-1.22282672,,296,343.2,288,336.8,11.8,19.6,13.1,20.2,,,3283.55,
underway_1200.29848168,29848168,200809020,2008-12-05T23:00:00,20081205230000,MULTIPOINT ((-64.2597 110.9333)),110.9333,-64.2597,42.1,,37.37548828,,3.6,,,,,,,980.97,,,27.14924635,,,7.855,3.3538,,,,,,,,,,,,,,,,,95.4,95.6,,,33.95740307,,-1.2,-1.1,,,,,,-1.32395476,,295,278.6,307,289.4,10,9.6,10.2,10.5,,,,
underway_1200.29848288,29848288,200809020,2008-12-05T23:20:00,20081205232000,MULTIPOINT ((-64.2268 110.9905)),110.9905,-64.2268,52.3,,50.44372559,,9.8,,,,,,,980.96,,,27.23107898,,,7.766,1.0004,4.289,,,,,,,,,,,,,,,,96,96,,,33.86274734,,-1.1,-1,,,,,,-1.14145572,,289,280.1,298,287.9,14.8,12.5,14.7,13.9,,,,
underway_1200.29848408,29848408,200809020,2008-12-05T23:40:00,20081205234000,MULTIPOINT ((-64.1834 111.0266)),111.0266,-64.1834,26.3,,22.73620605,,9.2,,,,,,,980.94,,,27.25726883,,,7.794,1.0742,,,,,,,,,,,,,,,,,95,95.8,,,33.87312481,,-1.1,-1,,,,,,-1.11892611,,288,297.1,293,300.7,15.8,17,16.4,18.4,,,,
underway_1200.29848528,29848528,200809020,2008-12-06T00:00:00,20081206000000,MULTIPOINT ((-64.1447 111.0559)),111.0559,-64.1447,19.6,,18.30322266,,8.9,,,,,,,980.94,,,27.32273595,,,8.112,1.6236,4.296,,,,,,,,,,,,,,,,93.5,94.7,,,33.79697631,,-1.1,-1,,,,,,-0.97219528,,290,299.6,295,302.4,16.7,19,17.7,20.6,,,,
underway_1200.29848648,29848648,200809020,2008-12-06T00:20:00,20081206002000,MULTIPOINT ((-64.0978 111.0897)),111.0897,-64.0978,26,,23.1262207,,9.7,,,,,,,981.11,,,27.38930556,,,8.048,1.2054,,,,,,,,,,,,,,,,,90.9,93.1,,,33.85465267,,-1.1,-1,,,,,,-0.94289091,,290,297.3,296,301,17.6,19.2,18.3,20.8,,,,
underway_1200.29848768,29848768,200809020,2008-12-06T00:40:00,20081206004000,MULTIPOINT ((-64.0508 111.1287)),111.1287,-64.0508,25.3,,18.10546875,,9.7,,,,,,,981.05,,,27.381666,,,8.104,1.0824,4.287,,,,,,,,,,,,,,,,87.2,91.1,,,33.84314946,,-1,-1,,,,,,-0.94191433,,291,303.9,294,304.7,16.6,18.5,17.7,20,,,,
underway_1200.29848888,29848888,200809020,2008-12-06T01:00:00,20081206010000,MULTIPOINT ((-63.9993 111.1688)),111.1688,-63.9993,4.6,,359.09912109,,9.7,,,,,,,981.06,,,27.47551552,,,7.873,1.0086,4.293,,,,,,,,,,,,,,,,85.2,88.3,,,33.87517333,,-1,-0.9,,,,,,-0.85701151,,292,318.2,291,315.8,16.7,21.7,18.3,23,,,,
underway_1200.29849008,29849008,200809020,2008-12-06T01:20:00,20081206012000,MULTIPOINT ((-63.9398 111.1748)),111.1748,-63.9398,343.6,,339.65881348,,13.8,,,,,,,980.89,,,27.49843165,,,7.978,0.902,4.308,,,,,,,,,,,,,,,,84.9,86.1,,,33.87227152,,-1.1,-1.1,,,,,,-0.82678695,,300,341.1,293,336.1,14.8,26.5,16.4,27.3,,,,
underway_1200.29849128,29849128,200809020,2008-12-06T01:40:00,20081206014000,MULTIPOINT ((-63.8639 111.1561)),111.1561,-63.8639,3.8,,358.03344727,,11.8,,,,,,,980.94,,,27.52026363,,,7.877,0.9102,,,,,,,,,,,,,,,,,81.2,82.9,,,33.95798397,,-1,-0.9,,,,,,-0.87651908,,292,322.3,292,320.3,17,23.5,18.7,25,,,,
underway_1200.29849248,29849248,200809020,2008-12-06T02:00:00,20081206020000,MULTIPOINT ((-63.796 111.1004)),111.1004,-63.796,332,,328.90869141,,13.8,,,,,,,980.88,,,27.47988205,,,8.081,0.5576,,,,,,,,,,,,,,,,,82.7,83.1,,,33.89428876,,-1,-0.9,,,,,,-0.86871532,,306,349.3,294,342.2,15.3,28.4,16.6,28.8,,,,
underway_1200.29849368,29849368,200809020,2008-12-06T02:20:00,20081206022000,MULTIPOINT ((-63.7344 111.0834)),111.0834,-63.7344,7.3,,4.19677734,,8.8,,,,,,,981.22,,,27.41222596,,,,0.7626,4.303,,,,,,,,,,,,,,,,87,86.8,,,33.91011826,,-0.9,-0.7,,,,,,-0.96437942,,303,324.5,301,321.3,12.7,18.3,13.9,19.2,,,,
underway_1200.29849488,29849488,200809020,2008-12-06T02:40:00,20081206024000,MULTIPOINT ((-63.6785 111.0724)),111.0724,-63.6785,350.4,,345.08056641,,10,,,,,,,981.19,,,27.33692531,,,7.869,0.6068,4.302,,,,,,,,,,,,,,,,87.6,88,,,33.84053742,,-0.8,-0.9,,,,,,-0.99369399,,311,343.7,301,337.1,12.1,20.8,13.5,21.4,,,,
underway_1200.29849608,29849608,200809020,2008-12-06T03:00:00,20081206030000,MULTIPOINT ((-63.6293 111.045)),111.045,-63.6293,341.8,,339.65881348,,10.3,,,,,,,981.29,,,27.2659882,,,8.412,0.4838,,,,,,,,,,,,,,,,,89.6,89.9,,,33.74162122,,-1,-1,,,,,,-0.99173925,,313,347.2,301,339.9,11.2,20.8,12.3,21.2,,,,
underway_1200.29849728,29849728,200809020,2008-12-06T03:20:00,20081206032000,MULTIPOINT ((-63.5799 111.0091)),111.0091,-63.5799,329.4,,325.59631348,,10.8,,,,,,,981.38,,,27.03355591,,,8.112,1.0168,4.298,,,,,,,,,,,,,,,,,91,,,33.63306902,,,-0.8,,,,,,-1.17771628,,323,1.1,302,351.1,8.5,19.3,9.2,19.4,,,,
underway_1200.29849848,29849848,200809020,2008-12-06T03:40:00,20081206034000,MULTIPOINT ((-63.5252 110.994)),110.994,-63.5252,1.5,,359.35180664,,10.6,,,,,,,981.3,,,27.16341745,,,7.937,1.2382,4.296,,,,,,,,,,,,,,,,,92.3,,,33.77229903,,,-0.8,,,,,,-1.14341521,,316,341.7,308,336.3,8.8,17.9,10.1,18.5,,,,
underway_1200.29849968,29849968,200809020,2008-12-06T04:00:00,20081206040000,MULTIPOINT ((-63.4751 110.9977)),110.9977,-63.4751,35.8,,35.13427734,,9.1,0.05,-0.25,-0.31,-0.64,,,981.31,,,27.20924077,,,8.042,1.1562,4.298,,,,,,,,,,,,,,,,93.3,93.2,,,33.68292516,,-0.8,-0.7,,,,,,-1.00835649,,318,328.2,317,324.4,6.9,12.5,8,13.2,,,,
underway_1200.29850088,29850088,200809020,2008-12-06T04:20:00,20081206042000,MULTIPOINT ((-63.4238 111.0247)),111.0247,-63.4238,3,,2.85644531,,8.6,0,-0.33,-0.3,-0.63,,,981.18,,,27.27144737,,,,0.7954,4.294,,,,,,,,,,,,,,,,94.6,93.7,,,33.78096139,,-0.8,-0.8,,,,,,-1.02008901,,316,337.8,310,332.7,7.8,15,9.1,15.8,,,,
underway_1200.29850208,29850208,200809020,2008-12-06T04:40:00,20081206044000,MULTIPOINT ((-63.369 111.0394)),111.0394,-63.369,346.8,,343.80615234,,7.7,0.13,-0.32,-0.13,-0.33,,,981.15,,,27.2932711,,,8.18,0.7134,4.294,,,,,,,,,,,,,,,,96.9,95.4,,,33.77331471,,-0.9,-0.9,,,,,,-0.98685268,,311,348.7,301,342.8,5.4,12.6,6.3,13,,,,
underway_1200.29850328,29850328,200809020,2008-12-06T05:00:00,20081206050000,MULTIPOINT ((-63.3043 111.0499)),111.0499,-63.3043,11.3,,7.0916748,,9.1,-0.02,-0.15,0.05,-0.16,,,980.91,,,27.30199842,,,7.954,0.6642,,,,,,,,,,,,,,,,,97.5,96.7,,,33.74236967,,-0.8,-0.6,,,,,,-0.94875067,,279,315.8,283,316.7,9.6,12.9,10.2,13.9,,,,
underway_1200.29850448,29850448,200809020,2008-12-06T05:20:00,20081206052000,MULTIPOINT ((-63.2674 111.13)),111.13,-63.2674,49.8,,41.17675781,,9.6,0.15,-0.23,0.59,-0.22,,,980.96,,,27.21142903,,,7.86,1.968,4.294,,,,,,,,,,,,,,,,97.7,96.8,,,33.75739664,,-0.7,-0.6,,,,,,-1.07193429,,279,297.1,286,300.9,10.6,8.5,10.7,9.6,,,,
underway_1200.29850568,29850568,200809020,2008-12-06T05:40:00,20081206054000,MULTIPOINT ((-63.2248 111.1836)),111.1836,-63.2248,30.3,,26.31225586,,8.9,-0.2,-0.51,0.83,-1.23,,,980.84,,,27.16776965,,,8.274,0.8528,4.299,,,,,,,,,,,,,,,,97.5,96.8,,,33.61215201,,-0.8,-0.6,,,,,,-0.99564879,,278,306.1,285,307.8,9.3,10.2,9.8,11.4,,,,
underway_1200.29850688,29850688,200809020,2008-12-06T06:00:00,20081206060000,MULTIPOINT ((-63.1798 111.2219)),111.2219,-63.1798,46.3,,41.36352539,,9.2,-0.07,-0.47,0.5,0.17,,,980.69,,,27.1841466,,,7.987,1.0578,4.296,,,,,,,,,,,,,,,,97,96.7,,,33.72672858,,-0.8,-0.7,,,,,,-1.07780631,,279,288.4,290,294,11.6,9.5,12.3,11.7,,,,
underway_1200.29850808,29850808,200809020,2008-12-06T06:20:00,20081206062000,MULTIPOINT ((-63.1582 111.3133)),111.3133,-63.1582,43.3,,38.84765625,,9.6,0.11,-0.22,0.23,-0.06,,,980.6,,,27.20923921,,,7.819,0.7954,4.294,,,,,,,,,,,,,,,,96,96,,,33.66318219,,-0.8,-0.6,,,,,,-0.99076191,,279,299.7,290,302.4,10.2,9.3,11,11.4,,,,
underway_1200.29850928,29850928,200809020,2008-12-06T06:40:00,20081206064000,MULTIPOINT ((-63.1133 111.3837)),111.3837,-63.1133,27,,22.54394531,,9,0.25,-0.1,0.49,-0.38,,,980.6,,,27.23325453,,,7.664,1.9434,4.286,,,,,,,,,,,,,,,,94.7,94.9,,,33.77508974,,-0.9,-0.8,,,,,,-1.06117036,,276,300,287,303.5,11.2,11.5,12.4,13.9,,,,
underway_1200.29851048,29851048,200809020,2008-12-06T07:00:00,20081206070000,MULTIPOINT ((-63.0709 111.4342)),111.4342,-63.0709,8.4,,0.19775391,,9.5,0.05,-0.17,0.27,0.05,,,980.51,,,27.21251862,,,7.502,1.0086,,,,,,,,,,,,,,,,,94.4,94.5,,,33.73685556,,-1,-0.9,,,,,,-1.05236491,,288,332.1,293,329,8,13.4,10.3,15.7,,,,
underway_1200.29851168,29851168,200809020,2008-12-06T07:20:00,20081206072000,MULTIPOINT ((-63.0222 111.4425)),111.4425,-63.0222,68.7,,61.6003418,,9.4,-0.15,-0.47,1.16,-0.56,,,980.7,,,27.2157944,,,7.862,0.9184,4.281,,,,,,,,,,,,,,,,96.8,96.5,,,33.7644638,,-1.1,-1,,,,,,-1.07291292,,292,280.1,301,285.9,12.2,8.4,12.8,10.3,,,,
underway_1200.29851288,29851288,200809020,2008-12-06T07:40:00,20081206074000,MULTIPOINT ((-63.0129 111.532)),111.532,-63.0129,63.9,,58.09020996,,8.5,0.15,-0.17,0.34,-0.12,,,980.63,,,27.13394573,,,7.684,1.4924,4.288,,,,,,,,,,,,,,,,96.9,96.3,,,33.65044914,,-1,-0.8,,,,,,-1.07095567,,292,272.7,299,279.7,13.7,10.3,13.6,11.2,,,,
underway_1200.29851408,29851408,200809020,2008-12-06T08:00:00,20081206080000,MULTIPOINT ((-62.9873 111.6181)),111.6181,-62.9873,29.5,,19.81384277,,8,0.03,-0.33,0.38,-0.1,,,980.47,,,27.16887228,,,7.945,1.927,,,,,,,,,,,,,,,,,96.7,96.4,,,33.75767135,,-1,-0.7,,,,,,-1.12382315,,283,293,289,297.7,16,15.7,16.5,17.1,,,,
underway_1200.29851528,29851528,200809020,2008-12-06T08:20:00,20081206082000,MULTIPOINT ((-62.9446 111.644)),111.644,-62.9446,6.9,,355.90759277,,6.8,0.11,-0.18,0.92,0,,,980.27,,,26.99210209,,,8.317,3.1324,4.3,,,,,,,,,,,,,,,,96,96.6,,,33.76771374,,-1,-0.9,,,,,,-1.34754244,,289,316.1,290,315.1,14.5,17.3,15.6,18.4,,,,
underway_1200.29851648,29851648,200809020,2008-12-06T08:40:00,20081206084000,MULTIPOINT ((-62.9027 111.5925)),111.5925,-62.9027,324.1,,313.81896973,,11.5,0.09,-0.24,0.33,0.03,,,980.12,,,27.1590593,,,7.698,2.0418,4.295,,,,,,,,,,,,,,,,97.5,97.2,,,33.85719924,,-1.3,-1.3,,,,,,-1.22380775,,285,347.3,276,340.9,16,25.9,17.3,26.4,,,,
underway_1200.29851768,29851768,200809020,2008-12-06T09:00:00,20081206090000,MULTIPOINT ((-62.8706 111.5502)),111.5502,-62.8706,309.2,,305.11230469,,9,0.49,-0.19,0.43,-0.4,,,979.87,,,27.24634463,,,7.688,1.2628,4.292,,,,,,,,,,,,,,,,97.5,97.4,,,33.7192382,,-1.3,-1.3,,,,,,-0.99564879,,282,346.3,273,339.7,18.1,26.4,19.1,26.9,,,,
underway_1200.29851888,29851888,200809020,2008-12-06T09:20:00,20081206092000,MULTIPOINT ((-62.8315 111.4536)),111.4536,-62.8315,312.5,,307.81494141,,12.6,0.1,-0.72,0.35,-0.36,,,979.72,,,27.37182666,,,7.774,1.927,4.302,,,,,,,,,,,,,,,,98.3,97.6,,,33.61342244,,-1.4,-1.4,,,,,,-0.74885625,,282,346.7,273,340.2,18.4,30,19.8,30.6,,,,
underway_1200.29852008,29852008,200809020,2008-12-06T09:40:00,20081206094000,MULTIPOINT ((-62.763 111.42)),111.42,-62.763,357.5,,354.15527344,,14.4,0.75,-0.09,0.62,-0.02,,,979.83,,,27.41984705,,,7.772,1.9926,4.294,,,,,,,,,,,,,,,,97.5,97.8,,,33.68818683,,-1.4,-1.3,,,,,,-0.75761855,,276,314.7,277,313.3,19.9,26.2,21.7,27.9,,,,
underway_1200.29852128,29852128,200809020,2008-12-06T10:00:00,20081206100000,MULTIPOINT ((-62.6833 111.4098)),111.4098,-62.6833,350.6,,345.67932129,,14.2,0.15,-0.31,0.48,0.07,,,979.81,,,27.53661604,,,7.77,2.4518,4.298,,,,,,,,,,,,,,,,96.4,97.8,,,33.75035194,,-1.2,-1.4,,,,,,-0.6719959,,276,317.3,277,316.3,23.4,30.5,25.2,32.3,,,,
underway_1200.29852248,29852248,200809020,2008-12-06T10:20:00,20081206102000,MULTIPOINT ((-62.6042 111.4168)),111.4168,-62.6042,359,,354.11132812,,14.1,0.16,-0.3,0.79,0.46,,,980.16,,,27.55844336,,,7.755,3.321,4.293,,,,,,,,,,,,,,,,95.9,97.5,,,33.77548132,,-1.3,-1.4,,,,,,-0.66810678,,282,317.3,281,314.9,20.8,27.6,23,29.4,,,,
underway_1200.29852368,29852368,200809020,2008-12-06T10:40:00,20081206104000,MULTIPOINT ((-62.5254 111.4174)),111.4174,-62.5254,0.9,,357.8137207,,14,0.13,-0.21,0.59,0.38,,,980.35,,,27.46895513,,,7.759,2.8372,14.294,,,,,,,,,,,,,,,,95.8,97.3,,,33.71328375,,-1.3,-1.4,,,,,,-0.7206306,,276,311.1,278,310.9,20.3,25.7,21.7,27.3,,,,
underway_1200.29852488,29852488,200809020,2008-12-06T11:00:00,20081206110000,MULTIPOINT ((-62.4563 111.4183)),111.4183,-62.4563,10.7,,7.50366211,,12.4,-0.16,-0.33,0.29,0.07,,,980.44,,,27.45695156,,,7.754,3.034,4.293,,,,,,,,,,,,,,,,95.5,97,,,33.7155444,,-1.2,-1.3,,,,,,-0.73717511,,281,307.1,285,307.8,18.8,22.7,20.1,24.3,,,,
underway_1200.29852608,29852608,200809020,2008-12-06T11:20:00,20081206112000,MULTIPOINT ((-62.3883 111.4425)),111.4425,-62.3883,4.1,,1.09313965,,11.9,-0.03,-0.19,0.43,0.19,,,980.44,,,27.40566321,,,7.751,2.8618,4.29,,,,,,,,,,,,,,,,94.9,96,,,33.71691304,,-1.3,-1.3,,,,,,-0.80047436,,282,312.1,285,311.9,18,23,19.5,24.6,,,,
underway_1200.29852728,29852728,200809020,2008-12-06T11:40:00,20081206114000,MULTIPOINT ((-62.3189 111.4577)),111.4577,-62.3189,0.1,,356.81945801,,14.4,0.02,-0.31,1,0.69,,,980.37,,,27.41875716,,,7.741,3.2062,,,,,,,,,,,,,,,,,95.2,95.7,,,33.70522135,,-1.3,-1.3,,,,,,-0.77417296,,280,316.9,280,314.7,19,25.8,20.8,27.3,,,,
underway_1200.29852848,29852848,200809020,2008-12-06T12:00:00,20081206120000,MULTIPOINT ((-62.2377 111.4561)),111.4561,-62.2377,2.8,,358.73657227,,14.7,0.08,-0.22,1.49,0.75,,,980.46,,,27.41439069,,,7.776,4.0426,4.291,,,,,,,,,,,,,,,,95.9,96,,,33.68624219,,-1.4,-1.3,,,,,,-0.76248703,,280,320.1,281,318.2,16.3,23.3,17.8,24.6,,,,
underway_1200.29852968,29852968,200809020,2008-12-06T12:20:00,20081206122000,MULTIPOINT ((-62.1563 111.4636)),111.4636,-62.1563,2.7,,358.82995605,,14.5,0.01,-0.25,0.03,-0.45,,,980.44,,,27.42421127,,,7.795,4.6494,,,,,,,,,,,,,,,,,96.3,96.3,,,33.67886303,,-1.4,-1.4,,,,,,-0.74398884,,286,323.2,286,321.1,16.2,24.1,17.8,25.4,,,,
underway_1200.29853088,29853088,200809020,2008-12-06T12:40:00,20081206124000,MULTIPOINT ((-62.0752 111.4629)),111.4629,-62.0752,3.1,,5.20202637,,14.4,-0.03,-0.32,-0.15,-0.75,,,980.36,,,27.48532203,,,7.767,4.4608,4.294,,,,,,,,,,,,,,,,96.3,96.7,,,33.68976623,,-1.3,-1.4,,,,,,-0.67977489,,276,310.3,279,309.9,16.9,22.7,18.4,24.4,,,,
underway_1200.29853208,29853208,200809020,2008-12-06T13:00:00,20081206130000,MULTIPOINT ((-61.997 111.4947)),111.4947,-61.997,2.1,,358.23120117,,14.8,-0.02,-0.39,0.52,-0.2,,,980.45,,,27.43730674,,,7.751,4.674,,,,,,,,,,,,,,,,,96.3,96.6,,,33.68570529,,-1.3,-1.3,,,,,,-0.73425517,,270,315.7,271,313.1,16,21.5,17.7,22.8,,,,
underway_1200.29853328,29853328,200809020,2008-12-06T13:20:00,20081206132000,MULTIPOINT ((-61.9155 111.4928)),111.4928,-61.9155,3.5,,358.14880371,,14.6,0.03,-0.21,0.57,0.03,,,980.61,,,27.47877667,,,7.767,5.002,4.293,,,,,,,,,,,,,,,,95.9,96.4,,,33.71677523,,-1.3,-1.3,,,,,,-0.71187353,,263,308,267,308.5,18.2,21.3,19.3,22.9,,,,
underway_1200.29853448,29853448,200809020,2008-12-06T13:40:00,20081206134000,MULTIPOINT ((-61.8413 111.4922)),111.4922,-61.8413,333.9,,328.66149902,,10.7,0.09,-0.34,0.31,0.01,,,980.57,,,27.41439477,,,7.759,5.3464,0,,,,,,,,,,,,,,,,95.4,96.1,,,33.73747977,,-1.3,-1.3,,,,,,-0.80826951,,263,318.4,262,316.5,19.1,24.8,20.7,26.2,,,,
underway_1200.29853568,29853568,200809020,2008-12-06T14:00:00,20081206140000,MULTIPOINT ((-61.7761 111.4558)),111.4558,-61.7761,347.9,,343.58642578,,12.4,0.03,-0.37,0.35,-0.12,,,980.93,,,27.29872172,,,7.757,5.658,,,,,,,,,,,,,,,,,94.6,95.7,,,33.70393823,,-1.3,-1.3,,,,,,-0.91848121,,249,299.8,254,302.6,19.6,21.4,20.5,23.2,,,,
underway_1200.29853688,29853688,200809020,2008-12-06T14:20:00,20081206142000,MULTIPOINT ((-61.7079 111.4428)),111.4428,-61.7079,354.1,,347.46459961,,12.8,0.06,-0.33,0.81,0,,,981,,,27.16340449,,,7.746,5.2808,4.291,,,,,,,,,,,,,,,,93.3,94.9,,,33.60729866,,-1.3,-1.3,,,,,,-0.99662621,,250,301.7,255,304.3,18.4,19.8,19.1,21.4,,,,
underway_1200.29853808,29853808,200809020,2008-12-06T14:40:00,20081206144000,MULTIPOINT ((-61.6439 111.4257)),111.4257,-61.6439,332.5,,326.94213867,,11.8,-0.15,-0.35,0.5,-0.14,,,981.07,,,27.14703813,,,7.736,3.362,4.291,,,,,,,,,,,,,,,,94.8,95.6,,,33.62661283,,-1.4,-1.4,,,,,,-1.03377975,,256,317.7,255,315.3,18.4,24.1,20.2,25.6,,,,
underway_1200.29853928,29853928,200809020,2008-12-06T15:00:00,20081206150000,MULTIPOINT ((-61.5773 111.4129)),111.4129,-61.5773,33,,39.27062988,,12.1,0,-0.63,-0.86,-1.64,,,981.67,,,27.10994008,,,7.724,3.0094,4.293,,,,,,,,,,,,,,,,95,96.4,,,33.65612421,,-1.4,-1.3,,,,,,-1.10521647,,251,253.9,263,281.4,17.1,10.3,13.4,10.5,,,,
underway_1200.29854048,29854048,200809020,2008-12-06T15:20:00,20081206152000,MULTIPOINT ((-61.5244 111.4807)),111.4807,-61.5244,4.6,,352.4029541,,11.6,0.3,-0.16,0.41,-0.02,,,981.61,,,27.00845329,,,7.708,2.5666,,,,,,,,,,,,,,,,,94.9,95.1,,,33.55909658,,-1.6,-1.3,,,,,,-1.14243545,,241,282.5,249,288.8,21.3,18,21.7,19.8,,,,
underway_1200.29854168,29854168,200809020,2008-12-06T15:40:00,20081206154000,MULTIPOINT ((-61.4655 111.4906)),111.4906,-61.4655,37.3,,26.2902832,,6.8,0.11,-0.18,1.02,-0.9,,,982.03,,,27.12085638,,,8.58,2.3534,4.296,,,,,,,,,,,,,,,,94.3,95.1,,,33.7129237,,-1.5,-1,,,,,,-1.14243545,,249,241.1,255,248.7,16.8,11.7,16.9,12.3,,,,
underway_1200.29854288,29854288,200809020,2008-12-06T16:00:00,20081206160000,MULTIPOINT ((-61.4161 111.5252)),111.5252,-61.4161,7.5,,358.14880371,,10.8,0.17,-0.46,0.11,-0.5,,,982.08,,,27.06519822,,,7.79,2.0664,4.29,,,,,,,,,,,,,,,,94.7,94.9,,,33.61144197,,-1.5,-1.3,,,,,,-1.11990549,,240,271.3,248,281.4,21.4,17.1,20.4,17.8,,,,
underway_1200.29854408,29854408,200809020,2008-12-06T16:20:00,20081206162000,MULTIPOINT ((-61.3755 111.5129)),111.5129,-61.3755,352.2,,340.70800781,,7,-0.05,-0.48,0.19,-0.26,,,982.31,,,27.13941254,,,7.741,2.0418,4.292,,,,,,,,,,,,,,,,93.4,94.2,,,33.78919701,,-1.3,-1.2,,,,,,-1.18752009,,241,281.9,249,289.1,18.6,17.3,19.7,19.3,,,,
underway_1200.29854528,29854528,200809020,2008-12-06T16:40:00,20081206164000,MULTIPOINT ((-61.3415 111.5253)),111.5253,-61.3415,28.3,,20.15991211,,7.3,0.94,-0.4,0.45,-0.13,,,982.68,,,27.12085888,,,7.314,2.1402,4.283,,,,,,,,,,,,,,,,94.1,93.6,,,33.74495502,,-1.3,-0.9,,,,,,-1.17085454,,244,241.4,248,247,19.7,14.4,19.4,14.6,,,,
underway_1200.29854648,29854648,200809020,2008-12-06T17:00:00,20081206170000,MULTIPOINT ((-61.2999 111.435)),111.435,-61.2999,295.8,,290.20385742,,13.2,0.39,-1.07,0.78,-0.8,,,982.21,,,27.24743752,,,7.431,1.927,4.297,,,,,,,,,,,,,,,,91.4,92.7,,,33.74050592,,-1,-1.1,,,,,,-1.01324477,,247,332.8,244,329.9,24.5,34.6,26.5,36.1,,,,
underway_1200.29854768,29854768,200809020,2008-12-06T17:20:00,20081206172000,MULTIPOINT ((-61.2766 111.2927)),111.2927,-61.2766,278.2,,275.13061523,,12.9,0.18,-0.74,1.84,-1.32,,,982.77,,,27.46241605,,,7.433,1.8532,4.295,,,,,,,,,,,,,,,,89.7,91.8,,,33.81901278,,-1.1,-1.1,,,,,,-0.82288808,,236,334.1,233,331.9,25.6,36.2,27.1,37.4,,,,
underway_1200.29854888,29854888,200809020,2008-12-06T17:40:00,20081206174000,MULTIPOINT ((-61.2734 111.1433)),111.1433,-61.2734,271,,268.1817627,,12.9,0.75,-0.39,0.94,-0.35,,,982.99,,,27.57372051,,,7.414,3.2636,4.302,,,,,,,,,,,,,,,,83.5,86.1,,,33.76783899,,-1,-1,,,,,,-0.64283342,,237,341,231,336.5,23.1,34.6,24.6,35.5,,,,
underway_1200.29855008,29855008,200809020,2008-12-06T18:00:00,20081206180000,MULTIPOINT ((-61.2781 110.9961)),110.9961,-61.2781,269.4,,267.28088379,,12.9,0.86,-0.94,0.7,-0.52,,,983.01,,,27.54644039,,,7.457,2.8044,,,,,,,,,,,,,,,,,84.6,86,,,33.78756393,,-1.1,-1.1,,,,,,-0.69339046,,238,340.9,232,336.5,25.6,37.1,27.2,38.2,,,,
underway_1200.29855128,29855128,200809020,2008-12-06T18:20:00,20081206182000,MULTIPOINT ((-61.2724 110.849)),110.849,-61.2724,288,,284.67224121,,12.8,0,0,0,0,,,983.96,,,27.4711403,,,7.447,2.0582,4.294,,,,,,,,,,,,,,,,82.9,84.4,,,33.746725,,-1,-1,,,,,,-0.74788274,,240,331.9,236,328.5,23.4,33.5,25.4,34.9,,,,
underway_1200.29855248,29855248,200809020,2008-12-06T18:40:00,20081206184000,MULTIPOINT ((-61.2536 110.7176)),110.7176,-61.2536,223,,217.38098145,,12.7,0.22,-0.59,0.83,-1.25,,,984.09,,,27.57262982,,,7.448,3.2636,4.289,,,,,,,,,,,,,,,,83.9,84.8,,,33.77506183,,-1,-1,,,,,,-0.65060874,,242,18.5,232,12,24.9,37.1,23.4,36,,,,
underway_1200.29855368,29855368,200809020,2008-12-06T19:00:00,20081206190000,MULTIPOINT ((-61.2605 110.5705)),110.5705,-61.2605,271.2,,268.1048584,,13.3,0.13,-0.94,0.09,-0.47,,,984.39,,,27.52570493,,,7.441,2.3042,4.299,,,,,,,,,,,,,,,,81.9,82.9,,,33.76933599,,-0.8,-0.8,,,,,,-0.70214491,,247,348,238,341.6,22.3,35,23.5,35.5,,,,
underway_1200.29855488,29855488,200809020,2008-12-06T19:20:00,20081206192000,MULTIPOINT ((-61.2744 110.4274)),110.4274,-61.2744,239.6,,246.84631348,,10.6,0.29,-0.51,0.04,-2.32,,,985.02,,,27.60645842,,,8.229,2.8372,4.301,,,,,,,,,,,,,,,,81.1,81.5,,,33.76421846,,-0.6,-0.6,,,,,,-0.6000866,,257,3.1,244,354.1,24.9,35.3,24.2,34.9,,,,
underway_1200.29855608,29855608,200809020,2008-12-06T19:40:00,20081206194000,MULTIPOINT ((-61.2405 110.3023)),110.3023,-61.2405,327.5,,323.01452637,,13,0.49,-0.82,0.61,0.12,,,984.85,,,27.65447744,,,8.19,3.8294,4.295,,,,,,,,,,,,,,,,85.9,86,,,33.79745518,,-0.8,-0.8,,,,,,-0.57192869,,249,309.8,250,309,26.3,31.6,28.5,33.8,,,4213.12,
underway_1200.29855728,29855728,200809020,2008-12-06T20:00:00,20081206200000,MULTIPOINT ((-61.1923 110.2554)),110.2554,-61.1923,305.8,,298.08105469,,10.8,0.27,-0.5,0.69,-1.21,,,985.54,,,27.41111644,,,8.194,3.6736,4.298,,,,,,,,,,,,,,,,86.6,87.3,,,33.67963333,,-0.9,-0.9,,,,,,-0.7605396,,246,324.6,243,321.3,25,31.8,27.1,33.4,,,4224.06,
underway_1200.29855848,29855848,200809020,2008-12-06T20:20:00,20081206202000,MULTIPOINT ((-61.1642 110.1435)),110.1435,-61.1642,283.5,,286.2322998,,10.7,1.27,-0.76,-1.89,-4.05,,,985.32,,,27.48750513,,,8.153,3.7474,,,,,,,,,,,,,,,,,83,84.5,,,33.69705736,,-0.8,-0.8,,,,,,-0.68366474,,244,327.1,241,324.2,26.8,35.6,29,37.5,,,4236.29,
underway_1200.29855968,29855968,200809020,2008-12-06T20:40:00,20081206204000,MULTIPOINT ((-61.1368 110.0227)),110.0227,-61.1368,292,,285.58410645,,11.8,0.96,-1.67,-0.27,-1.95,,,985.93,,,27.49295799,,,8.185,3.3374,,,,,,,,,,,,,,,,,74.6,78.4,,,33.65453903,,-0.7,-0.7,,,,,,-0.63894612,,235,326.7,232,322.8,26,34.1,28.1,35.6,,,4244.37,
underway_1200.29856088,29856088,200809020,2008-12-06T21:00:00,20081206210000,MULTIPOINT ((-61.1197 109.8912)),109.8912,-61.1197,274.1,,270.60424805,,12,0.33,-0.82,-1.29,-2.63,,,986.15,,,27.51260109,,,8.194,2.8372,,,,,,,,,,,,,,,,,79.5,79.7,,,33.66045777,,-0.8,-0.8,,,,,,-0.62048481,,248,346.4,240,340.5,22.1,33.4,23.5,34.1,,,4257.2,
underway_1200.29856209,29856209,200809020,2008-12-06T21:20:10,20081206212010,MULTIPOINT ((-61.1142 109.7512)),109.7512,-61.1142,273.4,,270.87341309,,12.2,1.22,-1.39,-1.83,-2.54,,,986.95,,,27.56170873,,,8.187,2.0336,,,,,,,,,,,,,,,,,85.9,84.8,,,33.67037139,,-0.9,-0.9,,,,,,-0.56998723,,259,353.2,247,345.7,20.7,32.7,21.5,32.9,,,4265.09,
underway_1200.29856328,29856328,200809020,2008-12-06T21:40:00,20081206214000,MULTIPOINT ((-61.1045 109.6108)),109.6108,-61.1045,280.6,,277.87719727,,13.7,0.22,-1.07,-0.72,-2.22,,,986.59,,,27.64682839,,,8.213,2.05,4.309,,,,,,,,,,,,,,,,87.5,91.9,,,33.67257667,,-1.1,-1.5,,,,,,-0.4691154,,252,343.5,244,336.9,29.6,42.1,31.3,43,,,4264.39,
underway_1200.29856448,29856448,200809020,2008-12-06T22:00:00,20081206220000,MULTIPOINT ((-61.1051 109.4554)),109.4554,-61.1051,262.9,,261.46911621,,13.5,0.88,-0.45,-1.44,-2.51,,,987.58,,,27.54861898,,,8.142,2.296,4.293,,,,,,,,,,,,,,,,76.3,79.7,,,33.73830864,,-0.7,-0.7,,,,,,-0.64672095,,252,354,238,344.2,28.4,41.7,29.5,42.2,,,4266.59,
underway_1200.29856568,29856568,200809020,2008-12-06T22:20:00,20081206222000,MULTIPOINT ((-61.1167 109.3003)),109.3003,-61.1167,254.2,,252.94921875,,13.8,0.77,-1.05,-1.62,-2.4,,,987.74,,,27.48314007,,,8.166,2.7306,4.302,,,,,,,,,,,,,,,,76.1,77.4,,,33.69659037,,-0.8,-0.8,,,,,,-0.68852741,,246,355.6,233,347,27.8,41.5,28.6,41.7,,,4271.53,
underway_1200.29856688,29856688,200809020,2008-12-06T22:40:00,20081206224000,MULTIPOINT ((-61.127 109.1857)),109.1857,-61.127,256.4,,254.1027832,,13.8,1.03,-0.79,-0.84,-2.74,,,987.98,,,27.4209378,,,8.19,2.4436,,,,,,,,,,,,,,,,,79.4,79.3,,,33.68204691,,-0.8,-0.8,,,,,,-0.75080332,,245,355.8,232,347.7,20.3,33.9,21.1,34.1,,,4276.88,
underway_1200.29856808,29856808,200809020,2008-12-06T23:00:00,20081206230000,MULTIPOINT ((-61.1331 109.0281)),109.0281,-61.1331,266.9,,265.96801758,,13.7,1.11,-0.84,-1.86,-2.72,,,987.94,,,27.40456466,,,8.175,2.378,4.307,,,,,,,,,,,,,,,,79.3,80.8,,,33.62513976,,-0.9,-0.9,,,,,,-0.71965753,,252,350.2,241,343,28.7,42.2,30,42.8,,,4283.64,
underway_1200.29856928,29856928,200809020,2008-12-06T23:20:00,20081206232000,MULTIPOINT ((-61.135 108.8707)),108.8707,-61.135,269.1,,265.50109863,,13.7,0.31,-1.42,-1.47,-2.08,,,988.01,,,27.46458237,,,8.196,3.1488,4.304,,,,,,,,,,,,,,,,80.4,81.6,,,33.61626935,,-1.1,-1.1,,,,,,-0.63894612,,242,345.5,232,338.8,26.6,39.3,28.2,40,,,4291.09,
underway_1200.29857048,29857048,200809020,2008-12-06T23:40:00,20081206234000,MULTIPOINT ((-61.144 108.7148)),108.7148,-61.144,262.9,,259.78820801,,13.7,0.9,-0.49,-0.83,-1.86,,,988.7,,,27.52569667,,,8.154,2.624,4.297,,,,,,,,,,,,,,,,78.8,80.2,,,33.66620489,,-1.1,-1.1,,,,,,-0.6097992,,241,349.4,230,342,23.2,36.3,24.6,36.9,,,4298.84,
underway_1200.29857168,29857168,200809020,2008-12-07T00:00:00,20081207000000,MULTIPOINT ((-61.1517 108.5571)),108.5571,-61.1517,264.5,,260.98571777,,13.6,,,,,,,988.84,,,27.55407094,,,8.192,2.952,,,,,,,,,,,,,,,,,85.4,85.6,,,33.68387702,,-1.4,-1.5,,,,,,-0.59134657,,234,344.2,226,338.4,23.5,36,25.1,36.8,,,4314.19,
underway_1200.29857288,29857288,200809020,2008-12-07T00:20:00,20081207002000,MULTIPOINT ((-61.1581 108.4007)),108.4007,-61.1581,265.1,,262.03491211,,13.7,,,,,,,,,,27.59881152,,,8.169,1.3366,4.305,,,,,,,,,,,,,,,,76.7,79,,,33.66521202,,-1.1,-1.1,,,,,,-0.52050072,,238,345.1,230,338.7,27.4,40.1,28.9,40.8,,,4325.66,
underway_1200.29857408,29857408,200809020,2008-12-07T00:40:00,20081207004000,MULTIPOINT ((-61.1592 108.2416)),108.2416,-61.1592,271.3,,268.31359863,,14,,,,,,,989.47,,,27.60208422,,,8.172,1.1234,4.307,,,,,,,,,,,,,,,,77.6,78.8,,,33.65127899,,-1.2,-1.2,,,,,,-0.504014,,236,340.8,229,335.9,22.6,34.9,24.4,36,,,4348.01,
underway_1200.29857528,29857528,200809020,2008-12-07T01:00:00,20081207010000,MULTIPOINT ((-61.1618 108.0808)),108.0808,-61.1618,263.6,,260.74401855,,14.1,,,,,,,989.6,,,27.56497923,,,8.185,0.9348,4.303,,,,,,,,,,,,,,,,77.9,79.4,,,33.62943657,,-0.9,-0.9,,,,,,-0.52923076,,240,348.2,230,341.3,23,36.4,24.3,36.9,,,4360.26,
underway_1200.29857648,29857648,200809020,2008-12-07T01:20:00,20081207012000,MULTIPOINT ((-61.17 107.9175)),107.9175,-61.17,270,,266.96777344,,14.2,,,,,,,989.99,,,27.55952587,,,8.196,1.6892,,,,,,,,,,,,,,,,,80.6,81.7,,,33.66635222,,-0.8,-0.8,,,,,,-0.56901653,,252,351.5,239,343.5,23.9,37.6,25.2,38.1,,,3783.17,
underway_1200.29857768,29857768,200809020,2008-12-07T01:40:00,20081207014000,MULTIPOINT ((-61.1545 107.7784)),107.7784,-61.1545,320.4,,317.40600586,,13,,,,,,,990.42,,,27.61081877,,,8.153,1.148,4.3,,,,,,,,,,,,,,,,78.2,79.2,,,33.70511568,,-0.7,-0.7,,,,,,-0.541843,,229,304.5,234,306.8,21.6,25,22.6,26.7,,,4359.8,
underway_1200.29857888,29857888,200809020,2008-12-07T02:00:00,20081207020000,MULTIPOINT ((-61.1034 107.6707)),107.6707,-61.1034,305.6,,299.3939209,,11.6,,,,,,,990.82,,,27.55298513,,,8.18,1.2546,4.297,,,,,,,,,,,,,,,,84.8,84.5,,,33.75180457,,-0.8,-0.7,,,,,,-0.65352473,,253,333.8,247,329.3,17.4,26,19,26.9,,,4377.18,
underway_1200.29858008,29858008,200809020,2008-12-07T02:20:00,20081207022000,MULTIPOINT ((-61.0598 107.5574)),107.5574,-61.0598,299.7,,290.63781738,,14.2,,,,,,,990.45,,,27.50386158,,,8.201,0.861,4.305,,,,,,,,,,,,,,,,80.3,81.3,,,33.54298309,,-0.7,-0.7,,,,,,-0.52535059,,246,336.2,242,332.9,23.7,34.3,25.5,35.5,,,4380.55,
underway_1200.29858128,29858128,200809020,2008-12-07T02:40:00,20081207024000,MULTIPOINT ((-61.0552 107.4815)),107.4815,-61.0552,269.7,,265.71533203,,14,,,,,,,990.82,,,27.61081938,,,,1.0906,,,,,,,,,,,,,,,,,84.2,81.6,,,33.71268444,,-0.9,-0.7,,,,,,-0.54863526,,252,352.7,239,343.9,26.1,39.7,27.4,40.1,,,4381.33,
underway_1200.29858248,29858248,200809020,2008-12-07T03:00:00,20081207030000,MULTIPOINT ((-61.0562 107.3213)),107.3213,-61.0562,268.8,,266.20422363,,14.1,,,,,,,991.51,,,27.63919285,,,8.189,1.2136,4.302,,,,,,,,,,,,,,,,82.9,83.5,,,33.71517806,,-0.9,-0.9,,,,,,-0.5166211,,255,354,241,345.8,21.8,35.6,22.6,35.7,,,4382.15,
underway_1200.29858368,29858368,200809020,2008-12-07T03:20:00,20081207032000,MULTIPOINT ((-61.0555 107.1592)),107.1592,-61.0555,271.2,,267.34130859,,14.1,,,,,,,991.72,,,27.58026658,,,8.198,0.7052,0,,,,,,,,,,,,,,,,82.9,83.3,,,33.74843792,,-0.9,-0.9,,,,,,-0.61757037,,256,354.3,243,345.5,24.2,38,25.2,38.2,,,4383.35,
underway_1200.29858488,29858488,200809020,2008-12-07T03:40:00,20081207034000,MULTIPOINT ((-61.0527 106.9979)),106.9979,-61.0527,272.4,,267.6159668,,14.2,,,,,,,992.02,,,27.42202647,,,8.206,0.9348,,,,,,,,,,,,,,,,,76.6,78.5,,,33.64983094,,-1,-1,,,,,,-0.7206306,,248,349.2,238,342.5,24.3,37.7,25.8,38.3,,,4376.35,
underway_1200.29858608,29858608,200809020,2008-12-07T04:00:00,20081207040000,MULTIPOINT ((-61.0498 106.8356)),106.8356,-61.0498,276.2,,270.81298828,,14.3,,,,,,,991.93,,,27.25724442,,,8.17,0.7544,4.3,,,,,,,,,,,,,,,,80.2,81.2,,,33.56359613,,-1,-1.1,,,,,,-0.84335988,,251,350.3,239,342,25.1,38.5,26.6,39,,,4362.25,
underway_1200.29858728,29858728,200809020,2008-12-07T04:20:00,20081207042000,MULTIPOINT ((-61.0471 106.673)),106.673,-61.0471,259,,254.48181152,,14,,,,,,,992.51,,,27.39472905,,,8.165,0.3936,4.301,,,,,,,,,,,,,,,,77.1,78.8,,,33.44461109,,-1,-1,,,,,,-0.56901653,,245,355.5,231,346,24.8,38.4,25.9,38.7,,,4340.74,
underway_1200.29858848,29858848,200809020,2008-12-07T04:40:00,20081207044000,MULTIPOINT ((-61.0577 106.5137)),106.5137,-61.0577,268.6,,265.89111328,,14,,,,,,,992.78,,,27.67847041,,,,0.41,4.303,,,,,,,,,,,,,,,,81,81.4,,,33.6075456,,-1,-1,,,,,,-0.3722778,,258,356.2,244,346.9,22.8,36.6,23.6,36.7,,,4353.02,
underway_1200.29858968,29858968,200809020,2008-12-07T05:00:00,20081207050000,MULTIPOINT ((-61.0581 106.3515)),106.3515,-61.0581,269.8,,265.96801758,,14.2,,,,,,,992.79,,,27.7395878,,,8.185,0.3362,,,,,,,,,,,,,,,,,80.4,81.2,,,33.66787623,,-0.9,-1,,,,,,-0.35292841,,250,351.1,238,342.9,24.3,38.1,25.7,38.6,,,4379.87,
underway_1200.29859088,29859088,200809020,2008-12-07T05:20:00,20081207052000,MULTIPOINT ((-61.0616 106.1883)),106.1883,-61.0616,269.2,,266.61071777,,14.4,,,,,,,993.33,,,27.70684777,,,8.211,0.2706,,,,,,,,,,,,,,,,,85.4,85,,,33.65410806,,-1,-1,,,,,,-0.38001925,,251,352.6,237,344.7,17.3,31.2,18.6,31.6,,,4400.22,
underway_1200.29859208,29859208,200809020,2008-12-07T05:40:00,20081207054000,MULTIPOINT ((-61.0526 106.0267)),106.0267,-61.0526,278.3,,275.22399902,,14.3,,,,,,,993.13,,,27.69921006,,,8.222,0.2706,4.305,,,,,,,,,,,,,,,,87.8,87.3,,,33.670731,,-0.9,-0.9,,,,,,-0.4042175,,233,335.3,230,332.4,22.7,34.2,24.5,35.5,,,4400.84,
underway_1200.29859328,29859328,200809020,2008-12-07T06:00:00,20081207055959,MULTIPOINT ((-61.0572 105.865)),105.865,-61.0572,270.1,,267.34130859,,14.2,,,,,,,993.99,,,27.71230614,,,8.179,0.2706,4.303,,,,,,,,,,,,,,,,91.5,90.3,,,33.67752743,,-0.9,-0.9,,,,,,-0.39453707,,260,357.8,244,349.1,16.4,30.6,17.2,30.7,,,4414.46,
underway_1200.29859448,29859448,200809020,2008-12-07T06:20:00,20081207061959,MULTIPOINT ((-61.0563 105.7022)),105.7022,-61.0563,268.9,,265.14404297,,14.2,,,,,,,993.83,,,27.71340095,,,8.2,0.3362,4.292,,,,,,,,,,,,,,,,88.3,88.5,,,33.72095977,,-0.7,-0.7,,,,,,-0.4322993,,254,354.7,241,346.1,22,35.9,23.1,36.2,,,4412.55,
underway_1200.29859568,29859568,200809020,2008-12-07T06:40:00,20081207064000,MULTIPOINT ((-61.0769 105.5479)),105.5479,-61.0769,266.5,,265.44067383,,14,,,,,,,994.23,,,27.70794441,,,8.209,0.3116,4.31,,,,,,,,,,,,,,,,93.3,92.6,,,33.7201063,,-0.8,-0.8,,,,,,-0.43811091,,260,357.4,247,349.3,22,35.9,22.6,36.1,,,4417.97,
underway_1200.29859688,29859688,200809020,2008-12-07T07:00:00,20081207070000,MULTIPOINT ((-61.0793 105.3857)),105.3857,-61.0793,270.4,,268.5168457,,14.2,,,,,,,994.27,,,27.71121821,,,8.209,0.2706,,,,,,,,,,,,,,,,,93.5,93,,,33.71910982,,-0.7,-0.7,,,,,,-0.43326786,,254,352.1,241,344.2,20.8,34.7,21.8,34.9,,,4419.07,
underway_1200.29859808,29859808,200809020,2008-12-07T07:20:00,20081207072000,MULTIPOINT ((-61.0775 105.2232)),105.2232,-61.0775,272.2,,269.42871094,,14.1,,,,,,,994.56,,,27.73849996,,,8.185,0.3936,,,,,,,,,,,,,,,,,96,95.3,,,33.71046334,,-0.8,-0.8,,,,,,-0.39260116,,255,352.6,244,345.6,21.7,35.4,22.5,35.6,,,4420.37,
underway_1200.29859928,29859928,200809020,2008-12-07T07:40:00,20081207074000,MULTIPOINT ((-61.074 105.0625)),105.0625,-61.074,268.7,,267.03918457,,14.2,,,,,,,995.03,,,27.72431179,,,8.169,0.4838,,,,,,,,,,,,,,,,,93.7,93.5,,,33.69468392,,-0.6,-0.6,,,,,,-0.39550504,,254,352.9,242,345,22.5,36.3,23.6,36.7,,,4423.63,
underway_1200.29860048,29860048,200809020,2008-12-07T08:00:00,20081207080000,MULTIPOINT ((-61.075 104.9001)),104.9001,-61.075,264.9,,260.89233398,,14.3,,,,,,,995.32,,,27.83781265,,,8.16,0.369,4.297,,,,,,,,,,,,,,,,93.2,93.3,,,33.75413934,,-0.5,-0.5,,,,,,-0.31231433,,259,358.1,244,349.4,21,35.2,21.6,35.3,,,4424.21,
underway_1200.29860168,29860168,200809020,2008-12-07T08:20:00,20081207082000,MULTIPOINT ((-61.0761 104.7381)),104.7381,-61.0761,268.8,,265.97900391,,14,,,,,,,995.54,,,27.78215512,,,8.186,0.6888,,,,,,,,,,,,,,,,,94.2,94,,,33.74741138,,-0.5,-0.5,,,,,,-0.37324543,,257,355.4,244,347.3,21,34.8,21.8,35,,,4432.59,
underway_1200.29860288,29860288,200809020,2008-12-07T08:40:00,20081207084000,MULTIPOINT ((-61.078 104.5775)),104.5775,-61.078,263.4,,260.35400391,,14,,,,,,,995.63,,,27.73086352,,,8.155,0.5658,4.304,,,,,,,,,,,,,,,,93.7,93.7,,,33.74330207,,-0.5,-0.5,,,,,,-0.43133075,,258,359.6,243,350.9,19.8,33.8,20.2,33.7,,,4429.82,
underway_1200.29860408,29860408,200809020,2008-12-07T09:00:00,20081207090000,MULTIPOINT ((-61.0851 104.418)),104.418,-61.0851,266.8,,263.82019043,,14,,,,,,,995.98,,,27.77888451,,,8.149,0.82,4.299,,,,,,,,,,,,,,,,92.6,93,,,33.7882843,,-0.5,-0.5,,,,,,-0.41389944,,266,2.8,250,353.4,20.3,34.3,20.4,34.1,,,4443.65,
underway_1200.29860528,29860528,200809020,2008-12-07T09:20:00,20081207092000,MULTIPOINT ((-61.089 104.2593)),104.2593,-61.089,268.6,,265.6439209,,13.9,,,,,,,996.29,,,27.66975467,,,8.141,1.0414,4.298,,,,,,,,,,,,,,,,89.3,90.7,,,33.7876634,,-0.3,-0.3,,,,,,-0.54475388,,257,355.9,243,347.3,20.1,33.8,21,34,,,4439.11,
underway_1200.29860648,29860648,200809020,2008-12-07T09:40:00,20081207094000,MULTIPOINT ((-61.0885 104.0991)),104.0991,-61.0885,269,,266.80847168,,13.9,,,,,,,996.63,,,27.67629604,,,8.165,0.697,4.3,,,,,,,,,,,,,,,,91.3,91.7,,,33.70889867,,-0.3,-0.3,,,,,,-0.46620807,,271,3.2,256,354.8,20.1,34,20.2,33.9,,,4442.26,
underway_1200.29860768,29860768,200809020,2008-12-07T10:00:00,20081207100000,MULTIPOINT ((-61.0887 103.9389)),103.9389,-61.0887,269.6,,267.18200684,,14,,,,,,,996.77,,,27.75378097,,,8.158,0.7872,4.298,,,,,,,,,,,,,,,,93.8,93.4,,,33.74493116,,-0.5,-0.5,,,,,,-0.40518562,,270,2.6,254,353.8,17.4,31.4,17.7,31.4,,,4447,
underway_1200.29860888,29860888,200809020,2008-12-07T10:20:00,20081207102000,MULTIPOINT ((-61.0892 103.7782)),103.7782,-61.0892,269.5,,268.27514648,,13.8,,,,,,,996.83,,,27.74832195,,,8.112,0.6396,4.298,,,,,,,,,,,,,,,,95.1,94.6,,,33.71393891,,-0.4,-0.4,,,,,,-0.38389033,,277,5.7,262,356.9,20,33.7,19.7,33.4,,,4448.91,
underway_1200.29861008,29861008,200809020,2008-12-07T10:40:00,20081207104000,MULTIPOINT ((-61.0895 103.6179)),103.6179,-61.0895,269.4,,267.13806152,,14,,,,,,,996.96,,,27.73304714,,,8.174,0.8118,4.296,,,,,,,,,,,,,,,,95.4,95.1,,,33.75593722,,-0.4,-0.4,,,,,,-0.44004824,,279,8.1,264,359.4,19.9,33.8,19.5,33.5,,,4461.19,
underway_1200.29861128,29861128,200809020,2008-12-07T11:00:00,20081207110000,MULTIPOINT ((-61.0897 103.4562)),103.4562,-61.0897,269.9,,268.3190918,,14,,,,,,,996.71,,,27.68830258,,,8.134,1.107,,,,,,,,,,,,,,,,,96.9,96.5,,,33.73796661,,-0.4,-0.4,,,,,,-0.47783821,,282,9.2,272,3,21.6,35.5,20.9,35,,,4465.11,
underway_1200.29861248,29861248,200809020,2008-12-07T11:20:00,20081207112000,MULTIPOINT ((-61.09 103.2925)),103.2925,-61.09,270.3,,268.36303711,,14.3,,,,,,,996.8,,,27.658836,,,8.166,1.2874,4.299,,,,,,,,,,,,,,,,97.3,97,,,33.71565944,,-0.4,-0.4,,,,,,-0.49334845,,285,10.4,273,3.3,19.7,33.7,19.1,33.4,,,4469.06,
underway_1200.29861368,29861368,200809020,2008-12-07T11:40:00,20081207114000,MULTIPOINT ((-61.0897 103.128)),103.128,-61.0897,269.4,,267.45117188,,14.2,,,,,,,997.23,,,27.72103999,,,8.131,1.4514,,,,,,,,,,,,,,,,,97.3,96.9,,,33.72043094,,-0.4,-0.4,,,,,,-0.42261448,,288,12.9,277,6.5,19.8,33.7,19,33.2,,,4475.05,
underway_1200.29861488,29861488,200809020,2008-12-07T12:00:00,20081207120000,MULTIPOINT ((-61.091 102.9633)),102.9633,-61.091,266.9,,265.96801758,,14.5,,,,,,,997.13,,,27.87491769,,,8.121,1.2792,4.3,,,,,,,,,,,,,,,,96.3,96.2,,,33.75540508,,-0.3,-0.3,,,,,,-0.26882871,,286,11.6,271,3.2,19.1,33.1,18.2,32.6,,,4478.98,
underway_1200.29861608,29861608,200809020,2008-12-07T12:20:00,20081207122000,MULTIPOINT ((-61.0937 102.7978)),102.7978,-61.0937,268.2,,266.18225098,,14.5,,,,,,,997.1,,,27.87055489,,,8.177,1.9434,4.292,,,,,,,,,,,,,,,,96.3,96.1,,,33.78608229,,-0.4,-0.4,,,,,,-0.3016817,,285,12.3,273,4.9,23.4,37.5,22.4,36.9,,,4480.36,
underway_1200.29861728,29861728,200809020,2008-12-07T12:40:00,20081207124000,MULTIPOINT ((-61.0968 102.6325)),102.6325,-61.0968,267.1,,265.34179688,,14.4,,,,,,,997.44,,,27.96222947,,,8.168,1.2546,4.303,,,,,,,,,,,,,,,,96.7,96.5,,,33.8182653,,-0.3,-0.3,,,,,,-0.22054705,,282,10.7,270,3.5,21.5,35.6,20.4,34.8,,,4485.1,
underway_1200.29861848,29861848,200809020,2008-12-07T13:00:00,20081207130000,MULTIPOINT ((-61.1001 102.4672)),102.4672,-61.1001,267.2,,266.11083984,,14.2,,,,,,,997.22,,,28.03207859,,,8.138,1.0824,4.298,,,,,,,,,,,,,,,,96.9,96.6,,,33.8534325,,-0.4,-0.4,,,,,,-0.16844499,,286,11.6,273,4.2,18,31.9,17,31.3,,,4485.58,
underway_1200.29861968,29861968,200809020,2008-12-07T13:20:00,20081207132000,MULTIPOINT ((-61.1028 102.3024)),102.3024,-61.1028,267.6,,266.73706055,,14.3,,,,,,,997.12,,,28.01024461,,,8.128,0.9348,,,,,,,,,,,,,,,,,97,96.6,,,33.76875084,,-0.4,-0.4,,,,,,-0.1183139,,288,12,275,4.6,18.4,32.2,17.4,31.6,,,4487.94,
underway_1200.29862088,29862088,200809020,2008-12-07T13:40:00,20081207134000,MULTIPOINT ((-61.1072 102.1377)),102.1377,-61.1072,266.4,,266.11083984,,14.4,,,,,,,997.15,,,27.91421489,,,8.113,4.1328,4.297,,,,,,,,,,,,,,,,97.7,97,,,33.87029636,,-0.5,-0.4,,,,,,-0.32488251,,288,12.6,276,5.5,19.2,33,18.2,32.5,,,4487.52,
underway_1200.29862208,29862208,200809020,2008-12-07T14:00:00,20081207140000,MULTIPOINT ((-61.1113 101.9733)),101.9733,-61.1113,267.1,,265.08911133,,14.2,,,,,,,997.17,,,27.91530555,,,8.115,3.813,4.297,,,,,,,,,,,,,,,,98.3,97.4,,,33.86205324,,-0.5,-0.5,,,,,,-0.31618119,,289,14.7,278,8.1,18,31.6,16.7,30.8,,,4496.9,
underway_1200.29862328,29862328,200809020,2008-12-07T14:20:00,20081207142000,MULTIPOINT ((-61.1115 101.8114)),101.8114,-61.1115,263.3,,261.18896484,,14.3,,,,,,,997.13,,,27.88802055,,,8.127,3.3948,4.296,,,,,,,,,,,,,,,,98.4,97.6,,,33.84064366,,-0.5,-0.5,,,,,,-0.32971711,,292,16.2,283,11,16.1,29.4,15,28.8,,,4501.07,
underway_1200.29862448,29862448,200809020,2008-12-07T14:40:00,20081207144000,MULTIPOINT ((-61.0865 101.6816)),101.6816,-61.0865,260.2,,251.04858398,,4.8,,,,,,,997.24,,,27.91858781,,,8.152,3.4112,4.293,,,,,,,,,,,,,,,,98.6,98,,,33.9637315,,-0.5,-0.5,,,,,,-0.40324939,,290,30.7,287,27.7,13.4,18,12.3,17,,,4300.45,
underway_1200.29862568,29862568,200809020,2008-12-07T15:00:00,20081207150000,MULTIPOINT ((-61.0655 101.6191)),101.6191,-61.0655,291.1,,287.87475586,,11.5,,,,,,,997.03,,,27.48640594,,,8.146,3.7146,4.299,,,,,,,,,,,,,,,,98.8,98.1,,,33.59813904,,-0.5,-0.5,,,,,,-0.59620199,,290,2.7,279,356.1,18.2,29.7,17.5,28.9,,,4498.63,
underway_1200.29862688,29862688,200809020,2008-12-07T15:20:00,20081207152000,MULTIPOINT ((-61.064 101.4788)),101.4788,-61.064,274.1,,271.25244141,,14,,,,,,,996.67,,,27.89892863,,,8.127,3.0668,,,,,,,,,,,,,,,,,98.9,98.3,,,33.77672938,,-0.5,-0.4,,,,,,-0.25916937,,297,15.4,287,9,16.9,30.3,13.3,27.1,,,4493.07,
underway_1200.29862808,29862808,200809020,2008-12-07T15:40:00,20081207154000,MULTIPOINT ((-61.0585 101.3161)),101.3161,-61.0585,273.1,,270.9942627,,14.2,,,,,,,996.59,,,27.83017766,,,8.102,3.321,4.296,,,,,,,,,,,,,,,,99,98.4,,,33.80633069,,-0.5,-0.5,,,,,,-0.36840744,,302,16.9,293,11.3,15.2,28.6,12.6,26.5,,,4483.54,
underway_1200.29862928,29862928,200809020,2008-12-07T16:00:00,20081207160000,MULTIPOINT ((-61.0566 101.1527)),101.1527,-61.0566,266.7,,265.0012207,,14.4,,,,,,,996.5,,,27.87273603,,,8.089,3.1242,4.294,,,,,,,,,,,,,,,,99,98.4,,,33.7675142,,-0.5,-0.5,,,,,,-0.2823543,,303,19.7,293,14.3,14.4,27.4,13.1,26.8,,,4509.04,
underway_1200.29863048,29863048,200809020,2008-12-07T16:20:00,20081207162000,MULTIPOINT ((-61.0576 100.9891)),100.9891,-61.0576,270.3,,268.60473633,,14,,,,,,,996.37,,,27.82690362,,,,3.1816,4.299,,,,,,,,,,,,,,,,99.2,98.5,,,33.80517981,,-0.5,-0.5,,,,,,-0.37131019,,303,18.4,295,12.9,14.3,27.1,11.9,25.3,,,4508.99,
underway_1200.29863168,29863168,200809020,2008-12-07T16:40:00,20081207164000,MULTIPOINT ((-61.0562 100.8469)),100.8469,-61.0562,271.4,,270.90087891,,12.2,,,,,,,996.43,,,27.87164677,,,8.04,3.0996,4.297,,,,,,,,,,,,,,,,99.1,98.4,,,33.79291638,,-0.5,-0.5,,,,,,-0.30651448,,307,19,296,13.4,13.4,24.5,13,24.7,,,4506.23,
underway_1200.29863288,29863288,200809020,2008-12-07T17:00:00,20081207170000,MULTIPOINT ((-61.0549 100.7064)),100.7064,-61.0549,266.7,,265.39672852,,12.2,,,,,,,996.28,,,27.88801985,,,7.99,3.3374,,,,,,,,,,,,,,,,,99.2,98.6,,,33.83202485,,-0.6,-0.5,,,,,,-0.32198194,,302,20.2,294,15.3,14.1,25.2,12.6,24.2,,,4509.28,
underway_1200.29863408,29863408,200809020,2008-12-07T17:20:00,20081207172000,MULTIPOINT ((-61.0592 100.5663)),100.5663,-61.0592,266.3,,265.87463379,,12.3,,,,,,,996.01,,,27.91748688,,,7.959,3.4604,4.296,,,,,,,,,,,,,,,,99.3,98.7,,,33.84558142,,-0.5,-0.5,,,,,,-0.2987822,,308,23.6,302,19.6,13.5,24,12.8,23.8,,,4500.81,
underway_1200.29863528,29863528,200809020,2008-12-07T17:40:00,20081207174000,MULTIPOINT ((-61.0601 100.4272)),100.4272,-61.0601,269.6,,269.97802734,,11.2,,,,,,,996,,,27.88911287,,,7.913,3.5342,,,,,,,,,,,,,,,,,99.4,98.7,,,33.85288403,,-0.5,-0.5,,,,,,-0.33938743,,310,22.3,304,18.4,13.9,23.6,12.9,23,,,4480.18,
underway_1200.29863648,29863648,200809020,2008-12-07T18:00:00,20081207180000,MULTIPOINT ((-61.0635 100.2883)),100.2883,-61.0635,266.3,,266.66015625,,12.5,,,,,,,995.61,,,27.90657605,,,7.919,3.9196,4.294,,,,,,,,,,,,,,,,99.4,98.8,,,33.87625481,,-0.6,-0.5,,,,,,-0.33938743,,316,25.8,310,22.6,14.1,24.2,14.2,24.8,,,4483.21,
underway_1200.29863768,29863768,200809020,2008-12-07T18:20:00,20081207182000,MULTIPOINT ((-61.069 100.1461)),100.1461,-61.069,264,,264.2980957,,12.3,,,,,,,995.47,,,27.91202979,,,,3.6326,4.292,,,,,,,,,,,,,,,,99.5,98.8,,,33.84044019,,-0.6,-0.5,,,,,,-0.30071518,,318,29.5,316,27.5,15.2,24.7,13.8,23.5,,,4489.15,
underway_1200.29863888,29863888,200809020,2008-12-07T18:40:00,20081207184000,MULTIPOINT ((-61.0757 100.0034)),100.0034,-61.0757,269.6,,272.5213623,,12.4,,,,,,,995.24,,,27.88911445,,,7.773,3.5834,4.305,,,,,,,,,,,,,,,,99.4,98.8,,,33.87230602,,-0.6,-0.5,,,,,,-0.35679781,,320,23.2,316,19.6,15,24.8,12.8,23.1,,,4481.71,
underway_1200.29864008,29864008,200809020,2008-12-07T19:00:00,20081207190000,MULTIPOINT ((-61.069 99.862)),99.862,-61.069,275.5,,276.76208496,,12.4,,,,,,,994.8,,,27.90002621,,,7.388,3.567,4.301,,,,,,,,,,,,,,,,99.5,98.9,,,33.85347148,,-0.6,-0.6,,,,,,-0.32681631,,327,25.9,323,22.7,13.9,23.7,12.6,22.9,,,4478.04,
underway_1200.29864128,29864128,200809020,2008-12-07T19:20:00,20081207192000,MULTIPOINT ((-61.0607 99.7164)),99.7164,-61.0607,276.5,,275.99304199,,13.4,,,,,,,994.21,,,27.90985163,,,7.537,3.8786,,,,,,,,,,,,,,,,,99.5,99,,,33.89575355,,-0.6,-0.5,,,,,,-0.35292841,,344,28.7,331,25.6,10,19.5,11.7,22.3,,,4465.59,
underway_1200.29864248,29864248,200809020,2008-12-07T19:40:00,20081207194000,MULTIPOINT ((-61.0554 99.5573)),99.5573,-61.0554,270.6,,271.31286621,,14.3,,,,,,,993.69,,,27.95350403,,,7.385,3.977,4.293,,,,,,,,,,,,,,,,99.4,98.9,,,33.88295021,,-0.5,-0.5,,,,,,-0.28911821,,335,31.1,335,30.3,14.3,24.2,13.4,23.4,,,4455.77,
underway_1200.29864368,29864368,200809020,2008-12-07T20:00:00,20081207200000,MULTIPOINT ((-61.0544 99.3925)),99.3925,-61.0544,268.6,,268.18725586,,14.6,,,,,,,993.03,,,27.95241327,,,7.374,3.6244,4.296,,,,,,,,,,,,,,,,99.5,98.9,,,33.89011344,,-0.5,-0.5,,,,,,-0.29684928,,355,38.2,358,39.3,11.9,19.4,11.9,18.9,,,4448.23,
underway_1200.29864488,29864488,200809020,2008-12-07T20:20:00,20081207202000,MULTIPOINT ((-61.0561 99.2291)),99.2291,-61.0561,268,,268.61022949,,14.2,,,,,,,992.26,,,27.92512757,,,,3.485,4.293,,,,,,,,,,,,,,,,99.5,99,,,33.86225691,,-0.5,-0.4,,,,,,-0.30458132,,9,41.2,12,44.1,11,16.3,11.6,16.1,,,4435.75,
underway_1200.29864608,29864608,200809020,2008-12-07T20:40:00,20081207204000,MULTIPOINT ((-61.0578 99.0671)),99.0671,-61.0578,268.7,,269.66491699,,14,,,,,,,991.6,,,27.81599786,,,7.404,4.6904,,,,,,,,,,,,,,,,,99.4,98.9,,,33.89649788,,-0.5,-0.5,,,,,,-0.46620807,,342,41.1,4,43.4,17.9,25.7,12.5,17.9,,,4420.34,
underway_1200.29864728,29864728,200809020,2008-12-07T21:00:00,20081207210000,MULTIPOINT ((-61.0571 98.9063)),98.9063,-61.0571,273.1,,273.68041992,,14,,,,,,,991.11,,,27.84764548,,,7.375,5.0184,4.291,,,,,,,,,,,,,,,,99.4,99,,,33.88914985,,-0.5,-0.4,,,,,,-0.42164608,,346,38.2,349,39.4,15.9,24.1,15.6,23.5,,,4409.85,
underway_1200.29864848,29864848,200809020,2008-12-07T21:20:00,20081207212000,MULTIPOINT ((-61.0556 98.7445)),98.7445,-61.0556,268.7,,267.59399414,,14.1,,,,,,,990.53,,,27.71450372,,,7.387,4.4444,4.294,,,,,,,,,,,,,,,,99.4,98.9,,,33.86309971,,-0.4,-0.4,,,,,,-0.55833979,,339,43.3,357,46.1,20,28.1,14.4,20.4,,,4398.67,
underway_1200.29864968,29864968,200809020,2008-12-07T21:40:00,20081207214000,MULTIPOINT ((-61.043 98.5988)),98.5988,-61.043,282.1,,286.29821777,,10.1,,,,,,,990.1,,,27.59446198,,,7.358,4.8626,4.29,,,,,,,,,,,,,,,,99.4,98.9,,,33.8590268,,-0.4,-0.4,,,,,,-0.69922662,,343,32.2,341,28.7,16.8,23.7,14.4,21.6,,,4390.72,
underway_1200.29865088,29865088,200809020,2008-12-07T22:00:00,20081207220000,MULTIPOINT ((-61.0084 98.5421)),98.5421,-61.0084,329.4,,324.51416016,,8.3,,,,,,,989.71,,,27.56826871,,,7.359,3.9114,4.294,,,,,,,,,,,,,,,,99.6,99,,,33.82470102,,-0.3,-0.3,,,,,,-0.70019937,,334,7.7,323,359.8,20.2,28.8,16.9,25.5,,,4393,
underway_1200.29865208,29865208,200809020,2008-12-07T22:20:00,20081207222000,MULTIPOINT ((-60.9944 98.4021)),98.4021,-60.9944,272.7,,269.95605469,,12.2,,,,,,,988.61,,,27.55953657,,,7.342,2.6158,4.29,,,,,,,,,,,,,,,,99.6,99.1,,,33.79981789,,-0.3,-0.3,,,,,,-0.68852741,,328,37.3,335,40.9,20.7,29.4,19.5,27.4,,,4388.32,
underway_1200.29865328,29865328,200809020,2008-12-07T22:40:00,20081207224000,MULTIPOINT ((-61.0007 98.2786)),98.2786,-61.0007,269.4,,273.96057129,,6.4,,,,,,,988.38,,,27.55626198,,,7.376,3.3538,4.291,,,,,,,,,,,,,,,,99.5,99,,,33.78994738,,-0.2,-0.2,,,,,,-0.68366474,,334,44.8,344,51.2,21,24.5,17.9,20.6,,,4388.38,
underway_1200.29865448,29865448,200809020,2008-12-07T23:00:00,20081207230000,MULTIPOINT ((-60.9953 98.1978)),98.1978,-60.9953,262.3,,260.7989502,,13.8,,,,,,,987.47,,,27.41875508,,,7.468,2.8044,,,,,,,,,,,,,,,,,99.6,99.1,,,33.67909306,,-0.2,-0.2,,,,,,-0.75080332,,329,45.3,335,48.7,24.4,32.3,23.5,30.5,,,4381.93,
underway_1200.29865568,29865568,200809020,2008-12-07T23:20:00,20081207232000,MULTIPOINT ((-61.0047 98.0439)),98.0439,-61.0047,261.6,,261.88110352,,13.4,,,,,,,986.77,,,27.76033484,,,7.886,2.4272,4.294,,,,,,,,,,,,,,,,99.6,99,,,33.8195705,,0,0,,,,,,-0.46426993,,326,43,332,46,25,33,23.7,30.9,,,4380.69,
underway_1200.29865688,29865688,200809020,2008-12-07T23:40:00,20081207234000,MULTIPOINT ((-61.015 97.8906)),97.8906,-61.015,262.9,,262.44140625,,13.5,,,,,,,986.07,,,27.79089678,,,7.461,2.296,4.296,,,,,,,,,,,,,,,,99.7,99,,,33.88554325,,0,0,,,,,,-0.48656224,,325,41,330,43.3,24.2,32.7,22.5,30.4,,,4374.44,
underway_1200.29865808,29865808,200809020,2008-12-08T00:00:00,20081208000000,MULTIPOINT ((-61.025 97.7375)),97.7375,-61.025,262.2,,262.68310547,,13.3,0.03,-1.43,0.63,-0.15,,,985.46,,,27.78215792,,,,2.2304,0,,,,,,,,,,,,,,,,99.8,98.9,,,33.7818863,,0,0,,,,,,-0.4042175,,324,42,328,43.6,26.5,34.8,24.6,32.5,,,4367.86,
underway_1200.29865928,29865928,200809020,2008-12-08T00:20:00,20081208002000,MULTIPOINT ((-61.0332 97.5841)),97.5841,-61.0332,269.9,,269.68688965,,13.5,0.38,-0.82,0.53,-0.62,,,984.62,,,27.8465403,,,7.704,2.0254,4.297,,,,,,,,,,,,,,,,100,98.9,,,33.71859512,,0,0.1,,,,,,-0.26979472,,322,35.1,323,34.9,26.1,36,24.1,34,,,4366.85,
underway_1200.29866048,29866048,200809020,2008-12-08T00:40:00,20081208004000,MULTIPOINT ((-61.0266 97.429)),97.429,-61.0266,272.1,,271.10412598,,13.6,0.7,-0.83,1.2,-0.44,,,984.48,,,27.95241257,,,7.473,1.6236,,,,,,,,,,,,,,,,,99.9,98.8,,,33.88149153,,0,0,,,,,,-0.28911821,,315,29.8,313,28.2,24.6,35.8,22.8,34.2,,,4374.26,
underway_1200.29866168,29866168,200809020,2008-12-08T01:00:00,20081208010000,MULTIPOINT ((-61.0247 97.2736)),97.2736,-61.0247,271.1,,270.51635742,,13.7,0.69,-1.07,0.96,-0.21,,,983.98,,,27.89238572,,,7.548,1.2956,4.293,,,,,,,,,,,,,,,,99.8,98.8,,,33.83894123,,-0.1,0,,,,,,-0.32294878,,312,27,309,24.6,24.2,35.7,22.5,34.3,,,4371.06,
underway_1200.29866288,29866288,200809020,2008-12-08T01:20:00,20081208012000,MULTIPOINT ((-61.0224 97.1171)),97.1171,-61.0224,276.7,,275.16357422,,13.8,0.38,-0.88,1.06,-0.09,,,983.49,,,27.68066778,,,7.584,1.189,,,,,,,,,,,,,,,,,99.6,98.8,,,33.79042976,,-0.3,-0.2,,,,,,-0.53408132,,311,23.6,306,20.1,25.5,37.6,23.9,36.4,,,4382.21,
underway_1200.29866408,29866408,200809020,2008-12-08T01:40:00,20081208014000,MULTIPOINT ((-61.0182 96.9611)),96.9611,-61.0182,277.9,,277.14111328,,13.7,1.2,-0.97,1.32,-0.32,,,983.36,,,27.63483021,,,7.724,1.2628,4.29,,,,,,,,,,,,,,,,99.4,98.5,,,33.74607731,,-0.4,-0.3,,,,,,-0.54960565,,308,19.8,301,15.2,23.5,36.1,22,35.1,,,4389.89,
underway_1200.29866528,29866528,200809020,2008-12-08T02:00:00,20081208020000,MULTIPOINT ((-61.0096 96.8063)),96.8063,-61.0096,273.1,,272.72460938,,13.7,1.25,-1.28,0.98,0.44,,,983.17,,,27.59991572,,,,0.984,,,,,,,,,,,,,,,,,99.4,98.4,,,33.82605098,,-0.5,-0.5,,,,,,-0.66324571,,300,18.2,294,14,25.7,38.3,24.7,37.7,,,4396.25,
underway_1200.29866648,29866648,200809020,2008-12-08T02:20:00,20081208022000,MULTIPOINT ((-61.0065 96.6507)),96.6507,-61.0065,271.3,,270.55480957,,13.6,0.53,-1.04,1.33,-0.42,,,982.92,,,27.63265596,,,7.563,0.861,4.299,,,,,,,,,,,,,,,,99.4,98.3,,,33.84956481,,-0.8,-0.7,,,,,,-0.64477715,,291,13.6,280,6.3,23.6,36.7,23,36.5,,,4389.45,
underway_1200.29866768,29866768,200809020,2008-12-08T02:40:00,20081208024000,MULTIPOINT ((-61.0042 96.4954)),96.4954,-61.0042,271.8,,270.4284668,,13.7,0.46,-1.09,2.22,-0.69,,,983.13,,,27.64466233,,,8.035,0.8036,4.295,,,,,,,,,,,,,,,,99.5,98.4,,,33.87776687,,-0.9,-0.9,,,,,,-0.65546881,,288,12.2,277,5.1,22.7,36,22.7,36.4,,,,
underway_1200.29866888,29866888,200809020,2008-12-08T03:00:00,20081208030000,MULTIPOINT ((-61.002 96.3403)),96.3403,-61.002,271.8,,271.45019531,,13.6,0.65,-1.38,1.8,-0.61,,,983.23,,,27.74506368,,,7.861,0.9676,,,,,,,,,,,,,,,,,99.3,98.1,,,33.90752335,,-1.1,-1.1,,,,,,-0.56125145,,279,5.3,266,357.4,21.5,35.1,22,35.6,,,,
underway_1200.29867008,29867008,200809020,2008-12-08T03:20:00,20081208032000,MULTIPOINT ((-60.9998 96.1847)),96.1847,-60.9998,271.2,,269.90661621,,13.4,0.29,-0.65,0.87,0,,,983.8,,,27.75924875,,,7.728,0.9594,4.295,,,,,,,,,,,,,,,,98.9,97.1,,,33.88422576,,-1.1,-1,,,,,,-0.5234106,,273,2.3,261,354.5,24.5,38,25.2,38.6,,,,
underway_1200.29867109,29867109,200809020,2008-12-08T03:40:00,20081208034000,MULTIPOINT ((-60.9974 96.0283)),96.0283,-60.9974,272.8,,270.10986328,,13.7,0.48,-1.04,1.87,0.35,,,984.45,,,27.75488656,,,7.66,1.1398,4.299,,,,,,,,,,,,,,,,97.9,95.3,,,33.92184453,,-1.2,-1,,,,,,-0.56222203,,271,1.8,258,353.3,22.5,36.3,23.3,36.8,,,,
underway_1200.29867209,29867209,200809020,2008-12-08T04:00:00,20081208040000,MULTIPOINT ((-60.9917 95.8732)),95.8732,-60.9917,274.7,,271.98852539,,13.6,0.73,-1.16,1.88,1.09,,,984.9,,,27.66212443,,,7.416,1.189,4.294,,,,,,,,,,,,,,,,96.4,93.6,,,33.89698724,,-1.1,-0.9,,,,,,-0.65158072,,263,356.1,254,349.4,26.2,39.7,27.3,40.4,,,,
underway_1200.29867329,29867329,200809020,2008-12-08T04:20:00,20081208042000,MULTIPOINT ((-60.9867 95.7179)),95.7179,-60.9867,273.3,,269.56604004,,13.7,0.29,-0.54,2.45,0.79,,,985.11,,,27.48314825,,,7.383,1.2054,4.293,,,,,,,,,,,,,,,,95.4,92.4,,,33.79899783,,-1,-0.9,,,,,,-0.78001674,,266,359.4,254,351.1,24.8,38.5,25.7,39,,,,
underway_1200.29867449,29867449,200809020,2008-12-08T04:40:00,20081208044000,MULTIPOINT ((-60.9823 95.5615)),95.5615,-60.9823,267.3,,265.00671387,,13.7,0.55,-0.45,1.37,0.2,,,985.53,,,27.5562558,,,7.357,0.6888,4.297,,,,,,,,,,,,,,,,95,91.6,,,33.7128111,,-0.8,-0.8,,,,,,-0.61465606,,271,4.9,258,356.3,25,38.7,25.2,38.8,,,,
underway_1200.29867569,29867569,200809020,2008-12-08T05:00:00,20081208050000,MULTIPOINT ((-60.9841 95.4052)),95.4052,-60.9841,269.6,,266.41845703,,13.6,0.49,-0.46,1.49,0.19,,,985.92,,,27.53770481,,,7.404,0.6478,,,,,,,,,,,,,,,,,94.3,91,,,33.71923939,,-0.8,-0.8,,,,,,-0.64283342,,268,3.1,258,356.4,23.5,37.1,24,37.4,,,,
underway_1200.29867689,29867689,200809020,2008-12-08T05:20:00,20081208052000,MULTIPOINT ((-61.0003 95.2544)),95.2544,-61.0003,258.8,,255.36071777,,13.6,0.31,-0.57,1.13,-0.54,,,985.9,,,27.57699241,,,7.365,0.6232,4.297,,,,,,,,,,,,,,,,94,90.6,,,33.74402293,,-0.7,-0.7,,,,,,-0.61757037,,272,11.9,260,4,25.1,38.5,24.5,38.1,,,,
underway_1200.29867809,29867809,200809020,2008-12-08T05:40:00,20081208054000,MULTIPOINT ((-61.0201 95.1066)),95.1066,-61.0201,240.8,,239.68322754,,13.4,0.64,-0.87,1.71,-2.48,,,985.98,,,27.67410461,,,,0.4674,4.289,,,,,,,,,,,,,,,,95.4,92.7,,,33.59956061,,-0.8,-0.7,,,,,,-0.37034259,,273,22,267,17.8,25.5,37.5,23.6,36.1,,,,
underway_1200.29867929,29867929,200809020,2008-12-08T06:00:00,20081208060000,MULTIPOINT ((-61.0406 94.9572)),94.9572,-61.0406,255.2,,252.64709473,,13.7,1.04,-0.7,0.99,-0.54,,,986.63,,,27.83562916,,,8.201,0.5084,4.289,,,,,,,,,,,,,,,,95.9,93,,,33.74370429,,-0.8,-0.7,,,,,,-0.3055479,,272,13.4,261,6,25.4,38.7,24.5,38.2,,,4265.47,
underway_1200.29868049,29868049,200809020,2008-12-08T06:20:00,20081208062000,MULTIPOINT ((-61.0614 94.8068)),94.8068,-61.0614,249.2,,247.28027344,,13.7,,,,,,,986.71,,,27.86837332,,,7.955,0.4838,4.293,,,,,,,,,,,,,,,,94.2,91.7,,,33.79929448,,-0.6,-0.6,,,,,,-0.31618119,,271,16,260,8.9,27.4,40.5,26.3,39.9,,,4239.07,
underway_1200.29868169,29868169,200809020,2008-12-08T06:40:00,20081208064000,MULTIPOINT ((-61.0833 94.6572)),94.6572,-61.0833,254.5,,253.02062988,,13.5,0.33,-0.43,1.69,-1.39,,,987.3,,,27.89020248,,,7.486,0.5494,4.286,,,,,,,,,,,,,,,,93.1,91.2,,,33.83171319,,-0.7,-0.6,,,,,,-0.3190815,,266,9.4,254,1.6,25.5,38.9,25.1,38.7,,,4253.79,
underway_1200.29868289,29868289,200809020,2008-12-08T07:00:00,20081208070000,MULTIPOINT ((-61.1088 94.5103)),94.5103,-61.1088,248.2,,245.76965332,,13.7,0.85,-0.7,1.35,-0.72,,,987.7,,,27.87055436,,,7.549,0.5002,,,,,,,,,,,,,,,,,89.4,88.5,,,33.77963433,,-0.7,-0.6,,,,,,-0.29588285,,266,12.7,251,4,20.3,33.6,19.6,33.3,,,,
underway_1200.29868409,29868409,200809020,2008-12-08T07:20:00,20081208072000,MULTIPOINT ((-61.1371 94.3648)),94.3648,-61.1371,247.3,,246.00585938,,13.6,0.83,-0.87,1.1,-0.95,,,987.9,,,27.79961369,,,7.546,0.451,,,,,,,,,,,,,,,,,86.1,85.7,,,33.7181065,,-0.7,-0.6,,,,,,-0.3258494,,273,17.6,263,11.1,24.4,37,22.9,36.1,,,,
underway_1200.29868529,29868529,200809020,2008-12-08T07:40:00,20081208074000,MULTIPOINT ((-61.1595 94.2172)),94.2172,-61.1595,273.2,,269.65393066,,13.8,0.62,-1.15,1.84,-0.02,,,987.91,,,27.86619122,,,,0.4674,4.291,,,,,,,,,,,,,,,,86.4,85.6,,,33.80606017,,-0.7,-0.6,,,,,,-0.32488251,,278,7.2,267,360,24.5,38.2,24.3,38.1,,,,
underway_1200.29868649,29868649,200809020,2008-12-08T08:00:00,20081208080000,MULTIPOINT ((-61.1698 94.0616)),94.0616,-61.1698,255.4,,253.0645752,,14,0.15,-0.28,1.57,-0.26,,,988.36,,,27.83017373,,,7.567,0.4756,4.296,,,,,,,,,,,,,,,,86.6,86.1,,,33.75789395,,-0.6,-0.6,,,,,,-0.32488251,,275,14.5,265,8.4,23.1,36.5,22,35.8,,,,
underway_1200.29868769,29868769,200809020,2008-12-08T08:20:00,20081208082000,MULTIPOINT ((-61.1889 93.9065)),93.9065,-61.1889,257.8,,256.03088379,,14.1,0.17,-0.46,0.59,0,,,988.55,,,27.83017277,,,8.273,0.4592,4.295,,,,,,,,,,,,,,,,85,84.6,,,33.74607524,,-0.6,-0.5,,,,,,-0.31424773,,274,12.1,263,5,23.7,37.3,22.7,36.7,,,,
underway_1200.29868889,29868889,200809020,2008-12-08T08:40:00,20081208084000,MULTIPOINT ((-61.1911 93.7474)),93.7474,-61.1911,284,,283.87573242,,14,0.08,-0.29,0.22,-0.28,,,988.69,,,27.86400186,,,7.521,0.492,,,,,,,,,,,,,,,,,89.7,87.2,,,33.72368765,,-0.8,-0.7,,,,,,-0.25337449,,285,0.5,275,354.9,22.2,36.2,22.3,36.2,,,,
underway_1200.29869009,29869009,200809020,2008-12-08T09:00:00,20081208090000,MULTIPOINT ((-61.1834 93.5945)),93.5945,-61.1834,265.7,,264.0838623,,14,0.53,-0.26,1.1,-0.16,,,988.98,,,27.9251132,,,7.57,0.7872,4.297,,,,,,,,,,,,,,,,97,93.9,,,33.68649212,,-1.1,-1.1,,,,,,-0.14626663,,284,11.9,272,5,18.6,32.2,17.8,31.8,,,,
underway_1200.29869129,29869129,200809020,2008-12-08T09:20:00,20081208092000,MULTIPOINT ((-61.2021 93.4375)),93.4375,-61.2021,251,,249.28527832,,14.3,-0.01,-0.85,0.82,0.24,,,988.48,,,27.95786144,,,7.752,0.5166,4.295,,,,,,,,,,,,,,,,93.3,90.6,,,33.78564573,,-0.7,-0.7,,,,,,-0.19642029,,280,20.5,275,16.7,26,39.1,24.3,37.8,,,,
underway_1200.29869249,29869249,200809020,2008-12-08T09:40:00,20081208094000,MULTIPOINT ((-61.2163 93.2747)),93.2747,-61.2163,261.7,,260.38696289,,14.3,0.21,-0.6,0.9,0.1,,,988.75,,,27.92184672,,,,0.4346,4.29,,,,,,,,,,,,,,,,89.6,87.4,,,33.77835136,,-0.6,-0.5,,,,,,-0.23309667,,283,13.2,272,6,22.8,36.5,21.5,35.7,,,,
underway_1200.29869369,29869369,200809020,2008-12-08T10:00:00,20081208100000,MULTIPOINT ((-61.2318 93.1116)),93.1116,-61.2318,255.4,,254.15771484,,14.6,0.19,-0.75,1.25,0.63,,,988.46,,,27.9720435,,,7.417,0.3854,4.295,,,,,,,,,,,,,,,,87.2,85.9,,,33.72010581,,-0.6,-0.5,,,,,,-0.12024127,,282,18.9,273,12.8,25.5,39.1,23.6,37.8,,,,
underway_1200.29869489,29869489,200809020,2008-12-08T10:20:00,20081208102000,MULTIPOINT ((-61.2565 92.9609)),92.9609,-61.2565,268.1,,264.33654785,,11.3,-0.03,-0.66,2.18,1.01,,,988.82,,,28.05062804,,,8.352,0.369,4.29,,,,,,,,,,,,,,,,81.7,82.3,,,33.80961312,,-0.5,-0.5,,,,,,-0.10675092,,280,12.3,270,5.6,22.4,33.5,21.6,32.9,,,,
underway_1200.29869609,29869609,200809020,2008-12-08T10:40:00,20081208104000,MULTIPOINT ((-61.2787 92.8365)),92.8365,-61.2787,222.6,,221.11633301,,8.6,0.26,-0.55,0.57,-0.04,,,988.66,,,27.95677516,,,7.501,0.4346,4.288,,,,,,,,,,,,,,,,84.4,84.7,,,33.84750088,,-0.3,-0.6,,,,,,-0.25337449,,282,46.3,288,50.9,24.8,30.1,23,27.6,,,,
underway_1200.29869729,29869729,200809020,2008-12-08T11:00:00,20081208110000,MULTIPOINT ((-61.3055 92.7439)),92.7439,-61.3055,241.5,,241.04003906,,9.7,0.08,-0.37,1.86,-0.59,,,988.62,,,27.86073865,,,7.751,0.5166,4.287,,,,,,,,,,,,,,,,86.5,85.6,,,33.85589349,,-0.6,-0.5,,,,,,-0.37614841,,286,31.3,285,30.1,20.7,28.5,18.9,26.8,,,,
underway_1200.29869849,29869849,200809020,2008-12-08T11:20:00,20081208112000,MULTIPOINT ((-61.3142 92.6173)),92.6173,-61.3142,254.9,,247.52746582,,12.3,-0.05,-0.46,1.83,0.99,,,988.26,,,27.85855489,,,7.567,0.82,4.285,,,,,,,,,,,,,,,,88.4,87.8,,,33.84217556,,-0.8,-0.7,,,,,,-0.36647235,,287,28.4,284,25.8,23.1,33.9,21.1,32.1,,,,
underway_1200.29869969,29869969,200809020,2008-12-08T11:40:00,20081208114000,MULTIPOINT ((-61.3392 92.4876)),92.4876,-61.3392,250.6,,249.06005859,,12.1,0.35,-0.17,1.05,0.09,,,988.06,,,27.83891214,,,,0.9348,4.291,,,,,,,,,,,,,,,,83.2,83.7,,,33.85472624,,-0.9,-0.8,,,,,,-0.40131321,,284,24.5,281,21.9,26.5,37.3,24.6,35.6,,,,
underway_1200.29870089,29870089,200809020,2008-12-08T12:00:00,20081208120000,MULTIPOINT ((-61.3617 92.3553)),92.3553,-61.3617,250.4,,249.99389648,,12.2,-0.08,-0.63,0.74,0.38,,,988.21,,,27.7101399,,,7.627,1.2874,4.294,,,,,,,,,,,,,,,,87.2,85.9,,,33.8800526,,-1,-0.9,,,,,,-0.57872425,,292,26.6,288,23.4,20.4,30.6,18.3,28.9,,,,
underway_1200.29870209,29870209,200809020,2008-12-08T12:20:00,20081208122000,MULTIPOINT ((-61.3818 92.2184)),92.2184,-61.3818,255.9,,254.12475586,,13.8,0.49,-0.41,0.75,0.21,,,987.86,,,27.75161133,,,7.61,1.517,,,,,,,,,,,,,,,,,86.4,85.9,,,33.90546328,,-0.9,-0.9,,,,,,-0.55154646,,291,24.2,285,19.4,23.6,35.8,21.5,34.3,,,4204.03,
underway_1200.29870329,29870329,200809020,2008-12-08T12:40:00,20081208124000,MULTIPOINT ((-61.4007 92.0594)),92.0594,-61.4007,256.2,,252.84484863,,14.2,0,0,0,0,,,987.64,,,27.64575845,,,7.415,2.1976,4.296,,,,,,,,,,,,,,,,81.5,81.9,,,33.93824737,,-0.8,-0.8,,,,,,-0.7079819,,283,21,276,15.9,27.3,40.4,25.2,38.8,,,4197.89,
underway_1200.29870449,29870449,200809020,2008-12-08T13:00:00,20081208130000,MULTIPOINT ((-61.4175 91.899)),91.899,-61.4175,260,,256.34399414,,14.3,0.36,-0.36,0.79,0.1,,,987.68,,,27.72759599,,,7.361,1.886,4.291,,,,,,,,,,,,,,,,83.1,82.8,,,33.82212911,,-0.8,-0.7,,,,,,-0.50595338,,288,21.2,283,17.6,26.1,39.2,24.3,37.8,,,4190.21,
underway_1200.29870569,29870569,200809020,2008-12-08T13:20:00,20081208132000,MULTIPOINT ((-61.4332 91.7393)),91.7393,-61.4332,258.7,,254.46533203,,13.8,0.38,-0.54,1.72,0.45,,,987.47,,,27.85310172,,,7.401,2.747,4.29,,,,,,,,,,,,,,,,82.6,82.9,,,33.88456508,,-0.7,-0.7,,,,,,-0.4109947,,282,22,277,17.9,28.7,41.5,26.5,39.7,,,4180.99,
underway_1200.29870689,29870689,200809020,2008-12-08T13:40:00,20081208134000,MULTIPOINT ((-61.4529 91.583)),91.583,-61.4529,250.7,,249.73022461,,13.9,0.11,-0.44,1.24,-0.22,,,987.63,,,27.88911322,,,7.401,2.5092,4.292,,,,,,,,,,,,,,,,80,81.1,,,33.85719808,,-0.7,-0.7,,,,,,-0.34325598,,282,21.3,275,15.9,26.6,39.2,24.6,37.7,,,4187.14,
underway_1200.29870809,29870809,200809020,2008-12-08T14:00:00,20081208140000,MULTIPOINT ((-61.4743 91.4273)),91.4273,-61.4743,262.3,,254.70153809,,13.6,0.3,-0.7,2.06,-0.4,,,987.24,,,27.84874078,,,7.347,2.542,4.297,,,,,,,,,,,,,,,,78.8,79.3,,,33.93831544,,-0.7,-0.7,,,,,,-0.46426993,,287,23.2,281,18.7,27.6,40.2,25.6,38.6,,,4214.78,
underway_1200.29870929,29870929,200809020,2008-12-08T14:20:00,20081208142000,MULTIPOINT ((-61.4863 91.2684)),91.2684,-61.4863,253.3,,251.81213379,,13.9,0.5,-0.58,0.7,-0.81,,,987.28,,,27.93059099,,,7.993,2.5994,4.287,,,,,,,,,,,,,,,,80.2,80.4,,,33.94515862,,-0.7,-0.7,,,,,,-0.3722778,,287,23.9,282,19.9,31,43.2,28.3,41,,,4231.68,
underway_1200.29871049,29871049,200809020,2008-12-08T14:40:00,20081208144000,MULTIPOINT ((-61.5183 91.1247)),91.1247,-61.5183,256.4,,255.91003418,,13.8,0.22,-0.62,1.28,-0.52,,,987.18,,,27.88911664,,,7.653,2.6322,,,,,,,,,,,,,,,,,79.5,79.9,,,33.89931851,,-0.7,-0.7,,,,,,-0.380987,,282,17.9,272,11.2,26.9,39.7,24.9,38.3,,,4273.15,
underway_1200.29871169,29871169,200809020,2008-12-08T15:00:00,20081208150000,MULTIPOINT ((-61.5334 90.9689)),90.9689,-61.5334,262.6,,257.49206543,,13.8,0.46,-0.61,1.22,0.28,,,987.13,,,27.8847548,,,7.83,2.5994,4.295,,,,,,,,,,,,,,,,80.7,81.8,,,33.94219234,,-0.8,-0.8,,,,,,-0.42455132,,286,19.9,277,13.8,28.3,41.1,26.3,39.6,,,4140.61,
underway_1200.29871289,29871289,200809020,2008-12-08T15:20:00,20081208152000,MULTIPOINT ((-61.5518 90.8151)),90.8151,-61.5518,256.6,,255.81115723,,13.5,0.66,-0.75,0.77,-0.98,,,987,,,27.95787425,,,7.841,2.7388,4.297,,,,,,,,,,,,,,,,78.9,89.5,,,33.94275671,,-0.8,-1.6,,,,,,-0.33745325,,282,18.8,274,13,30.9,43.5,29.2,42.3,,,4137.98,
underway_1200.29871409,29871409,200809020,2008-12-08T15:40:00,20081208154000,MULTIPOINT ((-61.5718 90.6629)),90.6629,-61.5718,255.1,,254.03137207,,13.6,0.61,-0.89,1.13,-0.85,,,986.88,,,27.96224264,,,7.809,2.9274,4.298,,,,,,,,,,,,,,,,78.6,90.9,,,33.97998992,,-0.8,-1.3,,,,,,-0.36550483,,279,18.3,271,11.9,31.5,44.1,29.7,42.8,,,4301.71,
underway_1200.29871529,29871529,200809020,2008-12-08T16:00:00,20081208160000,MULTIPOINT ((-61.5933 90.5116)),90.5116,-61.5933,254.7,,254.71801758,,13.2,0.65,-0.94,0.39,-0.56,,,986.99,,,27.98843503,,,7.789,2.8126,,,,,,,,,,,,,,,,,79.9,88.8,,,33.98150472,,-0.9,-1.1,,,,,,-0.33551912,,284,21,276,14.5,31.8,43.8,29.4,42.1,,,4259.25,
underway_1200.29871649,29871649,200809020,2008-12-08T16:20:00,20081208162000,MULTIPOINT ((-61.613 90.3619)),90.3619,-61.613,254.6,,254.16870117,,13.3,0.33,-0.62,0.68,-1.35,,,986.91,,,27.95023466,,,7.833,3.1734,4.295,,,,,,,,,,,,,,,,79.1,86.8,,,33.9400972,,-0.9,-1.1,,,,,,-0.34422316,,280,18.6,271,11.9,33.7,46.1,31.5,44.4,,,4252.07,
underway_1200.29871769,29871769,200809020,2008-12-08T16:40:00,20081208164000,MULTIPOINT ((-61.6322 90.2129)),90.2129,-61.6322,255.6,,254.13574219,,13.3,0.3,-0.45,0.74,-0.13,,,987.45,,,27.90113338,,,7.797,8.0688,4.288,,,,,,,,,,,,,,,,77.5,84.2,,,34.04901121,,-0.9,-1,,,,,,-0.5001354,,275,14.3,263,6.5,27,39.8,25.5,38.7,,,4145.66,
underway_1200.29871889,29871889,200809020,2008-12-08T17:00:00,20081208170000,MULTIPOINT ((-61.648 90.0609)),90.0609,-61.648,257.5,,257.87658691,,13.2,0.48,-0.82,1.95,-1.17,,,987.43,,,27.94914715,,,7.873,3.2226,4.297,,,,,,,,,,,,,,,,78.6,83.5,,,33.98736481,,-0.9,-1,,,,,,-0.38776166,,281,15.8,271,8.7,27.1,39.6,25.6,38.6,,,4090.25,
underway_1200.29872009,29872009,200809020,2008-12-08T17:20:00,20081208172000,MULTIPOINT ((-61.6655 89.9088)),89.9088,-61.6655,252.2,,251.91650391,,13.3,0.45,-0.66,1.05,-0.38,,,987.51,,,27.89785771,,,,4.5428,4.294,,,,,,,,,,,,,,,,79.8,83.1,,,34.02825773,,-0.9,-0.9,,,,,,-0.48559285,,281,20.7,273,14.9,27.6,39.9,25.7,38.5,,,4059.6,
underway_1200.29872129,29872129,200809020,2008-12-08T17:40:00,20081208174000,MULTIPOINT ((-61.6833 89.7569)),89.7569,-61.6833,256,,254.56420898,,13.6,0.11,-0.27,0.58,-0.7,,,987.75,,,27.81709902,,,7.832,9.9302,4.292,,,,,,,,,,,,,,,,79.3,81.9,,,34.01877159,,-0.9,-1,,,,,,-0.5738702,,278,16.1,269,9.5,30.8,43.6,29.2,42.5,,,4049.05,
underway_1200.29872249,29872249,200809020,2008-12-08T18:00:00,20081208180000,MULTIPOINT ((-61.6968 89.605)),89.605,-61.6968,250.5,,250.57067871,,13.3,0.35,-0.55,0.99,-0.26,,,987.81,,,27.72106105,,,7.816,9.7334,4.292,,,,,,,,,,,,,,,,83.2,84,,,33.98206542,,-1.1,-1.2,,,,,,-0.65644087,,281,21.6,273,15.8,27.3,39.5,25.5,38.2,,,4035.57,
underway_1200.29872369,29872369,200809020,2008-12-08T18:20:00,20081208182000,MULTIPOINT ((-61.7177 89.4531)),89.4531,-61.7177,254.6,,253.6138916,,13.5,0.44,-0.42,0.68,-1.41,,,987.98,,,27.69268622,,,7.819,9.102,4.291,,,,,,,,,,,,,,,,78.6,81.3,,,33.96778737,,-0.9,-1,,,,,,-0.67783005,,283,20,272,11.8,28.1,40.6,26.1,39.3,,,4006.81,
underway_1200.29872489,29872489,200809020,2008-12-08T18:40:00,20081208184000,MULTIPOINT ((-61.7395 89.3011)),89.3011,-61.7395,248,,246.37939453,,13.7,0.42,-0.58,0.24,-0.68,,,988.12,,,27.70796416,,,7.734,9.8974,,,,,,,,,,,,,,,,,79.1,81,,,33.96546324,,-1,-1.1,,,,,,-0.65741294,,282,23.5,274,17.8,25,37.1,22.7,35.5,,,3997.24,
underway_1200.29872609,29872609,200809020,2008-12-08T19:00:00,20081208190000,MULTIPOINT ((-61.7384 89.144)),89.144,-61.7384,267.9,,265.52856445,,13.7,0.12,-0.83,0.45,-0.56,,,988.45,,,27.70141892,,,7.79,10.127,4.294,,,,,,,,,,,,,,,,74.6,77.1,,,33.99711874,,-1,-1,,,,,,-0.69339046,,282,12.4,272,5,30.4,43.7,29.4,43,,,3999.11,
underway_1200.29872729,29872729,200809020,2008-12-08T19:20:00,20081208192000,MULTIPOINT ((-61.7205 89.0045)),89.0045,-61.7205,306.7,,302.88208008,,13.7,0.61,-0.76,1.79,0.84,,,988.42,,,27.6894161,,,7.78,9.1594,4.293,,,,,,,,,,,,,,,,69.7,72.6,,,34.0148735,,-1,-1,,,,,,-0.7235499,,279,345.8,270,338.8,25.7,38.4,27.8,39.6,,,3992.05,
underway_1200.29872849,29872849,200809020,2008-12-08T19:40:00,20081208194000,MULTIPOINT ((-61.7144 88.8464)),88.8464,-61.7144,271.4,,268.45092773,,13.8,0.16,-0.35,0.4,0,,,989.12,,,27.66649819,,,7.769,9.1758,4.295,,,,,,,,,,,,,,,,74.4,74.1,,,34.00469285,,-1,-1,,,,,,-0.74204198,,280,8,264,358,25.1,38.8,24.7,38.4,,,3947.46,
underway_1200.29872969,29872969,200809020,2008-12-08T20:00:00,20081208200000,MULTIPOINT ((-61.7131 88.6926)),88.6926,-61.7131,256.4,,254.14672852,,13.3,0.31,-0.51,0.25,-0.15,,,988.72,,,27.64248931,,,7.828,9.0118,4.288,,,,,,,,,,,,,,,,72.5,74,,,33.99741855,,-1.1,-1.1,,,,,,-0.76443453,,282,19.9,274,13.9,26.2,38.6,24.6,37.5,,,3902.98,
underway_1200.29873089,29873089,200809020,2008-12-08T20:20:00,20081208202000,MULTIPOINT ((-61.7352 88.5436)),88.5436,-61.7352,251,,250.43334961,,13.5,0.09,-0.24,-0.19,-0.77,,,988.56,,,27.62066044,,,7.795,9.0692,,,,,,,,,,,,,,,,,74.4,74.7,,,33.95685938,,-1.1,-1.1,,,,,,-0.75469765,,287,25.7,282,21.8,30.4,42.1,28.3,40.5,,,3911.23,
underway_1200.29873209,29873209,200809020,2008-12-08T20:40:00,20081208204000,MULTIPOINT ((-61.7747 88.4011)),88.4011,-61.7747,236.2,,234.53613281,,13.8,-0.02,-0.35,-0.15,-0.94,,,988.52,,,27.53881483,,,7.8,8.897,4.288,,,,,,,,,,,,,,,,74,74.3,,,33.95457514,,-1.1,-1.1,,,,,,-0.85116044,,285,34.7,284,33.2,27.8,38.3,25.5,36.2,,,3913.36,
underway_1200.29873329,29873329,200809020,2008-12-08T21:00:00,20081208210000,MULTIPOINT ((-61.799 88.2799)),88.2799,-61.799,251.1,,250.12573242,,13.6,0.28,-0.46,0.44,-0.85,,,988.35,,,27.45914891,,,7.805,8.3886,,,,,,,,,,,,,,,,,76.3,76.2,,,33.90239096,,-1.1,-1.2,,,,,,-0.9009122,,284,23.6,278,18.9,28.9,40.9,26.9,39.5,,,3913.66,
underway_1200.29873449,29873449,200809020,2008-12-08T21:20:00,20081208212000,MULTIPOINT ((-61.8178 88.1734)),88.1734,-61.8178,254,,253.19641113,,13.8,0.16,-0.54,-0.14,-0.72,,,988.21,,,27.43186244,,,7.798,8.4624,4.296,,,,,,,,,,,,,,,,79.5,78.8,,,33.83561917,,-1.3,-1.3,,,,,,-0.87456805,,287,24,283,20.6,32.2,44.4,29.9,42.5,,,3927.23,
underway_1200.29873569,29873569,200809020,2008-12-08T21:40:00,20081208214000,MULTIPOINT ((-61.8383 88.0381)),88.0381,-61.8383,242,,241.23779297,,14.2,0.38,-0.29,-0.34,-0.85,,,988.32,,,27.49734629,,,7.756,7.6752,,,,,,,,,,,,,,,,,82.6,81.7,,,33.94664448,,-1.3,-1.3,,,,,,-0.89408116,,284,30.4,282,28,32.9,44.5,30.1,42,,,3910.59,
underway_1200.29873689,29873689,200809020,2008-12-08T22:00:00,20081208220000,MULTIPOINT ((-61.8615 87.8981)),87.8981,-61.8615,262.6,,262.1282959,,14.2,0.24,-0.46,-0.09,-0.56,,,988.37,,,27.50934941,,,7.789,6.478,4.29,,,,,,,,,,,,,,,,83.2,82.9,,,33.9376407,,-1.2,-1.2,,,,,,-0.87164161,,,,,,,,,,,,3768.16,
underway_1200.29873809,29873809,200809020,2008-12-08T22:20:00,20081208222000,MULTIPOINT ((-61.8804 87.7443)),87.7443,-61.8804,254.4,,253.15795898,,14.3,0.38,-0.32,0.14,-0.24,,,988.46,,,27.53553781,,,7.788,5.4366,4.291,,,,,,,,,,,,,,,,81.6,82,,,33.91385473,,-1.1,-1.2,,,,,,-0.81898946,,286,22.7,282,19.1,29.1,41.9,26.9,40.1,,,3823.87,
underway_1200.29873929,29873929,200809020,2008-12-08T22:40:00,20081208224000,MULTIPOINT ((-61.9026 87.5854)),87.5854,-61.9026,250.7,,250.16418457,,14.1,0.07,-0.45,-0.27,-0.82,,,988.14,,,27.51698723,,,7.741,4.6166,4.294,,,,,,,,,,,,,,,,80.8,81.1,,,33.92492034,,-1.2,-1.2,,,,,,-0.85116044,,287,25.8,283,22.3,31.9,44.1,29.5,42.1,,,3805.41,
underway_1200.29874049,29874049,200809020,2008-12-08T23:00:00,20081208230000,MULTIPOINT ((-61.9267 87.4294)),87.4294,-61.9267,258,,257.6184082,,14.1,0.37,-0.52,0.06,-0.59,,,988.18,,,27.53662701,,,,2.8946,4.291,,,,,,,,,,,,,,,,78.8,79.8,,,33.88790811,,-1.1,-1.2,,,,,,-0.79462863,,286,19.7,280,14.9,31.1,44.1,29.1,42.5,,,3769.34,
underway_1200.29874169,29874169,200809020,2008-12-08T23:20:00,20081208232001,MULTIPOINT ((-61.9427 87.3034)),87.3034,-61.9427,253.8,,251.82861328,,13.8,0.1,-0.27,-0.58,-1.37,,,988.05,,,27.58028079,,,7.741,2.8454,,,,,,,,,,,,,,,,,76.3,77.7,,,33.92626421,,-1.2,-1.2,,,,,,-0.77612082,,285,24.7,283,22.6,34.8,47.1,32.6,45.2,,,3787.72,
underway_1200.29874289,29874289,200809020,2008-12-08T23:40:00,20081208234000,MULTIPOINT ((-61.9583 87.1586)),87.1586,-61.9583,253.4,,252.94921875,,13.9,0,0,0,0,,,988.04,,,27.57154863,,,7.762,2.091,4.287,,,,,,,,,,,,,,,,73.3,74.3,,,33.90127731,,-1.1,-1.1,,,,,,-0.76443453,,286,23.3,281,19.4,32.4,44.8,30.2,43,,,,
underway_1200.29874409,29874409,200809020,2008-12-09T00:00:00,20081209000000,MULTIPOINT ((-61.9723 87.0018)),87.0018,-61.9723,251.4,,251.69677734,,13.9,,,,,,,988.33,,,27.53117037,,,7.75,2.3616,4.288,,,,,,,,,,,,,,,,78,77.1,,,33.88379638,,-1.2,-1.2,,,,,,-0.79755143,,295,29.8,293,27.3,29.6,40.8,27.4,38.9,,,,
underway_1200.29874529,29874529,200809020,2008-12-09T00:20:00,20081209002000,MULTIPOINT ((-61.9886 86.8627)),86.8627,-61.9886,244.7,,245.40710449,,11.6,,,,,,,988.04,,,27.56609413,,,7.729,2.665,4.3,,,,,,,,,,,,,,,,78.5,78.3,,,33.92457959,,-1.2,-1.2,,,,,,-0.79170598,,288,30.9,286,28.8,29.5,38.7,27.4,36.9,,,,
underway_1200.29874649,29874649,200809020,2008-12-09T00:40:00,20081209004000,MULTIPOINT ((-62.0054 86.7204)),86.7204,-62.0054,250.9,,246.80236816,,14.1,,,,,,,987.89,,,27.56281849,,,7.742,2.9274,,,,,,,,,,,,,,,,,78.1,78.2,,,33.90149805,,-1.1,-1.1,,,,,,-0.77514688,,289,30,286,27.5,30.3,42.3,28.2,40.5,,,,
underway_1200.29874769,29874769,200809020,2008-12-09T01:00:00,20081209010000,MULTIPOINT ((-62.0308 86.5687)),86.5687,-62.0308,251.6,,250.78491211,,13.8,,,,,,,987.75,,,27.46241988,,,7.686,1.5498,4.293,,,,,,,,,,,,,,,,79.6,79.5,,,33.86726346,,-1.2,-1.2,,,,,,-0.86578916,,293,31,292,29.5,36.5,47.8,33.9,45.4,,,,
underway_1200.29874889,29874889,200809020,2008-12-09T01:20:00,20081209012000,MULTIPOINT ((-62.0561 86.4177)),86.4177,-62.0561,258.5,,256.54724121,,10.4,,,,,,,987.84,,,27.47224028,,,7.724,0.9676,4.289,,,,,,,,,,,,,,,,78.3,78.8,,,33.85645796,,-1.2,-1.2,,,,,,-0.8443349,,285,22.2,279,17,31.6,41.2,29.6,39.5,,,,
underway_1200.29875009,29875009,200809020,2008-12-09T01:40:00,20081209014000,MULTIPOINT ((-62.0763 86.2631)),86.2631,-62.0763,259.5,,257.13500977,,13.8,,,,,,,987.24,,,27.42858862,,,7.705,1.3448,4.291,,,,,,,,,,,,,,,,78.4,78.2,,,33.83446218,,-1.2,-1.2,,,,,,-0.87749462,,286,21.3,282,18.3,33.2,45.9,31.5,44.5,,,,
underway_1200.29875129,29875129,200809020,2008-12-09T02:00:00,20081209020000,MULTIPOINT ((-62.1023 86.1077)),86.1077,-62.1023,248.5,,248.07128906,,13.9,,,,,,,987.28,,,27.44713831,,,7.707,1.3366,4.3,,,,,,,,,,,,,,,,76.5,76.7,,,33.81580105,,-1.1,-1.1,,,,,,-0.83848503,,293,31.9,292,30.4,32.6,43.6,30.1,41.3,,,,
underway_1200.29875249,29875249,200809020,2008-12-09T02:20:00,20081209022000,MULTIPOINT ((-62.1261 85.9738)),85.9738,-62.1261,242.2,,243.91296387,,8,,,,,,,987.08,,,27.46569259,,,7.617,2.2468,4.294,,,,,,,,,,,,,,,,75.2,76,,,33.85414819,,-1.2,-1.2,,,,,,-0.85018532,,284,31.6,284,30.9,30.3,36.7,28.2,34.7,,,,
underway_1200.29875369,29875369,200809020,2008-12-09T02:40:00,20081209024000,MULTIPOINT ((-62.1575 85.8274)),85.8274,-62.1575,251,,249.40063477,,13.7,,,,,,,986.68,,,27.45696087,,,7.681,1.4924,4.297,,,,,,,,,,,,,,,,72.2,73,,,33.8324227,,-1.1,-1.1,,,,,,-0.84140989,,285,24.5,279,20.2,28.9,41,26.6,39.2,,,,
underway_1200.29875489,29875489,200809020,2008-12-09T03:00:00,20081209030000,MULTIPOINT ((-62.1812 85.6729)),85.6729,-62.1812,250,,248.28552246,,13.8,,,,,,,986.69,,,27.45477622,,,,1.4678,,,,,,,,,,,,,,,,,74.6,74.2,,,33.80536354,,-1.2,-1.2,,,,,,-0.81996409,,292,30.1,291,29,28.7,40.1,26.5,38,,,,
underway_1200.29875609,29875609,200809020,2008-12-09T03:20:00,20081209032000,MULTIPOINT ((-62.2044 85.5346)),85.5346,-62.2044,247.2,,245.81359863,,8.2,,,,,,,986.72,,,27.4405923,,,7.627,1.1562,4.293,,,,,,,,,,,,,,,,73.7,73.4,,,33.83431517,,-1.2,-1.2,,,,,,-0.86286314,,287,31.1,287,31,24,30.8,22.3,29.1,,,,
underway_1200.29875729,29875729,200809020,2008-12-09T03:40:00,20081209034000,MULTIPOINT ((-62.2279 85.4327)),85.4327,-62.2279,211.9,,215.69458008,,9,,,,,,,986.64,,,27.35547637,,,7.528,1.681,4.294,,,,,,,,,,,,,,,,72.8,72.5,,,33.84269406,,-1.2,-1.3,,,,,,-0.97317233,,287,55.1,294,60.3,27.3,30.9,25.7,28.3,,,,
underway_1200.29875849,29875849,200809020,2008-12-09T04:00:00,20081209040000,MULTIPOINT ((-62.2655 85.2999)),85.2999,-62.2655,254.5,,251.54296875,,13.7,,,,,,,985.9,,,27.44277868,,,7.667,0.6724,0,,,,,,,,,,,,,,,,74.5,73.9,,,33.8834223,,-1.2,-1.2,,,,,,-0.90384002,,294,30.9,296,31.2,31.5,42.9,29.4,40.7,,,,
underway_1200.29875969,29875969,200809020,2008-12-09T04:20:00,20081209042000,MULTIPOINT ((-62.2773 85.1756)),85.1756,-62.2773,262,,243.23730469,,13.2,,,,,,,985.48,,,27.44386761,,,8.262,0.2952,4.281,,,,,,,,,,,,,,,,76.6,75.8,,,33.85413023,,-1.3,-1.2,,,,,,-0.87651908,,289,37.8,291,39.1,32,44,29.6,41.4,,,,
underway_1200.29876089,29876089,200809020,2008-12-09T04:40:00,20081209044000,MULTIPOINT ((-62.2987 85.0464)),85.0464,-62.2987,258.4,,259.12353516,,8.6,,,,,,,985.78,,,27.34019292,,,8.286,0.287,4.294,,,,,,,,,,,,,,,,79.4,76.4,,,33.76363535,,-1.3,-1.3,,,,,,-0.92140987,,293,26.5,292,25.2,32.7,40.1,30.7,38.2,,,,
underway_1200.29876176,29876176,200809020,2008-12-09T05:00:00,20081209050000,MULTIPOINT ((-62.3169 84.9125)),84.9125,-62.3169,249.3,,248.07678223,,12,-0.02,-0.6,-0.63,-1.51,,,985.33,,,27.36420039,,,,0.3116,4.296,,,,,,,,,,,,,,,,88,81.3,,,33.7688748,,-1.7,-1.5,,,,,,-0.89700866,,294,34.5,296,34.8,31.8,41.2,29.8,39.1,,,,
underway_1200.29876296,29876296,200809020,2008-12-09T05:20:00,20081209052000,MULTIPOINT ((-62.3343 84.7704)),84.7704,-62.3343,251.8,,245.76416016,,13.8,0.34,-0.51,0.13,-0.51,,,984.86,,,27.33909967,,,8.048,0.2214,,,,,,,,,,,,,,,,,84.5,81.9,,,33.73803774,,-1.4,-1.3,,,,,,-0.89993629,,287,31.2,286,29.6,32.3,44.3,29.7,41.9,,,,
underway_1200.29876416,29876416,200809020,2008-12-09T05:40:00,20081209054000,MULTIPOINT ((-62.3625 84.628)),84.628,-62.3625,220.3,,220.48461914,,11.8,-0.07,-0.76,-1.42,-1.67,,,985.08,,,27.37511398,,,7.431,0.1886,4.296,,,,,,,,,,,,,,,,83.3,82.1,,,33.78480878,,-1.1,-1.3,,,,,,-0.89798452,,290,51.5,297,56.5,30.2,36.1,28.4,33.1,,,,
underway_1200.29876536,29876536,200809020,2008-12-09T06:00:00,20081209060000,MULTIPOINT ((-62.406 84.5224)),84.5224,-62.406,203.8,,202.37915039,,12.6,0.01,-0.58,-1.56,-3.94,,,985.1,,,27.37730033,,,7.373,0.2214,4.285,,,,,,,,,,,,,,,,79.3,80.8,,,33.8339055,,-0.8,-1.1,,,,,,-0.93898471,,291,67.9,304,78.7,32.9,35.8,31.7,32,,,,
underway_1200.29876656,29876656,200809020,2008-12-09T06:20:00,20081209062000,MULTIPOINT ((-62.4516 84.3942)),84.3942,-62.4516,236,,235.64575195,,13.8,-0.11,-0.72,-1.13,-1.66,,,984.1,,,27.41876203,,,7.545,0.1886,4.294,,,,,,,,,,,,,,,,80.9,80.9,,,33.76634708,,-0.9,-1,,,,,,-0.82873647,,293,42.7,295,43.8,37.3,46.3,34.6,43.3,,,,
underway_1200.29876775,29876775,200809020,2008-12-09T06:40:00,20081209064000,MULTIPOINT ((-62.5016 84.2714)),84.2714,-62.5016,232.3,,240.01831055,,13.3,-0.06,-0.51,-1.52,-2.47,,,984.4,,,27.402396,,,7.365,0.3034,4.299,,,,,,,,,,,,,,,,82,82.7,,,33.79886692,,-0.9,-1.1,,,,,,-0.87749462,,295,37,296,37,31.9,39.9,29.7,37.6,,,,
underway_1200.29876895,29876895,200809020,2008-12-09T07:00:00,20081209070000,MULTIPOINT ((-62.5413 84.1358)),84.1358,-62.5413,224.4,,224.01123047,,13.9,-0.22,-0.76,-1.12,-1.8,,,984.14,,,27.3543721,,,7.459,0.2624,,,,,,,,,,,,,,,,,83.8,83.5,,,33.67790728,,-1,-1.2,,,,,,-0.8277617,,285,44.4,289,46,33.1,41.7,30.9,39,,,,
underway_1200.29877015,29877015,200809020,2008-12-09T07:20:00,20081209072000,MULTIPOINT ((-62.5851 84.0449)),84.0449,-62.5851,227.7,,224.62646484,,13.4,-0.18,-0.31,-0.22,-1.38,,,983.77,,,27.29544174,,,7.52,0.3362,4.286,,,,,,,,,,,,,,,,82.6,83.2,,,33.62412322,,-1,-1.1,,,,,,-0.85116044,,283,44.2,288,46.7,35.1,44,32.9,41.2,,,,
underway_1200.29877135,29877135,200809020,2008-12-09T07:40:00,20081209074000,MULTIPOINT ((-62.6393 83.9369)),83.9369,-62.6393,215.6,,214.05761719,,13.6,0.19,-0.48,-0.31,-2.88,,,983.71,,,27.30090015,,,7.371,0.2706,,,,,,,,,,,,,,,,,81.4,82.4,,,33.65334156,,-0.8,-1.1,,,,,,-0.87066616,,281,49.8,287,53.9,34.9,42.4,32.6,39.1,,,,
underway_1200.29877255,29877255,200809020,2008-12-09T08:00:00,20081209080000,MULTIPOINT ((-62.6956 83.8446)),83.8446,-62.6956,219,,222.91259766,,12.9,-0.07,-0.55,-1.39,-2.6,,,983.64,,,27.30963137,,,7.536,0.2788,4.3,,,,,,,,,,,,,,,,82.4,82.7,,,33.6717489,,-0.9,-1.1,,,,,,-0.87651908,,278,39.1,281,40.2,31.8,40,29.9,37.8,,,,
underway_1200.29877375,29877375,200809020,2008-12-09T08:20:00,20081209082000,MULTIPOINT ((-62.756 83.7559)),83.7559,-62.756,229,,228.69689941,,13.6,-0.18,-0.45,-0.87,-1.25,,,983.22,,,27.32927611,,,7.741,0.4674,4.291,,,,,,,,,,,,,,,,82.8,82.8,,,33.70608394,,-1,-1.1,,,,,,-0.88334818,,282,38.7,285,40,34.1,43.7,31.7,40.9,,,,
underway_1200.29877495,29877495,200809020,2008-12-09T08:40:00,20081209084000,MULTIPOINT ((-62.808 83.6389)),83.6389,-62.808,224.5,,224.59899902,,13.8,0.03,-0.53,-0.71,-1.69,,,983.28,,,27.28890403,,,,0.328,,,,,,,,,,,,,,,,,85.7,84.2,,,33.74539018,,-1.2,-1.2,,,,,,-0.96731025,,278,38.9,281,40.6,34.5,44.1,32.3,41.5,,,,
underway_1200.29877615,29877615,200809020,2008-12-09T09:00:00,20081209090000,MULTIPOINT ((-62.8652 83.5415)),83.5415,-62.8652,211.8,,211.21765137,,13.8,0.23,-0.27,-0.56,-1.37,,,983.5,,,27.28999571,,,7.735,0.4592,,,,,,,,,,,,,,,,,85.9,85,,,33.75126949,,-1.1,-1.3,,,,,,-0.97121824,,281,50.7,288,54.8,31.9,38.9,30,35.9,,,,
underway_1200.29877735,29877735,200809020,2008-12-09T09:20:00,20081209092000,MULTIPOINT ((-62.9207 83.4398)),83.4398,-62.9207,218.1,,217.27661133,,13.3,0.44,-0.3,-0.23,-0.98,,,983.15,,,27.27363056,,,7.752,0.2624,4.294,,,,,,,,,,,,,,,,87.6,86.5,,,33.79054813,,-1.2,-1.4,,,,,,-1.0259561,,275,40.1,278,41.9,28.4,37.4,26.6,35.2,,,,
underway_1200.29877855,29877855,200809020,2008-12-09T09:40:00,20081209094000,MULTIPOINT ((-62.9771 83.3318)),83.3318,-62.9771,230.5,,226.68640137,,13.6,0,-0.43,0.01,-1.23,,,982.66,,,27.28017907,,,7.691,0.5166,4.291,,,,,,,,,,,,,,,,87.8,87.1,,,33.80609742,,-1.3,-1.4,,,,,,-1.03182375,,280,38.2,281,37.9,29.9,40.1,27.5,37.6,,,,
underway_1200.29877975,29877975,200809020,2008-12-09T10:00:00,20081209100000,MULTIPOINT ((-63.0325 83.2209)),83.2209,-63.0325,241.4,,242.30895996,,13.3,0.22,-0.62,0,-1.77,,,982.67,,,27.28017673,,,7.737,0.4182,,,,,,,,,,,,,,,,,85.1,85.6,,,33.77635952,,-1.2,-1.2,,,,,,-1.00542371,,279,26.4,275,22.6,31.5,42.8,29.1,40.9,,,,
underway_1200.29878095,29878095,200809020,2008-12-09T10:20:00,20081209102000,MULTIPOINT ((-63.083 83.0995)),83.0995,-63.083,227.8,,226.50512695,,13.5,-0.23,-0.54,-0.45,-1.05,,,982.52,,,27.28781893,,,7.688,0.8446,4.292,,,,,,,,,,,,,,,,84.5,84.7,,,33.8231432,,-1.1,-1.1,,,,,,-1.03769195,,278,36.6,280,37.7,31.2,41.2,29.1,38.8,,,,
underway_1200.29878215,29878215,200809020,2008-12-09T10:40:00,20081209104000,MULTIPOINT ((-63.1332 82.9756)),82.9756,-63.1332,223.1,,218.21594238,,13.4,0,-0.39,0.15,-0.94,,,982.48,,,27.32710296,,,,0.943,4.294,,,,,,,,,,,,,,,,85.1,85.1,,,33.82383878,,-1.1,-1.2,,,,,,-0.99076191,,273,40.8,275,41,31.2,41,28.7,38.4,,,,
underway_1200.29878335,29878335,200809020,2008-12-09T11:00:00,20081209110000,MULTIPOINT ((-63.1898 82.8704)),82.8704,-63.1898,231.4,,231.56982422,,13.2,-0.05,-0.54,-0.81,-2.15,,,982.27,,,27.40349196,,,7.753,0.82,4.291,,,,,,,,,,,,,,,,84.4,84.7,,,33.85856274,,-1,-1.1,,,,,,-0.92922029,,272,29.7,271,28.2,34.4,45.2,31.9,42.9,,,,
underway_1200.29878455,29878455,200809020,2008-12-09T11:20:00,20081209112000,MULTIPOINT ((-63.2414 82.752)),82.752,-63.2414,226.1,,227.70812988,,13.4,-0.01,-0.5,-1.2,-1.91,,,982.19,,,27.41985956,,,7.674,0.8282,4.294,,,,,,,,,,,,,,,,85.7,85,,,33.84565297,,-1.1,-1.1,,,,,,-0.89798452,,275,33.6,275,32.8,33.1,43.2,30.9,41,,,,
underway_1200.29878575,29878575,200809020,2008-12-09T11:40:00,20081209114000,MULTIPOINT ((-63.2907 82.6299)),82.6299,-63.2907,224.9,,225.68115234,,13.5,-0.17,-0.51,-1.24,-1.82,,,982.4,,,27.4395025,,,7.668,0.9922,,,,,,,,,,,,,,,,,90.1,85.6,,,33.85258948,,-1.3,-1.1,,,,,,-0.88042133,,272,33.5,274,34.3,33.6,43.9,31.5,41.6,,,,
underway_1200.29878695,29878695,200809020,2008-12-09T12:00:00,20081209120000,MULTIPOINT ((-63.3414 82.5113)),82.5113,-63.3414,223.7,,224.28588867,,13.3,-0.21,-0.49,-0.77,-1.82,,,982.33,,,27.4449595,,,7.705,1.3038,4.294,,,,,,,,,,,,,,,,87.8,86.2,,,33.8622041,,-1.2,-1.1,,,,,,-0.88237255,,268,31.8,269,31.9,34.7,45.2,32.4,42.8,,,,
underway_1200.29878787,29878787,200809020,2008-12-09T12:20:00,20081209122000,MULTIPOINT ((-63.3922 82.394)),82.394,-63.3922,225.5,,226.78527832,,13.3,-0.02,-0.57,-0.56,-1.05,,,982.63,,,27.39475929,,,7.693,1.2054,,,,,30.43727,-0.01977641,-0.02978572,0.7005869,0.6342698,,87.92991,87.84697,1.668064,1.502218,0,986.7561,90.6,87.6,,,33.82359668,,-1.3,-1.2,29.0845,0.9070308,0.7566687,,,-0.90872003,,266,27,266,25.8,28.8,39.7,26.7,37.8,,,,
underway_1200.29878907,29878907,200809020,2008-12-09T12:40:00,20081209124000,MULTIPOINT ((-63.4423 82.2754)),82.2754,-63.4423,222.8,,226.1315918,,13,-0.41,-0.73,-0.64,-1.78,,,982.71,,,27.449324,,,7.696,1.7958,4.296,,,,14.20447,-0.01977645,-0.02978572,0.6338647,0.5007393,,73.72794,75.49085,1.367813,1.26854,0,986.7622,92.3,88.8,,,33.85605582,,-1.3,-1.2,13.18986,0.9126707,0.7568041,,,-0.87164161,,266,27.5,264,25.5,33.1,43.6,30.8,41.5,,,,
underway_1200.29879027,29879027,200809020,2008-12-09T13:00:00,20081209130000,MULTIPOINT ((-63.4918 82.159)),82.159,-63.4918,224.2,,226.59851074,,10.3,-0.23,-0.68,-0.52,-1.19,,,983.18,,,27.42859088,,,7.644,1.5744,4.296,,,,0,-0.03296048,-0.04302382,0.800666,0.7010351,,96.05454,97.83341,1.868221,1.702514,0,986.7746,91.3,89.1,,,33.86302299,,-1.3,-1.2,0,0.9156973,0.7566687,,,-0.90286407,,264,26.8,261,24.2,27.3,35.8,25.4,34.2,,,,
underway_1200.29879147,29879147,200809020,2008-12-09T13:20:00,20081209132000,MULTIPOINT ((-63.5392 82.0656)),82.0656,-63.5392,217.5,,230.77331543,,12.1,-0.15,-0.39,-2.43,-2.75,,,983.33,,,27.39148983,,,7.675,0.902,4.299,,,,0,-0.03955336,-0.04633334,0.6338678,0.5007393,,73.90413,74.8138,1.401181,1.26854,0,986.8042,91.1,89.9,,,33.87745015,,-1.2,-1.3,13.19112,0.9174935,0.7572103,,,-0.96047186,,270,23.2,264,18,27.8,36.6,25.8,35.4,,,,
underway_1200.29879267,29879267,200809020,2008-12-09T13:40:00,20081209134000,MULTIPOINT ((-63.5809 81.9522)),81.9522,-63.5809,229.9,,229.07592773,,12,-0.13,-0.77,-0.04,-0.59,,,983.39,,,27.37403201,,,7.648,0.615,4.287,,,,0,-0.05273787,-0.06288015,0.7673137,0.634263,,89.29202,89.70885,1.768158,1.602349,0,986.8086,91.8,90.4,,,33.90218453,,-1.3,-1.3,0,0.9193695,0.7572103,,,-1.00346861,,268,26.4,265,23.8,23.4,33.5,21.7,32.1,,,,
underway_1200.29879387,29879387,200809020,2008-12-09T14:00:00,20081209140000,MULTIPOINT ((-63.6249 81.8405)),81.8405,-63.6249,228.4,,227.63671875,,12.7,-0.16,-0.57,-0.09,-0.85,,,983.48,,,27.33474506,,,7.615,0.82,4.293,,,,13.86754,-0.03296078,-0.03971424,0.366973,0.3338262,,45.83054,46.88557,0.8340295,0.8011828,0,960.4593,91.8,90.6,,,33.86844498,,-1.3,-1.3,20.97043,0.9243901,0.7574811,,,-1.02106682,,262,23.8,257,19.9,26.6,37.8,24.8,36.4,,,,
underway_1200.29879507,29879507,200809020,2008-12-09T14:20:00,20081209142000,MULTIPOINT ((-63.6704 81.7268)),81.7268,-63.6704,226.8,,226.70288086,,13.5,-0.12,-0.49,-0.08,-0.88,,,983.68,,,27.23762017,,,,1.1644,4.297,,,,0,-0.0461456,-0.05626191,0.3336146,0.267061,,39.40404,40.45361,0.7339522,0.6676525,0,961.1316,91.8,90.9,,,33.78546417,,-1.3,-1.3,13.52928,0.9257411,0.7577519,,,-1.0650843,,266,26.1,261,21.9,26,37.4,23.8,35.8,,,,
underway_1200.29879627,29879627,200809020,2008-12-09T14:40:00,20081209144000,MULTIPOINT ((-63.7138 81.6118)),81.6118,-63.7138,229.2,,227.38952637,,13.2,0.05,-0.25,0.18,-0.92,,,983.8,,,27.23107872,,,7.546,1.7712,,,,,14.20555,-0.03296117,-0.03971429,0.2668917,0.2002957,,30.44047,30.97494,0.5337834,0.5007393,0,960.7599,91.7,91,,,33.85942262,,-1.3,-1.3,0,0.9284342,0.7580228,,,-1.13851661,,265,24.6,260,21.2,22.6,34.2,20.7,32.7,,,,
underway_1200.29879747,29879747,200809020,2008-12-09T15:00:00,20081209150000,MULTIPOINT ((-63.7599 81.4932)),81.4932,-63.7599,230.1,,228.60351562,,10.4,-0.07,-0.39,0.35,-0.15,,,983.83,,,27.23217048,,,7.342,1.927,4.293,,,,0,-0.02636893,-0.03309524,0.1334458,0.06676525,,14.54391,14.72579,0.2335302,0.2336784,0,959.7733,90.1,90,,,33.86645907,,-1.4,-1.5,28.41137,0.9377103,0.7588353,,,-1.14341521,,260,22.7,250,15.4,25.1,34.4,23.5,33.4,,,,
underway_1200.29879867,29879867,200809020,2008-12-09T15:20:00,20081209152000,MULTIPOINT ((-63.8074 81.3809)),81.3809,-63.8074,230.1,,228.07067871,,11.7,-0.04,-0.55,0.02,-0.51,,,983.94,,,27.3303829,,,7.332,1.3858,4.291,,,,13.86753,-0.0395534,-0.04964234,0.2001688,0.1335269,,20.46306,20.64996,0.3336146,0.3671991,0,959.7834,91.6,90.3,,,33.90337794,,-1.4,-1.3,0,0.9355511,0.7584967,,,-1.05725667,,266,26.2,264,24.8,24.5,34.7,22.8,33.1,,,,
underway_1200.29879987,29879987,200809020,2008-12-09T15:40:00,20081209154000,MULTIPOINT ((-63.8527 81.2662)),81.2662,-63.8527,227.3,,225.66467285,,12.2,-0.03,-0.41,-0.22,-0.83,,,984.11,,,27.31074318,,,7.26,1.435,4.288,,,,13.86753,-0.03296117,-0.04302369,0.06672293,0.0333826,,11.4999,11.84834,0.1668073,0.166913,0,959.7567,85.7,87.4,,,33.93301715,,-1.2,-1.3,0,0.9450888,0.7585644,,,-1.1071748,,265,27,263,25.1,24.9,35.3,23.1,33.7,,,,
underway_1200.29880107,29880107,200809020,2008-12-09T16:00:00,20081209160000,MULTIPOINT ((-63.8977 81.1445)),81.1445,-63.8977,230,,228.85620117,,13.7,0.06,-0.3,0.08,-0.21,,,984.14,,,27.31292291,,,7.384,1.4268,4.287,,,,0,-0.0395534,-0.04964286,0.06672293,0,,8.624966,8.463098,0.1334458,0.1001479,0,959.7725,90.7,89.7,,,33.89832511,,-1.4,-1.4,20.29404,0.9422522,0.7588353,,,-1.07389156,,272,27.2,270,25,21.8,33.3,20,31.8,,,,
underway_1200.29880227,29880227,200809020,2008-12-09T16:20:00,20081209162000,MULTIPOINT ((-63.9406 81.0269)),81.0269,-63.9406,226.7,,226.86767578,,13.4,0,0,0,0,,,984.28,,,27.29983058,,,,1.5908,,,,,14.20583,-0.0395534,-0.05295239,0.06672293,0,,5.411744,5.754907,0.06672293,0.03338262,0,959.7798,89.8,89.4,,,33.92806332,,-1.4,-1.4,0,0.9439434,0.7592415,,,-1.11598808,,267,25.5,264,22.6,23.1,34.4,21.3,33,,,,
underway_1200.29880347,29880347,200809020,2008-12-09T16:40:00,20081209164000,MULTIPOINT ((-63.9895 80.9029)),80.9029,-63.9895,228,,227.5213623,,12.3,-0.23,-0.54,-0.58,-0.96,,,984.42,,,27.30419628,,,7.562,1.2874,4.287,,,,0,-0.04614564,-0.05295239,0,-0.03338262,,3.720608,4.062287,0.03336146,0.03338262,0,959.3759,88.5,88.7,,,33.93847916,,-1.4,-1.4,12.85301,0.9454403,0.759106,,,-1.11990549,,272,29.9,272,29.1,24.2,34,22.5,32.4,,,,
underway_1200.29880467,29880467,200809020,2008-12-09T17:00:00,20081209170000,MULTIPOINT ((-64.0334 80.7835)),80.7835,-64.0334,191.2,,190.73364258,,13.7,-0.03,-0.38,0.47,-0.61,,,984.6,,,27.31074605,,,7.369,1.0086,,,,,0,-0.04614564,-0.05626191,0,-0.03338262,,3.04411,3.38524,0.03336146,0.03338262,0,958.7675,90.2,89.4,,,33.96966614,,-1.4,-1.4,13.19114,0.9456358,0.7593769,,,-1.1394963,,266,49.5,273,53.4,23.1,29.8,22,27.5,,,,
underway_1200.29880587,29880587,200809020,2008-12-09T17:20:00,20081209172000,MULTIPOINT ((-64.0956 80.7007)),80.7007,-64.0956,229.6,,228.65844727,,13.1,-0.12,-0.56,0.33,-0.13,,,984.57,,,27.30420124,,,7.384,0.9594,4.292,,,,13.8675,-0.05273787,-0.05626191,0,-0.03338262,,2.367622,2.031144,0.03336146,0.03338262,0,955.728,92.2,90.2,,,34.00186984,,-1.6,-1.5,0,0.9467105,0.7601894,,,-1.1757557,,265,24.2,260,20.2,23.9,35.5,22.1,34.1,,,,
underway_1200.29880707,29880707,200809020,2008-12-09T17:40:00,20081209174000,MULTIPOINT ((-64.1408 80.5771)),80.5771,-64.1408,227.7,,227.8729248,,11.4,0.12,-0.29,-0.05,-0.25,,,984.83,,,27.32820839,,,7.411,0.7298,,,,,29.08781,-0.03296117,-0.03971429,0,-0.03338262,,1.691152,1.354096,0,0.03338262,0,955.7242,86.1,86.9,,,34.00472195,,-1.4,-1.4,28.74958,0.9483302,0.7599185,,,-1.14929403,,267,26,263,22.7,23.5,33.1,21.7,31.7,,,,
underway_1200.29880827,29880827,200809020,2008-12-09T18:00:00,20081209175959,MULTIPOINT ((-64.1984 80.4917)),80.4917,-64.1984,225.2,,230.69641113,,11.5,0.19,-0.36,-0.5,-1.51,,,984.69,,,27.32820847,,,8.551,0.902,4.288,,,,13.86769,-0.0395534,-0.04964286,0,-0.03338262,,1.691181,1.354096,0,0.03338262,0,955.7198,85.1,85.8,,,34.0058353,,-1.5,-1.5,12.85298,0.9486851,0.7609341,,,-1.15027389,,272,27.6,270,25.3,27,35.9,25.1,34.3,,,,
underway_1200.29880947,29880947,200809020,2008-12-09T18:20:00,20081209182000,MULTIPOINT ((-64.2471 80.365)),80.365,-64.2471,229.3,,231.07543945,,13.1,0,0,0,0,,,984.74,,,27.32056899,,,7.765,0.8036,4.288,,,,13.5293,-0.0395534,-0.04964286,0,-0.03338262,,1.691163,1.354096,0,0,0,955.7158,85.8,85.8,,,33.99425042,,-1.4,-1.4,0,0.9480658,0.7596477,,,-1.14929403,,270,25.6,267,23.1,27,38,25,36.3,,,,
underway_1200.29881067,29881067,200809020,2008-12-09T18:40:00,20081209184000,MULTIPOINT ((-64.2922 80.2349)),80.2349,-64.2922,231.4,,232.27294922,,11.2,0,0,0,0,,,984.87,,,27.25945635,,,7.514,0.7954,4.288,,,,0,-0.04614564,-0.05626191,0,-0.03338262,,1.691185,1.354096,0,0.03338262,0,955.6941,85.8,86,,,33.9382722,,-1.5,-1.5,20.63246,0.9493639,0.7599185,,,-1.17379519,,272,26.6,269,24,23.2,32.6,21.6,31.2,,,,
underway_1200.29881187,29881187,200809020,2008-12-09T19:00:00,20081209190000,MULTIPOINT ((-64.3504 80.1428)),80.1428,-64.3504,235.4,,237.9473877,,12.7,-0.07,-0.46,-0.42,-1.5,,,984.97,,,27.25727378,,,7.507,0.5494,4.294,,,,0,-0.03296117,-0.03971429,0,-0.03338262,,1.014713,1.354096,0,0,0,955.7185,82.8,83.5,,,33.93639095,,-1.5,-1.5,0,0.9513274,0.7603248,,,-1.17477544,,271,20.1,262,14.2,22.2,33.4,20.5,32.4,,,,
underway_1200.29881307,29881307,200809020,2008-12-09T19:20:00,20081209192000,MULTIPOINT ((-64.408 80.0664)),80.0664,-64.408,222.2,,223.22570801,,12.6,-0.07,-0.46,0.28,-1.35,,,984.77,,,27.22672228,,,8.695,0.5166,,,,,0,-0.0395534,-0.04633334,0,-0.03338262,,1.691162,1.861882,0,0.03338262,0,954.034,82.6,84,,,33.96683551,,-1.6,-1.7,0,0.9540861,0.761408,,,-1.23852505,,268,29.9,267,28.5,27.3,37.2,25.2,35.3,,,,
underway_1200.29881427,29881427,200809020,2008-12-09T19:40:00,20081209194000,MULTIPOINT ((-64.4494 79.9453)),79.9453,-64.4494,220.7,,220.0177002,,12.7,-0.02,-0.35,0.23,-0.38,,,984.84,,,27.17215877,,,8.186,0.5494,4.292,,,,0,-0.09229127,-0.1125238,0,-0.03338262,,3.213165,3.38524,0.06672293,0.03338262,0,953.0243,77.3,79.1,,,33.923058,,-1.5,-1.6,13.52912,0.958673,0.7607309,,,-1.26600674,,263,28.9,261,26.9,24.6,35.1,22.7,33.4,,,,
underway_1200.29881547,29881547,200809020,2008-12-09T20:00:00,20081209200000,MULTIPOINT ((-64.5047 79.8535)),79.8535,-64.5047,199.9,,199.95117188,,13.1,-0.06,-0.62,-0.36,-0.5,,,985.23,,,27.16561003,,,,0.6478,4.291,,,,13.86762,-0.1384369,-0.1588572,0.06672293,0,,5.411755,5.754907,0.1000844,0.1001479,0,953.0243,81.3,81.1,,,33.90291116,,-1.8,-1.8,0,0.9555129,0.76371,,,-1.25619045,,270,45.1,275,47.5,22.3,29.5,21,27.5,,,,
underway_1200.29881667,29881667,200809020,2008-12-09T20:20:00,20081209202000,MULTIPOINT ((-64.5739 79.7953)),79.7953,-64.5739,206,,203.97216797,,12.1,0.07,-0.31,0.8,-1.35,,,985.34,,,27.22671932,,,7.572,0.5822,4.284,,,,13.86769,-0.02636893,-0.03309524,0.06672293,0,,4.73531,5.07786,0.1000844,0.1001479,0,949.9828,85.3,84.1,,,33.92895333,,-1.9,-1.9,0,0.9536239,0.7636423,,,-1.20517088,,274,45.9,280,48.4,20,26.8,18.9,25,,,,
underway_1200.29881787,29881787,200809020,2008-12-09T20:40:00,20081209204000,MULTIPOINT ((-64.6363 79.738)),79.738,-64.6363,201.4,,209.39941406,,12.5,0.01,-0.45,-1.04,-1.97,,,985.33,,,27.2332697,,,8.393,0.4428,4.289,,,,0,-0.01648058,-0.01985714,0.03336146,0,,4.735328,4.570074,0.06672293,0.1001479,0,947.6122,90.3,88.8,,,33.96914029,,-1.9,-2,13.19127,0.9510568,0.7641162,,,-1.2326377,,279,40.7,282,41.8,20.2,26.2,19,24.5,,,0,
underway_1200.29881907,29881907,200809020,2008-12-09T21:00:00,20081209210000,MULTIPOINT ((-64.7051 79.6815)),79.6815,-64.7051,195.4,,194.22180176,,13.8,-0.04,-0.54,-0.17,-0.4,,,984.97,,,27.24963674,,,8.332,0.3936,4.285,,,,13.86733,-0.0197767,-0.0264762,0.06672293,0.03338262,,9.301255,9.140147,0.1334458,0.1001479,0,947.6145,91.3,90.6,,,33.9548431,,-1.6,-1.7,0,0.9518396,0.7626267,,,-1.20026737,,272,53.3,281,58.6,26.1,32.1,25,29.5,,,3611.33,
underway_1200.29882027,29882027,200809020,2008-12-09T21:20:00,20081209212000,MULTIPOINT ((-64.774 79.6136)),79.6136,-64.774,207.9,,205.42236328,,13.2,0.21,-0.68,0.06,-0.27,,,984.7,,,27.29110388,,,7.73,0.3444,,,,,30.10154,-0.01977649,-0.0264762,0.1000837,0.03338262,,11.49946,11.34055,0.2001674,0.2336784,0,947.5967,90,89.6,,,33.96720928,,-1.4,-1.5,29.08688,0.9521558,0.7607309,,,-1.16105337,,275,49.4,283,54.4,28.3,35.5,26.8,32.8,,,3617.24,
underway_1200.29882147,29882147,200809020,2008-12-09T21:40:00,20081209214000,MULTIPOINT ((-64.8317 79.509)),79.509,-64.8317,212.5,,213.84338379,,9.8,-0.03,-0.3,0.35,-0.23,,,984.92,,,27.30529127,,,8.256,0.2952,4.281,,,,13.86644,-0.0230726,-0.02978572,0.1668066,0.1001479,,19.61594,19.97291,0.3002518,0.3004436,0,947.5822,90,89.6,,,33.98666128,,-1.6,-1.7,13.52824,0.9530643,0.7610018,,,-1.16105337,,274,44.2,279,47.1,25.6,31.6,24,29.5,,,3598.85,
underway_1200.29882267,29882267,200809020,2008-12-09T22:00:00,20081209220000,MULTIPOINT ((-64.8961 79.4173)),79.4173,-64.8961,212,,210.58044434,,13.9,-0.13,-0.54,-0.31,-0.85,,,984.8,,,27.3009227,,,,0.2624,4.286,,,,0,-0.04614478,-0.05626191,0.2668868,0.2336784,,32.63876,33.68313,0.5671344,0.534122,0,946.8859,89.7,89.4,,,33.93954662,,-1.7,-1.7,0,0.9528489,0.7616112,,,-1.12480261,,277,45.6,283,48.6,26.7,34.9,25.2,32.5,,,3581.71,
underway_1200.29882387,29882387,200809020,2008-12-09T22:20:00,20081209222000,MULTIPOINT ((-64.9578 79.3327)),79.3327,-64.9578,200.2,,195.96313477,,11.1,-0.28,-0.46,1.24,0.23,,,985.1,,,27.30637809,,,8.062,0.2132,4.283,,,,0,-0.0395528,-0.05295239,0.433693,0.3672089,,50.73072,50.44007,0.9674691,0.8679482,0,941.8269,90.8,90.1,,,33.93037021,,-1.7,-1.9,13.18999,0.9527905,0.7623559,,,-1.11011242,,272,55.2,282,62.2,21.7,27.3,21,25.1,,,3562.93,
underway_1200.29882507,29882507,200809020,2008-12-09T22:40:00,20081209224000,MULTIPOINT ((-65.0047 79.2527)),79.2527,-65.0047,211.3,,213.58520508,,8.9,0.11,-0.31,-0.46,-0.75,,,985,,,27.29328317,,,8.092,0.2624,4.283,,,,13.86671,-0.0263689,-0.03640477,0.5671448,0.5007393,,69.33354,70.7515,1.301097,1.201774,0,940.7442,91.6,90.8,,,33.92686558,,-1.6,-1.7,0,0.952609,0.761408,,,-1.12284371,,279,49,285,52.8,25.1,29.8,23.7,27.7,,,3545.09,
underway_1200.29882627,29882627,200809020,2008-12-09T23:00:00,20081209230000,MULTIPOINT ((-65.0604 79.1846)),79.1846,-65.0604,197.1,,202.00561523,,9.8,0.09,-0.2,-0.04,-0.75,,,985.2,,,27.32819873,,,8.075,0.1394,4.283,,,,0,-0.04614564,-0.05626191,0.8006751,0.7010351,,94.36132,94.44818,1.768158,1.635749,0,940.8108,91.2,90.9,,,33.88159658,,-1.6,-1.8,29.08628,0.9520685,0.7612726,,,-1.04062627,,278,53.1,287,58.8,21.1,24.6,20.1,22.5,,,3618.87,
underway_1200.29882747,29882747,200809020,2008-12-09T23:20:00,20081209232000,MULTIPOINT ((-65.1091 79.1435)),79.1435,-65.1091,195,,193.2824707,,12.8,0.4,-0.18,0.18,-0.33,,,985.1,,,27.19178651,,,8.074,0.1312,4.285,,,,13.86637,-0.02636893,-0.02978572,0.9007596,0.7678003,,106.7034,107.9891,2.001688,1.869427,0,940.8204,90.4,90.7,,,33.74598438,,-1.5,-1.8,13.52817,0.9521126,0.7612726,,,-1.08563654,,276,55.2,285,61.3,21.9,26.9,21.4,24.8,,,3523.47,
underway_1200.29882867,29882867,200809020,2008-12-09T23:40:00,20081209234000,MULTIPOINT ((-65.155 79.1434)),79.1434,-65.155,207.8,,208.71826172,,3.6,0.24,-0.19,-0.31,-1.68,,,985.13,,,27.34675559,,,8.095,0.4346,,,,,14.20394,-0.04614459,-0.05626191,1.634654,1.435453,,181.9457,179.587,3.569551,3.271497,0,939.4013,90.7,90.4,,,33.95789061,,-1.7,-1.9,0,0.9532197,0.7607309,,,-1.08563654,,274,58.7,282,66.2,22.9,24.4,21.3,22.3,,,0,
underway_1200.29882987,29882987,200809020,2008-12-10T00:00:00,20081210000000,MULTIPOINT ((-65.1838 79.122)),79.122,-65.1838,203.7,,204.91699219,,7.1,,,,,,,985.24,,,27.22126227,,,8.279,0.328,,,,,0,-0.02636848,-0.02978572,1.501239,1.368688,,175.1801,177.7251,3.169282,2.937671,0,939.367,92.4,91.3,,,33.91590126,,-1.7,-1.9,13.18924,0.9512482,0.7612726,,,-1.20026737,,281,57.3,291,64.6,19.2,21.9,18.1,19.8,,,0,
underway_1200.29883107,29883107,200809020,2008-12-10T00:20:00,20081210002000,MULTIPOINT ((-65.2193 79.0689)),79.0689,-65.2193,218.4,,220.0177002,,10.7,,,,,,,984.85,,,27.15578165,,,8.286,0.3034,4.288,,,,0,-0.05932863,-0.05626191,1.234354,1.068244,,146.0941,143.8727,2.735594,2.436932,0,939.409,91.6,91.3,,,33.80499396,,-1.8,-1.9,0,0.9508289,0.7604602,,,-1.18163761,,279,41.1,283,42.9,23.9,30.7,22.3,28.7,,,3480.82,
underway_1200.29883227,29883227,200809020,2008-12-10T00:40:00,20081210004000,MULTIPOINT ((-65.2662 78.9997)),78.9997,-65.2662,222.9,,223.97827148,,13.5,,,,,,,984.82,,,27.28345915,,,8.077,0.0984,4.285,,,,14.20362,-0.05273459,-0.05295186,1.701309,1.46883,,199.1889,191.266,3.903004,3.33825,0,939.3844,91.9,91.7,,,33.88792193,,-1.8,-1.9,13.52726,0.9494105,0.7607309,,,-1.1003209,,288,40.7,293,42.5,23.3,31.4,21.7,29.3,,,3466.9,
underway_1200.29883347,29883347,200809020,2008-12-10T01:00:00,20081210010000,MULTIPOINT ((-65.3123 78.9001)),78.9001,-65.3123,217.5,,219.34753418,,9.6,,,,,,,984.85,,,27.30856424,,,8.107,0.1722,4.286,,,,0,-0.03295877,-0.04302346,2.10155,1.769273,,240.1083,226.4725,4.53668,3.805606,0,939.3112,92.9,91.9,,,33.97779605,,-1.8,-2,0,0.9498144,0.7597154,,,-1.14929403,,288,46.7,294,49.8,19.5,24.5,18.6,23,,,3003.45,
underway_1200.29883467,29883467,200809020,2008-12-10T01:20:00,20081210012000,MULTIPOINT ((-65.359 78.8088)),78.8088,-65.359,220.8,,220.66040039,,11,,,,,,,984.97,,,27.22998705,,,8.122,0.041,4.286,,,,0,-0.0527347,-0.05957142,2.10162,1.836044,,240.1083,237.3053,4.603548,4.172828,0,938.6374,92.1,91.5,,,33.85349626,,-1.8,-2,13.18905,0.9510318,0.759106,,,-1.13459801,,291,49.4,297,52.9,23.3,28.9,21.9,26.7,,,3421.5,
underway_1200.29883587,29883587,200809020,2008-12-10T01:40:00,20081210014000,MULTIPOINT ((-65.4158 78.7291)),78.7291,-65.4158,225.5,,227.07092285,,11.9,,,,,,,984.77,,,27.23544983,,,,0.0574,4.305,,,,13.86541,-0.04614358,-0.03640477,1.968251,1.735896,,226.5811,228.5037,4.370185,3.93915,0,937.9835,91.2,91.6,,,33.93982383,,-1.7,-1.9,0,0.9501526,0.7589706,,,-1.20419014,,291,42.7,295,44.4,22.9,29.9,21.4,27.9,,,3403.59,
underway_1200.29883707,29883707,200809020,2008-12-10T02:00:00,20081210020000,MULTIPOINT ((-65.4739 78.6168)),78.6168,-65.4739,220.2,,219.7265625,,13.9,,,,,,,984.61,,,27.37077137,,,8.053,0.0164,4.286,,,,0,-0.02636655,-0.02316594,1.701264,1.502123,,196.1448,199.3906,3.669392,3.404812,0,937.6042,91.1,91.4,,,34.06864835,,-1.6,-1.8,28.74536,0.9477177,0.7580228,,,-1.15419349,,287,41,292,43.2,20.4,28.8,19.1,26.8,,,3393.02,
underway_1200.29883827,29883827,200809020,2008-12-10T02:20:00,20081210022000,MULTIPOINT ((-65.5335 78.4987)),78.4987,-65.5335,220.1,,219.57824707,,13.9,,,,,,,984.48,,,27.41769661,,,8.078,-0.0082,4.288,,,,0,-0.03295647,-0.03309482,2.368291,2.06965,,273.25,272.5118,5.270281,4.773548,0,937.3356,90.3,91,,,34.09393404,,-1.5,-1.7,0,0.9482587,0.7572103,,,-1.11990549,,285,40.3,290,42.5,20.8,29.5,19.8,27.8,,,3379.09,
underway_1200.29883947,29883947,200809020,2008-12-10T02:40:00,20081210024000,MULTIPOINT ((-65.5913 78.3783)),78.3783,-65.5913,221.8,,220.25939941,,13.9,,,,,,,984.49,,,27.39259843,,,8.104,0,4.29,,,,13.86541,-0.01977372,-0.01985691,1.300888,1.168386,,155.394,159.4448,2.935338,2.737362,0,937.8912,89.9,90.7,,,34.09858128,,-1.4,-1.6,0,0.9481234,0.7564655,,,-1.15419349,,288,43,291,44.3,22.4,30.9,21,29,,,3337.73,
underway_1200.29884067,29884067,200809020,2008-12-10T03:00:00,20081210030000,MULTIPOINT ((-65.6502 78.2565)),78.2565,-65.6502,219.3,,217.57873535,,14,,,,,,,984.48,,,27.392598,,,8.108,0.0082,4.288,,,,0,-0.01977382,-0.01654762,1.901324,1.702514,,224.552,229.0114,4.269639,3.93915,0,936.9089,,90.8,,,34.09299932,,,-1.6,13.52723,0.9486646,0.7553146,,,-1.14929403,,288,42.6,294,44.7,19.5,27.7,18.4,25.9,,,3334.09,
underway_1200.29884187,29884187,200809020,2008-12-10T03:20:00,20081210032000,MULTIPOINT ((-65.7136 78.1503)),78.1503,-65.7136,209.3,,208.58642578,,14,,,,,,,984.43,,,27.44279743,,,8.106,-0.0082,4.288,,,,14.20359,-0.01977371,-0.02316644,2.034755,1.836034,,238.7556,242.7217,4.56986,4.206188,0,936.5716,90.8,91.7,,,34.1216303,,-1.3,-1.6,0,0.9487322,0.7566687,,,-1.11402946,,289,49.6,296,53.4,20.5,26.8,19.7,24.8,,,3265.2,
underway_1200.29884307,29884307,200809020,2008-12-10T03:40:00,20081210034000,MULTIPOINT ((-65.7815 78.0585)),78.0585,-65.7815,208.4,,207.71850586,,14,,,,,,,984.39,,,27.46680559,,,,0.0082,,,,,0,-0.04613843,-0.04633273,2.434992,2.136476,,281.3654,277.9282,5.537104,4.973983,0,936.5258,91.7,92.5,,,34.12997161,,-1.2,-1.6,13.189,0.9496759,0.7550438,,,-1.09248881,,294,51.2,302,55.7,18.9,24.4,18.4,22.4,,,3253.25,
underway_1200.29884427,29884427,200809020,2008-12-10T04:00:00,20081210040000,MULTIPOINT ((-65.8498 77.966)),77.966,-65.8498,209.4,,208.84460449,,14.1,,,,,,,984.22,,,27.45698519,,,8.13,-0.0328,4.288,,,,0,-0.05932027,-0.05625987,2.968676,2.637078,,344.2641,344.2789,6.77125,6.142054,0,936.4918,91.6,93,,,34.14106777,,-1.2,-1.6,0,0.9575141,0.7539604,,,-1.11402946,,293,50.9,302,56.1,19.7,25.4,19.3,23.4,,,3199.49,
underway_1200.29884547,29884547,200809020,2008-12-10T04:20:00,20081210042000,MULTIPOINT ((-65.9189 77.8724)),77.8724,-65.9189,208.8,,207.90527344,,14.2,,,,,,,984.19,,,27.49408692,,,8.092,-0.0492,4.294,,,,13.52647,-0.1120494,-0.1125181,3.902642,3.237916,,455.1658,408.5984,12.50847,10.51488,0,936.4865,91.2,92.9,,,34.12941236,,-1,-1.5,0,0.973365,0.7498982,,,-1.05921349,,295,50.5,302,54.5,18.4,23.9,17.9,22,,,3243.87,
underway_1200.29884667,29884667,200809020,2008-12-10T04:40:00,20081210044000,MULTIPOINT ((-65.9876 77.7758)),77.7758,-65.9876,210.3,,209.09729004,,14.2,,,,,,,984.06,,,27.50718072,,,8.081,-0.0328,,,,,0,-0.05272911,-0.03971079,3.702506,3.371371,,430.1207,433.6492,8.539114,7.87766,0,936.4865,89.7,92.4,,,34.11280998,,-0.9,-1.4,20.62686,0.9791333,0.7480025,,,-1.02888985,,296,49.5,304,53.7,17.4,23.3,17.1,21.5,,,3193.93,
underway_1200.29884787,29884787,200809020,2008-12-10T05:00:00,20081210050000,MULTIPOINT ((-66.0558 77.6805)),77.6805,-66.0558,209.1,,207.64709473,,14.2,,,,,,,984.14,,,27.56393112,,,7.78,-0.041,,,,,14.20148,-0.03625126,-0.02647379,2.901964,2.603653,,334.073,340.2166,6.504403,6.075191,0,936.4865,89.6,92.1,,,34.17143302,,-0.8,-1.4,0,0.9763858,0.7505753,,,-1.01226708,,296,51.6,305,56.5,18.2,23.7,17.9,21.8,,,3156.05,
underway_1200.29884907,29884907,200809020,2008-12-10T05:20:00,20081210052000,MULTIPOINT ((-66.1246 77.587)),77.587,-66.1246,209.6,,209.42687988,,14.1,,,,,,,983.97,,,27.56393375,,,7.835,-0.0574,4.292,,,,14.2012,-0.0329557,-0.01985605,3.902642,3.571674,,448.352,452.0988,8.906029,8.278273,0,936.4865,90,92.3,,,34.20487392,,-0.8,-1.4,13.52495,0.9780566,0.7473254,,,-1.0416044,,299,51.6,307,56.8,17.9,23.1,17.8,21.3,,,3084.95,
underway_1200.29885027,29885027,200809020,2008-12-10T05:40:00,20081210054000,MULTIPOINT ((-66.1924 77.4893)),77.4893,-66.1924,208.5,,207.40539551,,14.1,,,,,,,983.92,,,27.55629281,,,7.783,-0.0492,4.289,,,,0,-0.07250253,-0.06287328,5.703861,5.207032,,660.0172,655.0328,13.40908,12.41677,0,936.1487,90.4,92.7,,,34.17881748,,-0.8,-1.4,0,0.9787324,0.7466358,,,-1.02791192,,297,52.9,307,59,18.6,23.6,18.5,21.6,,,2996.1,
underway_1200.29885147,29885147,200809020,2008-12-10T06:00:00,20081210060000,MULTIPOINT ((-66.2604 77.3916)),77.3916,-66.2604,212.2,,214.29931641,,14.1,,,,,,,983.72,,,27.5475598,,,7.732,-0.0328,4.291,,,,0,-0.08568481,-0.06617994,4.236201,3.804995,,488.4194,487.7868,10.07349,9.278847,0,935.8109,89.4,92.6,,,34.14239268,,-0.7,-1.3,0,0.9810993,0.7447127,,,-1.00640129,,300,49.4,307,53,18.3,23.6,17.8,21.9,,,2946.87,
underway_1200.29885267,29885267,200809020,2008-12-10T06:20:00,20081210062000,MULTIPOINT ((-66.3253 77.2821)),77.2821,-66.3253,215.4,,214.72229004,,14.2,,,,,,,983.7,,,27.50390825,,,7.605,-0.041,4.283,,,,0,-0.1087538,-0.1025767,4.970031,4.639394,,572.7812,595.3989,10.87403,10.34685,0,936.4865,89.7,92.6,,,34.12948007,,-0.7,-1.3,13.52494,0.9806258,0.7460256,,,-1.04747354,,301,50.1,309,54.8,18.4,24.2,18.2,22.4,,,2947.44,
underway_1200.29885387,29885387,200809020,2008-12-10T06:40:00,20081210064000,MULTIPOINT ((-66.3701 77.1709)),77.1709,-66.3701,276.1,,263.28186035,,5.9,,,,,,,983.7,,,27.39805722,,,7.611,-0.0328,4.282,,,,14.20152,-0.09886708,-0.06948767,5.103455,4.639377,,587.6722,599.4345,12.07484,10.94759,0,935.8109,91.9,93.1,,,34.13177148,,-1.3,-1.3,0,0.9799045,0.7426083,,,-1.17673598,,305,36,306,36.2,15.7,20.9,14.6,19.8,,,2842.36,
underway_1200.29885507,29885507,200809020,2008-12-10T07:00:00,20081210070000,MULTIPOINT ((-66.4038 77.0661)),77.0661,-66.4038,228.6,,227.74108887,,13,,,,,,,983.74,,,27.430794,,,7.547,-0.0246,4.293,,,,0,-0.03954683,-0.03308862,4.169489,3.838109,,483.5169,497.5532,9.206232,8.57734,0,935.8109,91,92.9,,,34.1252712,,-0.8,-1.3,13.52495,0.9788004,0.7449082,,,-1.13165923,,306,45.8,311,47.7,17.3,23.9,16.4,22.3,,,2799.72,
underway_1200.29885627,29885627,200809020,2008-12-10T07:20:00,20081210072000,MULTIPOINT ((-66.436 76.9865)),76.9865,-66.436,216.6,,219.53979492,,4.6,,,,,,,984.01,,,27.39369215,,,,0.0082,,,,,30.093,-0.04613797,-0.03970306,4.102778,3.737693,,468.3011,485.7001,8.939386,8.343066,0,935.8109,90.4,93,,,34.13025379,,-0.8,-1.2,29.07862,0.9819108,0.7483505,,,-1.18065726,,306,69.4,317,78.3,15,15.8,14,14,,,2816.16,
underway_1200.29885747,29885747,200809020,2008-12-10T07:40:00,20081210074000,MULTIPOINT ((-66.4862 76.9241)),76.9241,-66.4862,206.2,,204.30175781,,13,,,,,,,983.91,,,27.37295965,,,7.449,0.0246,4.281,,,,14.2012,-0.06591138,-0.04962649,4.236201,3.904467,,491.1246,507.3618,9.606503,8.943566,0,935.8109,89.4,92.6,,,34.14319699,,-0.5,-1.3,0,0.9849543,0.7478086,,,-1.21694088,,305,54,314,60,14.2,17.7,14.5,16.2,,,,
underway_1200.29885867,29885867,200809020,2008-12-10T08:00:00,20081210080000,MULTIPOINT ((-66.5446 76.8194)),76.8194,-66.5446,227.2,,227.8894043,,12.8,,,,,,,983.78,,,27.40242012,,,7.433,0.0246,4.288,,,,14.20126,-0.07909366,-0.05293476,3.769218,3.504008,,438.2105,457.929,8.73925,8.142646,0,936.4865,90.1,92.9,,,34.10535148,,-0.8,-1.3,13.52501,0.9871232,0.7448707,,,-1.14831419,,312,43.9,317,44.9,14.1,20,13.4,18.7,,,,
underway_1200.29885987,29885987,200809020,2008-12-10T08:20:00,20081210082000,MULTIPOINT ((-66.5796 76.664)),76.664,-66.5796,243.3,,241.83105469,,13,,,,,,,983.74,,,27.41115003,,,7.589,-0.0246,,,,,13.86306,-0.04943354,-0.05293476,2.901964,2.636348,,334.4042,344.0407,6.471048,6.00687,0,935.8109,93,92.8,,,34.10504175,,-1.1,-1.2,0,0.9828575,0.744062,,,-1.13753694,,327,39.2,331,39.3,12,18.6,11.4,17.6,,,,
underway_1200.29886107,29886107,200809020,2008-12-10T08:40:00,20081210084000,MULTIPOINT ((-66.6337 76.5661)),76.5661,-66.6337,204,,201.57165527,,13.1,,,,,,,983.86,,,27.42096677,,,7.674,0,4.285,,,,0,-0.06261582,-0.06286004,3.368947,3.170292,,388.5144,413.4248,7.871996,7.57533,0,935.8109,92.6,93.3,,,34.04830699,,-0.6,-1.3,0,0.9862653,0.7429801,,,-1.0758489,,322,58.5,330,65.7,12.3,13,13.1,11.8,,,,
underway_1200.29886227,29886227,200809020,2008-12-10T09:00:00,20081210090000,MULTIPOINT ((-66.702 76.5098)),76.5098,-66.702,182.8,,180.49987793,,13.3,,,,,,,983.92,,,27.51045223,,,7.714,-0.0246,,,,,0,-0.08568481,-0.05955161,4.169489,3.937837,,486.8989,519.4941,9.606503,9.010305,0,936.4865,91.4,93.1,,,34.0839436,,-0.8,-0.9,13.52497,0.989825,0.7445517,,,-0.99955857,,320,75.7,326,85.8,14.1,10,15.1,9.1,,,,
underway_1200.29886347,29886347,200809020,2008-12-10T09:20:00,20081210092000,MULTIPOINT ((-66.775 76.5038)),76.5038,-66.775,180.5,,179.40124512,,13.2,,,,,,,983.78,,,27.56720169,,,,-0.0164,,,,,0,-0.03954683,-0.0297758,3.435659,3.103549,,398.3095,404.4006,8.138842,7.408473,0,935.1353,91.8,92.4,,,34.13030427,,-0.8,-0.9,0,0.989417,0.7439617,,,-0.97219528,,320,67.6,325,81.9,12.7,9.1,14.5,8.5,,,,
underway_1200.29886467,29886467,200809020,2008-12-10T09:40:00,20081210094000,MULTIPOINT ((-66.8482 76.5007)),76.5007,-66.8482,180.9,,179.34631348,,13.2,,,,,,,983.62,,,27.57811217,,,7.654,-0.0246,,,,,13.86306,-0.09886708,-0.07609373,4.169489,4.00458,,484.1929,530.1186,9.940063,9.410762,0,935.1353,91.3,92.3,,,34.10191293,,-0.3,-1,0,0.9924602,0.742606,,,-0.93410231,,322,62.2,328,70.5,11.7,8.3,12.6,7.3,,,,
underway_1200.29886587,29886587,200809020,2008-12-10T10:00:00,20081210100000,MULTIPOINT ((-66.921 76.4965)),76.4965,-66.921,181.5,,179.58251953,,13.2,,,,,,,983.68,,,27.63595115,,,7.565,-0.0164,4.29,,,,0,-0.1219361,-0.09594426,2.768541,3.036807,,329.5014,403.7226,6.504403,6.874529,0,935.1353,90.6,92.3,,,34.11754379,,-0.3,-1.1,13.18682,0.9938803,0.7426737,,,-0.87847018,,322,63.8,327,72.5,11.9,8.5,12.9,7.6,,,358.78,
underway_1200.29886707,29886707,200809020,2008-12-10T10:20:00,20081210102000,MULTIPOINT ((-66.9937 76.484)),76.484,-66.9937,183.8,,182.97729492,,13,,,,,,,983.67,,,27.43406826,,,7.567,0.0246,4.289,,,,14.20119,-0.06591138,-0.04631792,2.434982,2.302634,,285.0381,298.8157,5.670506,5.406183,0,936.4865,90,92.9,,,34.13199263,,-0.4,-1.2,29.41675,0.9938803,0.7453133,,,-1.1336184,,318,62.6,324,70.1,12,9.9,12.9,9,,,331.47,
underway_1200.29886827,29886827,200809020,2008-12-10T10:40:00,20081210104000,MULTIPOINT ((-67.066 76.4684)),76.4684,-67.066,183.4,,182.74658203,,13.1,,,,,,,983.63,,,27.43078929,,,7.434,0.0656,4.285,,,,0,-0.03954683,-0.01323369,1.834575,1.668575,,211.8344,218.2726,4.036066,3.804351,0,936.4865,90.1,93.3,,,34.06508229,,-0.4,-1.3,0,0.9925279,0.7499781,,,-1.07878503,,313,56.2,319,62.6,11.2,10.4,12,9.5,,,340.62,
underway_1200.29886947,29886947,200809020,2008-12-10T11:00:00,20081210110000,MULTIPOINT ((-67.1363 76.4326)),76.4326,-67.1363,213.2,,212.08557129,,13,,,,,,,983.53,,,27.53664142,,,7.624,0.0738,4.29,,,,0,-0.0329557,-0.00992527,1.901287,1.701946,,218.4278,224.7038,4.269557,4.00458,0,936.4865,89.9,93.3,,,34.06976508,,-0.6,-1.2,13.52494,0.9916487,0.7502535,,,-0.95558776,,315,48.3,321,52.1,11.7,15.7,12,14.7,,,,
underway_1200.29887067,29887067,200809020,2008-12-10T11:20:00,20081210112000,MULTIPOINT ((-67.2015 76.3606)),76.3606,-67.2015,198.9,,196.57287598,,11.7,,,,,,,983.59,,,27.48971924,,,8.242,0.328,4.284,,,,14.20119,-0.01977342,-0.00992527,1.834575,1.635204,,211.1581,216.2436,3.802574,3.537379,0,927.0271,90.7,93.6,,,34.09561918,,-0.7,-1.2,0,0.9914458,0.7496445,,,-1.03475778,,313,49.8,320,54,8.9,11.4,9.4,10.6,,,,
underway_1200.29887187,29887187,200809020,2008-12-10T11:40:00,20081210114000,MULTIPOINT ((-67.2697 76.4043)),76.4043,-67.2697,161.9,,160.1751709,,13.3,,,,,,,983.61,,,27.55956084,,,8.032,0.1558,4.283,,,,14.20119,-0.02966012,-0.01985054,1.501016,1.368232,,177.1767,183.0795,3.469015,3.203664,0,927.0271,92,93.5,,,34.10545201,,-1.1,-1,0,0.9915135,0.7461249,,,-0.95949501,,318,42.9,319,44.7,9.6,6,9.9,5.7,,,347.98,
underway_1200.29887307,29887307,200809020,2008-12-10T12:00:00,20081210120000,MULTIPOINT ((-67.3377 76.4737)),76.4737,-67.3377,169.5,,168.15673828,,12.8,,,,,,,983.62,,,27.52682388,,,7.372,0.205,,,,,13.86306,-0.03954683,-0.0297758,2.101422,2.035661,,240.913,263.6209,4.769896,4.705381,0,926.6893,91.7,93.1,,,34.11851934,,-1,-0.9,12.84869,0.9917164,0.7381385,,,-1.01031176,,320,45.8,322,48,9.1,6.6,9.5,6.2,,,,
underway_1200.29887427,29887427,200809020,2008-12-10T12:20:00,20081210122000,MULTIPOINT ((-67.4085 76.4352)),76.4352,-67.4085,202.7,,204.41162109,,13.2,,,,,,,983.55,,,27.54973513,,,7.586,0.0902,4.29,,,,14.20119,-0.09886708,-0.1058695,1.901287,1.768689,,221.809,227.7495,4.503048,4.271552,0,926.3514,88.8,92.5,,,34.05107331,,-0.4,-1.2,0,0.9919868,0.7423348,,,-0.92336238,,321,49.1,327,52.6,11.6,13,11.8,11.9,,,,
underway_1200.29887547,29887547,200809020,2008-12-10T12:40:00,20081210124000,MULTIPOINT ((-67.4685 76.4655)),76.4655,-67.4685,128.8,,131.00646973,,13.1,,,,,,,983.72,,,27.64249737,,,8.189,0.1312,4.289,,,,0,-0.04943354,-0.0430095,1.234169,1.101259,,147.252,149.2385,2.835253,2.636348,0,925.6758,89.6,92.2,,,34.09879898,,-1,-1,13.52486,0.9917783,0.7461927,,,-0.85408591,,321,336.5,324,331.6,9.1,4.5,9.1,4.8,,,,
underway_1200.29887667,29887667,200809020,2008-12-10T13:00:00,20081210130000,MULTIPOINT ((-67.5209 76.3776)),76.3776,-67.5209,231.8,,231.45446777,,13.5,,,,,,,983.58,,,27.65013912,,,7.803,0.2132,4.287,,,,0,-0.0329557,-0.03639265,0.9673215,0.8342875,,116.14,118.1049,2.268202,2.069033,0,925.6758,90.3,91.9,,,34.13352707,,-1,-1.2,0,0.991805,0.7494413,,,-0.87554356,,326,39.8,331,40.1,10.5,16.4,10,15.4,,,347.54,
underway_1200.29887787,29887787,200809020,2008-12-10T13:20:00,20081210132000,MULTIPOINT ((-67.5781 76.2616)),76.2616,-67.5781,202.4,,201.30249023,,13,,,,,,,983.67,,,27.64687412,,,7.737,0.6478,,,,,0,-0.01977332,-0.02315896,0.700473,0.600687,,86.0508,87.47882,1.567725,1.468346,0,925.6758,90.5,92,,,34.2457164,,-1,-1.1,13.18657,0.9920356,0.7512688,,,-0.97805782,,336,40.3,339,40.9,8.3,9.6,8.4,9.1,,,369.83,
underway_1200.29887907,29887907,200809020,2008-12-10T13:40:00,20081210134000,MULTIPOINT ((-67.6453 76.1962)),76.1962,-67.6453,187.4,,185.19104004,,12.8,,,,,,,983.71,,,27.57266214,,,8.15,0.861,4.282,,,,0,-0.0197734,-0.02315896,0.633762,0.533944,,77.93741,79.5262,1.46766,1.33486,0,925.6758,91.6,92.3,,,34.18224761,,-1.1,-1,0,0.9924594,0.751878,,,-1.01128941,,334,35.9,336,35.6,7.7,7.6,7.8,7.3,,,,
underway_1200.29888027,29888027,200809020,2008-12-10T14:00:00,20081210140000,MULTIPOINT ((-67.7192 76.1865)),76.1865,-67.7192,189.2,,189.37683105,,13.4,,,,,,,983.55,,,27.59121027,,,8.089,0.5248,4.289,,,,14.20118,-0.03954681,-0.04631792,0.9673211,0.8342875,,112.257,114.7208,2.201489,2.069033,0,925.6758,93.1,92.4,,,34.13751342,,-1.1,-1,13.18681,0.9924598,0.7512688,,,-0.94972735,,337,38.5,340,38.1,8.8,7.7,8.9,7.2,,,,
underway_1200.29888147,29888147,200809020,2008-12-10T14:20:00,20081210142000,MULTIPOINT ((-67.7832 76.1031)),76.1031,-67.7832,227.6,,227.94433594,,13.2,,,,,,,983.54,,,27.62722021,,,8.101,2.132,4.29,,,,0,-0.04613794,-0.05624319,0.633762,0.5005725,,75.0634,75.63449,1.434304,1.33486,0,925.6758,93.3,92.8,,,34.10898396,,-1,-1.1,0,0.9924598,0.7523517,,,-0.88139694,,337,43.3,343,44.9,9.9,13.6,10,12.7,,,403.07,
underway_1200.29888267,29888267,200809020,2008-12-10T14:40:00,20081210144000,MULTIPOINT ((-67.8381 75.9882)),75.9882,-67.8381,214,,212.60192871,,13.3,,,,,,,983.53,,,27.59447272,,,8.073,5.2398,,,,,0,-0.04613794,-0.05293476,0.3669149,0.333715,,48.01352,48.39254,0.8672534,0.800916,0,925.6758,93.4,93.2,,,33.99385297,,-1.1,-1.2,13.18681,0.992798,0.7540438,,,-0.81898946,,334,42.4,338,43.5,8.9,11.8,9,11.1,,,417.27,
underway_1200.29888387,29888387,200809020,2008-12-10T15:00:00,20081210150000,MULTIPOINT ((-67.9053 75.9184)),75.9184,-67.9053,183.8,,182.36755371,,13.6,,,,,,,983.45,,,27.65778114,,,,6.0188,4.288,,,,0,-0.06591135,-0.06947688,0.3669149,0.333715,,47.33728,47.88492,0.8672534,0.800916,0,923.6487,93.9,93.5,,,34.17163342,,-1.2,-1.1,0,0.9934066,0.7550591,,,-0.89993629,,334,29.7,337,26.1,7.7,7.9,7.4,7.7,,,437,
underway_1200.29888507,29888507,200809020,2008-12-10T15:20:00,20081210152000,MULTIPOINT ((-67.9757 75.9742)),75.9742,-67.9757,152.2,,150.65002441,,13.8,,,,,,,983.56,,,27.58029837,,,7.8,7.667,4.288,,,,0,-0.01647784,-0.01985054,0.333559,0.266972,,37.1939,37.73264,0.667118,0.600687,0,922.9731,94.8,93.6,,,34.14817365,,-1.3,-1.3,29.07887,0.9934829,0.7553298,,,-0.97219528,,343,356,356,347,5.3,8.8,5.9,8.8,,,452.14,
underway_1200.29888627,29888627,200809020,2008-12-10T15:40:00,20081210154000,MULTIPOINT ((-68.0295 76.0743)),76.0743,-68.0295,146.2,,143.79455566,,8.8,,,,,,,983.62,,,27.41005134,,,7.748,6.273,,,,,14.20119,-0.03295567,-0.03308423,0.333559,0.266972,,39.22233,39.59425,0.7338298,0.66743,0,923.9866,95.1,94.2,,,34.01005217,,-1.3,-1.2,0,0.9935421,0.7553364,,,-1.05529992,,355,328.3,360,324.2,5.6,4.8,5.8,5.2,,,,
underway_1200.29888743,29888743,200809020,2008-12-10T16:00:00,20081210160000,MULTIPOINT ((-68.0919 76.1641)),76.1641,-68.0919,156.9,,153.04504395,,13,-0.03,-0.43,1.24,-0.25,,,983.78,,,27.72543391,,,7.945,4.0508,4.293,,,,0,-0.03954681,-0.04962634,0.333559,0.2336005,,35.16485,35.70478,0.667118,0.600687,0,922.9731,95.5,94.6,,,34.07794046,,-1.4,-1.4,0,0.9936774,0.756332,,,-0.73620178,,348,357.9,1,349.5,4.6,8.6,5.2,8.6,,,473.43,
underway_1200.29888863,29888863,200809020,2008-12-10T16:20:00,20081210162000,MULTIPOINT ((-68.1557 76.2587)),76.2587,-68.1557,151.8,,147.60131836,,13.5,-0.08,-0.46,0.45,-0.15,,,983.86,,,27.74398391,,,7.691,4.6576,4.292,,,,13.86306,-0.03295567,-0.03970108,0.2001354,0.1668575,,24.34489,24.70779,0.4336267,0.400458,0,917.5677,95.6,94.9,,,34.05141007,,-1.4,-1.4,13.52494,0.9937452,0.7573446,,,-0.69047258,,346,350.6,354,343.2,6.4,7.5,6.9,7.6,,,499.79,
underway_1200.29888983,29888983,200809020,2008-12-10T16:40:00,20081210164000,MULTIPOINT ((-68.2208 76.3571)),76.3571,-68.2208,163.8,,162.82287598,,13.3,-0.17,-0.38,0.29,0.03,,,983.96,,,27.9666375,,,7.727,5.4858,4.293,,,,13.86306,-0.02636454,-0.02977682,0.1334236,0.1001176,,16.56805,16.58478,0.3002031,0.3003529,0,917.5677,95.8,95.1,,,34.34616578,,-1.4,-1.3,0,0.9942185,0.7573492,,,-0.68463725,,350,356.1,359,348.3,5.9,7.5,6.1,7.6,,,518.41,
underway_1200.29889103,29889103,200809020,2008-12-10T17:00:00,20081210170000,MULTIPOINT ((-68.2807 76.4365)),76.4365,-68.2807,146.5,,144.79431152,,10.8,-0.04,-0.44,0.15,-0.08,,,984.03,,,28.03102839,,,,4.756,4.282,,,,13.52494,-0.0098867,-0.01323476,0.0667118,0.03337468,,9.63652,9.307835,0.1667795,0.1668734,0,917.5677,95.9,95.3,,,34.36140175,,-1.3,-1.2,13.18682,0.9944212,0.7572177,,,-0.62145632,,358,339.1,4,332.7,5.2,6.9,5.7,7.2,,,540.22,
underway_1200.29889223,29889223,200809020,2008-12-10T17:20:00,20081210172000,MULTIPOINT ((-68.3279 76.5199)),76.5199,-68.3279,147.8,,140.78979492,,9.2,-0.13,-0.5,0.28,0.03,,,984.29,,,28.0550353,,,7.501,6.15,4.286,,,,0,-0.0197734,-0.02316176,0.0667118,0,,8.114964,7.953968,0.1334236,0.1335036,0,918.919,95.8,95.3,,,34.32431894,,-1.3,-1,0,0.9946918,0.75627,,,-0.56028088,,1,308.8,6,309.8,7.8,5.2,7.8,5.8,,,546.76,
underway_1200.29889343,29889343,200809020,2008-12-10T17:40:00,20081210174000,MULTIPOINT ((-68.3617 76.6182)),76.6182,-68.3617,132.5,,129.6496582,,8.9,0.37,-0.3,0.41,0.18,,,984.33,,,28.03538323,,,8.055,6.806,4.293,,,,13.86306,-0.0098867,-0.0132357,0.0333559,0,,4.733729,4.907768,0.0667118,0.1001321,0,917.5677,95.8,95.2,,,34.22970176,,-1.3,-1,13.52494,0.9948271,0.7554577,,,-0.5001354,,3,305.1,9,307.3,7.9,7.3,7.9,8,,,573.25,
underway_1200.29889463,29889463,200809020,2008-12-10T18:00:00,20081210180000,MULTIPOINT ((-68.395 76.7169)),76.7169,-68.395,118,,113.92272949,,8.9,0,0,0,0,,,984.38,,,28.08232507,,,8.144,7.5358,,,,,0,-0.0197734,-0.02977876,0.0667118,0,,6.086223,5.923168,0.1000677,0.1001228,0,917.5677,95.8,95.1,,,34.39535977,,-1.2,-1,0,0.9948947,0.7554577,,,-0.59037553,,12,324.4,15,321.5,6.2,9.4,6.9,10,,,594.47,
underway_1200.29889583,29889583,200809020,2008-12-10T18:20:00,20081210182000,MULTIPOINT ((-68.4167 76.8374)),76.8374,-68.4167,114.7,,120.73425293,,8.4,0.04,-0.32,-0.29,-0.71,,,984.47,,,28.02774963,,,8.351,7.0602,4.291,,,,29.75331,-0.03625124,-0.04631858,0.0667118,0,,7.945486,7.953968,0.1334236,0.1001148,0,917.5677,95.8,94.9,,,34.30291852,,-1.2,-1.1,29.0771,0.9947748,0.7559992,,,-0.5738702,,17,314.9,21,313.7,6.2,9.5,6.8,10.2,,,613.19,
underway_1200.29889703,29889703,200809020,2008-12-10T18:40:00,20081210184000,MULTIPOINT ((-68.4404 76.9546)),76.9546,-68.4404,117.6,,115.51025391,,9.1,-0.07,-0.59,0.67,0.39,,,984.59,,,28.00374133,,,8.355,8.2492,4.285,,,,0,-0.03295532,-0.04301108,0.06671002,0,,6.761399,6.430868,0.100065,0.1001193,0,916.2163,95.6,94.7,,,34.32120658,,-1.3,-1,0,0.9946694,0.7558638,,,-0.61854183,,9,322.5,13,320.4,6.2,9.3,6.8,9.9,,,,
underway_1200.29889823,29889823,200809020,2008-12-10T19:00:00,20081210190000,MULTIPOINT ((-68.4695 77.0639)),77.0639,-68.4695,122.5,,118.70727539,,8.9,0.02,-0.27,0.54,0.24,,,984.77,,,28.02666515,,,,5.494,4.291,,,,14.19892,-0.03954671,-0.04962856,0.06671176,0,,6.761389,7.107802,0.1334235,0.1001167,0,916.2163,95.3,94.5,,,34.38867979,,-1.3,-1,0,0.9948709,0.7559992,,,-0.65060874,,22,324.5,24,321.7,6.5,10,7.2,10.6,,,,
underway_1200.29889943,29889943,200809020,2008-12-10T19:20:00,20081210192000,MULTIPOINT ((-68.4946 77.179)),77.179,-68.4946,121.3,,119.04785156,,8.9,0.06,-0.2,0.71,0.5,,,984.91,,,28.05613262,,,7.935,6.765,4.29,,,,0,-0.0296601,-0.03970287,0.0667118,0,,6.254227,6.430868,0.1000677,0.1001211,0,917.2298,95.7,94.7,,,34.39865853,,-1.2,-1,13.18459,0.9952673,0.7559992,,,-0.62437094,,33,325.2,34,322.3,6.9,11.4,7.8,12.1,,,,
underway_1200.29890063,29890063,200809020,2008-12-10T19:40:00,20081210194000,MULTIPOINT ((-68.5198 77.296)),77.296,-68.5198,120.2,,117.70202637,,9,0.42,0.03,0.74,0.57,,,984.97,,,28.08778648,,,7.957,10.906,4.283,,,,14.19878,-0.0197734,-0.02646999,0.0667118,0,,6.761326,6.938568,0.1334236,0.1001206,0,916.2163,95.6,94.9,,,34.45254204,,-1.4,-1.2,0,0.9955377,0.7573531,,,-0.63408735,,41,320.4,42,318.6,9.9,14.6,10.9,15.5,,,737.22,
underway_1200.29890183,29890183,200809020,2008-12-10T20:00:00,20081210200000,MULTIPOINT ((-68.546 77.4104)),77.4104,-68.546,122.7,,117.84484863,,8.8,0.19,-0.09,0.28,0.03,,,985.03,,,27.98192135,,,8.132,7.6752,4.285,,,,0,-0.01647784,-0.01654328,0.0667118,0,,6.761326,6.600109,0.1000677,0.1001242,0,916.2163,95.9,95,,,34.40900192,,-1.6,-1.4,29.0737,0.9952672,0.7587079,,,-0.72160368,,34,308,36,308.3,13.6,16.3,14.6,17.5,,,524.77,
underway_1200.29890303,29890303,200809020,2008-12-10T20:20:00,20081210202000,MULTIPOINT ((-68.5565 77.4873)),77.4873,-68.5565,302.4,,308.64440918,,3.4,-0.15,-0.36,0.14,-0.04,,,985.31,,,27.81931031,,,8.21,4.1492,4.288,,,,0,-0.01647773,-0.01985336,0.06670958,0.03337674,,10.14199,10.49276,0.2001287,0.1668837,0,913.8514,95.9,95.1,,,34.37829476,,-1.6,-1.7,0,0.9947263,0.7604878,,,-0.88822658,,35,72.9,48,85.1,14.5,14.7,13.8,13.3,,,406.76,
underway_1200.29890423,29890423,200809020,2008-12-10T20:40:00,20081210204000,MULTIPOINT ((-68.5484 77.4447)),77.4447,-68.5484,296.8,,302.45910645,,3,-0.12,-0.42,0.05,-0.17,,,985.24,,,27.8695096,,,8.013,4.8052,4.281,,,,0,-0.00988667,-0.0165447,0.1334235,0.06675527,,13.69331,13.87805,0.266847,0.2336434,0,913.5136,96.6,95.3,,,34.3586173,,-1,-1.6,0,0.9943711,0.7609236,,,-0.81119295,,37,79.8,55,99,12.1,12,12.3,11.2,,,477.53,
underway_1200.29890543,29890543,200809020,2008-12-10T21:00:00,20081210210000,MULTIPOINT ((-68.5405 77.4034)),77.4034,-68.5405,289,,287.6550293,,3.1,-0.04,-0.46,0.42,0.05,,,985.26,,,27.91971327,,,,5.7974,4.283,,,,0,-0.01647784,-0.01654484,0.1334236,0.1001326,,18.93484,19.2929,0.333559,0.3671527,0,914.865,95.7,95.5,,,34.3890227,,-1,-1.6,13.18677,0.9932678,0.7610201,,,-0.77806875,,59,116.8,53,113,10.4,8.7,11.7,10.2,,,523.28,
underway_1200.29890663,29890663,200809020,2008-12-10T21:20:00,20081210212000,MULTIPOINT ((-68.5515 77.4096)),77.4096,-68.5515,128.8,,112.68127441,,3.2,0.1,-0.43,0.82,0.48,,,985.11,,,27.93281303,,,7.929,6.0598,4.28,,,,14.20118,-0.0197734,-0.02316214,0.1667795,0.1001241,,18.93491,19.46189,0.333559,0.3671218,0,913.5136,95.8,95.3,,,34.43575876,,-1.7,-1.5,0,0.9934742,0.75898,,,-0.80339742,,33,294.7,39,299.5,13.2,13.3,14.2,14.6,,,504.36,
underway_1200.29890783,29890783,200809020,2008-12-10T21:40:00,20081210214000,MULTIPOINT ((-68.5592 77.4513)),77.4513,-68.5592,113.6,,98.35510254,,3,0.42,-0.19,0.73,0.25,,,985.06,,,27.8706006,,,7.736,4.5756,,,,,21.30177,-0.01647762,-0.01985189,0.2001332,0.1668666,,25.19019,25.55401,0.4669776,0.40048,0,912.1623,95.4,94.7,,,34.35454087,,-2,-1.8,13.52494,0.9931361,0.7608666,,,-0.80632063,,42,314.3,42,313.2,15,16.2,16,17.2,,,,
underway_1200.29890903,29890903,200809020,2008-12-10T22:00:00,20081210220000,MULTIPOINT ((-68.5651 77.4943)),77.4943,-68.5651,100.2,,88.40698242,,3.4,0.14,-0.55,0.91,0.65,,,985.05,,,27.79530442,,,8.041,4.8134,4.288,,,,14.20118,-0.02636451,-0.03970644,0.2668472,0.2002602,,31.7836,32.32423,0.6004061,0.5340273,0,910.8109,95.3,94.4,,,34.41706895,,-2.1,-1.9,0,0.992798,0.7619718,,,-0.95070405,,43,324.8,40,322.3,13.7,15.9,14.7,16.8,,,417.75,
underway_1200.29891023,29891023,200809020,2008-12-10T22:20:00,20081210222000,MULTIPOINT ((-68.5656 77.5642)),77.5642,-68.5656,90.2,,84.4519043,,4.7,0.11,-0.23,0.92,0.68,,,985.11,,,27.81712744,,,7.658,3.9934,4.286,,,,14.20118,-0.01647784,-0.01654515,0.2001354,0.1668876,,26.20456,26.57185,0.4669826,0.4005302,0,910.8109,94.1,93.6,,,34.37532093,,-2,-1.9,0,0.9919864,0.7631028,,,-0.88822658,,41,328,37,324.2,14.1,17.5,15.2,18.4,,,310.4,
underway_1200.29891143,29891143,200809020,2008-12-10T22:40:00,20081210224000,MULTIPOINT ((-68.5634 77.6356)),77.6356,-68.5634,87.9,,79.89807129,,4.7,-0.06,-0.43,0.9,0.58,,,984.97,,,27.85750742,,,7.733,3.9032,4.281,,,,28.74049,-0.0197734,-0.02647363,0.333559,0.2336577,,36.17921,36.8982,0.667118,0.6008341,0,910.8109,93.2,93,,,34.38905031,,-2,-1.9,28.06424,0.9917836,0.7631497,,,-0.85213558,,32,325,31,322.9,15.5,18.6,16.6,19.6,,,,
underway_1200.29891263,29891263,200809020,2008-12-10T23:00:00,20081210230000,MULTIPOINT ((-68.5613 77.7075)),77.7075,-68.5613,83.7,,74.71801758,,4.7,0.15,-0.45,0.88,0.55,,,985.13,,,27.7156362,,,7.588,2.6978,4.29,,,,0,-0.01647784,-0.01654599,0.2668472,0.2002726,,30.60017,31.48271,0.5336944,0.4673026,0,909.4595,93,92.9,,,34.38101284,,-2.2,-2.1,0,0.9917836,0.7639804,,,-1.01422247,,28,325.6,25,322.3,15.5,18.6,16.8,19.7,,,0,
underway_1200.29891383,29891383,200809020,2008-12-10T23:20:00,20081210232000,MULTIPOINT ((-68.5616 77.7887)),77.7887,-68.5616,84.4,,77.44812012,,3.6,0.44,-0.48,0.77,0.02,,,985.29,,,27.67743859,,,7.737,1.476,4.288,,,,14.20118,-0.0197734,-0.01985565,0.333559,0.267049,,39.89856,40.45361,0.667118,0.6008601,0,909.4595,92.5,92.6,,,34.35229705,,-2.1,-2,30.09298,0.9915807,0.76371,,,-1.03475778,,30,325.2,28,322.6,11.1,13.6,12,14.3,,,107.52,
underway_1200.29891503,29891503,200809020,2008-12-10T23:40:00,20081210234000,MULTIPOINT ((-68.5663 77.8503)),77.8503,-68.5663,92.1,,81.18347168,,4,0.3,-0.38,0.72,0.08,,,985.38,,,27.60759206,,,7.66,1.0578,4.287,,,,14.20118,-0.0197734,-0.02316521,0.4336267,0.4005699,,53.25444,54.50236,0.9006093,0.8345206,0,909.4595,90,90.9,,,34.29814659,,-2.2,-2.1,13.52494,0.9909721,0.7633037,,,-1.07095567,,29,326.2,27,323,11,13.3,12,14.1,,,0,
underway_1200.29891623,29891623,200809020,2008-12-11T00:00:00,20081211000000,MULTIPOINT ((-68.5634 77.9143)),77.9143,-68.5634,98.4,,94.30114746,,3.7,0.01,-0.27,0.42,0.24,,,985.22,,,27.73635986,,,7.556,0.5084,4.287,,,,0,-0.03295567,-0.0397128,0.4336267,0.3672027,,52.74725,53.31752,0.9006093,0.8011696,0,908.1082,86.4,88.7,,,34.2408678,,-2.1,-2.1,0,0.991175,0.7633714,,,-0.86676453,,31,303.7,34,305.7,16.1,17.7,17.3,19.1,,,0,
underway_1200.29891743,29891743,200809020,2008-12-11T00:20:00,20081211002000,MULTIPOINT ((-68.5731 77.9225)),77.9225,-68.5731,303,,350.39245605,,0.9,0.08,-0.41,0.38,0.01,,,985.44,,,27.95463001,,,7.812,0.492,4.293,,,,29.75486,-0.02636454,-0.02978412,0.4336267,0.400577,,57.48098,58.56465,1.000677,0.9346797,0,904.0541,81.4,85.6,,,34.31221388,,-1.8,-2.3,29.07861,0.9913778,0.7631683,,,-0.66907903,,34,37.6,34,37.6,13.8,14.7,12.8,13.7,,,0,
underway_1200.29891863,29891863,200809020,2008-12-11T00:40:00,20081211004000,MULTIPOINT ((-68.5727 77.9238)),77.9238,-68.5727,155.9,,79.92004395,,0.3,0,-0.24,0.34,0.08,,,985.39,,,27.87823534,,,7.937,0.5412,4.288,,,,14.20118,-0.0197734,-0.02647461,0.5003385,0.4339466,,61.53846,62.62693,1.067389,1.001415,0,904.0541,80.6,83.4,,,34.29721843,,-2.1,-2,0,0.991513,0.7618143,,,-0.74690924,,18,299.5,20,301.4,13.2,13.3,14.3,14.5,,,0,
underway_1200.29891983,29891983,200809020,2008-12-11T01:00:00,20081211010000,MULTIPOINT ((-68.573 77.9248)),77.9248,-68.573,117.2,,28.13598633,,0,0.23,-0.26,0.37,0.07,,,985.43,,,27.8705976,,,7.981,0.5822,4.287,,,,0,-0.0197734,-0.02647493,0.5003385,0.4005759,,59.51054,60.59579,1.000677,0.9346772,0,904.0541,77.6,79.6,,,34.31678146,,-2.1,-2.2,0,0.991662,0.7628975,,,-0.77319904,,32,4.3,25,356.5,14.4,14.4,14.3,14.3,,,0,
underway_1200.29892103,29892103,200809020,2008-12-11T01:20:00,20081211012000,MULTIPOINT ((-68.5729 77.9248)),77.9248,-68.5729,193,,18.29223633,,0,0.11,-0.24,0.06,-0.33,,,985.39,,,27.86295626,,,7.72,0.5822,,,,,0,-0.0197734,-0.0264753,0.5003385,0.4339514,,62.21474,63.30398,1.034033,0.9680454,0,904.0541,76.5,78.2,,,34.29089127,,-2.1,-2.1,13.18682,0.9917165,0.7626267,,,-0.7595659,,30,11.2,24,4.8,11.7,11.7,11.6,11.6,,,0,
underway_1200.29892223,29892223,200809020,2008-12-11T01:40:00,20081211014000,MULTIPOINT ((-68.5728 77.9245)),77.9245,-68.5728,204.6,,25.14221191,,0.1,0.04,-0.57,-1.13,-1.47,,,985.44,,,27.89460494,,,8.307,0.5658,4.293,,,,0,-0.0197734,-0.02978336,0.5003385,0.4005528,,61.20041,62.45767,1.000677,0.9346233,0,904.0541,76.6,77.6,,,34.29284388,,-2,-2.1,0,0.9915818,0.7616112,,,-0.7235499,,36,9.8,29,2.7,9.5,9.6,9.5,9.6,,,0,
underway_1200.29892343,29892343,200809020,2008-12-11T02:00:00,20081211020000,MULTIPOINT ((-68.5728 77.9249)),77.9249,-68.5728,215.9,,2.87841797,,0,0.2,0.02,-1.47,-1.66,,,985.36,,,27.88914857,,,8.222,0.697,4.297,,,,29.75487,-0.02636454,-0.02978428,0.633762,0.5674801,,77.76841,79.72239,1.334236,1.235104,0,904.7298,78,78.6,,,34.29651528,,-2,-1.8,29.07862,0.9914458,0.7607309,,,-0.73328188,,33,29.7,30,26.7,8.2,8.3,7.9,8,,,0,
underway_1200.29892463,29892463,200809020,2008-12-11T02:20:00,20081211022000,MULTIPOINT ((-68.5729 77.925)),77.925,-68.5729,108.6,,17.42980957,,0,0.22,-0.15,-0.51,-0.74,,,985.33,,,27.92298074,,,7.683,0.6396,4.288,,,,0,-0.0197734,-0.02316414,1.30088,1.168253,,150.8031,154.1977,2.735184,2.536778,0,905.4055,77.5,78.7,,,34.30695357,,-1.9,-1.9,0,0.991784,0.7585644,,,-0.70214491,,32,15.3,26,9.5,8.5,8.5,8.4,8.4,,,19.89,
underway_1200.29892583,29892583,200809020,2008-12-11T02:40:00,20081211024000,MULTIPOINT ((-68.5729 77.9253)),77.9253,-68.5729,105.6,,28.72375488,,0.1,0.28,0.13,-0.14,-0.4,,,985.32,,,27.92188894,,,8.316,0.533,4.292,,,,13.52498,-0.02636454,-0.02978148,1.701151,1.501985,,196.1122,198.7136,3.669149,3.404499,0,904.392,,75.2,,,34.30105035,,,-1.9,0,0.9973322,0.7553146,,,-0.69825389,,28,359.6,20,351.8,11.1,11.2,11.1,11.2,,,19.49,
underway_1200.29892703,29892703,200809020,2008-12-11T03:00:00,20081211030000,MULTIPOINT ((-68.5729 77.9248)),77.9248,-68.5729,88.3,,45.58227539,,0.1,0.1,-0.24,0.11,-0.09,,,985.19,,,27.92516171,,,7.81,0.3362,4.294,,,,14.20119,-0.03295567,-0.03309121,2.03471,1.835796,,233.9815,238.6578,4.46969,4.205641,0,904.0541,,72.7,,,34.2855862,,,-1.9,13.18682,0.9989522,0.7525336,,,-0.68074733,,31,345.7,23,338.4,9.1,9.2,9.5,9.6,,,0,
underway_1200.29892823,29892823,200809020,2008-12-11T03:20:00,20081211032000,MULTIPOINT ((-68.573 77.9249)),77.9249,-68.573,96.5,,47.02148438,,0.2,0.21,-0.33,0.47,0.22,,,985.07,,,27.91970426,,,8.428,0.2706,4.298,,,,0,-0.07250248,-0.06948873,3.569081,3.404464,,414.5394,424.8049,7.80528,7.609977,0,904.0541,68.7,70.3,,,34.27598957,,-1.7,-1.8,29.41675,0.9992227,0.7490106,,,-0.67880246,,22,336.1,17,331.3,15.5,15.7,16.1,16.3,,,20.06,
underway_1200.29892943,29892943,200809020,2008-12-11T03:40:00,20081211034000,MULTIPOINT ((-68.573 77.9259)),77.9259,-68.573,93.1,,28.40515137,,0.2,0.17,-0.26,1.06,0.79,,,984.92,,,27.93935082,,,8.31,0.2296,,,,,14.2012,-0.1120493,-0.1091901,3.769217,3.504302,,440.2373,438.4932,8.739245,8.276827,0,904.0541,,73.9,,,34.30700589,,,-2.1,0,0.9989532,0.7489756,,,-0.68269226,,23,356.2,14,347.4,13.9,14.1,13.9,14.1,,,18.66,
underway_1200.29893063,29893063,200809020,2008-12-11T04:00:00,20081211040000,MULTIPOINT ((-68.573 77.9258)),77.9258,-68.573,118.9,,23.40637207,,0.1,0.04,-0.73,0.64,0.33,,,984.86,,,27.95572147,,,8.305,0.2542,4.285,,,,22.31615,-0.09886702,-0.09264168,4.336267,4.004831,,504.4803,501.6082,9.973414,9.411352,0,902.7028,,80.2,,,34.31369107,,,-2.2,29.07862,0.9986817,0.7457106,,,-0.66907903,,32,9.2,24,1.3,10.5,10.5,10.4,10.4,,,19.09,
underway_1200.29893183,29893183,200809020,2008-12-11T04:20:00,20081211042000,MULTIPOINT ((-68.5729 77.9253)),77.9253,-68.5729,129.4,,31.35498047,,0.1,0.03,-0.58,0.59,0.28,,,984.78,,,27.96554232,,,7.851,0.328,4.292,,,,13.86306,-0.08568475,-0.08602198,4.503046,4.1715,,516.6528,516.8389,10.37368,9.744623,0,902.7028,83.8,82.3,,,34.29826052,,-1.9,-1.9,0,0.9989522,0.7394824,,,-0.64380528,,33,2.1,26,354.5,11.4,11.5,11.4,11.5,,,19.56,
underway_1200.29893303,29893303,200809020,2008-12-11T04:40:00,20081211044000,MULTIPOINT ((-68.573 77.9252)),77.9252,-68.573,108.1,,38.82568359,,0.2,0.03,-0.8,1.08,0.61,,,984.64,,,27.98191322,,,8.368,0.246,4.289,,,,0,-0.09886702,-0.09594444,4.803249,4.438411,,550.2961,551.9967,10.90738,10.27842,0,902.7028,82.6,82,,,34.30715181,,-1.3,-1.3,13.18682,0.9991551,0.7349576,,,-0.63214394,,27,348.9,19,340.8,9.7,9.9,10.1,10.3,,,0,
underway_1200.29893423,29893423,200809020,2008-12-11T05:00:00,20081211050000,MULTIPOINT ((-68.573 77.9255)),77.9255,-68.573,106,,41.09985352,,0.2,0.12,-0.4,1,0.64,,,984.57,,,28.0124699,,,8.28,0.164,,,,,14.20119,-0.08568385,-0.07940215,5.336802,4.938982,,610.6511,614.8985,12.17458,11.4798,0,901.3514,78.6,78.9,,,34.29330733,,-0.8,-1,0,0.999358,0.7316513,,,-0.58357869,,30,350.5,22,342.5,11.6,11.8,12,12.2,,,18.36,
underway_1200.29893543,29893543,200809020,2008-12-11T05:20:00,20081211052000,MULTIPOINT ((-68.573 77.9257)),77.9257,-68.573,133,,13.28796387,,0,0.07,-0.19,0.94,0.63,,,984.37,,,28.02229456,,,8.25,0.1886,4.292,,,,0,-0.112049,-0.1124864,5.336941,4.90561,,611.3156,608.7988,12.57517,11.54654,0,901.3514,72.4,73.9,,,34.32420873,,-0.7,-0.7,0,0.9994739,0.7285281,,,-0.59911543,,28,16.3,21,9.8,15.1,15.1,14.8,14.8,,,18.93,
underway_1200.29893663,29893663,200809020,2008-12-11T05:40:00,20081211053959,MULTIPOINT ((-68.573 77.9254)),77.9254,-68.573,308.4,,349.07958984,,0.3,0.22,-0.23,0.89,0.52,,,984.31,,,28.0102882,,,7.76,0.164,,,,,0,-0.1054568,-0.09263584,3.635754,3.370522,,422.7689,428.765,8.238819,7.57533,0,901.3514,73.2,75.2,,,34.30578707,,-0.3,-0.6,13.18512,0.999364,0.7344842,,,-0.59717312,,25,35.1,24,34.5,15.8,16,14.9,15.1,,,20.02,
underway_1200.29893783,29893783,200809020,2008-12-11T06:00:00,20081211060000,MULTIPOINT ((-68.5728 77.9247)),77.9247,-68.5728,286.2,,355.62194824,,0.2,0.75,-0.02,0.11,-0.37,,,984.24,,,27.99719296,,,7.874,0.1968,4.287,,,,14.19891,-0.05932015,-0.05624319,3.102098,2.836578,,355.6489,362.4367,6.871314,6.273842,0,901.3514,75.7,77.1,,,34.3178741,,-0.5,-0.6,0,0.9990623,0.7386804,,,-0.62339939,,30,31.9,29,30.9,14.5,14.7,13.7,13.9,,,20.99,
underway_1200.29893903,29893903,200809020,2008-12-11T06:20:00,20081211062000,MULTIPOINT ((-68.5728 77.9244)),77.9244,-68.5728,223.5,,23.95568848,,0.1,0.1,-0.46,-0.28,-0.72,,,984.23,,,28.00373929,,,7.868,0.1394,4.291,,,,0,-0.02636454,-0.02646738,3.769217,3.437265,,430.1956,437.7328,8.338975,7.742188,0,902.7028,76.3,76,,,34.29584052,,-0.6,-0.6,13.52285,0.9991355,0.7393573,,,-0.59620199,,28,2.8,20,354.2,16,16.1,16.2,16.3,,,21.56,
underway_1200.29894023,29894023,200809020,2008-12-11T06:40:00,20081211064000,MULTIPOINT ((-68.573 77.925)),77.925,-68.573,99.6,,48.2244873,,0.4,0.21,-0.11,-0.49,-0.91,,,984.08,,,28.02010906,,,7.872,0.1394,4.294,,,,0,-0.05272908,-0.04631792,3.635793,3.303778,,413.3224,421.1508,8.038772,7.475216,0,901.3514,73.3,74.6,,,34.28930401,,-0.4,-0.4,0,0.9993441,0.7377329,,,-0.57095795,,27,339.3,21,333.7,17.4,17.8,18,18.4,,,19.87,
underway_1200.29894143,29894143,200809020,2008-12-11T07:00:00,20081211070000,MULTIPOINT ((-68.5731 77.926)),77.926,-68.5731,96.8,,19.01733398,,0.1,0.11,-0.19,-0.66,-0.87,,,984.02,,,28.03757078,,,7.692,0.1886,4.298,,,,0,-0.04613794,-0.0430095,3.835928,3.504008,,435.9994,444.3318,8.472398,7.808931,0,902.7028,73.5,73.9,,,34.28975247,,-0.5,-0.5,0,0.9994004,0.73665,,,-0.55057605,,27,9.7,19,1.6,16.9,17,16.7,16.8,,,0,
underway_1200.29894263,29894263,200809020,2008-12-11T07:20:00,20081211072000,MULTIPOINT ((-68.5731 77.9257)),77.9257,-68.5731,266.6,,338.77990723,,0.2,0.03,-0.27,-0.99,-1.18,,,983.85,,,28.02556783,,,7.632,0.2378,,,,,13.86282,-0.05602427,-0.05293476,3.435648,3.136921,,391.7093,400.3386,7.605124,7.074758,0,901.0136,74.5,74.8,,,34.31429594,,-0.4,-0.5,13.52471,0.9994082,0.73665,,,-0.58649153,,20,41.4,23,43.8,15.8,15.9,15,15.1,,,0,
underway_1200.29894383,29894383,200809020,2008-12-11T07:40:00,20081211074000,MULTIPOINT ((-68.5729 77.925)),77.925,-68.5729,280,,347.12402344,,0.2,-0.08,-0.34,-0.33,-0.7,,,983.77,,,28.02884163,,,7.546,0.164,4.298,,,,13.86288,-0.0527285,-0.04631792,3.235436,2.970063,,374.636,380.88,7.171327,6.607557,0,901.0136,72.9,74.7,,,34.31100187,,-0.2,-0.4,0,0.9994124,0.7390866,,,-0.57969511,,24,34.9,24,34.8,14.2,14.4,13.6,13.8,,,21.02,
underway_1200.29894503,29894503,200809020,2008-12-11T08:00:00,20081211080000,MULTIPOINT ((-68.5729 77.9244)),77.9244,-68.5729,205,,29.9597168,,0.1,0.03,-0.31,-0.28,-0.4,,,983.52,,,28.03429635,,,7.868,0.123,4.301,,,,13.86293,-0.04613783,-0.04962634,3.769214,3.437265,,429.9198,435.7024,8.272258,7.608702,0,900.0001,69.3,,,,34.28533639,,0.1,,13.52481,0.9994833,0.7334012,,,-0.55057605,,39,8.2,30,359.3,17.3,17.4,17.2,17.3,,,22.2,
underway_1200.29894623,29894623,200809020,2008-12-11T08:20:00,20081211082000,MULTIPOINT ((-68.5731 77.9259)),77.9259,-68.5731,106,,32.10205078,,0.3,0.12,-0.1,0.34,0.13,,,983.45,,,28.05285004,,,7.806,0.1968,,,,,14.20097,-0.072502,-0.05955161,4.703025,4.43841,,545.0466,550.5924,11.07379,10.21168,0,900.0001,71.5,,,,34.29275793,,-0.4,,1076.907,0.9995452,0.7302879,,,-0.53505148,,24,353.5,15,344.8,11.5,11.8,11.8,12.1,,,17.93,
underway_1200.29894743,29894743,200809020,2008-12-11T08:40:00,20081211084000,MULTIPOINT ((-68.573 77.9257)),77.9257,-68.573,87.8,,25.97167969,,0.2,0.46,-0.64,1.55,0.19,,,983.45,,,28.07249464,,,,0.1394,4.292,,,,0,-0.09557111,-0.08932742,4.169483,3.937837,,483.499,489.6787,9.573133,8.87682,0,898.6487,73.4,73.4,,,34.29395133,,-0.7,-0.7,0,0.9996596,0.7255501,,,-0.51274172,,23,357.9,15,349.6,10,10.2,10.1,10.3,,,18.7,
underway_1200.29894863,29894863,200809020,2008-12-11T09:00:00,20081211090000,MULTIPOINT ((-68.5731 77.9255)),77.9255,-68.5731,97.3,,26.47155762,,0,0.22,-0.23,0.51,0.1,,,983.31,,,28.07576856,,,7.43,0.1394,,,,,14.19933,-0.06591065,-0.06286004,3.035306,2.736463,,345.517,350.9308,6.637647,6.140356,0,898.6487,74.3,74.1,,,34.29176989,,-0.6,-0.5,13.52317,0.9994977,0.7297465,,,-0.5069231,,17,350.3,10,343.7,9.9,9.9,10.2,10.2,,,19.37,
underway_1200.29894983,29894983,200809020,2008-12-11T09:20:00,20081211092000,MULTIPOINT ((-68.5731 77.9255)),77.9255,-68.5731,78.8,,31.39343262,,0.1,0.52,0.06,0.09,-0.24,,,983.07,,,28.1205164,,,7.444,0.0984,4.295,,,,0,-0.06920674,-0.06286004,3.502367,3.203664,,401.6241,403.7226,7.838632,7.208244,0,898.6487,69.6,71.3,,,34.31358064,,-0.3,-0.3,29.41186,0.9995299,0.7328598,,,-0.47299205,,19,348.7,13,342.2,12.1,12.2,12.5,12.6,,,18.33,
underway_1200.29895103,29895103,200809020,2008-12-11T09:40:00,20081211094000,MULTIPOINT ((-68.573 77.9255)),77.9255,-68.573,86,,24.47753906,,0.1,0.25,-0.12,0.03,-0.34,,,983,,,28.0877739,,,7.425,0.1312,,,,,14.19889,-0.06591041,-0.06286004,3.502346,3.203664,,397.569,399.1541,7.771871,7.208244,0,898.6487,72.1,71.9,,,34.29585673,,-0.5,-0.3,0,0.9994666,0.7334012,,,-0.49625705,,34,10,26,1.9,10.6,10.7,10.6,10.7,,,19.21,
underway_1200.29895223,29895223,200809020,2008-12-11T10:00:00,20081211100000,MULTIPOINT ((-68.5731 77.926)),77.926,-68.5731,106.1,,19.45129395,,0.1,0.05,-0.41,-0.24,-0.41,,,982.81,,,28.07685977,,,7.44,0.2296,,,,,14.19886,-0.05272832,-0.05624319,2.901914,2.636348,,331.983,336.7176,6.437579,5.940127,0,898.6487,70.8,70.7,,,34.28994449,,-0.3,-0.3,13.18466,0.9994648,0.7357701,,,-0.504014,,29,10.7,21,3,14.5,14.6,14.3,14.4,,,0,
underway_1200.29895343,29895343,200809020,2008-12-11T10:20:00,20081211102000,MULTIPOINT ((-68.573 77.9255)),77.9255,-68.573,131.8,,23.30749512,,0.1,,,,,,,982.59,,,28.00810491,,,8.155,0.287,,,,,0,-0.08238788,-0.07940215,2.568388,2.302634,,293.2764,298.1388,5.670467,5.139211,0,898.6487,70.1,70.4,,,34.29843022,,-0.2,-0.1,0,0.9994724,0.7334012,,,-0.59328869,,27,4.3,20,357.4,9.8,9.9,10.3,10.4,,,19.74,
underway_1200.29895463,29895463,200809020,2008-12-11T10:40:00,20081211104000,MULTIPOINT ((-68.573 77.9258)),77.9258,-68.573,125.1,,12.53540039,,0.1,-0.04,-0.29,0.34,0.15,,,982.41,,,27.99937245,,,8.113,0.3116,4.294,,,,0,-0.05272804,-0.05624319,1.834556,1.701946,,215.016,220.9815,4.002668,3.670865,0,898.6487,72.1,71.7,,,34.27782849,,-0.4,-0.3,0,0.999351,0.7370561,,,-0.58552056,,22,10.3,14,2.4,11.8,11.9,11.8,11.9,,,19.44,
underway_1200.29895583,29895583,200809020,2008-12-11T11:00:00,20081211110000,MULTIPOINT ((-68.5731 77.9258)),77.9258,-68.5731,157.6,,4.71313477,,0,0.31,-0.12,0.47,-0.11,,,982.32,,,27.9666329,,,8.101,0.3772,,,,,0,-0.04613789,-0.04962634,1.501015,1.33486,,173.1017,177.1574,3.16881,2.936692,0,898.6487,73.6,,,,34.28870069,,-0.4,,29.07568,0.9991216,0.7406432,,,-0.63408735,,22,18.9,16,12.6,11.8,11.8,11.3,11.3,,,18.17,
underway_1200.29895703,29895703,200809020,2008-12-11T11:20:00,20081211112000,MULTIPOINT ((-68.573 77.9255)),77.9255,-68.573,207.5,,359.51660156,,0,0.33,-0.17,0.42,0.12,,,982.27,,,27.93934817,,,8.11,0.41,4.298,,,,13.8626,-0.03295488,-0.03308423,1.767839,1.568461,,201.3459,205.4146,3.769167,3.437265,0,900.0001,74.6,74.3,,,34.27386935,,-0.3,-0.2,0,0.999122,0.7407109,,,-0.65352473,,22,23,16,17.8,9.7,9.7,9.5,9.5,,,21.12,
underway_1200.29895823,29895823,200809020,2008-12-11T11:40:00,20081211114000,MULTIPOINT ((-68.5729 77.9247)),77.9247,-68.5729,301.4,,16.11694336,,0.1,0.05,-0.5,0.36,0.01,,,981.93,,,27.91424929,,,8.048,0.3772,,,,,14.20049,-0.04613786,-0.04962634,1.534371,1.368232,,178.1824,182.2336,3.335589,3.070178,0,897.2974,67.1,70,,,34.29733746,,0.6,0.7,13.52428,0.9994442,0.7360408,,,-0.70409051,,48,33.5,47,32,15.4,15.5,14.5,14.6,,,21.31,
underway_1200.29895943,29895943,200809020,2008-12-11T12:00:00,20081211120000,MULTIPOINT ((-68.5725 77.924)),77.924,-68.5725,292.7,,33.14025879,,0.1,0.01,-0.21,0.28,-0.02,,,981.84,,,27.92734639,,,7.996,0.2788,,,,,0,-0.04943351,-0.05624319,1.367592,1.201374,,156.8763,159.3909,2.935319,2.66972,0,897.2974,61.8,65.6,,,34.31065493,,1,1,0,0.9995457,0.7328598,,,-0.70019937,,45,10.8,37,2.8,16.3,16.4,16,16.1,,,21.06,
underway_1200.29896063,29896063,200809020,2008-12-11T12:20:00,20081211122000,MULTIPOINT ((-68.5727 77.9243)),77.9243,-68.5727,166.4,,55.52490234,,0.2,-0.06,-0.37,0.42,0.25,,,981.66,,,27.89024011,,,7.986,0.3198,4.287,,,,0,-0.05932021,-0.06286004,1.234168,1.101259,,143.6953,145.8545,2.701828,2.469491,0,897.2974,69,68.7,,,34.29910237,,0.4,0.5,0,0.9994429,0.733672,,,-0.73425517,,29,332,24,327.3,11.7,11.9,12.3,12.5,,,21.36,
underway_1200.29896183,29896183,200809020,2008-12-11T12:40:00,20081211124000,MULTIPOINT ((-68.5725 77.926)),77.926,-68.5725,51.1,,38.1829834,,1.3,-0.15,-0.39,0.52,0.18,,,981.61,,,27.88259971,,,7.873,0.3526,,,,,0,-0.05272877,-0.05955161,0.967319,0.867659,,114.9556,116.7513,2.101417,1.935547,0,895.6082,71.4,71,,,34.28542285,,-0.1,0,29.07701,0.9991674,0.7385452,,,-0.73133536,,26,349.4,16,340.9,8.8,10.1,8.8,10,,,19.04,
underway_1200.29896303,29896303,200809020,2008-12-11T13:00:00,20081211130000,MULTIPOINT ((-68.5674 77.922)),77.922,-68.5674,332,,330.93017578,,3.9,-0.07,-0.19,0.43,0.14,,,981.39,,,27.91097432,,,7.749,0.3116,4.279,,,,0,-0.04613794,-0.05624319,0.8338975,0.7008015,,97.87622,100.5076,1.767863,1.668575,0,894.5946,65.3,67.2,,,34.28516168,,0.9,0.6,0,0.9993855,0.7391542,,,-0.69728117,,43,56.7,50,62.1,12.7,14.5,11.9,13.3,,,18.97,
underway_1200.29896423,29896423,200809020,2008-12-11T13:20:00,20081211132000,MULTIPOINT ((-68.5623 77.8752)),77.8752,-68.5623,248.6,,247.35168457,,3.1,0.25,-0.33,0.56,0,,,981.41,,,27.71781683,,,7.301,1.2136,4.275,,,,13.86219,-0.05272908,-0.05624319,0.7338298,0.6340585,,87.23039,89.84774,1.601083,1.468346,0,894.5946,66.8,69.6,,,34.35600507,,0.8,-0.1,12.84789,0.9993628,0.7434182,,,-0.98978458,,48,140.8,39,140.9,6.1,3.3,10.7,8.1,,,18.58,
underway_1200.29896543,29896543,200809020,2008-12-11T13:40:00,20081211134000,MULTIPOINT ((-68.5667 77.7916)),77.7916,-68.5667,265.1,,265.2154541,,6.4,-0.06,-0.32,0.12,-0.19,,,981.3,,,27.73309238,,,7.273,1.0742,,,,,0,-0.05931992,-0.05624319,0.633761,0.5673155,,78.43433,80.8799,1.434301,1.33486,0,894.5946,67.9,70.6,,,34.32211679,,0.4,-0.3,0,0.9993614,0.7447041,,,-0.94191433,,64,111.6,65,117.9,8.3,3.3,8.6,3.4,,,108.15,
underway_1200.29896663,29896663,200809020,2008-12-11T14:00:00,20081211140000,MULTIPOINT ((-68.5668 77.694)),77.694,-68.5668,267.3,,268.91784668,,6.3,-0.17,-0.33,0.39,0.25,,,981.31,,,27.76365291,,,7.315,3.403,4.272,,,,0,-0.0593202,-0.05624319,0.2668472,0.2336005,,33.80666,34.85619,0.5336944,0.533944,0,894.5946,69.7,72.2,,,34.37274951,,0.2,-0.4,13.52266,0.9991897,0.7474791,,,-0.94972735,,80,125.7,75,124.2,7.1,1.2,7.6,2,,,0,
underway_1200.29896783,29896783,200809020,2008-12-11T14:20:00,20081211142000,MULTIPOINT ((-68.5677 77.5966)),77.5966,-68.5677,269.1,,267.98950195,,6.5,0.17,-0.18,0.6,0.2,,,981.25,,,27.84986945,,,,4.0836,4.27,,,,30.76404,-0.05932021,-0.05624319,0.2668472,0.200229,,29.0737,30.11845,0.4669826,0.467201,0,894.5946,69.4,72.9,,,34.40541704,,0.1,-0.5,20.96011,0.9991212,0.7499156,,,-0.87554356,,78,135.7,73,139.3,8.2,2.2,10,4.2,,,313.14,
underway_1200.29896903,29896903,200809020,2008-12-11T14:40:00,20081211144000,MULTIPOINT ((-68.5604 77.5155)),77.5155,-68.5604,344.3,,344.41040039,,6,0.17,-0.33,0.25,-0.51,,,980.91,,,27.88915802,,,7.338,4.797,4.279,,,,0,-0.05931875,-0.05624319,0.2668408,0.200229,,28.5666,28.933,0.5003265,0.467201,0,894.5946,72.4,73.1,,,34.41539925,,-0.2,-0.4,0,0.9989859,0.7494831,,,-0.8375101,,76,71.7,90,85,17,17.9,16.9,16.3,,,389.37,
underway_1200.29897023,29897023,200809020,2008-12-11T15:00:00,20081211150000,MULTIPOINT ((-68.5455 77.5019)),77.5019,-68.5455,343,,342.09777832,,6,0.15,-0.54,0.34,-0.08,,,980.62,,,27.81276162,,,7.339,5.7646,4.276,,,,0,-0.05272699,-0.05955161,0.2668405,0.200229,,29.0737,29.77918,0.500326,0.467201,0,894.5946,69,70.5,,,34.36825803,,-0.1,-0.2,29.0737,0.9991212,0.7492172,,,-0.88725087,,60,62.7,71,71.6,20.2,22.4,18.7,19.8,,,389.75,
underway_1200.29897143,29897143,200809020,2008-12-11T15:20:00,20081211152000,MULTIPOINT ((-68.5425 77.3998)),77.3998,-68.5425,271.1,,272.07092285,,6.1,0.18,-0.68,0.61,-0.06,,,980.5,,,27.87060828,,,7.378,8.1344,4.276,,,,0,-0.03954654,-0.04631792,0.1334234,0.1001145,,17.91752,18.6125,0.3002026,0.3003435,0,894.5946,70.1,72.1,,,34.45154416,,0.1,-0.5,0,0.9989859,0.750727,,,-0.8911538,,75,144.1,65,141.5,10.6,5,19.2,14,,,527.96,
underway_1200.29897263,29897263,200809020,2008-12-11T15:40:00,20081211154000,MULTIPOINT ((-68.5394 77.3149)),77.3149,-68.5394,287,,286.20483398,,6,0.31,-0.57,0.42,-0.13,,,980.34,,,27.96446147,,,7.372,10.8158,,,,,13.86072,-0.04613794,-0.0430095,0.1334236,0.066743,,13.01555,13.36717,0.2334913,0.2336005,0,893.2434,71.7,73.3,,,34.42976619,,-0.2,-0.6,13.52265,0.9987831,0.7515395,,,-0.7605396,,76,132.6,70,133.6,15.5,10.8,24,19.5,,,669.81,
underway_1200.29897383,29897383,200809020,2008-12-11T16:00:00,20081211160000,MULTIPOINT ((-68.5429 77.3121)),77.3121,-68.5429,124.1,,116.80664062,,6.4,0.61,-0.1,1.03,0.66,,,979.9,,,27.88042361,,,7.305,9.6104,4.276,,,,13.52265,-0.0395465,-0.03970108,0.1334232,0.1001145,,17.57945,17.9357,0.3002021,0.3003435,0,893.2434,76.2,76.2,,,34.36789075,,-0.8,-0.7,0,0.9982422,0.7525548,,,,,78,332.4,73,328.2,18.3,23.2,19.6,24.1,,,646.85,
underway_1200.29897503,29897503,200809020,2008-12-11T16:20:00,20081211162000,MULTIPOINT ((-68.5489 77.2973)),77.2973,-68.5489,296.7,,296.61987305,,5.1,-0.1,-0.31,0.32,0.08,,,980.1,,,27.9360821,,,,9.4874,4.273,,,,0,-0.02636453,-0.03308423,0.0667118,0.0333715,,9.635322,9.983076,0.1667795,0.1668575,0,890.5407,77.1,77.9,,,34.37347194,,-0.5,-0.9,29.075,0.9976108,0.7534346,,,-0.74496229,,81,129.5,77,129.7,15.4,11.6,21.4,17.8,,,656.4,
underway_1200.29897623,29897623,200809020,2008-12-11T16:40:00,20081211164000,MULTIPOINT ((-68.535 77.2607)),77.2607,-68.535,104.5,,94.30114746,,4.7,0.15,-0.33,0.65,0.34,,,979.58,,,27.92735284,,,7.332,10.5452,4.279,,,,13.52434,-0.02306897,-0.02315896,0.0667118,0.0333715,,8.114602,8.460234,0.1667795,0.1668575,0,890.5407,91.6,86.9,,,34.39161523,,-1.6,-1.6,0,0.9955264,0.7585784,,,-0.77125127,,73,344.5,67,338.6,22.1,26.2,22.9,26.8,,,,
underway_1200.29897743,29897743,200809020,2008-12-11T17:00:00,20081211170000,MULTIPOINT ((-68.5436 77.3419)),77.3419,-68.5436,108.8,,98.24523926,,5.7,-0.09,-0.56,1.31,0.87,,,979.56,,,27.91316349,,,7.33,11.2996,,,,,14.20116,-0.01647784,-0.01323369,0.0667118,0.0333715,,8.791193,9.137481,0.1334236,0.1668575,0,889.1892,94.6,92.4,,,34.36679551,,-1.6,-1.7,0,0.9943516,0.7607798,,,-0.7663821,,71,339.7,65,335.1,23,27.7,24,28.4,,,,
underway_1200.29897863,29897863,200809020,2008-12-11T17:20:00,20081211172000,MULTIPOINT ((-68.554 77.405)),77.405,-68.554,118.8,,98.06945801,,3.6,0.2,-0.6,1.09,0.58,,,979.31,,,27.74946783,,,7.342,8.7822,4.279,,,,0,-0.01647784,-0.01323451,0.0667118,0,,6.086221,6.261602,0.1000677,0.1001253,0,887.838,93.4,94.2,,,34.39701214,,-1.5,-1.7,13.52494,0.9920541,0.7611401,,,-0.98782996,,70,336.9,65,332.7,27.4,29.9,28.7,31,,,,
underway_1200.29897983,29897983,200809020,2008-12-11T17:40:00,20081211174000,MULTIPOINT ((-68.5636 77.4528)),77.4528,-68.5636,117.4,,97.71240234,,3.5,0.01,-0.48,0.78,0.43,,,979.58,,,27.85532162,,,7.36,8.0934,4.277,,,,0,-0.01318227,-0.00661804,0.0667118,0,,5.579076,5.754746,0.1000677,0.1001328,0,886.4865,92.2,95,,,34.34933878,,-1.4,-1.7,0,0.9908438,0.7612513,,,-0.81996409,,71,339,66,334.3,22.3,24.8,23.2,25.5,,,,
underway_1200.29898103,29898103,200809020,2008-12-11T18:00:00,20081211180000,MULTIPOINT ((-68.5719 77.5025)),77.5025,-68.5719,110.5,,97.92663574,,3.6,-0.03,-0.46,1.02,0.61,,,979.61,,,27.78657254,,,7.366,7.708,4.274,,,,0,-0.01647784,-0.00992778,0,-0.03338036,,3.719365,4.062282,0.0667118,0.03338036,0,886.4865,92.5,95.5,,,34.39955693,,-1.5,-1.8,28.40243,0.9898246,0.7607299,,,-0.94582072,,72,341,65,334.9,15.3,18.2,15.9,18.6,,,,
underway_1200.29898223,29898223,200809020,2008-12-11T18:20:00,20081211182000,MULTIPOINT ((-68.579 77.4865)),77.4865,-68.579,301,,311.68212891,,3.5,-0.19,-0.74,0.31,-0.06,,,979.55,,,27.83568205,,,7.357,6.9372,,,,,14.20119,-0.01647784,-0.00992806,0,-0.03338099,,3.719359,3.554501,0.0333559,0.03338099,0,886.4865,92.3,94.8,,,34.40283257,,-1.1,-1.6,0,0.9900257,0.7588353,,,-0.89017804,,87,126.5,80,119.8,16,13.3,19,16.5,,,402.33,
underway_1200.29898343,29898343,200809020,2008-12-11T18:40:00,20081211184000,MULTIPOINT ((-68.5684 77.4385)),77.4385,-68.5684,300.2,,311.42944336,,3.6,0.07,-0.77,0.32,-0.09,,,979.32,,,27.86405387,,,7.368,8.5444,4.278,,,,0,-0.0197734,-0.01985637,0,-0.1001455,,3.719359,4.062287,0.0333559,0.03338183,0,886.4865,87.8,87.3,,,34.37011235,,-0.6,-0.8,0,0.9860359,0.7557209,,,-0.8277617,,86,127.3,75,115.9,17.7,14.8,20.7,18.3,,,509.2,
underway_1200.29898463,29898463,200809020,2008-12-11T19:00:00,20081211190000,MULTIPOINT ((-68.5582 77.3917)),77.3917,-68.5582,300.3,,312.30285645,,3.5,0,-0.43,0.3,0.07,,,979.18,,,27.77893394,,,7.353,10.086,4.27,,,,13.8633,-0.02636454,-0.02647594,0.0333559,-0.1001445,,4.057551,4.400811,0.0333559,0.1001445,0,886.1487,86,83.7,,,34.40703102,,-0.6,-0.7,13.18704,0.9844294,0.7547053,,,-0.96144873,,51,88.7,69,108.2,20.6,19.7,20.8,18.8,,,520.53,
underway_1200.29898583,29898583,200809020,2008-12-11T19:20:00,20081211192000,MULTIPOINT ((-68.5467 77.3525)),77.3525,-68.5467,318.6,,330.09521484,,3.1,0.6,-0.33,0.22,-0.25,,,978.96,,,27.94044837,,,7.345,13.8006,,,,,13.86319,-0.0296601,-0.03309372,0.0333559,-0.1001428,,5.071898,5.07786,0.1000677,0.1001428,0,885.4732,83.6,81.6,,,34.38494756,,-0.7,-0.8,0,0.9819871,0.754773,,,-0.74982978,,53,75.7,68,89.7,23.6,23.5,22.3,21.5,,,564.46,
underway_1200.29898703,29898703,200809020,2008-12-11T19:40:00,20081211194000,MULTIPOINT ((-68.5323 77.3196)),77.3196,-68.5323,318.5,,329.15039062,,3.4,0.51,-0.15,0.45,0.01,,,978.76,,,27.94699986,,,7.355,13.3824,4.274,,,,0,-0.03295567,-0.03640291,0.0667118,-0.1001441,,5.40999,5.247121,0.0667118,0.1001441,0,886.4865,82.6,82,,,34.42830867,,-0.8,-0.9,13.52497,0.9814399,0.7556531,,,-0.78001674,,52,74.8,66,88.5,23.4,23.4,22.5,21.7,,,715.71,
underway_1200.29898823,29898823,200809020,2008-12-11T20:00:00,20081211200000,MULTIPOINT ((-68.5184 77.285)),77.285,-68.5184,316.2,,330.26550293,,3.3,,,,,,,978.6,,,27.83459105,,,,12.9888,4.279,,,,14.20119,-0.03295567,-0.03971229,0.0333559,-0.0667626,,5.409976,5.247121,0.0667118,0.1001439,0,885.4732,80.6,80.4,,,34.40692879,,-0.8,-0.8,0,0.9807611,0.7550438,,,-0.89505697,,57,79.6,74,97.2,27.2,26.8,26.3,24.9,,,718.85,
underway_1200.29898943,29898943,200809020,2008-12-11T20:20:00,20081211202000,MULTIPOINT ((-68.508 77.241)),77.241,-68.508,292.4,,300.85510254,,3.5,,,,,,,978.46,,,27.87933517,,,7.339,11.849,4.274,,,,29.75487,-0.03295567,-0.03971036,0.0667118,-0.03337992,,8.114964,7.78605,0.1334236,0.1001398,0,885.1353,80.3,80.5,,,34.40426404,,-0.6,-0.9,28.7405,0.979882,0.7550438,,,-0.83945997,,72,124.8,66,119.6,23.6,21.1,28.4,26.1,,,668.38,
underway_1200.29899063,29899063,200809020,2008-12-11T20:40:00,20081211204000,MULTIPOINT ((-68.5007 77.1917)),77.1917,-68.5007,295.2,,306.1340332,,3.4,,,,,,,978.22,,,27.88478984,,,7.336,8.692,,,,,0,-0.03295567,-0.03971141,0.0667118,0,,9.974751,9.986457,0.1667795,0.1669031,0,885.1353,80.4,81.3,,,34.37938733,,-0.6,-1,0,0.9795544,0.7553146,,,-0.81119295,,74,121.6,70,118.2,24.4,22,28.5,26.2,,,643.35,
underway_1200.29899183,29899183,200809020,2008-12-11T21:00:00,20081211210000,MULTIPOINT ((-68.5013 77.2013)),77.2013,-68.5013,132,,105.62255859,,3.7,,,,,,,977.71,,,27.84331718,,,7.341,8.5526,4.27,,,,0,-0.03954681,-0.03971207,0.0667118,0.0333805,,11.49633,11.34055,0.2001354,0.1669025,0,883.7838,80.3,81.3,,,34.3508124,,-1,-1,0,0.9795552,0.7559916,,,-0.8355603,,60,321.1,58,318.6,29,30.4,30.8,32,,,643.58,
underway_1200.29899303,29899303,200809020,2008-12-11T21:20:00,20081211212000,MULTIPOINT ((-68.5158 77.2614)),77.2614,-68.5158,120,,106.36413574,,6.1,,,,,,,977.38,,,27.83895495,,,7.323,10.9224,4.277,,,,14.20249,-0.03954681,-0.04302103,0.1000677,0.03338052,,12.17357,12.52538,0.2001354,0.1669026,0,879.7298,79.1,80.4,,,34.3894365,,-0.9,-0.9,13.18803,0.9803779,0.7555854,,,-0.87456805,,55,318,54,316.3,32.2,35.2,34.2,37.1,,,699.62,
underway_1200.29899423,29899423,200809020,2008-12-11T21:40:00,20081211214000,MULTIPOINT ((-68.5321 77.3432)),77.3432,-68.5321,119.3,,107.07275391,,5.9,,,,,,,977.74,,,27.86950845,,,7.348,12.7674,4.27,,,,0,-0.04613794,-0.04964146,0.0667118,0.03338156,,11.49768,11.67908,0.2001354,0.1669078,0,874.3244,77.6,79,,,34.34416586,,-0.8,-0.9,0,0.9833222,0.7546375,,,-0.79852572,,56,319.5,54,317.2,25.9,29,27.5,30.5,,,641.98,
underway_1200.29899543,29899543,200809020,2008-12-11T22:00:00,20081211220000,MULTIPOINT ((-68.5513 77.4131)),77.4131,-68.5513,122.4,,106.3092041,,5.8,,,,,,,977.87,,,27.699267,,,,9.1348,4.267,,,,0,-0.04284238,-0.04633134,0.1334236,0.06676276,,16.23231,16.58767,0.2668472,0.2336697,0,872.9731,74.7,76.3,,,34.38440317,,-0.7,-0.7,12.85058,0.9842866,0.7534866,,,-1.03671388,,57,320.1,54,316.9,28.5,31.3,30.3,32.9,,,505.04,
underway_1200.29899663,29899663,200809020,2008-12-11T22:20:00,20081211222000,MULTIPOINT ((-68.5659 77.4866)),77.4866,-68.5659,105.9,,87.42370605,,5.3,,,,,,,978.07,,,27.83895257,,,7.498,9.4218,4.265,,,,14.20224,-0.04613794,-0.05295026,0.1334236,0.06676303,,16.90743,17.26472,0.3002031,0.2670521,0,871.6217,72.7,74.2,,,34.3593443,,-0.5,-0.5,0,0.984959,0.7515231,,,-0.84823512,,56,336.1,51,332,26.5,30.2,27.6,31,,,420.86,
underway_1200.29899783,29899783,200809020,2008-12-11T22:40:00,20081211224000,MULTIPOINT ((-68.5657 77.563)),77.563,-68.5657,86.1,,73.43811035,,5,,,,,,,978.15,,,27.80948864,,,7.835,6.1828,4.281,,,,0,-0.05272908,-0.05625852,0.1334236,0.06676134,,16.23046,16.58767,0.2668472,0.2336647,0,871.6217,71.9,72.6,,,34.38053317,,-0.4,-0.4,29.07958,0.9852566,0.7512524,,,-0.90188813,,66,356.4,56,348.1,22.8,27.6,23.3,27.8,,,309.83,
underway_1200.29899903,29899903,200809020,2008-12-11T23:00:00,20081211230000,MULTIPOINT ((-68.5645 77.6438)),77.6438,-68.5645,94.8,,81.52404785,,5.4,,,,,,,977.95,,,27.80948828,,,7.801,8.323,4.275,,,,13.86333,-0.05272908,-0.05626023,0.2001354,0.1335289,,22.99283,23.18889,0.3669149,0.3672046,0,871.6217,71.4,72.3,,,34.37606874,,-0.4,-0.4,0,0.985581,0.75132,,,-0.89798452,,61,346.6,54,340.6,20.9,25.7,21.9,26.3,,,278.81,
underway_1200.29900023,29900023,200809020,2008-12-11T23:20:00,20081211232000,MULTIPOINT ((-68.5648 77.6936)),77.6936,-68.5648,273.3,,273.71887207,,8.3,,,,,,,978.02,,,27.6883534,,,7.819,3.116,4.271,,,,0,-0.04613794,-0.05625866,0.2001354,0.1335232,,24.34549,24.71225,0.3669149,0.3671888,0,871.6217,71.5,72.8,,,34.37619744,,0,-0.5,0,0.9851131,0.7512524,,,-1.04258255,,73,137.7,63,135.5,15.3,8.1,23.6,16.9,,,0,
underway_1200.29900143,29900143,200809020,2008-12-11T23:40:00,20081211234000,MULTIPOINT ((-68.5638 77.5844)),77.5844,-68.5638,269.9,,270.88439941,,7,,,,,,,977.81,,,27.80621257,,,7.849,7.7736,4.274,,,,13.8631,-0.05272908,-0.05625662,0.3002031,0.2336557,,35.16492,36.22206,0.5670503,0.5340702,0,864.865,72.5,73.1,,,34.3537631,,-0.2,-0.5,0,0.9851589,0.7512524,,,-0.88237255,,69,144.1,53,131.3,17,10.8,26.7,21.5,,,0,
underway_1200.29900263,29900263,200809020,2008-12-12T00:00:00,20081212000000,MULTIPOINT ((-68.5653 77.5652)),77.5652,-68.5653,109.3,,97.73986816,,8.4,,,,,,,977.37,,,27.78438562,,,7.776,6.8552,4.275,,,,13.86314,-0.05272908,-0.05625598,0.333559,0.2670293,,40.57504,40.9614,0.667118,0.6008159,0,864.865,71.8,73.2,,,34.34520732,,-0.5,-0.4,0,0.9855679,0.7512524,,,-0.9009122,,60,335.2,57,331.9,22.2,28.4,23.6,29.5,,,0,
underway_1200.29900383,29900383,200809020,2008-12-12T00:20:00,20081212002000,MULTIPOINT ((-68.5633 77.6893)),77.6893,-68.5633,78,,72.07580566,,8.1,,,,,,,977.43,,,27.73855511,,,7.803,4.2394,,,,,0,-0.05272908,-0.05625495,0.3669149,0.3337886,,48.01354,48.40882,0.8005416,0.734335,0,864.865,69.7,70.3,,,34.40114255,,-0.5,-0.5,13.52494,0.9868474,0.7509799,,,-1.00444615,,60,352.7,49,343.7,24,31.8,24.8,32.1,,,99.41,
underway_1200.29900503,29900503,200809020,2008-12-12T00:40:00,20081212004000,MULTIPOINT ((-68.5699 77.7595)),77.7595,-68.5699,92,,72.89978027,,3.8,,,,,,,977.67,,,27.66762287,,,7.791,2.6896,4.278,,,,0,-0.04613794,-0.05625615,0.4336267,0.4005606,,55.62207,56.87202,0.9006093,0.8678815,0,863.8514,69.2,69.7,,,34.42756454,,-0.4,-0.4,0,0.9876045,0.7498982,,,-1.11207091,,53,345.8,46,338.9,22,25.1,23,25.8,,,0,
underway_1200.29900623,29900623,200809020,2008-12-12T01:00:00,20081212010000,MULTIPOINT ((-68.5664 77.7954)),77.7954,-68.5664,58.9,,61.05651855,,2.5,,,,,,,977.83,,,27.61305291,,,7.822,3.0914,4.264,,,,14.2012,-0.04613794,-0.05625545,0.5670503,0.4672915,,67.96288,68.88962,1.100745,1.001339,0,862.1622,68.8,69.2,,,34.35497913,,-0.4,-0.4,13.18683,0.9886063,0.7498982,,,-1.11402946,,67,5,54,354.2,17.3,19.8,17.2,19.7,,,,
underway_1200.29900743,29900743,200809020,2008-12-12T01:20:00,20081212012000,MULTIPOINT ((-68.5661 77.8541)),77.8541,-68.5661,61.4,,51.10839844,,5.1,,,,,,,977.57,,,27.60104808,,,7.756,1.2874,,,,,0,-0.04943351,-0.05625578,0.5670503,0.4339293,,66.2722,67.19695,1.067389,1.001375,0,862.1622,69.1,69.4,,,34.34525684,,-0.4,-0.4,0,0.9906343,0.7498977,,,-1.11990549,,55,5,46,357.7,21.2,26.3,21.1,26.1,,,,
underway_1200.29900863,29900863,200809020,2008-12-12T01:40:00,20081212014000,MULTIPOINT ((-68.5631 77.9112)),77.9112,-68.5631,106.2,,89.95605469,,3.6,,,,,,,977.17,,,27.59449085,,,7.769,0.4428,,,,,0,-0.05272908,-0.05625677,0.633762,0.5674375,,77.76841,78.87608,1.267524,1.201632,0,862.1622,66.9,68.2,,,34.223223,,-0.2,-0.2,13.52494,0.9967882,0.7485441,,,-1.02106682,,55,330.5,52,327.5,25.2,27.6,26.5,28.7,,,,
underway_1200.29900983,29900983,200809020,2008-12-12T02:00:00,20081212020000,MULTIPOINT ((-68.5723 77.9221)),77.9221,-68.5723,279.1,,52.28942871,,0,,,,,,,977.6,,,27.88587458,,,7.824,0.5412,4.282,,,,0,-0.05932021,-0.06618229,0.633762,0.5340445,,75.40172,76.84494,1.234168,1.134845,0,860.8109,64.7,67,,,34.29650459,,0.1,0.1,0,0.9984132,0.7447526,,,-0.73717511,,56,3.8,47,354.9,22.7,22.7,22.5,22.5,,,,
underway_1200.29901103,29901103,200809020,2008-12-12T02:20:00,20081212022000,MULTIPOINT ((-68.5727 77.9233)),77.9233,-68.5727,124.7,,64.16015625,,0.4,,,,,,,977.56,,,27.89569647,,,7.804,0.615,4.277,,,,13.86306,-0.05272908,-0.05956345,0.633762,0.5006493,,71.85125,72.95084,1.167456,1.068052,0,862.1622,67.7,69,,,34.29543006,,-0.1,0,13.18682,0.9981407,0.745554,,,-0.72452303,,53,349.2,46,342.3,18.6,19,19,19.4,,,,
underway_1200.29901223,29901223,200809020,2008-12-12T02:40:00,20081212024000,MULTIPOINT ((-68.5725 77.9226)),77.9226,-68.5725,326.2,,16.28723145,,0.5,,,,,,,977.37,,,27.90661142,,,7.833,0.6478,4.28,,,,14.20122,-0.05602465,-0.06287186,0.7004739,0.6341705,,85.37642,87.67094,1.400948,1.301718,0,862.1622,65.7,67.6,,,34.31576234,,0.2,0.2,0,0.998549,0.7444244,,,-0.72938891,,59,41.5,62,44.3,18.3,18.7,17.4,17.8,,,,
underway_1200.29901343,29901343,200809020,2008-12-12T03:00:00,20081212030000,MULTIPOINT ((-68.5724 77.9221)),77.9221,-68.5724,137.2,,89.73083496,,0.7,,,,,,,977.02,,,27.92079731,,,7.817,0.4592,4.28,,,,13.86306,-0.05932021,-0.06617948,0.9673211,0.8344198,,110.2283,112.5524,1.86793,1.735593,0,862.1622,62.1,64,,,34.2973602,,0.5,0.5,13.18682,0.9988169,0.7422706,,,-0.69630847,,64,335.4,59,330.5,20.2,20.8,21.3,21.9,,,,
underway_1200.29901463,29901463,200809020,2008-12-12T03:20:00,20081212032000,MULTIPOINT ((-68.5725 77.9219)),77.9219,-68.5725,125.5,,63.74267578,,0.1,,,,,,,977.15,,,27.91861669,,,7.784,0.5658,4.283,,,,13.86306,-0.05932021,-0.06618055,0.9673211,0.8344334,,110.0592,112.7229,1.86793,1.735622,0,860.8109,62.6,63.4,,,34.32317716,,0.4,0.5,0,0.9990198,0.7409244,,,-0.72160368,,61,357.2,52,348.5,25.4,25.5,25.5,25.6,,,,
underway_1200.29901583,29901583,200809020,2008-12-12T03:40:00,20081212034000,MULTIPOINT ((-68.5705 77.9238)),77.9238,-68.5705,346.5,,359.50012207,,2.8,,,,,,,976.78,,,27.89897303,,,7.802,0.4838,4.283,,,,13.52494,-0.06591135,-0.06948818,1.034033,0.9011914,,118.6814,121.3473,1.967998,1.869138,0,860.8109,62.6,63.9,,,34.32756515,,0.6,0.5,13.52494,0.9990198,0.740337,,,-0.74885625,,55,51.2,60,55.4,27.2,28.9,25.1,26.6,,,,
underway_1200.29901703,29901703,200809020,2008-12-12T04:00:00,20081212040000,MULTIPOINT ((-68.5632 77.868)),77.868,-68.5632,248.4,,241.14440918,,3.4,,,,,,,977.2,,,27.5835871,,,7.806,0.5658,,,,,0,-0.06591135,-0.07279748,1.100745,0.9679538,,129.8395,134.3784,2.168133,2.03604,0,860.8109,63.9,67.2,,,34.33815765,,1.1,0,0,0.9989526,0.7441247,,,-1.13459801,,53,169.5,51,166.9,25.6,22.2,24.9,21.6,,,,
underway_1200.29901823,29901823,200809020,2008-12-12T04:20:00,20081212042000,MULTIPOINT ((-68.5664 77.7987)),77.7987,-68.5664,278.2,,275.99853516,,4.1,,,,,,,977.06,,,27.60759619,,,7.796,1.681,4.278,,,,13.86306,-0.07250248,-0.07279513,1.501015,1.368367,,174.4717,180.5735,3.035387,2.870233,0,860.8109,66,69.4,,,34.35086664,,0.7,-0.2,0,0.9990198,0.7449038,,,-1.11696741,,61,134.1,55,130.3,15.5,12.5,19.7,16.9,,,77.74,
underway_1200.29901943,29901943,200809020,2008-12-12T04:40:00,20081212044000,MULTIPOINT ((-68.5676 77.7213)),77.7213,-68.5676,271.4,,270.36804199,,10,,,,,,,977,,,27.55739621,,,7.832,2.2878,4.277,,,,14.20119,-0.07250248,-0.06617196,1.100745,0.9677983,,129.5013,133.5252,2.201489,2.069086,0,860.8109,67,70.7,,,34.33368435,,0.4,-0.5,13.52494,0.9990874,0.7484179,,,-1.16203342,,73,143,66,142,18.3,9.4,27.2,18.7,,,0,
underway_1200.29902063,29902063,200809020,2008-12-12T05:00:00,20081212050000,MULTIPOINT ((-68.5642 77.6402)),77.6402,-68.5642,269.6,,269.45068359,,10,,,,,,,976.89,,,27.66434319,,,7.794,2.9766,4.283,,,,13.86306,-0.06591135,-0.06616869,1.234168,1.10126,,146.0694,149.934,2.568404,2.402749,0,860.8109,68.9,71,,,34.35342767,,0.1,-0.4,0,0.9988845,0.7475716,,,-1.05138661,,63,133.9,56,129.2,21.6,13.4,26.7,19.2,,,0,
underway_1200.29902183,29902183,200809020,2008-12-12T05:20:00,20081212052000,MULTIPOINT ((-68.5664 77.4759)),77.4759,-68.5664,262.8,,263.28186035,,13.2,,,,,,,977.03,,,27.75710507,,,7.806,6.1336,4.282,,,,14.20119,-0.05931956,-0.06286073,1.23416,1.101267,,144.0406,148.5723,2.568387,2.402764,0,860.8109,69.3,71.9,,,34.37275496,,0.2,-0.5,13.52494,0.9989522,0.748344,,,-0.95754135,,67,141.1,57,136.9,21.6,9.6,31.2,20.1,,,439.56,
underway_1200.29902303,29902303,200809020,2008-12-12T05:40:00,20081212054000,MULTIPOINT ((-68.5366 77.3016)),77.3016,-68.5366,311.3,,314.60998535,,12.2,,,,,,,976.56,,,27.82040563,,,7.784,6.4698,4.282,,,,0,-0.0593197,-0.05955165,1.367587,1.234746,,161.623,166.176,2.935309,2.736463,0,860.8109,74.3,74.6,,,34.42894405,,-0.5,-0.7,0,0.9975997,0.7513456,,,-0.93117305,,52,71.4,73,94.6,27.9,28.4,30.7,26.5,,,747.67,
underway_1200.29902423,29902423,200809020,2008-12-12T06:00:00,20081212060000,MULTIPOINT ((-68.4828 77.2035)),77.2035,-68.4828,318.2,,313.03344727,,11.6,,,,,,,976.19,,,27.7603811,,,7.801,5.576,4.284,,,,14.20119,-0.05272906,-0.05624319,1.434304,1.268117,,163.6518,168.2142,2.935319,2.736463,0,860.8109,76.9,76.1,,,34.39960435,,-0.9,-0.9,13.18682,0.9955033,0.7538162,,,-0.97708069,,51,76.7,67,92.3,30.1,31.6,30.8,29.1,,,,
underway_1200.29902543,29902543,200809020,2008-12-12T06:20:00,20081212062000,MULTIPOINT ((-68.4462 77.0512)),77.0512,-68.4462,292,,289.73693848,,12.7,,,,,,,976.11,,,27.74509871,,,7.786,4.961,4.281,,,,13.86306,-0.04613794,-0.05294026,1.934642,1.735564,,223.8378,227.7918,4.136131,3.80489,0,860.8109,77.5,77.6,,,34.34742871,,-0.9,-1.2,0,0.9946241,0.7543194,,,-0.94972735,,81,127.8,68,118.1,25.5,15.9,32.8,25.2,,,,
underway_1200.29902663,29902663,200809020,2008-12-12T06:40:00,20081212064000,MULTIPOINT ((-68.4179 76.875)),76.875,-68.4179,293.5,,290.29724121,,13.2,,,,,,,975.69,,,27.83240288,,,7.784,4.6822,4.286,,,,13.86306,-0.03954681,-0.04632463,2.168133,1.969232,,249.197,257.5897,4.536402,4.272232,0,859.4595,78.6,78.5,,,34.3370801,,-1,-1.3,13.52494,0.9946918,0.754423,,,-0.83653519,,67,114,70,121.4,31.6,24.4,36.6,28.5,,,,
underway_1200.29902783,29902783,200809020,2008-12-12T07:00:00,20081212070000,MULTIPOINT ((-68.3929 76.6891)),76.6891,-68.3929,293.2,,295.70800781,,8.5,,,,,,,975.45,,,27.7592851,,,7.719,4.674,,,,,0,-0.03295567,-0.03308976,2.101422,1.902496,,240.7446,248.776,4.402979,4.072009,0,859.4595,78.5,79.9,,,34.33998982,,-1,-1.5,0,0.9944918,0.7549253,,,-0.92629127,,85,138.1,71,124,28.2,21.1,35.3,29.6,,,,
underway_1200.29902903,29902903,200809020,2008-12-12T07:20:00,20081212072000,MULTIPOINT ((-68.3851 76.6466)),76.6466,-68.3851,277.9,,322.49816895,,2.2,,,,,,,975.58,,,27.71672392,,,7.757,4.7068,4.281,,,,13.86306,-0.01647784,-0.0198528,2.301557,2.10263,,267.7938,275.1758,4.869961,4.539012,0,857.7704,80.7,81.3,,,34.33550612,,-1.1,-1.2,13.18682,0.9936774,0.755532,,,-0.97317233,,56,88.6,73,106.1,24.5,24.5,26.7,26,,,,
underway_1200.29903023,29903023,200809020,2008-12-12T07:40:00,20081212074000,MULTIPOINT ((-68.3838 76.647)),76.647,-68.3838,181.5,,138.75183105,,3,,,,,,,975.87,,,27.71235676,,,,5.8794,,,,,14.20131,-0.02636454,-0.02647092,2.101422,1.869078,,242.7748,244.8876,4.402979,4.005166,0,858.1082,81.3,80.6,,,34.31056165,,-1.4,-1.2,0,0.9932125,0.7541252,,,-0.95656455,,48,272.7,57,282.1,33.6,31.6,35.1,33.5,,,,
underway_1200.29903143,29903143,200809020,2008-12-12T08:00:00,20081212080000,MULTIPOINT ((-68.3515 76.6091)),76.6091,-68.3515,327,,321.98730469,,13,,,,,,,974.96,,,27.68616513,,,7.758,4.7396,4.282,,,,0,-0.02306897,-0.02647134,1.967998,1.769017,,226.5428,234.5783,4.236199,3.938565,0,857.4326,81.3,81.3,,,34.30382862,,-1.3,-1.4,13.52494,0.992325,0.7568788,,,-0.98196649,,52,73.7,66,86.2,41.9,44.9,40.7,40.6,,,,
underway_1200.29903263,29903263,200809020,2008-12-12T08:20:00,20081212082000,MULTIPOINT ((-68.2984 76.4806)),76.4806,-68.2984,305,,311.86340332,,12.8,,,,,,,975,,,27.78875407,,,7.737,4.428,4.284,,,,13.86306,-0.0197734,-0.023164,1.701151,1.568794,,201.5216,206.8368,3.635793,3.404616,0,858.1082,82.5,82.6,,,34.38576475,,-1,-1.4,0,0.9911754,0.7563254,,,-0.93117305,,61,85.7,72,97.6,32.6,29.4,33.6,28,,,,
underway_1200.29903383,29903383,200809020,2008-12-12T08:40:00,20081212084000,MULTIPOINT ((-68.2399 76.3777)),76.3777,-68.2399,336.6,,339.45007324,,12.6,,,,,,,974.35,,,27.57812488,,,7.752,3.444,,,,,29.4174,-0.0197734,-0.03308995,1.234168,1.134822,,147.4251,152.504,2.501692,2.336398,0,858.1106,84.5,83.9,,,34.26339738,,-1.4,-1.4,28.40301,0.9898449,0.7572051,,,-1.0758489,,61,65.3,72,73.3,41.6,44.6,38.3,39.3,,,,
underway_1200.29903503,29903503,200809020,2008-12-12T09:00:00,20081212090000,MULTIPOINT ((-68.1873 76.2722)),76.2722,-68.1873,286.2,,285.67199707,,13.2,,,,,,,974.93,,,27.4220645,,,7.756,4.6658,4.279,,,,0,-0.01647784,-0.01985418,1.167456,1.034712,,136.6112,140.1489,2.201489,2.069425,0,858.1082,84.7,85.3,,,34.13117287,,-1.2,-1.7,0,0.9887402,0.7585644,,,-1.14733436,,75,123,70,122.7,25.5,15.8,30.1,20.9,,,,
underway_1200.29903623,29903623,200809020,2008-12-12T09:20:00,20081212092000,MULTIPOINT ((-68.1523 76.1073)),76.1073,-68.1523,319.8,,324.67346191,,12.7,,,,,,,974.37,,,27.45589776,,,7.737,3.895,,,,,30.09566,-0.01647784,-0.01323644,1.634439,1.502033,,190.8876,196.0054,3.16881,2.970688,0,858.1082,85.8,86.6,,,34.18988522,,-1.3,-1.5,29.0812,0.9852438,0.7582936,,,-1.15811333,,56,67.8,70,82.2,31.2,32.5,32.7,30.8,,,,
underway_1200.29903743,29903743,200809020,2008-12-12T09:40:00,20081212093959,MULTIPOINT ((-68.0927 76.0561)),76.0561,-68.0927,329.8,,328.38134766,,13,,,,,,,974.07,,,27.41988117,,,7.747,3.3046,,,,,0,-0.01647784,-0.01323605,1.567727,1.435263,,183.2668,189.0629,3.135454,2.937283,0,858.1082,87.3,86.4,,,34.12036043,,-1.7,-1.7,0,0.9832161,0.7596368,,,-1.140476,,60,70.7,74,82.7,33.7,36,33.6,33,,,,
underway_1200.29903863,29903863,200809020,2008-12-12T10:00:00,20081212100000,MULTIPOINT ((-68.0312 76.0141)),76.0141,-68.0312,2.7,,359.13757324,,10.7,0.22,-0.77,-0.99,-1.38,,,973.39,,,27.43079409,,,7.76,3.731,,,,,0,-0.0098867,-0.01323664,1.501015,1.335192,,174.992,179.7561,3.068743,2.870662,0,856.7568,92,87.7,,,34.12638784,,-1.7,-1.7,29.41894,0.9731921,0.7599182,,,-1.13263881,,66,53.2,72,56.9,33.3,39.2,30.8,36,,,466.44,
underway_1200.29903983,29903983,200809020,2008-12-12T10:20:00,20081212102000,MULTIPOINT ((-67.9645 75.987)),75.987,-67.9645,344,,341.16943359,,12.8,-0.08,-0.37,0.37,0.03,,,973.39,,,27.49081437,,,7.836,3.4112,4.274,,,,0,-0.00988677,-0.00992752,1.767868,1.568886,,204.2601,208.1922,3.569092,3.338055,0,856.0831,90.9,87.7,,,34.14499511,,-1.7,-1.7,13.52716,0.9699649,0.7608664,,,-1.0768276,,61,60.7,72,68.7,33,38,31.3,34.3,,,447.96,
underway_1200.29904103,29904103,200809020,2008-12-12T10:40:00,20081212104000,MULTIPOINT ((-67.9175 76.0018)),76.0018,-67.9175,31.8,,22.89001465,,8.2,0.42,-0.54,1.3,0.76,,,972.55,,,27.4296974,,,7.793,2.1402,4.277,,,,0,-0.01647843,-0.00661852,2.668611,2.436762,,308.4206,314.4887,5.604082,5.173947,0,854.135,92.1,88.1,,,34.05691489,,-1.8,-1.7,0,0.9657757,0.7582936,,,-1.07291292,,58,30.6,56,29.3,35.4,42.9,33,40.6,,,,
underway_1200.29904223,29904223,200809020,2008-12-12T11:00:00,20081212110000,MULTIPOINT ((-67.8734 75.969)),75.969,-67.8734,303.2,,303.50830078,,8.5,0.22,0.01,1.36,0.87,,,973.56,,,27.31293517,,,8.492,2.993,4.311,,,,0,-0.00329581,-0.01323743,3.636097,3.338178,,414.6186,425.1861,7.672498,7.210464,0,851.4911,93,89.4,,,34.05513787,,-1.5,-1.8,13.18934,0.968165,0.7568041,,,-1.21203644,,57,97.6,68,109.9,30.9,28.6,31.3,27.3,,,,
underway_1200.29904343,29904343,200809020,2008-12-12T11:20:00,20081212112000,MULTIPOINT ((-67.8446 75.8109)),75.8109,-67.8446,310.6,,320.36682129,,12.6,0.01,-0.44,-1.06,-1.41,,,973.47,,,27.60976433,,,7.77,3.4768,4.28,,,,0,-0.02636745,-0.01654651,2.101595,1.936011,,244.1666,250.8462,4.570136,4.239196,0,851.4476,92,90.4,,,34.16725746,,-1.3,-1.9,0,0.9688205,0.7566687,,,-0.95363423,,65,78.6,80,96,29.4,26.9,31.2,25.3,,,425.31,
underway_1200.29904463,29904463,200809020,2008-12-12T11:40:00,20081212114000,MULTIPOINT ((-67.782 75.7114)),75.7114,-67.782,332.9,,331.31469727,,13.2,-0.25,-0.83,0.23,-0.36,,,973.09,,,27.62395127,,,7.783,3.9934,4.274,,,,13.52723,-0.00329578,-0.00992756,1.901428,1.735693,,222.1847,227.1496,4.103081,3.805173,0,852.7289,94.3,90.5,,,34.17104931,,-1.7,-1.6,13.52723,0.9701052,0.758903,,,-0.93996123,,68,69.9,81,82.7,27.5,29.5,28.6,27.5,,,451.94,
underway_1200.29904583,29904583,200809020,2008-12-12T12:00:00,20081212120000,MULTIPOINT ((-67.7161 75.6269)),75.6269,-67.7161,329.1,,327.9473877,,13.3,-0.11,-0.51,0.43,-0.04,,,972.91,,,27.74617948,,,7.83,4.8216,4.277,,,,0,-0.01318272,-0.0132366,1.234204,1.101505,,144.2341,147.9334,2.635192,2.403283,0,852.7779,94.6,90.5,,,34.21429261,,-1.8,-1.6,0,0.9670616,0.7599103,,,-0.83166088,,66,74.6,78,85.4,32.2,33.4,31.9,30.4,,,444.18,
underway_1200.29904703,29904703,200809020,2008-12-12T12:20:00,20081212122000,MULTIPOINT ((-67.6478 75.5839)),75.5839,-67.6478,354.8,,351.6394043,,12.9,-0.37,-0.53,0.13,-0.23,,,972.6,,,27.74617887,,,7.836,1.8368,,,,,0,-0.01647994,-0.01985496,1.30108,1.201661,,154.8868,158.7677,2.802326,2.603598,0,852.8321,93.5,90.2,,,34.20653699,,-1.4,-1.5,12.85087,0.9626653,0.7589029,,,-0.82483748,,73,58.7,83,65.9,27.6,32.8,26.4,29.7,,,438.18,
underway_1200.29904823,29904823,200809020,2008-12-12T12:40:00,20081212124000,MULTIPOINT ((-67.5773 75.5687)),75.5687,-67.5773,20.1,,13.16711426,,12.6,-0.28,-0.56,0.73,-0.32,,,972.05,,,27.77127995,,,7.8,0.8446,4.276,,,,0,-0.01977634,-0.01323681,1.167644,1.034769,,136.9662,139.8104,2.502094,2.269816,0,852.8462,93.3,91.2,,,34.21959869,,-1.4,-1.5,0,0.9528791,0.7582936,,,-0.80632063,,70,41.3,75,43.8,26,35.4,24.2,33,,,420.26,
underway_1200.29904943,29904943,200809020,2008-12-12T13:00:00,20081212130000,MULTIPOINT ((-67.5083 75.58)),75.58,-67.5083,359.4,,355.74279785,,12.8,0.1,-0.26,0.82,0,,,972.22,,,27.81820777,,,7.8,0.574,4.279,,,,0,-0.0164794,-0.01323714,0.9673783,0.8344934,,111.5997,114.0826,2.068188,1.936024,0,852.21,92.2,90.2,,,34.23681875,,-1.1,-1.3,28.74537,0.9563754,0.7569395,,,-0.76540831,,68,53.2,76,58.3,29.3,35.9,27.6,33,,,411.66,
underway_1200.29905063,29905063,200809020,2008-12-12T13:20:00,20081212132000,MULTIPOINT ((-67.4372 75.5424)),75.5424,-67.4372,355.2,,354.6496582,,12.8,-0.16,-0.56,-0.02,-1.43,,,972.39,,,27.73745137,,,,0.5822,4.272,,,,0,-0.01647989,-0.01323726,0.7673005,0.6676052,,90.63244,92.41704,1.668045,1.535492,0,852.834,92.6,91.2,,,34.24346346,,-1.1,-1.3,0,0.9548194,0.7577519,,,-0.86773991,,73,55.5,82,61.5,27.2,32.4,26,29.6,,,412.49,
underway_1200.29905183,29905183,200809020,2008-12-12T13:40:00,20081212134000,MULTIPOINT ((-67.3664 75.5593)),75.5593,-67.3664,7.6,,3.85620117,,12.9,-0.15,-0.46,0.4,-0.12,,,972.16,,,27.85640407,,,7.789,0.7626,4.28,,,,0,-0.01648004,-0.01323766,0.5671248,0.4673405,,67.63632,69.05888,1.23433,1.13497,0,851.5274,92.1,91.4,,,34.23775593,,-1,-1.2,29.4218,0.9546866,0.7566687,,,-0.7206306,,72,47.6,78,51.2,25.6,33.3,24.1,30.9,,,404.35,
underway_1200.29905303,29905303,200809020,2008-12-12T14:00:00,20081212140000,MULTIPOINT ((-67.297 75.6047)),75.6047,-67.297,3.9,,0.96679688,,12.8,0.16,-0.23,0.33,0.09,,,972.17,,,27.85858784,,,7.752,0.4346,4.277,,,,0,-0.01648045,-0.02316622,0.6338664,0.5341163,,74.23066,75.99862,1.401178,1.335291,0,851.4976,92.5,91.6,,,34.25176646,,-1,-1.1,0,0.9564428,0.7559916,,,-0.73036213,,72,49.8,79,53.9,25.5,32.4,24,29.9,,,399.55,
underway_1200.29905423,29905423,200809020,2008-12-12T14:20:00,20081212142000,MULTIPOINT ((-67.2267 75.6387)),75.6387,-67.2267,16.3,,11.29394531,,13,0.02,-0.33,0.8,0.18,,,972.23,,,27.8771401,,,7.786,0.3854,4.272,,,,14.20359,-0.0164794,-0.01323783,0.3335941,0.2670531,,36.69261,37.57616,0.6338287,0.6008695,0,851.4866,92.7,92.3,,,34.24817509,,-1,-1.1,0,0.9571867,0.7558562,,,-0.70506334,,75,43.5,80,46.1,23.6,32.3,22,30.1,,,390.81,
underway_1200.29905543,29905543,200809020,2008-12-12T14:40:00,20081212144000,MULTIPOINT ((-67.1571 75.6912)),75.6912,-67.1571,15.9,,13.31542969,,13,-0.14,-0.55,0.71,0.37,,,972.22,,,27.86076817,,,7.866,0.3444,,,,,13.52723,-0.0098876,-0.00992811,0.2668687,0.2002865,,32.12717,32.83682,0.5670961,0.5340973,0,850.7396,93.8,93,,,34.22268979,,-1,-1.1,13.18905,0.9607037,0.7555854,,,-0.70214491,,76,41,81,43.1,21.7,30.3,20.4,28.5,,,383.63,
underway_1200.29905663,29905663,200809020,2008-12-12T15:00:00,20081212150000,MULTIPOINT ((-67.0883 75.7455)),75.7455,-67.0883,17.9,,12.74414062,,13,0.05,-0.38,1.23,0.88,,,972.58,,,27.84876733,,,7.794,0.5248,,,,,0,-0.01318317,-0.01654673,0.1334335,0.1001435,,17.07813,17.26472,0.3002253,0.3004305,0,851.4374,96.1,93.9,,,34.26942561,,-1.2,-1.1,0,0.9652354,0.7559916,,,-0.75761855,,62,24.7,57,21,10.3,21.6,8.8,20.6,,,373.46,
underway_1200.29905783,29905783,200809020,2008-12-12T15:20:00,20081212152000,MULTIPOINT ((-67.0188 75.803)),75.803,-67.0188,17.9,,13.54064941,,13.2,-0.36,-0.72,1.23,0.88,,,972.72,,,27.85422225,,,7.784,0.5248,4.271,,,,0,-0.00988769,-0.01323677,0.1334368,0.1001351,,16.40177,16.75693,0.3002329,0.2670269,0,851.4336,96.8,94.7,,,34.2480598,,-1.2,-1.1,28.74536,0.9673322,0.756398,,,-0.73230862,,61,17.3,43,11,5.9,18,4.7,17.6,,,364.34,
underway_1200.29905903,29905903,200809020,2008-12-12T15:40:00,20081212154000,MULTIPOINT ((-66.9477 75.8509)),75.8509,-66.9477,13.2,,9.07470703,,13.1,0.07,-0.45,1.01,0.6,,,972.77,,,27.95462153,,,7.785,0.328,4.263,,,,0,-0.01647968,-0.02316448,0.0667186,0.03338012,,9.807241,9.986457,0.1667965,0.1669006,0,851.4237,96.7,95.1,,,34.20643687,,-1.5,-1.4,0,0.9646943,0.7580228,,,-0.57581178,,37,13.2,17,5.5,8.1,20.8,7.3,20.4,,,348.3,
underway_1200.29906023,29906023,200809020,2008-12-12T16:00:00,20081212160000,MULTIPOINT ((-66.8758 75.8882)),75.8882,-66.8758,10.6,,5.58105469,,13.2,-0.04,-0.46,1.57,1.07,,,972.74,,,27.97535648,,,7.769,0.3362,4.275,,,,0,-0.01977551,-0.02647514,0.06671818,0.03338206,,10.31451,10.49424,0.1667954,0.1669103,0,851.4463,96.5,95.3,,,34.19927682,,-1.4,-1.4,0,0.963274,0.7588353,,,-0.54475388,,50,20.7,40,15.6,8.7,20.7,7.4,20,,,,
underway_1200.29906143,29906143,200809020,2008-12-12T16:20:00,20081212162000,MULTIPOINT ((-66.805 75.9333)),75.9333,-66.805,18.9,,14.45251465,,13.2,-0.05,-0.35,1.69,1.24,,,972.83,,,27.76800057,,,7.752,0.246,4.27,,,,14.20359,-0.02636844,-0.03640332,0.3002515,0.2336685,,31.78899,32.15978,0.7005869,0.6676244,0,851.8106,96.7,95.5,,,34.15105082,,-1.5,-1.4,13.18905,0.9634093,0.7583613,,,-0.74982978,,51,16.1,32,8.8,7.5,19.9,6.3,19.4,,,,
underway_1200.29906263,29906263,200809020,2008-12-12T16:40:00,20081212164000,MULTIPOINT ((-66.7357 75.9913)),75.9913,-66.7357,18.7,,14.73815918,,13.1,-0.03,-0.41,1.41,1.18,,,972.97,,,27.75490155,,,7.722,0.2296,4.272,,,,13.86541,-0.04614458,-0.05625938,0.1668055,0.1001401,,18.93812,19.29586,0.4003332,0.3671802,0,851.2042,96.7,95.8,,,34.10905762,,-1.6,-1.6,0,0.962327,0.7594445,,,-0.7284157,,29,7.6,3,359.1,6.4,19.4,6.3,19.2,,,,
underway_1200.29906383,29906383,200809020,2008-12-12T17:00:00,20081212170000,MULTIPOINT ((-66.6665 76.0493)),76.0493,-66.6665,17.6,,13.71643066,,12.9,0.03,-0.27,1.36,0.99,,,973.11,,,27.75489839,,,,0.2296,4.268,,,,29.7599,-0.04944104,-0.05625795,0.1000833,0.06676129,,12.85087,12.69465,0.2668888,0.2336645,0,851.1354,96.5,95.9,,,34.06947077,,-1.7,-1.7,29.08354,0.961786,0.760257,,,-0.69339046,,28,7,359,358.3,5.7,18.5,5.6,18.3,,,,
underway_1200.29906503,29906503,200809020,2008-12-12T17:20:00,20081212172000,MULTIPOINT ((-66.5976 76.1073)),76.1073,-66.5976,18.5,,14.79309082,,13.1,-0.03,-0.6,1.13,0.6,,,973.16,,,27.81273952,,,7.774,0.3116,0,,,,0,-0.03955175,-0.04964181,0.06671944,0,,7.609066,7.78605,0.1334389,0.1001449,0,850.1394,96.5,96.3,,,34.090604,,-1.7,-1.7,0,0.9612449,0.7612726,,,-0.64283342,,19,4,352,355.4,5.7,18.8,6.1,18.7,,,,
underway_1200.29906623,29906623,200809020,2008-12-12T17:40:00,20081212174000,MULTIPOINT ((-66.5322 76.1854)),76.1854,-66.5322,27.5,,21.98364258,,13,-0.01,-0.49,1.45,1.16,,,973.29,,,27.80619251,,,7.775,0.41,4.274,,,,13.86541,-0.04614129,-0.05626141,0.06671416,0,,5.749072,5.754907,0.06671416,0.1001476,0,850.455,96.4,96.3,,,34.10151072,,-1.7,-1.7,0,0.961583,0.7612726,,,-0.66032926,,21,3.5,356,355.2,6,19,6.5,18.9,,,,
underway_1200.29906743,29906743,200809020,2008-12-12T18:00:00,20081212180000,MULTIPOINT ((-66.4686 76.2755)),76.2755,-66.4686,35.5,,29.96520996,,13.2,0.08,-0.29,1.53,1.27,,,973.51,,,27.69269489,,,7.775,0.3034,4.272,,,,0,-0.05932638,-0.06619047,0.03335926,0,,5.410892,5.07786,0.06671852,0.03338262,0,850.049,96.6,96.4,,,34.07649148,,-1.7,-1.7,13.52723,0.9635446,0.7618143,,,-0.77417296,,16,359.4,352,350.6,6,19,7.2,19.1,,,,
underway_1200.29906863,29906863,200809020,2008-12-12T18:20:00,20081212182000,MULTIPOINT ((-66.4093 76.3833)),76.3833,-66.4093,39.8,,36.58996582,,13.1,-0.21,-0.62,1.25,0.93,,,973.7,,,27.68396378,,,7.79,0.3198,4.266,,,,13.86541,-0.03954988,-0.05295239,0.03335833,0,,4.058168,4.062287,0.03335833,0.03338262,0,850.1151,96.7,96.5,,,34.06685218,,-1.7,-1.8,0,0.9651677,0.7620851,,,-0.77612082,,20,359,350,349.9,3.9,16.8,5.2,16.9,,,,
underway_1200.29906983,29906983,200809020,2008-12-12T18:40:00,20081212184000,MULTIPOINT ((-66.353 76.4979)),76.4979,-66.353,21.6,,17.1661377,,13.3,-0.11,-0.45,1.48,1.19,,,973.92,,,27.65012974,,,7.79,0.3772,4.27,,,,0,-0.04614381,-0.05626119,0.03335922,-0.03338226,,3.720004,4.062287,0.03335922,0.03338226,0,850.1422,97,96.7,,,34.01546908,,-1.7,-1.7,20.62911,0.9663892,0.7623559,,,-0.77125127,,356,359.9,322,350.8,2.8,15.9,4.3,15.9,,,,
underway_1200.29907103,29907103,200809020,2008-12-12T19:00:00,20081212190000,MULTIPOINT ((-66.2878 76.581)),76.581,-66.2878,44.6,,39.86938477,,13.1,-0.14,-0.4,1.4,1.22,,,974.08,,,27.5388178,,,7.794,0.3034,,,,,0,-0.02636788,-0.03309498,0,-0.03338252,,3.043626,3.38524,0.03336075,0.03338252,0,850.1279,97.2,96.7,,,33.9920333,,-1.7,-1.7,13.18905,0.9691583,0.7617466,,,-0.88432383,,14,358.8,344,349.9,3.2,15.9,4.6,15.9,,,,
underway_1200.29907223,29907223,200809020,2008-12-12T19:20:00,20081212192000,MULTIPOINT ((-66.2276 76.6758)),76.6758,-66.2276,20.7,,15.91369629,,13.4,-0.14,-0.36,1.24,0.81,,,974.32,,,27.52790643,,,7.81,0.3198,,,,,13.86541,-0.02636633,-0.03309468,0,-0.03338236,,3.719988,3.38524,0.0333583,0.03338236,0,847.4294,97.4,96.9,,,34.00808619,,-1.6,-1.6,0,0.9701729,0.7612726,,,-0.91164823,,333,355.5,313,347.2,3.3,15.8,5.1,16,,,,
underway_1200.29907343,29907343,200809020,2008-12-12T19:40:00,20081212194000,MULTIPOINT ((-66.1587 76.7396)),76.7396,-66.1587,34.5,,31.40441895,,12.9,0.05,-0.39,1.14,0.71,,,974.45,,,27.58465282,,,7.782,0.2952,4.267,,,,29.08354,-0.03295977,-0.03640473,0,-0.03338262,,3.719988,3.38524,0.03336079,0.03338262,0,845.3517,97.4,97.1,,,34.01355446,,-1.7,-1.8,20.62902,0.9665882,0.7618143,,,-0.84823512,,287,353.2,291,344.9,2.3,12.5,4.1,12.7,,,,
underway_1200.29907463,29907463,200809020,2008-12-12T20:00:00,20081212200000,MULTIPOINT ((-66.0932 76.8178)),76.8178,-66.0932,2.4,,359.00024414,,13.3,-0.13,-0.51,1.14,0.9,,,974.47,,,27.54973286,,,7.795,0.3116,4.261,,,,0,-0.02636803,-0.02978572,0,-0.03338262,,3.043639,2.877453,0.03336038,0.03338262,0,844.6692,97.2,97.1,,,34.02233345,,-1.6,-1.6,0,0.9671333,0.7612726,,,-0.89798452,,311,349.3,297,342.2,5.3,17.1,7,17.4,,,,
underway_1200.29907583,29907583,200809020,2008-12-12T20:20:00,20081212202000,MULTIPOINT ((-66.0271 76.7956)),76.7956,-66.0271,351.5,,343.9050293,,13.1,-0.17,-0.36,2.15,1.56,,,974.62,,,27.4798892,,,7.786,0.3034,,,,,0,-0.02636724,-0.03309524,0.03335934,-0.03338262,,4.058168,4.062287,0.03335934,0.03338262,0,837.8836,96.8,97,,,33.98466411,,-1.6,-1.6,29.42172,0.9648973,0.7607309,,,-0.94875067,,294,349.9,282,342.2,6.2,17.3,8,17.6,,,,
underway_1200.29907703,29907703,200809020,2008-12-12T20:40:00,20081212204000,MULTIPOINT ((-65.9766 76.7747)),76.7747,-65.9766,36.8,,33.74450684,,8,0.05,-0.18,1.67,0.48,,,974.79,,,27.36094616,,,,0.3936,4.273,,,,13.52723,-0.03295608,-0.03640477,0.06671201,0,,6.256344,6.431955,0.100068,0.1001479,0,835.4873,96.1,96.8,,,34.01619457,,-1.6,-1.6,13.18905,0.9618536,0.7604602,,,-1.11990549,,270,294.1,275,297.6,8.5,7.2,8.5,7.9,,,,
underway_1200.29907823,29907823,200809020,2008-12-12T21:00:00,20081212210000,MULTIPOINT ((-65.9605 76.8324)),76.8324,-65.9605,47.6,,44.6484375,,5.9,0.23,-0.15,1.42,1.04,,,974.97,,,27.22781421,,,8.498,0.3854,4.247,,,,13.86467,-0.02636457,-0.03640428,0.06671183,0.03338206,,9.468554,9.140147,0.1334236,0.1001462,0,835.8113,95.5,96.5,,,33.97614535,,-1.7,-1.7,0,0.9612611,0.7604602,,,-1.24539432,,277,282.8,284,289.4,7.6,5.8,7.4,6.4,,,,
underway_1200.29907943,29907943,200809020,2008-12-12T21:20:00,20081212212000,MULTIPOINT ((-65.9432 76.8875)),76.8875,-65.9432,23.3,,8.70666504,,12,0.22,-0.39,3.33,3.02,,,975.05,,,27.28346384,,,7.794,0.3116,4.246,,,,0,-0.0329557,-0.0397113,0.06671183,0.03338029,,9.467528,9.140147,0.1667796,0.1669015,0,835.1353,93.1,95.6,,,33.94784069,,-1.6,-1.7,12.84879,0.9585196,0.760257,,,-1.15321356,,280,329.2,281,325.7,10.4,14.3,11.6,15.1,,,,
underway_1200.29908063,29908063,200809020,2008-12-12T21:40:00,20081212214000,MULTIPOINT ((-65.8694 76.8824)),76.8824,-65.8694,356.3,,346.20666504,,13.5,0.16,-0.15,3.63,2.77,,,975.17,,,27.58465667,,,7.793,0.2952,4.261,,,,0,-0.0329557,-0.03640094,0.06671183,0,,7.438718,7.78605,0.1334236,0.1001359,0,835.1353,91.6,92.8,,,34.06212534,,-1.4,-1.5,0,0.9568896,0.7601217,,,-0.8911538,,281,346.1,274,339,7.1,16.8,9,17.2,,,,
underway_1200.29908183,29908183,200809020,2008-12-12T22:00:00,20081212220000,MULTIPOINT ((-65.8026 76.8032)),76.8032,-65.8026,334.3,,330.3314209,,13.4,-0.04,-0.38,0.28,-0.18,,,975.27,,,27.58574858,,,7.807,0.2624,4.28,,,,29.41675,-0.0329557,-0.03640282,0.06671183,0.03338192,,10.31277,10.49424,0.2001355,0.1669096,0,835.1353,86.1,88.4,,,34.07024498,,-1.3,-1.3,29.41675,0.9620967,0.7601894,,,-0.89700866,,284,343.9,274,337.2,9.1,20.4,10.9,21,,,,
underway_1200.29908303,29908303,200809020,2008-12-12T22:20:00,20081212222000,MULTIPOINT ((-65.7362 76.7197)),76.7197,-65.7362,325.9,,323.46496582,,13.3,-0.22,-0.59,0.02,-0.83,,,975.39,,,27.61957823,,,7.756,0.2542,4.285,,,,0,-0.03954683,-0.04302103,0.1334236,0.06675948,,12.84869,13.03317,0.2001355,0.2336582,0,835.1353,92.3,92.3,,,34.07095409,,-1.4,-1.4,0,0.9580392,0.7589706,,,-0.85701151,,283,349.2,269,342.2,6.3,18.4,7.8,18.7,,,,
underway_1200.29908423,29908423,200809020,2008-12-12T22:40:00,20081212224000,MULTIPOINT ((-65.6759 76.6122)),76.6122,-65.6759,324.8,,320.57556152,,13.4,0.02,-0.42,-0.01,-0.73,,,975.54,,,27.70795751,,,,0.4182,4.277,,,,13.86306,-0.02306899,-0.02647381,0.1000677,0.03338079,,12.17245,12.18686,0.2001355,0.1669039,0,835.1353,93.1,92.9,,,33.88255136,,-1.5,-1.4,0,0.9594593,0.7593769,,,-0.58357869,,291,352.2,274,344.3,7.4,20,9,20.3,,,,
underway_1200.29908543,29908543,200809020,2008-12-12T23:00:00,20081212230000,MULTIPOINT ((-65.6155 76.5067)),76.5067,-65.6155,324.7,,320.42724609,,13.6,-0.15,-0.53,0.03,-0.44,,,975.71,,,27.74944365,,,7.801,0.3444,4.275,,,,13.86306,-0.03954683,-0.04302245,0.1667796,0.1001445,,19.78022,19.97291,0.3002032,0.3004334,0,833.7838,92.6,92.6,,,34.09176191,,-1.5,-1.5,13.52494,0.9593917,0.7599185,,,-0.71965753,,286,349.6,273,342.5,8.5,20.8,10,21.2,,,,
underway_1200.29908663,29908663,200809020,2008-12-12T23:20:00,20081212232000,MULTIPOINT ((-65.5552 76.3991)),76.3991,-65.5552,322.6,,319.21875,,13.5,-5.53,-5.9,9.04,8.67,,,975.76,,,27.79418782,,,7.78,0.4182,,,,,13.52509,-0.03954683,-0.04633169,0.1334236,0.0667632,,15.72291,16.07989,0.2668473,0.2336712,0,833.7838,92.2,92.3,,,34.09845665,,-1.5,-1.5,0,0.959402,0.7603924,,,-0.6719959,,293,351.2,279,344.1,9.5,22.3,10.8,22.6,,,,
underway_1200.29908783,29908783,200809020,2008-12-12T23:40:00,20081212234000,MULTIPOINT ((-65.4989 76.2816)),76.2816,-65.4989,312.9,,309.6496582,,13.4,-0.23,-0.52,-0.24,-0.97,,,975.98,,,27.8607577,,,7.793,0.3936,4.285,,,,30.09321,-0.03625126,-0.04302226,0.2334914,0.1669062,,27.05007,27.5897,0.4336269,0.4005749,0,833.7838,92.1,92.2,,,34.09186596,,-1.5,-1.5,29.07883,0.9591955,0.7603248,,,-0.58649153,,294,355.8,276,347.4,9,22.1,10.1,22.3,,,3348.17,
underway_1200.29908903,29908903,200809020,2008-12-13T00:00:00,20081213000000,MULTIPOINT ((-65.4341 76.2013)),76.2013,-65.4341,333.8,,336.3684082,,13.2,,,,,,,975.93,,,27.88695185,,,7.777,0.4182,4.278,,,,0,-0.03954683,-0.04633155,0.2001355,0.1335238,,23.66875,24.20446,0.366915,0.3671904,0,833.7838,92.1,92.1,,,34.12062963,,-1.6,-1.6,13.18687,0.9591252,0.7604602,,,-0.58066598,,296,342.5,286,336.6,8.4,20.4,9.9,21.1,,,3401.75,
underway_1200.29909023,29909023,200809020,2008-12-13T00:20:00,20081213002000,MULTIPOINT ((-65.365 76.1373)),76.1373,-65.365,336.6,,333.9074707,,13.5,,,,,,,976.14,,,27.71233586,,,7.771,0.3936,4.276,,,,0,-0.0329557,-0.03971404,0.366915,0.3004431,,43.95772,44.68516,0.7338301,0.6676514,0,833.7838,92.3,92.3,,,34.04700679,,-1.7,-1.7,0,0.9593604,0.7610018,,,-0.72452303,,290,346.7,278,340.1,7.1,19.1,8.8,19.6,,,3385.31,
underway_1200.29909143,29909143,200809020,2008-12-13T00:40:00,20081213004000,MULTIPOINT ((-65.3001 76.0754)),76.0754,-65.3001,328.2,,325.45349121,,13.2,,,,,,,976.36,,,27.46024847,,,7.755,0.4756,4.276,,,,0,-0.0329557,-0.03971402,0.366915,0.3004336,,43.4538,44.5159,0.7338301,0.6676302,0,833.8065,92.3,92.3,,,34.00766028,,-1.8,-1.8,13.52648,0.9594329,0.7610018,,,-0.99271661,,302,354.6,282,346.4,6.4,19.2,7.7,19.4,,,3262.46,
underway_1200.29909263,29909263,200809020,2008-12-13T01:00:00,20081213010000,MULTIPOINT ((-65.2344 76.0174)),76.0174,-65.2344,350.8,,351.99645996,,10.6,,,,,,,976.46,,,27.41877316,,,7.77,0.41,4.268,,,,0,-0.03625126,-0.03971358,0.5003387,0.4005891,,59.51628,60.59579,1.000677,0.9347079,0,833.7919,92.1,92.1,,,33.90690825,,-1.8,-1.8,0,0.9593617,0.7615434,,,-0.95363423,,302,337.1,295,331.9,7.6,16.6,8.9,17.2,,,3347.67,
underway_1200.29909383,29909383,200809020,2008-12-13T01:20:00,20081213012000,MULTIPOINT ((-65.2288 75.9864)),75.9864,-65.2288,213.1,,207.91625977,,13.4,,,,,,,976.67,,,27.54973251,,,7.769,0.3526,4.276,,,,0,-0.03295598,-0.03971427,0.633765,0.5675046,,78.45329,82.26132,1.300886,1.201774,0,832.4326,92,92.1,,,34.01791628,,-1.8,-1.7,0,0.9590237,0.7604602,,,-0.89408116,,304,33.1,309,32,7.1,15,6.5,14.2,,,3360.45,
underway_1200.29909503,29909503,200809020,2008-12-13T01:40:00,20081213014000,MULTIPOINT ((-65.2924 75.8932)),75.8932,-65.2924,209.5,,207.39440918,,13.5,,,,,,,976.65,,,27.57919945,,,7.768,0.41,4.283,,,,0,-0.03295593,-0.04302276,0.5003554,0.4339664,,64.2494,66.68922,1.100782,1.034843,0,832.4353,92.6,91.9,,,34.05138418,,-1.8,-1.7,13.18804,0.9591421,0.759106,,,-0.88822658,,300,33.9,304,32.8,8.3,15.8,7.7,15,,,3304.66,
underway_1200.29909623,29909623,200809020,2008-12-13T02:00:00,20081213020000,MULTIPOINT ((-65.2742 75.9305)),75.9305,-65.2742,44.2,,41.61621094,,14,,,,,,,976.73,,,27.5519138,,,7.799,0.3772,,,,,0,-0.03954697,-0.04633003,0.633763,0.5340901,,75.58045,75.49085,1.300882,1.201703,0,829.7357,92.6,92,,,34.00212471,,-1.9,-1.7,0,0.9595842,0.7596477,,,-0.87749462,,301,333.7,302,328.6,7,14.2,8.4,14.8,,,3325.44,
underway_1200.29909743,29909743,200809020,2008-12-13T02:20:00,20081213022000,MULTIPOINT ((-65.208 76.0317)),76.0317,-65.208,24.3,,20.1763916,,14.3,,,,,,,976.78,,,27.63158222,,,,0.2296,4.281,,,,0,-0.03954683,-0.04301866,0.767186,0.6342042,,88.59249,87.6777,1.501016,1.401925,0,829.7298,92.5,92.2,,,34.06960504,,-1.9,-1.9,28.74184,0.9597069,0.7610694,,,-0.84140989,,289,335.7,290,330.9,7.4,15.5,8.9,16.2,,,3374.59,
underway_1200.29909863,29909863,200809020,2008-12-13T02:40:00,20081213024000,MULTIPOINT ((-65.1325 76.0172)),76.0172,-65.1325,0.1,,354.68261719,,13.5,,,,,,,977.1,,,27.37294136,,,7.798,0.205,4.276,,,,13.86325,-0.03954683,-0.04302174,0.9006097,0.8011583,,109.3844,111.8822,1.901287,1.769225,0,825.6758,92.4,92.2,,,33.90953313,,-1.9,-1.9,0,0.9596077,0.7604602,,,-1.01128941,,292,357.3,276,349.1,2.3,14.5,4.1,14.5,,,3491.33,
underway_1200.29909980,29909980,200809020,2008-12-13T03:00:00,20081213030000,MULTIPOINT ((-65.0621 76.0212)),76.0212,-65.0621,4.8,,0.52734375,,11.8,0.04,-0.46,-0.41,-2.03,,,977.05,,,27.29656422,,,8.404,0.3444,4.282,,,,14.20129,-0.03954683,-0.03971273,1.034033,0.9346921,,126.4591,128.9776,2.168134,2.002912,0,821.6217,91.9,91.9,,,34.02149174,,-1.9,-1.9,0,0.9600746,0.7599185,,,-1.20222873,,295,342.7,289,336.7,6,15,7.5,15.4,,,3210.24,
underway_1200.29910100,29910100,200809020,2008-12-13T03:20:00,20081213032000,MULTIPOINT ((-64.9943 76.0367)),76.0367,-64.9943,6,,359.4342041,,13.6,0.15,-0.47,0.11,-1.11,,,977.1,,,27.22235073,,,8.378,0.2296,4.278,,,,14.20127,-0.03954683,-0.04302167,0.9673215,0.8344955,,116.3151,118.6526,2.068066,1.90265,0,821.6217,88.4,89,,,33.88073098,,-1.8,-1.8,13.18689,0.962846,0.7594445,,,-1.16791402,,299,347,291,339.9,6.3,17.1,8.2,17.6,,,0,
underway_1200.29910220,29910220,200809020,2008-12-13T03:40:00,20081213034000,MULTIPOINT ((-64.9197 76.0648)),76.0648,-64.9197,9.6,,3.09265137,,14.1,-0.2,-0.57,0.44,-2.2,,,977.11,,,27.3336591,,,8.347,0.2132,4.278,,,,0,-0.03954683,-0.04302092,1.034033,0.90129,,123.2469,126.2694,2.20149,2.069629,0,819.9325,84.9,86.8,,,33.93554156,,-1.7,-1.7,0,0.9652818,0.7588353,,,-1.0817213,,305,347.2,295,340.1,6.2,17.7,8.1,18.1,,,3296.26,
underway_1200.29910340,29910340,200809020,2008-12-13T04:00:00,20081213040000,MULTIPOINT ((-64.8452 76.0999)),76.0999,-64.8452,6.2,,3.09265137,,13.8,0.34,-0.14,-1.3,-1.74,,,977.25,,,27.39695854,,,7.275,0.123,4.278,,,,13.86341,-0.04613797,-0.04633128,1.167457,1.034794,,139.3104,143.1956,2.501693,2.33663,0,820.2704,83.5,85.1,,,34.03658229,,-1.7,-1.7,13.52528,0.964826,0.7579551,,,-1.09444674,,307,347,296,339.8,5.5,17.3,7.4,17.7,,,3351.92,
underway_1200.29910460,29910460,200809020,2008-12-13T04:20:00,20081213042000,MULTIPOINT ((-64.7693 76.1252)),76.1252,-64.7693,7.6,,3.71337891,,14,0.18,-0.31,-0.42,-2.08,,,977.24,,,27.34566929,,,,0.1312,,,,,14.20151,-0.04613797,-0.04633303,1.501016,1.335303,,175.8282,179.4177,3.202168,2.937666,0,820.2704,80.3,82.1,,,34.02086166,,-1.7,-1.7,0,0.9680022,0.7569395,,,-1.14243545,,312,349.1,298,341.4,5.4,17.6,7.3,17.9,,,3393.02,
underway_1200.29910580,29910580,200809020,2008-12-13T04:40:00,20081213044000,MULTIPOINT ((-64.6975 76.1411)),76.1411,-64.6975,2.2,,1.31835938,,13.4,0.05,-0.38,-1.38,-2.05,,,977.42,,,27.32275037,,,8.386,0.0656,4.278,,,,29.41689,-0.04613797,-0.04633123,1.63444,1.502147,,194.7601,200.0677,3.569083,3.338105,0,820.2704,76.3,78.2,,,33.98055459,,-1.7,-1.7,20.62564,0.9717718,0.7555854,,,-1.13459801,,312,348.2,298,340.5,4.9,16.9,6.8,17.4,,,3415.97,
underway_1200.29910700,29910700,200809020,2008-12-13T05:00:00,20081213050000,MULTIPOINT ((-64.626 76.1606)),76.1606,-64.626,6.8,,5.40527344,,12.2,0.19,-0.54,-1.22,-2.79,,,977.6,,,27.30202073,,,8.413,0.082,4.283,,,,0,-0.04613797,-0.04964105,1.701152,1.535546,,198.8173,204.1299,3.602439,3.338145,0,820.2704,76.3,77.2,,,34.02675159,,-1.7,-1.7,0,0.9728524,0.75545,,,-1.20026737,,341,354.9,316,346.5,3.8,15.8,5.1,16,,,3443.07,
underway_1200.29910820,29910820,200809020,2008-12-13T05:20:00,20081213051959,MULTIPOINT ((-64.5555 76.1816)),76.1816,-64.5555,17.2,,15.07324219,,12.8,0.15,-0.43,-0.6,-2.56,,,977.63,,,27.34239813,,,8.151,0.041,4.278,,,,0,-0.04613797,-0.04633012,1.834575,1.669018,,216.3992,221.7332,3.935998,3.671841,0,819.9325,77.1,77.1,,,34.05315773,,-1.7,-1.7,29.07865,0.9769748,0.7540282,,,-1.17477544,,308,350.1,299,342.7,3.4,14.3,5.2,14.7,,,3468.67,
underway_1200.29910940,29910940,200809020,2008-12-13T05:40:00,20081213054000,MULTIPOINT ((-64.4926 76.2274)),76.2274,-64.4926,16,,12.00805664,,11.3,-0.15,-0.46,-1.21,-2.38,,,977.81,,,27.36531322,,,8.172,0.041,4.277,,,,14.20148,-0.05272911,-0.05294741,1.934643,1.735752,,224.5187,229.1807,4.136133,3.872062,0,818.919,80.6,80,,,34.04332957,,-1.7,-1.7,0,0.9761152,0.7524033,,,-1.13851661,,284,350.8,282,343.3,2.7,11.5,4.3,11.8,,,3477.02,
underway_1200.29911060,29911060,200809020,2008-12-13T06:00:00,20081213060000,MULTIPOINT ((-64.4307 76.2739)),76.2739,-64.4307,15.2,,10.99182129,,12.6,0.19,-0.55,-1.3,-2.35,,,977.79,,,27.32166338,,,8.214,0.123,4.278,,,,0,-0.04613797,-0.0496376,2.168134,1.935975,,250.2121,256.0934,4.636472,4.339254,0,818.919,76.2,77.6,,,34.03474687,,-1.7,-1.7,29.41683,0.9868502,0.7503045,,,-1.18359838,,267,349.3,270,341.6,3.2,11.9,4.8,12.2,,,3489.19,
underway_1200.29911180,29911180,200809020,2008-12-13T06:20:00,20081213062000,MULTIPOINT ((-64.3664 76.3248)),76.3248,-64.3664,27,,22.57141113,,12.6,0.01,-0.51,-1.06,-1.34,,,977.76,,,27.31510898,,,8.193,0.0246,4.28,,,,0,-0.05932025,-0.0562539,2.968676,2.70358,,343.7048,351.7264,6.571115,6.07471,0,817.5676,73.7,75.1,,,33.94454079,,-1.4,-1.3,0,0.9982149,0.7463776,,,-1.11207091,,57,10,7,1.9,2.7,15,2.3,14.8,,,3510.16,
underway_1200.29911300,29911300,200809020,2008-12-13T06:40:00,20081213064000,MULTIPOINT ((-64.3113 76.3669)),76.3669,-64.3113,21.1,,20.18188477,,11,0.07,-0.28,-1.23,-2.81,,,977.9,,,27.20489523,,,8.608,0.1312,,,,,29.75513,-0.05932025,-0.05625343,3.035388,2.770328,,351.6516,359.833,6.671183,6.14145,0,817.5676,88.1,86.2,,,33.92904567,,-1.6,-1.6,29.417,0.9945652,0.745528,,,-1.23165654,,2,357.2,330,348.3,2.8,13.7,3.9,13.8,,,0,
underway_1200.29911420,29911420,200809020,2008-12-13T07:00:00,20081213070000,MULTIPOINT ((-64.2485 76.4084)),76.4084,-64.2485,16,,11.72790527,,12.6,0.02,-0.33,-0.46,-3.08,,,977.85,,,27.29983249,,,8.163,0.0492,4.27,,,,0,-0.06591138,-0.06617957,1.767863,1.635477,,209.9752,215.6178,3.902642,3.671478,0,816.892,91.4,89.8,,,33.95249084,,-1.6,-1.6,0,0.9941532,0.7494158,,,-1.13753694,,44,6.9,350,358.4,2.4,14.7,2.3,14.6,,,3564.8,
underway_1200.29911540,29911540,200809020,2008-12-13T07:20:00,20081213072000,MULTIPOINT ((-64.1857 76.4525)),76.4525,-64.1857,21.9,,10.33813477,,6,-0.04,-0.37,-0.76,-2.33,,,977.91,,,27.30419437,,,8.121,0.0164,4.277,,,,30.76935,-0.04943354,-0.05294324,2.234846,2.035933,,262.3848,268.4081,4.970031,4.605882,0,814.865,90.8,90.1,,,33.91407635,,-1.6,-1.6,29.41685,0.9941542,0.7505273,,,-1.09836279,,58,21.5,32,15.1,1.9,7.4,1.5,7.3,,,3631.86,
underway_1200.29911660,29911660,200809020,2008-12-13T07:40:00,20081213074000,MULTIPOINT ((-64.1839 76.4533)),76.4533,-64.1839,167.4,,150.1171875,,2.4,-0.13,-0.4,-0.58,-2.98,,,978.05,,,27.39478062,,,8.136,0.1148,4.275,,,,14.20123,-0.05272911,-0.05625087,2.234846,2.002572,,260.3559,266.3761,4.936675,4.539164,0,814.865,90.2,89.9,,,34.09487605,,-1.5,-0.9,0,0.9943565,0.7419269,,,-1.14831419,,34,320.3,46,320.2,1.7,2.4,1.8,2.8,,,3630.19,
underway_1200.29911780,29911780,200809020,2008-12-13T08:00:00,20081213080000,MULTIPOINT ((-64.1303 76.5053)),76.5053,-64.1303,29,,33.64013672,,11.8,0.01,-0.35,-1.46,-3.17,,,977.96,,,27.35548881,,,8.134,0.0246,4.279,,,,30.093,-0.05272911,-0.05293725,2.635117,2.402788,,307.0162,313.2473,5.870641,5.406274,0,814.865,87.1,87.8,,,34.00093639,,-1.4,-1.4,13.18682,0.994489,0.7478673,,,-1.11305018,,100,11.3,81,3.3,4.3,13.8,2.7,13.6,,,3693.65,
underway_1200.29911900,29911900,200809020,2008-12-13T08:20:00,20081213082000,MULTIPOINT ((-64.0651 76.5542)),76.5542,-64.0651,11.2,,7.75634766,,14.3,-0.03,-0.49,-1.34,-1.96,,,977.99,,,27.37404045,,,8.186,-0.0164,4.275,,,,0,-0.05272911,-0.05624336,2.635117,2.369378,,301.4371,308.3304,5.837285,5.406186,0,814.865,89.5,88.5,,,34.00966052,,-1.5,-1.3,0,0.9944212,0.749808,,,-1.09836279,,86,17.5,73,10.4,3.9,15.8,2.1,15.4,,,3684.04,
underway_1200.29912020,29912020,200809020,2008-12-13T08:40:00,20081213084000,MULTIPOINT ((-63.9907 76.6099)),76.6099,-63.9907,353.6,,348.26660156,,14.2,0.21,-0.39,-0.89,-1.73,,,977.88,,,27.42205595,,,8.12,-0.0246,4.277,,,,0,-0.05272911,-0.05624319,2.568405,2.336005,,298.225,304.2738,5.803929,5.33944,0,814.865,92.3,90.4,,,34.02202261,,-1.5,-1.3,29.07862,0.9942861,0.7497523,,,-1.05138661,,114,21.3,130,14.5,4.1,12.6,3,12.2,,,3674.22,
underway_1200.29912140,29912140,200809020,2008-12-13T09:00:00,20081213090000,MULTIPOINT ((-63.9275 76.6635)),76.6635,-63.9275,13,,7.92663574,,11.9,0.25,-0.45,-0.98,-2.17,,,977.67,,,27.47334464,,,8.154,-0.0246,,,,,0,-0.05932025,-0.05624319,2.501693,2.269262,,287.405,293.4442,5.603794,5.205954,0,814.5271,92.6,91,,,34.02220757,,-1.4,-1.2,0,0.9942185,0.7468442,,,-0.98978458,,137,28.6,145,23.7,4.9,10,4.2,9.6,,,3676.73,
underway_1200.29912260,29912260,200809020,2008-12-13T09:20:00,20081213092000,MULTIPOINT ((-63.8634 76.7512)),76.7512,-63.8634,48.5,,46.03820801,,14,-0.17,-0.53,-1.22,-2.05,,,977.58,,,27.46133801,,,8.147,-0.0328,4.279,,,,0,-0.08568481,-0.08932742,2.835253,2.536234,,323.9223,328.6122,6.404335,5.873384,0,813.5136,92.4,90.9,,,33.98590689,,-1.4,-1.2,29.07862,0.9942861,0.7483287,,,-0.97219528,,126,22.4,121,16.6,5.6,16.2,4,15.7,,,3682.74,
underway_1200.29912380,29912380,200809020,2008-12-13T09:40:00,20081213094000,MULTIPOINT ((-63.8137 76.8579)),76.8579,-63.8137,39.3,,35.16723633,,12.2,-0.08,-0.37,-0.75,-1.88,,,977.59,,,27.5071774,,,8.139,-0.0246,4.275,,,,13.86337,-0.06591138,-0.06947688,3.1021,2.803206,,357.0664,363.1293,7.10481,6.474071,0,813.5136,87.3,88.1,,,34.0705952,,-1.2,-1.1,0,0.9946464,0.7469702,,,-0.99173925,,98,21.7,86,15.7,5.5,15.8,4.1,15.3,,,3703.54,
underway_1200.29912500,29912500,200809020,2008-12-13T10:00:00,20081213100000,MULTIPOINT ((-63.7639 76.9506)),76.9506,-63.7639,37.9,,31.98120117,,11.1,-0.03,-0.37,-0.15,-2.42,,,977.69,,,27.47444238,,,8.145,0.0082,4.274,,,,0,-0.07250253,-0.07609373,2.835253,2.569606,,327.8137,332.6715,6.471048,5.940127,0,813.5136,91.2,90.2,,,34.10476964,,-1.2,-1.1,29.07888,0.9943625,0.7450081,,,-1.06117036,,113,16,97,8,3,12,1.4,11.7,,,3520.51,
underway_1200.29912620,29912620,200809020,2008-12-13T10:20:00,20081213102000,MULTIPOINT ((-63.7143 77.0689)),77.0689,-63.7143,55,,49.08691406,,13.6,-0.19,-0.38,-1.14,-1.55,,,977.61,,,27.42968598,,,8.151,-0.0082,4.28,,,,0,-0.08568481,-0.086019,2.501693,2.269262,,290.1153,294.7566,5.737217,5.272697,0,813.5136,93,91.3,,,33.91185184,,-1.6,-1.4,0,0.994372,0.7489728,,,-0.9448441,,115,17,89,10.1,3.4,15.5,2,15.2,,,3736.99,
underway_1200.29912740,29912740,200809020,2008-12-13T10:40:00,20081213104000,MULTIPOINT ((-63.6622 77.1602)),77.1602,-63.6622,51.8,,45.7800293,,12.7,-0.34,-0.64,-1.37,-1.78,,,977.5,,,27.389302,,,8.116,0.0328,4.28,,,,0,-0.09886708,-0.1058695,2.234846,2.035661,,261.709,265.6549,5.103455,4.67201,0,812.1622,93.5,91.6,,,33.80958678,,-1.8,-1.6,29.07878,0.9944266,0.7515495,,,-0.90286407,,131,24.5,131,19.2,4.7,14.3,3.2,13.7,,,3735.25,
underway_1200.29912860,29912860,200809020,2008-12-13T11:00:00,20081213110000,MULTIPOINT ((-63.6211 77.2288)),77.2288,-63.6211,359.9,,354.88586426,,9.4,0.27,-0.32,-1.27,-3.39,,,977.51,,,27.37511103,,,8.277,0.041,4.288,,,,0,-0.09886708,-0.1124864,2.234846,2.035661,,259.009,262.961,5.036743,4.738753,0,812.1622,92.9,91.1,,,33.74756249,,-1.3,-1.4,0,0.9943783,0.7482034,,,-0.8648138,,112,44.5,117,47.2,6.8,9.4,7,8.8,,,3738.88,
underway_1200.29912980,29912980,200809020,2008-12-13T11:20:00,20081213112000,MULTIPOINT ((-63.5617 77.2545)),77.2545,-63.5617,1.3,,350.98022461,,12,0.04,-0.47,-1.32,-2.14,,,977.17,,,27.55517303,,,8.169,0.1148,,,,,13.52495,-0.1054582,-0.1191032,1.967999,1.735318,,224.3451,226.3967,4.436337,4.071323,0,812.1622,90.1,91.3,,,33.81898956,,-1.2,-1.8,29.41677,0.9942867,0.7499178,,,-0.7109006,,112,50.9,120,55.7,8.2,11.7,8.8,10.9,,,3746.06,
underway_1200.29913100,29913100,200809020,2008-12-13T11:40:00,20081213113959,MULTIPOINT ((-63.4938 77.2049)),77.2049,-63.4938,328.1,,323.26171875,,13.9,0.01,-0.51,-1.47,-2.06,,,977.08,,,27.60318877,,,8.137,0.205,4.286,,,,14.20119,-0.09886708,-0.09263584,1.501016,1.33486,,173.1192,176.9882,3.402303,3.136921,0,812.1622,90.1,92,,,33.81631571,,-1.3,-1.7,0,0.9943537,0.7518785,,,-0.65060874,,114,40.2,116,42.4,8.7,8.1,9.1,7.7,,,3758.97,
underway_1200.29913220,29913220,200809020,2008-12-13T12:00:00,20081213120000,MULTIPOINT ((-63.4347 77.1201)),77.1201,-63.4347,324.5,,322.71240234,,13.6,0.41,-0.55,-1.39,-2.45,,,977.03,,,27.58681684,,,8.092,0.2952,4.285,,,,30.093,-0.09886708,-0.09925268,1.300881,1.168002,,150.8031,155.33,2.93532,2.736463,0,812.1622,90.7,92.3,,,33.78116531,,-1.3,-1.6,29.07862,0.9944212,0.7528937,,,-0.63894612,,111,48.3,114,51.8,10,7.8,10.5,7.2,,,3760.95,
underway_1200.29913340,29913340,200809020,2008-12-13T12:20:00,20081213122000,MULTIPOINT ((-63.3691 77.0453)),77.0453,-63.3691,348.5,,343.97644043,,12.9,0.13,-0.43,-1.14,-2.21,,,976.76,,,27.3521875,,,8.116,0.4838,4.28,,,,13.86306,-0.08568481,-0.08932742,0.9673215,0.867659,,114.962,117.7665,2.168134,2.035661,0,812.5001,90.6,92.4,,,33.6509726,,-1.3,-1.9,0,0.994489,0.757496,,,-0.80632063,,116,59.1,123,66.5,10.7,10.5,11.7,9.5,,,3766.8,
underway_1200.29913460,29913460,200809020,2008-12-13T12:40:00,20081213124000,MULTIPOINT ((-63.3082 76.9663)),76.9663,-63.3082,331.3,,327.70568848,,12.9,0.38,-0.47,-1.72,-1.95,,,976.77,,,27.27470951,,,8.12,0.7544,4.287,,,,0,-0.07250253,-0.06947688,0.7338301,0.6340585,,87.91212,90.35536,1.601084,1.535089,0,812.8379,90.4,92.2,,,33.63523234,,-1.4,-1.9,29.07862,0.994489,0.7600003,,,-0.88627517,,123,67.8,127,75.1,11.7,6.1,12.4,5.5,,,3783.07,
underway_1200.29913580,29913580,200809020,2008-12-13T13:00:00,20081213130000,MULTIPOINT ((-63.245 76.8944)),76.8944,-63.245,329.6,,331.0345459,,13,0.27,-0.8,-1.97,-3.73,,,976.65,,,27.21578549,,,8.172,1.1234,4.292,,,,13.86306,-0.05932025,-0.05955161,0.5670505,0.5005725,,72.35844,74.61932,1.300881,1.201374,0,812.8379,91,92.4,,,33.65128486,,-1.5,-1.8,0,0.9947594,0.7604064,,,-0.97219528,,124,70.7,127,81.5,12.5,5.8,13.3,5.2,,,3784.32,
underway_1200.29913700,29913700,200809020,2008-12-13T13:20:00,20081213132000,MULTIPOINT ((-63.1828 76.8372)),76.8372,-63.1828,325.2,,316.6204834,,12.7,0.52,-0.35,0.01,-2.49,,,976.54,,,27.18413641,,,8.098,1.3038,4.283,,,,0,-0.05272911,-0.05624319,0.5003387,0.4338295,,63.39816,64.80543,1.134101,1.067888,0,813.5136,91.3,92.6,,,33.59725499,,-1.4,-1.7,29.07862,0.9948271,0.7596618,,,-0.96242561,,132,69,132,78.3,11.4,2.8,11.9,2.7,,,3793.77,
underway_1200.29913820,29913820,200809020,2008-12-13T13:40:00,20081213134000,MULTIPOINT ((-63.1221 76.7569)),76.7569,-63.1221,331.7,,328.07373047,,13.5,0.39,-0.7,0.78,-0.42,,,976.3,,,27.22014905,,,8.185,1.476,,,,,0,-0.03954683,-0.04631792,0.4336269,0.400458,,54.77601,56.00679,1.000677,0.934402,0,813.5136,91,92.6,,,33.63533822,,-1.4,-1.7,0,0.9948271,0.7596618,,,-0.95265749,,128,90.2,132,105.5,14.3,5.7,15.4,5.2,,,3685.59,
underway_1200.29913940,29913940,200809020,2008-12-13T14:00:00,20081213140000,MULTIPOINT ((-63.0591 76.6733)),76.6733,-63.0591,328.6,,326.23901367,,13.3,0.25,-0.38,0.93,-0.62,,,976.08,,,27.19614183,,,8.162,1.7548,4.277,,,,0,-0.03295536,-0.03639265,0.4336244,0.3670865,,50.04228,51.77667,0.9006044,0.867659,0,813.5136,91.2,92.7,,,33.62562871,,-1.3,-1.7,29.41675,0.9946241,0.7597972,,,-0.97317233,,132,111.7,135,119.5,15.6,4.9,15.8,4.4,,,3820.84,
underway_1200.29914060,29914060,200809020,2008-12-13T14:20:00,20081213142000,MULTIPOINT ((-62.9953 76.5865)),76.5865,-62.9953,327.3,,325.65673828,,13.4,0.22,-0.67,0.41,-0.74,,,975.99,,,27.22124607,,,8.147,1.6892,4.28,,,,14.20119,-0.03295566,-0.03639265,0.3669149,0.333715,,47.3373,48.56178,0.8672534,0.800916,0,813.5136,90.8,92.2,,,33.7091783,,-1.3,-1.6,0,0.9944212,0.7599325,,,-1.01715567,,137,110.3,135,132.9,14.6,2.9,17,4.8,,,3838.34,
underway_1200.29914180,29914180,200809020,2008-12-13T14:40:00,20081213144000,MULTIPOINT ((-62.9368 76.5029)),76.5029,-62.9368,316,,314.98901367,,12.8,-0.24,-1.1,-0.5,-1.16,,,975.89,,,27.1077517,,,8.159,1.6154,4.278,,,,0,-0.03954681,-0.03639265,0.3669149,0.3003435,,43.11045,44.33166,0.8005416,0.7341729,0,814.1893,89.4,92.6,,,33.57959506,,-1.7,-1.6,29.41654,0.9936027,0.7610154,,,-1.03964815,,134,165.1,136,178.9,15.3,2.6,15.2,2.4,,,0,
underway_1200.29914300,29914300,200809020,2008-12-13T15:00:00,20081213150000,MULTIPOINT ((-62.878 76.4087)),76.4087,-62.878,328.3,,326.56860352,,12.7,0.45,-0.77,-0.18,-0.59,,,975.87,,,27.1077517,,,8.18,1.5416,4.282,,,,0,-0.03295545,-0.03970108,0.2668465,0.2336005,,32.4577,33.1641,0.6004045,0.533944,0,813.5136,88.9,90.5,,,33.57959506,,-1.1,-1.9,0,0.9933407,0.761353,,,-1.03964815,,135,120.7,134,135.3,15.2,4.1,17.6,6.2,,,3871.54,
underway_1200.29914420,29914420,200809020,2008-12-13T15:20:00,20081213152000,MULTIPOINT ((-62.8146 76.3293)),76.3293,-62.8146,329.6,,325.77758789,,13.1,0.04,-1.13,0.87,0.21,,,975.78,,,27.06628606,,,8.158,1.4268,4.274,,,,30.76462,-0.03295566,-0.03308423,0.2001354,0.1668575,,23.66509,24.70388,0.4002708,0.400458,0,813.5136,87,90.7,,,33.56901842,,-1.2,-1.9,29.41233,0.9931901,0.7635192,,,-1.08074253,,146,167.1,139,148.3,16.3,3.2,18.2,5.8,,,3873.73,
underway_1200.29914540,29914540,200809020,2008-12-13T15:40:00,20081213154000,MULTIPOINT ((-62.7496 76.2663)),76.2663,-62.7496,333.5,,331.6003418,,13.2,-0.1,-0.86,0.15,-0.7,,,975.71,,,27.00954414,,,8.167,1.599,4.281,,,,14.19879,-0.02636454,-0.02646738,0.1334236,0.066743,,14.36782,15.05922,0.2334913,0.2336005,0,813.5136,86.8,91.1,,,33.55509814,,-1.2,-1.9,0,0.9930363,0.7648052,,,-1.13753694,,150,151.4,143,145.5,15.2,2.3,18.4,6,,,3879.27,
underway_1200.29914660,29914660,200809020,2008-12-13T16:00:00,20081213160000,MULTIPOINT ((-62.6976 76.2786)),76.2786,-62.6976,10.8,,7.01477051,,8.7,0.22,-0.65,0.74,-0.11,,,975.51,,,26.87751042,,,,1.845,,,,,14.19878,-0.0197734,-0.02315896,0.0667118,0.0333715,,10.14199,10.6599,0.1667795,0.1668575,0,813.5136,88.7,92,,,33.49951771,,-1.6,-2.2,0,0.9929684,0.7660911,,,-1.24931997,,168,137.5,157,128,15.1,7.7,18,11.6,,,3885.49,
underway_1200.29914780,29914780,200809020,2008-12-13T16:20:00,20081213162000,MULTIPOINT ((-62.6207 76.3017)),76.3017,-62.6207,7.4,,3.78479004,,14.4,0.12,-1.06,0.25,-0.3,,,975.3,,,27.11975317,,,8.152,1.4432,4.275,,,,0,-0.0197734,-0.0297758,0.0667118,0,,5.409061,5.752959,0.1000677,0.1001145,0,813.5136,90.1,92.6,,,33.55984896,,-1.7,-2.1,13.52265,0.9918866,0.7648052,,,-1.00737889,,164,120.3,161,120.2,20.4,9.3,21.6,10.8,,,3904.11,
underway_1200.29914900,29914900,200809020,2008-12-13T16:40:00,20081213164000,MULTIPOINT ((-62.541 76.3211)),76.3211,-62.541,2.4,,358.68164062,,14.4,0.09,-0.72,0.25,-0.76,,,975.19,,,27.11866437,,,8.17,1.9352,4.271,,,,14.19894,-0.01647784,-0.01985054,0,-0.0333715,,3.042629,2.87648,0.0333559,0.0333715,0,814.1893,90.3,93.1,,,33.59009997,,-1.6,-2.2,0,0.9909506,0.7653466,,,-1.03573582,,169,135.4,161,136.9,19,5.9,24.6,12.2,,,3916.27,
underway_1200.29915020,29915020,200809020,2008-12-13T17:00:00,20081213170000,MULTIPOINT ((-62.4612 76.3336)),76.3336,-62.4612,6.3,,2.8894043,,14.3,0.57,-1.35,0.16,-1.67,,,975.08,,,27.18304743,,,8.109,1.7548,4.282,,,,14.20026,-0.00329552,-0.01654211,0,-0.0333715,,1.690508,2.030456,0,0.0333715,0,813.5136,91.4,93.9,,,33.62530485,,-1.4,-2.2,13.18596,0.990908,0.7656173,,,-0.98880726,,160,115.6,159,120.3,20.2,9.8,21.9,11.2,,,3924.49,
underway_1200.29915140,29915140,200809020,2008-12-13T17:20:00,20081213172000,MULTIPOINT ((-62.3823 76.3525)),76.3525,-62.3823,6.1,,2.23022461,,14.1,0.18,-0.42,0.21,-1.06,,,974.98,,,27.20159955,,,8.209,1.7466,4.274,,,,13.86283,-0.00329556,-0.01654211,0,-0.0333715,,1.014353,1.353652,0,0.0333715,0,814.1893,91.6,94.3,,,33.64729451,,-1.4,-2.2,0,0.9900765,0.7656258,,,-0.98587541,,177,147.8,167,143.3,17.9,4.5,24.6,12.1,,,3925.74,
underway_1200.29915260,29915260,200809020,2008-12-13T17:40:00,20081213174000,MULTIPOINT ((-62.3031 76.3686)),76.3686,-62.3031,6,,2.25769043,,14.5,0.4,-0.79,0.76,-1.1,,,974.89,,,27.19396024,,,8.184,1.6482,4.279,,,,13.86262,-0.00329557,-0.01323369,0,-0.0333715,,1.014338,1.353691,0,0.0333715,0,814.1893,92.2,94.8,,,33.63579217,,-0.9,-2.2,29.4158,0.9883709,0.7656476,,,-0.98489816,,174,153.8,171,154.9,23.2,9.5,28,14.4,,,3939.41,
underway_1200.29915380,29915380,200809020,2008-12-13T18:00:00,20081213180000,MULTIPOINT ((-62.2241 76.3833)),76.3833,-62.2241,5,,1.78527832,,14.1,0.6,-0.95,0.34,-1.41,,,974.8,,,27.21688607,,,,1.3038,4.27,,,,14.20085,-0.00329557,-0.01654211,0,-0.0333715,,1.014346,1.015338,-0.0333559,0.0333715,0,814.865,92.3,95.1,,,33.77036604,,-0.7,-2.1,13.52462,0.986215,0.7654291,,,-1.0768276,,176,162.2,174,159.6,25.6,11.9,26.3,12.8,,,4037.78,
underway_1200.29915500,29915500,200809020,2008-12-13T18:20:00,20081213182000,MULTIPOINT ((-62.1464 76.4067)),76.4067,-62.1464,10.1,,6.04797363,,13.9,0.91,-1.01,0.52,-0.97,,,974.84,,,27.08811876,,,8.181,1.312,4.275,,,,14.20077,-0.00329555,-0.01654234,0,-0.03337207,,1.014341,0.6768989,0,0,0,817.5676,90.8,95.4,,,33.68575124,,-1,-2.1,0,0.9842487,0.7654373,,,-1.15811333,,179,154.1,174,152.1,21.7,8.5,26.6,13.8,,,3801.03,
underway_1200.29915620,29915620,200809020,2008-12-13T18:40:00,20081213184000,MULTIPOINT ((-62.0698 76.4377)),76.4377,-62.0698,7.5,,4.24621582,,13.6,0.01,-1.06,0.23,-1.36,,,974.83,,,27.13613084,,,8.21,1.476,4.28,,,,0,-0.00329555,-0.0198507,0,-0.03337161,,1.014304,0.6769322,0,-0.03337161,0,820.2704,90.1,95.6,,,33.68532719,,-0.9,-2.1,13.52406,0.9808998,0.7652042,,,-1.09934184,,177,158.3,174,154.5,23.3,10.2,26.3,13.5,,,3961.78,
underway_1200.29915740,29915740,200809020,2008-12-13T19:00:00,20081213190000,MULTIPOINT ((-61.9929 76.4618)),76.4618,-61.9929,6.6,,2.85644531,,14,1.82,-2.31,0.61,-0.59,,,975.12,,,27.32818893,,,8.137,1.6318,4.268,,,,0,-0.00329557,-0.01985081,0,-0.03337169,,1.014264,0.6769327,-0.0333559,-0.03337169,0,819.5946,88.9,95.7,,,33.75717422,,-0.8,-2,0,0.9772777,0.7647986,,,-0.93019666,,182,172.8,183,174.2,25.2,11.3,24.7,10.8,,,3967.66,
underway_1200.29915860,29915860,200809020,2008-12-13T19:20:00,20081213192000,MULTIPOINT ((-61.9167 76.4831)),76.4831,-61.9167,7.2,,3.15307617,,14,0.67,-1.48,0.48,-1.16,,,975.29,,,27.54534997,,,8.161,2.05,4.276,,,,0,-0.0098867,-0.02315926,0,-0.03337166,,1.014254,0.846165,0,-0.03337166,0,820.2704,89.1,95.8,,,33.79807404,,-1.1,-1.9,13.1853,0.975306,0.7641208,,,-0.70409051,,181,165.8,182,167.3,20.4,6.6,20.4,6.6,,,3970.17,
underway_1200.29915980,29915980,200809020,2008-12-13T19:40:00,20081213194000,MULTIPOINT ((-61.8426 76.5258)),76.5258,-61.8426,20.7,,17.00683594,,13.9,0.26,-1.35,1.29,-0.72,,,975.65,,,27.54316502,,,8.295,2.091,,,,,0,-0.00329557,-0.01654268,0,-0.03337224,,1.014222,0.8461669,-0.0333559,0.03337224,0,821.6217,89,95.4,,,33.76789846,,-0.6,-1.9,0,0.9718278,0.7640547,,,-0.67977489,,195,172,193,166.9,25.6,11.8,24.5,10.9,,,3973.63,
underway_1200.29916100,29916100,200809020,2008-12-13T20:00:00,20081213200000,MULTIPOINT ((-61.7702 76.5789)),76.5789,-61.7702,9.9,,14.7052002,,13.4,2.87,-1.86,0.06,-1.74,,,975.83,,,27.54207277,,,,2.0336,4.253,,,,0,-0.00329557,-0.0165425,0,-0.03337218,,1.014242,1.184634,0,0,0,823.3108,90.6,95.2,,,33.7555472,,-1.6,-1.7,29.41303,0.9738754,0.7629716,,,-0.67005131,,189,165.5,188,164.3,22.7,9.4,24.3,11,,,3977.37,
underway_1200.29916220,29916220,200809020,2008-12-13T20:20:00,20081213202000,MULTIPOINT ((-61.6947 76.5907)),76.5907,-61.6947,3.9,,359.01123047,,13.6,1.03,-1.53,0.51,-0.89,,,976.29,,,27.58135919,,,8.186,2.091,4.274,,,,0,-0.00329557,0,0,-0.033372,,1.014234,1.353867,0,-0.033372,0,825.6758,93.1,95.7,,,33.76510961,,-1.9,-1.1,0,0.9804944,0.7589778,,,-0.63117227,,197,209.5,194,208.6,28.5,15.5,23.9,10.7,,,3977.71,
underway_1200.29916340,29916340,200809020,2008-12-13T20:40:00,20081213204000,MULTIPOINT ((-61.6189 76.5973)),76.5973,-61.6189,1.8,,357.55004883,,13.5,0.7,-2.24,1.66,-1.78,,,976.78,,,27.55953265,,,8.149,1.9434,4.271,,,,0,-0.00329548,-0.00661715,0,-0.03337214,,1.69045,1.353867,0,0.03337214,0,825.0001,94.3,95.1,,,33.75086492,,-2,-1.2,0,0.977486,0.7587069,,,-0.64477715,,204,229.9,201,233.1,24.4,13,20.6,9,,,3890.51,
underway_1200.29916460,29916460,200809020,2008-12-13T21:00:00,20081213210000,MULTIPOINT ((-61.5434 76.6111)),76.6111,-61.5434,7.6,,3.69689941,,13.5,0.82,-1.39,1.07,-1.15,,,977.27,,,27.58572283,,,8.153,1.845,4.257,,,,0,-0.00329553,-0.00661687,0,-0.03337152,,2.366776,2.030773,0,0.03337152,0,825.6758,95,95.1,,,33.74711539,,-2,-1.4,13.18632,0.9727449,0.759306,,,-0.6097992,,211,229.6,208,230.7,25.2,13.8,22.7,11.1,,,3964.42,
underway_1200.29916580,29916580,200809020,2008-12-13T21:20:00,20081213212000,MULTIPOINT ((-61.4674 76.6297)),76.6297,-61.4674,7,,2.24121094,,13.9,1.51,-1.77,2.41,-2.11,,,978.06,,,27.59772605,,,8.19,1.7958,4.273,,,,14.20109,-0.00329557,-0.00661689,0,-0.03337159,,2.535908,2.707733,0.0333559,0.03337159,0,824.3244,95.2,95,,,33.73727216,,-2.1,-1.3,0,0.9675674,0.759993,,,-0.58649153,,211,224.7,205,224,31.4,19.5,23.9,11.5,,,3984.02,
underway_1200.29916700,29916700,200809020,2008-12-13T21:40:00,20081213214000,MULTIPOINT ((-61.392 76.6482)),76.6482,-61.392,6.7,,1.91711426,,13.4,1.53,-1.73,2.5,-1.56,,,978.52,,,27.62500858,,,8.18,1.6236,4.275,,,,14.20115,-0.00329555,-0.00992544,0,0,,6.086209,6.430868,0.0667117,0.100116,0,824.3244,95.4,94.7,,,33.74476679,,-2.2,-1.4,0,0.9642583,0.7607378,,,-0.56028088,,215,235.6,217,241.3,27.3,16.8,26.2,16.4,,,3764.74,
underway_1200.29916820,29916820,200809020,2008-12-13T22:00:00,20081213220000,MULTIPOINT ((-61.3166 76.6672)),76.6672,-61.3166,6.5,,1.93908691,,13.9,2.53,-2.51,1.8,0.02,,,979.1,,,27.61955351,,,,1.6318,4.257,,,,0,-0.00329557,-0.00992558,0.0667118,0,,9.129332,9.307835,0.1000677,0.1668652,0,824.6623,95.3,94,,,33.7612576,,-2,-1.3,28.74049,0.9612848,0.7608731,,,-0.58163687,,217,237.3,218,242.2,28.8,18.4,26,16,,,3835.37,
underway_1200.29916940,29916940,200809020,2008-12-13T22:20:00,20081213222000,MULTIPOINT ((-61.2414 76.6857)),76.6857,-61.2414,8.9,,8.2232666,,13.7,1.83,-1.44,1.13,-2.38,,,979.31,,,27.68939879,,,8.165,1.5252,4.243,,,,0,-0.00329557,-0.01654411,0.0667118,0.06675065,,16.39898,17.09257,0.2334913,0.2336273,0,824.3244,95.4,94.2,,,33.79892602,,-2,-1.3,0,0.9569568,0.7603993,,,-0.53117094,,218,227.9,214,227.9,28.1,17.1,23.6,12.2,,,3796.95,
underway_1200.29917060,29917060,200809020,2008-12-13T22:40:00,20081213224000,MULTIPOINT ((-61.1656 76.7041)),76.7041,-61.1656,6.4,,3.9276123,,13.4,0.91,-0.98,1.44,-2.89,,,980.2,,,27.63483588,,,8.136,1.5498,,,,,0,-0.00329557,-0.02316147,0.1334236,0.1335004,,26.0355,26.73887,0.333559,0.4005011,0,824.3244,95.2,93.7,,,33.81659572,,-2.1,-1.4,29.07861,0.9520878,0.7608731,,,-0.61271327,,217,239.1,217,242,24.8,14.6,23.4,13.4,,,3741.54,
underway_1200.29917180,29917180,200809020,2008-12-13T23:00:00,20081213230000,MULTIPOINT ((-61.089 76.7259)),76.7259,-61.089,5.6,,3.1640625,,13.9,0.94,-1.22,0.35,-0.96,,,980.73,,,27.58463554,,,8.148,1.312,4.28,,,,13.86306,-0.00329557,-0.01323556,0.2001354,0.200259,,36.34826,36.89381,0.5003385,0.5674006,0,823.6487,94.8,92.8,,,33.79670763,,-2,-1.4,13.52494,0.9497887,0.7604863,,,-0.65546881,,214,236.3,213,239.7,27,16.1,23.7,12.8,,,3677.18,
underway_1200.29917300,29917300,200809020,2008-12-13T23:20:00,20081213232001,MULTIPOINT ((-61.0125 76.7385)),76.7385,-61.0125,11.3,,5.60302734,,13.9,2.62,-0.85,4.47,-2.86,,,981.5,,,27.59117866,,,8.2,1.0414,4.268,,,,0,-0.0098867,-0.04632326,0.333559,0.4004857,,66.94843,69.21896,0.9673211,1.13471,0,822.9731,93.2,92.5,,,33.74037208,,-2,-1.4,0,0.9434995,0.7606301,,,-0.59717312,,225,244.3,234,260.7,27.4,17.5,24.1,16.5,,,3615.41,
underway_1200.29917420,29917420,200809020,2008-12-13T23:40:00,20081213234000,MULTIPOINT ((-60.9383 76.7602)),76.7602,-60.9383,9.1,,5.16906738,,13.5,0,-29.08,15.96,0,,,981.75,,,27.68612797,,,8.108,0.9102,4.261,,,,13.18681,-0.01647784,-0.06286747,0.3669149,0.4338886,,72.35841,77.51085,1.067389,1.26829,0,822.9731,92.9,92,,,33.83683088,,-1.9,-1.2,13.18681,0.9409974,0.7594032,,,-0.56901653,,225,247.2,234,263.1,26.4,17.4,23.6,17,,,3575.19,
underway_1200.29917540,29917540,200809020,2008-12-14T00:00:00,20081214000000,MULTIPOINT ((-60.8639 76.7795)),76.7795,-60.8639,5.4,,2.41699219,,13.5,1.64,-1.11,1.55,-2.45,,,982.32,,,27.6664822,,,8.134,0.7954,4.256,,,,13.52494,-0.02636454,-0.1191202,0.5003385,0.7008906,,93.32205,105.9437,1.434304,1.80229,0,822.9731,91.7,90.9,,,33.80494357,,-1.7,-1.1,13.18681,0.9425527,0.75765,,,-0.56416324,,227,255.1,235,265.8,25.5,17.8,24.9,19.2,,,3542.37,
underway_1200.29917660,29917660,200809020,2008-12-14T00:20:00,20081214002000,MULTIPOINT ((-60.7899 76.7975)),76.7975,-60.7899,7.4,,4.29016113,,13.6,1.67,-2.05,0.57,-0.8,,,983.24,,,27.67303133,,,8.153,0.6068,4.285,,,,14.20118,-0.03295567,-0.1522091,0.667118,1.401773,,139.1378,188.531,2.501692,3.237428,0,822.2973,90.4,90.1,,,33.82244708,,-1.6,-1.1,0,0.9433642,0.7552072,,,-0.57192869,,226,255.9,237,275,,15,20.7,15.7,,,3503.42,
underway_1200.29917780,29917780,200809020,2008-12-14T00:40:00,20081214004000,MULTIPOINT ((-60.7148 76.815)),76.815,-60.7148,6.1,,3.41125488,,13.3,1.85,-2.93,3.33,-2.89,,,983.67,,,27.73741447,,,8.185,0.5658,,,,,0,-0.03954681,-0.1422861,0.9673211,1.201546,,132.5444,160.0994,2.068066,2.803607,0,822.9731,88.7,88,,,33.7823101,,-1.5,-0.8,13.52494,0.9478951,0.7506733,,,-0.45845586,,225,252.2,233,267.5,24.8,16.5,22.3,16.4,,,3459.07,
underway_1200.29917900,29917900,200809020,2008-12-14T01:00:00,20081214010000,MULTIPOINT ((-60.64 76.8326)),76.8326,-60.64,7.7,,2.21923828,,13.5,1.57,-2.44,3.68,-2.22,,,984.27,,,27.78325485,,,8.211,0.656,4.283,,,,0,-0.05931924,-0.1852853,1.100734,1.26819,,147.4205,166.8642,2.201468,2.836742,0,822.6353,88.4,88,,,33.85143366,,-1.5,-0.8,0,0.9460612,0.7522769,,,-0.46523899,,227,254,235,265.1,26.2,18.4,24.8,18.9,,,3538.94,
underway_1200.29918020,29918020,200809020,2008-12-14T01:20:00,20081214012000,MULTIPOINT ((-60.5651 76.8516)),76.8516,-60.5651,7.2,,3.515625,,14,0.93,-0.99,3.88,-6.23,,,984.76,,,27.79416861,,,8.165,0.4674,4.312,,,,30.43,-0.08898022,-0.2580617,2.901963,2.436134,,312.4147,308.0048,3.969352,6.27388,0,821.6217,86.7,86,,,33.85959372,,-1.5,-0.8,29.41567,0.9500922,0.7476056,,,-0.45942483,,225,260.8,233,275.6,22.2,13.9,20.2,14.5,,,3280.9,
underway_1200.29918140,29918140,200809020,2008-12-14T01:40:00,20081214014000,MULTIPOINT ((-60.4889 76.8714)),76.8714,-60.4889,5.4,,2.5378418,,13.6,1.18,-1.34,1.35,-2.17,,,985.3,,,27.81271909,,,8.192,0.4428,4.271,,,,0,-0.08568475,-0.1885802,3.769217,3.136921,,407.725,400.4058,5.170164,8.609847,0,821.6217,86.2,85.4,,,33.83689371,,-1.4,-0.7,0,0.9508173,0.7461154,,,-0.41680432,,225,254.1,231,263.9,23.8,15.6,22.7,16.1,,,3222.53,
underway_1200.29918260,29918260,200809020,2008-12-14T02:00:00,20081214020000,MULTIPOINT ((-60.4136 76.8912)),76.8912,-60.4136,7.6,,2.65869141,,13.6,2.56,-1.55,1.34,-1.53,,,985.59,,,27.80071824,,,8.139,0.2132,4.277,,,,13.86079,-0.1779606,-0.2613654,3.302234,2.536234,,370.1846,329.8243,4.002708,6.540814,0,821.6217,87.5,85.9,,,33.88139187,,-1.5,-0.8,0,0.9484162,0.745413,,,-0.4710537,,233,265.2,239,270.4,23.6,17,24.1,18.7,,,2932.4,
underway_1200.29918380,29918380,200809020,2008-12-14T02:20:00,20081214022000,MULTIPOINT ((-60.3372 76.9091)),76.9091,-60.3372,6,,1.80175781,,14.1,2.36,-2.6,1.12,-2.36,,,986.18,,,27.79198584,,,,0.3526,4.289,,,,0,-0.2240986,-0.2382064,4.336267,3.871094,,498.1407,507.9914,5.470367,9.877964,0,821.6217,85.6,85,,,33.8577453,,-1.3,-0.5,0,0.952468,0.7404965,,,-0.46039382,,228,258.6,241,275.3,24.9,17.1,23.6,19.2,,,2801.66,
underway_1200.29918500,29918500,200809020,2008-12-14T02:40:00,20081214024000,MULTIPOINT ((-60.2622 76.9264)),76.9264,-60.2622,7.2,,3.37280273,,13.6,3.53,-2.57,1.84,-3.06,,,986.52,,,27.78543543,,,8.141,0.2296,4.294,,,,30.0879,-0.2109163,-0.2415149,4.63647,4.171438,,543.6106,539.9551,6.070774,10.64551,0,821.6217,84.1,83,,,33.82623095,,-1.1,-0.5,29.41177,0.9547668,0.7380346,,,-0.44004824,,230,262.5,240,274.6,23.6,16.5,22.9,18.2,,,2674.18,
underway_1200.29918620,29918620,200809020,2008-12-14T03:00:00,20081214030000,MULTIPOINT ((-60.1873 76.9437)),76.9437,-60.1873,6.1,,2.26867676,,13.2,1.91,-1.95,0.4,-3.52,,,987.09,,,27.82144636,,,8.15,0.1886,,,,,0,-0.07908997,-0.1025611,6.170353,5.639784,,710.6154,718.4445,9.872564,14.14952,0,821.2838,85.8,84.4,,,33.79679389,,-1.1,-0.5,0,0.9569305,0.7385462,,,-0.37034259,,227,257.2,233,263.2,23.4,15.7,23.9,17.5,,,2495.62,
underway_1200.29918740,29918740,200809020,2008-12-14T03:20:00,20081214032000,MULTIPOINT ((-60.1123 76.9599)),76.9599,-60.1123,5.1,,1.30187988,,13.1,0.88,-1.12,0.98,-2.25,,,987.69,,,27.85309725,,,8.166,0.1066,,,,,0,-0.1779463,-0.1819633,4.702735,4.805496,,542.2584,613.029,7.270896,11.61328,0,821.6217,83.9,83.4,,,33.82947426,,-1,-0.4,20.96011,0.9567953,0.7397633,,,-0.36163489,,231,264.1,242,277.6,22.7,16.5,21.5,18,,,2289.54,
underway_1200.29918860,29918860,200809020,2008-12-14T03:40:00,20081214034000,MULTIPOINT ((-60.0381 76.9763)),76.9763,-60.0381,5.9,,3.07067871,,13,1.26,-2.3,0.09,-2.5,,,988.08,,,27.89893362,,,8.172,0.0246,4.283,,,,0,-0.2372494,-0.2547486,5.436371,4.938982,,637.0823,628.9343,8.071178,12.28071,0,820.2704,80.8,81,,,33.83800474,,-0.9,-0.4,0,0.9666612,0.7362439,,,-0.31424773,,235,262.2,244,272.3,25.3,19.1,25.3,21.2,,,1920,
underway_1200.29918980,29918980,200809020,2008-12-14T04:00:00,20081214040000,MULTIPOINT ((-59.9638 76.9935)),76.9935,-59.9638,6,,1.38427734,,13.3,2.07,-1.76,1.99,-5.89,,,988.89,,,27.92403287,,,8.346,0.0246,4.262,,,,0,-0.2339421,-0.2514401,5.60261,5.239325,,662.4356,666.3284,9.47108,12.48094,0,820.2704,81.5,80.7,,,33.82098287,,-0.6,-0.4,13.52254,0.9683492,0.7363793,,,-0.26882871,,239,274.5,247,283.2,21.4,17.3,20.9,18.8,,,1661.83,
underway_1200.29919100,29919100,200809020,2008-12-14T04:20:00,20081214042000,MULTIPOINT ((-59.8897 77.0104)),77.0104,-59.8897,7.8,,3.26843262,,13.3,2.5,-2,0.1,-1.11,,,989.22,,,28.03535336,,,8.208,0.0246,4.274,,,,0,-0.2405242,-0.2547486,5.969283,5.506298,,711.4391,693.5705,13.13909,13.21511,0,819.5946,79,78.8,,,33.86208294,,-0.7,-0.4,0,0.9746834,0.7361085,,,-0.1723029,,240,271.1,250,282.9,23.4,18.6,22.2,19.9,,,1508.35,
underway_1200.29919220,29919220,200809020,2008-12-14T04:40:00,20081214044000,MULTIPOINT ((-59.8153 77.0303)),77.0303,-59.8153,8,,4.0045166,,13.5,1.03,-1.17,0.09,-3.46,,,989.52,,,28.04954245,,,8.217,0.0246,,,,,0,-0.2404996,-0.2547486,5.968736,5.506298,,723.9681,687.4791,15.20527,13.74906,0,818.919,79.1,78.9,,,33.87990872,,-0.7,-0.3,0,0.9813376,0.7355671,,,-0.1713384,,240,271,248,280,23.6,18.9,23,20.3,,,1416.19,
underway_1200.29919340,29919340,200809020,2008-12-14T05:00:00,20081214050000,MULTIPOINT ((-59.7407 77.0498)),77.0498,-59.7407,9.6,,4.18029785,,13.3,1.33,-1.42,1.14,-4.26,,,990.04,,,28.03426497,,,8.246,0.0492,4.327,,,,0,-0.2273185,-0.234898,6.235476,5.840013,,756.085,725.8886,15.77209,14.21626,0,818.919,79.5,78.7,,,33.89821136,,-0.5,-0.2,13.18458,0.9836374,0.7350932,,,-0.20606987,,243,275.5,251,283.5,22.3,18,22,19.6,,,1331.68,
underway_1200.29919460,29919460,200809020,2008-12-14T05:20:00,20081214052000,MULTIPOINT ((-59.667 77.0698)),77.0698,-59.667,7.1,,2.52685547,,13.4,2.29,-1.71,3.34,-3,,,990.35,,,28.07464188,,,8.182,-0.0164,4.283,,,,0,-0.2372019,-0.2382064,6.302166,5.806641,,756.085,716.4131,16.6057,14.7502,0,817.5676,76.8,77.1,,,33.8575821,,-0.5,-0.1,0,0.9862742,0.7331305,,,-0.12120497,,238,275.4,245,283.3,21,16.4,20.6,17.8,,,1253.37,
underway_1200.29919580,29919580,200809020,2008-12-14T05:40:00,20081214054000,MULTIPOINT ((-59.5916 77.0927)),77.0927,-59.5916,7.7,,3.38928223,,13.3,1.71,-0.59,0.05,-3.96,,,990.93,,,28.0691836,,,8.158,-0.0082,4.303,,,,14.1985,-0.2404964,-0.2448233,6.568924,6.106984,,783.96,760.4064,14.27157,14.81694,0,810.8109,78.6,77.6,,,33.83962381,,-0.3,0.2,13.52238,0.9888916,0.7275807,,,-0.11156857,,245,280.2,253,286.7,21,17.8,21.2,19.7,,,1207.3,
underway_1200.29919700,29919700,200809020,2008-12-14T06:00:00,20081214060000,MULTIPOINT ((-59.5155 77.1174)),77.1174,-59.5155,9.3,,4.5703125,,13.9,0,0,0,0,,,990.97,,,28.06045634,,,8.232,0.0246,4.285,,,,0,-0.2207295,-0.2315896,6.702303,6.207099,,783.8003,774.6196,17.23926,15.41763,0,810.8109,80.4,78.9,,,33.88371427,,-0.2,0.2,29.74959,0.9878893,0.7259562,,,-0.16169422,,255,289.7,262,294.9,21.2,19.8,21.7,21.9,,,1176.87,
underway_1200.29919820,29919820,200809020,2008-12-14T06:20:00,20081214062000,MULTIPOINT ((-59.4404 77.1431)),77.1431,-59.4404,10.5,,4.74609375,,13.7,0.94,-1.45,1.88,-3.08,,,991.57,,,28.05608542,,,8.192,-0.0082,4.279,,,,0,-0.2273185,-0.2415149,6.768993,6.307214,,788.3703,796.2778,16.87246,15.2174,0,810.8109,80.1,79.3,,,33.81686669,,-0.2,0.2,0,0.988573,0.724738,,,-0.10675092,,252,289.3,260,294.8,20,18.1,20.3,20.1,,,1159.68,
underway_1200.29919940,29919940,200809020,2008-12-14T06:40:00,20081214064000,MULTIPOINT ((-59.3655 77.1704)),77.1704,-59.3655,11,,4.7845459,,13.5,1.02,-1.41,0,-3.39,,,991.82,,,28.03425355,,,8.135,-0.0082,4.31,,,,0,-0.2306145,-0.2448233,6.702526,6.24047,,772.1432,796.9546,16.87302,15.35089,0,810.4731,79.4,78.2,,,33.7590455,,-0.1,0.3,13.52265,0.9910071,0.7240611,,,-0.0807421,,254,289.9,259,293.4,20.5,18.8,21,20.5,,,1168.9,
underway_1200.29920060,29920060,200809020,2008-12-14T07:00:00,20081214070000,MULTIPOINT ((-59.2903 77.1952)),77.1952,-59.2903,9.9,,5.33935547,,13.9,2.79,-2,1.33,-2.72,,,992.16,,,27.99496293,,,8.22,-0.0082,4.258,,,,0,-0.2207443,-0.2382064,7.103225,6.607557,,819.1344,858.5452,16.94102,15.48438,0,810.1353,80.4,79.2,,,33.73457268,,-0.1,0.4,29.41176,0.9910748,0.723655,,,-0.10578744,,255,292.1,262,296.3,19.5,18.7,20,20.5,,,1184.21,
underway_1200.29920180,29920180,200809020,2008-12-14T07:20:00,20081214072000,MULTIPOINT ((-59.2167 77.2191)),77.2191,-59.2167,8.9,,3.98803711,,13.4,1.64,-2.19,1.07,-3.79,,,992.69,,,28.15648563,,,8.242,-0.041,4.299,,,,14.19875,-0.2240572,-0.2448233,6.70337,6.24047,,767.2396,803.3844,16.575,15.28415,0,809.1217,79.6,78.4,,,33.74984579,,0,0.4,0,0.9920193,0.7231136,,,0.07412215,,257,294.9,263,298.3,18.5,18.2,19,19.8,,,1202.6,
underway_1200.29920300,29920300,200809020,2008-12-14T07:40:00,20081214074000,MULTIPOINT ((-59.1437 77.249)),77.249,-59.1437,18.6,,11.5411377,,13.6,1.38,-1.68,1.1,-5.37,,,992.82,,,28.21760458,,,8.168,-0.041,4.315,,,,0,-0.22076,-0.258057,6.836482,1.868804,,767.5779,806.4301,16.54095,15.35089,0,808.7839,80.3,79.3,,,33.76913476,,0,0.4,13.52262,0.9923578,0.7225722,,,0.12981745,,255,293.4,261,297.1,16.9,15.1,17.1,16.6,,,1223.34,
underway_1200.29920420,29920420,200809020,2008-12-14T08:00:00,20081214080000,MULTIPOINT ((-59.0708 77.2852)),77.2852,-59.0708,14.3,,8.47045898,,13.4,1.64,-0.72,-1.42,-2.99,,,993.15,,,28.25253359,,,8.153,-0.0328,4.285,,,,0,-0.2207599,-0.258057,6.636562,6.173727,,750.8387,780.711,16.30794,15.01718,0,809.1217,81.6,80.9,,,33.82372732,,-0.1,0.2,29.41151,0.9905932,0.7244673,,,0.1221383,,270,304,274,305.8,17.3,19,17.9,20.4,,,1227.26,
underway_1200.29920540,29920540,200809020,2008-12-14T08:20:00,20081214082000,MULTIPOINT ((-58.9975 77.3232)),77.3232,-58.9975,15,,8.45397949,,13.3,1.26,-1.17,1.41,-1.28,,,993.27,,,28.26563749,,,8.254,-0.041,4.322,,,,13.52239,-0.2174566,-0.2448233,6.502714,6.106984,,730.209,765.9901,15.60651,14.44986,0,808.4461,82.7,81.3,,,33.91015774,,-0.2,0.2,0,0.9905827,0.7241965,,,0.05971008,,270,312.4,273,312,13.9,16.5,14.8,17.7,,,1150.01,
underway_1200.29920660,29920660,200809020,2008-12-14T08:40:00,20081214084000,MULTIPOINT ((-58.9254 77.3383)),77.3383,-58.9254,351,,343.4765625,,12.5,0.76,-1.42,2.86,-4.09,,,993.42,,,28.175052,,,8.267,-0.0246,4.3,,,,14.19846,-0.2240589,-0.2415149,6.503299,6.140356,,739.6722,777.1577,15.54122,14.18289,0,798.9866,81.9,80.5,,,33.90646251,,-0.3,0.2,13.52234,0.9903764,0.7332658,,,-0.04511803,,269,323.7,269,321.2,14.1,20.4,15.5,21.5,,,655.41,
underway_1200.29920780,29920780,200809020,2008-12-14T09:00:00,20081214090000,MULTIPOINT ((-58.8569 77.3004)),77.3004,-58.8569,344.7,,339.59289551,,12.9,4.29,-2.93,0.41,-3.47,,,993.69,,,28.23507699,,,8.222,-0.0328,4.295,,,,0,-0.1845173,-0.1819633,6.23646,5.840013,,694.0378,712.5215,15.47442,11.34631,0,797.2973,85.2,84.7,,,33.89208688,,-0.2,-0.1,29.41125,0.9867981,0.7363793,,,0.03952757,,289,338.8,282,333.2,12.1,22.1,13.8,22.8,,,677.96,
underway_1200.29920900,29920900,200809020,2008-12-14T09:20:00,20081214092000,MULTIPOINT ((-58.7878 77.263)),77.263,-58.7878,346.6,,340.04333496,,12.6,2.24,-1.01,1.65,-7.43,,,993.4,,,28.18487374,,,8.258,-0.0328,,,,,0,-0.2174681,-0.2382064,5.369288,4.90561,,602.0946,409.4756,13.40655,11.4798,0,797.2973,82,82.6,,,33.89811792,,-0.2,-0.1,0,0.9902612,0.7371914,,,-0.02587028,,279,334.8,275,330.2,11.7,20,13.3,20.8,,,686.36,
underway_1200.29921020,29921020,200809020,2008-12-14T09:40:00,20081214094000,MULTIPOINT ((-58.7176 77.2224)),77.2224,-58.7176,341.3,,336.55517578,,13.3,1.17,-0.55,-0.98,-3.22,,,993.79,,,28.20124751,,,8.182,-0.0164,4.296,,,,13.52265,-0.1779398,-0.1753464,3.968878,3.704236,,449.628,458.545,9.405241,8.743333,0,795.9461,81.4,81.5,,,33.93481214,,-0.2,-0.1,13.52265,0.9936441,0.7376652,,,-0.03934308,,308,349.8,294,342,11.4,23.7,12.9,24.1,,,720.68,
underway_1200.29921140,29921140,200809020,2008-12-14T10:00:00,20081214100000,MULTIPOINT ((-58.6484 77.1781)),77.1781,-58.6484,341.4,,335.52246094,,12.5,1.77,-0.84,-0.72,-3.76,,,993.52,,,28.2732766,,,8.168,-0.0164,4.268,,,,0,-0.13841,-0.1389538,2.968558,2.769834,,340.7707,346.193,6.937754,6.407328,0,795.9461,87.9,87,,,33.90215482,,-0.3,-0.3,0,0.989993,0.739628,,,0.07604351,,306,351.9,290,343.8,7.8,19.4,9.4,19.8,,,794.69,
underway_1200.29921260,29921260,200809020,2008-12-14T10:20:00,20081214102000,MULTIPOINT ((-58.5807 77.1336)),77.1336,-58.5807,340.9,,334.94567871,,13.4,1.18,-2.62,0.46,-2.95,,,993.72,,,28.24708432,,,8.219,0,4.342,,,,13.86071,-0.1186374,-0.1157948,2.901872,2.636348,,329.2764,334.3487,6.604261,6.073613,0,793.2434,89.6,89.1,,,33.91651787,,-0.4,-0.4,13.52265,0.989114,0.7417938,,,0.03183727,,324,357.7,306,349.1,9.5,22.4,10.6,22.6,,,946.05,
underway_1200.29921380,29921380,200809020,2008-12-14T10:40:00,20081214104000,MULTIPOINT ((-58.5125 77.0869)),77.0869,-58.5125,340.3,,336.69250488,,12.9,2.7,-2.68,-0.87,-3.12,,,993.76,,,28.2088861,,,8.172,0,,,,,0,-0.1252311,-0.1224116,2.501691,2.302634,,284.6517,290.0194,5.803922,5.306068,0,793.2434,90.1,89.8,,,33.92141949,,-0.4,-0.4,0,0.989114,0.7424769,,,-0.01817284,,333,0.8,311,351.4,8.7,21.8,9.4,21.8,,,1048.97,
underway_1200.29921500,29921500,200809020,2008-12-14T11:00:00,20081214110000,MULTIPOINT ((-58.4432 77.0389)),77.0389,-58.4432,337.7,,336.34094238,,13,1.72,-1.14,-0.9,-5.94,,,993.46,,,28.19687832,,,8.199,0.0082,4.315,,,,14.20018,-0.1186404,-0.1157948,2.301557,2.102405,,263.2105,266.5107,5.170164,4.738753,0,793.2434,89.8,89.8,,,33.89054385,,-0.3,-0.3,0,0.9887383,0.7427104,,,-0.00470463,,354,8.8,334,0.1,10,22.8,9.4,22.4,,,1043.29,
underway_1200.29921620,29921620,200809020,2008-12-14T11:20:00,20081214112000,MULTIPOINT ((-58.3741 76.9904)),76.9904,-58.3741,338.9,,335.40710449,,13.1,2.15,-1.06,0.41,-4.66,,,992.85,,,28.28637155,,,8.201,0.0656,4.294,,,,0,-0.112048,-0.109178,2.034696,1.868804,,233.3037,237.2459,4.669794,4.271552,0,793.2434,91.3,90.8,,,33.88010275,,-0.3,-0.3,29.41656,0.9888698,0.7432803,,,0.11157793,,9,14.5,352,7,8.9,21.3,7.7,20.8,,,1059.8,
underway_1200.29921740,29921740,200809020,2008-12-14T11:40:00,20081214114000,MULTIPOINT ((-58.3055 76.9409)),76.9409,-58.3055,338.9,,336.93969727,,13.7,3.42,-3.04,-1.28,-3.96,,,993.1,,,28.36386594,,,8.148,0.1148,4.309,,,,0,-0.09886695,-0.09925402,1.901286,1.76872,,221.6399,225.0765,4.302911,4.004648,0,791.892,93.2,92.2,,,33.93460405,,-0.2,-0.2,0,0.989349,0.7443432,,,0.15476815,,3,12,347,4.6,11.8,24.7,11,24.3,,,1208.02,
underway_1200.29921860,29921860,200809020,2008-12-14T12:00:00,20081214120000,MULTIPOINT ((-58.2379 76.8915)),76.8915,-58.2379,340.3,,336.39038086,,12.3,2.26,-2.09,-1.21,-3.52,,,992.49,,,28.33330715,,,8.222,0.1148,4.305,,,,0,-0.03954681,-0.04301015,1.034033,0.934415,,123.0769,124.892,2.334913,2.135806,0,791.892,94.5,93.4,,,33.94318723,,-0.2,-0.2,29.41674,0.9897548,0.7448842,,,0.1106178,,349,9.5,331,0.7,12.3,24.6,12,24.3,,,1243.54,
underway_1200.29921980,29921980,200809020,2008-12-14T12:20:00,20081214122000,MULTIPOINT ((-58.1703 76.8433)),76.8433,-58.1703,339.4,,336.92321777,,13.2,1.88,-1.21,-0.6,-4.88,,,992.43,,,28.33003584,,,,0.1722,4.296,,,,0,-0.05932021,-0.06286012,0.9006093,0.8009162,,106.847,109.1536,2.03471,1.868804,0,791.892,94.2,93.7,,,33.9783068,,-0.2,-0.2,0,0.9900929,0.7457647,,,0.07508284,,347,5.8,328,356.9,10.8,23.8,10.7,23.6,,,1459.86,
underway_1200.29922100,29922100,200809020,2008-12-14T12:40:00,20081214124000,MULTIPOINT ((-58.1026 76.7975)),76.7975,-58.1026,338.5,,335.51696777,,12.3,2.4,-1.06,-1.03,-5.84,,,991.74,,,28.32457317,,,8.1,0.1558,,,,,14.20118,-0.07250248,-0.07609693,1.100745,0.967796,,125.7819,127.6016,2.434981,2.235942,0,791.5542,94.3,94,,,33.91036765,,-0.1,-0.1,0,0.9899577,0.7457078,,,0.12981745,,353,9.8,336,1.5,11.9,24.2,11.3,23.8,,,1786.37,
underway_1200.29922220,29922220,200809020,2008-12-14T13:00:00,20081214130000,MULTIPOINT ((-58.0343 76.7504)),76.7504,-58.0343,338.9,,337.75268555,,13,1.79,-2.58,0.98,-5.01,,,991.91,,,28.43480539,,,8.174,0.287,4.291,,,,13.86306,-0.05932021,-0.05955178,0.7004739,0.6006873,,83.17836,83.77051,1.567727,1.401604,0,790.5407,94.2,94.1,,,33.90081904,,-0.1,-0.1,13.18681,0.9900253,0.7459807,,,0.26979585,,0,11.2,341,2.5,11.1,23.7,10.2,23.2,,,1945.88,
underway_1200.29922340,29922340,200809020,2008-12-14T13:20:00,20081214132000,MULTIPOINT ((-57.965 76.7036)),76.7036,-57.965,338.9,,335.96191406,,13.2,2.51,-2.03,0.46,-5.29,,,991.68,,,28.50357122,,,8.151,0.451,4.294,,,,13.52506,-0.03295567,-0.03639371,0.5336944,0.4338386,,64.58214,65.32408,1.200812,1.06791,0,790.5407,94.8,94.3,,,33.96796896,,-0.1,-0.1,0,0.9901016,0.7465222,,,0.29086125,,360,12.5,345,5,13.8,26.4,12.8,25.9,,,1700.11,
underway_1200.29922460,29922460,200809020,2008-12-14T13:40:00,20081214134000,MULTIPOINT ((-57.8965 76.6532)),76.6532,-57.8965,333.3,,328.9855957,,13.1,2.24,-1.3,-2.26,-4.18,,,991.28,,,28.43917458,,,8.124,0.451,4.296,,,,0,-0.03954681,-0.04631905,0.3669149,0.3337186,,47.3373,48.40074,0.8672534,0.8009245,0,790.2028,96.7,95.3,,,33.94257992,,-0.4,-0.3,13.52494,0.9908372,0.7478761,,,0.23722622,,360,16.8,347,10.1,12.6,25,11.5,24.4,,,1623.43,
underway_1200.29922580,29922580,200809020,2008-12-14T14:00:00,20081214140000,MULTIPOINT ((-57.8318 76.59)),76.59,-57.8318,332.4,,329.12841797,,13,0.24,-0.72,-1.98,-4.81,,,990.71,,,28.42607586,,,8.11,0.5002,4.288,,,,13.86308,-0.0197734,-0.02316128,0.2334913,0.166874,,26.37367,26.9081,0.4669826,0.4004977,14.3269,790.5407,97.4,95.7,,,33.92321228,,-0.8,-0.8,0,0.9909738,0.7513961,,,0.23914255,,12,20.8,2,15.3,10.2,21.9,8.9,21.2,,,1547.07,
underway_1200.29922700,29922700,200809020,2008-12-14T14:20:00,20081214142000,MULTIPOINT ((-57.7678 76.5266)),76.5266,-57.7678,332,,329.15588379,,12.7,1.15,-0.57,-2.97,-4.13,,,990.39,,,28.43153376,,,8.182,0.656,4.247,,,,13.8631,-0.01647784,-0.01985357,0.1334236,0.1001308,,17.58247,17.60027,0.3002031,0.3003924,0,790.5407,97.9,96.1,,,33.93251851,,-0.7,-0.6,13.52498,0.9912458,0.7512607,,,0.23722622,,22,27.1,18,23.6,12.4,22.7,10.9,21.7,,,1549.82,
underway_1200.29922820,29922820,200809020,2008-12-14T14:40:00,20081214144000,MULTIPOINT ((-57.7039 76.4637)),76.4637,-57.7039,331.4,,329.11743164,,12.9,1.35,-1.88,-1.01,-6.14,,,989.7,,,28.38023666,,,8.175,0.6642,4.358,,,,13.86325,-0.01647784,-0.01654463,0.1334236,0.06675297,,13.52512,13.36951,0.2668472,0.2336354,0,789.1892,98.1,96.2,,,33.92857803,,-0.8,-0.7,0,0.9888218,0.7522127,,,0.17970885,,28,34.3,29,33.5,16.4,26,15,24.6,,,1736.84,
underway_1200.29922940,29922940,200809020,2008-12-14T15:00:00,20081214150000,MULTIPOINT ((-57.6402 76.4015)),76.4015,-57.6402,332,,329.18334961,,13.5,0.71,-1.26,-1.25,-5.22,,,988.94,,,28.40315745,,,8.135,0.5576,,,,,0,-0.01318227,-0.0132357,0.0667118,0.03337633,,10.31325,10.66187,0.2001354,0.1668817,0,789.1921,98.3,96.4,,,33.94075023,,-0.7,-0.6,29.07999,0.9762086,0.7512051,,,0.19601083,,28,35.4,30,35,18.4,28.3,16.8,26.6,,,1922.88,
underway_1200.29923060,29923060,200809020,2008-12-14T15:20:00,20081214152000,MULTIPOINT ((-57.5743 76.3411)),76.3411,-57.5743,335.2,,331.55639648,,13.2,2.12,-2.45,-1.27,-6.92,,,988.56,,,28.42171154,,,8.113,0.6888,4.303,,,,0,-0.01647784,-0.023162,0.0333559,0,,5.410747,5.754063,0.1000677,0.1001269,0,787.838,98.2,95.9,,,33.93973066,,-0.8,-0.9,0,0.9635863,0.7522253,,,0.21901813,,46,47.6,53,51.6,20.9,28.1,20,26.1,,,2033.66,
underway_1200.29923174,29923174,200809020,2008-12-14T15:40:00,20081214154000,MULTIPOINT ((-57.507 76.2816)),76.2816,-57.507,333.7,,331.13891602,,13.4,1.79,-0.27,-1.63,-3.54,,,987.74,,,28.47737157,,,8.16,0.5002,4.35,,,,NaN,-0.00988677,-0.01323573,0,-9.13392411,,7.101726,6.769396,0.06671403,0.03337715,NaN,787.838,98.4,95.9,,,33.9060301,,-0.6,-0.5,NaN,0.964482,0.7519444,,,0.31574754,,50,48.5,56,51.2,19.3,26,18.2,24,,,2306.42,
underway_1200.29923294,29923294,200809020,2008-12-14T16:00:00,20081214160000,MULTIPOINT ((-57.4373 76.2234)),76.2234,-57.4373,336.4,,332.33642578,,14,2.73,-2.04,0.29,-3.68,,,,,,28.477369,,,8.152,0.3608,,,,,NaN,-0.00659116,-0.00661801,0,-9.13396243,,2.367178,2.707772,0,0,NaN,786.4865,98.5,96.2,,,33.87541822,,-0.2,-0.2,13.18856,0.9629681,0.7491049,,,0.34349362,,46,48.2,52,51,22.2,30.2,20.9,28,,,2411.52,
underway_1200.29923414,29923414,200809020,2008-12-14T16:20:00,20081214162000,MULTIPOINT ((-57.3677 76.1674)),76.1674,-57.3677,335.3,,329.58435059,,13.7,3.84,-2.76,-0.59,-2.98,,,986.92,,,28.14012334,,,8.198,1.5662,4.287,,,,13.8649,-0.00329562,-0.00330886,0,-9.1336313,,2.02901,2.369302,0,-0.03337608,NaN,786.1682,98.6,96.7,,,33.85049891,,-0.2,0,NaN,0.9597894,0.7474811,,,-0.03645581,,35,40.4,40,42.3,18.6,28.2,17.4,26.4,,,2526.72,
underway_1200.29923534,29923534,200809020,2008-12-14T16:40:00,20081214164000,MULTIPOINT ((-57.2984 76.11)),76.11,-57.2984,336,,330.18310547,,13.6,2,-1.23,0.2,-4.27,,,986.49,,,28.32237935,,,8.2,0.984,4.247,,,,29.08111,-0.04284245,-0.05294274,0,-9.13381191,,2.028914,1.3538678,0,-0.03337674,NaN,786.487,98.3,96.4,,,33.7782756,,0.3,0.4,28.4048,0.9558216,0.7438149,,,0.24680729,,16,26.4,10,22.6,14.7,26.6,13.2,25.6,,,2526.66,
underway_1200.29923654,29923654,200809020,2008-12-14T17:00:00,20081214170000,MULTIPOINT ((-57.2307 76.0495)),76.0495,-57.2307,332.6,,328.12866211,,13.5,2.24,-1.54,0.03,-2.7,,,986.01,,,28.80916142,,,8.157,1.8696,4.302,,,,13.86371,-0.02636456,-0.03308778,0,-9.133489,,2.028836,1.3538766,0,-0.03337556,NaN,786.1487,98.3,96.4,,,33.73489331,,0.6,0.7,NaN,0.954635,0.7418567,,,0.86644258,,12,26.9,10,24.5,17.2,28.9,15.5,27.5,,,2410.99,
underway_1200.29923774,29923774,200809020,2008-12-14T17:20:00,20081214172000,MULTIPOINT ((-57.1652 75.9877)),75.9877,-57.1652,332.4,,328.35388184,,13.3,2.3,-1.84,0,-4.18,,,985.01,,,28.93688355,,,8.204,2.0172,,,,,13.86322,-0.00988671,-0.01323485,0,-9.13316061,,2.028764,1.3538674,0,-0.03337436,NaN,786.4865,98.1,96.3,,,33.92597864,,0.6,0.7,13.18697,0.9472975,0.7413101,,,0.84272371,,16,30.2,15,28.3,19.7,30.7,17.9,29.1,,,2294.5,
underway_1200.29923894,29923894,200809020,2008-12-14T17:40:00,20081214174000,MULTIPOINT ((-57.1001 75.9251)),75.9251,-57.1001,332.3,,328.98010254,,13.1,1.6,-1.46,-0.47,-2.65,,,984.78,,,28.95870477,,,8.176,2.2714,4.306,,,,14.20119,-0.04613797,-0.05624626,0,-9.13273097,,2.028742,1.3538674,0,-0.03337279,NaN,785.1352,97.8,96.2,,,33.82067193,,0.7,0.8,NaN,0.9457992,0.7407009,,,0.96501676,,20,32.5,21,31.7,19.9,30.3,18.3,28.8,,,2265.03,
underway_1200.29924014,29924014,200809020,2008-12-14T18:00:00,20081214180000,MULTIPOINT ((-57.0355 75.8619)),75.8619,-57.0355,331.6,,328.37585449,,13.1,1.72,-1.79,-0.99,-2.87,,,984.03,,,28.83864541,,,,2.0172,,,,,13.52494,-0.0329557,-0.03970157,0,-9.132419,,2.02874,1.3538674,0,0,NaN,785.1352,97.4,96,,,33.89431769,,0.8,0.9,13.52494,0.93809,0.7397531,,,0.75536075,,19,33.1,21,33.2,21.3,31.6,19.8,30,,,2324.38,
underway_1200.29924134,29924134,200809020,2008-12-14T18:20:00,20081214182000,MULTIPOINT ((-56.9724 75.7995)),75.7995,-56.9724,331.1,,328.96362305,,13.2,1.03,-0.98,-0.74,-3.32,,,983.9,,,28.917233,,,8.176,2.009,,,,,NaN,-0.01647785,-0.01654212,0,-9.13237795,,2.02874,1.3538068,0,-0.0333715,NaN,785.1352,97.1,95.9,,,33.8870584,,0.8,0.9,NaN,0.9444467,0.7394493,,,0.85505864,,27,36.4,30,37.9,20.5,30,19.3,28.4,,,2415.82,
underway_1200.29924254,29924254,200809020,2008-12-14T18:40:00,20081214184000,MULTIPOINT ((-56.9135 75.7405)),75.7405,-56.9135,331.4,,328.97460938,,10.7,1.06,-0.69,-1.4,-3.25,,,983.65,,,29.06786284,,,8.113,1.9598,4.301,,,,NaN,-0.01647785,-0.01985054,0,-18.26475589,,2.02874,1.3537796,0,-0.0333715,NaN,784.7974,96.8,95.7,,,33.88398181,,0.9,0.9,13.18682,0.9474898,0.7382161,,,1.03600776,,32,40.8,38,43.4,17.9,25,16.6,23.2,,,2459.4,
underway_1200.29924374,29924374,200809020,2008-12-14T19:00:00,20081214190000,MULTIPOINT ((-56.8599 75.6879)),75.6879,-56.8599,331.9,,329.69421387,,10.6,1.72,-1.36,-1.39,-3.4,,,983.06,,,28.89103622,,,8.149,2.4354,4.307,,,,NaN,-0.02636456,-0.03308423,0,-9.13237795,,2.028764,1.3537196,0,-0.0333715,NaN,783.7838,96.3,95.4,,,33.88012497,,0.9,0.9,NaN,0.946959,0.7388601,,,0.83038634,,34,43.3,38,44.3,19.1,25.8,17.7,24.1,,,2496,
underway_1200.29924494,29924494,200809020,2008-12-14T19:20:00,20081214192000,MULTIPOINT ((-56.8049 75.6348)),75.6348,-56.8049,332.4,,328.65600586,,11,1.66,-0.58,-2.01,-3.18,,,982.57,,,28.87575561,,,8.174,2.6076,4.351,,,,NaN,-0.0329557,-0.03970108,0,-9.13237795,,2.028744,1.3536434,0,-0.0333715,NaN,783.7838,95.8,95.2,,,33.88525023,,0.9,0.9,13.18683,0.9437036,0.7386154,,,0.80760327,,30,41.3,35,43.6,19.6,27.1,18.3,25.3,,,2479.1,
underway_1200.29924614,29924614,200809020,2008-12-14T19:40:00,20081214194000,MULTIPOINT ((-56.7495 75.5773)),75.5773,-56.7495,328.6,,325.94238281,,12.3,1.75,-1.11,0,-3.9,,,982.1,,,28.81572247,,,8.164,2.6978,4.306,,,,NaN,-0.02636456,-0.03308423,0,-9.13237795,,2.02874,1.3536392,0,0,NaN,783.7838,95.2,94.9,,,33.87602,,0.9,0.9,NaN,0.9440409,0.7385454,,,0.74490701,,33,43.5,37,44.9,20,27.6,18.5,25.7,,,2614.27,
underway_1200.29924734,29924734,200809020,2008-12-14T20:00:00,20081214200000,MULTIPOINT ((-56.6879 75.5083)),75.5083,-56.6879,328.2,,325.61279297,,13.2,1.36,-0.76,-0.35,-2.74,,,981.51,,,28.85937896,,,8.181,2.665,4.303,,,,NaN,-0.01647785,-0.01985054,0,-9.13237795,,2.02874,1.3536384,0,0.0333715,NaN,779.0541,95.4,94.8,,,33.83707221,,0.8,0.9,13.52494,0.9463402,0.7390189,,,0.83228455,,35,43,40,44.4,19.1,27.1,17.9,25.4,,,2815.49,
underway_1200.29924854,29924854,200809020,2008-12-14T20:20:00,20081214202000,MULTIPOINT ((-56.6329 75.4455)),75.4455,-56.6329,327.1,,325.45898438,,11.5,1.46,-1.12,-1.82,-2.96,,,981.16,,,28.96634561,,,8.154,3.0094,4.295,,,,14.20119,-0.00988671,-0.01323369,0,-9.13237795,,2.02874,1.3536384,0,-0.0333715,NaN,779.7298,95.8,95.5,,,33.82330576,,0.7,0.7,NaN,0.9564838,0.7412524,,,0.97164599,,41,49.5,48,53.4,19.2,24.9,18.3,23,,,2873.86,
underway_1200.29924974,29924974,200809020,2008-12-14T20:40:00,20081214204000,MULTIPOINT ((-56.5744 75.3784)),75.3784,-56.5744,327.4,,325.35461426,,13.3,0.11,-0.48,-1.89,-2.49,,,980.56,,,28.99472447,,,8.146,2.8044,,,,,14.20119,-0.00988671,-0.01323369,0,-9.13237795,,2.02874,1.3536384,0,0.0333715,NaN,784.7974,95.7,95.5,,,33.81557217,,0.6,0.5,13.18682,0.9564838,0.7414554,,,1.01235303,,42,49.4,50,53.6,21.4,28,20.4,25.8,,,2914.51,
underway_1200.29925094,29925094,200809020,2008-12-14T21:00:00,20081214210000,MULTIPOINT ((-56.5096 75.3158)),75.3158,-56.5096,334.1,,331.98486328,,13,1.42,-0.66,-0.8,-3.83,,,980.09,,,28.90959568,,,8.195,2.419,4.245,,,,14.20119,-0.00988671,-0.00992527,0,-9.13237795,,2.02874,1.3536384,0,0,NaN,814.865,96.2,95.8,,,33.92493326,,0.6,0.5,NaN,0.9621644,0.7415231,,,0.81140102,,44,44.1,50,46.8,18.5,26,17.5,24.2,,,2967.55,
underway_1200.29925214,29925214,200809020,2008-12-14T21:20:00,20081214212000,MULTIPOINT ((-56.4429 75.257)),75.257,-56.4429,334,,331.53991699,,13.4,2.03,-1.44,-1.71,-3.58,,,979.49,,,28.88993996,,,8.135,2.0008,4.282,,,,13.86306,-0.00659114,-0.00661684,0,-9.13237795,,2.02874,1.3536384,0,0,NaN,824.3244,96.8,96.2,,,33.82483962,,0.7,0.6,13.52494,0.9425532,0.7412524,,,0.87972122,,45,44.9,50,46.9,18.8,26.4,17.8,24.7,,,2952.13,
underway_1200.29925334,29925334,200809020,2008-12-14T21:40:00,20081214214000,MULTIPOINT ((-56.3752 75.1978)),75.1978,-56.3752,333.5,,331.5234375,,13.3,1.34,-0.11,-2.1,-3.3,,,979.07,,,28.88010271,,,8.174,2.1074,4.297,,,,13.86306,-0.00659114,-0.00992527,0,-9.13237795,,2.02874,2.70732,0,0,NaN,833.7838,97.3,96.4,,,33.66597063,,0.4,0.5,NaN,0.9257823,0.7418058,,,1.01424574,,39,41,43,42.3,19.1,27.5,17.8,25.7,,,2961.41,
underway_1200.29925454,29925454,200809020,2008-12-14T22:00:00,20081214220000,MULTIPOINT ((-56.3089 75.1395)),75.1395,-56.3089,333.5,,331.91345215,,13.5,2.1,-0.76,-0.77,-3.16,,,978.96,,,29.03838772,,,8.165,2.1156,4.3,,,,NaN,-0.00329557,-0.00661684,0,-9.13237795,,3.381236,4.061066,0,0.0333715,NaN,839.1892,97.8,96.5,,,33.84089867,,0.4,0.5,13.18682,0.9449876,0.7420244,,,1.04073763,,33,35.9,36,36.5,18.1,27.7,16.8,26.1,,,3022.85,
underway_1200.29925574,29925574,200809020,2008-12-14T22:20:00,20081214222000,MULTIPOINT ((-56.2434 75.0817)),75.0817,-56.2434,334.4,,332.09472656,,13.1,0.61,-0.54,-0.72,-4.61,,,978.48,,,29.33202203,,,8.152,2.4846,4.311,,,,NaN,0,0,0,-9.13237795,,7.100594,6.7683,0.03335591,0.0333715,NaN,841.892,98.1,96.8,,,33.90866391,,1,1.1,NaN,0.9571601,0.7388954,,,1.32482098,,29,32.7,30,32.1,16.3,26.1,15.1,24.9,,,3012.1,
underway_1200.29925694,29925694,200809020,2008-12-14T22:40:00,20081214224000,MULTIPOINT ((-56.1782 75.026)),75.026,-56.1782,335.2,,331.88049316,,13.2,1.57,-0.63,-1.77,-2.64,,,978.49,,,29.21412371,,,8.202,2.419,4.301,,,,29.07878,0,0,17.81452695,0,,14.53939,14.213412,0.1000677,0.1001145,NaN,844.5946,98.4,97,,,33.80908717,,1.5,1.6,28.40253,0.9649421,0.7339534,,,1.27772003,,358,14.4,339,4.9,12.6,25.3,11.5,24.7,,,3002.88,
underway_1200.29925814,29925814,200809020,2008-12-14T23:00:00,20081214230000,MULTIPOINT ((-56.1123 74.9697)),74.9697,-56.1123,334.1,,331.08947754,,12.8,2.23,-1.01,-0.83,-2.68,,,978.74,,,29.51977657,,,8.151,2.747,4.309,,,,NaN,-0.00329557,0,17.81452695,0,,17.582424,17.25892,0.1334236,0.1001145,NaN,844.5946,98.5,97.5,,,33.90849644,,1.6,1.7,NaN,0.9675067,0.732455,,,1.54572365,,343,6.4,319,357.4,7.8,20.6,7.7,20.3,,,3026.68,
underway_1200.29925934,29925934,200809020,2008-12-14T23:20:00,20081214232000,MULTIPOINT ((-56.046 74.9139)),74.9139,-56.046,335.1,,331.75415039,,13.5,0.88,-0.88,-0.26,-3.9,,,978.85,,,29.60820286,,,8.161,2.7224,4.306,,,,NaN,-0.00329557,0,26.7217784,9.13237795,,25.02114,24.02708,0.2001355,0.1668575,NaN,844.9325,98.6,97.6,,,33.96589257,,1.7,1.7,13.18682,0.9618262,0.7318446,,,1.5963748,,321,358.5,299,349.8,7.3,20.7,8.2,20.7,,,3027.46,
underway_1200.29926054,29926054,200809020,2008-12-14T23:40:00,20081214234000,MULTIPOINT ((-55.9788 74.8585)),74.8585,-55.9788,334.7,,329.84802246,,13.5,1.34,-0.69,-1.14,-3.15,,,978.81,,,29.76976602,,,,3.0504,4.313,,,,13.52494,-0.00329557,0,35.62903787,27.39713384,,36.51734,37.22506,0.3002032,0.3003435,NaN,845.6082,98.8,97.9,,,33.96998144,,1.8,1.8,NaN,0.9616233,0.7309647,,,1.78174773,,305,354,288,346.2,7.8,20.6,9.1,20.8,,,3061.25,
underway_1200.29926174,29926174,200809020,2008-12-15T00:00:00,20081215000000,MULTIPOINT ((-55.9125 74.8019)),74.8019,-55.9125,334.8,,330.8972168,,13.1,,,,,,,979.03,,,29.77086141,,,8.193,2.7388,,,,,14.20119,-0.00329557,0,71.25810245,54.79426768,,66.94846,68.35874,0.5670505,0.533944,NaN,845.2704,98.8,98.1,,,34.01173404,,1.7,1.7,NaN,0.9554695,0.730694,,,1.74434261,,300,350,288,343.5,9.2,21.3,10.4,21.6,,,3070.46,
underway_1200.29926294,29926294,200809020,2008-12-15T00:20:00,20081215002000,MULTIPOINT ((-55.8458 74.7454)),74.7454,-55.8458,334.3,,330.27099609,,13.6,,,,,,,978.95,,,29.78723376,,,8.208,2.4682,4.305,,,,NaN,0.00329557,0.00330842,97.97988086,91.32377947,,93.3221,95.43152,0.800542,0.7341729,NaN,845.2704,99,98.4,,,33.98394431,,1.8,1.8,29.07862,0.9569572,0.730694,,,1.78922609,,286,343.2,278,337.5,10.6,22.3,12.2,22.8,,,3115.01,
underway_1200.29926414,29926414,200809020,2008-12-15T00:40:00,20081215004000,MULTIPOINT ((-55.7867 74.6969)),74.6969,-55.7867,335.7,,330.53466797,,9.3,,,,,,,979.32,,,29.83417424,,,8.226,1.7384,,,,,NaN,-0.00329555,0,97.976623,82.19140152,,89.2646,91.709,0.7671604,0.7341729,NaN,844.5946,99,98.6,,,33.97360053,,1.9,1.8,NaN,0.954117,0.7300172,,,1.85369015,,277,330.3,274,326.6,13,19.5,14.2,20.3,,,3217.92,
underway_1200.29926534,29926534,200809020,2008-12-15T01:00:00,20081215010000,MULTIPOINT ((-55.7389 74.6587)),74.6587,-55.7389,334.2,,328.46374512,,10.3,,,,,,,979.62,,,29.90621899,,,8.211,1.2874,4.31,,,,NaN,-0.0164777,-0.01323369,222.68092593,191.77993689,,198.80356,203.7226,1.867926,1.735318,NaN,844.5946,98.9,98.6,,,33.91271874,,1.9,1.9,13.18595,0.9534456,0.7291373,,,1.99453414,,276,333,272,328.9,13.3,20.7,14.7,21.6,,,3134.98,
underway_1200.29926654,29926654,200809020,2008-12-15T01:20:00,20081215012000,MULTIPOINT ((-55.6868 74.6165)),74.6165,-55.6868,335.7,,328.76586914,,10.4,,,,,,,979.85,,,30.11255387,,,8.207,1.148,4.323,,,,NaN,0.00329557,0.00661684,240.49600564,210.04466542,,216.3646,221.3198,1.967998,1.868804,NaN,844.2568,99,98.7,,,33.96633801,,1.8,1.9,NaN,0.946933,0.7282574,,,2.18524458,,273,336.1,269,331.6,10.1,17.4,11.4,18.1,,,3144.19,
underway_1200.29926774,29926774,200809020,2008-12-15T01:40:00,20081215014000,MULTIPOINT ((-55.6342 74.5753)),74.5753,-55.6342,336.1,,329.43054199,,10.1,,,,,,,980.04,,,30.06451878,,,8.221,0.9266,4.304,,,,NaN,0.00329557,0.00992527,329.56852022,292.2360943,,288.0326,295.77,2.635116,2.469491,NaN,843.919,99.4,98.9,,,33.96611216,,2,2,13.52265,0.9400273,0.7279867,,,2.12948647,,265,325.8,264,323.4,13.2,19,14.5,20,,,3222.53,
underway_1200.29926894,29926894,200809020,2008-12-15T02:00:00,20081215020000,MULTIPOINT ((-55.5815 74.5353)),74.5353,-55.5815,336,,328.26049805,,10.2,,,,,,,980.18,,,30.25011009,,,8.214,0.82,4.309,,,,22.31238,0.00329557,0.00661684,293.93964256,255.70658252,,254.2258,260.237,2.301557,2.135776,NaN,843.2434,99.2,98.9,,,33.95899041,,2,2.1,29.74984,0.9437459,0.726633,,,2.35222438,,257,319.1,257,317.4,15.2,19.9,16.6,21.1,,,3233.28,
underway_1200.29927014,29927014,200809020,2008-12-15T02:20:00,20081215022000,MULTIPOINT ((-55.5289 74.4948)),74.4948,-55.5289,336,,328.93066406,,10.5,,,,,,,980.58,,,30.29814496,,,8.21,0.5904,4.308,,,,NaN,0.00988596,0.01323369,436.4164328,392.69211489,,375.2536,385.1102,3.535407,3.237036,NaN,843.2434,99.2,98.9,,,33.94252636,,2.1,2.2,NaN,0.9532794,0.7246026,,,2.42352024,,255,315.7,256,315.3,16.3,20.8,17.5,22,,,3164,
underway_1200.29927134,29927134,200809020,2008-12-15T02:40:00,20081215024000,MULTIPOINT ((-55.4638 74.4405)),74.4405,-55.4638,332.6,,328.11218262,,13.2,,,,,,,980.39,,,30.26648341,,,8.193,0.5494,4.301,,,,21.29818,0.00329528,0.00330842,338.45657972,301.36833542,,298.8506,302.8766,2.768381,2.536234,NaN,843.2434,99.1,98.9,,,33.92991762,,2.1,2.2,13.52265,0.9490874,0.7241965,,,2.39852954,,251,319.3,251,317.2,16,22.3,17.5,23.5,,,3069.48,
underway_1200.29927254,29927254,200809020,2008-12-15T03:00:00,20081215030000,MULTIPOINT ((-55.3961 74.3818)),74.3818,-55.3961,332.9,,328.80981445,,13.7,,,,,,,981.07,,,30.25010763,,,8.224,0.4592,4.311,,,,NaN,-0.03295423,-0.01985054,774.91627252,803.64925934,,683.9082,776.9884,7.138022,7.141501,NaN,841.892,99,98.8,,,33.93230908,,1.9,2,NaN,0.959297,0.7223014,,,2.37723338,,252,320.3,252,318.2,15.7,22.4,17.3,23.8,,,2958.64,
underway_1200.29927374,29927374,200809020,2008-12-15T03:20:00,20081215032000,MULTIPOINT ((-55.3291 74.3227)),74.3227,-55.3291,332.2,,328.30993652,,13.3,,,,,,,981.59,,,30.27193989,,,8.177,0.4428,,,,,NaN,-0.00988553,-0.00330842,988.5659003,986.29681828,,850.5748,943.8244,8.671308,8.276133,NaN,842.2298,98.8,98.7,,,33.90612212,,1.9,2,NaN,0.9560515,0.719188,,,2.42722173,,250,316.5,251,314.8,17.2,23.3,18.8,24.7,,,2807.74,
underway_1200.29927494,29927494,200809020,2008-12-15T03:40:00,20081215034000,MULTIPOINT ((-55.263 74.2613)),74.2613,-55.263,310.8,,303.44787598,,10.4,,,,,,,982,,,30.28176573,,,8.226,0.4592,4.315,,,,NaN,0.00659009,0.00330842,721.36921217,675.79596808,,626.0988,642.3014,6.103126,5.739898,NaN,841.892,98.9,98.5,,,33.90844337,,2.2,2.2,28.73564,0.9542259,0.7164808,,,2.4364745,,257,334.4,253,330.9,15.5,23.2,16.9,24.1,,,2591.23,
underway_1200.29927614,29927614,200809020,2008-12-15T04:00:00,20081215040000,MULTIPOINT ((-55.2529 74.2465)),74.2465,-55.2529,323.1,,309.05639648,,2.7,,,,,,,982.41,,,30.30578493,,,8.182,0.5084,4.299,,,,NaN,0.01317994,0.01985054,1148.83750214,1114.15010953,,1002.3578,1059.222,10.00504,9.277277,NaN,841.892,98.7,98.4,,,33.91848973,,2.1,2.2,NaN,0.9561108,0.7146534,,,2.45497599,,248,306.2,250,307.3,17.7,19.2,19,20.6,,,2559.95,
underway_1200.29927734,29927734,200809020,2008-12-15T04:20:00,20081215042000,MULTIPOINT ((-55.2065 74.2074)),74.2074,-55.2065,336.3,,331.95739746,,13.1,,,,,,,982.4,,,30.35163745,,,8.186,0.3854,4.32,,,,13.86032,-0.01647458,-0.01654211,2092.73986197,1652.96054524,,1783.9252,1585.7858,15.90722,13.8158,NaN,841.892,98.4,98.3,,,33.91030067,,2.1,2.3,NaN,0.9572413,0.712013,,,2.51599258,,244,307.6,248,308.5,18.9,22.6,19.9,24.1,,,2385.3,
underway_1200.29927854,29927854,200809020,2008-12-15T04:40:00,20081215044000,MULTIPOINT ((-55.1381 74.1575)),74.1575,-55.1381,336.8,,331.76513672,,13.2,,,,,,,982.88,,,30.36692562,,,8.262,0.369,,,,,NaN,0.01647385,0.01654211,917.22696575,867.57576814,,796.4752,825.0304,7.870098,7.141501,NaN,840.8785,98,97.8,,,33.94984169,,2.2,2.3,13.18444,0.9552294,0.7133569,,,2.49658459,,250,311.3,252,310.5,19.4,24.2,20.9,25.8,,,2174.98,
underway_1200.29927974,29927974,200809020,2008-12-15T05:00:00,20081215050000,MULTIPOINT ((-55.0702 74.107)),74.107,-55.0702,336,,331.43005371,,13.2,,,,,,,983.87,,,30.33744849,,,8.244,0.5822,4.322,,,,NaN,0.01317934,0.01985054,1086.46486894,1022.82633006,,937.1192,967.1684,9.137659,8.309503,NaN,840.5407,98.2,97.9,,,33.95078719,,2.2,2.3,NaN,0.955713,0.7175591,,,2.46145024,,240,301.7,245,304.1,21,23.8,22.1,25.8,,,2001.7,
underway_1200.29928094,29928094,200809020,2008-12-15T05:20:00,20081215052000,MULTIPOINT ((-55.0029 74.0522)),74.0522,-55.0029,332.1,,330.10620117,,13.5,,,,,,,983.9,,,30.3210718,,,8.23,0.451,4.297,,,,14.19868,0.00658962,0.00330842,685.70214823,630.13421517,,599.0492,607.1042,5.635859,5.072468,NaN,839.1892,98,97.7,,,33.94529291,,2.2,2.3,NaN,0.9531373,0.716004,,,2.44757605,,237,300.9,242,303.3,20.9,23.9,21.8,25.6,,,0,
underway_1200.29928214,29928214,200809020,2008-12-15T05:40:00,20081215054000,MULTIPOINT ((-54.9368 73.9961)),73.9961,-54.9368,335.4,,331.63330078,,12.9,,,,,,,984.99,,,30.36910837,,,8.227,0.3526,,,,,NaN,-0.00329479,0,632.29421415,575.33994749,,541.9192,550.2536,5.102474,4.605267,NaN,837.838,97,96.9,,,33.94172013,,2.1,2.2,13.52263,0.9586867,0.7176986,,,2.50675142,,229,285.7,237,290.7,26.9,26.4,28.4,29.3,,,1833.98,
underway_1200.29928334,29928334,200809020,2008-12-15T06:00:00,20081215060000,MULTIPOINT ((-54.8697 73.943)),73.943,-54.8697,335.1,,330.50720215,,13.6,,,,,,,985.56,,,30.38002623,,,8.272,0.2706,4.295,,,,14.19878,0.00988501,0.05624319,1184.46691387,730.59023576,,1020.9598,1005.0758,10.4053,8.676589,NaN,835.1353,94.3,95.3,,,33.94538156,,2.4,2.5,30.42596,0.9643676,0.7095768,,,2.51599258,,235,295.4,241,299.2,24.5,25.9,25.7,28.2,,,1786.37,
underway_1200.29928454,29928454,200809020,2008-12-15T06:20:00,20081215062000,MULTIPOINT ((-54.8036 73.8914)),73.8914,-54.8036,333,,328.62854004,,12.6,,,,,,,986.33,,,30.39203691,,,8.247,0.2542,4.324,,,,14.19878,-0.00329498,0.00330842,1380.35804707,1333.32718026,,1176.1324,1232.4868,12.53939,11.31294,NaN,832.4325,91.8,93.8,,,33.96022501,,2.7,2.8,NaN,0.9664636,0.701455,,,2.51599258,,231,294.6,237,297.9,22.4,23.5,23.4,25.5,,,1752.58,
underway_1200.29928574,29928574,200809020,2008-12-15T06:40:00,20081215064000,MULTIPOINT ((-54.7387 73.8371)),73.8371,-54.7387,334.5,,329.6887207,,13.1,,,,,,,987.23,,,30.38985296,,,8.167,0.3608,4.302,,,,NaN,-0.00329501,-0.00661684,792.61334859,739.72275054,,684.2402,703.2128,6.603362,5.940127,NaN,832.4325,92.3,93.2,,,33.95555897,,2.5,2.7,NaN,0.9631424,0.7105224,,,2.51784065,,230,290.8,237,295.2,25.6,25.7,27,28.4,,,1724.93,
underway_1200.29928694,29928694,200809020,2008-12-15T07:00:00,20081215070000,MULTIPOINT ((-54.6727 73.7828)),73.7828,-54.6727,334.8,,329.89746094,,13.4,,,,,,,987.96,,,30.39858765,,,8.19,0.3526,,,,,NaN,0.00329493,0.00330842,970.71527796,904.10527992,,834.336,850.7612,8.170715,7.34173,NaN,831.419,92.5,92.9,,,33.96241915,,2.4,2.6,13.52246,0.9645573,0.7126225,,,2.52153663,,221,278.2,230,285.8,30,27.7,30.6,30.2,,,0,
underway_1200.29928814,29928814,200809020,2008-12-15T07:20:00,20081215072000,MULTIPOINT ((-54.6061 73.7292)),73.7292,-54.6061,336.3,,331.90246582,,12.9,,,,,,,989.11,,,30.40186192,,,8.217,0.3116,4.289,,,,14.19876,-0.00988469,-0.00661684,917.27556648,849.31101224,,782.9604,798.9828,7.937215,7.141501,NaN,828.7163,88.5,89.8,,,33.95171775,,2.4,2.6,NaN,0.9688966,0.7117411,,,2.53539462,,220,273.1,229,281.5,31.2,28.1,31.6,30.4,,,1715.71,
underway_1200.29928934,29928934,200809020,2008-12-15T07:40:00,20081215074000,MULTIPOINT ((-54.5405 73.6787)),73.6787,-54.5405,336.8,,332.25952148,,12.9,,,,,,,989.47,,,30.4029549,,,8.229,0.4592,,,,,NaN,-0.02635823,-0.01323369,1843.3318436,1817.34334828,,1563.2142,1662.2668,17.77416,16.21855,NaN,827.0271,88.9,89.1,,,33.96486522,,2.6,2.8,NaN,0.9692333,0.7080877,,,2.52430847,,224,278.7,232,286.2,29.9,27.3,30.3,29.6,,,1761.79,
underway_1200.29929054,29929054,200809020,2008-12-15T08:00:00,20081215080000,MULTIPOINT ((-54.4763 73.6295)),73.6295,-54.4763,336.6,,331.00158691,,12.4,,,,,,,990.14,,,30.38876209,,,8.216,0.4264,4.302,,,,NaN,-0.00329459,0.00330842,1077.4531713,995.42933305,,924.9492,934.6308,9.003376,8.075903,NaN,827.0271,89.3,88.9,,,33.96503146,,2.5,2.8,13.18458,0.9647732,0.7111586,,,2.50767559,,219,273.2,230,285,30.1,26.7,29.2,28.4,,,1823.23,
underway_1200.29929174,29929174,200809020,2008-12-15T08:20:00,20081215082000,MULTIPOINT ((-54.4104 73.5821)),73.5821,-54.4104,345.3,,339.04907227,,13.2,,,,,,,990.78,,,30.3800286,,,8.257,0.5658,4.267,,,,NaN,-0.01317841,-0.01323369,650.02386873,593.60470338,,557.8092,565.1042,5.301906,4.805496,NaN,826.6893,89.2,88.9,,,33.97096674,,2.4,2.7,29.41176,0.9647732,0.7157535,,,2.49196276,,218,264.9,229,275.8,30.5,24.9,30.5,27.4,,,1887.29,
underway_1200.29929294,29929294,200809020,2008-12-15T08:40:00,20081215084000,MULTIPOINT ((-54.3389 73.5513)),73.5513,-54.3389,343.1,,334.10522461,,13,,,,,,,991.42,,,30.40732243,,,8.265,0.6068,4.294,,,,NaN,-0.0032946,0,703.47906836,657.53121218,,611.8998,623.317,6.03575,5.472926,NaN,825.6758,89.9,88.7,,,33.97026195,,2.3,2.8,NaN,0.9645704,0.7154947,,,2.52430847,,216,266.7,228,279.6,31.8,26.1,31.8,28.9,,,1964.02,
underway_1200.29929414,29929414,200809020,2008-12-15T09:00:00,20081215090000,MULTIPOINT ((-54.2756 73.502)),73.502,-54.2756,338.6,,330.20507812,,11.8,,,,,,,992.23,,,30.39749613,,,8.221,0.574,4.292,,,,NaN,-0.00988396,-0.00661684,632.25549379,575.33994749,,545.6388,551.5884,5.168856,4.638638,NaN,824.3244,89.2,88.8,,,33.96500462,,2.4,2.7,13.18458,0.9628801,0.7176741,,,2.51784065,,215,268.8,230,284.4,29,24.5,28.1,26.6,,,2107.92,
underway_1200.29929534,29929534,200809020,2008-12-15T09:20:00,20081215092000,MULTIPOINT ((-54.2163 73.464)),73.464,-54.2163,339.9,,329.73266602,,10.7,,,,,,,993.24,,,30.38657742,,,8.203,0.5002,4.298,,,,30.08789,-0.01647342,-0.00992527,685.66770046,630.13421517,,588.2352,597.5982,5.635575,5.005725,NaN,824.3244,86.6,86.5,,,33.95249438,,2.4,3,21.29817,0.9703852,0.7130572,,,2.51691662,,214,263.6,227,278,30.9,26.1,31.1,28.8,,,2230.21,
underway_1200.29929654,29929654,200809020,2008-12-15T09:40:00,20081215094000,MULTIPOINT ((-54.1591 73.4315)),73.4315,-54.1591,343.3,,334.46777344,,11.4,,,,,,,993.86,,,30.37675169,,,8.211,0.574,,,,,14.19878,-0.01317834,-0.01654211,632.21784157,575.33994749,,536.511,548.87,5.168549,4.638638,NaN,824.3244,88.2,86.1,,,33.9531357,,2.3,3,NaN,0.9675453,0.7156967,,,2.50490302,,215,262.5,221,267.7,29.2,24,30.9,26.7,,,2250.37,
underway_1200.29929774,29929774,200809020,2008-12-15T10:00:00,20081215100000,MULTIPOINT ((-54.1036 73.4032)),73.4032,-54.1036,342.6,,333.52294922,,10.7,,,,,,,994.23,,,30.39203609,,,8.228,0.4428,4.247,,,,NaN,-0.01317812,-0.01323369,756.89367836,703.19323875,,644.3542,660.5106,6.402444,5.806641,NaN,824.3244,87.6,,,,33.95137393,,2.3,,13.18458,0.966734,0.7138386,,,2.52430847,,212,258.8,229,277.6,28.9,23.6,27.2,24.9,,,2238.77,
underway_1200.29929894,29929894,200809020,2008-12-15T10:20:00,20081215102000,MULTIPOINT ((-54.0485 73.3753)),73.3753,-54.0485,343.6,,334.30847168,,9.4,,,,,,,,,,30.43352247,,,8.171,0.4592,4.292,,,,13.86071,-0.0164728,-0.01654211,614.41234849,566.20743271,,532.4542,542.0464,5.235269,4.67201,NaN,824.3244,84.5,84,,,33.94661288,,2.3,2.9,13.52265,0.9689652,0.7140665,,,2.57695044,,210,249.8,224,268.1,33.1,27.1,29.4,25.7,,,2580.48,
underway_1200.29930014,29930014,200809020,2008-12-15T10:40:00,20081215104000,MULTIPOINT ((-53.9938 73.3468)),73.3468,-53.9938,340.9,,334.50073242,,11.2,,,,,,,995.7,,,30.46081752,,,8.207,0.5658,4.301,,,,NaN,-0.01647261,-0.02315896,560.9769096,520.54567981,,486.4772,494.6448,4.735014,4.271552,NaN,824.3244,87.1,84.4,,,33.95673448,,2.3,3,NaN,0.9650437,0.7142916,,,2.59910241,,214,264.9,226,278.2,26.6,22,26.2,24,,,2161.15,
underway_1200.29930134,29930134,200809020,2008-12-15T11:00:00,20081215110000,MULTIPOINT ((-53.9281 73.3108)),73.3108,-53.9281,27.5,,34.28833008,,11.8,,,,,,,996.5,,,30.47828625,,,8.095,0.574,4.302,,,,NaN,-0.00988343,-0.00992527,454.11911665,410.95714444,,397.56,398.5482,3.834652,3.470636,NaN,824.3244,86.2,,,,33.9615995,,2.3,,NaN,0.9664493,0.7161688,,,2.6147887,,220,195.2,217,191.2,27.3,15.7,24.8,13.1,,,0,
underway_1200.29930254,29930254,200809020,2008-12-15T11:20:00,20081215112000,MULTIPOINT ((-53.8631 73.3894)),73.3894,-53.8631,35.7,,32.62939453,,14.7,,,,,,,997.19,,,30.49902936,,,8.164,0.7298,4.258,,,,NaN,-0.01976682,-0.02315896,436.31041912,392.69211489,,376.9258,380.9562,3.601237,3.203664,NaN,824.3244,84.4,81.5,,,33.9557996,,2.4,3.8,13.18395,0.9691218,0.7080506,,,2.64430532,,223,200.4,221,197.5,26.2,11.9,24.9,10.5,,,1633.99,
underway_1200.29930374,29930374,200809020,2008-12-15T11:40:00,20081215114000,MULTIPOINT ((-53.7975 73.4679)),73.4679,-53.7975,27.7,,24.80712891,,14.3,,,,,,,997.69,,,30.530691,,,8.146,0.7626,,,,,30.421,-0.02965023,-0.03970108,400.69329109,356.1626031,,346.4614,352.5146,3.401169,3.003435,NaN,824.3244,86.3,79.7,,,33.95757968,,2.4,3.8,13.18244,0.9636022,0.7047585,,,2.67933846,,227,228.6,225,232.3,22.6,9.8,20.4,7.6,,,1608.19,
underway_1200.29930494,29930494,200809020,2008-12-15T12:00:00,20081215120000,MULTIPOINT ((-53.7255 73.5296)),73.5296,-53.7255,33.9,,30.23986816,,14.5,,,,,,,998.17,,,30.52632074,,,8.182,0.9102,4.289,,,,14.19584,-0.01976682,-0.03308423,418.50172158,374.42763266,,356.924,366.0358,3.601237,3.203664,NaN,824.3244,85.3,81,,,33.92386196,,2.3,3.6,NaN,0.9641002,0.7077142,,,2.70606126,,227,210.5,224,208.6,26.9,13.3,24,10.2,,,,
underway_1200.29930614,29930614,200809020,2008-12-15T12:20:00,20081215122000,MULTIPOINT ((-53.6561 73.5974)),73.5974,-53.6561,22.4,,19.45678711,,14.5,,,,,,,998.22,,,30.54379001,,,8.18,0.7954,,,,,14.19494,-0.0329447,-0.0529342,471.92754714,410.94592447,,396.1064,390.0542,4.001375,3.470543,NaN,824.3244,85.7,79.9,,,33.9326415,,2.3,3.5,NaN,0.9630252,0.7066306,,,2.7180368,,230,235,229,241.5,26.1,14.6,22.4,11.1,,,,
underway_1200.29930734,29930734,200809020,2008-12-15T12:40:00,20081215124000,MULTIPOINT ((-53.5821 73.65)),73.65,-53.5821,22,,18.48999023,,14.7,,,,,,,998.35,,,30.55034117,,,8.145,0.738,4.293,,,,NaN,-0.1976682,-0.2216635,863.71622243,584.47136763,,665.4298,387.3478,6.869026,3.270403,NaN,823.9866,88,83.2,,,33.93776344,,2.1,3.2,13.51812,0.9856741,0.7102842,,,2.72080006,,225,243.2,230,261.6,21.4,9.8,18.8,9,,,,
underway_1200.29930854,29930854,200809020,2008-12-15T13:00:00,20081215130000,MULTIPOINT ((-53.5091 73.7069)),73.7069,-53.5091,22.1,,19.67651367,,14.2,,,,,,,998.88,,,30.52413894,,,8.215,1.1808,4.285,,,,NaN,-0.04282812,-0.05293471,204.79873982,164.38272095,,174.04534,176.59002,1.66724,1.468345,NaN,823.9866,,83,,,33.94267349,,,3.1,20.95303,0.9816157,0.7127876,,,2.68578982,,226,235.8,228,242.3,24,12.5,22.7,11.8,,,,
underway_1200.29930974,29930974,200809020,2008-12-15T13:20:00,20081215132000,MULTIPOINT ((-53.4378 73.7659)),73.7659,-53.4378,27.2,,23.67553711,,14.5,,,,,,,998.96,,,30.56671457,,,,1.4924,4.357,,,,14.19399,-0.056006,-0.07278523,311.65033752,246.57409511,,259.5472,245.9404,2.734273,2.336004,NaN,824.3244,87.4,83.4,,,33.9022938,,2.1,3,NaN,0.981413,0.7146145,,,2.77327922,,231,248.6,236,284.1,19.7,8.8,14.7,7.2,,,,
underway_1200.29931094,29931094,200809020,2008-12-15T13:40:00,20081215134000,MULTIPOINT ((-53.3675 73.8305)),73.8305,-53.3675,29.8,,24.26879883,,14.8,,,,,,,999.51,,,30.58964359,,,8.174,1.8368,4.29,,,,14.19399,-0.04941706,-0.06285997,169.18155839,136.98561447,,143.62964,141.06904,1.433826,1.268116,NaN,824.3244,87.3,82,,,33.91873917,,1.9,3,13.51808,0.9798583,0.7163736,,,2.78432193,,225,224.3,222,225.2,23.1,9.7,20.2,6.6,,,0,
underway_1200.29931214,29931214,200809020,2008-12-15T14:00:00,20081215140000,MULTIPOINT ((-53.31 73.8619)),73.8619,-53.31,28.4,,23.43933105,,14.4,,,,,,,999.51,,,30.61802899,,,8.196,1.8696,4.306,,,,NaN,-0.03623918,-0.04631758,97.94722223,91.32350581,,90.57118,91.67796,0.8669645,0.7675421,NaN,825.6758,,82.1,,,33.90683833,,,2.9,13.51808,0.9820212,0.7203654,,,2.82847359,,223,218.9,219,216.9,23.3,9.9,20.1,6.4,,,,
underway_1200.29931334,29931334,200809020,2008-12-15T14:20:00,20081215142000,MULTIPOINT ((-53.2392 73.9249)),73.9249,-53.2392,28.3,,24.42260742,,14.7,,,,,,,1000.19,,,30.76542878,,,8.15,1.9024,4.31,,,,14.19399,-0.03623918,-0.04631788,35.61718143,27.39710648,,39.20244,39.58052,0.3334479,0.3003434,NaN,825.3379,,77.4,,,33.97451819,,,3.1,NaN,0.9822916,0.7193505,,,2.93504686,,228,241.7,234,264.6,20.3,8,17.9,7.9,,,307.2,
underway_1200.29931454,29931454,200809020,2008-12-15T14:40:00,20081215144000,MULTIPOINT ((-53.1672 73.9882)),73.9882,-53.1672,26.8,,24.81811523,,14.6,,,,,,,1000.37,,,30.62021612,,,8.206,1.2874,4.303,,,,NaN,-0.04612259,-0.04962629,53.42574544,45.66186237,,50.01692,49.39108,0.5001718,0.4004578,NaN,825.0001,84.8,79.7,,,33.9445506,,1.8,3.3,13.51808,0.9800611,0.7200948,,,2.79536273,,216,204.8,213,199.9,24.6,10.5,23.2,8.9,,,,
underway_1200.29931574,29931574,200809020,2008-12-15T15:00:00,20081215150000,MULTIPOINT ((-53.0986 74.0486)),74.0486,-53.0986,30.7,,25.5871582,,13.8,,,,,,,1000.32,,,30.58418925,,,8.151,0.9266,,,,,NaN,-0.05930047,-0.07278523,17.80858537,9.13237247,,22.98074,23.68066,0.166724,0.1668574,NaN,825.6758,88.1,80.2,,,33.96763616,,1.4,3.1,29.73979,0.9799259,0.7211097,,,2.73185191,,219,203.2,217,200.1,26.2,12.7,23.6,10,,,120.15,
underway_1200.29931694,29931694,200809020,2008-12-15T15:20:00,20081215152000,MULTIPOINT ((-53.0273 74.0635)),74.0635,-53.0273,4.8,,353.50708008,,12.9,,,,,,,1000.86,,,30.63768343,,,,1.2218,4.285,,,,NaN,-0.1087175,-0.1058694,17.80858537,0,,11.828324,11.502032,0.1000344,0.03337148,NaN,825.6758,90.9,85.6,,,33.92994647,,1.3,2,NaN,0.9797231,0.7308526,,,2.82939309,,205,235.7,207,240.9,21.7,10.4,20.7,9.8,,,,
underway_1200.29931814,29931814,200809020,2008-12-15T15:40:00,20081215154000,MULTIPOINT ((-52.9658 74.0255)),74.0255,-52.9658,323.2,,318.74084473,,11.4,,,,,,,1000.85,,,30.65952132,,,8.211,1.1972,4.271,,,,NaN,-0.2470853,-0.2249725,0,-9.13237247,,4.73137,5.41272,0.06668958,0.03337148,NaN,825.6758,89.7,87.5,,,33.9508649,,1.5,1.8,13.5182,0.9784473,0.7333559,,,2.83490981,,191,271.2,198,280.1,18,13,17.5,14.1,,,0,
underway_1200.29931934,29931934,200809020,2008-12-15T16:00:00,20081215160000,MULTIPOINT ((-52.9433 73.9344)),73.9344,-52.9433,261.1,,262.25463867,,12.5,,,,,,,1000.29,,,30.76215186,,,8.181,1.353,4.29,,,,NaN,-0.2569687,-0.2415146,0,-18.26474768,,2.027982,2.368112,-0.03334479,-0.03337148,NaN,824.3244,83.6,84.8,,,33.95887256,,2.1,2.2,NaN,0.9767441,0.7326938,,,2.94606148,,177,302.1,181,303.8,22.9,26.8,24.5,29,,,,
underway_1200.29932054,29932054,200809020,2008-12-15T16:20:00,20081215162000,MULTIPOINT ((-52.9579 73.8208)),73.8208,-52.9579,253.5,,257.30529785,,12.6,,,,,,,1000.18,,,30.67262415,,,8.12,1.2218,4.34,,,,14.19805,-0.2503829,-0.2514399,0,-18.26474768,,2.028292,1.3533512,-0.0333455,-0.03337148,NaN,824.3244,79.9,80.1,,,33.96399801,,2.3,2.2,13.1839,0.9779752,0.729727,,,2.83766799,,328,47.6,334,51.2,24.2,30.4,23.1,28.3,,,121.22,
underway_1200.29932174,29932174,200809020,2008-12-15T16:40:00,20081215164000,MULTIPOINT ((-52.9793 73.7044)),73.7044,-52.9793,257.9,,262.66662598,,13.3,,,,,,,999.98,,,30.64532843,,,8.161,1.1562,4.301,,,,14.19876,-0.2503886,-0.2613652,0,-18.26474768,,2.028394,1.353575,-0.03334708,-0.03337148,NaN,824.3244,75.1,77.4,,,33.95586165,,2.7,2.6,NaN,0.9782271,0.7294415,,,2.81375978,,81,352.6,96,344.7,4.7,8.7,4.9,8.9,,,116.55,
underway_1200.29932294,29932294,200809020,2008-12-15T17:00:00,20081215170000,MULTIPOINT ((-52.9806 73.5935)),73.5935,-52.9806,271.4,,273.65844727,,10.7,,,,,,,1001.15,,,30.65187878,,,8.205,1.4104,4.305,,,,13.86064,-0.2240596,-0.2382062,0,-9.13237247,,2.028386,1.353633,-0.03335036,-0.03337148,NaN,824.3244,73.5,75.2,,,33.95123281,,2.4,2.9,13.52258,0.9809952,0.727713,,,2.82571501,,115,238.5,118,245.4,15.4,7.2,15.1,7.5,,,93.03,
underway_1200.29932414,29932414,200809020,2008-12-15T17:20:00,20081215172000,MULTIPOINT ((-52.9764 73.5045)),73.5045,-52.9764,273.1,,272.65319824,,7.2,,,,,,,1001.68,,,30.69118279,,,8.2,1.4514,,,,,13.86071,-0.2240603,-0.2415146,0,-9.13237247,,2.028396,1.3536374,-0.03334978,-0.03337148,NaN,824.3244,68.6,70.9,,,33.94296237,,2.6,2.6,30.08789,0.9828259,0.7287985,,,2.87902631,,120,358,169,348.7,0.5,6.9,1.4,7.1,,,108.79,
underway_1200.29932534,29932534,200809020,2008-12-15T17:40:00,20081215174000,MULTIPOINT ((-52.9739 73.4503)),73.4503,-52.9739,278.1,,271.37329102,,5.1,,,,,,,1001.17,,,30.69882529,,,8.192,1.1234,4.295,,,,NaN,-0.2108809,-0.2249725,0,-9.13237247,,2.028396,1.3536322,-0.03335053,-0.03337148,NaN,824.3244,81.9,82.8,,,33.94162881,,1.4,1.5,NaN,0.9793773,0.7359698,,,2.88913203,,212,316.1,213,315.4,14.9,17.8,16,18.9,,,111.11,
underway_1200.29932654,29932654,200809020,2008-12-15T18:00:00,20081215180000,MULTIPOINT ((-52.9685 73.4096)),73.4096,-52.9685,286.1,,275.94909668,,4.5,,,,,,,1001.32,,,30.72502626,,,8.152,1.3038,4.309,,,,NaN,-0.2174826,-0.2315894,0,-9.13237247,,2.028396,1.3536374,-0.03335341,-0.03337148,NaN,824.3244,85.2,84.3,,,33.91643335,,1.5,1.6,29.07369,0.9788368,0.7361081,,,2.943308,,198,300.2,202,302.7,13,13.9,13.9,15,,,113.52,
underway_1200.29932774,29932774,200809020,2008-12-15T18:20:00,20081215182000,MULTIPOINT ((-52.9618 73.4206)),73.4206,-52.9618,87.3,,90.32958984,,5.2,,,,,,,1001.43,,,30.75560169,,,8.159,1.3038,4.309,,,,NaN,-0.197723,-0.2183557,0,-9.13237247,,2.028396,1.3536374,-0.03335477,-0.03337148,NaN,824.3244,81.8,82.3,,,33.96639169,,2,1.9,NaN,0.9787015,0.7344837,,,2.93137489,,207,88.5,220,103.3,11.1,9.8,11.6,9.1,,,129.12,
underway_1200.29932894,29932894,200809020,2008-12-15T18:40:00,20081215184000,MULTIPOINT ((-52.9624 73.4798)),73.4798,-52.9624,97.6,,86.79748535,,7.2,,,,,,,1001.48,,,30.71083571,,,8.067,1.1398,4.306,,,,NaN,-0.1911344,-0.2117388,0,-9.13237247,,2.028396,1.3536374,-0.033353,-0.03337148,NaN,825.6758,81.8,82.7,,,33.94758035,,2,1.6,13.52265,0.9789044,0.7355666,,,2.89739915,,254,129.4,247,126.6,10.1,4.5,11.5,6.4,,,134.79,
underway_1200.29933014,29933014,200809020,2008-12-15T19:00:00,20081215190000,MULTIPOINT ((-52.9674 73.5471)),73.5471,-52.9674,92.9,,87.50610352,,7.6,,,,,,,1000.93,,,30.72939776,,,,1.3366,4.295,,,,14.19878,-0.1977071,-0.2117388,0,-9.13237247,,2.028396,1.3536374,-0.03335082,-0.03337148,NaN,825.6758,74.5,79.1,,,33.96154133,,1.8,2.4,NaN,0.9820822,0.7358374,,,2.90566519,,294,233.4,297,238,12,5.6,12.2,6,,,100.11,
underway_1200.29933134,29933134,200809020,2008-12-15T19:20:00,20081215192000,MULTIPOINT ((-52.967 73.6149)),73.6149,-52.967,88.9,,86.90734863,,6.9,,,,,,,1001.13,,,30.67917113,,,8.161,1.2054,4.288,,,,13.86071,-0.1120284,-0.12572,0,-9.13237247,,2.028396,1.3536282,-0.03334988,-0.03337148,NaN,825.6758,81.2,79,,,33.92341033,,1.8,2.4,13.52264,0.9791744,0.7319068,,,2.88362002,,314,256.1,328,283.3,13.6,10,10.1,8.8,,,111.28,
underway_1200.29933254,29933254,200809020,2008-12-15T19:40:00,20081215194000,MULTIPOINT ((-52.9689 73.675)),73.675,-52.9689,93,,84.44641113,,6.3,,,,,,,1000.36,,,30.70973965,,,8.138,1.3284,4.297,,,,14.19844,-0.1944003,-0.2150473,0,-9.13237247,,2.028348,1.3536374,-0.03334863,-0.03337148,NaN,825.6758,76.1,76.8,,,33.90260446,,2.2,2.2,30.76329,0.9800304,0.731641,,,2.93871861,,117,24.8,111,20.3,12.3,18.3,11.4,17.5,,,121.19,
underway_1200.29933374,29933374,200809020,2008-12-15T20:00:00,20081215200000,MULTIPOINT ((-52.9643 73.6741)),73.6741,-52.9643,269.7,,272.7355957,,6,,,,,,,999.95,,,30.7796188,,,8.138,1.1562,4.3,,,,14.19856,-0.17793,-0.1918883,0,-9.13237247,,2.028364,1.353633,-0.03335029,-0.03337148,NaN,825.6758,78.7,78,,,33.93659953,,1.9,2.7,NaN,0.979227,0.7306911,,,2.98734932,,111,217.8,108,219.3,11.5,6.2,9.9,4.6,,,119.75,
underway_1200.29933494,29933494,200809020,2008-12-15T20:20:00,20081215202000,MULTIPOINT ((-52.9633 73.6168)),73.6168,-52.9633,271.9,,266.3470459,,6.1,,,,,,,999.7,,,30.70428843,,,8.134,1.2874,4.3,,,,NaN,-0.187816,-0.2084304,0,-9.13237247,,2.028382,1.3536194,-0.03335033,-0.03337148,NaN,825.6758,77.9,77.8,,,33.98526217,,1.9,2,28.73542,0.9799114,0.7325787,,,2.85421455,,305,27.6,300,23.4,11.8,17.4,10.7,16.6,,,97.54,
underway_1200.29933614,29933614,200809020,2008-12-15T20:40:00,20081215204000,MULTIPOINT ((-52.9733 73.5592)),73.5592,-52.9733,254.6,,259.03564453,,6.2,,,,,,,1000.01,,,30.72393671,,,8.152,1.4268,,,,,NaN,-0.1581608,-0.1720378,0,-9.13237247,,2.028396,1.3535906,0,-0.03337148,NaN,825.6758,80.6,79.2,,,33.94030559,,1.7,1.8,NaN,0.9783634,0.7329692,,,2.91943954,,306,28.7,303,25.5,11.2,15.7,10.2,15,,,97.62,
underway_1200.29933734,29933734,200809020,2008-12-15T21:00:00,20081215210000,MULTIPOINT ((-52.9812 73.5014)),73.5014,-52.9812,273.5,,271.1920166,,5.6,,,,,,,1000.1,,,30.71192792,,,8.14,1.0332,4.298,,,,NaN,-0.1252169,-0.1389536,0,-9.13237247,,2.028396,1.353613,0,-0.03337148,NaN,825.6758,79.9,81.1,,,33.95182956,,1.7,1.7,13.52265,0.9788368,0.7341997,,,2.89464356,,300,16.7,290,10.9,6.1,11.4,5.7,11.2,,,101.37,
underway_1200.29933854,29933854,200809020,2008-12-15T21:20:00,20081215212000,MULTIPOINT ((-52.9762 73.4536)),73.4536,-52.9762,278.9,,276.98730469,,4.9,,,,,,,999.9,,,30.71847796,,,8.15,1.1234,4.298,,,,NaN,-0.1120424,-0.1224115,0,-9.13237247,,2.028396,1.3536372,0,-0.03337148,NaN,825.6758,81.3,80.8,,,33.9433353,,1.6,1.6,NaN,0.9783634,0.7343482,,,2.91025697,,258,350,245,342.1,6.3,11,6.9,11.3,,,111.94,
underway_1200.29933974,29933974,200809020,2008-12-15T21:40:00,20081215214000,MULTIPOINT ((-52.976 73.4197)),73.4197,-52.976,272.7,,274.4329834,,4.6,,,,,,,999.62,,,30.75341478,,,8.11,1.1644,4.296,,,,NaN,-0.1054572,-0.1124863,0,-9.13237247,,2.028396,1.3536374,-0.03335582,-0.03337148,NaN,825.6758,76,76.7,,,33.93172767,,1.7,1.7,13.52265,0.9798509,0.7349574,,,2.96166226,,246,347.4,229,339.2,3,7.4,3.5,7.6,,,105.24,
underway_1200.29934094,29934094,200809020,2008-12-15T22:00:00,20081215220000,MULTIPOINT ((-52.993 73.393)),73.393,-52.993,213.2,,215.89782715,,4.4,,,,,,,999.55,,,30.770885,,,8.146,1.2792,4.301,,,,14.19878,-0.09227585,-0.0992526,0,-18.26474768,,2.028396,1.3536374,0,-0.03337148,NaN,825.6758,74.9,75.3,,,33.94433744,,1.7,1.7,NaN,0.9799862,0.7348898,,,2.96991995,,102,339,111,333.2,1.4,4.1,1.9,4.4,,,62.11,
underway_1200.29934214,29934214,200809020,2008-12-15T22:20:00,20081215222000,MULTIPOINT ((-53.0117 73.3776)),73.3776,-53.0117,204.5,,181.72485352,,0.4,,,,,,,999.22,,,30.67152874,,,8.178,0.9184,4.299,,,,13.86071,-0.03295567,-0.03970104,0,-9.13237247,,2.028396,2.707274,0,0,NaN,825.6758,75.6,76,,,33.92571059,,1.7,1.7,NaN,0.9800538,0.7345514,,,2.87259457,,47,233.6,58,243.9,2.2,1.9,2.5,2.3,,,17.39,
underway_1200.29934334,29934334,200809020,2008-12-15T22:40:00,20081215224000,MULTIPOINT ((-53.0129 73.3761)),73.3761,-53.0129,210.1,,178.17626953,,0.3,,,,,,,998.86,,,30.6857226,,,,1.0414,4.292,,,,13.86071,-0.0395458,-0.04631788,0,-9.13237247,,4.732926,4.060912,0.03335535,0.03337148,NaN,825.6758,73.6,74.3,,,33.93045459,,1.6,2.2,13.52265,0.9816765,0.7311673,,,2.88453872,,54,238.2,55,238.8,6.7,6.5,6.2,6,,,15.01,
underway_1200.29934454,29934454,200809020,2008-12-15T23:00:00,20081215230000,MULTIPOINT ((-53.0123 73.376)),73.376,-53.0123,326.5,,340.94421387,,1.3,,,,,,,998.11,,,30.6922728,,,8.155,1.0086,4.295,,,,NaN,-0.05931273,-0.07278523,17.81185391,0,,12.17033,12.859556,0.1000527,0.1001144,NaN,825.6758,73.6,73.1,,,33.9239075,,1.9,1.8,NaN,0.9816724,0.7303551,,,2.89831765,,73,84.8,89,100.8,9.4,9.4,9.3,9,,,15.34,
underway_1200.29934574,29934574,200809020,2008-12-15T23:20:00,20081215232000,MULTIPOINT ((-53.0108 73.3742)),73.3742,-53.0108,304.8,,346.26708984,,0,,,,,,,998.27,,,30.71192553,,,8.131,1.0824,4.296,,,,NaN,-0.05931005,-0.06616839,17.81145602,9.13237247,,21.9743,22.33468,0.1667508,0.1668574,NaN,825.6758,74.5,74.8,,,33.92659454,,1.9,1.8,13.18458,0.9812709,0.73251,,,2.91852134,,55,69.7,68,82.4,11.7,11.7,10.7,10.7,,,16.58,
underway_1200.29934694,29934694,200809020,2008-12-15T23:40:00,20081215234000,MULTIPOINT ((-53.0118 73.376)),73.376,-53.0118,178.6,,344.23461914,,0.8,,,,,,,998.21,,,30.7064656,,,8.121,0.8528,4.297,,,,NaN,-0.05601325,-0.06285997,35.62228184,18.26474768,,27.72142,28.4248,0.2334471,0.2336004,NaN,825.6758,72.7,73,,,33.91701285,,2,1.9,NaN,0.9820822,0.7314648,,,2.92127589,,72,84,90,101.8,12.6,12.7,12.4,12.2,,,16.67,
underway_1200.29934814,29934814,200809020,2008-12-16T00:00:00,20081216000000,MULTIPOINT ((-53.0121 73.3769)),73.3769,-53.0121,20.4,,345.14099121,,0.4,,,,,,,998.02,,,30.73157796,,,8.12,0.9758,,,,,14.19869,-0.05601311,-0.05624313,53.43207422,36.52948442,,42.25802,43.98764,0.3334872,0.3003434,NaN,825.6758,71.7,73.1,,,33.92540453,,2.1,2,NaN,0.9827525,0.7307361,,,2.94239015,,64,76.4,79,90.9,10,10.1,9.5,9.5,,,16.44,
underway_1200.29934934,29934934,200809020,2008-12-16T00:20:00,20081216002000,MULTIPOINT ((-53.0123 73.3779)),73.3779,-53.0123,328.6,,344.44335938,,0.4,,,,,,,997.96,,,30.74140465,,,8.127,0.9594,4.295,,,,NaN,-0.05271747,-0.05955155,53.43151344,36.52948442,,44.96244,46.69058,0.3334839,0.3670863,NaN,825.6758,71.7,72.1,,,33.92965535,,2,2,13.18448,0.9824803,0.7295912,,,2.9497326,,67,80.9,83,97.6,13.5,13.6,13,12.9,,,16.8,
underway_1200.29935054,29935054,200809020,2008-12-16T00:40:00,20081216004000,MULTIPOINT ((-53.0124 73.3762)),73.3762,-53.0124,314.9,,349.92004395,,0.4,,,,,,,997.47,,,30.74468047,,,8.131,0.9512,4.293,,,,13.86064,-0.0527193,-0.05624313,62.33978765,45.66186237,,54.42838,56.16122,0.43355,0.4004578,NaN,825.6758,66.6,68.3,,,33.93365593,,1.9,1.9,NaN,0.9866749,0.7300282,,,2.9497326,,71,80.9,88,97.8,13.1,13.2,13,12.9,,,0,
underway_1200.29935174,29935174,200809020,2008-12-16T01:00:00,20081216010000,MULTIPOINT ((-53.0117 73.3751)),73.3751,-53.0117,64.3,,350.94726562,,0.4,,,,,,,997.02,,,30.74686416,,,8.117,0.984,4.292,,,,NaN,-0.0527202,-0.05624313,71.2461659,54.79424032,,65.92276,68.34218,0.5336053,0.4672008,NaN,825.6758,70.2,70.1,,,33.93438488,,1.9,1.9,13.52262,0.9891795,0.7310583,,,2.95156808,,76,83.2,91,98.9,16.5,16.5,15.1,15,,,16.35,
underway_1200.29935294,29935294,200809020,2008-12-16T01:20:00,20081216012000,MULTIPOINT ((-53.0117 73.3743)),73.3743,-53.0117,283.6,,9.31091309,,0.1,,,,,,,996.77,,,30.73703773,,,8.155,0.8364,4.3,,,,NaN,-0.05601844,-0.05955155,97.96973345,82.19137416,,86.54494,89.99326,0.7004015,0.6340582,NaN,825.6758,70.4,70.8,,,33.93304266,,1.9,1.8,29.41176,0.9903986,0.7310429,,,2.94147229,,75,64.2,89,78.3,13.8,13.9,12.9,12.9,,,0,
underway_1200.29935414,29935414,200809020,2008-12-16T01:40:00,20081216014000,MULTIPOINT ((-53.0088 73.3733)),73.3733,-53.0088,209.5,,10.50292969,,0.4,,,,,,,996.65,,,30.7272115,,,8.131,1.2382,4.299,,,,13.86071,-0.05272498,-0.05624313,97.97168282,91.32372474,,94.65852,98.45158,0.7337686,0.7008012,NaN,825.6758,72.2,72.6,,,33.9336396,,1.9,1.7,NaN,0.9903986,0.7313158,,,2.92953883,,83,70.6,97,84.8,12.9,13,12.2,12.2,,,19.27,
underway_1200.29935534,29935534,200809020,2008-12-16T02:00:00,20081216020000,MULTIPOINT ((-53.0088 73.3753)),73.3753,-53.0088,21.2,,23.78540039,,1.1,,,,,,,996.52,,,30.69554895,,,8.117,0.9184,4.296,,,,13.86071,-0.05272672,-0.05624313,133.60608814,118.72085858,,125.0845,130.59496,1.000656,0.9344016,NaN,825.6758,72.2,73,,,33.93179606,,1.8,1.6,13.52265,0.9910071,0.7314672,,,2.89464356,,93,65.5,103,74.7,15.8,16.2,14.3,14.6,,,19.95,
underway_1200.29935654,29935654,200809020,2008-12-16T02:20:00,20081216022000,MULTIPOINT ((-53.0077 73.3768)),73.3768,-53.0077,187,,1.35131836,,0.7,,,,,,,996.5,,,30.67698782,,,,0.6232,,,,,NaN,-0.05272745,-0.05293471,187.04953813,164.38272095,,164.9763,171.18988,1.367571,1.268116,NaN,825.6758,73.8,75.5,,,33.92656431,,1.9,1.6,NaN,0.9902634,0.7313123,,,2.87810753,,86,82.1,99,94.9,11.7,11.8,11.5,11.4,,,22.1,
underway_1200.29935774,29935774,200809020,2008-12-16T02:40:00,20081216024000,MULTIPOINT ((-53.0131 73.3766)),73.3766,-53.0131,181.7,,358.23120117,,0.4,,,,,,,996.52,,,30.7315786,,,8.131,0.7544,4.299,,,,14.19878,-0.04613722,-0.04300946,187.05033924,164.38272095,,169.70924,175.59492,1.400932,1.268116,NaN,825.6758,79.3,78.5,,,33.93218922,,1.6,1.5,NaN,0.9814061,0.7317471,,,2.93596482,,74,74,90,90.2,12.6,12.7,11.8,11.8,,,14.18,
underway_1200.29935894,29935894,200809020,2008-12-16T03:00:00,20081216030000,MULTIPOINT ((-53.0139 73.3767)),73.3767,-53.0139,150.3,,2.07092285,,0.5,,,,,,,996.54,,,30.7359458,,,8.118,0.8446,4.297,,,,29.74982,-0.01977304,-0.02977578,204.86549907,173.5150989,,175.79442,183.39802,1.400938,1.334859,NaN,825.6758,89.8,86,,,33.93170883,,0.9,1,29.07369,0.9817441,0.7359606,,,2.94147229,,74,69.5,87,81.2,11,11.2,10.2,10.3,,,0,
underway_1200.29936014,29936014,200809020,2008-12-16T03:20:00,20081216032000,MULTIPOINT ((-53.0142 73.3773)),73.3773,-53.0142,64,,357.6159668,,0.3,,,,,,,996.15,,,30.72939464,,,8.126,0.8446,,,,,13.86071,-0.00329556,-0.01323368,187.05244883,173.5150989,,169.0331,177.9798,1.334236,1.234745,NaN,825.6758,92.9,89.8,,,33.92855185,,0.5,0.6,NaN,0.9830288,0.7400712,,,2.93688276,,69,69.5,80,81,10.8,10.9,10.1,10.1,,,13.82,
underway_1200.29936134,29936134,200809020,2008-12-16T03:40:00,20081216034000,MULTIPOINT ((-53.0133 73.3764)),73.3764,-53.0133,176.3,,0.25817871,,0.6,,,,,,,995.97,,,30.72830206,,,8.131,0.8118,,,,,NaN,-0.01647784,-0.01323368,169.23790319,155.25037037,,152.80592,160.72178,1.200812,1.13463,NaN,827.0271,93.2,91.2,,,33.9204344,,0.7,0.6,13.52265,0.9827583,0.7405382,,,2.943308,,74,72,92,89.3,11,11.2,10.7,10.7,,,0,
underway_1200.29936254,29936254,200809020,2008-12-16T04:00:00,20081216040000,MULTIPOINT ((-53.0137 73.3767)),73.3767,-53.0137,143.3,,359.26391602,,0.7,,,,,,,995.63,,,30.72939464,,,8.102,0.7462,4.296,,,,NaN,-0.0098867,-0.01985052,222.68148671,210.04461068,,204.192,213.8446,1.601083,1.535088,NaN,827.0271,93.1,91.5,,,33.92855185,,1,0.7,NaN,0.981947,0.7395233,,,2.93688276,,94,92,108,105.9,12.3,12.3,11.2,11,,,13.29,
underway_1200.29936374,29936374,200809020,2008-12-16T04:20:00,20081216042000,MULTIPOINT ((-53.0145 73.378)),73.378,-53.0145,11.9,,357.44018555,,0.2,,,,,,,995.28,,,30.70755717,,,8.127,0.7954,4.293,,,,NaN,-0.0098867,-0.01323368,258.31052458,246.57409511,,232.5896,242.9494,1.834574,1.735317,NaN,827.0271,92.2,92.4,,,33.91446975,,0.9,0.3,13.18458,0.9808652,0.740894,,,2.92494844,,122,123,124,125.5,7,6.9,8.1,8,,,13.82,
underway_1200.29936494,29936494,200809020,2008-12-16T04:40:00,20081216044000,MULTIPOINT ((-53.0145 73.3781)),73.3781,-53.0145,322.8,,358.84643555,,0.1,,,,,,,995.51,,,30.71192462,,,8.072,0.7216,4.294,,,,14.19878,-0.00329557,-0.00992526,311.75394787,283.10357953,,273.1574,276.7786,2.134778,2.002289,NaN,826.0136,91.8,93.2,,,33.91689905,,0.7,0.2,NaN,0.9770112,0.740738,,,2.92770272,,54,54.4,61,60.5,3.7,3.8,3.5,3.5,,,13.82,
underway_1200.29936614,29936614,200809020,2008-12-16T05:00:00,20081216050000,MULTIPOINT ((-53.014 73.3783)),73.3783,-53.014,354.7,,358.83544922,,0,,,,,,,995.25,,,30.71301563,,,8.113,0.7954,4.29,,,,NaN,-0.00659094,0,347.37214404,319.63309132,,269.1006,282.1624,2.168065,1.935546,NaN,828.0406,94,93.8,,,33.90854312,,0.3,0.2,13.52265,0.9725487,0.7416066,,,2.93688276,,6,7.1,350,350.8,1.1,1.1,0.7,0.7,,,14.13,
underway_1200.29936734,29936734,200809020,2008-12-16T05:20:00,20081216052000,MULTIPOINT ((-53.0135 73.3778)),73.3778,-53.0135,214.6,,359.19250488,,0.4,,,,,,,994.89,,,30.71083195,,,8.131,0.7216,4.293,,,,NaN,0.00329527,0.00661684,400.77820886,374.427359,,354.2934,368.7708,2.701502,2.302633,NaN,828.3785,93.5,93.5,,,33.90781284,,0.5,0.7,31.10209,0.9752532,0.7378801,,,2.93504686,,23,22.7,21,20.4,6.5,6.9,6.2,6.6,,,0,
underway_1200.29936854,29936854,200809020,2008-12-16T05:40:00,20081216054000,MULTIPOINT ((-53.0125 73.3768)),73.3768,-53.0125,208,,359.54956055,,0.4,,,,,,,994.64,,,30.73157759,,,8.132,0.6478,4.291,,,,NaN,0,0,489.82116243,456.61862369,,431.3718,439.146,3.668565,3.403892,NaN,827.0271,94.3,93.5,,,33.92152882,,0.7,0.4,NaN,0.9755898,0.7351804,,,2.94606148,,61,48.1,55,43.9,1.3,1.5,1.3,1.6,,,16.11,
underway_1200.29936974,29936974,200809020,2008-12-16T06:00:00,20081216060000,MULTIPOINT ((-53.0117 73.378)),73.378,-53.0117,4.3,,0.08789062,,0.2,,,,,,,994.75,,,30.73922041,,,,0.8446,4.29,,,,NaN,0.0032949,0.01323368,525.42253527,484.01589436,,463.4838,463.5228,3.935204,3.537378,NaN,827.0271,93.8,94.3,,,33.92311337,,0.3,1.2,13.5225,0.9744992,0.729321,,,2.9534035,,197,197,188,188,4.3,4.1,4.3,4.1,,,17.83,
underway_1200.29937094,29937094,200809020,2008-12-16T06:20:00,20081216062000,MULTIPOINT ((-53.0121 73.3792)),73.3792,-53.0121,352.4,,358.46740723,,0.2,,,,,,,994.57,,,30.7392206,,,8.134,0.7052,4.29,,,,NaN,-0.00329456,-0.02646736,525.35791232,474.88337959,,460.108,470.2466,3.968064,3.604121,NaN,827.0271,94.6,90.3,,,33.92505074,,0.3,1.9,NaN,0.9735628,0.7250591,,,2.95156808,,223,224.9,226,228.1,13.5,13.4,8.9,8.8,,,17.41,
underway_1200.29937214,29937214,200809020,2008-12-16T06:40:00,20081216064000,MULTIPOINT ((-53.0129 73.3781)),73.3781,-53.0129,295.2,,183.44970703,,0.9,,,,,,,994.6,,,30.73922142,,,8.099,0.656,4.289,,,,14.19873,-0.00329447,-0.0165421,632.20475676,593.60415607,,561.1878,583.9214,4.86834,4.538522,NaN,827.0271,91.7,90.4,,,33.93377171,,1.6,0.8,NaN,0.9764667,0.7318301,,,2.943308,,7,183.1,6,182.5,10.5,9.6,10.1,9.2,,,15.15,
underway_1200.29937334,29937334,200809020,2008-12-16T07:00:00,20081216070000,MULTIPOINT ((-53.0125 73.3781)),73.3781,-53.0125,164.7,,179.27490234,,0.6,,,,,,,994.42,,,30.73266971,,,8.112,0.5576,4.295,,,,NaN,0.00988341,-0.00330842,676.72623355,621.00142674,,584.1586,598.7956,5.235132,4.805494,NaN,827.0271,89.9,88.2,,,33.92480024,,1.1,1.1,13.52219,0.9771132,0.7293804,,,2.94422584,,358,179.1,355,175.4,5.3,4.7,4.9,4.3,,,15.85,
underway_1200.29937454,29937454,200809020,2008-12-16T07:20:00,20081216072000,MULTIPOINT ((-53.014 73.3783)),73.3783,-53.014,1.9,,181.06018066,,0.4,,,,,,,994.53,,,30.7359457,,,8.114,0.7298,4.291,,,,NaN,0.02965023,0.00992526,1059.61082711,995.42878574,,897.174,938.439,8.269508,7.708813,NaN,826.0136,89.3,91.2,,,33.93073961,,2.4,0.4,29.74804,0.9765471,0.733498,,,2.94239015,,334,150.6,332,150.1,4.3,3.9,7.6,7.3,,,0,
underway_1200.29937574,29937574,200809020,2008-12-16T07:40:00,20081216074000,MULTIPOINT ((-53.0129 73.3789)),73.3789,-53.0129,176.9,,179.09362793,,0.6,,,,,,,994.33,,,30.74795389,,,8.097,0.3936,4.295,,,,14.19648,0.02306129,0.01323368,1219.88803673,1150.67907401,,1039.7234,1071.0422,9.903402,9.010301,NaN,825.6758,82.8,86.8,,,33.91247763,,3.1,1.2,NaN,0.9992972,0.7242221,,,2.97358969,,326,139.4,324,140.8,2.9,2.4,5.1,4.6,,,15.33,
underway_1200.29937694,29937694,200809020,2008-12-16T08:00:00,20081216080000,MULTIPOINT ((-53.0139 73.3778)),73.3778,-53.0139,359.7,,179.296875,,0.5,,,,,,,994.54,,,30.73703737,,,8.118,0.5002,,,,,14.19516,-0.04941706,-0.02977542,1157.55812945,1050.2140227,,988.9296,989.8514,9.46992,8.342801,NaN,824.3244,79.6,87.3,,,33.92916595,,2.2,1.1,NaN,0.9993394,0.72341,,,2.94514367,,4,184,3,183.5,14.1,13.6,14.3,13.8,,,13.5,
underway_1200.29937814,29937814,200809020,2008-12-16T08:20:00,20081216082000,MULTIPOINT ((-53.0152 73.3782)),73.3782,-53.0152,114,,179.70336914,,0.4,,,,,,,994.66,,,30.7348534,,,8.094,0.492,4.297,,,,14.19402,-0.01976682,-0.04962273,1077.4192576,995.31467035,,919.2318,941.1368,8.736335,7.808033,NaN,825.0001,79.6,85.5,,,33.92552966,,3.1,1.1,NaN,0.999394,0.7223276,,,2.94606148,,334,150.2,327,145.1,3.9,3.5,9.5,9.1,,,13.82,
underway_1200.29937934,29937934,200809020,2008-12-16T08:40:00,20081216084000,MULTIPOINT ((-53.0125 73.3785)),73.3785,-53.0125,2.7,,179.39025879,,1,,,,,,,994.72,,,30.76760652,,,8.121,0.3444,,,,,14.19399,-0.02965023,-0.04300429,1006.18500156,940.52806509,,849.2738,885.6564,7.93606,7.274161,NaN,824.3244,78.1,85.2,,,33.91227346,,3.2,1.2,NaN,0.9997299,0.7177268,,,2.99652075,,324,138.7,313,128.3,6.2,5.4,8.6,7.9,,,16.46,
underway_1200.29938054,29938054,200809020,2008-12-16T09:00:00,20081216090000,MULTIPOINT ((-53.0125 73.3783)),73.3783,-53.0125,210,,178.97277832,,0.1,,,,,,,994.63,,,30.75450589,,,8.136,0.8118,,,,,14.19399,-0.04941706,-0.04300193,801.38631515,739.560745,,674.8904,707.0366,6.4022,5.80537,NaN,824.3244,77,83.9,,,33.92434523,,3.4,2,NaN,0.9996623,0.7094723,,,2.96991995,,355,175.9,351,171.8,4.5,4.4,5.1,5,,,16.31,
underway_1200.29938174,29938174,200809020,2008-12-16T09:20:00,20081216092000,MULTIPOINT ((-53.0143 73.3777)),73.3777,-53.0143,352.1,,181.86218262,,1,,,,,,,994.62,,,30.78289325,,,8.118,0.4592,,,,,14.19399,-0.07577282,-0.05292225,676.72623355,629.97686182,,575.8704,601.474,5.468545,4.937749,NaN,824.3244,73.2,79.2,,,33.92608177,,2.4,3.2,NaN,0.9997975,0.6947058,,,3.00110597,,32,215.9,30,215.8,5.4,4.6,4.5,3.7,,,13.32,
underway_1200.29938294,29938294,200809020,2008-12-16T09:40:00,20081216094000,MULTIPOINT ((-53.0128 73.3754)),73.3754,-53.0128,105.8,,180.93933105,,0.5,,,,,,,995.07,,,30.84512965,,,,0.5576,4.291,,,,14.19314,-0.056006,-0.07276263,311.65033752,273.88294688,,276.0904,276.684,2.400825,2.068365,NaN,825.6758,78.1,70.5,,,33.95263318,,1.5,3.7,13.51728,0.9996705,0.7031423,,,3.04785634,,23,204.3,23,205.6,5.1,4.6,3.8,3.3,,,14.71,
underway_1200.29938414,29938414,200809020,2008-12-16T10:00:00,20081216100000,MULTIPOINT ((-53.008 73.3784)),73.3784,-53.008,74.1,,179.95056152,,0.3,,,,,,,995.24,,,30.88879976,,,8.135,0.3444,4.297,,,,NaN,-0.04941468,-0.06614717,578.75623306,529.51536807,,490.6828,503.9724,4.468026,4.070074,NaN,825.6758,73.3,76.9,,,33.91991538,,2.9,1.7,13.51743,0.9995465,0.7195642,,,3.12935808,,313,127.5,314,129.6,3.1,2.8,3.9,3.6,,,24.5,
underway_1200.29938534,29938534,200809020,2008-12-16T10:20:00,20081216102000,MULTIPOINT ((-53.0101 73.3791)),73.3791,-53.0101,263.1,,191.65649414,,0.8,,,,,,,994.55,,,30.8571338,,,8.128,0.3444,,,,,30.41441,-0.06918157,-0.06614655,845.89043453,794.25239093,,720.4836,744.123,7.002262,6.405194,NaN,825.6758,70.2,71.8,,,33.89009396,,2.5,2.5,30.41441,0.9997554,0.7161169,,,3.12112108,,191,360,180,349.6,18.6,19.4,18.6,19.4,,,21.21,
underway_1200.29938654,29938654,200809020,2008-12-16T10:40:00,20081216104000,MULTIPOINT ((-53.0097 73.3777)),73.3777,-53.0097,88.5,,179.4342041,,0.6,,,,,,,994.85,,,30.86914752,,,8.125,0.287,4.3,,,,NaN,-0.08894992,-0.09921958,1095.22501773,1068.13178025,,932.742,1007.3094,9.269825,8.807137,NaN,825.6758,68.8,69.3,,,33.92781639,,2.5,2.4,NaN,0.9997912,0.7105962,,,3.09915052,,201,19.6,199,17.4,16.6,17.2,15.9,16.5,,,21.43,
underway_1200.29938774,29938774,200809020,2008-12-16T11:00:00,20081216110000,MULTIPOINT ((-53.0073 73.3799)),73.3799,-53.0073,182.2,,178.07739258,,0.7,,,,,,,995.87,,,30.90735953,,,8.092,0.3936,4.299,,,,NaN,-0.04282808,-0.09261469,934.95021144,903.91043543,,715.1062,855.8808,8.002746,7.340147,NaN,825.6758,70.4,68.7,,,33.9049376,,2.8,3.1,NaN,0.9997293,0.6979656,,,3.16503945,,246,61.2,257,71,5.3,5.6,4.8,5,,,26.04,
underway_1200.29938894,29938894,200809020,2008-12-16T11:20:00,20081216112000,MULTIPOINT ((-53.0084 73.3778)),73.3778,-53.0084,160.9,,182.02697754,,0.2,,,,,,,994.35,,,30.90845572,,,8.106,0.3116,4.305,,,,NaN,-0.1350732,-0.1587649,774.67326885,739.53173725,,676.5796,705.6832,6.668955,6.205497,NaN,825.6758,65.7,66.7,,,33.95054992,,2.2,2,13.51808,0.9997293,0.7163734,,,3.12295162,,227,43.2,229,44.9,25.8,25.9,24,24.1,,,22.92,
underway_1200.29939014,29939014,200809020,2008-12-16T11:40:00,20081216114000,MULTIPOINT ((-52.9983 73.3797)),73.3797,-52.9983,31.5,,30.60791016,,9.3,,,,,,,994.96,,,30.86150649,,,8.102,0.4428,4.304,,,,21.62922,-0.1021285,-0.1720169,1166.46167711,602.67920266,,971.2868,566.3058,10.2035,5.005244,NaN,828.0406,63.7,65.1,,,33.94649596,,3.1,2.1,13.51826,0.9997428,0.7205005,,,3.07259263,,205,171.3,204,168.9,26.7,17.4,25.9,16.6,,,47.88,
underway_1200.29939134,29939134,200809020,2008-12-16T12:00:00,20081216120000,MULTIPOINT ((-52.9799 73.4189)),73.4189,-52.9799,93.1,,91.24145508,,5.7,,,,,,,995.3,,,30.73703847,,,8.135,0.5084,4.297,,,,NaN,-0.2141404,-0.1885762,543.16153615,493.14567256,,462.392,464.8172,4.734958,4.138043,NaN,827.0271,65.2,65.9,,,33.94079882,,2.3,2.7,30.08252,0.999889,0.7131257,,,2.93412889,,23,306.7,25,307.8,17.6,20.1,19,21.7,,,108.94,
underway_1200.29939254,29939254,200809020,2008-12-16T12:20:00,20081216122000,MULTIPOINT ((-52.9829 73.473)),73.473,-52.9829,91,,87.72583008,,5.6,,,,,,,996.19,,,30.69555308,,,8.116,0.5084,4.296,,,,14.19624,-0.1383677,-0.1554956,489.73597763,429.22162668,,416.423,410.69,4.068063,3.604121,NaN,827.0271,60.1,60.6,,,33.97553755,,2.3,3.1,NaN,0.9998885,0.7125844,,,2.85329541,,302,232,306,238.3,13.1,8.7,13.1,9.1,,,105.62,
underway_1200.29939374,29939374,200809020,2008-12-16T12:40:00,20081216124000,MULTIPOINT ((-52.9861 73.5321)),73.5321,-52.9861,96,,91.59851074,,6.5,,,,,,,996.52,,,30.63659426,,,8.099,0.6396,4.295,,,,NaN,-0.08895065,-0.1058694,293.84163999,255.70647305,,251.4652,253.7212,2.467513,2.135775,NaN,827.0271,64.1,64.6,,,33.95781641,,2.2,2.5,13.51964,0.9999122,0.7125168,,,2.8018023,,339,321.7,344,320.1,4.6,6,4.9,6.5,,,99.62,
underway_1200.29939494,29939494,200809020,2008-12-16T13:00:00,20081216130000,MULTIPOINT ((-52.9952 73.5885)),73.5885,-52.9952,112.6,,109.75891113,,5.9,,,,,,,995.02,,,30.62130867,,,8.14,0.5002,4.303,,,,29.74089,-0.1844902,-0.205122,391.78867529,392.69211489,,331.2054,379.5668,3.467857,3.470634,NaN,827.0271,64,63.4,,,33.95271141,,2,2,29.40292,0.999767,0.7201622,,,2.7889225,,141,27.8,139,25.5,37.3,42.6,35.4,40.8,,,55.25,
underway_1200.29939614,29939614,200809020,2008-12-16T13:20:00,20081216132000,MULTIPOINT ((-53.012 73.6392)),73.6392,-53.012,124.7,,124.69482422,,7,,,,,,,995.93,,,30.61366507,,,,0.5494,4.302,,,,14.19604,-0.1943736,-0.2117388,258.22437844,374.427359,,286.6248,360.6272,2.334134,3.403892,NaN,828.3785,62.2,62.2,,,33.94138665,,1.8,1.8,NaN,0.9998068,0.7266674,,,2.79076263,,162,30.6,161,29.9,34.5,40.4,32.5,38.4,,,75.77,
underway_1200.29939734,29939734,200809020,2008-12-16T13:40:00,20081216134000,MULTIPOINT ((-53.0384 73.689)),73.689,-53.0384,137.2,,139.4329834,,6.4,,,,,,,997.87,,,30.62895091,,,8.106,0.533,,,,,21.29792,-0.2108482,-0.2348978,276.04041949,447.48638257,,386.7432,412.3824,4.501666,2.269261,NaN,829.0541,66.2,65.7,,,33.94941772,,1.9,2,13.52249,0.9999204,0.7242233,,,2.8008824,,180,32.6,181,33.2,26.5,31.5,24.7,29.6,,,71.57,
underway_1200.29939854,29939854,200809020,2008-12-16T14:00:00,20081216140000,MULTIPOINT ((-53.0504 73.743)),73.743,-53.0504,90.5,,88.23669434,,7.6,,,,,,,998.74,,,30.62131023,,,8.071,0.7462,,,,,13.86071,-0.1614598,-0.1852715,133.59527314,118.72085858,,124.40834,126.5349,1.20069,1.067888,NaN,828.3785,72.2,70.8,,,33.96928999,,1.9,2,NaN,0.9998644,0.7278125,,,2.77327922,,178,72.6,194,88.2,24.2,25.7,25.2,24.6,,,66.15,
underway_1200.29939974,29939974,200809020,2008-12-16T14:20:00,20081216142000,MULTIPOINT ((-53.0499 73.8147)),73.8147,-53.0499,89.6,,91.73583984,,6.4,,,,,,,999.07,,,30.6300432,,,8.093,0.8364,4.3,,,,NaN,-0.2043167,-0.2315894,89.07115268,82.19137416,,80.79782,85.93906,0.733818,0.7341727,NaN,828.3785,67.8,68.3,,,33.95465431,,1.8,1.8,NaN,0.9997969,0.7297376,,,2.79720267,,174,69.8,187,81.5,28.4,29.8,27.1,27.1,,,61.14,
underway_1200.29940094,29940094,200809020,2008-12-16T14:40:00,20081216144000,MULTIPOINT ((-53.047 73.8748)),73.8748,-53.047,37.4,,12.68920898,,7,,,,,,,999.73,,,30.63986828,,,8.099,0.7626,4.305,,,,29.74982,-0.07909343,-0.102561,71.25804904,45.66186237,,51.38606,47.37168,0.6671178,0.4672008,21.6106,829.7298,71.6,71,,,33.94332699,,1.9,1.6,28.73562,0.9997293,0.7318247,,,2.81927786,,183,151.3,171,148,14.5,9.4,23.5,19.2,,,45.92,
underway_1200.29940214,29940214,200809020,2008-12-16T15:00:00,20081216150000,MULTIPOINT ((-53.0126 73.8664)),73.8664,-53.0126,359.4,,350.84289551,,7.2,,,,,,,1000.22,,,30.64205066,,,8.111,0.7708,4.307,,,,14.19878,-0.1384138,-0.1753462,35.62903787,18.26474768,,31.10208,30.4548,0.3002031,0.3670863,NaN,829.392,66.8,62.3,,,33.93043406,,1.7,2.6,NaN,0.9997293,0.7255012,,,2.83399039,,174,183.4,174,183,25.8,18.6,25.8,18.6,,,73.73,
underway_1200.29940334,29940334,200809020,2008-12-16T15:20:00,20081216152000,MULTIPOINT ((-52.983 73.8485)),73.8485,-52.983,258.1,,250.55969238,,7.3,,,,,,,1000.04,,,30.63550096,,,8.136,0.9102,,,,,14.19878,-0.2768276,-0.3043746,17.81451894,0,,14.874912,15.56633,0.1334236,0.1001144,NaN,828.3785,69,70.2,,,33.94186761,,1.6,1.7,13.52265,0.9997293,0.732971,,,2.8155992,,167,290.9,173,295.4,28.1,28.9,30.4,31.8,,,97.74,
underway_1200.29940454,29940454,200809020,2008-12-16T15:40:00,20081216154000,MULTIPOINT ((-52.9835 73.7836)),73.7836,-52.9835,268.8,,266.98974609,,6.9,,,,,,,1000.88,,,30.61148188,,,8.154,1.0332,4.289,,,,14.19878,-0.2867122,-0.3176083,0,-9.13237247,,6.085192,5.414442,0,0.03337148,NaN,828.3785,70.2,68.9,,,33.94552923,,1.6,1.9,NaN,0.9997293,0.7333186,,,2.78432193,,157,264.4,169,275.4,27.1,25.3,28.7,28.2,,,104.25,
underway_1200.29940574,29940574,200809020,2008-12-16T16:00:00,20081216160000,MULTIPOINT ((-52.9833 73.7193)),73.7193,-52.9833,269.5,,266.92382812,,7,,,,,,,1000.98,,,30.59619718,,,8.119,1.1972,4.295,,,,NaN,-0.2834187,-0.3209167,0,-9.13237247,,2.028396,2.707274,-0.0333559,-0.03337148,NaN,828.3785,68.4,67.8,,,33.94919581,,1.6,1.9,13.18458,0.9997293,0.7328592,,,2.76315504,,164,272,174,282,27.8,26.9,27.6,28,,,108.88,
underway_1200.29940694,29940694,200809020,2008-12-16T16:20:00,20081216162000,MULTIPOINT ((-52.9896 73.6663)),73.6663,-52.9896,161,,156.35192871,,6.5,,,,,,,1001.24,,,30.60602248,,,8.123,1.23,4.305,,,,NaN,-0.2735321,-0.3043746,0,-9.13237247,,2.028396,1.3536374,-0.0333559,-0.03337148,NaN,827.0271,61.9,60.9,,,33.94078048,,1.8,1.8,NaN,0.9998644,0.7336038,,,2.78248161,,154,359.4,142,350.7,16.8,23.4,17.1,23.4,,,102.76,
underway_1200.29940814,29940814,200809020,2008-12-16T16:40:00,20081216164000,MULTIPOINT ((-53.0186 73.6814)),73.6814,-53.0186,73.3,,67.16491699,,7,,,,,,,1000.85,,,30.63222557,,,8.093,1.4022,4.303,,,,NaN,-0.09886702,-0.1091778,0,-9.13237247,,2.028396,1.3536374,-0.0333559,-0.03337148,NaN,828.3785,66.7,66.2,,,33.94174659,,2.1,2.1,NaN,0.9997969,0.7319795,,,2.81192032,,159,78.2,181,100.6,28.8,30.2,30.9,29.6,,,79.48,
underway_1200.29940934,29940934,200809020,2008-12-16T17:00:00,20081216170000,MULTIPOINT ((-53.0166 73.749)),73.749,-53.0166,90.7,,90.45043945,,7.5,,,,,,,1001.43,,,30.64751127,,,,1.3694,4.307,,,,NaN,-0.2669389,-0.2977578,0,-9.13237247,,2.028396,1.3536374,-0.03335579,-0.03337148,NaN,828.3785,74,73.6,,,33.94782724,,2,1.9,28.73562,0.9995265,0.7305581,,,2.82387589,,180,72.9,194,87.5,25.5,26.7,26.3,25.6,,,84.24,
underway_1200.29941054,29941054,200809020,2008-12-16T17:20:00,20081216172000,MULTIPOINT ((-53.0167 73.8189)),73.8189,-53.0167,90.8,,88.60473633,,7.6,,,,,,,1002.25,,,30.62239867,,,8.09,1.0988,4.301,,,,NaN,-0.2405742,-0.267982,0,-9.13237247,,2.028396,1.3536374,-0.03335575,-0.03337148,NaN,829.0541,70.5,70.6,,,33.93359362,,1.9,2.1,NaN,0.999594,0.7323178,,,2.80824123,,182,74.9,199,91.6,22.5,23.6,23.3,22.1,,,78.87,
underway_1200.29941174,29941174,200809020,2008-12-16T17:40:00,20081216174000,MULTIPOINT ((-53.0255 73.8504)),73.8504,-53.0255,319.1,,315.23071289,,5.1,,,,,,,1002.86,,,30.62458214,,,8.096,1.1152,,,,,13.86071,-0.06591132,-0.06947681,0,-9.13237247,,2.028396,1.3536374,0,-0.03337148,NaN,829.392,71.6,72.6,,,33.93237687,,1.8,2,13.52265,0.9995265,0.7313703,,,2.81192032,,192,245.5,224,285.6,25.4,22.3,17,17.1,,,82.31,
underway_1200.29941294,29941294,200809020,2008-12-16T18:00:00,20081216180000,MULTIPOINT ((-53.0248 73.8076)),73.8076,-53.0248,272.2,,267.11608887,,6.8,,,,,,,1002.52,,,30.61366525,,,8.125,1.0578,4.295,,,,14.19878,-0.06920691,-0.08271049,0,-9.13237247,,2.028396,1.3536374,0.0333559,0.03337148,NaN,827.0271,79.9,79.3,,,33.94333544,,0.9,1,NaN,0.9994588,0.7347545,,,2.7889225,,165,274.1,176,284.9,26.9,25.8,26.8,27,,,77.49,
underway_1200.29941414,29941414,200809020,2008-12-16T18:20:00,20081216182000,MULTIPOINT ((-53.0252 73.7445)),73.7445,-53.0252,267.9,,268.58825684,,6.6,,,,,,,1002.7,,,30.63222603,,,8.142,1.2218,,,,,14.1989,-0.243872,-0.2745988,0,-9.13237247,,2.028416,1.3536374,-0.0333559,-0.03337148,NaN,827.0271,70.9,72.3,,,33.94661565,,1.6,1.7,13.1847,0.9994,0.7351606,,,2.80732142,,181,284.8,187,289.1,27,28,29.5,31.1,,,77.64,
underway_1200.29941534,29941534,200809020,2008-12-16T18:40:00,20081216184000,MULTIPOINT ((-53.0249 73.6824)),73.6824,-53.0249,269,,268.64318848,,6.7,,,,,,,1002.66,,,30.60602267,,,8.102,1.2628,4.303,,,,14.1991,-0.2372808,-0.2580567,0,-9.13237247,,2.028444,1.3536374,-0.0333559,-0.03337148,NaN,827.0271,68.6,68.9,,,33.94272976,,1.7,1.9,NaN,0.9994817,0.7334008,,,2.78064124,,185,292.6,191,296.9,22.9,24.6,24.8,27.1,,,78.23,
underway_1200.29941654,29941654,200809020,2008-12-16T19:00:00,20081216190000,MULTIPOINT ((-53.0335 73.7225)),73.7225,-53.0335,89.8,,84.11682129,,7.7,,,,,,,1003.46,,,30.61803219,,,8.041,1.2218,4.3,,,,13.86135,-0.296601,-0.330842,0,-9.13237247,,2.02849,1.3536374,-0.0333559,-0.03337148,NaN,828.3785,68.4,69.2,,,33.9408981,,1.7,1.7,13.18518,0.9996397,0.7340776,,,2.79628271,,177,72.1,192,86.7,20.1,21.8,20.9,20.7,,,72.19,
underway_1200.29941774,29941774,200809020,2008-12-16T19:20:00,20081216192000,MULTIPOINT ((-53.0332 73.8039)),73.8039,-53.0332,89.9,,91.76879883,,9.9,,,,,,,1003.69,,,30.62785844,,,8.051,1.394,4.31,,,,NaN,-0.2768276,-0.3142998,0,-9.13237247,,2.028536,1.3536374,-0.0333559,-0.03337148,NaN,828.3785,69.4,70.1,,,33.94223454,,1.8,1.8,NaN,0.9995948,0.73313,,,2.8064016,,192,72.8,204,86.1,21.1,21.4,22.6,20.6,,,75.15,
underway_1200.29941894,29941894,200809020,2008-12-16T19:40:00,20081216194000,MULTIPOINT ((-53.0417 73.849)),73.849,-53.0417,261.1,,255.39367676,,7.5,,,,,,,1003.72,,,30.62458269,,,8.098,1.3612,4.338,,,,NaN,-0.296601,-0.330842,0,-9.13237247,,2.028622,1.3536374,-0.0333559,-0.03337148,NaN,829.392,69.7,70.9,,,33.93821829,,1.6,1.6,NaN,0.9996377,0.7352959,,,2.8064016,,190,309.3,191,309.4,22.5,25.8,24,27.4,,,64.43,
underway_1200.29942014,29942014,200809020,2008-12-16T20:00:00,20081216200000,MULTIPOINT ((-53.0417 73.7594)),73.7594,-53.0417,269.5,,268.00598145,,10.5,,,,,,,1003.77,,,30.62021621,,,8.099,1.2136,4.303,,,,NaN,-0.3031922,-0.330842,0,-9.13237247,,2.028642,1.3536374,-0.0333559,-0.03337148,NaN,827.0271,65.8,67,,,33.94552491,,1.5,1.5,29.4153,0.9996468,0.737191,,,2.79444273,,185,302.5,189,304.2,20.7,24.2,22,26,,,71.54,
underway_1200.29942134,29942134,200809020,2008-12-16T20:20:00,20081216202000,MULTIPOINT ((-53.0268 73.6737)),73.6737,-53.0268,308.2,,309.7869873,,9.8,,,,,,,1004.33,,,30.58964186,,,8.081,1.0988,4.306,,,,NaN,-0.3031922,-0.330842,0,-9.13237247,,2.028698,1.3536374,-0.0333559,-0.03337148,NaN,825.6758,47.4,49.8,,,33.90024577,,2.1,2.3,NaN,1.000013,0.7347545,,,2.8018023,,161,332,165,328.7,5.4,5.9,5.6,6.2,,,68.13,
underway_1200.29942254,29942254,200809020,2008-12-16T20:40:00,20081216204000,MULTIPOINT ((-52.9938 73.5931)),73.5931,-52.9938,300,,294.64233398,,10,,,,,,,1004.16,,,30.6136648,,,,0.943,,,,,NaN,-0.3031899,-0.3374588,0,-9.13237247,,2.028558,1.3536374,-0.03335579,-0.03337148,NaN,827.0271,66.6,65,,,33.93846391,,2,1.8,13.52372,0.999741,0.7328593,,,2.79352273,,77,114.4,74,116.1,19.9,14.2,23.7,18.2,,,58.27,
underway_1200.29942374,29942374,200809020,2008-12-16T21:00:00,20081216210000,MULTIPOINT ((-52.982 73.5103)),73.5103,-52.982,275,,271.71386719,,8.3,,,,,,,1005.39,,,30.66061123,,,8.08,0.9676,4.302,,,,14.19902,-0.2175064,-0.244823,0,-9.13237247,,2.02843,1.3536374,-0.0667117,-0.03337148,NaN,827.7028,64,66.4,,,33.93080538,,2,1.7,NaN,0.9996106,0.7366495,,,2.85513368,,113,356,126,346.8,3.1,5.4,3.5,5.5,,,101.87,
underway_1200.29942494,29942494,200809020,2008-12-16T21:20:00,20081216212000,MULTIPOINT ((-52.9781 73.4327)),73.4327,-52.9781,272.8,,269.09912109,,7.3,,,,,,,1005.04,,,30.6846304,,,8.079,1.0742,4.296,,,,13.86072,-0.07579805,-0.08271049,0,-9.13237247,,2.028398,1.3536374,0,-0.03337148,NaN,827.0271,71.2,71.4,,,33.92620601,,1.5,1.5,13.52266,0.9996623,0.7334008,,,2.88729475,,199,309.3,201,309.6,17.7,20.9,19.1,22.4,,,108.83,
underway_1200.29942614,29942614,200809020,2008-12-16T21:40:00,20081216214000,MULTIPOINT ((-52.9796 73.396)),73.396,-52.9796,252.6,,236.96960449,,3.7,,,,,,,1005.16,,,30.64860127,,,8.106,1.0332,4.303,,,,14.19878,-0.2735321,-0.3043746,0,-9.13237247,,2.028398,1.3536374,-0.0333559,-0.03337148,NaN,826.0136,70.5,71.1,,,33.92873455,,1.6,1.6,NaN,0.9995945,0.7344837,,,2.84318399,,212,342.9,206,336.9,22.1,25,23.2,25.9,,,101.31,
underway_1200.29942734,29942734,200809020,2008-12-16T22:00:00,20081216220000,MULTIPOINT ((-52.9842 73.3935)),73.3935,-52.9842,288.2,,265.95153809,,2.5,,,,,,,1005.4,,,30.65405988,,,8.078,1.0988,4.304,,,,13.86072,-0.2867143,-0.3176083,0,-9.13237247,,2.028398,2.707274,-0.0333559,-0.03337148,NaN,826.0136,69.8,71.2,,,33.92472751,,1.6,1.6,13.52265,0.9995945,0.7353635,,,2.85329541,,209,308.4,209,308.1,25.7,27.2,27.4,28.9,,,91,
underway_1200.29942854,29942854,200809020,2008-12-16T22:20:00,20081216222000,MULTIPOINT ((-52.9922 73.3874)),73.3874,-52.9922,198.4,,218.52905273,,1.4,,,,,,,1005.75,,,30.66607095,,,8.054,1.1808,4.305,,,,14.19878,-0.2900099,-0.3209167,0,-9.13237247,,4.732928,5.41455,0.0333559,0,NaN,826.6893,69.9,71,,,33.93846233,,1.5,1.5,NaN,0.9995945,0.7369202,,,2.85421455,,212,354.1,204,346.1,25,26.4,25.2,26.6,,,65.08,
underway_1200.29942974,29942974,200809020,2008-12-16T22:40:00,20081216224000,MULTIPOINT ((-53.0024 73.383)),73.383,-53.0024,204.8,,214.31030273,,2,,,,,,,1006.01,,,30.65951913,,,8.043,1.0004,,,,,NaN,-0.2834188,-0.3142998,17.81451894,0,,13.524104,14.213192,0.0667118,0.1001144,NaN,827.0271,69.3,69.2,,,33.92752469,,1.5,1.5,13.186,0.9997018,0.7369202,,,2.85697189,,218,2.7,209,354.4,22.5,24.4,22.5,24.4,,,40.18,
underway_1200.29943094,29943094,200809020,2008-12-16T23:00:00,20081216230000,MULTIPOINT ((-53.0096 73.3807)),73.3807,-53.0096,98,,165.87158203,,0.9,,,,,,,1006.21,,,30.71847621,,,8.082,0.8856,,,,,NaN,-0.2306897,-0.2514399,35.62903787,18.26474768,,27.38694,27.74956,0.1667795,0.1668574,NaN,827.0271,67.4,68,,,33.9249046,,1.6,1.6,30.09183,0.9997249,0.7363788,,,2.92770272,,209,43.4,211,45.3,23.1,23.7,21.5,22.1,,,23.03,
underway_1200.29943214,29943214,200809020,2008-12-16T23:20:00,20081216232000,MULTIPOINT ((-53.0058 73.3822)),73.3822,-53.0058,347.7,,83.54003906,,0.9,,,,,,,1006.72,,,30.70319027,,,8.07,0.7626,4.31,,,,NaN,-0.2109163,-0.244823,89.07259468,63.92661826,,68.9771,69.71232,0.6004061,0.6006867,NaN,827.0271,71.1,70.9,,,33.91785697,,2,1.7,NaN,0.9997622,0.7337392,,,2.91668491,,235,150.9,234,150.4,14.2,13.5,22.2,21.5,,,,
underway_1200.29943334,29943334,200809020,2008-12-16T23:40:00,20081216234000,MULTIPOINT ((-53.0069 73.3815)),73.3815,-53.0069,218.3,,225.10986328,,1.9,,,,,,,1006.68,,,30.69882364,,,8.069,0.7462,4.31,,,,NaN,-0.1911416,-0.2018136,71.25788882,54.79424032,,63.56698,62.94414,0.6004045,0.5005723,NaN,827.0271,67.9,68.7,,,33.92415643,,1.8,1.8,13.18677,0.9998275,0.7320471,,,2.90566519,,194,333.8,191,331,15.9,17.8,16.7,18.5,,,,
underway_1200.29943454,29943454,200809020,2008-12-17T00:00:00,20081217000000,MULTIPOINT ((-53.0114 73.3757)),73.3757,-53.0114,225.2,,198.52294922,,1.2,,,,,,,1007.14,,,30.6966385,,,8.091,0.8282,,,,,NaN,-0.0725006,-0.07609364,89.06971068,63.92661826,,67.61732,65.313,0.6003868,0.5673153,NaN,827.0271,65.8,66.2,,,33.90791056,,2,2,NaN,0.999722,0.7304228,,,2.91852134,,298,87.7,307,95.7,6.3,6.2,6,5.8,,,,
underway_1200.29943574,29943574,200809020,2008-12-17T00:20:00,20081217002000,MULTIPOINT ((-53.0126 73.372)),73.372,-53.0126,242,,198.32519531,,0.2,,,,,,,1006.98,,,30.68790527,,,,0.779,4.303,,,,14.19902,-0.06591113,-0.06616839,106.88703351,91.32372474,,93.64596,94.4162,0.9006086,0.8009157,NaN,827.0271,67.1,67.4,,,33.92050683,,2.1,2.1,13.18481,0.9997466,0.7275802,,,2.89648063,,107,270.1,118,281.5,7.2,7.2,7.6,7.6,,,,
underway_1200.29943694,29943694,200809020,2008-12-17T00:40:00,20081217004000,MULTIPOINT ((-53.0127 73.3717)),73.3717,-53.0127,227.9,,198.74267578,,0.1,,,,,,,1007.22,,,30.68681343,,,8.116,0.8364,4.303,,,,21.63625,-0.06920618,-0.07609364,89.07021805,63.92661826,,72.00814,73.77324,0.6003902,0.5339437,NaN,827.0271,65.1,65.4,,,33.9201418,,1.9,1.9,13.52266,0.9999329,0.7277832,,,2.89556211,,303,102.3,309,109,7.2,7.2,6.8,6.7,,,,
underway_1200.29943814,29943814,200809020,2008-12-17T01:00:00,20081217010000,MULTIPOINT ((-53.0126 73.3723)),73.3723,-53.0126,122.8,,198.44055176,,0.3,,,,,,,1007.18,,,30.69008958,,,8.131,0.7462,,,,,13.86072,-0.05602274,-0.05955155,97.97221689,82.19137416,,87.2211,88.66324,0.7671258,0.6674297,NaN,827.7028,63.7,64.8,,,33.9280305,,1.9,1.9,NaN,0.9999325,0.728257,,,2.89188786,,180,341.2,173,334.2,13.5,13.7,13.8,14,,,,
underway_1200.29943934,29943934,200809020,2008-12-17T01:20:00,20081217012000,MULTIPOINT ((-53.0129 73.3742)),73.3742,-53.0129,62,,197.89123535,,0.4,,,,,,,1007.58,,,30.68899756,,,8.116,0.7872,4.303,,,,NaN,-0.09226721,-0.0992526,258.27823981,228.30936658,,222.7856,232.1488,2.067807,1.902175,NaN,827.7028,67.8,67.6,,,33.92572426,,1.9,2,13.18459,0.999865,0.7275802,,,2.89280644,,246,28.6,28,325.3,0.6,0.9,0.3,0.1,,,,
underway_1200.29944054,29944054,200809020,2008-12-17T01:40:00,20081217014000,MULTIPOINT ((-53.0124 73.3733)),73.3733,-53.0124,299.6,,198.12744141,,0.4,,,,,,,1007.68,,,30.69445666,,,8.092,0.7298,4.302,,,,14.19866,-0.177937,-0.1951968,721.35959884,465.75113847,,580.7928,508.2428,6.136394,3.737606,NaN,827.0271,63,63.6,,,33.92657819,,2.3,2.3,13.52253,0.9999238,0.7222327,,,2.89831765,,185,347.6,179,341.9,5.8,6.2,5.9,6.3,,,,
underway_1200.29944174,29944174,200809020,2008-12-17T02:00:00,20081217020000,MULTIPOINT ((-53.0121 73.3715)),73.3715,-53.0121,29.9,,198.75366211,,0.4,,,,,,,1007.64,,,30.69663997,,,8.133,0.5166,4.306,,,,14.19878,-0.2141611,-0.2282809,489.77576614,374.427359,,414.8072,359.2932,4.0017,3.070177,NaN,825.6758,62.7,63.3,,,33.92342661,,2.8,2.7,29.74982,0.9999997,0.7177742,,,2.90382839,,21,181.7,8,167.5,4.7,4.3,5.5,5.1,,,,
underway_1200.29944294,29944294,200809020,2008-12-17T02:20:00,20081217022000,MULTIPOINT ((-53.0123 73.3719)),73.3719,-53.0123,63.7,,198.10546875,,0.2,,,,,,,1007.87,,,30.6835382,,,8.087,0.902,4.301,,,,14.19878,-0.1021304,-0.09263575,365.07776529,319.63309132,,308.6544,316.311,2.934356,2.602976,NaN,825.6758,58.2,60.5,,,33.9219582,,3,2.4,NaN,1.000067,0.7131376,,,2.89005065,,316,116.7,324,124.3,7.7,7.6,7.5,7.4,,,,
underway_1200.29944414,29944414,200809020,2008-12-17T02:40:00,20081217024000,MULTIPOINT ((-53.012 73.3731)),73.3731,-53.012,351.2,,339.02709961,,0.3,,,,,,,1007.78,,,30.68899793,,,8.091,0.7298,4.3,,,,NaN,-0.08895076,-0.07940207,231.51159919,210.04461068,,204.1598,210.4196,1.833964,1.668574,NaN,825.6758,61,61.2,,,33.92960723,,2.2,2.2,NaN,0.9999098,0.7193509,,,2.88913203,,343,3.7,336,357,7.3,7.7,7.2,7.6,,,,
underway_1200.29944534,29944534,200809020,2008-12-17T03:00:00,20081217030000,MULTIPOINT ((-53.0119 73.3717)),73.3717,-53.0119,4,,338.75793457,,0.3,,,,,,,1007.64,,,30.67807975,,,8.07,0.6068,4.306,,,,14.19529,-0.1350733,-0.1389536,454.11884961,420.0891119,,398.144,413.0582,3.867996,3.537378,NaN,827.0271,67,66.9,,,33.92790039,,2.2,2.2,13.18134,0.9998215,0.7205684,,,2.87810753,,319,340.8,313,334.3,10.4,10.8,10.8,11.2,,,,
underway_1200.29944654,29944654,200809020,2008-12-17T03:20:00,20081217032000,MULTIPOINT ((-53.0121 73.3726)),73.3726,-53.0121,91.9,,339.44458008,,0.2,,,,,,,1007.75,,,30.67698819,,,8.065,0.4592,,,,,14.19491,-0.1218954,-0.1224115,739.05640787,684.92793554,,629.6458,655.6158,6.535579,5.940125,NaN,827.0271,65.7,65.7,,,33.93044924,,2.4,2.5,13.51896,0.9997951,0.7112314,,,2.87443228,,266,286.6,270,290.6,12.5,12.6,13.7,13.8,,,,
underway_1200.29944774,29944774,200809020,2008-12-17T03:40:00,20081217034000,MULTIPOINT ((-53.0117 73.3722)),73.3722,-53.0117,6.6,,329.87548828,,0.1,,,,,,,1007.48,,,30.70537761,,,8.086,0.533,4.304,,,,NaN,-0.161429,-0.1753462,863.71622243,831.04598269,,742.8518,795.3316,7.93606,7.074755,NaN,826.6893,66.6,66.4,,,33.95741684,,2.4,2.6,NaN,0.999842,0.7102166,,,2.88178258,,287,318.6,285,316.5,4,4.1,5,5.1,,,,
underway_1200.29944894,29944894,200809020,2008-12-17T04:00:00,20081217040000,MULTIPOINT ((-53.0123 73.3723)),73.3723,-53.0123,146.6,,330.01281738,,0.8,,,,,,,1007.46,,,30.68572214,,,,0.4182,4.301,,,,13.85652,-0.08236177,-0.08601891,890.42926872,831.04598269,,760.4188,782.4764,7.602612,6.807783,NaN,825.6758,66.6,66.6,,,33.92560017,,2.6,2.8,NaN,0.9997649,0.7075103,,,2.88913203,,325,355.5,315,346.5,8.9,9.7,8.9,9.7,,,,
underway_1200.29945014,29945014,200809020,2008-12-17T04:20:00,20081217042000,MULTIPOINT ((-53.0111 73.3725)),73.3725,-53.0111,346.5,,328.30444336,,1.1,,,,,,,1006.88,,,30.68244654,,,8.108,0.615,4.308,,,,13.5183,-0.1317788,-0.1455705,1344.54811833,1242.00285348,,1134.1852,1172.5306,12.00412,10.34516,NaN,825.6758,68.3,68.6,,,33.92353454,,2.4,2.4,NaN,0.9997457,0.7088634,,,2.88729475,,313,346.1,307,339.7,14.5,15.6,14.9,15.9,,,,
underway_1200.29945134,29945134,200809020,2008-12-17T04:40:00,20081217044000,MULTIPOINT ((-53.0095 73.3743)),73.3743,-53.0095,177.2,,328.0847168,,0.9,,,,,,,1007.07,,,30.70755717,,,8.073,0.2952,4.3,,,,NaN,-0.06259494,-0.05624313,819.19501268,748.854718,,696.865,711.0962,6.802337,5.973496,NaN,825.6758,69.7,69.2,,,33.91446975,,2.5,2.8,13.18028,0.9997409,0.708322,,,2.92494844,,285,320.7,282,317.8,11.1,11.7,12,12.6,,,,
underway_1200.29945254,29945254,200809020,2008-12-17T05:00:00,20081217050000,MULTIPOINT ((-53.0102 73.3756)),73.3756,-53.0102,136.2,,328.4362793,,0.5,,,,,,,1006.9,,,30.71847484,,,8.118,0.4346,4.305,,,,NaN,-0.04941706,-0.05624313,632.20475676,575.33967383,,542.084,550.0678,5.201788,4.538522,NaN,825.6758,70.7,70.3,,,33.91036861,,2.5,2.8,29.74027,0.9998138,0.7111638,,,2.94147229,,314,346.8,311,343.6,5.1,5.6,5.6,6.1,,,17.99,
underway_1200.29945374,29945374,200809020,2008-12-17T05:20:00,20081217052000,MULTIPOINT ((-53.0058 73.3759)),73.3759,-53.0058,348,,340.70251465,,1.8,,,,,,,1006.46,,,30.72284239,,,8.102,0.4838,,,,,NaN,-0.04941706,-0.06285997,409.59737282,365.29484422,,350.1184,352.5034,3.2011,2.869948,NaN,825.6758,71.8,71.3,,,33.91376602,,2.6,2.6,NaN,0.9997975,0.7115021,,,2.943308,,,,,,,,,,,,23.44,
underway_1200.29945494,29945494,200809020,2008-12-17T05:40:00,20081217054000,MULTIPOINT ((-52.9818 73.3657)),73.3657,-52.9818,345.4,,336.09924316,,6.1,,,,,,,1005.86,,,30.69664363,,,8.098,0.2542,,,,,13.85604,-0.05930047,-0.05624313,988.37657106,904.10500627,,842.1768,850.4738,8.069439,7.208241,NaN,825.6758,74.9,74.4,,,33.96228082,,2.6,2.7,NaN,0.9997299,0.7161029,,,2.86708112,,297,330.5,293,326,24.1,28.6,25.8,29.9,,,77.16,
underway_1200.29945614,29945614,200809020,2008-12-17T06:00:00,20081217060000,MULTIPOINT ((-52.9488 73.3515)),73.3515,-52.9488,348.9,,338.12072754,,6.3,,,,,,,1005.82,,,30.70210283,,,7.51,0.205,4.309,,,,13.85649,-0.04612259,-0.04631788,845.90779193,785.38422978,,725.9448,740.5304,6.802337,6.07361,NaN,825.0001,75.8,75.3,,,33.96410154,,2.5,2.7,13.51852,0.9997625,0.7161729,,,2.87167569,,290,322.9,288,320.6,24.7,28.5,26.4,30,,,99.8,
underway_1200.29945734,29945734,200809020,2008-12-17T06:20:00,20081217062000,MULTIPOINT ((-52.929 73.3213)),73.3213,-52.929,265.1,,261.35375977,,5.6,,,,,,,1005.6,,,30.60820778,,,7.982,0.1968,,,,,14.19622,-0.03623918,-0.0330842,614.39605923,575.33967383,,527.288,542.6396,4.73496,4.238179,NaN,824.3244,78.8,77.5,,,33.95906165,,2.3,2.4,NaN,0.9997517,0.7190989,,,2.76775714,,305,39.2,307,40.4,27.3,31.6,25.3,29.5,,,182.55,
underway_1200.29945854,29945854,200809020,2008-12-17T06:40:00,20081217064000,MULTIPOINT ((-52.9433 73.2459)),73.2459,-52.9433,252.3,,250.94421387,,12.3,,,,,,,1005.2,,,30.57654267,,,8.03,0.328,,,,,NaN,-0.01976682,-0.02977578,436.31041912,401.82435601,,381.9954,394.516,3.234444,2.936691,NaN,825.6758,85.3,84.3,,,33.92409572,,2.1,2,NaN,0.9979205,0.7270463,,,2.76407549,,307,39.2,312,41.5,24.7,33.3,23.2,31.3,,,187.39,
underway_1200.29945974,29945974,200809020,2008-12-17T07:00:00,20081217070000,MULTIPOINT ((-52.9668 73.1479)),73.1479,-52.9668,248.8,,244.91821289,,11.7,,,,,,,1004.68,,,30.60929695,,,8.019,0.287,4.324,,,,NaN,-0.01976769,-0.02315894,418.54284528,392.69211489,,369.1678,381.0418,3.068022,2.803205,NaN,825.6758,80.7,82.2,,,33.93115925,,2.8,2.5,13.52263,0.9991194,0.7249948,,,2.79536273,,316,52.4,324,57.8,27.1,33.5,25.7,30.8,,,197.95,
underway_1200.29946094,29946094,200809020,2008-12-17T07:20:00,20081217072000,MULTIPOINT ((-52.9901 73.046)),73.046,-52.9901,247.6,,245.26428223,,11.9,,,,,,,1003.95,,,30.59837899,,,8.045,0.205,4.308,,,,13.86068,-0.01977055,-0.00661684,356.24791985,319.63309132,,312.3724,318.7816,2.60145,2.336004,NaN,794.5946,88.4,88.7,,,33.93042906,,2.1,1.8,NaN,0.9987805,0.7316407,,,2.78340178,,311,49.3,317,53.5,32.4,39.1,30.3,36.1,,,208.9,
underway_1200.29946214,29946214,200809020,2008-12-17T07:40:00,20081217074000,MULTIPOINT ((-53.0131 72.9436)),72.9436,-53.0131,250.6,,245.16540527,,12.1,,,,,,,1003.24,,,30.74796491,,,,0.3936,4.31,,,,13.86071,-0.00988592,-0.00330842,356.27836207,328.76533243,,312.3732,322.8426,2.668383,2.436118,NaN,796.9595,90.7,90.9,,,34.02901052,,1.9,1.6,NaN,0.9914128,0.7343483,,,2.86340522,,320,57.1,330,64.2,30.7,36.8,29,33.5,,,227.33,
underway_1200.29946334,29946334,200809020,2008-12-17T08:00:00,20081217080000,MULTIPOINT ((-53.0362 72.8417)),72.8417,-53.0362,249.5,,242.97363281,,11.7,,,,,,,1002.27,,,30.51867998,,,8.099,0.2788,,,,,29.74982,-0.00329555,0.00330842,489.8988702,456.61862369,,427.3156,441.9626,3.63579,3.337149,NaN,802.7028,89.4,89.6,,,33.94182416,,2.3,2.1,13.18458,0.9724812,0.7315057,,,2.68026012,,321,59.7,332,67.2,29.6,34.9,27.6,31.2,,,241.15,
underway_1200.29946454,29946454,200809020,2008-12-17T08:20:00,20081217082000,MULTIPOINT ((-53.062 72.7444)),72.7444,-53.062,246.9,,249.48303223,,10.9,,,,,,,1001.01,,,30.47719299,,,8.085,0.3608,4.299,,,,13.86071,-0.0098867,-0.00330842,293.93964256,264.83882363,,259.6348,265.9898,2.101422,1.935546,NaN,804.0541,89.7,90.2,,,33.94555229,,2.5,2.3,NaN,0.9662607,0.7296106,,,2.62862633,,318,51.7,327,57.8,36.4,41.1,34.1,37.6,,,,
underway_1200.29946574,29946574,200809020,2008-12-17T08:40:00,20081217084000,MULTIPOINT ((-53.0734 72.677)),72.677,-53.0734,295.4,,281.71142578,,1.1,,,,,,,1000.83,,,30.45754129,,,8.136,0.4346,4.312,,,,NaN,-0.00988653,0,400.81185552,374.427359,,354.9696,364.8052,2.93521,2.636347,NaN,824.3244,91.7,91.5,,,33.94681153,,2.3,2.3,NaN,0.9571329,0.7285277,,,2.60463919,,318,39.3,319,40.5,31.4,32.2,29.3,30.1,,,,
underway_1200.29946694,29946694,200809020,2008-12-17T09:00:00,20081217090000,MULTIPOINT ((-53.07 72.6602)),72.6602,-53.07,28,,307.82043457,,0.6,,,,,,,1000.88,,,30.44771391,,,8.188,0.4674,4.302,,,,NaN,-0.00329556,0,374.104417,337.89784721,,331.3266,337.7326,2.701826,2.402747,NaN,830.7434,91.5,91.2,,,33.93077673,,2.5,2.5,29.0756,0.9567223,0.7272417,,,2.60833011,,318,12.1,311,5.2,30.4,31,29.9,30.5,,,236.54,
underway_1200.29946814,29946814,200809020,2008-12-17T09:20:00,20081217092000,MULTIPOINT ((-53.0719 72.6614)),72.6614,-53.0719,334.2,,303.06884766,,0.3,,,,,,,1000.63,,,30.45098621,,,8.15,0.3444,,,,,14.20023,-0.00329557,0,293.93964256,264.83882363,,257.9708,263.6208,2.134778,1.935546,NaN,840.5407,90,90.5,,,33.89859445,,2.8,2.7,NaN,0.9557428,0.7263618,,,2.64246093,,308,4.6,299,355.5,31.7,31.9,31.4,31.6,,,225.79,
underway_1200.29946934,29946934,200809020,2008-12-17T09:40:00,20081217094000,MULTIPOINT ((-53.0757 72.6314)),72.6314,-53.0757,251.7,,267.85766602,,3.2,,,,,,,999.72,,,30.51212831,,,,0.2788,4.348,,,,14.20035,0,-0.00330842,276.11759318,246.57409511,,239.7154,245.6852,1.967946,1.80206,NaN,859.4595,91.7,90.7,,,33.93083156,,2.8,2.8,13.52414,0.9554132,0.7244668,,,2.68302503,,318,42.8,320,44.5,28.7,30.2,26.8,28.2,,,247.3,
underway_1200.29947054,29947054,200809020,2008-12-17T10:00:00,20081217100000,MULTIPOINT ((-53.0795 72.598)),72.598,-53.0795,266.9,,275.08117676,,4.7,,,,,,,999.32,,,30.50557737,,,8.146,0.3198,,,,,NaN,-0.00329556,-0.00330842,293.93937553,264.83882363,,266.4178,271.4042,2.234844,2.002289,NaN,868.919,92.3,91.7,,,33.92765959,,3.1,3.1,20.96181,0.9414557,0.7217595,,,2.67841678,,312,31.1,311,30,36.3,39.5,34.2,37.5,,,261.12,
underway_1200.29947174,29947174,200809020,2008-12-17T10:20:00,20081217102000,MULTIPOINT ((-53.0688 72.5591)),72.5591,-53.0688,310.1,,306.75476074,,4.9,,,,,,,998.93,,,30.52086251,,,8.13,0.5904,4.301,,,,13.86228,-0.00329557,-0.00330842,276.12507022,255.70647305,,252.9022,257.868,2.068066,1.835432,NaN,878.3785,92.5,92.1,,,33.93082502,,3.2,3.1,NaN,0.9515612,0.7214888,,,2.693162,,312,4.9,303,356.9,36.5,41.6,36.1,41.2,,,265.95,
underway_1200.29947294,29947294,200809020,2008-12-17T10:40:00,20081217104000,MULTIPOINT ((-53.05 72.5278)),72.5278,-53.05,321.3,,314.81323242,,6.1,,,,,,,999,,,30.62785588,,,8.132,0.6068,4.265,,,,14.2002,-0.00329557,-0.00330842,258.31052458,228.30936658,,232.2748,236.2098,1.934642,1.735317,NaN,880.4055,92.9,92.7,,,33.91498904,,3.3,3.2,13.524,0.9526306,0.7201351,,,2.83215151,,308,355.6,298,347.7,30.1,36.4,30.5,36.5,,,256.51,
underway_1200.29947414,29947414,200809020,2008-12-17T11:00:00,20081217110000,MULTIPOINT ((-53.0223 72.4976)),72.4976,-53.0223,326.2,,320.10864258,,6,,,,,,,998.57,,,30.7272105,,,8.116,0.6806,4.3,,,,NaN,-0.00329557,0,276.12507022,246.57409511,,242.4176,247.0388,2.03471,1.80206,NaN,882.0946,93.7,92.9,,,33.92297649,,3.3,3.3,29.75278,0.9485052,0.719526,,,2.93963652,,300,344.4,293,338.5,29.3,34.7,29.7,34.8,,,286.52,
underway_1200.29947534,29947534,200809020,2008-12-17T11:20:00,20081217112000,MULTIPOINT ((-53.0001 72.4726)),72.4726,-53.0001,317.1,,309.4519043,,3.2,,,,,,,998.7,,,30.69117803,,,8.134,0.8528,4.273,,,,NaN,-0.00329557,0,240.49600564,219.17698863,,220.7654,224.7038,1.86793,1.668574,NaN,882.4326,95,94.4,,,33.89251845,,3.3,3.3,NaN,0.9455386,0.7186461,,,2.92678464,,304,354.7,296,347.3,31.2,34.3,31.5,34.5,,,304.67,
underway_1200.29947654,29947654,200809020,2008-12-17T11:40:00,20081217114000,MULTIPOINT ((-52.9827 72.451)),72.451,-52.9827,321.9,,312.58300781,,4.2,,,,,,,998.53,,,30.82547221,,,,1.1234,,,,,13.8608,-0.00329557,0,151.42341096,127.85323653,,141.98864,143.14714,1.1341,1.001144,NaN,882.0946,94.1,93.7,,,33.90456508,,3.5,3.5,13.52273,0.9308369,0.71824,,,3.07076064,,303,353.1,294,345.4,33.3,37.5,33.7,37.7,,,308.74,
underway_1200.29947774,29947774,200809020,2008-12-17T12:00:00,20081217120000,MULTIPOINT ((-52.9929 72.4688)),72.4688,-52.9929,146.6,,143.87145996,,9.8,,,,,,,998.54,,,30.82219746,,,8.206,1.0988,4.245,,,,30.0881,-0.00329557,-0.00330842,115.79437309,100.45610269,,105.4774,107.61418,0.8338975,0.7341727,NaN,882.4326,93.2,95.4,,,33.91215327,,3.8,3.3,29.41196,0.9314465,0.7176986,,,3.0597676,,301,137.6,295,139.6,20.5,12.4,34.3,26.5,,,0,
underway_1200.29947894,29947894,200809020,2008-12-17T12:20:00,20081217122000,MULTIPOINT ((-53.0405 72.5181)),72.5181,-53.0405,142.7,,140.5480957,,10.5,,,,,,,998.23,,,30.5841865,,,8.129,0.6724,4.259,,,,14.19878,-0.0098867,-0.00330842,133.60889202,109.58848063,,119.3374,122.5042,0.9673211,0.8676586,NaN,882.4326,93.1,96.5,,,33.93835276,,4.1,3.2,NaN,0.9353618,0.71824,,,2.75947312,,303,138.9,294,139.1,18.4,9.2,29.3,20.7,,,274.94,
underway_1200.29948014,29948014,200809020,2008-12-17T12:40:00,20081217124000,MULTIPOINT ((-53.0834 72.5757)),72.5757,-53.0834,141.6,,139.36706543,,10.1,,,,,,,997.84,,,30.5645324,,,8.143,0.4838,,,,,14.19878,-0.00329542,-0.00330842,97.97021412,91.32372474,,97.3631,99.83076,0.7337575,0.7008012,NaN,883.1082,93.4,97.2,,,33.91714997,,4.1,3.1,NaN,0.9331306,0.7185108,,,2.75671154,,301,140.9,293,140.4,18.8,10.1,30,21.8,,,279.55,
underway_1200.29948134,29948134,200809020,2008-12-17T13:00:00,20081217130000,MULTIPOINT ((-53.127 72.6343)),72.6343,-53.127,139,,139.17480469,,9.8,,,,,,,997.59,,,30.57326282,,,8.154,0.8938,4.305,,,,NaN,0.00329521,-0.00330842,89.06039109,73.05899621,,77.75524,79.52598,0.5669727,0.5339437,NaN,883.7838,93.1,97.5,,,33.87627785,,4.3,3.2,13.52265,0.9336039,0.7185087,,,2.80548177,,297,138.5,291,140.6,18.9,10.4,30.9,22.7,,,282.44,
underway_1200.29948254,29948254,200809020,2008-12-17T13:20:00,20081217132000,MULTIPOINT ((-53.1497 72.7255)),72.7255,-53.1497,102.3,,100.10192871,,11.6,,,,,,,997.72,,,30.81892409,,,8.188,0.82,4.206,,,,NaN,-0.00329497,0.00992526,97.95907867,91.32372474,,97.3628,98.13176,0.8003719,0.6674297,NaN,884.1217,94.6,98.1,,,33.93423596,,3.4,3.9,NaN,0.9356295,0.7120304,,,3.03502633,,292,198.9,290,198.1,26.3,15.1,23,11.8,,,291.67,
underway_1200.29948374,29948374,200809020,2008-12-17T13:40:00,20081217134000,MULTIPOINT ((-53.1645 72.8331)),72.8331,-53.1645,103.4,,101.04675293,,11.7,,,,,,,997.76,,,30.84404219,,,8.163,0.8692,4.276,,,,NaN,-0.00329477,-0.00661684,71.24301486,54.79424032,,66.26098,65.97724,0.5335816,0.4672008,NaN,884.7974,95.5,96.5,,,33.99872705,,3.4,3.9,NaN,0.9344825,0.7113362,,,3.00293997,,291,197.4,290,195.6,27,15.5,25.3,13.8,,,,
underway_1200.29948494,29948494,200809020,2008-12-17T14:00:00,20081217140000,MULTIPOINT ((-53.178 72.9377)),72.9377,-53.178,101.2,,100.20080566,,11,,,,,,,997.73,,,30.72611132,,,8.165,1.0332,,,,,14.19878,-0.00329465,-0.00992526,53.42876296,36.52948442,,46.31506,47.02568,0.3668133,0.3670863,NaN,884.4595,95.8,95.2,,,33.84526766,,3.3,3.9,13.52265,0.9340092,0.7115424,,,3.01210915,,288,192.5,288,192.2,25.9,15,25.2,14.3,,,0,
underway_1200.29948614,29948614,200809020,2008-12-17T14:20:00,20081217142000,MULTIPOINT ((-53.1947 73.0367)),73.0367,-53.1947,107.8,,106.55639648,,11.4,,,,,,,997.62,,,30.87460208,,,8.1,2.378,4.297,,,,NaN,-0.00329457,-0.00661684,35.61760869,18.26474768,,33.13044,33.83074,0.2667617,0.2336004,NaN,884.4595,96,95.8,,,33.87958149,,3.5,3.6,29.07366,0.9341435,0.7145053,,,3.15131822,,288,180.6,287,179.1,24.1,12.7,23.9,12.5,,,230.08,
underway_1200.29948734,29948734,200809020,2008-12-17T14:40:00,20081217144000,MULTIPOINT ((-53.2121 73.1314)),73.1314,-53.2121,108.9,,106.08947754,,10.8,,,,,,,997.91,,,30.77088518,,,8.128,2.3124,,,,,NaN,-0.00329451,-0.00330842,35.61811606,18.26474768,,31.10206,32.13834,0.3001112,0.3003434,NaN,884.4595,96.2,95.9,,,33.94627498,,3.5,3.6,NaN,0.9347521,0.7152978,,,2.968085,,290,185.1,289,183.8,21.5,10.7,20.7,9.9,,,212.09,
underway_1200.29948854,29948854,200809020,2008-12-17T15:00:00,20081217150000,MULTIPOINT ((-53.2346 73.2251)),73.2251,-53.2346,113.8,,109.35791016,,11.8,,,,,,,997.74,,,30.71956705,,,8.185,2.1074,4.35,,,,NaN,-0.00329448,-0.00661684,26.71288607,9.13237247,,22.98788,22.66578,0.2334137,0.2336004,NaN,884.4595,96.3,95.9,,,33.91460861,,3.3,3.7,NaN,0.9350656,0.7139383,,,2.93871861,,293,181.6,291,177.4,20.1,8.4,20,8.3,,,98.13,
underway_1200.29948974,29948974,200809020,2008-12-17T15:20:00,20081217152000,MULTIPOINT ((-53.2555 73.3262)),73.3262,-53.2555,95,,90.0769043,,11.7,,,,,,,997.7,,,30.60711101,,,,1.4514,4.266,,,,14.19803,-0.00988341,-0.00992526,0,-9.13237247,,7.437062,8.119082,0.06668958,0.03337148,NaN,884.4595,96.6,95.6,,,33.90609859,,3.2,3.7,13.52193,0.9392333,0.7140731,,,2.81651888,,297,231.5,294,234.4,20.2,10.3,17.6,7.6,,,60.52,
underway_1200.29949091,29949091,200809020,2008-12-17T15:40:00,20081217153959,MULTIPOINT ((-53.2572 73.4377)),73.4377,-53.2572,89.8,,85.3692627,,12.4,0,0,0,0,,,997.79,,,30.6114827,,,8.111,1.1644,4.319,,,,14.19707,-0.00329447,-0.00661684,0,-9.13237247,,3.380256,2.70636,0,-0.03337148,NaN,883.7838,97.1,95.7,,,33.9543035,,3.1,3.5,NaN,0.954246,0.7158323,,,2.77604008,,302,242.9,304,248.2,24.4,15.4,22.6,14.1,,,0,
underway_1200.29949211,29949211,200809020,2008-12-17T16:00:00,20081217155959,MULTIPOINT ((-53.2542 73.5577)),73.5577,-53.2542,86.8,,85.54504395,,13.6,0.45,-0.2,3.48,1.43,,,996.99,,,30.7075579,,,8.114,3.5506,4.291,,,,NaN,-0.00329447,-0.00661684,0,-9.13237247,,2.02813,2.02977,0,-0.03337148,NaN,883.7838,97.5,95.9,,,33.92222582,,3.2,3.7,NaN,0.9617395,0.7155616,,,2.91760313,,297,229,290,226.4,33.2,22.5,25.9,14.4,,,179.63,
underway_1200.29949331,29949331,200809020,2008-12-17T16:20:00,20081217162000,MULTIPOINT ((-53.25 73.6857)),73.6857,-53.25,87.6,,84.90234375,,14.2,1.04,-0.03,2.36,-0.04,,,996.92,,,30.65187685,,,8.122,1.5908,4.376,,,,NaN,-0.00329447,0,0,-18.26474768,,2.02814,1.3531802,0,-0.03337148,NaN,883.4461,97.6,96,,,33.93080193,,3.2,4.3,13.52093,0.9564708,0.7122463,,,2.84502255,,284,209,282,208.4,35.8,22.7,29.9,16.6,,,168.35,
underway_1200.29949451,29949451,200809020,2008-12-17T16:40:00,20081217164000,MULTIPOINT ((-53.2462 73.7932)),73.7932,-53.2462,85.9,,85.0012207,,9.3,2.3,-1.63,0.53,-2.79,,,996.73,,,30.64751045,,,8.077,0.8282,4.306,,,,NaN,-0.00988341,-0.01985052,0,-18.26474768,,2.028174,1.3531878,0,0,NaN,883.1082,97.5,94.1,,,33.9390684,,3.2,4,NaN,0.9505373,0.7125887,,,2.83215151,,278,197.5,278,198.1,33.5,24.2,30.5,21.2,,,157.29,
underway_1200.29949571,29949571,200809020,2008-12-17T17:00:00,20081217170000,MULTIPOINT ((-53.2424 73.8798)),73.8798,-53.2424,85.4,,84.24316406,,9.2,1.79,-1.24,-0.16,-1.39,,,996.44,,,30.5918287,,,,0.7626,4.305,,,,NaN,-0.02965023,-0.03970104,0,-18.26474768,,2.028342,1.3531802,0,0,NaN,882.4326,96.8,94.3,,,33.93505915,,3.5,3.5,NaN,0.9462217,0.7169148,,,2.77143858,,262,176.9,261,174.9,31.3,21.9,31,21.6,,,0,
underway_1200.29949691,29949691,200809020,2008-12-17T17:20:00,20081217172000,MULTIPOINT ((-53.2363 73.9693)),73.9693,-53.2363,88.4,,88.52783203,,8.9,1.14,-0.18,0.71,-2.98,,,996.23,,,30.62785588,,,8.06,1.2628,,,,,14.19872,-0.08565672,-0.1091778,0,-18.26474768,,2.028388,1.3532122,-0.1000346,-0.03337148,NaN,883.7838,94.9,94.4,,,33.91498904,,4.4,3.4,13.52259,0.9429979,0.7180143,,,2.83215151,,257,163.8,255,161.3,31.3,22.7,31.6,23.1,,,631.3,
underway_1200.29949811,29949811,200809020,2008-12-17T17:40:00,20081217174000,MULTIPOINT ((-53.234 74.0543)),74.0543,-53.234,88.1,,87.68737793,,9.6,1.88,-1.03,0.33,-5.08,,,996.59,,,30.69335969,,,8.116,2.0336,4.3,,,,30.08789,-0.07247905,-0.06947681,0,-18.26474768,,2.028396,1.3531944,-0.0333449,-0.03337148,NaN,883.7838,89.6,94.2,,,33.87195516,,5,3.4,29.41176,0.9434074,0.7184109,,,2.94881484,,257,165.3,256,163.1,33,23.8,33.7,24.6,,,511.01,
underway_1200.29949931,29949931,200809020,2008-12-17T18:00:00,20081217180000,MULTIPOINT ((-53.2312 74.145)),74.145,-53.2312,88.2,,88.40698242,,9.7,1.42,-0.52,1.17,-5.27,,,996.09,,,30.67479948,,,8.095,1.8204,,,,,14.19863,-0.07577285,-0.07278523,0,-18.26474768,,2.028376,1.353275,-0.03334479,-0.03337148,NaN,883.7838,88.5,93.7,,,33.87637978,,4.9,3.4,NaN,0.9373124,0.717777,,,2.9231122,,252,152.6,249,151.9,25.5,16.5,32.7,23.8,,,0,
underway_1200.29950051,29950051,200809020,2008-12-17T18:20:00,20081217182000,MULTIPOINT ((-53.2293 74.233)),74.233,-53.2293,87.9,,89.57702637,,9.6,1.12,-1.7,0.38,-2.78,,,995.69,,,30.68463095,,,8.115,2.0418,4.282,,,,NaN,-0.05930047,-0.05624313,0,-18.26474768,,2.028312,1.3532398,0,-0.03337148,NaN,883.7838,88.2,93.4,,,33.93203194,,4.1,3.4,NaN,0.9365388,0.7174877,,,2.88178258,,250,145.9,242,143.2,20.5,11.5,34.3,25.8,,,0,
underway_1200.29950171,29950171,200809020,2008-12-17T18:40:00,20081217184000,MULTIPOINT ((-53.2278 74.3221)),74.3221,-53.2278,86.7,,88.84094238,,9.5,1.16,-0.87,1.53,-2.73,,,996.11,,,30.56343756,,,8.06,2.3452,4.295,,,,NaN,-0.04612259,-0.05624313,0,-9.13237247,,2.028252,1.3532538,-0.03334479,0,NaN,883.7838,89.6,93.1,,,33.88464925,,4.1,3.3,13.52168,0.9369174,0.7177658,,,2.7861622,,247,138.7,242,141.2,18.4,10.1,30.8,22.7,,,0,
underway_1200.29950291,29950291,200809020,2008-12-17T19:00:00,20081217190000,MULTIPOINT ((-53.2275 74.4102)),74.4102,-53.2275,89,,88.19274902,,9.5,1.72,-1.34,0,-2.51,,,996.29,,,30.52522609,,,8.043,2.2878,4.347,,,,29.74822,-0.04612259,-0.05624313,0,-18.26474768,,2.028288,1.3533032,0,-0.03337148,NaN,883.7838,89.4,93.1,,,33.89325073,,4.2,3.3,29.41018,0.9363252,0.7178597,,,2.7336937,,252,149,246,148.3,20.2,11.6,30.4,22,,,0,
underway_1200.29950411,29950411,200809020,2008-12-17T19:20:00,20081217192000,MULTIPOINT ((-53.2279 74.499)),74.499,-53.2279,92.2,,86.59423828,,9.2,2.67,-2.27,5.09,-5.62,,,996.23,,,30.53941882,,,8.154,2.8126,,,,,13.86008,-0.04282812,-0.04300946,0,-18.26474768,,2.028304,1.3533778,-0.03334479,-0.03337148,NaN,883.7838,86.2,92.8,,,33.88924401,,4.8,3.3,NaN,0.9422149,0.7175609,,,2.75394984,,261,166.8,259,163.3,22.2,13.4,23.4,14.7,,,0,
underway_1200.29950531,29950531,200809020,2008-12-17T19:40:00,20081217194000,MULTIPOINT ((-53.2264 74.595)),74.595,-53.2264,85.8,,85.34729004,,11.4,1.88,-1.99,6.75,-4.34,,,996.57,,,30.58090656,,,8.108,2.5912,,,,,14.19792,-0.02306129,-0.0165421,0,-18.26474768,,2.028274,1.3533122,0,0,NaN,883.7838,88.9,91.6,,,33.88953647,,3.3,3.6,NaN,0.9432824,0.7159022,,,2.8018023,,282,245.8,287,261.7,13.7,4.2,13,4.7,,,0,
underway_1200.29950651,29950651,200809020,2008-12-17T20:00:00,20081217200000,MULTIPOINT ((-53.2242 74.6981)),74.6981,-53.2242,89.1,,83.60595703,,11.4,2.56,-2.79,2.52,-4.24,,,996.49,,,30.55252068,,,8.069,2.5666,,,,,NaN,-0.01647235,-0.01985052,0,-18.26474768,,2.028066,1.353288,0,0,NaN,883.7838,90.5,90.7,,,33.89461329,,3.4,4,13.52044,0.9450109,0.7126414,,,2.76407549,,286,233.4,287,238.6,16.6,6.6,16,6.3,,,0,
underway_1200.29950771,29950771,200809020,2008-12-17T20:20:00,20081217202000,MULTIPOINT ((-53.222 74.8016)),74.8016,-53.222,87.8,,83.84765625,,10.9,1.33,-1.26,1.51,-2.64,,,996.35,,,30.55906765,,,8.128,2.4354,4.308,,,,NaN,-0.01647235,-0.0165421,0,-9.13237247,,2.028056,1.3532042,0,0,NaN,883.7838,92.6,91.4,,,33.85499351,,3.1,3.5,29.06879,0.9494003,0.7153037,,,2.80916102,,297,244.4,307,275.8,18.2,10.1,13.7,8.6,,,0,
underway_1200.29950891,29950891,200809020,2008-12-17T20:40:00,20081217204000,MULTIPOINT ((-53.2195 74.9066)),74.9066,-53.2195,88.5,,84.24316406,,11.4,1.37,-0.67,2.48,-4.22,,,995.89,,,30.60492599,,,,2.6568,4.36,,,,NaN,-0.01647235,-0.02315894,0,-18.26474768,,2.027914,1.3532026,0,0.03337148,NaN,883.7838,92.5,90.9,,,33.8907857,,3.1,3.4,NaN,0.9521734,0.714694,,,2.82847359,,278,221.1,278,225.8,15,4.1,14.5,3.7,,,0,
underway_1200.29951011,29951011,200809020,2008-12-17T21:00:00,20081217210000,MULTIPOINT ((-53.2179 75.0104)),75.0104,-53.2179,88,,83.9630127,,11,0.65,-0.34,2.87,-3.07,,,995.72,,,30.53832957,,,8.026,2.4846,4.29,,,,13.51898,-0.01317788,-0.0165421,0,-9.13237247,,2.027848,1.3532026,0,0,NaN,883.7838,93.6,92.5,,,33.91617279,,2.9,3,NaN,0.9552512,0.7190919,,,2.72724721,,291,259.3,298,276.7,13.5,5.5,12.4,6.1,,,0,
underway_1200.29951131,29951131,200809020,2008-12-17T21:20:00,20081217212000,MULTIPOINT ((-53.2152 75.1127)),75.1127,-53.2152,87,,84.04541016,,11.1,0.49,-0.27,2.02,-2.5,,,995.56,,,30.5918255,,,8.09,2.5912,4.304,,,,14.19453,-0.00988341,-0.00661684,0,-9.13237247,,2.02779,1.3531806,0,-0.03337148,NaN,883.7838,95.3,93.8,,,33.90097754,,2.8,3.4,13.5186,0.9623212,0.7201627,,,2.80364206,,286,228.1,281,228,17.9,8.2,15.1,5.1,,,0,
underway_1200.29951251,29951251,200809020,2008-12-17T21:40:00,20081217214000,MULTIPOINT ((-53.211 75.2138)),75.2138,-53.211,86.7,,85.0012207,,10.9,2.46,-1.22,0.36,-1.89,,,995.36,,,30.50666771,,,8.103,2.1156,4.309,,,,14.19432,-0.00329447,-0.00661684,0,-9.13237247,,2.02776,1.3531968,0,0,NaN,883.7838,96.1,93.9,,,33.91239255,,2.7,3.4,NaN,0.9621046,0.7192918,,,2.69408347,,287,231.4,285,231.5,17,7.8,15.9,6.5,,,0,
underway_1200.29951371,29951371,200809020,2008-12-17T22:00:00,20081217220000,MULTIPOINT ((-53.208 75.3138)),75.3138,-53.208,85.9,,84.01794434,,10.7,2.57,-1,0.77,-4.15,,,994.81,,,30.53723739,,,8.08,1.9434,4.273,,,,NaN,-0.00329447,-0.00661684,0,-9.13237247,,2.027754,2.706364,0,0,NaN,884.1217,96.7,94.1,,,33.91190478,,2.7,3.3,13.51836,0.9795401,0.7191488,,,2.73001007,,291,236.4,290,238.1,17.6,9.1,16.5,8,,,0,
underway_1200.29951491,29951491,200809020,2008-12-17T22:20:00,20081217222000,MULTIPOINT ((-53.2076 75.4154)),75.4154,-53.2076,88.7,,88.17077637,,11.2,1.57,-1.1,1.58,-3.84,,,994.69,,,30.53505559,,,8.118,1.9188,4.229,,,,NaN,-0.00329447,-0.00661684,0,-9.13237247,,3.379522,4.059628,0,0.03337148,NaN,883.7838,97.1,94.5,,,33.93069365,,2.7,3.2,29.40184,0.9832381,0.7199072,,,2.70974628,,293,237.7,296,248.5,17.3,8.4,15.9,7.8,,,715.63,
underway_1200.29951611,29951611,200809020,2008-12-17T22:40:00,20081217224000,MULTIPOINT ((-53.2071 75.5203)),75.5203,-53.2071,90.1,,88.03344727,,11.3,1.02,-0.43,2.11,-3.74,,,994.33,,,30.43897817,,,8.101,2.091,4.303,,,,NaN,-0.00329447,-0.00661684,0,-9.13237247,,6.083154,6.765936,0.03334479,0.03337148,NaN,883.7838,97.2,94.6,,,33.91315424,,2.7,3.1,NaN,0.9829025,0.7203692,,,2.6147887,,299,244.2,307,261.7,18.3,10.1,16.3,10,,,0,
underway_1200.29951731,29951731,200809020,2008-12-17T23:00:00,20081217230000,MULTIPOINT ((-53.2063 75.6246)),75.6246,-53.2063,88.9,,87.36328125,,11.1,1.58,0.3,3.13,-4.53,,,994.19,,,30.50448538,,,8.041,2.1238,,,,,14.19403,-0.00329447,-0.00661684,17.80858537,0,,13.180172,12.855392,0.1000344,0.1001144,NaN,884.4595,97.3,94.9,,,33.9253388,,2.7,3.3,13.51812,0.9841871,0.7193607,,,2.67933846,,296,230.9,291,229.5,21.8,12.9,18.7,9.4,,,0,
underway_1200.29951851,29951851,200809020,2008-12-17T23:20:00,20081217232000,MULTIPOINT ((-53.205 75.7405)),75.7405,-53.205,89.5,,87.69836426,,12.5,1.5,-0.56,2.64,-1.97,,,994.04,,,30.51322158,,,8.11,1.9434,4.3,,,,14.194,-0.00329447,-0.00661684,17.80858537,9.13237247,,22.98076,22.6662,0.2000687,0.1668574,NaN,883.7838,97.3,94.8,,,33.94684403,,2.7,3.3,NaN,0.9797912,0.7188232,,,2.66919928,,295,235.8,298,240.1,21.7,11.8,21.4,12,,,0,
underway_1200.29951971,29951971,200809020,2008-12-17T23:40:00,20081217234000,MULTIPOINT ((-53.2041 75.8556)),75.8556,-53.2041,90.8,,86.37451172,,13,2.51,-2.1,2.26,-3.98,,,993.6,,,30.49029226,,,8.051,1.8696,,,,,NaN,-0.00329447,-0.00330842,53.42574544,27.39710648,,40.89234,41.6113,0.3334479,0.3003434,NaN,884.4595,97.3,95.1,,,33.92449298,,2.8,3.5,NaN,0.9820922,0.7180824,,,2.66366813,,295,233.3,294,235.6,23.1,12.4,21.4,10.7,,,0,
underway_1200.29952091,29952091,200809020,2008-12-18T00:00:00,20081218000000,MULTIPOINT ((-53.2039 75.9738)),75.9738,-53.2039,89.3,,86.99523926,,12.9,0.95,-0.63,3.6,-3.59,,,993.46,,,30.4848336,,,8.103,2.2058,,,,,NaN,0,-0.00661684,35.61718143,27.39710648,,39.20244,39.91912,0.3001031,0.3003434,NaN,883.7838,97.4,94.7,,,33.92657568,,2.8,3.4,13.51808,0.9793177,0.7177324,,,2.65537051,,296,236.5,298,240.6,22.3,12.2,21.9,12.3,,,0,
underway_1200.29952211,29952211,200809020,2008-12-18T00:20:00,20081218002000,MULTIPOINT ((-53.2033 76.0921)),76.0921,-53.2033,89.2,,86.57775879,,12.7,2.85,-1.41,0.52,-1.48,,,993.17,,,30.48155783,,,,2.2386,,,,,14.19399,-0.00329447,-0.00661684,71.23433616,54.79424032,,60.49344,61.23156,0.4668271,0.4004578,NaN,883.7838,97.3,94.6,,,33.92156514,,2.9,3.5,NaN,0.9837786,0.7170521,,,2.65629252,,296,236.9,295,236.5,22.2,12.3,21.5,11.4,,,0,
underway_1200.29952331,29952331,200809020,2008-12-18T00:40:00,20081218004000,MULTIPOINT ((-53.203 76.2115)),76.2115,-53.203,90,,87.21496582,,13.1,1.09,0.26,0.27,-1.57,,,992.85,,,30.50885297,,,8.067,2.5994,4.304,,,,NaN,0,-0.00330842,89.04292687,73.05899621,,83.81214,85.25118,0.6668958,0.6006867,NaN,884.1217,97.3,94.5,,,33.93071198,,2.9,3.6,NaN,0.9846573,0.7165159,,,2.67933846,,297,235.2,298,237,24,13.7,23.8,13.6,,,0,
underway_1200.29952451,29952451,200809020,2008-12-18T01:00:00,20081218010000,MULTIPOINT ((-53.2022 76.3316)),76.3316,-53.2022,88.9,,86.00646973,,12.9,1.35,-0.82,2.1,-2.48,,,992.82,,,30.51322075,,,8.128,2.7552,4.279,,,,NaN,-0.00329447,-0.00330842,71.23433616,54.79424032,,63.535,64.27606,0.4668271,0.4338293,NaN,884.7974,97.2,94.7,,,33.93804089,,3,3.7,13.51808,0.987023,0.7152911,,,2.67749509,,294,228.6,292,233,26.6,15.9,21.7,11,,,0,
underway_1200.29952571,29952571,200809020,2008-12-18T01:20:00,20081218012000,MULTIPOINT ((-53.2003 76.4502)),76.4502,-53.2003,88.7,,84.73205566,,13,2.1,-1.72,1.24,-2.23,,,991.9,,,30.49793581,,,8.077,3.0668,4.301,,,,NaN,0.00329447,-0.00330842,186.9901491,155.25037037,,167.62426,168.81128,1.433826,1.268116,NaN,884.1217,97.1,94,,,33.93683492,,3,3.8,NaN,0.9875636,0.7148938,,,2.66090238,,297,236.6,302,243.9,25.4,15.3,25.1,15.9,,,0,
underway_1200.29952691,29952691,200809020,2008-12-18T01:40:00,20081218014000,MULTIPOINT ((-53.1981 76.5687)),76.5687,-53.1981,87.8,,86.36352539,,12.9,1.48,-0.36,2.32,-3.68,,,991.36,,,30.55142932,,,8.097,1.804,4.281,,,,NaN,0.00988341,0.00661684,347.26746554,310.50057654,,306.8608,310.5552,2.734273,2.436118,NaN,884.4595,97.2,94.1,,,33.89911707,,3,3.7,NaN,0.9892539,0.7139388,,,2.75855261,,301,243.3,307,256.6,23.4,14.4,21.2,13.8,,,0,
underway_1200.29952811,29952811,200809020,2008-12-18T02:00:00,20081218015959,MULTIPOINT ((-53.1969 76.6641)),76.6641,-53.1969,90.9,,87.15454102,,9.2,1.49,-0.89,1.55,-1.61,,,991.18,,,30.56671621,,,8.094,2.1074,4.265,,,,NaN,0,-0.00330842,169.18155839,146.11796505,,159.5134,163.0589,1.333792,1.201373,NaN,885.1353,96.9,93.9,,,33.91983083,,3,3.9,13.18013,0.9869554,0.713129,,,2.75671154,,305,232,304,234.3,27.9,20.9,23.9,17,,,,
underway_1200.29952931,29952931,200809020,2008-12-18T02:20:00,20081218022000,MULTIPOINT ((-53.1973 76.7492)),76.7492,-53.1973,92.3,,82.52380371,,9.2,1.64,-0.79,2.72,-3.31,,,990.63,,,30.56671521,,,8.123,2.2632,,,,,NaN,0.00329447,-0.00330842,169.18155839,146.11796505,,160.86522,163.0582,1.333792,1.201373,NaN,883.7838,97,93.8,,,33.90911154,,3.1,3.9,NaN,0.9821565,0.7130583,,,2.76683674,,301,229.9,298,230.4,29.8,22.2,23.7,15.9,,,,
underway_1200.29953051,29953051,200809020,2008-12-18T02:40:00,20081218024000,MULTIPOINT ((-53.197 76.8327)),76.8327,-53.197,89.1,,82.04589844,,9.2,1.88,-2.11,3.29,-1.1,,,990.38,,,30.58309349,,,8.118,2.8782,4.347,,,,NaN,0,-0.00330842,169.18155839,136.98561447,,148.69934,150.203,1.200412,1.067888,NaN,883.4461,97,93.8,,,33.92531399,,3.1,3.9,NaN,0.9847951,0.7134642,,,2.77051824,,301,233.2,299,233.6,27.9,20.7,22.8,15.5,,,,
underway_1200.29953171,29953171,200809020,2008-12-18T03:00:00,20081218030000,MULTIPOINT ((-53.1962 76.9161)),76.9161,-53.1962,89,,82.54577637,,8.9,2.36,-1.5,3.1,1.02,,,989.89,,,30.55798223,,,8.138,3.2144,4.288,,,,NaN,0,-0.00661684,115.75581295,109.58848063,,113.55886,115.69706,0.8669645,0.7675442,NaN,883.4461,97,93.6,,,33.92275606,,3.2,3.9,13.51891,0.9857314,0.7129915,,,2.74382258,,299,227.9,292,227,28.8,21.5,18.9,11.2,,,,
underway_1200.29953291,29953291,200809020,2008-12-18T03:20:00,20081218032000,MULTIPOINT ((-53.1946 76.9991)),76.9991,-53.1946,87.9,,81.70532227,,9,0.2,-1.17,3.5,0.66,,,990.01,,,30.5186787,,,8.149,2.6322,4.288,,,,NaN,0,-0.00330842,151.37296767,127.85323653,,139.2485,142.08398,1.067033,0.967773,NaN,882.7704,97.3,93.4,,,33.92813942,,3.3,4.1,NaN,0.9850141,0.711773,,,2.693162,,298,227.2,291,224.6,31.5,24.1,21.3,13.5,,,,
underway_1200.29953411,29953411,200809020,2008-12-18T03:40:00,20081218034000,MULTIPOINT ((-53.1917 77.0834)),77.0834,-53.1917,85.2,,82.30957031,,9.3,1.14,-1.33,2.89,-0.52,,,989.49,,,30.4400717,,,8.104,2.0582,4.286,,,,NaN,0.00329447,-0.00330842,186.9901491,146.11796505,,162.23912,163.0583,1.267102,1.13463,NaN,882.4326,96.4,93.4,,,33.93213478,,3.4,4.1,NaN,0.984183,0.7109613,,,2.59817957,,296,224.2,291,223.8,34.3,26.8,22.9,15,,,,
underway_1200.29953531,29953531,200809020,2008-12-18T04:00:00,20081218040000,MULTIPOINT ((-53.1877 77.1668)),77.1668,-53.1877,86.4,,82.99072266,,8.4,1.9,-1.64,5.12,0.19,,,988.88,,,30.40513556,,,,1.6072,4.282,,,,14.19598,0.00329447,0,204.79873982,164.38272095,,177.11176,180.65128,1.400481,1.268116,NaN,882.4326,96,93.2,,,33.9341529,,3.5,4.2,13.51998,0.9843222,0.7102911,,,2.55571421,,299,225.5,294,225.4,34.9,28.3,23.1,16.2,,,,
underway_1200.29953651,29953651,200809020,2008-12-18T04:20:00,20081218042000,MULTIPOINT ((-53.1841 77.2488)),77.2488,-53.1841,87.8,,83.41918945,,9.2,1.03,-0.86,4.08,1.23,,,988.6,,,30.34181579,,,8.145,1.2054,4.27,,,,30.75808,0.00329447,-0.00330842,293.84163999,246.57409511,,257.2186,259.1358,2.134066,1.868803,NaN,882.4326,95.7,92.4,,,33.95422223,,3.5,4.2,30.08208,0.9833121,0.7086655,,,2.4632999,,299,224.5,291,222.9,36.5,29,22.3,14.4,,,,
underway_1200.29953771,29953771,200809020,2008-12-18T04:40:00,20081218044000,MULTIPOINT ((-53.181 77.3349)),77.3349,-53.181,89,,84.52331543,,9.2,1.14,-0.02,5.14,-1.29,,,988.29,,,30.29923728,,,8.164,1.517,,,,,NaN,0,-0.00330842,365.07589603,310.50057654,,314.007,322.0568,2.600894,2.302633,NaN,882.4326,94.8,92.3,,,33.94881102,,3.6,4.3,NaN,0.9837983,0.7074426,,,2.41889308,,296,221.3,290,220,32.7,24.9,21.7,13.5,,,,
underway_1200.29953891,29953891,200809020,2008-12-18T05:00:00,20081218050000,MULTIPOINT ((-53.1796 77.4199)),77.4199,-53.1796,90.4,,85.40222168,,9.1,1.11,-2.05,2.56,1.25,,,988.06,,,30.28395237,,,8.144,1.4678,,,,,14.19602,-0.00329447,-0.00330842,258.22451196,210.04461068,,223.0802,225.3044,1.800619,1.535088,NaN,882.4326,93.3,91.3,,,33.94269308,,3.7,4.5,NaN,0.9837838,0.7054128,,,2.40686087,,296,217.8,292,218.8,37.1,29.2,24.2,16.2,,,,
underway_1200.29954011,29954011,200809020,2008-12-18T05:20:00,20081218052000,MULTIPOINT ((-53.178 77.5048)),77.5048,-53.178,86.5,,82.46887207,,9.2,1.71,-1.64,5.27,0.29,,,987.7,,,30.26648633,,,8.119,1.3694,4.265,,,,NaN,-0.00329447,-0.00992526,258.22451196,219.17698863,,225.7778,229.364,1.800619,1.56846,NaN,882.4326,92.6,90.6,,,33.96152023,,3.8,4.4,13.51963,0.9838234,0.7063601,,,2.36889814,,297,225.7,292,224.3,32.7,25.3,23.4,15.6,,,,
underway_1200.29954131,29954131,200809020,2008-12-18T05:40:00,20081218054000,MULTIPOINT ((-53.177 77.5882)),77.5882,-53.177,88.9,,81.61193848,,8.8,0.84,-0.52,7.08,-0.47,,,987.6,,,30.21735809,,,8.148,1.2464,4.272,,,,30.75819,-0.00329447,-0.00661684,293.84163999,246.57409511,,260.9376,261.8404,2.100722,1.80206,NaN,881.7568,92.8,90.1,,,33.95788919,,3.7,4.5,21.29413,0.9833833,0.7054804,,,2.31515584,,296,222.4,291,221.4,38.1,30.6,23.4,15.6,,,,
underway_1200.29954251,29954251,200809020,2008-12-18T06:00:00,20081218060000,MULTIPOINT ((-53.1769 77.6644)),77.6644,-53.1769,91.8,,83.98498535,,8.2,1.28,-0.57,5.26,-1.23,,,987.14,,,30.22936611,,,8.041,1.2956,4.201,,,,14.19569,-0.00329447,-0.00330842,293.84163999,246.57409511,,257.5504,261.8404,2.100722,1.80206,NaN,881.0812,92.5,89.8,,,33.94707902,,3.7,4.8,NaN,0.9825444,0.7032477,,,2.33925287,,294,216.1,290,214.7,36.3,28.8,24.6,17,,,,
underway_1200.29954371,29954371,200809020,2008-12-18T06:20:00,20081218062000,MULTIPOINT ((-53.1768 77.7423)),77.7423,-53.1768,89.6,,83.07312012,,8.2,3.82,-3.36,5.15,-1.86,,,986.93,,,30.22609209,,,8.055,1.2218,4.277,,,,14.19569,-0.00329447,-0.00330842,311.65033752,255.70647305,,268.0282,272.6658,2.200756,1.902175,NaN,881.0812,92.9,89.6,,,33.9598321,,3.8,5,NaN,0.9822743,0.7011503,,,2.32349816,,292,215.3,291,217.2,37.6,30.2,25.9,18.5,,,,
underway_1200.29954491,29954491,200809020,2008-12-18T06:40:00,20081218064000,MULTIPOINT ((-53.1758 77.8184)),77.8184,-53.1758,86.5,,81.14501953,,8.3,0.71,-0.25,3.25,0.9,,,986.86,,,30.15403726,,,8.113,1.3202,4.285,,,,13.85831,-0.00329447,-0.01323368,293.84163999,246.57409511,,254.1816,256.4276,2.067377,1.80206,NaN,881.0812,93.8,87.9,,,33.94750909,,3.7,4.9,13.5203,0.9819794,0.7001354,,,2.25116151,,292,217.1,288,216.6,39.9,32.6,25.1,17.6,,,1427.91,
underway_1200.29954611,29954611,200809020,2008-12-18T07:00:00,20081218070000,MULTIPOINT ((-53.1726 77.8929)),77.8929,-53.1726,86.7,,82.6940918,,8.2,2.69,-2.56,8.55,-2.92,,,986.67,,,30.15403681,,,8.046,1.5416,,,,,NaN,-0.00329447,-0.00992526,276.03294246,237.44171716,,247.411,248.3086,2.034032,1.768689,NaN,881.419,94.4,88.7,,,33.94255005,,3.7,4.9,29.06741,0.981194,0.7012179,,,2.25580096,,289,212.9,287,214.6,34.1,26.6,24.1,16.6,,,0,
underway_1200.29954731,29954731,200809020,2008-12-18T07:20:00,20081218072000,MULTIPOINT ((-53.169 77.9659)),77.9659,-53.169,89.6,,87.71484375,,8.1,2.85,-1.59,4.17,0.32,,,986.56,,,30.13001961,,,8.132,1.5252,4.285,,,,14.19621,-0.00329447,0,258.22451196,191.77985479,,223.0834,225.3044,1.833964,1.601831,NaN,881.0812,95.5,90.8,,,33.94836161,,3.5,5.1,NaN,0.9786598,0.7005414,,,2.22238933,,295,213.6,292,212.5,40,32.8,29.8,22.5,,,1193.6,
underway_1200.29954851,29954851,200809020,2008-12-18T07:40:00,20081218074000,MULTIPOINT ((-53.1675 78.0404)),78.0404,-53.1675,88.1,,85.31433105,,8.4,1.14,-0.84,3.61,0.12,,,986.4,,,30.12783658,,,8.095,1.7302,4.286,,,,NaN,0,-0.00992526,258.22451196,228.30936658,,236.5944,236.13,1.933998,1.668574,NaN,881.0812,96.1,88.1,,,33.95259254,,3.6,5.5,NaN,0.9772023,0.6971584,,,2.21589057,,292,212.8,290,213.4,39.1,31.6,28.5,20.9,,,1480.47,
underway_1200.29954971,29954971,200809020,2008-12-18T08:00:00,20081218080000,MULTIPOINT ((-53.1662 78.1175)),78.1175,-53.1662,88.5,,86.31958008,,8.2,4.33,-4,6.59,-0.68,,,986.36,,,30.11910307,,,8.111,1.6482,,,,,13.85822,0,-0.0165421,293.84163999,246.57409511,,262.2922,263.5318,2.234101,1.868803,NaN,881.0812,96,86.9,,,33.95462213,,3.6,5.6,13.52022,0.975754,0.6947904,,,2.20381968,,295,214.5,293,214,43.1,36.1,33.3,26.2,,,1786.37,
underway_1200.29955091,29955091,200809020,2008-12-18T08:20:00,20081218082000,MULTIPOINT ((-53.164 78.1963)),78.1963,-53.164,86.6,,85.26489258,,8.6,1.57,-0.45,4.56,0.82,,,986.2,,,30.12783667,,,8.118,1.6236,4.29,,,,13.52036,0,-0.00992526,293.84163999,246.57409511,,256.8868,259.134,2.167411,1.868803,NaN,881.0812,95.8,88.5,,,33.95358583,,3.6,5.5,13.52036,0.9744125,0.6954669,,,2.21496213,,288,208.1,286,208.7,39.2,31.3,30.1,22.2,,,2115.37,
underway_1200.29955211,29955211,200809020,2008-12-18T08:40:00,20081218084000,MULTIPOINT ((-53.1614 78.2755)),78.2755,-53.1614,86.2,,85.05615234,,8.3,2.08,-3.01,6.68,-0.84,,,986.42,,,30.15185622,,,8.127,1.7384,4.268,,,,NaN,-0.00329447,-0.00992505,249.3201899,210.04198357,,221.735,221.245,1.867308,1.535069,NaN,881.0812,95.3,87.6,,,33.97358026,,3.6,5.9,NaN,0.9727268,0.6936401,,,2.22424599,,289,210.3,287,209.8,37.8,30.3,29.2,21.6,,,2279.29,
underway_1200.29955331,29955331,200809020,2008-12-18T09:00:00,20081218090000,MULTIPOINT ((-53.1592 78.3519)),78.3519,-53.1592,84.5,,88.84094238,,8.2,1.15,-2.29,4.44,-0.41,,,986.44,,,30.05251188,,,8.198,1.599,4.282,,,,14.1964,-0.00329447,-0.02315843,329.45876801,283.09427516,,290.6882,292.9634,2.467514,2.135706,NaN,881.0812,94.8,84.1,,,33.98600955,,3.7,6.3,NaN,0.9712366,0.6887687,,,2.09693817,,287,204.5,286,204.1,37,29.6,32.1,24.6,,,,
underway_1200.29955451,29955451,200809020,2008-12-18T09:20:00,20081218092000,MULTIPOINT ((-53.1562 78.427)),78.427,-53.1562,84.8,,86.92932129,,7.9,1.07,-1.1,4.28,1.8,,,986.25,,,29.833081,,,8.151,1.8286,4.283,,,,NaN,-0.00329447,-0.02977331,258.22451196,219.15099112,,235.2598,232.0704,2.034032,1.735112,NaN,881.0812,93.6,82.8,,,33.95614145,,3.7,6,NaN,0.9702438,0.6888364,,,1.86862892,,285,203.1,284,202.5,38,30.7,31.8,24.4,,,,
underway_1200.29955571,29955571,200809020,2008-12-18T09:40:00,20081218094000,MULTIPOINT ((-53.1529 78.5023)),78.5023,-53.1529,86.3,,90.1373291,,8.1,2.68,-4.32,2.89,0.43,,,986.38,,,29.66933493,,,8.151,1.5252,4.245,,,,NaN,-0.00329447,-0.02646356,365.07589603,301.32044527,,314.3762,314.6144,2.900997,2.53583,NaN,881.0812,92.9,82.2,,,33.97341087,,3.7,5.9,12.84548,0.9702393,0.6890393,,,1.66103643,,284,200.4,283,200.4,33.2,25.8,27.9,20.4,,,0,
underway_1200.29955691,29955691,200809020,2008-12-18T10:00:00,20081218100000,MULTIPOINT ((-53.1502 78.5894)),78.5894,-53.1502,87.3,,88.19274902,,9.8,2.12,-1.31,3.95,2.88,,,985.82,,,29.78722083,,,8.134,1.2136,0,,,,NaN,0,-0.00992359,454.11884961,392.62534234,,389.0834,390.3924,3.634582,3.169753,NaN,881.419,92.4,82.3,,,33.8403829,,3.6,5.8,20.95844,0.9715252,0.688295,,,1.92275233,,289,207.8,286,208.1,35.5,26.7,26.8,17.9,,,2296.32,
underway_1200.29955811,29955811,200809020,2008-12-18T10:20:00,20081218102000,MULTIPOINT ((-53.1482 78.6818)),78.6818,-53.1482,89.5,,91.04370117,,9.9,2.53,-0.88,3.48,2.18,,,986.08,,,29.86255853,,,8.137,1.6236,4.233,,,,NaN,0,-0.00992355,418.50172158,356.09829347,,363.7296,367.3884,3.467858,3.036258,NaN,881.0812,93.3,84.8,,,33.98417847,,3.5,5.2,NaN,0.970847,0.6920163,,,1.87703043,,288,203.2,287,204.7,36.2,27,29.2,20,,,0,
underway_1200.29955931,29955931,200809020,2008-12-18T10:40:00,20081218104000,MULTIPOINT ((-53.1481 78.7755)),78.7755,-53.1481,91.6,,93.91662598,,9.7,2.84,-1.58,7.57,-2.94,,,986.12,,,29.32874899,,,8.191,1.2874,4.221,,,,NaN,-0.00658894,-0.02315423,329.45876801,283.04501672,,290.023,291.6104,2.700928,2.335522,NaN,881.0812,92.9,83,,,33.92799357,,3.3,5.2,NaN,0.9707997,0.6933695,,,1.30315893,,286,197.1,285,196.1,36.1,26.7,33.3,23.9,,,0,
underway_1200.29956051,29956051,200809020,2008-12-18T11:00:00,20081218110000,MULTIPOINT ((-53.1488 78.8683)),78.8683,-53.1488,90.1,,93.72436523,,9.7,3.87,-3.91,4.81,1.15,,,985.83,,,29.27962634,,,8.161,1.3202,4.256,,,,14.19774,-0.00988341,-0.01653844,222.60733053,173.47840136,,197.4162,196.8877,1.733929,1.534764,NaN,881.7568,92.5,84.4,,,33.90816776,,3.4,5.3,NaN,0.971193,0.6963465,,,1.26358286,,289,203.7,288,204.4,32.6,23.7,25.5,16.5,,,,
underway_1200.29956171,29956171,200809020,2008-12-18T11:20:00,20081218112000,MULTIPOINT ((-53.1508 78.9617)),78.9617,-53.1508,93.1,,94.37805176,,10.4,1.68,-0.65,3.87,-0.21,,,986.09,,,29.21631468,,,8.147,1.4432,4.214,,,,NaN,-0.00988341,-0.02315407,222.60733053,173.47730673,,193.3667,195.53452,1.800619,1.601482,NaN,882.0946,91.3,84.6,,,33.89883234,,3.2,4.5,12.84604,0.9714986,0.7023681,,,1.19756724,,283,192.5,282,191.5,36.3,26.1,35.7,25.5,,,,
underway_1200.29956291,29956291,200809020,2008-12-18T11:40:00,20081218114000,MULTIPOINT ((-53.1535 79.0574)),79.0574,-53.1535,94.2,,94.15283203,,10.6,2.33,-3.2,4.4,-1.47,,,985.8,,,29.16719272,,,8.113,1.4268,,,,,NaN,-0.01976682,-0.0297712,258.22451196,210.02143185,,223.12,221.245,2.067377,1.735126,NaN,882.4326,88.7,84.8,,,33.87689045,,3.4,4.1,NaN,0.9726007,0.7058188,,,1.15981282,,279,187.3,277,185.1,33.8,23.3,33.7,23.1,,,2442.24,
underway_1200.29956411,29956411,200809020,2008-12-18T12:00:00,20081218120000,MULTIPOINT ((-53.1517 79.1527)),79.1527,-53.1517,87.9,,85.63293457,,10.2,4.34,-4.14,5.19,0.96,,,985.83,,,29.16173632,,,8.142,1.7302,4.252,,,,14.19838,-0.01976682,-0.03638946,115.75581295,82.18707773,,104.12148,101.48852,0.9003094,0.8008738,NaN,881.419,85.7,81.8,,,33.89247859,,3.5,4.3,NaN,0.9734006,0.703383,,,1.1390382,,279,198.3,278,197.6,38.4,28.5,36.3,26.3,,,2425.1,
underway_1200.29956531,29956531,200809020,2008-12-18T12:20:00,20081218122000,MULTIPOINT ((-53.1493 79.2475)),79.2475,-53.1493,88.4,,86.88537598,,10.3,1.42,-1.84,5.21,-1.21,,,986.13,,,29.13553782,,,8.168,1.9598,4.279,,,,14.19876,-0.01976682,-0.03308196,133.56437696,109.58333586,,121.36562,123.81598,1.067033,0.9343576,NaN,868.919,85.2,81.1,,,33.87733961,,3.3,4.4,13.52263,0.9728858,0.7058188,,,1.12203567,,278,195.6,278,195,36.1,26,33.5,23.4,,,2172.49,
underway_1200.29956651,29956651,200809020,2008-12-18T12:40:00,20081218124000,MULTIPOINT ((-53.146 79.3428)),79.3428,-53.146,82.7,,83.73779297,,10.2,0.76,-0.59,7.34,-2.03,,,986.19,,,29.14099536,,,8.203,1.9598,4.281,,,,NaN,-0.02635576,-0.03308351,133.56437696,100.45530908,,117.64642,117.05008,1.067033,0.9343942,NaN,866.2163,81.3,79.4,,,33.87510059,,3.4,3.9,20.95999,0.9749777,0.7103519,,,1.13053751,,275,195.1,274,193.8,39.2,29.4,37,27.1,,,2105.86,
underway_1200.29956771,29956771,200809020,2008-12-18T13:00:00,20081218130000,MULTIPOINT ((-53.1415 79.4372)),79.4372,-53.1415,86,,85.06713867,,10.4,1.68,-0.29,6.02,-1.22,,,986.38,,,29.16937562,,,8.117,1.9516,4.317,,,,14.19878,-0.0263566,-0.02977575,97.95112097,91.32372474,,97.36306,96.75238,0.9003451,0.8009157,NaN,864.865,81.1,78.2,,,33.87455985,,3.3,4,NaN,0.9755237,0.7103519,,,1.16453337,,277,196,276,194.9,41.9,31.8,40.3,30.1,,,,
underway_1200.29956891,29956891,200809020,2008-12-18T13:20:00,20081218132000,MULTIPOINT ((-53.1366 79.5302)),79.5302,-53.1366,83.6,,84.56176758,,9.9,1.88,-1.13,7.38,-2.99,,,986.41,,,29.2414195,,,8.21,1.8942,4.301,,,,14.1987,-0.0263585,-0.0330842,97.96060078,82.19137416,,96.01028,96.75238,0.9337817,0.8009157,NaN,864.865,81.9,79.9,,,33.88589779,,3,3.5,NaN,0.9764652,0.7144791,,,1.23907088,,266,182.9,265,180.9,41.5,31.5,41.3,31.3,,,,
underway_1200.29957011,29957011,200809020,2008-12-18T13:40:00,20081218134000,MULTIPOINT ((-53.1311 79.6215)),79.6215,-53.1311,84.5,,83.03466797,,9.7,2.02,-2.35,5.07,-0.06,,,986.97,,,29.39206122,,,,2.3124,4.262,,,,NaN,-0.0329502,-0.03639261,89.0590025,54.79424032,,73.0223,72.39514,0.6336653,0.5673153,NaN,864.865,80.3,80,,,33.93116567,,3.1,3.2,13.52265,0.9774169,0.7166442,,,1.37470944,,267,185,266,183.7,38.8,29.1,39.1,29.4,,,2250.24,
underway_1200.29957131,29957131,200809020,2008-12-18T14:00:00,20081218140000,MULTIPOINT ((-53.126 79.7077)),79.7077,-53.126,88.6,,90.04943848,,10.2,0.88,-0.76,4.97,-2.42,,,986.88,,,29.38114553,,,8.124,2.5584,,,,,14.19878,-0.052721,-0.05624313,71.2469136,54.79424032,,64.9087,63.93896,0.5002602,0.5005723,NaN,864.865,77.3,81.2,,,33.93357525,,4.1,2.8,62.20418,0.9782282,0.7204467,,,1.35965294,,257,163.8,255,161.5,41.7,31.7,42.5,32.6,,,2104.32,
underway_1200.29957251,29957251,200809020,2008-12-18T14:20:00,20081218142000,MULTIPOINT ((-53.1245 79.8055)),79.8055,-53.1245,89.3,,92.43896484,,10.4,1.82,-1.4,2.7,-0.4,,,987.45,,,29.19011936,,,8.106,2.665,4.291,,,,NaN,-0.03295197,-0.02977578,35.62444484,9.13237247,,33.80662,34.50708,0.3001643,0.3003434,NaN,864.865,77.9,82.8,,,33.92274111,,3.7,2.4,NaN,0.9775521,0.7236338,,,1.14470469,,257,159.7,255,157.7,33.6,23.4,37.5,27.4,,,2002.94,
underway_1200.29957371,29957371,200809020,2008-12-18T14:40:00,20081218144000,MULTIPOINT ((-53.125 79.9035)),79.9035,-53.125,89.5,,92.19177246,,12.3,2.72,-1.59,2.76,-0.24,,,987.76,,,29.12025447,,,8.032,2.952,4.246,,,,NaN,-0.03954188,-0.02977578,17.81225713,0,,17.241362,18.268986,0.1667583,0.1668574,NaN,866.2163,76.8,82.4,,,33.85771603,,3.8,2.3,13.18457,0.97674,0.7256848,,,1.12203567,,255,153.7,253,152.7,32.5,20.8,41.7,30.2,,,,
underway_1200.29957491,29957491,200809020,2008-12-18T15:00:00,20081218150000,MULTIPOINT ((-53.1351 80.0211)),80.0211,-53.1351,103.7,,106.67175293,,12.9,2.05,-1.2,6.41,-2.07,,,988.28,,,29.12680966,,,8.125,2.9028,4.325,,,,NaN,-0.03953975,-0.0330842,0,-18.26474768,,7.437456,8.119914,0.06669985,0.03337148,NaN,864.865,79.6,82.2,,,33.9258146,,2.6,2.2,29.07369,0.9753885,0.7272736,,,1.06721834,,253,124.7,250,125.9,27.5,17.4,33.9,24,,,,
underway_1200.29957611,29957611,200809020,2008-12-18T15:20:00,20081218152000,MULTIPOINT ((-53.1338 80.1413)),80.1413,-53.1338,87.6,,88.87390137,,13.1,1.73,-2.42,4.07,-6.49,,,988.96,,,28.99145507,,,8.116,2.8044,4.281,,,,NaN,-0.03954057,-0.02977578,0,-18.26474768,,3.380662,2.706756,0.03335087,0.03337148,NaN,864.865,,83.5,,,33.87529786,,,1.9,NaN,0.97478,0.7296058,,,0.95365073,,249,140.8,243,143.2,23.4,11.9,37.7,26.6,,,1382.16,
underway_1200.29957731,29957731,200809020,2008-12-18T15:40:00,20081218154000,MULTIPOINT ((-53.1508 80.2533)),80.2533,-53.1508,118.5,,120.59143066,,12.6,4.18,-0.78,6.13,-6.37,,,989.47,,,28.92923836,,,,2.8126,4.27,,,,NaN,-0.03953927,-0.03639261,0,-27.39710648,,2.028384,1.691843,0.03334965,0,NaN,864.865,79.8,81.5,,,33.87253179,,2,1.7,13.18449,0.9748411,0.7316882,,,0.88256628,,229,81.6,243,96.1,29.2,27.2,30,24.9,,,1373.03,
underway_1200.29957851,29957851,200809020,2008-12-18T16:00:00,20081218160000,MULTIPOINT ((-53.1203 80.3475)),80.3475,-53.1203,63.3,,62.08374023,,8.1,4.66,-5.19,3.67,-0.26,,,990.7,,,28.95106714,,,8.109,2.9028,4.292,,,,NaN,-0.1219202,-0.1124863,0,-18.26474768,,2.028396,1.3536186,-0.0333513,0,NaN,864.1893,,81.5,,,33.85520962,,,1.6,30.08789,0.9747124,0.7331199,,,0.92427894,,236,173.1,235,171,29,21.2,29,21.2,,,986.07,
underway_1200.29957971,29957971,200809020,2008-12-18T16:20:00,20081218162000,MULTIPOINT ((-53.0936 80.4267)),80.4267,-53.0936,62.2,,59.57336426,,10,1.31,-2.26,9.22,-3.01,,,991.49,,,28.98708564,,,8.219,3.0258,,,,,NaN,-0.05931275,-0.05293471,0,-18.26474768,,2.028396,1.3536194,0,-0.03337148,NaN,864.865,87.6,88.4,,,33.83663667,,1.3,1.1,NaN,0.9712641,0.7369103,,,0.98395556,,243,183.9,242,182.5,29.3,19.4,29,19.1,,,1234.14,
underway_1200.29958091,29958091,200809020,2008-12-18T16:40:00,20081218164000,MULTIPOINT ((-53.0674 80.504)),80.504,-53.0674,58.1,,57.63427734,,9.3,1.2,-2.96,5.88,0.17,,,991.57,,,29.12134507,,,8.173,2.8782,4.266,,,,29.41176,-0.2142002,-0.1951968,0,-18.26474768,,2.028396,1.3536372,-0.03335348,-0.03337148,NaN,864.865,82.6,85.8,,,33.84679762,,1.8,1.3,29.07369,0.9719402,0.7365817,,,1.1333712,,237,179.6,236,178.2,27.7,18.6,28.1,19,,,,
underway_1200.29958211,29958211,200809020,2008-12-18T17:00:00,20081218170000,MULTIPOINT ((-53.0421 80.5779)),80.5779,-53.0421,62.5,,60.67749023,,9,2.16,-2.14,9.97,-5.92,,,992.18,,,29.30472835,,,8.18,3.1406,,,,,13.86071,-0.158181,-0.1521873,0,-18.26474768,,2.028396,1.3536374,-0.0333553,-0.03337148,NaN,864.865,85.4,86.6,,,33.86055302,,1.5,1.4,NaN,0.9716022,0.7369202,,,1.33706144,,243,184.4,243,184.1,25.3,16.5,24.5,15.7,,,837.12,
underway_1200.29958331,29958331,200809020,2008-12-18T17:20:00,20081218172000,MULTIPOINT ((-53.0178 80.6507)),80.6507,-53.0178,60.1,,58.40881348,,9.2,0.99,-1.5,10.35,-2.39,,,992.78,,,29.44663408,,,8.255,3.1652,4.312,,,,14.19878,-0.026364,-0.0165421,0,-18.26474768,,2.028396,1.3536374,-0.03335538,-0.03337148,NaN,866.2163,85.4,86.2,,,33.85314738,,1.4,1.8,12.84652,0.9714669,0.7348898,,,1.51099468,,251,200.3,250,198.5,21.8,12.9,19.8,10.9,,,2976.77,
underway_1200.29958451,29958451,200809020,2008-12-18T17:40:00,20081218174000,MULTIPOINT ((-52.9941 80.7255)),80.7255,-52.9941,61.3,,59.6282959,,9.2,0.86,-1.18,4.56,0.12,,,992.78,,,29.91058238,,,,3.7146,4.325,,,,14.19878,-0.2109134,-0.2150473,0,-18.26474768,,2.028396,1.3536374,-0.0333556,-0.03337148,NaN,864.865,83.7,82.6,,,33.87626634,,1.5,1.7,NaN,0.9722783,0.7336716,,,2.03365347,,246,188.5,245,186.9,26.2,17,25.4,16.2,,,3474.43,
underway_1200.29958571,29958571,200809020,2008-12-18T18:00:00,20081218180000,MULTIPOINT ((-52.9703 80.802)),80.802,-52.9703,60.4,,58.40881348,,9.6,0.82,-2.9,6.07,0.16,,,993.35,,,29.88766131,,,8.086,3.7966,4.203,,,,14.19878,-0.2076186,-0.1918883,0,-18.26474768,,2.028396,1.3536374,-0.03335575,-0.03337148,NaN,864.865,85.2,84.2,,,33.92144307,,1.3,2.4,13.18458,0.972143,0.7329946,,,1.96471266,,253,203.6,252,203.5,22.8,13.9,19.6,10.6,,,3242.5,
underway_1200.29958691,29958691,200809020,2008-12-18T18:20:00,20081218182000,MULTIPOINT ((-52.9433 80.8773)),80.8773,-52.9433,61.3,,56.85424805,,9.4,1.68,-1.13,8.47,-3.46,,,993.82,,,29.53615109,,,8.22,3.2882,4.24,,,,NaN,-0.1911428,-0.2018136,0,-18.26474768,,2.028396,1.3536374,-0.0333559,-0.03337148,NaN,864.865,87,80.9,,,33.91203751,,1.3,2.8,NaN,0.9728868,0.7266326,,,1.56167378,,259,213,256,212.6,23.6,15,18.8,10.1,,,,
underway_1200.29958811,29958811,200809020,2008-12-18T18:40:00,20081218184000,MULTIPOINT ((-52.9169 80.9523)),80.9523,-52.9169,58.7,,56.00830078,,9.7,2.08,-1.5,10.9,-6.48,,,993.93,,,29.4106165,,,8.111,3.2964,4.281,,,,NaN,-0.1779594,-0.1885799,0,-27.39710648,,2.028396,1.3536374,-0.03335479,-0.1001144,NaN,864.865,86.4,80.8,,,33.91097445,,1.2,2.8,13.18458,0.9728192,0.7255497,,,1.41515589,,253,203.8,248,197.7,28.1,18.9,25.1,15.7,,,,
underway_1200.29958931,29958931,200809020,2008-12-18T19:00:00,20081218190000,MULTIPOINT ((-52.89 81.0274)),81.0274,-52.89,59.6,,57.40905762,,9.8,2.17,-4.65,10.24,-4.71,,,994.59,,,29.33529741,,,8.134,2.8618,4.322,,,,NaN,-0.1450045,-0.1588041,0,-18.26474768,,2.028396,1.3536374,-0.03335587,-0.03337148,NaN,863.5136,84.9,80.1,,,33.91591168,,1.3,2.7,30.08789,0.9728192,0.7266326,,,1.32199592,,252,201.7,250,200.6,24.9,15.7,22.5,13.2,,,2910.72,
underway_1200.29959051,29959051,200809020,2008-12-18T19:20:00,20081218192000,MULTIPOINT ((-52.8624 81.1016)),81.1016,-52.8624,57.3,,55.53588867,,9.5,2.12,-0.77,7.15,-5.72,,,994.62,,,29.26870851,,,8.152,2.6158,,,,,NaN,-0.08568475,-0.0992526,0,-18.26474768,,1.690331,1.3536374,-0.0333559,-0.03337148,NaN,863.5136,83.2,77.7,,,33.8839743,,1.5,3.1,NaN,0.9734277,0.7231131,,,1.273008,,253,209,250,208.2,21.1,12.2,17.2,8.2,,,3677.18,
underway_1200.29959171,29959171,200809020,2008-12-18T19:40:00,20081218194000,MULTIPOINT ((-52.8363 81.1753)),81.1753,-52.8363,59.1,,56.14013672,,9.2,1.53,-1.32,4.93,-1.68,,,994.93,,,29.34292992,,,,3.116,4.287,,,,NaN,-0.08568475,-0.1058694,0,-18.26474768,,2.028396,1.3536194,-0.0333559,0,NaN,863.5136,82.5,74.9,,,33.81867961,,1.7,3.4,13.52265,0.9734953,0.7201932,,,1.42079751,,256,211,254,212.8,22.2,13.5,17.6,8.9,,,4382.21,
underway_1200.29959291,29959291,200809020,2008-12-18T20:00:00,20081218200000,MULTIPOINT ((-52.8107 81.2482)),81.2482,-52.8107,59.8,,56.46972656,,9.2,2.37,-1.38,4.46,1.54,,,995.27,,,29.57654281,,,8.065,3.2062,,,,,14.19878,-0.09886576,-0.1124863,0,-18.26474768,,2.028396,1.3535626,-0.03335519,-0.03337148,NaN,863.5136,83,76.9,,,33.93285474,,1.6,3.4,NaN,0.9732925,0.720366,,,1.58981121,,253,205,251,204.6,22.5,13.8,18.3,9.6,,,4529.56,
underway_1200.29959411,29959411,200809020,2008-12-18T20:20:00,20081218202000,MULTIPOINT ((-52.7855 81.321)),81.321,-52.7855,60,,57.22229004,,9.1,1.28,-2.24,5,0.31,,,995.51,,,29.36586186,,,8.079,2.9192,,,,,13.52265,-0.042842,-0.05955155,0,-18.26474768,,2.028396,1.3534706,-0.0333558,0,NaN,863.5136,84.2,76.6,,,33.91713855,,1.6,3.2,13.18458,0.9725487,0.7200463,,,1.35682945,,261,215.9,256,214.6,22.5,14.6,16.8,8.7,,,,
underway_1200.29959531,29959531,200809020,2008-12-18T20:40:00,20081218204000,MULTIPOINT ((-52.7595 81.395)),81.395,-52.7595,60,,54.28344727,,9.4,2.9,-1.76,6.08,-1.39,,,995.59,,,29.38114221,,,8.03,2.87,,,,,13.86071,-0.06591049,-0.07278523,0,-18.26474768,,2.028396,1.3533736,0,-0.03337148,NaN,863.5136,87.3,80.6,,,33.89583288,,1,2.8,NaN,0.9726164,0.7232428,,,1.39446561,,256,208.8,254,210.6,23.2,14.2,18.9,9.9,,,,
underway_1200.29959651,29959651,200809020,2008-12-18T21:00:00,20081218205959,MULTIPOINT ((-52.7329 81.4674)),81.4674,-52.7329,53.2,,52.86621094,,9.8,2.08,-1.06,4.99,0.25,,,995.85,,,29.34621203,,,8.127,2.4682,,,,,14.19878,-0.1417066,-0.1521873,0,-18.26474768,,2.028396,1.3532792,0,-0.03337148,NaN,863.5136,86.4,80.5,,,33.90227235,,1.2,2.7,13.52265,0.9722783,0.7244103,,,1.34741689,,252,208.2,250,208.8,23.8,14.5,20,10.6,,,,
underway_1200.29959771,29959771,200809020,2008-12-18T21:20:00,20081218212000,MULTIPOINT ((-52.7004 81.545)),81.545,-52.7004,58.2,,53.66271973,,10,0.46,-2.86,5.35,2.47,,,996.3,,,29.88983504,,,8.116,3.444,4.316,,,,22.31237,-0.1977254,-0.205122,0,-18.26474768,,2.028396,1.3533762,-0.03335439,-0.03337148,NaN,863.5136,86,79.7,,,33.81546663,,1.2,2.6,30.08789,0.9725487,0.7270337,,,2.0662344,,249,204.4,249,206.7,24,14.7,20.4,11.1,,,4532.42,
underway_1200.29959891,29959891,200809020,2008-12-18T21:40:00,20081218214000,MULTIPOINT ((-52.6747 81.6284)),81.6284,-52.6747,62.5,,59.04052734,,10,3.4,-2.06,6.92,-2.6,,,996.28,,,30.41713679,,,8.127,4.1328,4.259,,,,NaN,-0.1515883,-0.1554957,0,-9.13237247,,3.380662,2.70674,0,-0.03337148,NaN,862.1622,83.5,81.7,,,33.84715592,,1.5,1.9,NaN,0.9733601,0.7321734,,,2.65168232,,251,197.4,249,193.7,23,13.1,20.9,11,,,4508.73,
underway_1200.29960011,29960011,200809020,2008-12-18T22:00:00,20081218220000,MULTIPOINT ((-52.6456 81.7107)),81.7107,-52.6456,58.5,,52.3223877,,10.4,2.07,-1.69,2.19,0.89,,,996.82,,,29.94225539,,,8.076,2.6732,4.283,,,,NaN,-0.08568269,-0.08271049,0,0,,7.437456,6.766744,0.06671116,0.03337148,NaN,861.1487,82.1,79.2,,,34.03411274,,1.5,3.1,29.07369,0.9741038,0.7264098,,,1.92368508,,249,205.9,248,206.4,23.8,13.8,20,9.9,,,4508.64,
underway_1200.29960131,29960131,200809020,2008-12-18T22:20:00,20081218222000,MULTIPOINT ((-52.6172 81.7944)),81.7944,-52.6172,59.2,,51.71813965,,10.3,1,-1.81,5.19,0.71,,,997.04,,,29.46300966,,,8.044,2.4108,,,,,14.19878,-0.1713676,-0.1786546,17.81441746,9.13237247,,21.63624,20.97742,0.2001342,0.2002289,NaN,860.8109,82,75.9,,,33.87090383,,1.4,2.7,NaN,0.9741714,0.7235856,,,1.51381125,,249,204.4,247,203.5,26.1,16,22,11.8,,,,
underway_1200.29960251,29960251,200809020,2008-12-18T22:40:00,20081218224000,MULTIPOINT ((-52.5792 81.8814)),81.8814,-52.5792,53.2,,43.22021484,,11.4,2.67,-1.51,5.08,-0.45,,,997.01,,,29.61145946,,,8.07,2.0664,4.324,,,,13.52265,-0.1548884,-0.1588041,89.06810846,63.92661826,,62.54224,65.63162,0.8338554,0.8009157,NaN,860.8109,81.1,76.2,,,33.76139806,,1.3,2.5,13.52265,0.9759293,0.7269548,,,1.79016083,,249,220.5,248,224,24.9,14,20.5,9.7,,,,
underway_1200.29960371,29960371,200809020,2008-12-18T23:00:00,20081218230000,MULTIPOINT ((-52.5412 81.9641)),81.9641,-52.5412,53.8,,42.01171875,,11,3.14,-2.89,9.5,-2.23,,,996.99,,,31.03072484,,,8.058,4.715,4.259,,,,14.19878,-0.1911366,-0.1985052,71.25593945,54.79424032,,66.26098,67.66268,0.6003882,0.5339437,NaN,860.8109,81,76,,,33.76664552,,1.5,2.7,NaN,0.9761998,0.7249378,,,3.43975584,,245,213.8,244,217.1,25.7,15,20.4,9.7,,,,
underway_1200.29960491,29960491,200809020,2008-12-18T23:20:00,20081218232001,MULTIPOINT ((-52.4967 82.0412)),82.0412,-52.4967,44,,34.7277832,,12.1,1.13,-1.36,4.48,-1.69,,,997.52,,,31.88242732,,,8.053,1.8532,,,,,13.86071,-0.1581807,-0.1521873,276.10130393,237.44171716,,201.4874,207.7354,2.534831,2.402747,NaN,860.4731,78.9,77.1,,,33.80825584,,1.8,2.6,13.52265,0.9853953,0.7249083,,,4.37905153,,248,231.6,245,232.1,25.4,15.1,22,11.5,,,3921.27,
underway_1200.29960611,29960611,200809020,2008-12-18T23:40:00,20081218234000,MULTIPOINT ((-52.4507 82.1188)),82.1188,-52.4507,44.7,,33.81591797,,11.5,1.69,-0.23,7.23,-2.47,,,997.39,,,32.01019626,,,,1.4268,,,,,NaN,-0.1713479,-0.165421,284.99603936,246.57409511,,206.5584,218.8868,3.301813,3.003434,NaN,859.4595,77.8,76.2,,,33.86242778,,2,2.7,29.74982,0.9887084,0.7210074,,,4.47231768,,250,238.1,249,241.8,20.9,11,18.9,9.1,,,3978.61,
underway_1200.29960731,29960731,200809020,2008-12-19T00:00:00,20081219000000,MULTIPOINT ((-52.4048 82.1959)),82.1959,-52.4048,44.8,,34.13452148,,12.1,,,,,,,998.01,,,32.37821345,,,7.982,0.7134,4.303,,,,NaN,-0.09555433,-0.08601891,436.37931466,410.95687079,,368.154,384.3254,3.735206,3.537378,NaN,859.1217,76.7,76.2,,,33.88459443,,2.2,3,NaN,0.9897901,0.7170918,,,4.86986801,,250,232.8,247,231.9,26,16,23.3,13.1,,,4004.39,
underway_1200.29960851,29960851,200809020,2008-12-19T00:20:00,20081219002000,MULTIPOINT ((-52.3571 82.2735)),82.2735,-52.3571,43,,31.37695312,,12,,,,,,,997.82,,,32.60536341,,,8.02,0.6642,,,,,14.19878,-0.06259928,-0.06947681,258.24534085,219.17698863,,220.4192,223.9576,2.234281,2.002289,NaN,857.0946,81.1,76.6,,,33.86667608,,2.3,3,13.52265,0.9872884,0.7161228,,,5.14536996,,259,250.9,277,277.4,24.8,16.4,22,17.6,,,,
underway_1200.29960971,29960971,200809020,2008-12-19T00:40:00,20081219004000,MULTIPOINT ((-52.3083 82.3492)),82.3492,-52.3083,43.2,,35.67260742,,12.1,,,,,,,998.08,,,32.95703189,,,7.905,0.5166,4.295,,,,NaN,-0.079068,-0.07609364,409.59844097,365.29484422,,353.9552,355.221,3.667935,3.237034,NaN,856.7568,77.7,76.6,,,33.92839723,,2.4,3.1,NaN,0.9882349,0.7147724,,,5.48236805,,252,237.3,252,240.1,26.9,17.1,24.5,14.8,,,,
underway_1200.29961091,29961091,200809020,2008-12-19T01:00:00,20081219010000,MULTIPOINT ((-52.2572 82.422)),82.422,-52.2572,39,,35.28259277,,12.1,,,,,,,998.61,,,33.13833807,,,7.938,0.3608,4.308,,,,13.52218,-0.1449574,-0.1323368,703.44008095,666.66317964,,645.0078,631.2602,6.668967,6.006867,NaN,855.4055,77.8,76.8,,,34.00582529,,2.6,3.4,NaN,0.9898234,0.7106919,,,5.61016194,,252,236.1,253,239.7,29,19.9,27,18.2,,,4234.56,
underway_1200.29961211,29961211,200809020,2008-12-19T01:20:00,20081219012000,MULTIPOINT ((-52.205 82.4923)),82.4923,-52.205,39.9,,31.83837891,,12.4,,,,,,,998.58,,,33.00945902,,,7.772,0.3034,4.263,,,,14.19777,-0.112012,-0.1290284,578.77893121,520.54540615,,489.8232,494.5878,5.135098,4.505151,NaN,852.7028,79.5,76,,,33.96682607,,2.6,3.5,12.8456,0.9953317,0.7052782,,,5.50353757,,253,247.5,260,259.3,23.9,15.2,22.4,15.4,,,0,
underway_1200.29961331,29961331,200809020,2008-12-19T01:40:00,20081219014000,MULTIPOINT ((-52.1519 82.5596)),82.5596,-52.1519,36.9,,35.78796387,,12.3,,,,,,,999.15,,,33.04986802,,,7.785,0.2952,4.29,,,,21.97086,-0.1548401,-0.1786546,756.86483836,684.92793554,,647.6332,646.1436,6.802337,6.006867,NaN,851.6893,75.8,74.5,,,33.96028863,,2.6,3.6,13.18251,0.9982205,0.7010826,,,5.55554991,,251,235.4,249,234.6,30,21.1,27.8,18.6,,,4242.43,
underway_1200.29961451,29961451,200809020,2008-12-19T02:00:00,20081219020000,MULTIPOINT ((-52.0973 82.6246)),82.6246,-52.0973,36.2,,34.50256348,,12.7,,,,,,,999.51,,,33.1055724,,,7.618,0.3362,4.25,,,,NaN,-0.1087175,-0.1389536,899.33361749,831.04598269,,780.0486,785.1828,7.402543,6.674298,NaN,851.3514,74.5,71.8,,,33.99970093,,2.8,3.8,NaN,0.9992598,0.697632,,,5.57933823,,247,235.3,248,241.5,25.6,16.8,22.9,14.6,,,,
underway_1200.29961571,29961571,200809020,2008-12-19T02:20:00,20081219022000,MULTIPOINT ((-52.0413 82.6875)),82.6875,-52.0413,34.5,,35.39245605,,13.4,,,,,,,999.61,,,33.00400783,,,7.475,0.3854,4.276,,,,14.19403,-0.08565623,-0.102561,685.63058231,621.00142674,,590.742,593.3696,5.935373,5.239323,NaN,851.3514,72.2,69.3,,,34.05729945,,2.9,4,NaN,0.9993273,0.6971584,,,5.4082201,,243,228.3,236,226.9,27.5,17.6,21.6,11,,,,
underway_1200.29961691,29961691,200809020,2008-12-19T02:40:00,20081219024000,MULTIPOINT ((-51.9877 82.7548)),82.7548,-51.9877,39.3,,33.84338379,,12.7,,,,,,,999.89,,,32.33125776,,,7.376,0.3444,4.291,,,,NaN,-0.2009627,-0.2216625,774.67353589,703.19050217,,677.2562,671.854,6.935716,6.006847,NaN,851.3514,70,67.5,,,33.91109942,,2.7,4,NaN,0.9994596,0.6935048,,,4.7905542,,244,232.1,243,234.2,25.8,15.7,23,12.8,,,,
underway_1200.29961811,29961811,200809020,2008-12-19T03:00:00,20081219030000,MULTIPOINT ((-51.9332 82.827)),82.827,-51.9332,40.9,,38.01269531,,13.3,,,,,,,1000.06,,,32.26245757,,,7.239,0.3936,4.251,,,,NaN,-0.2009627,-0.2282751,970.56787353,904.05793709,,850.6256,853.18,8.136129,7.741781,NaN,850.3379,68.1,66.9,,,33.8995093,,2.8,4.1,13.18013,0.9995948,0.68931,,,4.72364077,,250,239.1,248,242.9,24.2,14.7,21.2,11.7,,,4024.32,
underway_1200.29961931,29961931,200809020,2008-12-19T03:20:00,20081219032000,MULTIPOINT ((-51.8776 82.9009)),82.9009,-51.8776,38.1,,35.9197998,,12.6,,,,,,,1000.16,,,32.27883232,,,7.459,0.4182,4.27,,,,14.19399,-0.2339074,-0.2480972,1522.63402548,1397.05337141,,1356.54,1303.4508,14.53833,13.01302,NaN,850.0001,65.5,64.3,,,33.84196647,,3,4.5,13.51808,0.9997299,0.6847091,,,4.79857914,,244,230.1,240,229.6,25.5,15.2,21.5,10.7,,,4211.71,
underway_1200.29962051,29962051,200809020,2008-12-19T03:40:00,20081219034000,MULTIPOINT ((-51.8221 82.9745)),82.9745,-51.8221,39.9,,36.15600586,,12.8,,,,,,,1000.48,,,32.25699072,,,7.371,0.3444,4.28,,,,NaN,-0.2207295,-0.2480744,899.33361749,629.97658816,,800.2462,605.2098,6.135441,5.137927,NaN,850.0001,67.7,63.2,,,33.83478236,,2.9,4.5,13.51767,0.9996319,0.6836266,,,4.78074458,,246,234.9,244,234.9,24.3,14.2,22.4,12.1,,,4242.17,
underway_1200.29962171,29962171,200809020,2008-12-19T04:00:00,20081219040000,MULTIPOINT ((-51.7716 83.0564)),83.0564,-51.7716,51.5,,50.72937012,,12.9,,,,,,,1000.75,,,32.23405944,,,7.121,0.4346,4.301,,,,13.51758,-0.1811894,-0.1951406,1923.19272993,1771.17806466,,1623.1232,1595.554,17.20471,15.34653,NaN,850.0001,69.7,62.2,,,33.8500177,,3.1,5,13.51758,0.9996924,0.6788123,,,4.73970634,,251,224.2,248,226.5,22.4,11,19.6,8,,,,
underway_1200.29962291,29962291,200809020,2008-12-19T04:20:00,20081219042000,MULTIPOINT ((-51.7282 83.1483)),83.1483,-51.7282,54.6,,50.18005371,,12.9,,,,,,,1000.83,,,32.24280091,,,7.124,0.5822,4.286,,,,NaN,-0.1745944,-0.1885182,908.17788293,730.34722746,,776.5288,697.4496,7.268684,6.271757,NaN,850.0001,70.4,66.3,,,33.90037568,,3.1,4.6,13.5166,0.9996202,0.6835141,,,4.70042787,,259,235.9,258,238.9,23.6,13.3,21.6,11.4,,,,
underway_1200.29962411,29962411,200809020,2008-12-19T04:40:00,20081219044000,MULTIPOINT ((-51.6855 83.2378)),83.2378,-51.6855,52.4,,48.51013184,,12.6,,,,,,,1000.92,,,31.86495629,,,7.12,0.8774,4.194,,,,NaN,-0.2273036,-0.2447446,1727.3411182,1168.56453991,,1499.3354,1111.1112,9.93622,9.240901,NaN,850.0001,70.9,64.8,,,33.81538102,,3.1,4.9,13.51666,0.9996244,0.680805,,,4.35212263,,255,226.9,250,228.9,24.8,14,19.1,8,,,4282.37,
underway_1200.29962531,29962531,200809020,2008-12-19T05:00:00,20081219050000,MULTIPOINT ((-51.6431 83.3297)),83.3297,-51.6431,53.5,,49.21875,,12.5,,,,,,,1001.24,,,31.63455628,,,7.159,1.107,,,,,NaN,-0.1745852,-0.1819027,756.77217652,794.25184362,,649.7838,760.6934,8.735265,8.406813,NaN,849.9983,72.8,66.9,,,33.86343349,,3.1,4.8,13.51604,0.9995788,0.6789078,,,4.04162493,,257,228.3,253,228.9,26.8,15.9,22.2,11.1,,,4427.46,
underway_1200.29962651,29962651,200809020,2008-12-19T05:20:00,20081219052000,MULTIPOINT ((-51.6019 83.4213)),83.4213,-51.6019,54.2,,47.68615723,,12.9,,,,,,,1001.42,,,31.81581743,,,7.158,0.9922,,,,,NaN,-0.08894363,-0.09921958,1335.50357514,1716.3145615,,1129.899,1581.5354,12.40296,13.41087,NaN,849.9698,72.1,65.5,,,33.81758148,,3.1,5,13.17765,0.9996091,0.6783421,,,4.29373789,,256,228.2,253,229.8,25.3,14,21.4,9.9,,,4228.61,
underway_1200.29962771,29962771,200809020,2008-12-19T05:40:00,20081219054000,MULTIPOINT ((-51.5612 83.5144)),83.5144,-51.5612,54,,46.39526367,,12.7,,,,,,,1001.41,,,31.91409064,,,7.12,0.902,,,,,30.74821,-0.1350585,-0.155444,2306.01777424,2017.58219078,,1962.4792,1382.3372,19.23832,18.21476,NaN,849.9713,73.3,66.7,,,33.7654011,,3.2,5,21.28722,0.9995533,0.6809203,,,4.45708151,,252,220.1,246,217.8,27.4,15.7,20.7,8.6,,,4197.81,
underway_1200.29962891,29962891,200809020,2008-12-19T06:00:00,20081219060000,MULTIPOINT ((-51.518 83.6064)),83.6064,-51.518,52.5,,44.53857422,,12.8,,,,,,,1001.5,,,32.09755209,,,7.139,0.7462,4.282,,,,13.85348,-0.08893842,-0.0859903,2403.85078474,2218.42773306,,2027.338,2161.492,21.27125,19.54918,NaN,850.3223,72.4,65.5,,,33.81235028,,3.1,4.8,13.51559,0.9996127,0.6807462,,,4.62090485,,258,232.5,256,232.5,27.6,16.6,24.5,13.3,,,,
underway_1200.29963011,29963011,200809020,2008-12-19T06:20:00,20081219062000,MULTIPOINT ((-51.4722 83.6926)),83.6926,-51.4722,48.1,,42.45666504,,12.7,,,,,,,1002.25,,,32.17836,,,7.138,0.9758,4.318,,,,21.62374,-0.08235023,-0.09921958,2457.23148104,1999.32372902,,2107.64,1955.4842,19.80396,17.94788,NaN,849.9927,71.4,65.7,,,33.79430405,,3.2,4.8,13.51484,0.9995576,0.6810713,,,4.73078152,,255,231.7,252,232.8,29.9,19.9,24,13.8,,,4270.99,
underway_1200.29963131,29963131,200809020,2008-12-19T06:40:00,20081219064000,MULTIPOINT ((-51.4244 83.7757)),83.7757,-51.4244,46.2,,43.59375,,12.4,,,,,,,1001.96,,,32.27991888,,,7.193,0.6068,4.307,,,,13.85305,-0.1679943,-0.165366,2261.31471229,2108.87559421,,1920.5054,2047.558,20.20358,18.74853,NaN,849.9679,72.7,66.1,,,33.78872327,,3.4,5,13.51517,0.9995143,0.6782578,,,4.85205319,,257,238.1,259,244.6,25,15,22.8,13.3,,,4251.65,
underway_1200.29963251,29963251,200809020,2008-12-19T07:00:00,20081219070000,MULTIPOINT ((-51.3756 83.8582)),83.8582,-51.3756,46.1,,41.36901855,,12.8,,,,,,,1002.12,,,32.28428749,,,7.145,0.6724,4.263,,,,13.85315,-0.06258511,-0.07606834,2394.8268034,2209.29850218,,2001.61,2093.878,21.53688,18.94869,NaN,849.9896,74.1,68.3,,,33.79288444,,3.6,5.2,13.51526,0.999589,0.6753442,,,4.85294404,,260,242.3,268,257.5,27.7,18.3,24.6,17.2,,,4204.03,
underway_1200.29963371,29963371,200809020,2008-12-19T07:20:00,20081219072000,MULTIPOINT ((-51.3283 83.9414)),83.9414,-51.3283,47.4,,42.9510498,,13.1,,,,,,,1002.32,,,32.37383177,,,7.152,0.5412,4.283,,,,29.73333,-0.1350538,-0.1190635,1059.45461047,1332.88248601,,902.812,1227.341,11.13552,12.94382,NaN,849.9685,74.4,69.1,,,33.75457178,,3.5,5.1,21.28636,0.9995129,0.6768131,,,4.99265621,,253,233.1,248,232.1,25.2,14.6,21.3,10.2,,,4088.83,
underway_1200.29963491,29963491,200809020,2008-12-19T07:40:00,20081219074000,MULTIPOINT ((-51.2804 84.0248)),84.0248,-51.2804,47.8,,42.84667969,,12.9,,,,,,,1002.63,,,32.41424026,,,7.151,0.5002,4.284,,,,14.19141,-0.1548292,-0.1488294,1237.6435939,1040.74381396,,1051.5156,991.6372,10.13638,10.80876,NaN,849.9942,72.7,67.5,,,33.77600774,,3.5,5.3,13.51562,0.9995481,0.6759502,,,5.01754124,,253,231.8,246,228.5,26.9,16.4,22.1,11,,,,
underway_1200.29963611,29963611,200809020,2008-12-19T08:00:00,20081219080000,MULTIPOINT ((-51.2331 84.108)),84.108,-51.2331,47.7,,42.74780273,,12.5,,,,,,,1002.48,,,32.44700235,,,7.121,0.451,,,,,30.40966,-0.2272904,-0.2248977,1940.87992562,1798.47846039,,1621.5106,1653.4764,17.47037,16.0797,NaN,849.9949,72,65.7,,,33.77688124,,3.6,5.3,21.28676,0.9995991,0.6747156,,,5.05396272,,258,236.4,257,237.1,26.8,16.6,25.3,15,,,,
underway_1200.29963731,29963731,200809020,2008-12-19T08:20:00,20081219082000,MULTIPOINT ((-51.1896 84.1958)),84.1958,-51.1896,52.2,,47.86743164,,12,,,,,,,1002.9,,,32.4753952,,,7.385,0.4346,4.282,,,,22.3003,-0.2338771,-0.2645856,1095.12060626,794.25184362,,854.8448,754.1952,10.13582,8.606975,NaN,849.6389,73.8,67.6,,,33.76732778,,3.6,5.4,13.51533,0.9995939,0.6745142,,,5.09568888,,253,225.6,250,228.7,27.5,16.5,21.7,10.6,,,4111.41,
underway_1200.29963851,29963851,200809020,2008-12-19T08:40:00,20081219084000,MULTIPOINT ((-51.148 84.2846)),84.2846,-51.148,53.2,,47.48291016,,12.8,,,,,,,1003.23,,,32.5016059,,,7.3,0.4592,4.296,,,,14.19107,-0.2470481,-0.2315124,1664.87502205,1561.11572093,,1378.8994,1409.2728,15.86995,14.6452,NaN,847.2833,71.2,65.1,,,33.7759543,,3.6,5.6,13.51531,0.9996598,0.6739617,,,5.11698546,,254,223.9,250,225.3,26.3,15.5,20.7,9.7,,,4322.3,
underway_1200.29963971,29963971,200809020,2008-12-19T09:00:00,20081219090000,MULTIPOINT ((-51.1057 84.3738)),84.3738,-51.1057,52.9,,47.90039062,,12.7,,,,,,,1003.35,,,32.4972381,,,7.27,0.4346,,,,,13.85318,-0.2272971,-0.2513563,1718.36547056,1588.50368723,,1409.3072,1447.1174,15.47052,14.34496,NaN,845.9394,70.1,63.8,,,33.78081142,,3.8,5.7,13.51529,0.9997938,0.6723228,,,5.1072254,,254,221.3,246,219,27.3,16.3,19.4,7.8,,,4276.34,
underway_1200.29964091,29964091,200809020,2008-12-19T09:20:00,20081219092000,MULTIPOINT ((-51.0631 84.4621)),84.4621,-51.0631,52.5,,49.24621582,,12.5,,,,,,,1003.81,,,32.50706413,,,,0.451,4.209,,,,NaN,-0.2338888,-0.2579709,1558.10668649,173.45730233,,1285.9824,194.79526,14.33693,6.171668,NaN,844.5846,70.7,64.4,,,33.75529411,,3.9,5.6,NaN,0.999728,0.6729229,,,5.1435963,,258,230,256,231.8,27.5,17.3,22.9,12.6,,,4216.32,
underway_1200.29964211,29964211,200809020,2008-12-19T09:40:00,20081219094000,MULTIPOINT ((-51.0204 84.5502)),84.5502,-51.0204,53.2,,47.5213623,,12.3,,,,,,,1003.77,,,32.59989431,,,7.256,0.3854,4.357,,,,14.19067,-0.220716,-0.2745075,1540.33136858,1268.97704888,,1273.7818,313.5034,13.80375,5.604542,NaN,843.241,74.8,69.1,,,33.78403158,,4,5.1,NaN,0.9995638,0.684567,,,5.22070575,,262,236.8,261,238,25.1,15.4,23.4,13.6,,,,
underway_1200.29964331,29964331,200809020,2008-12-19T10:00:00,20081219100000,MULTIPOINT ((-50.9788 84.6375)),84.6375,-50.9788,52.5,,46.03820801,,12.5,,,,,,,1003.87,,,32.6490322,,,7.243,0.4264,4.297,,,,14.19022,-0.2009367,-0.2513563,1540.22134934,1433.30512032,,1247.726,1302.445,13.80276,8.573615,NaN,843.2024,75.4,70.4,,,33.7233353,,3.7,5.2,NaN,0.9995999,0.6888653,,,5.33663968,,256,226,250,223.9,26.5,15.8,20.7,9.5,,,,
underway_1200.29964451,29964451,200809020,2008-12-19T10:20:00,20081219102000,MULTIPOINT ((-50.9384 84.7241)),84.7241,-50.9384,52.6,,47.87841797,,11.8,,,,,,,1004.04,,,32.59333601,,,7.264,0.4182,4.279,,,,14.18982,-0.2009247,-0.1984392,1362.07509183,292.13867206,,1118.2928,1112.7758,12.60172,9.807949,NaN,842.8943,74.3,68.4,,,33.72908435,,3.8,5.2,NaN,0.999774,0.6818711,,,5.26763538,,257,225.1,249,223.3,26.9,16.7,19,8.2,,,4208.64,
underway_1200.29964571,29964571,200809020,2008-12-19T10:40:00,20081219104000,MULTIPOINT ((-50.8982 84.8115)),84.8115,-50.8982,55.6,,48.36181641,,12.8,,,,,,,1004.03,,,32.62718867,,,7.285,0.451,4.27,,,,NaN,-0.2536162,-0.2811221,1219.56358678,164.32796198,,1000.0306,1001.5178,10.80084,8.606975,NaN,840.497,75.4,68.1,,,33.7081192,,3.8,5.4,NaN,0.9996251,0.6754579,,,5.32691276,,256,229.1,251,230.3,22.9,12.3,18.2,7.3,,,4156.42,
underway_1200.29964691,29964691,200809020,2008-12-19T11:00:00,20081219110000,MULTIPOINT ((-50.8577 84.9005)),84.9005,-50.8577,53.8,,47.58728027,,12.2,,,,,,,1004.06,,,33.01597525,,,7.2,0.5576,4.285,,,,NaN,-0.2536195,-0.300966,1095.01539368,155.19864901,,895.6192,176.5596,9.268052,7.939768,NaN,839.072,74.2,68.6,,,33.62354973,,3.9,5.3,NaN,0.9996069,0.6767441,,,5.85271651,,256,224.9,252,226.4,26.3,15.6,21.1,10.2,,,4208.64,
underway_1200.29964811,29964811,200809020,2008-12-19T11:20:00,20081219112000,MULTIPOINT ((-50.817 84.9898)),84.9898,-50.817,53.5,,46.43371582,,12.8,,,,,,,1004.09,,,33.16561319,,,,0.5822,,,,,NaN,-0.2602043,-0.2910441,997.05180208,858.15728075,,816.9046,745.812,8.667656,7.472723,NaN,839.1148,72.6,66.7,,,33.73388634,,4,5.4,13.51372,0.9996777,0.6818853,,,5.9114609,,259,233.5,261,236.7,25.1,14.7,24.9,14.8,,,,
underway_1200.29964931,29964931,200809020,2008-12-19T11:40:00,20081219114000,MULTIPOINT ((-50.7739 85.0805)),85.0805,-50.7739,52.9,,47.27416992,,13.1,,,,,,,1004.26,,,33.09243932,,,7.239,0.6478,4.298,,,,NaN,-0.2601895,-0.2976588,881.25921814,785.12261274,,718.9192,174.53066,7.400312,6.471912,NaN,839.1131,72.3,66.9,,,33.74589501,,4,5.3,13.51352,0.9995949,0.6849313,,,5.8167422,,258,234.9,260,240.8,23.7,13.4,22.1,12.2,,,,
underway_1200.29965051,29965051,200809020,2008-12-19T12:00:00,20081219120000,MULTIPOINT ((-50.7339 85.164)),85.164,-50.7339,55.4,,46.99401855,,9.9,,,,,,,1004.32,,,33.49982182,,,7.19,0.533,4.281,,,,NaN,-0.1877308,-0.2348197,827.87718666,748.6051419,,663.8514,652.7984,7.46723,6.605354,NaN,839.1276,72.6,68.2,,,33.70572281,,4.1,5.8,30.06757,0.9995948,0.6873661,,,6.31683602,,253,217,249,217.9,26.3,17.3,18.7,9.6,,,,
underway_1200.29965171,29965171,200809020,2008-12-19T12:20:00,20081219122000,MULTIPOINT ((-50.6994 85.2374)),85.2374,-50.6994,53.3,,46.26342773,,10.3,,,,,,,1004.47,,,33.55115846,,,7.38,0.6642,14.288,,,,NaN,-0.1284479,-0.1422147,364.96427457,301.26790294,,301.352,282.0898,4.233493,4.136686,NaN,836.4082,72.9,69.7,,,33.72590967,,4,5.4,NaN,0.9994617,0.6904098,,,6.35427548,,255,219.7,250,220.2,28.9,19.8,19.7,10.4,,,0,
underway_1200.29965280,29965280,200809020,2008-12-19T12:42:10,20081219124210,MULTIPOINT ((-50.6606 85.3191)),85.3191,-50.6606,54.1,,47.70812988,,10.5,,,,,,,,,,33.6188785,,,,0.6642,4.3,,,,,,,,,,,,,,,,,,,,33.74191635,,,,,,,,,6.41430778,,,228.1,,229.6,,21.1,,13.3,,,,
underway_1200.29965374,29965374,200809020,2008-12-19T13:00:00,20081219130000,MULTIPOINT ((-50.6292 85.3853)),85.3853,-50.6292,52,,46.1151123,,10.8,1.37,-2.75,2.08,0.17,,,1004.86,,,33.61232429,,,7.241,0.8528,4.311,,,,NaN,-0.2371602,-0.2645856,186.95773081,155.19864901,,158.12858,152.20698,1.600272,1.401136,NaN,835.1215,72.2,68.7,,,33.73461587,,4.2,5.4,13.51526,0.9994538,0.6916285,,,6.41430778,,259,225,254,225.1,29.5,20.6,21.1,11.9,,,4277.1,
underway_1200.29965494,29965494,200809020,2008-12-19T13:20:00,20081219132000,MULTIPOINT ((-50.597 85.4531)),85.4531,-50.597,51,,46.21948242,,9.6,1.66,-1.38,5.22,-2.68,,,1004.72,,,33.6156013,,,7.229,1.1562,4.307,,,,30.41025,-0.08235218,-0.09921958,89.03486235,73.03466801,,77.71508,77.79536,0.7335188,0.6672074,NaN,835.1322,73.7,70,,,33.73740467,,4.3,5.4,29.39658,0.9991457,0.6979935,,,6.4151774,,259,225.7,255,226.4,28.6,20.1,20.6,11.9,,,,
underway_1200.29965614,29965614,200809020,2008-12-19T13:40:00,20081219134000,MULTIPOINT ((-50.5649 85.5215)),85.5215,-50.5649,52.9,,48.19152832,,9.7,1.69,-1.38,3.19,-0.97,,,1004.87,,,33.54788632,,,7.211,1.3284,4.317,,,,13.85425,-0.05600002,-0.07276358,35.61258839,18.25938125,,29.73594,30.44232,0.2333835,0.2335318,NaN,835.8092,73.7,71.1,,,33.76717533,,4.2,5.2,NaN,0.9989926,0.699835,,,6.30899713,,263,229.1,260,230.4,27.4,19.6,21.9,14,,,,
underway_1200.29965734,29965734,200809020,2008-12-19T14:00:00,20081219140000,MULTIPOINT ((-50.532 85.5901)),85.5901,-50.532,54.7,,47.43896484,,9.9,2.15,-1.14,3.65,-2.46,,,1004.74,,,33.52494776,,,7.287,1.558,4.329,,,,14.19284,-0.04941278,-0.06284182,17.80726354,9.12960579,,20.27548,20.29694,0.1667116,0.1668069,NaN,836.4863,76.5,73.8,,,33.75019964,,4.3,5.1,NaN,0.9987031,0.7013268,,,6.30028615,,269,236.4,273,243.6,31.8,24.2,28.9,22,,,,
underway_1200.29965854,29965854,200809020,2008-12-19T14:20:00,20081219142000,MULTIPOINT ((-50.4986 85.659)),85.659,-50.4986,52.5,,46.62597656,,9.7,1.56,-0.61,4.05,-3.16,,,1005.03,,,33.59594068,,,7.158,1.599,4.305,,,,NaN,-0.06259108,-0.0760759,17.80734098,0,,11.48994,10.14883,0.1333698,0.1000935,NaN,836.4863,86.2,78.8,,,33.73359222,,3.4,4.4,13.17964,0.9938122,0.7057496,,,6.39691281,,271,242.3,283,263.5,27,20.2,21.5,17,,,4273.9,
underway_1200.29965974,29965974,200809020,2008-12-19T14:40:00,20081219144000,MULTIPOINT ((-50.4653 85.7275)),85.7275,-50.4653,50.9,,46.42272949,,9.9,2.15,-1.13,3.46,-1.76,,,1005.44,,,33.67785944,,,7.148,1.64,,,,,14.1937,-0.1218942,-0.138933,0,-9.13101787,,4.731232,4.059538,0,-0.03336653,NaN,836.4863,83,79,,,33.74215902,,3.8,4.5,NaN,0.9936263,0.7101487,,,6.48036633,,262,227.5,257,225.6,32.2,24.1,23.9,15.4,,,4309.24,
underway_1200.29966094,29966094,200809020,2008-12-19T15:00:00,20081219150000,MULTIPOINT ((-50.4314 85.7966)),85.7966,-50.4314,51.6,,48.13110352,,9.7,1.56,-0.04,1.55,-0.93,,,1005.19,,,33.72155047,,,7.16,1.804,,,,,13.85602,-0.1449566,-0.1621006,0,-9.13195651,,2.02771,2.02977,-0.03334477,-0.03336996,NaN,836.4863,75.8,75.2,,,33.75291449,,4.2,4.9,NaN,0.9943219,0.7072394,,,6.51858017,,261,226,252,223.8,27.8,19.6,18.3,9.5,,,4250.11,
underway_1200.29966214,29966214,200809020,2008-12-19T15:20:00,20081219152000,MULTIPOINT ((-50.3983 85.8663)),85.8663,-50.3983,55.1,,48.83422852,,9.5,1.9,-1.42,3.78,-3.01,,,1005.35,,,33.75868751,,,7.132,1.8286,4.209,,,,NaN,-0.04612256,-0.0529337,0,-9.13232322,,2.027712,1.3531796,0,-0.0333713,NaN,835.8106,81.2,77.8,,,33.75724206,,4,4.7,13.18012,0.9939165,0.7058186,,,6.55590387,,267,232.2,265,237,28.4,20.7,21.8,14.2,,,,
underway_1200.29966334,29966334,200809020,2008-12-19T15:40:00,20081219154000,MULTIPOINT ((-50.3647 85.9367)),85.9367,-50.3647,53.1,,47.109375,,10.2,2.78,-1.59,2.64,0.88,,,1005.42,,,33.67568305,,,7.205,1.8204,4.308,,,,NaN,-0.1383677,-0.1389536,0,-9.13237247,,2.027712,1.3531796,0,-0.03337148,NaN,836.4863,78.4,77.5,,,33.81555808,,4,4.8,13.51808,0.9942545,0.7055478,,,6.40387135,,266,235.4,267,237.3,30.7,23,29.6,22,,,,
underway_1200.29966454,29966454,200809020,2008-12-19T16:00:00,20081219160000,MULTIPOINT ((-50.3307 86.0072)),86.0072,-50.3307,53.4,,48.90014648,,9.9,1.92,-1.61,1.77,0.17,,,1005.69,,,33.47689061,,,7.136,1.7958,4.299,,,,NaN,-0.1284843,-0.1356435,0,-9.13227669,,2.027712,1.3531796,-0.03334477,-0.03337113,NaN,836.1484,75.9,75.2,,,33.75446802,,4.3,5.1,NaN,0.9941869,0.7050066,,,6.24189244,,258,219.6,253,221.3,32.4,23.6,20.2,11.2,,,4293.12,
underway_1200.29966574,29966574,200809020,2008-12-19T16:20:00,20081219162000,MULTIPOINT ((-50.2968 86.0775)),86.0775,-50.2968,55.4,,49.47143555,,10.1,1.78,-1.14,2.23,-0.59,,,1005.91,,,33.44521634,,,7.164,1.7466,4.311,,,,14.19398,-0.0625949,-0.05624307,0,-9.13237247,,2.027712,1.3531796,0.03334477,-0.03337148,NaN,835.135,84.6,79.1,,,33.75369146,,3,4.4,NaN,0.9939841,0.7055478,,,6.20700551,,248,205.1,247,205.4,35.8,26,29.6,19.8,,,4283.9,
underway_1200.29966694,29966694,200809020,2008-12-19T16:40:00,20081219164000,MULTIPOINT ((-50.2631 86.1476)),86.1476,-50.2631,51.6,,46.80725098,,9.9,1.06,-1.52,3.76,-4.21,,,1005.9,,,33.42009539,,,7.135,1.5908,,,,,14.19398,-0.08236172,-0.1058694,0,-9.13237247,,2.027712,1.3531796,-0.03334477,-0.03337148,NaN,835.135,87.4,81.6,,,33.75245129,,2.5,3.7,13.51808,0.9900639,0.7150202,,,6.17995527,,257,224.9,251,223,24,15.7,17.9,9.3,,,4256.02,
underway_1200.29966814,29966814,200809020,2008-12-19T17:00:00,20081219170000,MULTIPOINT ((-50.2299 86.2158)),86.2158,-50.2299,53.2,,47.15881348,,10,0.58,-0.26,2.31,0,,,1005.77,,,33.43647607,,,,1.4842,,,,,14.194,-0.1482511,-0.1786546,0,-9.13237247,,2.027714,1.3531796,-0.03334477,-0.03337148,NaN,834.4592,79.4,78.8,,,33.7300348,,4.3,4.8,NaN,0.9920928,0.7118401,,,6.22096253,,266,234.5,264,235.4,27.2,19.8,23.3,15.7,,,4295.29,
underway_1200.29966934,29966934,200809020,2008-12-19T17:20:00,20081219172000,MULTIPOINT ((-50.1968 86.2845)),86.2845,-50.1968,53.4,,48.87817383,,9.6,0.84,-0.36,2.2,-0.03,,,1005.85,,,33.41026528,,,7.17,1.3366,4.311,,,,14.19548,-0.07577277,-0.08601891,0,-9.13237247,,2.027926,1.3531796,-0.03334477,-0.03337148,NaN,835.135,75.1,74.1,,,33.75011654,,4.6,5.1,NaN,0.992805,0.7054802,,,6.17122698,,265,229.4,261,229.3,28.3,20.6,22,14.1,,,,
underway_1200.29967054,29967054,200809020,2008-12-19T17:40:00,20081219174000,MULTIPOINT ((-50.1639 86.3522)),86.3522,-50.1639,52.6,,46.97753906,,10.1,1.94,-1.88,3.38,-0.87,,,1005.79,,,33.26937406,,,7.184,1.3858,4.318,,,,NaN,-0.09883405,-0.1124863,0,-9.13237247,,2.027922,1.3531796,0,-0.03337148,NaN,833.7836,73.8,73.1,,,33.76952219,,4.5,5,13.18149,0.993614,0.70433,,,5.99291358,,268,236.4,269,237.8,29.7,22.6,28.4,21.4,,,,
underway_1200.29967174,29967174,200809020,2008-12-19T18:00:00,20081219180000,MULTIPOINT ((-50.1308 86.4201)),86.4201,-50.1308,52.6,,47.12585449,,9.7,3.34,-1.84,2.41,-0.43,,,1005.77,,,33.14813784,,,7.16,1.4104,4.358,,,,NaN,-0.1449566,-0.165421,0,-9.13237247,,2.027898,1.3531796,0,-0.03337148,NaN,832.4322,71.7,71.4,,,33.72816937,,4.6,5.2,12.84336,0.9939407,0.7025033,,,5.89743722,,268,235.2,266,235.2,29.3,21.7,26.5,18.8,,,4187.14,
underway_1200.29967294,29967294,200809020,2008-12-19T18:20:00,20081219182000,MULTIPOINT ((-50.0978 86.4895)),86.4895,-50.0978,55.2,,48.95507812,,10,1.33,-1.66,3.46,-1.74,,,1006.37,,,33.20711502,,,7.156,1.2792,4.311,,,,NaN,-0.2240238,-0.2514399,0,-9.13237247,,2.02786,1.3531796,-0.03334477,-0.03337148,NaN,832.4322,71.4,70.6,,,33.72647468,,4.6,5.1,NaN,0.9949354,0.7020297,,,5.96577404,,268,228.8,264,227.6,37.3,29.6,29.5,21.5,,,4271.62,
underway_1200.29967414,29967414,200809020,2008-12-19T18:40:00,20081219184000,MULTIPOINT ((-50.0655 86.5599)),86.5599,-50.0655,54,,49.921875,,10.3,0.61,-0.92,1.72,0.48,,,1006.25,,,33.10336198,,,7.132,1.2382,4.315,,,,14.19453,-0.08565618,-0.08932733,0,-9.13237247,,2.02779,1.3531796,0.03334477,-0.03337148,NaN,832.4322,77.2,73.1,,,33.75561531,,3.6,5,NaN,0.9940229,0.7033828,,,5.81937514,,250,204.7,249,204.5,42.4,32.9,33.8,24.2,,,4314.62,
underway_1200.29967534,29967534,200809020,2008-12-19T19:00:00,20081219190000,MULTIPOINT ((-50.0331 86.6303)),86.6303,-50.0331,56.8,,51.28417969,,9.9,2.45,-2.44,3.02,-0.58,,,1006.37,,,32.97885213,,,,1.4268,4.221,,,,14.1952,-0.1350732,-0.1521873,0,-9.13237247,,2.027886,1.3531796,-0.03334477,-0.03337148,NaN,831.4188,76.7,77.1,,,33.71571531,,3.4,4.2,13.51924,0.9917714,0.7112312,,,5.71836906,,261,216.1,259,217.5,38.6,29.9,28.4,19.7,,,4345.34,
underway_1200.29967654,29967654,200809020,2008-12-19T19:20:00,20081219192000,MULTIPOINT ((-50.0023 86.7003)),86.7003,-50.0023,56.8,,49.18029785,,9.7,1.53,-0.32,3.32,-1.8,,,1006.11,,,33.16669577,,,7.122,1.4022,,,,,14.19618,-0.1120119,-0.12572,0,-9.13237247,,2.028026,1.3531796,-0.03334477,-0.03337148,NaN,831.0809,77.9,76.8,,,33.64521636,,3.7,4.3,NaN,0.9914344,0.7127197,,,6.00166585,,269,230,267,231.2,35.5,27.8,30,22.3,,,,
underway_1200.29967774,29967774,200809020,2008-12-19T19:40:00,20081219194000,MULTIPOINT ((-49.9713 86.7706)),86.7706,-49.9713,56,,50.58105469,,9.6,2.96,-1.63,2.32,-1.53,,,1006.32,,,33.48999606,,,7.158,1.7384,4.302,,,,NaN,-0.1976681,-0.2117388,0,-9.13237247,,2.028048,1.3531796,-0.03334477,-0.06674297,NaN,831.0809,78.4,79.1,,,33.744012,,3.9,4.7,NaN,0.9913774,0.7090662,,,6.26717376,,258,216.8,254,217.7,31.6,22.7,20.8,11.8,,,,
underway_1200.29967894,29967894,200809020,2008-12-19T20:00:00,20081219200000,MULTIPOINT ((-49.9399 86.8396)),86.8396,-49.9399,54.5,,48.34533691,,9.8,1.2,-0.64,2.68,-2.77,,,1006.3,,,33.48344698,,,7.142,1.6236,,,,,NaN,-0.1844902,-0.2183557,0,-9.13237247,,2.028054,1.3531796,-0.03334477,-0.03337148,NaN,831.0809,73.8,71.8,,,33.78261766,,4.4,5.4,13.18235,0.9924616,0.7026386,,,6.22096253,,260,222.5,253,219,31.2,23,21.3,12.6,,,4282.37,
underway_1200.29968014,29968014,200809020,2008-12-19T20:20:00,20081219202000,MULTIPOINT ((-49.9082 86.9094)),86.9094,-49.9082,55.5,,49.28466797,,9.8,1.99,-0.23,5.51,-3.58,,,1006.34,,,33.42883166,,,7.113,1.4842,4.304,,,,NaN,-0.210846,-0.244823,0,-9.13237247,,2.028042,1.3531796,-0.03334477,-0.03337148,NaN,831.0809,67.8,68,,,33.7396789,,4.3,5.4,NaN,0.9933345,0.7020297,,,6.20264333,,255,212.4,253,213,34.3,25.3,25.9,16.9,,,4099.58,
underway_1200.29968134,29968134,200809020,2008-12-19T20:40:00,20081219204000,MULTIPOINT ((-49.8768 86.9781)),86.9781,-49.8768,55.5,,49.13635254,,9.8,1.92,-1.97,2.08,-2.82,,,1006.38,,,33.65165279,,,7.121,1.3694,4.316,,,,14.19623,-0.105423,-0.1323368,0,-9.13237247,,2.028032,1.3531796,-0.03334477,-0.03337148,NaN,831.0809,68.6,68.6,,,33.8069089,,4.4,5.3,NaN,0.9936684,0.7016914,,,6.38560358,,257,214.6,253,212.7,33.8,25,24.6,15.6,,,4165.63,
underway_1200.29968254,29968254,200809020,2008-12-19T21:00:00,20081219210000,MULTIPOINT ((-49.8445 87.0459)),87.0459,-49.8445,52.5,,50.28442383,,9.6,2.74,-0.14,2.08,-2.6,,,1006.38,,,33.74668239,,,,1.189,4.317,,,,14.19633,-0.07906725,-0.102561,0,-9.13237247,,2.028048,1.3531796,-0.03334477,-0.03337148,NaN,829.7295,71.5,68.4,,,33.84457089,,4.6,5.5,13.52031,0.9936754,0.7004058,,,6.45429859,,261,222.6,258,225.8,30.4,22,21.1,12.6,,,4107.26,
underway_1200.29968374,29968374,200809020,2008-12-19T21:20:00,20081219212000,MULTIPOINT ((-49.8123 87.1134)),87.1134,-49.8123,53.9,,49.79553223,,10.1,1.77,-1.87,5.79,-2.83,,,1006.63,,,33.81113657,,,7.095,1.1234,4.307,,,,14.19629,-0.1746068,-0.1951968,0,-9.13237247,,2.028042,1.6914746,-0.03334477,-0.03337148,NaN,829.7295,68,67.6,,,33.94403135,,4.1,5.5,13.18227,0.9942138,0.7009471,,,6.42648149,,251,208.3,251,211.3,35.5,26.2,25.1,15.9,,,4204.03,
underway_1200.29968494,29968494,200809020,2008-12-19T21:40:00,20081219214000,MULTIPOINT ((-49.78 87.1805)),87.1805,-49.78,54.7,,51.02050781,,9.8,0.97,-0.25,0.69,-0.83,,,1006.69,,,33.48564261,,,7.127,1.4842,4.314,,,,NaN,-0.2470851,-0.2779073,0,-9.13237247,,3.380094,3.721244,-0.03334477,-0.03337148,NaN,830.4052,67,66.1,,,33.88519024,,4.3,5.8,NaN,0.9943562,0.6990527,,,6.1205798,,247,201.3,247,201.6,35.1,25.6,30.7,21.2,,,,
underway_1200.29968614,29968614,200809020,2008-12-19T22:00:00,20081219220000,MULTIPOINT ((-49.7467 87.248)),87.248,-49.7467,52.5,,46.23046875,,9.9,1.81,-0.84,2.29,-0.46,,,1006.72,,,33.24206848,,,7.143,1.5498,4.3,,,,NaN,-0.2174349,-0.2580567,17.80857736,0,,9.46425,8.795668,0.03334477,0.03337148,NaN,829.7295,67.7,66.7,,,33.76061434,,4.6,5.4,NaN,0.9947603,0.6993232,,,5.97102774,,257,220.4,253,220.8,33.3,24.8,23.1,14.4,,,4088.83,
underway_1200.29968734,29968734,200809020,2008-12-19T22:20:00,20081219222000,MULTIPOINT ((-49.7148 87.3191)),87.3191,-49.7148,58.7,,52.66296387,,10,2.2,-0.64,2.57,-2.28,,,1006.8,,,33.43320217,,,7.14,1.2054,4.304,,,,NaN,-0.2437906,-0.2944461,35.61715473,18.26462454,,28.39276,27.74018,0.2000686,0.1668563,NaN,829.7295,66.6,64,,,33.75498479,,4.5,5.9,13.52036,0.9954364,0.6956697,,,6.1921729,,250,202.1,250,203,34.6,24.7,27.8,17.9,,,4268.07,
underway_1200.29968854,29968854,200809020,2008-12-19T22:40:00,20081219224000,MULTIPOINT ((-49.6837 87.3929)),87.3929,-49.6837,53.6,,48.68041992,,10.2,2.37,-2.46,1.9,-2.01,,,1007.01,,,33.38187208,,,7.152,0.8446,4.322,,,,14.19613,-0.07906725,-0.1058694,151.37291426,118.72085858,,117.62506,118.40322,1.600549,1.401602,NaN,829.7295,65,63.2,,,33.7878436,,4.4,6.1,NaN,0.9973793,0.6939105,,,6.10135847,,247,204.7,246,205.5,32.7,22.4,26.8,16.5,,,4167.17,
underway_1200.29968974,29968974,200809020,2008-12-19T23:00:00,20081219230000,MULTIPOINT ((-49.6508 87.4627)),87.4627,-49.6508,53.9,,50.47668457,,10,1.49,-2.49,1.3,-3.78,,,1007.04,,,33.57735399,,,7.137,1.0086,4.34,,,,NaN,-0.1844902,-0.2249618,169.18150498,136.97997712,,136.55564,140.73068,1.53386,1.401545,NaN,829.3917,65.8,63,,,33.56373662,,4.5,6.1,NaN,0.999425,0.6889714,,,6.5480937,,247,201.5,247,202.4,29.1,19.3,25.2,15.4,,,4515.84,
underway_1200.29969094,29969094,200809020,2008-12-19T23:20:00,20081219232000,MULTIPOINT ((-49.6182 87.532)),87.532,-49.6182,53.5,,51.06994629,,10.3,5.3,-2.74,4.09,-4.28,,,1007.14,,,34.12241941,,,7.143,1.1808,4.311,,,,14.19629,-0.105423,-0.1356369,133.56435025,118.71196469,,122.69654,125.16912,1.200412,1.067807,NaN,829.7295,70.7,66.5,,,33.78365949,,4.7,5.9,NaN,0.9992161,0.6910012,,,6.93659875,,244,197.1,243,196.2,27.2,17.1,24.9,14.8,,,4224,
underway_1200.29969214,29969214,200809020,2008-12-19T23:40:00,20081219234000,MULTIPOINT ((-49.5846 87.6008)),87.6008,-49.5846,52.4,,46.73583984,,9.8,2.74,-1.17,3.25,-3.54,,,1007.13,,,34.05032869,,,7.14,0.9348,4.294,,,,14.19618,-0.06588936,-0.08931601,133.56435025,118.70512324,,120.32952,125.16912,1.200412,1.067746,NaN,829.7295,69.1,67.9,,,33.7926764,,4.7,5.8,13.52017,0.9992756,0.6897157,,,6.84681644,,251,213,248,212.8,28.7,19.6,22,12.7,,,4151.81,
underway_1200.29969334,29969334,200809020,2008-12-20T00:00:00,20081220000000,MULTIPOINT ((-49.5498 87.6699)),87.6699,-49.5498,53.9,,45.97229004,,10.3,,,,,,,1007.28,,,33.94109988,,,7.106,0.9922,4.292,,,,NaN,-0.1251898,-0.1455494,169.18150498,136.9646249,,151.41252,148.17316,1.367136,1.201189,NaN,829.7295,73,70.5,,,33.79149311,,4.6,5.6,13.51897,0.9986466,0.6930986,,,6.72576043,,261,228,257,229.5,29.8,21.3,23.1,14.4,,,4254.72,
underway_1200.29969454,29969454,200809020,2008-12-20T00:20:00,20081220002000,MULTIPOINT ((-49.5145 87.739)),87.739,-49.5145,50.3,,46.74682617,,10.1,,,,,,,1007.5,,,33.96621734,,,7.137,0.6478,,,,,NaN,-0.161429,-0.1852399,525.35310565,447.39717007,,431.2328,422.8686,4.601579,4.037144,NaN,829.7295,74.3,71.1,,,33.74675275,,4.3,6.2,NaN,0.9985943,0.6883625,,,6.79928549,,242,202.4,241,202.1,27.1,17.2,24.4,14.4,,,4445.18,
underway_1200.29969574,29969574,200809020,2008-12-20T00:40:00,20081220004000,MULTIPOINT ((-49.4778 87.8058)),87.8058,-49.4778,48.5,,44.15405273,,10.2,,,,,,,1007.43,,,33.91160533,,,7.128,0.451,4.277,,,,14.19399,-0.1844902,-0.2315445,400.69302406,346.95674798,,338.29,337.9566,4.134752,3.803546,NaN,829.3917,76.6,70.1,,,33.76401628,,4.4,6.2,NaN,0.9989189,0.6775372,,,6.7205673,,244,207.5,243,206.5,27.3,17.2,23.2,13,,,,
underway_1200.29969694,29969694,200809020,2008-12-20T01:00:00,20081220010000,MULTIPOINT ((-49.4408 87.8721)),87.8721,-49.4408,49.2,,43.79150391,,10.3,,,,,,,1007.53,,,33.90286491,,,7.153,0.4182,,,,,NaN,-0.1350732,-0.15877,276.03294246,228.25737156,,239.27,242.8748,2.334134,2.001833,NaN,828.3782,69.2,64.3,,,33.74411815,,4.7,6.7,NaN,0.9995271,0.6657073,,,6.73095315,,252,217.5,248,218.1,27.9,18.8,19.7,10.4,,,,
underway_1200.29969814,29969814,200809020,2008-12-20T01:20:00,20081220012000,MULTIPOINT ((-49.4059 87.9405)),87.9405,-49.4059,52.8,,46.86218262,,9.9,,,,,,,1007.5,,,33.91706509,,,7.143,0.4428,4.303,,,,NaN,-0.2339072,-0.2678962,1041.80186254,940.32391622,,911.119,880.0988,9.269848,8.540278,NaN,828.3782,69.6,63.5,,,33.74957306,,4.8,6.4,NaN,0.9995271,0.6705257,,,6.74133736,,258,224.1,253,224.8,28.9,20.3,19.8,10.9,,,3942.91,
underway_1200.29969934,29969934,200809020,2008-12-20T01:40:00,20081220014000,MULTIPOINT ((-49.3725 88.0093)),88.0093,-49.3725,51.3,,42.05566406,,10,,,,,,,1007.48,,,33.93454111,,,7.141,0.3772,4.289,,,,NaN,-0.1251898,-0.1356001,1397.97340981,1323.75298147,,1212.9086,1235.2332,11.73736,11.47597,NaN,828.3782,66.3,61.9,,,33.74585893,,4.9,6.7,NaN,0.9996611,0.6622636,,,6.76469577,,252,220.2,248,221.5,31.2,22.3,21.4,12.3,,,4015.1,
underway_1200.29970054,29970054,200809020,2008-12-20T02:00:00,20081220020000,MULTIPOINT ((-49.3395 88.0784)),88.0784,-49.3395,51.4,,40.40222168,,9.8,,,,,,,1007.47,,,34.02192481,,,7.156,0.492,4.298,,,,14.19325,-0.1680168,-0.2116684,471.91152492,410.82004179,,402.818,407.8758,4.00124,3.60292,NaN,828.3782,69.1,63.7,,,33.75458037,,5,6.5,13.51738,0.9996104,0.6704586,,,6.85372716,,259,233.7,257,233.4,24.9,16.9,22.7,14.6,,,4068.86,
underway_1200.29970174,29970174,200809020,2008-12-20T02:20:00,20081220022000,MULTIPOINT ((-49.3059 88.1471)),88.1471,-49.3059,53.7,,42.35778809,,10.1,,,,,,,1007.54,,,34.51674346,,,7.136,0.2952,4.314,,,,NaN,-0.08565114,-0.1025269,578.72285344,502.11317156,,493.0316,488.3382,4.934549,4.336848,NaN,828.3782,69.3,62.6,,,33.72164961,,5,7.1,29.39942,0.9995802,0.6602035,,,7.44019752,,251,214.5,249,214.7,36,26.3,27.3,17.5,,,4022.78,
underway_1200.29970294,29970294,200809020,2008-12-20T02:40:00,20081220024000,MULTIPOINT ((-49.2719 88.2152)),88.2152,-49.2719,54.8,,40.13305664,,10.1,,,,,,,1007.75,,,34.74286662,,,7.163,0.3116,4.282,,,,NaN,-0.06917757,-0.09260493,738.97709788,666.44124301,,633.903,640.5234,6.268148,5.604542,NaN,827.0269,79.6,73.4,,,33.74207742,,4.3,5.5,12.50235,0.9989039,0.681579,,,7.67093555,,263,238.5,266,244.4,26.9,18.9,25.8,18.3,,,,
underway_1200.29970414,29970414,200809020,2008-12-20T03:00:00,20081220030000,MULTIPOINT ((-49.237 88.282)),88.282,-49.237,49.1,,37.60620117,,10,,,,,,,1007.95,,,35.4780845,,,7.14,0.246,4.317,,,,13.85383,-0.07576329,-0.1091415,649.92159356,584.27734411,,554.829,560.0434,5.467773,4.903974,NaN,827.0269,72.6,69,,,33.82771682,,4.7,6.2,30.41084,0.9993002,0.6758399,,,8.39631159,,254,226.3,249,226.1,30.8,22.1,21.5,12.5,,,,
underway_1200.29970534,29970534,200809020,2008-12-20T03:20:00,20081220032000,MULTIPOINT ((-49.2002 88.3478)),88.3478,-49.2002,48.6,,39.77600098,,10.1,,,,,,,1008.05,,,35.55784524,,,7.15,0.3198,4.317,,,,NaN,-0.1943498,-0.2116684,1825.13620945,1652.40912437,,1583.4476,1522.29,15.73664,14.27824,NaN,827.6964,68,65.6,,,33.9049657,,4.9,6.8,NaN,0.9994035,0.6729731,,,8.40390484,,256,229.7,253,230.8,27.8,19.3,22,13.4,,,4064.24,
underway_1200.29970654,29970654,200809020,2008-12-20T03:40:00,20081220034000,MULTIPOINT ((-49.1628 88.413)),88.413,-49.1628,47.6,,40.20996094,,9.9,,,,,,,1007.89,,,35.4453159,,,7.14,0.246,4.365,,,,NaN,-0.1021231,-0.1389074,1006.11290157,903.80398247,,859.6274,863.7668,8.669023,7.639524,NaN,827.0269,70.9,64.7,,,33.87585811,,5.2,7.1,30.41135,0.9995195,0.6605076,,,8.31019371,,250,220.7,247,223.1,27.5,18.2,19.9,10.5,,,4584.96,
underway_1200.29970774,29970774,200809020,2008-12-20T04:00:00,20081220040000,MULTIPOINT ((-49.1256 88.4772)),88.4772,-49.1256,50.1,,44.24194336,,10.1,,,,,,,1008.12,,,35.80145571,,,7.149,0.3772,,,,,NaN,-0.0559985,-0.06614639,685.51415418,611.66531041,,582.8498,594.53,5.600974,5.004055,NaN,827.0269,73.4,67.3,,,33.75331881,,5.2,7.8,13.51536,0.9994605,0.6651432,,,8.83025532,,247,210.4,246,210.5,30.5,21.1,25.3,15.8,,,4073.76,
underway_1200.29970894,29970894,200809020,2008-12-20T04:20:00,20081220042000,MULTIPOINT ((-49.0894 88.5432)),88.5432,-49.0894,51.1,,45.73608398,,10.3,,,,,,,1008.59,,,36.13143368,,,7.148,0.3198,,,,,NaN,-0.02305758,-0.05622443,952.65022491,849.02777621,,813.6026,817.721,7.801786,6.938957,NaN,827.3574,82.6,77,,,34.00140401,,3.8,5.2,30.07086,0.9903111,0.687589,,,8.93243988,,259,229.9,258,232,25.6,17.3,22.2,13.9,,,3981.31,
underway_1200.29971014,29971014,200809020,2008-12-20T04:40:00,20081220044000,MULTIPOINT ((-49.053 88.6082)),88.6082,-49.053,48.9,,46.85119629,,10.2,,,,,,,1008.53,,,36.20136538,,,7.132,0.3854,4.301,,,,NaN,-0.09553146,-0.1124488,2412.86488572,2200.1692713,,2062.154,2061.032,21.07217,18.08132,NaN,827.0109,74.4,72.7,,,34.06177495,,4.9,6.5,NaN,0.9961728,0.6769545,,,8.94582945,,246,205.7,245,207.1,28.2,18.3,22.8,12.9,,,,
underway_1200.29971134,29971134,200809020,2008-12-20T05:00:00,20081220050000,MULTIPOINT ((-49.0169 88.6746)),88.6746,-49.0169,54.4,,48.85070801,,10.3,,,,,,,1008.49,,,36.15656687,,,7.175,0.3772,4.254,,,,NaN,-0.2009526,-0.2248977,2056.83967472,1862.38389753,,1732.74,1800.6088,18.87268,16.64682,NaN,826.3507,64.5,57.5,,,34.03574564,,5.2,8.2,13.51591,0.9997046,0.6585547,,,8.92407002,,246,203.3,245,203,31.6,21.1,27.6,17.1,,,,
underway_1200.29971254,29971254,200809020,2008-12-20T05:20:00,20081220052000,MULTIPOINT ((-48.9826 88.7438)),88.7438,-48.9826,51.7,,45.49438477,,10.1,,,,,,,1008.84,,,36.15547957,,,7.121,0.3608,4.266,,,,14.19164,-0.1943626,-0.1819026,1023.95791613,985.96788136,,876.5028,989.5294,15.03797,16.21314,NaN,825.6673,64.6,59.7,,,34.07882905,,5.3,7.4,13.51585,0.9997674,0.6649394,,,8.8780169,,246,206.5,244,206.7,31.2,21.5,25.3,15.6,,,3950.54,
underway_1200.29971374,29971374,200809020,2008-12-20T05:40:00,20081220054000,MULTIPOINT ((-48.9481 88.813)),88.813,-48.9481,51.9,,46.92260742,,10.1,,,,,,,1008.69,,,36.02327551,,,7.139,0.3362,,,,,14.19149,-0.2338937,-0.2248977,2092.44425201,1908.03032559,,1775.9642,1891.7852,18.80588,17.14723,NaN,825.6754,65.4,61.1,,,34.041581,,5.6,7.5,NaN,0.9998246,0.6613471,,,8.77239255,,247,208.6,246,210,29.7,19.8,22.7,12.7,,,3973.63,
underway_1200.29971494,29971494,200809020,2008-12-20T06:00:00,20081220060000,MULTIPOINT ((-48.9136 88.8821)),88.8821,-48.9136,53.2,,45.46142578,,10.3,,,,,,,1008.92,,,36.08663769,,,7.121,0.328,4.288,,,,NaN,-0.2437676,-0.2645856,2145.70104314,1990.19449814,,1834.369,1971.5936,18.93778,17.18059,NaN,826.3475,60.5,56.8,,,33.99299545,,5.6,7.9,NaN,0.999797,0.6477514,,,8.89225492,,251,215.5,248,216.2,31,21.6,23,13.5,,,3445.25,
underway_1200.29971614,29971614,200809020,2008-12-20T06:20:00,20081220062000,MULTIPOINT ((-48.8792 88.9507)),88.9507,-48.8792,52.1,,47.96630859,,10.4,,,,,,,1008.94,,,36.27129203,,,7.155,0.2788,4.359,,,,NaN,-0.2602268,-0.2976588,1976.47168513,1132.03721739,,1696.4926,1243.1524,6.701348,5.471101,NaN,825.6291,63.4,54.9,,,34.07634648,,5.6,8.7,13.51518,0.9998528,0.6425434,,,9.00688509,,249,208.7,247,209.1,28,18.1,22.5,12.6,,,3558.91,
underway_1200.29971734,29971734,200809020,2008-12-20T06:40:00,20081220064000,MULTIPOINT ((-48.8443 89.0181)),89.0181,-48.8443,52,,47.78503418,,10,,,,,,,1008.67,,,36.19263058,,,7.17,0.287,4.324,,,,NaN,-0.1877454,-0.1984392,2216.67600626,2063.22889249,,1850.101,1968.2118,20.53582,18.21476,NaN,826.3007,58.2,55.2,,,34.10892698,,5.9,8.1,13.51425,0.9998518,0.6417317,,,8.88723008,,253,215,250,215.4,29.7,20.3,22,12.4,,,4096.51,
underway_1200.29971854,29971854,200809020,2008-12-20T07:00:00,20081220070000,MULTIPOINT ((-48.8091 89.0851)),89.0851,-48.8091,53.3,,46.02722168,,10.6,,,,,,,1008.67,,,36.27347836,,,,0.3362,4.31,,,,NaN,-0.1515132,-0.1951318,2020.88821638,1415.04638491,,1688.203,1341.2248,15.7024,11.84293,NaN,825.5891,67.9,60.2,,,34.08585081,,5.9,8.3,NaN,0.9996783,0.6397026,,,8.99936072,,255,223.1,254,226.2,27.8,18.8,22.1,13.1,,,3838.36,
underway_1200.29971974,29971974,200809020,2008-12-20T07:20:00,20081220072000,MULTIPOINT ((-48.7732 89.1525)),89.1525,-48.7732,49.6,,44.60449219,,10.8,,,,,,,1008.66,,,36.3237414,,,7.162,0.3034,4.306,,,,14.1892,-0.1547984,-0.1719806,2074.08011752,1944.54779642,,1717.5682,1840.6554,17.36744,16.61346,NaN,825.8748,65.5,57,,,34.11994035,,5.8,8.3,NaN,0.99973,0.6406956,,,9.01858797,,254,222.7,245,219.5,27.8,19.2,18.9,9.7,,,3758.02,
underway_1200.29972094,29972094,200809020,2008-12-20T07:40:00,20081220074000,MULTIPOINT ((-48.7367 89.2197)),89.2197,-48.7367,52.3,,49.4329834,,10.4,,,,,,,1008.98,,,36.47454137,,,7.178,0.369,,,,,14.18919,-0.1482034,-0.165366,1379.71021531,1634.15038895,,1138.8514,1518.058,10.93348,11.37588,NaN,826.216,59.3,56.4,,,34.29617312,,5.9,8.2,31.08108,0.9997974,0.6396877,,,8.99936072,,251,211.5,249,211.8,28.9,19.2,23.3,13.5,,,,
underway_1200.29972214,29972214,200809020,2008-12-20T08:00:00,20081220080000,MULTIPOINT ((-48.7017 89.2864)),89.2864,-48.7017,52.1,,47.68615723,,10.3,,,,,,,1009.04,,,36.26802413,,,7.154,0.3198,,,,,14.18919,-0.1152696,-0.1918245,1628.95080148,1396.78764949,,1354.3922,1321.8676,13.86688,12.61022,NaN,825.4522,68.4,59.1,,,34.15653236,,6,7.4,13.51352,0.9997974,0.6420983,,,8.91988469,,232,186.3,232,185.1,25,14.6,24.9,14.5,,,3700.22,
underway_1200.29972334,29972334,200809020,2008-12-20T08:20:00,20081220082000,MULTIPOINT ((-48.6656 89.353)),89.353,-48.6656,50,,47.55981445,,10.2,,,,,,,1009.05,,,36.1139592,,,7.153,0.3608,4.306,,,,14.18919,-0.09551022,-0.09921958,2056.24818777,1716.3145615,,1710.811,1585.5508,18.00056,14.812,NaN,825.3268,63.6,55.4,,,34.05460197,,6,8.4,13.51352,0.999865,0.6527505,,,8.85791095,,250,212.6,248,213.9,26.4,17.1,21,11.6,,,3672.34,
underway_1200.29972454,29972454,200809020,2008-12-20T08:40:00,20081220084000,MULTIPOINT ((-48.6286 89.4187)),89.4187,-48.6286,48.7,,47.07641602,,10.3,,,,,,,1009.08,,,35.84300578,,,7.145,0.3772,4.315,,,,NaN,-0.06916262,-0.06283906,2216.47359221,1634.15038895,,1821.6218,1513.8562,19.73392,15.47921,NaN,825.3601,64.1,59.9,,,34.0345191,,5.9,8.3,NaN,0.9997974,0.6480129,,,8.58251606,,246,209.3,244,210.1,26.4,17,21.3,11.9,,,3667.97,
underway_1200.29972574,29972574,200809020,2008-12-20T09:00:00,20081220090000,MULTIPOINT ((-48.5908 89.4832)),89.4832,-48.5908,49.5,,50.10864258,,10,,,,,,,1009.37,,,35.63432403,,,,0.3772,4.291,,,,NaN,-0.2074897,-0.2248977,738.83049456,602.53580587,,621.6216,575.8188,6.200237,5.070776,NaN,825.3905,62.3,56.2,,,33.93886848,,6,8.1,NaN,0.9997974,0.6563591,,,8.45281817,,248,210.5,246,212.2,25.6,16.4,20.1,10.8,,,3692.54,
underway_1200.29972690,29972690,200809020,2008-12-20T09:20:00,20081220092000,MULTIPOINT ((-48.5542 89.549)),89.549,-48.5542,52,,52.37182617,,10.3,2.84,-1.68,3.24,-0.03,,,1009.3,,,35.57206359,,,7.175,0.2952,4.31,,,,NaN,-59.97604058,-55.61853297,1824.78558987,1579.37445635,,1504.7298,1467.4742,894.24221254,766.69507712,NaN,8.264007,,55.6,,,34.03840487,,,8.7,30.06757,0.9997298,0.64907,,,8.28146276,,249,208.2,247,207.8,28.4,19,23.6,14.1,,,,
underway_1200.29972810,29972810,200809020,2008-12-20T09:40:00,20081220094000,MULTIPOINT ((-48.5217 89.6193)),89.6193,-48.5217,53.9,,59.1394043,,10.4,0.64,-1.16,6.58,-5.56,,,1009.57,,,35.32078043,,,7.145,0.8364,4.354,,,,NaN,-28.40961683,-31.78201026,418.3647316,356.04383553,,355.4054,351.3108,181.75625956,149.77297814,NaN,8.267753,69,67.1,,,33.9263624,,5.7,6.1,13.51352,0.9997298,0.6740839,,,8.12067668,,249,199,248,198.3,27.2,17.6,25.6,15.9,,,,
underway_1200.29972930,29972930,200809020,2008-12-20T10:00:00,20081220100000,MULTIPOINT ((-48.4907 89.6905)),89.6905,-48.4907,55.7,,57.31567383,,10.1,1.52,-1.54,2.74,-1.91,,,1009.36,,,34.58121235,,,7.128,0.4592,,,,,NaN,-24.20156332,-23.8365137,480.70451925,419.94927267,,410.8108,405.4428,218.12117569,185.43319067,NaN,8.269569,63,56.4,,,33.89214632,,6.1,8.8,13.51352,0.9997298,0.6631138,,,7.33738626,,251,201.6,251,202.7,30,20.6,26.2,16.8,,,3644.86,
underway_1200.29973050,29973050,200809020,2008-12-20T10:20:00,20081220102000,MULTIPOINT ((-48.46 89.7611)),89.7611,-48.46,57.9,,60.07324219,,9.9,2.22,-1.81,4.07,-2.22,,,1009.31,,,34.23492536,,,7.159,0.5412,4.323,,,,14.18978,-24.20189878,-26.81607529,543.01306358,483.8547098,,464.884,459.2388,247.2017999,206.82936094,NaN,8.269788,62.7,57.9,,,33.76496198,,5.8,7.6,13.51407,0.9997036,0.6690414,,,7.08137175,,256,205.7,255,207.1,25.3,15.7,21.1,11.5,,,3654.14,
underway_1200.29973170,29973170,200809020,2008-12-20T10:40:00,20081220104000,MULTIPOINT ((-48.4305 89.8326)),89.8326,-48.4305,61.7,,56.62902832,,10.4,0.73,-1.6,5.41,-2.2,,,1009.48,,,34.41736249,,,7.169,0.4592,,,,,NaN,-43.14826741,-45.68665101,489.67856468,438.20800808,,423.0146,424.0782,229.0609997,196.13130253,NaN,8.269946,65.6,62,,,33.92161668,,6.1,7.1,NaN,0.9997607,0.6702058,,,7.12525737,,245,192.5,244,190.9,29.9,19.6,30,19.7,,,3707.9,
underway_1200.29973290,29973290,200809020,2008-12-20T11:00:00,20081220110000,MULTIPOINT ((-48.4026 89.9075)),89.9075,-48.4026,61.3,,58.13415527,,10.5,0.72,-1.64,2.85,-2.01,,,1009.31,,,34.5779332,,,,0.9184,0,,,,NaN,-26.31114599,-31.78201026,133.55003707,109.55197466,,117.58648,122.75952,56.3568195,49.92432961,NaN,8.202694,69.8,67.3,,,33.87429813,,6,6.3,NaN,0.9993498,0.6817042,,,7.351961,,244,189,243,187.8,28,17.5,28.1,17.6,,,,
underway_1200.29973410,29973410,200809020,2008-12-20T11:20:00,20081220112000,MULTIPOINT ((-48.3715 89.9775)),89.9775,-48.3715,53.3,,50.14709473,,10.2,1.91,-0.9,3.48,-0.92,,,1009.22,,,34.6838938,,,7.14,0.943,4.309,,,,NaN,-16.83915656,-18.87056972,142.45516024,118.681315,,128.06262,130.53764,61.81149149,53.49034552,NaN,8.033782,76.8,72.4,,,33.87882574,,5.9,6.9,NaN,0.9988884,0.6859653,,,7.46501942,,263,230.2,258,228.6,24.7,16.6,20.2,11.7,,,,
underway_1200.29973530,29973530,200809020,2008-12-20T11:40:00,20081220114000,MULTIPOINT ((-48.3397 90.0455)),90.0455,-48.3397,53.1,,48.86169434,,10.1,1.95,-2.13,2.54,-0.41,,,1009.49,,,34.8597543,,,7.238,1.0742,4.298,,,,NaN,-13.68199182,-15.89100813,276.01558505,246.49194297,,244.9968,245.8572,132.71715642,110.54672832,NaN,8.027025,71.2,71.1,,,33.75561957,,5.3,6.4,13.51707,0.9981004,0.688806,,,7.78685291,,250,214.4,248,216.1,23.2,14,18.4,9.1,,,3615.68,
underway_1200.29973650,29973650,200809020,2008-12-20T12:00:00,20081220120000,MULTIPOINT ((-48.3076 90.1108)),90.1108,-48.3076,55.4,,49.8614502,,9.8,2.08,-1.95,4.89,-2.65,,,1009.3,,,35.2410471,,,7.16,0.6806,4.322,,,,14.19293,-45.25897148,-48.66619758,347.26613035,283.00916752,,292.9826,280.6898,163.63367105,139.07491972,NaN,8.027025,75.2,71.3,,,34.06214331,,5.8,7,13.51708,0.9989121,0.6806221,,,7.89321467,,260,224.4,257,227.4,22.9,14.6,18.3,10,,,3750.91,
underway_1200.29973770,29973770,200809020,2008-12-20T12:20:00,20081220122000,MULTIPOINT ((-48.2768 90.1772)),90.1772,-48.2768,52.1,,48.82873535,,9.5,2.93,-3.45,4.05,-3.34,,,1009.44,,,34.91002922,,,7.137,0.9102,,,,,30.75144,-36.83730534,-38.73431562,169.17325354,146.06930866,,156.79854,154.88666,79.99504007,64.18840393,NaN,8.01689,75.8,70.7,,,33.96418383,,6,7,29.0618,0.9986445,0.6806896,,,7.62826742,,260,226.6,257,229.2,23.6,15.6,19,10.9,,,3677.18,
underway_1200.29973890,29973890,200809020,2008-12-20T12:40:00,20081220124000,MULTIPOINT ((-48.2455 90.2423)),90.2423,-48.2455,55,,50.80627441,,9.7,0.38,-0.77,2.05,0.32,,,1009.48,,,35.09794845,,,7.145,0.943,4.315,,,,NaN,-24.20722786,-26.81607529,89.03595721,73.03466801,,80.42748,79.13468,39.99634773,32.09420731,NaN,8.013511,77.5,71.5,,,34.15988894,,5.6,7.4,24.66893,0.9988552,0.6799495,,,7.63594972,,,,,,,,,,,,3577.34,
underway_1200.29974010,29974010,200809020,2008-12-20T13:00:00,20081220130000,MULTIPOINT ((-48.2138 90.3086)),90.3086,-48.2138,55.5,,51.7565918,,10,2.37,-2.17,1.48,-0.7,,,1009.42,,,35.13726972,,,,0.9594,4.316,,,,NaN,-32.62691956,-37.74113343,115.74790865,91.29332133,,97.32278,95.36858,56.35905507,46.35830301,NaN,8.013511,73.9,71.1,,,34.10442676,,5.8,6.8,NaN,0.9988426,0.6817838,,,7.73573809,,259,221.6,254,222.4,25.9,17.3,18.6,9.7,,,,
underway_1200.29974130,29974130,200809020,2008-12-20T13:20:00,20081220132000,MULTIPOINT ((-48.1814 90.374)),90.374,-48.1814,53.2,,48.32885742,,9.8,1.45,-0.67,2.08,0.33,,,1009.37,,,34.95919879,,,7.153,0.9922,4.3,,,,NaN,-52.62338463,-56.61171516,53.42187341,36.51733401,,44.60782,43.28878,21.81631062,19.61313025,NaN,8.013511,72.4,71.4,,,34.05919382,,6,6.9,NaN,0.9988774,0.685586,,,7.58557154,,262,228.5,257,228.7,26.9,18.9,19.4,11.1,,,,
underway_1200.29974250,29974250,200809020,2008-12-20T13:40:00,20081220134000,MULTIPOINT ((-48.1482 90.4392)),90.4392,-48.1482,52.2,,48.17504883,,9.8,1.32,-0.31,2.69,-0.86,,,1009.45,,,34.96902886,,,7.109,1.0086,4.31,,,,NaN,-14.73477198,-16.88419633,17.80765342,0,,9.800094,10.146642,3.63612574,1.7830117,NaN,8.013511,75,72.1,,,34.04471058,,6,6.6,NaN,0.9988662,0.6875366,,,7.6111924,,267,238.5,273,249.5,24,16.9,21.3,15.2,,,3551.03,
underway_1200.29974370,29974370,200809020,2008-12-20T14:00:00,20081220140000,MULTIPOINT ((-48.1144 90.5054)),90.5054,-48.1144,51.3,,47.04345703,,10.1,1.18,-0.87,3.97,-1.5,,,1009.52,,,35.03129973,,,7.16,1.1152,,,,,14.19372,-11.57759446,-16.88419633,0,-9.12933213,,3.379456,3.720546,1.81811658,-1.7830117,NaN,8.006754,81.6,76,,,34.069385,,5.2,6.9,13.51783,0.9832191,0.689992,,,7.65472492,,254,219.5,250,220.8,27.7,18.8,19.6,10.5,,,3816.96,
underway_1200.29974490,29974490,200809020,2008-12-20T14:20:00,20081220142000,MULTIPOINT ((-48.081 90.5716)),90.5716,-48.081,53.4,,47.79052734,,10.2,1.68,-1.06,2.59,-0.65,,,1009.69,,,34.82154393,,,7.136,1.5006,4.309,,,,NaN,-12.63010624,-17.87738453,0,-9.12933213,,2.027556,2.367662,-1.81808223,-1.7830117,NaN,7.999999,79,75.3,,,33.95865231,,5.9,6.8,29.06165,0.9937733,0.6921693,,,7.53600953,,257,220.4,251,219.7,29.7,20.8,19.9,10.6,,,3647.51,
underway_1200.29974610,29974610,200809020,2008-12-20T14:40:00,20081220144000,MULTIPOINT ((-48.0467 90.6377)),90.6377,-48.0467,54.8,,49.32861328,,10.1,2.64,-0.84,1.28,-1.76,,,1009.38,,,34.95045702,,,7.112,1.3038,4.297,,,,NaN,-57.88795632,-60.58447395,0,-9.12933213,,2.02755,1.3529502,-1.81811113,-1.7830117,NaN,7.999999,77,75,,,34.03800497,,5.9,6.6,NaN,0.9937027,0.6932517,,,7.59752919,,263,232,262,233.3,23.5,15.5,21.6,13.6,,,3463.68,
underway_1200.29974730,29974730,200809020,2008-12-20T15:00:00,20081220150000,MULTIPOINT ((-48.0129 90.7039)),90.7039,-48.0129,55.5,,50.29541016,,10.3,2.9,-1.79,2.35,-2.02,,,1009.47,,,34.90457735,,,7.34,1.3612,4.332,,,,NaN,-38.94340878,-41.71389222,0,-18.25866427,,2.027598,1.3529508,-1.8181433,-1.7830117,NaN,7.972972,78.5,75.9,,,34.05200464,,6,6.7,NaN,0.9935903,0.6929814,,,7.53259008,,263,239.7,268,247.6,18.5,10.6,18.5,11.4,,,,
underway_1200.29974850,29974850,200809020,2008-12-20T15:20:00,20081220152000,MULTIPOINT ((-47.9795 90.7707)),90.7707,-47.9795,52.7,,48.66943359,,10.4,2.76,-0.78,1.22,-1.33,,,1009.51,,,34.69590753,,,7.264,1.4842,4.377,,,,14.19362,-34.73359807,-35.75488917,0,-18.25868342,,2.02766,1.352994,-1.81814439,-1.7830133,NaN,7.962836,73.8,74,,,33.85758489,,6.3,6.8,NaN,0.9934858,0.6904328,,,7.50009642,,263,234.7,260,232.3,23.6,15.6,21.9,13.6,,,,
underway_1200.29974970,29974970,200809020,2008-12-20T15:40:00,20081220154000,MULTIPOINT ((-47.9461 90.8383)),90.8383,-47.9461,53.5,,48.8671875,,10.1,2.8,-2.47,3,-2.51,,,1009.54,,,34.6773363,,,7.247,1.9598,4.299,,,,14.19368,-29.47038421,-31.78276101,0,-18.25953997,,2.027668,1.3530796,-1.81806151,-1.78309721,NaN,7.959457,76.8,75,,,33.85081179,,6.3,6.9,13.51779,0.9937603,0.6887176,,,7.48641006,,262,233.8,258,233.3,22,14,18.9,10.6,,,,
underway_1200.29975090,29975090,200809020,2008-12-20T16:00:00,20081220160000,MULTIPOINT ((-47.9124 90.9048)),90.9048,-47.9124,53.3,,48.12011719,,9.8,2.58,-1.55,2.52,-1.7,,,1009.22,,,34.71666201,,,7.288,1.9352,4.314,,,,NaN,-21.05018772,-23.83695514,0,-18.2588914,,2.365598,1.3531354,-1.8181313,-1.78303414,NaN,7.959457,71.7,71.8,,,33.85086297,,6.5,7.2,13.5177,0.9942946,0.6867162,,,7.53002538,,264,234,262,235.1,23.9,16.4,20.7,13.1,,,,
underway_1200.29975210,29975210,200809020,2008-12-20T16:20:00,20081220162000,MULTIPOINT ((-47.8786 90.9719)),90.9719,-47.8786,53.5,,47.08190918,,9.9,2.22,-1.91,3.29,-2.57,,,1009.39,,,34.79859205,,,7.256,1.8696,,,,,NaN,-17.89325301,-19.86423239,0,-18.25924169,,2.027658,1.3530878,0,-1.78306781,NaN,7.949322,69.4,69.9,,,33.85870543,,6.5,7.1,13.17978,0.994634,0.6847977,,,7.6129001,,264,233.3,263,233.9,26.3,18.5,23.1,15.2,,,3489.79,
underway_1200.29975330,29975330,200809020,2008-12-20T16:40:00,20081220164000,MULTIPOINT ((-47.8448 91.039)),91.039,-47.8448,53,,46.6204834,,10.1,1.95,-1.74,2.72,0.19,,,1009.27,,,35.00288268,,,7.351,1.9024,4.356,,,,NaN,-19.99796348,-22.84339457,0,-18.25867521,,2.027668,1.3530696,-1.81813457,-1.78301276,NaN,7.956079,72.9,71.2,,,33.9486748,,6.5,7.2,29.73912,0.9941652,0.6833002,,,7.74681634,,261,233.1,257,230.3,23.4,15.3,20.8,12.3,,,3432.28,
underway_1200.29975450,29975450,200809020,2008-12-20T17:00:00,20081220170000,MULTIPOINT ((-47.8113 91.1058)),91.1058,-47.8113,56.7,,48.90563965,,9.8,1.51,-1.79,3.61,-2.69,,,1009.12,,,35.1077601,,,7.272,1.8122,4.304,,,,14.19272,-21.05060305,-22.84432851,0,-18.2602077,,2.027532,1.3530728,-1.81814548,-1.78316242,NaN,7.945944,73,71.8,,,33.98605283,,6.6,7.3,NaN,0.9940988,0.6826928,,,7.82431187,,259,224.1,253,223.5,24,15.4,17,8.1,,,3680.6,
underway_1200.29975570,29975570,200809020,2008-12-20T17:20:00,20081220172000,MULTIPOINT ((-47.7777 91.1745)),91.1745,-47.7777,54.6,,48.29589844,,10.1,1.65,-2.64,2.21,-1.09,,,1009.11,,,35.07389296,,,7.298,1.8204,4.33,,,,13.855,-24.20785725,-27.81015537,0,-18.2590556,,2.027562,1.353076,0,-1.78304964,NaN,7.945944,67.6,67.5,,,33.97118297,,6.5,7.2,NaN,0.9950597,0.6822209,,,7.80217961,,262,227.7,258,228,28.1,19.7,21.1,12.5,,,3581.95,
underway_1200.29975690,29975690,200809020,2008-12-20T17:40:00,20081220174000,MULTIPOINT ((-47.7441 91.2423)),91.2423,-47.7441,56.8,,49.07592773,,9.8,1.89,-1.07,4.28,-1.91,,,1009.08,,,35.16893727,,,7.339,1.8614,4.305,,,,NaN,-24.20722786,-25.82311832,0,-18.25871353,,2.02759,1.353048,0,-1.78301651,NaN,7.945944,70.8,70.2,,,33.99130172,,6.5,7.1,NaN,0.9944652,0.6824774,,,7.88641267,,267,232.4,263,229.5,27.5,19.6,23.6,15.4,,,,
underway_1200.29975810,29975810,200809020,2008-12-20T18:00:00,20081220180000,MULTIPOINT ((-47.7109 91.3094)),91.3094,-47.7109,53.3,,45.56030273,,10.1,0.56,-1.31,4.36,-2.08,,,1009.1,,,35.13725921,,,7.412,1.8204,,,,,NaN,-16.84038021,-17.87835449,0,-18.25980816,,2.027568,1.3530622,-1.81814439,-1.7831234,NaN,7.93243,73.9,72.3,,,34.01447301,,6.5,7.1,NaN,0.9933052,0.6839053,,,7.82771617,,259,228.9,257,230.4,25.7,17.2,21.3,12.7,,,,
underway_1200.29975930,29975930,200809020,2008-12-20T18:20:00,20081220182000,MULTIPOINT ((-47.6771 91.3772)),91.3772,-47.6771,52.7,,45.43395996,,10.1,0.9,-0.62,3.11,-1.57,,,1008.96,,,35.07498932,,,7.275,1.7712,4.288,,,,NaN,-13.68280652,-16.88505819,0,-18.25986015,,2.027546,1.3530822,-1.81811167,-1.78312821,NaN,7.93243,75.9,,,,34.00476996,,6.4,,13.17904,0.9932268,0.6834418,,,7.76896724,,267,240.7,273,248.2,25,17.6,24.7,18.2,,,3416.06,
underway_1200.29976050,29976050,200809020,2008-12-20T18:40:00,20081220184000,MULTIPOINT ((-47.6417 91.4445)),91.4445,-47.6417,50.4,,44.15405273,,10.5,0.89,-1.02,3.29,-1.97,,,1009.28,,,35.08809965,,,,1.7138,,,,,30.07558,-13.68271706,-16.88470684,0,-18.25956734,,2.027568,1.3530652,0,-1.78309988,NaN,7.925674,79.1,75.7,,,34.01473731,,6.2,6.9,12.84126,0.9927645,0.684245,,,7.77322618,,269,243,284,268.9,27.5,20.3,21.7,17.7,,,3651.07,
underway_1200.29976170,29976170,200809020,2008-12-20T19:00:00,20081220190000,MULTIPOINT ((-47.6057 91.5131)),91.5131,-47.6057,51.6,,43.95080566,,10.4,2.06,-1.9,3.83,-1.8,,,1009.1,,,35.09902565,,,7.363,1.7302,4.183,,,,30.7523,-24.20849303,-26.81757679,0,-18.25985468,,2.027624,1.3530388,0,-1.78312821,NaN,7.918918,73.3,73.3,,,34.02900697,,6.5,7,30.07642,0.9935359,0.6838935,,,7.77067085,,267,239.6,272,246.9,28.7,21.1,27,20.2,,,3637.25,
underway_1200.29976290,29976290,200809020,2008-12-20T19:20:00,20081220192000,MULTIPOINT ((-47.5692 91.5814)),91.5814,-47.5692,51.2,,44.80224609,,10.7,0.73,-0.34,4.57,-2.95,,,1009.05,,,35.03894446,,,7.321,1.5908,4.309,,,,NaN,-22.10280813,-23.83772391,0,-18.259841,,2.027624,1.3530618,0,-1.78312661,NaN,7.89189,73.2,72.8,,,34.05006464,,6.6,7.1,NaN,0.9934682,0.6830932,,,7.68287766,,262,233.9,259,232.5,27.5,19.1,24.1,15.4,,,3595.09,
underway_1200.29976410,29976410,200809020,2008-12-20T19:40:00,20081220194000,MULTIPOINT ((-47.5318 91.6498)),91.6498,-47.5318,49.3,,42.28088379,,10.7,1.48,-0.28,1.74,-0.96,,,1008.71,,,35.16020149,,,7.3,1.6892,4.303,,,,NaN,-21.0502005,-21.85055473,0,-18.25885035,,2.027564,1.3530868,-1.8180566,-1.78302987,NaN,7.89189,73.4,72.5,,,34.02337743,,6.6,7.2,NaN,0.9933037,0.6824969,,,7.8438842,,258,231.3,254,229.3,28.2,19.5,23.9,14.9,,,,
underway_1200.29976530,29976530,200809020,2008-12-20T20:00:00,20081220200000,MULTIPOINT ((-47.4941 91.7192)),91.7192,-47.4941,53.1,,47.5378418,,10.6,0.31,-0.21,1.22,-1.44,,,1008.67,,,35.01490393,,,7.265,1.6072,,,,,NaN,-16.84026519,-19.86395311,0,-18.25874636,,2.027526,1.3530958,0,-1.78301971,NaN,7.888511,73.4,72.7,,,33.98825599,,6.7,7.2,NaN,0.9934199,0.6818925,,,7.71954345,,266,238.1,265,237.7,25.6,17.7,24.2,16.2,,,,
underway_1200.29976650,29976650,200809020,2008-12-20T20:20:00,20081220202000,MULTIPOINT ((-47.4579 91.7872)),91.7872,-47.4579,50.5,,43.62121582,,10.6,1.54,-2.17,1.72,-0.18,,,1008.44,,,35.3197114,,,7.246,1.3202,4.313,,,,14.19315,-36.83784847,-39.72821853,0,-18.25883393,,2.027592,1.3530932,-1.81812421,-1.78302826,NaN,7.878377,75.9,74.1,,,34.12506227,,6.5,7.1,NaN,0.99325,0.6829062,,,7.91531633,,261,234.1,260,234.1,27.3,19,25.5,17.1,,,3511.2,
underway_1200.29976770,29976770,200809020,2008-12-20T20:40:00,20081220204000,MULTIPOINT ((-47.4209 91.8548)),91.8548,-47.4209,51.5,,44.67041016,,10.7,0.51,-0.82,1.77,-0.48,,,1008.42,,,35.33500772,,,,1.3038,4.372,,,,13.8553,-35.78615458,-37.74197427,0,-18.25893245,,2.027606,1.353092,0,-1.78303788,NaN,7.878377,73.4,73.6,,,34.14066227,,6.5,7,13.51737,0.9934591,0.6843939,,,7.91616625,,260,232.3,255,228.5,26.7,18.1,22.4,13.3,,,3577.12,
underway_1200.29976890,29976890,200809020,2008-12-20T21:00:00,20081220210000,MULTIPOINT ((-47.3833 91.9221)),91.9221,-47.3833,50.3,,44.56054688,,10.3,1.52,-1.04,1.98,-0.98,,,1008.08,,,35.2869399,,,7.308,1.1644,,,,,NaN,-29.47128517,-31.78249074,0,-18.25897897,,2.027594,1.3531112,0,-1.78304269,NaN,7.878377,73.5,72.7,,,34.14473999,,6.7,7.3,13.51729,0.9933181,0.6826446,,,7.85919761,,267,239.9,271,246.3,27.6,20.2,27.4,20.8,,,3863.04,
underway_1200.29977010,29977010,200809020,2008-12-20T21:20:00,20081220212000,MULTIPOINT ((-47.3443 91.9888)),91.9888,-47.3443,47.6,,45.32958984,,10.5,1.62,-1.76,0.33,-0.4,,,1008.02,,,34.93954179,,,7.284,1.2792,4.339,,,,NaN,-17.89292074,-19.86509125,0,-18.25965491,,2.027574,1.3530422,1.81809913,0,NaN,7.878377,78.5,74.9,,,34.11513829,,6.6,7.2,13.17923,0.9929702,0.6822039,,,7.50693853,,267,240.8,272,249.2,27.6,20.6,25.1,19.1,,,,
underway_1200.29977130,29977130,200809020,2008-12-20T21:40:00,20081220214000,MULTIPOINT ((-47.3081 92.0591)),92.0591,-47.3081,52.1,,48.27941895,,10.6,0.65,-0.52,1.07,-0.59,,,1008.05,,,34.71121244,,,7.289,1.3694,4.316,,,,NaN,-28.41767435,-31.78291116,0,-9.12965231,,3.379418,3.38266,0,-1.78307423,NaN,7.874998,81.2,77.7,,,33.95795522,,6.2,6.8,NaN,0.9919942,0.6853945,,,7.41450982,,268,241.1,274,253.9,23.5,16.1,20.6,14.5,,,,
underway_1200.29977250,29977250,200809020,2008-12-20T22:00:00,20081220220000,MULTIPOINT ((-47.2727 92.1292)),92.1292,-47.2727,56.1,,53.04748535,,10.2,1.7,-2.27,0.55,-1.77,,,1008.12,,,34.62600495,,,7.26,1.4104,4.318,,,,14.19334,-24.20797226,-25.82367087,0,-9.12956474,,8.110482,8.794952,1.81811276,1.78305713,NaN,7.87162,78.9,77.4,,,33.94007854,,6.3,6.8,NaN,0.9923173,0.6861415,,,7.33824369,,269,234.5,269,235.7,24.7,17,24.1,16.5,,,0,
underway_1200.29977370,29977370,200809020,2008-12-20T22:20:00,20081220222000,MULTIPOINT ((-47.2402 92.2016)),92.2016,-47.2402,55.4,,51.35009766,,10.4,0.13,-0.84,3.51,-3.58,,,1008.09,,,34.74508468,,,7.359,1.148,4.295,,,,14.19286,-21.05071487,-22.84449367,17.80851327,0,,20.27552,19.620364,9.09075466,8.91537649,NaN,7.874998,78.6,77.1,,,34.03013112,,6.4,6.9,NaN,0.9923512,0.6855626,,,7.37853011,,274,242.5,287,262.1,26.2,19.2,22.7,18.2,,,3517.44,
underway_1200.29977490,29977490,200809020,2008-12-20T22:40:00,20081220224000,MULTIPOINT ((-47.2046 92.2706)),92.2706,-47.2046,52.2,,49.48791504,,10.7,0,-11.5,33.53,0,,,1007.76,,,34.81062353,,,7.251,1.0824,4.328,,,,14.19325,-17.89328176,-20.85745662,53.42571874,36.51768976,,47.31082,48.03586,23.63604498,19.61331732,NaN,7.864863,78.6,77.4,,,33.98953469,,6.3,6.8,NaN,0.9910266,0.6859655,,,7.4923982,,267,238.5,271,244.3,25.2,17.6,24.5,17.5,,,3514.37,
underway_1200.29977610,29977610,200809020,2008-12-20T23:00:00,20081220230000,MULTIPOINT ((-47.1682 92.3388)),92.3388,-47.1682,51.4,,47.91137695,,10.6,2.74,-1.48,3.7,-3.38,,,1007.67,,,34.74180382,,,7.302,1.23,4.316,,,,14.19332,-26.31331851,-27.80967189,97.94612738,82.16537665,,87.52548,88.96596,43.63530392,35.6608432,NaN,7.864863,81.5,80,,,33.99793674,,6.3,6.8,13.17951,0.9858951,0.6868308,,,7.40765806,,269,249.1,280,273.6,20.6,13.9,15.7,11.8,,,3429.89,
underway_1200.29977730,29977730,200809020,2008-12-20T23:20:00,20081220232000,MULTIPOINT ((-47.1317 92.4063)),92.4063,-47.1317,50.9,,47.36755371,,10.6,1.7,-1.31,2.38,-1.59,,,1007.63,,,34.61180912,,,7.258,0.943,,,,,NaN,-36.83816796,-39.72932964,186.98763895,155.20324646,,167.6137,169.8186,87.27038973,74.88870712,NaN,7.864863,82,80,,,33.98360772,,6.2,6.7,13.51724,0.9869608,0.6861754,,,7.2781967,,267,246.5,281,273.8,21.1,14.1,16.4,12.6,,,,
underway_1200.29977850,29977850,200809020,2008-12-20T23:40:00,20081220234000,MULTIPOINT ((-47.0954 92.4739)),92.4739,-47.0954,52.9,,49.46594238,,10.5,0.68,-0.23,1.62,-1.69,,,1007.59,,,34.52550746,,,7.371,0.7872,4.295,,,,NaN,-34.73279935,-35.75512941,276.02493135,246.49284605,,237.9048,243.8874,130.90356713,114.11313974,NaN,7.864863,82,80.6,,,33.94092233,,6.4,6.8,13.51732,0.98717,0.6830201,,,7.22582512,,271,251.2,276,305.5,19.7,13.2,9,7.3,,,,
underway_1200.29977970,29977970,200809020,2008-12-21T00:00:00,20081221000000,MULTIPOINT ((-47.06 92.543)),92.543,-47.06,54.9,,49.82849121,,10.5,,,,,,,1007.43,,,34.73523757,,,7.23,0.5412,4.311,,,,NaN,-18.94564658,-20.85769085,329.45769986,283.01901921,,282.523,287.5256,152.72470875,131.94738814,NaN,7.861484,83.9,81.7,,,33.89437628,,6.5,7,30.41515,0.9874109,0.6788312,,,7.5060833,,271,248.7,291,294.9,20.4,13.4,12.2,10.7,,,3518.98,
underway_1200.29978090,29978090,200809020,2008-12-21T00:20:00,20081221002000,MULTIPOINT ((-47.0265 92.6133)),92.6133,-47.0265,54.7,,49.9987793,,10.3,,,,,,,1007.15,,,34.96683735,,,7.269,0.4838,4.305,,,,NaN,-26.31270509,-29.79575399,347.24957406,301.26817659,,300.0912,303.4078,158.17158352,135.50898933,NaN,7.85135,83.5,80.6,,,33.98720103,,6.5,7.2,NaN,0.9878004,0.6762239,,,7.66752312,,269,249.8,278,274.6,18.5,11.6,14.2,9.8,,,3445.25,
underway_1200.29978210,29978210,200809020,2008-12-21T00:40:00,20081221004000,MULTIPOINT ((-46.9936 92.6834)),92.6834,-46.9936,57.1,,51.6192627,,10.5,,,,,,,1007.23,,,34.96465157,,,7.38,0.4182,4.307,,,,NaN,-29.47009028,-32.77519245,489.72449504,429.07850355,,416.3152,421.4446,221.80996864,192.56526524,NaN,7.85135,83.2,80.8,,,33.97900338,,6.5,7.1,NaN,0.9876673,0.6753937,,,7.67349476,,274,252.9,283,287.4,19.3,12.7,12.4,9.1,,,3492.86,
underway_1200.29978330,29978330,200809020,2008-12-21T01:00:00,20081221010000,MULTIPOINT ((-46.9608 92.7542)),92.7542,-46.9608,56,,49.49890137,,10.3,,,,,,,1007.24,,,34.96574548,,,7.221,0.656,4.318,,,,NaN,-15.78723264,-19.86376092,231.49237252,200.84532336,,207.1434,211.737,105.44439626,89.15055805,NaN,7.85135,82.2,80.6,,,33.99186045,,6.7,7.3,NaN,0.9859758,0.6753935,,,7.66155094,,276,252.9,293,294.2,21.6,15.3,12.6,11.1,,,3592.7,
underway_1200.29978450,29978450,200809020,2008-12-21T01:20:00,20081221012000,MULTIPOINT ((-46.9299 92.824)),92.824,-46.9299,57.3,,50.1965332,,10,,,,,,,1007.06,,,34.7603636,,,7.24,0.4674,4.31,,,,NaN,-26.31094471,-27.80926048,489.69779134,429.07850355,,422.3764,425.8414,218.16190661,188.99922795,NaN,7.851338,82.1,81.1,,,33.9040593,,6.6,7.2,NaN,0.9852522,0.6766109,,,7.52404068,,275,254,290,288.8,18.7,12.4,13,10.6,,,,
underway_1200.29978570,29978570,200809020,2008-12-21T01:40:00,20081221014000,MULTIPOINT ((-46.8997 92.8934)),92.8934,-46.8997,58.6,,51.02050781,,9.9,,,,,,,1006.72,,,35.05859548,,,7.178,0.3854,,,,,14.19179,-12.62891774,-14.89781994,427.34037925,374.30257095,,363.5802,372.733,185.4236238,164.03707384,NaN,7.847971,83.2,80.4,,,33.94144651,,6.8,7.5,NaN,0.9854508,0.6688223,,,7.81580034,,277,255,290,275.5,18.8,12.6,16.8,13.2,,,3515.9,
underway_1200.29978690,29978690,200809020,2008-12-21T02:00:00,20081221020000,MULTIPOINT ((-46.8692 92.9627)),92.9627,-46.8692,55.5,,49.81201172,,10.1,,,,,,,1006.66,,,35.23557218,,,5.774,,,,,,14.19089,-13.68164997,-16.88419633,649.94295652,584.27734411,,556.8238,566.2002,294.50975707,253.18763188,NaN,7.85109,79.4,78.5,,,33.9545165,,6.9,7.5,NaN,0.9870106,0.6704433,,,7.9977071,,277,255.8,288,273.9,19.9,14,17.3,13.6,,,3488.26,
underway_1200.29978810,29978810,200809020,2008-12-21T02:20:00,20081221022000,MULTIPOINT ((-46.8354 93.0282)),93.0282,-46.8354,53.9,,47.92785645,,10.3,,,,,,,1006.57,,,35.13615964,,,,0.3116,4.193,,,,14.19053,-28.41358808,-31.78201026,845.73635418,775.9931082,,720.0004,729.867,385.37133821,336.98921417,NaN,7.84783,81.3,78.6,,,33.95360794,,7,7.7,NaN,0.9866471,0.6645239,,,7.8889635,,276,256.6,282,269.3,20,14.1,17.7,13.3,,,3481.73,
underway_1200.29978930,29978930,200809020,2008-12-21T02:40:00,20081221024000,MULTIPOINT ((-46.8005 93.0958)),93.0958,-46.8005,52.9,,47.92236328,,10.4,,,,,,,1006.13,,,35.12633152,,,7.64,0.2542,,,,,23.64936,-30.51735605,-25.82288709,1620.23631602,1515.46901922,,1381.1226,1377.1604,843.44579094,755.9971256,NaN,7.83741,80.5,79.8,,,33.98611967,,7.3,7.7,31.41986,0.9901648,0.660036,,,7.84473504,,289,270,299,280.3,21.7,18.1,21,19.2,,,3458.98,
underway_1200.29979050,29979050,200809020,2008-12-21T03:00:00,20081221030000,MULTIPOINT ((-46.7654 93.1628)),93.1628,-46.7654,52.9,,47.96630859,,10.5,,,,,,,1006.19,,,34.97229527,,,7.19,0.2296,,,,,14.18929,-17.88895588,-19.86376092,907.97894036,830.76931445,,768.9244,785.2694,414.42186407,367.30039749,NaN,7.83686,78.8,76.7,,,33.95144322,,7.4,8.2,13.17577,0.9944666,0.6564879,,,7.71016578,,285,266.3,298,280.6,21.3,17,20.5,18.7,,,,
underway_1200.29979170,29979170,200809020,2008-12-21T03:20:00,20081221032000,MULTIPOINT ((-46.7314 93.2284)),93.2284,-46.7314,54.3,,48.95507812,,10,,,,,,,1006.13,,,35.52617209,,,7.199,0.2624,4.374,,,,13.85135,-13.67910364,-17.87738453,578.60188568,520.37190698,,500,508.2874,258.09942079,224.65944048,NaN,7.835967,80,77.5,,,33.98058275,,7.4,8.1,NaN,0.9899325,0.6617542,,,8.29075943,,281,262.1,296,280.1,19.8,15,18.6,16.6,,,,
underway_1200.29979290,29979290,200809020,2008-12-21T03:40:00,20081221034000,MULTIPOINT ((-46.6977 93.293)),93.293,-46.6977,53.9,,46.29638672,,9.9,,,,,,,1005.87,,,35.34591853,,,7.153,0.1804,4.27,,,,13.85135,-22.09649822,-22.8433225,1255.10487629,1141.16644827,,1054.392,1065.2692,574.35452834,502.80927993,NaN,7.835274,79.2,77.1,,,34.02317454,,7.5,8.2,NaN,0.9927704,0.6562059,,,8.04861891,,278,255.7,296,286.2,22.5,16.9,16.6,14.9,,,3523.9,
underway_1200.29979410,29979410,200809020,2008-12-21T04:00:00,20081221040000,MULTIPOINT ((-46.6635 93.3575)),93.3575,-46.6635,52,,48.15307617,,10.2,,,,,,,1005.67,,,36.20463899,,,7.264,0.3608,4.327,,,,NaN,-11.57417593,-16.88419633,445.06629531,383.43207549,,379.392,377.4096,185.39036294,156.90505271,NaN,7.834584,79,76.6,,,34.0283009,,7.7,8.4,NaN,0.9899325,0.6585055,,,8.98430942,,280,257.5,291,269.2,22.3,17.2,22.6,19.4,,,3422.21,
underway_1200.29979530,29979530,200809020,2008-12-21T04:20:00,20081221042000,MULTIPOINT ((-46.6285 93.4234)),93.4234,-46.6285,52.2,,49.26269531,,10.2,,,,,,,1005.73,,,36.37729826,,,,0.2132,4.323,,,,14.18919,-9.46976898,-12.91144354,934.63911333,849.02777621,,795.2704,809.6046,410.76676819,358.385331,NaN,7.834618,85.6,81,,,34.2823986,,7.2,7.9,NaN,0.9870272,0.6643222,,,8.90816438,,273,248.2,275,263.1,22,15.8,16.4,11.3,,,3581.95,
underway_1200.29979650,29979650,200809020,2008-12-21T04:40:00,20081221044000,MULTIPOINT ((-46.5934 93.4889)),93.4889,-46.5934,53.2,,48.59802246,,10.1,,,,,,,1005.55,,,36.23197439,,,7.28,0.1886,0,,,,14.18919,-22.09640237,-23.8365137,1112.68923753,1013.35584766,,945.946,967.8732,498.01987317,435.05483871,NaN,7.834358,81.3,79.5,,,34.20027385,,7.5,8.2,NaN,0.9904055,0.6575586,,,8.83528447,,282,255.2,296,275.7,25.4,20.1,21,18.5,,,,
underway_1200.29979770,29979770,200809020,2008-12-21T05:00:00,20081221050000,MULTIPOINT ((-46.5582 93.5538)),93.5538,-46.5582,51.9,,47.34558105,,9.9,,,,,,,1005.3,,,36.45267251,,,7.27,0.1804,,,,,30.74324,-17.88758847,-19.86376092,1237.29537765,1122.90771285,,1045.946,1065.2692,559.81080836,488.54523767,NaN,7.833827,81.9,79.6,,,34.15993491,,7.6,8.4,29.72973,0.9894596,0.6561382,,,9.11714457,,275,248.3,295,279.4,25,19,19,17,,,,
underway_1200.29979890,29979890,200809020,2008-12-21T05:20:00,20081221052000,MULTIPOINT ((-46.523 93.6175)),93.6175,-46.523,51.7,,47.42248535,,10,,,,,,,1005.08,,,36.4920179,,,7.363,0.2132,4.326,,,,NaN,-30.51384487,-31.78201026,996.94979395,903.80398247,,847.2974,863.0372,447.1184345,388.69656777,NaN,7.827896,81.2,78.8,,,34.2539962,,7.7,8.4,30.40541,0.9894596,0.6554619,,,9.06203774,,277,253.9,291,278.2,22.5,16.9,17.8,15.4,,,3412.99,
underway_1200.29980010,29980010,200809020,2008-12-21T05:40:00,20081221054000,MULTIPOINT ((-46.487 93.6814)),93.6814,-46.487,50.9,,46.02172852,,10.1,,,,,,,1005.07,,,36.90940958,,,7.419,0.246,4.316,,,,14.18919,-32.61810166,-35.75476905,916.83655765,830.76931445,,777.027,792.0192,407.13168334,356.60233908,NaN,7.820554,79.8,77.9,,,34.30143597,,7.8,8.7,13.51352,0.9893245,0.6533651,,,9.46426644,,274,246.5,286,262.6,27.4,21.2,25.4,21.3,,,3290.06,
underway_1200.29980130,29980130,200809020,2008-12-21T06:00:00,20081221060000,MULTIPOINT ((-46.4509 93.745)),93.745,-46.4509,49,,46.45568848,,10.4,,,,,,,1004.69,,,36.72693642,,,7.541,0.2542,4.311,,,,14.18919,-28.40930054,-34.76158686,943.54052469,849.02777621,,798.3108,810.6192,418.0369924,365.51740557,NaN,7.820714,82.1,78.1,,,34.2925573,,7.8,8.6,13.51352,0.9881759,0.6521477,,,9.27636315,,274,254.7,289,275.9,21.6,16.1,18.7,16.2,,,3385.34,
underway_1200.29980250,29980250,200809020,2008-12-21T06:20:00,20081221062000,MULTIPOINT ((-46.4134 93.8087)),93.8087,-46.4134,46.9,,47.13134766,,10.3,,,,,,,1004.76,,,36.62641002,,,7.139,0.246,4.315,,,,NaN,-24.20051539,-26.81607529,1059.2578042,958.57991506,,902.365,915.117,487.10398608,422.57373493,NaN,7.805728,78.2,76.5,,,34.25684754,,8,8.7,13.51352,0.9889866,0.6512008,,,9.20472035,,269,242.6,274,253.6,25.5,19.1,21.8,16.6,,,3356.16,
underway_1200.29980370,29980370,200809020,2008-12-21T06:40:00,20081221064000,MULTIPOINT ((-46.3754 93.8714)),93.8714,-46.3754,49.4,,47.92236328,,10.5,,,,,,,1004.41,,,36.48109042,,,7.191,0.205,4.323,,,,NaN,-24.20051539,-23.8365137,1486.52127679,1360.27045231,,1250.338,1288.4684,697.93988838,611.57317667,NaN,7.792102,76.6,74.9,,,34.24258024,,8.1,8.9,13.51352,0.9914866,0.6461957,,,9.06203774,,275,248.7,284,270,26.4,20.6,18.4,14.9,,,,
underway_1200.29980490,29980490,200809020,2008-12-21T07:00:00,20081221070000,MULTIPOINT ((-46.338 93.9326)),93.9326,-46.338,48.5,,48.04321289,,9.9,,,,,,,1004.31,,,36.0811922,,,7.159,0.2542,4.314,,,,14.18919,-26.30490956,-29.79563987,1717.9558358,1506.33978834,,1436.8244,1414.2718,745.19648206,625.83711203,NaN,7.785596,78.7,75,,,34.13484008,,8.2,9.1,NaN,0.9940541,0.6409201,,,8.73882574,,274,251.4,289,302.3,21.6,16.1,9.7,9.8,,,,
underway_1200.29980610,29980610,200809020,2008-12-21T07:20:00,20081221072000,MULTIPOINT ((-46.302 93.9924)),93.9924,-46.302,48.1,,47.70812988,,9.9,,,,,,,1003.98,,,35.97629804,,,7.166,0.2214,,,,,14.18919,-28.40930054,-27.80926048,1361.90285296,1442.4343512,,1113.1758,1324.9922,761.55428206,702.50629906,NaN,7.77857,79.1,75.4,,,34.05840755,,8.4,9.3,NaN,0.9952028,0.6375383,,,8.70356227,,275,250.8,290,294.4,23.7,18.4,11.5,11.1,,,3272.89,
underway_1200.29980730,29980730,200809020,2008-12-21T07:40:00,20081221074000,MULTIPOINT ((-46.2658 94.0508)),94.0508,-46.2658,46.5,,45.54382324,,9.7,,,,,,,1003.87,,,35.94242864,,,7.155,0.2378,4.307,,,,14.18919,-33.67027478,-39.72752784,2091.81137432,2127.13432963,,1705.0676,1997.9716,1115.97709888,948.56239084,NaN,7.765027,79.5,75.4,,,34.05348347,,8.5,9.4,NaN,0.9954732,0.6376735,,,8.67164103,,276,255.9,291,280.1,21.1,16.5,16.6,15.2,,,3425.28,
underway_1200.29980850,29980850,200809020,2008-12-21T08:00:00,20081221080000,MULTIPOINT ((-46.2293 94.1088)),94.1088,-46.2293,46.8,,47.15332031,,10,,,,,,,1003.71,,,36.04403536,,,,0.1886,4.22,,,,NaN,-50.50542815,-52.63895637,2047.3048516,1908.03032559,,1689.1892,1788.976,1017.82920836,887.93959662,NaN,7.765027,76.5,73.8,,,34.05291217,,8.5,9.4,13.51352,0.9962839,0.6379441,,,8.78329809,,275,248.6,303,287.4,26.4,21.1,18,18.3,,,3394.56,
underway_1200.29980970,29980970,200809020,2008-12-21T08:20:00,20081221082000,MULTIPOINT ((-46.192 94.1689)),94.1689,-46.192,46.6,,46.51611328,,10.5,,,,,,,1003.69,,,36.26692293,,,7.197,0.2214,4.327,,,,NaN,-18.93953476,-27.80926048,2421.16039012,2209.29850218,,1996.284,2052.754,1097.80140204,966.39231004,NaN,7.748147,77.9,73.8,,,34.08621727,,8.5,9.4,13.51352,0.9962163,0.6399725,,,8.9918355,,274,253.3,292,280.5,22.7,17.3,17.7,16.2,,,3294.72,
underway_1200.29981090,29981090,200809020,2008-12-21T08:40:00,20081221084000,MULTIPOINT ((-46.152 94.2345)),94.2345,-46.152,46.8,,46.31835938,,11.4,,,,,,,1003.7,,,36.51495,,,7.151,0.1722,4.312,,,,14.18919,-68.39275464,-78.46184346,1646.74507901,702.95844018,,1359.4596,636.1078,585.25154944,402.96061002,NaN,7.724514,78.6,75,,,34.15121837,,8.6,9.4,NaN,0.9960137,0.6411804,,,9.1938839,,278,258.6,293,275.7,24.9,19.7,23.4,21.3,,,3296.26,
underway_1200.29981210,29981210,200809020,2008-12-21T09:00:00,20081221090000,MULTIPOINT ((-46.1129 94.2997)),94.2997,-46.1129,48.4,,44.06616211,,10.4,,,,,,,1003.42,,,36.69852187,,,7.191,0.1312,4.36,,,,13.85135,-64.1839663,-77.46866127,1717.9558358,1561.11572093,,1430.4054,1452.1228,767.00688206,588.39374724,NaN,7.697505,77.9,75,,,34.24384525,,8.6,9.3,NaN,0.9960137,0.6426675,,,9.29634271,,275,255.9,289,272.5,23.4,18.1,22.5,19.8,,,,
underway_1200.29981330,29981330,200809020,2008-12-21T09:20:00,20081221092000,MULTIPOINT ((-46.0752 94.3619)),94.3619,-46.0752,49,,45.76904297,,10.3,,,,,,,1003.07,,,36.57068196,,,7.197,0.1312,4.323,,,,31.41892,-55.76642156,-59.59129176,1628.94252333,1460.69308662,,1342.2298,1335.8034,734.2907368,659.71449298,NaN,7.690753,79.2,76.4,,,34.22124736,,8.7,9.3,30.40541,0.9955406,0.6476787,,,9.18137811,,281,257.3,293,270.6,25.1,20.3,24.9,22.2,,,,
underway_1200.29981450,29981450,200809020,2008-12-21T09:40:00,20081221094000,MULTIPOINT ((-46.0374 94.4245)),94.4245,-46.0374,48.5,,46.90063477,,10.3,,,,,,,1003.23,,,36.57505131,,,7.164,0.2378,4.311,,,,14.18919,-32.61810166,-35.75476905,845.6260679,675.57047389,,700.338,676.6992,403.49654398,338.77220609,NaN,7.670497,79.1,76.4,,,34.21218586,,8.6,9.4,13.51352,0.9956082,0.645113,,,9.19555116,,279,256,282,265.2,23.7,18.7,20.4,16.4,,,3245.57,
underway_1200.29981570,29981570,200809020,2008-12-21T10:00:00,20081221100000,MULTIPOINT ((-45.9996 94.4883)),94.4883,-45.9996,49,,45.98327637,,10.3,,,,,,,1002.88,,,36.51823627,,,,0.2624,4.242,,,,NaN,-26.30490956,-29.79563987,810.0206895,611.66531041,,663.5136,639.8374,363.51039261,306.67803085,NaN,7.663745,79.8,77.7,,,34.21949384,,8.6,9.3,NaN,0.9938515,0.6487654,,,9.1263246,,278,253.8,298,279.4,26.6,21.4,22.6,21.3,,,3178.88,
underway_1200.29981690,29981690,200809020,2008-12-21T10:20:00,20081221102000,MULTIPOINT ((-45.9617 94.5532)),94.5532,-45.9617,51,,45.35705566,,10.7,,,,,,,1002.73,,,36.4013248,,,7.165,0.3116,4.324,,,,14.18919,-34.72247986,-39.72752784,703.20482136,593.40657499,,578.3784,557.9954,345.33491387,288.84789786,NaN,7.660368,79.9,77.6,,,34.19622132,,8.6,9.2,NaN,0.993919,0.6506565,,,9.02360286,,279,255.5,285,261.4,26.2,20.7,27.4,22.9,,,3105.79,
underway_1200.29981810,29981810,200809020,2008-12-21T10:40:00,20081221104000,MULTIPOINT ((-45.924 94.6187)),94.6187,-45.924,48.9,,43.43994141,,10.7,,,,,,,1002.43,,,36.33686244,,,7.144,0.4018,,,,,31.41892,-24.20051539,-29.79563987,560.78357481,492.98394068,,472.2974,467.0272,258.09238693,221.09345664,NaN,7.656992,85.5,81.9,,,34.20124375,,8.1,8.8,30.06757,0.9919596,0.6553938,,,8.94833969,,282,269.3,294,283.6,20.7,16.7,19.1,17.5,,,3299.33,
underway_1200.29981930,29981930,200809020,2008-12-21T11:00:00,20081221110000,MULTIPOINT ((-45.885 94.6858)),94.6858,-45.885,50.5,,44.41223145,,11.1,,,,,,,1002.28,,,36.29752566,,,7.156,0.6396,4.314,,,,NaN,-11.57415995,-15.89100813,311.54646012,264.75065103,,266.2162,268.5152,138.13398736,117.67874945,NaN,7.66712,85.4,83.6,,,34.17132429,,8.4,8.9,30.06757,0.9895272,0.6600607,,,8.93662441,,274,252.3,292,285.3,25.8,19.2,17.8,15.8,,,,
underway_1200.29982050,29982050,200809020,2008-12-21T11:20:00,20081221112000,MULTIPOINT ((-45.8452 94.7546)),94.7546,-45.8452,49.2,,42.16552734,,11.1,,,,,,,1002.27,,,36.28004505,,,7.201,0.7462,4.251,,,,NaN,-13.67855412,-19.86376092,542.9807521,474.72520526,,435.1352,427.122,258.09238693,212.17839015,NaN,7.670497,84,82.5,,,34.1771945,,7.9,8.4,21.28379,0.9889866,0.6647951,,,8.91151325,,274,252.4,293,279.6,28.1,21.7,22.6,20.2,,,,
underway_1200.29982170,29982170,200809020,2008-12-21T11:40:00,20081221114000,MULTIPOINT ((-45.8052 94.8226)),94.8226,-45.8052,47.4,,41.23718262,,10.9,,,,,,,1002.19,,,36.28878051,,,7.169,0.7462,4.328,,,,NaN,-59.97517796,-65.55041493,240.33578344,191.71595565,,208.1082,200.8792,105.41800568,85.58457421,NaN,7.657094,84.2,82.5,,,34.13479371,,8.1,8.6,13.51352,0.9896623,0.6641188,,,8.96507223,,271,255.4,285,277.2,25.4,19.1,20.9,17.7,,,3051.24,
underway_1200.29982285,29982285,200809020,2008-12-21T12:00:00,20081221120000,MULTIPOINT ((-45.7632 94.889)),94.889,-45.7632,47.7,,40.51757812,,11.1,1.47,-1.47,2.3,0.72,,,1001.95,,,36.53025972,,,7.15,0.738,4.314,,,,14.18919,-26.30490956,-27.80926048,169.12518688,146.06930866,,153.3784,154.88666,83.60738757,69.53743314,NaN,7.657988,82.9,81.8,,,34.25773714,,8.3,8.8,13.51352,0.9894596,0.6639159,,,9.09961554,,276,258.8,289,273.9,27,21.2,26.4,23.1,,,0,
underway_1200.29982405,29982405,200809020,2008-12-21T12:20:00,20081221122000,MULTIPOINT ((-45.7214 94.9563)),94.9563,-45.7214,49.3,,40.73181152,,11.1,1.6,-0.96,3.9,0.98,,,1001.54,,,36.4963696,,,7.127,0.9184,4.341,,,,14.18919,-17.88733607,-17.87738453,71.21059657,54.77598733,,59.7973,61.21066,29.08083141,24.9621648,NaN,7.657956,81.6,81.1,,,34.10236041,,8.8,9.1,13.51352,0.9888515,0.662225,,,9.22472147,,274,261.2,287,280.4,23.5,17.5,20.5,17.5,,,3334.66,
underway_1200.29982525,29982525,200809020,2008-12-21T12:40:00,20081221124000,MULTIPOINT ((-45.6796 95.0236)),95.0236,-45.6796,49.1,,41.47338867,,11.3,0.59,-1.34,5.28,1.09,,,1001.38,,,36.72692708,,,7.122,0.9266,4.277,,,,14.18919,-18.93953476,-21.85013431,35.60529828,9.12933213,,27.02704,27.05444,10.9053145,8.9150558,NaN,7.658831,81.7,80.9,,,34.21749561,,8.9,9.2,13.51352,0.9887839,0.661481,,,9.35458213,,279,262.8,285,267.6,25.2,20,26.7,22.5,,,3065.51,
underway_1200.29982645,29982645,200809020,2008-12-21T13:00:00,20081221130000,MULTIPOINT ((-45.6377 95.09)),95.09,-45.6377,48.5,,40.03417969,,11.2,1.88,-1.1,2.46,0.33,,,1001.25,,,36.59471494,,,7.14,1.2546,4.303,,,,NaN,-22.09646307,-24.82969889,26.70498178,9.12933213,,24.32432,23.67264,12.72334221,8.9150558,NaN,7.659991,81.4,81,,,34.18387974,,8.9,9.2,13.51352,0.9892569,0.6613457,,,9.24638255,,279,261.9,292,275.6,27.9,22.7,28.1,25.4,,,,
underway_1200.29982765,29982765,200809020,2008-12-21T13:20:00,20081221132000,MULTIPOINT ((-45.5961 95.1577)),95.1577,-45.5961,48.5,,40.78125,,11,1.19,-1.31,3.44,0.74,,,1000.81,,,36.40240064,,,7.155,1.7466,4.267,,,,NaN,-36.82922227,-39.72752784,17.80403239,0,,14.864866,14.54176,9.08846456,8.9150558,NaN,7.661613,82.1,81.5,,,34.06039003,,9,9.3,30.06757,0.9889866,0.6612105,,,9.16636804,,289,271.8,301,285.2,26.2,22.8,25.3,24.4,,,,
underway_1200.29982885,29982885,200809020,2008-12-21T13:40:00,20081221134000,MULTIPOINT ((-45.5542 95.2244)),95.2244,-45.5542,48,,40.41320801,,11.3,1.29,-1.48,4.39,1.01,,,1000.37,,,36.54333982,,,,1.6646,4.311,,,,NaN,-26.30692554,-27.80926048,0,-9.12933213,,4.392026,4.058166,1.8177229,1.7830117,NaN,7.661407,83.5,82.8,,,34.0057974,,8.9,9.2,13.17608,0.9890842,0.6622926,,,9.37703228,,286,268.6,299,281.8,28.8,24.8,28.4,26.9,,,2675.71,
underway_1200.29983005,29983005,200809020,2008-12-21T14:00:00,20081221140000,MULTIPOINT ((-45.5126 95.2915)),95.2915,-45.5126,48.5,,40.12207031,,11.1,0.86,-0.59,2.59,1.71,,,1000.37,,,36.93124221,,,7.149,1.5334,,,,,22.29965,-17.88937761,-17.87738453,0,-18.25866427,,2.02724,1.6909024,-1.81774962,-1.7830117,NaN,7.662015,83.9,83.3,,,34.13795986,,9,9.2,13.17706,0.9892261,0.661481,,,9.65909139,,284,268.6,299,284.5,26.4,22.1,25.5,24.2,,,2864.64,
underway_1200.29983125,29983125,200809020,2008-12-21T14:20:00,20081221142000,MULTIPOINT ((-45.4724 95.3572)),95.3572,-45.4724,48.3,,39.58374023,,10.9,1.5,-0.24,2.61,1.99,,,1000,,,36.93562704,,,7.133,1.6482,4.299,,,,NaN,-24.20492753,-25.82288709,0,-18.25866427,,2.027324,1.352722,-1.81789957,0,NaN,7.655286,82.7,82.3,,,34.25069908,,9,9.3,13.17761,0.9891994,0.6606694,,,9.54558191,,285,267.8,297,281.1,28.3,24,27.7,25.8,,,2915.33,
underway_1200.29983245,29983245,200809020,2008-12-21T14:40:00,20081221144000,MULTIPOINT ((-45.4307 95.421)),95.421,-45.4307,46.7,,37.16125488,,10.9,0.82,-0.48,3.94,1.08,,,999.74,,,36.7367368,,,7.125,1.5416,4.344,,,,NaN,-22.10145988,-23.8365137,0,-18.25866427,,2.027394,1.352722,-1.81796445,-1.7830117,NaN,7.648278,83,83,,,34.02575772,,9.1,9.4,13.51597,0.9888281,0.6606694,,,9.56630976,,283,266.2,293,276.3,30.5,26.2,31.4,29,,,3010.49,
underway_1200.29983365,29983365,200809020,2008-12-21T15:00:00,20081221150000,MULTIPOINT ((-45.3896 95.4847)),95.4847,-45.3896,46.2,,38.51257324,,10.9,1.34,-1.41,4.73,1.97,,,999.26,,,37.72455293,,,7.126,0.9922,4.314,,,,30.41165,-17.89247665,-19.86376092,0,-18.25866427,,2.027444,1.352722,-1.81806096,-1.7830117,NaN,7.648595,82.2,82.6,,,34.18873964,,9.3,9.6,29.39793,0.983783,0.6595872,,,10.46056693,,285,262.6,300,278.1,37,32.4,37.6,35.8,,,,
underway_1200.29983485,29983485,200809020,2008-12-21T15:20:00,20081221152000,MULTIPOINT ((-45.3485 95.5479)),95.5479,-45.3485,47.7,,38.52905273,,10.8,0.96,-0.45,3.86,1.21,,,999.38,,,38.35513031,,,7.161,1.23,4.255,,,,14.19165,-15.7871336,-17.87738453,0,-18.25866427,,2.027378,1.352722,-1.81808005,-1.7830117,NaN,7.645241,81.8,81.9,,,34.48736728,,9.6,9.8,13.51586,0.9817917,0.6575581,,,10.81706516,,285,265.3,299,279.9,31.5,27.1,31.8,29.9,,,,
underway_1200.29983605,29983605,200809020,2008-12-21T15:40:00,20081221154000,MULTIPOINT ((-45.3075 95.6111)),95.6111,-45.3075,47.4,,39.22119141,,10.8,1.4,-1.72,5.08,-0.2,,,999.37,,,38.35076058,,,,1.3694,4.262,,,,NaN,-11.57710245,-12.91144354,0,-18.25866427,,2.027462,1.3527258,-1.81801407,-3.56602339,NaN,7.635133,81.8,81.9,,,34.49911044,,9.7,10,13.51642,0.9791969,0.6558015,,,10.79997692,,284,260.7,300,277.7,36,31.2,36.1,34.3,,,2878.46,
underway_1200.29983725,29983725,200809020,2008-12-21T16:00:00,20081221160000,MULTIPOINT ((-45.2661 95.6745)),95.6745,-45.2661,46.7,,38.39172363,,10.8,1.65,-0.15,4.76,0,,,998.77,,,38.32453224,,,7.188,1.2464,4.293,,,,NaN,-7.36714797,-12.91144354,0,-18.25866427,,2.027462,1.352723,0,-1.7830117,NaN,7.628323,84.7,83.8,,,34.49431465,,9.5,9.8,NaN,0.9751414,0.6582349,,,10.77718583,,290,269.2,304,283.6,35,31.5,34.4,33.6,,,2983.76,
underway_1200.29983845,29983845,200809020,2008-12-21T16:20:00,20081221162000,MULTIPOINT ((-45.2243 95.7371)),95.7371,-45.2243,44.8,,37.50183105,,11.1,2.12,-1.38,5.93,0,,,999.39,,,38.35950391,,,7.131,1.066,4.242,,,,14.19228,-7.36732049,-10.92506715,0,-18.25866427,,2.027468,1.3527286,1.81805824,0,NaN,7.628377,90.2,87.9,,,34.50480584,,9.1,9.6,NaN,0.9465575,0.6610108,,,10.80323216,,289,267.7,301,279.6,35.2,31.5,35.8,34.4,,,3019.36,
underway_1200.29983965,29983965,200809020,2008-12-21T16:40:00,20081221164000,MULTIPOINT ((-45.1828 95.7983)),95.7983,-45.1828,47,,39.53979492,,10.7,2.52,-0.31,5.03,0.46,,,997.73,,,38.38245749,,,7.144,1.1398,4.345,,,,14.19231,-4.20997365,-6.95231437,0,-18.25866427,,2.027472,1.352723,-1.81809804,-1.7830117,NaN,7.62162,92.1,90.5,,,34.53705263,,9.2,9.5,NaN,0.9564938,0.6621578,,,10.79346597,,286,264.9,303,281.9,34.4,30.2,34,32.9,,,,
underway_1200.29984085,29984085,200809020,2008-12-21T17:00:00,20081221170000,MULTIPOINT ((-45.1415 95.859)),95.859,-45.1415,47.5,,39.10583496,,10.6,1.48,-0.27,5.43,0.97,,,997.83,,,38.33874261,,,7.157,1.2464,4.304,,,,NaN,-3.15734876,-4.96594098,0,-18.25866427,,2.02753,1.352723,-1.81799935,-1.7830117,NaN,7.608106,92.3,91.2,,,34.52242007,,9.4,9.6,30.41295,0.9699026,0.6613462,,,10.76253034,,286,263.4,291,268.1,36.9,32.6,39.9,36.5,,,,
underway_1200.29984205,29984205,200809020,2008-12-21T17:20:00,20081221172000,MULTIPOINT ((-45.1007 95.9186)),95.9186,-45.1007,44.4,,38.64440918,,10.5,2.83,-2.48,3.59,1.63,,,998.15,,,38.35622734,,,7.159,1.2628,,,,,NaN,-9.47211722,-12.91144354,0,-18.25866427,,2.027538,1.352723,-1.81800589,-1.7830117,NaN,7.594593,88.5,90.7,,,34.51919703,,9.7,9.8,NaN,0.9714607,0.6604669,,,10.78451238,,277,253.7,294,274.4,35.2,30.1,31.5,29.6,,,2759.07,
underway_1200.29984325,29984325,200809020,2008-12-21T17:40:00,20081221174000,MULTIPOINT ((-45.0585 95.978)),95.978,-45.0585,45,,39.27612305,,11,1.68,-1.33,4.59,1.36,,,998.33,,,38.4108697,,,7.157,1.4104,4.351,,,,13.85485,-9.47245588,-8.93869376,0,-18.25866427,,2.02754,1.352723,0,-1.7830117,NaN,7.581079,82.8,86.5,,,34.52711171,,10.2,10.2,13.51693,0.978423,0.6574233,,,10.83414905,,274,248.3,315,298.8,40.1,34,24.9,27.1,,,2725.5,
underway_1200.29984445,29984445,200809020,2008-12-21T18:00:00,20081221180000,MULTIPOINT ((-45.0169 96.0384)),96.0384,-45.0169,45.2,,40.39123535,,11,1.82,-1.08,3.98,-0.56,,,998.65,,,38.41960862,,,7.125,0.984,4.319,,,,NaN,-83.14394516,-83.42778444,0,-18.25866427,,2.02751,1.352723,-1.81803588,-1.7830117,NaN,7.581079,79.4,81.9,,,34.49903871,,10.1,10.2,13.51674,0.9785441,0.6589114,,,10.87318163,,261,237.2,263,241.7,33.2,25.3,29.9,22.5,,,2726.78,
underway_1200.29984565,29984565,200809020,2008-12-21T18:20:00,20081221182000,MULTIPOINT ((-44.9753 96.0987)),96.0987,-44.9753,47,,41.03393555,,10.3,1.78,-0.31,7.26,-1.94,,,998.77,,,38.42288511,,,7.149,0.8774,0,,,,NaN,-21.04896407,-21.85013431,0,-18.25866427,,2.027386,1.352723,-1.81796118,-1.7830117,NaN,7.567555,67.7,68.9,,,34.48393309,,10,10.3,NaN,0.9864586,0.6576939,,,10.89268942,,258,233.6,254,230.7,34.7,26.5,29.5,20.8,,,,
underway_1200.29984685,29984685,200809020,2008-12-21T18:40:00,20081221184000,MULTIPOINT ((-44.9337 96.1592)),96.1592,-44.9337,46.4,,40.81970215,,10.9,2.72,-1.63,7.09,-3.23,,,998.79,,,38.37589368,,,7.172,0.943,4.268,,,,14.19109,-53.67172388,-57.60489735,0,-18.25866427,,2.027298,1.352723,-1.81787503,-1.7830117,NaN,7.56718,69,69.2,,,34.48515904,,9.8,10.2,NaN,0.9876325,0.6553942,,,10.84146938,,256,224.3,252,224.9,39,29.7,27.2,17.7,,,,
underway_1200.29984805,29984805,200809020,2008-12-21T19:00:00,20081221190000,MULTIPOINT ((-44.8926 96.2202)),96.2202,-44.8926,47.7,,40.68786621,,10.7,0.72,-1.88,3.31,-0.34,,,999.12,,,38.35512312,,,7.16,0.8774,4.335,,,,14.19069,-15.78605373,-17.87738453,0,-18.25866427,,2.02724,1.352723,-1.81789302,-1.7830117,NaN,7.567232,74.4,73.7,,,34.4329599,,9.9,10.3,13.17706,0.9857797,0.6526888,,,10.8748075,,264,239.5,268,248.1,28.5,20.9,25.9,19.2,,,2981.38,
underway_1200.29984925,29984925,200809020,2008-12-21T19:20:00,20081221192000,MULTIPOINT ((-44.8521 96.2822)),96.2822,-44.8521,46.8,,40.70983887,,10.5,2.27,-2.39,2.87,0.08,,,999.21,,,38.45020628,,,,0.9102,4.352,,,,NaN,-51.56568434,-55.61853297,0,-18.25866427,,2.027126,1.352723,-1.81783414,-1.7830117,NaN,7.567324,75.1,74.2,,,34.48677052,,9.9,10.2,NaN,0.985183,0.6535004,,,10.918691,,269,243.8,279,258,33.5,26.6,29.3,24.1,,,2831.85,
underway_1200.29985045,29985045,200809020,2008-12-21T19:40:00,20081221194000,MULTIPOINT ((-44.8128 96.3453)),96.3453,-44.8128,48.2,,39.07287598,,10.9,2.81,-2.74,6.67,0.92,,,999.14,,,38.1311123,,,7.153,1.3284,4.282,,,,NaN,-66.29537325,-71.5095381,0,-18.25866427,,2.027054,1.352723,-1.8177976,-1.7830117,NaN,7.563756,73.4,73,,,34.5498457,,9.7,10.1,NaN,0.9853512,0.6552589,,,10.51289581,,264,237.9,268,243.9,34,25.6,32.6,24.9,,,3269.95,
underway_1200.29985165,29985165,200809020,2008-12-21T20:00:00,20081221200000,MULTIPOINT ((-44.7722 96.4098)),96.4098,-44.7722,48.1,,41.92382812,,11,2.97,-1.91,3.21,0,,,999.16,,,37.09733083,,,7.166,1.517,4.312,,,,30.74409,-17.88902937,-18.87056972,0,-18.25866427,,2.027082,1.352723,-1.81763566,-1.7830117,NaN,7.553441,74.3,73.4,,,34.16088365,,9.8,10.1,30.0684,0.984892,0.6538386,,,9.81454213,,264,238.8,267,244.7,29.8,21.7,28,20.5,,,3128.83,
underway_1200.29985285,29985285,200809020,2008-12-21T20:20:00,20081221202000,MULTIPOINT ((-44.7313 96.4745)),96.4745,-44.7313,49.2,,42.15454102,,11.1,2.5,-2.25,3.35,-0.76,,,999.09,,,37.19238426,,,7.145,1.4842,4.298,,,,NaN,-52.61411945,-57.60489735,0,-18.25866427,,2.027028,1.352723,-1.81771527,-1.7830117,NaN,7.553477,80,77.5,,,34.08165489,,9.7,10.2,13.51353,0.9829063,0.6545826,,,10.00093545,,261,236.9,263,240.4,28.5,20.1,27.6,19.5,,,,
underway_1200.29985405,29985405,200809020,2008-12-21T20:40:00,20081221204000,MULTIPOINT ((-44.6899 96.5386)),96.5386,-44.6899,47.2,,43.03894043,,11.1,1.07,-1.74,3.97,-0.68,,,999.09,,,37.8819261,,,7.169,1.6564,,,,,NaN,-15.78398983,-16.88419633,0,-18.25866427,,2.027028,1.352723,1.81762366,-1.7830117,NaN,7.552972,82,80.1,,,34.30909833,,9.3,9.8,NaN,0.9816893,0.6553266,,,10.50145236,,265,241.5,270,251.6,27.5,19.5,25,18.1,,,,
underway_1200.29985525,29985525,200809020,2008-12-21T21:00:00,20081221210000,MULTIPOINT ((-44.6481 96.6033)),96.6033,-44.6481,48.1,,42.03918457,,11.3,2.28,-1.56,4.06,-0.4,,,998.4,,,38.12562483,,,7.156,1.6646,4.323,,,,14.18919,-4.20902157,-7.94550256,0,-18.25866427,,2.027028,1.352723,-1.81760567,-1.7830117,NaN,7.542858,89.3,86,,,34.37064027,,9.4,9.8,NaN,0.9825002,0.6614815,,,10.69654096,,268,252.2,279,273.8,23.5,16.6,18.5,14.3,,,3115.01,
underway_1200.29985645,29985645,200809020,2008-12-21T21:20:00,20081221212000,MULTIPOINT ((-44.6063 96.6691)),96.6691,-44.6063,49,,43.35205078,,10.9,1.44,-0.72,4.75,-2.11,,,998.91,,,37.72564943,,,,1.7958,4.341,,,,14.18919,-6.31351478,-9.93187896,0,-18.25866427,,2.027028,1.352723,0,-1.7830117,NaN,7.539796,85.5,84.8,,,34.21755999,,9.7,10.1,NaN,0.9830407,0.6610081,,,10.43111396,,266,238.1,269,242.5,29.8,21.8,29.7,22.2,,,3161.74,
underway_1200.29985765,29985765,200809020,2008-12-21T21:40:00,20081221214000,MULTIPOINT ((-44.5662 96.7346)),96.7346,-44.5662,49.5,,41.24267578,,11,1.95,-0.85,5.82,-1,,,998.29,,,37.70488625,,,7.149,1.5416,4.342,,,,NaN,-4.20902796,-6.95231437,0,-18.25866427,,3.378378,2.705446,1.81766565,1.7830117,NaN,7.634079,88.4,86.5,,,34.21044543,,9.7,10.1,NaN,0.9860137,0.6606022,,,10.41638262,,269,245.4,280,262.9,30.9,23.2,26.5,21.1,,,3133.44,
underway_1200.29985885,29985885,200809020,2008-12-21T22:00:00,20081221220000,MULTIPOINT ((-44.5264 96.8029)),96.8029,-44.5264,49.3,,39.27062988,,11.4,1.7,-0.97,3.13,0.62,,,998.74,,,37.69832529,,,7.172,1.5006,4.321,,,,14.18919,-9.47033447,-8.93869376,17.80323929,-9.12933213,,10.810812,10.145422,3.63522443,1.7830117,NaN,7.680921,81,83.2,,,34.17609897,,10.5,10.6,NaN,0.994865,0.659723,,,10.44584207,,270,247.1,288,272.3,34,26.7,27.7,24.1,,,,
underway_1200.29986005,29986005,200809020,2008-12-21T22:20:00,20081221222000,MULTIPOINT ((-44.4854 96.8704)),96.8704,-44.4854,50.4,,41.79199219,,11.5,0.63,-0.57,3.03,-1.98,,,998.6,,,37.83274292,,,7.188,1.3694,4.347,,,,14.18919,-36.82867914,-34.76158686,35.60740788,18.25866427,,36.14864,37.19988,16.35893414,14.2640957,NaN,7.687994,81,81.3,,,34.24254145,,10.5,10.7,13.51352,0.9952028,0.6557324,,,10.51943405,,268,242.3,274,252.1,34,26,30.6,23.8,,,,
underway_1200.29986125,29986125,200809020,2008-12-21T22:40:00,20081221224000,MULTIPOINT ((-44.4428 96.9375)),96.9375,-44.4428,48.6,,41.25915527,,11.3,1.46,-0.34,2.1,1.33,,,998.05,,,37.79777336,,,7.143,1.3858,,,,,NaN,-36.82992515,-37.74113343,89.01782539,54.77598733,,75.67568,75.4143,30.89997144,24.9621648,NaN,7.68844,82.5,84.6,,,34.23341618,,10.5,10.5,13.51352,0.9949325,0.6564088,,,10.49164213,,270,246.4,281,262.9,33.3,26.1,28.4,23.5,,,3022.85,
underway_1200.29986245,29986245,200809020,2008-12-21T23:00:00,20081221230000,MULTIPOINT ((-44.4003 97.0039)),97.0039,-44.4003,47.9,,41.47888184,,11.3,2.4,-1.21,5.51,-1.36,,,998.22,,,37.99666216,,,7.144,0.7872,,,,,NaN,-13.67905572,-12.91144354,275.94482025,246.49194297,,230.0676,237.4028,130.86545346,115.89575753,NaN,7.69131,82.8,83.8,,,34.2678849,,10.6,10.8,NaN,0.9950676,0.6505244,,,10.66800695,,275,249.5,292,271.4,35.8,29.3,30.4,27.3,,,3174.07,
underway_1200.29986365,29986365,200809020,2008-12-21T23:20:00,20081221232000,MULTIPOINT ((-44.3562 97.0734)),97.0734,-44.3562,48.3,,42.16552734,,11.8,2.71,-1.97,5.01,-1.52,,,998.21,,,38.06332385,,,7.2,1.3038,4.295,,,,14.18919,-18.94029195,-17.87738453,133.52512252,109.55197466,,113.51352,114.30508,58.16397472,46.35830301,NaN,7.693665,83.1,83.7,,,34.28125257,,10.7,10.9,NaN,0.9940541,0.6491717,,,10.72506285,,277,257.8,293,276.8,31.3,24.9,29.9,27,,,3229.63,
underway_1200.29986485,29986485,200809020,2008-12-21T23:40:00,20081221234000,MULTIPOINT ((-44.3088 97.1475)),97.1475,-44.3088,47.7,,42.07763672,,13.2,1.88,-1.78,2.97,-2.7,,,998.27,,,38.07643625,,,7.191,1.1234,4.276,,,,NaN,-9.4700022,-10.92506715,89.01729132,73.03466801,,79.72974,80.48702,36.35269685,28.52818606,NaN,7.693876,85.5,84.6,,,34.27300039,,10.5,10.8,NaN,0.9919596,0.6503215,,,10.74787164,,274,253.2,287,268.3,32.9,25.3,31.8,27.1,,,3443.71,
underway_1200.29986605,29986605,200809020,2008-12-22T00:00:00,20081222000000,MULTIPOINT ((-44.2616 97.2248)),97.2248,-44.2616,49,,40.81420898,,12.4,,,,,,,997.87,,,38.64032937,,,7.129,1.1726,4.309,,,,NaN,-13.67888959,-14.89781994,258.14130323,219.10397668,,226.6892,229.2866,112.68948399,96.28263262,NaN,7.694004,83.6,84.3,,,34.25102094,,10.9,11.1,NaN,0.9931758,0.6461281,,,11.37290613,,278,259.1,298,291.5,33.3,26.6,22.6,21.5,,,,
underway_1200.29986725,29986725,200809020,2008-12-22T00:20:00,20081222002000,MULTIPOINT ((-44.2141 97.3022)),97.3022,-44.2141,51.4,,41.59973145,,13.2,,,,,,,997.44,,,39.99561366,,,7.18,1.2218,4.348,,,,NaN,-11.57461363,-12.91144354,275.95710395,228.23328965,,237.8378,241.461,116.33002143,99.84866991,NaN,7.693719,84.2,84.2,,,34.66574242,,11.2,11.5,13.51352,0.9925677,0.6407848,,,12.35502721,,281,261,293,272.5,39.2,32.7,40.9,36.9,,,,
underway_1200.29986845,29986845,200809020,2008-12-22T00:40:00,20081222004000,MULTIPOINT ((-44.1671 97.3796)),97.3796,-44.1671,48.5,,39.4519043,,13.2,,,,,,,998.33,,,40.04589886,,,7.148,1.2054,4.296,,,,NaN,-9.46986482,-10.92506715,293.74443852,237.36263,,251.3514,248.2246,119.95878125,99.84866991,NaN,7.696802,84.5,84.8,,,34.7173514,,11.3,11.5,13.51352,0.9920947,0.6420023,,,12.35184595,,274,251.1,291,273.7,39,31,33.6,29.7,,,3311.62,
underway_1200.29986965,29986965,200809020,2008-12-22T01:00:00,20081222010000,MULTIPOINT ((-44.1198 97.4588)),97.4588,-44.1198,49.8,,41.53381348,,12.8,,,,,,,998.18,,,40.2688807,,,7.167,0.5166,4.322,,,,NaN,-38.9312682,-39.72752784,694.30341,611.66531041,,587.8378,590.1254,316.25407156,271.01776487,NaN,7.693719,83.1,84.3,,,34.76863626,,11.4,11.6,13.85135,0.9931758,0.6340212,,,12.52897407,,274,254.1,286,273.1,29.9,22.2,25.6,21,,,4010.5,
underway_1200.29987085,29987085,200809020,2008-12-22T01:20:00,20081222012000,MULTIPOINT ((-44.0734 97.5361)),97.5361,-44.0734,49.3,,41.21520996,,13.1,,,,,,,998,,,40.23173625,,,7.158,0.9102,,,,,14.18919,-11.57415995,-16.88419633,373.85553852,319.52663835,,321.6216,325.668,159.94460546,135.50888244,NaN,7.68489,86.6,83.6,,,34.89876903,,10.9,11.5,NaN,0.991892,0.6337506,,,12.35025526,,269,248.7,282,274,33,24.3,24.2,19.2,,,3459.07,
underway_1200.29987201,29987201,200809020,2008-12-22T01:40:00,20081222014000,MULTIPOINT ((-44.027 97.6126)),97.6126,-44.027,48.9,,42.00073242,,13.2,,,,,,,,,,39.98361329,,,,0.7462,,,,,,,,,,,,,,,,,,,,,34.82726197,,,,,,,,,12.16867216,,,,,,,,,,,,3630.36,
underway_1200.29987319,29987319,200809020,2008-12-22T02:00:00,20081222020000,MULTIPOINT ((-43.9803 97.6884)),97.6884,-43.9803,48.7,,42.01721191,,12.5,2.04,-1.32,3.88,-1.69,,,998.54,,,39.86010541,,,7.178,0.7544,4.385,,,,NaN,-6.31317932,-7.94550256,560.78357481,492.98394068,,483.7838,489.0026,239.91685367,206.82936094,NaN,0.6685006,84.5,84.6,,,34.82697078,,10.3,10.7,NaN,0.9912164,0.6526799,,,12.04015537,,264,236.9,268,243.6,37.6,28,34.8,26,,,,
underway_1200.29987439,29987439,200809020,2008-12-22T02:20:00,20081222022000,MULTIPOINT ((-43.9328 97.7638)),97.7638,-43.9328,48.7,,42.76977539,,12.8,1.45,-1.5,1.55,-1.49,,,998.45,,,39.83496466,,,7.184,0.451,,,,,NaN,-8.41757029,-10.92506715,774.41531111,693.8292093,,650,662.1574,341.69982903,292.41393515,NaN,49.51029,81.7,82.5,,,34.81140776,,10.6,11.2,13.51352,0.9954732,0.6420694,,,12.03056671,,261,233.4,260,234.5,36.3,26.2,33.3,23.2,,,,
underway_1200.29987559,29987559,200809020,2008-12-22T02:40:00,20081222024000,MULTIPOINT ((-43.8845 97.838)),97.838,-43.8845,49,,40.9954834,,13.2,1.25,-0.79,5.87,-2.82,,,997.79,,,39.85791749,,,7.189,0.656,4.298,,,,14.18919,-12.62635544,-16.88419633,792.21786679,712.08794472,,670.946,678.052,352.60508356,303.11199356,NaN,49.50903,80.2,79.5,,,34.81289376,,10.6,11.2,13.51352,0.995338,0.6385524,,,12.05293814,,260,237.7,263,243.7,33.2,23.1,31,21.5,,,3549.98,
underway_1200.29987679,29987679,200809020,2008-12-22T03:00:00,20081222030000,MULTIPOINT ((-43.8393 97.9104)),97.9104,-43.8393,61.5,,54.85473633,,10,1.39,-1.18,3.49,0.99,,,998.18,,,39.86666161,,,,0.3608,4.338,,,,14.18919,-51.55760127,-53.63213856,1984.99550617,1816.73719581,,1671.6218,1673.9934,941.4922631,798.78946615,NaN,49.52065,79.6,77.1,,,34.81470385,,10.9,12.3,NaN,0.9972298,0.623943,,,12.06012739,,267,222.8,262,223.5,31.7,23.2,21,12.2,,,3395.11,
underway_1200.29987799,29987799,200809020,2008-12-22T03:20:00,20081222032000,MULTIPOINT ((-43.812 97.9879)),97.9879,-43.812,63.6,,61.08398438,,12.5,0.99,-1.04,1.61,-0.37,,,997.94,,,39.86884643,,,7.17,0.3444,4.32,,,,NaN,-8.41757029,-10.92506715,1201.67905074,1095.51974655,,1002.7028,1028.745,539.81296165,461.80003819,NaN,49.51386,80.9,75.1,,,34.80639193,,10.8,12.6,NaN,0.9987163,0.608319,,,12.07130915,,267,220.6,264,225,30.5,19.5,22.8,11.8,,,3726.34,
underway_1200.29987919,29987919,200809020,2008-12-22T03:40:00,20081222034000,MULTIPOINT ((-43.759 98.0614)),98.0614,-43.759,41.9,,38.13354492,,13.4,0.61,-0.87,3.8,-1.05,,,998.12,,,40.00109833,,,7.153,0.697,4.378,,,,22.63514,8.41757029,0.9931879,1878.17963802,1862.38389753,,1629.73,1873.5888,926.95181468,805.92143383,NaN,49.56113,86.9,83.7,,,34.80635492,,9.5,10.6,13.85135,0.9917569,0.6455615,,,12.20933167,,246,223.7,242,226.5,32.1,20.5,23.4,11.6,,,3459.83,
underway_1200.29988038,29988038,200809020,2008-12-22T04:01:00,20081222040100,MULTIPOINT ((-43.7011 98.1354)),98.1354,-43.7011,43.4,,39.91333008,,13.6,,,,,,,,,,39.93333635,,,7.159,0.533,,,,,,,,,,,,,,,,,,,,,34.83269008,,,,,,,,,12.11043078,,,208.8,,209.2,,23.6,,15.3,,,,
underway_1200.29988094,29988094,200809020,2008-12-22T04:20:00,20081222042000,MULTIPOINT ((-43.6478 98.2025)),98.2025,-43.6478,42.2,,38.02368164,,13.9,1.38,-0.53,3.93,-0.48,,,998.34,,,39.89179933,,,7.145,0.4264,4.257,,,,14.18919,-7.36537481,-15.89100813,721.00737704,657.31173847,,620.2704,628.2212,316.25407156,269.23477295,NaN,49.59489,75.3,74.9,,,34.80788519,,10.1,11.5,NaN,0.9976353,0.6384998,,,12.09366713,,248,225.1,237,218.4,34.9,23.4,23.2,10.5,,,3574.27,
underway_1200.29988213,29988213,200809020,2008-12-22T04:40:00,20081222044000,MULTIPOINT ((-43.5923 98.2739)),98.2739,-43.5923,47.4,,44.69787598,,13.5,2.58,-0.83,3.47,-0.61,,,998.31,,,40.00000746,,,7.131,0.5084,,,,,14.18919,-4.20878515,-10.92506715,970.24449173,885.54524705,,822.6352,839.5734,421.67207724,363.73441365,NaN,49.60164,75.2,73.2,,,34.82163759,,10.2,11.4,NaN,0.9977704,0.6373048,,,12.19179527,,252,221.3,246,221.3,34.6,22.9,24.3,12.1,,,3566.46,
underway_1200.29988333,29988333,200809020,2008-12-22T05:00:00,20081222050000,MULTIPOINT ((-43.5396 98.3495)),98.3495,-43.5396,45.4,,45.703125,,13.7,0.96,-1.61,3.8,-0.48,,,998.68,,,40.00000663,,,7.165,0.6232,4.27,,,,14.18919,-7.36537481,-12.91144354,863.42862358,775.9931082,,741.554,741.8446,374.41575619,320.9420731,NaN,49.61515,78.4,74.3,,,34.81569218,,10.5,11.7,NaN,0.9976353,0.635403,,,12.19817266,,249,217.7,244,218.4,32.5,20.9,23.7,11.8,,,3694.08,
underway_1200.29988449,29988449,200809020,2008-12-22T05:20:00,20081222052000,MULTIPOINT ((-43.4897 98.4272)),98.4272,-43.4897,48.6,,47.86743164,,13.1,2.29,-1.06,3.7,-1.01,,,998.74,,,40.0852512,,,7.157,0.5494,4.309,,,,22.97297,-15.7829451,-19.86376092,614.19150889,547.75987328,,525.6756,530.849,265.36261114,224.65944048,NaN,49.61515,75.3,72,,,34.74732431,,10.1,11.4,14.18919,0.9997298,0.6303917,,,12.36059406,,253,222.1,245,220.2,32.7,21.2,22.6,10.3,,,3654.14,
underway_1200.29988569,29988569,200809020,2008-12-22T05:40:00,20081222054000,MULTIPOINT ((-43.4386 98.5041)),98.5041,-43.4386,47,,47.85095215,,14,1.71,-1.5,1.81,0.09,,,998.61,,,40.19674844,,,7.193,0.3034,4.317,,,,14.18919,-49.45322308,-49.6594098,2154.12045271,1844.12516211,,1822.2974,1799.7684,883.33046942,716.77076889,NaN,49.61515,63.6,63.2,,,34.81902928,,10.6,12.2,14.18919,0.9999325,0.6113736,,,12.39954919,,247,210.5,245,209.9,38,25.3,31.6,18.7,,,,
underway_1200.29988689,29988689,200809020,2008-12-22T06:00:00,20081222060000,MULTIPOINT ((-43.3872 98.5802)),98.5802,-43.3872,47.8,,49.26818848,,13.4,1.42,-3.53,2.17,0.61,,,998.59,,,40.09291219,,,7.192,0.287,4.341,,,,14.18915,-50.50542815,-51.64577418,1166.07367234,1049.87304484,,974.3216,1000.0712,565.25850102,484.97914694,NaN,49.60164,65,62.7,,,34.81832887,,10.6,12.3,NaN,0.9999295,0.6070074,,,12.2921697,,252,217.3,246,218,32.9,21.5,23.2,11.4,,,,
underway_1200.29988809,29988809,200809020,2008-12-22T06:20:00,20081222062000,MULTIPOINT ((-43.3382 98.6578)),98.6578,-43.3382,47.7,,47.99926758,,13.5,1.95,-1.02,1.98,-2.07,,,998.78,,,40.25139348,,,7.166,0.2542,4.369,,,,NaN,-67.34054957,-67.53632886,2341.04848901,2136.19240943,,1939.1232,2096.018,1008.74135994,934.26692175,NaN,49.59489,70.3,65.6,,,34.77675754,,10.8,12.2,13.85088,0.9998984,0.608386,,,12.50199782,,243,209.7,239,209.3,28,15.5,22.1,9.3,,,3621.89,
underway_1200.29988929,29988929,200809020,2008-12-22T06:40:00,20081222064000,MULTIPOINT ((-43.2891 98.7353)),98.7353,-43.2891,49.1,,49.48242188,,13.3,1.87,-1.1,2.97,-1.86,,,999.06,,,40.17707043,,,,0.3034,4.323,,,,NaN,-70.49716478,-71.50209066,2358.85131172,2145.12515386,,1943.4024,2087.222,1103.25400204,944.87828913,NaN,49.60164,64.7,60.5,,,34.79261811,,10.5,12.3,NaN,0.9999082,0.6041921,,,12.40749648,,246,206.3,243,205.9,36.1,23.9,29.3,16.9,,,3761.66,
underway_1200.29989049,29989049,200809020,2008-12-22T07:00:00,20081222070000,MULTIPOINT ((-43.2407 98.8123)),98.8123,-43.2407,49,,47.81799316,,13.3,1.3,-0.97,2.59,-0.35,,,999.24,,,39.821837,,,7.18,0.3936,,,,,NaN,-43.14005654,-39.72080112,1913.78501642,1998.97344678,,1548.7444,1878.9724,1177.77359572,1005.44229165,NaN,49.58138,66.4,62.2,,,34.72562381,,10.5,12.1,14.18697,0.9998435,0.6085869,,,12.10883442,,250,214.1,247,214.9,36.8,25,28.5,16.5,,,3919.87,
underway_1200.29989169,29989169,200809020,2008-12-22T07:20:00,20081222072000,MULTIPOINT ((-43.1918 98.8901)),98.8901,-43.1918,49.9,,47.27416992,,13.5,1.05,-1.18,1.63,-1.07,,,999.43,,,39.81746315,,,7.18,0.451,4.317,,,,14.1869,-33.67027478,-35.74515945,542.9807521,483.72718517,,459.3856,474.9832,243.55199304,217.47017762,NaN,49.58814,74.8,67.5,,,34.71171162,,10.1,11.7,NaN,0.9997714,0.61785,,,12.11921008,,249,214.5,243,212.5,31.3,19,23.8,11.1,,,3904.51,
underway_1200.29989289,29989289,200809020,2008-12-22T07:40:00,20081222074000,MULTIPOINT ((-43.1429 98.9705)),98.9705,-43.1429,50,,47.23022461,,13.5,2.44,-0.28,1.35,-0.93,,,999.67,,,39.81746305,,,7.199,1.3776,4.385,,,,14.18718,-10.52196446,-10.92205815,560.78357481,492.84464876,,485.0666,482.0826,232.64668399,192.51085619,NaN,49.62865,81,78.9,,,34.71096908,,9,9.6,NaN,0.9942513,0.6594998,,,12.12000814,,248,215.9,243,214.9,28.6,15.8,21.9,8.8,,,,
underway_1200.29989409,29989409,200809020,2008-12-22T08:00:00,20081222080000,MULTIPOINT ((-43.0959 99.0498)),99.0498,-43.0959,51.8,,47.40600586,,13.4,1.17,-1.25,2.54,-0.46,,,999.78,,,39.82402109,,,7.151,0.4756,4.316,,,,NaN,-38.9312682,-41.70398232,2287.64055494,2062.76285292,,1870.5504,1916.498,701.5751368,522.30439386,NaN,49.65566,72.8,71,,,34.71215349,,10,11,13.5131,0.9991583,0.6417851,,,12.12559431,,249,213.9,246,213,34.4,22,27.1,14.5,,,3823.1,
underway_1200.29989529,29989529,200809020,2008-12-22T08:20:00,20081222082000,MULTIPOINT ((-43.0494 99.1315)),99.1315,-43.0494,52.9,,48.59802246,,13.9,1.42,-0.96,1.85,0.06,,,999.89,,,40.02513534,,,7.149,0.3362,4.379,,,,NaN,-38.9312682,-37.73443674,952.44193605,839.75487488,,799.3236,781.2712,447.11778018,365.45492603,NaN,49.62865,68.2,65.5,,,34.74227084,,10.4,11.7,13.5135,0.999999,0.6273158,,,12.30331325,,247,207.2,245,207.3,35.3,22.3,28.7,15.6,,,3459.07,
underway_1200.29989649,29989649,200809020,2008-12-22T08:40:00,20081222084000,MULTIPOINT ((-43.0021 99.2151)),99.2151,-43.0021,51.9,,47.93884277,,13.4,1.27,-0.47,1.96,-0.38,,,1000.04,,,40.04918245,,,7.162,0.5412,4.328,,,,14.18917,-45.24443473,-48.65772912,721.00737704,593.30450056,,614.8638,565.923,338.06468966,270.97121254,NaN,49.62865,71.2,65.7,,,34.75005337,,10.3,11.8,NaN,0.9999309,0.6259636,,,12.32002515,,244,203.4,243,205.3,34.3,21.3,27.7,14.7,,,3532.8,
underway_1200.29989769,29989769,200809020,2008-12-22T09:00:00,20081222090000,MULTIPOINT ((-42.9553 99.2973)),99.2973,-42.9553,50.8,,47.91687012,,14,1.6,-0.84,3.05,-0.53,,,1000.33,,,40.11585935,,,7.163,0.4428,,,,,31.41891,-64.1839663,-59.58090138,1655.64649037,1433.08619392,,1364.8644,1274.848,792.45253048,666.74437689,NaN,49.61852,67.7,63.3,,,34.7754717,,10.1,11.5,30.4054,0.9999997,0.6255579,,,12.3621845,,248,212.2,245,213.4,32.8,19.7,25,11.8,,,,
underway_1200.29989889,29989889,200809020,2008-12-22T09:20:00,20081222092000,MULTIPOINT ((-42.9065 99.3759)),99.3759,-42.9065,45.5,,42.76977539,,13.8,2.17,-1.85,2.45,-0.21,,,1000.37,,,40.24375219,,,7.178,0.451,4.308,,,,NaN,-90.48890142,-87.3848976,676.50085432,538.53020991,,571.6214,449.6282,323.52424124,185.3986639,NaN,49.61515,64.6,61,,,34.8467591,,10.4,11.9,13.85135,0.9999997,0.6194727,,,12.41862111,,244,216,239,216,34,21.6,25,12.4,,,,
underway_1200.29990009,29990009,200809020,2008-12-22T09:40:00,20081222094000,MULTIPOINT ((-42.8552 99.4498)),99.4498,-42.8552,45.9,,41.92382812,,13.2,1.17,-0.85,1.55,0.4,,,1000.61,,,40.15193579,,,7.15,0.4346,4.315,,,,NaN,-71.54933791,-73.48473132,1370.80399728,429.01309928,,1152.7024,1035.497,583.43419786,440.3365247,NaN,49.60164,59.2,56.4,,,34.82592108,,10.4,12.1,NaN,0.9999321,0.6156863,,,12.34548298,,239,203.4,237,202.7,38.5,25.7,32.2,19.3,,,3463.41,
underway_1200.29990129,29990129,200809020,2008-12-22T10:00:00,20081222100000,MULTIPOINT ((-42.8026 99.5263)),99.5263,-42.8026,46,,41.50634766,,13.9,1.86,-1.62,5.01,-2.79,,,1000.89,,,40.25028257,,,7.176,0.5494,4.29,,,,14.18894,-84.17570293,-87.38321592,525.17819642,246.44057737,,457.4242,406.0176,199.93075683,146.17647606,NaN,49.61515,60.6,57.2,,,34.6504444,,10.3,11.8,31.08053,0.9999821,0.6248141,,,12.63756412,,242,211.7,240,212.2,34.7,21.5,27.3,14,,,3744.77,
underway_1200.29990249,29990249,200809020,2008-12-22T10:20:00,20081222102000,MULTIPOINT ((-42.7496 99.6027)),99.6027,-42.7496,46.6,,43.41247559,,13.6,0.93,-1,2.04,-0.14,,,1000.96,,,40.76950874,,,,0.2952,,,,,14.18908,-86.28008113,-89.36786859,961.34308037,739.3333352,,821.6156,222.4476,472.56359218,367.22958022,NaN,49.60164,64.9,61.7,,,34.85007557,,10.6,12.1,13.85125,0.9999926,0.6212306,,,12.9607217,,241,208.9,239,208.7,30.9,18.2,25.7,12.9,,,3758.59,
underway_1200.29990369,29990369,200809020,2008-12-22T10:40:00,20081222104000,MULTIPOINT ((-42.6963 99.6756)),99.6756,-42.6963,44.2,,40.62744141,,13.7,1.84,-1.44,1.61,-1.03,,,1001.29,,,40.7891894,,,7.202,0.6232,4.325,,,,14.1889,-65.23617137,-67.52233488,258.13841923,209.9325751,,222.9684,223.8,114.50579957,96.26333825,NaN,49.58476,65.2,62.1,,,34.8870574,,10.6,11.9,NaN,0.9999793,0.6225829,,,12.94101274,,249,226.6,244,227.1,30.4,18.9,23.2,11.2,,,,
underway_1200.29990489,29990489,200809020,2008-12-22T11:00:00,20081222110000,MULTIPOINT ((-42.6427 99.7491)),99.7491,-42.6427,46.4,,47.14782715,,13.8,1.53,-0.51,6.2,-6.38,,,1001.69,,,40.68315214,,,7.124,0.5412,4.328,,,,NaN,-39.98347327,-53.61997641,703.20482136,648.02761716,,600.6276,577.4172,359.87530777,310.16993715,NaN,49.61515,72.8,72.5,,,34.82136541,,9,9.2,NaN,0.9994469,0.6615282,,,12.90236662,,224,175.2,222,172.4,37,22.9,36.6,22.6,,,,
underway_1200.29990598,29990598,200809020,2008-12-22T11:20:00,20081222112000,MULTIPOINT ((-42.5905 99.8229)),99.8229,-42.5905,46.6,,41.8359375,,13.4,2.4,-2.34,2.16,-0.1,,,1001.99,,,40.55417199,,,7.177,0.6068,4.321,,,,14.18913,-86.28008113,-85.40009478,534.07960778,456.40079192,,451.3494,398.242,247.18707788,199.66858533,NaN,49.60164,63.6,62.9,,,34.82688217,,10,11.2,31.75663,0.9999282,0.6475998,,,12.76258443,,238,201.3,237,200,35.1,22.2,33.6,20.6,,,3864.58,
underway_1200.29990718,29990718,200809020,2008-12-22T11:40:00,20081222114000,MULTIPOINT ((-42.5381 99.8968)),99.8968,-42.5381,47.2,,45.22521973,,13.8,1.59,-1.62,4.02,-2.93,,,1002.27,,,40.23609137,,,7.174,0.8528,4.278,,,,13.85135,-93.64548469,-97.3179207,222.53314765,301.22959082,,278.7162,238.3368,170.84991452,149.75400445,NaN,49.59152,62.5,57.9,,,34.7781727,,10,11.2,13.85135,0.9999321,0.6398922,,,12.48453688,,234,195.2,233,194.3,34.8,21.5,34,20.7,,,3687.94,
underway_1200.29990838,29990838,200809020,2008-12-22T12:00:00,20081222120000,MULTIPOINT ((-42.4859 99.9715)),99.9715,-42.4859,46.9,,46.03820801,,14.4,1.99,-1.02,3.62,-2.93,,,1002.51,,,40.21969405,,,7.162,1.1972,4.31,,,,30.4054,-71.54933791,-75.47127588,89.01325906,73.02692349,,78.7162,79.44558,36.35103926,28.5251663,NaN,49.60164,61.5,60.9,,,34.76381826,,10.2,11,13.85135,0.9999321,0.6421908,,,12.4829493,,237,198.9,236,197.4,35.9,22.1,33.2,19.3,,,3803.14,
underway_1200.29990958,29990958,200809020,2008-12-22T12:20:00,20081222122000,MULTIPOINT ((-42.4328 100.0469)),100.0469,-42.4328,44.5,,44.03869629,,14,1.17,-1.59,2.64,-0.74,,,1002.8,,,40.27871823,,,7.135,1.5006,4.328,,,,NaN,-22.09612122,-27.80612835,97.91459031,82.15464925,,59.1216,59.16172,36.35103926,42.78742343,NaN,49.61515,68.6,66.6,,,34.77077547,,9.2,9.9,13.51351,0.9988511,0.6547681,,,12.53690622,,243,211.4,240,210,31.3,18.8,26.6,13.9,,,0,
underway_1200.29991078,29991078,200809020,2008-12-22T12:40:00,20081222124000,MULTIPOINT ((-42.3794 100.122)),100.122,-42.3794,46.1,,45.23071289,,13.2,0.71,-0.79,2,-0.08,,,1003.05,,,40.34430171,,,7.162,1.2628,4.321,,,,14.18918,-76.81033132,-75.47923383,35.60529828,9.12909405,,28.37836,26.70724,9.08776118,7.13186079,NaN,49.61515,64.8,64.7,,,34.78331651,,9.8,10.7,NaN,0.9997294,0.6548344,,,12.59161286,,248,217.5,243,216.6,32.1,20.2,24.2,12,,,,
underway_1200.29991198,29991198,200809020,2008-12-22T13:00:00,20081222130000,MULTIPOINT ((-42.3282 100.1959)),100.1959,-42.3282,47.6,,46.9720459,,13.4,1.73,-1.29,2.77,-0.56,,,1003.31,,,40.29074253,,,7.162,1.394,4.321,,,,NaN,-37.87906312,-37.74074304,0,-9.12929656,,6.08108,6.761626,1.81755224,0,NaN,49.60502,69.2,66.9,,,34.77795934,,10,11.1,NaN,0.9995942,0.6497247,,,12.54166507,,243,206.3,241,206.9,32.2,19.7,27.5,14.9,,,,
underway_1200.29991318,29991318,200809020,2008-12-22T13:20:00,20081222132000,MULTIPOINT ((-42.2762 100.2717)),100.2717,-42.2762,47.7,,47.64770508,,13.6,1.4,-1.45,2.53,-1.11,,,1003.51,,,40.2164189,,,7.169,1.4268,,,,,30.74324,-86.28008113,-89.38681752,0,-18.25865606,,2.027026,2.704844,-1.81755224,-1.78301116,NaN,49.59194,59.7,57.6,,,34.79157217,,10.4,11.3,29.39188,0.999797,0.644835,,,12.44960155,,241,203.9,240,204.8,36,23.1,30,17.1,,,3727.81,
underway_1200.29991438,29991438,200809020,2008-12-22T13:40:00,20081222134000,MULTIPOINT ((-42.2242 100.3479)),100.3479,-42.2242,47.7,,47.06542969,,13.5,1.49,-0.11,2.56,-1.92,,,1004.02,,,40.10820933,,,7.151,1.9598,4.328,,,,14.18918,-74.70595313,-78.4617834,0,-18.25865606,,2.027026,1.3525478,-1.81755224,-1.78301116,NaN,49.59036,60.3,57.1,,,34.7828387,,10.4,11,13.51351,0.999797,0.6457064,,,12.34627839,,242,207.8,239,206.8,29.3,16.4,24.6,11.5,,,3787.24,
underway_1200.29991558,29991558,200809020,2008-12-22T14:00:00,20081222140000,MULTIPOINT ((-42.1728 100.4226)),100.4226,-42.1728,48.5,,48.48266602,,13.6,2.43,-1.2,1.44,-1.66,,,1004.07,,,40.00109574,,,,2.1894,4.328,,,,NaN,-64.1839663,-67.53671925,0,-18.25865606,,2.027026,1.352557,-1.81755224,-1.78301116,NaN,49.59049,56.9,58.1,,,34.78780098,,10.3,10,NaN,0.9998646,0.6535554,,,12.2292539,,225,175,224,172.9,30.9,17.5,31.1,17.7,,,3841.54,
underway_1200.29991678,29991678,200809020,2008-12-22T14:20:00,20081222142000,MULTIPOINT ((-42.1223 100.498)),100.498,-42.1223,47.9,,47.80151367,,13.9,2.06,-3.14,2.25,-2.76,,,1004.58,,,39.84808201,,,7.248,2.4354,,,,,NaN,-76.81033132,-83.42769435,0,-18.25865606,,2.027026,1.3527026,-1.81755224,-1.78301116,NaN,49.59332,58.3,58.2,,,34.82271059,,10.3,10.4,NaN,0.9997294,0.6529495,,,12.03216491,,227,178,226,176.3,33.9,20.7,33.7,20.5,,,,
