FID,id,set_code,date_time_utc,timestamp_gps_utc,geom,longitude,latitude,ship_course_over_ground_deg,ship_heading_gps_deg,ship_heading_gyro_deg,ship_log_knot,ship_spd_over_ground_knot,pitch_ten_sec_max_deg,pitch_ten_sec_min_deg,roll_ten_sec_max_deg,roll_ten_sec_min_deg,accum_precipitation_owi_mm,ambient_light_owi_candlesperm2,atm_press_hpa,bphase_optode_nounit,chlorophyll_ugperl,conductivity_tsg_mspercm,dew_point_degc,dphase_optode_nounit,flow_rate_tsg_lpermin,fluorescence_nounit,fluoromtr_flow_rate_lpermin,oxy_concen_corr_mmol,oxy_concen_uncorr_mmol,precipitation_rate_owi_mmperh,rad_biometric_medperhr,rad_infrrd_port_wperm2,rad_infrrd_strbrd_wperm2,rad_lcr_port_mmolepersperm2,rad_lcr_strbrd_mmolepersperm2,rad_lcr_wperm2,rad_par_port_wperme,rad_par_strbrd_wperme,rad_slr_port_wperm2,rad_slr_strbrd_wperm2,rad_uv_wperm2,rain_accum_foremst_mm,rel_humidity_port_percent,rel_humidity_strbrd_percent,salinity_optode_psu,salinity_other_psu,salinity_tsg_psu,temp_air_degc,temp_air_port_degc,temp_air_strbrd_degc,temp_biometer_degc,temp_infrrd_snsor_port_degc,temp_infrrd_snsor_strbrd_degc,temp_sea_wtr_degc,temp_sea_wtr_high_res_degc,temp_tsg_degc,visibility_owi_km,wnd_dir_port_corr_deg,wnd_dir_port_uncorr_deg,wnd_dir_strbrd_corr_deg,wnd_dir_strbrd_uncorr_deg,wnd_spd_port_corr_knot,wnd_spd_port_uncorr_knot,wnd_spd_strbrd_corr_knot,wnd_spd_strbrd_uncorr_knot,wthr_indictr_code_owi_nounit,wtr_depth_biometr_m,wtr_depth_m,wtr_temp_optode_degc
underway_1200.33908929,33908929,201011040,2011-03-18T04:54:10,20110318045410,MULTIPOINT ((-42.8826 147.3405)),147.3405,-42.8826,160.6,79.761,79.78820801,,0,0.93,0,0.5,0,,,1015.2,,,43.45422445,,,9.64,2.3698,4.193,,,,-8,354.2847,353.959,,,,601.3556,589.8786,310.3079,308.7165,0,13.62778,67,66.4,,,32.99256484,,15.5,15.1,-30,17.645,15.8611,16.7421,,17.91068294,,140,60.4,148,68.8,16.8,16.8,15,15,,,0,
underway_1200.33908964,33908964,201011040,2011-03-18T05:00:00,20110318050000,MULTIPOINT ((-42.8826 147.3405)),147.3405,-42.8826,160.6,79.534,79.43664551,,0,0.82,0,0.16,-0.71,,,1015.26,,,42.95410384,,,8.493,2.1156,4.198,,,,-8,352.0342,353.0939,,,,499.2206,491.7673,253.3875,254.3404,0,13.62441,64.4,65.1,,,32.62896985,,15.5,15,-30,17.4215,15.7027,16.7354,,17.83503949,,137,57.8,148,68.5,14.8,14.8,13.1,13.1,,,4133.05,
underway_1200.33909084,33909084,201011040,2011-03-18T05:20:00,20110318052000,MULTIPOINT ((-42.8826 147.3405)),147.3405,-42.8826,183.1,79.225,79.16748047,,0,0.87,0,0.38,0,0,2650,1015.23,,,42.67504855,,,8.452,2.0992,,,,0,-8,370.1457,375.0677,,,,1375.164,1494.08,760.1626,287.6677,0,13.6615,67.2,66.5,,,32.4092093,,15.2,14.9,-30,17.2373,16.5746,16.7513,,17.81372714,7.1,122,42.5,126,47.3,16.1,16.1,15,15,9998,,0,
underway_1200.33909204,33909204,201011040,2011-03-18T05:40:00,20110318054000,MULTIPOINT ((-42.8826 147.3405)),147.3405,-42.8826,183.1,79.058,78.98071289,,0,1.21,0,0.4,-0.24,0,1010,1015.21,,,42.60063252,,,8.056,2.2222,4.194,,,0,-8,359.7287,359.2505,,,,353.1842,363.5226,179.9419,189.4397,0,13.67499,66.4,66.5,,,32.33735119,,15.1,14.8,-30,16.2619,15.6494,16.7191,,17.82475157,6.71,125,45.6,129,50,16.2,16.2,15,15,9998,,5849.64,
underway_1200.33909324,33909324,201011040,2011-03-18T06:00:00,20110318060000,MULTIPOINT ((-42.8826 147.3405)),147.3405,-42.8826,179.2,79.57,79.50256348,,0,1.2,0,0.52,-0.18,0,930,1015.28,,,42.38724107,,,8.615,2.255,4.197,,,0,-8,363.1654,363.9077,,,,303.5564,305.726,154.2359,156.1124,0,13.68847,67.9,67.9,,,32.16000524,,15.1,14.8,-30,15.9703,15.3206,16.7014,,17.82034201,0.467,136,56.1,146,66.6,13.8,13.8,12.4,12.4,30,,5619.79,
underway_1200.33909444,33909444,201011040,2011-03-18T06:20:00,20110318062000,MULTIPOINT ((-42.8826 147.3404)),147.3404,-42.8826,173.1,79.556,79.43664551,,0,1.34,0,0.47,-0.13,0,900,1015.27,,,40.18569605,,,8.619,2.2304,4.194,,,0,-8,346.5916,345.4538,,,,328.7262,327.5761,167.0889,168.3908,0,13.70196,64.9,64.1,,,30.29483338,,15.2,15,-30,16.07,15.4839,16.7302,,17.8313654,0.392,142,62.6,154,74.8,15.9,15.9,14,14,30,,0,
underway_1200.33909564,33909564,201011040,2011-03-18T06:40:00,20110318064000,MULTIPOINT ((-42.8826 147.3405)),147.3405,-42.8826,186.2,79.803,79.70581055,,0,0.92,0,0,-0.69,0,800,1015.36,,,39.40781855,,,8.588,2.2386,4.194,,,0,-8,342.5856,345.0846,,,,251.4058,249.149,126.6938,126.2931,0,13.69859,66.2,64.8,,,29.63471269,,15.1,14.9,-30,15.89,15.4161,16.8105,,17.84238707,0.369,141,61.6,153,73.4,16,16,14.2,14.2,30,,0,
underway_1200.33909684,33909684,201011040,2011-03-18T07:00:00,20110318070000,MULTIPOINT ((-42.8826 147.3405)),147.3405,-42.8826,313.6,79.393,79.44213867,,0,1.05,0,0.38,-0.47,0,1070,1015.38,,,39.62551915,,35.92,8.597,3.0012,,197.71799826,241.19,0,-8,336.9997,337.7746,,,,456.3615,506.2923,269.9128,292.9299,0,13.69522,66.4,65.9,29.72699695,,29.75274837,,14.8,14.7,-30,15.6048,15.2575,16.8622,,17.93049837,0.36,144,64.4,154,75,15.5,15.5,13.7,13.7,30,,0,17.99
underway_1200.33909804,33909804,201011040,2011-03-18T07:20:00,20110318072000,MULTIPOINT ((-42.8826 147.3404)),147.3404,-42.8826,313.6,78.968,78.97521973,,0,1.22,0,0.47,0,0,510,1015.59,,,39.30715688,,35.6,8.62,3.2882,4.187,202.59456155,246.65,0,-8,355.9054,356.7829,,,,159.7656,163.0242,82.62637,84.19542,0,13.71544,67.2,66.4,29.47253661,,29.47998417,,14.5,14.4,-30,15.1927,14.7993,16.8443,,17.94003715,0.34,145,66.3,158,79.1,11.6,11.6,10.5,10.5,30,,0,18
underway_1200.33909924,33909924,201011040,2011-03-18T07:40:00,20110318074000,MULTIPOINT ((-42.8825 147.3405)),147.3405,-42.8825,347.9,79.132,79.07409668,,0,1.09,0,0.01,-0.48,0,210,1015.67,,,39.22182702,,35.47,8.588,3.3456,4.192,204.71410798,249.24,0,-8,347.1226,348.6127,,,,80.8421,84.28108,36.7243,38.58957,0,13.7087,67.7,66.7,29.42525266,,29.42198553,,14.4,14.3,-30,14.6867,14.4801,16.8343,,17.9216922,0.728,141,61.6,153,73.8,10.7,10.7,9.6,9.6,30,,0,17.98
underway_1200.33910044,33910044,201011040,2011-03-18T08:00:00,20110318080000,MULTIPOINT ((-42.8826 147.3405)),147.3405,-42.8826,212.5,79.486,79.33776855,,0,1.04,0,0.59,0,0,80,1015.9,,,39.38702357,,35.52,8.583,3.0668,4.19,203.77342528,248.43,0,-8,353.1716,354.0918,,,,37.55754,39.98765,16.52529,19.29478,0,13.7087,70.7,69.3,29.62764669,,29.56838603,,14.1,14,-30,14.3141,14.3002,16.8184,,17.90994893,1.62,147,68,158,78.7,13,13,11.5,11.5,30,,0,17.97
underway_1200.33910164,33910164,201011040,2011-03-18T08:20:00,20110318082000,MULTIPOINT ((-42.8826 147.3404)),147.3404,-42.8826,177.1,79.74,79.51904297,,0,0.93,0,0.62,-0.12,0,0,1016.13,,,40.00844262,,35.43,8.581,3.157,4.184,204.53085566,250.02,0,-8,350.5706,352.3066,,,,12.73139,12.91923,3.672592,5.262214,0,13.72219,72.8,71.9,30.09220891,,30.08488014,,13.6,13.6,-30,13.8297,13.7671,16.7973,,17.91435289,1.87,143,63.8,155,75.4,12,12,10.6,10.6,30,,0,17.96
underway_1200.33910284,33910284,201011040,2011-03-18T08:40:00,20110318084000,MULTIPOINT ((-42.8826 147.3405)),147.3405,-42.8826,170.4,79.747,79.39819336,,0,1.02,0,0,-0.89,0,0,1016.37,,,40.21522872,,35.32,8.582,3.28,4.188,206.04310748,252.31,0,-8,347.0283,348.4303,,,,2.546279,3.076114,0,-1.754071,0,13.72893,73.2,72.1,30.28303376,,30.27386025,,13.6,13.7,-30,13.5438,13.645,16.7923,,17.89306455,3.34,141,62.3,155,75.9,9.4,9.4,8.7,8.7,20,,0,17.94
underway_1200.33910404,33910404,201011040,2011-03-18T09:00:00,20110318090000,MULTIPOINT ((-42.8826 147.3404)),147.3404,-42.8826,170.4,79.26,79.1015625,,0,0.6,0,0,-0.67,0,0,1016.57,,,40.28087668,,35.16,8.583,2.9192,4.187,208.43049555,255.34,0,-8,350.1344,351.6325,,,,1.909709,2.461105,0,-1.754071,0,13.73568,73.8,72.5,30.34038483,,30.33817671,,13.4,13.4,-30,13.3708,13.4396,16.81,,17.88058218,4.72,153,73.6,168,89,8.7,8.7,8.1,8.1,20,,0,17.93
underway_1200.33910524,33910524,201011040,2011-03-18T09:20:00,20110318092000,MULTIPOINT ((-42.8826 147.3405)),147.3405,-42.8826,170.4,79.596,79.46411133,,0,0.98,0,0.19,-0.63,0,0,1016.77,,,40.3574665,,35.09,8.565,2.9028,4.185,209.53407385,256.78,0,-8,353.2402,353.648,,,,1.909709,1.845825,-1.836342,-1.754071,0,13.73568,74.2,71.5,30.41411623,,30.41337338,,13.3,13.1,-30,13.1977,13.2127,16.7784,,17.86589421,4.29,167,87.1,180,100.3,7.2,7.2,8,8,20,,0,17.91
underway_1200.33910644,33910644,201011040,2011-03-18T09:40:00,20110318094000,MULTIPOINT ((-42.8826 147.3405)),147.3405,-42.8826,169.6,79.241,79.07409668,,0,1.08,0,0,-0.61,0,0,1016.99,,,40.5347162,,35.09,8.574,2.952,4.184,209.38526888,256.83,0,-8,355.8363,354.9374,,,,1.909709,2.461155,-1.836346,-1.754071,0,13.73905,73.5,71.9,30.57285803,,30.56991901,,13.4,13,-30,13.1178,13.0509,16.7621,,17.8556108,3.9,183,103.7,191,111.3,7.5,7.5,7.8,7.8,10,,0,17.9
underway_1200.33910764,33910764,201011040,2011-03-18T10:00:00,20110318100000,MULTIPOINT ((-42.8826 147.3405)),147.3405,-42.8826,169.6,79.004,78.78845215,,0,1.07,0,0,-0.46,0,0,1017.42,,,40.46906543,,35.06,,2.8618,4.188,209.78917393,257.33,0,-8,363.0282,361.2426,,,,1.909709,2.461159,-1.836356,-1.754071,0,13.73568,74.3,71.9,30.50123603,,30.49830183,,13.4,13,-30,13.1444,13.024,16.7595,,17.87764483,5.17,194,115,195,116.6,4.3,4.3,5.7,5.7,0,,0,17.92
underway_1200.33910884,33910884,201011040,2011-03-18T10:20:00,20110318102000,MULTIPOINT ((-42.8826 147.3405)),147.3405,-42.8826,305.2,79.548,79.33227539,,0,0.79,0,0,-0.6,0,0,1017.72,,,40.23602013,,35.11,8.592,3.2472,4.181,209.45386457,256.46,0,-8,359.7233,360.097,,,,1.909709,2.153514,0,-1.754071,0,13.73568,72.5,71.8,30.31055747,,30.31090205,,13.1,13,-30,13.0911,13.0107,16.7838,,17.86662868,6.93,150,70.4,156,76.5,4,4,3.7,3.7,0,,0,17.9
underway_1200.33911004,33911004,201011040,2011-03-18T10:40:00,20110318104000,MULTIPOINT ((-42.8826 147.3405)),147.3405,-42.8826,291.5,79.725,79.3927002,,0,1.09,0,0.31,-0.46,0,0,1017.9,,,40.23492382,,35.26,8.569,2.9684,4.179,207.13008972,253.58,0,-8,360.1644,360.6038,,,,1.909709,2.153514,0,-1.754071,0,13.74579,72.9,72.6,30.3057102,,30.29745144,,13,12.9,-30,12.9844,12.9036,16.7886,,17.8835194,6.83,138,58.7,138,58.8,1.2,1.2,1.3,1.3,0,,0,17.91
underway_1200.33911124,33911124,201011040,2011-03-18T11:00:00,20110318110000,MULTIPOINT ((-42.8826 147.3405)),147.3405,-42.8826,302.3,79.453,79.28833008,,0,1.03,0,0.15,-0.61,0,0,1017.95,,,40.22508169,,35.56,8.561,2.7716,4.179,202.90208045,248.52,0,-8,364.1222,362.6112,,,,1.909709,2.461159,0,-1.754071,0,13.74916,72.3,71.3,30.31920014,,30.31644485,,13.3,12.9,-30,12.9711,12.8769,16.7384,,17.84679526,6.79,220,140.6,218,138.8,1,1,1.7,1.7,0,,0,17.88
underway_1200.33911244,33911244,201011040,2011-03-18T11:20:00,20110318112000,MULTIPOINT ((-42.8826 147.3405)),147.3405,-42.8826,284.3,79.686,79.60144043,,0,1.01,0,0,-0.64,0,0,1018.02,,,40.32792712,,35.58,8.581,2.5912,4.18,202.49571526,248.17,0,-8,362.5329,360.462,,,,1.909709,2.461159,0,-1.754071,0,13.74916,72,72.2,30.40283614,,30.39841816,,13.4,12.8,-30,13.0511,12.8769,16.7468,,17.85267241,7.1,219,139.7,216,136.4,2.9,2.9,7,7,0,,0,17.88
underway_1200.33911364,33911364,201011040,2011-03-18T11:40:00,20110318114000,MULTIPOINT ((-42.8826 147.3405)),147.3405,-42.8826,284.3,79.661,79.47509766,,0,1.1,0,0,-1.04,0,0,1018.16,,,40.96471958,,35.54,8.586,3.8786,4.183,202.41907715,248.84,0,-8,361.1205,360.3912,,,,1.909709,2.461159,0,-1.754071,0,13.74579,72.5,72.9,30.93874025,,30.93265735,,13.5,12.7,-30,13.1644,12.8635,16.7468,,17.85414162,7.1,215,135.6,210,130.1,3.2,3.2,5.9,5.9,0,,0,17.87
underway_1200.33911484,33911484,201011040,2011-03-18T12:00:00,20110318120000,MULTIPOINT ((-42.8826 147.3405)),147.3405,-42.8826,284.3,79.48,79.29931641,,0,0.85,0,0,-0.49,0,0,1018.3,,,41.11134218,,35.33,8.573,2.7634,4.179,205.39851635,252.82,0,-8,361.1917,360.1073,,,,1.909709,2.153514,0,-1.754071,0,13.75253,72.7,72.2,31.06913517,,31.06729142,,13.5,12.6,-30,13.1777,12.8099,16.7499,,17.83944813,7.1,219,139.9,203,123.6,4.2,4.2,6.5,6.5,0,,0,17.86
underway_1200.33911604,33911604,201011040,2011-03-18T12:20:00,20110318122000,MULTIPOINT ((-42.8825 147.3405)),147.3405,-42.8825,199.3,79.679,79.55200195,,0,1.11,0,0,-0.96,0,0,1018.39,,,41.38270357,,35.32,8.58,2.3862,,205.16807932,253.06,0,-8,358.7878,358.891,,,,1.909709,2.461159,0,-1.754071,0,13.74579,72.2,72.8,31.2883552,,31.28927786,,13.2,12.6,-30,13.1044,12.7831,16.7609,,17.84826459,7.1,190,110.6,192,112.1,5,5,6.3,6.3,0,,0,17.87
underway_1200.33911724,33911724,201011040,2011-03-18T12:40:00,20110318124000,MULTIPOINT ((-42.8826 147.3405)),147.3405,-42.8826,199.3,79.795,79.81018066,,0,1.16,0,0.01,-0.54,0,0,1018.39,,,41.34659102,,35.35,,2.296,4.176,204.64812072,252.26,0,-8,358.2925,358.6074,,,,1.909709,1.845869,0,-1.754071,0,13.73905,73.2,72.9,31.236583,,31.23914676,,13.2,12.6,-30,13.0111,12.7296,16.7542,,17.87397297,7.1,181,101.8,194,114.7,8.1,8.1,7.8,7.8,0,,0,17.89
underway_1200.33911844,33911844,201011040,2011-03-18T13:00:00,20110318130000,MULTIPOINT ((-42.8826 147.3404)),147.3404,-42.8826,199.3,79.797,79.72229004,,0,0.77,0,0,-0.65,0,0,1018.58,,,41.17480484,,35.44,8.575,2.0254,4.177,203.71310512,250.85,0,-8,361.9679,360.544,,,,1.909709,2.153514,0,-1.754071,0,13.75253,72.6,72.6,31.11519888,,31.11740461,,13.1,12.7,-30,12.9444,12.6894,16.7385,,17.8438565,7.1,222,142.6,223,143.3,1.1,1.1,1.6,1.6,0,,0,17.86
underway_1200.33911964,33911964,201011040,2011-03-18T13:20:00,20110318132000,MULTIPOINT ((-42.8826 147.3405)),147.3405,-42.8826,199.3,79.788,79.72229004,,0,0.97,0,0.14,-0.92,0,0,1018.56,,,40.85529766,,35.57,8.597,2.091,4.178,201.9978646,248.21,0,-8,361.2598,360.473,,,,1.909709,1.845869,0,-1.754071,0,13.75928,72.1,71.8,30.82002243,,30.8134067,,12.9,12.7,-30,12.8109,12.6759,16.7243,,17.89012772,7.1,222,141.8,217,136.9,0.9,0.9,2.9,2.9,0,,0,17.89
underway_1200.33912084,33912084,201011040,2011-03-18T13:40:00,20110318134000,MULTIPOINT ((-42.8826 147.3405)),147.3405,-42.8826,153.8,80.067,80.12329102,,0,0.89,0,0,-0.82,0,0,1018.57,,,41.12337848,,35.35,8.554,2.0418,4.176,205.15795148,252.56,0,-8,363.2743,359.4338,,,,1.909709,2.461159,0,-1.754071,0,13.74242,70.5,70.3,31.08279919,,31.07855159,,13.3,12.7,-30,12.8109,12.6826,16.7377,,17.83797861,7.1,210,129.9,214,133.5,1.8,1.8,2.8,2.8,0,,0,17.85
underway_1200.33912204,33912204,201011040,2011-03-18T14:00:00,20110318140000,MULTIPOINT ((-42.8826 147.3404)),147.3404,-42.8826,165.1,79.932,79.88708496,,0,0.86,0,0.03,-0.64,0,0,1018.6,,,41.08398813,,35.38,8.58,1.9024,,204.83822527,252.12,0,-8,361.8964,362.1858,,,,1.909709,2.461159,0,-1.754071,0,13.75253,69.7,69.6,31.04723775,,31.04815964,,13.4,12.8,-30,12.9311,12.7965,16.7155,,17.83430468,7.1,209,129.6,203,123.1,2.1,2.1,4.7,4.7,0,,0,17.84
underway_1200.33912324,33912324,201011040,2011-03-18T14:20:00,20110318142000,MULTIPOINT ((-42.8826 147.3404)),147.3404,-42.8826,327.4,79.631,79.65087891,,0,0.73,0,0,-1.03,0,0,1018.7,,,40.99864851,,35.09,8.562,1.9926,4.172,209.59255454,257.87,0,-8,362.0384,360.8984,,,,1.909709,2.153514,0,-1.754071,0,13.74916,70.2,71,31.01576213,,31.01481048,,13,12.7,-30,12.9578,12.7564,16.6589,,17.78358487,7.1,194,114.3,198,118.6,1.9,1.9,2,2,0,,0,17.79
underway_1200.33912444,33912444,201011040,2011-03-18T14:40:00,20110318144000,MULTIPOINT ((-42.8826 147.3405)),147.3405,-42.8826,166,79.604,79.7442627,,0,1.29,0,0,-0.36,0,0,1018.65,,,40.93300347,,35.09,8.553,1.7958,4.169,209.92885096,258.43,0,-8,363.911,362.3629,,,,1.909709,2.153514,0,-1.754071,0,13.74916,72.6,72.9,30.99299659,,30.99131752,,13.3,13,-30,12.9311,12.83,16.6338,,17.7416583,7.1,172,91.9,183,103.6,0.9,0.9,2.3,2.3,0,,0,17.75
underway_1200.33912564,33912564,201011040,2011-03-18T15:00:00,20110318150000,MULTIPOINT ((-42.8826 147.3405)),147.3405,-42.8826,154.2,79.417,79.38171387,,0,1,0,0,-0.66,0,0,1018.6,,,40.93300288,,35.06,8.554,1.9434,4.17,210.39151691,258.8,0,-8,364.1944,362.3984,,,,1.909709,2.461159,0,-1.754071,0,13.74916,72.9,72.7,30.9877643,,30.98795997,,13.3,12.8,-30,12.9844,12.8367,16.6555,,17.7460728,6.6,190,110,189,109,2.9,2.9,4.6,4.6,0,,0,17.75
underway_1200.33912684,33912684,201011040,2011-03-18T15:20:00,20110318152000,MULTIPOINT ((-42.8826 147.3405)),147.3405,-42.8826,333.2,79.9,79.83764648,,0,1.17,0,0,-0.61,0,0,1018.62,,,40.9537925,,35.1,8.552,1.804,4.178,209.68332063,258.18,0,-8,366.3148,363.3666,,,,1.909709,2.461159,0,-1.754071,0,13.74916,72.2,71.2,31.00570089,,31.00718427,,13.2,12.7,-30,13.0044,12.8166,16.6329,,17.74386558,6.54,181,100.7,187,107.6,2.4,2.4,3,3,0,,0,17.76
underway_1200.33912804,33912804,201011040,2011-03-18T15:40:00,20110318154000,MULTIPOINT ((-42.8826 147.3405)),147.3405,-42.8826,333.2,79.857,79.82666016,,0,0.95,0,0,-0.7,0,0,1018.72,,,40.9045541,,35.17,8.585,1.8286,4.167,208.69046663,256.85,0,-8,364.053,363.9095,,,,1.909709,2.461159,0,-1.754071,0,13.74579,72.7,74.2,30.96043032,,30.96227672,,13.2,12.7,-30,12.9578,12.7162,16.6267,,17.74827994,6.56,179,99.2,185,104.8,0.7,0.7,2,2,0,,0,17.76
underway_1200.33912924,33912924,201011040,2011-03-18T16:00:00,20110318160000,MULTIPOINT ((-42.8826 147.3405)),147.3405,-42.8826,333.2,79.716,79.7442627,,0,0.79,0,0,-0.71,0,0,1018.64,,,40.93081424,,35.24,8.602,1.7302,4.173,207.67278017,255.59,0,-8,365.2187,362.339,,,,1.909709,2.461159,0,-1.754071,0,13.74579,75.3,75.6,30.99017052,,30.98443488,,13.3,12.6,-30,12.7976,12.6224,16.6403,,17.74827994,6.66,243,163.4,240,160,4.4,4.4,4.4,4.4,0,,0,17.75
underway_1200.33913044,33913044,201011040,2011-03-18T16:20:00,20110318162000,MULTIPOINT ((-42.8826 147.3405)),147.3405,-42.8826,333.2,79.7,79.72229004,,0,0.91,0,0,-0.39,0,0,1018.57,,,40.92643617,,35.21,,1.763,4.17,208.07148457,256.01,0,-8,363.1716,362.4222,,,,1.909709,2.461159,0,-1.754071,0,13.73905,73.2,76.5,30.9729129,,30.9729129,,13.5,12.3,-30,13.1711,12.4346,16.6303,,17.75857905,6.98,243,163.3,240,160.7,4.7,4.7,4.7,4.7,0,,0,17.76
underway_1200.33913164,33913164,201011040,2011-03-18T16:40:00,20110318164000,MULTIPOINT ((-42.8826 147.3405)),147.3405,-42.8826,328.6,79.809,79.68383789,,0,0.96,0,0,-0.69,0,0,1018.5,,,41.02600806,,35.18,8.575,1.5252,4.17,208.46551732,256.64,0,-8,363.0294,361.75,,,,1.909709,2.153514,0,-1.754071,0,13.76265,73,76.4,31.06682333,,31.06646059,,13.6,12.2,-30,13.1444,12.3071,16.6815,,17.7460728,5.84,242,162.2,237,157.2,3.5,3.5,3.9,3.9,0,,0,17.75
underway_1200.33913284,33913284,201011040,2011-03-18T17:00:00,20110318170000,MULTIPOINT ((-42.8826 147.3405)),147.3405,-42.8826,145.6,79.676,79.56298828,,0,0.95,0,0.2,-0.61,0,0,1018.39,,,41.11682581,,35.14,8.554,1.4186,4.172,209.03470152,257.54,0,-8,362.4641,360.3572,,,,1.909704,2.153514,0,-1.754071,0,13.74916,74,77.1,31.14406646,,31.14426721,,13.2,12.2,-30,13.0379,12.2466,16.6648,,17.74460133,6.1,230,150.2,226,145.9,1.9,1.9,4.9,4.9,0,,0,17.74
underway_1200.33913404,33913404,201011040,2011-03-18T17:20:00,20110318172000,MULTIPOINT ((-42.8826 147.3405)),147.3405,-42.8826,153.2,79.305,79.33227539,,0,0.92,0,0.19,-0.57,0,0,1018.49,,,41.09165913,,35.18,8.653,1.394,4.167,208.39491951,256.81,0,-8,362.026,360.2512,,,,1.909691,2.461159,0,-1.754071,0,13.74916,73.6,76.8,31.11690869,,31.12132846,,13.6,12.2,-30,13.145,12.2265,16.692,,17.74680852,6.27,240,160.5,238,158.5,4.1,4.1,5.3,5.3,0,,0,17.75
underway_1200.33913524,33913524,201011040,2011-03-18T17:40:00,20110318174000,MULTIPOINT ((-42.8826 147.3405)),147.3405,-42.8826,162.5,79.841,79.73876953,,0,1.04,0,0.15,-0.58,0,0,1018.49,,,41.02382244,,35.48,8.564,1.2382,,204.20974029,251.5,0,-8,363.4564,361.0076,,,,1.9097,2.461159,0,-1.754071,0,13.75253,72.9,76.7,31.0803281,,31.0803281,,13.4,12.1,-30,13.2246,12.166,16.6464,,17.72546943,5.9,230,149.9,226,146.5,1.7,1.7,4.5,4.5,0,,5531.79,17.72
underway_1200.33913644,33913644,201011040,2011-03-18T18:00:00,20110318180000,MULTIPOINT ((-42.8826 147.3405)),147.3405,-42.8826,313.5,79.808,79.90356445,,0,0.98,0,0,-0.78,0,0,1018.53,,,41.07524807,,35.33,8.55,1.1726,4.167,206.30431411,254.06,0,-8,363.4929,360.4986,,,,1.909696,2.461159,0,-1.754071,0,13.74916,71.7,73.2,31.11553596,,31.11758429,,13.5,12.2,-30,13.2315,12.2735,16.6491,,17.73356433,5.87,233,153.5,235,154.6,3.5,3.5,5.7,5.7,0,,0,17.73
underway_1200.33913764,33913764,201011040,2011-03-18T18:20:00,20110318182000,MULTIPOINT ((-42.8826 147.3405)),147.3405,-42.8826,338,79.532,79.89257812,,0,1.06,0,0,-0.68,0,0,1018.63,,,41.08400128,,35.34,8.619,1.1398,4.166,206.21683759,253.91,0,-8,361.7645,359.6009,,,,1.909683,2.153514,0,-1.754071,0,13.74242,69.2,70.6,31.12533982,,31.12329122,,13.3,12.2,-30,13.2852,12.3071,16.6711,,17.73577187,6.41,231,151.7,229,149.2,2.1,2.1,4,4,0,,0,17.72
underway_1200.33913884,33913884,201011040,2011-03-18T18:40:00,20110318184000,MULTIPOINT ((-42.8826 147.3405)),147.3405,-42.8826,338,79.517,79.49707031,,0,1.11,0,0,-0.72,0,0,1018.7,,,41.07634255,,35.32,8.578,1.2956,4.166,206.51656416,254.47,0,-8,360.6643,359.707,,,,1.909696,1.845869,0,-1.754071,0,13.7559,69.4,70.6,31.12373024,,31.12019496,,13.2,12.2,-30,13.0782,12.3272,16.6441,,17.73135672,6.17,257,177.5,251,171.2,4.3,4.3,4.1,4.1,0,,5567.08,17.72
underway_1200.33914004,33914004,201011040,2011-03-18T19:00:00,20110318190000,MULTIPOINT ((-42.8826 147.3405)),147.3405,-42.8826,138.4,79.556,79.32128906,,0,0.99,0,0,-0.69,0,0,1018.88,,,41.07853005,,35.34,8.573,1.3694,4.165,206.1531497,253.96,0,-8,361.618,360.1315,,,,1.909689,2.461159,0,-1.754071,0,13.73568,69.7,69.9,31.11734633,,31.11698427,,12.8,12.3,-30,12.8784,12.4078,16.658,,17.73797934,5.96,217,137.9,218,138.6,2.6,2.6,5.3,5.3,0,,5647.89,17.73
underway_1200.33914124,33914124,201011040,2011-03-18T19:20:00,20110318192000,MULTIPOINT ((-42.8826 147.3405)),147.3405,-42.8826,138.4,79.484,79.41467285,,0,1.08,0,0,-0.8,0,0,1019,,,41.09275489,,35.31,8.452,1.6728,,206.65418733,254.45,0,-8,363.2078,360.0607,,,,1.90969,2.153514,-1.836166,-1.754071,0,13.75253,68.4,68.5,31.13180932,,31.13124697,,12.9,12.3,-30,12.7982,12.3943,16.6593,,17.73503603,5.61,243,163.5,240,160.9,4.1,4.1,4.4,4.4,0,,4887.33,17.72
underway_1200.33914244,33914244,201011040,2011-03-18T19:40:00,20110318194000,MULTIPOINT ((-42.8826 147.3405)),147.3405,-42.8826,200,79.546,79.61242676,,0,0.97,0,0,-0.89,0,0,1019.22,,,41.09494101,,35.37,8.804,1.6236,4.165,205.62936422,253.3,0,-8,362.5028,361.9977,,,,1.909679,2.461159,0,-1.754071,0,13.73905,67.1,68.4,31.12016673,,31.12016673,,12.7,12.3,-30,12.665,12.3541,16.6913,,17.75195837,5.13,228,148.1,220,140.6,1,1,3,3,0,,0,17.74
underway_1200.33914364,33914364,201011040,2011-03-18T20:00:00,20110318200000,MULTIPOINT ((-42.8826 147.3404)),147.3404,-42.8826,200,79.443,79.42565918,,0,0.87,0,0,-0.66,0,0,1019.35,,,41.109165,,35.38,,1.6974,4.165,205.39518862,253.06,0,-8,363.134,360.9585,,,,2.546278,2.461159,0,0,0,13.75928,66.5,68.9,31.12844293,,31.12936672,,13.3,12.2,-30,12.7843,12.3608,16.6841,,17.7556366,5.41,212,132.9,217,137.1,2,2,4.3,4.3,0,,5543.86,17.75
underway_1200.33914484,33914484,201011040,2011-03-18T20:20:00,20110318202000,MULTIPOINT ((-42.8826 147.3405)),147.3405,-42.8826,163.4,79.571,79.36523438,,0,0.91,0,0,-0.62,0,0,1019.54,,,41.13214264,,35.39,8.516,1.6482,4.165,205.2242212,252.81,0,-8,361.4024,361.2415,,,,8.275405,8.921702,3.672373,1.754071,0,13.73905,67.7,68.3,31.14503221,,31.14651822,,13.1,12.4,-30,12.8377,12.4145,16.6962,,17.75857905,6.1,204,124.1,204,124.7,3.7,3.7,4.4,4.4,0,,5652.12,17.75
underway_1200.33914604,33914604,201011040,2011-03-18T20:40:00,20110318204000,MULTIPOINT ((-42.8826 147.3405)),147.3405,-42.8826,164.8,79.569,79.3927002,,0,1.07,0,0,-0.55,0,20,1019.78,,,41.14527385,,35.38,8.58,1.968,4.162,205.41934504,253.1,0,-8,363.2098,361.6308,,,,20.05161,21.53514,7.344726,8.770356,0,13.74579,65.6,67.1,31.16471651,,31.16266713,,13,12.4,-30,12.7986,12.4883,16.6755,,17.75195837,5.31,231,151.3,232,152.7,1.3,1.3,2.7,2.7,0,,5023.25,17.74
underway_1200.33914724,33914724,201011040,2011-03-18T21:00:00,20110318210000,MULTIPOINT ((-42.8826 147.3405)),147.3405,-42.8826,154.9,79.61,79.57946777,,0,1.02,0,0,-1.54,0,80,1019.96,,,41.15730813,,35.38,8.571,1.9352,4.163,205.35407443,252.89,0,-8,365.9258,362.339,,,,38.19417,40.30148,16.5259,19.29478,0,13.74242,67.4,67.6,31.15804512,,31.16214188,,13.4,12.5,-30,12.9311,12.6224,16.7052,,17.76593462,5.05,250,170.2,245,165.6,4.9,4.9,4.8,4.8,0,,0,17.75
underway_1200.33914844,33914844,201011040,2011-03-18T21:20:00,20110318212000,MULTIPOINT ((-42.8826 147.3405)),147.3405,-42.8826,155.8,79.33,79.40917969,,0,0.78,0,0.17,-0.79,0,200,1020.17,,,41.07196472,,35.42,8.573,1.9352,4.164,204.97699586,252.53,0,-8,365.1856,363.1184,,,,80.52607,84.60234,36.72362,38.58957,0,13.7323,65.6,66.7,31.11104027,,31.11031599,,13.3,12.5,-30,13.1711,12.7698,16.7027,,17.73945094,5.87,212,132.6,216,136.5,1.6,1.6,3.2,3.2,0,,0,17.73
underway_1200.33914964,33914964,201011040,2011-03-18T21:40:00,20110318214000,MULTIPOINT ((-42.8826 147.3405)),147.3405,-42.8826,155.8,79.488,79.5300293,,0,0.8,0,0.03,-0.3,0,260,1020.41,,,41.06321054,,35.42,8.586,1.9352,4.164,204.99525712,252.44,0,-8,366.7517,363.0369,,,,106.305,107.6757,49.57586,52.62214,0,13.73568,65.2,67.7,31.09786905,,31.09899218,,13.4,12.5,-30,13.4652,12.9572,16.6643,,17.74460133,4.82,219,139.3,217,137.7,1.2,1.2,3.3,3.3,4,,0,17.73
underway_1200.33915084,33915084,201011040,2011-03-18T22:00:00,20110318220000,MULTIPOINT ((-42.8826 147.3405)),147.3405,-42.8826,155.8,79.511,79.55749512,,0,0.45,0,0,-0.54,0,410,1020.45,,,41.11026243,,35.58,8.565,1.9188,4.153,202.65327169,249.61,0,-8,367.7304,365.4962,,,,177.601,185.2022,86.30058,91.21171,0,13.73568,64.8,67.1,31.14736116,,31.14884821,,13.6,12.6,-30,13.837,13.2179,16.6749,,17.73135672,6.35,216,136.2,216,136.5,1.9,1.9,4.4,4.4,0,,0,17.72
underway_1200.33915204,33915204,201011040,2011-03-18T22:20:00,20110318222000,MULTIPOINT ((-42.8826 147.3404)),147.3404,-42.8826,155.8,79.661,79.47509766,,0,0.81,0,0.24,-0.59,0,370,1020.47,,,41.10260309,,35.66,8.581,1.8778,4.159,201.49926258,248.27,0,-8,367.1172,365.346,,,,141.9525,147.0542,64.26498,66.65471,0,13.72219,65.7,66.1,31.14089088,,31.14237778,,13.3,12.7,-30,13.9104,13.3916,16.6646,,17.73135672,6.56,226,146.6,220,141.1,1.2,1.2,3.3,3.3,0,,3648,17.72
underway_1200.33915324,33915324,201011040,2011-03-18T22:40:00,20110318224000,MULTIPOINT ((-42.8826 147.3405)),147.3405,-42.8826,308.7,79.595,79.49707031,,0,0.7,0,0.64,-0.13,0,510,1020.6,,,41.09166159,,35.55,,1.9844,4.157,203.10967034,250.23,0,-8,370.1627,365.5883,,,,223.7504,235.656,104.6632,112.2606,0,13.74916,69,66.8,31.13393718,,31.13538458,,13.2,13,-30,14.1028,13.6384,16.6727,,17.72841313,7.1,203,123.3,208,128.4,3.6,3.6,4.9,4.9,0,,3714.3,17.72
underway_1200.33915444,33915444,201011040,2011-03-18T23:00:00,20110318230000,MULTIPOINT ((-42.8826 147.3405)),147.3405,-42.8826,308.7,79.661,79.65087891,,0,0.75,0,0.32,0,0,750,1020.68,,,41.04570759,,35.44,8.574,1.9352,,204.83562974,252.3,0,-8,373.7298,371.4909,,,,343.7204,358.7139,167.089,178.9153,0,13.73568,67.1,67.7,31.10744345,,31.10724347,,13.5,13.2,-30,14.3917,13.9383,16.6594,,17.71442942,7.1,119,39.8,126,46.1,1.8,1.8,1.9,1.9,0,,3698.69,17.71
underway_1200.33915564,33915564,201011040,2011-03-18T23:20:00,20110318231959,MULTIPOINT ((-42.8826 147.3405)),147.3405,-42.8826,135.4,79.528,79.57946777,,0,0.93,0,0.36,-0.13,0,720,1020.68,,,41.02601581,,35.37,8.565,2.0992,4.159,206.01647427,253.69,0,-8,369.9036,368.4512,,,,320.4995,333.1738,152.4004,161.3746,0,13.72893,70.4,70,31.11048461,,31.11084693,,13.2,13,-30,14.4292,13.9726,16.6591,,17.68792634,7.1,134,54.3,143,63.4,3.1,3.1,3.1,3.1,0,,3608.06,17.69
underway_1200.33915684,33915684,201011040,2011-03-18T23:40:00,20110318233959,MULTIPOINT ((-42.8828 147.3411)),147.3411,-42.8828,107,92.863,93.03771973,,1.9,0.93,0,0.25,0,0,620,1020.75,,,41.07197897,,36.21,8.595,1.3776,4.157,194.22238072,239.43,0,-8,369.4442,368.9098,,,,228.8342,236.8865,106.4984,108.7524,0,13.7087,70.6,70,31.22815379,,31.19202519,,13.2,13.1,-30,14.3439,14.0581,16.6507,,17.63267947,5.21,139,21.3,134,18.9,1.7,3.4,1.7,3.5,0,,0,17.63
underway_1200.33915804,33915804,201011040,2011-03-19T00:00:00,20110318235959,MULTIPOINT ((-42.857 147.338)),147.338,-42.857,322.5,333.078,332.66052246,,4.2,0.82,0,0.07,-0.13,0,1140,1020.72,,,39.56867571,,35.72,8.57,2.87,4.152,203.5274273,248.62,0,-8,377.5056,378.5526,,,,531.4982,546.976,262.5684,273.6352,0,13.70196,69.7,68.1,29.88495316,,29.97007387,,13,13,-30,14.3448,14.2529,16.3091,,17.56853866,7.1,130,12.7,131,6.6,2.5,1.8,2.2,2,0,,11.52,17.56
underway_1200.33915924,33915924,201011040,2011-03-19T00:20:00,20110319001959,MULTIPOINT ((-42.845 147.3309)),147.3309,-42.845,345.9,349.421,347.78869629,,0.7,0.59,0,0,-0.39,0,1000,1020.69,,,40.01394564,,37.13,8.576,2.8946,4.158,182.68099997,223.93,0,-8,378.6723,377.1326,,,,443.3298,462.0598,216.6647,226.2752,0,13.76939,67.4,68.2,30.36316035,,30.27497732,,13.8,13.4,-30,15.4904,15.1835,16.6764,,17.66362307,7.1,169,181.2,167,178.5,3.1,2.4,2.9,2.2,0,,13.13,17.67
underway_1200.33916044,33916044,201011040,2011-03-19T00:40:00,20110319003959,MULTIPOINT ((-42.8445 147.3307)),147.3307,-42.8445,306.9,352.563,350.93078613,,0,0.92,0,0.25,0,0,1080,1020.59,,,40.80062276,,38.4,8.573,2.788,,166.41733409,204.88,0,-8,378.7288,377.9473,,,,465.2847,479.5841,225.8454,233.2915,0,13.75253,68,70.1,30.97583778,,30.95733016,,13.8,13.3,-30,16.4209,15.728,16.5212,,17.63931139,7.1,185,194,133,141.8,0.9,0.9,0.3,0.3,0,,10.32,17.65
underway_1200.33916164,33916164,201011040,2011-03-19T01:00:00,20110319005959,MULTIPOINT ((-42.8445 147.3307)),147.3307,-42.8445,306.9,352.59,350.93078613,,0,0.92,0,0.15,-0.05,0,940,1020.48,,,39.6201042,,39.1,8.554,2.6322,4.149,160.18563713,196.1,0,-8,377.1454,370.7778,,,,351.9607,360.503,168.925,177.1612,0,13.73905,68,71.5,30.12382358,,30.06306442,,15,13.2,-30,16.682,15.7925,16.4463,,17.50138612,7.1,135,144.4,131,140,2,2,5.4,5.4,0,,10.16,17.51
underway_1200.33916284,33916284,201011040,2011-03-19T01:20:00,20110319011959,MULTIPOINT ((-42.8445 147.3307)),147.3307,-42.8445,58.7,352.481,350.93078613,,0,0.82,0,0,-0.18,0,1190,1020.42,,,39.74701337,,39.15,8.541,2.8454,4.147,159.56378038,195.27,0,-8,376.4709,378.7494,,,,505.9381,529.6752,246.043,256.0944,0,13.73905,69.5,71.1,30.12759172,,30.16754766,,13.7,13.7,-30,16.1931,15.2834,16.4798,,17.50507749,7.1,177,185.7,177,186.5,4.1,4.1,3.9,3.9,0,,10.75,17.52
underway_1200.33916404,33916404,201011040,2011-03-19T01:40:00,20110319014000,MULTIPOINT ((-42.8445 147.3306)),147.3306,-42.8445,58.7,352.569,350.92529297,,0,0.75,0,0.03,-0.17,0,1400,1020.27,,,39.77108366,,39.45,8.56,2.8864,4.149,156.19554691,191.25,0,-8,380.6061,374.9863,,,,617.9034,639.1695,310.3079,322.7492,0,13.73568,70.4,71.7,30.18635365,,30.1939246,,14.7,13.2,-30,16.579,15.9726,16.4977,,17.49695622,7.1,163,172.3,159,168.5,4.9,4.9,5.2,5.2,0,,10.75,17.52
underway_1200.33916524,33916524,201011040,2011-03-19T02:00:00,20110319020000,MULTIPOINT ((-42.8445 147.3306)),147.3306,-42.8445,58.7,352.652,350.83740234,,0,0.57,0,0.15,-0.1,0,1540,1020.26,,,38.98776683,,39.06,8.551,3.0586,4.147,161.18645039,196.48,0,-8,374.7573,379.6441,,,,631.9016,649.325,317.6525,328.0114,0,13.72556,68.4,72.2,29.50811383,,29.52639495,,14.1,13.7,-30,17.3425,16.0383,16.4866,,17.50581574,7.1,179,188.2,178,186.8,3.7,3.7,4,4,0,,10.75,17.53
underway_1200.33916644,33916644,201011040,2011-03-19T02:20:00,20110319022000,MULTIPOINT ((-42.8445 147.3306)),147.3306,-42.8445,6.6,352.638,351.12304688,,0,0.61,0,0.19,-0.1,0,2810,1020.04,,,39.33783813,,39.48,8.553,2.7224,,155.97052085,190.5,0,-8,392.8506,391.2068,,,,1417.799,1443.77,703.2422,740.2181,0,13.72893,72.9,65.4,29.81775626,,29.78418877,,13.8,15.4,-30,18.5981,18.1267,16.5305,,17.55673627,7.1,194,206.5,186,204.9,1.6,1.4,0.5,0.3,0,,10.75,17.57
underway_1200.33916764,33916764,201011040,2011-03-19T02:40:00,20110319024000,MULTIPOINT ((-42.8445 147.3307)),147.3307,-42.8445,15.9,352.589,352.52380371,,0,0.54,0,0.01,-0.23,0,2400,1019.75,,,40.73716772,,39.38,8.539,2.5584,4.145,155.64274914,191.57,0,-8,346.9206,341.4526,,,,1610.615,1610.113,829.936,857.7409,0,13.69522,71.7,69.5,30.94026516,,30.93897394,,14.4,14.4,-30,20.6168,20.1596,16.5876,,17.59287482,7.1,175,182.8,174,181,3.2,3.2,2.8,2.8,0,,10.75,17.61
underway_1200.33916884,33916884,201011040,2011-03-19T03:00:00,20110319030000,MULTIPOINT ((-42.8445 147.3306)),147.3306,-42.8445,15.9,352.546,352.76000977,,0,1.02,0,0,-0.75,0,2830,1019.48,,,40.34874116,,37.19,8.55,3.2882,4.143,181.65860317,222.92,0,-8,340.3659,339.9874,,,,1590.252,1575.27,818.9191,834.938,0,13.69522,67.1,66.4,30.56223062,,30.56333694,,14.7,15.1,-30,21.922,21.0276,16.6555,,17.65552011,7.1,179,186.1,180,186.8,4.4,4.4,4.6,4.6,0,,10.75,17.67
underway_1200.33917004,33917004,201011040,2011-03-19T03:20:00,20110319032000,MULTIPOINT ((-42.8445 147.3307)),147.3307,-42.8445,15.9,352.718,352.39746094,,0,1.33,0,0,-0.9,0,2920,1019.2,,,40.67697735,,37.03,8.538,3.3866,4.143,183.14944068,225.18,0,-8,337.7456,341.698,,,,1613.796,1661.338,829.936,891.0632,0,13.66487,66.4,71.7,30.81967252,,30.81930611,,15.7,14.4,-30,19.8931,18.6871,16.687,,17.68350819,7.1,165,172.4,164,171.2,7.1,7.1,7,7,0,,10.75,17.71
underway_1200.33917124,33917124,201011040,2011-03-19T03:40:00,20110319034000,MULTIPOINT ((-42.8445 147.3307)),147.3307,-42.8445,18,352.717,352.27661133,,0,0.86,0,0,-0.87,0,3400,1018.84,,,40.69885821,,36.78,8.51,4.0016,4.144,186.36508994,229.12,0,-8,344.4591,338.142,,,,1603.794,1607.824,829.936,847.2161,0,13.66824,64.3,70,30.82551826,,30.82551826,,16.1,14.6,-30,20.1871,18.819,16.6953,,17.69970672,7.1,162,169.5,160,167.5,8.7,8.7,8.5,8.5,0,,10.75,17.72
underway_1200.33917244,33917244,201011040,2011-03-19T04:00:10,20110319040010,MULTIPOINT ((-42.8445 147.3307)),147.3307,-42.8445,18,352.782,352.31506348,,0,0.6,0,0,-0.66,,,1018.59,,,40.61898526,,,8.571,4.4608,4.141,,,,-8,332.284,328.8036,,,,1401.718,1417.764,719.7676,738.4512,0,13.62778,64.4,71.9,,,30.75699678,,16.6,14.6,-30,20.8736,18.6871,16.7113,,17.70117913,,165,173,163,170.2,9.5,9.5,9.4,9.4,,,10.75,
underway_1200.33917363,33917363,201011040,2011-03-19T04:20:00,20110319042000,MULTIPOINT ((-42.8446 147.3307)),147.3307,-42.8446,214.4,352.724,352.54577637,,0,0.48,0,0,-0.75,0,3820,1018.52,,,41.06321064,,36.5,8.57,4.264,4.141,189.42312981,233.34,0,-8,324.8809,326.3233,,,,1316.767,1343.339,679.3724,705.0817,0,13.61093,64.2,70.2,31.10489775,,31.09955378,,16.3,14.9,-30,20.6369,18.4366,16.7654,,17.74386558,7.1,166,173.4,165,172,10.8,10.8,11,11,0,,10.75,17.77
underway_1200.33917483,33917483,201011040,2011-03-19T04:40:00,20110319044000,MULTIPOINT ((-42.8445 147.3306)),147.3306,-42.8445,17.2,352.629,352.59521484,,0,0.67,0,0,-0.7,0,4150,1018.36,,,40.98005422,,36.27,8.57,4.3706,4.136,192.66151241,237.23,0,-8,342.5024,340.3053,,,,1316.367,1357.467,683.0446,715.6146,0,13.61093,67.4,70,31.03128977,,31.03775659,,16.2,15,-30,19.8442,18.055,16.7299,,17.73282847,7.1,166,173.1,163,170.5,11,11,11.1,11.1,0,,10.75,17.77
underway_1200.33917603,33917603,201011040,2011-03-19T05:00:00,20110319050000,MULTIPOINT ((-42.8445 147.3306)),147.3306,-42.8445,17.2,352.701,352.56774902,,0,0.54,0,0,-0.62,0,4300,1018.29,,,40.85859968,,36.03,8.501,4.6412,4.138,196.07803678,241.28,0,-8,320.024,324.3852,,,,1094.9,1185.83,532.4811,596.3378,0,13.60418,67.4,73.2,30.92151059,,30.92741424,,16.3,15,-30,19.433,17.8982,16.7194,,17.74312983,7.1,165,172.7,162,169.7,13.1,13.1,12.9,12.9,0,,3714.82,17.78
underway_1200.33917723,33917723,201011040,2011-03-19T05:20:00,20110319052000,MULTIPOINT ((-42.8445 147.3307)),147.3307,-42.8445,194.3,352.539,352.55126953,,0.1,0.45,0,0,-0.49,0,3770,1018.17,,,40.56318031,,35.99,8.543,4.305,4.135,197.02109821,241.96,0,-8,332.1311,334.1286,,,,984.8202,982.5921,580.2207,562.9896,0,13.60077,66.3,68.4,30.69012819,,30.68828346,,16,15.3,-30,18.7242,17.718,16.7343,,17.72988494,7.1,171,178.5,169,176.9,16,16,16.3,16.3,0,,4193.28,17.77
underway_1200.33917843,33917843,201011040,2011-03-19T05:40:00,20110319054000,MULTIPOINT ((-42.8445 147.3307)),147.3307,-42.8445,43,352.728,352.55126953,,0,0.74,0,0,-0.64,0,2340,1018.03,,,40.61241496,,36.05,8.544,4.4854,,196.06318217,240.79,0,-8,338.3289,336.587,,,,517.2185,525.8856,266.2405,270.0962,0,13.61429,66.2,66.9,30.72054857,,30.72036149,,16.2,15.5,-30,17.6732,16.9999,16.7299,,17.74239407,7.1,160,167.7,158,165.4,13.8,13.8,13.1,13.1,0,,5571.07,17.78
underway_1200.33917963,33917963,201011040,2011-03-19T06:00:00,20110319060000,MULTIPOINT ((-42.8445 147.3306)),147.3306,-42.8445,97.8,352.666,352.55126953,,0,0.88,0,0,-0.62,0,2550,1018,,,40.48330515,,35.9,8.546,4.3542,4.136,198.20456572,243.34,0,-8,348.4919,349.1827,,,,514.7339,520.0514,271.749,266.5937,0,13.61092,65.9,69.4,30.59830211,,30.60161873,,16.7,15.5,-30,17.8704,16.9461,16.7517,,17.7556366,7.1,169,176,166,173.3,15,15,14.7,14.7,0,,10.75,17.8
underway_1200.33918083,33918083,201011040,2011-03-19T06:20:00,20110319062000,MULTIPOINT ((-42.8445 147.3306)),147.3306,-42.8445,40.3,352.716,352.55126953,,0,0.61,0,0,-0.5,0,1090,1017.95,,,40.66055481,,35.97,8.531,4.5756,4.133,196.94563897,242.03,0,-8,370.504,371.7268,,,,298.4186,305.6956,150.5636,152.6004,0,13.62104,65.2,69.1,30.74374566,,30.74651164,,16.9,15.7,-30,17.6642,16.7481,16.7581,,17.76152137,7.1,154,161.4,153,160.8,11.9,11.9,12,12,0,,10.75,17.81
underway_1200.33918203,33918203,201011040,2011-03-19T06:40:00,20110319064000,MULTIPOINT ((-42.8446 147.3306)),147.3306,-42.8446,51,352.688,352.54577637,,0,0.72,0,0,-0.3,0,750,1017.94,,,40.91768191,,36.1,,4.51,4.126,194.82975744,239.64,0,-8,375.5338,375.5144,,,,209.9807,212.8182,104.6601,105.2442,0,13.65475,63,67.9,30.9621505,,30.96049935,,17.4,15.8,-30,18.0241,16.6557,16.7601,,17.7651991,7.1,148,155.1,149,156.8,8.9,8.9,11.4,11.4,0,,10.75,17.81
underway_1200.33918323,33918323,201011040,2011-03-19T07:00:00,20110319070000,MULTIPOINT ((-42.8445 147.3308)),147.3308,-42.8445,77.7,352.689,352.51281738,,0,0.8,0,0,-0.82,0,410,1017.99,,,41.13105346,,36.8,8.53,3.0996,4.128,185.26758139,228.25,0,-8,376.2252,376.0638,,,,121.5348,124.8616,58.75653,59.6384,0,13.67161,64.2,67.1,31.16396575,,31.17429668,,16.9,15.8,-30,17.7873,16.365,16.6733,,17.72105363,7.1,132,139.9,129,136,4.3,4.3,10.1,10.1,0,,10.75,17.78
underway_1200.33918443,33918443,201011040,2011-03-19T07:20:00,20110319072000,MULTIPOINT ((-42.8572 147.343)),147.343,-42.8572,163.2,163.503,163.61938477,,7.3,0.57,0,0.09,-0.16,0,120,1018,,,39.474577,,37.29,8.528,4.141,4.128,180.91679876,220.88,0,-8,370.3235,374.3233,,,,48.99871,49.82161,23.86984,24.55699,0,13.62778,68,67.5,29.84600082,,29.82208299,,15.6,15.6,-30,16.5405,16.0478,16.6361,,17.66214987,4.51,100,322.2,103,323.2,10.6,15.5,11.3,16.4,4,,11.52,17.72
underway_1200.33918563,33918563,201011040,2011-03-19T07:40:00,20110319074000,MULTIPOINT ((-42.9008 147.3693)),147.3693,-42.9008,126.9,125.029,125.82092285,,6.9,0.69,0,0.16,-0.2,0,50,1018.12,,,40.60038542,,35.41,8.52,3.6162,4.122,205.48768738,252.49,0,-8,371.378,372.9959,,,,24.49964,25.21902,11.01685,12.27849,0,13.64801,72.1,71.3,30.74224406,,30.7446371,,15.1,15.2,-30,15.4454,15.411,16.7672,,17.69676181,2.73,105,347.1,96,341.3,12.6,19.3,13.4,19.8,4,,18.78,17.75
underway_1200.33918683,33918683,201011040,2011-03-19T08:00:00,20110319080000,MULTIPOINT ((-42.9602 147.3753)),147.3753,-42.9602,192.3,192.296,192.0135498,,13.8,0.95,0,0.27,-0.18,0,0,1018.32,,,40.59600944,,34.95,8.52,2.0746,4.117,212.41094646,260.96,0,-8,371.0955,372.7478,,,,9.545324,10.45754,3.672283,1.75407,0,13.63452,73.7,72.2,30.75018671,,30.74427917,,14.8,15,-30,15.0226,15.1676,16.4789,,17.69234421,1.61,87,301.7,95,307,15.9,18,15.7,19.4,30,,17.95,17.75
underway_1200.33918803,33918803,201011040,2011-03-19T08:20:00,20110319082000,MULTIPOINT ((-43.0334 147.3798)),147.3798,-43.0334,171.4,171.311,171.04064941,,12.8,0.89,-0.17,0.29,-0.16,0,0,1018.51,,,42.93878386,,34.65,8.54,1.5006,4.119,213.36824409,265.51,0,-8,370.0931,371.795,,,,6.363549,6.151838,1.836142,1.75407,0,13.64127,72.6,71.4,32.65417833,,32.62184857,,14.7,14.8,-30,14.8374,14.9919,16.6974,,17.82769113,1.17,67,303.5,75,307.7,14.7,17.1,14.7,18.4,30,,10.75,17.87
underway_1200.33918923,33918923,201011040,2011-03-19T08:40:00,20110319084000,MULTIPOINT ((-43.1017 147.4096)),147.4096,-43.1017,157.1,156.448,156.3848877,,13.3,0.92,-0.46,0.29,-0.26,0,0,1018.7,,,44.61108286,,34.66,8.551,1.271,4.122,211.9155179,266.43,0,-8,370.4151,371.7927,,,,2.54542,2.460753,0,-1.75407,0,13.64464,72.4,71.1,34.14357125,,34.14199477,,14.8,14.9,-30,14.8969,14.9914,16.597,,17.71295729,1.29,49,293.4,57,300,18.7,19.2,18.4,20.8,30,,15.31,17.76
underway_1200.33919043,33919043,201011040,2011-03-19T09:00:00,20110319090000,MULTIPOINT ((-43.1697 147.4498)),147.4498,-43.1697,154.2,154.183,154.26452637,,13.2,1.7,-0.45,0.5,-0.4,0,0,1019.03,,,45.09816051,,34.75,8.558,0.533,4.114,210.75664583,265.99,0,-8,368.1766,370.603,,,,1.909333,2.461084,0,0,0,13.64801,72.6,72.3,34.68376075,,34.67842991,,14.8,14.9,-30,14.8555,14.9702,16.4149,,17.57370158,1.35,59,317.8,64,318.6,11.1,16.4,11.6,17.5,30,,31.91,17.63
underway_1200.33919163,33919163,201011040,2011-03-19T09:20:00,20110319092000,MULTIPOINT ((-43.2366 147.4912)),147.4912,-43.2366,156.2,156.205,156.17614746,,13.3,2.2,-0.68,0.85,-0.78,0,0,1019.09,,,45.10804203,,34.8,,0.6314,4.12,211.25202123,266.98,0,-8,367.5692,370.0198,,,,1.909543,1.845862,0,0,0,13.64127,72.3,71.4,34.86964031,,34.86712542,,14.6,14.7,-30,14.7431,14.8625,16.3246,,17.36392918,1.51,44,296.7,52,302.2,15.7,16.3,15.4,17.7,30,,43.66,17.43
underway_1200.33919283,33919283,201011040,2011-03-19T09:40:00,20110319094000,MULTIPOINT ((-43.3056 147.4722)),147.4722,-43.3056,199.8,200.153,200.12145996,,13.1,1.58,-0.48,0.03,-0.53,0,0,1019.38,,,45.04893998,,34.82,8.522,0.656,4.114,211.07774048,266.78,0,-8,367.0782,369.5162,,,,1.909697,2.461159,0,-1.75407,0,13.62778,73.8,72.9,34.83154217,,34.83061158,,14.6,14.7,-30,14.6523,14.7693,16.26,,17.3469131,1.74,51,276.5,55,287.8,14.3,7.4,13.1,8,30,,54.73,17.42
underway_1200.33919403,33919403,201011040,2011-03-19T10:00:00,20110319100000,MULTIPOINT ((-43.3745 147.4372)),147.4372,-43.3745,200.3,200.347,200.02258301,,13,2.09,-0.64,0.61,-0.81,0,0,1019.63,,,45.12448803,,34.95,8.546,1.0332,4.125,210.08372258,266.04,0,-8,369.1262,370.6625,,,,1.909709,2.461159,0,-1.75407,0,13.61429,74.2,73.3,35.05113246,,35.04692315,,14.7,14.8,-30,14.6585,14.7826,16.2296,,17.17281614,2.13,48,270.8,52,280.9,14.7,6.9,13.7,7.3,20,,60.6,17.25
underway_1200.33919523,33919523,201011040,2011-03-19T10:20:00,20110319102000,MULTIPOINT ((-43.4438 147.4036)),147.4036,-43.4438,200,199.567,199.4128418,,13.3,1.51,-0.98,0.85,-1.38,0,0,1019.62,,,44.63637769,,35.19,8.521,1.2382,4.121,208.83898335,264.2,0,-8,371.4319,373.4936,,,,1.909675,2.153514,0,-1.75407,0,13.60081,77.1,75.9,34.87782731,,34.87945968,,14.8,15,-30,14.7125,14.9087,15.9459,,16.87548233,2.32,61,265.9,71,280.7,19,12.6,17.2,13.6,20,,58.35,16.97
underway_1200.33919643,33919643,201011040,2011-03-19T10:40:00,20110319104000,MULTIPOINT ((-43.5124 147.369)),147.369,-43.5124,200.1,199.094,198.94592285,,13.2,1.03,-0.16,0.01,-0.94,0,0,1019.82,,,44.551036,,35.53,8.52,0.656,4.136,205.00234693,259.69,0,-8,370.4632,370.8778,,,,1.9097,1.845869,0,-1.75407,0,13.59069,78.6,76.6,34.97599831,,34.97823238,,14.5,14.8,-30,14.533,14.8225,15.5824,,16.67630639,2.76,55,259,64,273.8,18.8,10.9,17.5,12,20,,59.8,16.79
underway_1200.33919763,33919763,201011040,2011-03-19T11:00:00,20110319110000,MULTIPOINT ((-43.5805 147.3322)),147.3322,-43.5805,207,206.905,206.41662598,,13.2,1.46,-0.51,0.22,-0.68,0,0,1019.96,,,44.54994086,,35.62,8.499,0.5084,4.128,203.90516854,258.2,0,-8,368.0945,370.519,,,,1.909685,2.153514,0,-1.75407,0,13.58732,79.6,76.8,34.97658185,,34.97335086,,14.4,14.7,-30,14.4672,14.7561,15.6644,,16.6807885,3.46,51,237.3,52,239,20.3,9.8,20.2,9.9,10,,53.55,16.76
underway_1200.33919883,33919883,201011040,2011-03-19T11:20:00,20110319112000,MULTIPOINT ((-43.6167 147.2441)),147.2441,-43.6167,243.1,243.241,243.07250977,,13.6,2.52,-1.3,0.93,-1.52,0,0,1019.52,,,44.58825406,,35.82,8.491,0.7052,4.122,201.13081902,254.9,0,-8,367.9392,368.2971,,,,1.909683,2.153514,0,-1.75407,0,13.56372,77.1,78.7,35.04364779,,35.04303128,,15.1,14.6,-30,14.8116,14.5436,15.5337,,16.63969177,4.55,56,149.7,50,146.5,17.7,4.7,21.1,8.5,10,,64.14,16.73
underway_1200.33920003,33920003,201011040,2011-03-19T11:40:00,20110319114000,MULTIPOINT ((-43.6505 147.1519)),147.1519,-43.6505,242.8,242.669,242.85827637,,13.6,1.6,-1.17,1.08,-2.93,0,0,1019.3,,,44.16473018,,35.64,8.533,0.6314,4.144,205.96288887,260.78,0,-8,309.7196,314.6039,,,,1.909617,1.845869,-1.836184,-1.75407,0,13.55024,76.2,78,34.90808566,,34.90815848,,15.2,14.4,-30,14.8468,14.3508,15.358,,16.36709447,4.19,62,179,59,167.7,21.6,8,20.7,7.2,10,,96.77,16.46
underway_1200.33920123,33920123,201011040,2011-03-19T12:00:00,20110319120000,MULTIPOINT ((-43.6843 147.0583)),147.0583,-43.6843,243.3,243.512,243.74267578,,13.8,1.68,-0.89,0.05,-1.43,0,0,1019.17,,,44.6484555,,35.39,,0.9184,4.118,207.70175138,263.46,0,-8,307.0372,311.0584,,,,1.909596,1.845869,-3.672285,-3.508141,0,13.54686,77.7,79.6,35.12291442,,35.12098558,,15.1,14.6,-30,14.5363,14.291,15.5794,,16.61128353,3.05,55,141.6,49,140,17.3,4.2,20.7,8.1,10,,96.96,16.68
underway_1200.33920243,33920243,201011040,2011-03-19T12:20:00,20110319122000,MULTIPOINT ((-43.7188 146.9651)),146.9651,-43.7188,241.5,242.55,242.98461914,,13.4,2.31,-1.28,1.14,-1.81,0,0,1018.86,,,43.63398887,,35.56,8.551,0.6068,4.119,210.57523347,266.8,0,-8,306.3685,312.9214,,,,1.909585,2.153514,-3.67238,-1.75407,0,13.55024,78.8,78.6,34.82572035,,34.82509489,,14.8,14.5,-30,14.2251,14.2378,14.9372,,15.92447996,2.83,51,133.9,44,126.1,16.9,4.5,18.6,7.1,4,,106.15,16.03
underway_1200.33920363,33920363,201011040,2011-03-19T12:40:00,20110319124000,MULTIPOINT ((-43.7544 146.8732)),146.8732,-43.7544,243.6,243.463,243.9239502,,13.7,1.66,-0.78,0.3,-1.21,0,0,1018.77,,,43.50378092,,35.53,8.483,1.0742,4.121,212.35363902,269.18,0,-8,304.9034,308.3371,,,,1.909618,2.461159,-1.836143,-1.75407,0,13.54686,79.4,77.9,34.88370999,,34.88067265,,14.6,14.4,-30,13.952,14.1845,14.6289,,15.72937886,3,48,126.9,44,125.2,18.2,6.3,19.6,8.2,4,,114.04,15.85
underway_1200.33920483,33920483,201011040,2011-03-19T13:00:00,20110319130000,MULTIPOINT ((-43.7881 146.7789)),146.7789,-43.7881,242.5,243.497,244.00634766,,13.6,3.22,-2.91,0.04,-1.74,0,0,1018.85,,,43.52784793,,35.39,8.526,1.4678,4.112,214.23662339,271.47,0,-8,302.5269,305.7236,,,,1.90966,1.845869,-3.672283,-1.75407,0,13.54686,79.9,79,34.84363301,,34.83939885,,14.9,14.4,-30,13.8844,14.0981,14.6277,,15.80052568,2.36,57,163.4,54,156.7,21.4,8,21.7,8.5,4,,130.33,15.89
underway_1200.33920603,33920603,201011040,2011-03-19T13:20:00,20110319132000,MULTIPOINT ((-43.8211 146.686)),146.686,-43.8211,243.5,244.044,244.57214355,,13.3,5.58,-3.87,0.11,-2.67,0,0,1018.72,,,43.56615792,,35.36,8.496,1.394,4.113,214.795155,272.4,0,-8,301.6929,305.4734,,,,1.909627,2.461159,-1.836142,-1.75407,0,13.54349,78.6,79.1,34.93950732,,34.90783375,,14.9,14.4,-30,14.1044,14.0514,14.6865,,15.76193379,2.98,59,167.4,56,161.2,23.2,10,22.5,9.5,4,,140.2,15.86
underway_1200.33920723,33920723,201011040,2011-03-19T13:40:00,20110319134000,MULTIPOINT ((-43.8535 146.5937)),146.5937,-43.8535,243.8,244.512,244.98962402,,13.3,3.67,-2.82,1.27,-2.42,0,0,1018.42,,,43.61649506,,35.37,8.524,1.435,4.13,214.43129624,271.99,0,-8,302.1647,305.1522,,,,1.909573,2.461159,-1.836144,-1.75407,0,13.54012,79.7,80.7,34.92038,,34.91480784,,15,14.4,-30,14.1924,13.9916,14.7337,,15.80506449,3.2,56,157.5,54,155,20.5,7.5,22.4,9.6,4,,146.54,15.89
underway_1200.33920843,33920843,201011040,2011-03-19T14:00:00,20110319140000,MULTIPOINT ((-43.8877 146.5028)),146.5028,-43.8877,241.7,242.233,242.39685059,,13.2,1.39,-2.36,1.12,-2.5,0,0,1017.9,,,43.39546478,,35.42,8.54,1.025,4.143,215.65223976,273.75,0,-8,302.8633,305.0808,,,,1.90966,2.461159,-1.836142,-1.75407,0,13.53338,78.6,79.2,34.9739876,,34.9729469,,14.9,14.3,-30,14.3222,13.9782,14.5421,,15.51549976,3.65,54,161.1,52,158.9,23.5,10.6,25.5,12.7,4,,155.9,15.63
underway_1200.33920963,33920963,201011040,2011-03-19T14:20:00,20110319142000,MULTIPOINT ((-43.9221 146.4121)),146.4121,-43.9221,242.7,243.303,243.3581543,,13.3,1.35,-0.8,0,-2.01,0,0,1017.63,,,43.57711775,,35.44,8.524,0.7544,,214.32320579,272.04,0,-8,301.2365,304.2203,,,,1.90969,2.461159,-3.672283,-1.75407,0,13.53338,78,78.9,35.01777998,,35.01575772,,14.9,14.3,-30,14.3942,14.0181,14.5835,,15.65133631,3.47,55,161.1,54,158.4,21.8,8.8,22.7,9.8,4,,154.98,15.75
underway_1200.33921083,33921083,201011040,2011-03-19T14:40:00,20110319144000,MULTIPOINT ((-43.9571 146.3207)),146.3207,-43.9571,240.9,241.64,242.0123291,,13.6,2.16,-1.04,1.09,-1.63,0,0,1017.72,,,43.4819137,,35.5,,0.8036,4.12,213.99414064,271.64,0,-8,300.9642,304.0419,,,,1.909612,2.153514,-1.836142,-1.75407,0,13.53338,77.8,79,34.99346213,,34.99278711,,14.9,14.3,-30,14.3436,13.9849,14.5554,,15.58079522,3.45,54,158.2,50,153.2,19.8,6.5,22.4,9.4,4,,156.47,15.68
underway_1200.33921203,33921203,201011040,2011-03-19T15:00:00,20110319150000,MULTIPOINT ((-43.9924 146.2308)),146.2308,-43.9924,241.9,244.786,244.87426758,,13.5,3.86,-3.4,1.23,-2.33,0,0,1016.9,,,43.56398678,,35.41,8.556,1.0824,4.148,215.01867787,272.95,0,-8,300.3102,305.7628,,,,1.909681,2.461159,-1.836148,-1.75407,0,13.53338,78.9,80.3,34.96690293,,35.01675329,,14.8,14.4,-30,14.2221,13.905,14.5806,,15.63693052,3.15,61,175.3,59,168.3,18.3,4.8,18.8,5.3,4,,5559.23,15.73
underway_1200.33921323,33921323,201011040,2011-03-19T15:20:00,20110319152000,MULTIPOINT ((-44.0259 146.1385)),146.1385,-44.0259,243.2,244.988,245.53344727,,13.4,3.08,-1.06,1.52,-2.2,0,0,1017.49,,,43.52896935,,35.48,8.518,0.9266,4.13,214.11643922,271.8,0,-8,299.7802,304.3314,,,,1.909659,2.461159,-3.672283,-1.75407,0,13.53338,79.4,81.2,35.01086822,,35.00951866,,14.8,14.2,-30,14.1233,13.8383,14.5475,,15.60962713,2.46,62,171.2,56,149.3,16.3,2.9,17.9,4.9,4,,774.18,15.7
underway_1200.33921443,33921443,201011040,2011-03-19T15:40:00,20110319154000,MULTIPOINT ((-44.0592 146.0474)),146.0474,-44.0592,242.3,243.531,244.6105957,,13.3,2.39,-0.58,0.05,-1.79,0,0,1017.26,,,43.47644026,,35.48,8.53,0.8036,4.132,214.30073825,272.14,0,-8,300.5872,305.8389,,,,1.909641,2.153514,-3.672283,-1.75407,0,13.53001,81.5,82.2,34.99355931,,34.97908695,,14.7,14.2,-30,13.8982,13.7184,14.5571,,15.59066012,2.2,62,173.1,60,165.2,16,2.7,17,3.8,20,,1071.36,15.68
underway_1200.33921563,33921563,201011040,2011-03-19T16:00:00,20110319160000,MULTIPOINT ((-44.0931 145.9568)),145.9568,-44.0931,242.9,243.499,244.16015625,,13.1,2.37,-1.65,1.44,-2.95,0,0,1016.94,,,43.45237313,,35.52,8.509,0.8856,,214.20069986,271.86,0,-8,300.2053,305.6252,,,,1.909586,2.153514,-1.836142,-1.75407,0,13.52663,82.1,82.9,35.02267444,,35.01954487,,14.7,14.2,-30,13.8269,13.6784,14.4204,,15.52081681,2.28,57,152.2,54,150.2,16.8,4,18.3,5.7,20,,1683.05,15.61
underway_1200.33921683,33921683,201011040,2011-03-19T16:20:00,20110319162000,MULTIPOINT ((-44.1277 145.868)),145.868,-44.1277,241.9,242.126,242.98461914,,12.6,1.9,-1.01,1.26,-1.86,0,0,1016.77,,,43.18318105,,35.33,8.547,1.1808,4.134,218.84361661,277.88,0,-8,298.8531,304.5506,,,,1.909594,2.461159,-3.672308,-1.75407,0,13.53338,,83.9,34.96336539,,34.96404524,,,14.2,-30,13.5741,13.6784,14.3025,,15.31010173,1.92,52,127.8,51,130.9,15,3.4,15.4,3.8,30,,1957.07,15.41
underway_1200.33921803,33921803,201011040,2011-03-19T16:40:00,20110319164000,MULTIPOINT ((-44.1601 145.7789)),145.7789,-44.1601,243.3,243.094,244.21508789,,13,1.3,-0.58,0.67,-2.22,0,0,1016.45,,,43.24664931,,35.3,8.52,1.3366,4.135,218.9625481,278.04,0,-8,297.8114,305.3045,,,,1.909675,2.153514,-3.672283,-1.75407,0,13.53338,,84.8,34.98075457,,34.98143385,,,14.1,-30,13.3786,13.6184,14.3173,,15.35503703,2.35,47,81,49,94.3,13,3.7,13.8,3.5,20,,2111.88,15.45
underway_1200.33921923,33921923,201011040,2011-03-19T17:00:00,20110319170000,MULTIPOINT ((-44.1925 145.6892)),145.6892,-44.1925,243.4,243.375,244.1217041,,13,1.95,-1.18,0,-0.9,0,0,1016.48,,,43.19412909,,35.27,8.504,1.5252,4.123,219.9748979,279.36,0,-8,305.4421,309.2825,,,,1.909677,1.845869,-3.672283,-1.75407,0,13.53338,86.1,85,35.00087523,,35.00050521,,14.1,14.1,-30,13.2986,13.5584,14.1935,,15.28038271,2.57,54,80.9,53,101.7,12.9,2.2,13.8,2.6,20,,2220.85,15.38
underway_1200.33922043,33922043,201011040,2011-03-19T17:20:00,20110319172000,MULTIPOINT ((-44.225 145.5991)),145.5991,-44.225,243.5,243.135,244.29748535,,12.9,1.87,-1.51,1.33,-2.01,0,0,1015.82,,,43.18427245,,35.34,,1.3038,4.121,218.71049001,277.57,0,-8,303.6018,309.3894,,,,1.909698,2.461159,-3.672283,-1.75407,0,13.53001,86.9,85.7,34.94768158,,34.94601146,,14.1,14.1,-30,13.3313,13.5784,14.2757,,15.33143059,2.59,67,299.8,56,121.6,12.5,0.8,14.2,2.2,20,,2320.3,15.41
underway_1200.33922163,33922163,201011040,2011-03-19T17:40:00,20110319174000,MULTIPOINT ((-44.2581 145.5094)),145.5094,-44.2581,241.3,243.44,244.68200684,,13.1,2.69,-1.65,0.68,-2.22,0,0,1016.06,,,43.64716864,,35.35,8.497,1.2054,,216.26062625,274.7,0,-8,304.5718,310.464,,,,1.909701,2.461159,-3.672345,-1.75407,0,13.53338,87.5,86.3,35.07827846,,35.12881432,,14.1,14.1,-30,13.3245,13.5784,14.3576,,15.59521267,2.47,48,70.8,48,77.9,12.6,3.1,13,3.1,10,,2531.13,15.67
underway_1200.33922283,33922283,201011040,2011-03-19T18:00:00,20110319180000,MULTIPOINT ((-44.2912 145.4207)),145.4207,-44.2912,243.2,243.632,244.68200684,,13.2,3.08,-1.98,0.86,-2.62,0,0,1016.01,,,43.74129687,,35.37,8.505,1.1152,4.132,215.85482756,274.56,0,-8,355.448,357.8112,,,,1.909673,2.153514,-1.836142,-1.75407,0,13.53338,87.9,86,35.25108147,,35.26055605,,14.2,14.2,-30,13.6115,13.7917,14.4079,,15.54284023,2.29,42,53.2,43,57.3,11.1,4.9,11.5,4.6,10,,3246.29,15.65
underway_1200.33922403,33922403,201011040,2011-03-19T18:20:00,20110319182000,MULTIPOINT ((-44.3228 145.3311)),145.3311,-44.3228,242.9,243.101,244.13818359,,13,0.85,-0.59,0.6,-1.62,0,0,1016.02,,,44.52918377,,35.25,8.522,1.1234,4.127,211.6353448,268.62,0,-8,357.326,359.1671,,,,1.909706,2.461159,-1.836144,-1.75407,0,13.53338,88,86.1,35.19068744,,35.18716821,,14.3,14.3,-30,13.9626,14.0448,15.4182,,16.41660058,1.78,39,49.1,41,55.3,10.4,5.5,11,5.1,30,,3029.61,16.43
underway_1200.33922523,33922523,201011040,2011-03-19T18:40:00,20110319184000,MULTIPOINT ((-44.3557 145.2414)),145.2414,-44.3557,243.7,243.749,244.72045898,,13.2,1.44,-0.4,0.15,-2.06,0,0,1015.9,,,43.70845124,,35.49,8.548,0.902,4.138,213.29561852,270.96,0,-8,351.8984,353.8273,,,,1.909643,2.461159,0,-1.75407,0,13.52326,87.4,84.9,35.14221013,,35.15082985,,14.4,14.4,-30,14.0774,14.2511,14.7363,,15.6323807,1.6,34,48.5,37,53.8,10.3,6.5,10.9,6,30,,3200.03,15.76
underway_1200.33922643,33922643,201011040,2011-03-19T19:00:00,20110319190000,MULTIPOINT ((-44.3899 145.1498)),145.1498,-44.3899,241.7,243.968,244.95666504,,13.3,1.65,-0.7,1.71,-3.01,0,0,1015.8,,,43.64826662,,35.48,8.515,1.0496,4.138,214.07340873,272.01,0,-8,354.1873,356.6579,,,,1.909708,2.153514,0,-1.75407,0,13.51989,87.3,85,35.14822367,,35.1521705,,14.3,14.3,-30,14.1284,14.1779,14.4125,,15.57016991,1.41,33,36,35,37.3,9.1,6.7,9.4,6.3,30,,3435.01,15.68
underway_1200.33922763,33922763,201011040,2011-03-19T19:20:00,20110319192000,MULTIPOINT ((-44.4235 145.0596)),145.0596,-44.4235,243.6,245.179,246.06628418,,13.3,1.67,-0.53,0.43,-2.25,0,0,1015.82,,,43.5267918,,35.43,8.527,1.0906,4.131,215.41906702,273.59,0,-8,354.2569,356.6935,,,,1.909709,2.461159,0,-1.75407,0,13.51989,88.3,86.6,35.08126125,,35.07855019,,14.2,14.3,-30,14.1416,14.1845,14.5203,,15.52993079,1.36,47,14.7,53,8.7,7,6.9,6.6,6.9,30,,3267.79,15.62
underway_1200.33922883,33922883,201011040,2011-03-19T19:40:00,20110319194000,MULTIPOINT ((-44.4558 144.9675)),144.9675,-44.4558,243.9,244.917,245.81359863,,13.3,1.8,-0.88,1.55,-2.57,0,0,1015.7,,,43.93387785,,35.31,8.527,1.0086,4.125,214.81364299,272.84,0,-8,366.6634,367.7612,,,,1.909709,2.461159,0,-1.75407,0,13.51989,89,87.5,35.1806027,,35.1811589,,14.4,14.4,-30,14.2013,14.2444,14.5572,,15.82548548,1.54,44,13.6,52,6.8,6.1,7.9,5.7,7.8,30,,4305.41,15.91
underway_1200.33923003,33923003,201011040,2011-03-19T20:00:00,20110319200000,MULTIPOINT ((-44.4873 144.8768)),144.8768,-44.4873,245.3,245.981,246.80786133,,12.7,3.06,-2.6,2.19,-1.94,0,0,1015.95,,,43.0496842,,35.39,,1.4022,4.137,218.73338003,277.79,0,-8,364.6848,366.6508,,,,1.909709,2.461159,0,-1.75407,0,13.51989,88.8,87.7,34.95280721,,34.95528173,,14.2,14.2,-30,14.208,14.2378,14.1343,,15.18428012,1.86,45,17.8,52,11.1,6.6,6.9,6.3,6.7,30,,4185.35,15.31
underway_1200.33923123,33923123,201011040,2011-03-19T20:20:00,20110319202000,MULTIPOINT ((-44.5256 144.7922)),144.7922,-44.5256,232.6,233.162,233.41003418,,13.1,1.17,0,0.14,-0.96,0,0,1015.93,,,42.9687173,,35.41,8.52,1.189,4.13,219.35518212,278.63,0,-8,365.1209,367.1535,,,,5.092558,4.922318,0,1.75407,0,13.51989,90.7,88.6,34.98197584,,34.98826991,,14.1,14.1,-30,14.1018,14.1313,14.0038,,15.06511068,2.55,43,7.1,54,357.9,6.1,7.1,6,7.1,20,,4206.37,15.19
underway_1200.33923243,33923243,201011040,2011-03-19T20:40:00,20110319204000,MULTIPOINT ((-44.5697 144.7113)),144.7113,-44.5697,233.3,232.339,233.22875977,,13.2,2.07,-0.34,0.54,-2.18,0,10,1016.02,,,42.9654296,,35.37,8.595,1.066,4.13,219.86323327,279.21,0,-8,365.7,366.7965,,,,14.6411,15.38224,7.345496,5.262212,0,13.51989,91.2,89.3,34.95347619,,34.95584025,,14,14,-30,14.0222,14.0648,14.1591,,15.09797918,5.63,43,13.1,48,6.7,7.7,5.8,7.5,5.8,20,,3857.3,15.21
underway_1200.33923363,33923363,201011040,2011-03-19T21:00:00,20110319210000,MULTIPOINT ((-44.6125 144.6283)),144.6283,-44.6125,233.3,232.202,232.85522461,,13.1,1.39,-0.52,0.27,-2.35,0,50,1015.94,,,43.82005377,,35.32,8.533,1.0004,4.13,214.98071897,272.88,0,-8,366.8502,366.9751,,,,32.46505,33.84093,14.6904,15.78664,0,13.51989,90.8,89.1,35.07028654,,35.06569317,,14.1,14.1,-30,14.0487,14.0981,14.8204,,15.84060826,6.99,37,14.4,45,7.6,6.3,7.3,5.9,7.3,20,,3638.51,15.89
underway_1200.33923483,33923483,201011040,2011-03-19T21:20:00,20110319212000,MULTIPOINT ((-44.6461 144.5627)),144.5627,-44.6461,233.7,232.55,233.12988281,,13.1,1.62,-0.75,0.36,-2.27,0,100,1015.85,,,43.70957469,,35.49,8.479,0.9758,4.13,214.37532439,272.86,0,-8,367.4564,367.5824,,,,49.01587,51.06905,22.03438,22.80292,0,13.5064,90.2,88.5,35.32492635,,35.3349926,,14.2,14.2,-30,14.1615,14.2111,14.36,,15.42808985,7.1,35,16,42,10.2,6.2,7.5,5.8,7.5,0,,3859.28,15.59
underway_1200.33923603,33923603,201011040,2011-03-19T21:40:00,20110319214000,MULTIPOINT ((-44.6884 144.4813)),144.4813,-44.6884,233.4,231.862,233.20678711,,12.7,2.04,-1.73,1.12,-2.05,0,150,1015.94,,,43.49396349,,35.48,8.506,0.8118,4.142,214.81707757,272.77,0,-8,367.2692,368.3692,,,,72.25066,75.68064,33.05141,35.08141,0,13.51989,89.5,88,35.07536377,,35.07468554,,14.2,14.2,-30,14.314,14.3574,14.4279,,15.50106572,7.1,39,16,46,8.3,7.1,6.1,6.7,6.1,0,,3979.92,15.6
underway_1200.33923723,33923723,201011040,2011-03-19T22:00:00,20110319220000,MULTIPOINT ((-44.7311 144.4025)),144.4025,-44.7311,231.7,231.138,232.06970215,,12.7,1.01,-0.06,0.66,-2.22,0,250,1015.84,,,43.90433312,,35.47,8.749,0.5002,4.131,212.65967096,270.05,0,-8,368.1254,369.2642,,,,107.5803,112.598,49.57792,52.62212,0,13.51315,89.7,87.9,35.19284151,,35.18769035,,14.3,14.3,-30,14.4731,14.5236,14.8331,,15.78842073,7.1,29,23.4,33,19.5,7.1,6.7,7,6.5,0,,4119.84,15.87
underway_1200.33923843,33923843,201011040,2011-03-19T22:20:00,20110319222000,MULTIPOINT ((-44.7747 144.3258)),144.3258,-44.7747,230.9,231.788,232.49267578,,12.5,2.5,-1.89,0.43,-1.89,0,370,1015.72,,,43.95028829,,35.44,8.511,0.5084,4.131,212.46192138,269.9,0,-8,371.2112,370.3754,,,,162.6436,168.897,78.95693,80.68724,0,13.5064,88.5,87.9,35.15688528,,35.1568284,,14.4,14.4,-30,14.6718,14.7295,14.8316,,15.86933249,7.1,36,18.8,40,13,7.7,5.5,7.4,5.5,0,,3665.46,15.96
underway_1200.33923963,33923963,201011040,2011-03-19T22:40:00,20110319224000,MULTIPOINT ((-44.8182 144.2501)),144.2501,-44.8182,230.9,232.412,232.78381348,,12.7,0.95,-0.17,0.34,-1.65,0,540,1015.49,,,43.74018227,,35.41,,0.6478,4.135,214.30238209,272.18,0,-8,370.8425,371.0245,,,,249.8536,260.2676,123.034,129.8012,0,13.49966,88.6,87.5,35.12945667,,35.13271762,,14.5,14.5,-30,14.9761,15.048,14.5985,,15.68468561,7.1,34,14.1,41,7.4,6.3,6.9,6,6.9,0,,0,15.79
underway_1200.33924083,33924083,201011040,2011-03-19T23:00:00,20110319230000,MULTIPOINT ((-44.8626 144.1761)),144.1761,-44.8626,228.8,230.949,231.72912598,,12.3,2.04,-1.27,1.24,-2.88,0,1250,1015.67,,,43.51366238,,35.49,8.516,0.5494,4.132,214.48720484,272.48,0,-8,322.2835,322.9041,,,,558.2716,476.5419,339.6886,294.6838,0,13.49292,89.5,88.4,35.08679038,,35.08907556,,14.7,14.6,-30,15.6764,15.6841,14.5285,,15.50486445,7.1,43,4.7,48,357.6,7,5.4,6.7,5.6,0,,4753.15,15.62
underway_1200.33924203,33924203,201011040,2011-03-19T23:20:00,20110319232002,MULTIPOINT ((-44.9078 144.1025)),144.1025,-44.9078,231.4,231.832,232.93762207,,12.8,1.23,0,0,-1.43,0,1500,1015.32,,,42.90636125,,35.51,8.518,0.6888,4.127,218.5507006,277.91,0,-8,319.5285,324.4101,,,,758.7911,777.111,438.8378,452.5502,0,13.46594,89.7,88.6,35.07290263,,35.07852943,,14.6,14.5,-30,17.0076,16.742,13.8936,,14.90129966,7.1,52,357.3,57,351.3,7.1,5.6,7.1,5.7,0,,4396.8,15.08
underway_1200.33924323,33924323,201011040,2011-03-19T23:40:00,20110319234002,MULTIPOINT ((-44.9519 144.0248)),144.0248,-44.9519,232.9,231.418,232.23999023,,12.3,1.52,-0.54,1.83,-4.23,0,1350,1015.36,,,42.68314226,,35.55,8.623,0.6478,4.122,219.59681042,279.21,0,-8,317.4171,322.9236,,,,807.7939,852.1762,466.3838,505.1724,0,13.44909,90.5,89.4,35.0504297,,35.06496406,,14.5,14.5,-30,17.5349,17.2503,13.733,,14.68945387,7.1,44,17.8,46,15.6,7.9,4.7,7.9,4.6,0,,5502.72,14.88
underway_1200.33924443,33924443,201011040,2011-03-20T00:00:00,20110320000002,MULTIPOINT ((-44.9956 143.9441)),143.9441,-44.9956,231.8,232.135,232.6574707,,13,2.12,-0.27,0.4,-2.44,0,1390,1015.19,,,42.54963065,,35.57,8.466,0.5248,4.136,219.63251213,279.18,0,-8,322.9877,330.1366,,,,1081.121,1171.76,569.2038,610.4166,0,13.42549,90.7,88.9,34.92839481,,34.92845962,,14.4,14.5,-30,17.6309,17.7744,13.7119,,14.70482689,7.1,37,33.7,38,33.9,9.8,4.3,9.8,4.2,0,,4760.06,14.86
underway_1200.33924563,33924563,201011040,2011-03-20T00:20:00,20110320002002,MULTIPOINT ((-45.0403 143.8637)),143.8637,-45.0403,232.1,231.779,232.43225098,,13.1,2.18,-2.1,0,-2.11,0,950,1015.15,,,42.51462348,,35.48,8.442,0.533,4.126,221.65352872,281.66,0,-8,322.6299,322.0668,,,,664.167,716.1217,324.997,336.7816,0,13.40526,89.5,87.9,34.96706446,,34.97109185,,15,14.7,-30,18.6465,19.0172,13.5671,,14.6217718,7.1,46,34,45,42.9,11.4,2.3,11.8,2.1,0,,4792.07,14.78
underway_1200.33924683,33924683,201011040,2011-03-20T00:40:00,20110320004002,MULTIPOINT ((-45.0845 143.7829)),143.7829,-45.0845,232.9,231.636,232.52563477,,12.9,2.36,-1.54,0,-2.06,0,1020,1014.87,,,42.61638212,,35.44,8.502,0.4674,,221.53905064,281.56,0,-8,319.5799,323.6232,,,,801.5805,911.0964,425.9848,435.0096,0,13.38503,86.8,87.1,34.96774214,,34.9696846,,15,14.6,-30,19.1768,19.4819,13.5188,,14.72711169,7.1,36,55.3,37,62.8,11,3.9,11.6,3.6,0,,4793.49,14.87
underway_1200.33924803,33924803,201011040,2011-03-20T01:00:00,20110320010000,MULTIPOINT ((-45.1279 143.7022)),143.7022,-45.1279,232.3,231.666,232.63549805,,12.9,2.48,-1.5,0,-2.37,0,1390,1014.59,,,42.44135617,,35.58,8.369,0.3444,4.119,222.31054411,283.32,0,-8,348.7734,354.0337,,,,805.9708,863.0848,407.6234,442.0258,0,13.37829,87.1,86.8,35.2439665,,35.25022802,,14.7,14.4,-30,18.2808,18.9692,13.3421,,14.23981589,7.1,36,49.4,36,54,10.7,3.9,11.1,3.8,0,,4786.18,14.46
underway_1200.33924923,33924923,201011040,2011-03-20T01:20:00,20110320012000,MULTIPOINT ((-45.1713 143.6224)),143.6224,-45.1713,232.8,232.644,233.42102051,,12.7,3.83,-2.4,0.82,-3,0,1410,1014.63,,,41.11848574,,35.73,8.53,0.2624,4.134,226.91322703,288.41,0,-8,331.5607,335.9737,,,,1191.581,1464.6,670.1917,748.9881,0,13.38503,88.6,87.5,34.67150567,,34.67726722,,14.4,14.3,-30,17.7236,18.8156,12.6587,,13.51093348,4.91,36,49.9,37,55,10.6,4.1,11,3.9,4,,4756.99,13.74
underway_1200.33925043,33925043,201011040,2011-03-20T01:40:00,20110320014000,MULTIPOINT ((-45.2153 143.5413)),143.5413,-45.2153,232.1,231.227,232.56958008,,13.2,2.55,-1.39,1.33,-3.45,0,1170,1014.18,,,41.66991635,,35.68,8.466,0.2542,4.128,224.05697494,284.9,0,-8,327.0146,326.085,,,,986.0323,1274.208,574.7124,594.63,0,13.38166,88.7,87.8,34.77227155,,34.77265785,,14.7,14.3,-30,18.7098,19.726,12.958,,13.9754511,4.25,42,71,41,96,12.7,2.2,13.7,2.4,4,,4700.14,14.15
underway_1200.33925163,33925163,201011040,2011-03-20T02:00:00,20110320020000,MULTIPOINT ((-45.2608 143.4602)),143.4602,-45.2608,231.7,231.789,232.73986816,,13.2,1.6,-0.1,0.77,-2.61,0,1370,1013.64,,,41.80559481,,35.58,8.401,0.328,4.123,224.97132494,286.03,0,-8,337.5638,331.3885,,,,1354.482,1573.741,684.8809,784.0695,0,13.37154,85.8,87.3,34.83161179,,34.83090867,,15.4,14.4,-30,20.0378,19.7138,13.0051,,14.05075526,7.1,45,88,42,99,13.4,1.4,13.9,2.2,0,,4606.46,14.22
underway_1200.33925283,33925283,201011040,2011-03-20T02:20:00,20110320022000,MULTIPOINT ((-45.3064 143.3797)),143.3797,-45.3064,230.5,231.223,232.36633301,,13,2.14,-1.11,0.4,-3.32,0,1640,1013.19,,,41.75198277,,35.56,8.531,0.2624,4.123,225.64838951,286.82,0,-8,349.5937,349.7638,,,,1526.934,1554.054,752.818,785.8236,0,13.35806,82.5,86.2,34.82157223,,34.82808205,,15.8,15,-30,20.9066,20.1097,12.8837,,13.99874987,7.1,49,146.4,45,141.2,13.6,0.8,15.1,2.7,0,,4817.66,14.18
underway_1200.33925403,33925403,201011040,2011-03-20T02:40:00,20110320024000,MULTIPOINT ((-45.3499 143.2971)),143.2971,-45.3499,232,232.981,233.94287109,,13.2,1.36,0,0,-1.21,0,1270,1012.9,,,40.5255116,,35.81,8.407,0.1476,,230.1699466,292.74,0,-8,327.7184,325.256,,,,608.6737,666.1361,365.3922,336.7816,0,13.35806,81.7,83.4,34.59662543,,34.6029622,,15,14.6,-30,20.0772,19.2011,11.955,,12.97627751,7.1,42,105.3,40,120.4,14.2,2.7,15.7,4,0,,4718.59,13.23
underway_1200.33925523,33925523,201011040,2011-03-20T03:00:00,20110320030000,MULTIPOINT ((-45.3949 143.2152)),143.2152,-45.3949,231.5,232.542,233.41552734,,13.2,1.46,-0.82,0.77,-3.15,0,1790,1012.69,,,40.51566093,,35.79,8.503,0.123,4.121,230.63061774,293.23,0,-8,363.2145,358.1165,,,,1024.214,1132.981,506.7751,561.3026,0,13.35806,82.1,82.9,34.56835286,,34.570513,,14.6,14.1,-30,19.5906,18.1663,11.9244,,13.00149484,7.1,36,101.1,38,114.2,14.6,4.1,15.5,4.3,0,,4507.39,13.22
underway_1200.33925643,33925643,201011040,2011-03-20T03:20:00,20110320032000,MULTIPOINT ((-45.4397 143.1332)),143.1332,-45.4397,232.3,232.672,233.43200684,,13.1,1.42,-1.74,0.37,-2.9,0,1880,1012.35,,,40.53316526,,35.78,,0.1148,4.119,230.78783296,293.41,0,-8,349.2317,351.958,,,,1277.165,1333.498,631.6327,701.6283,0,13.35806,82,85.2,34.57246961,,34.57279201,,14.7,13.7,-30,19.0779,17.4476,11.9686,,13.01725093,7.1,37,62.7,38,73.6,12,3.5,12.6,3.2,0,,4588.8,13.22
underway_1200.33925763,33925763,201011040,2011-03-20T03:40:00,20110320034000,MULTIPOINT ((-45.484 143.0509)),143.0509,-45.484,232.6,233.011,233.79455566,,13,1.7,-0.16,0.67,-1.49,0,1710,1011.99,,,40.52549687,,35.74,8.571,0.1968,4.113,231.10047731,293.69,0,-8,333.7976,331.7678,,,,1217.347,1225.858,631.6327,629.7071,0,13.37154,82.9,85.2,34.51223122,,34.50085956,,14.6,13.7,-30,18.8413,18.4498,12.0188,,13.08810833,7.1,40,85.7,41,97,13.1,2.9,13.7,2.8,0,,4686.34,13.27
underway_1200.33925883,33925883,201011040,2011-03-20T04:00:00,20110320040000,MULTIPOINT ((-45.5286 142.9685)),142.9685,-45.5286,233.3,232.661,233.55834961,,13.3,1.31,-1.07,0,-2.11,0,1970,1011.55,,,40.46973174,,35.81,8.408,0.2296,4.115,231.82674255,295.03,0,-8,347.8474,334.1441,,,,977.4414,712.2648,593.0738,426.238,0,13.37154,82.1,85,34.71856667,,34.70099366,,14.7,13.7,-30,19.3671,18.107,11.4535,,12.81134701,7.1,38,83,40,98.3,13.3,3.4,14.2,3.3,0,,4678.66,13.02
underway_1200.33926003,33926003,201011040,2011-03-20T04:20:00,20110320042000,MULTIPOINT ((-45.5729 142.885)),142.885,-45.5729,232.9,232.109,233.21228027,,13.1,1.94,-1.29,0,-1.38,0,1310,1011.47,,,39.86693263,,35.87,8.459,0.2706,,234.89108351,298.84,0,-8,371.3704,378.2443,,,,666.2638,696.8877,328.6693,343.7864,0,13.37154,83.8,85.9,34.53494754,,34.53641439,,13.6,13.3,-30,18.539,17.9224,11.2421,,12.3602898,7.1,30,48.9,31,54.2,10.4,5.3,10.9,5,0,,4491.2,12.6
underway_1200.33926123,33926123,201011040,2011-03-20T04:40:00,20110320044000,MULTIPOINT ((-45.6165 142.8015)),142.8015,-45.6165,233.3,232.793,233.99230957,,13.1,1.93,-0.74,0.07,-1.79,0,960,1011.13,,,39.87240688,,35.89,8.492,0.3526,4.111,234.68656078,298.78,0,-8,355.5622,358.5396,,,,418.0853,443.474,205.6478,217.5026,0,13.38503,,87.2,34.56666484,,34.56886914,,,12.9,-30,16.2367,16.6952,11.2326,,12.33085527,2.66,36,67.6,37,75.8,12,3.9,12.6,3.6,4,,4419.84,12.58
underway_1200.33926243,33926243,201011040,2011-03-20T05:00:00,20110320050000,MULTIPOINT ((-45.661 142.7191)),142.7191,-45.661,232.2,0,233.73962402,,13.1,0,0,0,0,0,1140,1011.1,,,40.03759303,,35.91,8.516,0.5002,4.109,233.072942,296.7,0,-8,367.3537,368.2019,,,,306.0868,321.6878,143.219,154.3565,0,13.39852,87.1,88.1,34.58164599,,34.5708458,,13.2,12.7,-30,15.0754,15.3198,11.3433,,12.50171572,2.76,38,79.9,38,93.5,13,3.3,13.7,3.3,4,,4620.29,12.72
underway_1200.33926363,33926363,201011040,2011-03-20T05:20:00,20110320052000,MULTIPOINT ((-45.7055 142.6365)),142.6365,-45.7055,231.4,226.078,233.3770752,,13.1,0,0,0,0,0,1330,1010.82,,,40.16449485,,35.91,8.445,0.41,4.113,232.16566656,295.46,0,-8,368.8223,369.1224,,,,415.2217,436.093,201.9756,215.7507,0,13.412,88.3,88.9,34.590738,,34.58790521,,12.9,12.5,-30,14.2282,14.4973,11.4689,,12.61591273,2.61,28,63.6,31,73.1,11.8,5.3,12.7,4.8,4,,4632.36,12.82
underway_1200.33926483,33926483,201011040,2011-03-20T05:40:00,20110320054000,MULTIPOINT ((-45.7505 142.5541)),142.5541,-45.7505,232.1,232.78,233.67919922,,12.9,1.91,0,0,-1.35,0,1900,1010.76,,,40.05838236,,35.93,8.48,0.3854,4.12,232.79921198,296.39,0,-8,368.9564,370.7756,,,,586.0831,609.5462,304.7995,317.4868,0,13.42549,89,89,34.60186029,,34.60039636,,12.9,12.5,-30,14.4403,14.0053,11.3808,,12.49139682,3.14,18,56,21,63.3,11,7.2,11.8,6.6,4,,4379.9,12.71
underway_1200.33926603,33926603,201011040,2011-03-20T06:00:00,20110320060000,MULTIPOINT ((-45.7949 142.4705)),142.4705,-45.7949,233.1,232.814,233.30566406,,13.3,2.11,-0.33,0.07,-1.8,0,1250,1010.54,,,40.06384927,,35.95,,0.246,4.111,232.33027755,295.72,0,-8,333.3969,332.547,,,,455,458.2428,247.8791,240.3077,0,13.42549,87.6,89,34.57779378,,34.58007026,,13.2,12.5,-30,15.1275,14.2904,11.4428,,12.51917491,2.16,19,63.3,23,71.7,11.9,7.4,12.8,6.8,4,,0,12.73
underway_1200.33926723,33926723,201011040,2011-03-20T06:20:00,20110320062000,MULTIPOINT ((-45.8386 142.3861)),142.3861,-45.8386,233.3,232.662,233.61328125,,13.2,1.47,-0.69,1.08,-1.77,0,630,1010.31,,,40.08135311,,35.94,8.82,0.4756,4.117,232.48191622,295.79,0,-8,338.1393,343.9346,,,,272.7156,287.2455,130.366,140.3256,0,13.42886,88.4,89.4,34.58580501,,34.58378146,,12.7,12.3,-30,14.1404,13.2047,11.442,,12.53345636,1.5,28,65.3,31,71,12,5.5,12.5,5,30,,4559.62,12.73
underway_1200.33926843,33926843,201011040,2011-03-20T06:40:00,20110320064000,MULTIPOINT ((-45.8835 142.3041)),142.3041,-45.8835,231.2,231.949,233.14086914,,13.1,1.16,-0.19,0.05,-2.27,0,460,1010.24,,,40.33734515,,35.92,8.62,0.3936,4.119,230.73392254,293.59,0,-8,347.6532,349.6468,,,,221.489,234.3661,104.6601,115.7686,0,13.43897,89.1,89.9,34.60672114,,34.60398037,,12.8,12.4,-30,13.6604,13.0664,11.6187,,12.77894531,1.35,16,66.8,21,75.9,12.6,7.6,13.5,6.8,30,,4467.46,12.96
underway_1200.33926963,33926963,201011040,2011-03-20T07:00:00,20110320070000,MULTIPOINT ((-45.9287 142.2233)),142.2233,-45.9287,230.7,231.977,233.2232666,,12.9,1.54,0,0.48,-2.65,0,250,1010.14,,,40.36908209,,35.92,8.481,0.5576,4.116,230.8825502,293.85,0,-8,370.6648,371.6729,,,,123.4874,128.2586,56.92039,59.6384,0,13.43897,90.3,90.5,34.67891407,,34.68384133,,12.7,12.6,-30,13.2545,12.9646,11.6565,,12.72517191,1.24,21,86.2,26,101.8,14.8,7.6,16.1,7,30,,4398.06,12.93
underway_1200.33927083,33927083,201011040,2011-03-20T07:20:00,20110320072000,MULTIPOINT ((-45.9731 142.1432)),142.1432,-45.9731,231.2,232.585,233.58581543,,12.6,1.64,-0.32,0,-1.56,0,170,1009.99,,,40.46207075,,35.93,8.549,0.492,4.132,230.00272995,292.84,0,-8,370.2217,369.9311,,,,89.11949,92.89274,38.56057,42.09769,0,13.43897,90.6,90,34.68542992,,34.67985515,,12.8,12.7,-30,13.1713,13.0413,11.6946,,12.8263572,1.48,19,76.6,23,89.7,13.3,7.3,14.6,6.9,30,,4729.34,13.01
underway_1200.33927203,33927203,201011040,2011-03-20T07:40:00,20110320074000,MULTIPOINT ((-46.0174 142.0646)),142.0646,-46.0174,232,232.608,233.47595215,,12.7,1.48,-0.24,0,-1.67,0,100,1009.91,,,40.38876681,,35.93,8.425,0.492,4.126,230.26111748,292.97,0,-8,361.35,360.6592,,,,52.83529,54.75153,22.03441,24.55699,0,13.43897,91.3,90.4,34.63436028,,34.63436028,,12.8,12.6,-30,13.0178,12.914,11.7037,,12.79949452,1.4,23,95.9,29,111.3,15.6,7.6,16.8,7.1,30,,4478.98,12.99
underway_1200.33927323,33927323,201011040,2011-03-20T08:00:00,20110320080000,MULTIPOINT ((-46.0612 141.9851)),141.9851,-46.0612,231.6,232.639,233.59130859,,12.7,0.9,0,0.63,-2.62,0,50,1009.83,,,40.45988028,,35.91,8.354,0.5904,,230.18636969,292.93,0,-8,359.5995,360.1628,,,,29.91878,31.37447,12.85381,14.03256,0,13.44572,91.1,90.4,34.66469432,,34.66251764,,12.7,12.6,-30,12.8777,12.8204,11.7659,,12.84294356,1.35,25,98.9,27,110.3,15.7,7.2,17,7.5,30,,4457.47,13.03
underway_1200.33927443,33927443,201011040,2011-03-20T08:20:00,20110320082000,MULTIPOINT ((-46.1046 141.9072)),141.9072,-46.1046,231.4,232.665,233.56384277,,12.4,1.05,-0.77,0,-1.84,0,0,1009.8,,,40.46097578,,35.92,8.378,0.5658,4.119,230.10185924,292.74,0,-8,357.4079,358.9405,,,,15.91424,17.53311,7.34526,5.262212,0,13.45246,90.5,89.9,34.67050026,,34.67299915,,12.7,12.6,-30,12.8443,12.7925,11.7472,,12.83267629,1.28,19,88.8,25,101.8,15,8.1,16.1,7.5,30,,4308.95,13.02
underway_1200.33927563,33927563,201011040,2011-03-20T08:40:00,20110320084000,MULTIPOINT ((-46.1478 141.8278)),141.8278,-46.1478,230.9,232.05,233.0255127,,12.5,1.47,-0.15,0.06,-1.55,0,0,1009.7,,,40.48175935,,35.9,,0.6396,4.124,230.18314418,292.91,0,-8,364.1744,364.0758,,,,6.365697,6.152434,0,1.75407,0,13.45246,90.4,89.7,34.6587082,,34.65661609,,12.7,12.6,-30,12.7909,12.7476,11.8097,,12.87215733,1.22,16,84.9,23,101,14.8,8.5,16.4,8,30,,4330.75,13.05
underway_1200.33927683,33927683,201011040,2011-03-20T09:00:00,20110320090000,MULTIPOINT ((-46.1914 141.7478)),141.7478,-46.1914,232.9,232.86,233.64624023,,12.9,1.97,-0.73,0.23,-2.05,0,0,1009.62,,,40.33954876,,35.95,8.491,0.7216,4.115,230.95695842,294.1,0,-8,374.4231,375.1608,,,,2.546279,2.461091,0,0,0,13.45246,90.2,89.5,34.71223864,,34.71384266,,12.7,12.6,-30,12.8244,12.8116,11.5201,,12.66185463,1.19,8,76.6,17,94,15,10.7,17,9.9,30,,4221.7,12.86
underway_1200.33927803,33927803,201011040,2011-03-20T09:20:00,20110320092000,MULTIPOINT ((-46.2357 141.6658)),141.6658,-46.2357,232.2,232.295,233.38256836,,13,1.39,-0.67,0,-1.84,0,0,1009.87,,,40.28264963,,35.94,8.506,0.8774,4.115,231.16216044,294.23,0,-8,373.2745,373.9708,,,,1.909709,2.461158,0,0,0,13.4592,90.4,89.5,34.6318757,,34.62857079,,12.6,12.6,-30,12.7976,12.7898,11.6814,,12.69510355,1.27,359,68.6,8,80.2,14.4,12.3,15.7,11,30,,0,12.87
underway_1200.33927923,33927923,201011040,2011-03-20T09:40:00,20110320094000,MULTIPOINT ((-46.2801 141.5822)),141.5822,-46.2801,232.8,232.309,233.24523926,,13.3,1.14,-0.24,0.07,-1.92,0,0,1010.22,,,40.41286052,,35.99,8.021,0.902,,230.55776375,293.82,0,-8,369.3341,369.9678,,,,1.909709,2.153512,0,0,0,13.46594,91.1,89.6,34.82825247,,34.81654121,,12.3,12.3,-30,12.624,12.6426,11.2074,,12.627005,1.08,306,24.2,303,19.8,7.2,16.8,5.8,16.1,30,,4702.46,12.81
underway_1200.33928043,33928043,201011040,2011-03-20T10:00:00,20110320100000,MULTIPOINT ((-46.3239 141.4975)),141.4975,-46.3239,233.8,232.663,233.4979248,,13.2,0.68,-1.01,0,-1.74,0.009,0,1010.46,,,40.09228046,,35.95,8.355,0.8528,4.132,231.99114075,295,0,-8,371.5986,372.0103,,,,1.909709,2.153514,0,-1.75407,0,13.46594,89.7,88.4,34.51237963,,34.49740881,,12.6,12.6,-30,12.2896,12.6224,11.6208,,12.63888756,0.54,310,33,316,35.3,10.5,18.7,10.3,17.7,30,,3691.01,12.78
underway_1200.33928163,33928163,201011040,2011-03-20T10:20:00,20110320102000,MULTIPOINT ((-46.3676 141.4116)),141.4116,-46.3676,232.8,232.151,233.35510254,,13.1,1.27,-0.16,0,-1.78,0.011,0,1010.67,,,40.50911753,,35.94,8.867,0.9102,4.117,229.96018781,292.72,0,-8,368.9648,369.5778,,,,1.909709,2.461159,0,-1.75407,0,13.47269,93.6,91,34.71994982,,34.71398726,,12.3,12.4,-30,12.3632,12.5688,11.7574,,12.83820501,0.656,301,19.9,295,15.1,6.1,16.4,4.8,15.9,30,,4627.2,12.99
underway_1200.33928283,33928283,201011040,2011-03-20T10:40:00,20110320104000,MULTIPOINT ((-46.4112 141.3274)),141.3274,-46.4112,232.9,232.606,233.45397949,,13.1,0.64,-0.22,0,-1.91,0.019,0,1010.63,,,40.46973975,,35.96,8.603,0.984,4.125,230.27500283,293.25,0.026,-8,370.0276,371.4213,,,,1.909709,1.845869,0,-1.75407,0,13.47269,95.2,92.4,34.75967116,,34.75707246,,12.2,12.2,-30,12.1825,12.3071,11.7218,,12.75048233,0.511,340,21.7,344,18.7,4.9,12.6,4.2,12.2,51,,4478.21,12.91
underway_1200.33928403,33928403,201011040,2011-03-20T11:00:00,20110320110000,MULTIPOINT ((-46.455 141.2427)),141.2427,-46.455,233.5,232.593,233.43200684,,13.2,1.54,-0.4,0,-2.44,0.022,0,1010.41,,,40.58350893,,35.94,8.747,0.8856,4.133,229.27555866,291.91,0,-8,369.0204,369.3076,,,,1.909709,2.153514,0,-1.75407,0,13.47606,95.7,93.1,34.70851524,,34.70819491,,12.2,12.2,-30,12.1825,12.3138,11.8573,,12.9218709,0.681,5,25.7,9,24.4,6,10.3,5.9,10,30,,4740.1,13.07
underway_1200.33928523,33928523,201011040,2011-03-20T11:20:00,20110320112000,MULTIPOINT ((-46.4994 141.1566)),141.1566,-46.4994,232.8,231.784,233.09692383,,13.3,1.05,-0.09,0,-2.22,0.022,0,1010.25,,,40.56053498,,35.96,8.577,0.8938,4.109,229.04055351,291.61,0,-8,370.5914,372.2351,,,,1.909709,2.153514,0,-1.75407,0,13.47943,96.3,93.9,34.70703119,,34.709443,,12.3,12.4,-30,12.2896,12.4615,11.8211,,12.8966241,0.707,350,36.7,355,40.1,8.2,12,8.8,11.3,30,,4404.48,13.06
underway_1200.33928643,33928643,201011040,2011-03-20T11:40:00,20110320114000,MULTIPOINT ((-46.5442 141.0721)),141.0721,-46.5442,232.5,232.166,233.20678711,,13.3,1.6,-0.52,0,-2.63,0.022,0,1010.33,,,40.67212858,,35.92,8.545,0.9676,4.124,229.02512863,291.48,0,-8,368.7125,368.9343,,,,1.909742,2.461206,0,-1.75407,0,13.47943,96.7,,34.73959214,,34.74136025,,12.2,,-30,12.3153,12.4468,11.9315,,12.97785387,0.707,340,26.4,345,24.8,6.1,12.9,5.7,12.3,30,,4784.64,13.13
underway_1200.33928763,33928763,201011040,2011-03-20T12:00:00,20110320120000,MULTIPOINT ((-46.589 140.9873)),140.9873,-46.589,232,232.675,233.4979248,,13.3,1.67,-0.4,1.13,-2.99,0.022,0,1010,,,40.67103744,,35.95,8.349,0.8938,4.119,228.68512759,291.17,0,-8,355.9235,358.4145,,,,1.909727,2.153552,0,-1.75407,0,13.47943,97.2,95.1,34.75706807,,34.76133237,,12.2,12.2,-30,12.1818,12.2858,11.9427,,12.95499314,1.28,356,22.1,2,18.8,5.2,11.2,4.7,10.8,30,,4582.97,13.11
underway_1200.33928883,33928883,201011040,2011-03-20T12:20:00,20110320122000,MULTIPOINT ((-46.6335 140.9029)),140.9029,-46.6335,233,232.4,232.97607422,,13.1,1.17,-0.44,0,-2.02,0.022,0,1009.99,,,40.80998049,,35.89,,1.0332,4.121,228.58190238,291.07,0,-8,353.8768,356.1126,,,,1.90971,2.153625,0,-1.75407,0,13.4798,97.3,95.3,34.77476001,,34.77724696,,12.2,12.2,-30,12.1757,12.2569,12.0386,,13.08181288,1.6,298,15,287,9.7,4.6,15.6,3.3,15.3,30,,0,13.23
underway_1200.33929003,33929003,201011040,2011-03-20T12:40:00,20110320124000,MULTIPOINT ((-46.6777 140.8183)),140.8183,-46.6777,232.5,232.259,233.20678711,,13.1,0.64,-0.09,0,-1.96,0.022,0,1010.24,,,40.87779961,,35.9,6.545,0.7134,4.138,227.4766498,289.44,0,-8,362.4484,364.2277,,,,1.90971,2.461451,0,-1.75407,-204.785,13.47948,97.7,,34.71138665,,34.70268688,,12.1,,-30,12.0819,12.1653,12.2162,,13.23352901,1.8,293,11.8,277,5.9,4.1,15.5,2.8,15.2,30,,4634.52,13.35
underway_1200.33929123,33929123,201011040,2011-03-20T13:00:00,20110320130000,MULTIPOINT ((-46.7225 140.7343)),140.7343,-46.7225,230.8,344.047,233.50891113,,13.1,0,0,0,0,0.022,0,1010.36,,,40.92375546,,35.9,3.692,0.7462,4.125,227.33065482,289.3,0,-8,368.5265,369.5658,,,,1.909713,2.461446,0,-1.75407,0,13.47944,97.6,95.2,34.74874797,,34.74627244,,12,12.1,-30,12.0885,12.1587,12.2264,,13.23352901,1.83,267,7.3,244,0.5,5.1,17.5,4.3,17.3,30,,4228.61,13.36
underway_1200.33929243,33929243,201011040,2011-03-20T13:20:00,20110320132000,MULTIPOINT ((-46.7677 140.6503)),140.6503,-46.7677,231.5,232.274,233.20129395,,13,1.25,-0.17,0,-1.37,0.022,0,1010.28,,,40.91172001,,35.9,8.64,0.7626,4.125,227.34648007,289.33,0,-8,354.2482,356.4428,,,,1.90972,1.846174,0,-1.75407,0,13.47944,97.8,95.3,34.73876867,,34.73916819,,12,12,-30,12.0548,12.1154,12.166,,13.22881752,2.04,226,356.6,204,348.8,6.5,19.6,7,19.6,20,,4263.04,13.36
underway_1200.33929363,33929363,201011040,2011-03-20T13:40:00,20110320134000,MULTIPOINT ((-46.812 140.5678)),140.5678,-46.812,231.9,232.531,233.3605957,,12.8,1.25,0,0.14,-0.93,0.022,0,1010.25,,,40.85263996,,35.92,5.409,0.738,4.121,227.39387785,289.38,0,-8,342.418,347.2639,,,,1.909712,2.461543,0,-1.75407,0,13.47944,96.3,94.4,34.7240796,,34.7240796,,11.9,11.9,-30,11.7195,11.7997,12.156,,13.18404215,2.26,236,359.9,210,352.7,4.8,17.7,5.1,17.7,20,,4396.8,13.32
underway_1200.33929483,33929483,201011040,2011-03-20T14:00:00,20110320140000,MULTIPOINT ((-46.8568 140.4843)),140.4843,-46.8568,232.6,233.044,233.41552734,,13.3,1,0,0.07,-1.8,0.022,0,1010.39,,,40.88765511,,35.92,8.438,0.8446,4.128,227.41276941,289.36,0,-8,326.1175,332.1798,,,,1.909767,2.461576,0,-1.75407,0,13.4862,96.1,94.3,34.76685713,,34.76597094,,11.8,11.9,-30,11.6841,11.7921,12.116,,13.17461202,2.2,229,358.7,188,350.7,2.6,15.9,3.4,15.9,20,,4006.74,13.31
underway_1200.33929603,33929603,201011040,2011-03-20T14:20:00,20110320142000,MULTIPOINT ((-46.9021 140.3993)),140.3993,-46.9021,232.8,233.274,233.53088379,,13.1,1.54,-0.7,0,-1.72,0.022,0,1010.38,,,40.87234132,,35.94,9.097,0.7872,4.113,227.40975057,289.49,0,-8,305.0398,312.8726,,,,1.909748,2.461576,0,-1.75407,0,13.48638,96.6,94.7,34.78411418,,34.78458258,,11.8,11.8,-30,11.6982,11.7988,12.082,,13.13845109,3.92,240,0.9,214,354,4.8,17.9,4.9,17.8,10,,4342.27,13.27
underway_1200.33929723,33929723,201011040,2011-03-20T14:40:00,20110320144000,MULTIPOINT ((-46.947 140.3142)),140.3142,-46.947,232.6,232.979,233.61328125,,13.2,1.38,0,0.64,-1.15,0.022,0,1010.26,,,40.76950451,,35.98,8.28,0.697,4.125,227.62481582,289.87,0,-8,302.9094,310.7046,,,,1.90974,2.461576,0,-1.75407,0,13.48622,96.5,94.6,34.78935302,,34.79801751,,11.7,11.7,-30,11.4834,11.5899,11.9987,,13.01725093,4.54,242,1.9,218,354.7,5.9,19,5.9,19,10,,4089.6,13.17
underway_1200.33929843,33929843,201011040,2011-03-20T15:00:00,20110320150000,MULTIPOINT ((-46.9922 140.229)),140.229,-46.9922,232.1,232.779,233.58032227,,13.2,0.98,-0.27,0,-1.87,0.022,0,1010.49,,,40.85154745,,35.92,,0.8364,,227.64013197,289.64,0,-8,294.6756,302.9358,,,,1.909742,2.461576,0,-1.75407,0,13.48667,96.5,95.1,34.73303396,,34.73455463,,11.6,11.6,-30,11.4496,11.5427,12.0735,,13.17146835,4.46,241,1.2,220,354.4,6.2,19.3,6.2,19.3,10,,4135.39,13.29
underway_1200.33929963,33929963,201011040,2011-03-20T15:20:00,20110320152000,MULTIPOINT ((-47.0372 140.1436)),140.1436,-47.0372,232.5,232.461,233.27270508,,13.3,1.54,-0.82,0.45,-1.6,0.022,0,1010.69,,,40.66884452,,35.97,8.369,0.7544,4.129,228.23487855,290.62,0,-8,286.1562,295.0465,,,,1.90971,2.461555,0,-1.75407,0,13.49315,93.7,92.6,34.72664594,,34.72736961,,11.4,11.4,-30,11.1678,11.2664,11.9537,,12.98967538,4.93,238,1.2,223,354.7,10,23.2,10,23.1,4,,4049.49,13.13
underway_1200.33930083,33930083,201011040,2011-03-20T15:40:00,20110320154000,MULTIPOINT ((-47.0808 140.0591)),140.0591,-47.0808,231.8,232.409,233.0255127,,13,0.87,0,0,-1.49,0.022,0,1010.64,,,40.74105047,,35.97,8.467,0.7052,4.119,227.70323031,289.95,0,-8,286.5551,294.6921,,,,1.909779,2.153876,0,-1.75407,0,13.49386,92,90.7,34.73216587,,34.73256848,,11.4,11.4,-30,11.0509,11.1983,12.027,,13.05898698,4.88,241,2.7,227,356.5,9.5,22.4,9.2,22.2,4,,3739.39,13.19
underway_1200.33930203,33930203,201011040,2011-03-20T16:00:00,20110320160000,MULTIPOINT ((-47.1255 139.9753)),139.9753,-47.1255,232.5,233.023,233.73413086,,13.3,0.79,0,0.2,-2.33,0.022,0,1010.96,,,40.73230169,,35.96,8.364,0.8036,4.128,228.17461609,290.56,0,-8,287.557,293.6215,,,,1.909809,2.461543,0,-1.75407,0,13.49482,91.1,90.3,34.75652645,,34.75603728,,11.4,11.4,-30,11.0498,11.1991,11.9107,,13.02433998,4.58,226,356.7,208,349.6,8,21.2,8.5,21.2,4,,5141.76,13.15
underway_1200.33930323,33930323,201011040,2011-03-20T16:20:00,20110320162000,MULTIPOINT ((-47.1703 139.8893)),139.8893,-47.1703,232.2,233.022,233.50891113,,13.2,1.16,-0.42,0,-1.52,0.022,0,1011.01,,,40.71260798,,35.95,8.232,0.7216,4.125,228.43970296,290.78,0,-8,292.7999,297.9916,,,,1.90983,2.153842,-1.836446,-1.75407,0,13.49402,91.2,90,34.74658545,,34.74666997,,11.4,11.5,-30,11.0896,11.2129,11.9808,,13.0141,4.26,233,358.7,216,351.3,9.7,22.9,9.9,22.9,4,,4133.38,13.14
underway_1200.33930443,33930443,201011040,2011-03-20T16:40:00,20110320164000,MULTIPOINT ((-47.2149 139.8049)),139.8049,-47.2149,231.7,232.527,233.24523926,,13,1.06,0,0,-1.34,0.022,0,1011.02,,,40.80997944,,35.95,8.438,0.738,,227.78588948,290.05,0,-8,353.4244,352.8428,,,,1.909795,2.461572,0,-1.75407,0,13.49474,91.2,90.1,34.77395261,,34.77002125,,11.4,11.4,-30,11.32,11.4281,12.0933,,13.08968211,4.47,237,0.6,220,353.3,10.4,23.4,10.4,23.3,4,,4304.64,13.21
underway_1200.33930563,33930563,201011040,2011-03-20T17:00:00,20110320170000,MULTIPOINT ((-47.2592 139.721)),139.721,-47.2592,231.3,232.949,233.64074707,,13,0.8,-0.22,0,-1.54,0.022,0,1011.22,,,40.83295461,,35.96,8.435,0.6888,4.115,227.45184104,289.69,0,-8,361.1772,360.9458,,,,1.909933,2.461576,0,-1.75407,0,13.4942,92,90,34.77310751,,34.77382956,,11.3,11.3,-30,11.2615,11.3334,12.079,,13.10935121,4.41,233,358.4,218,351.3,11.6,24.6,11.7,24.5,4,,4393.73,13.23
underway_1200.33930683,33930683,201011040,2011-03-20T17:20:00,20110320172000,MULTIPOINT ((-47.3046 139.6379)),139.6379,-47.3046,231.7,232.504,233.47595215,,12.8,0.93,0,0.12,-1.46,0.022,0,1011.39,,,40.28157739,,36.03,8.248,0.7954,4.118,230.82489046,294.04,0,-8,362.3547,363.1779,,,,1.909901,2.461618,0,1.754083,0,13.49551,93.7,91.7,34.75149317,,34.78186989,,10.8,10.8,-30,11.1007,11.1431,11.7184,,12.52790282,3.79,223,353.5,208,346.2,12.4,25.1,12.9,25.2,4,,3360,12.72
underway_1200.33930803,33930803,201011040,2011-03-20T17:40:00,20110320174000,MULTIPOINT ((-47.3475 139.5536)),139.5536,-47.3475,233.2,232.427,233.32763672,,13,1.86,-0.45,0.4,-1.35,0.022,0,1011.5,,,40.25312501,,36.05,8.323,0.8364,4.122,230.64359371,293.89,0,-8,355.2146,355.8812,,,,1.909901,2.461569,0,1.754071,0,13.5164,94.8,93,34.71629724,,34.7184955,,9.4,9.5,-30,9.7178,9.7302,11.5327,,12.56676809,1.95,168,319.8,170,320,20.1,28.2,21.6,29.8,30,,3396.63,12.71
underway_1200.33930923,33930923,201011040,2011-03-20T18:00:00,20110320180000,MULTIPOINT ((-47.3894 139.4682)),139.4682,-47.3894,234.8,232.806,233.59680176,,12.9,1.57,-0.38,0.86,-0.64,0.042,0,1012.03,,,39.53662397,,36.33,8.576,0.861,4.112,233.53519118,298.46,0.371,-8,352.922,354.8296,,,,1.910008,2.461672,0,1.754071,0,13.51668,95.2,93.6,34.9039674,,34.94093636,,8.9,8.9,-30,9.0718,9.1037,10.4144,,11.58115272,1.44,158,312,162,313.3,21.6,27.7,22.8,29.4,63,,4641.02,11.84
underway_1200.33931043,33931043,201011040,2011-03-20T18:20:00,20110320182000,MULTIPOINT ((-47.4307 139.3821)),139.3821,-47.4307,234.5,232.28,233.27819824,,12.8,0.83,-0.34,0.93,-0.39,0.068,0,1012.33,,,38.69539154,,36.44,8.58,0.7954,4.116,237.13307439,302.45,0.089,-8,349.9229,352.3753,,,,1.910031,2.461964,1.836446,1.754145,0,13.50966,94.4,93.1,34.55822684,,34.56007942,,8.5,8.6,-30,8.6797,8.6206,9.9843,,11.1007341,1.68,158,312,162,313.7,21.2,27.2,22.3,28.9,61,,2877.7,11.31
underway_1200.33931163,33931163,201011040,2011-03-20T18:40:00,20110320184000,MULTIPOINT ((-47.4718 139.2964)),139.2964,-47.4718,233.7,232.506,233.42651367,,12.7,1.51,0,0.63,-0.72,0.075,0,1012.98,,,38.53787033,,36.46,,0.82,4.117,237.87740337,303.38,0,-8,349.9472,351.3676,,,,1.910088,1.846489,0,-1.754113,0,13.51093,92.4,91.6,34.46745931,,34.46636844,,8.6,8.6,-30,8.6845,8.6338,9.9201,,11.0334447,1.63,156,308.7,160,310.7,22.1,27.6,23.2,29.3,30,,3277.34,11.21
underway_1200.33931283,33931283,201011040,2011-03-20T19:00:00,20110320190000,MULTIPOINT ((-47.5123 139.2118)),139.2118,-47.5123,234,232.652,233.52539062,,12.7,2,-0.49,1.27,-0.73,0.086,0,1013.16,,,38.71069707,,36.4,8.073,0.8364,4.113,237.62132166,303.1,0.179,-8,344.0761,345.4244,,,,1.910252,2.461992,3.673159,1.754282,0,13.49747,90.8,90.4,34.500402,,34.50072975,,7.9,8,-30,8.3205,8.3087,10.0996,,11.18009775,1.6,151,302.5,157,306.5,25.3,29.6,26.3,31.7,62,,3551.52,11.34
underway_1200.33931403,33931403,201011040,2011-03-20T19:20:00,20110320192000,MULTIPOINT ((-47.5532 139.1275)),139.1275,-47.5532,234.4,232.59,233.59130859,,12.6,0.94,0,0.52,-0.46,0.094,0,1013.83,,,38.74789158,,36.4,8.564,0.8036,4.114,237.57175861,303,0,-8,344.2292,345.7299,,,,1.910349,2.154244,0,1.754318,0,13.49728,88.2,88.1,34.52987643,,34.5346586,,7.9,8,-30,8.1512,8.1563,10.2332,,11.1833351,1.89,141,299.4,149,304.9,21.1,23.9,21.4,25.7,30,,3768.32,11.34
underway_1200.33931523,33931523,201011040,2011-03-20T19:40:00,20110320194000,MULTIPOINT ((-47.5938 139.043)),139.043,-47.5938,233.8,231.292,233.34411621,,12.4,0.46,-0.29,0.92,-0.3,0.094,0,1014.39,,,38.77523251,,36.4,8.383,0.6478,4.113,237.15623307,302.38,0,-8,345.6604,346.1327,,,,1.910354,2.461992,-1.83667,-1.754282,0,13.49391,84.4,84.4,34.50207686,,34.49957833,,8.5,8.5,-30,8.6338,8.6612,10.2716,,11.24966647,2.5,162,312.6,165,314.2,22,28.3,23.3,30.1,23,,3623.42,11.39
underway_1200.33931643,33931643,201011040,2011-03-20T20:00:00,20110320200000,MULTIPOINT ((-47.634 138.9599)),138.9599,-47.634,234.1,232.892,233.61328125,,12.3,1.88,-0.39,0.44,-0.63,0.094,0,1014.84,,,38.87915354,,36.4,8.4,0.5986,4.107,236.61534178,301.83,0,-8,331.3482,334.3098,,,,1.910354,2.154244,0,-1.754357,-204.8185,13.4839,79.1,78.8,34.54970185,,34.55111277,,8.4,8.5,-30,8.5925,8.6612,10.2417,,11.30462349,2.66,161,314.4,165,315.7,19.5,25.9,20.8,27.6,23,,3706.19,11.44
underway_1200.33931763,33931763,201011040,2011-03-20T20:20:00,20110320202000,MULTIPOINT ((-47.6742 138.8777)),138.8777,-47.6742,234.9,232.453,233.45397949,,12.3,1.59,-1.05,1.44,-0.66,0.094,0,1015.45,,,38.44161938,,36.49,8.474,0.943,,238.64264731,304.38,0,-8,301.0889,306.2525,,,,1.910354,2.461992,1.83673,1.754342,0,13.47022,73.3,73,34.48753145,,34.49015694,,8.2,8.3,-30,8.3858,8.4263,9.8145,,10.90597803,4.16,162,312.6,166,314.6,23.2,29.2,24.4,31,20,,3975.94,11.07
underway_1200.33931883,33931883,201011040,2011-03-20T20:40:00,20110320204000,MULTIPOINT ((-47.7152 138.7939)),138.7939,-47.7152,233.9,232.275,233.03100586,,12.5,1.63,-0.86,0.56,-1.1,0.094,0,1016.04,,,38.34426891,,36.5,8.595,1.0004,4.117,239.35799732,305.25,0,-8,283.0267,290.4434,,,,5.73106,6.154981,0,1.754441,-204.8283,13.46711,72.1,71.8,34.46219359,,34.46394823,,8.4,8.4,-30,8.3996,8.4885,9.7473,,10.83035819,7.1,160,314.3,164,316,20.6,27.2,21.7,28.8,0,,3726.2,10.98
underway_1200.33932003,33932003,201011040,2011-03-20T21:00:00,20110320210000,MULTIPOINT ((-47.7566 138.7092)),138.7092,-47.7566,233.6,232.909,233.5144043,,12.5,1.1,-0.91,0.23,-0.74,0.094,10,1016.61,,,38.42411427,,36.47,8.566,0.9594,4.111,239.12404978,305.09,0,-8,307.551,311.3185,,,,22.28746,22.77343,9.183666,8.77233,-204.8312,13.46374,68.1,67.7,34.4568094,,34.45658645,,8.4,8.4,-30,8.4685,8.5784,9.8641,,10.92304171,7.1,169,320.8,172,321.9,18.7,26.7,19.9,28.2,0,,3680.05,11.06
underway_1200.33932123,33932123,201011040,2011-03-20T21:20:00,20110320212000,MULTIPOINT ((-47.7979 138.6248)),138.6248,-47.7979,234.7,233.283,233.64074707,,12.7,1.8,-1.24,0.64,-0.26,0.094,140,1017.03,,,38.28630134,,36.52,,0.8528,4.114,239.73414782,305.87,0,-8,315.8454,319.8729,,,,55.7194,56.93357,23.87775,24.56172,0,13.45686,69.7,69.7,34.48359068,,34.48413774,,8.2,8.3,-30,8.3159,8.3572,9.6657,,10.74732235,7.1,166,319.4,170,321,19.1,26.6,20,28,0,,3713.85,10.9
underway_1200.33932243,33932243,201011040,2011-03-20T21:40:00,20110320214000,MULTIPOINT ((-47.839 138.5399)),138.5399,-47.839,234.1,232.818,233.39355469,,12.6,2.37,-0.03,0.43,-0.5,0.094,420,1017.18,,,38.3355169,,36.52,8.553,0.7134,4.105,239.13555227,305.04,0,-8,280.5538,287.6564,,,,118.1236,117.8679,64.28626,59.6504,0,13.44341,67.6,67.6,34.45014331,,34.45058025,,7.9,8,-30,8.1096,8.1493,9.7816,,10.83523946,7.1,160,312.8,165,315.2,21.3,27.6,22.5,29.4,0,,3630.7,10.97
underway_1200.33932363,33932363,201011040,2011-03-20T22:00:00,20110320220000,MULTIPOINT ((-47.8801 138.4546)),138.4546,-47.8801,234.4,232.263,233.44848633,,12.8,1.83,-0.38,1.17,-1.08,0.094,770,1017.67,,,38.39677385,,36.52,8.427,0.4838,4.114,238.88084094,304.76,0,-8,323.9826,329.9912,,,,212.6861,216.0398,123.0604,119.3027,0,13.4435,69.8,68.9,34.49014597,,34.48894113,,7.9,8,-30,8.5305,8.2325,9.7651,,10.85964048,7.1,159,315,163,316.9,18.2,24.7,19.1,26.2,0,,3647.22,10.99
underway_1200.33932483,33932483,201011040,2011-03-20T22:20:00,20110320222000,MULTIPOINT ((-47.9218 138.3681)),138.3681,-47.9218,234.3,232.204,233.20678711,,12.5,1.24,-0.42,0.4,-0.85,0.094,480,1018.06,,,38.33770343,,36.53,8.444,0.5002,,238.88613031,304.74,0,-8,291.8126,297.6786,,,,184.6677,182.8029,90.0004,98.24716,0,13.43001,67.6,66.8,34.44303352,,34.44281078,,7.8,7.9,-30,8.3443,8.2187,9.8035,,10.84581432,7.1,167,320.7,169,320.4,18,25.6,19.3,27,0,,3674.86,10.98
underway_1200.33932603,33932603,201011040,2011-03-20T22:40:00,20110320224000,MULTIPOINT ((-47.9631 138.2818)),138.2818,-47.9631,235.2,233.059,233.81103516,,12.9,2.18,-1.09,1.33,-2.26,0.094,2130,1018.37,,,38.42302298,,36.51,8.398,0.3444,4.154,238.7006487,304.53,0,-8,333.7109,334.8236,,,,655.5698,677.3556,394.8979,428.0834,0,13.41634,68.5,67.2,34.47527417,,34.47538185,,8,8.1,-30,8.6613,8.5507,9.8553,,10.90191461,7.1,165,323.2,167,322.7,15,22.8,16.2,24.1,0,,3623.8,11.03
underway_1200.33932723,33932723,201011040,2011-03-20T23:00:00,20110320230000,MULTIPOINT ((-48.0046 138.195)),138.195,-48.0046,233.7,232.04,233.06945801,,12.8,1.79,-0.89,0.1,-1.04,0.094,690,1018.92,,,38.4809962,,36.48,8.507,0.451,4.112,238.80422896,304.51,0,-8,333.6728,334.9896,,,,280.8221,291.1306,146.9364,150.8868,0,13.41312,66.2,65.1,34.49127128,,34.49203604,,8,8,-30,8.4547,8.371,9.8948,,10.94578655,2.87,178,329.2,177,327.3,15.7,25.2,17.1,26.3,4,,3652.33,11.07
underway_1200.33932843,33932843,201011040,2011-03-20T23:20:00,20110320232000,MULTIPOINT ((-48.0461 138.1092)),138.1092,-48.0461,233.9,232.966,233.58581543,,12.9,1.58,-1.12,0.16,-0.98,0.094,770,1019.01,,,38.53131173,,36.44,8.427,0.3772,4.112,239.00081734,304.97,0,-8,291.9523,297.3012,,,,308.8406,335.7542,163.4699,171.9344,0,13.40287,62,60.7,34.49676956,,34.49796885,,7.8,8,-30,8.372,8.3572,9.9283,,10.99287642,3.24,150,311.8,155,314.1,16.6,22,17.3,23.5,4,,3514.48,11.12
underway_1200.33932963,33932963,201011040,2011-03-20T23:40:00,20110320234000,MULTIPOINT ((-48.0875 138.0235)),138.0235,-48.0875,234.1,232.736,233.03100586,,12.4,1.58,-0.31,0.73,-1.46,0.094,860,1019.47,,,38.49959261,,36.46,8.454,0.3362,4.116,239.01815621,304.84,0,-8,333.3318,335.2783,,,,339.7247,358.5276,176.3231,185.9702,-204.8276,13.40255,65.4,64.3,34.50832659,,34.50603147,,8.2,8.2,-30,8.785,8.6405,9.882,,10.95065945,4.19,180,330.8,179,328.9,15.4,24.9,16.8,26,4,,3531.69,11.08
underway_1200.33933083,33933083,201011040,2011-03-21T00:00:00,20110321000000,MULTIPOINT ((-48.1286 137.9386)),137.9386,-48.1286,233.2,232.281,232.8112793,,12.5,1.9,-1.51,0.16,-0.96,0.094,1240,1019.84,,,38.40661498,,36.48,8.466,0.2706,4.102,239.22207069,305.29,0,-8,313.3585,317.8371,,,,532.9888,548.7165,277.3473,291.2281,0,13.39622,59.3,58.5,34.46508958,,34.46662036,,8,8.1,-30,8.8194,8.5922,9.8915,,10.89378703,5.84,160,323.4,162,322.8,12.6,20.1,13.7,21.3,0,,3631.94,11.03
underway_1200.33933203,33933203,201011040,2011-03-21T00:20:00,20110321002000,MULTIPOINT ((-48.1698 137.8534)),137.8534,-48.1698,233.9,233.017,233.59130859,,12.8,1.73,-0.33,0.46,-0.79,0.094,1260,1019.93,,,38.50396585,,36.45,8.476,0.2542,4.107,239.02613165,304.86,0,-8,327.6016,331.2941,,,,569.9224,592.1091,293.8674,305.2677,0,13.38909,61.8,60.9,34.49270951,,34.49128852,,8.2,8.3,-30,8.8468,8.7026,9.8992,,10.97095938,5.24,164,320.1,168,321.3,17,24.6,17.9,25.9,0,,3524.77,11.1
underway_1200.33933323,33933323,201011040,2011-03-21T00:40:00,20110321004000,MULTIPOINT ((-48.2109 137.7693)),137.7693,-48.2109,233.5,233.552,233.93188477,,12.6,2.36,-1.58,0.46,-1.4,0.094,990,1020.48,,,38.61224926,,36.42,8.45,0.2296,4.132,238.4528953,304.1,0,-8,337.6096,339.6574,,,,415.8204,433.9261,211.2157,221.0577,0,13.38924,60.4,60.4,34.46871248,,34.46739853,,8.2,8.2,-30,9.0322,8.868,10.1322,,11.11126731,5.1,170,326.9,170,325.4,13,21.7,14.2,22.7,0,,3517.44,11.22
underway_1200.33933443,33933443,201011040,2011-03-21T01:00:00,20110321010000,MULTIPOINT ((-48.252 137.6855)),137.6855,-48.252,233.7,233.381,233.72314453,,12.5,1.65,-0.48,0.45,-1.28,0.094,1390,1020.71,,,38.61991641,,36.44,,0.2706,4.116,238.45907873,304.38,0,-8,340.4313,340.1223,,,,655.5698,682.5874,350.8132,364.9223,0,13.38954,61.8,61.4,34.5416505,,34.54590612,,8.4,8.4,-30,9.3881,9.1706,9.9042,,11.03587802,7.1,178,330.3,177,328.3,14.2,23.6,15.4,24.6,0,,3638.78,11.17
underway_1200.33933563,33933563,201011040,2011-03-21T01:20:00,20110321012000,MULTIPOINT ((-48.2934 137.6026)),137.6026,-48.2934,232.5,233.664,233.98681641,,12.2,0.94,-0.52,0.28,-1.19,0.094,1670,1020.83,,,38.41754965,,36.43,8.401,0.2214,4.114,239.82129492,305.86,0,-8,292.5709,294.1844,,,,1279.3,1457.192,721.7645,740.3722,204.8277,13.3794,60.2,60.5,34.44304142,,34.44238267,,8.3,8.3,-30,9.4838,9.2256,9.9111,,10.93116575,7.1,172,327.7,173,326.4,13.2,22.1,14.4,23.1,0,,3508.86,11.06
underway_1200.33933683,33933683,201011040,2011-03-21T01:40:00,20110321014000,MULTIPOINT ((-48.3349 137.5202)),137.5202,-48.3349,232.8,233.283,233.44848633,,12.4,1.18,0,0.33,-0.75,0.094,1490,1020.91,,,38.50833939,,36.41,8.481,0.2788,4.113,239.5326106,305.61,0,-8,339.9109,340.497,,,,763.8189,794.9158,402.2123,414.0394,0,13.37605,62,61.2,34.48103781,,34.47885365,,8.3,8.4,-30,9.2859,9.0332,9.9324,,10.98881825,7.1,174,325.7,174,324.4,16.1,24.9,17.6,26.3,0,,3624.58,11.12
underway_1200.33933803,33933803,201011040,2011-03-21T02:00:00,20110321020000,MULTIPOINT ((-48.3767 137.4382)),137.4382,-48.3767,232.4,232.308,233.26721191,,12.4,2.07,-1.39,0.24,-1.07,0.094,1310,1021.15,,,38.49958936,,36.43,8.476,0.2214,4.113,239.28301989,305.3,0,-8,281.2846,284.6549,,,,1271.977,1451.96,692.3963,743.8335,0,13.37605,60,59,34.48462611,,34.48157052,,8.2,8.2,-30,9.4428,9.253,9.9239,,10.97664226,7.1,171,329.5,171,327.4,11.8,21,13.1,22,0,,3628.93,11.11
underway_1200.33933923,33933923,201011040,2011-03-21T02:20:00,20110321022000,MULTIPOINT ((-48.4191 137.3562)),137.3562,-48.4191,231.7,232.234,232.98156738,,12.3,1.68,-0.14,0.2,-1.29,0.094,1210,1021.35,,,38.57615571,,36.39,8.53,0.2132,4.115,239.30050514,305.29,0,-8,275.0769,281.301,,,,1318.779,1400.874,714.42,743.8595,-204.8218,13.36593,59.2,59.1,34.48614446,,34.48320166,,8.2,8.2,-30,9.8045,9.4382,10.0203,,11.05615226,7.1,174,329.3,173,327,12.4,21.6,13.6,22.5,0,,3583.37,11.18
underway_1200.33934043,33934043,201011040,2011-03-21T02:40:00,20110321024000,MULTIPOINT ((-48.4617 137.2746)),137.2746,-48.4617,231.6,232.901,233.85498047,,12.6,0.77,-0.37,0.32,-1.22,0.094,1070,1021.5,,,38.62756658,,36.37,8.447,0.246,4.111,239.23933023,305.18,0,-8,336.9962,340.7074,,,,474.4045,497.3224,236.928,249.1157,0,13.36244,61.5,61.5,34.50080483,,34.49710306,,8.2,8.2,-30,9.5043,9.0744,10.0504,,11.09587206,7.1,163,328.5,165,327.1,10,18.7,11.1,19.7,0,,3568.3,11.22
underway_1200.33934163,33934163,201011040,2011-03-21T03:00:00,20110321030000,MULTIPOINT ((-48.5045 137.1936)),137.1936,-48.5045,231.5,232.356,233.39355469,,12.3,1.44,-0.52,0.12,-1.76,0.094,1120,1021.26,,,38.59585052,,36.41,8.585,0.3526,4.106,239.07204054,305.03,0,-8,338.4074,338.4939,,,,464.2059,484.397,229.5742,242.108,-204.8242,13.36176,67.8,67.8,34.53237297,,34.53030037,,7.9,8,-30,8.594,8.4263,9.9176,,11.02695542,5.84,179,328.8,178,327.1,15.1,24.6,16.4,25.7,0,,3587.57,11.16
underway_1200.33934283,33934283,201011040,2011-03-21T03:20:00,20110321032000,MULTIPOINT ((-48.5473 137.1135)),137.1135,-48.5473,230.8,232.837,233.45947266,,12.2,1.49,-0.25,0,-1.14,0.094,1740,1021.53,,,38.49849257,,36.44,7.183,0.2296,4.114,238.97336707,304.78,0,-8,336.0114,337.9441,,,,781.3222,847.5409,409.5574,438.6064,-204.8265,13.36218,63.2,62.3,34.45790936,,34.45910592,,7.9,8,-30,8.7174,8.53,9.978,,10.99936899,7.1,181,331.6,179,329.6,13.1,23,14.3,23.9,0,,3505.84,11.13
underway_1200.33934403,33934403,201011040,2011-03-21T03:40:00,20110321034000,MULTIPOINT ((-48.5902 137.0342)),137.0342,-48.5902,229.8,233.318,233.42651367,,12.3,1.89,-0.27,0.5,-1.73,0.094,1510,1021.89,,,38.53131143,,36.41,5.375,0.1722,4.104,239.50553595,305.44,0,-8,276.5921,277.7839,,,,1343.592,1318.705,505.0482,708.7949,-204.8286,13.36243,62.4,61.3,34.49698407,,34.49567757,,7.9,7.9,-30,9.1156,9.1706,9.8773,,10.99531121,7.1,177,331.9,174,329.2,10.6,20.5,11.8,21.4,0,,3516.37,11.12
underway_1200.33934523,33934523,201011040,2011-03-21T04:00:00,20110321040000,MULTIPOINT ((-48.6339 136.9549)),136.9549,-48.6339,229.9,232.428,232.78930664,,12.2,2.51,-0.11,0,-1.01,0.094,1650,1022.14,,,38.41317544,,36.45,8.411,0.2132,,239.56709998,305.51,0,-8,268.3556,275.3536,,,,1048.465,1284.544,565.6762,682.4865,-204.831,13.35919,61.1,60.4,34.44924846,,34.44947185,,7.8,7.8,-30,9.2788,9.1156,9.5827,,10.91897932,5.14,161,326.3,162,324.9,10.3,18.7,11.3,19.6,0,,3484.5,11.05
underway_1200.33934643,33934643,201011040,2011-03-21T04:20:00,20110321042000,MULTIPOINT ((-48.6763 136.8786)),136.8786,-48.6763,228.6,232.636,233.10791016,,11.9,1.85,-1.13,0.28,-1.84,0.094,1490,1022.2,,,38.27316631,,36.47,8.416,0.1722,4.119,240.25275601,306.26,0,-8,272.2073,275.0698,,,,1094.314,1251.615,339.7622,645.6794,0,13.35233,58.5,59.4,34.39894049,,34.41032295,,7.7,7.8,-30,9.0458,9.0607,9.8387,,10.81164338,0.946,163,328.9,164,327.3,8.3,17,9.1,17.7,30,,3667.2,10.95
underway_1200.33934763,33934763,201011040,2011-03-21T04:40:00,20110321044000,MULTIPOINT ((-48.7199 136.8026)),136.8026,-48.7199,228.5,232.859,233.56933594,,12.1,1.47,-0.18,0.3,-0.72,0.094,2230,1022.41,,,38.37598704,,36.46,,0.1722,4.127,239.77311703,305.69,0,-8,271.5978,274.7678,,,,1145.89,1190.681,626.2808,617.5876,0,13.34904,58.1,57.5,34.44919625,,34.45204471,,7.9,7.9,-30,9.716,9.2118,9.7698,,10.87671592,7.1,163,329.8,164,328.1,7.9,17,8.9,17.8,20,,3457.21,11.01
underway_1200.33934883,33934883,201011040,2011-03-21T05:00:00,20110321050000,MULTIPOINT ((-48.7644 136.7265)),136.7265,-48.7644,228.5,232.32,233.50341797,,12.1,1.17,-0.91,0,-1.06,0.094,2680,1022.51,,,37.81381738,,36.67,7.398,0.1558,4.11,242.35308822,309.83,0,-8,274.4559,280.3976,,,,1074.236,1152.828,589.5664,585.9853,-204.829,13.34892,60.4,60.2,34.61772365,,34.60669634,,7.8,7.7,-30,9.8804,9.4725,8.857,,10.11550009,7.1,177,339,173,335.5,5.6,16.1,6.6,16.7,20,,3488.73,10.33
underway_1200.33935003,33935003,201011040,2011-03-21T05:20:00,20110321052000,MULTIPOINT ((-48.809 136.6506)),136.6506,-48.809,228.4,232.659,233.17382812,,12.3,0.73,-0.05,0.14,-0.69,0.094,2840,1022.54,,,37.07663402,,36.73,10.741,0.164,4.105,246.2702729,314.39,0,-8,276.0882,279.184,,,,1067.229,777.0663,584.0231,500.0114,0,13.34907,66.9,66.9,34.26552404,,34.27802869,,7.7,7.6,-30,9.8057,9.445,8.5756,,9.66915112,7.1,175,333.9,172,331,8.2,18.5,9.3,19.2,20,,3485.51,9.88
underway_1200.33935123,33935123,201011040,2011-03-21T05:40:00,20110321054000,MULTIPOINT ((-48.8534 136.5747)),136.5747,-48.8534,227.5,232.646,233.0090332,,12,2.33,-1.28,0.57,-2.21,0.094,3620,1022.74,,,36.87977591,,36.75,8.224,0.1558,4.101,247.72960777,316.37,0,-8,271.9078,278.3919,,,,926.4508,973.4102,503.196,501.7486,0,13.33558,66.8,66.4,34.23755379,,34.23651995,,7.7,7.6,-30,9.7754,9.4999,8.2891,,9.50006385,7.1,193,342.4,184,337.7,6.7,17.7,7.7,18.2,0,,3441.21,9.7
underway_1200.33935243,33935243,201011040,2011-03-21T06:00:00,20110321060000,MULTIPOINT ((-48.8969 136.499)),136.499,-48.8969,228.9,232.693,233.33312988,,12,1.73,-1.12,0.34,-1.32,0.094,3440,1022.84,,,36.5462157,,36.8,8.536,0.1394,,249.5188098,318.35,0,-8,269.0702,273.9426,,,,857.0114,870.9298,460.9682,442.1096,204.8239,13.33517,66.6,66.1,34.12529729,,34.12780649,,7.6,7.5,-30,9.6145,9.2599,8.1325,,9.25228963,7.1,179,338.1,175,334.6,6.6,17,7.6,17.6,0,,3444.4,9.45
underway_1200.33935363,33935363,201011040,2011-03-21T06:20:00,20110321062000,MULTIPOINT ((-48.9399 136.4233)),136.4233,-48.9399,230.2,232.816,233.27270508,,12.2,2.02,-0.56,0.25,-1.38,0.094,3810,1023.08,,,36.36687259,,36.85,8.478,0.1558,4.108,250.59567726,320.03,0,-8,267.9095,273.3668,,,,775.7977,773.3734,411.3667,396.495,0,13.33534,67.4,67.5,34.14261311,,34.14008199,,7.5,7.5,-30,9.7809,9.5683,7.8647,,9.04454652,7.1,173,341,167,336.3,5,15.5,6.2,16,0,,3462.78,9.25
underway_1200.33935483,33935483,201011040,2011-03-21T06:40:00,20110321064000,MULTIPOINT ((-48.9821 136.347)),136.347,-48.9821,229.8,232.922,233.28918457,,11.7,3.29,-2.25,0,-1.26,0.094,8360,1023.03,,,35.91084932,,36.86,8.501,0.1476,4.096,253.59571499,323.55,0,-8,267.6584,270.9733,,,,713.737,672.7393,365.4535,357.8823,204.8148,13.33551,66.5,65.6,33.93638718,,33.95157424,,7.6,7.5,-30,9.7317,9.5204,8.1306,,8.74304103,7.1,162,338,160,334.9,4.8,14.3,5.7,14.8,0,,3409.76,8.97
underway_1200.33935603,33935603,201011040,2011-03-21T07:00:00,20110321070000,MULTIPOINT ((-49.0242 136.269)),136.269,-49.0242,231,233.272,233.73413086,,11.7,1.62,0,0,-1.43,0.094,8630,1023.43,,,36.84257494,,36.7,8.393,0.1722,4.1,248.26280106,316.58,0,-8,271.8704,275.7769,,,,572.0567,589.0317,306.6898,326.3045,204.8148,13.33218,69.6,68.3,34.09503542,,34.09221294,,7.6,7.6,-30,9.7676,9.8282,8.5855,,9.61117931,7.1,166,346.4,157,340.5,2.8,13.2,4.1,13.5,0,,3423.03,9.76
underway_1200.33935723,33935723,201011040,2011-03-21T07:20:00,20110321072000,MULTIPOINT ((-49.0647 136.1939)),136.1939,-49.0647,231.1,232.678,233.21228027,,11.4,1.43,-0.38,0.15,-1.3,0.094,5780,1023.62,,,36.90383263,,36.73,8.567,0.2132,4.132,247.73139494,316.26,0,-8,291.9467,293.3241,,,,482.2835,501.6309,277.3034,298.2363,0,13.32512,68.9,67.9,34.21133132,,34.2138089,,7.6,7.6,-30,9.7541,9.8965,8.3566,,9.54983995,7.1,163,352.9,148,345.1,1,11.8,2.5,12,0,,3466.3,9.74
underway_1200.33935843,33935843,201011040,2011-03-21T07:40:00,20110321074000,MULTIPOINT ((-49.1063 136.1155)),136.1155,-49.1063,231.6,233.363,233.74511719,,11.9,2.18,-0.8,0,-1.62,0.094,2700,1023.73,,,36.86991839,,36.71,8.156,0.5002,4.108,247.93888128,316.26,0,-8,331.96,333.9165,,,,147.7092,152.9513,75.29481,77.19025,0,13.32202,68.7,67.5,34.12444011,,34.11722997,,7.6,7.6,-30,8.3146,8.371,8.6448,,9.61449334,7.1,185,343.3,178,338.6,5.6,16.3,6.8,16.8,0,,3350.27,9.77
underway_1200.33935963,33935963,201011040,2011-03-21T08:00:00,20110321080000,MULTIPOINT ((-49.147 136.0371)),136.0371,-49.147,231.8,232.756,233.28918457,,12.2,1.99,-1.69,0.27,-2.02,0.094,4860,1024.22,,,36.98037765,,36.69,8.611,0.328,4.101,247.36172867,315.55,0,-8,322.7622,326.472,,,,256.581,284.0524,189.1563,217.5291,204.808,13.30798,65.1,64.2,34.1492642,,34.14589083,,7.8,7.7,-30,8.6865,8.5991,8.7014,,9.70391004,7.1,159,339.7,156,335.3,4.8,14.3,6,14.7,0,,3405.95,9.86
underway_1200.33936083,33936083,201011040,2011-03-21T08:20:00,20110321082000,MULTIPOINT ((-49.1873 135.9588)),135.9588,-49.1873,231.8,232.906,233.42651367,,12.1,2.88,-1.57,0.68,-1.37,0.094,3210,1024.43,,,36.93554646,,36.7,,0.4592,4.095,247.96898442,316.35,0,-8,259.9897,264.8955,,,,103.7809,101.8649,80.80718,94.7355,0,13.30843,63.3,62.2,34.20528272,,34.20459656,,7.6,7.6,-30,8.623,8.5369,8.444,,9.59377793,7.1,210,354.3,184,347.1,3.1,15,4,15.1,0,,3358.54,9.77
underway_1200.33936203,33936203,201011040,2011-03-21T08:40:00,20110321084000,MULTIPOINT ((-49.2288 135.8775)),135.8775,-49.2288,232,232.848,233.3770752,,12.2,2.61,-1.99,0,-0.94,0.094,1010,1024.49,,,36.7190007,,36.71,6.621,0.6068,4.11,249.32484966,318.04,0,-8,255.6996,260.7462,,,,57.93981,58.47231,27.5484,31.5782,0,13.2951,60.8,59.9,34.11853527,,34.11548095,,7.5,7.5,-30,7.9733,7.9273,8.362,,9.45274207,7.1,230,358.3,197,352,2.4,14.5,2.9,14.6,0,,3706.08,9.63
underway_1200.33936323,33936323,201011040,2011-03-21T09:00:00,20110321090000,MULTIPOINT ((-49.2697 135.7966)),135.7966,-49.2697,232.3,233.876,234.24499512,,11.8,2.7,-1.35,0,-1.38,0.094,160,1024.5,,,36.76493393,,36.7,8.642,0.6232,4.107,249.17950635,318.02,0,-8,255.1876,259.8916,,,,22.60415,23.08118,7.346261,8.771552,0,13.3086,61.5,60.8,34.13209462,,34.13209462,,7.5,7.5,-30,7.2678,7.3279,8.4392,,9.48512376,2.68,253,3.2,216,355.5,3.2,14.8,3,14.7,4,,3705.81,9.66
underway_1200.33936443,33936443,201011040,2011-03-21T09:20:00,20110321092000,MULTIPOINT ((-49.3104 135.715)),135.715,-49.3104,231.8,232.342,233.00354004,,12.4,3.33,-1.62,1.08,-1.86,0.094,0,1024.68,,,36.7441565,,36.71,7.673,0.7216,4.104,249.29150838,318.14,0,-8,256.0648,259.9873,,,,4.457394,4.923985,0,0,204.8165,13.30815,61.4,60.8,34.13719779,,34.13991383,,7.4,7.4,-30,7.0406,7.1321,8.3518,,9.45440305,2.11,283,7.8,247,0.5,3,14.3,2.1,14.2,4,,3358.85,9.63
underway_1200.33936563,33936563,201011040,2011-03-21T09:40:00,20110321094000,MULTIPOINT ((-49.3514 135.6346)),135.6346,-49.3514,231.7,232.878,233.68469238,,12,5.48,-2.63,0,-1.65,0.094,0,1024.86,,,36.6708849,,36.74,8.409,0.8364,,249.56643929,318.46,0,-8,257.7892,261.887,,,,1.910352,2.154244,-1.836732,-1.75451,0,13.30184,60.6,59.3,34.13193884,,34.13386612,,7.4,7.4,-30,6.9832,7.083,8.2831,,9.38128059,2.12,282,3.5,209,356.2,1.6,13.3,1.2,13.3,4,,3323.12,9.55
underway_1200.33936683,33936683,201011040,2011-03-21T10:00:00,20110321100000,MULTIPOINT ((-49.3852 135.5682)),135.5682,-49.3852,232.3,233.507,234.50317383,,5.4,1.59,-0.61,0,-1.9,0.094,0,1025.09,,,36.65885654,,36.75,8.054,0.861,4.104,249.57040762,318.43,0,-8,254.0726,257.8596,,,,1.910354,2.461992,-1.836695,-1.754501,-204.8353,13.30522,61.2,60.3,34.14251017,,34.14284914,,7.3,7.3,-30,6.8431,6.9217,8.2488,,9.35882918,2.15,285,18.8,275,13.2,3.6,8,3,7.8,4,,3354.62,9.53
underway_1200.33936803,33936803,201011040,2011-03-21T10:20:00,20110321102000,MULTIPOINT ((-49.4186 135.503)),135.503,-49.4186,231.9,232.86,233.41003418,,11.8,1.74,-0.93,0,-1.4,0.094,0,1025.05,,,36.62386051,,36.79,8.991,0.7872,4.115,249.18962189,318.09,0,-8,255.0802,260.1134,,,,1.910354,2.461992,-1.836619,-1.75443,0,13.30838,63.5,62.7,34.13086324,,34.13279309,,7.3,7.3,-30,6.8431,6.9427,8.215,,9.33137827,2.04,266,6.7,234,359,3.9,15.2,3.2,15,4,,3705.9,9.5
underway_1200.33936923,33936923,201011040,2011-03-21T10:40:00,20110321104000,MULTIPOINT ((-49.4589 135.4242)),135.4242,-49.4589,231.4,232.342,233.06396484,,12.3,2.67,-1.6,0,-1.46,0.094,0,1025.07,,,36.56152576,,36.8,8.427,0.9594,4.106,249.61319193,318.58,0,-8,255.2094,259.177,,,,1.910391,1.846494,-1.83674,-1.754487,0,13.30852,63.2,61.6,34.12777804,,34.12777804,,7.3,7.3,-30,6.8697,6.9708,8.1776,,9.26894769,1.95,263,6.4,237,359.7,4.2,15.9,3.6,15.8,30,,3706.16,9.44
underway_1200.33937043,33937043,201011040,2011-03-21T11:00:00,20110321110000,MULTIPOINT ((-49.499 135.3449)),135.3449,-49.499,233.1,233.69,233.83300781,,12.2,2.35,-1.6,1.17,-2.89,0.094,0,1025.49,,,36.52872159,,36.81,8.419,0.9594,4.113,249.99363954,319.09,0,-8,253.6408,258.6556,,,,1.91041,2.461992,-1.836746,-1.754427,0,13.29475,61.7,60.4,34.14928722,,34.15270147,,7.2,7.2,-30,6.7569,6.8655,8.1105,,9.20729202,1.92,278,5,222,357.3,2.2,13.8,1.6,13.8,30,,3421.44,9.38
underway_1200.33937163,33937163,201011040,2011-03-21T11:20:00,20110321112000,MULTIPOINT ((-49.5394 135.2644)),135.2644,-49.5394,232,231.948,233.11340332,,12,1.57,-1.51,0,-1.25,0.094,0,1025.68,,,36.50356877,,36.84,8.465,0.9348,4.119,249.76515166,319.04,0,-8,253.3477,258.3722,,,,1.910484,2.461992,-1.83675,-1.754559,0,13.28161,60.7,59.8,34.15015318,,34.14729502,,7.1,7.1,-30,6.698,6.8093,8.0628,,9.18561563,1.95,269,5.9,231,359.1,2.8,14.3,2.1,14.1,30,,3322.05,9.35
underway_1200.33937283,33937283,201011040,2011-03-21T11:40:00,20110321114000,MULTIPOINT ((-49.5798 135.1838)),135.1838,-49.5798,232.7,232.315,233.44848633,,12.4,1.39,-1.22,0,-1.21,0.094,0,1025.68,,,36.52106114,,36.81,8.416,0.9676,,249.87126952,318.99,0,-8,253.2537,258.162,,,,1.910616,2.461992,-1.83675,-1.754473,-204.8321,13.26813,63,62.3,34.10712327,,34.10883391,,7.2,7.1,-30,6.6791,6.7671,8.2173,,9.24479214,1.91,295,11.5,274,5,3.4,14.3,2.2,14.1,30,,3319.79,9.4
underway_1200.33937403,33937403,201011040,2011-03-21T12:00:00,20110321120000,MULTIPOINT ((-49.6216 135.1006)),135.1006,-49.6216,231.3,232.538,233.44299316,,12.2,1.24,-1.03,0,-1.78,0.094,0,1025.74,,,36.65666858,,36.77,,1.0086,4.109,249.42757484,318.26,0,-8,253.3861,258.2675,,,,1.910655,1.538745,-1.836746,-1.754484,0,13.25464,62.8,61.8,34.13762487,,34.1366077,,7.2,7.1,-30,6.7057,6.7882,8.3101,,9.36298742,1.81,312,23.2,313,19.8,6.3,14.6,5.3,14,30,,3705.85,9.51
underway_1200.33937523,33937523,201011040,2011-03-21T12:20:00,20110321122000,MULTIPOINT ((-49.663 135.0187)),135.0187,-49.663,230.8,232.89,233.19580078,,11.9,3.34,-3.27,0,-2.28,0.094,0,1026.15,,,36.76165766,,36.78,8.463,1.0332,4.12,248.41018446,317.14,0,-8,252.3054,257.153,,,,1.910673,1.846494,-1.83675,-1.75464,204.8516,13.25464,62.6,62.4,34.16866338,,34.16832513,,7.1,7.1,-30,6.691,6.7811,8.3505,,9.44360593,1.8,299,20.4,295,15.8,6.5,15.5,5.2,14.9,30,,3275.52,9.59
underway_1200.33937643,33937643,201011040,2011-03-21T12:40:00,20110321124000,MULTIPOINT ((-49.7038 134.9378)),134.9378,-49.7038,231,232.181,233.00354004,,11.5,1.88,-1.97,0,-2.42,0.094,0,1025.97,,,36.76165826,,36.78,8.471,1.0168,4.109,248.49917255,317.19,0,-8,253.0016,256.6983,,,,1.910666,2.461992,-1.83674,-1.75455,-204.8411,13.24114,65.8,64.4,34.17387995,,34.17308628,,7,7,-30,6.6281,6.6897,8.3454,,9.43862205,3.61,322,19.6,323,14.8,4.5,12.3,3.4,11.9,20,,0,9.58
underway_1200.33937763,33937763,201011040,2011-03-21T13:00:00,20110321130000,MULTIPOINT ((-49.7442 134.8591)),134.8591,-49.7442,231.1,232.119,232.98706055,,11.6,3.77,-2.15,0.52,-3.67,0.094,0,1025.73,,,36.81633871,,36.77,8.502,0.9594,4.12,248.17372108,316.68,0,-8,252.7225,257.462,,,,1.910664,2.461992,-1.83675,-1.754581,0,13.22765,67.6,66.5,34.17843141,,34.17492406,,7,7,-30,6.572,6.6263,8.4069,,9.49591416,4.42,321,23.4,325,20.6,5.5,12.8,4.7,12.2,20,,3282.79,9.63
underway_1200.33937883,33937883,201011040,2011-03-21T13:20:00,20110321132000,MULTIPOINT ((-49.7844 134.7818)),134.7818,-49.7844,229.7,232.791,233.87145996,,11,2.55,-0.76,0,-1.91,0.094,0,1025.56,,,36.87211534,,36.76,8.448,0.9676,4.124,247.9278145,316.36,0,-8,252.9647,257.3245,,,,1.910672,2.461992,-1.83675,-1.754579,204.8444,13.24114,67.9,67,34.19373341,,34.19452515,,7,7,-30,6.6208,6.5982,8.4409,,9.53574049,4.24,311,23.7,310,20.6,6.4,13.6,5.6,13.1,20,,3245.42,9.67
underway_1200.33938003,33938003,201011040,2011-03-21T13:40:00,20110321134000,MULTIPOINT ((-49.8261 134.7023)),134.7023,-49.8261,230.5,232.194,233.05297852,,12.1,1.66,0,0,-1.6,0.094,0,1025.49,,,36.77149917,,36.76,8.424,0.9922,4.116,248.67620679,317.38,0,-8,253.2473,257.3616,,,,1.91065,2.461992,-1.83675,-1.75449,-204.834,13.22765,70.4,68.8,34.15935805,,34.16105951,,7,7,-30,6.6778,6.6052,8.4082,,9.46187696,3.16,320,35,328,38.5,9.3,15.3,9.5,14.4,10,,3340.6,9.6
underway_1200.33938123,33938123,201011040,2011-03-21T14:00:00,20110321140000,MULTIPOINT ((-49.8677 134.6231)),134.6231,-49.8677,230.4,232.865,233.66821289,,12,4.22,-3.8,0.69,-1.57,0.094,0,1025.35,,,36.87211325,,36.76,8.547,0.984,4.097,247.84971172,316.45,0,-8,251.4369,256.5994,,,,1.910675,2.461992,-1.83675,-1.754548,0,13.22765,69.6,68.2,34.18253737,,34.17790677,,7,7,-30,6.719,6.6686,8.4751,,9.55315703,1.75,329,35.1,335,37,8.6,13.7,8.6,12.9,30,,3325.23,9.68
underway_1200.33938243,33938243,201011040,2011-03-21T14:20:00,20110321142000,MULTIPOINT ((-49.9091 134.5442)),134.5442,-49.9091,230.8,231.932,233.03100586,,11.7,3.41,-1.96,0.16,-2.1,0.094,0,1025.34,,,36.81415419,,36.77,5.424,0.9758,4.092,248.33719737,317,0,-8,251.3672,256.7379,,,,1.910676,2.461992,-1.83675,-1.754502,0,13.22765,70.4,68.8,34.19690363,,34.19644786,,7.1,7.1,-30,6.7049,6.6967,8.3595,,9.4710106,1.18,341,45.8,348,50,9.9,12.5,10.3,11.6,30,,3309.31,9.61
underway_1200.33938363,33938363,201011040,2011-03-21T14:40:00,20110321144000,MULTIPOINT ((-49.9506 134.4656)),134.4656,-49.9506,230,232.696,233.46496582,,11.6,2.1,-0.72,0.46,-2.83,0.094,0,1025.05,,,36.72994384,,36.79,8.501,1.0496,4.116,248.72183572,317.46,0,-8,265.8185,270.86,,,,1.910676,2.461992,-1.83675,-1.754543,0,13.22428,68.2,65.6,34.17212983,,34.1728064,,7.3,7.3,-30,6.775,6.9427,8.3133,,9.40455554,0.706,334,50.2,342,55.6,12.2,14.7,12.5,13.5,30,,3706.88,9.54
underway_1200.33938483,33938483,201011040,2011-03-21T15:00:00,20110321150000,MULTIPOINT ((-49.9929 134.3845)),134.3845,-49.9929,231,232.821,233.72314453,,12.1,2.49,-2.08,0,-1.38,0.094,0,1025.2,,,36.71134901,,36.79,4.551,0.9758,4.133,248.77075756,317.53,0,-8,327.7933,329.6795,,,,1.910676,2.154244,-1.83675,-1.754376,0,13.21416,70.3,68,34.14470252,,34.14323143,,7.4,7.4,-30,7.083,7.314,8.342,,9.415359,0.558,1,55.7,7,61.8,10.8,9.7,11.5,8.8,30,,3170.05,9.54
underway_1200.33938603,33938603,201011040,2011-03-21T15:20:00,20110321152000,MULTIPOINT ((-50.0353 134.3033)),134.3033,-50.0353,230.1,232.621,233.56933594,,12,1.05,-0.13,0,-1.73,0.094,0,1025.1,,,36.7955573,,36.76,6.523,0.902,4.112,248.49656702,317.06,0,-8,333.3618,333.1204,,,,1.910639,2.461992,-1.83675,-1.754494,0,13.21079,67.1,64.7,34.14983019,,34.15186665,,7.5,7.5,-30,7.3913,7.5723,8.4452,,9.49757406,0.467,355,61.5,4,73.4,12.6,11.4,13.9,10.3,30,,3698.66,9.62
underway_1200.33938723,33938723,201011040,2011-03-21T15:40:00,20110321154000,MULTIPOINT ((-50.0772 134.2238)),134.2238,-50.0772,230.6,232.834,233.51989746,,11.9,3.01,-1.69,0.7,-1.32,0.094,0,1024.53,,,36.88523654,,36.74,,0.902,4.115,248.10963757,316.5,0,-8,333.2281,333.7154,,,,1.910623,2.461992,-1.83675,-1.754313,0,13.20064,70.7,68.8,34.17642478,,34.17721532,,7.7,7.7,-30,7.5659,7.6908,8.4974,,9.56808187,0.408,349,57.1,356,63.7,12.2,12.4,12.8,11.3,30,,3190.24,9.69
underway_1200.33938843,33938843,201011040,2011-03-21T16:00:00,20110321160000,MULTIPOINT ((-50.1191 134.1437)),134.1437,-50.1191,231,232.452,233.38806152,,11.9,3.58,-1.45,0,-1.66,0.094,0,1024.61,,,36.90055006,,36.74,7.992,0.861,4.105,248.06810872,316.56,0,-8,333.3099,334.624,,,,1.910572,2.461992,0,-1.754362,0,13.21416,62.5,60.8,34.19979469,,34.20013203,,7.8,7.8,-30,7.7831,7.8717,8.4633,,9.56061987,0.37,319,37.9,327,41.4,10.4,16,10.4,14.9,30,,3177.98,9.69
underway_1200.33938963,33938963,201011040,2011-03-21T16:20:00,20110321162000,MULTIPOINT ((-50.1605 134.0648)),134.0648,-50.1605,230.6,232.723,233.81103516,,11.7,1.64,-1.18,0.06,-2.09,0.094,0,1024.16,,,36.85570822,,36.76,7.602,0.82,4.113,247.96172199,316.6,0,-8,333.9053,335.1134,,,,1.910553,2.461992,-1.83675,-1.754326,0,13.20063,65.7,63.7,34.17464404,,34.1712571,,7.9,7.9,-30,7.9016,7.969,8.4508,,9.5423759,0.332,315,38.5,323,42.5,11.6,17.3,11.5,16.1,30,,3287.04,9.67
underway_1200.33939083,33939083,201011040,2011-03-21T16:40:00,20110321164000,MULTIPOINT ((-50.2016 133.9855)),133.9855,-50.2016,231.3,232.363,233.44848633,,11.9,3.64,-1.55,0.32,-2.41,0.094,0,1024.2,,,36.63371019,,36.82,7.918,0.943,4.114,249.25850095,318.15,0,-8,334.1174,335.3231,,,,1.910537,2.461992,0,-1.754304,0,13.18718,65.2,63.1,34.18626524,,34.1924061,,7.9,7.9,-30,7.9438,8.0106,8.2679,,9.27977319,0.3,313,41.5,322,46.8,13.3,19.1,13.3,17.7,30,,3155.71,9.43
underway_1200.33939203,33939203,201011040,2011-03-21T17:00:00,20110321170000,MULTIPOINT ((-50.2421 133.9049)),133.9049,-50.2421,233.1,232.145,233.3770752,,11.9,3.72,-1.89,0.57,-2.65,0.094,0,1024.14,,,36.58340313,,36.85,8.353,0.902,4.12,249.14516731,318.23,0,-8,334.0286,335.1828,,,,1.910453,2.461992,-1.836709,-1.754423,0,13.18718,66.6,64.5,34.17821702,,34.17444128,,7.9,7.9,-30,7.926,7.9828,8.1154,,9.24395903,0.267,325,55.6,336,63.7,16.9,20.4,17,18.5,9998,,3003.65,9.39
underway_1200.33939323,33939323,201011040,2011-03-21T17:20:00,20110321172000,MULTIPOINT ((-50.2828 133.8226)),133.8226,-50.2828,231.6,232.609,233.44848633,,11.9,2.39,-1.73,0.58,-2.16,0.094,0,1024.02,,,36.50575184,,36.86,8.342,0.8446,,249.38141766,318.34,0,-8,331.6597,332.6137,,,,1.910483,2.461992,0,-1.754406,0,13.17706,61.3,59.7,34.11443954,,34.11443954,,7.8,7.8,-30,7.8556,7.8995,8.1288,,9.2222946,0.228,320,47.3,330,53.2,14.2,18.8,14.3,17.3,9998,,2989.82,9.36
underway_1200.33939443,33939443,201011040,2011-03-21T17:40:00,20110321174000,MULTIPOINT ((-50.3237 133.7401)),133.7401,-50.3237,231.7,232.198,233.30566406,,12.3,2.49,-1.42,0,-1.9,0.094,0,1023.8,,,36.46528984,,36.87,8.41,0.9102,4.105,249.60292377,318.5,0,-8,332.5332,334.6237,,,,1.910453,2.461992,0,-1.754375,0,13.17352,65.2,62.9,34.11429188,,34.1146319,,7.8,7.8,-30,7.829,7.8717,8.0785,,9.17811062,0.208,316,41.8,326,47.3,12.8,18.6,13.1,17.3,9998,,2768.64,9.32
underway_1200.33939563,33939563,201011040,2011-03-21T18:00:00,20110321180000,MULTIPOINT ((-50.3655 133.6556)),133.6556,-50.3655,231.8,232.635,233.52539062,,12.4,0.67,-0.4,0.08,-2.03,0.094,0,1023.65,,,36.47950567,,36.86,8.423,0.8774,4.1,249.58175259,318.53,0,-8,332.3886,333.4784,,,,1.910482,1.846494,-1.836742,-1.75442,-204.8258,13.17369,64.8,63.7,34.11300423,,34.11026976,,7.8,7.8,-30,7.8002,7.8578,8.0943,,9.1981221,0.19,321,49.2,332,56.3,15.5,20,15.6,18.2,9998,,2946.82,9.34
underway_1200.33939683,33939683,201011040,2011-03-21T18:20:00,20110321182000,MULTIPOINT ((-50.4079 133.5706)),133.5706,-50.4079,232.1,232.363,233.50341797,,12.6,2.3,-0.26,0,-2.09,0.094,0,1023.91,,,36.48169328,,36.87,8.542,0.8528,4.113,249.40537545,318.51,0,-8,332.6619,334.7633,,,,1.910512,2.461992,0,-1.754388,0,13.16694,65.3,63.1,34.11414243,,34.11414243,,7.9,7.8,-30,7.8546,7.8995,8.0972,,9.19645471,0.168,323,53.7,334,61.6,17.8,21.7,18,19.8,9998,,3078.14,9.34
underway_1200.33939803,33939803,201011040,2011-03-21T18:40:00,20110321184000,MULTIPOINT ((-50.4506 133.485)),133.485,-50.4506,231.1,232.532,233.58581543,,12.5,1.6,-0.7,0,-2.36,0.094,0,1023.83,,,36.48606772,,36.86,8.351,0.8692,4.113,249.57788471,318.61,0,-8,332.8714,335.0429,,,,1.910508,2.461992,0,-1.75438,0,13.16329,67,65.5,34.11516229,,34.11550222,,7.9,7.9,-30,7.8963,7.955,8.1084,,9.19978945,0.154,331,56.1,341,63.2,16.1,18.6,16.3,16.8,9998,,3072.77,9.34
underway_1200.33939923,33939923,201011040,2011-03-21T19:00:00,20110321190000,MULTIPOINT ((-50.4932 133.4002)),133.4002,-50.4932,231.2,232.474,233.75061035,,12.1,2.13,-1.02,0,-2.01,0.094,0,1023.35,,,36.51340565,,36.85,8.479,0.861,4.103,249.37194326,318.21,0,-8,334.1787,335.3228,,,,1.910392,2.154244,0,-1.754307,0,13.16008,68,66.5,34.10667719,,34.10486029,,8,8,-30,7.956,8.0106,8.1782,,9.2406265,0.143,312,45.1,321,50.8,16.6,22.1,16.4,20.5,9998,,3178.75,9.38
underway_1200.33940043,33940043,201011040,2011-03-21T19:20:00,20110321192000,MULTIPOINT ((-50.5359 133.3168)),133.3168,-50.5359,231,232.81,233.7121582,,12.6,1.74,-1.66,0,-2.51,0.094,0,1023.57,,,36.6391705,,36.81,,0.943,,249.03323061,317.87,0,-8,334.1701,335.2876,,,,1.910439,2.461992,-1.83675,-1.75437,0,13.1602,66.3,64.2,34.13378874,,34.13118145,,8,7.9,-30,7.9542,8.0036,8.2662,,9.34968013,0.134,312,46.1,323,52.9,17.6,23.2,17.6,21.4,9998,,3136.29,9.48
underway_1200.33940163,33940163,201011040,2011-03-21T19:40:00,20110321194000,MULTIPOINT ((-50.5796 133.2319)),133.2319,-50.5796,231,231.935,232.84973145,,12.5,3.68,-2.68,0,-2.06,0.094,0,1023.25,,,36.65667116,,36.82,8.508,0.902,4.115,248.9100783,317.81,0,-8,333.0178,334.0386,,,,1.910471,2.461992,-1.836719,-1.75434,0,13.1602,65.9,63.4,34.16046479,,34.1572818,,7.9,7.9,-30,7.9254,7.969,8.232,,9.34136173,0.125,310,49.2,319,54.8,20.8,26.2,20.1,24,9998,,0,9.47
underway_1200.33940283,33940283,201011040,2011-03-21T20:00:00,20110321200000,MULTIPOINT ((-50.6235 133.1472)),133.1472,-50.6235,230.2,232.584,233.74511719,,12.6,2.27,-0.07,0,-2.55,0.094,0,1023.28,,,36.65885882,,36.8,8.482,0.902,4.121,249.25921511,318.09,0,-8,333.7502,334.7635,,,,1.910451,2.461992,0,-1.754381,204.8213,13.14666,66.3,64.8,34.16000769,,34.16114216,,7.8,7.8,-30,7.8707,7.8995,8.2364,,9.33969792,0.117,314,46.3,323,51.3,17.3,22.4,17,20.7,9998,,3148.8,9.47
underway_1200.33940403,33940403,201011040,2011-03-21T20:20:00,20110321202000,MULTIPOINT ((-50.6691 133.0618)),133.0618,-50.6691,229.9,232.106,233.27819824,,13,2.56,-0.69,0,-1.81,0.094,0,1023.27,,,36.66213882,,36.79,,0.861,4.105,249.43562981,318.41,0,-8,333.7135,334.7279,,,,1.910462,2.154244,0,0,-204.8254,13.1467,70.3,68.4,34.15885724,,34.15499788,,7.9,7.8,-30,7.8633,7.8925,8.1623,,9.34968013,0.111,320,53.5,331,61.1,19.5,23.3,19.5,21.2,9998,,3156.56,9.47
underway_1200.33940523,33940523,201011040,2011-03-21T20:40:00,20110321204000,MULTIPOINT ((-50.7156 132.9771)),132.9771,-50.7156,228.5,232.484,233.43200684,,12.6,3.03,-3.12,0,-2.04,0.094,0,1023.39,,,36.5724588,,36.78,8.441,0.9266,4.104,250.0907267,319.25,0,-8,333.3945,334.4831,,,,1.910491,2.154244,0,0,204.8325,13.13996,71.1,69.2,34.11149263,,34.10570049,,7.8,7.8,-30,7.7999,7.8439,8.2605,,9.30391603,0.106,314,45.6,324,51.8,16.9,21.8,16.8,20,9998,,3092.52,9.43
underway_1200.33940643,33940643,201011040,2011-03-21T21:00:00,20110321210000,MULTIPOINT ((-50.7624 132.893)),132.893,-50.7624,228.2,232.563,233.67370605,,12.8,0.94,-0.08,0.1,-2.16,0.094,0,1023.43,,,36.49373467,,36.83,8.44,0.8282,4.108,250.69774776,320.32,0,-8,333.2282,334.3423,,,,2.547263,2.461992,0,1.754605,0,13.1332,71.6,69.8,34.22522689,,34.21233368,,7.8,7.7,-30,7.7668,7.816,7.5457,,9.10718813,0.102,316,43.6,326,50,15.3,20.3,15.5,18.7,9998,,3160.24,9.26
underway_1200.33940763,33940763,201011040,2011-03-21T21:20:00,20110321212000,MULTIPOINT ((-50.8096 132.8075)),132.8075,-50.8096,228.6,232.741,233.80004883,,13,0.75,0,0,-1.98,0.094,0,1023.52,,,35.80041462,,37,8.451,0.779,,253.47936523,323.77,0,-8,334.334,334.308,,,,7.641921,7.693725,1.83675,1.754484,0,13.12603,73.6,72.2,34.02477636,,34.0163108,,7.8,7.7,-30,7.7864,7.8091,7.3956,,8.5547431,0.098,319,44.8,327,49.7,15.3,20.1,15.3,18.6,9998,,3707.37,8.72
underway_1200.33940883,33940883,201011040,2011-03-21T21:40:00,20110321214000,MULTIPOINT ((-50.857 132.7219)),132.7219,-50.857,228,232.084,233.37158203,,13,1.2,-0.16,0,-2.13,0.094,20,1023.35,,,35.5959293,,37.02,8.474,0.6888,4.103,254.86585927,325.47,0,-8,334.0539,335.2078,,,,22.92585,24.00442,9.183749,8.772943,-204.8456,13.12635,68.3,66.5,33.95908309,,33.96409684,,7.6,7.7,-30,7.7306,7.7743,7.328,,8.38447813,0.095,320,56.8,331,65.5,23.2,26.2,23,23.7,9998,,3164.47,8.56
underway_1200.33941003,33941003,201011040,2011-03-21T22:00:00,20110321220000,MULTIPOINT ((-50.9045 132.6364)),132.6364,-50.9045,229.5,232.682,233.75610352,,13.1,1.25,-0.09,0,-1.59,0.094,90,1023.26,,,35.52485713,,37.04,8.435,0.6724,4.101,255.48686699,326.26,0,-8,333.05,333.9232,,,,54.12995,57.24132,23.87775,24.56364,0,13.11971,73.9,72.6,33.98132096,,33.98330214,,7.6,7.6,-30,7.7313,7.7325,7.1974,,8.28650365,0.092,320,53.7,331,61.1,20.6,24.3,20.5,22.1,9998,,3308.48,8.46
underway_1200.33941123,33941123,201011040,2011-03-21T22:20:00,20110321222000,MULTIPOINT ((-50.9521 132.549)),132.549,-50.9521,228.7,232.641,233.32214355,,12.9,2.67,-2.48,1.02,-3.16,0.094,130,1023.14,,,35.62326898,,37.01,8.465,0.6642,4.126,255.08915305,325.77,0,-8,334.8082,334.7882,,,,68.14258,70.78228,31.22433,31.5826,0,13.11973,72.8,70.8,33.98949864,,33.99065899,,7.6,7.5,-30,7.6802,7.6908,7.2719,,8.38701003,0.09,326,54.4,335,61.6,18,20.8,18.2,19,9998,,3316.99,8.55
underway_1200.33941243,33941243,201011040,2011-03-21T22:40:00,20110321224000,MULTIPOINT ((-50.9989 132.4619)),132.4619,-50.9989,229.4,232.673,233.58581543,,13,1.07,-0.61,0,-2.81,0.094,300,1023.01,,,35.43957713,,37.07,8.441,0.5412,4.116,256.35582284,327.55,0,-8,335.0524,334.8927,,,,151.2508,158.183,73.46998,77.20417,-204.8516,13.1062,73.5,72.3,34.05067203,,34.05576379,,7.5,7.5,-30,7.7289,7.7117,6.9052,,8.11808751,0.09,345,71.7,355,81.4,19.6,18.3,20,16.3,9998,,3255.56,8.31
underway_1200.33941363,33941363,201011040,2011-03-21T23:00:00,20110321230000,MULTIPOINT ((-51.0458 132.3731)),132.3731,-51.0458,230.2,232.027,233.39904785,,13.2,1.55,-0.69,0,-1.34,0.094,310,1022.74,,,35.24274566,,37.08,8.511,0.5166,4.137,257.42169574,328.77,0,-8,337.3479,337.113,,,,153.4789,158.183,73.46804,77.20046,0,13.10961,74.8,73.1,33.93306787,,33.93012125,,7.5,7.5,-30,7.7848,7.7256,6.867,,8.03074826,0.09,345,68.6,356,80.5,18.4,17.6,19.5,15.9,9998,,3472.13,8.21
underway_1200.33941483,33941483,201011040,2011-03-21T23:20:00,20110321232000,MULTIPOINT ((-51.0917 132.2858)),132.2858,-51.0917,230.1,231.603,232.94311523,,13,2.08,-1.2,1.7,-1.68,0.094,350,1022.7,,,35.16292403,,37.09,8.491,0.4756,4.11,257.90865351,329.48,0,-8,337.4517,337.0084,,,,171.9476,178.8022,82.6537,87.72637,0,13.10624,76.1,74.9,33.9071085,,33.90558883,,7.5,7.5,-30,7.8054,7.7047,6.8422,,7.9679282,0.136,343,70.2,355,82.2,19.6,18.7,20.3,16.6,9998,,3378.53,8.15
underway_1200.33941603,33941603,201011040,2011-03-21T23:40:00,20110321234000,MULTIPOINT ((-51.1376 132.1974)),132.1974,-51.1376,231,232.595,233.52539062,,12.7,3.64,-1.94,2.05,-1.79,0.094,260,1022.4,,,35.23727772,,37.07,8.485,0.5002,4.098,257.61490085,329.02,0,-8,337.2077,336.8349,,,,136.9213,142.1801,64.28626,66.66651,0,13.11973,76.7,76,33.92556907,,33.92262351,,7.5,7.4,-30,7.7569,7.6699,6.8368,,8.03244527,0.137,341,67.4,353,78.3,18.5,18.4,19,16.3,9998,,3219.46,8.21
underway_1200.33941723,33941723,201011040,2011-03-22T00:00:00,20110322000000,MULTIPOINT ((-51.1826 132.1093)),132.1093,-51.1826,231.5,232.474,233.24523926,,12.9,0.98,0,1.04,-0.91,0.094,370,1022.17,,,35.12793422,,37.08,,0.5002,4.102,258.31824957,330.03,0,-8,339.0202,337.8045,,,,185.3179,193.2664,88.16214,91.22928,204.8246,13.10624,77.5,76.7,33.894458,,33.89693246,,7.5,7.4,-30,7.7165,7.649,6.8336,,7.93819514,0.774,342,71.3,353,82.3,20.6,20.1,21.1,18,9998,,3411.8,8.13
underway_1200.33941843,33941843,201011040,2011-03-22T00:20:00,20110322002000,MULTIPOINT ((-51.2265 132.0216)),132.0216,-51.2265,231.9,232.301,233.3770752,,12.6,1.43,0,1.32,-1.19,0.094,540,1021.97,,,35.38489038,,37.04,8.482,0.3854,4.117,256.69919913,327.81,0,-8,340.6066,339.5781,,,,252.8315,261.5867,121.2254,126.3162,0,13.09275,77.6,76.7,33.9336532,,33.9292101,,7.5,7.5,-30,7.8319,7.7882,7.0025,,8.18838366,1.14,347,76.1,1,92.4,20.4,19,22.1,17.3,30,,3706.23,8.35
underway_1200.33941963,33941963,201011040,2011-03-22T00:40:00,20110322004000,MULTIPOINT ((-51.2701 131.9327)),131.9327,-51.2701,231.9,232.616,233.62426758,,12.6,2.71,-0.99,1.29,-1.21,0.094,640,1021.85,,,35.32475275,,37.04,7.337,0.3444,4.096,257.31430131,328.5,0,-8,341.1549,340.2072,,,,304.1063,315.7505,146.9394,154.3869,0,13.10624,78.2,77.5,33.93393323,,33.93639693,,7.6,7.6,-30,7.941,7.9134,7.0187,,8.11469785,7.1,346,73.3,358,87.9,19.1,18.2,20.8,16.8,20,,3706.36,8.29
underway_1200.33942083,33942083,201011040,2011-03-22T01:00:00,20110322010000,MULTIPOINT ((-51.3131 131.8453)),131.8453,-51.3131,231.7,232.678,233.55834961,,12.5,2.32,-0.96,0.63,-1.38,0.094,910,1021.58,,,35.45159068,,37.02,8.474,0.246,4.102,256.33134567,327.3,0,-8,343.192,342.3306,,,,436.233,456.0841,216.7308,224.5572,204.818,13.09275,79.1,78.2,33.93827987,,33.935606,,7.8,7.7,-30,8.1455,8.1216,7.1317,,8.25522259,7.1,345,75.6,358,90.3,20.9,19.6,22.4,18.1,20,,3389.95,8.42
underway_1200.33942203,33942203,201011040,2011-03-22T01:20:00,20110322012000,MULTIPOINT ((-51.3559 131.7584)),131.7584,-51.3559,232.3,232.847,233.86047363,,12.3,1.97,-1.44,1.25,-2.44,0.094,900,1021.33,,,35.88022284,,36.88,8.391,0.287,4.104,254.02805979,323.93,0,-8,343.6861,342.4444,,,,414.5769,433.9261,203.8737,214.0242,0,13.09275,78.8,77.7,33.89239299,,33.88078648,,8,8,-30,8.4429,8.3572,7.6151,,8.78332105,7.1,339,71.7,352,85.4,21.7,21.5,22.8,19.7,20,,3705.8,8.9
underway_1200.33942323,33942323,201011040,2011-03-22T01:40:00,20110322014000,MULTIPOINT ((-51.3989 131.6715)),131.6715,-51.3989,231.2,232.867,233.24523926,,12.6,1.66,-1.36,1.07,-1.47,0.094,780,1021.44,,,35.93162737,,36.91,6.949,0.2788,4.108,253.37071831,323.38,0,-8,343.0015,341.6491,,,,367.4417,383.4553,180.0014,185.9671,0,13.09275,79.3,78.2,33.96144758,,33.96456057,,8.1,8,-30,8.5067,8.4125,7.7328,,8.75227403,1.28,340,70.8,352,83.2,20.4,20.2,21.6,18.6,30,,3549.22,8.9
underway_1200.33942443,33942443,201011040,2011-03-22T02:00:00,20110322020000,MULTIPOINT ((-51.442 131.5869)),131.5869,-51.442,230.7,232.563,233.41552734,,12.1,2.25,-1.22,0.33,-1.04,0.094,760,1021.25,,,36.23016894,,36.91,1.896,0.246,4.103,250.89190118,320.34,0,-8,343.6354,341.4837,,,,310.1228,322.521,150.6109,154.3811,204.8154,13.07919,79.2,78.1,34.05770397,,34.05495582,,8.2,8.1,-30,8.6319,8.5922,7.8634,,8.98435493,0.898,338,72.1,352,87.2,22,21.8,23.3,20,30,,3706.31,9.13
underway_1200.33942563,33942563,201011040,2011-03-22T02:20:00,20110322022000,MULTIPOINT ((-51.485 131.5037)),131.5037,-51.485,229.7,231.804,232.82775879,,11.9,1.9,-0.46,1.61,-1.62,0.094,980,1020.87,,,36.00491295,,36.97,-0.253,0.2132,4.106,252.51351742,322.69,0,-8,342.3578,340.924,,,,452.7551,469.625,225.9202,235.0792,0,13.07926,81.1,80,34.12681394,,34.13557066,,8,7.9,-30,8.5786,8.4816,7.4869,,8.65484303,0.758,339,75.3,354,91.9,22.7,21.9,24.3,20.2,30,,3451.39,8.85
underway_1200.33942683,33942683,201011040,2011-03-22T02:40:00,20110322024000,MULTIPOINT ((-51.528 131.4217)),131.4217,-51.528,229.4,232.041,232.99255371,,11.8,1.89,-0.74,0.21,-1.23,0.094,1310,1020.77,,,35.59813703,,37.08,4.9,0.205,4.112,254.71454185,325.68,0,-8,344.6835,343.3537,,,,611.3196,637.656,312.2475,322.7889,0,13.06551,81.2,80.4,34.12513284,,34.13850855,,8,7.9,-30,8.64,8.5369,7.0709,,8.20700383,0.688,338,75.7,352,90.4,23.3,22.5,24.4,20.6,30,,3705.97,8.44
underway_1200.33942803,33942803,201011040,2011-03-22T03:00:00,20110322030000,MULTIPOINT ((-51.5707 131.3401)),131.3401,-51.5707,230.7,232.306,233.32214355,,11.9,1.96,-0.4,1.63,-1.76,0.094,1070,1020.65,,,35.28977131,,37.11,5.739,0.2542,,256.6577246,328.03,0,-8,348.2556,347.2591,,,,519.3045,543.7926,255.3082,270.1514,0,13.06574,82.8,82,34.00004008,,34.00437994,,7.7,7.7,-30,8.3504,8.2464,6.8598,,8.00613672,0.645,340,74.8,353,87.9,22.3,21.6,23.2,19.8,30,,3462.91,8.22
underway_1200.33942923,33942923,201011040,2011-03-22T03:20:00,20110322032000,MULTIPOINT ((-51.6124 131.2576)),131.2576,-51.6124,231,232.632,233.28918457,,12.1,1.9,-0.21,0.8,-0.69,0.094,1220,1020.34,,,35.14434474,,37.15,6.785,0.164,4.105,257.32021525,328.8,0,-8,344.7852,343.5452,,,,529.1682,553.3327,264.478,277.1872,0,13.06576,84.3,83.5,33.97737266,,33.97820124,,7.6,7.6,-30,8.2616,8.1493,6.7197,,7.87273516,0.558,340,74.4,354,89.5,22.1,21.5,23.3,19.6,30,,3706.36,8.09
underway_1200.33943043,33943043,201011040,2011-03-22T03:40:00,20110322034000,MULTIPOINT ((-51.6548 131.1746)),131.1746,-51.6548,230.1,231.296,231.98730469,,12.3,4.04,-1.13,1.03,-1.36,0.094,1220,1020.01,,,35.09295202,,37.15,,0.1968,4.107,257.78060111,329.32,0,-8,345.3398,344.0346,,,,573.7474,600.7261,288.3687,305.2553,0,13.0792,84.2,83.4,33.95147293,,33.95195444,,7.7,7.6,-30,8.3714,8.2464,6.6794,,7.84295911,0.513,343,80.3,358,97.9,23.5,21.8,25.4,20.3,30,,3764.74,8.05
underway_1200.33943163,33943163,201011040,2011-03-22T04:00:00,20110322040000,MULTIPOINT ((-51.6967 131.0931)),131.0931,-51.6967,231,232.822,233.59130859,,11.6,2.52,-2.27,0.58,-0.67,0.094,1530,1019.59,,,35.10935325,,37.13,6.992,0.1968,4.112,257.93565073,329.66,0,-8,346.945,342.4445,,,,631.0551,665.3535,323.2626,343.848,0,13.06576,83.9,83.3,33.95005323,,33.95467565,,7.9,7.7,-30,8.6886,8.3572,6.8167,,7.85827419,0.496,345,84,0,101.9,25.5,23.3,26.8,21.3,30,,3706.3,8.07
underway_1200.33943283,33943283,201011040,2011-03-22T04:20:00,20110322042000,MULTIPOINT ((-51.7388 131.0114)),131.0114,-51.7388,231.8,232.799,233.42102051,,11.6,3.24,-1.29,1.54,-0.58,0.094,1580,1019.32,,,35.28430673,,37.11,3.143,0.1804,4.121,257.01212383,328.59,0,-8,341.7079,338.3991,,,,684.5439,747.8303,387.5408,406.9964,0,13.05553,83.8,84.2,34.03020117,,34.02579183,,8,7.7,-30,9.0458,8.6198,6.7785,,7.9781193,0.509,347,79.6,1,100.1,20.2,18.5,24.7,19.6,30,,3704.73,8.18
underway_1200.33943403,33943403,201011040,2011-03-22T04:40:00,20110322044000,MULTIPOINT ((-51.7792 130.9316)),130.9316,-51.7792,232.6,232.808,233.77258301,,11.7,1.43,-1.41,1.05,-0.79,0.094,1350,1019.31,,,35.10060868,,37.13,,0.164,4.113,258.19905529,330.12,0,-8,341.46,340.9245,,,,617.0444,662.2759,321.4168,343.8259,0,13.03853,85.3,85.8,33.97476663,,33.97677288,,7.9,7.7,-30,8.7988,8.4816,6.6753,,7.82593818,0.484,344,77.1,359,95,20.5,19.4,22.6,18.2,30,,3705.93,8.04
underway_1200.33943523,33943523,201011040,2011-03-22T05:00:00,20110322050000,MULTIPOINT ((-51.82 130.851)),130.851,-51.82,230.4,220.856,233.49243164,,11.7,0,0,0,0,0.094,1060,1018.94,,,35.09185878,,37.11,5.925,0.2132,,258.40377818,330.21,0,-8,343.6767,342.1651,,,,478.2253,505.0162,242.4467,256.1282,0,13.03878,86.3,85.8,33.94698289,,33.95326481,,7.8,7.7,-30,8.441,8.3018,6.812,,7.84040625,0.467,339,74,352,88.2,22.1,21.5,23.2,19.8,30,,3547.33,8.06
underway_1200.33943643,33943643,201011040,2011-03-22T05:20:00,20110322052000,MULTIPOINT ((-51.8608 130.7707)),130.7707,-51.8608,230.3,233.198,234.0802002,,11.6,4.45,-2.46,1.35,-1.66,0.094,950,1018.65,,,35.19792186,,37.09,3.12,0.2706,4.09,257.87412788,329.65,0,-8,343.2933,341.8856,,,,437.4711,454.8531,222.2349,231.562,0,13.03878,86.6,86.4,33.98075657,,33.98110291,,7.8,7.7,-30,8.3651,8.2464,6.7843,,7.9288477,0.438,341,77.7,354,92.2,22.4,21.2,23.7,19.8,30,,0,8.14
underway_1200.33943763,33943763,201011040,2011-03-22T05:40:00,20110322054000,MULTIPOINT ((-51.9016 130.6898)),130.6898,-51.9016,232.5,233.061,233.88793945,,11.3,2.97,-1.7,0.68,-0.84,0.094,750,1018.47,,,35.19573351,,37.09,2.077,0.2952,4.108,257.79733427,329.39,0,-8,342.9801,341.5358,,,,335.904,348.9874,167.1357,175.4323,204.8145,13.05194,86.9,86.5,33.96669998,,33.96800652,,7.8,7.7,-30,8.303,8.1771,6.8185,,7.93989454,0.423,339,80.4,355,96.7,25.3,24.5,25.9,22,30,,3599.62,8.15
underway_1200.33943883,33943883,201011040,2011-03-22T06:00:00,20110322060000,MULTIPOINT ((-51.9419 130.6099)),130.6099,-51.9419,230.7,233.05,233.98681641,,11.9,1.74,-1.01,0.69,-1.23,0.094,620,1017.83,,,35.02080481,,37.18,6.853,0.4018,4.107,258.74788813,331.07,0,-8,342.7705,341.0118,,,,289.737,300.9786,141.4283,147.3627,-204.8139,13.03844,87,87.4,34.08544911,,34.09328897,,7.8,7.7,-30,8.2616,8.0731,6.4345,,7.6187815,0.418,343,81.9,358,98.9,24.7,23,25.8,20.8,30,,3658.75,7.88
underway_1200.33944003,33944003,201011040,2011-03-22T06:20:00,20110322062000,MULTIPOINT ((-51.982 130.5305)),130.5305,-51.982,231.2,233.658,234.17358398,,11.5,2.5,-2.31,0.27,-0.97,0.094,560,1017.47,,,34.83710007,,37.17,6.615,0.4346,4.106,259.94157198,332.41,0,-8,341.6235,340.5924,,,,251.53,261.5867,123.0582,129.8186,0,13.04884,87.4,87.3,33.93331536,,33.93630789,,7.8,7.6,-30,8.234,7.9898,6.458,,7.57607564,0.413,339,80.5,357,99.8,26.1,25,27.4,22.6,30,,0,7.81
underway_1200.33944123,33944123,201011040,2011-03-22T06:40:00,20110322064000,MULTIPOINT ((-52.0227 130.4497)),130.4497,-52.0227,231.6,233.342,234.4152832,,11.5,3.76,-2.72,1.37,-2.3,0.094,550,1017.36,,,34.97158212,,37.11,7.067,0.4428,4.106,259.60090414,331.66,0,-8,340.9964,339.5175,,,,252.8035,261.5867,124.8988,129.8202,0,13.03877,88.1,87,33.91641232,,33.91668027,,7.8,7.7,-30,8.1096,7.9898,6.6382,,7.74502862,0.414,342,80.3,358,98.1,25.6,24.2,26.8,22.1,30,,3526.79,7.95
underway_1200.33944243,33944243,201011040,2011-03-22T07:00:00,20110322065959,MULTIPOINT ((-52.0632 130.3676)),130.3676,-52.0632,230.1,232.129,232.86621094,,12.1,1.32,-0.59,1.67,-2.44,0.094,480,1017.19,,,35.16729819,,37.07,6.895,0.41,,258.15171773,329.81,0,-8,340.9269,339.5518,,,,227.969,237.5822,113.8763,119.2985,0,13.03874,88.8,87.9,33.91401114,,33.91027693,,7.8,7.7,-30,8.0957,7.9967,6.8685,,7.9679282,0.406,340,80.3,357,98.3,26.5,25,28,23,30,,3706.28,8.16
underway_1200.33944363,33944363,201011040,2011-03-22T07:20:00,20110322072000,MULTIPOINT ((-52.1044 130.2887)),130.2887,-52.1044,229.4,233.118,233.93188477,,11.4,2.91,-2.28,1.58,-3.15,0.094,390,1016.73,,,35.13778566,,37.06,5.003,0.492,4.103,259.02789546,331,0,-8,339.5016,338.1278,,,,189.1251,196.3439,93.67202,98.24252,0,13.05228,89.3,88.3,33.98371757,,33.98938594,,7.7,7.6,-30,8.0127,7.9273,6.7385,,7.85402036,0.388,341,80.2,355,96.2,25.9,24.1,27.4,22.7,30,,3705.71,8.08
underway_1200.33944483,33944483,201011040,2011-03-22T07:40:00,20110322074000,MULTIPOINT ((-52.1464 130.2086)),130.2086,-52.1464,230.1,233.054,233.06396484,,12,2.81,-0.99,2.97,-2.82,0.094,320,1016.54,,,35.1006082,,37.09,7.759,0.5822,4.103,258.82421475,330.85,0,-8,339.3565,339.1329,,,,157.2884,162.1837,78.97844,80.69906,0,13.03825,89.4,88.3,33.96978916,,33.97262452,,7.7,7.6,-30,7.9839,7.9134,6.6952,,7.83019383,0.388,337,75.8,351,91.6,24.6,23.8,26,22.1,30,,3652.61,8.05
underway_1200.33944603,33944603,201011040,2011-03-22T08:00:00,20110322080000,MULTIPOINT ((-52.19 130.1287)),130.1287,-52.19,227.6,232.401,233.39355469,,11.9,4.4,-2.01,2.11,-4.04,0.094,250,1016.67,,,35.16950335,,37.1,5.871,0.6396,4.11,258.57772187,330.67,0,-8,337.7964,337.5685,,,,127.6756,132.3321,62.44919,66.66856,204.8277,13.03871,89.7,88.6,34.06042059,,34.06671396,,7.7,7.6,-30,7.874,7.816,6.5926,,7.80976422,0.379,340,79.1,355,96.6,26.4,24.9,27.8,23,30,,0,8.04
underway_1200.33944723,33944723,201011040,2011-03-22T08:20:00,20110322082000,MULTIPOINT ((-52.2318 130.0482)),130.0482,-52.2318,230.4,233.054,233.73413086,,11.8,3.57,-2.64,1.26,-2.95,0.094,60,1016.07,,,34.70699276,,37.2,,0.6806,4.093,260.83485112,333.57,0,-8,337.0914,336.8347,,,,49.35218,51.08634,20.20335,21.0535,0,13.03876,89.9,89.1,33.94641311,,33.94928095,,7.6,7.4,-30,7.7336,7.6699,6.2519,,7.41867866,0.367,339,81.3,355,98,27,25.6,28.2,23.6,30,,3741.7,7.67
underway_1200.33944843,33944843,201011040,2011-03-22T08:40:00,20110322084000,MULTIPOINT ((-52.274 129.9669)),129.9669,-52.274,229.8,232.177,234.0802002,,13.5,3.54,-2.33,2.04,-4.37,0.094,50,1015.8,,,34.6698159,,37.19,2.272,0.6724,4.101,261.38397908,334.19,0,-8,336.2452,336.1706,,,,40.75651,41.54612,18.3674,19.29954,204.8356,13.04216,90.6,89.7,33.91810826,,33.92062626,,7.4,7.4,-30,7.5649,7.5374,6.3232,,7.40668735,0.369,340,74.5,355,90.1,24.1,23.6,25.5,21.4,30,,3706.27,7.64
underway_1200.33944963,33944963,201011040,2011-03-22T09:00:00,20110322090000,MULTIPOINT ((-52.3136 129.8896)),129.8896,-52.3136,229.2,233.495,233.90991211,,11.4,4.74,-2.82,1.83,-2.01,0.094,10,1015.82,,,34.74307177,,37.23,1.75,0.656,4.097,260.09675219,332.56,0,-8,337.0954,336.0308,,,,20.37929,21.23468,9.183626,8.772372,0,13.03878,91,90,33.93931995,,33.937295,,7.5,7.4,-30,7.5335,7.5095,6.3185,,7.47090097,0.361,339,81.4,354,98.3,28.2,26.5,29.3,24.4,30,,3706.48,7.69
underway_1200.33945083,33945083,201011040,2011-03-22T09:20:00,20110322091959,MULTIPOINT ((-52.355 129.8091)),129.8091,-52.355,229.6,231.648,232.67944336,,11.8,3.13,-1.57,1,-1.41,0.094,0,1015.48,,,34.69278112,,37.23,5.096,0.7954,4.108,260.77511387,333.72,0,-8,336.9225,335.8208,,,,8.915907,9.232471,1.836749,1.754525,0,13.03878,91.2,90.6,33.96709545,,33.96492051,,7.5,7.3,-30,7.499,7.4677,6.2097,,7.38698259,0.366,343,80.9,359,101.3,24,22,27.3,21.7,30,,3823.8,7.62
underway_1200.33945203,33945203,201011040,2011-03-22T09:40:00,20110322094000,MULTIPOINT ((-52.3961 129.7281)),129.7281,-52.3961,228.7,231.31,232.50366211,,11.6,4.25,-3.56,1.63,-4.01,0.094,0,1015.21,,,34.64030036,,37.24,2.597,0.7954,4.1,261.23553316,334.23,0,-8,336.6751,336.6509,,,,3.184285,3.692988,0,-1.754572,204.8436,13.03878,91.6,91.2,33.95997473,,33.95997473,,7.4,7.3,-30,7.4496,7.4188,6.1438,,7.33383593,0.357,348,91.5,358,103.2,29.2,26,29.8,24.4,30,,3706.02,7.56
underway_1200.33945323,33945323,201011040,2011-03-22T10:00:00,20110322100000,MULTIPOINT ((-52.4377 129.6481)),129.6481,-52.4377,229.2,232.812,233.63525391,,10.9,3.41,-0.48,0.85,-3.1,0.094,0,1015.02,,,34.54955219,,37.28,3.731,0.7872,4.091,261.3844754,334.43,0,-8,336.5986,335.3316,,,,1.910608,2.461992,-1.83675,-1.754522,0,13.03834,92,91.1,33.94127245,,33.94281514,,7.4,7.2,-30,7.4343,7.3699,6.0963,,7.25060068,0.356,347,84.8,360,102.2,23.8,21.2,26.4,21,30,,3706.06,7.48
underway_1200.33945443,33945443,201011040,2011-03-22T10:20:00,20110322101959,MULTIPOINT ((-52.4788 129.5691)),129.5691,-52.4788,228.7,233.615,235.00854492,,10.9,1.98,-1.5,1.37,-3,0.094,0,1014.76,,,34.62717564,,37.23,5.39,0.8692,4.093,261.38595574,334.17,0,-8,336.9237,335.681,,,,1.910544,2.461992,0,-1.754534,0,13.03877,91.6,91.1,33.92114306,,33.91876314,,7.5,7.3,-30,7.4992,7.4397,6.2241,,7.36127183,0.358,344,84.3,0,103.4,25.8,23.5,27.8,22.3,30,,0,7.57
underway_1200.33945563,33945563,201011040,2011-03-22T10:40:00,20110322104000,MULTIPOINT ((-52.5202 129.4907)),129.4907,-52.5202,229.5,232.66,233.53637695,,11.5,1.49,-0.58,0.96,-1.95,0.094,0,1014.69,,,34.69058866,,37.22,7.947,0.8528,,260.8428978,333.7,0,-8,337.3116,336.0293,,,,1.910519,2.154244,0,-1.754652,0,13.03878,91.3,90.6,33.91656348,,33.91467737,,7.6,7.4,-30,7.5767,7.5095,6.2722,,7.4358053,0.361,345,85.8,0,103.3,26.1,23.5,27.9,22.2,9998,,3706.08,7.64
underway_1200.33945683,33945683,201011040,2011-03-22T11:00:00,20110322110000,MULTIPOINT ((-52.5625 129.4113)),129.4113,-52.5625,230.4,233.407,234.10217285,,11.6,1.74,-0.79,2.98,-3.35,0.094,0,1014.17,,,34.72776668,,37.22,8.754,0.9102,4.097,260.66693415,333.49,0,-8,336.589,336.3089,,,,1.910486,2.461992,0,0,0,13.03878,91.1,90.4,33.95422358,,33.95254477,,7.6,7.4,-30,7.6335,7.5653,6.292,,7.43837392,0.368,345,87.4,0,104,28.5,25.9,28.5,22.9,9998,,3695.62,7.65
underway_1200.33945803,33945803,201011040,2011-03-22T11:20:00,20110322112000,MULTIPOINT ((-52.6049 129.3327)),129.3327,-52.6049,227.2,231.576,232.87719727,,11.4,2.98,-2.91,1.42,-3.47,0.094,0,1013.61,,,34.73979257,,37.21,8.434,0.9184,4.11,260.76005785,333.38,0,-8,338.0975,336.8683,,,,1.910411,1.538745,0,-1.754593,-204.8461,13.03878,90.7,90.1,33.94547134,,33.94463273,,7.7,7.6,-30,7.7334,7.6768,6.306,,7.45977511,0.374,351,96.2,1,108.1,28.4,23.6,29.4,22.7,9998,,3706.1,7.66
underway_1200.33945923,33945923,201011040,2011-03-22T11:40:00,20110322114000,MULTIPOINT ((-52.6471 129.2554)),129.2554,-52.6471,228.6,232.64,233.37158203,,11.5,3.16,-1.59,2.3,-3.01,0.094,0,1013.78,,,34.4762998,,37.3,8.298,0.7954,4.083,261.86219846,334.98,0,-8,337.1582,336.7981,,,,1.910419,2.154244,0,0,-204.8455,13.03162,90.7,90.1,33.94102796,,33.94137754,,7.7,7.5,-30,7.747,7.6629,5.9936,,7.17069852,0.374,347,87.7,360,103.2,26.1,22.7,27.8,21.8,9998,,3888.38,7.4
underway_1200.33946043,33946043,201011040,2011-03-22T12:00:00,20110322120000,MULTIPOINT ((-52.6885 129.1773)),129.1773,-52.6885,229,231.421,232.68493652,,11.1,2.63,-3,2.02,-3.58,0.094,0,1013.42,,,34.41288595,,37.33,8.459,0.738,4.096,261.98323002,335.24,0,-8,338.8999,338.7036,,,,1.91039,2.154244,0,-1.7546,0,13.032,90.7,90.3,33.92277981,,33.92362695,,7.6,7.5,-30,7.6925,7.6141,5.9923,,7.11823665,0.373,346,88.6,359,102.9,28.2,25.1,29,23.5,9998,,3705.76,7.34
underway_1200.33946163,33946163,201011040,2011-03-22T12:20:00,20110322122000,MULTIPOINT ((-52.7297 129.0995)),129.0995,-52.7297,228.3,231.806,233.19030762,,11.4,2.12,-0.63,1.25,-2.59,0.094,0,1013.16,,,34.48176493,,37.3,8.547,0.8774,4.102,261.87850779,335.16,0,-8,335.8141,335.5486,,,,1.91036,2.461992,0,-1.754547,0,13.01145,90.7,90.3,33.93247903,,33.92874747,,7.6,7.5,-30,7.6797,7.6281,6.0274,,7.1896089,0.368,343,81.4,358,99.9,24.3,22.3,26.5,21.3,9998,,3798.53,7.4
underway_1200.33946283,33946283,201011040,2011-03-22T12:40:00,20110322124000,MULTIPOINT ((-52.771 129.0212)),129.0212,-52.771,231.6,21.889,234.89318848,,11,0,0,0,0,0.094,0,1012.78,,,34.47083218,,37.32,2.108,0.8692,,261.62458989,334.8,0,-8,340.6386,341.1674,,,,1.910376,2.461992,-1.836727,0,0,13.02176,90.9,90.4,33.93032324,,33.9320149,,7.7,7.5,-30,7.6375,7.6768,6.0031,,7.17413718,0.37,348,87.1,359,101.5,25,22.2,27.6,22.4,9998,,3706.71,7.39
underway_1200.33946403,33946403,201011040,2011-03-22T13:00:00,20110322130000,MULTIPOINT ((-52.8119 128.9434)),128.9434,-52.8119,226.3,232.229,232.90466309,,11.2,1.71,-0.88,2.42,-6.79,0.099,0,1012.17,,,34.40523448,,37.33,,0.779,4.13,262.16706896,335.56,0,-8,339.1099,338.5636,,,,1.910369,2.461992,-1.836736,-1.754632,0,13.02527,91.8,91.3,33.93678371,,33.93813,,7.7,7.5,-30,7.5334,7.5863,5.9525,,7.09500241,0.383,347,91.1,356,101,28.6,25.2,29.4,24.3,9998,,3706.15,7.32
underway_1200.33946523,33946523,201011040,2011-03-22T13:20:00,20110322132000,MULTIPOINT ((-52.8537 128.8644)),128.8644,-52.8537,228.5,231.614,232.38830566,,11.5,2.44,-0.48,0.69,-2.15,0.099,0,1011.59,,,34.42163443,,37.32,8.481,0.7544,4.109,262.3451144,335.64,0,-8,339.3519,339.0877,,,,1.910381,2.461992,0,-1.754609,0,13.01136,91.4,90.7,33.9387883,,33.94168145,,7.7,7.6,-30,7.5817,7.6908,5.9549,,7.10963234,0.376,350,94.5,360,107.6,29.7,25.6,32.6,26.4,9998,,3706.14,7.32
underway_1200.33946643,33946643,201011040,2011-03-22T13:40:00,20110322134000,MULTIPOINT ((-52.8932 128.788)),128.788,-52.8932,242.2,251.951,252.90527344,,6.1,3.24,-2.12,2.74,-5.51,0.099,0,1011.07,,,34.43584869,,37.33,7.942,0.7544,4.091,262.02333148,335.49,0,-8,342.0579,343.8764,,,,1.910409,2.461992,0,-1.754624,-204.8497,13.01179,90.6,90,33.95690149,,33.95301032,,7.8,7.7,-30,7.7196,7.7882,5.9283,,7.11393463,0.374,344,81.4,1,98.5,31.3,30.7,30.7,28.4,9998,,3706.6,7.33
underway_1200.33946763,33946763,201011040,2011-03-22T14:00:00,20110322140000,MULTIPOINT ((-52.9292 128.7214)),128.7214,-52.9292,229.2,231.885,232.74536133,,11.6,3.01,-0.7,4.38,-3.57,0.099,0,1010.76,,,34.39430059,,37.32,6.038,0.7216,4.106,262.56005434,335.92,0,-8,340.3231,341.7264,,,,1.910401,2.461992,-1.836744,-1.75464,0,13.01114,90.1,89.3,33.93667722,,33.93038971,,7.8,7.6,-30,7.7754,7.7882,5.9012,,7.09069887,0.362,337,83,355,103,31.4,29.6,32.4,26.9,9998,,5559.3,7.3
underway_1200.33946883,33946883,201011040,2011-03-22T14:20:00,20110322142000,MULTIPOINT ((-52.9719 128.6418)),128.6418,-52.9719,229.2,233.838,234.27246094,,11.6,2.95,-1.07,1.99,-2.96,0.099,0,1010.18,,,34.40523236,,37.29,7.996,0.8036,4.092,262.92558557,336.43,0,-8,320.4572,323.5925,,,,1.910393,2.154244,0,-1.754614,0,13.01178,89.7,89.3,33.92102909,,33.91948155,,7.8,7.7,-30,7.8312,7.816,5.9575,,7.11393463,0.359,338,80.6,351,95.3,28.6,27.1,30,25.6,9998,,3706.7,7.32
underway_1200.33947003,33947003,201011040,2011-03-22T14:40:00,20110322144000,MULTIPOINT ((-53.0147 128.5623)),128.5623,-53.0147,229.1,231.687,233.43200684,,11.4,3.19,-1.48,5.48,-7.99,0.099,0,1009.91,,,34.4216328,,37.3,8.651,0.7872,4.163,262.62808635,336.09,0,-8,326.8856,329.2038,,,,1.910367,2.461992,0,-1.754565,0,12.99427,90.7,90.5,33.92607743,,33.92727453,,7.7,7.5,-30,7.7073,7.649,5.968,,7.124259,0.366,348,93.7,358,105.3,33.4,29,34,27.7,9998,,3707.1,7.33
underway_1200.33947123,33947123,201011040,2011-03-22T15:00:00,20110322150000,MULTIPOINT ((-53.0572 128.4839)),128.4839,-53.0572,229.5,232.787,233.75610352,,11.7,3.74,-1.38,3.28,-5.19,0.099,0,1009.39,,,34.44678331,,37.31,9.428,0.7462,4.107,262.45043844,336.08,0,-8,319.8333,322.7196,,,,1.910378,2.461992,0,-1.75463,0,13.00502,90.3,90.1,33.97886682,,33.96668278,,7.7,7.5,-30,7.7068,7.642,5.8544,,7.11221375,0.364,353,99.6,358,106.7,34.1,28.7,35.7,29.2,9998,,3706.31,7.32
underway_1200.33947243,33947243,201011040,2011-03-22T15:20:00,20110322152000,MULTIPOINT ((-53.0997 128.4052)),128.4052,-53.0997,228.7,233.844,234.63500977,,11.2,3.19,-1.7,1.79,-3.86,0.099,0,1008.88,,,34.38664346,,37.29,8.21,0.7216,4.118,262.97002428,336.38,0,-8,329.3209,330.5594,,,,1.910354,2.461992,0,0,0,12.99831,90.1,89.8,33.89784474,,33.89489445,,7.8,7.6,-30,7.791,7.7047,5.9504,,7.11823665,0.364,345,90.9,358,104.4,33.5,30.6,33.4,28.1,9998,,3706.54,7.32
underway_1200.33947363,33947363,201011040,2011-03-22T15:40:00,20110322154000,MULTIPOINT ((-53.1417 128.3281)),128.3281,-53.1417,225.8,233.947,234.87670898,,11.4,3.8,-2.59,3.19,-6.61,0.099,0,1008.42,,,34.14284702,,37.37,7.785,0.779,4.135,264.49160805,338.62,0,-8,329.8784,330.3226,,,,1.910354,1.538745,0,1.7546,204.8468,13.02529,89.6,88.6,33.9450495,,33.94524533,,7.9,7.7,-30,7.9019,7.8717,5.5582,,6.7956633,0.372,349,93.4,358,105.1,30.3,26.6,31.9,26.2,9998,,3538.63,7.03
underway_1200.33947483,33947483,201011040,2011-03-22T16:00:00,20110322160000,MULTIPOINT ((-53.1838 128.2507)),128.2507,-53.1838,227.2,232.97,234.9206543,,11.2,3.22,-1.02,1.17,-2.89,0.099,0,1007.97,,,34.02586407,,37.43,7.47,0.7544,4.094,264.63091267,338.93,0,-8,332.4124,333.784,,,,1.910354,2.154244,0,-1.754561,-204.8422,12.98482,89.8,89.7,33.91023118,,33.90679916,,7.8,7.6,-30,7.8049,7.7047,5.4836,,6.70394877,0.366,343,89.6,358,107,35.1,32.2,37.1,31.3,9998,,3706.21,6.92
underway_1200.33947603,33947603,201011040,2011-03-22T16:20:00,20110322162000,MULTIPOINT ((-53.2262 128.1722)),128.1722,-53.2262,226.8,229.817,231.75109863,,11.5,4.36,-2.51,2.55,-5.69,0.099,0,1007.57,,,33.91981848,,37.43,9.26,0.7462,4.097,265.71857359,340.22,0,-8,321.7118,322.4756,,,,1.910354,2.154244,0,-1.754561,0,13.01155,90.1,89.8,33.90014392,,33.89756175,,7.6,7.5,-30,7.6799,7.5932,5.4036,,6.59476192,0.363,342,88.3,355,103,27.7,24.9,29.5,24.1,9998,,3706.18,6.82
underway_1200.33947723,33947723,201011040,2011-03-22T16:40:00,20110322164000,MULTIPOINT ((-53.269 128.0933)),128.0933,-53.269,227.1,232.959,233.67370605,,11.4,2.02,-0.74,4.74,-5.56,0.099,0,1007,,,33.88483367,,37.42,,0.779,4.153,266.25187152,340.88,0,-8,322.8593,323.9705,,,,1.910354,2.461992,0,-1.754513,0,12.99761,90,89.6,33.88592653,,33.88541818,,7.7,7.6,-30,7.7077,7.6768,5.3784,,6.56787048,0.357,345,91.3,356,105.6,31.3,27.4,34,27.8,9998,,3706.42,6.79
underway_1200.33947843,33947843,201011040,2011-03-22T17:00:00,20110322170000,MULTIPOINT ((-53.3115 128.0131)),128.0131,-53.3115,229.1,232.199,234.66247559,,11.8,2.5,-1.51,5.27,-6.66,0.099,0,1006.75,,,33.79846975,,37.46,8.678,0.7298,4.145,266.46164582,341.4,0,-8,344.9162,347.2332,,,,1.910354,2.461992,0,-1.754464,0,12.98467,90,90,33.89565998,,33.89290893,,7.6,7.4,-30,7.6869,7.6002,5.2528,,6.46367005,0.355,354,99.5,357,105.2,31.1,25.6,35.3,29.1,9998,,3706.21,6.7
underway_1200.33947963,33947963,201011040,2011-03-22T17:20:00,20110322172000,MULTIPOINT ((-53.3536 127.9318)),127.9318,-53.3536,230.6,232.796,234.09667969,,11.7,2.88,-1.4,1.82,-5.05,0.099,0,1006.36,,,33.70335531,,37.45,1.594,0.7626,4.096,267.49723651,342.39,0,-8,344.3588,344.28,,,,1.910354,2.154244,0,0,0,12.97723,90.6,90.4,33.84588372,,33.8474566,,7.5,7.3,-30,7.5757,7.4397,5.2217,,6.40280953,0.361,345,87,359,103.9,28.1,25.7,30.6,25.2,9998,,3706.71,6.63
underway_1200.33948083,33948083,201011040,2011-03-22T17:40:00,20110322174000,MULTIPOINT ((-53.3955 127.8487)),127.8487,-53.3955,228.6,231.481,233.20678711,,12,2.01,-1.31,4.76,-5.68,0.099,0,1005.96,,,33.71428709,,37.44,3.716,0.7134,4.095,267.57799028,342.56,0,-8,346.129,347.4346,,,,1.910357,2.154244,0,0,0,12.99154,90.6,90.3,33.84408287,,33.84494701,,7.4,7.2,-30,7.527,7.4258,5.2346,,6.41759517,0.359,349,95.1,358,105,32.4,29,32.8,27.6,9998,,3706.2,6.64
underway_1200.33948203,33948203,201011040,2011-03-22T18:00:00,20110322180000,MULTIPOINT ((-53.4372 127.764)),127.764,-53.4372,232.2,232.685,234.08569336,,11.6,1.36,-0.12,2.73,-5.74,0.099,0,1005.45,,,33.7186595,,37.45,7.734,0.7462,4.138,267.28603214,342.21,0,-8,347.3405,347.5743,,,,1.910384,2.154244,0,-1.754555,0,12.97132,90.9,90.6,33.84361561,,33.84117963,,7.5,7.3,-30,7.5677,7.4537,5.2422,,6.42629103,0.353,347,92.9,358,104.5,32.3,29.3,32.8,27.6,9998,,3693.31,6.65
underway_1200.33948323,33948323,201011040,2011-03-22T18:20:00,20110322182000,MULTIPOINT ((-53.4787 127.6782)),127.6782,-53.4787,229.5,230.107,231.98181152,,12,3.57,-3.16,3.65,-5.14,0.099,0,1005.33,,,33.71647311,,37.45,4.69,0.7134,,267.40099178,342.32,0,-8,347.5546,347.7141,,,,1.910354,2.154244,0,1.754611,204.8482,12.9848,90.9,90.5,33.83996165,,33.84133516,,7.5,7.3,-30,7.6105,7.4816,5.2706,,6.42368239,0.339,340,85.9,356,103.7,28.7,27.1,30.7,25.7,9998,,3706.24,6.64
underway_1200.33948443,33948443,201011040,2011-03-22T18:40:00,20110322184000,MULTIPOINT ((-53.5196 127.5918)),127.5918,-53.5196,231.9,233.606,235.4699707,,11.7,3.39,-1.07,1.6,-4.48,0.099,0,1004.51,,,33.80502367,,37.42,5.864,0.6806,4.11,266.97640524,341.85,0,-8,347.341,347.5395,,,,1.91038,2.461992,0,0,0,12.97133,91.7,91.6,33.84498973,,33.84412839,,7.5,7.3,-30,7.5678,7.4467,5.4468,,6.5201326,0.339,345,89.1,359,104.9,31.2,28.5,32.8,27.2,9998,,3707.13,6.73
underway_1200.33948563,33948563,201011040,2011-03-22T19:00:00,20110322190000,MULTIPOINT ((-53.5606 127.5059)),127.5059,-53.5606,228,231.092,231.5423584,,11.9,1.55,0,6.4,-7.82,0.108,0,1004.35,,,33.96026592,,37.41,7.996,0.697,4.181,265.59951114,340.06,0,-8,345.433,347.8808,,,,1.910355,2.461992,0,-1.754509,0,12.95784,92.1,92.4,33.87536776,,33.87622602,,7.5,7.2,-30,7.3879,7.3,5.4933,,6.6615089,0.308,360,102.2,4,112.5,27.2,21.6,32.4,25.5,9998,,5560.13,6.87
underway_1200.33948683,33948683,201011040,2011-03-22T19:20:00,20110322192000,MULTIPOINT ((-53.6023 127.4182)),127.4182,-53.6023,228.3,230.289,230.9161377,,11.9,1.98,-0.82,6.07,-4.22,0.136,0,1003.71,,,33.96791984,,37.42,8.463,0.6806,4.191,265.49750361,339.97,0.132,-8,346.6783,347.0076,,,,1.910373,2.461992,0,0,0,12.97129,93.1,93.6,33.88829085,,33.88727825,,7.5,7.1,-30,7.2338,7.125,5.509,,6.65890964,0.26,359,103,0,106.3,29.1,23.7,30.7,24.9,62,,3706.63,6.86
underway_1200.33948803,33948803,201011040,2011-03-22T19:40:00,20110322194000,MULTIPOINT ((-53.6441 127.3303)),127.3303,-53.6441,232.2,231.409,232.05322266,,12.2,3.8,-0.77,1.9,-3.68,0.167,0,1003.2,,,33.98869164,,37.43,8.441,0.6888,4.098,265.09270866,339.38,0.077,-8,347.6892,348.2922,,,,1.910354,2.461992,0,0,204.8377,13.06569,93.1,93.6,33.89210164,,33.88882268,,7.6,7.2,-30,7.2345,7.167,5.5195,,6.68056695,0.272,356,99.5,2,108.6,31.3,26.6,33.6,27.4,52,,5559.28,6.88
underway_1200.33948923,33948923,201011040,2011-03-22T20:00:00,20110322200000,MULTIPOINT ((-53.6858 127.2429)),127.2429,-53.6858,230.6,231.226,232.27294922,,11.7,2.62,-2.05,4.48,-3.72,0.175,0,1002.58,,,34.00509073,,37.4,8.619,0.6806,4.131,265.43020808,339.76,0,-8,347.2305,349.0953,,,,1.9104,2.461992,0,1.754536,0,13.07911,93.2,93.4,33.89203814,,33.89239032,,7.7,7.4,-30,7.3444,7.3279,5.6411,,6.69528981,0.276,354,101.6,2,110.4,32.8,28.2,33.5,27.4,9998,,5712.36,6.9
underway_1200.33949043,33949043,201011040,2011-03-22T20:20:00,20110322202000,MULTIPOINT ((-53.7435 127.2005)),127.2005,-53.7435,190.2,187.891,187.39929199,,12.3,3.14,-1.11,8.39,-12.43,0.175,0,1002.08,,,34.23686007,,37.34,8.436,0.7626,,263.90262944,337.63,0,-8,351.7913,348.5095,,,,1.910379,2.461992,-1.836732,0,0,13.08257,92.5,93.9,33.87398642,,33.87052908,,8.2,7.4,-30,7.8525,7.4258,5.8393,,6.97612076,0.294,359,157.8,356,155.6,26.2,13.9,32.7,20.5,9998,,5400.58,7.15
underway_1200.33949163,33949163,201011040,2011-03-22T20:40:00,20110322204000,MULTIPOINT ((-53.7911 127.1311)),127.1311,-53.7911,230.2,241.452,231.6192627,,11.7,0,0,0,0,0.181,0,1001.74,,,34.33853783,,37.29,8.521,0.6888,4.11,263.72746693,337.44,0,-8,348.2138,349.7241,,,,1.910354,2.461992,0,-1.754484,-204.8333,13.04879,93.1,94.2,33.88912598,,33.88962259,,7.8,7.4,-30,7.541,7.4537,6.0261,,7.07003793,0.288,357,102.9,4,111.9,34,28.4,36,29.1,9998,,5559.31,7.25
underway_1200.33949283,33949283,201011040,2011-03-22T21:00:00,20110322210000,MULTIPOINT ((-53.8322 127.0451)),127.0451,-53.8322,229.2,230.587,231.55334473,,12,2.61,-0.91,5.53,-6.62,0.184,0,1000.95,,,34.70916853,,37.11,8.541,0.9348,4.101,262.75222069,335.71,0,-8,348.4577,349.3131,,,,1.910354,2.461992,0,-1.7545,-204.8352,13.03876,93.8,94.9,33.85412439,,33.8545276,,7.8,7.5,-30,7.5896,7.5863,6.5109,,7.5179511,0.239,7,112.8,4,111.2,29.5,21.9,32.6,25.4,9998,,5499.53,7.66
underway_1200.33949403,33949403,201011040,2011-03-22T21:20:00,20110322212000,MULTIPOINT ((-53.8789 126.9723)),126.9723,-53.8789,188.9,189.446,191.3104248,,12.3,1.65,-0.2,3.85,-4.84,0.186,0,1000.72,,,35.05357909,,37.11,,0.8938,4.163,258.87777107,330.73,0,-8,353.3577,349.4877,,,,1.910354,2.461992,-1.836702,0,0,13.03856,94.7,95.7,33.91487625,,33.85921726,,8.1,7.5,-30,7.7632,7.6211,6.8042,,7.89484581,0.282,357,160.1,354,156.2,26.2,14.2,29.7,17.9,9998,,0,8.02
underway_1200.33949523,33949523,201011040,2011-03-22T21:40:00,20110322214000,MULTIPOINT ((-53.9488 126.955)),126.955,-53.9488,186.8,187.516,188.38256836,,12.8,1.97,-0.97,4.2,-6.73,0.212,0,1000.75,,,35.17933317,,37.16,8.527,0.9594,4.089,257.45780186,328.97,0.087,-8,350.896,350.2831,,,,4.1391,4.923985,1.836607,1.754496,0,13.08262,93.4,97,33.9732126,,33.9743865,,8.3,7.4,-30,8.075,7.5653,6.7825,,7.91524905,0.386,358,156.9,355,155.1,28,15.9,31.8,19.9,61,,3707.9,8.06
underway_1200.33949643,33949643,201011040,2011-03-22T22:00:00,20110322220000,MULTIPOINT ((-54.019 126.9385)),126.9385,-54.019,186.8,187.997,188.28918457,,13,2.16,0,4.92,-5.89,0.25,0,1000.26,,,35.13669056,,37.16,8.558,0.8856,4.145,257.85431461,329.68,0.081,-8,352.2836,350.0735,,,,8.914986,9.232471,1.836617,1.754514,0,13.37603,94.2,97.4,33.98165172,,33.97494638,,8.2,7.4,-30,7.9504,7.5235,6.7354,,7.86763165,0.593,358,161.7,358,161.3,31.9,19.1,34,21.3,61,,5559.18,8.02
underway_1200.33949763,33949763,201011040,2011-03-22T22:20:00,20110322222000,MULTIPOINT ((-54.09 126.9231)),126.9231,-54.09,186.4,190.754,192.88696289,,12.8,3.11,-1.72,6.15,-6.29,0.291,10,999.61,,,35.07764794,,37.16,8.472,0.8528,4.136,258.57923181,330.66,0.078,-8,352.3185,350.1783,,,,20.05872,21.54243,7.34582,8.772052,-204.8247,13.82125,94.1,97.3,33.98076753,,33.98111429,,8.2,7.5,-30,7.9573,7.5444,6.6445,,7.79614096,0.92,355,155.1,354,156.3,27,14.6,31.9,19.5,52,,5325.31,7.95
underway_1200.33949883,33949883,201011040,2011-03-22T22:40:00,20110322224000,MULTIPOINT ((-54.1615 126.9084)),126.9084,-54.1615,186.8,191.03,192.74414062,,12.6,2.98,-0.89,2.2,-2.65,0.335,50,999.1,,,34.89067791,,37.17,8.631,0.7954,4.102,260.21439379,332.6,0.087,-8,352.2492,351.2881,,,,42.98291,46.16236,18.36524,19.29822,0,14.38077,94.2,97.5,33.95433878,,33.96254881,,8.2,7.5,-30,7.9436,7.5514,6.5562,,7.60853463,1.33,356,158.6,355,157.6,31.7,19.2,35.4,23,61,,5559.3,7.78
underway_1200.33950003,33950003,201011040,2011-03-22T23:00:00,20110322230000,MULTIPOINT ((-54.2329 126.8938)),126.8938,-54.2329,186.7,189.276,189.5690918,,12.9,1.95,0,2.18,-0.86,0.37,20,998.83,,,34.76275209,,37.18,8.533,0.7544,4.1,261.31778284,334.21,0.184,-8,351.0361,351.2182,,,,37.56992,39.08413,14.69158,15.78996,0,14.50926,94.1,97.3,33.93819441,,33.93770541,,8.1,7.4,-30,7.9026,7.5374,6.3482,,7.49229157,1.7,359,164.3,358,163.1,31.2,18.2,32.2,19.2,62,,5559.44,7.66
underway_1200.33950123,33950123,201011040,2011-03-22T23:20:00,20110322232000,MULTIPOINT ((-54.2862 126.8848)),126.8848,-54.2862,186.8,189.698,192.25524902,,11.6,0.97,-0.94,2.73,-3.15,0.445,150,998.4,,,34.62498889,,37.23,8.248,0.7052,4.106,261.81547635,334.79,0.235,-8,351.7778,350.9736,,,,90.10072,93.24796,38.56546,42.10594,0,14.67116,94.9,97.4,33.91603381,,33.91806433,,8,7.4,-30,7.8498,7.4886,6.2158,,7.35955743,2.24,360,165.2,358,162.7,32.9,21.4,32.6,21.2,62,,5559.32,7.53
underway_1200.33950243,33950243,201011040,2011-03-22T23:40:00,20110322234000,MULTIPOINT ((-54.3584 126.8645)),126.8645,-54.3584,204.5,209.833,210.82763672,,13.1,1.17,-0.02,0.71,-3.86,0.511,190,998.05,,,34.53970828,,37.23,1.863,0.615,4.141,262.67961336,335.95,0.241,-8,351.7708,350.7989,,,,106.3401,108.0199,45.91116,49.12342,0,14.91399,94.9,97.5,33.90439496,,33.90762233,,8,7.2,-30,7.8484,7.4537,6.1363,,7.27549651,2.77,6,131.6,3,135.2,23.5,12.2,29.5,18.2,62,,5559.51,7.45
underway_1200.33950363,33950363,201011040,2011-03-23T00:00:00,20110323000000,MULTIPOINT ((-54.425 126.8103)),126.8103,-54.425,205.8,208.746,209.49279785,,13.2,2.72,0,6.42,-3.66,0.579,260,997.11,,,34.44130945,,37.26,6.412,0.574,4.173,263.19200978,336.59,0.101,-8,352.8096,351.3847,,,,135.6316,148.335,58.76832,63.15681,0,15.35919,95.2,98.4,33.90227072,,33.90227072,,7.8,7.2,-30,7.654,7.3559,6.0108,,7.1715582,1.01,9,138.3,0,134.3,22.8,10.8,31.5,20.3,62,,5559.49,7.35
underway_1200.33950483,33950483,201011040,2011-03-23T00:20:00,20110323002000,MULTIPOINT ((-54.4923 126.7556)),126.7556,-54.4923,206.8,211.569,212.46459961,,13.3,2.05,-1.29,4.21,-4.85,0.6,160,996.47,,,34.42272056,,37.25,4.248,0.574,4.107,263.43097036,336.94,0.097,-8,350.903,351.1753,,,,101.2451,106.7889,44.07697,45.6169,0,15.44011,94.9,98.4,33.87294337,,33.87856896,,7.8,7.1,-30,7.6756,7.314,6.0215,,7.17499681,1.07,9,136.5,1,136.7,21.5,9.6,31,19.7,61,,5559.79,7.35
underway_1200.33950603,33950603,201011040,2011-03-23T00:40:00,20110323004000,MULTIPOINT ((-54.5591 126.7013)),126.7013,-54.5591,205.4,210.007,210.62438965,,13.4,2.54,-0.77,0.7,-1.48,0.605,440,995.79,,,34.27403252,,37.29,4.649,0.3854,4.1,264.28688401,338.22,0,-8,355.7924,352.1453,,,,229.241,248.969,106.5149,115.7918,204.826,15.60202,94.9,98.6,33.8741362,,33.87823442,,8,7.1,-30,7.8469,7.293,5.9305,,7.00973963,1.7,11,139.8,3,138.5,21.8,9.2,31.8,19.9,30,,5559.29,7.2
underway_1200.33950723,33950723,201011040,2011-03-23T01:00:00,20110323010000,MULTIPOINT ((-54.6266 126.6458)),126.6458,-54.6266,205.8,209.447,210.04760742,,13.6,0.97,-0.39,2.63,-3.37,0.605,270,995.21,,,34.1975053,,37.33,2.97,0.451,4.095,264.56719359,338.71,0,-8,351.5605,350.8258,,,,157.2821,169.262,69.78682,73.68398,0,15.60202,94.1,98.8,33.8998732,,33.89872134,,8,7,-30,7.8066,7.244,5.7708,,6.9036522,2.15,9,138.7,3,139.7,22.5,10.2,33.6,21.7,23,,5560.19,7.1
underway_1200.33950843,33950843,201011040,2011-03-23T01:20:00,20110323012000,MULTIPOINT ((-54.6941 126.5904)),126.5904,-54.6941,204.4,208.982,209.53125,,13.5,1.71,-0.28,3.75,-1.81,0.61,460,994.31,,,34.19421923,,37.31,-2.134,0.41,4.087,264.50422347,338.38,0,-8,356.0845,351.9706,,,,246.4245,267.7417,106.5168,119.3009,0,15.58853,94.9,98.9,33.84693917,,33.84320969,,8.3,7,-30,7.905,7.258,5.8191,,6.95628615,1.62,12,140.3,4,140.2,21.1,8.6,32.5,20.5,30,,5559.39,7.15
underway_1200.33950963,33950963,201011040,2011-03-23T01:40:00,20110323014000,MULTIPOINT ((-54.7615 126.5365)),126.5365,-54.7615,205.8,209.105,211.0748291,,13.3,2.56,-1.43,1.07,-3.99,0.613,330,993.86,,,34.16033197,,37.35,5.253,0.3854,4.099,264.55234252,338.68,0,-8,352.3719,350.6164,,,,191.6619,207.4228,82.64089,91.22711,0,15.58848,93.3,98.7,33.88300776,,33.87994944,,8,6.9,-30,7.968,7.202,5.5322,,6.88120519,1.83,13,142.7,8,141.9,22.6,10.1,30.9,18.8,30,,3860.74,7.07
underway_1200.33951083,33951083,201011040,2011-03-23T02:00:00,20110323020000,MULTIPOINT ((-54.829 126.4831)),126.4831,-54.829,203.4,209.095,209.76745605,,13.5,1.42,-0.12,3.01,-4.65,0.632,430,993.03,,,33.76676239,,37.47,,0.3772,,266.57452104,341.23,0.093,-8,353.5925,352.1373,,,,240.0501,252.9697,104.6778,112.2823,0,15.58826,93.6,99.1,33.85345587,,33.85588955,,7.9,6.8,-30,7.81,7.076,5.2243,,6.46540809,1.64,13,149.2,8,148,23.7,10.7,34.1,21.4,61,,3707.9,6.68
underway_1200.33951203,33951203,201011040,2011-03-23T02:20:00,20110323022000,MULTIPOINT ((-54.8976 126.4289)),126.4289,-54.8976,203.6,208.384,209.4543457,,13.6,1.4,-0.47,1.84,-1.84,0.642,350,992.83,,,33.53281865,,37.57,1.137,0.3772,4.096,267.52801088,342.65,0,-8,352.7725,349.359,,,,196.7429,207.4228,86.31298,91.22964,0,15.56154,93.2,99,33.85424083,,33.86072141,,7.6,6.6,-30,7.6466,6.9497,4.7591,,6.19807556,2.28,14,148.6,9,147.2,22.3,9.2,30.5,17.7,23,,3703.3,6.42
underway_1200.33951323,33951323,201011040,2011-03-23T02:40:00,20110323024000,MULTIPOINT ((-54.9631 126.3755)),126.3755,-54.9631,205.3,209.911,210.47058105,,13,1.4,-1.41,4.28,-4.37,0.671,380,992.04,,,32.83102394,,37.78,2.018,0.2952,4.104,271.40882069,347.96,0.068,-8,351.9393,348.5208,,,,206.9288,218.5018,91.82231,98.24481,0,15.75042,93.8,99,33.83056395,,33.81504648,,7.5,6.5,-30,7.4803,6.7811,4.2321,,5.45212063,1.3,15,153.3,10,149.9,24.1,11.9,31,19.1,61,,5559.49,5.71
underway_1200.33951443,33951443,201011040,2011-03-23T03:00:00,20110323030000,MULTIPOINT ((-55.0277 126.3207)),126.3207,-55.0277,208.6,208.605,210.06408691,,13.1,1.34,-0.44,6.58,-7.68,0.672,390,991.1,,,32.78729834,,37.79,1.868,0.369,4.129,271.739578,348.34,0,-8,351.3823,348.7574,,,,212.6591,229.5808,97.33165,101.7534,0,15.7766,93.8,99.2,33.79179938,,33.79090886,,7.4,6.3,-30,7.3689,6.6122,4.2196,,5.42651852,3.55,15,151.6,11,149.7,24.7,12.1,32,19.6,23,,3809.76,5.67
underway_1200.33951563,33951563,201011040,2011-03-23T03:20:00,20110323032000,MULTIPOINT ((-55.0924 126.2649)),126.2649,-55.0924,205.2,211.246,212.10754395,,12.9,1.2,-0.07,2.07,-2.71,0.672,360,990.39,,,32.78729778,,37.78,-4.529,0.3526,4.079,271.93546813,348.6,0,-8,350.8228,348.5828,,,,197.698,213.5778,86.31298,91.22694,0,15.78068,94.4,99.3,33.78753375,,33.78556672,,7.2,6.3,-30,7.2569,6.577,4.216,,5.43181634,2.46,15,150.2,10,148.8,25.3,12.9,34.3,22.1,23,,5559.32,5.67
underway_1200.33951683,33951683,201011040,2011-03-23T03:40:00,20110323034000,MULTIPOINT ((-55.1575 126.2079)),126.2079,-55.1575,205.7,208.551,209.49829102,,13.1,2.23,-0.22,3.11,-2.21,0.674,290,989.31,,,32.79167022,,37.8,3.873,0.328,4.093,271.56450331,348.28,0,-8,352.7725,348.513,,,,191.6465,193.2664,75.29481,84.21267,-204.8271,15.84142,93.9,99.2,33.78575342,,33.78700249,,7.2,6.2,-30,7.244,6.5629,4.2126,,5.43534798,5.59,15,154.6,13,153.3,26.6,14,32.8,20.4,61,,5559.44,5.67
underway_1200.33951803,33951803,201011040,2011-03-23T04:00:00,20110323035959,MULTIPOINT ((-55.2218 126.1525)),126.1525,-55.2218,205.6,209.435,211.05285645,,12.8,4.22,-1.65,3.68,-5.88,0.674,360,988.92,,,32.78073855,,37.77,4.87,0.3526,,272.25583812,348.98,0,-8,351.4075,348.3735,,,,213.3001,223.4258,91.82231,98.24898,0,15.95278,94.4,99.2,33.77629188,,33.7780718,,7.2,6.2,-30,7.1722,6.5348,4.2579,,5.43181634,7.1,18,161.3,15,158.2,27.9,15.2,30.5,17.9,23,,3705.82,5.66
underway_1200.33951923,33951923,201011040,2011-03-23T04:20:00,20110323041959,MULTIPOINT ((-55.2862 126.0961)),126.0961,-55.2862,206.7,208.528,208.99291992,,13.1,2.12,-0.41,6.42,-4.84,0.674,280,987.8,,,32.79713456,,37.78,-1.44,0.3608,4.098,271.8423806,348.57,0,-8,348.3547,348.0591,,,,175.0954,184.0339,75.2943,77.19747,0,15.94604,94.2,99.3,33.77900915,,33.77723019,,7.1,6.2,-30,7.166,6.4713,4.2446,,5.45123796,7.1,13,149.5,10,149.8,24,11.5,31.1,18.7,61,,3706.5,5.68
underway_1200.33952043,33952043,201011040,2011-03-23T04:40:00,20110323043959,MULTIPOINT ((-55.3485 126.0347)),126.0347,-55.3485,216.1,218.186,219.33105469,,12.7,1.6,-0.5,5.84,-6.22,0.674,300,986.89,,,32.79385513,,37.78,-0.723,0.3772,4.089,271.84560579,348.47,0,-8,350.0207,347.8844,,,,182.736,192.9586,77.13279,80.70796,0,16.50562,94.3,99.2,33.77740152,,33.77526348,,7.2,6.2,-30,7.0961,6.436,4.2474,,5.4494726,6.91,20,138.3,13,138.6,21.8,10.4,32.3,21.4,61,,4725.93,5.68
underway_1200.33952163,33952163,201011040,2011-03-23T05:00:00,20110323045959,MULTIPOINT ((-55.4067 125.9591)),125.9591,-55.4067,217.7,218.083,219.44091797,,12.8,2.18,-0.37,4.65,-4.89,0.674,360,986.26,,,32.79276127,,37.79,5.171,0.328,4.09,271.67865913,348.36,0,-8,350.7786,347.7797,,,,201.2052,211.4236,88.14947,91.23181,0,16.60708,93.4,99.2,33.76726058,,33.76779035,,7.4,6.1,-30,7.2481,6.4148,4.2482,,5.45565116,7.1,22,142.3,17,143.6,22.2,10.1,33.7,21.9,61,,3687.94,5.68
underway_1200.33952283,33952283,201011040,2011-03-23T05:20:00,20110323051959,MULTIPOINT ((-55.4645 125.8842)),125.8842,-55.4645,214.2,215.957,217.24365234,,13,1.88,-1.29,5.1,-5.01,0.68,100,985.67,,,32.79931937,,37.77,2.132,0.4182,4.155,272.05691205,348.69,0,-8,347.8312,345.1409,,,,86.27458,90.47821,34.89263,35.08968,0,17.35582,93.6,99.1,33.76550146,,33.76461277,,7.3,6.1,-30,7.061,6.3159,4.2602,,5.46624159,1.8,23,150.5,17,146.8,24,11.8,32.6,20.8,61,,3706.54,5.68
underway_1200.33952403,33952403,201011040,2011-03-23T05:40:00,20110323054000,MULTIPOINT ((-55.5261 125.8184)),125.8184,-55.5261,207.4,210.542,210.83312988,,13.1,1,-0.46,2.93,-2.95,0.68,110,984.4,,,32.78620552,,37.8,,0.4428,,271.70613092,348.44,0,-8,348.7794,347.64,,,,84.68795,87.09298,34.89248,35.09088,-204.8403,17.84117,93.8,99.1,33.7700298,,33.79322176,,7,6.2,-30,6.8468,6.3866,4.2238,,5.42298641,7.1,17,157,15,156.1,28.7,16,33.3,20.7,61,,0,5.66
underway_1200.33952523,33952523,201011040,2011-03-23T06:00:00,20110323060000,MULTIPOINT ((-55.5863 125.7479)),125.7479,-55.5863,216.7,213.597,220.22094727,,13.2,0,0,0,0,0.68,190,983.69,,,32.71296607,,37.81,9.804,0.4592,4.093,272.20204184,349.04,0,-8,348.9233,347.0811,,,,124.8018,132.3321,49.58412,52.63641,0,18.15176,93.8,99.1,33.75917761,,33.75578495,,7.1,6.1,-30,6.8757,6.2735,4.1379,,5.37705133,7.1,22,139.6,15,138,22.1,10.1,32.9,21.5,61,,3706.25,5.6
underway_1200.33952643,33952643,201011040,2011-03-23T06:20:00,20110323062000,MULTIPOINT ((-55.6445 125.672)),125.672,-55.6445,214.7,217.156,216.51306152,,13.1,2.89,-0.77,6.24,-4.68,0.68,170,982.42,,,32.7676204,,37.8,1.306,0.492,4.118,271.82271114,348.64,0,-8,349.606,346.9414,,,,106.6586,110.4819,44.07617,45.61927,-204.8454,18.35413,93.6,99.1,33.76682987,,33.76575173,,7.4,6,-30,7.0129,6.2452,4.2344,,5.42916749,4.7,22,151.1,19,152.2,27.5,15.1,37.5,25.2,61,,3691.78,5.65
underway_1200.33952763,33952763,201011040,2011-03-23T06:40:00,20110323064000,MULTIPOINT ((-55.7029 125.5955)),125.5955,-55.7029,220.1,220.511,221.03942871,,12.8,1.24,-0.57,5.95,-6.59,0.68,290,981.96,,,32.72172018,,37.85,,0.5084,4.128,272.03717622,349.13,0,-8,348.1849,346.5224,,,,156.0065,162.1837,71.62154,73.6946,0,18.48885,93.1,99.1,33.85247557,,33.84709848,,7.1,5.9,-30,6.9298,6.1604,3.8903,,5.29658645,7.1,24,149.6,18,145.5,23.3,11,31.5,19.6,23,,3706.18,5.53
underway_1200.33952883,33952883,201011040,2011-03-23T07:00:00,20110323070000,MULTIPOINT ((-55.7602 125.5175)),125.5175,-55.7602,218.2,222.038,222.35229492,,13,2.27,-1.51,5.13,-3.95,0.68,160,980.87,,,32.25608502,,38.01,6.201,0.5166,4.108,274.12586707,352.03,0,-8,345.9258,345.8933,,,,94.24088,97.8642,38.56556,42.10894,0,18.52951,92.6,99.4,33.79999921,,33.79854337,,7,5.8,-30,6.8805,6.0328,3.5814,,4.81524868,7.1,24,142.8,18,143.3,22.8,11,32.4,20.9,23,,3718.66,5.08
underway_1200.33953003,33953003,201011040,2011-03-23T07:20:00,20110323072000,MULTIPOINT ((-55.8163 125.4403)),125.4403,-55.8163,218.4,220.089,220.77575684,,12.7,1.83,-1,5.64,-5.55,0.68,400,980.57,,,32.19378369,,38.01,3.896,0.492,4.076,275.0413786,353.02,0,-8,350.2982,346.4092,,,,206.9491,220.9638,95.49593,101.7665,0,18.62677,93.9,99.3,33.78885994,,33.78885994,,7.2,5.7,-30,6.747,5.9193,3.5453,,4.75371309,6.29,24,149,19,147.5,23,11.1,30.3,18.6,23,,0,5
underway_1200.33953123,33953123,201011040,2011-03-23T07:40:00,20110323074000,MULTIPOINT ((-55.8722 125.3644)),125.3644,-55.8722,220.1,220.706,223.13232422,,12.6,3.47,-1.74,6.92,-5.93,0.68,170,979.8,,,32.2451579,,37.96,-1.695,0.6068,,275.5812052,353.86,0,-8,343.6316,343.7702,,,,93.9221,99.40294,42.23826,45.61933,0,18.60674,92.4,,33.82349926,,33.82585214,,6.7,,-30,6.6214,5.8198,3.5201,,4.77601538,5.08,18,131.6,13,136.4,21.3,10.1,30.6,19.6,61,,3706.23,5.03
underway_1200.33953243,33953243,201011040,2011-03-23T08:00:00,20110323080000,MULTIPOINT ((-55.9274 125.2862)),125.2862,-55.9274,220.3,222.495,222.74230957,,12.8,1.28,-1.05,2.43,-1.3,0.68,170,979.05,,,32.17082954,,38.01,-0.173,0.615,4.083,275.18468882,353.39,0,-8,344.6581,343.2111,,,,93.92557,97.8642,44.07731,45.6204,0,18.65016,92.6,,33.77343724,,33.77398518,,6.6,,-30,6.422,5.706,3.5337,,4.74211285,7.1,22,138.5,16,140.1,21.2,10,31.4,20.6,23,,3706.18,4.99
underway_1200.33953363,33953363,201011040,2011-03-23T08:20:00,20110323082000,MULTIPOINT ((-55.98 125.204)),125.204,-55.98,221.4,222.891,223.90686035,,12.6,2.69,-0.58,3.43,-1.03,0.68,150,978.73,,,32.23968781,,37.99,6.198,0.7052,4.101,274.77279192,352.86,0,-8,342.4982,341.8505,,,,82.14519,87.09446,36.72903,38.60134,0,18.63067,94.2,99.4,33.77714067,,33.77587147,,6.2,5.5,-30,5.9844,5.6478,3.6041,,4.81881417,7.1,11,121.3,11,125.4,24.2,14.6,28.1,18.3,23,,3706.32,5.06
underway_1200.33953483,33953483,201011040,2011-03-23T08:40:00,20110323084000,MULTIPOINT ((-56.0286 125.1141)),125.1141,-56.0286,227,230.113,230.90515137,,12.6,2.58,-1.5,4.21,-1.45,0.68,100,978.5,,,32.1609965,,38.04,5.008,0.5658,4.105,274.99641487,353.22,0,-8,341.3137,341.9514,,,,47.44044,48.00902,20.2014,21.05586,0,18.63743,94.4,99.3,33.80699688,,33.8108174,,5.9,5.2,-30,5.7436,5.4491,3.4636,,4.69479795,7.1,12,116.1,10,117,26.5,18.1,28.6,20.3,61,,5560.39,4.95
underway_1200.33953603,33953603,201011040,2011-03-23T09:00:00,20110323090000,MULTIPOINT ((-56.0752 125.0215)),125.0215,-56.0752,228.3,229.254,229.96582031,,12.8,1.84,-0.3,3.07,-3.57,0.68,160,978.02,,,32.15880776,,38.02,2.318,0.533,4.084,275.19991639,353.29,0,-8,339.0169,339.1034,,,,63.99684,67.08932,33.05872,35.09282,-204.8517,18.69136,94.7,99.4,33.78293654,,33.78366009,,5.6,5.1,-30,5.4808,5.3064,3.4864,,4.7189061,4.27,1,94.4,10,109.8,21.2,15.6,23.6,15.7,61,,5560.32,4.97
underway_1200.33953723,33953723,201011040,2011-03-23T09:20:00,20110323092000,MULTIPOINT ((-56.1216 124.9279)),124.9279,-56.1216,230.1,230.169,230.66894531,,12.9,2.34,-0.18,3.36,-1.31,0.68,0,977.63,,,32.18722668,,38.03,-0.109,0.738,4.081,274.75815689,352.96,0,-8,339.0791,339.339,,,,9.551871,10.46347,3.673429,5.263958,0,18.69814,94.8,99.3,33.79725319,,33.79761458,,5.4,5,-30,5.2876,5.1346,3.458,,4.73765066,3.35,0,97.4,7,108.2,23.4,17.9,24.8,17.5,23,,5560.32,4.99
underway_1200.33953843,33953843,201011040,2011-03-23T09:40:00,20110323094000,MULTIPOINT ((-56.1676 124.8349)),124.8349,-56.1676,227.7,229.068,229.0045166,,12.2,2.9,-1.86,3.7,-2.18,0.68,0,977.67,,,32.17520329,,38.02,1.812,0.7626,,275.07253125,353.16,0,-8,339.4545,339.8543,,,,5.094396,5.231735,1.836683,1.754602,204.8471,18.71838,95.3,99.4,33.7905449,,33.79181715,,5.3,4.9,-30,5.1583,5.0199,3.4565,,4.72961795,2.48,354,90,5,106.6,21.6,16.9,23.8,16.4,23,,5567.35,4.98
underway_1200.33953963,33953963,201011040,2011-03-23T10:00:00,20110323100000,MULTIPOINT ((-56.2106 124.7371)),124.7371,-56.2106,233.7,232.49,233.56384277,,12.4,1.66,-1.1,4.59,-5.87,0.69,0,977.79,,,32.13039194,,38.03,-0.035,0.7544,4.115,275.33445368,353.71,0.039,-8,337.2256,338.0795,,,,2.547447,2.461993,0,1.754648,0,18.65767,96.3,99.4,33.78883659,,33.7988722,,4.9,4.7,-30,4.9077,4.8762,3.4476,,4.67157416,1.79,351,87.2,3,100.4,25.1,21.8,25.4,19.6,61,,0,4.94
underway_1200.33954083,33954083,201011040,2011-03-23T10:20:00,20110323102000,MULTIPOINT ((-56.2515 124.6366)),124.6366,-56.2515,235.1,235.821,236.42578125,,12.7,2.15,-0.85,3.89,-1.03,0.699,0,977.23,,,32.10853138,,38.04,2.349,0.656,4.1,275.48105158,353.85,0,-8,336.3374,337.5137,,,,1.910668,2.462033,0,1.754656,204.8534,18.68465,96.8,99.2,33.78889898,,33.78798622,,4.8,4.6,-30,4.725,4.7598,3.4448,,4.65727843,2.46,349,75.5,2,90.5,19.7,18.5,21.2,16.8,23,,4711.92,4.91
underway_1200.33954203,33954203,201011040,2011-03-23T10:40:00,20110323104000,MULTIPOINT ((-56.2886 124.5442)),124.5442,-56.2886,235.2,233.872,234.5526123,,9.4,2.13,-0.47,7.13,-5.83,0.699,0,976.88,,,32.12492427,,38.03,8.389,0.7216,4.083,275.36609765,353.57,0,-8,337.24,337.4704,,,,1.910669,1.846566,0,0,-204.8457,18.63743,97.5,99.3,33.77335128,,33.77152866,,4.8,4.6,-30,4.7035,4.7509,3.4562,,4.6921187,2.89,343,80.3,356,95.5,20.1,18.9,21.2,17.6,23,,4694.46,4.94
underway_1200.33954323,33954323,201011040,2011-03-23T11:00:00,20110323110000,MULTIPOINT ((-56.32 124.4675)),124.4675,-56.32,235.9,236.87,237.66723633,,9.4,0.97,-0.35,3.31,-3.39,0.703,0,976.96,,,32.1544344,,38.02,5.646,0.8446,4.112,275.22482576,353.21,0.025,-8,335.0518,336.1431,,,,1.910663,1.846604,1.83675,1.754655,0,18.63743,97.6,99.3,33.77073799,,33.76946579,,4.7,4.5,-30,4.6678,4.699,3.5064,,4.72783276,1.02,343,73.7,358,89.9,17.9,17.4,19,15.9,61,,3701.76,4.97
underway_1200.33954443,33954443,201011040,2011-03-23T11:20:00,20110323112000,MULTIPOINT ((-56.3518 124.3907)),124.3907,-56.3518,233.5,232.61,233.50341797,,9.5,1.27,-0.72,4.86,-4.24,0.706,0,977.06,,,32.28231424,,37.97,3.725,0.8036,4.085,274.60800567,352.64,0,-8,334.9098,335.065,,,,1.910676,2.462159,0,1.754656,0,18.63743,98.3,99.2,33.76947602,,33.77273842,,4.7,4.6,-30,4.6385,4.6983,3.6431,,4.87049151,2.25,338,73.7,350,86.1,19.4,19,20.1,17.6,23,,3707.36,5.11
underway_1200.33954563,33954563,201011040,2011-03-23T11:40:00,20110323114000,MULTIPOINT ((-56.3832 124.3151)),124.3151,-56.3832,233.1,232.346,234.140625,,9.4,2.45,-0.35,2.84,-1.74,0.721,0,976.77,,,32.18066549,,38,3.664,0.8036,,275.1812972,353.31,0.046,-8,334.0718,335.2707,,,,1.910676,2.154353,0,0,0,18.6914,98,99.3,33.75815575,,33.76541972,,4.5,4.4,-30,4.4657,4.5192,3.5961,,4.7617428,0.15,331,70.3,344,81,19.7,20.4,19.3,18,52,,3706.49,5.01
underway_1200.33954683,33954683,201011040,2011-03-23T12:00:00,20110323120000,MULTIPOINT ((-56.4141 124.2401)),124.2401,-56.4141,233.7,192.448,235.61828613,,9.3,0,0,0,0,0.732,0,976.81,,,32.4823353,,37.91,3.841,0.7462,4.089,273.43978818,350.87,0,-8,333.7924,334.9529,,,,1.910676,2.154369,0,0,0,18.82968,98.4,99.3,33.75075932,,33.77109374,,4.4,4.3,-30,4.4081,4.4536,3.9436,,5.09986666,0.292,332,68.7,346,80.5,19.1,20,18.9,17.8,30,,3706.32,5.32
underway_1200.33954803,33954803,201011040,2011-03-23T12:20:00,20110323122000,MULTIPOINT ((-56.4453 124.1657)),124.1657,-56.4453,232.7,233.804,234.49768066,,9.5,2.23,-1.35,2.03,-0.61,0.775,0,976.58,,,32.56212694,,37.9,7.022,0.738,4.079,272.6680265,349.67,0.241,-8,334.4154,334.4698,,,,1.910676,2.154325,0,-1.754656,0,18.94772,98.7,99.4,33.73202024,,33.77315056,,4.3,4.2,-30,4.3286,4.3538,3.9713,,5.18855324,0.133,322,59.3,333,67.3,18.6,20.9,18.1,18.8,62,,4699.63,5.41
underway_1200.33954923,33954923,201011040,2011-03-23T12:40:00,20110323124000,MULTIPOINT ((-56.4768 124.0897)),124.0897,-56.4768,233.3,235.612,235.64575195,,9.5,1.56,-0.38,2.39,-3.07,0.849,0,976.37,,,32.58289571,,37.9,2.854,0.697,4.077,272.34512652,349.45,0.507,-8,333.1984,333.1715,,,,1.910676,1.846631,0,0,0,19.1973,98.8,99.5,33.78249846,,33.78268143,,4.3,4.2,-30,4.2853,4.3077,3.9751,,5.20273182,0.079,320,57.7,331,65.4,18.5,21.4,17.9,19.3,63,,4574.21,5.43
underway_1200.33955043,33955043,201011040,2011-03-23T13:00:00,20110323130000,MULTIPOINT ((-56.5084 124.0131)),124.0131,-56.5084,232.3,235.062,235.87097168,,9.6,1.51,-0.37,3.02,-3,0.927,0,976.41,,,32.54136141,,37.91,4.506,0.779,4.09,272.7959712,350.01,0,-8,329.0987,330.0285,,,,1.910676,1.846572,0,1.754656,0,19.62226,99,99.5,33.79503996,,33.79414124,,4.3,4.2,-30,4.2709,4.3246,3.9596,,5.14422516,0.195,304,39.4,311,42.8,13.8,19,13.2,17.7,30,,3709.44,5.37
underway_1200.33955163,33955163,201011040,2011-03-23T13:20:00,20110323132000,MULTIPOINT ((-56.5411 123.9363)),123.9363,-56.5411,231.2,233.236,233.76159668,,9.6,1.43,-0.33,2.15,-2.67,0.946,0,976.3,,,32.46703691,,37.93,,0.7626,4.083,273.24929917,350.75,0.19,-8,333.0937,333.046,,,,1.910676,2.462312,0,0,-204.8534,19.75716,99.1,99.5,33.82354442,,33.80928251,,4.2,4.1,-30,4.2636,4.2817,3.8476,,5.04481981,0.075,314,50.5,324,57.4,16.4,20,16.1,18.4,62,,4696.27,5.29
underway_1200.33955283,33955283,201011040,2011-03-23T13:40:00,20110323134000,MULTIPOINT ((-56.5737 123.8601)),123.8601,-56.5737,228.5,232.261,233.47045898,,9.8,1.67,-0.89,3.59,-4.36,0.955,0,975.94,,,32.51840465,,37.91,7.755,0.7872,,272.99926843,350.04,0,-8,321.2085,319.4194,,,,1.910676,1.84669,1.836824,0,-204.8534,19.97302,99.2,99.4,33.74920719,,33.76501893,,4.1,4,-30,4.0972,4.1312,3.8805,,5.1468857,1.16,299,42.1,306,47.2,19.7,24.8,19,23.1,30,,4692.24,5.36
underway_1200.33955403,33955403,201011040,2011-03-23T14:00:00,20110323140000,MULTIPOINT ((-56.606 123.7842)),123.7842,-56.606,234.8,235.673,236.49719238,,9.5,2.19,-0.71,2.08,-0.81,0.958,0,976.21,,,32.45391876,,37.94,2.154,0.738,4.1,273.19235358,350.76,0,-8,325.721,325.2957,,,,1.910676,2.462336,0,0,204.8534,19.96964,98.8,99.3,33.81360561,,33.79143552,,4,3.9,-30,3.9885,4.0124,3.8445,,5.04748445,7.1,301,43.8,310,49.5,17.5,22.8,16.7,21,61,,5560.88,5.28
underway_1200.33955523,33955523,201011040,2011-03-23T14:20:00,20110323142000,MULTIPOINT ((-56.6387 123.7072)),123.7072,-56.6387,229,233.332,233.17932129,,9.9,2.2,-2.17,4.47,-3.7,0.958,0,975.88,,,32.35335912,,37.95,,0.7462,4.116,274.20881093,351.84,0,-8,289.4103,288.5965,,,,1.910676,2.462558,-1.836986,-1.754656,0,19.87858,98.2,99,33.76763221,,33.76998147,,3.9,3.8,-30,3.7706,3.7577,3.7661,,4.95415668,7.1,305,44.2,314,50,16.1,21.1,15.8,19.6,23,,3706.33,5.18
underway_1200.33955643,33955643,201011040,2011-03-23T14:40:00,20110323144000,MULTIPOINT ((-56.671 123.6312)),123.6312,-56.671,234.3,234.783,235.99731445,,9.5,0.98,-0.02,3.17,-2.69,0.958,0,976.35,,,32.33805818,,37.96,5.113,0.7462,4.08,274.16361592,351.97,0,-8,313.3445,314.2257,,,,1.910676,1.847064,-1.836924,-1.754598,-204.8466,19.87858,97.3,98.8,33.80670906,,33.78120066,,3.9,3.8,-30,3.7196,3.7224,3.7195,,4.92568709,7.1,310,46.5,320,53.3,15.8,20.1,15.5,18.5,23,,3706.57,5.16
underway_1200.33955763,33955763,201011040,2011-03-23T15:00:00,20110323150000,MULTIPOINT ((-56.7034 123.5556)),123.5556,-56.7034,232,233.969,234.25598145,,9.6,1.6,-1.29,4.08,-2.74,0.958,0,976.32,,,32.38287261,,37.95,5.736,0.7708,4.093,274.05161806,351.77,0,-8,315.3944,316.245,,,,1.910676,2.15485,0,-1.754654,0,19.86509,96,98.5,33.79020843,,33.79147283,,3.8,3.7,-30,3.7269,3.6953,3.7521,,4.96660818,4.57,308,46.9,317,52.8,17.6,21.8,17,20,23,,3707.9,5.19
underway_1200.33955883,33955883,201011040,2011-03-23T15:20:00,20110323152000,MULTIPOINT ((-56.736 123.4782)),123.4782,-56.736,230.9,234.531,235.32714844,,9.6,0.99,-0.13,2.15,-2.59,0.958,0,976.19,,,32.32712337,,37.96,8.133,0.7462,4.085,273.96967771,351.56,0,-8,321.2644,321.3297,,,,1.910676,2.154903,0,0,204.8534,19.86509,95.2,97.7,33.79256415,,33.73511782,,3.8,3.6,-30,3.6905,3.6349,3.7365,,4.95860392,1.81,303,44,311,49.6,18.5,23.3,17.7,21.5,30,,5559.44,5.18
underway_1200.33956003,33956003,201011040,2011-03-23T15:40:00,20110323154000,MULTIPOINT ((-56.7693 123.3999)),123.3999,-56.7693,232.9,235.846,236.44226074,,10,1.29,-0.73,4.14,-3.82,0.958,0,976,,,32.32931721,,37.98,3.052,0.82,4.101,274.33790616,352.12,0,-8,318.9689,318.6086,,,,1.910676,2.46281,0,0,0,19.8516,94.2,97.1,33.80947622,,33.81091836,,3.7,3.5,-30,3.6322,3.5158,3.6099,,4.8865209,1.26,301,40.3,309,44.7,16.4,22.4,15.7,20.8,30,,4697.86,5.11
underway_1200.33956123,33956123,201011040,2011-03-23T16:00:00,20110323160000,MULTIPOINT ((-56.803 123.3208)),123.3208,-56.803,231.7,232.508,234.00878906,,10,0.7,0,1.04,-1,0.958,0,975.96,,,32.2167379,,38.02,7.473,1.0086,4.088,274.82837387,353,0,-8,294.6501,298.0464,,,,1.910676,2.462794,-1.836929,-1.754656,0,19.84485,93.1,96.3,33.80065033,,33.80372744,,3.6,3.5,-30,3.6031,3.487,3.5592,,4.76531124,1.14,306,46.2,315,52.1,18.2,23,17.7,21.3,30,,4688.35,5
underway_1200.33956243,33956243,201011040,2011-03-23T16:20:00,20110323162000,MULTIPOINT ((-56.837 123.2431)),123.2431,-56.837,229.9,233.305,234.97558594,,9.9,0.3,-0.32,4.36,-2.81,0.958,0,975.73,,,32.25062221,,38.01,3.533,0.8774,4.127,274.88456012,352.88,0,-8,289.6386,292.9706,,,,1.910676,1.84711,-1.83698,-1.754656,204.8534,19.83811,91.8,95.9,33.810948,,33.81946541,,3.5,3.4,-30,3.3986,3.325,3.569,,4.78850129,0.97,302,43.6,310,48.3,18.4,23.7,17.6,21.9,30,,4692.39,5.01
underway_1200.33956363,33956363,201011040,2011-03-23T16:40:00,20110323164000,MULTIPOINT ((-56.8705 123.1635)),123.1635,-56.8705,234,236.513,238.18908691,,9.6,1.66,-1.58,4.11,-2.68,0.958,0,975.97,,,32.18394772,,38.02,6.338,0.8938,4.085,275.10824516,353.23,0,-8,306.0385,307.0834,,,,1.910676,2.154973,-1.837005,-1.754656,0,19.83474,90.3,95.3,33.77304609,,33.79744109,,3.5,3.3,-30,3.457,3.354,3.5376,,4.73408069,0.825,303,42.3,311,47.3,17.6,22.9,16.9,21.3,30,,3707.14,4.98
underway_1200.33956483,33956483,201011040,2011-03-23T17:00:00,20110323170000,MULTIPOINT ((-56.9044 123.0821)),123.0821,-56.9044,234.5,237.488,237.52990723,,10.3,1.8,-0.74,3.16,-2.11,0.958,0,975.91,,,32.07247071,,38.09,4.279,0.8528,4.079,275.74029607,354.22,0,-8,312.1533,312.5989,,,,1.910676,2.154973,0,-1.754656,0,19.83136,89.1,95,33.85699675,,33.85935798,,3.5,3.3,-30,3.4717,3.3834,3.2276,,4.54637889,1.21,303,39.4,311,44.1,17,22.8,16.4,21.2,30,,3706.22,4.79
underway_1200.33956603,33956603,201011040,2011-03-23T17:20:00,20110323172000,MULTIPOINT ((-56.9395 122.9972)),122.9972,-56.9395,231.9,235.926,236.69494629,,10.5,1.59,-0.78,1.24,-0.53,0.958,0,975.75,,,31.97410037,,38.13,6.194,0.82,4.077,275.90947232,354.54,0,-8,314.3779,315.0297,,,,1.910676,2.462827,0,0,0,19.83474,87.5,94.6,33.78818925,,33.8185678,,3.5,3.3,-30,3.5155,3.442,3.318,,4.47383317,1.36,307,40.7,316,46.1,15.4,20.9,15.1,19.4,30,,0,4.72
underway_1200.33956723,33956723,201011040,2011-03-23T17:40:00,20110323174000,MULTIPOINT ((-56.9746 122.9129)),122.9129,-56.9746,231.8,235.796,236.8762207,,10.4,1.29,-0.19,4.37,-3.83,0.958,0,975.45,,,31.94132323,,38.17,0.286,0.7872,4.086,276.07036116,355.16,0,-8,314.273,314.025,,,,1.910676,2.154973,-1.837055,-1.754656,0,19.83136,88.5,94.2,33.94271304,,33.93045745,,3.5,3.4,-30,3.4936,3.4567,3.0161,,4.32759773,1.12,309,44.9,319,51.1,17.5,22.2,17.1,20.5,30,,3706.4,4.61
underway_1200.33956843,33956843,201011040,2011-03-23T18:00:00,20110323180000,MULTIPOINT ((-57.0094 122.8291)),122.8291,-57.0094,233.5,236.351,237.60131836,,10.3,1.9,-0.37,10.15,-4.67,0.958,0,975.16,,,31.80032033,,38.17,6.783,0.738,4.113,277.06480073,356,0,-8,302.0074,304.2099,,,,1.910676,2.462827,-1.837055,0,204.8534,19.83811,90.6,94.8,33.78781447,,33.78761793,,3.5,3.3,-30,3.457,3.4273,3.0575,,4.30513954,0.804,311,45.3,319,50.9,17.1,21.6,16.7,20,30,,3706.59,4.55
underway_1200.33956963,33956963,201011040,2011-03-23T18:20:00,20110323182000,MULTIPOINT ((-57.0436 122.7448)),122.7448,-57.0436,232.4,236.34,237.26623535,,10.4,1.42,-0.41,4.59,-4.12,0.958,0,975.26,,,31.72819039,,38.21,3.517,0.7462,4.082,277.38466815,356.57,0,-8,301.4122,303.6478,,,,1.910676,2.462827,-1.837042,-1.754656,0,19.82462,91.2,94.7,33.81138295,,33.81360032,,3.4,3.2,-30,3.3327,3.31,2.9387,,4.19723084,0.673,313,49.4,323,56.8,19.1,23.5,18.7,21.5,30,,3707.14,4.45
underway_1200.33957083,33957083,201011040,2011-03-23T18:40:00,20110323184000,MULTIPOINT ((-57.0778 122.6597)),122.6597,-57.0778,233.2,234.582,236.53015137,,10.2,2.54,-1.16,4.15,-2.37,0.958,0,975.3,,,31.74786135,,38.2,5.872,0.7134,4.08,277.28317058,356.44,0,-8,309.0871,308.6006,,,,1.910676,2.462827,0,-1.754656,0,19.82462,89.9,93.3,33.78852146,,33.79883305,,3.2,3.1,-30,3.2522,3.2217,2.9958,,4.23412003,1.25,304,43,312,47.7,18.3,23.7,17.6,22,30,,3602.69,4.48
underway_1200.33957203,33957203,201011040,2011-03-23T19:00:00,20110323190000,MULTIPOINT ((-57.1122 122.575)),122.575,-57.1122,232.8,235.411,237.41455078,,10.3,1.69,-0.16,3.23,-1.44,0.958,0,975.51,,,31.78829992,,38.18,-0.024,0.697,4.084,277.31456168,356.49,0,-8,284.206,283.1736,,,,1.910677,2.154973,1.836983,1.754656,0,19.82462,89.4,92.8,33.79344895,,33.80487159,,3,2.8,-30,3.1054,3.0745,3.0239,,4.2745838,1.15,324,59.7,336,68.6,20.3,22.7,19.6,20.1,30,,3706.15,4.51
underway_1200.33957323,33957323,201011040,2011-03-23T19:20:00,20110323192000,MULTIPOINT ((-57.1466 122.4908)),122.4908,-57.1466,231.6,235.363,237.23327637,,10.3,2.12,-1.53,1.94,-1.21,0.958,0,975.35,,,31.75988317,,38.19,0.878,0.6724,4.079,277.45341126,356.6,0,-8,308.2455,308.8314,,,,1.910676,1.84712,-1.837053,-1.754656,-204.8534,19.81787,89.3,92.5,33.79820298,,33.79635277,,3.1,3,-30,3.0761,3.045,2.9977,,4.2503086,1.01,307,44.2,315,49.7,17.8,23,17.4,21.4,30,,3706.5,4.48
underway_1200.33957443,33957443,201011040,2011-03-23T19:40:00,20110323194000,MULTIPOINT ((-57.1806 122.4058)),122.4058,-57.1806,233.3,236.027,236.93115234,,10.5,1.28,-0.28,2.7,-2.11,0.958,0,975.36,,,31.77846201,,38.17,-0.829,0.656,4.07,277.5197257,356.61,0,-8,253.3099,253.5872,,,,1.910688,2.154973,-1.837055,-1.754656,-204.8534,19.81113,89.7,92.3,33.7862544,,33.78866263,,3.1,3,-30,2.9653,2.9564,3.0334,,4.2790782,0.852,315,48.6,325,55.1,18,22.1,17.5,20.2,30,,3706.56,4.51
underway_1200.33957563,33957563,201011040,2011-03-23T20:00:00,20110323200000,MULTIPOINT ((-57.2139 122.3192)),122.3192,-57.2139,234.2,238.642,239.29870605,,10.3,1.24,-0.15,3.7,-1.86,0.958,0,975.42,,,31.81125077,,38.18,2.726,0.6314,4.076,277.05894853,356.16,0,-8,298.9133,300.3218,,,,1.910722,1.84712,-1.837055,-1.754654,-204.8531,19.81113,89.8,92,33.80790663,,33.79955979,,3,2.9,-30,2.8092,2.8382,3.0162,,4.30603802,0.706,320,51.1,330,57.8,16.6,20.1,16.3,18.4,30,,4675.58,4.53
underway_1200.33957683,33957683,201011040,2011-03-23T20:20:00,20110323202000,MULTIPOINT ((-57.2473 122.2336)),122.2336,-57.2473,234.4,238.081,239.77661133,,10,3.11,-0.73,1.86,0,0.958,0,975.62,,,31.80250764,,38.19,5.056,0.6314,4.067,277.00808417,356.17,0,-8,289.9528,291.8629,,,,1.910712,2.462827,-1.837055,-1.754656,0,19.80776,89.2,90.6,33.79513177,,33.8021975,,3,2.9,-30,2.8317,2.8678,2.9946,,4.29345818,1.03,314,48.5,323,54.2,17.1,21.4,16.6,19.6,30,,4674.82,4.52
underway_1200.33957803,33957803,201011040,2011-03-23T20:40:00,20110323204000,MULTIPOINT ((-57.2804 122.1485)),122.1485,-57.2804,233.8,237.661,239.08996582,,10,1.75,-1.18,1.08,-0.41,0.958,0,975.55,,,31.80141533,,38.19,4.225,0.5986,4.093,276.99113063,356.09,0,-8,238.3498,240.4952,,,,1.910696,1.84712,-1.837055,-1.754656,0,19.80438,88.2,89.4,33.8033524,,33.80830329,,2.8,2.8,-30,2.5738,2.6901,3.0307,,4.28626859,3.19,318,50.7,328,57.9,16.7,20.2,16.4,18.4,20,,4671.74,4.52
underway_1200.33957923,33957923,201011040,2011-03-23T21:00:00,20110323210000,MULTIPOINT ((-57.3131 122.0638)),122.0638,-57.3131,234.2,239.213,240.35888672,,10.1,1.99,-0.57,4.87,-4.54,0.958,0,975.53,,,31.77955664,,38.19,4.825,0.6806,4.11,277.22046404,356.28,0,-8,240.2165,243.9314,,,,1.910742,1.231413,-1.837045,-1.754656,0,19.81113,89.9,90.5,33.80160347,,33.80566584,,3,2.9,-30,2.5423,2.7346,3.0064,,4.26379595,3.26,322,52.8,332,59.4,16.2,19.6,16,17.9,20,,4667.84,4.5
underway_1200.33958043,33958043,201011040,2011-03-23T21:20:00,20110323212000,MULTIPOINT ((-57.3492 121.9651)),121.9651,-57.3492,235.5,238.612,239.22729492,,13.1,1.55,-0.72,4.28,-4.49,0.958,0,975.6,,,31.76644043,,38.2,1.964,0.6314,4.082,277.14965128,356.22,0,-8,233.2935,236.1954,,,,1.910791,1.84712,-1.837055,-1.754656,0,19.80101,90.4,90.3,33.7984994,,33.79390863,,2.9,2.9,-30,2.5699,2.6901,3.0147,,4.2601996,1.72,323,46.3,332,51.6,16.8,21.5,16.7,19.8,30,,4665.47,4.49
underway_1200.33958163,33958163,201011040,2011-03-23T21:40:00,20110323214000,MULTIPOINT ((-57.3886 121.8542)),121.8542,-57.3886,237,239.011,239.4744873,,12.8,1.67,-1.36,2.39,-1.84,0.958,0,975.65,,,31.73911784,,38.2,-2.097,0.697,4.081,277.48511664,356.69,0,-8,237.323,241.4293,,,,2.547726,2.77068,-1.837055,-1.754656,0,19.77065,89.1,88.7,33.80015673,,33.79685147,,2.9,2.9,-30,2.5698,2.6605,2.9774,,4.22602422,1.11,322,47.7,332,54.2,16.8,22.1,16.8,20.3,30,,4662.37,4.46
underway_1200.33958283,33958283,201011040,2011-03-23T22:00:00,20110323220000,MULTIPOINT ((-57.4276 121.744)),121.744,-57.4276,235.6,237.14,239.04602051,,12.8,1.21,-0.83,3.67,-3.86,0.958,10,975.6,,,31.73693222,,38.2,4.343,0.6724,4.087,277.60459928,356.81,0,-8,236.3065,239.5612,,,,10.82809,10.46701,1.837055,5.263968,-204.8534,19.77065,89.6,89.1,33.79705041,,33.79890227,,2.9,2.9,-30,2.5679,2.7198,2.9654,,4.2215261,0.813,327,48.9,336,54.7,15.5,19.9,15.7,18.4,30,,4659.43,4.45
underway_1200.33958403,33958403,201011040,2011-03-23T22:20:00,20110323222000,MULTIPOINT ((-57.4657 121.6345)),121.6345,-57.4657,237.2,238.713,239.07348633,,12.7,1.23,-0.71,4.64,-5.28,0.958,110,975.35,,,31.7402106,,38.2,-0.476,0.574,4.145,277.49768848,356.79,0,-8,245.5174,250.3107,,,,29.29934,31.40104,16.53349,15.7919,0,19.77065,91,90.3,33.79407433,,33.79536347,,2.9,2.9,-30,2.598,2.7198,3.0206,,4.22872294,0.686,328,48.4,338,53.9,15.2,19.6,15.1,17.9,30,,3856.9,4.46
underway_1200.33958523,33958523,201011040,2011-03-23T22:40:00,20110323224000,MULTIPOINT ((-57.5031 121.5243)),121.5243,-57.5031,237.8,238.008,238.24951172,,12.6,1.91,-1,2.3,-1,0.958,440,975.11,,,31.78611132,,38.19,6.522,0.5248,4.086,277.02576787,356.13,0,-8,301.4598,303.1755,,,,85.3524,84.65966,58.78575,59.6583,-204.8534,19.74367,91.3,90.2,33.78655761,,33.77735424,,3,3,-30,2.9208,2.986,3.0729,,4.29884984,0.612,327,48.8,337,54.7,15.9,20.5,15.9,18.8,30,,4660.84,4.52
underway_1200.33958643,33958643,201011040,2011-03-23T23:00:00,20110323230000,MULTIPOINT ((-57.5394 121.4131)),121.4131,-57.5394,239.5,240.646,241.14440918,,12.4,1.54,0,2.34,-0.1,1.022,100,975.13,,,31.8057869,,38.19,,0.6068,4.11,276.99500983,356.16,0.182,-8,293.1481,284.2926,,,,73.5689,80.65757,29.39288,31.58381,0,20.31703,94.5,93.1,33.80147137,,33.80698252,,1.2,1.2,-30,1.1595,1.4935,3.1267,,4.29255952,0.248,323,41.3,331,45.9,13,19,13,17.7,62,,3558.91,4.52
underway_1200.33958763,33958763,201011040,2011-03-23T23:20:00,20110323232001,MULTIPOINT ((-57.5754 121.3018)),121.3018,-57.5754,238.8,239.234,239.76013184,,12.5,1.41,0,3.56,-2.9,1.029,840,974.96,,,31.98393334,,38.14,1.859,0.3854,4.083,275.67513991,354.28,0,-8,257.3537,244.8648,,,,215.2975,219.8073,66.13378,136.8632,0,20.60708,92.6,90.3,33.81014468,,33.78327916,,2.3,2.3,-30,2.1187,2.2514,3.2847,,4.51951964,7.1,315,46.7,325,53.4,19.4,25.4,19,23.3,61,,3706.47,4.72
underway_1200.33958883,33958883,201011040,2011-03-23T23:40:00,20110323234001,MULTIPOINT ((-57.6123 121.1923)),121.1923,-57.6123,238.5,239.479,241.10046387,,12.5,2.23,-0.63,2.84,-4.08,1.029,980,,,,31.7150753,,38.22,-0.571,0.4018,4.093,277.43097598,356.58,0,-8,256.3424,245.7457,,,,311.1654,328.4795,161.6608,182.4842,-204.8534,20.60708,92.1,90,33.80629647,,33.81202338,,2.7,2.7,-30,2.7557,2.89,2.9957,,4.1837295,7.1,317,50.7,327,57,20.7,26.4,20.1,24.1,24,,3677.18,4.43
underway_1200.33959003,33959003,201011040,2011-03-24T00:00:00,20110324000001,MULTIPOINT ((-57.6483 121.0803)),121.0803,-57.6483,237.7,239.495,239.69970703,,12.8,1.31,-0.65,2.44,-1.74,1.091,950,974.87,,,31.89649576,,38.15,,0.2788,4.132,276.57060758,355.33,0,-8,244.4948,245.1788,,,,352.2385,404.8271,224.1207,235.1239,0,20.55312,91,89.1,33.77440073,,33.76341957,,2.9,2.9,-30,3.2293,3.2217,3.2123,,4.43887457,7.1,328,57,339,64.9,20.8,24.5,20.5,22.1,24,,3682.48,4.63
underway_1200.33959123,33959123,201011040,2011-03-24T00:20:00,20110324002001,MULTIPOINT ((-57.6841 120.9688)),120.9688,-57.6841,240,239.187,240.1940918,,12.4,1.76,0,2.6,-0.05,1.091,1060,974.84,,,31.78829834,,38.21,3.333,0.2378,4.09,276.65428406,355.56,0,-8,294.5089,293.4605,,,,573.5728,538.7434,371.085,357.9498,204.8534,20.53963,91,89.3,33.78253014,,33.78916164,,3,3,-30,3.5742,3.4273,3.1805,,4.28986349,7.1,327,58.5,339,67.2,22,26,21.6,23.4,24,,3707.14,4.52
underway_1200.33959243,33959243,201011040,2011-03-24T00:40:00,20110324004001,MULTIPOINT ((-57.7197 120.858)),120.858,-57.7197,238.1,239.305,239.45251465,,12.4,1.68,-1.74,0.28,-1.61,1.091,790,974.62,,,31.97956111,,38.15,3.338,0.205,4.083,275.66440503,354.04,0,-8,307.5153,306.7816,,,,326.7497,333.0973,180.0314,185.9936,-204.8534,20.54637,90.2,88.6,33.77779958,,33.77907883,,3.1,3.1,-30,3.7649,3.5153,3.2619,,4.51862413,7.1,333,64.7,346,75.2,24.2,26.2,23.6,23,24,,3690.24,4.71
underway_1200.33959363,33959363,201011040,2011-03-24T01:00:00,20110324010001,MULTIPOINT ((-57.7562 120.7483)),120.7483,-57.7562,236.2,239.064,239.4909668,,12.1,1.57,-1.07,4.5,-6.09,1.091,870,974.25,,,31.91288873,,38.15,,0.2542,4.134,276.28399431,354.76,0,-8,310.5985,310.9407,,,,391.7196,400.8251,209.4173,221.0867,-204.8534,20.543,90,88.6,33.74959589,,33.75234767,,3.2,3.2,-30,3.5677,3.486,3.303,,4.46845616,7.1,329,62.1,342,72.5,23.3,26,22.9,23,0,,3706.28,4.66
underway_1200.33959483,33959483,201011040,2011-03-24T01:20:00,20110324012001,MULTIPOINT ((-57.7941 120.6408)),120.6408,-57.7941,238.5,238.26,239.72717285,,12.3,1.83,0,8.95,-11.78,1.091,390,974.06,,,32.00907026,,38.13,3.554,0.2788,4.167,275.55841852,353.92,0,-8,310.7586,312.7394,,,,184.7033,189.022,88.17857,87.7328,0,20.5801,89.6,88.6,33.79521628,,33.77329955,,3.2,3.1,-30,3.6011,3.4127,3.329,,4.55801442,7.1,320,56.5,332,65.4,24.5,28.8,23.8,25.8,0,,3706.7,4.75
underway_1200.33959603,33959603,201011040,2011-03-24T01:40:00,20110324014001,MULTIPOINT ((-57.8321 120.5359)),120.5359,-57.8321,235.7,239.111,239.61730957,,12.3,2.04,0,1.82,-4.25,1.116,570,973.57,,,31.97518954,,38.13,2.627,0.2788,4.091,275.91652638,354.37,0,-8,310.1146,311.0711,,,,254.124,265.0617,124.9186,133.3539,0,20.53963,88.5,86.5,33.78475008,,33.78129511,,2.6,2.6,-30,3.0454,2.8382,3.294,,4.51145967,0.591,302,44.8,308,49,29.1,35.7,27.2,32.8,30,,0,4.72
underway_1200.33959723,33959723,201011040,2011-03-24T02:00:00,20110324020001,MULTIPOINT ((-57.8699 120.4313)),120.4313,-57.8699,235.6,239.433,239.08996582,,12.1,0.97,-0.87,3.4,-6.88,1.128,610,973.45,,,32.0079768,,38.12,1.623,0.2706,4.1,275.69236559,354.19,0.149,-8,320.1961,320.8344,,,,262.417,276.4523,124.9197,133.3539,0,20.52613,89.3,87.9,33.76744618,,33.76836117,,2.4,2.3,-30,2.8353,2.6308,3.3593,,4.56159416,0.191,311,51.5,321,58.8,28.7,33.4,27.5,30.5,62,,3706.5,4.76
underway_1200.33959843,33959843,201011040,2011-03-24T02:20:00,20110324022001,MULTIPOINT ((-57.9082 120.3282)),120.3282,-57.9082,233.5,239.225,238.88671875,,12,2.06,-0.67,3.58,-6.85,1.144,660,973.49,,,32.01562989,,38.12,3.243,0.2542,4.133,275.74648569,354.22,0,-8,320.9094,320.8344,,,,314.9753,328.1717,154.3126,161.4284,0,20.5059,87.8,86.7,33.79579147,,33.79195638,,2.4,2.3,-30,2.7735,2.6308,3.3363,,4.547274,0.226,309,44.2,318,50.7,21.7,27.2,21,25,30,,5677.06,4.75
underway_1200.33959963,33959963,201011040,2011-03-24T02:40:00,20110324024001,MULTIPOINT ((-57.9471 120.2255)),120.2255,-57.9471,232.8,238.258,239.60083008,,12.2,2.58,-1.29,1.26,-3.62,1.185,860,973.11,,,32.03202341,,38.11,2.254,0.205,4.089,275.8645831,354.35,0.213,-8,320.9032,319.689,,,,395.557,416.8334,198.4019,210.5587,0,20.49916,88.7,87.1,33.77580307,,33.7836572,,2.3,2.1,-30,2.7722,2.616,3.2644,,4.57412168,0.136,311,53,321,59.8,30.1,34.4,28.5,31.2,62,,3654.14,4.76
underway_1200.33960083,33960083,201011040,2011-03-24T03:00:00,20110324030001,MULTIPOINT ((-57.9858 120.1224)),120.1224,-57.9858,234.8,240.116,240.19958496,,11.9,1.61,-0.13,2.34,-3.58,1.252,1440,972.97,,,31.6134341,,38.23,0.407,0.1886,4.079,278.60870833,358.22,0.24,-8,322.0666,322.8785,,,,766.9273,896.7768,356.3886,452.7012,0,20.48566,89.7,88.6,33.80199685,,33.79863944,,2.1,2,-30,2.593,2.6085,2.8275,,4.0801248,0.142,303,44.5,313,51.4,27.6,33.9,26.5,31.2,62,,4623.99,4.31
underway_1200.33960203,33960203,201011040,2011-03-24T03:20:00,20110324032000,MULTIPOINT ((-58.0231 120.0198)),120.0198,-58.0231,237.2,238.138,239.01306152,,12.1,2.31,-1.04,1.56,-4.24,1.342,940,972.49,,,31.58829704,,38.24,2.473,0.164,4.114,278.75404803,358.56,0.286,-8,288.6548,293.8327,,,,392.061,498.4146,209.4242,256.1798,0,20.47217,87.7,86.3,33.80410249,,33.79305634,,2.2,2.2,-30,2.7707,3.2805,2.83,,4.05667793,0.127,292,36.9,298,40.6,27.1,35.5,25.5,33.1,62,,4623.22,4.28
underway_1200.33960323,33960323,201011040,2011-03-24T03:40:00,20110324034000,MULTIPOINT ((-58.06 119.9165)),119.9165,-58.06,236.3,239.132,239.8425293,,12,1.64,-0.95,4.54,-5.8,1.429,1490,972.83,,,31.6057835,,38.22,0.787,0.1722,,279.03862293,358.75,0.333,-8,273.8366,278.0803,,,,901.0324,907.5517,440.8931,564.9992,0,20.45194,89.9,88.6,33.79645521,,33.7951608,,1.9,1.9,-30,2.6208,3.1334,2.8184,,4.07471474,0.11,298,40.5,307,45.9,26.8,34.2,25.5,31.7,63,,3706.23,4.29
underway_1200.33960443,33960443,201011040,2011-03-24T04:00:00,20110324040000,MULTIPOINT ((-58.0967 119.8127)),119.8127,-58.0967,235.1,238.963,239.52392578,,11.8,3.27,-1.86,0,-2.47,1.543,1410,972.2,,,31.5500464,,38.25,,0.1558,4.106,279.18922531,359.03,0.356,-8,260.3429,266.9086,,,,739.5485,1149.216,336.181,593.0737,0,20.45194,89.7,87.9,33.77632886,,33.7970747,,2,1.9,-30,2.3248,3.045,2.7025,,4.00885584,0.146,303,45.4,312,51.4,29,35.2,27.6,32.4,63,,3706.25,4.23
underway_1200.33960563,33960563,201011040,2011-03-24T04:20:00,20110324042000,MULTIPOINT ((-58.1334 119.7104)),119.7104,-58.1334,235.7,238.288,239.32617188,,11.7,2.81,-2.61,0.15,-3.27,1.641,1170,972.43,,,31.51179588,,38.24,5.801,0.1558,4.084,279.78673398,359.76,0.328,-8,265.0956,274.4837,,,,752.2953,1112.274,293.9288,596.5831,0,20.41821,89.5,87.6,33.80018351,,33.80018351,,2,2,-30,2.2646,3.2805,2.7245,,3.96190138,0.136,300,42.4,309,48.2,26.6,33.4,25.4,30.9,63,,3705.99,4.19
underway_1200.33960683,33960683,201011040,2011-03-24T04:40:00,20110324044000,MULTIPOINT ((-58.1701 119.6078)),119.6078,-58.1701,237.1,240.134,239.32067871,,11.8,1.96,-0.74,1.65,-2.7,1.767,1300,972.1,,,31.46262039,,38.28,1.751,0.1804,4.082,279.96320076,360.21,0.414,-8,290.5874,296.4951,,,,465.6466,610.1654,238.8171,317.5927,0,20.41146,89.3,87.6,33.84015483,,33.83900704,,1.9,1.9,-30,2.1156,3.1629,2.5732,,3.86788918,0.115,290,34.6,293,35.5,25.4,33.8,23.4,31.6,63,,0,4.1
underway_1200.33960803,33960803,201011040,2011-03-24T05:00:00,20110324050000,MULTIPOINT ((-58.2067 119.5049)),119.5049,-58.2067,235.3,239.791,239.765625,,11.8,1.74,0,4.16,-7.15,1.906,1890,971.78,,,31.48228885,,38.25,6.201,0.2378,4.089,280.1510021,360.19,0.519,-8,315.0497,313.3098,,,,604.5129,799.4952,330.6698,382.515,0,20.41821,88.9,87.6,33.80716517,,33.80622992,,1.9,1.7,-30,2.1751,2.6308,2.6697,,3.92214381,0.1,298,42.3,306,47.1,30.6,37.5,28.9,34.7,63,,3706.2,4.14
underway_1200.33960923,33960923,201011040,2011-03-24T05:20:00,20110324052000,MULTIPOINT ((-58.2438 119.4019)),119.4019,-58.2438,234.5,239.723,240.61706543,,12.1,2.06,-0.08,1.06,-4.14,2.087,2020,971.82,,,31.43420185,,38.27,2.017,0.1804,4.077,280.35825715,360.66,0.576,-8,287.5645,295.7401,,,,1081.626,1152.295,319.6475,645.7134,0,20.37774,89.2,87.8,33.79767064,,33.79860708,,1.9,1.8,-30,2.1156,2.779,2.6409,,3.87422126,0.569,299,39.7,307,44.4,26.6,33.6,25.5,31.4,63,,3707.23,4.09
underway_1200.33961043,33961043,201011040,2011-03-24T05:40:00,20110324054000,MULTIPOINT ((-58.2814 119.2992)),119.2992,-58.2814,236.2,239.013,239.4744873,,11.7,1.98,-0.49,3.13,-4.55,2.249,2290,971.77,,,31.40251185,,38.29,1.408,0.2214,,280.59286905,361.02,0.432,-8,274.7596,278.0294,,,,524.5708,570.1444,312.2993,329.8753,0,20.3575,87.3,85.3,33.82987495,,33.82930001,,2,2,-30,2.3905,2.8974,2.5297,,3.80815598,0.531,289,35.1,292,36.8,29.5,37.8,27.5,35.4,63,,3706.15,4.03
underway_1200.33961163,33961163,201011040,2011-03-24T06:00:00,20110324060000,MULTIPOINT ((-58.3171 119.1957)),119.1957,-58.3171,237.8,239.429,240.0402832,,11.8,1.6,-0.11,1.11,-2.89,2.381,5310,971.65,,,31.35660989,,38.28,-0.131,0.1558,4.1,280.94287083,361.42,0.478,-8,259.7743,257.887,,,,851.0349,863.8365,451.9154,463.2292,-204.8534,20.35076,88.4,86.4,33.80928339,,33.80928339,,1.9,1.9,-30,2.2046,2.9564,2.5438,,3.77464481,7.1,291,36.1,297,40.2,29.2,37.5,27.4,34.9,63,,3706.19,4.02
underway_1200.33961283,33961283,201011040,2011-03-24T06:20:00,20110324062000,MULTIPOINT ((-58.353 119.0907)),119.0907,-58.353,237.1,240.289,240.94665527,,11.7,2.85,-1.4,0,-2.78,2.523,5680,971.35,,,31.37081746,,38.29,2.887,0.1804,4.086,280.51166902,360.95,0.437,-8,265.7677,258.7313,,,,465.6556,385.4324,426.1967,235.1239,0,20.35076,85.1,83.4,33.81402774,,33.81402774,,2.1,2.1,-30,2.6189,3.1334,2.533,,3.786421,7.1,297,40.6,304,45.6,31.4,38.6,29.7,35.9,63,,3708.36,4.04
underway_1200.33961403,33961403,201011040,2011-03-24T06:40:00,20110324064000,MULTIPOINT ((-58.3718 119.0119)),119.0119,-58.3718,244.1,244.049,244.66003418,,9,3.03,-0.98,3.25,-4.44,2.653,6710,971.32,,,31.34786725,,38.27,3.658,0.1394,4.099,281.01423234,361.63,0.427,-8,262.1882,262.378,,,,663.1394,904.7809,400.4779,424.6268,-204.8534,20.35076,83.5,81.6,33.81236841,,33.81106316,,2.1,2.2,-30,2.7138,3.2217,2.5104,,3.76286645,7.1,293,38.4,300,43.6,32.6,39.1,30.6,36.4,63,,3706.6,4.03
underway_1200.33961523,33961523,201011040,2011-03-24T07:00:00,20110324070000,MULTIPOINT ((-58.405 118.9094)),118.9094,-58.405,237.7,237.534,238.33740234,,11.7,1.79,-1.49,0.59,-4.44,2.794,980,970.68,,,31.43638765,,38.25,0.525,0.2214,4.098,280.16661519,360.42,0.4,-8,286.9181,282.4698,,,,222.3217,235.8157,117.5715,122.8259,204.8534,20.31028,84.9,83.4,33.79970159,,33.79933676,,2.1,2.1,-30,2.6173,2.9269,2.6557,,3.8760303,7.1,298,43.5,306,49.3,30.2,37.3,28.6,34.5,63,,3706.58,4.14
underway_1200.33961643,33961643,201011040,2011-03-24T07:20:00,20110324072000,MULTIPOINT ((-58.4391 118.8065)),118.8065,-58.4391,240.8,242.339,243.88000488,,11.3,2.27,-2.23,3.41,-5.17,2.927,910,971.19,,,31.51726045,,38.22,0.563,0.3034,4.084,279.8262141,359.8,0.418,-8,296.7165,294.4182,,,,204.481,207.4932,99.20095,105.2794,0,20.29679,85.8,83.8,33.8010719,,33.80200564,,1.9,1.9,-30,1.9198,2.2738,2.7339,,3.96641773,0.066,301,41.2,309,46.6,29,35.9,27.6,33.4,63,,3706.16,4.22
underway_1200.33961763,33961763,201011040,2011-03-24T07:40:00,20110324074000,MULTIPOINT ((-58.4708 118.7009)),118.7009,-58.4708,240.9,242.036,242.4407959,,11.4,2.2,-0.47,0.44,-3.2,3.058,750,970.89,,,31.45279397,,38.29,4.906,0.287,,280.0432004,360.54,0.424,-8,278.7746,277.5013,,,,265.6314,274.2973,132.2679,136.8632,204.8534,20.27993,84.8,82.9,33.92856451,,33.93451265,,2,2,-30,2.1744,2.3334,2.5028,,3.76467864,0.155,298,38.8,306,44.1,25.7,33.3,24.4,31,63,,4716.19,4.06
underway_1200.33961883,33961883,201011040,2011-03-24T08:00:00,20110324080000,MULTIPOINT ((-58.5005 118.6004)),118.6004,-58.5005,240.8,243.526,243.86352539,,11.1,1.76,-0.68,1.45,-3.42,3.197,490,970.84,,,31.31289669,,38.31,2.745,0.451,4.104,280.57838047,361.01,0.4,-8,285.263,285.1128,,,,161.8,173.0136,80.83041,82.46883,0,20.26307,84.8,83.5,33.81726022,,33.81726022,,1.9,1.9,-30,2.0549,2.1245,2.4558,,3.7166381,0.064,303,42,311,47.4,27,33.7,25.6,31.2,63,,4605.42,4
underway_1200.33962003,33962003,201011040,2011-03-24T08:20:00,20110324082000,MULTIPOINT ((-58.532 118.4954)),118.4954,-58.532,238.6,240.76,241.10046387,,11.6,1.44,-0.73,0.53,-3.32,3.336,230,970.28,,,31.15553459,,38.4,3.714,0.4264,4.083,281.23789651,362.19,0.393,-8,312.9332,312.5817,,,,113.7053,117.2921,55.11164,59.6583,0,20.25969,87.9,86.8,33.88003429,,33.87827534,,1.5,1.4,-30,1.7262,1.7948,2.1617,,3.47680303,0.06,304,45.4,312,50.4,29.3,35.6,27.6,32.8,63,,4596.48,3.78
underway_1200.33962123,33962123,201011040,2011-03-24T08:40:00,20110324084000,MULTIPOINT ((-58.5659 118.384)),118.384,-58.5659,239.7,242.74,242.80334473,,12.3,1.83,-1.33,3.62,-6.65,3.466,400,970.05,,,31.06810232,,38.42,2.134,0.4182,4.174,281.58480729,362.62,0.417,-8,303.4302,302.9072,,,,124.2198,131.1455,62.45986,66.67693,0,20.26644,87.4,85.5,33.80531042,,33.80436064,,1.6,1.6,-30,1.6336,1.7948,2.2454,,3.44676029,0.064,304,43,313,48.5,28.1,35,26.8,32.4,63,,4544.36,3.73
underway_1200.33962243,33962243,201011040,2011-03-24T09:00:00,20110324090000,MULTIPOINT ((-58.6001 118.2708)),118.2708,-58.6001,241.6,241.093,241.8145752,,12.3,1.6,-0.13,2.79,-3.92,3.604,220,969.96,,,31.23967861,,38.38,3.786,0.4346,4.088,280.55082908,361.2,0.393,-8,310.7301,310.0638,,,,81.22373,82.5047,40.4152,42.11175,0,20.23609,85.4,83.8,33.84435313,,33.83998888,,1.8,1.8,-30,1.9003,1.9449,2.1658,,3.6104585,0.063,304,42.8,312,48,25.4,33,24,30.4,63,,4343.53,3.88
underway_1200.33962363,33962363,201011040,2011-03-24T09:20:00,20110324092000,MULTIPOINT ((-58.6335 118.1567)),118.1567,-58.6335,243.6,243.043,244.13818359,,12.1,2.53,-0.95,2.6,-4.38,3.737,140,969.52,,,31.23967557,,38.37,1.854,0.5002,4.087,280.35952521,360.86,0.426,-8,300.9609,299.4555,,,,59.24175,63.41778,29.39288,31.58381,0,20.23946,84.4,82.7,33.8088105,,33.8088105,,1.9,1.8,-30,1.9653,1.9748,2.3854,,3.64042443,0.062,309,46.7,317,52.1,28.8,35.7,27,32.7,63,,3706.21,3.92
underway_1200.33962483,33962483,201011040,2011-03-24T09:40:00,20110324094000,MULTIPOINT ((-58.6668 118.0411)),118.0411,-58.6668,240.8,242.31,242.78137207,,12.4,1.68,0,0,-2.95,3.874,80,969.27,,,31.27683205,,38.35,3.899,0.5576,,280.28813476,360.59,0.427,-8,296.641,294.873,,,,41.72487,43.71517,22.04466,21.05587,-204.8534,20.17538,84.1,82.4,33.80766761,,33.80897562,,1.9,1.8,-30,1.9038,1.9148,2.4387,,3.68307898,0.06,312,46.6,321,52.5,24.1,30.5,23.3,28.2,63,,0,3.96
underway_1200.33962603,33962603,201011040,2011-03-24T10:00:00,20110324100000,MULTIPOINT ((-58.7001 117.9258)),117.9258,-58.7001,241.6,242.033,243.1439209,,12.3,3.34,-1.71,1.67,-3.71,4.004,0,968.78,,,31.31399456,,38.36,5.45,0.6478,4.103,279.85098164,360.18,0.447,-8,314.0456,312.249,,,,10.82952,11.39057,3.674109,5.263968,204.8534,20.17538,83.4,82,33.87030287,,33.86856075,,1.9,1.8,-30,1.9624,1.9523,2.3907,,3.66856147,0.059,312,47.5,322,54,25.8,32.1,24.8,29.5,63,,0,3.97
underway_1200.33962723,33962723,201011040,2011-03-24T10:20:00,20110324102000,MULTIPOINT ((-58.7332 117.8096)),117.8096,-58.7332,242.5,243.221,243.94592285,,12.5,1.43,-0.63,0.93,-4.1,4.13,0,968.64,,,31.10854183,,38.44,3.311,0.7708,4.104,280.73397587,361.68,0.43,-8,313.1957,312.8911,,,,3.822069,3.69424,1.837055,1.754656,0,20.16189,89.5,89.7,33.8631681,,33.86162996,,1.4,1.2,-30,1.5676,1.4029,2.1681,,3.43856436,0.068,319,53,329,60.2,27,32.3,25.9,29.4,63,,3706.1,3.76
underway_1200.33962843,33962843,201011040,2011-03-24T10:40:00,20110324104000,MULTIPOINT ((-58.7687 117.6947)),117.6947,-58.7687,238.2,239.97,240.13916016,,12.7,1.67,-0.73,0.98,-4.3,4.278,0,968.5,,,31.10853263,,38.39,1.913,0.6724,4.156,281.21129441,361.81,0.505,-8,314.3916,315.3361,,,,1.91107,2.462827,0,1.754656,0,20.16189,92,92.1,33.76595196,,33.76674297,,1.4,1.2,-30,1.393,1.2363,2.3354,,3.52957122,0.096,320,54.8,331,62.6,24.3,28.8,23.5,26,63,,3706.69,3.82
underway_1200.33962963,33962963,201011040,2011-03-24T11:00:00,20110324110000,MULTIPOINT ((-58.7811 117.6165)),117.6165,-58.7811,348.9,351.87,352.24914551,,5.7,1.58,-0.23,2.21,-2.5,4.437,0,968.5,,,31.21672672,,38.36,4.268,0.7708,4.089,280.76691602,361.31,0.52,-8,315.3561,315.8324,,,,1.911108,2.462827,-1.837055,-1.754656,-204.8534,20.25632,94.1,94.2,33.81530037,,33.81530037,,1.4,1.3,-30,1.3838,1.3423,2.3568,,3.60773363,0.444,329,341.1,324,337.1,19,24.4,19.8,25,63,,4573.97,3.9
underway_1200.33963083,33963083,201011040,2011-03-24T11:20:00,20110324112000,MULTIPOINT ((-58.7725 117.5604)),117.5604,-58.7725,241.6,244.676,243.55041504,,12,2.11,-1.5,3.35,-5.27,4.588,0,968.36,,,31.11618635,,38.41,0.01,0.7954,4.122,280.8511713,361.59,0.531,-8,318.1278,318.6908,,,,1.911033,2.462827,-1.837055,-1.754656,204.8534,20.22934,94.8,94.4,33.80887633,,33.80814393,,1.6,1.5,-30,1.5452,1.4935,2.2638,,3.49864342,0.464,326,57.6,338,65.8,24.3,28.2,23.4,25.3,63,,4574.77,3.81
underway_1200.33963203,33963203,201011040,2011-03-24T11:40:00,20110324114000,MULTIPOINT ((-58.8067 117.4494)),117.4494,-58.8067,239.3,239.972,240.86425781,,12.1,1.48,-0.48,1.31,-3.21,4.742,0,967.84,,,31.16645616,,38.4,,0.7954,4.083,280.58012191,361.26,0.526,-8,317.6718,318.3238,,,,1.911098,2.462827,-1.837055,0,0,20.23609,95.9,95,33.81113754,,33.80982504,,1.7,1.6,-30,1.6626,1.6443,2.2961,,3.55502993,0.423,330,65,344,76.6,27.8,30.2,27.1,26.7,63,,0,3.85
underway_1200.33963323,33963323,201011040,2011-03-24T12:00:00,20110324120000,MULTIPOINT ((-58.8427 117.3393)),117.3393,-58.8427,234.9,239.912,241.30371094,,12,2.05,-0.96,6.34,-8.68,4.922,0,967.61,,,31.06920887,,38.47,4.645,0.9102,4.143,281.24928791,362.6,0.585,-8,313.4579,313.0059,,,,1.911034,1.84712,-1.837055,-1.754656,-204.8534,20.21585,96.2,95.1,33.9440737,,33.94685107,,1.9,1.9,-30,1.8377,1.8849,2.015,,3.31184911,0.465,328,63.3,339,72,28.7,30.6,27.1,26.9,63,,4800,3.65
underway_1200.33963443,33963443,201011040,2011-03-24T12:20:00,20110324122000,MULTIPOINT ((-58.8794 117.2308)),117.2308,-58.8794,235.9,241.16,242.02331543,,11.7,1.1,-0.29,7.08,-9.85,5.104,0,967.13,,,30.93697017,,38.48,1.2,0.943,4.074,282.19607782,363.54,0.574,-8,276.7988,273.0059,,,,1.911106,2.154973,-1.837055,-1.754656,0,20.23609,94.9,93,33.84044376,,33.83948723,,2.2,2.2,-30,1.9693,2.0647,1.9883,,3.26164045,0.27,316,55.9,327,64,33.1,36.7,31.3,33,63,,4909.82,3.57
underway_1200.33963563,33963563,201011040,2011-03-24T12:40:00,20110324124000,MULTIPOINT ((-58.9136 117.1239)),117.1239,-58.9136,237.5,240.842,242.35290527,,11.8,3.3,-0.83,0.47,-3.86,5.282,0,966.58,,,30.90746518,,38.48,,0.9348,4.09,282.53797522,363.98,0.431,-8,267.2684,265.8886,,,,1.911022,2.154973,-1.837055,-1.754656,0,20.17538,89.5,85.8,33.84239915,,33.84107486,,2.4,2.6,-30,2.0848,2.3781,1.9526,,3.226014,0.203,309,49.6,317,55.9,34.3,39.7,32.4,36.4,63,,5559.22,3.54
underway_1200.33963683,33963683,201011040,2011-03-24T13:00:00,20110324130000,MULTIPOINT ((-58.9482 117.018)),117.018,-58.9482,237.1,,242.29797363,,11.7,,,,,5.427,0,966.66,,,30.87031194,,38.5,4.042,0.9102,4.089,282.81681495,364.37,0.45,-8,292.9232,292.604,,,,1.911042,1.84712,-1.837055,-1.754656,-204.8534,20.1484,88.6,86.4,33.85545611,,33.85353653,,2.6,2.7,-30,2.3964,2.5715,1.8627,,3.17116519,0.133,308,47.9,315,53.4,31.2,36.9,29.4,33.9,63,,0,3.48
underway_1200.33963803,33963803,201011040,2011-03-24T13:20:00,20110324132000,MULTIPOINT ((-58.9824 116.9114)),116.9114,-58.9824,237.6,,242.38586426,,11.3,,,,,5.563,0,966.06,,,30.84080522,,38.49,3.907,0.9512,4.071,283.28907643,364.84,0.419,-8,274.5609,271.5278,,,,1.911002,1.539267,-1.837055,-1.754656,0,20.12141,87.8,85.9,33.83307542,,33.83403505,,2.7,2.7,-30,2.5611,2.6605,1.8941,,3.15561611,0.112,312,52.1,321,58.3,31.1,35.7,29,32.3,63,,5559.3,3.46
underway_1200.33963923,33963923,201011040,2011-03-24T13:40:00,20110324134000,MULTIPOINT ((-59.0156 116.8045)),116.8045,-59.0156,235.8,,242.05078125,,11.8,,,,,5.702,0,966.16,,,30.86266053,,38.47,3.468,0.9676,4.095,283.21607774,364.85,0.429,-8,245.6123,243.1211,,,,1.910999,2.462827,-1.837055,-1.754656,0,20.12141,87,85,33.83178421,,33.83274297,,2.6,2.6,-30,2.4056,2.564,1.9326,,3.18213873,0.101,316,56.5,327,65,34.7,38.4,33,34.7,63,,5559.42,3.5
underway_1200.33964043,33964043,201011040,2011-03-24T14:00:00,20110324140000,MULTIPOINT ((-59.0493 116.6974)),116.6974,-59.0493,239,,244.5501709,,11.8,,,,,5.839,0,965.83,,,30.87577534,,38.48,4.043,0.984,4.081,282.98676042,364.67,0.39,-8,244.8156,242.2929,,,,1.910999,1.84712,-1.837055,-1.754656,0,20.09443,86.3,84.8,33.84865313,,33.84865313,,2.6,2.6,-30,2.4501,2.616,1.9133,,3.18213873,0.096,318,54.3,328,61.8,31.1,35.3,29.5,32,63,,5559.29,3.5
underway_1200.33964163,33964163,201011040,2011-03-24T14:20:00,20110324142000,MULTIPOINT ((-59.083 116.5898)),116.5898,-59.083,238.6,,244.66552734,,11.5,,,,,5.977,0,965.25,,,30.88998309,,38.47,2.953,0.9594,4.106,283.17663483,364.79,0.383,-8,246.2331,243.2973,,,,1.910999,1.539267,-1.837055,-1.754656,-204.8534,20.09443,83.8,81.2,33.85034562,,33.86589032,,2.6,2.6,-30,2.3239,2.6011,1.9188,,3.18213873,0.092,314,53.1,323,59.7,31.4,36.1,29.5,32.7,63,,5559.9,3.5
underway_1200.33964283,33964283,201011040,2011-03-24T14:40:00,20110324144000,MULTIPOINT ((-59.1163 116.4835)),116.4835,-59.1163,238.8,,244.05578613,,11.7,,,,,6.115,0,964.87,,,30.90527992,,38.47,0.828,0.9512,4.078,282.84010144,364.47,0.418,-8,266.63,265.3073,,,,1.910999,2.154973,-1.837055,-1.754656,-204.8534,20.09443,82.9,81,33.84549731,,33.84417281,,2.5,2.4,-30,2.3759,2.4823,1.9569,,3.22053124,0.087,318,56.2,328,64.5,34.6,38.5,32.6,34.7,63,,5559.22,3.53
underway_1200.33964403,33964403,201011040,2011-03-24T15:00:00,20110324150000,MULTIPOINT ((-59.1489 116.3773)),116.3773,-59.1489,239.8,,243.65478516,,11.3,,,,,6.245,0,964.9,,,30.86156873,,38.49,1.079,1.0168,4.093,282.91958818,364.61,0.408,-8,314.0421,312.4453,,,,1.910999,2.462827,-1.837055,0,204.8534,20.08094,84.8,83.4,33.84365991,,33.8429263,,2.1,2.1,-30,2.1751,2.2216,1.8958,,3.17116519,0.086,318,58.6,328,66.4,37.6,41.3,34.9,36.9,63,,5559.08,3.49
underway_1200.33964523,33964523,201011040,2011-03-24T15:20:00,20110324152000,MULTIPOINT ((-59.1817 116.2724)),116.2724,-59.1817,238.9,,242.88574219,,11.4,,,,,6.379,0,964.41,,,30.9577338,,38.44,1.449,1.0004,4.076,282.97583828,364.47,0.422,-8,290.5166,288.3376,,,,1.910999,1.84712,-1.837055,-1.754656,-204.8534,20.06745,84.7,83.5,33.83711262,,33.84644869,,2.1,2,-30,2.1006,2.1245,1.9693,,3.27898973,0.081,318,58.6,329,67.4,33.8,37.6,32.2,34.1,63,,5558.96,3.57
underway_1200.33964643,33964643,201011040,2011-03-24T15:40:00,20110324154000,MULTIPOINT ((-59.2144 116.1676)),116.1676,-59.2144,239.5,,245.13793945,,11.2,,,,,6.512,0,963.6,,,30.86484624,,38.46,2.625,0.8774,4.126,283.52190953,365.24,0.426,-8,260.829,254.3078,,,,1.910984,2.462827,-1.837055,-1.754656,-204.8534,20.05396,83.8,82,33.83347696,,33.83443575,,2.1,2.1,-30,1.7874,1.9748,1.9403,,3.1830531,0.074,321,59.8,333,68.8,34.2,37.8,32,33.6,63,,5447.82,3.49
underway_1200.33964763,33964763,201011040,2011-03-24T16:00:00,20110324160000,MULTIPOINT ((-59.2468 116.0603)),116.0603,-59.2468,237.9,,240.3918457,,11.5,,,,,6.655,0,963.8,,,30.87468253,,38.48,5.251,0.9758,4.08,283.10802622,364.81,0.427,-8,288.5938,287.2626,,,,1.910998,2.462827,-1.837055,-1.754656,0,20.0607,85.6,84.3,33.84600136,,33.84828648,,2.1,2.1,-30,1.9066,2.1245,1.9244,,3.18122434,0.076,323,64.8,336,74.7,33.4,36,31.4,31.8,63,,5559.3,3.49
underway_1200.33964883,33964883,201011040,2011-03-24T16:20:00,20110324162000,MULTIPOINT ((-59.2794 115.952)),115.952,-59.2794,240.3,,242.77587891,,11.6,,,,,6.791,0,963.11,,,31.00799811,,38.38,1.186,1.0496,4.079,283.16651359,364.46,0.403,-8,256.8604,250.2907,,,,1.91103,2.462827,-1.837055,-1.754656,0,20.06745,86,84.5,33.80430937,,33.8032089,,2,2,-30,1.8005,2.0347,2.1558,,3.37842876,0.074,328,65,339,73.6,32.5,34.9,30.8,31.2,63,,3706.03,3.66
underway_1200.33965003,33965003,201011040,2011-03-24T16:40:00,20110324164000,MULTIPOINT ((-59.3125 115.8448)),115.8448,-59.3125,237.2,,241.27624512,,11.7,,,,,6.933,0,962.76,,,30.99598376,,38.4,0.664,1.0742,4.104,283.22316803,364.83,0.39,-8,268.5761,263.6138,,,,1.911037,2.462827,-1.837055,-1.754656,0,20.06745,86.2,84.9,33.8674971,,33.86977495,,2,2.1,-30,1.9348,2.1245,2.0604,,3.30089786,0.074,329,66.3,344,78.7,30.3,32.3,29.3,28.6,63,,3706.52,3.61
underway_1200.33965123,33965123,201011040,2011-03-24T17:00:00,20110324170000,MULTIPOINT ((-59.3467 115.7378)),115.7378,-59.3467,239.6,,243.3416748,,11.7,,,,,7.065,0,961.94,,,30.93150782,,38.41,0.34,1.1972,4.157,283.73176502,365.59,0.428,-8,297.3933,296.2858,,,,1.911,2.462827,-1.837055,-1.754656,-204.8534,20.06408,86,84.4,33.86378325,,33.85583984,,2.1,2.1,-30,2.0633,2.2141,1.9174,,3.23971884,0.074,331,67,344,78.1,31.2,32.6,30.4,29.3,63,,3706.28,3.55
underway_1200.33965243,33965243,201011040,2011-03-24T17:20:00,20110324172000,MULTIPOINT ((-59.3806 115.6298)),115.6298,-59.3806,237.5,,244.0447998,,11.3,,,,,7.197,0,961.62,,,30.7774256,,38.46,1.74,0.984,,284.54899192,366.56,0.368,-8,307.3632,306.8941,,,,1.910999,2.154973,-1.837055,-1.754656,0,20.06745,86,84.6,33.84156972,,33.84156972,,2.1,2.1,-30,2.041,2.1842,1.8069,,3.0750661,0.074,336,72.1,349,84.6,32.5,32.8,32.1,29.9,63,,3706.42,3.4
underway_1200.33965363,33965363,201011040,2011-03-24T17:40:00,20110324174000,MULTIPOINT ((-59.414 115.5244)),115.5244,-59.414,239.3,,242.13317871,,11.4,,,,,7.321,0,960.82,,,30.76868627,,38.46,2.483,1.0578,4.113,285.19048648,367.56,0.412,-8,308.6877,306.8941,,,,1.910999,2.462827,-1.837055,-1.754656,0,20.05396,86,84.8,33.86813076,,33.8704263,,2.1,2.1,-30,2.1081,2.1842,1.8322,,3.03750233,0.073,336,74.4,352,89.8,34.1,34.3,34.6,31.6,63,,3706.32,3.34
underway_1200.33965483,33965483,201011040,2011-03-24T18:00:00,20110324180000,MULTIPOINT ((-59.448 115.4182)),115.4182,-59.448,236.7,,242.38037109,,11.6,,,,,7.451,0,960.4,,,30.93696779,,38.43,6.469,1.066,4.112,283.03284512,364.7,0.433,-8,298.9446,297.643,,,,1.911098,2.462827,-1.837055,-1.754656,0,20.05396,85.7,84.5,33.84695763,,33.81463704,,2.2,2.2,-30,2.1784,2.2738,2.0365,,3.28538038,0.073,336,71.9,351,86.4,29.1,29.5,29.9,27.3,63,,3706.22,3.58
underway_1200.33965603,33965603,201011040,2011-03-24T18:20:00,20110324182000,MULTIPOINT ((-59.4815 115.3097)),115.3097,-59.4815,238.3,,243.55041504,,11.7,,,,,7.578,0,959.76,,,30.88998281,,38.45,3.778,1.0086,4.095,283.35047852,365.28,0.366,-8,291.4246,290.6123,,,,1.911035,2.462827,-1.837055,-1.754656,0,20.0742,85,83.7,33.89629654,,33.86301134,,2.3,2.3,-30,2.2927,2.3781,1.934,,3.18488182,0.073,338,71.7,352,85.5,29,29.8,29.9,27.9,63,,3706.19,3.51
underway_1200.33965723,33965723,201011040,2011-03-24T18:40:00,20110324184000,MULTIPOINT ((-59.5148 115.2037)),115.2037,-59.5148,237.9,,243.95141602,,11.4,,,,,7.711,0,959.39,,,30.82987874,,38.42,6.866,1.0742,4.087,284.62748321,366.58,0.392,-8,308.2481,313.8687,,,,1.911013,2.462827,5.511164,1.754656,-204.8534,20.06745,87.3,88.1,33.84247926,,33.846689,,1.6,1.3,-30,1.8012,1.8398,1.8782,,3.13091273,0.071,341,74.2,0,95.3,30.2,29.7,32.2,27.7,63,,3706.25,3.46
underway_1200.33965843,33965843,201011040,2011-03-24T19:00:00,20110324190000,MULTIPOINT ((-59.5482 115.0954)),115.0954,-59.5482,240,,245.71472168,,11.7,,,,,7.84,0,958.71,,,30.64302261,,38.53,2.658,0.8364,4.086,285.30171917,367.77,0.384,-8,314.9894,315.5722,,,,1.910999,2.462827,-1.837055,-1.754656,0,20.06745,90.9,90.7,33.88696868,,33.89499294,,1.6,1.5,-30,1.3055,1.5162,1.5364,,2.86865008,0.073,345,76.2,2,94.7,29.7,29,31,26.6,63,,3706.77,3.21
underway_1200.33965963,33965963,201011040,2011-03-24T19:20:00,20110324191959,MULTIPOINT ((-59.5822 114.9867)),114.9867,-59.5822,235.9,,241.89697266,,11.5,,,,,7.972,0,957.94,,,30.53811442,,38.56,,0.861,,285.65717104,368.31,0.434,-8,315.9685,317.0228,,,,1.911048,2.462827,-1.837055,-1.754656,204.8534,20.06745,90.5,89.4,33.82959773,,33.82862728,,1.8,1.7,-30,1.5144,1.8248,1.5009,,2.80981372,0.073,339,72.5,353,87.3,28.9,28.7,30,26.9,63,,3706.52,3.14
underway_1200.33966083,33966083,201011040,2011-03-24T19:40:00,20110324194000,MULTIPOINT ((-59.616 114.8775)),114.8775,-59.616,239.4,,244.88525391,,11.6,,,,,8.094,0,957.13,,,30.61897454,,38.52,2.24,0.9348,4.089,285.30937194,367.77,0.358,-8,309.6836,310.311,,,,1.91109,1.84712,-1.837055,0,204.8534,20.05396,89.8,88.7,33.81113335,,33.81136245,,1.9,1.8,-30,1.678,1.9973,1.5555,,2.92008732,0.073,337,68,351,80.6,26.8,27.7,27,25.3,63,,0,3.24
underway_1200.33966203,33966203,201011040,2011-03-24T20:00:00,20110324200000,MULTIPOINT ((-59.6428 114.7634)),114.7634,-59.6428,246,,250.86730957,,11.3,,,,,8.223,0,956.58,,,30.52609168,,38.52,3.016,0.8938,4.087,286.46674633,369.1,0.434,-8,312.9838,314.9816,,,,1.911039,2.154973,1.837055,1.754656,-204.8534,20.06745,93.1,92,33.81638552,,33.7983843,,1.1,1.1,-30,1.0921,1.1605,1.5494,,2.82452791,0.075,341,69.4,354,80.5,28.8,30.1,27.8,26.7,63,,3707.9,3.14
underway_1200.33966323,33966323,201011040,2011-03-24T20:20:00,20110324202000,MULTIPOINT ((-59.6695 114.648)),114.648,-59.6695,239.2,,243.52844238,,11.4,,,,,8.363,0,956.16,,,30.64847678,,38.5,,0.943,4.092,285.266366,367.46,0.457,-8,315.97,316.74,,,,1.911041,1.539267,-1.837055,-1.754656,-204.8534,20.06745,91.7,89.6,33.79539377,,33.79428737,,1.9,1.9,-30,1.5148,1.7647,1.6815,,2.97056561,0.079,342,73.1,357,87.5,27.3,27.3,27.4,24.5,63,,3706.3,3.28
underway_1200.33966443,33966443,201011040,2011-03-24T20:40:00,20110324204000,MULTIPOINT ((-59.7016 114.5333)),114.5333,-59.7016,238.3,,242.60009766,,12.1,,,,,8.5,0,955.86,,,30.58728992,,38.55,5.065,0.8692,4.099,285.32615063,367.91,0.448,-8,310.0926,310.3612,,,,1.911084,1.84712,0,0,0,20.05396,91,89.1,33.85708093,,33.85975758,,1.7,1.7,-30,1.5505,1.7797,1.5762,,2.83740004,0.081,340,71.7,355,86.2,26.1,26.5,26.9,24.2,63,,3706.58,3.18
underway_1200.33966563,33966563,201011040,2011-03-24T21:00:00,20110324210000,MULTIPOINT ((-59.7335 114.4185)),114.4185,-59.7335,239.9,,241.51794434,,12.1,,,,,8.635,0,955,,,30.72934429,,38.49,-1.787,0.902,4.078,284.77643054,367.12,0.467,-8,310.6286,309.8304,,,,1.911146,1.84712,-1.837055,-1.754656,0,20.05396,91.5,90,33.84311243,,33.8408166,,1.7,1.7,-30,1.45,1.6669,1.7535,,3.02008721,0.082,346,76.2,1,90.8,27.4,26.7,28.1,24.4,63,,3706.33,3.33
underway_1200.33966683,33966683,201011040,2011-03-24T21:20:00,20110324212000,MULTIPOINT ((-59.7658 114.3018)),114.3018,-59.7658,238.4,,243.86901855,,12.2,,,,,8.784,0,955,,,30.7173232,,38.5,,0.9102,,284.47786239,366.5,0.389,-8,310.9073,310.4877,,,,1.911067,2.154973,-1.837055,0,0,20.06745,88.8,86.8,33.83741813,,33.83195219,,1.9,1.9,-30,1.7239,2.0347,1.7562,,3.01458671,0.082,341,72.4,355,86,28.1,28.1,28.5,25.5,63,,5559.26,3.34
underway_1200.33966803,33966803,201011040,2011-03-24T21:40:00,20110324214000,MULTIPOINT ((-59.7979 114.182)),114.182,-59.7979,242.3,,242.28149414,,12.6,,,,,8.913,0,954.28,,,30.74901713,,38.51,2.906,0.9102,4.1,284.34014135,366.51,0.415,-8,311.2129,311.2239,,,,1.911049,2.462827,-1.837055,0,0,20.05396,90.7,89.9,33.8653445,,33.87540368,,1.7,1.6,-30,1.5745,1.7346,1.7194,,3.0100026,0.081,356,76.7,10,94.2,20.6,19.2,22.7,17.8,63,,4500.54,3.33
underway_1200.33966923,33966923,201011040,2011-03-24T22:00:00,20110324220000,MULTIPOINT ((-59.8301 114.0617)),114.0617,-59.8301,239.7,,244.39086914,,12.3,,,,,9.046,0,953.97,,,30.70421236,,38.52,1.709,0.9184,4.172,284.44687543,366.49,0.396,-8,314.9578,316.5279,,,,1.911064,2.462827,-1.837055,-1.754656,0,20.06745,91.1,90.1,33.83327659,,33.85455973,,1.7,1.6,-30,1.5138,1.7196,1.7067,,2.97790457,0.082,355,74.6,5,86,19.5,17.3,20.5,16,63,,1853.95,3.31
underway_1200.33967043,33967043,201011040,2011-03-24T22:20:00,20110324222000,MULTIPOINT ((-59.8632 113.9419)),113.9419,-59.8632,241.1,,243.58886719,,12.2,,,,,9.164,0,953.47,,,30.69437715,,38.53,4.656,0.9266,4.095,284.44719145,366.43,0.365,-8,314.3858,314.8729,,,,3.185007,3.69424,-1.837055,1.754656,0,20.05396,91,89.8,33.85102177,,33.84932083,,1.7,1.7,-30,1.6065,1.8248,1.5881,,2.97148302,0.082,357,74.4,10,90.6,20.1,18.2,22,16.9,63,,5560.21,3.29
underway_1200.33967163,33967163,201011040,2011-03-24T22:40:00,20110324224000,MULTIPOINT ((-59.8971 113.8207)),113.8207,-59.8971,240.9,,244.34692383,,12.5,,,,,9.286,0,953.41,,,30.29007098,,38.7,5.661,0.9348,4.064,285.64016153,368.31,0.387,-8,313.3649,314.4487,,,,7.644284,8.004187,1.837055,1.754656,0,20.05396,91.4,90.6,33.81846861,,33.81981793,,1.6,1.6,-30,1.6037,1.7346,1.1926,,2.52959499,0.082,11,82.7,21,99.9,18.1,13.6,20.4,13.2,63,,4809.48,2.91
underway_1200.33967283,33967283,201011040,2011-03-24T23:00:00,20110324230000,MULTIPOINT ((-59.9326 113.7013)),113.7013,-59.9326,206.3,,213.15673828,,12.6,,,,,9.416,10,952.87,,,30.27914114,,38.7,-2.466,0.861,4.08,285.70553327,368.31,0.428,-8,315.3899,317.4966,,,,17.8362,18.16335,7.348219,8.77328,-204.8534,20.10118,92.5,91.8,33.78811039,,33.78676193,,1.7,1.6,-30,1.6058,1.697,1.1831,,2.54806846,0.082,24,147.2,20,141.4,14.6,2,15.9,3.5,63,,3706.17,2.91
underway_1200.33967403,33967403,201011040,2011-03-24T23:20:00,20110324232000,MULTIPOINT ((-59.995 113.6291)),113.6291,-59.995,209.3,,210.81115723,,12.9,,,,,9.55,50,952.25,,,30.41025652,,38.62,6.996,0.738,4.076,285.20462468,367.46,0.423,-8,312.9357,313.1615,,,,34.07952,35.40314,16.53349,15.7919,0,20.0607,92.2,91.8,33.7135049,,33.71164691,,1.7,1.6,-30,1.7268,1.6895,1.5727,,2.77209305,0.083,19,105.7,17,117.1,14.1,2.9,15.3,4,63,,4458.94,3.1
underway_1200.33967523,33967523,201011040,2011-03-24T23:40:00,20110324234000,MULTIPOINT ((-60.0584 113.5572)),113.5572,-60.0584,210.9,,210.68481445,,13,,,,,9.683,110,952.5,,,30.59602637,,38.58,4.296,0.6806,4.083,284.3877728,366.56,0.413,-8,313.3592,313.5152,,,,59.24098,60.95496,25.71876,28.0745,0,20.04047,92.2,92,33.80532274,,33.80265135,,1.9,1.6,-30,1.8167,1.7647,1.6165,,2.90172165,0.083,24,32.9,21,51.2,11.4,2.1,11.9,2.2,63,,4448.77,3.22
underway_1200.33967643,33967643,201011040,2011-03-25T00:00:00,20110325000000,MULTIPOINT ((-60.1219 113.4853)),113.4853,-60.1219,206.8,,210.05859375,,13.3,,,,,9.814,170,952.85,,,30.62881229,,38.58,2.943,0.6478,4.15,283.96322454,366.02,0.414,-8,313.795,314.0808,,,,93.6358,94.20313,44.08931,45.62106,0,20.0742,92.6,92.3,33.84088525,,33.84466133,,1.8,1.7,-30,1.9093,1.8849,1.6133,,2.89988479,0.083,36,354.7,38,352.7,7.6,5.7,7.4,5.9,63,,3706.01,3.25
underway_1200.33967763,33967763,201011040,2011-03-25T00:20:00,20110325002000,MULTIPOINT ((-60.1841 113.4108)),113.4108,-60.1841,212.8,,211.29455566,,12.9,,,,,9.943,160,952.28,,,30.63099555,,38.57,3.527,0.738,4.153,284.08017603,366.22,0.375,-8,317.0233,319.0314,,,,79.61308,85.58323,38.57815,42.11175,0,20.04047,93.3,92.9,33.82255014,,33.82121517,,1.5,1.4,-30,1.7389,1.7948,1.6533,,2.92467791,0.081,45,352.3,56,348,3.3,9.4,3.6,9.5,63,,0,3.26
underway_1200.33967883,33967883,201011040,2011-03-25T00:40:00,20110325004000,MULTIPOINT ((-60.2447 113.3343)),113.3343,-60.2447,212.6,,211.22314453,,12.8,,,,,10.065,210,953.03,,,30.69546672,,38.54,5.938,0.779,4.081,283.74877104,365.61,0.397,-8,312.5948,314.4618,,,,100.3112,105.5937,44.08769,45.62106,204.8534,20.04047,94.1,94.1,33.8153216,,33.81591729,,1.2,1.2,-30,1.4395,1.5086,1.7302,,3.00450123,0.08,91,339.6,95,335.7,4.8,11.2,5.6,11.5,63,,4428.72,3.34
underway_1200.33968003,33968003,201011040,2011-03-25T01:00:00,20110325010000,MULTIPOINT ((-60.306 113.2568)),113.2568,-60.306,211.4,,212.08007812,,13,,,,,10.191,1300,953.38,,,30.65394293,,38.56,6.034,0.2706,4.071,283.81669967,365.69,0.368,-8,280.0348,280.8423,,,,372.9004,426.3769,202.0682,228.1053,0,20.02698,94.9,94.5,33.8192897,,33.82025535,,1.3,1.2,-30,1.8005,1.6744,1.6697,,2.95221449,0.08,33,358.4,74,351.1,1.5,11.3,2.2,11.3,63,,4401.16,3.3
underway_1200.33968123,33968123,201011040,2011-03-25T01:20:00,20110325012000,MULTIPOINT ((-60.3654 113.1774)),113.1774,-60.3654,215.3,,214.3157959,,13.1,,,,,10.324,1060,953.74,,,30.62006777,,38.58,3.265,0.2296,4.084,284.01515185,366.01,0.426,-8,312.8186,314.701,,,,402.2093,405.7507,222.2832,221.0867,0,20.02023,95.2,94.7,33.81656387,,33.81656387,,1.4,1.4,-30,2.3425,2.244,1.7138,,2.91641461,0.08,73,358.9,107,350.5,0.6,12.6,2.3,12.6,63,,4407.2,3.25
underway_1200.33968243,33968243,201011040,2011-03-25T01:40:00,20110325014000,MULTIPOINT ((-60.4242 113.0961)),113.0961,-60.4242,215.4,,214.20593262,,13,,,,,10.506,340,953.4,,,30.69765503,,38.55,-0.258,0.5494,4.135,283.48928314,365.31,0.572,-8,314.4067,315.933,,,,180.2422,185.9434,88.1772,92.99677,0,20.01349,94.6,93.6,33.84619288,,33.84559487,,1.5,1.5,-30,2.0389,2.0497,1.6954,,2.97882188,0.092,202,356.7,178,350.3,3.8,16.7,4.4,16.8,63,,4383.04,3.34
underway_1200.33968363,33968363,201011040,2011-03-25T02:00:00,20110325020000,MULTIPOINT ((-60.4828 113.0151)),113.0151,-60.4828,212.9,,213.90380859,,12.6,,,,,10.681,950,954.6,,,30.72606639,,38.55,1.369,0.3116,4.096,283.14540934,364.92,0.622,-8,260.154,264.7745,,,,325.4613,357.7256,169.009,184.2389,0,20,95.2,94.5,33.84453555,,33.84453555,,1.3,1.3,-30,1.858,1.9148,1.7366,,3.01275311,0.089,189,354.5,167,346.9,4.9,17.4,5.9,17.4,63,,4364.02,3.37
underway_1200.33968483,33968483,201011040,2011-03-25T02:20:00,20110325022000,MULTIPOINT ((-60.5385 112.9368)),112.9368,-60.5385,217.5,,218.5949707,,12.4,,,,,10.876,1180,955.79,,,30.68344926,,38.56,3.205,0.2624,4.13,283.53271613,365.38,0.495,-8,314.3701,313.9083,,,,530.2374,547.9789,282.9064,287.7636,0,20,95.4,94.6,33.84371278,,33.84467877,,1.1,1.1,-30,2.2445,2.3036,1.6621,,2.9632258,0.087,227,2.7,207,354.8,7.6,19.5,7.4,19.3,63,,4354.55,3.32
underway_1200.33968603,33968603,201011040,2011-03-25T02:40:00,20110325024000,MULTIPOINT ((-60.5927 112.8539)),112.8539,-60.5927,215.8,,216.64489746,,12.6,,,,,11.063,810,955.59,,,30.67361142,,38.55,3.541,0.2624,4.121,283.55508119,365.3,0.62,-8,303.455,305.4812,,,,344.9081,357.7256,176.3572,182.4842,0,20,95.6,94.5,33.81530265,,33.81144446,,1.2,1.2,-30,1.8531,1.8849,1.6627,,2.98340824,0.097,246,8.7,227,1.3,7.5,19.4,6.7,19.1,63,,4193.28,3.34
underway_1200.33968723,33968723,201011040,2011-03-25T03:00:00,20110325030000,MULTIPOINT ((-60.6425 112.765)),112.765,-60.6425,224.4,,231.14135742,,11.7,,,,,11.256,410,955.93,,,30.68781845,,38.53,,0.4018,,283.68480982,365.54,0.544,-8,311.5181,314.024,,,,191.7305,197.6418,90.01568,94.75143,0,19.95278,95.8,94.8,33.82743856,,33.82587691,,1.2,1.1,-30,1.6395,1.6443,1.627,,2.98615989,0.106,199,341.8,190,336.4,10.3,21.4,11.4,21.9,63,,4347.39,3.36
underway_1200.33968843,33968843,201011040,2011-03-25T03:20:00,20110325032000,MULTIPOINT ((-60.6851 112.6619)),112.6619,-60.6851,233.1,,231.64123535,,12.1,,,,,11.42,540,956.44,,,30.62225376,,38.56,3.5,0.2788,4.073,283.93158749,365.88,0.54,-8,314.1459,317.0718,,,,257.9807,264.1382,130.4309,133.3539,-204.8534,19.94603,94.9,93.5,33.81983269,,33.82213494,,1.2,1.2,-30,1.5554,1.6066,1.5979,,2.91365994,0.105,204,346.6,196,341.7,13.1,24.6,13.9,24.8,63,,4337.41,3.29
underway_1200.33968963,33968963,201011040,2011-03-25T03:40:00,20110325034000,MULTIPOINT ((-60.7257 112.5559)),112.5559,-60.7257,226.6,,235.33813477,,11.3,,,,,11.604,790,957.69,,,30.67033712,,38.56,4.161,0.2624,4.076,283.5148554,365.37,0.536,-8,312.3518,313.1471,,,,390.4806,432.8418,198.4019,214.068,-204.8534,19.93929,93.6,92.1,33.85209652,,33.85283173,,1.4,1.4,-30,1.8168,1.9148,1.5707,,2.94028344,0.103,223,349.8,210,342.6,12.5,23.9,13.1,24.1,63,,4317.46,3.32
underway_1200.33969083,33969083,201011040,2011-03-25T04:00:00,20110325040000,MULTIPOINT ((-60.7683 112.4528)),112.4528,-60.7683,230.4,,229.82849121,,11.7,,,,,11.777,850,958.13,,,30.64301639,,38.56,,0.3198,4.132,283.79158281,365.68,0.573,-8,303.264,306.5057,,,,386.6576,403.5957,202.076,210.5587,0,19.93254,94.2,93.1,33.83106598,,33.82913268,,1.5,1.4,-30,2.0263,2.102,1.5857,,2.93110418,0.092,223,353.9,209,347.1,10.7,22.5,11.1,22.6,63,,4312.91,3.3
underway_1200.33969203,33969203,201011040,2011-03-25T04:20:00,20110325042000,MULTIPOINT ((-60.8099 112.3504)),112.3504,-60.8099,234.5,,236.27746582,,11.5,,,,,11.959,610,958.1,,,30.64083039,,38.56,4.11,0.3526,4.1,283.94217994,365.8,0.564,-8,306.7646,309.13,,,,292.3827,304.7748,146.9644,150.9004,0,19.93254,94.7,93.8,33.81486902,,33.82356384,,1.4,1.4,-30,1.914,1.9748,1.603,,2.93385809,0.092,232,355.7,220,349.2,14.9,26.4,15,26.4,63,,4309.25,3.29
underway_1200.33969323,33969323,201011040,2011-03-25T04:40:00,20110325044000,MULTIPOINT ((-60.8424 112.2369)),112.2369,-60.8424,243.3,,245.8190918,,11.6,,,,,12.133,470,959.67,,,30.66159363,,38.55,1.776,0.4182,4.094,283.86301074,365.8,0.511,-8,311.6466,312.2988,,,,257.0292,267.8324,121.2456,126.3352,0,19.90219,95.1,94.1,33.83405572,,33.83635628,,1.2,1.2,-30,1.6669,1.7346,1.6121,,2.94579036,0.092,237,354.5,224,347.3,14.2,25.7,14.8,25.9,63,,4293.6,3.31
underway_1200.33969443,33969443,201011040,2011-03-25T05:00:00,20110325050000,MULTIPOINT ((-60.8724 112.1232)),112.1232,-60.8724,238.8,,241.41357422,,11.5,,,,,12.308,270,960.64,,,30.54466913,,38.6,5.019,0.5002,,284.10075766,366.18,0.611,-8,312.8498,313.9067,,,,129.9482,136.379,56.94869,59.6583,0,19.89207,94.1,92.5,33.81241375,,33.81144455,,0.7,0.7,-30,1.0634,1.1605,1.4998,,2.83372255,0.093,233,356.2,221,349.1,17.3,28.8,17.8,29,63,,4283.62,3.21
underway_1200.33969563,33969563,201011040,2011-03-25T05:20:00,20110325052000,MULTIPOINT ((-60.9048 112.0093)),112.0093,-60.9048,239.5,,242.3638916,,11.2,,,,,12.495,1190,961.32,,,30.49877466,,38.63,4.096,0.2624,4.125,283.9974581,366.11,0.543,-8,305.0696,304.5513,,,,420.7421,471.6314,227.7948,242.1425,204.8534,19.87184,91.2,88.9,33.80600608,,33.80757787,,0.6,0.6,-30,1.1234,1.2288,1.4661,,2.78405569,0.092,248,0.8,236,353.4,17.7,28.8,17.3,28.5,63,,4275.46,3.17
underway_1200.33969683,33969683,201011040,2011-03-25T05:40:00,20110325053959,MULTIPOINT ((-60.936 111.8946)),111.8946,-60.936,242.6,,242.14416504,,11.4,,,,,12.67,1780,961.63,,,30.55342525,,38.68,2.285,0.1722,4.101,283.39326431,365.84,0.527,-8,265.1861,269.739,,,,507.3831,540.2826,257.1876,287.7636,0,19.86172,90.2,88.5,33.96174976,,33.96430699,,0.3,0.3,-30,1.2128,1.5991,1.2023,,2.69934862,0.126,234,355.6,221,347.8,14.8,26.3,15.2,26.3,63,,4268.54,3.11
underway_1200.33969803,33969803,201011040,2011-03-25T06:00:00,20110325060000,MULTIPOINT ((-60.9651 111.7773)),111.7773,-60.9651,240.4,,244.00634766,,11.3,,,,,12.855,2010,962.55,,,30.03001603,,38.86,1.551,0.1722,4.063,285.2838616,368.03,0.621,-8,286.0489,290.0008,,,,511.5169,555.9932,286.5805,315.8381,0,19.8516,90.8,89.6,33.78676499,,33.78849646,,0.4,0.4,-30,1.3649,1.7933,0.8924,,2.2555568,0.125,244,358.7,228,350.4,12.2,23.6,12.2,23.4,63,,4246.18,2.68
underway_1200.33969923,33969923,201011040,2011-03-25T06:20:00,20110325062000,MULTIPOINT ((-60.9934 111.6587)),111.6587,-60.9934,246.4,,247.19238281,,11.7,,,,,13.055,4590,963.54,,,30.00379242,,38.87,2.143,0.1558,4.136,285.56919396,368.34,0.645,-8,256.2412,261.1147,,,,729.0648,1052.273,470.286,473.7572,0,19.86509,90.9,89.8,33.78116306,,33.78351096,,0.4,0.3,-30,1.4542,1.8225,0.899,,2.22957284,7.1,241,357.3,227,349.3,13.7,25.4,14,25.3,63,,4234.73,2.64
underway_1200.33970043,33970043,201011040,2011-03-25T06:40:00,20110325064000,MULTIPOINT ((-61.0196 111.5358)),111.5358,-61.0196,245.8,,246.3848877,,11.9,,,,,13.248,2990,963.38,,,30.03001449,,38.85,-0.558,0.1558,4.08,285.73956843,368.51,0.566,-8,266.0322,270.7408,,,,544.6514,637.26,312.2993,322.8567,0,19.84485,91,90.2,33.77406943,,33.77172471,,0.5,0.5,-30,1.3936,1.5836,0.9754,,2.27132758,7.1,257,5.4,245,358.6,15.1,26.7,14.7,26.4,63,,4219.35,2.66
underway_1200.33970163,33970163,201011040,2011-03-25T07:00:00,20110325070000,MULTIPOINT ((-61.0432 111.4119)),111.4119,-61.0432,252.5,,255.00366211,,11.2,,,,,13.45,390,964.69,,,30.08683183,,38.81,1.475,0.3116,4.13,285.82339368,368.73,0.583,-8,311.4873,312.2604,,,,172.9462,186.5608,84.50452,87.7328,204.8534,19.82462,95.4,93.9,33.77064315,,33.7733555,,0.3,0.3,-30,0.9873,1.0382,1.022,,2.33622476,0.096,245,353.4,233,346,15.9,27.4,16.4,27.5,63,,4216.32,2.72
underway_1200.33970283,33970283,201011040,2011-03-25T07:20:00,20110325072000,MULTIPOINT ((-61.062 111.2869)),111.2869,-61.062,252.2,,250.00488281,,11.6,,,,,13.633,300,964.5,,,30.10759291,,38.8,2.165,0.328,4.08,285.76375231,368.64,0.477,-8,293.1468,295.0873,,,,154.7948,157.9379,73.48219,73.69556,-204.8534,19.77065,96.3,93.4,33.78005241,,33.78239176,,0.2,0.2,-30,0.7271,0.8132,0.9957,,2.35197548,0.099,231,347.5,223,341.8,21,32.3,21.7,32.6,63,,4217.09,2.74
underway_1200.33970403,33970403,201011040,2011-03-25T07:40:00,20110325074000,MULTIPOINT ((-61.0822 111.1642)),111.1642,-61.0822,250.4,,248.35693359,,11.5,,,,,13.794,560,965.82,,,30.04640416,,38.82,,0.3444,4.078,285.97823778,368.85,0.456,-8,304.9721,305.6646,,,,226.775,239.5252,110.2233,115.8073,0,19.7032,92.9,89.5,33.77139719,,33.77336817,,0.1,0.2,-30,0.4531,0.545,0.9827,,2.2889491,0.096,225,344.9,217,339.8,22.1,32.8,23,33.3,63,,4237.06,2.69
underway_1200.33970523,33970523,201011040,2011-03-25T08:00:00,20110325080000,MULTIPOINT ((-61.102 111.0422)),111.0422,-61.102,251.6,,250.20263672,,10.6,,,,,13.933,190,966.74,,,30.02455206,,38.85,3.098,0.3362,4.07,285.84095478,368.66,0.448,-8,302.9579,304.4277,,,,101.9211,104.9899,47.76342,49.13037,0,19.67622,89.8,86.2,33.78132792,,33.77972663,,-0.1,0,-30,0.4533,0.5101,0.9321,,2.25741239,0.097,222,340.1,217,336.2,25.2,35,26.2,35.6,63,,4233.68,2.65
underway_1200.33970643,33970643,201011040,2011-03-25T08:20:00,20110325082000,MULTIPOINT ((-61.1193 110.9219)),110.9219,-61.1193,254.1,,252.26806641,,10.8,,,,,14.074,190,967.95,,,30.01909045,,38.85,5.736,0.6068,4.126,286.15932488,369.09,0.392,-8,302.7251,303.1336,,,,99.37226,104.0787,47.76342,49.13037,0,19.63575,86.8,83.7,33.79662549,,33.79662549,,-0.2,-0.1,-30,0.1854,0.2308,0.8812,,2.23514173,0.1,236,348.4,228,342.4,25.6,36.2,26.4,36.6,63,,4234.75,2.62
underway_1200.33970763,33970763,201011040,2011-03-25T08:40:00,20110325084000,MULTIPOINT ((-61.1365 110.8008)),110.8008,-61.1365,255.1,,252.92175293,,11.2,,,,,14.217,220,968.41,,,30.04312995,,38.86,,0.5084,4.073,285.92417138,368.97,0.444,-8,301.2445,301.4258,,,,112.4339,116.4035,55.11164,56.14899,204.8534,19.62226,83.8,81.3,33.81530323,,33.81369852,,-0.2,-0.2,-30,0.0831,0.0939,0.8873,,2.24720598,0.104,232,346.2,224,340.7,26.2,36.7,27,37.1,63,,4213.76,2.62
underway_1200.33970883,33970883,201011040,2011-03-25T09:00:00,20110325090000,MULTIPOINT ((-61.154 110.6771)),110.6771,-61.154,254.6,,253.36669922,,10.9,,,,,14.356,220,969.63,,,30.06607443,,38.85,3.277,0.4264,4.13,285.79178974,368.56,0.411,-8,297.9087,298.0434,,,,114.3532,120.1034,58.78575,63.16762,0,19.62226,80.5,77.9,33.80410256,,33.80373088,,-0.3,-0.2,-30,0.0153,0.0598,0.9128,,2.28338494,0.108,232,344,225,338.9,24.3,34.7,25.3,35.3,63,,4214.92,2.65
underway_1200.33971003,33971003,201011040,2011-03-25T09:20:00,20110325092000,MULTIPOINT ((-61.1715 110.5538)),110.5538,-61.1715,250.7,,251.74621582,,11,,,,,14.508,60,970.64,,,30.02346401,,38.88,1.952,0.5084,4.07,285.97497086,369,0.405,-8,300.7836,301.1994,,,,45.87044,47.42546,22.04466,21.05587,-204.8534,19.61551,81.4,80,33.82839578,,33.82975699,,-0.3,-0.3,-30,-0.2354,-0.1882,0.9236,,2.20914939,0.107,233,346.7,226,341.6,25,35.5,25.9,36,63,,4220.13,2.58
underway_1200.33971123,33971123,201011040,2011-03-25T09:40:00,20110325094000,MULTIPOINT ((-61.1887 110.4313)),110.4313,-61.1887,252,,251.65283203,,10.9,,,,,14.635,130,971.51,,,30.02237062,,38.88,2.764,0.5248,4.07,285.88003034,368.96,0.398,-8,301.0581,301.4871,,,,45.55312,47.73322,25.71876,24.56518,204.8534,19.59528,81.6,80.8,33.81812948,,33.8214689,,-0.2,-0.2,-30,-0.1758,-0.1258,0.9666,,2.21564848,0.104,245,356.3,236,350.2,24,35,24.3,35,63,,4218.82,2.59
underway_1200.33971243,33971243,201011040,2011-03-25T10:00:00,20110325100000,MULTIPOINT ((-61.2066 110.3085)),110.3085,-61.2066,253.5,,254.03686523,,11.2,,,,,14.781,60,972.23,,,30.04968543,,38.86,1.504,0.5166,4.091,285.93055458,368.91,0.489,-8,298.9002,299.0496,,,,32.49245,32.6435,16.53349,15.7919,0,19.58853,81.3,79.9,33.81234819,,33.81000122,,-0.2,-0.2,-30,-0.2068,-0.1882,0.9668,,2.25834016,0.103,243,353.2,232,345.9,20.8,31.9,21.4,32.1,63,,4219.31,2.62
underway_1200.33971363,33971363,201011040,2011-03-25T10:20:00,20110325102000,MULTIPOINT ((-61.2243 110.1846)),110.1846,-61.2243,252.3,,251.42211914,,10.8,,,,,14.922,0,972.82,,,30.02674074,,38.89,4.285,0.615,4.086,285.7998247,368.81,0.477,-8,298.9088,299.1223,,,,13.6978,13.85809,5.511164,5.263968,204.8534,19.58178,87.2,85.5,33.81937011,,33.81702056,,-0.5,-0.4,-30,-0.424,-0.4061,0.9203,,2.22493173,0.111,246,357.1,237,350.9,23.2,33.9,23.5,34,63,,4218.92,2.58
underway_1200.33971483,33971483,201011040,2011-03-25T10:40:00,20110325104000,MULTIPOINT ((-61.2413 110.0641)),110.0641,-61.2413,254.9,,252.33398438,,10.6,,,,,15.07,0,973.41,,,30.0824661,,38.85,0.039,0.6888,4.081,285.98357157,368.98,0.408,-8,299.1853,300.4106,,,,6.37107,6.467108,1.837055,1.754656,0,19.56829,84.2,83.2,33.82373519,,33.82608097,,-0.1,-0.1,-30,-0.1449,-0.1261,0.9588,,2.28153011,0.108,246,355.7,237,349.2,23.2,33.8,23.2,33.6,63,,4221.62,2.63
underway_1200.33971603,33971603,201011040,2011-03-25T11:00:00,20110325110000,MULTIPOINT ((-61.262 109.9486)),109.9486,-61.262,240.8,,240.29296875,,10.7,,,,,15.201,0,974.34,,,30.24635891,,38.75,5.227,0.9348,4.061,285.70769527,368.24,0.424,-8,293.2827,293.0289,,,,2.548428,2.46366,0,1.754656,0,19.57841,86.1,85.4,33.76929193,,33.76487358,,-0.1,-0.1,-30,-0.1139,-0.0951,1.325,,2.53051879,0.106,255,9.8,248,5.1,27.6,38,26.7,37.2,63,,5559.63,2.83
underway_1200.33971723,33971723,201011040,2011-03-25T11:20:00,20110325112000,MULTIPOINT ((-61.2824 109.8322)),109.8322,-61.2824,249.9,,250.57617188,,10.9,,,,,15.332,0,975.65,,,30.37202328,,38.72,-0.574,1.066,4.074,284.99415735,367.46,0.462,-8,301.3787,301.7714,,,,1.911321,2.46366,-1.837055,-1.754656,0,19.52782,87,86.1,33.82934923,,33.8299563,,-0.2,-0.2,-30,-0.1062,-0.0641,1.3772,,2.61545108,0.114,245,356.6,236,350.4,22,32.9,22.1,32.7,63,,4224.21,2.93
underway_1200.33971843,33971843,201011040,2011-03-25T11:40:00,20110325114000,MULTIPOINT ((-61.3003 109.7166)),109.7166,-61.3003,251.5,,249.04907227,,9.9,,,,,15.476,0,976.24,,,30.4113621,,38.73,2.757,1.1398,4.073,284.40602395,366.89,0.439,-8,301.7705,301.1252,,,,1.911321,1.847745,-1.837055,-1.754656,-204.8534,19.51433,86.4,85.6,33.85008566,,33.84910928,,-0.1,-0.1,-30,-0.0212,0.0288,1.3741,,2.64312185,0.129,255,4.5,245,357.1,26.5,36.4,26,35.9,63,,4227.1,2.96
underway_1200.33971963,33971963,201011040,2011-03-25T12:00:00,20110325120000,MULTIPOINT ((-61.3171 109.6111)),109.6111,-61.3171,252.6,,250.21911621,,9.1,,,,,15.613,0,976.38,,,30.42447372,,38.71,5.283,1.1234,4.088,284.69954704,367.22,0.411,-8,295.5116,296.6468,,,,1.911321,2.46366,-1.837055,1.754656,-204.8534,19.50758,91.3,86.3,33.83987627,,33.8408516,,-0.3,-0.2,-30,-0.0675,-0.0099,1.3831,,2.66617162,0.113,256,4.2,247,357.5,26.1,35.4,25.6,34.9,63,,4222.21,2.97
underway_1200.33972083,33972083,201011040,2011-03-25T12:20:00,20110325122000,MULTIPOINT ((-61.3314 109.5119)),109.5119,-61.3314,257.1,,256.14074707,,8.8,,,,,15.759,0,977.65,,,30.42884439,,38.71,5.087,1.1398,4.08,284.58539076,366.96,0.439,-8,304.6507,304.2072,,,,1.911321,2.155703,-1.837055,-1.754656,204.8534,19.50084,96.1,91.5,33.83879622,,33.83940221,,-0.6,-0.4,-30,-0.0521,-0.0021,1.4026,,2.67262406,0.112,259,3.1,251,356.6,26.7,35.2,26.4,34.9,63,,4218.62,2.98
underway_1200.33972203,33972203,201011040,2011-03-25T12:40:00,20110325124000,MULTIPOINT ((-61.3414 109.4137)),109.4137,-61.3414,259.5,,257.36022949,,8.6,,,,,15.89,0,978.27,,,30.43430852,,38.7,4.046,1.148,,284.76302386,367.12,0.44,-8,301.4749,300.6928,,,,1.911321,2.155703,-1.837055,-1.754656,0,19.48735,95,87.9,33.84649224,,33.84612332,,-0.3,0,-30,0.133,0.1679,1.39,,2.67262406,0.111,254,357.7,248,352.5,30.7,39.3,30.4,38.9,63,,4227.07,2.98
underway_1200.33972323,33972323,201011040,2011-03-25T13:00:00,20110325130000,MULTIPOINT ((-61.3521 109.3112)),109.3112,-61.3521,256.1,,256.80541992,,9,,,,,16.026,0,978.69,,,30.39934214,,38.72,1.847,1.0332,4.075,284.83965633,367.39,0.416,-8,297.4325,298.3951,,,,1.911321,1.847745,1.837055,1.754656,0,19.47386,93.6,84.7,33.84700284,,33.84602621,,-0.2,0.2,-30,0.3481,0.3682,1.3434,,2.63205498,0.098,254,358.5,246,351.9,32.4,41.4,32.1,41,63,,4223.04,2.94
underway_1200.33972443,33972443,201011040,2011-03-25T13:20:00,20110325132000,MULTIPOINT ((-61.3622 109.2095)),109.2095,-61.3622,254.2,,251.74621582,,9.2,,,,,16.162,0,979.69,,,30.36000677,,38.74,,1.025,4.079,284.88095468,367.55,0.427,-8,300.8797,301.3426,,,,1.911321,2.155703,-1.837055,-1.754656,204.8534,19.46037,95.4,88.6,33.86403283,,33.86305371,,-0.6,-0.4,-30,-0.2145,-0.1571,1.2646,,2.57022954,0.104,249,358.9,241,352.9,25.3,34.2,25,33.7,63,,4226.97,2.9
underway_1200.33972563,33972563,201011040,2011-03-25T13:40:00,20110325134000,MULTIPOINT ((-61.3759 109.1104)),109.1104,-61.3759,254.9,,255.41015625,,8.8,,,,,16.314,0,979.85,,,30.33924358,,38.73,-0.278,0.9922,4.088,285.36456265,368.13,0.426,-8,302.7314,302.1244,,,,1.911321,2.155703,-1.837055,-1.754656,0,19.4199,90,79.6,33.83805044,,33.84037693,,-0.1,0.3,-30,0.1868,0.245,1.3449,,2.56745983,0.096,251,356.5,240,348.4,26.7,35.6,26.8,35.5,63,,4230.62,2.88
underway_1200.33972683,33972683,201011040,2011-03-25T14:00:00,20110325140000,MULTIPOINT ((-61.3905 109.0107)),109.0107,-61.3905,251.5,,254.25109863,,9.2,,,,,16.445,0,980.48,,,30.43321661,,38.71,6.335,1.0742,4.095,284.78042344,367.36,0.427,-8,292.537,294.3805,,,,1.911321,2.46366,-1.837055,-1.754656,0,19.4064,87.4,79,33.85648652,,33.8545347,,0.1,0.3,-30,0.3788,0.4298,1.3338,,2.66340609,0.094,253,359.3,244,352.9,23.7,32.9,23.4,32.5,63,,4241.66,2.96
underway_1200.33972803,33972803,201011040,2011-03-25T14:20:00,20110325142000,MULTIPOINT ((-61.4055 108.9113)),108.9113,-61.4055,249.5,,254.12475586,,8.9,,,,,16.582,0,981.09,,,30.40917617,,38.71,,1.0414,4.081,284.92199017,367.59,0.424,-8,299.0211,299.1851,,,,1.911321,2.155703,1.837055,1.754656,0,19.39966,83.9,79.8,33.8448353,,33.8434901,,0,0.1,-30,0.2559,0.3067,1.3428,,2.64588826,0.094,257,1.7,248,355,24.9,33.7,24.5,33.3,63,,4238.59,2.95
underway_1200.33972923,33972923,201011040,2011-03-25T14:40:00,20110325143959,MULTIPOINT ((-61.4157 108.8086)),108.8086,-61.4157,261.7,,262.15026855,,9.5,,,,,16.709,0,981.91,,,30.40043441,,38.71,3.021,1.0578,,285.04653318,367.68,0.41,-8,299.4122,299.6126,,,,1.911321,2.46366,-1.837055,-1.754656,0,19.39292,80.2,77.4,33.84114389,,33.84151309,,0.3,0.3,-30,0.3404,0.399,1.3368,,2.63758866,0.087,257,356.9,249,350.7,22.9,32.4,23.1,32.5,63,,4246.38,2.94
underway_1200.33973043,33973043,201011040,2011-03-25T15:00:00,20110325150000,MULTIPOINT ((-61.4257 108.7061)),108.7061,-61.4257,254.2,,255.92102051,,9,,,,,16.851,0,982.24,,,30.3938783,,38.71,-0.046,1.025,4.077,285.27049158,367.99,0.437,-8,302.1861,302.5524,,,,1.911321,2.46366,-1.837055,-1.754656,0,19.38617,78,76.2,33.84552637,,33.8422272,,0.3,0.3,-30,0.2867,0.3375,1.3135,,2.62928797,0.086,264,5.6,254,359.1,20.5,29.5,19.8,28.9,63,,4392.19,2.92
underway_1200.33973163,33973163,201011040,2011-03-25T15:20:00,20110325152000,MULTIPOINT ((-61.44 108.6037)),108.6037,-61.44,251.3,,253.07556152,,9,,,,,17.002,0,982.85,,,30.33596524,,38.72,3.074,0.9676,4.077,285.68107598,368.32,0.479,-8,300.1826,300.5858,,,,1.911321,2.155703,1.837055,1.754656,204.8534,19.37942,76.3,74.9,33.83572409,,33.83731125,,0,0,-30,0.0713,0.1447,1.2809,,2.56653657,0.085,256,0.7,247,354.2,23.3,32.4,23,32.1,63,,4272.55,2.87
underway_1200.33973283,33973283,201011040,2011-03-25T15:40:00,20110325154000,MULTIPOINT ((-61.4505 108.4991)),108.4991,-61.4505,260.5,,261.13952637,,9.2,,,,,17.155,0,983.44,,,30.31739021,,38.74,0.993,1.0414,4.077,285.62584441,368.47,0.432,-8,303.3581,302.8108,,,,1.911321,2.155703,1.837055,1.754656,0,19.37942,85,84.8,33.84338548,,33.84375507,,-0.3,-0.4,-30,-0.1139,-0.0718,1.253,,2.5388324,0.093,266,4,258,357.9,23.9,32.9,23.5,32.5,63,,4453.43,2.84
underway_1200.33973403,33973403,201011040,2011-03-25T16:00:00,20110325160000,MULTIPOINT ((-61.4605 108.3952)),108.3952,-61.4605,260,,261.11755371,,9.2,,,,,17.285,0,983.46,,,30.36109849,,38.73,6.009,1.0086,4.082,285.32603002,368.04,0.391,-8,297.7048,296.9682,,,,1.911321,2.46366,-1.837055,-1.754656,0,19.36593,81.1,79.4,33.85596111,,33.85265645,,0,0,-30,-0.0289,0.0597,1.2861,,2.58130718,0.09,271,6.7,263,1.2,25.4,34.6,24.6,34,63,,4271.17,2.88
underway_1200.33973523,33973523,201011040,2011-03-25T16:20:00,20110325162000,MULTIPOINT ((-61.4669 108.2888)),108.2888,-61.4669,267.1,,269.37927246,,9,,,,,17.426,0,983.99,,,30.30974201,,38.76,1.037,0.984,4.089,285.33508485,368.11,0.445,-8,292.5697,293.639,,,,1.911321,2.46366,-1.837055,0,0,19.35244,86.4,84.7,33.85194756,,33.84998706,,-0.4,-0.4,-30,-0.2687,-0.196,1.1588,,2.5240519,0.09,275,3.4,267,358,21.1,30.2,20.7,29.8,63,,4286.21,2.83
underway_1200.33973643,33973643,201011040,2011-03-25T16:40:00,20110325164000,MULTIPOINT ((-61.4731 108.1846)),108.1846,-61.4731,252.2,,255.92651367,,9,,,,,17.571,0,984.74,,,30.14802823,,38.84,0.013,0.7298,,285.97638532,368.95,0.49,-8,302.946,303.7087,,,,1.911321,2.155703,0,0,0,19.35244,93.7,88.8,33.86300376,,33.86115292,,-1.2,-1,-30,-0.642,-0.5778,0.9666,,2.32510425,0.089,274,11.3,266,5.3,21.6,30.2,20.7,29.5,63,,4350.4,2.64
underway_1200.33973763,33973763,201011040,2011-03-25T17:00:00,20110325170000,MULTIPOINT ((-61.4878 108.0841)),108.0841,-61.4878,258.3,,261.58996582,,9.1,,,,,17.714,0,985.18,,,30.02674083,,38.9,2.121,0.779,4.066,285.96375157,369.09,0.431,-8,278.1927,278.4829,,,,1.911321,2.155703,1.837055,1.754656,0,19.33895,95.5,90.7,33.81603168,,33.81800951,,-1.1,-1,-30,-0.767,-0.6874,0.9396,,2.22400346,0.09,273,9.1,266,4.2,22.7,31.5,22.1,31,63,,4293.89,2.55
underway_1200.33973883,33973883,201011040,2011-03-25T17:20:00,20110325172000,MULTIPOINT ((-61.498 107.9801)),107.9801,-61.498,256.1,,261.04064941,,9.2,,,,,17.86,0,985.29,,,29.95790644,,38.95,4.586,0.656,4.104,286.01431796,369.15,0.502,-8,304.854,305.9303,,,,1.911321,1.847745,1.837055,1.75468,0,19.33895,96.4,91.6,33.83025652,,33.83025652,,-1.1,-0.9,-30,-0.6654,-0.5622,0.8405,,2.13203794,0.089,283,13.9,277,8.9,21.7,30.2,20.5,29.3,63,,4301.5,2.46
underway_1200.33974003,33974003,201011040,2011-03-25T17:40:00,20110325174000,MULTIPOINT ((-61.5139 107.8775)),107.8775,-61.5139,252.6,,253.60839844,,9.6,,,,,18.008,0,985.84,,,30.00270211,,38.92,2.328,0.7052,4.08,286.05140812,369.2,0.438,-8,302.8442,303.9945,,,,1.911321,1.847745,-1.837055,-1.754657,0,19.33895,96.9,93.5,33.81218138,,33.80884123,,-1,-1,-30,-0.8844,-0.7501,0.9288,,2.20450678,0.09,276,13.9,267,8.2,17.1,26.1,16.1,25.4,63,,4313.55,2.51
underway_1200.33974123,33974123,201011040,2011-03-25T18:00:00,20110325180000,MULTIPOINT ((-61.5305 107.7718)),107.7718,-61.5305,252.8,,254.34448242,,9.6,,,,,18.141,0,986.08,,,30.03111123,,38.89,2.952,0.7544,4.079,286.15875244,369.29,0.373,-8,300.4953,300.3049,,,,1.911321,2.46366,-1.837055,0,0,19.33895,95.8,91.8,33.81591243,,33.81652948,,-0.8,-0.7,-30,-0.5174,-0.3827,0.9674,,2.23050102,0.089,277,14.7,268,8.5,17.2,26.1,16.1,25.4,63,,4318.56,2.55
underway_1200.33974243,33974243,201011040,2011-03-25T18:20:00,20110325182000,MULTIPOINT ((-61.5453 107.6691)),107.6691,-61.5453,257.3,,258.36547852,,9.2,,,,,18.271,0,986.15,,,30.05078001,,38.89,4.353,0.7298,4.07,286.1303956,369.17,0.423,-8,292.578,293.7476,,,,1.911321,2.155703,1.837055,1.754657,0,19.33895,95.6,91.7,33.82902289,,33.83112554,,-0.9,-0.8,-30,-0.4862,-0.4061,0.9486,,2.2397821,0.088,274,10.3,267,5.2,22.7,31.6,21.7,30.9,63,,4321.81,2.55
underway_1200.33974363,33974363,201011040,2011-03-25T18:40:00,20110325184000,MULTIPOINT ((-61.5594 107.5661)),107.5661,-61.5594,247.7,,250.60913086,,9.4,,,,,18.411,0,986.45,,,30.03220462,,38.9,0.64,0.738,,286.06729086,369.08,0.413,-8,298.766,297.0441,,,,1.911321,2.46366,-1.837055,-1.754657,0,19.32546,95.7,91.9,33.82233741,,33.82481258,,-0.9,-0.7,-30,-0.4551,-0.3905,0.9293,,2.22400346,0.087,284,21.8,279,17.5,21.4,29.4,19.8,28.2,63,,4331.18,2.54
underway_1200.33974483,33974483,201011040,2011-03-25T19:00:00,20110325190000,MULTIPOINT ((-61.5855 107.4724)),107.4724,-61.5855,236.8,,240.65551758,,8.9,,,,,18.541,0,986.96,,,29.9589981,,38.93,,0.6806,4.077,286.42507953,369.59,0.411,-8,270.1263,271.3887,,,,1.911321,2.155703,-1.837055,-1.754657,0,19.33895,94.5,90.9,33.82046029,,33.8197164,,-1,-0.8,-30,-0.5484,-0.5934,0.8639,,2.1431924,0.085,285,30.5,287,30.6,22.8,29.5,21.1,27.7,63,,4331.52,2.46
underway_1200.33974603,33974603,201011040,2011-03-25T19:20:00,20110325192000,MULTIPOINT ((-61.611 107.3814)),107.3814,-61.611,246.8,,250.08728027,,9.1,,,,,18.677,0,987.18,,,29.92731679,,38.99,3.107,0.6478,4.071,286.24298088,369.43,0.437,-8,283.2243,283.2131,,,,1.911321,2.46366,1.837055,1.754657,0,19.33895,94.2,90.2,33.85241414,,33.87055693,,-1,-0.7,-30,-0.5484,-0.5934,0.7467,,2.05855536,0.09,290,28.9,291,28.9,23.8,31.2,22.2,29.5,63,,3706.62,2.37
underway_1200.33974723,33974723,201011040,2011-03-25T19:40:00,20110325194000,MULTIPOINT ((-61.6303 107.2833)),107.2833,-61.6303,248.2,,252.03186035,,9.3,,,,,18.82,0,987.49,,,29.83990251,,39.04,1.75,0.6806,4.078,285.72457172,368.92,0.447,-8,299.9164,300.0183,,,,1.911321,2.155703,-1.837055,-1.754657,0,19.33895,92.7,88.2,33.80507936,,33.80893484,,-1,-0.7,-30,-0.424,-0.445,0.7152,,2.01386601,0.081,287,25.6,284,23.4,25.3,33,23.7,31.6,63,,3706.04,2.34
underway_1200.33974843,33974843,201011040,2011-03-25T20:00:00,20110325200000,MULTIPOINT ((-61.6487 107.1871)),107.1871,-61.6487,247.8,,250.43334961,,9.1,,,,,18.961,0,987.48,,,29.86940498,,39.04,,0.697,4.081,285.53460769,368.69,0.422,-8,298.2226,298.334,,,,1.911321,2.155703,1.837055,0,0,19.32546,90.8,86.5,33.83877705,,33.83293264,,-0.9,-0.5,-30,-0.3541,-0.3437,0.7416,,2.02597249,0.08,284,23,279,18.6,21.4,29.3,19.8,28.1,63,,5559.35,2.35
underway_1200.33974963,33974963,201011040,2011-03-25T20:20:00,20110325202000,MULTIPOINT ((-61.6671 107.0876)),107.0876,-61.6671,247.2,,249.22485352,,9.4,,,,,19.095,0,987.62,,,29.75249803,,39.11,1.435,0.656,4.061,285.79557897,368.95,0.424,-8,290.5546,291.3818,,,,1.911321,2.155703,0,0,204.8535,19.32546,89.4,82.7,33.79356174,,33.84200679,,-0.9,-0.4,-30,-0.2687,-0.2193,0.5729,,1.88054149,0.078,279,18.6,271,12.3,19.3,27.8,18,26.9,63,,5559.62,2.22
underway_1200.33975083,33975083,201011040,2011-03-25T20:40:00,20110325204000,MULTIPOINT ((-61.6885 106.9736)),106.9736,-61.6885,248.1,,250.55419922,,10.7,,,,,19.229,0,987.89,,,29.89234838,,39.01,4.787,0.7134,,285.81356832,368.98,0.436,-8,301.2095,300.627,,,,1.911321,2.46366,1.837055,0,0,19.31197,88.2,81.3,33.81687132,,33.81786539,,-0.9,-0.5,-30,-0.3618,-0.3126,0.7635,,2.0669311,0.078,295,27.8,294,26.2,19.3,28,17.8,26.6,63,,4321.97,2.38
underway_1200.33975203,33975203,201011040,2011-03-25T21:00:00,20110325210000,MULTIPOINT ((-61.7112 106.8556)),106.8556,-61.7112,248.2,,251.33422852,,10.8,,,,,19.379,0,988.23,,,29.90546048,,39,3.564,0.6314,4.069,285.87257776,368.99,0.452,-8,299.7735,300.1973,,,,1.911321,2.46366,1.837055,1.754657,0,19.31197,86.8,78.8,33.82531457,,33.82630864,,-1.1,-0.7,-30,-0.4551,-0.4061,0.8074,,2.07437528,0.078,285,18.6,277,13.3,14.3,23.8,13,23,63,,4326.03,2.39
underway_1200.33975323,33975323,201011040,2011-03-25T21:20:00,20110325212000,MULTIPOINT ((-61.7347 106.7367)),106.7367,-61.7347,248.2,,251.78466797,,10.7,,,,,19.519,0,988.54,,,29.78964215,,39.08,3.458,0.6068,4.075,285.43632252,368.49,0.442,-8,299.059,299.6241,,,,1.911321,2.46366,1.837055,0,0,19.32546,85.2,76.7,33.79575758,,33.798748,,-1.1,-0.7,-30,-0.6108,-0.5309,0.7137,,1.96448481,0.077,284,16.8,277,12.2,12.8,22.4,11.7,21.8,63,,3706.26,2.3
underway_1200.33975443,33975443,201011040,2011-03-25T21:40:00,20110325214000,MULTIPOINT ((-61.7583 106.6166)),106.6166,-61.7583,247.6,,251.18591309,,11,,,,,19.667,0,988.55,,,29.76123674,,39.12,2.021,0.5166,4.09,285.31090221,368.54,0.433,-8,301.217,300.5557,,,,1.911321,1.847745,-1.837055,-1.754657,0,19.33895,84.4,76.7,33.81961351,,33.81998655,,-0.9,-0.6,-30,-0.5796,-0.5622,0.5862,,1.91133365,0.077,299,26.9,298,24.8,14.7,23.2,13.3,22,63,,4337.48,2.24
underway_1200.33975563,33975563,201011040,2011-03-25T22:00:00,20110325220000,MULTIPOINT ((-61.782 106.4951)),106.4951,-61.782,249.1,,252.60314941,,12.3,,,,,19.804,0,988.31,,,29.7437551,,39.13,4.591,0.533,4.075,285.35878605,368.41,0.427,-8,300.2094,299.4807,,,,1.911321,1.847745,-1.837055,0,0,19.36593,83.3,76.5,33.81601564,,33.81701539,,-0.9,-0.7,-30,-0.5796,-0.5622,0.607,,1.89360666,0.077,310,29.7,313,29.9,14.1,22.7,13,21.4,63,,4340.93,2.22
underway_1200.33975683,33975683,201011040,2011-03-25T22:20:00,20110325222000,MULTIPOINT ((-61.8109 106.3636)),106.3636,-61.8109,236.9,,240.97961426,,12.4,,,,,19.949,0,988.65,,,29.78090277,,39.11,5.789,0.5248,4.077,285.28871365,368.33,0.428,-8,302.0816,301.5589,,,,1.911321,2.46366,-1.837055,-1.754657,0,19.36593,83.4,76.8,33.81133974,,33.81371801,,-0.8,-0.7,-30,-0.6108,-0.5778,0.6568,,1.94024596,0.077,316,34.9,323,37.7,12.4,19.2,12.2,18.1,63,,4341.26,2.26
underway_1200.33975803,33975803,201011040,2011-03-25T22:40:00,20110325224000,MULTIPOINT ((-61.8437 106.2362)),106.2362,-61.8437,249.6,,253.87756348,,12.3,,,,,20.081,0,988.79,,,29.74047761,,39.13,-1.045,0.6068,,285.58535895,368.69,0.416,-8,300.9668,301.3438,,,,1.911321,2.46366,1.837055,0,0,19.36593,82.9,76.8,33.81952245,,33.81989561,,-0.9,-0.7,-30,-0.6342,-0.6247,0.5608,,1.88707441,0.077,332,33,337,33.9,10,16.9,9.5,15.9,63,,4346.11,2.2
underway_1200.33975923,33975923,201011040,2011-03-25T23:00:00,20110325230000,MULTIPOINT ((-61.8654 106.1006)),106.1006,-61.8654,252.6,,255.13000488,,12.1,,,,,20.215,0,988.99,,,29.76232765,,39.12,0.549,0.5412,4.069,285.11204474,368.12,0.421,-8,299.3153,298.66,,,,3.822642,3.695452,1.837055,1.754657,0,19.36593,81.9,76.7,33.80338086,,33.80138451,,-1.1,-0.9,-30,-0.7748,-0.7413,0.6227,,1.92998827,0.077,346,28.4,350,27.2,7.4,13.8,6.9,13.2,63,,4347.04,2.26
underway_1200.33976043,33976043,201011040,2011-03-25T23:20:00,20110325232000,MULTIPOINT ((-61.8869 105.9634)),105.9634,-61.8869,250.5,,252.65808105,,12.2,,,,,20.355,0,988.81,,,29.76451397,,39.11,1.752,0.5248,4.082,285.51760704,368.66,0.415,-8,300.0723,300.4838,,,,8.600945,9.238694,1.837055,3.509314,0,19.37942,82.1,76.9,33.81373937,,33.81411251,,-1,-0.9,-30,-0.8296,-0.8126,0.6403,,1.92066165,0.077,356,38,3,42.1,8.9,13.1,9.3,12.2,63,,4337.66,2.24
underway_1200.33976163,33976163,201011040,2011-03-25T23:40:00,20110325234000,MULTIPOINT ((-61.9094 105.8242)),105.8242,-61.9094,250.9,,252.42736816,,12.5,,,,,20.488,50,988.68,,,29.7306455,,39.14,3.378,0.5822,4.073,285.36180523,368.61,0.421,-8,299.8933,300.2696,,,,26.12139,26.79213,16.53349,15.79191,0,19.37268,80.4,76.2,33.83317694,,33.83254862,,-1.1,-1,-30,-0.8688,-0.8594,0.5916,,1.86373944,0.077,345,29.2,350,28.7,7.1,14,6.7,13.3,63,,4325.95,2.2
underway_1200.33976283,33976283,201011040,2011-03-26T00:00:00,20110326000000,MULTIPOINT ((-61.9305 105.689)),105.689,-61.9305,252.7,,253.59741211,,6.8,,,,,20.624,80,988.94,,,29.75468002,,39.15,3.188,0.451,4.074,285.00732026,367.87,0.434,-8,299.1721,298.061,,,,43.32327,44.96001,22.04466,21.05588,0,19.36593,79.9,75.6,33.74515101,,33.80675838,,-0.9,-1.1,-30,-0.8062,-0.8723,0.602,,1.91599782,0.076,355,63.9,7,74,9.8,10.6,10,9.4,63,,4316.12,2.23
underway_1200.33976403,33976403,201011040,2011-03-26T00:20:00,20110326002000,MULTIPOINT ((-61.9424 105.5872)),105.5872,-61.9424,259.8,,260.60119629,,12.6,,,,,20.766,140,988.62,,,29.7131626,,39.17,7.181,0.4838,4.077,284.95009538,368.07,0.424,-8,294.6407,295.6316,,,,72.6302,75.75304,36.7411,36.84779,0,19.35244,77.5,74.2,33.86292579,,33.81456549,,-1.2,-1.2,-30,-0.9158,-0.9334,0.5618,,1.86000504,0.076,15,44.1,22,48.6,9.7,12,10.3,11.1,63,,4318.15,2.18
underway_1200.33976523,33976523,201011040,2011-03-26T00:40:00,20110326004000,MULTIPOINT ((-61.961 105.4439)),105.4439,-61.961,251.7,,252.33398438,,12.7,,,,,21.031,210,988.32,,,29.71097593,,39.16,3.661,0.41,,285.05061774,368.04,0,-8,296.9423,297.9612,,,,97.15882,100.3882,47.76342,49.13039,0,19.35919,76.5,74.6,33.79781274,,33.79781274,,-1,-1.1,-30,-0.8531,-0.8941,0.5867,,1.87307446,0.288,42,48.4,44,54.7,9.7,6.4,10.4,6,30,,3706.3,2.2
underway_1200.33976643,33976643,201011040,2011-03-26T01:00:00,20110326010000,MULTIPOINT ((-61.9818 105.3017)),105.3017,-61.9818,253.2,,252.91625977,,12.6,,,,,21.031,180,988.31,,,29.69240282,,39.17,3.81,0.3936,4.078,284.95732554,368.01,0,-8,298.3794,297.9516,,,,93.97328,99.14992,44.08931,47.37574,0,19.33895,76.4,74.7,33.80546612,,33.80546612,,-1,-1.1,-30,-0.7592,-0.8962,0.566,,1.84413139,7.1,38,71.2,43,80.3,12.4,7.5,13.2,6.7,24,,4306.24,2.19
underway_1200.33976763,33976763,201011040,2011-03-26T01:20:00,20110326012000,MULTIPOINT ((-62.0026 105.1585)),105.1585,-62.0026,254,,252.51525879,,12.7,,,,,21.031,240,987.87,,,29.45532213,,39.35,3.045,0.287,4.068,284.54977357,367.8,0,-8,299.6016,300.4159,,,,103.8484,106.5328,47.76342,52.63971,0,19.33895,77,75.2,33.8433809,,33.84615499,,-1,-1.1,-30,-0.7123,-0.8274,0.2259,,1.52769461,7.1,43,93.6,49,106.8,15,7.5,15.9,6.7,24,,4313.92,1.92
underway_1200.33976883,33976883,201011040,2011-03-26T01:40:00,20110326014000,MULTIPOINT ((-62.0158 105.0194)),105.0194,-62.0158,271.8,,269.03869629,,6.1,,,,,21.031,220,987.56,,,29.52414821,,39.3,,0.3198,4.067,284.88285657,367.95,0,-8,302.0816,299.7568,,,,94.29184,98.21434,40.4152,45.62108,0,19.33895,77.1,75.5,33.75784355,,33.80206793,,-0.6,-1,-30,-0.6108,-0.7365,0.2885,,1.64958892,7.1,55,126.5,51,124.9,14.6,10.4,16.8,12.9,20,,4310.62,1.99
underway_1200.33977003,33977003,201011040,2011-03-26T02:00:00,20110326020000,MULTIPOINT ((-62.0192 104.9282)),104.9282,-62.0192,264,,264.97924805,,12.2,,,,,21.031,310,987.75,,,29.54381655,,39.3,2.056,0.3116,4.104,284.84378531,367.9,0,-8,302.8235,301.173,,,,147.1717,152.0867,69.80808,73.69558,0,19.3457,76.2,75.6,33.82997249,,33.82997249,,-0.5,-1,-30,-0.23,-0.662,0.3622,,1.64677863,7.1,63,116.4,60,119.4,16.5,7,18.1,8.7,0,,4315.43,1.98
underway_1200.33977123,33977123,201011040,2011-03-26T02:20:00,20110326022000,MULTIPOINT ((-62.0298 104.7845)),104.7845,-62.0298,259.2,,259.30480957,,12.2,,,,,21.031,280,987.58,,,29.64761187,,39.25,2.283,0.328,4.072,284.46380977,367.46,0,-8,303.7908,302.6919,,,,120.4116,122.8351,55.11164,56.14902,0,19.3457,76.6,76.5,33.85840194,,33.85538412,,-0.2,-0.9,-30,-0.0201,-0.5652,0.4569,,1.74506446,7.1,61,130.6,59,133.3,17.7,7,20.2,9.6,0,,4322.84,2.09
underway_1200.33977243,33977243,201011040,2011-03-26T02:40:00,20110326024000,MULTIPOINT ((-62.0419 104.6433)),104.6433,-62.0419,259,,261.47460938,,12.2,,,,,21.031,400,987.29,,,29.66290515,,39.21,3.469,0.2788,,284.83602983,367.98,0,-8,306.1342,304.4751,,,,196.8359,206.2686,91.85273,98.26079,0,19.34232,77.3,76.7,33.82782722,,33.82544682,,0.1,-0.7,-30,0.269,-0.4108,0.4678,,1.79087887,7.1,62,130.7,57,132.4,18.1,7.5,22,11.7,24,,4328.09,2.13
underway_1200.33977363,33977363,201011040,2011-03-26T03:00:00,20110326030000,MULTIPOINT ((-62.0641 104.5076)),104.5076,-62.0641,249.5,,251.75170898,,12.3,,,,,21.032,460,987.04,,,29.69677821,,39.2,-1.483,0.2214,4.099,284.72477869,367.79,0.001,-8,308.6212,306.0605,,,,227.4105,237.973,106.5492,114.0527,0,19.3457,76.5,79.6,33.86073041,,33.8621073,,0.9,-0.8,-30,0.8047,-0.2998,0.5061,,1.79648651,1.58,62,154.9,58,152.4,18.7,6.9,22.2,10.6,0,,4333.6,2.15
underway_1200.33977483,33977483,201011040,2011-03-26T03:20:00,20110326032000,MULTIPOINT ((-62.0876 104.3736)),104.3736,-62.0876,249.2,,253.05908203,,12.1,,,,,21.032,260,986.77,,,29.73173938,,39.17,3.895,0.328,4.078,284.86477939,368.09,0,-8,305.3797,304.953,,,,134.4101,141.9209,58.78575,63.16765,204.8535,19.3457,78.1,83.5,33.84831916,,33.84694444,,0.6,-1,-30,0.7577,-0.5409,0.5453,,1.85160184,0.594,61,160.3,60,159.6,24.2,12.3,25.5,13.7,0,,4242.69,2.19
underway_1200.33977603,33977603,201011040,2011-03-26T03:40:00,20110326034000,MULTIPOINT ((-62.1118 104.2399)),104.2399,-62.1118,248.5,,251.80114746,,12,,,,,21.032,320,986.4,,,29.70005469,,39.2,4.546,0.3034,4.062,284.63078059,367.72,0.006,-8,307.844,305.8858,,,,158.613,164.3938,73.48219,77.2049,-204.8535,19.3457,81.7,88.1,33.85017443,,33.84816758,,0.5,-1,-30,0.6376,-0.5719,0.4525,,1.81330646,0.393,62,161,60,160.3,21.9,10.2,24.6,12.9,71,,4342.71,2.16
underway_1200.33977723,33977723,201011040,2011-03-26T04:00:00,20110326040000,MULTIPOINT ((-62.1353 104.1038)),104.1038,-62.1353,250.9,,252.7734375,,12.5,,,,,21.035,360,985.82,,,29.51650645,,39.35,1.073,0.287,4.067,284.26092648,367.49,0.005,-8,311.0373,307.4979,,,,163.0659,174.5529,73.48219,80.71421,0,19.3457,84.2,91.4,33.86900511,,33.87012537,,0.4,-1.3,-30,0.4574,-0.6892,0.2798,,1.57741843,0.685,62,157.7,60,156.9,21.4,9.1,24,11.8,71,,4357.36,1.94
underway_1200.33977843,33977843,201011040,2011-03-26T04:20:00,20110326042000,MULTIPOINT ((-62.1697 103.9739)),103.9739,-62.1697,241,,243.51196289,,12.8,,,,,21.035,520,985.44,,,29.50121875,,39.39,7.896,0.1886,4.079,284.23191851,367.51,0.004,-8,308.9328,311.6108,,,,249.0397,262.9069,121.2456,126.3353,0,19.35244,87.4,90.4,33.95743786,,33.95929652,,-0.7,-0.1,-30,0.0025,0.2044,0.0966,,1.47699223,0.649,68,190.5,67,189.8,25.6,13,25.9,13.2,71,,4361.6,1.86
underway_1200.33977963,33977963,201011040,2011-03-26T04:40:00,20110326044000,MULTIPOINT ((-62.2049 103.8433)),103.8433,-62.2049,231.3,,234.24499512,,12.6,,,,,21.036,320,985.05,,,29.32312422,,39.44,3.907,0.2952,4.071,284.62632615,367.84,0,-8,310.1613,314.21,,,,169.4247,178.2472,77.15629,84.22354,0,19.35244,89.4,86.8,33.81499407,,33.81499407,,-0.7,0.7,-30,-0.1681,0.7646,0.0775,,1.40086208,0.516,73,221,66,220.4,22.3,11.5,17.5,6.1,30,,3707.14,1.77
underway_1200.33978083,33978083,201011040,2011-03-26T05:00:00,20110326050000,MULTIPOINT ((-62.2469 103.7213)),103.7213,-62.2469,252.3,,251.74072266,,12.8,,,,,21.036,280,984.87,,,29.3165695,,39.43,2.625,0.2952,4.069,284.69855972,368,0,-8,310.3707,309.4037,,,,148.411,155.7738,62.45986,70.18627,0,19.31197,91.5,84.6,33.81680585,,33.81883903,,-0.6,0.5,-30,-0.3415,0.8866,0.1666,,1.38957571,0.358,71,179.2,71,179.9,22,9.1,21,8.1,30,,4368.2,1.78
underway_1200.33978203,33978203,201011040,2011-03-26T05:20:00,20110326052000,MULTIPOINT ((-62.2678 103.5759)),103.5759,-62.2678,251.7,,251.76269531,,12.9,,,,,21.036,410,984.74,,,29.40834148,,39.39,2.118,0.205,4.063,284.62981377,368.01,0,-8,312.0384,311.9317,,,,209.5565,217.3445,93.68979,98.26079,0,19.33558,89.7,88.3,33.8273849,,33.82498313,,0,-0.4,-30,0.2385,0.2737,0.2011,,1.49201941,0.323,75,186.1,74,184,23.4,10.5,22.2,9.3,30,,0,1.85
underway_1200.33978323,33978323,201011040,2011-03-26T05:40:00,20110326054000,MULTIPOINT ((-62.2822 103.4274)),103.4274,-62.2822,264.7,,264.81445312,,12.7,,,,,21.037,350,984.09,,,29.26959037,,39.47,4.567,0.287,4.071,284.65463083,367.83,0.002,-8,314.9154,309.2112,,,,185.3509,192.7162,84.50337,87.73284,204.8535,19.33895,89,91.1,33.80444708,,33.80267729,,1,-0.6,-30,0.8582,0.1504,0.0058,,1.34911626,0.357,74,154.6,71,153.4,20.8,8.6,24.8,12.8,71,,4362.24,1.72
underway_1200.33978443,33978443,201011040,2011-03-26T06:00:00,20110326060000,MULTIPOINT ((-62.2825 103.2762)),103.2762,-62.2825,265.7,,266.64916992,,12.6,,,,,21.037,370,983.61,,,29.31765819,,39.45,4.698,0.2542,4.091,284.17327788,367.13,0,-8,317.4062,312.5828,,,,196.1713,204.4147,88.17862,94.75148,0,19.33895,87.9,91.7,33.77326844,,33.77555709,,1.9,-0.5,-30,1.3913,-0.0507,0.1416,,1.43094918,0.337,75,151.1,72,152.4,20.3,8.3,25.6,13.7,30,,4365.31,1.8
underway_1200.33978563,33978563,201011040,2011-03-26T06:20:00,20110326062000,MULTIPOINT ((-62.2881 103.1262)),103.1262,-62.2881,264.2,,263.99597168,,12.7,,,,,21.037,440,983.35,,,29.36245528,,39.44,3.193,0.287,4.071,284.2664164,367.43,0,-8,315.142,314.1578,,,,217.1886,222.2702,99.20095,105.2794,0,19.32884,86.9,93,33.81937034,,33.82140019,,1.4,-0.4,-30,1.7674,0.0577,0.1101,,1.4412883,0.314,75,164.1,75,163.5,26.8,14.3,27.2,14.8,30,,4371.46,1.8
underway_1200.33978683,33978683,201011040,2011-03-26T06:40:00,20110326064000,MULTIPOINT ((-62.2974 102.977)),102.977,-62.2974,259.7,,259.14001465,,12.6,,,,,21.037,290,983.08,,,29.40068461,,39.35,4.302,0.2706,4.08,284.69709631,367.6,0,-8,311.2156,314.4789,,,,151.581,156.0817,69.80564,71.94093,0,19.32546,88.4,94.4,33.72118543,,33.7213149,,0.8,-0.3,-30,1.5751,0.1272,0.3358,,1.57929404,0.279,72,165.7,71,165.2,25.9,13.5,27,14.6,30,,4371.19,1.93
underway_1200.33978803,33978803,201011040,2011-03-26T07:00:00,20110326070000,MULTIPOINT ((-62.313 102.8304)),102.8304,-62.313,249.8,,249.62036133,,12.7,,,,,21.037,360,982.72,,,29.59407556,,39.25,5.874,0.2788,4.064,285.07095327,368.37,0,-8,312.6491,320.5963,,,,180.2405,186.867,84.50324,87.73284,0,19.32546,92.2,94.5,33.84779825,,33.84716419,,-0.1,0.5,-30,0.8042,0.5196,0.3817,,1.68985603,0.255,79,198.7,77,197.2,26.4,13.9,24.4,11.9,30,,3706.29,2.04
underway_1200.33978923,33978923,201011040,2011-03-26T07:20:00,20110326072000,MULTIPOINT ((-62.3365 102.6871)),102.6871,-62.3365,250.3,,250.52124023,,12.8,,,,,21.037,260,982.13,,,29.62903904,,39.22,,0.2952,4.072,285.15453126,368.37,0,-8,314.9417,318.7736,,,,143.3007,146.5382,66.12919,66.67695,0,19.31197,94.5,92.8,33.86138155,,33.86414153,,-0.2,1.3,-30,0.4302,1.2818,0.4069,,1.7151269,0.234,79,196.7,78,195.9,27,14.5,24.7,12.2,30,,3706.62,2.08
underway_1200.33979043,33979043,201011040,2011-03-26T07:40:00,20110326074000,MULTIPOINT ((-62.3532 102.5408)),102.5408,-62.3532,259.3,,259.32678223,,12.7,,,,,21.037,270,981.95,,,29.71753278,,39.14,2.719,0.2788,4.068,285.28532018,368.5,0,-8,315.2255,315.5692,,,,135.658,138.5341,62.45953,66.67695,-204.8535,19.2715,95.4,93.8,33.81443103,,33.81305707,,0.1,0.3,-30,0.4914,0.8257,0.5828,,1.86654009,0.24,83,187.9,83,187.2,28.4,15.7,28.6,15.8,30,,4362.99,2.21
underway_1200.33979163,33979163,201011040,2011-03-26T08:00:00,20110326080000,MULTIPOINT ((-62.3778 102.3991)),102.3991,-62.3778,244.2,,246.37390137,,12.6,,,,,21.037,220,981.81,,,29.78855322,,39.14,6.12,0.3526,4.072,284.53053795,367.47,0,-8,314.8646,319.7655,,,,114.0054,116.6765,51.43698,52.63971,0,19.22765,96.6,92.6,33.83929909,,33.83929909,,-0.1,1.5,-30,0.4136,1.4935,0.6003,,1.92532513,0.221,79,202.5,78,205.2,28.8,16.8,24.6,12.7,30,,5560.3,2.27
underway_1200.33979283,33979283,201011040,2011-03-26T08:20:00,20110326082000,MULTIPOINT ((-62.4077 102.2607)),102.2607,-62.4077,244.7,,245.90148926,,12.6,,,,,21.037,240,981.47,,,29.78418245,,39.12,2.239,0.2952,4.07,284.9243343,367.81,0,-8,314.8908,319.0311,,,,119.1035,124.9885,55.11164,56.14902,0,19.20404,97.4,91.4,33.83618274,,33.83481083,,0,1.7,-30,0.4193,1.7947,0.6021,,1.92439246,0.215,84,218.2,78,218,25.9,14.6,19.3,7.5,30,,5559.41,2.27
underway_1200.33979403,33979403,201011040,2011-03-26T08:40:00,20110326084000,MULTIPOINT ((-62.4386 102.1223)),102.1223,-62.4386,244.4,,245.21484375,,13,,,,,21.037,290,981.32,,,29.78309118,,39.13,5.7,0.3444,4.07,284.93871395,367.89,0,-8,314.9755,319.5966,,,,134.7154,139.7655,64.29691,66.67695,-204.8535,19.19055,97.9,91.3,33.84806215,,33.8494347,,0,1.8,-30,0.4376,1.9148,0.4561,,1.90946788,0.215,84,211.9,80,211.5,29.9,18.3,23.5,11.7,30,,5899.78,2.25
underway_1200.33979523,33979523,201011040,2011-03-26T09:00:00,20110326090000,MULTIPOINT ((-62.4647 101.9802)),101.9802,-62.4647,248.9,,250.12573242,,12.7,,,,,21.037,220,981.16,,,29.62467009,,39.22,4.359,0.3362,4.079,285.23414446,368.54,0,-8,315.0768,318.577,,,,105.0985,107.7487,51.43753,52.63971,0,19.15008,98.1,90.2,33.87866301,,33.87877268,,0,1.8,-30,0.4594,2.1543,0.3982,,1.69640871,0.214,85,204.1,84,204,28.5,16.5,25.2,13.2,30,,5559.35,2.07
underway_1200.33979643,33979643,201011040,2011-03-26T09:20:00,20110326092000,MULTIPOINT ((-62.4868 101.8354)),101.8354,-62.4868,252.7,,254.25109863,,12.7,,,,,21.037,140,981.02,,,29.35043939,,39.39,6.54,0.5166,4.073,285.30033528,368.8,0,-8,314.8149,318.0474,,,,73.24635,75.11624,33.06698,35.09314,0,19.15008,98.4,89.9,33.84192165,,33.84165471,,0,1.9,-30,0.4029,2.0422,-0.0054,,1.4083852,0.217,90,209.1,87,209,30.1,18.3,24.5,12.6,30,,5554.18,1.79
underway_1200.33979763,33979763,201011040,2011-03-26T09:40:00,20110326094000,MULTIPOINT ((-62.5117 101.6907)),101.6907,-62.5117,248.7,,248.46130371,,13,,,,,21.037,100,980.84,,,29.2433732,,39.43,2.605,0.656,4.061,285.72052313,369.26,0,-8,314.1146,317.376,,,,53.18667,54.79791,23.88171,24.5652,0,19.12985,98.7,90.7,33.83162418,,33.83441655,,-0.1,1.5,-30,0.2517,1.8998,-0.0311,,1.28884936,0.211,86,215.5,80,213.7,26.2,14.4,19.7,7.5,30,,3706.03,1.69
underway_1200.33979883,33979883,201011040,2011-03-26T10:00:00,20110326100000,MULTIPOINT ((-62.5395 101.5491)),101.5491,-62.5395,249.6,,251.17492676,,12.9,,,,,21.037,50,980.87,,,29.19748725,,39.47,5.575,0.7216,4.065,285.44645851,368.96,0,-8,313.6217,317.2487,,,,33.75878,35.0953,16.53349,15.79191,-204.8535,19.09612,98.9,90.8,33.81722868,,33.81964774,,-0.2,1.5,-30,0.1452,1.6443,-0.0911,,1.2483251,0.207,85,203.6,83,204.4,30,17.9,25.1,13,30,,3706.68,1.65
underway_1200.33980003,33980003,201011040,2011-03-26T10:20:00,20110326102000,MULTIPOINT ((-62.564 101.4033)),101.4033,-62.564,250.5,,252.1472168,,13,,,,,21.037,20,980.72,,,29.17236031,,39.49,5.958,0.6724,4.066,285.52506656,369.12,0,-8,312.354,316.3154,,,,21.02021,21.54974,9.185274,8.773284,0,19.08263,99,90.2,33.81879182,,33.8222358,,-0.2,1.6,-30,0.0888,1.6744,-0.0144,,1.21626417,0.213,90,217.8,84,216.5,24.6,13,19.2,7,30,,3706.5,1.61
underway_1200.33980123,33980123,201011040,2011-03-26T10:40:00,20110326104000,MULTIPOINT ((-62.59 101.2589)),101.2589,-62.59,250.6,,252.15820312,,12.8,,,,,21.037,0,980.84,,,29.22698153,,39.43,5.025,0.7298,4.056,285.82285652,369.32,0,-8,312.1389,316.1738,,,,9.55468,9.235604,1.837055,5.263971,0,19.08263,98.9,89.4,33.78456536,,33.78596029,,-0.2,1.6,-30,0.0423,1.6443,-0.0297,,1.31428149,0.213,83,201.7,82,202.8,28.8,16.5,25.9,13.6,30,,3706.24,1.69
underway_1200.33980243,33980243,201011040,2011-03-26T11:00:00,20110326110000,MULTIPOINT ((-62.6151 101.1143)),101.1143,-62.6151,248.8,,251.66381836,,12.9,,,,,21.037,0,981.23,,,29.28706655,,39.36,4.096,0.6724,4.07,286.17866552,369.72,0,-8,312.1045,317.1641,,,,4.458838,4.925655,1.837055,1.754657,0,19.06914,98.8,88.7,33.75930294,,33.75892602,,-0.2,1.9,-30,0.0348,1.8548,0.0861,,1.41026584,0.215,87,210.9,84,211,27.2,15.6,23.3,11.5,30,,5596.42,1.78
underway_1200.33980363,33980363,201011040,2011-03-26T11:20:00,20110326112000,MULTIPOINT ((-62.6383 100.9675)),100.9675,-62.6383,252.1,,253.21289062,,12.9,,,,,21.037,0,980.98,,,29.31765765,,39.34,3.26,0.6724,4.065,286.07186251,369.59,0,-8,311.9137,316.5276,,,,2.86649,3.694242,1.837055,-1.754657,0,19.0489,99.1,90.6,33.77086462,,33.7694745,,-0.3,1.9,-30,-0.0065,1.7196,0.0397,,1.43658891,0.249,85,202.8,85,204.7,28.6,16.3,25.7,13.5,71,,5559.23,1.82
underway_1200.33980483,33980483,201011040,2011-03-26T11:40:00,20110326114000,MULTIPOINT ((-62.6629 100.8222)),100.8222,-62.6629,253.5,,257.09106445,,12.6,,,,,21.037,0,980.87,,,29.31438209,,39.35,5.862,0.7298,4.061,286.29739697,369.89,0,-8,311.5977,314.2256,,,,1.910971,2.462828,-1.837055,-1.754657,0,19.02529,99.1,89.9,33.79396833,,33.79167497,,-0.3,1,-30,-0.075,1.2287,-0.033,,1.41214642,0.238,86,198.7,86,198.5,27.7,15.8,26.5,14.5,71,,4312.32,1.78
underway_1200.33980603,33980603,201011040,2011-03-26T12:00:00,20110326120000,MULTIPOINT ((-62.6878 100.6772)),100.6772,-62.6878,247.1,,248.54370117,,12.7,,,,,21.037,0,980.97,,,29.29253103,,39.36,8.556,0.7298,4.074,286.12819937,369.8,0,-8,311.4139,313.2677,,,,1.910998,2.154974,-1.837055,-1.754657,0,19.0118,99.1,89.7,33.78249553,,33.78110379,,-0.3,0.9,-30,-0.1149,1.0237,0.0031,,1.39615967,0.221,90,218,82,217.6,28,17,20,8.4,71,,5561.86,1.78
underway_1200.33980723,33980723,201011040,2011-03-26T12:20:00,20110326122000,MULTIPOINT ((-62.7081 100.5718)),100.5718,-62.7081,248.2,,248.49975586,,9.1,,,,,21.037,0,980.96,,,29.15160031,,39.43,3.127,0.902,4.067,286.76824459,370.47,0,-8,311.2768,314.899,,,,1.910972,2.462828,-1.837055,0,0,18.99157,99.3,89.2,33.78237906,,33.78952755,,-0.4,1.5,-30,-0.1446,1.3726,-0.1646,,1.22192316,0.194,91,214.1,88,216,25.9,17.9,19.4,11.3,30,,4245.61,1.61
underway_1200.33980843,33980843,201011040,2011-03-26T12:40:00,20110326124000,MULTIPOINT ((-62.7242 100.4695)),100.4695,-62.7242,255,,253.00964355,,9.1,,,,,21.037,0,980.96,,,29.14504416,,39.43,4.009,0.9184,4.064,286.90907365,370.75,0,-8,312.3503,317.0934,,,,1.910998,2.462828,-1.837055,-5.263971,0,18.9747,99.3,88.9,33.77183658,,33.77501054,,-0.4,2,-30,-0.1303,1.8398,-0.1429,,1.22758165,0.193,90,203.1,88,202.2,28.6,19.9,25,16.3,30,,4295.41,1.6
underway_1200.33980963,33980963,201011040,2011-03-26T13:00:00,20110326130000,MULTIPOINT ((-62.7361 100.3666)),100.3666,-62.7361,249.3,,250.29052734,,8.6,,,,,21.037,0,980.66,,,29.07622073,,39.43,,0.9102,4.076,287.77646368,372.02,0,-8,311.3748,316.4213,,,,1.911015,2.154974,0,-1.754657,204.8535,18.92748,99.1,87.7,33.806867,,33.80136302,,-0.4,1.3,-30,-0.1234,1.697,-0.1496,,1.12187247,0.192,93,211.8,91,214.7,30.1,22.5,21.5,13.9,71,,3706.5,1.52
underway_1200.33981083,33981083,201011040,2011-03-26T13:20:00,20110326132000,MULTIPOINT ((-62.7599 100.2754)),100.2754,-62.7599,236.9,,235.43701172,,8.4,,,,,21.068,0,980.54,,,29.11118052,,39.48,2.085,0.984,4.073,286.32222231,370.15,0.116,-8,310.7681,311.2064,,,,1.91102,2.462828,-1.837055,-1.754657,0,18.90725,99.5,91.1,33.81138072,,33.81035634,,-0.4,0.3,-30,-0.2551,0.581,-0.1645,,1.15492569,0.17,96,232.7,92,230.9,30.1,24.2,25.3,19.1,62,,3860.74,1.56
underway_1200.33981203,33981203,201011040,2011-03-26T13:40:00,20110326134000,MULTIPOINT ((-62.7802 100.1817)),100.1817,-62.7802,251,,253.81164551,,8.8,,,,,21.074,0,980.53,,,29.15160084,,39.46,3.395,0.9676,4.073,286.27530332,369.98,0,-8,310.0418,315.8434,,,,1.911038,2.462828,-1.837055,-1.754657,0,18.88027,99.1,89.2,33.79517119,,33.79565729,,-0.4,1.7,-30,-0.194,1.1149,-0.161,,1.21626417,0.179,98,213.8,94,213.8,31.3,23.8,22.5,14.8,30,,3912.51,1.6
underway_1200.33981323,33981323,201011040,2011-03-26T14:00:00,20110326140000,MULTIPOINT ((-62.7943 100.08)),100.08,-62.7943,253.6,,255.47058105,,8.8,,,,,21.074,0,980.32,,,29.10352639,,39.47,0.593,0.8856,4.072,286.13370693,369.97,0,-8,310.0424,315.7136,,,,1.911035,2.462828,-1.837055,-1.754657,-204.8535,18.86678,98.4,86.4,33.77112383,,33.73207846,,-0.4,1.7,-30,-0.1939,1.5463,-0.1527,,1.21815056,0.178,98,212.5,94,212.8,28.4,20.7,20.7,12.9,30,,4207.09,1.6
underway_1200.33981443,33981443,201011040,2011-03-26T14:20:00,20110326142000,MULTIPOINT ((-62.8055 99.9741)),99.9741,-62.8055,250.3,,249.71374512,,8.9,,,,,21.074,0,980.47,,,29.10353362,,39.51,1.991,1.0168,,286.2015174,369.99,0,-8,309.3251,310.997,,,,1.91101,2.154974,-1.837055,-1.754657,0,18.85329,97.4,84.8,33.81553864,,33.81489054,,-0.3,1.4,-30,-0.1309,1.9148,-0.2451,,1.14170649,0.171,97,221.8,93,224.6,25.1,17.7,17.7,10.1,30,,3792.38,1.52
underway_1200.33981563,33981563,201011040,2011-03-26T14:40:00,20110326144000,MULTIPOINT ((-62.8092 99.8681)),99.8681,-62.8092,268.3,,270.82946777,,8.7,,,,,21.074,0,980.43,,,29.12975073,,39.48,3.888,0.9594,4.077,286.26286988,369.93,0,-8,309.3198,312.3548,,,,1.911036,2.462828,0,1.754657,0,18.85329,97.2,82.4,33.7846712,,33.78913717,,-0.5,2.1,-30,-0.1321,1.9748,-0.1609,,1.19645366,0.175,103,197.2,102,196.6,33.6,25.3,32.5,24.1,30,,3706.24,1.57
underway_1200.33981683,33981683,201011040,2011-03-26T15:00:00,20110326150000,MULTIPOINT ((-62.823 99.7668)),99.7668,-62.823,240.8,,241.51245117,,8.9,,,,,21.074,0,980.21,,,29.00411581,,39.49,1.986,1.3776,4.058,287.39152443,371.67,0,-8,307.5972,307.396,,,,1.911046,2.154974,-1.837055,1.754657,204.8535,18.83979,96.9,86.6,33.77232435,,33.77129808,,-0.5,0.4,-30,-0.2874,0.9172,-0.3307,,1.06422386,0.3,99,233.2,98,233.4,27.1,20.9,25.1,18.8,30,,3546.62,1.46
underway_1200.33981803,33981803,201011040,2011-03-26T15:20:00,20110326152000,MULTIPOINT ((-62.8418 99.6681)),99.6681,-62.8418,249.3,,249.55993652,,8.7,,,,,21.074,0,980.23,,,29.01722636,,39.48,3.709,1.2792,4.06,287.79577657,372.11,0,-8,307.3068,311.1353,,,,1.91107,2.154974,0,-1.754657,0,18.81956,96.3,87.4,33.78458833,,33.78404716,,-0.6,0.5,-30,-0.3505,0.5656,-0.3232,,1.06800572,1.35,101,221.8,97,223.8,32.3,25.4,20.9,13.8,30,,3822.74,1.44
underway_1200.33981923,33981923,201011040,2011-03-26T15:40:00,20110326154000,MULTIPOINT ((-62.855 99.567)),99.567,-62.855,267,,272.90588379,,8.4,,,,,21.074,0,980.47,,,28.99319061,,39.49,1.2,1.2464,4.064,287.76239506,371.87,0,-8,308.3851,312.4058,,,,1.911073,1.847121,-1.837055,-1.754657,0,18.79258,96,85.8,33.76481343,,33.76340866,,-0.6,1.6,-30,-0.3351,1.0693,-0.3288,,1.05855065,1.41,106,202.3,104,201.8,24.8,17.1,21.6,13.8,30,,3467.17,1.43
underway_1200.33982043,33982043,201011040,2011-03-26T16:00:00,20110326160000,MULTIPOINT ((-62.8459 99.4628)),99.4628,-62.8459,279.5,,279.73937988,,8.7,,,,,21.074,0,980.46,,,29.03688823,,39.44,1.936,1.2956,4.068,288.15392316,372.43,0,-8,306.9631,308.4973,,,,1.911075,2.462828,1.837055,-1.754657,0,18.83979,92.1,89.8,33.76149618,,33.75702118,,0.3,-0.4,-30,0.6649,-0.0042,-0.2841,,1.11620446,2.34,103,184.2,102,183.1,28.9,20.2,28.9,20.2,20,,3707.14,1.48
underway_1200.33982163,33982163,201011040,2011-03-26T16:20:00,20110326162000,MULTIPOINT ((-62.8439 99.3571)),99.3571,-62.8439,271.4,,270.31311035,,8.6,,,,,21.074,0,980.44,,,29.00957441,,39.43,4.461,1.2628,,288.42410517,372.66,0,-8,308.598,313.6983,,,,1.911032,2.155003,1.837055,0,0,18.8263,95.3,87,33.72745675,,33.72912426,,-0.5,1.4,-30,-0.0701,0.8855,-0.1483,,1.10959114,1.69,100,193.4,98,190.5,31.3,22.8,31.3,22.8,30,,3699.46,1.48
underway_1200.33982283,33982283,201011040,2011-03-26T16:40:00,20110326164000,MULTIPOINT ((-62.8489 99.2529)),99.2529,-62.8489,251.4,,250.57067871,,9,,,,,21.074,0,980.29,,,29.27068094,,39.41,3.561,0.779,4.061,285.85936465,369.34,0,-8,307.7337,309.4612,,,,1.911076,2.46285,-1.837055,0,-204.8535,18.79932,95.4,85.2,33.78410859,,33.78068339,,-0.6,0.6,-30,-0.2577,1.1293,-0.0509,,1.37076059,1.45,100,223.1,95,223.7,26.6,19.2,18.3,10.7,30,,3487.59,1.72
underway_1200.33982403,33982403,201011040,2011-03-26T17:00:00,20110326170000,MULTIPOINT ((-62.8641 99.152)),99.152,-62.8641,249.8,,249.78515625,,8.4,,,,,21.074,0,980.21,,,29.082776,,39.43,3.519,1.5006,4.069,287.88318957,372.23,0,-8,305.8779,308.6294,,,,1.911037,2.462828,0,1.754657,0,18.77234,95.3,86.9,33.81210074,,33.80670211,,-0.7,0.2,-30,-0.4422,0.489,-0.4019,,1.12470629,1.4,107,228.8,103,229.3,30.9,24.7,23.4,17,20,,3588.31,1.51
underway_1200.33982523,33982523,201011040,2011-03-26T17:20:00,20110326172000,MULTIPOINT ((-62.8802 99.0546)),99.0546,-62.8802,238.3,,242.1496582,,8.6,,,,,21.085,0,980.55,,,28.93091395,,39.4,4.852,1.4842,4.062,289.36146725,373.8,0.039,-8,306.2712,307.0613,,,,1.91107,2.154974,-1.837055,0,0,18.76897,95.7,87.7,33.67630444,,33.67925584,,-0.8,-0.1,-30,-0.5761,0.1504,-0.2722,,1.06233285,1.33,105,239.5,110,249.2,26.1,21.1,22.6,18.5,61,,3356.81,1.46
underway_1200.33982643,33982643,201011040,2011-03-26T17:40:00,20110326174000,MULTIPOINT ((-62.9051 98.9627)),98.9627,-62.9051,235.9,,235.64575195,,8.9,,,,,21.104,0,980.66,,,29.01721861,,39.35,3.99,1.4022,4.059,289.61772132,374.07,0.039,-8,306.1634,306.2032,,,,1.911073,2.154981,-1.837055,0,-204.8535,18.74536,95.3,88.4,33.68159391,,33.69498143,,-0.8,-0.2,-30,-0.5996,-0.0355,-0.2173,,1.15020486,1.3,105,248.9,113,262.9,24.2,19.5,20.3,17.1,61,,3127.99,1.52
underway_1200.33982763,33982763,201011040,2011-03-26T18:00:00,20110326180000,MULTIPOINT ((-62.932 98.8734)),98.8734,-62.932,237.6,,236.75537109,,8.6,,,,,21.135,0,980.66,,,28.98117277,,39.41,1.117,1.5416,4.068,289.23676866,373.92,0.126,-8,304.8773,306.5898,,,,1.911038,2.155033,1.837055,-1.754657,-204.8535,18.73187,95.4,89.3,33.7516813,,33.75308619,,-0.8,-0.3,-30,-0.6604,-0.1848,-0.2435,,1.05382258,1.29,102,241.7,109,256.4,26.1,20.8,20.4,16.5,62,,2938.37,1.44
underway_1200.33982883,33982883,201011040,2011-03-26T18:20:00,20110326182000,MULTIPOINT ((-62.9568 98.7841)),98.7841,-62.9568,247,,246.41784668,,8.7,,,,,21.182,0,980.86,,,29.06747317,,39.39,2.91,1.4022,,288.52760315,372.74,0.111,-8,305.9928,307.77,,,,1.911035,2.462908,-1.837055,-1.754657,0,18.71838,95,,33.71281627,,33.71141711,,-0.8,,-30,-0.6368,-0.162,-0.2179,,1.19456662,1.47,110,239.4,113,245.5,25.8,20.3,23.8,18.9,62,,2690.02,1.54
underway_1200.33983003,33983003,201011040,2011-03-26T18:40:00,20110326184000,MULTIPOINT ((-62.9768 98.6876)),98.6876,-62.9768,243.4,,244.78637695,,8.8,,,,,21.255,0,980.92,,,28.91125953,,39.44,,2.0828,4.067,289.86144477,375,0.303,-8,304.7702,306.3758,,,,1.911037,1.847336,0,-1.754657,0,18.71838,96.2,90.6,33.7945899,,33.78850602,,-1,-0.3,-30,-0.6837,-0.2313,-0.467,,0.93834728,0.826,105,239,109,249.2,24.3,18.7,19.8,15.1,61,,3032.47,1.33
underway_1200.33983123,33983123,201011040,2011-03-26T19:00:00,20110326190000,MULTIPOINT ((-62.9968 98.5925)),98.5925,-62.9968,245.1,,244.78637695,,8.5,,,,,21.342,0,980.97,,,28.81512414,,39.45,3.123,2.296,4.07,290.78887627,376,0.104,-8,304.5922,306.7342,,,,1.911033,2.46312,-1.837055,-1.754657,0,18.70489,97.1,91.3,33.71780908,,33.76753839,,-1,-0.4,-30,-0.7226,-0.3871,-0.6066,,0.84353673,1.1,107,238.8,108,242,24.7,19.1,22.8,17.5,62,,3545.09,1.25
underway_1200.33983243,33983243,201011040,2011-03-26T19:20:00,20110326192000,MULTIPOINT ((-63.0161 98.4961)),98.4961,-63.0161,241.7,,238.33190918,,8.7,,,,,21.38,0,981.35,,,28.76596095,,39.46,5.423,2.1074,4.062,290.96045308,376.19,0.13,-8,306.0297,306.8599,,,,1.911028,2.155325,0,-1.754657,0,18.6914,97,90.9,33.71323868,,33.71427103,,-0.9,-0.3,-30,-0.6287,-0.3598,-0.5115,,0.83404779,1.33,107,248,121,269.6,24,18.9,18.9,16.2,62,,3553.46,1.22
underway_1200.33983363,33983363,201011040,2011-03-26T19:40:00,20110326194000,MULTIPOINT ((-63.0383 98.4015)),98.4015,-63.0383,241.7,,240.79833984,,8.8,,,,,21.408,0,981.24,,,28.76596095,,39.47,,1.9434,4.055,290.78144495,375.94,0.075,-8,304.1626,306.854,,,,1.911004,2.155357,-1.837055,-1.754657,0,18.6914,96.9,91,33.70514034,,33.71427103,,-0.8,-0.3,-30,-0.5964,-0.361,-0.5213,,0.83404779,1.38,108,244.5,128,272,26.1,20.9,20.7,18.7,61,,3409.13,1.22
underway_1200.33983483,33983483,201011040,2011-03-26T20:00:00,20110326200000,MULTIPOINT ((-63.0587 98.3054)),98.3054,-63.0587,257.6,,249.15344238,,8.8,,,,,21.441,0,981.62,,,28.79217784,,39.48,5.005,1.9844,4.061,290.31444184,375.43,0.159,-8,302.2118,304.9229,,,,1.91104,2.155334,-1.837055,-1.754657,0,18.6779,96.9,91.3,33.71934369,,33.70278448,,-0.8,-0.2,-30,-0.5824,-0.3134,-0.5543,,0.87578839,1.02,115,241,123,252.8,26.5,20.2,24.1,18.9,62,,3155.46,1.24
underway_1200.33983603,33983603,201011040,2011-03-26T20:20:00,20110326202000,MULTIPOINT ((-63.0708 98.2007)),98.2007,-63.0708,259,,256.50878906,,8.9,,,,,21.49,0,981.94,,,28.7659614,,39.46,0.065,2.0664,,291.06622173,376.33,0.084,-8,305.819,307.1063,,,,1.91101,2.155347,0,-1.754657,0,18.6779,97.1,91.3,33.71943376,,33.71943376,,-1,-0.3,-30,-0.6747,-0.3062,-0.4041,,0.82930278,0.801,121,239.9,127,247.6,27.2,21.4,26.7,21.8,61,,2904.94,1.21
underway_1200.33983723,33983723,201011040,2011-03-26T20:40:00,20110326204000,MULTIPOINT ((-63.0795 98.0936)),98.0936,-63.0795,261.6,,261.04064941,,9.1,,,,,21.508,0,982.41,,,28.94948804,,39.4,0.659,1.6564,4.067,289.76210818,374.45,0.056,-8,304.5986,307.2729,,,,1.911002,2.155413,0,-1.754657,0,18.66442,97.2,91.4,33.71029835,,33.70927371,,-1.1,-0.2,-30,-0.7212,-0.2699,-0.3585,,1.05665947,0.98,117,227.7,112,227.9,32,25.1,22.8,15.6,61,,3005.18,1.42
underway_1200.33983843,33983843,201011040,2011-03-26T21:00:00,20110326210000,MULTIPOINT ((-63.0872 97.9843)),97.9843,-63.0872,260.7,,259.61242676,,9.1,,,,,21.519,0,982.34,,,29.00629152,,39.38,2.197,1.3366,4.062,289.1114416,373.22,0,-8,302.9794,304.8476,,,,1.911018,1.847447,-1.837055,-1.754657,0,18.65092,97,90.2,33.64428277,,33.66567263,,-1.2,-0.4,-30,-0.8549,-0.3298,-0.1911,,1.16436627,0.859,118,231.6,115,231.2,31,24.4,26.5,19.7,71,,2682.62,1.52
underway_1200.33983963,33983963,201011040,2011-03-26T21:20:00,20110326212000,MULTIPOINT ((-63.0978 97.8764)),97.8764,-63.0978,253.2,,249.84558105,,9,,,,,21.519,0,982.58,,,29.01722012,,39.41,4.094,1.4432,4.073,288.82134555,373.36,0,-8,303.8809,304.5905,,,,1.911011,1.847478,0,-1.754657,0,18.63743,96.4,89.7,33.72473151,,33.71234737,,-1.2,-0.5,-30,-0.8781,-0.3857,-0.2624,,1.13415141,0.99,111,236.9,110,236.5,28.5,22.3,27,20.7,71,,2451.46,1.48
underway_1200.33984083,33984083,201011040,2011-03-26T21:40:00,20110326214000,MULTIPOINT ((-63.1108 97.7682)),97.7682,-63.1108,255.2,,252.49328613,,8.9,,,,,21.519,0,982.79,,,28.89378523,,39.47,3.042,2.1238,4.068,289.8936504,375.03,0,-8,303.4533,305.4697,,,,1.911001,1.847555,-1.837055,-1.754657,0,18.62394,95.9,88.7,33.83662896,,33.84237781,,-1.3,-0.5,-30,-0.9717,-0.4284,-0.5407,,0.86820126,0.99,111,232.4,112,237.8,28.5,21.9,23,16.7,71,,2208.77,1.27
underway_1200.33984203,33984203,201011040,2011-03-26T22:00:00,20110326220000,MULTIPOINT ((-63.123 97.6608)),97.6608,-63.123,255,,252.52624512,,9.1,,,,,21.519,0,983.32,,,28.73865042,,39.45,-1.833,2.2304,4.066,291.52800294,376.9,0,-8,303.1657,305.0225,,,,1.911005,2.155574,0,-1.754657,0,18.61045,94.9,88.3,33.7081129,,33.70990855,,-1.4,-0.6,-30,-1.0347,-0.5258,-0.6181,,0.80557236,1,113,235.8,115,238.4,27.9,21.4,27.5,21.3,71,,1997.5,1.19
underway_1200.33984323,33984323,201011040,2011-03-26T22:20:00,20110326222000,MULTIPOINT ((-63.1363 97.5532)),97.5532,-63.1363,255.5,,254.48730469,,8.7,,,,,21.52,0,983.42,,,28.71133832,,39.45,3.655,2.2632,,291.84523165,377.05,0.001,-8,302.593,303.6501,,,,1.910999,2.155633,-1.837055,-1.754657,-204.8535,18.58347,95.6,88.3,33.67329021,,33.68590807,,-1.4,-0.7,-30,-1.1603,-0.5906,-0.5883,,0.79512813,0.934,115,240.8,117,245.5,22.3,16.6,20.6,15.3,71,,1958.39,1.17
underway_1200.33984443,33984443,201011040,2011-03-26T22:40:00,20110326224000,MULTIPOINT ((-63.15 97.441)),97.441,-63.15,255.1,,254.33349609,,12.6,,,,,21.538,0,983.72,,,28.63705955,,39.49,0.168,2.7716,4.052,292.13359468,377.9,0,-8,301.8357,303.5761,,,,1.911016,2.463584,-1.837055,-1.754657,0,18.56998,95.9,88.6,33.72716817,,33.73142854,,-1.7,-0.9,-30,-1.3267,-0.8416,-0.7636,,0.66490397,1.04,113,244.7,119,253.9,26.1,18,24.4,17.5,30,,2003.71,1.07
underway_1200.33984563,33984563,201011040,2011-03-26T23:00:00,20110326230000,MULTIPOINT ((-63.168 97.2884)),97.2884,-63.168,255.6,,252.51525879,,13,,,,,21.538,0,983.98,,,28.6075593,,39.49,4.366,2.3944,4.073,292.51862038,378.18,0,-8,297.7011,300.2679,,,,1.911002,2.155677,1.837055,-1.754657,0,18.55649,94.7,87.6,33.66237302,,33.66199005,,-1.9,-1.2,-30,-1.5715,-1.0952,-0.7021,,0.69344336,1,110,238.6,115,245.8,29.7,20.4,29.6,21.3,30,,1946,1.05
underway_1200.33984683,33984683,201011040,2011-03-26T23:20:00,20110326232000,MULTIPOINT ((-63.1871 97.1367)),97.1367,-63.1871,254.8,,254.14672852,,12.9,,,,,21.538,0,984.24,,,28.8751984,,39.4,-0.21,1.7958,4.07,290.9295227,375.79,0,-8,299.4202,301.1942,,,,1.91104,2.46366,0,0,0,18.55312,94.2,86.9,33.66776073,,33.66289886,,-1.9,-1.3,-30,-1.6368,-1.1278,-0.3745,,1.01125394,0.98,114,245.3,135,286.8,26.6,18.4,17.2,15.6,30,,1900.03,1.33
underway_1200.33984803,33984803,201011040,2011-03-26T23:40:00,20110326234001,MULTIPOINT ((-63.2095 96.9869)),96.9869,-63.2095,251.6,,250.21362305,,12.9,,,,,21.538,0,984.69,,,28.581342,,39.5,-4.406,3.034,4.072,292.63382534,378.2,0,-8,296.4358,297.8914,,,,3.822044,3.69549,1.837055,1.754657,0,18.52951,93.1,86.6,33.62981668,,33.65901235,,-2.1,-1.6,-30,-1.8509,-1.3811,-0.7311,,0.66490397,1.22,114,247.9,129,272,28.7,21,23.7,20,30,,1807.33,1.03
underway_1200.33984923,33984923,201011040,2011-03-27T00:00:00,20110327000000,MULTIPOINT ((-63.2326 96.8348)),96.8348,-63.2326,251.7,,251.52099609,,13,,,,,21.538,0,984.9,,,28.56276942,,39.5,6.96,2.9684,4.057,292.74360577,378.22,0,-8,298.1762,299.8969,,,,8.281545,8.006896,1.837055,3.509314,-204.8535,18.50253,92.6,85.9,33.63449457,,33.63280698,,-2.1,-1.5,-30,-1.9116,-1.4129,-0.7539,,0.666807,1.34,116,254.8,126,264.5,25,18.2,25.5,20.7,30,,1827.07,1.02
underway_1200.33985043,33985043,201011040,2011-03-27T00:20:00,20110327002000,MULTIPOINT ((-63.2567 96.683)),96.683,-63.2567,250.3,,251.20788574,,12.8,,,,,21.538,30,985.68,,,28.5583991,,39.48,0.1,2.6978,,293.16513621,378.91,0,-8,295.2258,297.0253,,,,20.06664,20.63315,12.85938,12.2826,0,18.48904,91.8,85.5,33.62337183,,33.62298776,,-2.4,-1.7,-30,-2.1189,-1.5719,-0.6964,,0.67061289,1.31,119,255.5,127,262.7,28,21.9,29.2,24.7,30,,1878.92,1.02
underway_1200.33985163,33985163,201011040,2011-03-27T00:40:00,20110327004000,MULTIPOINT ((-63.282 96.5343)),96.5343,-63.282,249.9,,250.90026855,,12.8,,,,,21.538,40,985.55,,,28.75065952,,39.41,4.725,2.2878,4.067,292.0223968,377.32,0,-8,297.3917,299.0306,,,,26.7551,28.02413,12.85938,12.2826,0,18.46543,91.8,85.3,33.62588351,,33.62447326,,-2.2,-1.7,-30,-2.0854,-1.6038,-0.5464,,0.89854429,1.44,113,256.3,123,266.9,22.7,16,22.7,18.2,30,,1853.63,1.23
underway_1200.33985283,33985283,201011040,2011-03-27T01:00:00,20110327010000,MULTIPOINT ((-63.307 96.3864)),96.3864,-63.307,248.5,,250.21362305,,12.6,,,,,21.538,100,985.93,,,28.75612783,,39.44,2.891,2.1156,4.056,291.63667112,376.8,0,-8,295.2332,299.0306,,,,51.91749,53.89257,25.71876,24.5652,0,18.44856,90.3,83.9,33.69421651,,33.69742405,,-2.5,-1.8,-30,-2.1172,-1.6038,-0.6106,,0.83784354,1.6,102,239.9,109,256.1,24.2,15.3,20.5,13.5,30,,2192.43,1.2
underway_1200.33985403,33985403,201011040,2011-03-27T01:20:00,20110327012000,MULTIPOINT ((-63.3303 96.2391)),96.2391,-63.3303,253,,252.16918945,,12.7,,,,,21.538,110,986.37,,,28.69604138,,39.47,,1.9188,4.06,291.63195775,376.93,0,-8,295.5252,298.389,,,,62.42796,64.67108,29.39288,29.82917,0,18.4317,89.2,83,33.64547124,,33.64650222,,-2.3,-1.6,-30,-2.0525,-1.5082,-0.5947,,0.81316707,1.79,113,252.4,125,273.9,23.4,16.1,19.4,15.4,30,,0,1.16
underway_1200.33985523,33985523,201011040,2011-03-27T01:40:00,20110327014000,MULTIPOINT ((-63.3511 96.0876)),96.0876,-63.3511,253.3,,252.87231445,,12.8,,,,,21.538,110,986.28,,,28.6621753,,39.43,2.103,2.2468,4.06,292.7106643,378.08,0,-8,295.6882,297.3141,,,,64.66031,67.13473,29.39288,31.58382,0,18.41821,88.2,81.5,33.624317,,33.624317,,-2.3,-1.7,-30,-2.0164,-1.5082,-0.6464,,0.79322899,2.12,127,270.8,135,280.4,21.2,17.1,20,17.9,20,,3705.6,1.14
underway_1200.33985643,33985643,201011040,2011-03-27T02:00:00,20110327020000,MULTIPOINT ((-63.372 95.9346)),95.9346,-63.372,252.3,,253.15795898,,12.8,,,,,21.622,160,986.85,,,28.52999528,,39.47,6.061,2.296,4.063,293.30359375,378.85,0,-8,295.3777,297.1696,,,,86.31682,88.69177,40.4152,42.11177,0,18.40809,86.8,80,33.59643315,,33.59643315,,-2.3,-1.7,-30,-2.0852,-1.5401,-0.6818,,0.66109774,5.6,104,247.2,113,268,20,11.3,17.2,11.2,24,,2822.78,1.03
underway_1200.33985763,33985763,201011040,2011-03-27T02:20:00,20110327022000,MULTIPOINT ((-63.3949 95.7835)),95.7835,-63.3949,250.9,,252.31201172,,13,,,,,21.622,170,987.22,,,28.64360026,,39.42,,2.0254,,292.64343586,377.94,0,-8,295.9596,298.0356,,,,92.68618,96.08275,44.08931,45.62108,-204.8535,18.38111,86,79.4,33.58173862,,33.57247916,,-2.2,-1.5,-30,-1.9563,-1.3494,-0.5989,,0.8188625,7.1,108,255.4,117,267.1,20.1,12.7,19.1,13.8,24,,3000.58,1.17
underway_1200.33985883,33985883,201011040,2011-03-27T02:40:00,20110327024000,MULTIPOINT ((-63.4185 95.633)),95.633,-63.4185,251.6,,254.33898926,,12.7,,,,,21.622,190,987.27,,,28.62830616,,39.42,3.805,1.8614,4.057,292.80247888,378.26,0,-8,296.1477,296.9606,,,,102.8766,107.7851,47.76342,49.13039,0,18.35413,83.9,78.3,33.56439253,,33.56400771,,-2.2,-1.6,-30,-1.9147,-1.3494,-0.5931,,0.80842048,7.1,108,260.7,116,277.1,16.9,9.9,15,10.6,24,,3065.09,1.16
underway_1200.33986003,33986003,201011040,2011-03-27T03:00:00,20110327030000,MULTIPOINT ((-63.4392 95.4813)),95.4813,-63.4392,252.4,,252.27355957,,12.7,,,,,21.622,280,987.6,,,28.64687796,,39.41,6.287,1.722,4.066,292.60785614,377.94,0,-8,295.3864,297.4586,,,,134.4105,138.5809,62.45986,66.67695,0,18.34064,82.9,78.2,33.57877596,,33.57877596,,-2.1,-1.8,-30,-1.8602,-1.4764,-0.5579,,0.81696408,7.1,121,265.4,130,276.1,20.9,15.7,20,17,0,,3302.24,1.19
underway_1200.33986123,33986123,201011040,2011-03-27T03:20:00,20110327032000,MULTIPOINT ((-63.4604 95.3285)),95.3285,-63.4604,250.5,,248.41186523,,12.9,,,,,21.622,280,987.6,,,28.23397387,,39.77,2.332,1.9762,4.056,291.15696012,376.62,0,-8,296.679,298.5335,,,,133.456,138.2729,62.45986,64.9223,0,18.34064,82.4,79.1,33.62350005,,33.62007764,,-2,-1.7,-30,-1.7971,-1.4764,-0.7111,,0.28504502,7.1,121,281.8,129,291.2,16.9,13.2,16,14.6,0,,3128.4,0.71
underway_1200.33986243,33986243,201011040,2011-03-27T03:40:00,20110327034000,MULTIPOINT ((-63.4857 95.1775)),95.1775,-63.4857,249.8,,251.09802246,,12.9,,,,,21.622,370,988.19,,,28.09853137,,39.78,0.184,2.2222,4.061,292.83484527,378.77,0,-8,295.1443,297.1696,,,,189.8261,196.7848,91.85273,94.75148,0,18.32715,80.6,77.7,33.64399045,,33.64793152,,-2.3,-1.9,-30,-1.9137,-1.5401,-0.9454,,0.09712714,7.1,108,263,117,276.2,17.8,11,16.6,12.2,0,,2871.6,0.55
underway_1200.33986363,33986363,201011040,2011-03-27T04:00:00,20110327040000,MULTIPOINT ((-63.5067 95.0247)),95.0247,-63.5067,254.6,,255.73425293,,12.7,,,,,21.622,370,988.34,,,27.9335982,,39.82,2.53,2.9438,4.055,294.4656199,381.06,0,-8,294.781,297.0253,,,,180.5906,186.6222,88.17862,91.24216,0,18.31366,80.2,77.5,33.63993008,,33.64031788,,-2.4,-1.9,-30,-1.9942,-1.5719,-1.0417,,-0.09424778,7.1,110,255.5,119,266.2,18.6,11.2,18.4,12.9,0,,2972.89,0.35
underway_1200.33986483,33986483,201011040,2011-03-27T04:20:00,20110327042000,MULTIPOINT ((-63.5249 94.8725)),94.8725,-63.5249,254.8,,255.62438965,,12.5,,,,,21.622,350,988.43,,,27.9248574,,39.84,5.68,2.091,,294.0183351,380.4,0,-8,295.6827,296.8085,,,,161.1609,166.913,77.15629,80.71421,0,18.26981,80.8,78.3,33.60854455,,33.60642278,,-2.2,-2,-30,-2.0176,-1.6197,-0.9991,,-0.07402469,7.1,127,275.3,135,284.8,17.9,14.2,17.1,15.4,0,,2878.46,0.36
underway_1200.33986603,33986603,201011040,2011-03-27T04:40:00,20110327044000,MULTIPOINT ((-63.5437 94.7189)),94.7189,-63.5437,253.8,,254.83886719,,12.7,,,,,21.622,470,988.58,,,27.90957,,39.83,0.504,2.3862,4.05,294.9551945,381.91,0,-8,296.3946,296.5918,,,,215.9464,226.0408,106.5492,112.298,0,18.25969,80.1,77.5,33.65692922,,33.65625213,,-2.4,-2.2,-30,-2.0831,-1.6675,-1.0779,,-0.13760508,7.1,110,272.8,116,282.7,15.2,9,14.3,9.9,0,,2829.79,0.29
underway_1200.33986723,33986723,201011040,2011-03-27T05:00:00,20110327050000,MULTIPOINT ((-63.5632 94.5661)),94.5661,-63.5632,252.4,,254.39941406,,12.5,,,,,21.622,670,989.03,,,27.86588133,,39.84,2.975,1.9762,4.053,295.20962571,382.21,0,-8,295.0322,296.5917,,,,329.0105,343.0647,169.009,175.4704,0,18.23271,79.3,76.9,33.67088979,,33.66953005,,-2.7,-2.4,-30,-2.1619,-1.6675,-1.136,,-0.20221525,7.1,108,256.7,116,281,17.8,10.6,14.1,10,0,,2694.67,0.25
underway_1200.33986843,33986843,201011040,2011-03-27T05:20:00,20110327052000,MULTIPOINT ((-63.5833 94.4138)),94.4138,-63.5833,249.7,,252.10876465,,12.7,,,,,21.622,680,988.97,,,27.87352532,,39.81,8.025,1.8286,4.059,295.56358968,382.79,0,-8,294.946,296.8807,,,,307.6813,322.1236,157.9867,163.1832,0,18.21585,79.2,76.8,33.67146258,,33.64878018,,-2.7,-2.4,-30,-2.181,-1.6038,-1.0911,,-0.17424143,7.1,121,299.1,127,304.4,11.6,10.4,11,11.3,0,,2786.42,0.27
underway_1200.33986963,33986963,201011040,2011-03-27T05:40:00,20110327054000,MULTIPOINT ((-63.6082 94.2638)),94.2638,-63.6082,250.2,,249.23583984,,12.8,,,,,21.622,720,989.19,,,27.8942781,,39.82,4.471,1.722,4.066,295.0363475,382.11,0,-8,294.905,297.3414,,,,315.0061,339.3692,161.6608,175.4657,204.8535,18.21248,79.7,77.5,33.65547216,,33.65082396,,-2.9,-2.7,-30,-2.414,-1.7394,-1.0928,,-0.15110017,7.1,124,292.6,132,299.6,14,12.2,13.3,13.4,0,,2841.6,0.3
underway_1200.33987083,33987083,201011040,2011-03-27T06:00:00,20110327060000,MULTIPOINT ((-63.6303 94.1113)),94.1113,-63.6303,251.8,,252.89428711,,12.9,,,,,21.622,980,989.33,,,27.88881576,,39.84,0.063,1.5908,4.06,294.68459528,381.41,0,-8,291.1775,288.6448,,,,449.4342,489.6525,236.9801,259.7006,0,18.20573,80.2,78.5,33.63504419,,33.63717273,,-3.2,-3,-30,-2.571,-2.2369,-1.0748,,-0.1453162,7.1,151,320.7,155,321.3,9.1,14.4,9.4,15.2,0,,2992,0.3
underway_1200.33987203,33987203,201011040,2011-03-27T06:20:00,20110327062000,MULTIPOINT ((-63.6552 93.9594)),93.9594,-63.6552,249.5,,250.4498291,,13,,,,,21.622,1060,989.4,,,27.84403577,,39.8,0.798,1.6154,,296.03339385,383.13,0,-8,283.6969,284.6573,,,,394.3473,429.9087,207.5872,224.5964,0,18.19224,80.8,79,33.65963869,,33.65963869,,-3.5,-3.2,-30,-2.8916,-2.4066,-1.1617,,-0.21958464,7.1,151,311.8,157,313.8,11.9,16.2,12.1,17.2,0,,3111.83,0.25
underway_1200.33987323,33987323,201011040,2011-03-27T06:40:00,20110327064000,MULTIPOINT ((-63.6804 93.8062)),93.8062,-63.6804,254.3,,255.39916992,,13.1,,,,,21.622,870,989.78,,,27.84294472,,39.79,-0.113,1.4596,4.054,296.31944052,383.72,0,-8,291.7713,291.6883,,,,333.8435,351.6875,172.6831,182.4914,0,18.16526,81.1,79.1,33.67527449,,33.67420576,,-3.4,-3.1,-30,-2.8884,-2.2772,-1.1669,,-0.23406283,7.1,143,302,150,306.1,13.8,15.4,13.6,16.5,0,,3231.74,0.24
underway_1200.33987443,33987443,201011040,2011-03-27T07:00:00,20110327070000,MULTIPOINT ((-63.7001 93.6495)),93.6495,-63.7001,253.8,,256.13525391,,12.9,,,,,21.622,1040,989.91,,,27.85059366,,39.82,4.361,1.517,4.059,296.11845143,383.55,0,-8,289.9737,292.0512,,,,393.4136,429.2928,209.4242,228.114,0,18.15514,81.3,79.2,33.71397358,,33.71436038,,-3.4,-3.1,-30,-2.8398,-2.1966,-1.2105,,-0.2610978,7.1,137,299.9,145,304.6,12.9,13.6,12.6,14.8,0,,3286.71,0.2
underway_1200.33987563,33987563,201011040,2011-03-27T07:20:00,20110327072000,MULTIPOINT ((-63.7205 93.4943)),93.4943,-63.7205,252.6,,252.62512207,,12.9,,,,,21.622,1300,990.09,,,27.83966329,,39.74,0.038,1.4268,4.066,296.98248027,384.35,0,-8,290.4102,289.9137,,,,409.9784,449.0021,224.1207,240.3956,0,18.13828,80.8,78.4,33.60981826,,33.61649439,,-3.3,-2.9,-30,-2.7422,-1.9555,-1.0857,,-0.18581528,7.1,134,301.3,140,305.6,12.5,13,12.2,14,0,,3322.1,0.28
underway_1200.33987683,33987683,201011040,2011-03-27T07:40:00,20110327074000,MULTIPOINT ((-63.7433 93.3414)),93.3414,-63.7433,250.8,,251.87255859,,12.9,,,,,21.622,1220,990.37,,,27.99913365,,39.74,0.406,1.0004,4.057,295.22364554,382.1,0,-8,292.5705,292.7039,,,,311.5453,335.6737,165.3349,178.98,0,18.1349,81.7,79.8,33.63386807,,33.63916587,,-3.2,-2.9,-30,-2.7098,-2.0518,-0.8485,,-0.01435668,7.1,146,303.5,154,308.5,13.9,16.5,13.6,17.7,0,,3323.9,0.42
underway_1200.33987803,33987803,201011040,2011-03-27T08:00:00,20110327080000,MULTIPOINT ((-63.7652 93.1876)),93.1876,-63.7652,251.9,,252.75695801,,12.8,,,,,21.622,1560,990.6,,,28.09416509,,39.76,,1.0824,4.051,293.98602256,380.39,0,-8,260.293,261.6722,,,,311.5453,334.4419,165.3349,175.4846,0,18.1113,80.8,78.5,33.68377709,,33.6823328,,-3.2,-2.9,-30,-2.7179,-2.0196,-0.9351,,0.06062852,7.1,155,311.1,161,314,12.6,16.8,12.7,17.9,0,,3596.97,0.48
underway_1200.33987923,33987923,201011040,2011-03-27T08:20:00,20110327082000,MULTIPOINT ((-63.7901 93.0363)),93.0363,-63.7901,248.1,,248.68652344,,12.9,,,,,21.622,1900,991.17,,,28.02754537,,39.81,3.448,1.107,,294.55322107,381.72,0,-8,252.5677,257.675,,,,253.8872,275.314,132.2679,143.8871,0,18.1113,80.7,78.7,33.79596016,,33.79390634,,-3,-2.8,-30,-2.4186,-1.7154,-1.0536,,-0.12025854,7.1,132,293.8,140,299.5,15.5,15.3,15.2,16.7,0,,3439.33,0.33
underway_1200.33988043,33988043,201011040,2011-03-27T08:40:00,20110327084000,MULTIPOINT ((-63.8168 92.8873)),92.8873,-63.8168,248.2,,248.79089355,,12.8,,,,,21.622,6600,991.25,,,27.87681315,,39.83,5.305,1.5498,4.058,296.13323191,383.76,0,-8,225.5091,231.3421,,,,476.5561,520.1402,236.9801,291.2797,-204.8582,18.0978,80.2,78.1,33.7800011,,33.78476481,,-3,-2.7,-30,-2.3864,-1.5958,-1.2242,,-0.29297553,7.1,131,299.7,138,304.4,13,13.4,12.6,14.4,0,,3627.1,0.17
underway_1200.33988163,33988163,201011040,2011-03-27T09:00:00,20110327090000,MULTIPOINT ((-63.8419 92.739)),92.739,-63.8419,251.6,,251.96594238,,12.8,,,,,21.622,9990,991.22,,,27.83857985,,39.8,,1.517,4.056,296.98493314,384.66,0,-8,225.4471,228.0976,,,,366.018,443.1509,229.6318,277.2359,0,18.08431,80.1,77.7,33.72335072,,33.72403609,,-3,-2.7,-30,-1.9529,-1.1278,-1.1898,,-0.28427998,7.1,135,303.3,141,307.1,12.4,13.3,12.1,14.3,0,,3330.01,0.16
underway_1200.33988283,33988283,201011040,2011-03-27T09:20:00,20110327092000,MULTIPOINT ((-63.8651 92.587)),92.587,-63.8651,250.7,,251.87805176,,12.8,,,,,21.622,4370,991.4,,,27.96527708,,39.75,0.165,1.5334,4.055,296.24334684,383.56,0,-8,218.7575,221.4076,,,,162.1393,169.3766,108.3862,101.7701,0,18.07082,79.7,77.2,33.68567106,,33.68238312,,-3,-2.8,-30,-2.3194,-1.8914,-1.0356,,-0.09424778,7.1,135,308.1,141,310.5,11,12.9,10.9,13.8,0,,3110.4,0.31
underway_1200.33988403,33988403,201011040,2011-03-27T09:40:00,20110327094000,MULTIPOINT ((-63.889 92.4332)),92.4332,-63.889,250.5,,251.38916016,,13,,,,,21.622,3760,991.48,,,27.97620158,,39.75,3.433,1.6728,4.062,295.95652893,383.23,0,-8,231.9967,233.6186,,,,243.3704,276.5458,157.9867,185.9936,0,18.07082,80.3,78.4,33.70472873,,33.70540749,,-3,-2.7,-30,-2.288,-2.0438,-0.9425,,-0.10195354,7.1,131,306,137,308.4,11.3,12.3,11.2,13.3,0,,3179.19,0.33
underway_1200.33988523,33988523,201011040,2011-03-27T10:00:00,20110327100000,MULTIPOINT ((-63.9135 92.2801)),92.2801,-63.9135,250.2,,251.21337891,,12.9,,,,,21.622,4300,991.65,,,27.99040009,,39.77,-2.595,2.0172,4.058,295.09877332,382.07,0,-8,231.1549,232.2758,,,,181.2414,203.5599,132.2679,154.4098,0,18.07082,80.5,78.5,33.69272301,,33.69446384,,-3.1,-2.9,-30,-2.4753,-2.3419,-0.9809,,-0.07498754,7.1,146,318.3,152,319.5,9.4,14.1,9.5,15,0,,3308.54,0.37
underway_1200.33988643,33988643,201011040,2011-03-27T10:20:00,20110327102000,MULTIPOINT ((-63.9373 92.1259)),92.1259,-63.9373,250.9,,251.53198242,,12.8,,,,,21.622,1550,991.77,,,27.99804836,,39.75,2.01,2.3944,,295.79157495,382.98,0,-8,243.3855,248.1092,,,,134.4169,149.0514,84.50452,91.24216,0,18.05733,,79.6,33.72377592,,33.72377592,,,-2.8,-30,-2.6686,-2.4066,-1.0334,,-0.09232148,7.1,136,306.8,142,309.9,11.5,12.9,11.4,14,0,,3426.05,0.34
underway_1200.33988763,33988763,201011040,2011-03-27T10:40:00,20110327104000,MULTIPOINT ((-63.962 91.9736)),91.9736,-63.962,251.8,,252.42736816,,12.9,,,,,21.622,900,991.96,,,27.98712575,,39.74,-1.426,2.8864,4.055,296.11059662,383.59,0,-8,239.3499,242.9905,,,,94.91884,102.8578,55.11164,59.65834,0,18.05059,81.2,79.7,33.7248612,,33.72418115,,-3.1,-3.1,-30,-2.895,-2.829,-1.085,,-0.10580677,7.1,148,325.9,152,324.6,7.5,13.3,8.1,14,0,,3563.96,0.33
underway_1200.33988883,33988883,201011040,2011-03-27T11:00:00,20110327110000,MULTIPOINT ((-63.9845 91.8178)),91.8178,-63.9845,251.9,,252.2845459,,13.1,,,,,21.622,410,992.24,,,27.8309388,,39.76,1.122,4.2066,4.065,298.02752411,386.29,0,-8,252.7117,256.3806,,,,62.43217,64.67108,36.7411,38.60245,0,18.05733,81,79.8,33.7789461,,33.7804077,,-3.1,-3,-30,-3.0616,-2.9597,-1.2343,,-0.34420729,7.1,122,329,127,326.8,6.7,10.2,7,10.7,0,,3456.16,0.13
underway_1200.33989003,33989003,201011040,2011-03-27T11:20:00,20110327112000,MULTIPOINT ((-64.0027 91.6586)),91.6586,-64.0027,251.7,,252.89428711,,12.8,,,,,21.622,90,992.56,,,27.8069036,,39.81,4.122,4.5428,4.053,297.30756897,385.14,0,-8,253.2606,257.1618,,,,26.43945,27.71618,12.85938,12.28348,0,18.05733,,79.4,33.70822753,,33.70530841,,,-3.1,-30,-3.1644,-3.0252,-1.1594,,-0.3055379,5.23,123,330.9,128,328,6.1,10.1,6.6,10.6,0,,3452.3,0.12
underway_1200.33989123,33989123,201011040,2011-03-27T11:40:00,20110327114000,MULTIPOINT ((-64.0262 91.5036)),91.5036,-64.0262,250.6,,252.64160156,,13,,,,,21.622,0,992.63,,,27.92050122,,39.76,-1.233,4.8626,4.056,297.08999426,385.02,0,-8,254.0069,258.0886,,,,11.14932,11.70238,1.837055,1.754823,-204.8729,18.07082,81.1,80.2,33.76117366,,33.76263001,,-3.1,-3,-30,-3.223,-3.0579,-1.2296,,-0.22054975,5.83,127,331.5,132,328.6,5.8,10.8,6.3,11.3,0,,3553.36,0.21
underway_1200.33989243,33989243,201011040,2011-03-27T12:00:00,20110327120000,MULTIPOINT ((-64.047 91.3468)),91.3468,-64.047,253.7,,254.21813965,,12.8,,,,,21.622,0,992.96,,,27.85497166,,39.84,3.955,5.1168,4.057,296.80254954,384.91,0,-8,241.2934,245.6755,,,,4.459749,4.927321,0,1.754865,0,18.07082,80.7,79.4,33.8261888,,33.82549525,,-3.1,-3.1,-30,-3.363,-3.1892,-1.2685,,-0.35581279,5.48,152,339,155,334.9,4.8,12.7,5.8,13.2,0,,3486.77,0.09
underway_1200.33989363,33989363,201011040,2011-03-27T12:20:00,20110327122000,MULTIPOINT ((-64.0712 91.1949)),91.1949,-64.0712,247.1,,247.44506836,,12.9,,,,,21.622,0,993.04,,,27.76322271,,39.97,2.074,4.9282,4.068,295.09993866,382.84,0,-8,260.2905,262.7293,,,,2.548428,2.46366,-1.837055,-1.754935,0,18.07082,81,79.8,33.8082736,,33.80503144,,-3.1,-3.1,-30,-3.3959,-3.2221,-1.3183,,-0.44776622,5.11,132,337.7,136,333.4,4.7,11.7,5.6,12.1,0,,3452.28,0.02
underway_1200.33989483,33989483,201011040,2011-03-27T12:40:00,20110327124000,MULTIPOINT ((-64.0979 91.0465)),91.0465,-64.0979,247.8,,247.70874023,,12.6,,,,,21.622,0,993.04,,,27.76758892,,39.89,1.808,5.2808,4.062,296.54033705,384.45,0,-8,238.3074,241.63,,,,1.911321,2.155703,-1.837055,-1.754929,0,18.05733,80.9,79.9,33.76987577,,33.77203221,,-3.1,-3.1,-30,-3.3548,-3.1317,-1.3331,,-0.41290471,5.05,142,335.1,144,331.2,5.5,12.4,6.4,12.8,0,,3507.42,0.04
underway_1200.33989603,33989603,201011040,2011-03-27T13:00:00,20110327130000,MULTIPOINT ((-64.1173 90.9339)),90.9339,-64.1173,248.6,,247.15942383,,5.8,,,,,21.622,0,993.15,,,27.81674033,,39.91,5.592,5.2644,4.048,295.73017368,383.28,0,-8,234.2407,238.1473,,,,1.911321,2.46366,-1.837055,-1.754949,0,18.05733,80.4,78.7,33.78977836,,33.78723853,,-3.1,-2.9,-30,-3.363,-3.1892,-1.3062,,-0.36742046,5.95,117,279.9,125,287.2,7.6,5.6,7.4,6.3,0,,3417.38,0.07
underway_1200.33989723,33989723,201011040,2011-03-27T13:20:00,20110327132000,MULTIPOINT ((-64.1422 90.7948)),90.7948,-64.1422,246.5,,247.51098633,,11.5,,,,,21.622,0,993.16,,,27.93906269,,39.87,1.991,2.8864,4.055,294.2263218,381.09,0,-8,242.301,245.8196,,,,1.911321,2.155703,-1.837055,-1.754949,0,18.05733,80.1,78.8,33.68103359,,33.67948597,,-3,-3,-30,-3.363,-3.1564,-1.028,,-0.12314929,5.83,136,333.7,140,330.1,4.9,10.8,5.7,11.3,0,,3491.38,0.28
underway_1200.33989843,33989843,201011040,2011-03-27T13:40:00,20110327134000,MULTIPOINT ((-64.1641 90.6821)),90.6821,-64.1641,245.4,,247.33520508,,9.8,,,,,21.622,0,992.9,,,27.90520893,,39.91,5.504,3.8048,4.057,294.48078165,381.62,0,-8,247.3387,250.5589,,,,1.911321,2.46366,-1.837055,-1.754949,0,18.05733,79.8,78.8,33.75226379,,33.75294919,,-3,-2.9,-30,-3.363,-3.0579,-1.2465,,-0.23020165,5.97,127,311.9,133,313.1,7.3,9.1,7.4,9.8,0,,3525.63,0.18
underway_1200.33989963,33989963,201011040,2011-03-27T14:00:00,20110327140000,MULTIPOINT ((-64.1857 90.5762)),90.5762,-64.1857,244.9,,247.67028809,,9.1,,,,,21.622,0,993,,,27.93251791,,39.92,2.603,3.7966,4.052,293.94810747,380.99,0,-8,235.3579,238.8422,,,,1.911321,2.155703,-1.837055,-1.754949,0,17.81787,79.4,77.8,33.79297085,,33.78615286,,-3,-2.9,-30,-3.3384,-3.0334,-0.9887,,-0.22730592,6.03,121,321.9,126,320.9,5.3,7.7,5.5,8.2,0,,3554.25,0.2
underway_1200.33990083,33990083,201011040,2011-03-27T14:20:00,20110327142000,MULTIPOINT ((-64.207 90.4706)),90.4706,-64.207,244.6,,246.86828613,,9,,,,,21.622,0,992.92,,,28.29515256,,39.84,4.919,1.1316,4.048,290.25800789,375.9,0,-8,243.6009,246.2591,,,,1.911321,2.46366,-1.837055,-1.754912,204.8833,18.05733,79.4,78.1,33.73171345,,33.72778771,,-3,-2.8,-30,-3.2973,-3.0579,-0.6424,,0.26014964,5.94,131,319.4,137,319.1,5.8,8.7,6,9.3,0,,3573.68,0.65
underway_1200.33990203,33990203,201011040,2011-03-27T14:40:00,20110327144000,MULTIPOINT ((-64.2276 90.3642)),90.3642,-64.2276,247.2,,249.30175781,,9.1,,,,,21.622,0,992.73,,,28.31590891,,39.83,,1.3284,4.065,290.2302877,375.59,0,-8,249.7921,252.8189,,,,1.911321,2.155703,-1.837055,-1.754948,0,18.07082,80.1,79,33.72501328,,33.75402727,,-2.9,-2.7,-30,-3.2645,-3.0334,-0.6623,,0.26110734,6.2,115,304.7,120,307.1,7.3,7,7.1,7.6,0,,3593.54,0.67
underway_1200.33990323,33990323,201011040,2011-03-27T15:00:00,20110327150000,MULTIPOINT ((-64.2471 90.2563)),90.2563,-64.2471,248.1,,249.63134766,,9.1,,,,,21.622,0,992.75,,,28.28532332,,39.8,0.779,1.23,4.057,290.8932422,376.65,0,-8,247.4849,250.56,,,,1.911321,2.155703,-1.837055,-1.754913,0,18.10455,79.7,78.5,33.74540786,,33.74751665,,-3,-2.9,-30,-3.3302,-3.0579,-0.6851,,0.23045372,7.1,104,314.3,109,315.5,6.4,5.5,6.2,6,0,,3620.9,0.66
underway_1200.33990443,33990443,201011040,2011-03-27T15:20:00,20110327152000,MULTIPOINT ((-64.2658 90.148)),90.148,-64.2658,248.3,,249.65332031,,9,,,,,21.622,0,992.72,,,28.07560813,,39.84,3.872,3.977,4.053,293.65014658,380.45,0,-8,242.1608,245.0021,,,,1.911294,1.847745,-1.837055,-1.754912,0,18.11804,79.4,77.9,33.82497073,,33.82573673,,-3,-2.9,-30,-3.3946,-3.0989,-1.2015,,-0.09135836,7.1,86,331,90,327.4,5.9,3.9,5.9,4.2,0,,3626.63,0.35
underway_1200.33990563,33990563,201011040,2011-03-27T15:40:00,20110327154000,MULTIPOINT ((-64.2826 90.04)),90.04,-64.2826,249.8,,252.30651855,,9,,,,,21.622,0,992.99,,,27.72936492,,39.93,,5.412,4.05,296.11919084,384.4,0,-8,239.7098,242.1562,,,,1.91128,1.847745,-1.837055,-1.754927,0,18.12478,78.9,77.5,33.81757795,,33.81688048,,-2.9,-3,-30,-3.4927,-3.255,-1.5031,,-0.49912573,7.1,72,356.4,79,350.4,4.1,4.9,4.1,5,0,,3675.84,0
underway_1200.33990683,33990683,201011040,2011-03-27T16:00:00,20110327160000,MULTIPOINT ((-64.2988 89.9324)),89.9324,-64.2988,251.2,,252.15270996,,8.8,,,,,21.622,0,993,,,27.69987568,,40.02,-1.588,5.2234,4.048,295.05692231,382.81,0,-8,251.096,253.5801,,,,1.911232,1.847745,-1.837055,-1.754902,0,18.13828,78.7,77.6,33.81660763,,33.82272798,,-2.9,-2.9,-30,-3.4244,-3.3456,-1.4929,,-0.53985588,7.1,36,8.9,59,1.6,2.3,7,2,6.9,0,,3703.07,-0.06
underway_1200.33990803,33990803,201011040,2011-03-27T16:20:00,20110327162000,MULTIPOINT ((-64.3145 89.8251)),89.8251,-64.3145,251.9,,252.08129883,,9,,,,,21.622,0,993.08,,,27.70205789,,39.99,3.159,5.3874,4.047,295.57047775,383.45,0,-8,261.7751,264.2458,,,,1.911312,2.46366,-1.837055,-1.754794,0,18.13828,78.6,77.6,33.80004304,,33.7953258,,-2.9,-2.9,-30,-3.2887,-3.1235,-1.4803,,-0.51269948,7.1,26,13.2,37,8.1,2.6,7.3,2.2,7.2,0,,3654.14,-0.05
underway_1200.33990923,33990923,201011040,2011-03-27T16:40:00,20110327164000,MULTIPOINT ((-64.3296 89.7168)),89.7168,-64.3296,252.1,,252.92175293,,8.9,,,,,21.622,0,993.03,,,27.67803076,,40.07,0.864,4.7724,4.057,294.43824682,381.98,0,-8,269.4827,270.2056,,,,1.911321,2.46366,-1.837055,-1.754823,0,18.15177,78.6,77.5,33.81175975,,33.81284458,,-2.8,-2.8,-30,-3.1416,-2.9924,-1.4902,,-0.55731984,7.1,7,20.1,13,15.3,3.2,8,2.5,7.8,0,,3573.23,-0.09
underway_1200.33991043,33991043,201011040,2011-03-27T17:00:00,20110327165959,MULTIPOINT ((-64.345 89.6068)),89.6068,-64.345,252.1,,252.06481934,,9.1,,,,,21.622,0,993.04,,,27.69441353,,40.06,5.256,4.6248,4.042,294.39860033,381.98,0,-8,258.6552,260.8238,,,,1.911321,2.155703,-1.837055,-1.754741,0,18.15177,78.5,77.4,33.8099571,,33.80887318,,-2.8,-2.8,-30,-3.0844,-2.927,-1.5102,,-0.53403565,7.1,19,14,30,8.8,2.6,7.8,2,7.7,0,,3511.3,-0.07
underway_1200.33991163,33991163,201011040,2011-03-27T17:20:00,20110327171959,MULTIPOINT ((-64.3605 89.4966)),89.4966,-64.3605,254.6,,254.17419434,,9,,,,,21.622,0,993.12,,,27.78397029,,40.02,0.308,3.5096,4.058,293.56116786,380.53,0,-8,257.5747,259.6776,,,,1.592768,2.155703,-1.837055,-1.754684,0,18.15177,79,78.1,33.72899847,,33.74766736,,-2.8,-2.8,-30,-3.1007,-2.9433,-1.186,,-0.37129017,7.1,34,12.7,46,8.4,2.4,7.2,2.1,7.1,0,,3515.44,0.08
underway_1200.33991283,33991283,201011040,2011-03-27T17:40:00,20110327173959,MULTIPOINT ((-64.3757 89.3845)),89.3845,-64.3757,252.6,,252.19116211,,9.3,,,,,21.622,0,993.07,,,27.90629894,,39.98,4.186,3.2226,4.062,292.79317122,379.19,0,-8,269.9569,272.9425,,,,1.911321,2.155703,-1.837055,-1.754753,0,18.15177,79.7,78.9,33.72512464,,33.72551084,,-2.7,-2.7,-30,-3.0353,-2.8616,-1.168,,-0.20414495,7.1,56,6.2,74,359.1,2.6,6.8,2.5,6.8,0,,3559.72,0.21
underway_1200.33991403,33991403,201011040,2011-03-27T18:00:00,20110327175959,MULTIPOINT ((-64.3912 89.2703)),89.2703,-64.3912,252.3,,252.4987793,,9.3,,,,,21.622,0,993.14,,,27.80799682,,40.01,1.158,3.6654,4.062,293.18648943,379.69,0,-8,279.7529,281.196,,,,1.911321,2.46366,-1.837055,-1.754729,0,18.15177,79.9,78.5,33.71534868,,33.71749456,,-2.6,-2.6,-30,-2.8723,-2.6986,-1.2,,-0.315203,7.1,13,19,22,15.2,3.2,8.1,2.8,7.8,0,,3621.15,0.13
underway_1200.33991523,33991523,201011040,2011-03-27T18:20:00,20110327181959,MULTIPOINT ((-64.4072 89.156)),89.156,-64.4072,251.8,,252.58117676,,9.3,,,,,21.622,0,993.16,,,27.63761235,,40.13,-0.191,3.0176,4.056,293.07503398,380.09,0,-8,279.0726,280.5592,,,,1.911321,1.847745,-1.837055,-1.754659,204.8537,18.15177,79.6,78.2,33.72921456,,33.72597123,,-2.6,-2.6,-30,-2.7991,-2.6011,-1.5208,,-0.52821597,7.1,45,13.3,54,8,3.5,6.5,3.2,6.4,0,,3644.72,-0.06
underway_1200.33991643,33991643,201011040,2011-03-27T18:40:00,20110327183959,MULTIPOINT ((-64.4267 89.0449)),89.0449,-64.4267,236,,228.74084473,,9.3,,,,,21.622,0,992.88,,,27.58518795,,40.1,2.023,3.7392,4.049,294.37962234,381.69,0,-8,281.1968,282.709,,,,1.911321,2.46366,-1.837055,-1.754694,-204.8579,18.15177,80.4,78.9,33.73548783,,33.73548783,,-2.6,-2.6,-30,-2.7748,-2.6011,-1.5834,,-0.6000302,7.1,49,9.7,60,4.3,3,6.3,3,6.3,0,,3692,-0.12
underway_1200.33991763,33991763,201011040,2011-03-27T19:00:00,20110327185959,MULTIPOINT ((-64.4642 88.9637)),88.9637,-64.4642,238.9,,238.02429199,,9.1,,,,,21.622,0,992.82,,,27.53385547,,40.07,4.545,4.5018,4.055,295.70125786,383.56,0,-8,284.365,284.8225,,,,1.911321,1.847745,-1.837055,-1.754658,0,18.15851,81,79.8,33.73676896,,33.7356827,,-2.7,-2.7,-30,-2.7422,-2.6092,-1.6338,,-0.66220686,7.1,42,17.2,46,13.1,4.9,4.7,4.8,4.6,0,,3690.11,-0.18
underway_1200.33991883,33991883,201011040,2011-03-27T19:20:00,20110327191959,MULTIPOINT ((-64.4796 88.8517)),88.8517,-64.4796,265.1,,265.74279785,,9.2,,,,,21.623,0,992.84,,,27.53713209,,40.04,1.675,4.3214,4.064,296.4163606,384.57,0.001,-8,288.3951,288.8676,,,,1.911321,2.46366,-1.837055,-1.754657,0,18.20573,82.5,81.5,33.73902058,,33.73684814,,-2.7,-2.7,-30,-2.7422,-2.6661,-1.6557,,-0.65929094,7.1,19,31.9,23,31.3,5,8.4,4.9,8,0,,3498.86,-0.19
underway_1200.33992003,33992003,201011040,2011-03-27T19:40:00,20110327193959,MULTIPOINT ((-64.4806 88.7344)),88.7344,-64.4806,270.9,,270.51635742,,9.2,,,,,21.623,0,992.78,,,27.5032775,,40.08,0.982,4.4936,4.059,296.39117072,384.68,0.002,-8,291.5522,291.509,,,,1.911321,1.847745,0,-1.754657,204.8535,18.19561,87.2,85.2,33.7737792,,33.77159923,,-3,-3,-30,-2.9375,-2.7964,-1.6902,,-0.73125706,2.49,32,37.2,37,40.4,5.5,7.9,5.9,7.4,0,,3368.36,-0.26
underway_1200.33992123,33992123,201011040,2011-03-27T20:00:00,20110327195959,MULTIPOINT ((-64.4871 88.6172)),88.6172,-64.4871,258,,257.43164062,,9.4,,,,,21.624,0,992.75,,,27.62887245,,40.13,3.538,1.7466,4.053,293.14382018,380.04,0.002,-8,291.1515,290.9252,,,,1.911321,2.46366,-1.837055,-1.754657,0,18.19224,89.2,88.9,33.6987952,,33.6969384,,-3,-3.2,-30,-3.0272,-2.927,-1.4533,,-0.51269948,1.71,46,48.4,47,55.6,7,5,7.7,4.7,71,,3388.67,-0.06
underway_1200.33992243,33992243,201011040,2011-03-27T20:20:00,20110327201959,MULTIPOINT ((-64.4978 88.4996)),88.4996,-64.4978,258,,257.37121582,,9.4,,,,,21.625,0,992.58,,,27.65508523,,40.18,-1.07,1.7466,4.05,291.56478436,377.93,0.001,-8,294.1378,293.7481,,,,1.911321,2.46366,0,-1.754657,0,18.19224,89.7,90.5,33.69547585,,33.69763251,,-2.9,-3.2,-30,-3.0353,-3.0169,-1.4235,,-0.48167812,2.77,54,66,57,73.5,8.6,3.7,9,3.3,71,,3444.07,-0.01
underway_1200.33992363,33992363,201011040,2011-03-27T20:40:00,20110327203959,MULTIPOINT ((-64.5091 88.3817)),88.3817,-64.5091,256.2,,257.33276367,,9.5,,,,,21.626,0,992.42,,,27.66600511,,40.16,4.17,1.7138,4.056,291.89128494,378.16,0.008,-8,296.5899,297.4478,,,,1.911321,1.847745,-1.837055,-1.754657,-204.8535,18.19224,91.3,91.7,33.67174392,,33.67135497,,-2.8,-3,-30,-2.9375,-2.9106,-1.3737,,-0.44486035,1.75,54,81.2,56,92.2,9.8,3.8,10.4,3.6,71,,3549.72,0
underway_1200.33992483,33992483,201011040,2011-03-27T21:00:00,20110327210000,MULTIPOINT ((-64.5243 88.2659)),88.2659,-64.5243,250.1,,252.08129883,,9.3,,,,,21.628,0,992.3,,,27.75338424,,40.13,1.938,1.763,4.059,291.44854981,377.54,0.007,-8,299.1506,296.7378,,,,1.911321,2.155703,-1.837055,-1.754657,204.8535,18.21585,93.5,92.5,33.70388341,,33.70027261,,-2.6,-2.9,-30,-2.8154,-2.829,-1.3489,,-0.3654857,1.58,53,111.8,55,123,11.3,3.7,11.9,3.8,71,,3544.23,0.08
underway_1200.33992603,33992603,201011040,2011-03-27T21:20:00,20110327211959,MULTIPOINT ((-64.5413 88.1519)),88.1519,-64.5413,250.1,,252.17468262,,9.4,,,,,21.629,0,992.17,,,27.7413695,,40.15,,1.8532,4.058,291.07030127,377.15,0.003,-8,298.0441,298.2505,,,,1.911321,2.155703,-1.837055,-1.754657,0,18.21922,93.1,92.9,33.69746886,,33.69600641,,-2.1,-2.8,-30,-2.6126,-2.7312,-1.3226,,-0.37612764,1.74,54,116.2,54,123.4,11.6,3.7,12.2,4,71,,3456.73,0.08
underway_1200.33992723,33992723,201011040,2011-03-27T21:40:00,20110327213959,MULTIPOINT ((-64.5576 88.0373)),88.0373,-64.5576,259.6,,262.29858398,,9.3,,,,,21.631,0,991.97,,,27.58081761,,40.13,0.224,2.4518,4.064,293.47467029,380.47,0.006,-8,298.5884,298.2505,,,,1.911321,2.155703,0,-1.754657,0,18.21922,92.2,93.8,33.71257395,,33.71551681,,-2.5,-2.9,-30,-2.4912,-2.7312,-1.5802,,-0.58740818,1.56,38,78.3,47,96.3,10.8,7.3,12.3,6.8,71,,3370.16,-0.09
underway_1200.33992843,33992843,201011040,2011-03-27T22:00:00,20110327215959,MULTIPOINT ((-64.5674 87.9194)),87.9194,-64.5674,259.4,,260.86486816,,9.3,,,,,21.637,0,991.71,,,27.51746787,,40.13,1.061,3.0258,4.044,293.92832204,381.18,0.027,-8,300.7847,298.3964,,,,1.911321,2.155701,-1.837055,-1.754657,0,18.22259,93,93.7,33.67236468,,33.67344754,,-2.2,-2.8,-30,-2.4509,-2.6986,-1.5823,,-0.62625339,1.22,60,131.3,50,117.7,14.6,6.5,15.6,8.7,71,,3291.08,-0.12
underway_1200.33992963,33992963,201011040,2011-03-27T22:20:00,20110327222000,MULTIPOINT ((-64.5773 87.8005)),87.8005,-64.5773,259,,260.73303223,,9.4,,,,,21.645,0,991.56,,,27.50217799,,40.1,-0.275,3.7474,,294.99183768,382.43,0.024,-8,300.5671,298.1203,,,,1.911321,2.155622,-1.837055,-1.754657,0,18.23271,93.1,94,33.67951657,,33.67990649,,-2.4,-3,-30,-2.4993,-2.7603,-1.6012,,-0.650544,1.41,54,113.1,50,112.6,13.3,6.4,14.5,7.9,71,,3426.45,-0.16
underway_1200.33993083,33993083,201011040,2011-03-27T22:40:00,20110327224000,MULTIPOINT ((-64.5917 87.685)),87.685,-64.5917,252.4,,253.49853516,,9.3,,,,,21.65,0,991.31,,,27.49453034,,40.05,4.545,3.6982,4.048,295.81367154,383.49,0.008,-8,301.8006,298.2554,,,,1.911282,2.463631,-1.837055,-1.754657,0,18.25969,93.8,94.8,33.64901267,,33.64901267,,-2.1,-2.8,-30,-2.449,-2.7301,-1.5938,,-0.63208227,2.7,58,136.9,48,126.2,13.4,5,15.3,7.8,71,,3532.63,-0.14
underway_1200.33993203,33993203,201011040,2011-03-27T23:00:00,20110327230000,MULTIPOINT ((-64.6076 87.5705)),87.5705,-64.6076,250.7,,253.11950684,,9.3,,,,,21.651,0,990.95,,,27.48470168,,40.06,1.105,3.1488,4.053,295.96021086,383.64,0.001,-8,302.1325,296.2168,,,,1.911256,1.847715,-1.837055,-1.754657,0,18.27318,93.7,95.3,33.65740853,,33.65957526,,-2.2,-2.9,-30,-2.3752,-2.7052,-1.6287,,-0.65345951,3.05,55,130.3,49,124.9,13.4,5.3,14.8,7.2,71,,3497.47,-0.17
underway_1200.33993323,33993323,201011040,2011-03-27T23:20:00,20110327232000,MULTIPOINT ((-64.6232 87.4553)),87.4553,-64.6232,253.7,,256.64611816,,9.3,,,,,21.652,0,990.7,,,27.49453294,,40.08,0.389,3.3784,4.059,295.50572467,383.03,0.01,-8,303.5733,298.6878,,,,1.911094,2.155703,-1.837055,-1.754662,0,18.28668,93.5,95.2,33.68190384,,33.68151392,,-2.2,-2.8,-30,-2.2788,-2.6335,-1.6467,,-0.66123487,1.42,59,144.8,43,122.7,16.2,7.6,19.1,12.2,71,,3429.62,-0.17
underway_1200.33993443,33993443,201011040,2011-03-27T23:40:00,20110327234000,MULTIPOINT ((-64.6404 87.3173)),87.3173,-64.6404,248.8,,250.76843262,,12.6,,,,,21.654,0,990.45,,,27.47597045,,40.15,2.375,3.3948,4.053,294.72303071,382.39,0.005,-8,299.3983,281.637,,,,1.911093,1.847733,-1.837055,-1.754657,0,18.34064,94.4,95.8,33.73426637,,33.73574406,,-2.1,-2.7,-30,-2.311,-2.6004,-1.6887,,-0.73223014,1.27,54,131,46,119.8,17.2,6.1,18.2,8.2,71,,3264.58,-0.23
underway_1200.33993563,33993563,201011040,2011-03-28T00:00:00,20110328000000,MULTIPOINT ((-64.6654 87.1648)),87.1648,-64.6654,247.2,,250.26855469,,13.1,,,,,21.655,0,990.25,,,27.51637662,,40.04,3.36,2.6732,4.049,296.05514745,383.77,0,-8,301.1364,284.4219,,,,1.911035,2.46366,-1.837055,-1.754657,0,18.35413,94.1,95.4,33.68389028,,33.68497393,,-2.3,-2.9,-30,-2.3726,-2.6986,-1.6021,,-0.63791169,1.14,46,106.4,42,109.1,16.2,6.2,17.9,8.2,71,,3268.73,-0.15
underway_1200.33993683,33993683,201011040,2011-03-28T00:20:00,20110328002000,MULTIPOINT ((-64.6903 87.007)),87.007,-64.6903,251.4,,253.6138916,,12.9,,,,,21.655,0,989.92,,,27.57316862,,40.1,0.634,1.9762,,293.91203937,381.07,0,-8,303.2619,294.6793,,,,2.548035,3.69549,-1.837055,1.754657,-204.8535,18.35413,94.2,95.3,33.67493456,,33.66953279,,-2,-2.8,-30,-2.3481,-2.5686,-1.5637,,-0.55537916,0.709,58,136.9,51,131.4,18.3,6.5,21.3,10.3,71,,3706,-0.07
underway_1200.33993803,33993803,201011040,2011-03-28T00:40:00,20110328004000,MULTIPOINT ((-64.7132 86.8467)),86.8467,-64.7132,251.3,,253.61938477,,13,,,,,21.656,0,989.34,,,27.59938157,,40.14,1.151,1.5498,4.066,292.87482769,379.58,0.007,-8,304.0216,299.3431,,,,5.733084,6.15915,1.837055,1.754657,0,18.36087,93.8,95.9,33.6771096,,33.67564085,,-1.9,-2.7,-30,-2.1793,-2.4875,-1.4576,,-0.52918588,0.613,61,137.3,51,129.2,16.6,4.4,20.7,9.6,71,,3375.12,-0.05
underway_1200.33993923,33993923,201011040,2011-03-28T01:00:00,20110328010000,MULTIPOINT ((-64.7296 86.6842)),86.6842,-64.7296,253,,253.93798828,,13,,,,,21.658,30,988.92,,,27.61685703,,40.14,4.52,1.4186,4.056,292.75178348,379.51,0.003,-8,304.747,297.993,,,,13.69561,16.6297,5.511164,8.773284,-204.8535,18.37436,94,95.9,33.67824199,,33.68078897,,-1.6,-2.4,-30,-2.0184,-2.3095,-1.5051,,-0.51269948,0.765,57,133.3,51,136.9,18.9,7.3,25.7,14.4,71,,3434.64,-0.04
underway_1200.33994043,33994043,201011040,2011-03-28T01:20:00,20110328012000,MULTIPOINT ((-64.7505 86.5216)),86.5216,-64.7505,253.9,,255.57495117,,13.1,,,,,21.66,50,988.56,,,27.58954865,,40.09,4.638,1.3858,4.062,293.60003214,380.47,0.005,-8,306.4732,302.089,,,,17.19928,20.3252,5.511164,8.773284,0,18.37436,94.2,96.2,33.63331505,,33.63546941,,-1.7,-2.3,-30,-1.8593,-2.1161,-1.4372,,-0.50494269,0.725,53,127.7,48,125.1,20.6,9.6,22.8,12.4,71,,3470.49,-0.02
underway_1200.33994163,33994163,201011040,2011-03-28T01:40:00,20110328014000,MULTIPOINT ((-64.7709 86.3606)),86.3606,-64.7709,253.7,,255.32775879,,12.9,,,,,21.662,60,988.29,,,27.59719374,,40.08,3.866,1.4022,4.06,293.6773851,380.42,0.009,-8,307.3363,304.1784,,,,21.02145,25.25252,7.348219,12.2826,0,18.38111,95,96.4,33.63320634,,33.63281611,,-1.5,-2.1,-30,-1.6686,-1.8914,-1.4716,,-0.49330931,0.83,58,138.1,44,119,19.8,8.1,22.4,12.8,71,,3472.52,-0.01
underway_1200.33994283,33994283,201011040,2011-03-28T02:00:00,20110328020000,MULTIPOINT ((-64.7903 86.2)),86.2,-64.7903,258.4,,261.22741699,,12.8,,,,,21.67,130,987.99,,,27.56552008,,40.07,3.631,1.394,4.058,294.12766334,380.95,0.019,-8,307.7724,300.9277,,,,36.94642,44.65384,12.85938,21.05588,0,18.3946,95.7,96.3,33.62864545,,33.62903599,,-1.6,-1.8,-30,-1.5724,-1.6596,-1.4911,,-0.52821597,1.25,354,47.8,4,53.4,14,18,14.2,16.5,71,,3466.85,-0.03
underway_1200.33994403,33994403,201011040,2011-03-28T02:20:00,20110328022000,MULTIPOINT ((-64.8109 86.0407)),86.0407,-64.8109,250.7,,253.78967285,,12.8,,,,,21.675,160,987.81,,,27.56005876,,40.05,5.468,1.2628,,294.65653868,381.62,0.007,-8,307.109,300.5662,,,,50.32544,58.81988,18.37055,28.07451,0,18.3946,95.9,96,33.62384941,,33.62384941,,-1.9,-2,-30,-1.7188,-1.7394,-1.5107,,-0.5301558,1.77,332,40.3,340,43.6,14.1,20.5,13.6,18.9,71,,3447.96,-0.04
underway_1200.33994523,33994523,201011040,2011-03-28T02:40:00,20110328024000,MULTIPOINT ((-64.833 85.8849)),85.8849,-64.833,251.2,,252.9107666,,12.7,,,,,21.733,220,987.84,,,27.56879594,,40.06,3.593,1.1644,4.06,294.34201055,381.37,0.004,-8,292.1282,291.7746,,,,82.82252,86.22811,40.4152,42.11177,0,18.40809,97.3,96.2,33.62158722,,33.62050999,,-2.2,-2.3,-30,-2.1355,-2.0196,-1.4834,,-0.51657824,4.02,335,43.8,345,49.4,14.6,20.2,14.6,18.6,71,,3425.11,-0.03
underway_1200.33994643,33994643,201011040,2011-03-28T03:00:00,20110328030000,MULTIPOINT ((-64.8558 85.7269)),85.7269,-64.8558,251.2,,253.2623291,,12.8,,,,,21.734,290,987.81,,,27.59719365,,39.98,,1.2218,4.055,295.53742829,382.92,0.003,-8,292.8759,292.5596,,,,117.5462,122.2591,56.94869,59.65834,0,18.30016,97.3,96,33.63535992,,33.6317394,,-2.3,-2.4,-30,-2.1932,-2.0839,-1.555,,-0.49233996,6.07,335,43.5,344,48.8,14.7,20.4,14.6,18.8,71,,3392.17,0
underway_1200.33994763,33994763,201011040,2011-03-28T03:20:00,20110328032000,MULTIPOINT ((-64.8801 85.5714)),85.5714,-64.8801,250.1,,252.70202637,,12.6,,,,,21.737,410,987.62,,,27.59391674,,40,4.962,1.0004,4.058,295.28040941,382.56,0.002,-8,293.3692,292.9087,,,,154.817,159.83,77.15629,80.71421,0,18.28668,97.1,95.7,33.62665253,,33.62733863,,-2.8,-2.7,-30,-2.5316,-2.245,-1.539,,-0.49233996,5.35,303,26.6,303,25,15.2,24.9,13.6,23.5,71,,3280.77,-0.01
underway_1200.33994883,33994883,201011040,2011-03-28T03:40:00,20110328034000,MULTIPOINT ((-64.9049 85.4187)),85.4187,-64.9049,250.4,,256.25610352,,12.4,,,,,21.737,340,987.5,,,27.62996007,,40,4.67,1.0086,4.064,294.88631879,382.06,0.003,-8,290.8098,290.323,,,,134.4296,139.8127,66.13397,66.67695,0,18.28668,96.6,95,33.63982266,,33.64021253,,-2.8,-2.8,-30,-2.6531,-2.3419,-1.5239,,-0.46035991,7.1,298,23.8,294,19.7,19.4,29.2,17.5,27.9,71,,3237.03,0.02
underway_1200.33995003,33995003,201011040,2011-03-28T04:00:00,20110328040000,MULTIPOINT ((-64.9314 85.268)),85.268,-64.9314,252.9,,256.51977539,,12.3,,,,,21.739,350,987.74,,,27.60265606,,40.01,,0.9922,4.059,295.02616863,382.39,0.004,-8,293.7127,294.8248,,,,149.083,150.8992,73.48219,73.69756,0,18.27318,96.5,94.7,33.65092439,,33.64984675,,-3.1,-3,-30,-2.9049,-2.5361,-1.7873,,-0.50203414,6.58,305,28.2,304,26.1,18,27.3,16.2,25.8,71,,3154.98,-0.01
underway_1200.33995123,33995123,201011040,2011-03-28T04:20:00,20110328042000,MULTIPOINT ((-64.9495 85.1246)),85.1246,-64.9495,250.3,,255.15197754,,7.8,,,,,21.739,350,987.71,,,27.37438715,,39.82,1.962,1.4678,,301.10371766,390.17,0,-8,291.6926,291.6543,,,,151.642,157.0583,73.48219,73.69903,204.863,18.26644,94.9,93.2,33.57451794,,33.57343518,,-3.5,-3.4,-30,-3.1318,-2.7638,-1.7885,,-0.709853,4.49,302,35.3,308,38.8,24.4,29.9,23,28.1,71,,3090.43,-0.18
underway_1200.33995243,33995243,201011040,2011-03-28T04:40:00,20110328044000,MULTIPOINT ((-64.9628 84.998)),84.998,-64.9628,254.2,,253.89404297,,12,,,,,21.739,470,987.73,,,27.35581701,,39.86,2.824,1.8204,4.051,300.51859242,389.2,0,-8,290.4274,290.141,,,,189.268,196.4769,93.68979,98.27159,0,18.2462,91.8,90.6,33.53036007,,33.52672416,,-3.6,-3.4,-30,-3.1896,-2.8616,-1.777,,-0.69040118,1.91,308,34.9,315,39,21.4,30.1,20.2,28.1,71,,3196.87,-0.19
underway_1200.33995363,33995363,201011040,2011-03-28T05:00:00,20110328050000,MULTIPOINT ((-64.9759 84.8428)),84.8428,-64.9759,258.5,,259.44213867,,12.1,,,,,21.739,520,988,,,27.32850683,,39.84,3.028,1.2136,4.05,300.5101443,388.83,0,-8,288.3899,288.7732,,,,245.679,252.8331,124.9208,129.8657,-204.8868,18.22023,90.2,88.7,33.44243856,,33.44243856,,-3.5,-3.5,-30,-3.1946,-2.927,-1.7369,,-0.64762862,0.873,316,35.5,323,39,19.8,28.3,18.8,26.5,30,,3209.72,-0.14
underway_1200.33995483,33995483,201011040,2011-03-28T05:20:00,20110328052000,MULTIPOINT ((-64.9895 84.6872)),84.6872,-64.9895,257.8,,259.56848145,,12.1,,,,,21.739,300,988.28,,,27.38966708,,39.87,4.502,1.2464,4.054,299.38920302,387.44,0,-8,286.2135,286.1844,,,,127.4643,132.4217,58.78814,63.17809,0,18.18666,88.6,85.2,33.45141982,,33.44740696,,-3.6,-3.5,-30,-3.2306,-3.0252,-1.6064,,-0.57770067,0.441,320,36.1,325,38.5,18.2,26.1,17.2,24.5,30,,3193.71,-0.1
underway_1200.33995603,33995603,201011040,2011-03-28T05:40:00,20110328054000,MULTIPOINT ((-65.0011 84.5288)),84.5288,-65.0011,263.7,,265.88562012,,12.2,,,,,21.739,370,988.09,,,27.50980848,,39.91,3.996,0.7544,4.059,297.00958507,384.19,0,-8,283.7955,283.2298,,,,165.0664,173.0721,79.00424,84.23303,-204.8766,18.16736,85,78.1,33.49646742,,33.49725484,,-3.7,-3.7,-30,-3.321,-3.2056,-1.5962,,-0.47683243,0.313,330,41.5,339,47.1,21.9,29,21.1,26.9,30,,3262.32,0.02
underway_1200.33995723,33995723,201011040,2011-03-28T06:00:00,20110328060000,MULTIPOINT ((-65.0234 84.3747)),84.3747,-65.0234,250.1,,252.31750488,,12.6,,,,,21.739,450,988.18,,,27.36126966,,39.84,2.785,1.1726,4.051,300.06346882,388.27,0,-8,282.0735,282.7166,,,,189.2847,198.0167,91.85503,98.27686,0,18.16828,83.1,74.5,33.42208086,,33.4263752,,-3.6,-3.7,-30,-3.2553,-3.3209,-1.6361,,-0.59323341,0.235,332,49.5,343,57,19.7,24.8,19.6,22.7,30,,3273.57,-0.1
underway_1200.33995843,33995843,201011040,2011-03-28T06:20:00,20110328062000,MULTIPOINT ((-65.0494 84.2247)),84.2247,-65.0494,239.2,,242.39685059,,12.5,,,,,21.739,570,988.22,,,27.35253332,,39.75,-0.598,1.2136,,302.11029597,390.79,0,-8,281.7446,281.348,,,,259.0714,268.8469,132.2747,138.641,0,18.15322,77.8,71.9,33.4343434,,33.43609661,,-3.9,-4,-30,-3.3292,-3.3868,-1.6778,,-0.6126548,0.199,325,48.7,336,55.3,17.5,22.1,17.4,20.2,30,,3265.71,-0.12
underway_1200.33995963,33995963,201011040,2011-03-28T06:40:00,20110328064000,MULTIPOINT ((-65.0846 84.0807)),84.0807,-65.0846,242.2,,245.85754395,,12.6,,,,,21.739,460,988.05,,,27.54147774,,39.78,6.002,0.738,4.067,299.11857093,386.76,0,-8,279.1444,280.1732,,,,212.2283,222.3453,104.7158,108.8066,204.8871,18.15378,75.8,70.9,33.44957879,,33.45092454,,-4,-4,-30,-3.4608,-3.6515,-1.4134,,-0.39644912,0.183,333,49.6,343,55.4,16.2,20.4,16.1,18.6,30,,3306.76,0.07
underway_1200.33996083,33996083,201011040,2011-03-28T07:00:00,20110328070000,MULTIPOINT ((-65.1395 83.9808)),83.9808,-65.1395,208.3,,210.61889648,,12.8,,,,,21.739,370,988.4,,,27.46939924,,39.8,4.479,1.107,4.055,299.8038215,388.09,0,-8,280.4263,281.1746,,,,163.7918,170.6085,77.16346,80.72767,0,18.20757,74.4,69.9,33.51098249,,33.50844007,,-4,-4,-30,-3.6259,-3.6681,-1.6616,,-0.53597567,0.175,334,71.2,344,84.9,15.6,13.3,17.2,12.2,30,,3273.24,-0.03
underway_1200.33996203,33996203,201011040,2011-03-28T07:20:00,20110328072000,MULTIPOINT ((-65.1998 83.8881)),83.8881,-65.1998,213.4,,214.8046875,,12.9,,,,,21.739,390,988.31,,,27.4147983,,39.92,3.19,1.599,4.069,298.91298074,387.29,0,-8,278.7056,279.6858,,,,178.4502,186.6222,88.17981,91.25725,-204.8874,18.23393,73.9,68,33.59377002,,33.59445993,,-3.8,-3.8,-30,-3.5598,-3.519,-1.7579,,-0.67970528,0.177,336,73.8,344,85.2,17.3,15,18.7,14,30,,3148.39,-0.17
underway_1200.33996323,33996323,201011040,2011-03-28T07:40:00,20110328074000,MULTIPOINT ((-65.2593 83.7917)),83.7917,-65.2593,214.3,,214.82116699,,13.1,,,,,21.739,430,988.33,,,27.4475665,,39.92,4.614,1.5826,4.048,298.80929262,387.12,0,-8,279.1485,278.4641,,,,209.6774,226.6567,102.8753,108.8061,-204.8862,18.26123,73.5,67.7,33.63870263,,33.63870263,,-3.7,-3.9,-30,-3.4601,-3.5521,-1.7701,,-0.67970528,0.176,353,88.4,360,105.2,17.2,11.4,19.8,11.7,30,,3117.73,-0.17
underway_1200.33996443,33996443,201011040,2011-03-28T08:00:00,20110328080000,MULTIPOINT ((-65.3198 83.6996)),83.6996,-65.3198,214.4,,215.80993652,,12.9,,,,,21.739,340,988.15,,,27.46613914,,39.86,5.53,2.1484,4.059,300.09582491,389.22,0,-8,280.1883,280.6145,,,,176.53,184.4666,82.66776,87.74595,204.8841,18.27376,71.9,66.3,33.71265278,,33.71265278,,-3.5,-4,-30,-3.2263,-3.5521,-1.7849,,-0.72347291,0.177,4,99.8,6,110.5,16.6,8.4,18.4,9.2,30,,3072.5,-0.19
underway_1200.33996563,33996563,201011040,2011-03-28T08:20:00,20110328082000,MULTIPOINT ((-65.3781 83.6059)),83.6059,-65.3781,213.8,,214.19494629,,12.7,,,,,21.739,320,988.12,,,27.50218338,,39.97,-1.532,1.6974,4.052,297.79911755,386.46,0,-8,278.7747,278.575,,,,166.616,173.0721,77.15635,80.72206,0,18.27326,70.7,66.4,33.74724976,,33.74724976,,-3.4,-3.9,-30,-3.0914,-3.5273,-1.7846,,-0.71082576,0.176,12,112,8,110,16.5,6.7,17.3,8.2,30,,2974.08,-0.19
underway_1200.33996683,33996683,201011040,2011-03-28T08:40:00,20110328084000,MULTIPOINT ((-65.4327 83.4961)),83.4961,-65.4327,227.1,,227.4005127,,12.8,,,,,21.739,230,987.99,,,27.43337013,,39.96,3.937,2.7634,4.064,298.19566932,386.46,0,-8,278.1484,277.9873,,,,126.7846,133.6536,55.11167,59.66502,0,18.29343,69.4,66.6,33.66221547,,33.65965312,,-3.6,-4,-30,-3.2319,-3.6598,-1.8044,,-0.71568974,0.22,355,87.1,6,103.2,19.9,15.8,21.6,14.6,30,,2916.15,-0.19
underway_1200.33996803,33996803,201011040,2011-03-28T09:00:00,20110328090000,MULTIPOINT ((-65.4815 83.372)),83.372,-65.4815,226.5,,227.109375,,12.7,,,,,21.739,200,987.93,,,27.48143083,,39.95,3.352,2.6404,4.062,298.11943929,386.66,0,-8,278.7185,279.5123,,,,109.2639,112.7124,47.76346,49.13474,0,18.30017,70,67.8,33.72937023,,33.73006938,,-3.5,-4.1,-30,-3.3302,-3.8011,-1.7894,,-0.72055411,1.21,359,92.7,9,106.3,19.9,14.6,20.8,13.1,30,,2872.14,-0.18
underway_1200.33996923,33996923,201011040,2011-03-28T09:20:00,20110328092000,MULTIPOINT ((-65.5351 83.2639)),83.2639,-65.5351,244.6,,246.28051758,,13,,,,,21.74,190,987.7,,,27.52840645,,40.2,3.381,1.6728,4.054,293.63420804,381.32,0,-8,277.8042,279.2915,,,,109.5824,114.8682,49.60051,52.64369,0,18.29343,73,72.3,33.8839454,,33.88433076,,-3.9,-4.1,-30,-3.536,-3.851,-1.8009,,-0.80135837,1.38,357,71.1,9,84.6,19.8,19.3,21.2,17.6,30,,2727.17,-0.25
underway_1200.33997043,33997043,201011040,2011-03-28T09:40:00,20110328094000,MULTIPOINT ((-65.5651 83.1029)),83.1029,-65.5651,244.9,,245.87402344,,13.3,,,,,21.74,80,987.5,,,27.53604537,,40.16,,1.8942,4.066,294.11819172,381.63,0,-8,281.3019,281.9271,,,,53.19845,55.43235,22.04467,21.05799,0,18.31366,74.2,73.2,33.80650685,,33.8050292,,-4,-4.2,-30,-3.8837,-3.9844,-1.7947,,-0.72152703,1.21,346,58.7,358,68.5,17.1,19.5,17.9,17.5,30,,2730.17,-0.21
underway_1200.33997163,33997163,201011040,2011-03-28T10:00:00,20110328100000,MULTIPOINT ((-65.5956 82.9405)),82.9405,-65.5956,246.3,,245.61584473,,13.3,,,,,21.74,90,987.61,,,27.55789278,,40.23,5.068,2.8372,4.062,292.86777117,380.16,0,-8,278.4709,278.7417,,,,55.74782,58.51193,22.04467,24.56913,0,18.24621,74.8,73.6,33.8542443,,33.85315146,,-4.3,-4.5,-30,-4.0684,-4.2189,-1.8063,,-0.73806899,1.13,347,54.3,358,62.1,14.7,18,15.3,16.2,71,,2512.26,-0.23
underway_1200.33997283,33997283,201011040,2011-03-28T10:20:00,20110328102000,MULTIPOINT ((-65.6256 82.7768)),82.7768,-65.6256,245.5,,246.14318848,,13.4,,,,,21.74,110,987.7,,,27.55898508,,40.17,6.189,2.9766,4.071,293.81339692,381.4,0.001,-8,277.5934,278.2977,,,,66.90217,69.5984,29.3929,28.07906,-204.8867,18.21923,75.5,73.4,33.85353728,,33.8546301,,-4.4,-4.5,-30,-4.2676,-4.3198,-1.8085,,-0.73806899,0.98,0,51,8,57.3,11.8,13.7,12.6,12.5,71,,1996.26,-0.21
underway_1200.33997403,33997403,201011040,2011-03-28T10:40:00,20110328104000,MULTIPOINT ((-65.6564 82.6121)),82.6121,-65.6564,246,,245.41809082,,13.5,,,,,21.741,100,987.77,,,27.53276813,,40,,3.2964,4.054,297.22341426,385.58,0.003,-8,281.1164,280.2632,,,,50.02485,52.66074,22.04467,21.05904,-204.8842,18.21923,74.5,72.4,33.78923521,,33.79623486,,-4.5,-4.6,-30,-4.3828,-4.3618,-1.7826,,-0.71763544,0.97,14,60.5,22,70.9,12.6,11.5,13.9,10.2,71,,1321,-0.2
underway_1200.33997523,33997523,201011040,2011-03-28T11:00:00,20110328110000,MULTIPOINT ((-65.6903 82.4512)),82.4512,-65.6903,236.2,,237.43103027,,13.5,,,,,21.744,100,987.69,,,27.38312456,,39.84,2.688,3.1406,4.061,300.57205748,389.4,0.006,-8,278.4386,279.225,,,,53.21538,54.81644,22.04577,24.56928,0,18.2602,76.2,73,33.57549666,,33.57657916,,-4.7,-4.8,-30,-4.5336,-4.5981,-1.7863,,-0.70207154,1.44,15,61.9,20,70.9,12.4,9.3,13.5,8.3,71,,467.7,-0.17
underway_1200.33997643,33997643,201011040,2011-03-28T11:20:00,20110328112000,MULTIPOINT ((-65.7277 82.2961)),82.2961,-65.7277,244.2,,244.24804688,,13.2,,,,,21.744,50,987.6,,,27.45739969,,39.9,4.113,3.3456,4.058,299.10158042,387.79,0.001,-8,275.3007,276.4818,,,,35.05242,36.33899,16.53352,15.79454,0,18.26802,72.6,70.5,33.68670614,,33.68561976,,-4.5,-4.5,-30,-4.56,-4.4883,-1.8025,,-0.709853,1.93,16,71.7,25,85.3,14.4,11.2,15.9,10.1,71,,398.72,-0.17
underway_1200.33997763,33997763,201011040,2011-03-28T11:40:00,20110328114000,MULTIPOINT ((-65.756 82.1484)),82.1484,-65.756,247,,247.06054688,,13.2,,,,,21.744,30,987.57,,,27.44320633,,39.98,5.484,2.0008,4.06,298.1014898,386.82,0.001,-8,274.3259,275.3325,,,,26.76753,28.02413,11.02284,12.28464,0,18.26857,71.2,68.3,33.74151078,,33.74478298,,-4.6,-4.7,-30,-4.5524,-4.5051,-1.8211,,-0.77993012,1.63,9,61,17,68.7,13.2,12.8,14,11.6,71,,401.42,-0.23
underway_1200.33997883,33997883,201011040,2011-03-28T12:00:00,20110328120000,MULTIPOINT ((-65.7793 82.0322)),82.0322,-65.7793,224.8,,200.65429688,,4.8,,,,,21.744,0,987.64,,,27.50437396,,40.05,6.441,0.984,4.065,296.4937216,385.01,0.002,-8,273.845,274.4788,,,,14.97707,15.70583,5.511223,5.264848,0,18.24735,71.6,66.4,33.83094534,,33.82547751,,-4.5,-4.9,-30,-4.6621,-4.6998,-1.8092,,-0.77798246,1.38,22,175.9,23,175.7,14.6,10.2,13.7,9.2,71,,0,-0.23
underway_1200.33998003,33998003,201011040,2011-03-28T12:20:00,20110328122000,MULTIPOINT ((-65.8122 82.0146)),82.0146,-65.8122,196,,194.72717285,,10,,,,,21.745,0,987.73,,,27.43556692,,40.1,-0.416,1.3284,4.065,296.38512841,384.83,0.002,-8,273.401,277.2225,,,,5.417234,6.15915,1.837058,1.754946,0,18.25728,71.5,68.2,33.81493027,,33.81641359,,-5,-4.1,-30,-4.7635,-4.3198,-1.8203,,-0.85301141,1.16,32,235.5,38,254,13.2,4.7,12.4,5,71,,0,-0.3
underway_1200.33998123,33998123,201011040,2011-03-28T12:40:00,20110328124000,MULTIPOINT ((-65.8739 81.9828)),81.9828,-65.8739,188.1,,189.57458496,,10.6,,,,,21.745,0,987.79,,,27.48252815,,39.98,1.392,1.3612,4.06,297.61156643,386.22,0,-8,270.8606,274.1832,,,,2.548887,2.46366,0,0,0,18.24675,70.8,69.1,33.79478335,,33.79478335,,-4.8,-4.4,-30,-4.8836,-4.522,-1.8121,,-0.77700865,1.13,31,238.6,35,244.9,15.4,7.1,15.5,7.8,71,,5415.94,-0.2
underway_1200.33998243,33998243,201011040,2011-03-28T13:00:00,20110328130000,MULTIPOINT ((-65.93 81.9623)),81.9623,-65.93,197.5,,201.47827148,,8.7,,,,,21.745,0,987.85,,,27.51638863,,40,1.162,1.2792,4.056,297.36734042,386.21,0,-8,269.8468,274.6279,,,,1.911365,2.46366,0,-1.754949,0,18.23273,71.3,69.9,33.83301094,,33.83519777,,-5,-4,-30,-4.8851,-4.4208,-1.8055,,-0.77213986,1.13,29,196.3,28,195.2,18.4,10,17,8.6,30,,462.32,-0.22
underway_1200.33998363,33998363,201011040,2011-03-28T13:20:00,20110328132000,MULTIPOINT ((-65.98 81.9415)),81.9415,-65.98,182.4,,183.01025391,,8.9,,,,,21.745,0,987.89,,,27.52622047,,40.02,2.799,1.804,4.061,296.77747419,385.21,0.003,-8,270.344,272.774,,,,1.911324,2.155703,0,-1.754949,0,18.1113,70.4,68.7,33.86235913,,33.86383986,,-5,-4.2,-30,-5.0019,-4.3534,-1.8089,,-0.78577345,1.35,34,235.7,34,236.6,17.4,10.8,16.9,10.4,71,,480,-0.21
underway_1200.33998483,33998483,201011040,2011-03-28T13:40:00,20110328134000,MULTIPOINT ((-66.0258 81.9069)),81.9069,-66.0258,205.5,,208.53149414,,9.6,,,,,21.745,0,987.9,,,27.50110084,,40.06,5.116,3.0094,4.065,296.32324041,384.79,0,-8,271.5006,273.218,,,,1.911322,2.46366,-1.837056,-1.75494,0,18.12479,70.5,66.6,33.87140189,,33.86811261,,-4.9,-3.9,-30,-4.9678,-4.2525,-1.8122,,-0.81987055,1.56,42,242.4,47,249,11.6,3.5,11.8,4.3,30,,0,-0.24
underway_1200.33998603,33998603,201011040,2011-03-28T14:00:00,20110328140000,MULTIPOINT ((-66.0675 81.8765)),81.8765,-66.0675,203.1,,201.47827148,,5.2,,,,,21.745,0,987.91,,,27.45741394,,40.1,3.636,4.4198,4.059,296.14435798,384.62,0,-8,270.196,276.667,,,,1.911322,1.847745,-1.837056,-1.754949,-204.8876,18.10118,66.8,67.5,33.86687426,,33.86473842,,-5.1,-4.1,-30,-5.0358,-4.4461,-1.829,,-0.86958849,1.64,47,214.3,43,214.3,16.4,11.9,12.3,7.7,30,,0,-0.29
underway_1200.33998723,33998723,201011040,2011-03-28T14:20:00,20110328142000,MULTIPOINT ((-66.0895 81.8523)),81.8523,-66.0895,188.3,,187.87719727,,4.7,,,,,21.745,0,988,,,27.35037347,,40.13,4.105,1.9188,4.053,296.44777977,384.58,0,-8,269.4856,272.7946,,,,1.911322,1.539788,-1.837056,0,204.8797,18.05059,61.4,59.1,33.7390087,,33.74229287,,-5,-3.2,-30,-4.9678,-3.6183,-1.8214,,-0.89007219,1.56,38,220.4,35,223.2,16.2,12.5,11.1,7.4,30,,0,-0.34
underway_1200.33998843,33998843,201011040,2011-03-28T14:40:00,20110328144000,MULTIPOINT ((-66.092 81.8485)),81.8485,-66.092,270.3,,211.70654297,,0,,,,,21.745,0,987.73,,,27.50655314,,39.94,5.973,0.7462,4.07,298.37236172,387.14,0,-8,270.3447,277.781,,,,1.911322,2.46366,-1.837056,-1.754913,-204.8834,18.04385,66.7,63.6,33.76007811,,33.76077897,,-5.3,-2.8,-30,-5.0018,-3.2221,-1.8118,,-0.71763544,2,59,207.1,59,207.7,15.1,15,11,10.9,30,,545.12,-0.19
underway_1200.33998963,33998963,201011040,2011-03-28T15:00:00,20110328150000,MULTIPOINT ((-66.0961 81.8454)),81.8454,-66.0961,164.8,,166.47033691,,3,,,,,21.746,0,987.6,,,27.52512853,,39.99,0.78,1.3694,4.064,297.48199861,386.4,0.016,-8,269.4521,269.1286,,,,1.911322,2.155703,0,1.754866,0,18.01349,72.4,68.4,33.87034902,,33.86673918,,-5.4,-4.7,-30,-5.2064,-3.7179,-1.8214,,-0.78966931,1.58,52,260.5,65,272.2,11.5,10.6,12.2,11.9,71,,0,-0.22
underway_1200.33999083,33999083,201011040,2011-03-28T15:20:00,20110328152000,MULTIPOINT ((-66.1002 81.8487)),81.8487,-66.1002,149.1,,145.12390137,,1.2,,,,,21.746,0,987.5,,,27.65508497,,39.9,1.71,1.3776,4.069,297.74343803,385.83,0,-8,272.0277,273.4748,,,,1.911322,2.155703,-1.837056,0,0,17.98989,73.7,72.5,33.69047404,,33.69439762,,-5.3,-5.1,-30,-5.3091,-4.9293,-1.8094,,-0.47877066,2.84,53,272.3,68,286.3,10.7,10.7,11.4,11.6,24,,0,-0.06
underway_1200.33999203,33999203,201011040,2011-03-28T15:40:00,20110328154000,MULTIPOINT ((-66.1044 81.85)),81.85,-66.1044,273.8,,206.74621582,,0.1,,,,,21.746,0,987.29,,,27.85059523,,39.89,-0.085,1.5908,4.066,297.33515903,385.72,0,-8,271.802,279.262,,,,1.911322,2.46366,-1.837056,-1.754949,0,17.98989,73.5,72.3,33.74261469,,33.73364872,,-5,-3.8,-30,-5.1296,-4.5897,-1.7884,,-0.27848363,2.55,48,201.1,49,202.6,12.5,12.4,9.1,9,24,,548.22,-0.02
underway_1200.33999323,33999323,201011040,2011-03-28T16:00:00,20110328160000,MULTIPOINT ((-66.1043 81.8401)),81.8401,-66.1043,154,,328.5736084,,1.3,,,,,21.746,0,987.01,,,27.80253526,,39.87,0.754,1.7384,4.048,297.76057368,386.16,0,-8,268.5893,267.7324,,,,1.911322,2.46366,-1.837056,1.754949,0,17.98989,74.7,73.1,33.7321367,,33.71234022,,-4.8,-5.1,-30,-4.9423,-4.522,-1.8043,,-0.3171362,2.62,82,108.6,94,120.9,9.7,9.3,10,9.3,24,,0,-0.02
underway_1200.33999443,33999443,201011040,2011-03-28T16:20:00,20110328162000,MULTIPOINT ((-66.1009 81.8413)),81.8413,-66.1009,298.5,,35.01342773,,0.1,,,,,21.746,0,986.88,,,27.66600041,,39.84,,1.5088,,298.7516787,386.94,0,-8,271.9879,273.2512,,,,1.911322,1.847745,0,-1.754949,0,18.04385,75.8,74.3,33.61694825,,33.61334043,,-5,-5.1,-30,-5.087,-4.9805,-1.8043,,-0.39257785,2.67,85,50.2,90,54.8,10.3,10.4,9.6,9.7,24,,3707.14,-0.03
underway_1200.33999563,33999563,201011040,2011-03-28T16:40:00,20110328164000,MULTIPOINT ((-66.1004 81.8392)),81.8392,-66.1004,194.4,,18.41308594,,1.4,,,,,21.746,0,986.63,,,27.76649501,,39.86,0.472,1.271,4.041,298.05120459,386.54,0,-8,271.9016,273.9535,,,,1.911374,2.155703,0,-1.754949,-204.8876,18.06071,75.9,74.8,33.74639331,,33.75117072,,-5,-5.1,-30,-5.1068,-5.0659,-1.8114,,-0.39548128,2.73,101,71.1,113,82.5,8.9,9.3,8.4,8.5,24,,3686.4,-0.03
underway_1200.33999683,33999683,201011040,2011-03-28T17:00:00,20110328170000,MULTIPOINT ((-66.098 81.8366)),81.8366,-66.098,346.4,,353.8861084,,0.6,,,,,21.746,0,986.32,,,27.76976941,,39.83,1.387,1.2464,4.047,298.42561848,386.88,0,-8,274.7193,275.737,,,,1.911604,2.155703,-1.837056,-1.754896,-204.8814,18.07758,75.3,74.2,33.73941238,,33.72327892,,-4.8,-5,-30,-4.9229,-4.9038,-1.8136,,-0.36645307,3.18,89,92.4,102,105.6,8.5,8.5,8.5,8.4,24,,545.67,-0.01
underway_1200.33999803,33999803,201011040,2011-03-28T17:20:00,20110328172000,MULTIPOINT ((-66.0959 81.8331)),81.8331,-66.0959,296.3,,317.52685547,,0.1,,,,,21.747,0,985.96,,,27.68785417,,39.88,-1.249,1.2382,4.046,298.31177896,387.02,0.006,-8,284.3898,282.2993,,,,1.911726,2.46366,-1.837056,0,-204.8816,18.08432,76.3,76,33.72467801,,33.73300644,,-4.5,-5,-30,-4.7851,-4.8782,-1.8055,,-0.47392519,2.87,92,134.1,94,136.4,5.9,5.8,12,11.9,71,,548.35,-0.08
underway_1200.33999923,33999923,201011040,2011-03-28T17:40:00,20110328174000,MULTIPOINT ((-66.0944 81.8296)),81.8296,-66.0944,291.1,,322.42675781,,0,,,,,21.754,0,985.65,,,27.75119791,,39.82,-1.076,0.9184,4.062,298.6074535,387.11,0.004,-8,283.2513,281.3302,,,,1.911651,1.847745,0,0,0,18.09794,77.3,81,33.69460396,,33.6769517,,-4.6,-5.3,-30,-4.815,-5.1001,-1.8079,,-0.34710846,2.11,105,141.5,105,141.8,4.5,4.4,10.8,10.7,71,,5585.66,0
underway_1200.34000043,34000043,201011040,2011-03-28T18:00:00,20110328180000,MULTIPOINT ((-66.0931 81.8265)),81.8265,-66.0931,329.2,,329.1394043,,2.7,,,,,21.763,0,985.41,,,27.72717536,,39.88,0.273,0.9922,4.052,298.17356009,386.67,0.042,-8,287.4995,285.556,,,,1.91147,2.46366,0,0,0,18.09806,78.6,85.6,33.731468,,33.75341838,,-4.2,-5.3,-30,-4.5353,-5.1172,-1.8148,,-0.44486035,1.25,119,139.7,115,140.8,5.3,4.2,10.4,9.3,71,,3604.12,-0.07
underway_1200.34000163,34000163,201011040,2011-03-28T18:20:00,20110328182000,MULTIPOINT ((-66.0922 81.8242)),81.8242,-66.0922,282.2,,350.6451416,,0.1,,,,,21.774,0,985.35,,,27.72280194,,39.86,-1.536,0.9758,,298.15077073,386.54,0.003,-8,284.4952,282.9952,,,,1.911388,1.847745,0,0,0,18.10456,79.7,88.4,33.70308915,,33.69693553,,-4.5,-5.4,-30,-4.5311,-5.2114,-1.816,,-0.39935273,1.77,129,138.6,116,125.3,5.7,5.6,8.8,8.7,71,,3707.2,-0.03
underway_1200.34000283,34000283,201011040,2011-03-28T18:40:00,20110328184000,MULTIPOINT ((-66.0913 81.822)),81.822,-66.0913,220.1,,358.92333984,,0.2,,,,,21.774,0,984.97,,,27.7195232,,39.85,-0.768,0.7544,4.047,298.31268902,386.7,0,-8,279.4427,278.8814,,,,1.911326,1.539788,-1.837056,-1.754949,0,18.12479,81.3,89.4,33.6668518,,33.67105419,,-4.6,-5.2,-30,-4.7644,-5.1686,-1.7897,,-0.37999788,7.1,121,120.5,126,125.7,9,8.8,10.6,10.4,24,,5669.38,-0.02
underway_1200.34000403,34000403,201011040,2011-03-28T19:00:00,20110328190000,MULTIPOINT ((-66.0833 81.8297)),81.8297,-66.0833,57.5,,68.203125,,5.8,,,,,21.774,0,984.44,,,27.65836515,,39.94,2.777,1.3202,4.045,297.4517931,385.84,0.001,-8,281.1623,282.2234,,,,1.911322,2.155708,-1.837056,-1.754949,0,18.13154,83.8,89.5,33.73433858,,33.73874406,,-4.6,-4.8,-30,-4.8319,-4.8955,-1.8237,,-0.51463883,7.1,115,23.7,110,19.1,10.3,14.7,9.5,14.2,71,,0,-0.11
underway_1200.34000523,34000523,201011040,2011-03-28T19:20:00,20110328192000,MULTIPOINT ((-66.0748 81.8914)),81.8914,-66.0748,87.1,,84.11132812,,6.2,,,,,21.775,0,984.02,,,27.57753809,,39.96,2.016,2.3944,4.045,297.79096755,385.98,0.004,-8,282.7758,283.4879,,,,1.911388,2.155704,-1.837056,-1.754949,-204.8876,18.1113,83.7,87.4,33.67835182,,33.67865353,,-4.1,-4.2,-30,-4.4638,-4.3619,-1.8229,,-0.5582902,3.21,104,15.8,96,10.5,14.2,20.2,13.6,19.7,71,,0,-0.16
underway_1200.34000643,34000643,201011040,2011-03-28T19:40:00,20110328194000,MULTIPOINT ((-66.0677 81.9351)),81.9351,-66.0677,44.8,,47.92236328,,5.1,,,,,21.775,0,983.38,,,27.59282869,,39.93,-1.624,1.1152,4.046,297.87288812,386.26,0,-8,289.3715,291.5868,,,,1.911676,2.463746,-1.837056,-1.754949,0,18.12544,84.4,86.5,33.69166727,,33.6787033,,-3.9,-4,-30,-4.1098,-3.9878,-1.8201,,-0.53985588,4.46,111,46.4,118,50.6,12.9,15.6,12.1,14.4,71,,532.22,-0.12
underway_1200.34000763,34000763,201011040,2011-03-28T20:00:00,20110328200000,MULTIPOINT ((-66.0563 82.0027)),82.0027,-66.0563,84.9,,87.13806152,,6.1,,,,,21.778,0,982.64,,,27.53930642,,40.01,-1.718,1.312,4.05,296.71625268,384.46,0.051,-8,297.707,297.2287,,,,1.911948,2.155837,-1.837056,-1.754949,0,18.08563,88.7,89,33.60358627,,33.61211115,,-3.4,-3.4,-30,-3.5919,-3.4422,-1.8172,,-0.54470649,1.25,120,23.1,116,19.6,16.1,21.3,15,20.4,71,,496.13,-0.14
underway_1200.34000883,34000883,201011040,2011-03-28T20:20:00,20110328202000,MULTIPOINT ((-66.0586 82.0897)),82.0897,-66.0586,108.5,,110.86853027,,6.1,,,,,21.788,0,982.08,,,27.58845799,,39.97,3.973,0.9512,,296.78962119,384.72,0.007,-8,300.2107,300.4631,,,,1.911962,2.155844,-1.837056,-1.754949,0,18.01802,94.2,93.2,33.65448139,,33.65448139,,-2.6,-2.6,-30,-2.5788,-2.4773,-1.8158,,-0.52336665,1.31,99,349.5,93,344,24.9,30.9,25.3,31.2,71,,523.01,-0.09
underway_1200.34001003,34001003,201011040,2011-03-28T20:40:00,20110328204000,MULTIPOINT ((-66.0744 82.166)),82.166,-66.0744,115.1,,105.0402832,,6.2,,,,,21.806,0,,,,27.52729597,,39.86,-1.219,1.4596,4.048,299.50671894,388.27,0.161,-8,298.9203,299.8396,,,,1.911966,2.463731,0,1.754949,0,17.9231,95.1,93.7,33.64774943,,33.65531667,,-2.6,-2.5,-30,-2.4173,-2.3768,-1.8285,,-0.59808819,1.21,94,355.7,86,348.6,32.7,38.5,33.1,38.7,71,,528.63,-0.13
underway_1200.34001123,34001123,201011040,2011-03-28T21:00:00,20110328210000,MULTIPOINT ((-66.0876 82.2417)),82.2417,-66.0876,126,,121.59118652,,4.8,,,,,21.837,0,981.2,,,27.52074613,,39.99,2.521,4.838,4.047,297.23578672,385.57,0,-8,299.3553,300.2716,,,,1.911966,2.155785,0,0,0,17.91088,95.5,93.8,33.71139199,,33.69520366,,-2.4,-2.4,-30,-2.3206,-2.2808,-1.8185,,-0.64179828,6.26,84,326.3,83,325.5,38,41.2,39.3,42.5,71,,0,-0.17
underway_1200.34001243,34001243,201011040,2011-03-28T21:20:00,20110328212000,MULTIPOINT ((-66.1146 82.2936)),82.2936,-66.1146,129,,112.44506836,,4.8,,,,,21.837,0,981.42,,,27.30011957,,40.05,3.294,2.952,4.056,297.53149249,385.53,0,-8,297.7747,298.45,,,,1.911966,1.847808,0,0,0,17.82905,94.9,93.8,33.53839214,,33.54450133,,-2.4,-2.5,-30,-2.224,-2.2078,-1.8365,,-0.77408733,7.1,91,345.6,86,341,33.9,37.7,34.8,38.4,24,,0,-0.26
underway_1200.34001363,34001363,201011040,2011-03-28T21:40:00,20110328214000,MULTIPOINT ((-66.1309 82.3722)),82.3722,-66.1309,144.1,,133.84094238,,8.2,,,,,21.84,0,980.41,,,27.41262122,,39.97,2.883,2.583,4.06,298.68469306,387.23,0,-8,297.3473,300.1218,,,,1.911933,1.847836,0,1.754949,0,17.85544,95,93.9,33.68219123,,33.68484142,,-2.5,-2.5,-30,-2.319,-2.314,-1.8099,,-0.76337699,2.18,91,328.5,91,327.4,38,44,39.8,45.7,24,,590.58,-0.25
underway_1200.34001483,34001483,201011040,2011-03-28T22:00:00,20110328220000,MULTIPOINT ((-66.1619 82.4417)),82.4417,-66.1619,125.8,,121.36047363,,8,,,,,21.892,0,980.78,,,27.26845514,,40.05,,1.5826,4.07,298.40952316,387.11,0.088,-8,296.9254,297.2552,,,,1.911873,2.463718,0,1.754949,0,17.80115,95.2,93.8,33.63604689,,33.63534785,,-2.7,-2.7,-30,-2.4128,-2.4734,-1.8275,,-0.89397461,0.922,92,341.1,88,337.8,27.3,34.4,28.4,35.3,71,,0,-0.35
underway_1200.34001603,34001603,201011040,2011-03-28T22:20:00,20110328222000,MULTIPOINT ((-66.1989 82.5004)),82.5004,-66.1989,144.6,,139.54833984,,10.2,,,,,21.892,0,980.5,,,27.18763451,,40.22,2.157,3.3374,4.062,296.25370357,384.14,0.028,-8,296.0616,297.7282,,,,1.911841,1.847876,0,0,0,17.80102,94.7,93.6,33.57210062,,33.58331624,,-2.8,-2.8,-30,-2.6053,-2.6076,-1.8149,,-0.94570494,0.98,93,324.6,93,324.2,32.2,39.1,33.8,40.6,71,,644.07,-0.44
underway_1200.34001723,34001723,201011040,2011-03-28T22:40:00,20110328224000,MULTIPOINT ((-66.2381 82.5351)),82.5351,-66.2381,160,,131.73156738,,4.9,,,,,21.902,0,980.57,,,27.19200833,,40.15,1.536,3.3292,4.056,297.72832998,386.1,0.033,-8,293.1184,295.7852,,,,1.911931,2.463794,1.837056,1.754949,0,17.76186,94.3,93.6,33.64574324,,33.65161518,,-3.1,-3.1,-30,-2.8125,-2.8014,-1.8044,,-1.00138771,1.27,86,323.8,87,323.8,43.3,45.4,45.4,47.5,71,,0,-0.46
underway_1200.34001843,34001843,201011040,2011-03-28T23:00:00,20110328230000,MULTIPOINT ((-66.2698 82.5393)),82.5393,-66.2698,187.5,,172.18322754,,6.4,,,,,21.909,0,,,,27.20729303,,40.1,-0.874,3.239,4.06,299.00867617,387.69,0.01,-8,291.4214,293.0305,,,,1.91192,2.155925,0,0,0,17.74739,94.1,93.9,33.57940799,,33.59040914,,-3.2,-3.2,-30,-2.9667,-2.9366,-1.8329,,-0.92813131,2.19,84,282.9,91,289.3,40.9,40.1,43.8,43.8,71,,0,-0.47
underway_1200.34001963,34001963,201011040,2011-03-28T23:20:00,20110328232001,MULTIPOINT ((-66.293 82.5465)),82.5465,-66.293,205.4,,184.03198242,,3,,,,,21.916,0,980.91,,,27.21603259,,40.08,0.853,2.8372,4.066,299.06030341,387.84,0.018,-8,292.1355,294.8596,,,,1.91193,2.156074,0,0,0,17.69396,93.7,94,33.62483898,,33.62413894,,-3.3,-3.3,-30,-3.0325,-3.0085,-1.8083,,-0.94765788,1.51,86,266,100,279.6,33.3,31.8,35.1,34.3,71,,3706.74,-0.45
underway_1200.34002083,34002083,201011040,2011-03-28T23:40:00,20110328234001,MULTIPOINT ((-66.326 82.5527)),82.5527,-66.326,171.3,,160.08178711,,4.6,,,,,21.924,0,981.16,,,27.12428855,,40.17,0.455,3.1078,4.059,298.65295003,387.19,0.038,-8,290.8668,292.3918,,,,1.911956,2.464233,0,1.754949,0,17.68004,92.8,93,33.54949826,,33.53093882,,-3.4,-3.4,-30,-3.091,-3.0796,-1.8144,,-0.97598235,1.37,82,286.4,88,292.1,47,47,51.1,51.5,71,,0,-0.55
underway_1200.34002203,34002203,201011040,2011-03-29T00:00:00,20110329000001,MULTIPOINT ((-66.3567 82.5515)),82.5515,-66.3567,197.9,,177.10510254,,4.5,,,,,21.937,0,980.51,,,27.11009146,,40.19,3.888,2.8536,4.067,298.39267816,386.79,0.051,-8,292.8403,293.6671,,,,1.911913,2.156184,0,1.754949,0,17.65322,93.8,93.9,33.54138047,,33.53234219,,-3.6,-3.6,-30,-3.3265,-3.276,-1.8153,,-0.99454678,0.949,87,275.9,96,285.2,39.3,37.9,41.4,40.7,71,,0,-0.56
underway_1200.34002323,34002323,201011040,2011-03-29T00:20:00,20110329002001,MULTIPOINT ((-66.369 82.5484)),82.5484,-66.369,225.7,,199.29199219,,2.3,,,,,21.941,0,981.27,,,27.2651728,,40.1,1.262,1.968,4.058,298.43213344,386.67,0.005,-8,291.8782,292.9191,,,,1.911963,2.464295,0,1.754949,0,17.62594,94.5,94.8,33.56307068,,33.56010898,,-3.9,-3.7,-30,-3.5431,-3.4443,-1.7981,,-0.83059066,2.83,83,250.4,95,262.1,39.7,38.8,41.5,41.1,71,,773.27,-0.42
underway_1200.34002443,34002443,201011040,2011-03-29T00:40:00,20110329004001,MULTIPOINT ((-66.3777 82.5384)),82.5384,-66.3777,119.2,,116.27380371,,4.1,,,,,21.942,0,979.37,,,27.12649914,,40.16,0.342,2.829,4.054,300.03502234,390.05,0,-8,291.9136,292.4546,,,,3.505272,3.696655,0,1.754949,0,17.57664,94.3,94.3,33.83650776,,33.8678749,,-3.9,-3.8,-30,-3.535,-3.5489,-1.8138,,-1.27270214,7.1,96,344.1,93,341.4,39.9,44.1,40.9,45,9998,,0,-0.7
underway_1200.34002563,34002563,201011040,2011-03-29T01:00:00,20110329010000,MULTIPOINT ((-66.4222 82.5767)),82.5767,-66.4222,210.1,,201.45080566,,10.6,,,,,21.942,0,980.13,,,26.80975834,,40.2,-0.263,1.7876,4.059,300.43885095,388.56,0,-8,290.0092,291.8123,,,,7.010535,7.393443,1.837062,1.754987,0,17.54661,94.2,94.5,33.26287659,,33.32212182,,-3.9,-3.6,-30,-3.5102,-3.4514,-1.8371,,-1.1736373,7.1,83,254.3,100,274.4,43.8,38.3,39.5,37.3,9998,,813.04,-0.69
underway_1200.34002683,34002683,201011040,2011-03-29T01:20:00,20110329012000,MULTIPOINT ((-66.4573 82.519)),82.519,-66.4573,216.1,,208.37768555,,9.1,,,,,21.942,0,980.13,,,26.44392705,,40.35,1.047,1.066,4.053,299.6992012,387.29,0,-8,290.0819,292.2559,,,,14.33975,15.09482,5.511168,5.265076,-204.8965,17.54025,94.1,94.7,33.12909096,,33.14127978,,-3.9,-3.6,-30,-3.4938,-3.3515,-1.8274,,-1.46244722,7.1,87,248.4,106,271.9,44.8,39.6,36.1,34,9998,,0,-0.85
underway_1200.34002803,34002803,201011040,2011-03-29T01:40:00,20110329014000,MULTIPOINT ((-66.4757 82.4822)),82.4822,-66.4757,351,,189.7668457,,2.2,,,,,21.942,40,980.59,,,26.66776454,,40.18,0.95,1.0906,4.052,300.69498761,387.83,0,-8,290.5572,291.3217,,,,36.32736,37.89161,12.85962,15.79464,0,17.48058,94.1,95.3,32.90171682,,32.91554764,,-3.7,-3.6,-30,-3.3868,-3.3198,-1.7985,,-0.98086718,7.1,84,257.1,90,262.8,46,45.5,51.3,51,9998,,0,-0.61
underway_1200.34002923,34002923,201011040,2011-03-29T02:00:00,20110329020000,MULTIPOINT ((-66.4758 82.4761)),82.4761,-66.4758,298.1,,155.45654297,,0.5,,,,,21.942,80,978.43,,,26.82723117,,40.26,2.14,1.1316,3.896,299.25392182,387.01,0,-8,293.1208,293.8046,,,,55.44703,57.60719,22.04501,21.05978,0,17.43843,93.8,94.6,33.25194707,,33.32637861,,-3.6,-3.5,-30,-3.2635,-3.2451,-1.7991,,-1.15599883,7.1,82,287.3,88,293.2,44.9,45,49,49.2,9998,,0,-0.69
underway_1200.34003043,34003043,201011040,2011-03-29T02:20:00,20110329022000,MULTIPOINT ((-66.4744 82.4698)),82.4698,-66.4744,299.5,,164.59716797,,0.5,,,,,21.942,130,978.34,,,26.91021283,,39.98,0.551,0.533,,302.5584108,391,0,-8,293.2665,294.0617,,,,82.85187,86.56466,31.2324,31.58911,0,17.41176,94,94.8,33.15189372,,33.15552706,,-3.6,-3.5,-30,-3.2307,-3.1874,-1.7998,,-0.89982871,7.1,84,280.1,91,287.1,50.1,50.2,54.6,54.7,9998,,815.79,-0.48
underway_1200.34003163,34003163,201011040,2011-03-29T02:40:00,20110329024000,MULTIPOINT ((-66.4731 82.4636)),82.4636,-66.4731,295.6,,156.24206543,,0.4,,,,,21.988,170,978.82,,,27.02816746,,39.93,6.965,0.3936,4.075,303.33380477,392.52,0.06,-8,295.2817,295.9213,,,,114.0807,120.1425,44.09026,45.6287,0,17.31742,94.4,95,33.30948306,,33.30692028,,-3.5,-3.5,-30,-3.2307,-3.2527,-1.8146,,-0.89202337,0.96,84,288,90,293.9,40.5,40.6,43.8,44,71,,0,-0.49
underway_1200.34003283,34003283,201011040,2011-03-29T03:00:00,20110329030000,MULTIPOINT ((-66.472 82.4589)),82.4589,-66.472,294.8,,153.38562012,,0.3,,,,,21.994,250,978.12,,,27.1395723,,39.98,0.293,0.2952,4.077,302.22572847,391.29,0,-8,295.004,296.775,,,,151.364,158.3372,58.78859,61.42326,0,17.28691,94.1,94.6,33.45338659,,33.4602974,,-3.4,-3.4,-30,-3.067,-3.0611,-1.8197,,-0.89397461,2.26,84,290.8,87,294.2,47.8,47.9,51.9,52,9998,,0,-0.51
underway_1200.34003403,34003403,201011040,2011-03-29T03:20:00,20110329032000,MULTIPOINT ((-66.4711 82.4546)),82.4546,-66.4711,312.7,,149.67773438,,0.2,,,,,21.994,300,977.83,,,27.10681363,,40.03,2.816,0.3444,4.064,301.6998465,390.82,0,-8,295.1498,296.9519,,,,181.6368,191.6092,69.81176,73.7079,0,17.24901,94.4,94.9,33.50893408,,33.51260224,,-3.4,-3.4,-30,-3.0343,-3.0215,-1.8085,,-0.98086718,3.4,85,295.9,91,301.2,39.7,39.8,42.5,42.6,9998,,0,-0.56
underway_1200.34003523,34003523,201011040,2011-03-29T03:40:00,20110329034000,MULTIPOINT ((-66.4702 82.4512)),82.4512,-66.4702,301.4,,147.13439941,,0.3,,,,,21.994,370,,,,27.10790705,,40.06,3.487,0.3608,4.053,300.67317166,389.86,0,-8,294.288,295.0939,,,,218.9201,227.3435,86.34536,91.25741,0,17.19549,93.8,94,33.52897087,,33.52936681,,-3.4,-3.4,-30,-3.0016,-2.956,-1.8013,,-0.99454678,4.52,81,294.5,86,299.6,49.8,49.9,53.6,53.7,9998,,0,-0.53
underway_1200.34003643,34003643,201011040,2011-03-29T04:00:00,20110329040000,MULTIPOINT ((-66.4691 82.4476)),82.4476,-66.4691,297.6,,145.09094238,,0.2,,,,,21.994,540,976.67,,,27.13084165,,40.04,,0.2706,4.071,300.81566878,389.94,0,-8,293.4265,295.3498,,,,288.7069,301.2761,117.5726,122.8465,0,17.13362,93.3,93.2,33.53549528,,33.53767768,,-3.4,-3.4,-30,-2.9689,-2.8988,-1.807,,-0.97402852,5.82,92,306.7,94,309.1,48.3,48.4,51.4,51.5,9998,,0,-0.51
underway_1200.34003763,34003763,201011040,2011-03-29T04:20:00,20110329042000,MULTIPOINT ((-66.4681 82.4447)),82.4447,-66.4681,289.6,,144.2010498,,0.2,,,,,21.994,610,975.4,,,27.12647384,,40.02,1.799,0.4018,,301.31809952,390.63,0,-8,294.106,296.022,,,,323.441,336.087,132.268,136.8861,0,17.10136,93.9,93.1,33.54701242,,33.54482841,,-3.5,-3.5,-30,-3.0425,-2.989,-1.814,,-0.98575241,7.1,94,309.7,95,310.8,56.7,56.8,60.2,60.3,9998,,3786.24,-0.52
underway_1200.34003883,34003883,201011040,2011-03-29T04:40:00,20110329044000,MULTIPOINT ((-66.4676 82.4417)),82.4417,-66.4676,277.3,,143.39355469,,0.2,,,,,21.994,660,976.34,,,27.14067158,,39.99,2.51,0.328,4.069,301.92058439,391.24,0,-8,293.7046,296.8036,,,,343.5166,357.9597,139.624,145.6609,0,17.10046,94.1,92.6,33.54996804,,33.55105971,,-3.6,-3.5,-30,-3.1324,-3.0547,-1.8047,,-0.97402852,7.1,89,305.6,91,307.9,43.6,43.7,46.6,46.7,9998,,5116.42,-0.52
underway_1200.34004003,34004003,201011040,2011-03-29T05:00:00,20110329050000,MULTIPOINT ((-66.467 82.4374)),82.4374,-66.467,282,,142.87719727,,0.3,,,,,21.994,730,976.11,,,27.14067261,,39.56,3.313,0.2952,4.058,310.51152038,402.48,0,-8,293.3399,296.5176,,,,371.5588,388.1429,150.6434,157.9455,0,17.1293,94.1,92,33.56307282,,33.56416535,,-3.6,-3.6,-30,-3.2143,-3.1188,-1.8082,,-0.98575241,7.1,81,298.6,84,301.9,47.7,47.8,51,51.2,9998,,799.49,-0.5
underway_1200.34004123,34004123,201011040,2011-03-29T05:20:00,20110329052000,MULTIPOINT ((-66.4662 82.4335)),82.4335,-66.4662,283.8,,142.47070312,,0.3,,,,,21.994,650,975.83,,,27.13957953,,39.43,3.806,0.3444,4.063,313.52740864,406.36,0,-8,293.0472,294.2154,,,,360.087,374.5936,143.3014,150.9277,0,17.10566,93.8,91.6,33.55324327,,33.55175624,,-3.7,-3.7,-30,-3.2799,-3.1529,-1.8123,,-0.97598235,7.1,86,304.1,89,306.5,43.5,43.7,46.7,46.9,9998,,800.26,-0.52
underway_1200.34004243,34004243,201011040,2011-03-29T05:40:00,20110329054000,MULTIPOINT ((-66.4655 82.4285)),82.4285,-66.4655,282.2,,141.26220703,,0.3,,,,,21.994,810,975.29,,,27.14831717,,39.8,,0.328,4.064,305.53166882,396.01,0,-8,291.251,293.2884,,,,431.7857,450.3731,176.3743,182.518,-204.8913,17.0894,93.3,91,33.56146846,,33.56256054,,-3.7,-3.6,-30,-3.2307,-3.1196,-1.8028,,-0.97500542,7.1,92,311.4,93,312.4,46.1,46.3,48.1,48.3,9998,,797.18,-0.5
underway_1200.34004363,34004363,201011040,2011-03-29T06:00:00,20110329060000,MULTIPOINT ((-66.4646 82.4247)),82.4247,-66.4646,299.4,,142.65197754,,0.2,,,,,21.994,810,975.97,,,27.15050169,,39.7,4.306,0.3608,4.055,307.58214634,398.75,0,-8,291.3973,293.5728,,,,437.8403,455.3109,176.3738,184.2698,0,17.06193,92.3,90.1,33.56811401,,33.5666269,,-3.6,-3.6,-30,-3.1979,-3.0559,-1.8104,,-0.97598235,7.1,84,302,90,307.8,46.9,47,49.7,49.8,9998,,796.42,-0.5
underway_1200.34004483,34004483,201011040,2011-03-29T06:20:00,20110329062000,MULTIPOINT ((-66.4639 82.4222)),82.4222,-66.4639,299.4,,142.67944336,,0.1,,,,,21.994,1010,974.62,,,27.15487047,,39.99,1.451,0.3116,,301.62219885,390.98,0,-8,294.1421,295.5271,,,,497.4299,514.7636,205.7622,214.1096,0,17.02388,91.3,89.4,33.57148296,,33.57148296,,-3.5,-3.4,-30,-3.0343,-2.8591,-1.7999,,-0.97500542,7.1,89,306.1,90,307.9,48.9,49,52.1,52.2,9998,,794.11,-0.5
underway_1200.34004603,34004603,201011040,2011-03-29T06:40:00,20110329064000,MULTIPOINT ((-66.4635 82.4194)),82.4194,-66.4635,282.8,,146.76635742,,0.2,,,,,21.994,690,,,,27.14394882,,40.02,,0.3854,4.067,300.91157678,390.21,0,-8,292.0538,293.2624,,,,402.1503,415.8821,158.0015,164.9677,0,17.00744,91.1,89.5,33.56207295,,33.56316527,,-3.4,-3.5,-30,-3.0506,-2.8847,-1.8139,,-0.98086718,7.1,81,294.8,87,300.1,46,46.1,49.8,49.9,9998,,794.11,-0.49
underway_1200.34004723,34004723,201011040,2011-03-29T07:00:00,20110329070000,MULTIPOINT ((-66.4632 82.4168)),82.4168,-66.4632,257.5,,153.73718262,,0,,,,,21.994,750,,,,27.15923883,,39.99,3.74,0.369,4.068,301.50473776,390.69,0,-8,293.8506,295.0827,,,,428.2805,442.9929,169.0182,175.495,0,16.9672,91.2,89.6,33.56869289,,33.57087709,,-3.5,-3.5,-30,-3.0996,-2.9585,-1.8097,,-0.96914422,7.1,75,281.6,86,292.1,42.3,42.3,46.3,46.3,9998,,793.34,-0.49
underway_1200.34004843,34004843,201011040,2011-03-29T07:20:00,20110329072000,MULTIPOINT ((-66.4631 82.4166)),82.4166,-66.4631,212.9,,159.20837402,,0,,,,,21.994,790,974.32,,,27.15377774,,40.02,5.078,0.3444,4.051,301.15175323,390.4,0,-8,293.9964,295.357,,,,443.8949,442.9732,180.0348,182.5148,0,16.95345,91.3,89.7,33.56523217,,33.563443,,-3.5,-3.5,-30,-3.067,-2.8972,-1.7885,,-0.96914422,7.1,77,277.3,87,287.9,46.4,46.4,50.5,50.5,9998,,793.34,-0.51
underway_1200.34004963,34004963,201011040,2011-03-29T07:40:00,20110329074000,MULTIPOINT ((-66.4631 82.4166)),82.4166,-66.4631,77.1,,159.10949707,,0,,,,,21.994,670,,,,27.16688376,,40.02,2.73,0.3608,4.059,301.12705954,390.48,0,-8,291.9116,294.9548,,,,396.0924,410.0123,157.9973,161.4554,0,16.85828,91.2,90.4,33.57582354,,33.57363938,,-3.5,-3.5,-30,-3.0825,-2.9872,-1.7827,,-0.96230685,7.1,85,286.2,92,292.9,55,55,60.2,60.2,9998,,792.23,-0.51
underway_1200.34005083,34005083,201011040,2011-03-29T08:00:00,20110329080000,MULTIPOINT ((-66.4631 82.4166)),82.4166,-66.4631,160.5,,159.10949707,,0,,,,,21.994,400,973.94,,,27.15705534,,40.04,5.128,0.3772,4.049,300.95450945,390.21,0,-8,291.9816,293.1162,,,,297.6294,308.65,110.2235,115.8267,0,16.79113,89.9,88.8,33.58210647,,33.5799206,,-3.4,-3.4,-30,-3.067,-2.9174,-1.7887,,-0.97989019,7.1,78,279.1,88,288.4,43.2,43.2,46.9,46.9,9998,,794.11,-0.53
underway_1200.34005203,34005203,201011040,2011-03-29T08:20:00,20110329082000,MULTIPOINT ((-66.4631 82.4166)),82.4166,-66.4631,129.7,,159.30175781,,0,,,,,21.994,320,973.64,,,27.16360718,,40.03,5.252,0.3772,,301.1873828,390.47,0,-8,290.9741,293.1045,,,,264.17,274.158,97.36396,101.7871,-204.8877,16.73715,89.5,88.8,33.56917972,,33.57027162,,-3.3,-3.4,-30,-3.067,-2.92,-1.8043,,-0.96328357,7.1,88,288.9,96,296.9,42.7,42.7,46.5,46.5,9998,,793.34,-0.53
underway_1200.34005323,34005323,201011040,2011-03-29T08:40:00,20110329084000,MULTIPOINT ((-66.463 82.4165)),82.4165,-66.463,54.2,,159.36767578,,0,,,,,21.994,340,973.59,,,27.18545093,,40.03,0.838,0.4264,4.057,301.00354259,390.25,0,-8,290.8281,292.7588,,,,278.5098,287.0821,102.8774,105.2998,0,16.76046,88.8,88.8,33.59493545,,33.59126416,,-3.3,-3.4,-30,-3.0996,-2.9974,-1.7597,,-0.95547023,7.1,83,283.5,91,291.6,48.2,48.2,52.5,52.5,9998,,793.12,-0.52
underway_1200.34005443,34005443,201011040,2011-03-29T09:00:00,20110329090000,MULTIPOINT ((-66.463 82.4165)),82.4165,-66.463,169.5,,159.4720459,,0,,,,,21.994,280,973.03,,,27.17452792,,40.04,1.642,0.4018,4.075,300.98123201,390.25,0,-8,290.9767,292.8384,,,,236.4449,243.3383,88.17936,91.25748,0,16.68188,87.9,89,33.57064019,,33.56657714,,-3.3,-3.3,-30,-3.0663,-2.9796,-1.7989,,-0.9466814,7.1,77,277.4,88,288.7,40.4,40.4,44.1,44.1,9998,,794.11,-0.53
underway_1200.34005563,34005563,201011040,2011-03-29T09:20:00,20110329092000,MULTIPOINT ((-66.463 82.4165)),82.4165,-66.463,169.5,,159.45556641,,0,,,,,21.994,280,973.11,,,27.18435775,,40.03,6.257,0.3772,4.064,301.04355845,390.32,0,-8,291.1602,293.0024,,,,230.7084,238.3998,84.50682,87.74751,0,16.61424,85.7,88.3,33.57776702,,33.57776702,,-3.2,-3.3,-30,-3.0252,-2.9429,-1.7807,,-0.9447285,7.1,83,283.6,91,291.2,46.8,46.8,51.2,51.2,9998,,793.34,-0.52
underway_1200.34005683,34005683,201011040,2011-03-29T09:40:00,20110329094000,MULTIPOINT ((-66.4631 82.4165)),82.4165,-66.4631,188.4,,159.30725098,,0,,,,,21.994,310,973.02,,,27.16142352,,40.02,0.967,0.369,4.053,301.73506834,391.14,0,-8,291.2714,293.2762,,,,239.6297,248.267,88.18072,91.25741,0,16.54702,84.3,88.1,33.58080014,,33.57712792,,-3.2,-3.3,-30,-3.0003,-2.8816,-1.8005,,-0.97207475,7.1,91,291.6,96,296.8,48.8,48.8,52.3,52.3,9998,,792.64,-0.56
underway_1200.34005803,34005803,201011040,2011-03-29T10:00:00,20110329100000,MULTIPOINT ((-66.463 82.4165)),82.4165,-66.463,182.8,,159.30725098,,0,,,,,21.994,300,,,,27.17234477,,40.07,2.519,0.3854,4.066,300.46711673,389.69,0,-8,291.1263,291.9213,,,,208.4012,215.9182,80.83047,80.7277,-204.8877,16.54743,84.2,89,33.58365125,,33.57998009,,-3.2,-3.3,-30,-3.0328,-2.9442,-1.7957,,-0.96133014,7.1,79,279.9,89,289.5,46.4,46.4,50.2,50.2,9998,,792.12,-0.54
underway_1200.34005923,34005923,201011040,2011-03-29T10:20:00,20110329102000,MULTIPOINT ((-66.463 82.4164)),82.4164,-66.463,190,,159.37866211,,0,,,,,21.994,230,972.59,,,27.17452965,,40.07,3.065,0.4428,,300.33251235,389.48,0,-8,290.9225,291.7012,,,,162.5088,166.9442,62.46033,63.1782,0,16.46886,83.5,88.9,33.58841551,,33.58841551,,-3.2,-3.3,-30,-3.0785,-2.9935,-1.771,,-0.96621382,7.1,73,273.4,86,287.1,52.3,52.3,56.5,56.5,9998,,792.26,-0.53
underway_1200.34006043,34006043,201011040,2011-03-29T10:40:00,20110329104000,MULTIPOINT ((-66.463 82.4165)),82.4165,-66.463,176.8,,159.42260742,,0,,,,,21.994,150,973.68,,,27.1701618,,40.05,1.619,0.4018,4.054,301.08914566,390.39,0,-8,290.3555,291.2876,,,,111.2062,115.1965,42.25228,42.1188,0,16.37127,82.5,88.1,33.59667611,,33.59558277,,-3.1,-3.2,-30,-2.9798,-2.8455,-1.7817,,-0.97793623,7.1,88,288.7,97,297.5,42.2,42.2,45.2,45.2,9998,,792.8,-0.56
underway_1200.34006163,34006163,201011040,2011-03-29T11:00:00,20110329110000,MULTIPOINT ((-66.463 82.4164)),82.4164,-66.463,162.3,,159.42810059,,0,,,,,21.994,100,972.66,,,27.17016128,,40.05,5.246,0.451,4.06,301.09934363,390.29,0,-8,289.9927,290.8605,,,,75.19931,77.30898,27.55584,28.0792,0,16.31752,82.7,88.2,33.59230318,,33.58902424,,-3.2,-3.2,-30,-3.0611,-2.941,-1.7994,,-0.97207475,7.1,82,282.3,88,288.3,48.8,48.8,53.1,53.1,9998,,792.31,-0.56
underway_1200.34006283,34006283,201011040,2011-03-29T11:20:00,20110329112000,MULTIPOINT ((-66.4629 82.4164)),82.4164,-66.4629,41,,159.47753906,,0,,,,,21.994,40,,,,27.17453051,,40.05,1.935,0.492,4.053,300.7092349,389.96,0,-8,289.6873,290.5543,,,,46.20448,47.74218,16.5335,19.30445,0,16.3037,83.2,88.5,33.60043885,,33.59934546,,-3.2,-3.3,-30,-3.1296,-3.0096,-1.7979,,-0.97598235,7.1,87,287.8,94,294.2,45.4,45.4,49.4,49.4,9998,,792.36,-0.53
underway_1200.34006403,34006403,201011040,2011-03-29T11:40:00,20110329114000,MULTIPOINT ((-66.463 82.4163)),82.4163,-66.463,41,,159.47753906,,0,,,,,21.994,0,,,,27.16797589,,40.04,3.627,0.5494,4.061,300.98095678,390.09,0,-8,290.9826,290.808,,,,23.26178,24.33325,7.348224,8.774751,0,16.24981,82.9,87.7,33.57075829,,33.57403392,,-3.1,-3.2,-30,-3.065,-2.9528,-1.7892,,-0.96133014,7.1,87,287.9,93,293.8,52.9,52.9,57.7,57.7,9998,,792.43,-0.53
underway_1200.34006523,34006523,201011040,2011-03-29T12:00:00,20110329120000,MULTIPOINT ((-66.4629 82.4163)),82.4163,-66.4629,199.5,,159.47753906,,0,,,,,21.994,0,972.6,,,27.18654281,,40.04,1.703,0.4838,4.049,301.06272279,390.47,0,-8,291.2786,291.0056,,,,12.74605,13.2442,5.511168,5.26485,0,16.24992,82.6,86.7,33.58877569,,33.5883816,,-3,-3.1,-30,-2.9987,-2.9086,-1.7864,,-0.95156393,7.1,78,278.6,87,288,39.1,39.1,41.6,41.6,9998,,,-0.54
underway_1200.34006643,34006643,201011040,2011-03-29T12:20:00,20110329122000,MULTIPOINT ((-66.463 82.4162)),82.4162,-66.463,232.9,,159.48303223,,0,,,,,21.994,0,971.82,,,27.16579352,,40.07,3.773,0.5494,4.058,300.80712965,390.03,0,-8,291.2768,291.1062,,,,6.37305,6.160225,1.837066,1.754953,-204.8881,16.30396,82.8,86.2,33.59689283,,33.5972869,,-3,-3,-30,-2.9991,-2.886,-1.7881,,-0.98477533,7.1,76,276.6,83,283.1,36.7,36.7,39.9,39.9,9998,,,-0.57
underway_1200.34006763,34006763,201011040,2011-03-29T12:40:00,20110329124000,MULTIPOINT ((-66.4629 82.4163)),82.4163,-66.4629,51.5,,159.64233398,,0.1,,,,,21.994,0,971.9,,,27.16142499,,40.08,6.305,0.5166,4.053,300.61252698,389.74,0,-8,291.4344,291.1548,,,,2.549148,2.46402,0,-1.75495,0,16.2361,82.6,85.1,33.59352327,,33.59571054,,-3,-3,-30,-2.9638,-2.8752,-1.8045,,-0.98868373,7.1,86,286,95,295.2,38.7,38.7,42.1,42.1,9998,,793.1,-0.57
underway_1200.34006883,34006883,201011040,2011-03-29T13:00:00,20110329130000,MULTIPOINT ((-66.4629 82.4162)),82.4162,-66.4629,51.5,,160.3729248,,0,,,,,21.996,0,971.24,,,27.17125316,,40.08,5.493,0.533,4.066,300.26417728,389.26,0,-8,291.4181,291.274,,,,1.911935,2.463962,0,0,0,16.20911,82.6,84.5,33.58395509,,33.58614021,,-3,-3,-30,-2.9675,-2.8485,-1.7993,,-0.9681674,0.795,85,284.7,93,292.7,42,42,46.1,46.1,30,,792.58,-0.54
underway_1200.34007003,34007003,201011040,2011-03-29T13:20:00,20110329132000,MULTIPOINT ((-66.4629 82.4161)),82.4161,-66.4629,51.5,,160.53222656,,0,,,,,21.996,0,971.4,,,27.17125445,,40.07,,0.5494,4.055,300.66777975,389.83,0,-8,291.3808,292.2194,,,,1.91194,1.540051,-1.837056,-1.75495,0,16.16942,82.8,84.3,33.60363155,,33.6025378,,-3,-3,-30,-2.9758,-2.8775,-1.7854,,-0.98282123,0.472,88,287.7,93,292.8,41.5,41.5,45.3,45.3,30,,792.82,-0.56
underway_1200.34007123,34007123,201011040,2011-03-29T13:40:00,20110329134000,MULTIPOINT ((-66.4629 82.4161)),82.4161,-66.4629,205.9,,160.54321289,,0,,,,,21.996,0,972.9,,,27.16142499,,40.08,1.091,0.5576,4.057,300.48640018,389.5,0,-8,291.1605,292.077,,,,1.911948,2.156053,-1.837056,0,0,16.15517,83.2,84.3,33.59461687,,33.59571054,,-3.1,-3.1,-30,-3.0252,-2.9094,-1.7895,,-0.98868373,0.161,89,288.4,95,294.5,45.9,45.9,50.1,50.1,9998,,792.2,-0.56
underway_1200.34007243,34007243,201011040,2011-03-29T14:00:00,20110329140000,MULTIPOINT ((-66.4629 82.4161)),82.4161,-66.4629,205.9,,160.59814453,,0,,,,,21.997,0,,,,27.16142499,,40.08,1.88,0.5084,4.057,300.48293759,389.58,0,-8,291.282,292.871,,,,1.911892,2.155994,-1.837056,-1.75495,0,16.11476,83.6,84.6,33.59610465,,33.59571054,,-3.1,-3.1,-30,-2.998,-2.9723,-1.7992,,-0.98868373,0.149,83,282.8,91,290.1,51.2,51.2,55.4,55.4,9998,,792.45,-0.56
underway_1200.34007363,34007363,201011040,2011-03-29T14:20:00,20110329142000,MULTIPOINT ((-66.4629 82.416)),82.416,-66.4629,145.2,,160.69152832,,0,,,,,22.001,0,,,,27.17452956,,40.08,,0.5658,4.074,300.24872431,389.26,0,-8,291.1395,292.5823,,,,1.911876,2.463971,-1.837076,-1.75495,0,16.06096,84,85.4,33.59060092,,33.58732291,,-3.1,-3.1,-30,-3.0299,-3.037,-1.8063,,-0.96523706,0.441,87,286.6,95,293.9,44.9,44.9,48.7,48.7,30,,792.74,-0.54
underway_1200.34007483,34007483,201011040,2011-03-29T14:40:00,20110329144000,MULTIPOINT ((-66.4629 82.416)),82.416,-66.4629,355,,160.9552002,,0,,,,,22.002,0,971.48,,,27.16688583,,40.09,2.826,0.533,4.058,300.02511181,389.08,0,-8,290.6133,292.1355,,,,1.911948,1.848014,1.837056,0,0,16.01385,84.9,85.9,33.59986827,,33.59986827,,-3.2,-3.2,-30,-3.1479,-3.1372,-1.798,,-0.98575241,0.331,90,289.1,97,296,39.2,39.2,42.1,42.1,30,,792.37,-0.54
underway_1200.34007603,34007603,201011040,2011-03-29T15:00:00,20110329150000,MULTIPOINT ((-66.4629 82.416)),82.416,-66.4629,163.1,,161.30126953,,0,,,,,22.003,0,970.5,,,27.16360934,,40.08,1.532,0.4838,4.061,300.11666318,389,0.008,-8,291.4154,291.9751,,,,1.911886,2.4641,0,0,0,15.98041,85.1,86.5,33.59431158,,33.59759245,,-3.2,-3.3,-30,-3.194,-3.1731,-1.812,,-0.98770661,0.38,92,290.8,97,296.1,40.3,40.3,43.6,43.6,71,,791.84,-0.53
underway_1200.34007723,34007723,201011040,2011-03-29T15:20:00,20110329152000,MULTIPOINT ((-66.4629 82.4161)),82.4161,-66.4629,191.5,,161.66381836,,0,,,,,22.005,0,970.94,,,27.1647013,,40.09,,0.5248,4.054,299.78790906,388.79,0,-8,291.8443,292.4114,,,,1.911927,2.464117,-1.837072,0,0,15.92604,84.6,85.8,33.59579923,,33.59579923,,-3.2,-3.2,-30,-3.0977,-3.0753,-1.8032,,-0.98477533,0.425,89,287.4,97,295.2,41.6,41.6,44.8,44.8,30,,791.82,-0.52
underway_1200.34007843,34007843,201011040,2011-03-29T15:40:00,20110329154000,MULTIPOINT ((-66.4629 82.416)),82.416,-66.4629,69.4,,161.87805176,,0,,,,,22.005,0,970.8,,,27.17453043,,40.09,4.992,0.5002,4.053,299.78475302,388.77,0.007,-8,291.9988,292.7082,,,,1.911888,2.464092,0,0,0,15.88256,84.5,85.7,33.59715889,,33.59825214,,-3.1,-3.1,-30,-3.0631,-3.0088,-1.7984,,-0.97500542,0.267,73,271.2,83,281.1,41.7,41.7,44.2,44.2,71,,792.29,-0.52
underway_1200.34007963,34007963,201011040,2011-03-29T16:00:00,20110329160000,MULTIPOINT ((-66.4629 82.416)),82.416,-66.4629,69.4,,161.97692871,,0,,,,,22.007,0,970.85,,,27.17999102,,40.07,3.436,0.5002,4.055,300.05727802,389.13,0,-8,291.9846,292.7153,,,,1.911952,1.848037,-1.837056,-1.75495,0,15.84583,84.2,84.8,33.60061569,,33.59912868,,-3.1,-3.1,-30,-3.0663,-3.0072,-1.8031,,-0.96914422,0.168,81,279.1,89,286.9,36.6,36.6,39.8,39.8,9998,,792.24,-0.51
underway_1200.34008083,34008083,201011040,2011-03-29T16:20:00,20110329162000,MULTIPOINT ((-66.4629 82.416)),82.416,-66.4629,65.7,,162.10876465,,0,,,,,22.007,0,970.02,,,27.17125428,,40.08,3.203,0.4428,4.052,299.85084558,388.95,0,-8,291.1369,290.8454,,,,1.911889,2.464121,0,0,0,15.73703,83.4,83.9,33.6025378,,33.60035052,,-3.1,-3.1,-30,-3.0305,-2.9444,-1.8105,,-0.98086718,0.167,82,279.6,92,290.3,35.2,35.2,37.8,37.8,9998,,791.77,-0.51
underway_1200.34008203,34008203,201011040,2011-03-29T16:40:00,20110329164000,MULTIPOINT ((-66.4629 82.4159)),82.4159,-66.4629,65.7,,162.33947754,,0,,,,,22.009,0,969.85,,,27.17453051,,40.06,0.313,0.4756,4.064,300.37565733,389.53,0.01,-8,292.1444,292.7075,,,,1.911889,1.848072,-1.837095,-1.75495,0,15.72392,83.2,84.7,33.60371945,,33.59934546,,-3.1,-3.1,-30,-3.0305,-3.0089,-1.8039,,-0.97598235,0.36,84,282,92,289.5,45.5,45.5,49.3,49.3,71,,791.72,-0.52
underway_1200.34008323,34008323,201011040,2011-03-29T17:00:00,20110329170000,MULTIPOINT ((-66.4629 82.4159)),82.4159,-66.4629,65.7,,162.75695801,,0,,,,,22.013,0,969.79,,,27.16906992,,40.06,3.463,0.5084,4.071,300.25838039,389.5,0.005,-8,292.1379,292.5787,,,,1.911918,2.155994,0,-1.75495,0,15.65643,84,85.4,33.60105019,,33.598469,,-3.1,-3.1,-30,-3.0319,-3.0378,-1.8042,,-0.9818442,0.352,90,287.3,99,296.7,36.1,36.1,38.8,38.8,71,,791.74,-0.51
underway_1200.34008443,34008443,201011040,2011-03-29T17:20:00,20110329172000,MULTIPOINT ((-66.4628 82.416)),82.416,-66.4628,65.7,,163.05908203,,0,,,,,22.015,0,969.3,,,27.17125385,,40.08,0.515,0.4592,4.056,299.99702847,389.1,0.019,-8,292.2841,292.5746,,,,1.911916,2.464017,-1.837056,-1.75495,0,15.64311,84.1,86.4,33.59269731,,33.59488358,,-3.1,-3.1,-30,-2.9992,-3.0387,-1.8026,,-0.97598235,0.496,88,284.7,97,293.6,46,46,49,49,71,,791.96,-0.52
underway_1200.34008563,34008563,201011040,2011-03-29T17:40:00,20110329174000,MULTIPOINT ((-66.4629 82.4159)),82.4159,-66.4629,65.7,,163.31176758,,0,,,,,22.022,0,969.31,,,27.17234581,,40.06,4.322,0.492,4.062,300.40291895,389.45,0,-8,292.2959,294.2384,,,,1.593218,2.156072,-1.837068,-1.75495,0,15.56864,85,89.5,33.59199841,,33.59309142,,-3,-3.3,-30,-2.9965,-3.1478,-1.7883,,-0.97305163,0.544,87,284.1,94,291,40.2,40.2,43.4,43.4,9998,,791.79,-0.52
underway_1200.34008683,34008683,201011040,2011-03-29T18:00:00,20110329180000,MULTIPOINT ((-66.4629 82.4157)),82.4157,-66.4629,205.2,,173.07312012,,0,,,,,22.022,0,,,,27.17234676,,40.06,2.364,0.4838,4.08,300.3724018,389.48,0,-8,292.8265,293.9571,,,,1.911875,2.156011,-1.837142,-1.75495,0,15.53505,86.9,91.7,33.60511922,,33.60511922,,-3.2,-3.4,-30,-3.1034,-3.2109,-1.8124,,-0.98379827,0.489,90,276.8,101,288.1,39.2,39.2,42.5,42.5,9998,,791.9,-0.52
underway_1200.34008803,34008803,201011040,2011-03-29T18:20:00,20110329182000,MULTIPOINT ((-66.4628 82.4158)),82.4158,-66.4628,191.1,,172.78747559,,0,,,,,22.022,0,,,,27.15596502,,39.92,2.254,0.4756,4.07,303.72042992,393.95,0,-8,292.352,294.5515,,,,1.911939,1.848133,0,-1.75495,0,15.53497,86.9,92.3,33.60358702,,33.60249259,,-3.2,-3.3,-30,-2.9839,-3.0775,-1.8166,,-1.00138771,0.569,78,265.6,86,273,36.2,36.2,38.8,38.8,9998,,828.67,-0.56
underway_1200.34008923,34008923,201011040,2011-03-29T18:40:00,20110329184000,MULTIPOINT ((-66.4628 82.4157)),82.4157,-66.4628,191.1,,172.92480469,,0,,,,,22.022,0,969.24,,,27.17999093,,39.97,5.997,0.4674,,302.22016947,391.82,0,-8,292.4503,292.6888,,,,1.911822,2.464206,0,-1.75495,0,15.5619,87,91.9,33.59584972,,33.59803562,,-3,-3.1,-30,-2.962,-3.0131,-1.7984,,-0.9681674,0.667,87,273.9,97,284.5,36.6,36.6,39.5,39.5,9998,,803.33,-0.52
underway_1200.34009043,34009043,201011040,2011-03-29T19:00:00,20110329190000,MULTIPOINT ((-66.4629 82.4156)),82.4156,-66.4629,191.1,,173.1060791,,0,,,,,22.022,0,969.03,,,27.17780752,,39.99,0.516,0.4592,4.06,301.90604839,391.63,0,-8,291.9537,291.5026,,,,1.911817,2.156105,0,0,0,15.562,85.5,90.8,33.60927581,,33.60818198,,-3,-3,-30,-2.8476,-2.7974,-1.8052,,-0.97989019,0.884,86,272.7,98,284.5,40.5,40.5,42.7,42.7,9998,,0,-0.53
underway_1200.34009163,34009163,201011040,2011-03-29T19:20:00,20110329192000,MULTIPOINT ((-66.4628 82.4156)),82.4156,-66.4628,191.1,,173.29284668,,0,,,,,22.022,0,,,,27.1712548,,40,3.202,0.4346,4.053,301.83236278,391.39,0,-8,291.8816,291.5685,,,,1.911814,2.464162,-1.837056,-1.75495,0,15.56172,85.1,90.4,33.60691322,,33.60691322,,-3,-3,-30,-2.8638,-2.7827,-1.7976,,-0.9867295,1.05,82,268.6,95,281.5,44.5,44.5,48,48,9998,,0,-0.54
underway_1200.34009283,34009283,201011040,2011-03-29T19:40:00,20110329194000,MULTIPOINT ((-66.4628 82.4156)),82.4156,-66.4628,191.1,,173.52905273,,0,,,,,22.022,0,,,,27.17780787,,40.01,-2.023,0.492,4.052,301.49549141,391.02,0,-8,292.0794,291.6867,,,,1.91174,2.156096,-1.837056,-1.75495,204.8877,15.52468,84.6,90,33.61106999,,33.61255771,,-2.9,-2.9,-30,-2.8195,-2.7563,-1.7998,,-0.98379827,1.08,85,271.3,95,281,51.8,51.8,55.2,55.2,9998,,5436.67,-0.53
underway_1200.34009403,34009403,201011040,2011-03-29T20:00:00,20110329200000,MULTIPOINT ((-66.4628 82.4157)),82.4157,-66.4628,191.1,,173.68286133,,0,,,,,22.022,0,968.1,,,27.1723471,,40.03,-0.165,0.4592,4.059,301.34359579,390.89,0,-8,291.7451,293.0524,,,,1.911772,2.464001,0,-1.75495,-204.8877,15.49453,86.4,92,33.60840104,,33.60949512,,-3.1,-3.1,-30,-2.8943,-2.9317,-1.8101,,-0.98770661,1.6,94,280.3,100,286,50.9,50.9,54.8,54.8,9998,,0,-0.55
underway_1200.34009523,34009523,201011040,2011-03-29T20:20:00,20110329202000,MULTIPOINT ((-66.4628 82.4156)),82.4156,-66.4628,191.1,,173.72680664,,0,,,,,22.022,0,,,,27.18108385,,40.05,3.414,0.5084,4.058,300.81210779,390.16,0,-8,292.9188,293.3229,,,,1.911677,2.155924,-1.837056,-1.75495,0,15.45364,86.1,91.3,33.60936313,,33.60826945,,-3,-3.1,-30,-2.8571,-2.8712,-1.7917,,-0.97598235,1.59,87,273.3,98,283.8,48.9,48.9,51.8,51.8,9998,,4945.92,-0.54
underway_1200.34009643,34009643,201011040,2011-03-29T20:40:00,20110329204000,MULTIPOINT ((-66.4628 82.4156)),82.4156,-66.4628,206.3,,173.81469727,,0,,,,,22.022,0,,,,27.19309779,,40.04,3.056,0.5002,,300.86562049,390.26,0,-8,292.6524,294.3766,,,,1.911614,1.847952,-1.837056,-1.75495,0,15.44014,84.8,89.5,33.62025478,,33.61806714,,-2.8,-2.7,-30,-2.6915,-2.6358,-1.7996,,-0.97012105,3.98,82,268.6,94,279.7,43,43,46.2,46.2,9998,,1436.16,-0.53
underway_1200.34009763,34009763,201011040,2011-03-29T21:00:00,20110329210000,MULTIPOINT ((-66.4628 82.4156)),82.4156,-66.4628,186,,173.91906738,,0,,,,,22.022,0,967.14,,,27.19419062,,40,-1.307,0.5084,4.07,301.65833485,391.14,0,-8,292.9534,293.7074,,,,1.911565,2.463904,-1.837056,0,0,15.35248,85.3,89.7,33.62830698,,33.62721265,,-2.7,-2.7,-30,-2.6244,-2.5452,-1.794,,-0.97695928,7.1,90,276.3,99,285.3,46,46,49.5,49.5,9998,,933.12,-0.53
underway_1200.34009883,34009883,201011040,2011-03-29T21:20:00,20110329212000,MULTIPOINT ((-66.4628 82.4156)),82.4156,-66.4628,178.1,,173.97399902,,0,,,,,22.022,0,969.04,,,27.2029274,,40.09,6.074,0.5002,4.048,299.72800909,388.59,0,-8,293.3231,293.0898,,,,1.911534,1.847834,1.837056,0,0,15.33221,84.8,89,33.62160724,,33.62598196,,-2.6,-2.5,-30,-2.5419,-2.4434,-1.7988,,-0.96523706,7.1,82,267.7,94,280.1,40.3,40.3,44,44,9998,,1113.6,-0.52
underway_1200.34010003,34010003,201011040,2011-03-29T21:40:00,20110329214000,MULTIPOINT ((-66.4628 82.4156)),82.4156,-66.4628,178.1,,174.01794434,,0,,,,,22.022,0,967.63,,,27.202928,,40.11,1.941,0.4838,4.061,299.30440737,388.22,0,-8,294.434,295.3939,,,,1.911392,2.46373,-1.837056,-1.75495,204.8877,15.22095,85.2,,33.63035784,,33.6336405,,-2.6,,-30,-2.5189,-2.4091,-1.8035,,-0.97207475,7.1,81,266.6,93,279.4,36.8,36.8,39.2,39.2,9998,,3680.26,-0.52
underway_1200.34010123,34010123,201011040,2011-03-29T22:00:00,20110329220000,MULTIPOINT ((-66.4628 82.4156)),82.4156,-66.4628,178.1,,174.01794434,,0,,,,,22.022,0,967.73,,,27.20620322,,40.06,,0.5084,4.051,300.08952275,389.23,0,-8,293.6907,295.866,,,,1.911344,2.463732,0,-1.75495,0,15.1973,85.1,87.6,33.62060018,,33.6195069,,-2.5,-2.3,-30,-2.4601,-2.3041,-1.8004,,-0.95547023,1.67,79,264.6,97,283,32.1,32.1,34.3,34.3,9998,,3707.14,-0.5
underway_1200.34010243,34010243,201011040,2011-03-29T22:20:00,20110329222000,MULTIPOINT ((-66.4628 82.4155)),82.4155,-66.4628,178.1,,174.04541016,,0,,,,,22.022,0,967.45,,,27.21384908,,40.05,0.939,0.5248,4.051,300.26493392,389.48,0,-8,293.4366,295.405,,,,1.911345,2.155705,0,0,0,15.2108,85.5,87.9,33.63210025,,33.63319402,,-2.6,-2.5,-30,-2.5166,-2.4067,-1.7976,,-0.95840012,0.45,83,268.6,92,278.4,38.7,38.7,41.1,41.1,9998,,3718.66,-0.5
underway_1200.34010363,34010363,201011040,2011-03-29T22:40:00,20110329224000,MULTIPOINT ((-66.4628 82.4155)),82.4155,-66.4628,250,,174.13330078,,0,,,,,22.022,0,966.72,,,27.22586155,,40.08,-0.411,0.5576,,299.55202354,388.43,0,-8,294.2658,294.9686,,,,1.91133,2.155705,-1.837056,-1.75495,0,15.17032,86.8,89.1,33.62509768,,33.62330533,,-2.7,-2.6,-30,-2.5564,-2.5038,-1.7786,,-0.93496491,0.45,81,266.7,87,272.5,39.2,39.2,42.5,42.5,9998,,5061,-0.49
underway_1200.34010483,34010483,201011040,2011-03-29T23:00:00,20110329230000,MULTIPOINT ((-66.4628 82.4155)),82.4155,-66.4628,250,,174.13330078,,0,,,,,22.022,0,967.74,,,27.22476983,,40.07,,0.4838,4.06,299.74963839,388.76,0,-8,293.2967,294.8538,,,,1.911322,2.155734,0,0,0,15.11636,87.6,,33.62689039,,33.62837636,,-2.7,,-30,-2.5478,-2.5294,-1.8002,,-0.94082288,0.45,84,270,95,281,36.8,36.8,38.7,38.7,9998,,0,-0.49
underway_1200.34010603,34010603,201011040,2011-03-29T23:20:00,20110329232000,MULTIPOINT ((-66.4628 82.4155)),82.4155,-66.4628,176.5,,174.13330078,,0,,,,,22.022,0,967.03,,,27.21821653,,40.07,1.2,0.4428,4.05,299.76434279,388.87,0,-8,294.7394,295.1143,,,,1.911322,2.463662,0,-1.75495,0,15.11636,88,90.2,33.62055345,,33.62055345,,-2.6,-2.5,-30,-2.4509,-2.4714,-1.7884,,-0.94179926,0.45,81,266.9,95,280.7,32,32,34,34,9998,,5594.11,-0.49
underway_1200.34010723,34010723,201011040,2011-03-29T23:40:00,20110329234000,MULTIPOINT ((-66.4628 82.4155)),82.4155,-66.4628,176.5,,174.17724609,,0,,,,,22.022,0,967.77,,,27.21275582,,40.07,2.787,0.4838,4.048,299.64820074,388.51,0,-8,297.3702,298.4273,,,,1.911322,2.155704,-1.837056,-1.75495,0,15.10287,87.5,,33.61749448,,33.61858734,,-2.4,,-30,-2.3139,-2.2128,-1.7821,,-0.9466814,0.45,84,270.1,99,285,31.9,31.9,34.1,34.1,9998,,0,-0.48
underway_1200.34010843,34010843,201011040,2011-03-30T00:00:00,20110330000000,MULTIPOINT ((-66.4628 82.4155)),82.4155,-66.4628,176.5,,174.18273926,,0,,,,,22.022,0,967.39,,,27.20947913,,40.05,2.618,0.41,4.046,300.05732157,389.19,0,-8,297.841,296.9634,,,,1.911322,2.46368,0,0,0,15.08938,87.5,88,33.61522168,,33.61412889,,-2.3,-2.1,-30,-2.2093,-2.0606,-1.7391,,-0.9466814,0.266,84,269.9,99,285,26.9,26.9,29.2,29.2,9998,,0,-0.48
underway_1200.34010963,34010963,201011040,2011-03-30T00:20:00,20110330002000,MULTIPOINT ((-66.4627 82.4156)),82.4156,-66.4627,45.6,,174.18273926,,0,,,,,22.022,0,968.11,,,27.21384822,,40.07,8.012,0.6232,4.055,299.64982313,388.54,0,-8,296.761,296.7126,,,,1.911322,2.463662,-1.837056,-1.75495,0,15.10287,88.4,89.5,33.61679499,,33.62225954,,-2.3,-2.3,-30,-2.2254,-2.1162,-1.7839,,-0.94863437,0.26,84,270.3,99,284.4,28,28,30.3,30.3,9998,,0,-0.48
underway_1200.34011083,34011083,201011040,2011-03-30T00:40:00,20110330004000,MULTIPOINT ((-66.4628 82.4156)),82.4156,-66.4628,198.6,,174.18823242,,0,,,,,22.022,0,,,,27.20838828,,40.09,2.749,0.4838,,299.21564887,387.91,0,-8,297.7685,298.4999,,,,3.822644,3.695493,1.837056,1.75495,-204.8877,15.10962,89.6,90.4,33.6301352,,33.6301352,,-2.3,-2.3,-30,-2.2254,-2.1967,-1.7757,,-0.96230685,0.26,88,273.5,99,284.9,32.3,32.3,34.8,34.8,9998,,0,-0.48
underway_1200.34011203,34011203,201011040,2011-03-30T01:00:00,20110330010000,MULTIPOINT ((-66.4628 82.4155)),82.4155,-66.4628,200,,174.2376709,,0,,,,,22.022,0,968.54,,,27.21166393,,40.07,6.26,0.5002,4.068,299.51325169,388.54,0,-8,298.2748,299.2978,,,,10.19372,10.47056,1.837056,1.75495,-204.8877,15.11636,89.3,89.4,33.62256632,,33.62147315,,-2.2,-2.1,-30,-2.113,-2.0197,-1.7915,,-0.95058739,0.26,80,266,90,276,32.7,32.7,35.5,35.5,9998,,5560.32,-0.47
underway_1200.34011323,34011323,201011040,2011-03-30T01:20:00,20110330012000,MULTIPOINT ((-66.4628 82.4155)),82.4155,-66.4628,200,,174.24316406,,0,,,,,22.022,20,968.2,,,27.19965098,,40.02,-1.804,0.5658,4.069,300.52083461,389.65,0,-8,298.6363,299.8773,,,,25.16574,25.56049,9.18528,8.774751,204.8877,15.11636,89,89.3,33.6237085,,33.62480236,,-2.1,-2,-30,-2.0329,-1.8914,-1.8079,,-0.9681674,0.26,81,266.4,93,278.8,26.5,26.5,27.9,27.9,9998,,3707.14,-0.47
underway_1200.34011443,34011443,201011040,2011-03-30T01:40:00,20110330014000,MULTIPOINT ((-66.4628 82.4154)),82.4154,-66.4628,231.5,,174.26513672,,0,,,,,22.022,70,968.19,,,27.20948077,,40,3.739,0.5986,4.065,300.89475284,390.35,0,-8,298.7808,298.0167,,,,46.19027,47.73345,18.37056,19.30445,0,15.08263,89.1,89.2,33.63709251,,33.63490414,,-2.2,-2,-30,-2.0009,-1.8274,-1.8163,,-0.96523706,0.261,81,266.3,94,280.2,28.3,28.3,30.1,30.1,9998,,3667.2,-0.47
underway_1200.34011563,34011563,201011040,2011-03-30T02:00:00,20110330020000,MULTIPOINT ((-66.4628 82.4155)),82.4155,-66.4628,183.9,,174.34753418,,0,,,,,22.022,130,969.12,,,27.20948077,,39.99,1.791,0.615,4.049,300.97628934,390.41,0,-8,300.0772,300.4201,,,,70.08179,72.06211,29.3929,28.0792,0,15.0624,89,89,33.63599829,,33.63490414,,-2.1,-1.9,-30,-1.9369,-1.7714,-1.8084,,-0.96523706,0.262,79,264.7,89,274.5,32.5,32.5,35,35,9998,,3686.4,-0.46
underway_1200.34011683,34011683,201011040,2011-03-30T02:20:00,20110330022000,MULTIPOINT ((-66.4628 82.4156)),82.4156,-66.4628,183.9,,174.4354248,,0,,,,,22.022,240,,,,27.2171256,,40,2.362,0.492,4.073,300.77232031,390.02,0,-8,296.1554,296.3366,,,,107.034,110.5568,47.76346,49.1386,0,15.03542,88.7,88.7,33.63656039,,33.63546655,,-2.1,-1.9,-30,-1.9129,-1.7235,-1.814,,-0.95644684,0.265,76,261.5,92,277.4,33.9,33.9,36.6,36.6,9998,,3707.14,-0.46
underway_1200.34011803,34011803,201011040,2011-03-30T02:40:00,20110330024000,MULTIPOINT ((-66.4628 82.4155)),82.4155,-66.4628,191.8,,174.47387695,,0,,,,,22.022,220,969.23,,,27.2204022,,40.01,1.982,0.5986,,300.3260228,389.67,0,-8,300.2217,300.1042,,,,125.5101,130.882,51.43756,52.64766,204.8844,15.00844,88.7,87.8,33.63515854,,33.63883271,,-2.1,-1.9,-30,-1.9049,-1.6038,-1.8076,,-0.95547023,0.233,91,276.8,100,286,32.7,32.7,35.1,35.1,9998,,3706.37,-0.44
underway_1200.34011923,34011923,201011040,2011-03-30T03:00:00,20110330030000,MULTIPOINT ((-66.4628 82.4155)),82.4155,-66.4628,191.8,,174.47387695,,0,,,,,22.131,220,968.97,,,27.22258572,,40,4.278,0.5084,4.054,300.54252847,389.64,0.007,-8,298.459,300.1044,,,,130.9255,134.8855,55.11167,56.15736,0,14.99494,88.8,88.9,33.62907644,,33.62977662,,-2.1,-1.9,-30,-1.8491,-1.6038,-1.8159,,-0.9447285,0.893,83,268.8,98,284,26.1,26.1,27.9,27.9,71,,3707.14,-0.44
underway_1200.34012043,34012043,201011040,2011-03-30T03:20:00,20110330032000,MULTIPOINT ((-66.4628 82.4156)),82.4156,-66.4628,192.5,,174.46838379,,0,,,,,22.131,430,969.42,,,27.23023074,,39.95,2.6,0.5412,4.068,301.42455052,390.86,0,-8,298.9279,300.6098,,,,210.5639,216.4943,91.8528,94.765,204.8828,14.95447,88.3,88,33.6325269,,33.6325269,,-2,-1.8,-30,-1.7454,-1.4924,-1.8108,,-0.93789382,7.1,82,267.4,100,285.6,33.9,33.9,36.5,36.5,71,,3674.88,-0.43
underway_1200.34012163,34012163,201011040,2011-03-30T03:40:00,20110330034000,MULTIPOINT ((-66.4628 82.4155)),82.4155,-66.4628,192.5,,174.46289062,,0,,,,,22.131,410,969.91,,,27.23350683,,39.98,2.199,0.4756,4.051,300.57963022,389.85,0,-8,301.2313,302.3341,,,,226.1731,233.432,93.68985,98.27583,0,14.914,88.5,87.9,33.62784855,,33.6293341,,-1.9,-1.7,-30,-1.6818,-1.3495,-1.8148,,-0.9310599,7.1,77,262.6,93,278.7,28.5,28.5,31,31,24,,3707.14,-0.41
underway_1200.34012283,34012283,201011040,2011-03-30T04:00:00,20110330040000,MULTIPOINT ((-66.4628 82.4155)),82.4155,-66.4628,197.7,,174.46289062,,0,,,,,22.131,510,969.85,,,27.23132306,,39.96,3.255,0.4592,4.048,301.09429332,390.4,0,-8,301.6634,302.9108,,,,272.0448,281.4734,113.8975,119.3349,0,14.90051,88.5,87.5,33.63401277,,33.63510588,,-1.9,-1.6,-30,-1.5865,-1.2228,-1.7908,,-0.93887016,7.1,80,265.8,91,276.8,35.5,35.5,38.1,38.1,71,,3707.14,-0.42
underway_1200.34012403,34012403,201011040,2011-03-30T04:20:00,20110330042000,MULTIPOINT ((-66.4628 82.4155)),82.4155,-66.4628,245.4,,174.46289062,,0,,,,,22.131,620,970.17,,,27.23241572,,39.98,2.443,0.5084,4.05,300.79379247,389.92,0,-8,301.6634,303.091,,,,321.7392,331.9785,135.9421,140.3871,0,14.90051,88.6,87.6,33.64205869,,33.64205869,,-1.9,-1.6,-30,-1.5865,-1.1832,-1.808,,-0.94375207,7.1,81,266.5,93,278.8,30.7,30.7,32.4,32.4,71,,3707.14,-0.43
underway_1200.34012523,34012523,201011040,2011-03-30T04:40:00,20110330044000,MULTIPOINT ((-66.4628 82.4155)),82.4155,-66.4628,118.7,,174.46289062,,0,,,,,22.131,710,970.78,,,27.22804714,,39.98,,0.4264,,300.66873124,389.93,0,-8,301.9874,303.6311,,,,351.0461,360.9265,154.3127,157.9253,0,14.90051,89.2,87.9,33.64267551,,33.64048807,,-1.8,-1.5,-30,-1.515,-1.0648,-1.8054,,-0.94765788,7.1,81,266.7,92,277.6,33.7,33.7,36.4,36.4,71,,3707.14,-0.42
underway_1200.34012643,34012643,201011040,2011-03-30T05:00:00,20110330050000,MULTIPOINT ((-66.4628 82.4156)),82.4156,-66.4628,180.9,,174.46289062,,0,,,,,22.131,500,970.3,,,27.2269549,,40,3.401,0.5002,4.049,300.27753442,389.54,0.008,-8,304.2544,304.2066,,,,339.5781,351.9957,132.268,136.8698,0,14.90051,89.7,87.7,33.63681469,,33.63900174,,-1.7,-1.4,-30,-1.4596,-0.9387,-1.8092,,-0.94765788,6.21,79,265,91,276.8,26,26,28.2,28.2,71,,3585.02,-0.42
underway_1200.34012763,34012763,201011040,2011-03-30T05:20:00,20110330052000,MULTIPOINT ((-66.4628 82.4155)),82.4155,-66.4628,188.8,,174.46289062,,0,,,,,22.134,870,970.66,,,27.23569234,,40,-0.83,0.5494,4.049,299.898492,388.91,0.001,-8,305.5496,306.3567,,,,417.3052,424.6737,183.7056,185.9958,0,14.90051,90.3,88.2,33.64065702,,33.64542359,,-1.8,-1.5,-30,-1.3963,-0.9387,-1.8084,,-0.94277566,2.18,85,270.1,96,282,30.2,30.2,32.4,32.4,71,,3752.45,-0.39
underway_1200.34012883,34012883,201011040,2011-03-30T05:40:00,20110330054000,MULTIPOINT ((-66.4628 82.4156)),82.4156,-66.4628,188.8,,174.46289062,,0,,,,,22.134,850,970.96,,,27.23132349,,39.98,,0.4346,4.058,300.31410547,389.46,0,-8,304.2544,306.3568,,,,431.003,444.691,183.7056,185.9936,0,14.90051,90.2,88.4,33.6358063,,33.64057251,,-1.9,-1.5,-30,-1.4596,-0.9387,-1.8132,,-0.94375207,0.719,73,258.9,88,273.2,30.5,30.5,32.4,32.4,71,,3707.14,-0.39
underway_1200.34013003,34013003,201011040,2011-03-30T06:00:00,20110330060000,MULTIPOINT ((-66.4628 82.4155)),82.4155,-66.4628,170.8,,174.46289062,,0,,,,,22.134,1060,970.93,,,27.22804644,,39.98,5.117,0.451,4.051,300.3346169,389.42,0,-8,299.3604,300.3384,,,,455.5316,461.6287,209.4244,214.0681,0,14.88702,89.5,87.4,33.6269765,,33.63174119,,-1.8,-1.4,-30,-1.4279,-0.8444,-1.8109,,-0.93984651,0.379,80,265.3,90,275.5,29.8,29.8,32.1,32.1,30,,5548.8,-0.39
underway_1200.34013123,34013123,201011040,2011-03-30T06:20:00,20110330062000,MULTIPOINT ((-66.4628 82.4155)),82.4155,-66.4628,173.5,,174.46289062,,0,,,,,22.134,1120,,,,27.22367855,,40,3.744,0.4346,4.048,299.90252788,388.97,0,-8,302.2393,303.707,,,,500.1292,510.5939,227.7949,231.6147,0,14.87353,89.2,86.9,33.6389172,,33.6389172,,-1.9,-1.5,-30,-1.4596,-0.8129,-1.8131,,-0.95156393,0.279,79,264.1,89,274.6,36.1,36.1,39.5,39.5,30,,5441.28,-0.39
underway_1200.34013243,34013243,201011040,2011-03-30T06:40:00,20110330064000,MULTIPOINT ((-66.4628 82.4156)),82.4156,-66.4628,173.5,,174.46289062,,0,,,,,22.134,1300,971.55,,,27.22258649,,40.01,1.473,0.4264,,299.817112,388.77,0,-8,306.2336,306.7881,,,,626.2764,644.8635,271.8843,280.7451,204.8535,14.87353,89,86.8,33.64180605,,33.63961824,,-1.9,-1.5,-30,-1.4675,-0.8444,-1.8127,,-0.95351705,0.24,89,274.4,101,286.3,31.3,31.3,33.2,33.2,30,,5596.42,-0.4
underway_1200.34013363,34013363,201011040,2011-03-30T07:00:00,20110330070000,MULTIPOINT ((-66.4628 82.4157)),82.4157,-66.4628,220,,174.46838379,,0,,,,,22.134,1680,971.45,,,27.23350683,,40.01,4.086,0.4838,4.049,299.59197722,388.42,0,-8,306.8458,308.868,,,,719.2918,742.4861,323.3218,336.9054,-204.8603,14.87353,88.8,86.6,33.63261243,,33.6293341,,-1.9,-1.5,-30,-1.3327,-0.6248,-1.8052,,-0.9310599,0.228,76,261.3,89,274.6,31.6,31.6,35,35,30,,5560.32,-0.38
underway_1200.34013483,34013483,201011040,2011-03-30T07:20:00,20110330072000,MULTIPOINT ((-66.4628 82.4155)),82.4155,-66.4628,220,,174.46838379,,0,,,,,22.134,1380,971.47,,,27.23132254,,40.06,3.186,0.4592,4.058,298.47125985,387.13,0,-8,302.5344,304.2095,,,,561.281,579.2685,260.8619,266.7137,0,14.87016,88.7,86.7,33.6285483,,33.6285483,,-1.9,-1.5,-30,-1.3946,-0.7031,-1.8196,,-0.93301237,0.218,77,262.8,91,276.9,28.4,28.4,31.5,31.5,30,,5596.42,-0.37
underway_1200.34013603,34013603,201011040,2011-03-30T07:40:00,20110330074000,MULTIPOINT ((-66.4628 82.4156)),82.4156,-66.4628,201.5,,174.46838379,,0,,,,,22.134,1370,971.54,,,27.22695508,,40,3.283,0.5494,4.05,300.14141186,389.16,0,-8,304.6205,307.6495,,,,567.653,588.1993,260.8619,270.2183,0,14.84654,88.9,86.5,33.64228286,,33.64118908,,-1.9,-1.5,-30,-1.379,-0.6561,-1.8121,,-0.94961087,0.21,78,263.4,91,276.3,29,29,31.9,31.9,30,,5541.89,-0.41
underway_1200.34013723,34013723,201011040,2011-03-30T08:00:00,20110330080000,MULTIPOINT ((-66.4628 82.4155)),82.4155,-66.4628,207,,174.46838379,,0,,,,,22.134,710,971.64,,,27.22804714,,40.03,1.431,0.5494,4.055,299.41814234,388.31,0,-8,301.7479,303.9553,,,,323.0035,336.9058,139.6162,143.8818,0,14.81957,89.4,86.9,33.63978716,,33.64048807,,-1.9,-1.6,-30,-1.5678,-0.9938,-1.8126,,-0.94765788,0.203,72,257.1,87,272.5,24.4,24.4,25.1,25.1,30,,5470.46,-0.4
underway_1200.34013843,34013843,201011040,2011-03-30T08:20:00,20110330082000,MULTIPOINT ((-66.4628 82.4155)),82.4155,-66.4628,185.7,,174.46838379,,0,,,,,22.134,1380,971.62,,,27.23460036,,40,-0.297,0.5084,4.064,299.88834581,388.83,0,-8,304.488,305.8927,,,,534.5095,545.0852,260.8619,266.7078,-204.8535,14.7656,89.8,87.1,33.64503105,,33.6472185,,-1.9,-1.5,-30,-1.4081,-0.8051,-1.8124,,-0.94570494,0.2,80,265.4,90,275.4,28.9,28.9,31.6,31.6,30,,5560.32,-0.39
underway_1200.34013963,34013963,201011040,2011-03-30T08:40:00,20110330084000,MULTIPOINT ((-66.4628 82.4156)),82.4156,-66.4628,194.6,,174.47387695,,0,,,,,22.134,370,971.71,,,27.23132383,,39.99,2.921,0.4674,,300.21911225,389.21,0,-8,299.8746,301.7694,,,,207.0546,214.9545,84.50457,87.73284,0,14.75211,90,87.4,33.64275967,,33.64494711,,-1.8,-1.5,-30,-1.5366,-1.0017,-1.8161,,-0.94765788,0.195,76,261.6,91,276.3,25.8,25.8,28.8,28.8,30,,5560.32,-0.4
underway_1200.34014083,34014083,201011040,2011-03-30T09:00:00,20110330090000,MULTIPOINT ((-66.4628 82.4155)),82.4155,-66.4628,187.7,,174.45739746,,0,,,,,22.134,650,971.7,,,27.23241538,,40.01,1.337,0.533,4.056,299.32547224,388.12,0,-8,302.4701,302.4883,,,,301.3404,311.9612,128.5939,133.3539,-204.8535,14.73862,89.8,87,33.6413578,,33.63768504,,-1.8,-1.4,-30,-1.4088,-0.8444,-1.8117,,-0.93984651,0.197,82,267.8,94,279.9,30.1,30.1,32.4,32.4,30,,5560.32,-0.36
underway_1200.34014203,34014203,201011040,2011-03-30T09:20:00,20110330092000,MULTIPOINT ((-66.4628 82.4155)),82.4155,-66.4628,187.7,,174.22668457,,0,,,,,22.134,840,971.8,,,27.23350796,,40.01,3.225,0.492,4.054,299.56918017,388.53,0,-8,302.2441,304.2069,,,,342.1223,357.2309,156.1497,161.4293,0,14.72513,89.5,87,33.6424513,,33.64354486,,-1.8,-1.4,-30,-1.4585,-0.9387,-1.8126,,-0.94375207,0.198,81,267.2,92,278.2,31.2,31.2,33.5,33.5,30,,5560.32,-0.38
underway_1200.34014323,34014323,201011040,2011-03-30T09:40:00,20110330094000,MULTIPOINT ((-66.4628 82.4155)),82.4155,-66.4628,249.1,,174.06738281,,0,,,,,22.134,410,972.08,,,27.2356926,,39.99,4.014,0.4756,4.052,299.70696026,388.57,0,-8,298.7929,300.4067,,,,192.084,198.9407,84.50457,84.22354,0,14.71164,89.5,87.1,33.65089262,,33.64870479,,-1.9,-1.5,-30,-1.5529,-1.0648,-1.8163,,-0.94570494,0.196,77,263,93,279.1,23.1,23.1,23.9,23.9,30,,5394.43,-0.36
underway_1200.34014443,34014443,201011040,2011-03-30T10:00:00,20110330100000,MULTIPOINT ((-66.4628 82.4156)),82.4156,-66.4628,333.1,,174.05639648,,0,,,,,22.134,240,972.08,,,27.23023195,,39.98,3.626,0.4838,4.051,300.16273928,389.33,0,-8,295.7632,297.1045,,,,147.171,153.3629,60.62284,63.16765,-204.8535,14.65768,89.2,86.8,33.64783631,,33.64783631,,-2,-1.7,-30,-1.7769,-1.3178,-1.8199,,-0.95156393,0.195,77,263.3,96,282.2,24.2,24.2,26.6,26.6,30,,5730.82,-0.38
underway_1200.34014563,34014563,201011040,2011-03-30T10:20:00,20110330102000,MULTIPOINT ((-66.4628 82.4155)),82.4155,-66.4628,253.5,,174.12780762,,0,,,,,22.134,580,,,,27.23023169,,39.98,4.55,0.4756,4.047,300.17035816,389.17,0,-8,295.9122,296.0295,,,,226.1692,232.2001,112.0604,115.8074,0,14.64418,89.1,86.6,33.64455453,,33.64455453,,-2,-1.7,-30,-1.7439,-1.3178,-1.8082,,-0.94863437,0.197,77,262.9,94,279.7,33.7,33.7,37,37,30,,5560.32,-0.38
underway_1200.34014683,34014683,201011040,2011-03-30T10:40:00,20110330104000,MULTIPOINT ((-66.4628 82.4156)),82.4156,-66.4628,217,,174.23217773,,0,,,,,22.134,250,972.49,,,27.23787681,,40.02,5.49,0.533,,299.34101739,388.19,0,-8,299.7916,300.0408,,,,130.6069,135.1934,55.11167,56.15076,0,14.6172,88.7,86.4,33.65386543,,33.64839591,,-2,-1.7,-30,-1.7772,-1.3812,-1.8132,,-0.94277566,0.193,82,267.8,96,282,25.2,25.2,26.9,26.9,30,,5541.89,-0.38
underway_1200.34014803,34014803,201011040,2011-03-30T11:00:00,20110330110000,MULTIPOINT ((-66.4628 82.4156)),82.4156,-66.4628,217,,174.27612305,,0,,,,,22.134,80,972.82,,,27.23132383,,39.98,3.519,0.5248,4.049,300.29378491,389.39,0,-8,291.7282,290.43,,,,71.99309,73.29394,25.71878,28.07521,0,14.59697,88.6,86.2,33.64455453,,33.64494711,,-2.2,-1.9,-30,-2.0009,-1.6038,-1.8193,,-0.94765788,0.193,82,267.6,92,278.2,30.6,30.6,32.5,32.5,30,,5560.32,-0.39
underway_1200.34014923,34014923,201011040,2011-03-30T11:20:00,20110330112000,MULTIPOINT ((-66.4628 82.4156)),82.4156,-66.4628,197.5,,174.27612305,,0,,,,,22.134,80,972.68,,,27.22913945,,40,,0.492,4.047,299.88528693,389.05,0,-8,289.424,289.8518,,,,55.42831,57.5881,22.04467,22.81125,0,14.57673,88.9,86.6,33.64634977,,33.64306814,,-2.2,-1.9,-30,-2.0649,-1.7315,-1.8155,,-0.94863437,0.193,84,270.1,100,285.7,28.5,28.5,30.4,30.4,30,,5280,-0.39
underway_1200.34015043,34015043,201011040,2011-03-30T11:40:00,20110330114000,MULTIPOINT ((-66.4628 82.4157)),82.4157,-66.4628,44.9,,174.27062988,,0,,,,,22.134,30,972.85,,,27.23350752,,39.97,2.248,0.5576,4.057,300.5010542,389.61,0,-8,293.4904,294.1518,,,,33.76667,35.10718,12.85939,12.28321,204.8638,14.543,88.3,86,33.6424513,,33.63807775,,-2.1,-1.9,-30,-2.0569,-1.7315,-1.8058,,-0.93887016,0.193,80,265.8,93,278.3,33.1,33.1,35.2,35.2,30,,5560.32,-0.39
underway_1200.34015163,34015163,201011040,2011-03-30T12:00:00,20110330120000,MULTIPOINT ((-66.4627 82.4156)),82.4156,-66.4627,239.5,,169.27185059,,0,,,,,22.134,0,973.58,,,27.23350856,,39.91,3.832,0.5412,4.052,301.701406,391.33,0,-8,277.1888,277.3389,,,,15.29057,16.0138,5.511168,5.264485,0,14.53626,87.9,85.9,33.64971532,,33.65120184,,-2.2,-2.1,-30,-2.097,-1.8834,-1.8066,,-0.95058739,0.193,83,273.9,93,284.1,38.1,38.1,40.9,40.9,30,,2537.47,-0.39
underway_1200.34015283,34015283,201011040,2011-03-30T12:20:00,20110330122000,MULTIPOINT ((-66.4628 82.4155)),82.4155,-66.4628,239.5,,169.48059082,,0,,,,,22.134,0,973.17,,,27.2422454,,39.98,,0.5002,4.05,300.2803054,389.56,0,-8,292.1575,292.2072,,,,6.37107,6.467112,1.837056,1.75491,204.8831,14.52277,87.4,85.4,33.65035794,,33.64996557,,-2.2,-2,-30,-2.129,-1.9235,-1.7963,,-0.93887016,0.194,81,271.2,91,282,29.1,29.1,31.2,31.2,30,,790.98,-0.39
underway_1200.34015403,34015403,201011040,2011-03-30T12:40:00,20110330124000,MULTIPOINT ((-66.4627 82.4155)),82.4155,-66.4627,164.9,,169.60144043,,0,,,,,22.134,0,973.52,,,27.23460045,,40.04,6.306,0.6232,,299.21036321,388.07,0,-8,266.2505,267.9148,,,,2.548428,2.463662,0,-1.754816,0,14.52277,86.8,85.4,33.6424513,,33.64831233,,-2.1,-1.9,-30,-2.0649,-1.8274,-1.8089,,-0.9466814,0.194,74,264,84,273.9,29.4,29.4,32,32,30,,790.93,-0.4
underway_1200.34015523,34015523,201011040,2011-03-30T13:00:00,20110330130000,MULTIPOINT ((-66.4628 82.4154)),82.4154,-66.4628,164.9,,170.9967041,,0,,,,,22.134,0,973.62,,,27.23350804,,40.06,2.488,0.5248,4.052,298.81262671,387.68,0,-8,251.675,255.509,,,,1.911321,2.463662,-1.837056,-1.754925,0,14.50928,86.3,85.1,33.64026438,,33.6446385,,-2.2,-2,-30,-2.1692,-1.9555,-1.7932,,-0.9447285,0.194,79,267.6,89,278.2,34.5,34.5,37,37,30,,790.91,-0.4
underway_1200.34015643,34015643,201011040,2011-03-30T13:20:00,20110330132000,MULTIPOINT ((-66.4628 82.4155)),82.4155,-66.4628,202.8,,170.81542969,,0,,,,,22.134,0,973.33,,,27.23896947,,40.07,2.559,0.5002,4.052,298.69686886,387.53,0,-8,256.8935,259.8099,,,,1.911321,2.155704,-1.837056,-1.754905,0,14.49579,85.1,83.5,33.65644602,,33.65535185,,-2.2,-2,-30,-2.129,-1.9555,-1.79,,-0.94765788,0.194,78,267.4,90,279.2,30.2,30.2,32.2,32.2,30,,790.92,-0.41
underway_1200.34015763,34015763,201011040,2011-03-30T13:40:00,20110330134000,MULTIPOINT ((-66.4627 82.4155)),82.4155,-66.4627,56.2,,171.24389648,,0,,,,,22.134,0,973.81,,,27.23350847,,40.06,6.719,0.5412,4.06,299.14602805,387.98,0,-8,293.7433,293.8972,,,,1.911321,2.463662,1.837056,-1.754938,0,14.4823,83.7,82.7,33.65557884,,33.65010777,,-2.1,-1.8,-30,-2.0009,-1.7874,-1.8069,,-0.94961087,0.195,77,265.3,87,275.3,25.7,25.7,27.8,27.8,30,,790.93,-0.43
underway_1200.34015883,34015883,201011040,2011-03-30T14:00:00,20110330140000,MULTIPOINT ((-66.4627 82.4155)),82.4155,-66.4627,56.2,,170.95825195,,0,,,,,22.134,0,973.8,,,27.23678518,,40.08,4.893,0.533,4.062,298.62794214,387.32,0,-8,294.4617,293.572,,,,1.911321,2.155704,-1.837056,-1.754843,0,14.4823,84.9,83.7,33.65237902,,33.65456724,,-2.2,-2,-30,-2.0649,-1.8594,-1.8053,,-0.94961087,0.196,90,278.6,97,286.5,30.5,30.5,33.3,33.3,30,,790.93,-0.42
underway_1200.34016003,34016003,201011040,2011-03-30T14:20:00,20110330142000,MULTIPOINT ((-66.4627 82.4155)),82.4155,-66.4627,185.2,,171.79870605,,0,,,,,22.134,0,974.18,,,27.23896921,,40.08,6.272,0.5904,4.059,298.73884044,387.36,0,-8,293.7385,292.8472,,,,1.911321,2.463662,1.837056,1.754947,-204.8873,14.46881,85.8,84.2,33.65754026,,33.65206978,,-2.3,-2.2,-30,-2.2254,-2.0197,-1.8018,,-0.9447285,0.196,88,276,99,287.7,33.3,33.3,35.9,35.9,30,,790.98,-0.43
underway_1200.34016123,34016123,201011040,2011-03-30T14:40:00,20110330144000,MULTIPOINT ((-66.4627 82.4155)),82.4155,-66.4627,185.2,,171.87561035,,0,,,,,22.134,0,974.14,,,27.23569242,,40.08,3.605,0.5248,,298.76088505,387.47,0,-8,294.8545,294.9977,,,,1.911321,2.463662,-1.837056,-1.754842,0,14.45532,85.3,83.9,33.64800346,,33.64651725,,-2.3,-2.1,-30,-2.2013,-2.0197,-1.7928,,-0.94375207,0.195,69,257.6,88,275.7,30.5,30.5,30.4,30.4,30,,790.98,-0.43
underway_1200.34016243,34016243,201011040,2011-03-30T15:00:00,20110330150000,MULTIPOINT ((-66.4627 82.4155)),82.4155,-66.4627,185.2,,171.88110352,,0,,,,,22.134,0,974.63,,,27.23350865,,40.08,6.331,0.5494,4.058,298.87890068,387.51,0,-8,294.2088,293.3908,,,,1.911321,1.847746,-1.837056,-1.754917,0,14.45532,84,82.4,33.65010777,,33.65229598,,-2.2,-2,-30,-2.121,-1.8994,-1.8067,,-0.95156393,0.196,75,263.5,86,274.1,35.4,35.4,38.9,38.9,30,,790.99,-0.44
underway_1200.34016363,34016363,201011040,2011-03-30T15:20:00,20110330152000,MULTIPOINT ((-66.4627 82.4154)),82.4154,-66.4627,185.2,,171.88110352,,0,,,,,22.134,0,974.25,,,27.25098225,,40.07,2.697,0.4428,4.053,298.84604808,387.61,0,-8,220.188,220.815,,,,1.911321,2.155704,-1.837056,-1.754941,0,14.4452,83.4,82.2,33.64505933,,33.6487309,,-2.2,-2.1,-30,-2.2254,-2.0197,-1.8139,,-0.92715514,0.196,79,267.6,88,276.2,28.6,28.6,30.7,30.7,30,,791,-0.42
underway_1200.34016483,34016483,201011040,2011-03-30T15:40:00,20110330154000,MULTIPOINT ((-66.4627 82.4155)),82.4155,-66.4627,185.2,,171.87011719,,0,,,,,22.134,0,974.56,,,27.25316612,,40.05,4.6,0.5166,4.064,299.12220623,388.06,0,-8,217.811,217.938,,,,1.911321,2.155704,-1.837056,-1.754949,0,14.43845,82.7,81,33.64662893,,33.64405091,,-2.3,-2.1,-30,-2.3058,-2.1806,-1.7998,,-0.9203224,0.196,74,262.1,84,272.5,35.9,35.9,39.5,39.5,30,,791,-0.41
underway_1200.34016603,34016603,201011040,2011-03-30T16:00:00,20110330160000,MULTIPOINT ((-66.4627 82.4154)),82.4154,-66.4627,207.7,,171.87011719,,0,,,,,22.134,0,974.38,,,27.2651798,,40.02,3.306,0.533,4.073,299.61104896,388.49,0,-8,220.1814,221.6588,,,,1.911321,2.463662,-1.837056,-1.75493,0,14.44182,81.8,80.9,33.64360489,,33.64836665,,-2.4,-2.2,-30,-2.4509,-2.3096,-1.8032,,-0.90958676,0.198,71,259.4,81,268.9,28.2,28.2,28.7,28.7,30,,791,-0.4
underway_1200.34016723,34016723,201011040,2011-03-30T16:20:00,20110330162000,MULTIPOINT ((-66.4627 82.4155)),82.4155,-66.4627,207.7,,171.93603516,,0,,,,,22.134,0,975.08,,,27.27282479,,40.05,2.703,0.492,4.067,298.99301052,387.8,0,-8,217.6298,217.6115,,,,1.911321,1.847746,-1.837056,-1.754949,0,14.43508,79.2,78.5,33.64931967,,33.65001972,,-2.2,-2.1,-30,-2.3461,-2.2531,-1.8101,,-0.9017802,0.199,75,262.6,83,271.2,36.7,36.7,40.3,40.3,30,,791.01,-0.4
underway_1200.34016843,34016843,201011040,2011-03-30T16:40:00,20110330164000,MULTIPOINT ((-66.4627 82.4155)),82.4155,-66.4627,207.7,,172.04040527,,0,,,,,22.134,0,974.15,,,27.28046997,,40.05,0.939,0.533,,298.97999141,387.86,0,-8,217.8761,219.2172,,,,1.911321,2.155704,-1.837056,-1.754947,0,14.42159,80.1,79.1,33.65494879,,33.65385659,,-2.5,-2.3,-30,-2.5155,-2.3742,-1.8085,,-0.89592591,0.2,78,266.2,96,284.4,30.9,30.9,33.4,33.4,30,,791.01,-0.4
underway_1200.34016963,34016963,201011040,2011-03-30T17:00:00,20110330170000,MULTIPOINT ((-66.4628 82.4155)),82.4155,-66.4628,183.5,,172.07336426,,0,,,,,22.134,0,974.53,,,27.27173272,,39.99,3.546,0.4428,4.066,300.20569952,389.41,0,-8,224.4935,225.2311,,,,1.911321,2.155704,-1.837056,-1.754949,0,14.37774,81.4,79.6,33.6485353,,33.65071987,,-2.6,-2.4,-30,-2.6126,-2.4714,-1.8,,-0.90373175,0.199,80,268.3,90,277.8,29.5,29.5,31.5,31.5,30,,791.04,-0.4
underway_1200.34017083,34017083,201011040,2011-03-30T17:20:00,20110330172000,MULTIPOINT ((-66.4627 82.4154)),82.4154,-66.4627,183.5,,172.07336426,,0,,,,,22.134,0,974.63,,,27.2706391,,40.02,3.147,0.4756,4.054,299.64354283,388.59,0,-8,265.0855,266.5226,,,,1.911321,2.463662,-1.837056,-1.754891,0,14.37437,81.7,79.6,33.62958543,,33.63176761,,-2.6,-2.4,-30,-2.5478,-2.3742,-1.7983,,-0.88812107,0.2,77,264.5,89,276.7,28.2,28.2,30.8,30.8,9998,,791.03,-0.4
underway_1200.34017203,34017203,201011040,2011-03-30T17:40:00,20110330174000,MULTIPOINT ((-66.4627 82.4155)),82.4155,-66.4627,178.9,,172.07336426,,0,,,,,22.134,0,974.8,,,27.2750091,,40.04,3.662,0.5248,4.056,299.08157254,388,0,-8,281.0324,282.4459,,,,1.911321,2.155704,0,-1.754909,204.8829,14.34739,81.2,80.1,33.64495158,,33.65080401,,-2.4,-2.2,-30,-2.3622,-2.1806,-1.8054,,-0.89982871,0.2,78,265.7,88,276.1,30.6,30.6,33,33,9998,,791.04,-0.39
underway_1200.34017323,34017323,201011040,2011-03-30T18:00:00,20110330180000,MULTIPOINT ((-66.4627 82.4155)),82.4155,-66.4627,1.3,,172.07336426,,0,,,,,22.134,0,974.87,,,27.27063988,,40.06,4.843,0.5248,4.066,298.81208394,387.41,0,-8,291.4338,291.4094,,,,1.911321,1.847746,-1.837056,-1.754948,-204.8875,14.3339,82.4,80.5,33.6404992,,33.64159097,,-2.3,-2.2,-30,-2.2897,-2.1001,-1.8094,,-0.89690159,0.201,80,267.9,90,278.2,27.5,27.5,29.8,29.8,9998,,791.03,-0.4
underway_1200.34017443,34017443,201011040,2011-03-30T18:20:00,20110330182000,MULTIPOINT ((-66.4627 82.4154)),82.4154,-66.4627,1.3,,172.07336426,,0,,,,,22.134,0,975.29,,,27.26845574,,40.06,6.318,0.4592,4.053,298.56572015,387.2,0,-8,292.731,292.7021,,,,1.911321,2.155704,-1.837056,0,0,14.3339,82.4,80.4,33.64080622,,33.64299007,,-2.3,-2.2,-30,-2.2254,-2.0518,-1.8025,,-0.90080444,0.202,81,269.2,92,280.1,27,27,28.6,28.6,9998,,791.03,-0.38
underway_1200.34017563,34017563,201011040,2011-03-30T18:40:00,20110330184000,MULTIPOINT ((-66.4627 82.4155)),82.4155,-66.4627,1.3,,172.1282959,,0,,,,,22.134,0,975.18,,,27.26408704,,40.01,4.376,0.492,,299.81456312,388.64,0,-8,290.2869,290.1288,,,,1.911321,1.539789,-1.837056,-1.754948,0,14.28668,81,79,33.64290507,,33.64032852,,-2.1,-2,-30,-2.097,-1.9075,-1.8122,,-0.90373175,0.202,82,269.9,92,280.3,30.5,30.5,32.6,32.6,9998,,791.03,-0.4
underway_1200.34017683,34017683,201011040,2011-03-30T19:00:00,20110330190000,MULTIPOINT ((-66.4627 82.4155)),82.4155,-66.4627,327.1,,172.14477539,,0,,,,,22.134,0,975.05,,,27.25971808,,40.03,,0.4674,4.055,299.42558323,388.28,0,-8,289.1348,290.2012,,,,1.911321,2.463662,0,-1.754949,0,14.2968,82.6,80.5,33.63657459,,33.63439079,,-2.2,-2,-30,-2.129,-1.8914,-1.8084,,-0.90373175,0.202,80,268.1,92,279.7,21.3,21.3,22.7,22.7,9998,,791.02,-0.4
underway_1200.34017803,34017803,201011040,2011-03-30T19:20:00,20110330192000,MULTIPOINT ((-66.4627 82.4155)),82.4155,-66.4627,327.1,,172.18322754,,0,,,,,22.134,0,975.4,,,27.26190308,,40.07,1.939,0.5166,4.054,298.59796709,387.33,0,-8,295.4693,294.7913,,,,1.911321,2.463662,0,-1.754949,0,14.27993,83,81.1,33.6460973,,33.64391245,,-2.1,-2,-30,-2.0649,-1.8274,-1.8171,,-0.90958676,0.202,75,262.9,87,275.3,27.2,27.2,29.2,29.2,9998,,791.03,-0.4
underway_1200.34017923,34017923,201011040,2011-03-30T19:40:00,20110330194000,MULTIPOINT ((-66.4627 82.4155)),82.4155,-66.4627,327.1,,172.34802246,,0,,,,,22.134,0,975.29,,,27.2564418,,40.05,3.268,0.4674,4.053,298.89632032,387.58,0,-8,294.4617,293.5716,,,,1.911321,2.463662,-1.837056,-1.754942,0,14.26644,84.6,82.7,33.63797364,,33.63539689,,-2.2,-2,-30,-2.0649,-1.8594,-1.8107,,-0.90861089,0.201,80,267.7,84,271.5,26.7,26.7,28.7,28.7,9998,,791.01,-0.39
underway_1200.34018043,34018043,201011040,2011-03-30T20:00:00,20110330200000,MULTIPOINT ((-66.4627 82.4155)),82.4155,-66.4627,327.1,,172.3260498,,0,,,,,22.134,0,975.26,,,27.25644266,,40.05,,0.5084,4.063,299.0040935,387.68,0,-8,295.6138,295.8666,,,,1.911321,2.155704,-1.837056,1.754902,0,14.26644,84.9,82.6,33.64452787,,33.64632084,,-2.1,-1.9,-30,-2.0329,-1.8274,-1.8053,,-0.91837033,0.201,75,262.9,85,273.1,27.9,27.9,30,30,9998,,791.01,-0.4
underway_1200.34018163,34018163,201011040,2011-03-30T20:20:00,20110330202000,MULTIPOINT ((-66.4627 82.4155)),82.4155,-66.4627,327.1,,172.24914551,,0,,,,,22.134,0,975.7,,,27.25098173,,40.04,2.685,0.5084,4.068,299.45301316,388.26,0,-8,295.7583,296.1196,,,,1.911321,2.463662,1.837056,0,-204.8875,14.21585,85.1,82.8,33.6439664,,33.64217325,,-2.1,-1.9,-30,-2.0009,-1.7714,-1.8076,,-0.92129846,0.198,68,255.3,90,277.8,22.5,22.5,20.1,20.1,9998,,791.01,-0.42
underway_1200.34018283,34018283,201011040,2011-03-30T20:40:00,20110330204000,MULTIPOINT ((-66.4628 82.4155)),82.4155,-66.4628,190.7,,172.21618652,,0,,,,,22.134,0,975.52,,,27.2477052,,40.03,-0.241,0.5166,,299.53847889,388.62,0,-8,295.7583,296.0112,,,,1.911321,1.847746,1.837056,-1.754949,0,14.1855,84.7,82.7,33.64099572,,33.63990296,,-2.1,-1.9,-30,-2.0009,-1.7954,-1.8036,,-0.92325063,0.198,70,257.9,84,271.7,27.3,27.3,30.4,30.4,9998,,791.02,-0.41
underway_1200.34018403,34018403,201011040,2011-03-30T21:00:00,20110330210000,MULTIPOINT ((-66.4627 82.4155)),82.4155,-66.4627,19.7,,172.24365234,,0,,,,,22.134,0,975.09,,,27.24879761,,40.04,7.047,0.492,4.068,299.21029433,388.04,0,-8,294.6786,293.7164,,,,1.911321,2.463662,-1.837056,-1.754912,0,14.15852,84.4,82.4,33.64248106,,33.64357394,,-2.1,-1.9,-30,-2.0168,-1.8274,-1.8147,,-0.92520285,0.199,78,265.4,86,274.1,34.6,34.6,37.1,37.1,9998,,790.99,-0.4
underway_1200.34018523,34018523,201011040,2011-03-30T21:20:00,20110330212000,MULTIPOINT ((-66.4627 82.4155)),82.4155,-66.4627,19.7,,172.1282959,,0,,,,,22.134,0,975.23,,,27.24879726,,40.03,6.212,0.4838,4.061,299.53665976,388.36,0,-8,295.3246,295.5772,,,,1.911321,2.155704,0,-1.754842,204.8751,14.14165,85.1,83.5,33.64178076,,33.63920284,,-2.2,-2,-30,-2.097,-1.8914,-1.8106,,-0.92129846,0.198,79,267,91,279,19.9,19.9,21.5,21.5,9998,,790.98,-0.41
underway_1200.34018643,34018643,201011040,2011-03-30T21:40:00,20110330214000,MULTIPOINT ((-66.4627 82.4155)),82.4155,-66.4627,19.7,,172.1282959,,0,,,,,22.134,0,975.75,,,27.24770528,,40.01,1.434,0.4838,4.052,299.82243622,388.88,0,-8,295.1801,294.9976,,,,1.911321,2.155704,0,0,0,14.10456,85.2,84.1,33.6395104,,33.64099572,,-2.2,-2.1,-30,-2.129,-2.0197,-1.8174,,-0.92422673,0.198,86,274,95,282.6,27.2,27.2,29,29,9998,,790.96,-0.4
underway_1200.34018763,34018763,201011040,2011-03-30T22:00:00,20110330220000,MULTIPOINT ((-66.4627 82.4154)),82.4154,-66.4627,68.9,,172.09533691,,0,,,,,22.134,0,975.39,,,27.25425758,,40,5.708,0.5084,4.057,300.27920316,389.21,0,-8,294.4565,294.4172,,,,1.911321,2.463662,-1.837056,0,0,14.09106,86,84.2,33.63609638,,33.63570379,,-2.4,-2.2,-30,-2.2897,-2.1484,-1.8069,,-0.91153856,0.198,88,275.8,95,282.9,32.3,32.3,34.5,34.5,9998,,790.95,-0.42
underway_1200.34018883,34018883,201011040,2011-03-30T22:20:00,20110330222000,MULTIPOINT ((-66.4627 82.4154)),82.4154,-66.4627,232.1,,172.44140625,,0,,,,,22.134,0,,,,27.25535017,,40.02,2.746,0.4756,4.054,299.63442392,388.48,0,-8,294.6012,294.4171,,,,1.911321,1.847746,0,-1.754949,0,14.09106,85.7,84.7,33.63351962,,33.64155794,,-2.4,-2.3,-30,-2.2575,-2.1484,-1.8139,,-0.91544234,0.198,77,265.3,84,272,35.7,35.7,38.6,38.6,9998,,790.91,-0.4
underway_1200.34019003,34019003,201011040,2011-03-30T22:40:00,20110330224000,MULTIPOINT ((-66.4627 82.4154)),82.4154,-66.4627,232.1,,168.60717773,,0,,,,,22.134,0,975.18,,,27.25316526,,39.93,1.963,0.451,,301.44489906,391.09,0,-8,294.3116,293.9817,,,,1.911321,2.463662,-1.837056,0,0,14.06071,86.2,85.2,33.63858804,,33.63312697,,-2.4,-2.4,-30,-2.3219,-2.2451,-1.8152,,-0.91056265,0.198,85,276.3,92,283.4,38.5,38.5,41.6,41.6,9998,,790.87,-0.4
underway_1200.34019123,34019123,201011040,2011-03-30T23:00:00,20110330230000,MULTIPOINT ((-66.4627 82.4154)),82.4154,-66.4627,176.4,,168.57971191,,0,,,,,22.134,0,975.18,,,27.25098165,,39.88,1.649,0.492,4.07,302.45038737,392.32,0,-8,294.7757,295.2599,,,,1.911321,2.155704,-1.837056,0,0,14.01012,87.5,87.8,33.64365847,,33.64108056,,-2.6,-2.6,-30,-2.4428,-2.439,-1.8134,,-0.9203224,0.198,87,278.1,94,285.5,34.9,34.9,37.7,37.7,30,,790.88,-0.4
underway_1200.34019243,34019243,201011040,2011-03-30T23:20:00,20110330232000,MULTIPOINT ((-66.4627 82.4155)),82.4155,-66.4627,176.4,,168.54125977,,0,,,,,22.134,0,975.9,,,27.25207337,,39.88,5.233,0.5658,4.068,302.59935659,392.45,0,-8,294.7033,295.2598,,,,1.911321,2.463662,0,0,0,13.96965,87.5,87,33.63312697,,33.6360108,,-2.6,-2.5,-30,-2.4589,-2.439,-1.8121,,-0.91446637,0.198,87,278.7,93,284.3,29.1,29.1,31.5,31.5,30,,790.84,-0.41
underway_1200.34019363,34019363,201011040,2011-03-30T23:40:00,20110330234000,MULTIPOINT ((-66.4627 82.4155)),82.4155,-66.4627,156.4,,168.5357666,,0,,,,,22.134,0,975.86,,,27.2531663,,39.91,3.498,0.4756,4.061,301.97038992,391.68,0,-8,295.2755,294.9324,,,,1.911321,1.847746,0,0,0,13.97639,88.2,88.2,33.64077297,,33.64623655,,-2.7,-2.7,-30,-2.5559,-2.5119,-1.8152,,-0.92227454,0.198,87,278,95,286.8,33,33,36.1,36.1,30,,790.73,-0.41
underway_1200.34019483,34019483,201011040,2011-03-31T00:00:00,20110331000000,MULTIPOINT ((-66.4627 82.4155)),82.4155,-66.4627,209.1,,168.5357666,,0,,,,,22.134,0,976.39,,,27.25316586,,39.89,2.438,0.492,4.067,302.49680111,392.27,0,-8,295.1666,294.8232,,,,1.911321,2.463662,0,0,0,13.94267,88.3,88.2,33.64295819,,33.64077297,,-2.7,-2.7,-30,-2.5802,-2.5362,-1.8158,,-0.91739432,0.198,90,281.2,96,287.3,33.1,33.1,36.2,36.2,30,,790.73,-0.42
underway_1200.34019603,34019603,201011040,2011-03-31T00:20:00,20110331002000,MULTIPOINT ((-66.4627 82.4155)),82.4155,-66.4627,209.1,,168.55224609,,0,,,,,22.134,0,975.99,,,27.24988967,,39.92,3.328,0.492,4.071,301.88358131,391.53,0,-8,295.8838,294.6755,,,,1.911321,2.463675,1.837056,0,0,13.94267,88.7,88.6,33.6439664,,33.64287354,,-2.7,-2.7,-30,-2.6449,-2.5691,-1.8149,,-0.92325063,0.198,81,272.4,92,283.5,23.1,23.1,24.7,24.7,30,,790.7,-0.42
underway_1200.34019723,34019723,201011040,2011-03-31T00:40:00,20110331004000,MULTIPOINT ((-66.4627 82.4155)),82.4155,-66.4627,198.6,,168.55773926,,0,,,,,22.134,0,975.84,,,27.25316612,,39.9,3.804,0.5412,,302.29814665,392.05,0,-8,296.029,296.7892,,,,3.185535,2.771635,0,1.754949,0,13.91569,89.3,89.5,33.64077297,,33.64405091,,-2.8,-2.7,-30,-2.6126,-2.5773,-1.8101,,-0.9203224,0.198,85,276.5,97,288,32.4,32.4,34.8,34.8,30,,790.69,-0.42
underway_1200.34019843,34019843,201011040,2011-03-31T01:00:00,20110331010000,MULTIPOINT ((-66.4627 82.4154)),82.4154,-66.4627,198.6,,168.73901367,,0,,,,,22.142,0,975.98,,,27.25316586,,39.89,4.62,0.5494,4.069,302.49680111,392.2,0,-8,295.0214,294.6726,,,,7.645284,7.391073,1.837056,1.754949,0,13.89545,88.8,88.9,33.64295819,,33.64077297,,-2.7,-2.7,-30,-2.6126,-2.5698,-1.8119,,-0.91739432,0.198,89,279.8,98,289.3,35,35,38.6,38.6,30,,790.7,-0.42
underway_1200.34019963,34019963,201011040,2011-03-31T01:20:00,20110331012000,MULTIPOINT ((-66.4627 82.4155)),82.4155,-66.4627,198.6,,168.73901367,,0,,,,,22.142,0,976.44,,,27.25316621,,39.88,3.59,0.5166,4.065,302.8302465,392.77,0,-8,295.5932,295.5695,,,,14.65346,15.39793,5.511168,5.264848,-204.8876,13.86172,88.8,88.5,33.64077297,,33.64514369,,-2.8,-2.7,-30,-2.7098,-2.6095,-1.8095,,-0.92129846,0.198,85,276.6,94,284.8,30.7,30.7,33.3,33.3,30,,790.7,-0.43
underway_1200.34020083,34020083,201011040,2011-03-31T01:40:00,20110331014000,MULTIPOINT ((-66.4627 82.4155)),82.4155,-66.4627,96.4,166.505,168.65112305,,0,1,0,0,-0.55,22.142,0,976.67,,,27.25207423,,39.91,,0.533,4.067,302.45370362,392.35,0,-8,295.4841,295.5875,,,,27.07705,27.71751,9.18528,8.774747,0,13.86847,88.3,87.9,33.64654473,,33.64693712,,-2.8,-2.7,-30,-2.7342,-2.6055,-1.8128,,-0.92422673,0.198,85,276.5,95,286.4,28.2,28.2,30.4,30.4,0,,790.69,-0.45
underway_1200.34020203,34020203,201011040,2011-03-31T02:00:00,20110331020000,MULTIPOINT ((-66.4627 82.4154)),82.4154,-66.4627,204.4,166.533,168.60168457,,0,1.16,0,0,-0.53,22.142,40,976.85,,,27.25098217,,39.9,2.862,0.492,4.059,302.65591629,392.46,0,-8,295.4841,295.7504,,,,48.10158,50.1974,16.5335,19.30444,0,13.87521,88.2,87.5,33.6472454,,33.64763778,,-2.8,-2.7,-30,-2.7342,-2.5692,-1.8118,,-0.92617899,0.199,77,268.6,88,279.2,32.4,32.4,35.1,35.1,30,,790.66,-0.45
underway_1200.34020323,34020323,201011040,2011-03-31T02:20:00,20110331022000,MULTIPOINT ((-66.4627 82.4153)),82.4153,-66.4627,208.4,166.524,168.65661621,,0,0.87,0,0,-0.54,22.206,100,976.61,,,27.24770589,,39.9,2.304,0.41,4.06,302.77703312,392.69,1.95,-8,295.2659,295.4532,,,,79.63837,72.67948,29.3929,24.56929,-204.8876,13.82125,88,87.5,33.64864706,,33.64864706,,-2.9,-2.8,-30,-2.7829,-2.6355,-1.8118,,-0.9310599,0.133,82,273,94,285.1,27.5,27.5,30,30,73,,790.66,-0.46
underway_1200.34020443,34020443,201011040,2011-03-31T02:40:00,20110331024000,MULTIPOINT ((-66.4627 82.4154)),82.4154,-66.4627,183.4,166.555,168.80493164,,0,0.91,0,0,-0.76,22.206,170,976.61,,,27.24879787,,39.89,,0.4428,,302.87107905,392.67,0,-8,294.0039,295.3031,,,,129.6513,133.9657,47.76346,50.89354,0,13.80776,87.6,87.1,33.64248106,,33.64685301,,-3,-2.9,-30,-2.8398,-2.669,-1.8131,,-0.92813131,7.1,91,282.6,97,287.9,27.1,27.1,29.6,29.6,71,,790.64,-0.45
underway_1200.34020563,34020563,201011040,2011-03-31T03:00:00,20110331030000,MULTIPOINT ((-66.4627 82.4154)),82.4154,-66.4627,175.5,166.838,169.1784668,,0,0.85,0,0,-0.35,22.212,280,977.08,,,27.24442935,,39.9,4.312,0.4018,4.054,302.77374776,392.67,0.04,-8,294.7203,295.5032,,,,162.4623,168.1499,66.13401,66.68807,0,13.79427,88.7,89.9,33.65004912,,33.64637654,,-3.2,-3.2,-30,-2.9049,-2.8644,-1.8012,,-0.93301237,1.63,86,277,97,287.4,28.6,28.6,30.5,30.5,71,,790.65,-0.46
underway_1200.34020683,34020683,201011040,2011-03-31T03:20:00,20110331031959,MULTIPOINT ((-66.4627 82.4154)),82.4154,-66.4627,175.5,166.908,169.14550781,,0,0.83,0,0,-0.43,22.219,320,977.19,,,27.2455215,,39.98,6.361,0.4756,4.053,301.1539886,390.6,0.018,-8,293.9191,294.7733,,,,172.656,180.4683,69.80813,73.70787,204.8876,13.74705,88.9,90.4,33.64676897,,33.64676897,,-3.3,-3.4,-30,-3.0844,-3.0278,-1.8171,,-0.93203613,1.95,91,281.7,98,289.3,33.5,33.5,36.9,36.9,71,,790.72,-0.46
underway_1200.34020803,34020803,201011040,2011-03-31T03:40:00,20110331034000,MULTIPOINT ((-66.4627 82.4154)),82.4154,-66.4627,175.5,166.866,169.01916504,,0,0.84,0,0,-0.5,22.225,550,977.28,,,27.24552193,,39.94,5.379,0.3936,4.058,301.96400964,391.71,0.012,-8,293.3719,295.3584,,,,265.6736,275.3315,110.2234,115.8267,204.8876,13.71332,89.2,91.2,33.64786228,,33.65223624,,-3.5,-3.5,-30,-3.2071,-3.1377,-1.8167,,-0.9369175,2.4,84,275.1,93,283.5,33.9,33.9,36.4,36.4,71,,790.75,-0.46
underway_1200.34020923,34020923,201011040,2011-03-31T04:00:00,20110331040000,MULTIPOINT ((-66.4627 82.4154)),82.4154,-66.4627,175.5,166.963,168.95874023,,0,0.75,0,0,-0.53,22.228,600,977.05,,,27.24224505,,39.94,4.912,0.41,4.052,301.96676091,391.71,0.009,-8,293.1163,294.1529,,,,263.4438,272.8811,115.7345,119.3386,204.8912,13.64587,89.2,91.2,33.646685,,33.64559162,,-3.6,-3.6,-30,-3.2645,-3.167,-1.8203,,-0.93496491,4.57,84,274.6,93,284.2,30.5,30.5,32.9,32.9,71,,790.79,-0.46
underway_1200.34021043,34021043,201011040,2011-03-31T04:20:00,20110331042000,MULTIPOINT ((-66.4627 82.4153)),82.4153,-66.4627,175.5,167.068,168.95324707,,0,0.87,0,0,-0.4,22.231,400,977.41,,,27.24661348,,39.93,2.28,0.4018,4.057,302.17334421,391.99,0.014,-8,293.5393,294.6659,,,,209.6082,220.2212,88.17869,91.25744,0,13.59191,89.8,92.1,33.64536748,,33.64497503,,-3.7,-3.6,-30,-3.3959,-3.2932,-1.8087,,-0.92910749,2.37,86,276.6,97,287.9,29.7,29.7,32.1,32.1,71,,790.82,-0.46
underway_1200.34021163,34021163,201011040,2011-03-31T04:40:00,20110331044000,MULTIPOINT ((-66.4627 82.4154)),82.4154,-66.4627,172.3,166.903,168.95874023,,0,0.7,0,0,-0.45,22.236,1060,977.66,,,27.24552098,,39.94,6.183,0.4428,,301.96656467,391.75,0.011,-8,297.1465,298.4426,,,,445.3378,461.3844,194.7279,203.5742,0,13.58179,90.6,92.6,33.64676897,,33.64021062,,-3.6,-3.7,-30,-3.2645,-3.1694,-1.8153,,-0.92617899,3.2,76,267.4,86,277.2,30.6,30.6,32.7,32.7,71,,790.88,-0.46
underway_1200.34021283,34021283,201011040,2011-03-31T05:00:00,20110331045959,MULTIPOINT ((-66.4627 82.4154)),82.4154,-66.4627,173.2,167.092,169.01916504,,0,0.69,0,0,-0.58,22.239,720,977.57,,,27.2422454,,39.93,4.659,0.4182,4.052,302.41965828,392.1,0.011,-8,295.4965,296.8955,,,,342.1265,355.1402,143.2904,150.9257,0,13.53794,90.1,92.4,33.64629254,,33.64996557,,-3.5,-3.5,-30,-3.1825,-3.0341,-1.8065,,-0.93887016,2.22,80,271.3,92,282.6,38.5,38.5,41,41,71,,790.94,-0.48
underway_1200.34021403,34021403,201011040,2011-03-31T05:20:00,20110331052000,MULTIPOINT ((-66.4626 82.4153)),82.4153,-66.4626,178,167.632,169.78820801,,0,0.25,0,0,-2.19,22.25,940,978.45,,,27.24115316,,39.93,3.06,0.3772,4.058,302.42221779,392.25,0.053,-8,296.7229,296.8743,,,,433.8699,450.6081,187.3797,193.0445,0,13.52446,91.5,92.9,33.64519914,,33.64847956,,-3.6,-3.5,-30,-3.1334,-3.0389,-1.8078,,-0.93887016,1.12,78,267.9,86,275.8,33,33,35.4,35.4,71,,790.98,-0.48
underway_1200.34021523,34021523,201011040,2011-03-31T05:40:00,20110331054000,MULTIPOINT ((-66.4627 82.4154)),82.4154,-66.4627,167.7,166.441,168.46984863,,0,0.92,0,0,-1.13,22.253,750,978.19,,,27.24115308,,39.84,5.089,0.3936,4.058,304.38668561,394.93,0,-8,296.7229,297.9381,,,,382.9013,398.5663,157.9868,164.9653,0,13.51434,92.3,93,33.64519914,,33.64738601,,-3.6,-3.5,-30,-3.1334,-3.0414,-1.8079,,-0.93789382,2.5,82,274,93,284.6,34.4,34.4,37.4,37.4,9998,,791.75,-0.49
underway_1200.34021643,34021643,201011040,2011-03-31T06:00:00,20110331060000,MULTIPOINT ((-66.4628 82.4155)),82.4155,-66.4628,143.7,157.012,159.06555176,,0,1.04,0,0,-0.95,22.253,640,978.04,,,27.25644258,,39.92,2.358,0.4182,4.057,302.73498224,392.72,0,-8,294.3794,295.65,,,,356.1428,370.2218,143.2904,150.9257,0,13.48398,92.6,93.2,33.6517855,,33.64522812,,-3.6,-3.6,-30,-3.2071,-3.0723,-1.8023,,-0.91739432,3.58,75,276,81,281.9,35.6,35.6,37.8,37.8,9998,,3461.38,-0.49
underway_1200.34021763,34021763,201011040,2011-03-31T06:20:00,20110331062000,MULTIPOINT ((-66.4628 82.4156)),82.4156,-66.4628,209.9,150.208,152.02880859,,0.1,1.3,0,0,-2.02,22.253,960,978.49,,,27.25098199,,40.04,1.824,0.4346,4.063,299.93992999,389.12,0,-8,296.1529,297.5802,,,,441.8337,458.9514,187.3797,196.5544,0,13.41653,91.7,93,33.64654473,,33.64545175,,-3.5,-3.5,-30,-3.0353,-2.8808,-1.7956,,-0.92422673,3.71,76,284.3,82,290.3,46,46,50.2,50.2,9998,,0,-0.46
underway_1200.34021883,34021883,201011040,2011-03-31T06:40:00,20110331064000,MULTIPOINT ((-66.4627 82.4153)),82.4153,-66.4627,310.5,138.53,140.69091797,,0.3,0.49,0,0,-2.31,22.253,580,978.28,,,27.26736385,,40.05,0.342,0.4674,4.058,299.01360923,387.69,0,-8,294.8537,295.0833,,,,351.046,367.7607,143.2904,150.9257,0,13.33558,91.2,92.6,33.64041382,,33.6458741,,-3.5,-3.5,-30,-3.1007,-2.9584,-1.8062,,-0.90470754,4.39,83,303.4,86,306.3,30.7,30.8,32.9,33,9998,,790.86,-0.4
underway_1200.34022003,34022003,201011040,2011-03-31T07:00:00,20110331070000,MULTIPOINT ((-66.4628 82.4155)),82.4155,-66.4628,330.7,132.477,134.98352051,,0.1,0.7,0,0,-2.69,22.253,900,978.41,,,27.25644362,,40.07,4.378,0.4592,4.052,298.70349236,387.33,0,-8,296.5898,297.8995,,,,444.0636,465.6973,192.8909,200.0643,0,13.32209,90.5,92.1,33.65357967,,33.65834547,,-3.4,-3.4,-30,-2.9375,-2.8094,-1.8109,,-0.92910749,0.426,86,311.9,87,312.4,26.5,26.6,28.1,28.2,9998,,791.64,-0.41
underway_1200.34022123,34022123,201011040,2011-03-31T07:20:00,20110331072000,MULTIPOINT ((-66.4631 82.4167)),82.4167,-66.4631,298.9,119.516,121.7010498,,0.6,0.58,0,0,-2.66,22.253,560,978.51,,,27.23459846,,40.07,5.559,0.4264,4.056,298.52722327,387.03,0,-8,294.4292,295.1731,,,,302.3073,316.3108,124.9198,129.8663,204.8877,13.3086,90.1,91.9,33.62356539,,33.62317239,,-3.3,-3.4,-30,-2.97,-2.9383,-1.8118,,-0.92422673,0.393,77,316.4,76,314.8,25.5,26,26.8,27.3,9998,,0,-0.39
underway_1200.34022243,34022243,201011040,2011-03-31T07:40:00,20110331074000,MULTIPOINT ((-66.4632 82.4172)),82.4172,-66.4632,144.7,112.128,114.04907227,,0,1.93,0,0,-0.44,22.253,460,978.47,,,27.23022927,,40.08,4.001,0.4264,4.073,297.7371212,386.03,0,-8,295.291,295.163,,,,273.6374,283.9782,112.0604,115.8267,0,13.28162,89.6,91.5,33.6132573,,33.61395582,,-3.3,-3.3,-30,-3.0027,-2.9406,-1.8099,,-0.92129846,0.337,92,337.8,89,335.2,29.6,29.6,30.6,30.6,9998,,0,-0.34
underway_1200.34022363,34022363,201011040,2011-03-31T08:00:00,20110331080000,MULTIPOINT ((-66.4631 82.4162)),82.4162,-66.4631,260.9,133.269,134.92858887,,0.2,0.75,0,0,-3.07,22.253,630,978.84,,,27.24552038,,40.06,4.34,0.533,4.051,298.10497361,386.49,0,-8,296.2986,296.3966,,,,352.3202,370.2079,146.9645,150.9257,-204.8877,13.25464,89.5,91.7,33.62780085,,33.63256247,,-3.4,-3.4,-30,-3.0027,-2.9051,-1.8133,,-0.91934636,0.325,79,304,82,307.5,22.4,22.5,24,24.1,9998,,791.55,-0.34
underway_1200.34022483,34022483,201011040,2011-03-31T08:20:00,20110331082000,MULTIPOINT ((-66.4633 82.4175)),82.4175,-66.4633,126.8,113.022,114.3951416,,0,1.27,0,0,-2.29,22.253,850,978.98,,,27.24770451,,40.06,3.525,0.4264,4.062,297.85555342,386.1,0,-8,296.7354,297.436,,,,432.5956,452.7493,178.1944,187.7797,0,13.2479,89.1,91.5,33.62967856,,33.63116345,,-3.4,-3.5,-30,-2.9049,-2.9131,-1.8109,,-0.91544234,0.328,90,335.4,86,332.1,29.4,29.4,30.2,30.2,9998,,,-0.32
underway_1200.34022603,34022603,201011040,2011-03-31T08:40:00,20110331084000,MULTIPOINT ((-66.4631 82.4163)),82.4163,-66.4631,268.1,129.092,130.74279785,,0,0.86,0,0,-3.4,22.253,630,979.5,,,27.23022918,,40.08,2.922,0.3608,4.055,297.6046395,385.72,0,-8,295.7644,295.4688,,,,346.9048,363.4311,146.9645,152.6807,0,13.24115,89.2,91.7,33.61762472,,33.61286404,,-3.3,-3.4,-30,-2.8967,-2.8721,-1.8098,,-0.9203224,0.322,91,320.2,91,320.2,32.6,32.6,34.2,34.2,9998,,791.47,-0.33
underway_1200.34022723,34022723,201011040,2011-03-31T09:00:00,20110331090000,MULTIPOINT ((-66.4632 82.417)),82.417,-66.4632,291.8,120.114,122.10754395,,2,0.54,0,0,-3.33,22.253,500,979.51,,,27.23241503,,40.08,1.909,0.3854,4.057,297.22008367,385.26,0,-8,295.7278,295.479,,,,294.9805,308.9088,117.5716,126.3564,0,13.23103,89,91.4,33.62527047,,33.63331255,,-3.2,-3.3,-30,-2.9049,-2.8699,-1.8121,,-0.9359412,0.295,75,313.9,77,315.6,29.6,31,31.2,32.7,9998,,3707.39,-0.3
underway_1200.34022843,34022843,201011040,2011-03-31T09:20:00,20110331092000,MULTIPOINT ((-66.4633 82.4178)),82.4178,-66.4633,88.1,97.665,99.28894043,,0,2,0,0,-3.36,22.253,580,979.72,,,27.24770407,,40.06,,0.4182,4.094,297.62984578,385.66,0,-8,296.881,296.5614,,,,283.194,296.5842,121.2457,126.3564,0,13.22091,88.9,91.4,33.62133699,,33.62570359,,-3.2,-3.3,-30,-2.8723,-2.8682,-1.82,,-0.91056265,0.286,88,349.5,83,343.9,31.7,31.9,31.8,32,9998,,0,-0.3
underway_1200.34022963,34022963,201011040,2011-03-31T09:40:00,20110331094000,MULTIPOINT ((-66.4634 82.4182)),82.4182,-66.4634,247.7,90.253,91.76879883,,0.2,0.96,0,0,-5.07,22.253,510,979.8,,,27.23568957,,40.08,3.221,0.4346,4.062,297.12343758,385.06,0,-8,292.778,293.2037,,,,217.2535,228.5132,95.52691,101.7871,0,13.21417,90.8,91.9,33.61413175,,33.61046423,,-3.4,-3.4,-30,-2.8886,-2.8978,-1.7948,,-0.91153856,0.281,85,351.1,77,343.7,30.7,31.7,30.5,31.5,9998,,0,-0.29
underway_1200.34023083,34023083,201011040,2011-03-31T10:00:00,20110331100000,MULTIPOINT ((-66.4634 82.4183)),82.4183,-66.4634,95.8,102.789,103.75488281,,0.9,2.15,0,0,-7.2,22.253,390,980.02,,,27.21712292,,40.07,4.663,0.369,4.127,297.60743354,385.53,0,-8,293.0572,293.6349,,,,176.7972,187.8716,77.15635,80.7277,0,13.2108,93.1,92.4,33.59713746,,33.60159296,,-3.5,-3.5,-30,-3.0517,-3.042,-1.8097,,-0.92617899,0.278,90,346.6,84,340.9,31,31.4,31.4,31.8,9998,,0,-0.31
underway_1200.34023203,34023203,201011040,2011-03-31T10:20:00,20110331102000,MULTIPOINT ((-66.4634 82.4183)),82.4183,-66.4634,98.2,103.326,104.24926758,,5,2.13,0,0,-5.7,22.253,310,980.05,,,27.23132306,,40.08,,0.4756,4.057,297.21184843,385.39,0,-8,294.4183,294.1116,,,,146.5384,154.6084,62.4599,66.6881,-204.8877,13.20405,93.4,92,33.62885523,,33.63510588,,-3.3,-3.3,-30,-2.9725,-2.9352,-1.8141,,-0.93887016,0.268,73,330.8,71,328.7,30.4,32.8,31.4,33.8,9998,,5490.44,-0.3
underway_1200.34023323,34023323,201011040,2011-03-31T10:40:00,20110331104000,MULTIPOINT ((-66.4634 82.4184)),82.4184,-66.4634,119.2,,105.02380371,,0,,,,,22.253,260,980.28,,,27.26408773,,40.04,2.161,0.5166,,298.11790255,386.71,0,-8,291.4278,291.9351,,,,113.0906,119.1977,51.43756,52.6485,204.8877,13.14672,93.5,91.3,33.63688152,,33.64906695,,-3.3,-3.3,-30,-2.9653,-2.9411,-1.7935,,-0.91153856,0.267,89,344.1,83,338,25.6,25.6,26.3,26.3,9998,,5420.54,-0.31
underway_1200.34023443,34023443,201011040,2011-03-31T11:00:00,20110331110000,MULTIPOINT ((-66.4634 82.4184)),82.4184,-66.4634,94.6,94.001,95.74584961,,3,2.06,0,2.15,0,22.253,180,980.64,,,27.272826,,40.03,3.558,0.4346,4.068,297.90495704,386.29,0,-8,290.6695,290.1386,,,,82.82551,85.62322,36.74112,38.6089,0,13.16695,93.5,90.9,33.65688327,,33.66531839,,-3.4,-3.4,-30,-3.1353,-3.1028,-1.8097,,-0.91544234,0.266,79,341.5,73,335.9,27.2,28.3,27.7,28.8,9998,,3724.03,-0.28
underway_1200.34023563,34023563,201011040,2011-03-31T11:20:00,20110331112000,MULTIPOINT ((-66.4633 82.4173)),82.4173,-66.4633,278.6,110.105,112.09899902,,1.2,0.96,0,0,-1.36,22.253,120,981.12,,,27.24115126,,40.05,4.564,0.4018,4.065,297.57590082,385.64,0,-8,291.3925,292.1,,,,57.97684,60.98964,25.71878,28.0792,0,13.11973,93.5,90.7,33.62553015,,33.62443811,,-3.4,-3.5,-30,-3.1991,-3.1451,-1.8128,,-0.91739432,0.265,89,333.2,87,331.4,29.2,30.4,30.2,31.4,9998,,792.6,-0.28
underway_1200.34023683,34023683,201011040,2011-03-31T11:40:00,20110331114000,MULTIPOINT ((-66.4634 82.4168)),82.4168,-66.4634,298.4,131.846,133.7310791,,0.6,0.72,0,0,-1.34,22.253,50,,,,27.24115118,,40.04,0.665,0.4428,4.057,297.65472008,385.74,0,-8,292.3353,292.1015,,,,31.22041,32.65089,12.85939,15.79455,0,13.09275,93.6,90.8,33.62522394,,33.62334614,,-3.4,-3.4,-30,-3.2137,-3.1448,-1.8073,,-0.91641832,0.238,74,299.1,78,303.4,27.1,27.4,28.9,29.3,9998,,792.56,-0.27
underway_1200.34023803,34023803,201011040,2011-03-31T12:00:00,20110331120000,MULTIPOINT ((-66.4633 82.4165)),82.4165,-66.4633,294.6,150.68,152.06176758,,0,0.64,0,0,-1.38,22.253,0,982.21,,,27.23569061,,40.07,4.386,0.4838,4.058,297.17220472,385.17,0,-8,292.3604,294.0907,,,,12.42479,12.9376,5.511168,5.26485,0,13.04891,93.9,91.3,33.62684229,,33.62356539,,-3.5,-3.5,-30,-3.208,-3.1809,-1.8081,,-0.92325063,0.235,65,272.5,75,283.2,27.4,27.4,29.6,29.6,9998,,792.2,-0.28
underway_1200.34023923,34023923,201011040,2011-03-31T12:20:00,20110331122000,MULTIPOINT ((-66.4635 82.4185)),82.4185,-66.4635,144,78.961,79.85961914,,0,1.65,0,0,-2.97,22.253,0,982.07,,,27.22476819,,40.06,2.756,0.4838,4.073,297.52805108,385.58,0,-8,291.2088,291.7765,,,,4.460159,4.928382,1.837056,1.75495,0,12.98482,94.1,91.1,33.61238274,,33.60762231,,-3.6,-3.6,-30,-3.2404,-3.2177,-1.817,,-0.92227454,0.247,77,357.5,74,354,21.8,21.8,21.4,21.4,9998,,0,-0.29
underway_1200.34024043,34024043,201011040,2011-03-31T12:40:00,20110331124000,MULTIPOINT ((-66.4636 82.4172)),82.4172,-66.4636,285.4,117.634,119.09179688,,1.3,0.79,0,0,-1.28,22.253,0,982.26,,,27.22913911,,40.08,3.102,0.5084,,297.31994672,385.55,0,-8,290.6307,292.2754,,,,2.548623,2.464348,0,0,-204.8912,12.98526,94.4,91.2,33.63502073,,33.63869364,,-3.7,-3.7,-30,-3.3703,-3.3472,-1.8049,,-0.9447285,0.235,58,297.7,63,302.9,26.1,26.7,27.9,28.6,9998,,793.27,-0.31
underway_1200.34024163,34024163,201011040,2011-03-31T13:00:00,20110331130000,MULTIPOINT ((-66.4636 82.4183)),82.4183,-66.4636,90.2,91.703,92.30712891,,0.7,1.38,0,0,-3.2,22.253,0,982.5,,,27.24115152,,40.06,2.844,0.5248,4.067,297.51127679,385.49,0,-8,290.7589,291.3459,,,,1.91155,2.156309,-1.837056,0,0,12.97215,94.4,91.1,33.61967762,,33.62771444,,-3.6,-3.6,-30,-3.3415,-3.3145,-1.8104,,-0.9203224,0.235,79,345.2,73,338.6,25.3,25.5,25.8,26,9998,,792.55,-0.29
underway_1200.34024283,34024283,201011040,2011-03-31T13:20:00,20110331132000,MULTIPOINT ((-66.4635 82.4177)),82.4177,-66.4635,267.8,105.161,105.76538086,,1.1,0.63,0,0,-2.56,22.253,0,982.91,,,27.23022815,,40.06,4.576,0.4756,4.055,297.54200452,385.79,0.005,-8,291.0213,291.546,,,,1.911612,2.156281,1.837056,1.75495,0,12.97136,94.6,91.8,33.60631492,,33.59976837,,-3.9,-3.9,-30,-3.5092,-3.5114,-1.8151,,-0.90861089,0.258,84,335.8,81,332.9,23.4,24.5,24.1,25.2,71,,792.45,-0.29
underway_1200.34024403,34024403,201011040,2011-03-31T13:40:00,20110331134000,MULTIPOINT ((-66.4636 82.4177)),82.4177,-66.4636,269.1,109.547,109.81384277,,1.2,0.91,0,0,-1.38,22.256,0,982.89,,,27.24005877,,40.05,3.921,0.4674,4.059,297.58433835,385.69,0,-8,291.2738,292.0609,,,,1.911787,2.464417,0,0,0,12.96796,95.2,92.7,33.62186125,,33.61967762,,-4.1,-4.1,-30,-3.9071,-3.8805,-1.8106,,-0.91446637,0.268,76,327.5,75,325.7,26.7,27.2,28,28.5,9998,,792.71,-0.28
underway_1200.34024523,34024523,201011040,2011-03-31T14:00:00,20110331140000,MULTIPOINT ((-66.4636 82.4184)),82.4184,-66.4636,269,94.559,95.48217773,,1,0.61,-0.17,0.52,0,22.256,0,983.19,,,27.23132098,,40.05,2.878,0.4592,4.053,297.60573251,385.65,0,-8,292.3788,292.3007,,,,1.911935,2.156416,-1.837056,0,0,12.94116,94.5,92.4,33.61255888,,33.60889102,,-3.8,-3.8,-30,-3.6574,-3.5836,-1.81,,-0.91544234,0.239,82,345.7,75,339,21.7,22.8,22.3,23.3,9998,,0,-0.28
underway_1200.34024643,34024643,201011040,2011-03-31T14:20:00,20110331142000,MULTIPOINT ((-66.4636 82.419)),82.419,-66.4636,264.2,86.478,87.23144531,,0.7,0.65,0,0.79,-0.56,22.256,0,983.51,,,27.24333582,,40.06,5.31,0.4264,4.048,297.24889333,385.25,0,-8,291.6946,292.7488,,,,1.911964,2.464433,0,0,0,12.93187,94.1,92.1,33.627408,,33.62850014,,-3.8,-3.8,-30,-3.5845,-3.4826,-1.8104,,-0.91837033,0.213,86,357.7,81,352.7,16.9,17.8,16.7,17.6,9998,,0,-0.27
underway_1200.34024763,34024763,201011040,2011-03-31T14:40:00,20110331144000,MULTIPOINT ((-66.4636 82.4182)),82.4182,-66.4636,264.1,94.513,95.3503418,,1.4,0.57,0,0.98,0,22.256,0,983.65,,,27.24552021,,40.06,6.431,0.4428,,297.12826745,385.31,0,-8,291.3822,291.1767,,,,1.911966,2.156425,-1.837084,0,0,12.93177,93.2,91.2,33.62670881,,33.63037793,,-3.7,-3.6,-30,-3.4279,-3.3525,-1.8112,,-0.91739432,0.213,76,339.2,73,336.7,22.6,23.8,23.3,24.5,9998,,0,-0.26
underway_1200.34024883,34024883,201011040,2011-03-31T15:00:00,20110331150000,MULTIPOINT ((-66.4635 82.4194)),82.4194,-66.4635,83.4,82.188,82.17773438,,0,1.58,0,1.12,0,22.256,0,983.79,,,27.24552081,,40.07,,0.4428,4.076,296.90630484,384.85,0,-8,290.3745,291.1789,,,,1.911966,2.464472,0,0,-204.8899,12.91851,92.3,90.5,33.63623247,,33.63802508,,-3.8,-3.7,-30,-3.4279,-3.352,-1.8081,,-0.92422673,0.213,84,1.8,76,354,26,26,25.9,25.9,9998,,0,-0.26
underway_1200.34025003,34025003,201011040,2011-03-31T15:20:00,20110331152000,MULTIPOINT ((-66.4636 82.4184)),82.4184,-66.4636,239.5,101.823,102.10693359,,0.3,0.58,0,1.24,-0.55,22.257,0,984.06,,,27.22258451,,40.07,5.831,0.4592,4.059,297.19467901,385.25,0,-8,288.4147,289.0867,,,,1.911966,2.464409,0,0,0,12.91917,91.6,89.5,33.61705674,,33.614479,,-4,-3.9,-30,-3.6424,-3.581,-1.8141,,-0.9310599,0.246,87,345.4,83,341.4,24.8,24.9,25.2,25.3,30,,792.52,-0.28
underway_1200.34025123,34025123,201011040,2011-03-31T15:40:00,20110331154000,MULTIPOINT ((-66.4635 82.4198)),82.4198,-66.4635,111.4,83.251,83.72680664,,0,2.03,0,1.83,0,22.257,0,984.24,,,27.22695482,,40.09,1.93,0.4592,4.09,296.86628594,384.95,0,-8,289.2025,290.0168,,,,1.911966,2.464398,0,0,0,12.92053,92.1,89.7,33.63900174,,33.63790818,,-4,-3.9,-30,-3.692,-3.6137,-1.801,,-0.9466814,0.225,91,7.5,84,0.1,26.8,26.8,26.3,26.3,71,,0,-0.29
underway_1200.34025243,34025243,201011040,2011-03-31T16:00:00,20110331160000,MULTIPOINT ((-66.4634 82.4188)),82.4188,-66.4634,253.6,69.999,69.84558105,,0.4,0.44,0,1.19,0,22.257,0,984.48,,,27.2083863,,40.09,3.821,0.4756,4.057,296.92997951,384.97,0.004,-8,287.8798,288.9704,,,,1.911966,2.156428,1.837286,1.754988,0,12.92016,93.2,90.3,33.61124441,,33.6049956,,-4.3,-4.2,-30,-3.991,-3.85,-1.8118,,-0.93984651,0.218,96,27.1,94,25.6,26,26.3,24.7,25,71,,792.42,-0.29
underway_1200.34025363,34025363,201011040,2011-03-31T16:20:00,20110331162000,MULTIPOINT ((-66.4636 82.4198)),82.4198,-66.4636,101.2,96.917,96.86645508,,2.5,2.2,0,0.53,0,22.258,0,984.9,,,27.21930911,,40.1,7.103,0.5166,4.052,296.93190505,384.88,0.001,-8,287.709,287.793,,,,1.911966,2.156413,0,0,0,12.91932,93.5,90.7,33.62969098,,33.62641131,,-4.5,-4.4,-30,-4.2583,-4.1166,-1.7862,,-0.94570494,0.3,92,355,84,348.2,24.9,25.9,25.2,26.2,71,,793.29,-0.31
underway_1200.34025483,34025483,201011040,2011-03-31T16:40:00,20110331164000,MULTIPOINT ((-66.4635 82.4189)),82.4189,-66.4635,63.3,85.868,85.75927734,,0.1,0.83,0,0.78,0,22.259,0,985.16,,,27.20074096,,40.08,3.174,0.4838,4.058,297.27460189,385.28,0.002,-8,288.3109,288.4558,,,,1.911966,1.848219,0,0,0,12.91045,93.8,91,33.60154149,,33.59787122,,-4.6,-4.5,-30,-4.3505,-4.2102,-1.8077,,-0.94277566,0.29,96,11.1,91,6.1,20.2,20.3,19.8,19.9,71,,3707.9,-0.3
underway_1200.34025603,34025603,201011040,2011-03-31T17:00:00,20110331170000,MULTIPOINT ((-66.4635 82.4193)),82.4193,-66.4635,94.6,91.027,90.99975586,,1.8,0.83,0,1.31,0,22.26,0,985.06,,,27.22695369,,40.07,6.936,0.4592,4.064,297.42398375,385.43,0.001,-8,288.1257,288.1476,,,,1.911966,2.156318,0,0,0,12.92148,94.2,91.4,33.62369839,,33.62369839,,-4.6,-4.6,-30,-4.3925,-4.2802,-1.8006,,-0.93398863,0.331,96,7.3,89,0.8,22.6,25.8,22.4,25.6,71,,793.94,-0.3
underway_1200.34025723,34025723,201011040,2011-03-31T17:20:00,20110331172000,MULTIPOINT ((-66.4636 82.4202)),82.4202,-66.4636,99.5,89.887,90.48339844,,0,1.66,0,4.17,0,22.26,0,985.26,,,27.21712422,,40.08,5.154,0.4346,4.061,297.11370954,385.1,0,-8,287.2286,287.201,,,,1.911966,1.848356,0,0,0,12.90745,93.1,90.3,33.61836803,,33.6179748,,-4.6,-4.5,-30,-4.3673,-4.251,-1.8196,,-0.94082288,0.268,89,358.8,83,352.9,24,24,23.8,23.8,71,,0,-0.29
underway_1200.34025843,34025843,201011040,2011-03-31T17:40:00,20110331174000,MULTIPOINT ((-66.4636 82.4203)),82.4203,-66.4636,284.6,93.343,93.41674805,,0.9,0.74,0,1.85,0,22.26,0,985.66,,,27.19418786,,40.08,3.091,0.5084,4.049,297.41328244,385.61,0.001,-8,286.97,286.9014,,,,1.911966,1.848372,0,0,0,12.90476,93.5,90.4,33.59441599,,33.59223185,,-4.7,-4.6,-30,-4.4261,-4.3191,-1.8104,,-0.94570494,0.227,80,347,76,343.5,12.6,13.4,12.4,13.2,71,,0,-0.31
underway_1200.34025963,34025963,201011040,2011-03-31T18:00:00,20110331180000,MULTIPOINT ((-66.4635 82.4204)),82.4204,-66.4635,130.5,90.384,90.77453613,,0.1,1.54,0,1.64,0,22.261,0,985.7,,,27.18435775,,40.04,7.344,0.4018,4.061,298.02492081,386.18,0.004,-8,286.5266,286.4627,,,,1.911966,1.848347,0,0,0,12.89472,93.3,90.4,33.57082486,,33.57776702,,-4.8,-4.7,-30,-4.5271,-4.4188,-1.8048,,-0.9447285,0.281,87,356.1,80,349.2,22.2,22.4,22,22.2,71,,0,-0.29
underway_1200.34026083,34026083,201011040,2011-03-31T18:20:00,20110331182000,MULTIPOINT ((-66.4635 82.4207)),82.4207,-66.4635,102.2,82.945,83.09509277,,0,1.98,0,2.86,0,22.262,0,985.66,,,27.18217339,,40.04,7.292,0.3772,,298.13836883,386.24,0.001,-8,285.1861,286.014,,,,1.911966,2.464484,0,0,0,12.89456,93.1,90.3,33.57479537,,33.5758868,,-4.9,-4.8,-30,-4.603,-4.521,-1.8129,,-0.94570494,0.357,91,7.9,83,0.4,23.1,23.1,22.8,22.8,71,,0,-0.3
underway_1200.34026203,34026203,201011040,2011-03-31T18:40:00,20110331184000,MULTIPOINT ((-66.4636 82.4209)),82.4209,-66.4636,126.9,97.273,97.93212891,,0,1.46,0,4.75,0,22.263,0,985.82,,,27.14394701,,40.05,3.387,0.4756,4.05,298.13976696,386.27,0,-8,285.0749,286.9435,,,,1.911966,1.84835,0,1.754993,0,12.88119,93.2,90.2,33.54024166,,33.54024166,,-4.9,-4.8,-30,-4.6283,-4.5542,-1.8053,,-0.96035345,0.281,100,1.7,95,356.7,26.7,26.7,25.8,25.8,71,,3707.14,-0.31
underway_1200.34026323,34026323,201011040,2011-03-31T19:00:00,20110331190000,MULTIPOINT ((-66.4636 82.42)),82.42,-66.4636,270,96.058,97.28942871,,0.7,0.7,0,1.93,0,22.264,0,986.05,,,27.13193283,,40.02,7.523,0.3608,4.055,298.77979413,387.1,0.007,-8,284.482,285.387,,,,1.911966,1.848345,0,0,0,12.88034,93.4,90.7,33.52428897,,33.52607388,,-5.1,-5,-30,-4.7636,-4.6639,-1.8084,,-0.96230685,0.318,97,0.2,93,356.1,21.4,22.1,20.9,21.6,71,,792.42,-0.31
underway_1200.34026443,34026443,201011040,2011-03-31T19:20:00,20110331192000,MULTIPOINT ((-66.4636 82.4216)),82.4216,-66.4636,263.3,99.663,100.43701172,,0.1,1.13,0,1.18,0,22.265,0,986.26,,,27.11008991,,40,3.877,0.4264,4.049,299.60617313,388.08,0.003,-8,283.0666,282.8223,,,,1.911966,1.848369,0,1.754981,0,12.86724,93.6,91,33.5009057,,33.51270045,,-5.1,-5.1,-30,-4.8568,-4.7586,-1.7963,,-0.97695928,0.362,98,357.8,90,349.7,24.5,24.6,24.5,24.6,71,,4499.71,-0.34
underway_1200.34026563,34026563,201011040,2011-03-31T19:40:00,20110331194000,MULTIPOINT ((-66.4636 82.4218)),82.4218,-66.4636,96.2,100.876,101.81030273,,1.8,1.64,0,0.52,0,22.267,0,986.34,,,27.09042848,,39.96,,0.3444,4.053,300.24548246,388.65,0.004,-8,285.8668,286.7873,,,,1.911966,2.156434,0,0,0,12.86788,93.1,90.6,33.46742457,,33.46415947,,-5.2,-5.1,-30,-4.9078,-4.8352,-1.8136,,-0.95742347,0.42,97,355.7,91,349.7,21.7,23.7,21.7,23.7,71,,3707.14,-0.32
underway_1200.34026683,34026683,201011040,2011-03-31T20:00:00,20110331200000,MULTIPOINT ((-66.4636 82.4215)),82.4215,-66.4636,276.2,113.576,114.85107422,,0.7,0.71,0,1.88,0,22.267,0,986.29,,,27.08169223,,39.96,4.115,0.3608,4.063,300.50335317,388.99,0.003,-8,283.8144,284.5256,,,,1.911966,2.464496,0,0,0,12.86775,93,90.7,33.46275891,,33.46968925,,-5.2,-5.2,-30,-4.9163,-4.8608,-1.8066,,-0.97305163,0.331,92,337.7,87,333.6,17.7,18.3,18.7,19.3,71,,4912.72,-0.34
underway_1200.34026803,34026803,201011040,2011-03-31T20:20:00,20110331202000,MULTIPOINT ((-66.4637 82.422)),82.422,-66.4637,261.6,85.45,86.78649902,,1.1,0.7,0,1.77,0,22.269,0,986.54,,,27.06312645,,40,7.089,0.41,,300.18250701,388.59,0.006,-8,283.2942,284.1157,,,,1.911966,2.156434,0,0,0,12.85426,93.2,91,33.4651102,,33.4651102,,-5.3,-5.3,-30,-5.0354,-4.9545,-1.8044,,-0.99161519,0.341,98,11.1,93,6,18.9,20,18.6,19.7,71,,0,-0.38
underway_1200.34026923,34026923,201011040,2011-03-31T20:40:00,20110331204000,MULTIPOINT ((-66.4636 82.4228)),82.4228,-66.4636,102,74.435,75.16845703,,0,2.56,0,0,-1.58,22.27,0,986.61,,,27.05001991,,40,7.16,0.369,4.077,299.98375526,388.36,0.003,-8,282.4012,283.519,,,,1.911966,2.464496,0,0,0,12.85456,93.4,91.2,33.44439632,,33.44508694,,-5.4,-5.4,-30,-5.2402,-5.0912,-1.7949,,-0.98966086,0.357,98,23,94,19.3,19.9,19.9,19,19,71,,0,-0.36
underway_1200.34027043,34027043,201011040,2011-03-31T21:00:00,20110331210000,MULTIPOINT ((-66.4637 82.4214)),82.4214,-66.4637,282.6,73.834,73.94348145,,0,0.53,0,1.61,0,22.271,0,986.68,,,27.08059942,,39.99,7.015,0.328,4.052,300.01232049,388.53,0.002,-8,280.3113,280.4348,,,,1.911966,2.464496,0,0,0,12.85429,92.7,90.7,33.46602506,,33.46058183,,-5.7,-5.6,-30,-5.489,-5.3055,-1.8108,,-0.96621382,0.33,96,22.3,93,18.8,25.2,25.2,24.1,24.1,71,,792.54,-0.35
underway_1200.34027163,34027163,201011040,2011-03-31T21:20:00,20110331212000,MULTIPOINT ((-66.4636 82.4229)),82.4229,-66.4636,93.2,67.227,66.66503906,,0,1.66,0,0,-2.89,22.271,0,986.94,,,27.05001802,,39.97,5.781,0.328,4.069,300.52112787,389.08,0,-8,281.2064,282.4356,,,,1.911966,2.464496,0,-1.754967,-204.8897,12.84076,92.5,90.6,33.4211501,,33.4211501,,-5.7,-5.6,-30,-5.5149,-5.34,-1.8054,,-0.9681674,0.268,101,34.4,106,39,20,20,18.8,18.8,71,,0,-0.35
underway_1200.34027283,34027283,201011040,2011-03-31T21:40:00,20110331214000,MULTIPOINT ((-66.4637 82.4223)),82.4223,-66.4637,246.9,67.093,66.20910645,,1.4,0.54,0,1.78,0,22.271,0,987.04,,,27.06749284,,39.96,3.366,0.3362,4.055,300.9183146,389.72,0,-8,280.7577,281.8365,,,,1.911966,1.848372,0,0,0,12.84087,91.7,89.9,33.44383772,,33.44057417,,-5.8,-5.8,-30,-5.6183,-5.4778,-1.8055,,-0.9642603,0.211,107,38.5,111,42.5,21.4,22.5,20.2,21.2,30,,5559.36,-0.37
underway_1200.34027403,34027403,201011040,2011-03-31T22:00:00,20110331220000,MULTIPOINT ((-66.4636 82.4228)),82.4228,-66.4636,63.9,70.374,69.65881348,,3.2,1.45,0,0.89,-1.04,22.271,0,987.04,,,27.02927811,,40.04,6.069,0.5494,4.053,299.80584406,388.62,0,-8,280.458,281.2362,,,,1.911966,2.464496,0,0,0,12.84076,91.7,89.7,33.54491602,,33.54241954,,-5.9,-5.9,-30,-5.6874,-5.6161,-1.8047,,-1.10213466,0.187,96,22.1,92,18.3,21.9,24.8,20.8,23.8,30,,0,-0.43
underway_1200.34027523,34027523,201011040,2011-03-31T22:20:00,20110331222000,MULTIPOINT ((-66.4638 82.4221)),82.4221,-66.4638,173.2,94.46,94.89990234,,0.2,1.62,0,0.37,-1.65,22.271,0,987.31,,,27.00743311,,40.03,2.759,0.4592,,300.19860665,388.62,0,-8,282.3238,282.3116,,,,1.911966,2.156434,0,0,-204.8891,12.84078,91.7,89.6,33.46275995,,33.4972476,,-5.9,-5.9,-30,-5.722,-5.6161,-1.8105,,-1.08843126,0.174,101,6,93,358.2,19,19.2,18.8,19,30,,0,-0.43
underway_1200.34027643,34027643,201011040,2011-03-31T22:40:00,20110331224000,MULTIPOINT ((-66.4636 82.4231)),82.4231,-66.4636,63.9,53.058,53.50891113,,1.8,1.67,0,5.98,0,22.271,0,987.27,,,27.00633328,,40.03,2.13,0.4264,4.047,299.59938554,387.87,0,-8,282.0615,283.0866,,,,1.911966,2.156434,0,-1.75495,0,12.82735,91.7,89.5,33.40203673,,33.39866295,,-6,-5.9,-30,-5.7825,-5.6854,-1.8062,,-1.00138771,0.176,93,36.3,96,39,23.2,24.9,21.8,23.4,30,,793.45,-0.37
underway_1200.34027763,34027763,201011040,2011-03-31T23:00:00,20110331230000,MULTIPOINT ((-66.4636 82.423)),82.423,-66.4636,150,58.763,58.86474609,,0,1.18,0,2.56,0,22.271,0,987.49,,,26.92332449,,40.09,2.954,0.4264,4.055,298.50146631,385.74,0,-8,280.0458,280.9361,,,,1.911966,2.156434,0,0,204.8953,12.82765,91.7,89.5,33.24776333,,33.24451896,,-6,-5.9,-30,-5.7825,-5.6854,-1.8173,,-0.9642603,0.168,99,40.4,103,44.5,20.7,20.7,19,19,71,,793.12,-0.35
underway_1200.34027883,34027883,201011040,2011-03-31T23:20:00,20110331232000,MULTIPOINT ((-66.4638 82.422)),82.422,-66.4638,258.2,64.471,64.09973145,,1.2,0.71,0,3.01,0,22.271,0,987.63,,,27.06859149,,40.02,6.615,0.451,4.041,299.66957919,388.04,0.002,-8,279.1128,278.7861,,,,1.911966,1.848372,0,0,0,12.82769,92,89.6,33.51202719,,33.52384573,,-5.9,-5.9,-30,-5.7652,-5.6854,-1.8051,,-1.03755949,0.172,102,35.5,105,38.3,18.9,19.9,17.9,18.8,71,,792.86,-0.38
underway_1200.34028003,34028003,201011040,2011-03-31T23:40:00,20110331234000,MULTIPOINT ((-66.4636 82.4226)),82.4226,-66.4636,272.1,122.103,122.9095459,,1.4,0.71,0,3.24,0,22.272,0,987.75,,,27.06203382,,39.97,5.563,0.369,4.047,300.55107557,389.17,0.003,-8,278.8503,278.6357,,,,1.911966,1.848372,0,0,0,12.82401,92.4,89.6,33.46144417,,33.45817641,,-6,-6,-30,-5.8259,-5.7201,-1.8031,,-0.9867295,0.212,84,323.5,83,323,18.7,19.8,19.5,20.6,71,,792.52,-0.36
underway_1200.34028123,34028123,201011040,2011-04-01T00:00:00,20110401000000,MULTIPOINT ((-66.4638 82.422)),82.422,-66.4638,116.5,103.281,102.14538574,,0.8,0.95,0,2.52,0,22.273,0,987.86,,,27.09479816,,40,7.209,0.3936,4.058,299.66676617,388.03,0.01,-8,274.5182,276.1847,,,,1.911968,2.464496,0,-1.75495,-204.8877,12.81384,92.5,90,33.47475113,,33.48099045,,-6.1,-6,-30,-5.8954,-5.7896,-1.8102,,-0.96719061,0.276,81,339.8,77,336.1,22.1,22.8,22.8,23.5,71,,793.09,-0.34
underway_1200.34028243,34028243,201011040,2011-04-01T00:20:00,20110401002000,MULTIPOINT ((-66.4637 82.4212)),82.4212,-66.4637,136.8,131.552,132.65991211,,0.2,0.62,0,2.66,0,22.276,0,987.83,,,27.08605769,,39.93,5.131,0.3198,,300.92416212,389.68,0.023,-8,279.4076,280.1841,,,,1.911968,2.464496,0,0,0,12.80073,92.4,90.1,33.43686778,,33.43321013,,-6.1,-6.1,-30,-5.9301,-5.8591,-1.8006,,-0.93496491,0.503,89,316.8,91,319.1,23.3,23.4,24.3,24.5,71,,792.82,-0.32
underway_1200.34028363,34028363,201011040,2011-04-01T00:40:00,20110401004000,MULTIPOINT ((-66.4638 82.4212)),82.4212,-66.4638,261.2,129.65,131.40197754,,0,0.62,0,2.7,0,,,987.78,,,27.12974514,,39.96,6.907,0.3198,4.044,300.08980062,388.56,,-8,279.4076,279.2596,,,,3.186613,3.08062,0,1.754966,204.8895,12.76025,92.4,89.9,33.48132248,,33.48171927,,-6.1,-6,-30,-5.9301,-5.8243,-1.8024,,-0.92520285,,89,317.4,89,317.3,21.8,21.8,22.9,22.9,,,793.11,-0.31
underway_1200.34028483,34028483,201011040,2011-04-01T01:00:00,20110401010000,MULTIPOINT ((-66.4638 82.4213)),82.4213,-66.4638,350.2,129.564,132.23693848,,0,0.46,0,2.61,0,,,987.99,,,27.09479549,,39.95,9.042,0.3034,4.039,301.35836053,390.24,,-8,273.9175,274.3568,,,,7.647871,8.009612,1.837665,3.5099,0,12.7463,92.3,89.8,33.44834758,,33.44726059,,-6.3,-6.3,-30,-6.0345,-5.9637,-1.8017,,-0.9369175,,100,327.8,98,325.7,19.8,19.8,20.5,20.5,,,793.32,-0.39
underway_1200.34028603,34028603,201011040,2011-04-01T01:20:00,20110401012000,MULTIPOINT ((-66.4635 82.4241)),82.4241,-66.4635,89.1,83.561,86.38000488,,0,1.97,0,1.53,0,,,987.97,,,27.08715428,,39.98,,0.41,4.062,301.35540547,390.53,,-8,275.3315,276.9033,,,,21.03164,21.8724,9.188246,8.774751,0,12.77014,92.3,90.1,33.50725213,,33.49019763,,-6.3,-6.3,-30,-6.1741,-6.121,-1.7804,,-0.98477533,,104,17.4,98,11.9,21.9,21.9,21.1,21.1,,,3697.92,-0.45
underway_1200.34028723,34028723,201011040,2011-04-01T01:40:00,20110401014000,MULTIPOINT ((-66.4635 82.424)),82.424,-66.4635,289.1,82.851,84.74853516,,0,2.12,0,1.78,0,,,988.09,,,27.06639961,,39.99,5.37,0.3034,4.068,301.4098646,390.3,,-8,266.854,269.113,,,,43.6566,46.2093,18.37665,21.05996,0,12.77366,92.2,90,33.44999291,,33.42604115,,-6.5,-6.4,-30,-6.2703,-6.1823,-1.7905,,-0.95254048,,106,21.1,101,16.4,17.9,17.9,17.3,17.3,,,3706.96,-0.46
underway_1200.34028843,34028843,201011040,2011-04-01T02:00:00,20110401020000,MULTIPOINT ((-66.4636 82.4232)),82.4232,-66.4636,250.1,75.667,76.22314453,,0.3,0.67,0,2.46,0,,,988.11,,,27.08715041,,39.94,3.125,0.287,4.047,301.21739294,389.97,,-8,268.832,269.2637,,,,71.06146,73.62681,33.07797,35.09965,0,12.77331,92,89.9,33.43646973,,33.4412148,,-6.5,-6.4,-30,-6.2791,-6.1473,-1.8012,,-0.94082288,,100,23,95,18.2,18.9,19.2,18.1,18.4,,,0,-0.36
underway_1200.34028963,34028963,201011040,2011-04-01T02:20:00,20110401022000,MULTIPOINT ((-66.4635 82.4243)),82.4243,-66.4635,169,73.607,73.39416504,,0,2.22,0,2.24,0,,,988.14,,,27.07404398,,39.95,7.866,0.3034,4.077,301.04146888,389.72,,-8,277.0458,277.4313,,,,102.6089,105.9733,47.77929,49.13871,0,12.77328,91.9,89.7,33.42488199,,33.42339724,,-6.5,-6.3,-30,-6.244,-5.9986,-1.8093,,-0.94082288,,105,31.2,106,33.1,15.3,15.3,14.4,14.4,,,0,-0.36
underway_1200.34029083,34029083,201011040,2011-04-01T02:40:00,20110401023959,MULTIPOINT ((-66.4637 82.4235)),82.4235,-66.4637,236.5,75.329,75.2947998,,0,0.4,0,0,-0.72,,,988.39,,,27.07404467,,39.94,4.141,0.2624,4.05,301.85606268,390.73,,-8,280.3578,279.7324,,,,131.9296,137.3956,58.80527,59.66831,0,12.7737,91.3,88.7,33.42843141,,33.43209007,,-6.5,-6.4,-30,-6.1771,-5.9637,-1.8,,-0.94863437,,103,28.1,103,27.6,18.6,18.6,17.2,17.2,,,5561.09,-0.41
underway_1200.34029203,34029203,201011040,2011-04-01T03:00:00,20110401025959,MULTIPOINT ((-66.4637 82.4222)),82.4222,-66.4637,254,81.018,80.55175781,,0.7,0.58,0,0,-0.48,,,988.46,,,27.10244059,,39.97,5.133,0.2132,4.047,301.0638623,389.83,,-8,280.9799,281.4099,,,,193.122,200.5483,86.37025,91.25789,0,12.7609,91.4,88.6,33.45370282,,33.45330525,,-6.4,-6.3,-30,-6.0328,-5.8243,-1.8151,,-0.93301237,,96,14.6,91,9.8,19.5,20.2,18.9,19.6,,,5556.48,-0.4
underway_1200.34029323,34029323,201011040,2011-04-01T03:20:00,20110401031959,MULTIPOINT ((-66.4635 82.4232)),82.4232,-66.4635,51.9,52.826,52.95410156,,1.2,0.81,0,1.01,0,,,988.41,,,27.04783294,,39.98,5.193,0.3034,4.063,301.20567515,389.93,,-8,281.6995,282.9734,,,,207.1411,217.1837,88.20792,94.76957,0,12.76179,91.5,88.4,33.41205552,,33.40948335,,-6.3,-6.2,-30,-5.8662,-5.7114,-1.8099,,-0.96035345,,100,44.1,105,48.3,22.1,23,20.5,21.3,,,792.85,-0.42
underway_1200.34029443,34029443,201011040,2011-04-01T03:40:00,20110401033959,MULTIPOINT ((-66.4636 82.4241)),82.4241,-66.4636,85.2,81.37,79.6673584,,2.4,1.04,0,1.23,-1.75,,,988.45,,,27.09916569,,39.99,6.268,0.369,4.053,300.47695686,389.06,,-8,282.1574,282.936,,,,228.1698,238.44,99.23391,105.3015,0,12.7605,92.1,88.9,33.47861987,,33.47060302,,-6.4,-6.3,-30,-5.7604,-5.7201,-1.8116,,-0.95254048,,88,7.2,81,0.9,20.5,22.9,20.1,22.5,,,795.65,-0.39
underway_1200.34029563,34029563,201011040,2011-04-01T04:00:00,20110401035959,MULTIPOINT ((-66.4637 82.423)),82.423,-66.4637,247.3,82.546,82.92480469,,0.4,0.44,0,0,-0.51,,,988.66,,,27.06312568,,40.01,6.678,0.3034,4.047,300.40474109,389.03,,-8,282.1702,281.6866,,,,231.6685,240.9044,101.0716,105.298,0,12.76033,91.8,88.3,33.4418473,,33.45530714,,-6.2,-6.1,-30,-5.7574,-5.5123,-1.8116,,-0.98282123,,99,16,94,11.2,23.7,24.1,22.8,23.2,,,793.82,-0.41
underway_1200.34029683,34029683,201011040,2011-04-01T04:20:00,20110401041959,MULTIPOINT ((-66.4633 82.4252)),82.4252,-66.4633,68.6,72.028,71.99890137,,4.1,1.98,0,0.49,-0.92,,,988.77,,,27.07623044,,39.99,5.656,0.328,4.05,300.77905106,389.57,,-8,282.0238,282.1361,,,,289.3444,301.2846,128.6356,133.386,0,12.7507,92.1,88.6,33.45503542,,33.45246128,,-6.2,-6.1,-30,-5.7913,-5.4088,-1.8099,,-0.9642603,,99,21.8,92,15.8,17.9,21.3,16.5,20.1,,,0,-0.41
underway_1200.34029803,34029803,201011040,2011-04-01T04:40:00,20110401043959,MULTIPOINT ((-66.4634 82.4241)),82.4241,-66.4634,239.4,88.726,88.43444824,,0.1,0.71,0,1.05,0,,,988.94,,,27.05001776,,40.01,6.157,0.328,4.045,300.47238475,388.89,,-8,281.6498,281.8091,,,,382.0782,396.1676,176.4158,182.5167,0,12.74755,92.3,88.8,33.41274343,,33.41788867,,-6.2,-6.1,-30,-5.4127,-5.2368,-1.801,,-0.96523706,,91,2.4,83,354.9,18.4,18.5,18.1,18.2,,,792.55,-0.41
underway_1200.34029923,34029923,201011040,2011-04-01T05:00:00,20110401045959,MULTIPOINT ((-66.4633 82.4257)),82.4257,-66.4633,94.5,75.352,75.19592285,,1.2,1.59,0,0,-1.68,,,988.98,,,27.07623449,,40.01,7.223,0.4346,4.057,300.38387897,389.22,,-8,281.8031,282.7348,,,,370.2844,386.3097,172.7405,179.0108,0,12.74677,92.8,89.5,33.50398055,,33.50368242,,-6.3,-6.2,-30,-5.3774,-5.2712,-1.8046,,-1.01018431,,90,14.3,86,10.1,20.8,21.8,20.5,21.5,,,762.62,-0.42
underway_1200.34030043,34030043,201011040,2011-04-01T05:20:00,20110401051959,MULTIPOINT ((-66.4633 82.4241)),82.4241,-66.4633,90,84.466,85.00671387,,0.8,0.93,0,0.39,-0.59,,,989.05,,,26.98449276,,40.03,6.354,0.2952,4.053,300.7008014,389.17,,-8,280.1978,277.8732,,,,356.2633,373.3711,165.3898,171.9853,0,12.7467,92.7,89.7,33.40620264,,33.40918026,,-6.5,-6.4,-30,-5.5149,-5.4002,-1.8043,,-1.03755949,,96,10.4,90,5,17.5,18.5,16.8,17.8,,,793.83,-0.46
underway_1200.34030163,34030163,201011040,2011-04-01T05:40:00,20110401053959,MULTIPOINT ((-66.4634 82.4248)),82.4248,-66.4634,90.7,94.757,94.60327148,,0.9,1.11,0,0,-1.36,,,989.24,,,27.05002094,,40.01,7.467,0.2788,4.05,300.50904347,389.26,,-8,284.4516,284.3118,,,,343.5169,357.968,150.6861,157.9464,0,12.74654,93.2,90,33.45013393,,33.458158,,-6.7,-6.7,-30,-5.6961,-5.6507,-1.8098,,-1.00138771,,85,351.9,80,346.5,17,18,17.1,18.1,,,795.2,-0.42
underway_1200.34030283,34030283,201011040,2011-04-01T06:00:00,20110401055959,MULTIPOINT ((-66.4633 82.4266)),82.4266,-66.4633,97.6,80.976,81.23291016,,0,2.03,0,1.67,0,,,989.3,,,27.06421839,,40,6.899,0.287,4.074,300.56135808,389.09,,-8,285.3047,285.8607,,,,381.7562,394.9354,169.0651,175.5013,0,12.73618,93.4,90.3,33.46154797,,33.4633289,,-6.7,-6.6,-30,-5.9649,-5.7896,-1.7887,,-0.98868373,,96,15.1,91,9.5,18.3,18.3,17.5,17.5,,,3828.96,-0.41
underway_1200.34030403,34030403,201011040,2011-04-01T06:20:00,20110401061959,MULTIPOINT ((-66.4633 82.4266)),82.4266,-66.4633,302.6,80.876,81.16149902,,0,1.87,0,1.49,0,,,989.47,,,27.11117902,,39.99,5.346,0.2624,4.064,300.12782487,388.59,,-8,285.7552,286.5748,,,,380.4816,394.9354,169.0652,175.4961,0,12.72268,93.2,90.4,33.46942856,,33.47497166,,-6.6,-6.5,-30,-5.8606,-5.6247,-1.7879,,-0.94179926,,94,12.8,86,4.8,12.6,12.6,12.3,12.3,,,3811.44,-0.36
underway_1200.34030523,34030523,201011040,2011-04-01T06:40:00,20110401063959,MULTIPOINT ((-66.4633 82.4257)),82.4257,-66.4633,257.8,72.343,72.31201172,,0,0.83,0,0,-0.54,,,989.59,,,27.10572039,,40.01,4.839,0.2952,4.058,299.76803494,388.44,,-8,285.3047,285.2743,,,,323.1226,335.4795,135.9854,140.3988,0,12.71934,93.2,90.3,33.50348242,,33.49803254,,-6.6,-6.5,-30,-5.9649,-5.6767,-1.8116,,-0.96914422,,94,21.2,91,18.6,17.9,17.9,17.2,17.2,,,794.87,-0.37
underway_1200.34030643,34030643,201011040,2011-04-01T07:00:00,20110401065959,MULTIPOINT ((-66.4633 82.4266)),82.4266,-66.4633,83.6,91.221,91.62597656,,0.2,1.72,0,0.1,-0.26,,,989.65,,,27.07186224,,39.97,,0.3608,4.059,300.89643939,389.74,,-8,287.4331,287.1616,,,,395.7773,410.3385,169.0651,175.5017,0,12.71941,93.6,90.7,33.47245656,,33.45413495,,-6.7,-6.6,-30,-5.9388,-5.7374,-1.8102,,-0.97109789,,103,11.5,97,4.9,19.6,19.8,19.2,19.4,,,794.78,-0.39
underway_1200.34030763,34030763,201011040,2011-04-01T07:20:00,20110401071959,MULTIPOINT ((-66.4633 82.4268)),82.4268,-66.4633,216.9,72.242,72.08129883,,0.1,1.01,0,0.97,0,,,989.8,,,27.09370716,,39.98,7.537,0.328,4.051,300.65298398,389.48,,-8,287.1702,285.6512,,,,376.0203,389.6967,161.7145,168.4836,-204.898,12.71287,93.7,90.7,33.49000214,,33.49475892,,-6.6,-6.5,-30,-5.9997,-5.5897,-1.8014,,-0.98086718,,100,27.9,102,30.1,16.4,16.6,15.2,15.4,,,0,-0.39
underway_1200.34030883,34030883,201011040,2011-04-01T07:40:00,20110401073959,MULTIPOINT ((-66.4632 82.4265)),82.4265,-66.4632,246.7,71.832,71.92749023,,1.1,0.76,0,0,-0.97,,,990.07,,,27.07186173,,39.97,5.485,0.2788,4.05,300.82227698,389.35,,-8,285.2659,286.2868,,,,344.7924,359.8164,147.0132,154.4403,0,12.71335,94.1,90.9,33.45116252,,33.44760562,,-6.5,-6.4,-30,-5.9738,-5.4433,-1.8088,,-0.96523706,,103,29,102,28.4,15.6,16.6,14.7,15.7,,,3707.47,-0.38
underway_1200.34031003,34031003,201011040,2011-04-01T08:00:00,20110401075959,MULTIPOINT ((-66.4631 82.4273)),82.4273,-66.4631,241,68.177,68.42285156,,1.1,0.6,0,0,-0.49,,,990,,,27.05656974,,39.96,,0.287,4.054,301.11371778,389.73,,-8,285.9428,286.7735,,,,375.383,391.2387,169.0652,175.4997,0,12.68315,94.1,90.8,33.41307292,,33.41158778,,-6.4,-6.2,-30,-5.8173,-5.3314,-1.8078,,-0.95156393,,99,28.3,97,26.9,19.5,20.5,18.3,19.3,,,0,-0.38
underway_1200.34031123,34031123,201011040,2011-04-01T08:20:00,20110401081959,MULTIPOINT ((-66.4631 82.4269)),82.4269,-66.4631,76.4,66.534,66.16516113,,0.4,1.01,0,0,-0.91,,,990.03,,,27.06421934,,39.98,5.798,0.3362,4.055,300.94560078,389.81,,-8,277.284,275.657,,,,332.3637,346.8778,158.0392,164.9681,0,12.67956,94,90.2,33.47055885,,33.47531647,,-6.3,-6.2,-30,-5.722,-5.1682,-1.811,,-0.99943309,,97,30,96,29.4,18.2,18.6,17.1,17.5,,,793.67,-0.41
underway_1200.34031243,34031243,201011040,2011-04-01T08:40:00,20110401083959,MULTIPOINT ((-66.463 82.4281)),82.4281,-66.463,266.6,89.834,89.83520508,,0.9,0.77,0,0,-1.11,,,990.18,,,26.94518077,,40.08,6.807,0.4182,4.058,300.07783552,388.71,,-8,269.3332,268.0878,,,,390.0417,387.5393,196.6302,193.0446,0,12.66904,93.5,90.2,33.45167328,,33.43736549,,-6.4,-6.3,-30,-5.6962,-5.4254,-1.7979,,-1.11094559,,105,14.2,103,12.8,15.2,16.1,14.5,15.4,,,0,-0.5
underway_1200.34031363,34031363,201011040,2011-04-01T09:00:00,20110401085959,MULTIPOINT ((-66.463 82.4273)),82.4273,-66.463,262,74.11,74.16320801,,0.3,0.46,0,0,-0.75,,,990.21,,,26.96046532,,40.01,5.859,0.5248,4.053,301.17484968,389.96,,-8,266.7532,266.8845,,,,196.9337,201.4724,88.20792,87.75065,0,12.66615,92.9,90.1,33.37671625,,33.38295979,,-6.5,-6.5,-30,-5.8265,-5.7027,-1.8101,,-1.04342718,,103,28.7,103,28.2,19.4,19.6,18.4,18.6,,,793.28,-0.46
underway_1200.34031483,34031483,201011040,2011-04-01T09:20:00,20110401091959,MULTIPOINT ((-66.4629 82.4286)),82.4286,-66.4629,254.1,90.998,91.53259277,,0.1,1.12,0,0,-1.01,,,990.36,,,26.97466519,,40.02,8.129,0.41,4.055,300.86396581,389.45,,-8,270.0354,270.2064,,,,195.6584,202.7048,88.20792,91.25916,0,12.66584,92.5,89.8,33.42313501,,33.42193747,,-6.5,-6.5,-30,-5.9999,-5.9288,-1.8042,,-1.06103358,,104,12.5,99,7,19,19.1,18.8,18.9,,,3669.77,-0.46
underway_1200.34031603,34031603,201011040,2011-04-01T09:40:00,20110401093959,MULTIPOINT ((-66.4629 82.4277)),82.4277,-66.4629,110.1,97.937,98.73962402,,0.3,0.68,0,0,-0.74,,,990.51,,,27.00852212,,40,7.387,0.3608,4.046,301.08430045,389.89,,-8,265.8538,265.605,,,,181.9559,187.9178,84.53258,87.74754,0,12.6658,92.2,89.6,33.44946756,,33.45830187,,-6.5,-6.5,-30,-6.0346,-5.9986,-1.8111,,-1.05222975,,107,8.1,100,1.3,18.6,19,18.2,18.6,,,793.1,-0.45
underway_1200.34031723,34031723,201011040,2011-04-01T10:00:00,20110401100000,MULTIPOINT ((-66.4631 82.4292)),82.4292,-66.4631,110.5,90.016,90.94482422,,0,0.94,0,0,-1.4,,,990.61,,,27.04128141,,39.99,5.967,0.3116,,300.73749462,389.3,,-8,263.989,265.7558,,,,172.7144,179.2919,84.53258,87.74888,0,12.666,91.8,89.6,33.41973662,,33.42122298,,-6.5,-6.5,-30,-5.9997,-5.9636,-1.8109,,-0.9789132,,108,16.6,101,9.9,14.5,14.5,13.9,13.9,,,0,-0.4
underway_1200.34031843,34031843,201011040,2011-04-01T10:20:00,20110401102000,MULTIPOINT ((-66.4631 82.4295)),82.4295,-66.4631,101.2,,84.13330078,,0,,,,,,,990.63,,,26.86653156,,40.04,5.817,0.4346,4.057,300.77849124,388.58,,-8,271.7514,270.9802,,,,152.0014,158.3438,73.5066,77.21932,0,12.66564,91.2,89,33.17947074,,33.16193431,,-6.5,-6.4,-30,-6.0693,-5.9986,-1.8168,,-0.95937678,,99,14.9,94,9.8,18.2,18.2,17.6,17.6,,,0,-0.44
underway_1200.34031963,34031963,201011040,2011-04-01T10:40:00,20110401104000,MULTIPOINT ((-66.4632 82.4292)),82.4292,-66.4632,88.3,83.37,83.77075195,,4.8,0.98,0,0,-1.72,,,990.49,,,26.95390883,,40.05,4.844,0.3362,4.051,300.34396154,388.53,,-8,275.0221,274.4129,,,,111.8521,116.4474,51.45462,52.65066,0,12.66584,90.6,88.2,33.3324324,,33.33054423,,-6.7,-6.7,-30,-6.2459,-6.1999,-1.7977,,-1.00431977,,98,12.5,90,6.6,20.3,25,19.5,24.3,,,793.52,-0.45
underway_1200.34032083,34032083,201011040,2011-04-01T11:00:00,20110401110000,MULTIPOINT ((-66.4632 82.4289)),82.4289,-66.4632,251.6,75.002,75.30578613,,1.9,0.55,0,0,-0.93,,,990.61,,,26.89823256,,40.18,6.804,0.5248,4.061,298.7388954,387.26,,-8,270.3195,271.6197,,,,73.92943,77.01549,33.07797,35.09952,0,12.62604,90.4,88.2,33.53167119,,33.56633984,,-6.8,-6.7,-30,-6.4019,-6.3492,-1.8154,,-1.28350098,,109,30.6,109,30.4,20.3,21.9,18.8,20.4,,,5559.37,-0.57
underway_1200.34032203,34032203,201011040,2011-04-01T11:20:00,20110401112000,MULTIPOINT ((-66.4631 82.4301)),82.4301,-66.4631,229.1,69.849,69.50500488,,0,1.55,0,0,-1.37,,,990.72,,,26.84797293,,40.25,7.259,1.5662,4.054,298.06477777,385.56,,-8,263.7936,265.7892,,,,47.16455,48.98185,18.37665,21.06018,0,12.58654,91.1,88.4,33.26830733,,33.23832125,,-6.8,-6.7,-30,-6.5134,-6.455,-1.7814,,-1.05125163,,101,31.8,103,33.8,19.1,19.1,18.1,18.1,,,0,-0.58
underway_1200.34032323,34032323,201011040,2011-04-01T11:40:00,20110401114000,MULTIPOINT ((-66.463 82.4301)),82.4301,-66.463,233.5,49.334,48.71337891,,0.1,1.47,0,0,-1.27,,,990.8,,,26.94735527,,40.1,,0.4346,4.068,299.41655748,387.2,,-8,269.582,270.862,,,,23.90265,25.26108,9.188325,8.774818,0,12.57306,91.2,88.3,33.29695869,,33.31511217,,-6.7,-6.7,-30,-6.5736,-6.5256,-1.7956,,-0.99845579,,98,48.2,103,53.1,17.3,17.4,15.6,15.7,,,3970.56,-0.45
underway_1200.34032443,34032443,201011040,2011-04-01T12:00:00,20110401120000,MULTIPOINT ((-66.463 82.4303)),82.4303,-66.463,72,52.627,51.7565918,,0.1,1.33,0,0,-1.42,,,990.92,,,26.94517528,,40.22,3.011,1.025,,297.8813505,385.8,,-8,271.763,273.1642,,,,10.83554,11.70635,3.67533,5.26485,0,12.56016,90.9,87.9,33.39588133,,33.36755723,,-6.7,-6.7,-30,-6.5351,-6.4903,-1.8104,,-1.04831734,,91,39.4,97,44.7,19.3,19.4,18,18.1,,,0,-0.54
underway_1200.34032563,34032563,201011040,2011-04-01T12:20:00,20110401122000,MULTIPOINT ((-66.4633 82.4285)),82.4285,-66.4633,141.2,97.639,96.91040039,,0.5,0.98,0,0,-1.65,,,990.84,,,26.73660356,,40.21,3.11,0.779,4.069,296.26067594,383.13,,-8,272.0404,273.4666,,,,3.824519,4.004805,0,1.755016,0,12.55963,90.8,87.6,33.28365942,,33.45990099,,-6.6,-6.6,-30,-6.4705,-6.4198,-1.8275,,-1.38667589,,90,354,82,345.9,20.3,21.1,20.4,21.2,,,3706.86,-0.37
underway_1200.34032683,34032683,201011040,2011-04-01T12:40:00,20110401124000,MULTIPOINT ((-66.4633 82.4285)),82.4285,-66.4633,260.2,109.193,109.22607422,,1.6,0.69,0,0,-1.36,,,991.16,,,26.84689727,,40.27,,1.394,3.962,298.15895559,386.15,,-8,274.4778,273.77,,,,2.230938,2.464496,0,0,0,12.56059,90.8,87.5,33.42568249,,33.44743873,,-6.5,-6.5,-30,-6.3724,-6.3492,-1.8093,,-1.24031695,,96,347.7,90,341.9,16.7,18.2,17.1,18.5,,,5560.32,-0.65
underway_1200.34032803,34032803,201011040,2011-04-01T13:00:00,20110401130000,MULTIPOINT ((-66.4631 82.4308)),82.4308,-66.4631,231.3,53.149,52.19604492,,0.9,0.57,0,0,-1.23,,,991.19,,,26.87090924,,40.18,3.543,0.5248,4.058,298.92859403,386.76,,-8,272.2712,271.6199,,,,1.912241,2.156434,0,0,0,12.5506,91.2,87.8,33.29033573,,33.2826088,,-6.6,-6.6,-30,-6.4168,-6.3492,-1.8135,,-1.06299015,,107,52.3,114,58.6,16.3,16.8,15,15.4,,,0,-0.54
underway_1200.34032923,34032923,201011040,2011-04-01T13:20:00,20110401132000,MULTIPOINT ((-66.4631 82.4301)),82.4301,-66.4631,244.5,69.781,68.8458252,,1.4,0.65,0,0,-1.24,,,991.23,,,26.9626513,,40.11,7.272,0.4838,4.067,299.85207727,388.33,,-8,276.2251,275.7689,,,,1.91225,1.848372,0,-1.75496,0,12.54767,91.4,87.9,33.39425106,,33.40663923,,-6.6,-6.6,-30,-6.4348,-6.3845,-1.815,,-1.06201186,,96,25.1,95,23.2,13.8,15.1,13.2,14.5,,,5560.17,-0.52
underway_1200.34033043,34033043,201011040,2011-04-01T13:40:00,20110401134000,MULTIPOINT ((-66.4632 82.43)),82.43,-66.4632,248.4,78.327,77.71728516,,0.8,0.85,0,0,-1.3,,,991.22,,,26.85015305,,40.14,5.755,0.4756,4.063,299.80706922,387.63,,-8,278.7871,278.8429,,,,1.912285,2.464496,0,0,0,12.54703,92.1,88.7,33.20594695,,33.18824628,,-6.7,-6.7,-30,-6.5424,-6.4198,-1.8123,,-1.00334241,,93,14.3,88,10,20.2,21,19.5,20.3,,,5559.32,-0.53
underway_1200.34033163,34033163,201011040,2011-04-01T14:00:00,20110401140000,MULTIPOINT ((-66.4633 82.4295)),82.4295,-66.4633,80.7,79.325,78.31604004,,0.8,1.14,0,0,-1.44,,,991.17,,,26.99104835,,40.13,6.154,0.533,,299.30455062,387.69,,-8,276.774,277.919,,,,1.912274,2.464496,0,0,0,12.53344,91.8,88.5,33.45640009,,33.44974517,,-6.7,-6.6,-30,-6.5418,-6.3845,-1.8143,,-1.06592513,,97,18.5,91,13,19.9,20.8,19.5,20.4,,,3707.15,-0.52
underway_1200.34033283,34033283,201011040,2011-04-01T14:20:00,20110401142000,MULTIPOINT ((-66.4629 82.4316)),82.4316,-66.4629,89.4,59.319,58.48571777,,0,1.51,0,0,-0.7,,,991.09,,,26.98012378,,40.1,5.742,0.369,4.073,300.04700866,388.63,,-8,276.0686,275.769,,,,1.912274,1.848372,0,0,0,12.52312,91.3,88,33.39727,,33.3999577,,-6.6,-6.6,-30,-6.4713,-6.3845,-1.8089,,-1.03462586,,91,32.5,93,34.1,23.1,23.1,21.9,21.9,,,0,-0.52
underway_1200.34033403,34033403,201011040,2011-04-01T14:40:00,20110401144000,MULTIPOINT ((-66.4629 82.4316)),82.4316,-66.4629,74.5,50.832,50.0592041,,0,1.43,0,0.35,0,,,991.43,,,27.04893494,,40.12,7.015,0.5658,4.074,299.21114881,387.77,,-8,277.3846,278.1465,,,,1.912248,2.464496,0,0,0,12.52046,91.7,88.3,33.53053537,,33.53531038,,-6.5,-6.5,-30,-6.3996,-6.3316,-1.8029,,-1.07179551,,98,47.7,105,55.2,16.9,16.9,15.2,15.2,,,0,-0.51
underway_1200.34033523,34033523,201011040,2011-04-01T15:00:00,20110401150000,MULTIPOINT ((-66.4631 82.4311)),82.4311,-66.4631,246.8,69.79,69.19189453,,1.5,0.73,0,0,-1.19,,,991.41,,,26.9834005,,40.19,4.902,0.3936,4.063,298.21721054,386.14,,-8,277.2241,277.995,,,,1.912289,2.464496,0,0,0,12.50755,91.7,88.4,33.40482316,,33.40660211,,-6.6,-6.5,-30,-6.4369,-6.3668,-1.808,,-1.0365816,,104,32.3,105,33.3,19.1,20.4,18,19.2,,,5559.29,-0.52
underway_1200.34033643,34033643,201011040,2011-04-01T15:20:00,20110401152000,MULTIPOINT ((-66.4634 82.4296)),82.4296,-66.4634,196.3,69.288,68.3404541,,0,0.77,0,0,-1.16,,,991.42,,,27.03255796,,40.19,5.469,0.6888,4.065,298.43999227,387.24,,-8,277.0423,277.7676,,,,1.912258,2.156434,0,0,0,12.50727,92.7,88.9,33.62712113,,33.58860916,,-6.6,-6.6,-30,-6.4792,-6.4198,-1.8066,,-1.13934489,,99,30.9,101,32.5,14.7,14.8,14,14.1,,,3707.82,-0.58
underway_1200.34033763,34033763,201011040,2011-04-01T15:40:00,20110401154000,MULTIPOINT ((-66.463 82.4316)),82.4316,-66.463,241.6,63.31,62.25402832,,1.4,0.79,0,0,-1.53,,,991.48,,,26.93971553,,40.14,6.306,0.3936,4.067,299.67381893,387.92,,-8,276.7709,275.3144,,,,1.912288,2.464496,0,0,0,12.48036,92.3,88.5,33.36962132,,33.374265,,-6.7,-6.7,-30,-6.5425,-6.4903,-1.8164,,-1.06103358,,109,43.8,114,48.1,16.5,17.5,15.5,16.4,,,3559.7,-0.55
underway_1200.34033883,34033883,201011040,2011-04-01T16:00:00,20110401160000,MULTIPOINT ((-66.4628 82.4323)),82.4323,-66.4628,92.1,63.07,61.80358887,,0,1.49,0,1.72,0,,,991.36,,,26.88948418,,40.2,4.493,0.5248,,299.15072056,387.46,,-8,276.015,276.6675,,,,1.912282,2.156434,0,0,0,12.47998,92.4,88.5,33.39253331,,33.41261323,,-6.9,-6.9,-30,-6.7188,-6.6761,-1.7948,,-1.15697861,,96,33.9,98,36.3,22.4,22.4,21.1,21.1,,,0,-0.61
underway_1200.34034003,34034003,201011040,2011-04-01T16:20:00,20110401162000,MULTIPOINT ((-66.4629 82.4321)),82.4321,-66.4629,245.9,67.528,66.21459961,,1.5,0.69,0,0,-1.63,,,991.62,,,26.94299256,,40.06,5.132,0.3772,4.06,301.1264156,389.81,,-8,277.5,278.3614,,,,1.912281,1.848372,0,0,0,12.4662,92.1,88.5,33.38756121,,33.38527094,,-7,-7,-30,-6.8428,-6.7827,-1.8068,,-1.06690349,,105,34.5,106,35.4,13.2,14.5,12.4,13.7,,,5643.26,-0.54
underway_1200.34034123,34034123,201011040,2011-04-01T16:40:00,20110401164000,MULTIPOINT ((-66.4628 82.4327)),82.4327,-66.4628,66.3,65.864,64.94018555,,6.2,1.66,0,0,-1.93,,,991.48,,,26.94736229,,40.14,8.743,0.492,4.053,299.42267452,387.71,,-8,277.424,278.3615,,,,1.91228,2.464496,0,0,0,12.46671,92.4,88.8,33.42475932,,33.40431495,,-7,-7,-30,-6.8606,-6.7827,-1.8128,,-1.07864498,,103,28.6,104,28.8,17.6,22.4,16.1,20.9,,,5177.86,-0.54
underway_1200.34034243,34034243,201011040,2011-04-01T17:00:00,20110401170000,MULTIPOINT ((-66.4631 82.431)),82.431,-66.4631,79,72.396,69.67529297,,3.9,0.93,0,0,-0.83,,,991.38,,,26.99432593,,40.11,6.517,0.5084,4.072,299.90879499,388.37,,-8,279.4062,280.6258,,,,1.912261,2.156434,0,0,0,12.45325,93,89.2,33.47606928,,33.46732454,,-7,-7,-30,-6.8684,-6.756,-1.81,,-1.07766644,,97,24.4,94,22.3,17.9,21.8,17.2,21.2,,,3759.36,-0.54
underway_1200.34034363,34034363,201011040,2011-04-01T17:20:00,20110401172000,MULTIPOINT ((-66.463 82.4321)),82.4321,-66.463,250.2,71.595,70.64208984,,1.2,0.85,0,0,-1.23,,,991.55,,,26.92879749,,40.1,3.614,0.3772,4.065,300.56297169,389.32,,-8,279.5745,278.5517,,,,1.912192,2.464496,0,0,0,12.4265,93.1,89.3,33.3878784,,33.40624788,,-6.9,-6.9,-30,-6.8291,-6.7383,-1.8105,,-1.10311359,,104,31,104,31.6,19.7,20.8,18.5,19.6,,,3706.12,-0.56
underway_1200.34034483,34034483,201011040,2011-04-01T17:40:00,20110401174000,MULTIPOINT ((-66.4631 82.4305)),82.4305,-66.4631,251.5,73.631,72.91625977,,1.4,0.83,0,0,-1.56,,,991.48,,,26.95500246,,40.11,4.023,0.3936,4.058,300.05476525,388.45,,-8,279.3837,280.6637,,,,1.912196,2.156434,0,0,0,12.43996,92.8,89.1,33.36011122,,33.35049794,,-7,-7,-30,-6.8737,-6.7472,-1.8215,,-1.0209374,,104,29.3,103,28.4,19.1,20.2,17.7,18.8,,,0,-0.53
underway_1200.34034603,34034603,201011040,2011-04-01T18:00:00,20110401180000,MULTIPOINT ((-66.4627 82.4331)),82.4331,-66.4627,85.2,69.968,69.62585449,,0,1.55,0,0,-2.05,,,991.55,,,26.95391937,,40.13,3.801,0.4264,,299.91948323,388.62,,-8,281.149,280.3595,,,,1.912291,2.156434,0,0,0,12.42657,93.5,89.6,33.45695893,,33.46461837,,-7,-7,-30,-6.9323,-6.8183,-1.8068,,-1.12465397,,106,36.4,109,39.5,18.4,18.4,17.5,17.5,,,0,-0.57
underway_1200.34034723,34034723,201011040,2011-04-01T18:20:00,20110401182000,MULTIPOINT ((-66.4631 82.4303)),82.4303,-66.4631,239.9,73.347,73.05358887,,0,0.53,0,0,-1.33,,,991.49,,,26.77151726,,40.11,,0.451,4.059,300.04435937,387.51,,-8,279.973,280.3216,,,,1.91236,2.156434,0,0,0,12.42659,93.8,90,33.09883783,,33.06512185,,-7,-7,-30,-6.9717,-6.8272,-1.817,,-0.98868373,,101,28.2,102,29,19.3,19.3,17.8,17.8,,,3702.53,-0.48
underway_1200.34034843,34034843,201011040,2011-04-01T18:40:00,20110401184000,MULTIPOINT ((-66.4627 82.4336)),82.4336,-66.4627,80.8,65.293,64.99511719,,0,1.47,0,0,-1.41,,,991.48,,,26.96811117,,40.26,2.985,0.6396,4.068,296.80407553,384.22,,-8,279.0986,280.4737,,,,1.912438,2.156434,0,0,0,12.3861,93.8,90,33.40983565,,33.40100801,,-7,-7,-30,-6.9404,-6.7916,-1.8134,,-1.05027352,,103,38.3,105,40.3,19.2,19.2,18.2,18.2,,,0,-0.52
underway_1200.34034963,34034963,201011040,2011-04-01T19:00:00,20110401190000,MULTIPOINT ((-66.4632 82.4298)),82.4298,-66.4632,260.3,85.271,85.13305664,,0.5,0.45,0,0,-1.19,,,991.55,,,26.96593496,,40.15,6.056,0.4674,4.06,299.52160764,388.15,,-8,279.1794,280.3974,,,,1.912418,2.156434,0,0,0,12.3861,93.7,90.1,33.50764358,,33.50185894,,-7,-7,-30,-6.9215,-6.8094,-1.8096,,-1.14326306,,104,18.7,100,14.6,15.9,16.4,15,15.5,,,5560.6,-0.58
underway_1200.34035083,34035083,201011040,2011-04-01T19:20:00,20110401192000,MULTIPOINT ((-66.4631 82.4318)),82.4318,-66.4631,243.4,66.792,65.97839355,,0.6,0.43,0,0,-1.61,,,991.46,,,26.90804945,,40.2,,0.7626,4.054,299.18497573,387.65,,-8,279.5416,280.5495,,,,1.912492,1.848372,0,0,0,12.37597,93.6,90.1,33.43085464,,33.4183181,,-6.9,-6.9,-30,-6.8368,-6.7738,-1.8145,,-1.13934489,,107,39.3,111,44,18.5,19,17.4,17.8,,,5559.79,-0.62
underway_1200.34035203,34035203,201011040,2011-04-01T19:40:00,20110401194000,MULTIPOINT ((-66.4626 82.434)),82.434,-66.4626,72.7,54.93,54.01428223,,0,1.24,0,0,-2.06,,,991.42,,,26.7365784,,40.16,4.821,0.5166,4.067,300.5396823,388.42,,-8,279.559,280.6258,,,,1.912418,2.464496,0,0,0,12.3726,93,89.4,33.14210682,,33.1373616,,-6.9,-7,-30,-6.8327,-6.756,-1.7988,,-1.09724024,,97,42.7,101,47,18.7,18.7,17.3,17.3,,,0,-0.61
underway_1200.34035323,34035323,201011040,2011-04-01T20:00:00,20110401200000,MULTIPOINT ((-66.4626 82.4342)),82.4342,-66.4626,214.8,63.451,62.19909668,,0,1.2,0,0,-2,,,991.28,,,26.83706079,,40.14,3.933,0.5084,,300.64050941,389.1,,-8,279.2673,280.2833,,,,1.912367,2.156434,0,0,0,12.36922,93,89.5,33.32563617,,33.34309485,,-7,-7,-30,-6.901,-6.8361,-1.799,,-1.15893822,,96,33.5,97,34.7,23.1,23.1,21.7,21.7,,,0,-0.62
underway_1200.34035443,34035443,201011040,2011-04-01T20:20:00,20110401202000,MULTIPOINT ((-66.4626 82.4343)),82.4343,-66.4626,68.3,66.898,65.74768066,,1.5,1.34,0,0,-3.64,,,991.29,,,26.88185019,,40.24,4.99,0.5494,4.076,298.87619683,387.53,,-8,279.115,280.2452,,,,1.912369,1.848372,0,0,0,12.3456,93.3,89.8,33.53532042,,33.54493751,,-7,-7,-30,-6.9366,-6.845,-1.8157,,-1.28448278,,100,32.1,100,32.5,17.5,18.5,16.6,17.6,,,0,-0.68
underway_1200.34035563,34035563,201011040,2011-04-01T20:40:00,20110401204000,MULTIPOINT ((-66.4631 82.4308)),82.4308,-66.4631,243.7,68.223,67.2253418,,0.6,0.55,0,0,-1.55,,,991.19,,,26.93316386,,40.12,4.721,0.41,4.062,300.1398027,388.49,,-8,278.9475,279.018,,,,1.912434,2.156434,0,0,0,12.3321,93.6,90,33.39595281,,33.38275825,,-7.1,-7.1,-30,-6.9758,-6.8806,-1.8209,,-1.07668791,,105,36.8,109,40.2,20.2,20.7,18.9,19.4,,,794.09,-0.56
underway_1200.34035683,34035683,201011040,2011-04-01T21:00:00,20110401210000,MULTIPOINT ((-66.4626 82.4339)),82.4339,-66.4626,235.9,58.988,58.16162109,,0.2,0.75,0,0,-0.94,,,991.23,,,26.97903683,,40.1,6.225,0.3854,4.076,300.32604219,389.08,,-8,273.8023,273.4898,,,,1.912399,2.464496,0,-1.75498,0,12.3186,93.8,90.1,33.4896948,,33.46502932,,-7.1,-7.1,-30,-7.0006,-6.9163,-1.7948,,-1.09430378,,100,41.3,105,46,23,23.2,21.3,21.5,,,0,-0.56
underway_1200.34035803,34035803,201011040,2011-04-01T21:20:00,20110401212000,MULTIPOINT ((-66.4629 82.4331)),82.4331,-66.4629,63,62.145,61.49047852,,4.3,0.55,0,0,-1.23,,,990.96,,,27.00196986,,40.15,4.737,0.5412,4.066,299.32660126,387.71,,-8,274.8436,275.7922,,,,1.912419,2.464496,0,0,0,12.3051,94.1,90.6,33.48551416,,33.46027991,,-7,-7,-30,-6.9928,-6.8806,-1.8108,,-1.06201186,,100,32.5,105,35.4,21.4,25.2,19.6,23.2,,,5560.91,-0.56
underway_1200.34035923,34035923,201011040,2011-04-01T21:40:00,20110401214000,MULTIPOINT ((-66.4629 82.4326)),82.4326,-66.4629,244,57.337,55.80505371,,1.8,0.79,0,0,-1.57,,,991.09,,,26.88622596,,40.03,3.782,0.451,4.062,299.1003834,387.65,,-8,274.4569,274.0986,,,,1.912523,1.848372,0,0,204.8954,12.2916,93.9,90.2,33.61758246,,33.64276169,,-6.9,-6.9,-30,-6.8474,-6.7738,-1.8242,,-1.36602712,,102,43.1,107,47.4,18.5,19.7,17.1,18.2,,,5562.62,-0.37
underway_1200.34036043,34036043,201011040,2011-04-01T22:00:00,20110401220000,MULTIPOINT ((-66.4627 82.4345)),82.4345,-66.4627,78.5,74.387,73.25683594,,0,1.77,0,0,-2.66,,,991.14,,,26.95610081,,40.18,2.957,0.3936,,298.86544108,387.16,,-8,279.2722,280.5496,,,,1.912507,2.156434,0,0,0,12.2781,93.9,90.7,33.42387968,,33.43043101,,-7,-7,-30,-6.8998,-6.7738,-1.8168,,-1.09136745,,97,24.2,94,20.3,18.2,18.2,17.2,17.2,,,0,-0.56
underway_1200.34036163,34036163,201011040,2011-04-01T22:20:00,20110401222000,MULTIPOINT ((-66.4625 82.4344)),82.4344,-66.4625,77.7,53.386,52.34436035,,0,1.64,0,0.67,0,,,990.99,,,27.07296511,,40.23,5.523,1.066,4.062,297.68868272,385.96,,-8,278.9535,280.2451,,,,1.912409,1.848372,0,0,0,12.2376,94.1,90.6,33.60502299,,33.5911452,,-7.1,-7.1,-30,-6.9744,-6.845,-1.8159,,-1.09234621,,102,49.4,107,54.5,19.9,19.9,18.2,18.2,,,0,-0.58
underway_1200.34036283,34036283,201011040,2011-04-01T22:40:00,20110401224000,MULTIPOINT ((-66.4626 82.4348)),82.4348,-66.4626,95.6,74.234,73.60839844,,0,1.4,0,0,-2.78,,,990.96,,,26.88073603,,40.17,7.38,0.3608,4.072,299.52379376,387.28,,-8,278.3535,277.5616,,,,1.912531,2.464496,0,0,0,12.2376,93.9,90.6,33.27981014,,33.26235957,,-7.2,-7.2,-30,-7.115,-6.9698,-1.8148,,-1.03267018,,101,27.1,100,26.3,19.4,19.4,18.4,18.4,,,0,-0.57
underway_1200.34036403,34036403,201011040,2011-04-01T23:00:00,20110401230000,MULTIPOINT ((-66.4624 82.4347)),82.4347,-66.4624,71.9,64.947,63.46801758,,5.2,1.64,0,0,-0.71,,,990.69,,,26.97029896,,40.27,6.198,1.0332,4.051,297.35474018,385.27,,-8,275.9121,277.0654,,,,1.912558,2.156434,0,0,0,12.2376,93.4,90.2,33.50871115,,33.44763291,,-7.3,-7.3,-30,-7.2149,-7.086,-1.8114,,-1.08940998,,100,33.4,104,35.9,21.8,25.9,20.1,24.1,,,0,-0.6
underway_1200.34036523,34036523,201011040,2011-04-01T23:20:00,20110401232001,MULTIPOINT ((-66.4624 82.4345)),82.4345,-66.4624,67.4,55.461,54.10217285,,4.4,1.35,0,1.05,0,,,990.59,,,27.0096144,,40.21,5.728,0.9266,4.042,298.23905914,386.45,,-8,273.5063,274.5708,,,,1.912593,1.848372,0,0,0,12.21735,93.1,89.9,33.48720381,,33.46088327,,-7.4,-7.4,-30,-7.3066,-7.1668,-1.8141,,-1.05320789,,92,36.2,98,40.5,23.9,27.7,22.1,25.8,,,0,-0.57
underway_1200.34036643,34036643,201011040,2011-04-01T23:40:00,20110401234000,MULTIPOINT ((-66.4625 82.4341)),82.4341,-66.4625,72.1,71.659,70.35644531,,5,1.06,0,0,-1.22,,,990.7,,,26.80212221,,40.17,5.002,0.6068,4.065,298.87506986,386.93,,-8,274.0913,275.1489,,,,1.912604,2.156434,0,0,0,12.2106,93.1,89.9,33.40037558,,33.42554472,,-7.5,-7.5,-30,-7.406,-7.2835,-1.8167,,-1.27564709,,101,25.6,100,24.5,20.8,25.8,19.4,24.5,,,3706.37,-0.54
underway_1200.34036763,34036763,201011040,2011-04-02T00:00:00,20110402000000,MULTIPOINT ((-66.4626 82.433)),82.433,-66.4626,251.7,74.982,73.99291992,,1.4,0.61,0,0,-1.38,,,991.04,,,26.84036458,,40.17,1.179,0.8364,4.065,297.92908227,386.63,,-8,278.7867,277.953,,,,1.912603,2.156434,0,0,0,12.2106,93.8,90.6,33.70352959,,33.69959589,,-7.5,-7.6,-30,-7.487,-7.3826,-1.8206,,-1.47229448,,100,23.5,95,19,18,19.3,17.4,18.7,,,3706.33,-0.52
underway_1200.34036883,34036883,201011040,2011-04-02T00:20:00,20110402002000,MULTIPOINT ((-66.4622 82.4345)),82.4345,-66.4622,68.6,68.322,67.37915039,,5.1,1,0,0,-1.18,,,990.71,,,27.04348041,,40.36,1.989,2.3944,,295.67054595,383.37,,-8,269.752,269.5426,,,,1.912611,2.464496,0,0,0,12.1971,93.5,90.3,33.61974244,,33.61015119,,-7.5,-7.5,-30,-7.4784,-7.3376,-1.8277,,-1.14522224,,104,28.9,104,28.7,22.8,27.7,21.1,26,,,3706.64,-0.63
underway_1200.34037003,34037003,201011040,2011-04-02T00:40:00,20110402004000,MULTIPOINT ((-66.4625 82.433)),82.433,-66.4625,270.2,78.856,78.03039551,,0.1,0.63,0,0,-1.83,,,990.9,,,26.88403932,,40.21,2.989,0.8856,4.064,298.54976897,387.12,,-8,271.9971,271.8075,,,,2.55015,2.464496,0,0,0,12.1836,93.4,90.5,33.61829521,,33.60982983,,-7.5,-7.5,-30,-7.4245,-7.3105,-1.834,,-1.33948883,,96,18.7,89,12,17.7,17.9,17.4,17.6,,,5560.32,-0.62
underway_1200.34037123,34037123,201011040,2011-04-02T01:00:00,20110402010000,MULTIPOINT ((-66.4623 82.4349)),82.4349,-66.4623,252.9,75.15,74.49829102,,1.7,0.72,0,0,-1.52,,,990.96,,,26.83813843,,40.24,3.168,0.8692,4.063,298.54005106,385.96,,-8,275.3647,276.4148,,,,7.012912,7.393487,1.837665,1.755172,0,12.1836,93.6,90.6,33.14949459,,33.16002034,,-7.4,-7.4,-30,-7.3435,-7.2386,-1.821,,-0.99259237,,105,27.5,102,24.6,17.6,19.1,16.6,18.1,,,5560.32,-0.58
underway_1200.34037243,34037243,201011040,2011-04-02T01:20:00,20110402012000,MULTIPOINT ((-66.4622 82.4348)),82.4348,-66.4622,252.1,81.318,81.19445801,,1.9,0.57,0,0,-1.31,,,990.99,,,26.8174258,,40.22,1.754,1.0004,4.063,297.91258712,386.36,,-8,277.686,278.9862,,,,17.53228,18.79178,7.350659,7.020714,0,12.1836,93.9,90.7,33.59483301,,33.62116759,,-7.3,-7.3,-30,-7.2717,-7.1398,-1.826,,-1.43094654,,105,20.2,101,16,14.2,16,13.5,15.3,,,796.42,-0.58
underway_1200.34037363,34037363,201011040,2011-04-02T01:40:00,20110402014000,MULTIPOINT ((-66.4622 82.4347)),82.4347,-66.4622,75.5,74.532,73.93798828,,1.8,1.1,0,0,-2.02,,,990.82,,,26.70491411,,40.41,2.378,1.066,4.048,296.58037252,383.56,,-8,278.2199,279.4826,,,,35.06456,36.65937,14.70132,15.79619,0,12.1701,94.2,91,33.21450072,,33.18850678,,-7.2,-7.2,-30,-7.1464,-7.0234,-1.8205,,-1.18245842,,98,21.4,94,17.9,24.2,26.4,23.1,25.4,,,5560.32,-0.71
underway_1200.34037483,34037483,201011040,2011-04-02T02:00:00,20110402020000,MULTIPOINT ((-66.4623 82.4347)),82.4347,-66.4623,253.4,74.142,73.42163086,,0.8,0.45,0,0,-1.62,,,990.99,,,26.90585425,,40.19,1.796,0.4018,4.065,298.9882029,386.91,,-8,278.715,278.8649,,,,64.39129,68.08169,29.40264,28.08257,0,12.1701,94.3,91.1,33.28396077,,33.2770512,,-7.1,-7.2,-30,-7.0303,-6.9163,-1.827,,-1.01507185,,100,25,97,22.5,17.1,17.7,16.1,16.7,,,3706.9,-0.56
underway_1200.34037603,34037603,201011040,2011-04-02T02:20:00,20110402022000,MULTIPOINT ((-66.462 82.4369)),82.4369,-66.462,223.5,74.917,74.09729004,,0,1.16,0,0,-3.58,,,991.15,,,26.85563306,,40.27,1.731,0.7134,,298.8055816,387.23,,-8,281.225,282.6999,,,,100.0934,105.3572,44.10396,45.63335,0,12.1701,94.6,91.3,33.4116382,,33.44075611,,-7.1,-7.1,-30,-6.9145,-6.7738,-1.7969,,-1.2236403,,103,28.5,100,26.4,14.2,14.2,13.4,13.4,,,0,-0.7
underway_1200.34037723,34037723,201011040,2011-04-02T02:40:00,20110402024000,MULTIPOINT ((-66.4622 82.4349)),82.4349,-66.4622,83.2,80.82,79.68383789,,2.5,0.78,0,0,-1.48,,,990.96,,,26.75078618,,40.37,5.822,0.8774,4.066,297.0706542,384.39,,-8,281.529,281.0059,,,,130.6952,136.1634,58.80527,59.66973,0,12.1566,94.7,91.4,33.29524966,,33.28506487,,-7.1,-7.1,-30,-6.8434,-6.6673,-1.8134,,-1.21285191,,99,20,94,15.9,17.8,20.8,16.9,19.9,,,0,-0.7
underway_1200.34037843,34037843,201011040,2011-04-02T03:00:00,20110402030000,MULTIPOINT ((-66.4623 82.4346)),82.4346,-66.4623,95,89.018,87.91809082,,1,0.8,0,0,-1.43,,,991.04,,,26.98231286,,40.2,,0.5658,4.063,299.03590837,387.44,,-8,279.8769,281.3098,,,,174.6767,182.9888,80.85725,84.24289,-204.9006,12.1566,94.7,91.4,33.49516883,,33.46294451,,-7.1,-7.1,-30,-6.7584,-6.5964,-1.8243,,-1.08843126,,102,16.3,97,10.9,16.8,18.5,16.3,18.1,,,794.01,-0.62
underway_1200.34037963,34037963,201011040,2011-04-02T03:20:00,20110402032000,MULTIPOINT ((-66.4621 82.435)),82.435,-66.4621,265.8,90.44,90.10437012,,0,0.68,0,0,-0.95,,,991.11,,,27.05221755,,40.39,5.651,0.8036,4.056,294.63807716,382.39,,-8,278.1508,278.5395,,,,202.716,211.3305,95.55858,98.27974,204.893,12.1566,94.7,91.2,33.65145216,,33.61660784,,-7.1,-7.1,-30,-6.6908,-6.4903,-1.8203,,-1.14032441,,104,14.1,97,6.9,18.6,18.6,18.3,18.3,,,5561.09,-0.6
underway_1200.34038083,34038083,201011040,2011-04-02T03:40:00,20110402034000,MULTIPOINT ((-66.4622 82.4361)),82.4361,-66.4622,240.9,72.726,72.35595703,,1.9,0.58,0,0,-1.24,,,991.08,,,26.80647439,,40.19,6.14,0.451,4.06,299.52863879,387.15,,-8,280.3108,281.7652,,,,239.0558,249.5302,106.5846,112.3192,0,12.14647,94.5,91,33.21021232,,33.22186998,,-7.1,-7.1,-30,-6.6571,-6.4903,-1.8252,,-1.08745257,,110,33.5,111,35,18.2,19.6,17.3,18.7,,,5560.28,-0.59
underway_1200.34038203,34038203,201011040,2011-04-02T04:00:00,20110402040000,MULTIPOINT ((-66.4619 82.4381)),82.4381,-66.4619,77.5,75.492,75.04760742,,1,1.5,0,0,-2.52,,,991.13,,,27.04349188,,40.36,,0.902,4.06,296.13959739,384.91,,-8,282.8029,282.5226,,,,275.06,287.7299,124.9612,129.8664,0,12.1431,94.2,90.7,33.83986043,,33.75709582,,-7.1,-7,-30,-6.546,-6.3141,-1.8132,,-1.27564709,,106,30.3,107,31,15.7,16.2,14.8,15.3,,,0,-0.71
underway_1200.34038323,34038323,201011040,2011-04-02T04:20:00,20110402042000,MULTIPOINT ((-66.4619 82.4382)),82.4382,-66.4619,68.2,75.126,74.67407227,,0.7,1.59,0,0,-2.36,,,991.17,,,26.93864447,,40.32,4.056,0.6642,,297.38830831,385.63,,-8,280.9504,280.3723,,,,296.7253,309.9103,135.9872,143.9069,0,12.1296,94.2,90.8,33.59107878,,33.64288049,,-7.1,-7.1,-30,-6.508,-6.3141,-1.8239,,-1.30215796,,108,32.4,109,33.8,13.8,14.1,13,13.3,,,0,-0.7
underway_1200.34038443,34038443,201011040,2011-04-02T04:40:00,20110402044000,MULTIPOINT ((-66.4621 82.4358)),82.4358,-66.4621,258.7,85.914,85.54504395,,1.4,0.45,0,0,-1.11,,,991.26,,,26.96046403,,40.19,5.209,0.3608,4.057,298.40344105,386.42,,-8,280.8044,280.3723,,,,330.8242,344.4133,150.6885,157.9482,0,12.1296,93.9,90.7,33.37734136,,33.36663616,,-7.1,-7.1,-30,-6.542,-6.3141,-1.8309,,-1.02875901,,109,21.4,103,15.6,14,15.3,13.6,14.9,,,3707.83,-0.53
underway_1200.34038563,34038563,201011040,2011-04-02T05:00:00,20110402050000,MULTIPOINT ((-66.462 82.4364)),82.4364,-66.462,214.3,69.944,69.03808594,,0,0.76,0,0,-1.4,,,991.06,,,27.03255813,,40.26,4.616,0.7544,4.037,297.3651571,385.67,,-8,280.7717,282.5226,,,,377.9894,394.0113,169.0652,175.4951,0,12.11596,94,90.4,33.64412698,,33.59080744,,-7.2,-7.1,-30,-6.5496,-6.3141,-1.821,,-1.14130395,,103,34.1,107,37.9,23.1,23.1,21.7,21.7,,,794.36,-0.61
underway_1200.34038683,34038683,201011040,2011-04-02T05:20:00,20110402052000,MULTIPOINT ((-66.4618 82.4386)),82.4386,-66.4618,219.8,65.745,64.33044434,,0.3,1.02,0,0,-2.37,,,991.09,,,26.92879355,,40.15,-1.677,0.5002,4.058,299.60391222,387.75,,-8,281.115,282.5226,,,,370.9752,388.7742,158.0392,168.477,0,12.11604,93.5,90,33.36595479,,33.35610357,,-7.1,-7.2,-30,-6.4696,-6.3141,-1.8031,,-1.05809883,,98,32.7,100,34.5,17.2,17.6,16,16.4,,,0,-0.56
underway_1200.34038803,34038803,201011040,2011-04-02T05:40:00,20110402054000,MULTIPOINT ((-66.4616 82.4389)),82.4389,-66.4616,231.5,61.11,59.87548828,,0,1.29,0,0.48,0,,,990.93,,,26.81960307,,40.32,4.993,0.5986,4.062,298.04056097,386.42,,-8,282.9863,280.3724,,,,385.6301,402.3289,165.3898,179.0049,0,12.11606,93.1,89.7,33.52079954,,33.53331297,,-7.2,-7.2,-30,-6.5033,-6.3141,-1.8008,,-1.35029935,,112,51.8,118,57.8,19.6,19.6,17.8,17.8,,,0,-0.74
underway_1200.34038923,34038923,201011040,2011-04-02T06:00:00,20110402060000,MULTIPOINT ((-66.4618 82.4382)),82.4382,-66.4618,246.1,71.561,71.22436523,,2.1,0.86,0,0,-1.83,,,991.04,,,26.91678122,,40.19,4.783,0.4264,4.061,298.93461664,386.86,,-8,282.672,282.5226,,,,396.1576,414.6514,172.7405,182.5191,204.8925,12.09883,93.2,89.7,33.36023037,,33.35931479,,-7.2,-7.2,-30,-6.5766,-6.3141,-1.8152,,-1.0757094,,116,36.7,120,40.2,13.7,15.5,12.7,14.4,,,3706.77,-0.57
underway_1200.34039043,34039043,201011040,2011-04-02T06:20:00,20110402062000,MULTIPOINT ((-66.4617 82.439)),82.439,-66.4617,238.4,61.457,60.33691406,,1.9,0.65,0,0,-1.64,,,990.85,,,26.82395353,,40.23,4.068,0.533,,299.02184547,386.82,,-8,276.9293,277.9191,,,,412.41,431.9028,187.4418,196.5587,0,12.08887,93,89.6,33.29384121,,33.30663223,,-7.2,-7.3,-30,-6.5056,-6.3845,-1.8222,,-1.1422835,,109,43.4,117,49.9,16.6,17.9,14.9,16.1,,,5568.14,-0.63
underway_1200.34039163,34039163,201011040,2011-04-02T06:40:00,20110402064000,MULTIPOINT ((-66.4621 82.4371)),82.4371,-66.4621,229.2,73.5,72.70751953,,0,0.36,0,0,-1.52,,,990.62,,,26.87420969,,40.22,3.709,0.7544,4.063,299.26879824,387.87,,-8,280.5093,280.993,,,,408.5834,426.9739,181.9288,189.5394,0,12.08853,92.2,89.2,33.53955238,,33.59408853,,-7.4,-7.3,-30,-6.6108,-6.4198,-1.817,,-1.33752348,,104,30.8,102,29.3,18.4,18.5,17.3,17.4,,,3707.12,-0.68
underway_1200.34039283,34039283,201011040,2011-04-02T07:00:00,20110402070000,MULTIPOINT ((-66.4616 82.4394)),82.4394,-66.4616,242.5,65.193,64.43481445,,2.4,0.64,0,0,-1.23,,,990.78,,,26.88402166,,40.16,2.944,0.4018,4.061,299.89644963,388.24,,-8,280.2018,278.2221,,,,409.8624,428.2061,180.0912,193.0449,0,12.08858,92.8,89.1,33.36552774,,33.38328363,,-7.3,-7.3,-30,-6.6826,-6.3141,-1.8187,,-1.1373859,,115,43.3,119,46.1,15.9,17.6,15.1,16.7,,,4364.39,-0.6
underway_1200.34039403,34039403,201011040,2011-04-02T07:20:00,20110402072000,MULTIPOINT ((-66.4619 82.4379)),82.4379,-66.4619,171.9,75.651,75.03112793,,0,0.62,0,0,-1.35,,,990.55,,,27.00196883,,40.03,5.371,0.328,4.059,301.33536773,390.34,,-8,275.1591,273.9216,,,,405.4033,422.9691,183.7665,193.0447,0,12.09233,92.3,89.1,33.45263771,,33.44718115,,-7.4,-7.3,-30,-6.6833,-6.3141,-1.8116,,-1.05027352,,100,24.5,99,24,15,15,14.2,14.2,,,794.67,-0.52
underway_1200.34039523,34039523,201011040,2011-04-02T07:40:00,20110402074000,MULTIPOINT ((-66.4618 82.4378)),82.4378,-66.4618,182.4,75.683,75.19042969,,0,0.92,0,0,-1.2,,,990.51,,,27.02927209,,40.03,5.642,0.3854,4.062,300.95081763,389.84,,-8,275.9435,275.9202,,,,383.4088,399.8644,172.7405,179.0099,0,12.0884,92.3,89.1,33.4582281,,33.46586424,,-7.5,-7.3,-30,-6.7355,-6.3492,-1.8132,,-1.03364801,,99,23.9,97,21.4,14.7,14.7,14,14,,,794.49,-0.49
underway_1200.34039643,34039643,201011040,2011-04-02T08:00:00,20110402080000,MULTIPOINT ((-66.4614 82.4405)),82.4405,-66.4614,205.9,60.688,60.02929688,,0,1.42,0,3.47,0,,,990.37,,,26.88295222,,40.22,3.339,0.5494,4.059,298.74791513,387.62,,-8,277.776,279.9178,,,,362.0501,374.2953,159.8768,164.9782,0,12.10258,92.6,89.2,33.65815189,,33.67378045,,-7.4,-7.3,-30,-6.7783,-6.4198,-1.7942,,-1.39749467,,96,35.7,97,37,17.4,17.4,16.2,16.2,,,0,-0.66
underway_1200.34039763,34039763,201011040,2011-04-02T08:20:00,20110402082000,MULTIPOINT ((-66.4614 82.4408)),82.4408,-66.4614,225.1,72.192,71.66931152,,0,1.21,0,0,-0.73,,,990.31,,,26.59136083,,40.24,3.016,0.7462,,299.32748568,387.46,,-8,277.5761,278.5397,,,,335.2864,349.3423,150.6885,157.9468,0,12.08904,92.2,88.9,33.34070157,,33.37333765,,-7.4,-7.4,-30,-6.825,-6.4903,-1.799,,-1.48805336,,102,30.4,101,29.3,14.9,14.9,13.9,13.9,,,0,-0.68
underway_1200.34039883,34039883,201011040,2011-04-02T08:40:00,20110402084000,MULTIPOINT ((-66.4618 82.4374)),82.4374,-66.4618,265.8,90.743,90.89538574,,1.4,0.75,0,0,-1.42,,,990.26,,,26.74313239,,40.27,5.561,0.6232,4.06,298.26260712,385.62,,-8,278.0424,277.161,,,,308.5068,321.9248,139.6625,143.9103,0,12.07555,92,88.8,33.16837902,,33.1614696,,-7.4,-7.4,-30,-6.7161,-6.561,-1.823,,-1.11094559,,104,10.9,96,4.1,14.4,15.8,14.3,15.7,,,5495.78,-0.61
underway_1200.34040003,34040003,201011040,2011-04-02T09:00:00,20110402090000,MULTIPOINT ((-66.4612 82.4408)),82.4408,-66.4612,250.8,68.466,67.82958984,,0.2,1.3,0,0,-1.43,,,989.98,,,26.8796705,,40.29,3.674,0.6642,4.064,298.15360902,386.72,,-8,275.8668,277.0471,,,,276.0038,287.7299,124.9612,129.8681,0,12.07221,92.2,88.9,33.57290536,,33.6016034,,-7.4,-7.3,-30,-6.7534,-6.5876,-1.8019,,-1.33752348,,103,34.6,106,37.7,16.9,17.1,16,16.2,,,5800.21,-0.71
underway_1200.34040123,34040123,201011040,2011-04-02T09:20:00,20110402092000,MULTIPOINT ((-66.4611 82.4385)),82.4385,-66.4611,81.5,81.282,79.37072754,,2.4,0.56,0,0,-1.31,,,989.81,,,26.85343694,,40.22,2.048,0.451,4.066,298.51942718,386.16,,-8,274.7098,273.6317,,,,244.1313,254.4592,112.0976,115.8296,0,12.06178,91.7,88.5,33.27901653,,33.28702903,,-7.4,-7.3,-30,-6.7882,-6.6318,-1.8184,,-1.08843126,,99,19.4,93,14.8,19,22.2,18.2,21.4,,,5559.99,-0.57
underway_1200.34040243,34040243,201011040,2011-04-02T09:40:00,20110402094000,MULTIPOINT ((-66.4601 82.4401)),82.4401,-66.4601,295.1,50.286,49.65820312,,0.1,1.46,0,0,-0.96,,,989.75,,,26.90915285,,40.36,2.157,1.1234,3.83,296.77337919,384.75,,-8,274.4155,272.2524,,,,208.4316,217.4918,93.72092,98.28345,0,12.06203,92.4,88.6,33.56417001,,33.56368637,,-7.3,-7.3,-30,-6.8571,-6.7028,-1.7879,,-1.2677942,,103,51.4,109,57.7,12.4,12.5,11.6,11.7,,,0,-0.71
underway_1200.34040363,34040363,201011040,2011-04-02T10:00:00,20110402100000,MULTIPOINT ((-66.4593 82.4392)),82.4392,-66.4593,297.3,70.865,70.2355957,,0.2,1.3,0,0,-1.7,,,989.54,,,26.83705669,,40.27,5.542,0.4182,4.069,297.66229147,385.1,,-8,272.3521,272.9476,,,,175.2903,182.9888,79.01959,84.23918,0,12.06868,92,88.6,33.26902265,,33.2907741,,-7.3,-7.3,-30,-6.8682,-6.7916,-1.8019,,-1.11192466,,107,35.9,110,38.8,14.1,14.3,13.1,13.3,,,0,-0.58
underway_1200.34040483,34040483,201011040,2011-04-02T10:20:00,20110402102000,MULTIPOINT ((-66.4587 82.4357)),82.4357,-66.4587,254.4,79.654,79.62341309,,1.5,0.93,0,0,-1.19,,,989.63,,,26.85017202,,40.1,7.382,0.5658,,299.58326716,387.9,,-8,274.2168,274.5268,,,,138.6384,144.481,62.48061,63.18077,204.8961,12.06526,92.4,88.7,33.43765993,,33.42997991,,-7.3,-7.3,-30,-6.9035,-6.9252,-1.8135,,-1.22069782,,110,25.6,108,23.6,10.6,11.8,10,11.3,,,0,-0.49
underway_1200.34040603,34040603,201011040,2011-04-02T10:40:00,20110402104000,MULTIPOINT ((-66.4571 82.4361)),82.4361,-66.4571,317,70.189,69.42810059,,0.2,1.56,0,0,-3.09,,,989.41,,,26.89821542,,40.22,,0.492,4.077,298.15504648,385.93,,-8,273.871,273.6039,,,,101.3503,106.5894,44.10396,45.63077,0,12.06808,92.1,88.8,33.3304338,,33.34704884,,-7.3,-7.3,-30,-6.9845,-6.8895,-1.8266,,-1.08745257,,107,37,110,40.1,15,15.2,14.1,14.3,,,0,-0.55
underway_1200.34040723,34040723,201011040,2011-04-02T11:00:00,20110402110000,MULTIPOINT ((-66.4561 82.4315)),82.4315,-66.4561,260,78.935,78.46984863,,2.1,0.55,0,0,-1.46,,,989.43,,,26.91022565,,40.73,4.749,0.5002,4.062,288.01415696,372.7,,-8,274.8066,275.4876,,,,70.75338,73.62681,29.40264,31.58919,0,12.07547,92.6,89.2,33.31705426,,33.31773907,,-7.3,-7.3,-30,-7.0014,-6.952,-1.831,,-1.04636123,,114,27.5,116,28.9,7.2,8.9,6.9,8.6,,,5583.48,-0.54
underway_1200.34040843,34040843,201011040,2011-04-02T11:20:00,20110402112000,MULTIPOINT ((-66.4545 82.4287)),82.4287,-66.4545,265.1,86.203,85.78674316,,3,0.59,0,0,-1.67,,,989.28,,,26.92881336,,40.17,7.512,0.6314,4.063,299.95177971,388.76,,-8,271.4734,270.8818,,,,45.2572,47.44154,18.37665,21.06024,0,12.0756,,89,33.52029874,,33.60946039,,,-7.3,-30,-7.074,-7.0234,-1.8273,,-1.28448278,,122,28.5,121,26.7,10.1,12.6,9.4,11.9,,,5555.71,-0.65
underway_1200.34040963,34040963,201011040,2011-04-02T11:40:00,20110402114000,MULTIPOINT ((-66.453 82.4252)),82.4252,-66.453,76.9,82.952,82.23266602,,2.3,0.91,0,0,-1.69,,,989.19,,,26.89931229,,40.28,,0.738,4.063,297.55228113,385.35,,-8,274.3457,275.1061,,,,22.94726,24.02883,9.188325,8.774962,0,12.08868,92.5,89.1,33.44239226,,33.40855855,,-7.3,-7.2,-30,-7.1095,-7.0413,-1.8224,,-1.14130395,,100,14.6,93,9,12.8,15.9,12.4,15.6,,,0,-0.62
underway_1200.34041083,34041083,201011040,2011-04-02T12:00:00,20110402120000,MULTIPOINT ((-66.4511 82.4237)),82.4237,-66.4511,259.3,64.241,63.88549805,,1.3,0.79,0,0,-1.69,,,989.15,,,26.7594951,,40.15,4.646,0.6068,4.059,299.06837219,385.76,,-8,274.4705,275.0298,,,,8.923726,9.549921,1.837665,3.509926,0,12.07554,92.5,89,32.95906681,,32.93942038,,-7.2,-7.2,-30,-7.0802,-7.0592,-1.8118,,-0.88909662,,121,49.1,129,56,11,12,10.2,11.1,,,0,-0.44
underway_1200.34041203,34041203,201011040,2011-04-02T12:20:00,20110402122000,MULTIPOINT ((-66.4497 82.4175)),82.4175,-66.4497,266.2,85.711,85.77026367,,2.8,0.69,0,0,-1.7,,,989.04,,,26.72346419,,40.26,4.143,0.5248,,297.38102152,383.69,,-8,273.1917,272.6504,,,,3.187075,3.696744,0,1.75501,-204.8948,12.08863,92.4,89,32.99945323,,33.00947682,,-7.3,-7.3,-30,-7.1438,-7.113,-1.8177,,-0.99747852,,114,20.8,110,17.2,7.8,10.3,7.2,9.7,,,5560.32,-0.49
underway_1200.34041323,34041323,201011040,2011-04-02T12:40:00,20110402124000,MULTIPOINT ((-66.448 82.4126)),82.4126,-66.448,280.5,94.721,94.72961426,,2.4,0.93,0,0,-1.54,,,988.82,,,26.96592509,,40.1,3.73,0.369,4.067,299.82325365,388.02,,-8,273.1848,272.5737,,,,1.912274,2.464496,0,-1.755007,0,12.0886,92.6,89.1,33.38736027,,33.37625323,,-7.2,-7.2,-30,-7.1454,-7.1309,-1.8321,,-1.03071456,,102,5.3,91,356.9,6.6,8.5,6.6,8.5,,,3730.14,-0.5
underway_1200.34041443,34041443,201011040,2011-04-02T13:00:00,20110402130000,MULTIPOINT ((-66.4459 82.4127)),82.4127,-66.4459,318.4,71.752,71.27929688,,0.4,1.55,0,0,-2.71,,,988.6,,,26.92005243,,40.18,6.525,0.5494,4.071,298.61279446,386.25,,-8,274.3121,274.8771,,,,1.912252,1.848372,0,-1.754952,204.8879,12.08908,92.4,89.1,33.26739452,,33.29638373,,-7.2,-7.2,-30,-7.1174,-7.095,-1.8133,,-1.01507185,,104,31.6,105,32.8,13.4,13.7,12.8,13.1,,,0,-0.51
underway_1200.34041563,34041563,201011040,2011-04-02T13:20:00,20110402132000,MULTIPOINT ((-66.4441 82.4087)),82.4087,-66.4441,317.5,72.587,71.9934082,,0.4,0.88,0,0,-2.89,,,988.54,,,26.91896582,,40.1,4.838,0.3608,4.069,300.26096178,388.58,,-8,276.5112,277.142,,,,1.912282,1.848372,0,0,0,12.10256,92.4,89.2,33.35833951,,33.36556335,,-7.1,-7.2,-30,-7.0743,-7.0682,-1.8168,,-1.07864498,,125,50.3,132,57.1,7.2,7.4,6.7,6.9,,,0,-0.53
underway_1200.34041683,34041683,201011040,2011-04-02T13:40:00,20110402134000,MULTIPOINT ((-66.4421 82.4048)),82.4048,-66.4421,76,72.42,71.37268066,,5.4,1.54,0,0.82,-0.33,,,988.3,,,27.02382524,,40.19,4.591,0.7872,4.046,298.53122708,387.3,,-8,276.5207,277.18,,,,1.912242,1.848372,0,-1.755052,0,12.14218,92.5,89.2,33.69384429,,33.63829505,,-7.2,-7.2,-30,-7.0721,-7.0592,-1.8081,,-1.19422187,,128,46.3,138,52.5,9.5,12.2,8.8,11.1,,,0,-0.6
underway_1200.34041803,34041803,201011040,2011-04-02T14:00:00,20110402140000,MULTIPOINT ((-66.4403 82.3983)),82.3983,-66.4403,273.8,75.633,74.89379883,,1.7,0.48,-0.21,0,-1.76,,,988.23,,,26.92769984,,40.09,2.13,0.3444,4.062,300.00508351,388.2,,-8,273.2835,274.2674,,,,1.912248,2.156434,0,1.755017,0,12.14572,92.4,89.3,33.34287852,,33.33503471,,-7.6,-7.8,-30,-7.359,-7.491,-1.8276,,-1.04049327,,141,59.7,149,67.2,10.6,11.3,9.8,10.3,,,5560.3,-0.49
underway_1200.34041923,34041923,201011040,2011-04-02T14:20:00,20110402142000,MULTIPOINT ((-66.4379 82.3972)),82.3972,-66.4379,322.5,58.429,57.91992188,,0.4,1.74,0,0.56,0,,,988.03,,,26.94191523,,40.2,6.245,0.5986,,298.60754633,387.09,,-8,274.2272,274.4971,,,,1.912249,1.848372,0,0,204.888,12.20941,92.6,89.4,33.57399423,,33.57337452,,-7.8,-7.9,-30,-7.6115,-7.6904,-1.8275,,-1.23639263,,125,64.9,137,76.2,8,8.2,7.4,7.5,,,0,-0.6
underway_1200.34042043,34042043,201011040,2011-04-02T14:40:00,20110402144000,MULTIPOINT ((-66.4358 82.3931)),82.3931,-66.4358,314.2,76.416,76.33300781,,0.5,1.25,0,0,-2.65,,,987.83,,,26.95173545,,40.23,3.481,0.5986,4.071,297.41296542,385.23,,-8,273.7356,274.112,,,,1.912221,2.156434,0,0,0,12.2099,92.4,89.3,33.4590454,,33.46710527,,-7.8,-8,-30,-7.7275,-7.7814,-1.8125,,-1.12955056,,135,55.9,140,61.1,10.3,10.6,9.4,9.6,,,0,-0.53
underway_1200.34042163,34042163,201011040,2011-04-02T15:00:00,20110402150000,MULTIPOINT ((-66.4337 82.3877)),82.3877,-66.4337,263.8,82.877,83.16101074,,3.3,0.65,0,0,-1.66,,,987.74,,,26.83487196,,40.15,4.517,0.5412,4.057,299.46305148,387.14,,-8,270.2822,271.4992,,,,1.912251,1.848372,0,0,0,12.21054,92.3,89.3,33.26728487,,33.28235141,,-8,-8.1,-30,-7.829,-7.8907,-1.8228,,-1.10702946,,126,58.9,130,67.1,9.4,7.2,8.3,6.4,,,3707.05,-0.53
underway_1200.34042283,34042283,201011040,2011-04-02T15:20:00,20110402152000,MULTIPOINT ((-66.4312 82.3847)),82.3847,-66.4312,291.4,61.451,60.86975098,,0.6,0.74,0,0,-1.66,,,987.51,,,26.97686174,,40.12,3.646,0.4756,4.054,299.66916325,388.44,,-8,267.5022,266.4644,,,,1.912228,2.156434,0,0,0,12.22337,92.1,89.1,33.5454658,,33.58053877,,-8.2,-8.2,-30,-8.0099,-8.0646,-1.808,,-1.20010443,,141,75.8,156,90,8.8,8.9,8.2,8.2,,,0,-0.55
underway_1200.34042403,34042403,201011040,2011-04-02T15:40:00,20110402154000,MULTIPOINT ((-66.4289 82.3806)),82.3806,-66.4289,273.9,78.992,78.74450684,,1.6,0.78,0,0,-1.81,,,987.37,,,26.97466296,,40.09,7.76,0.41,4.054,299.50111314,387.65,,-8,258.819,259.4327,,,,1.912241,1.848372,0,0,0,12.23063,92,89,33.40064714,,33.39360343,,-8.2,-8.4,-30,-8.157,-8.2023,-1.8116,,-1.03560372,,148,58.7,160,68.7,8.5,9.3,7.8,8.3,,,0,-0.46
underway_1200.34042523,34042523,201011040,2011-04-02T16:00:00,20110402160000,MULTIPOINT ((-66.4264 82.3769)),82.3769,-66.4264,322,72.236,71.78466797,,0.4,1.7,0,0,-1.64,,,987.16,,,26.92442299,,40.11,1.637,0.3034,4.066,299.2487593,387.22,,-8,252.3128,253.8246,,,,1.912222,1.848372,0,-1.754963,0,12.23732,91.9,88.7,33.33555319,,33.32622199,,-8.3,-8.4,-30,-8.266,-8.2576,-1.8185,,-1.0365816,,141,67.2,153,78.3,10.4,10.5,9.2,9.3,,,0,-0.46
underway_1200.34042643,34042643,201011040,2011-04-02T16:20:00,20110402162000,MULTIPOINT ((-66.4242 82.3703)),82.3703,-66.4242,270.4,79.915,80.0189209,,1.6,0.77,0,0,-2.2,,,987.06,,,26.93425569,,40.14,,0.4592,,298.919429,387.08,,-8,250.2922,249.6405,,,,1.912243,1.848372,-1.837665,-1.754997,0,12.23756,91.4,88.3,33.37633145,,33.37988898,,-8.2,-8.3,-30,-8.2672,-8.23,-1.8308,,-1.07277396,,170,80.4,183,93.4,9.8,9.9,9.6,9.4,,,3707.9,-0.49
underway_1200.34042763,34042763,201011040,2011-04-02T16:40:00,20110402164000,MULTIPOINT ((-66.4213 82.3683)),82.3683,-66.4213,304.9,63.066,62.47924805,,0.5,1.28,0,0,-1.66,,,986.87,,,26.83597095,,40.21,3.144,0.7134,4.06,298.67509617,386.63,,-8,241.5739,241.6744,,,,1.593526,1.848372,-1.837665,-1.754963,-204.8893,12.2376,91.8,88.6,33.35171824,,33.37110325,,-8.4,-8.8,-30,-8.423,-8.5906,-1.8028,,-1.18539907,,164,97.8,181,114.4,8.6,8.5,8.9,8.6,,,0,-0.58
underway_1200.34042883,34042883,201011040,2011-04-02T17:00:00,20110402170000,MULTIPOINT ((-66.4186 82.3641)),82.3641,-66.4186,315.2,61.526,61.07299805,,0.5,1.79,0,0,-0.7,,,986.63,,,26.8894752,,40.17,5.616,0.5084,4.064,298.33751294,386.02,,-8,234.925,234.2421,,,,1.912275,2.156434,-1.837665,0,0,12.2376,92,88.3,33.31400217,,33.29814524,,-9.2,-9.6,-30,-9.0483,-9.3408,-1.8068,,-1.05418605,,178,113.9,180,116.1,8.9,8.7,10.2,10,,,0,-0.48
underway_1200.34043003,34043003,201011040,2011-04-02T17:20:00,20110402172000,MULTIPOINT ((-66.4162 82.3576)),82.3576,-66.4162,275.5,89.958,89.84069824,,1.7,0.68,0,0,-1.87,,,986.5,,,27.0587605,,40.1,3.015,0.4018,4.057,298.82877861,387.09,,-8,231.9067,234.4965,,,,1.912317,1.848372,0,-1.754952,0,12.24092,90,87.5,33.49772993,,33.49514937,,-9.5,-10,-30,-9.5316,-9.798,-1.8283,,-1.02387039,,175,74.4,192,91.4,9.4,9.7,9.3,9.1,,,3707.14,-0.44
underway_1200.34043123,34043123,201011040,2011-04-02T17:40:00,20110402174000,MULTIPOINT ((-66.4135 82.3526)),82.3526,-66.4135,28.8,84.674,83.30383301,,0.6,0.81,0,0,-2.19,,,986.27,,,27.04347276,,40.12,4.451,0.4428,4.06,298.62353548,386.92,,-8,250.0726,251.6987,,,,1.91231,1.54031,-1.837665,-1.75495,0,12.2376,90.2,87.1,33.51880031,,33.51253835,,-9.7,-9.8,-30,-9.7691,-9.798,-1.8206,,-1.05809883,,146,59.1,154,66.3,8.2,8.8,7.6,8,,,3707.9,-0.46
underway_1200.34043243,34043243,201011040,2011-04-02T18:00:00,20110402180000,MULTIPOINT ((-66.4107 82.3486)),82.3486,-66.4107,266.9,77.429,77.33276367,,2.4,0.49,0,0,-1.61,,,986.16,,,26.93862841,,40.15,3.421,0.533,4.059,298.87996073,387.08,,-8,238.1028,238.1625,,,,1.912442,1.848372,-1.837665,0,0,12.24772,89.8,85.9,33.41272142,,33.43715713,,-9.7,-10.2,-30,-9.739,-9.9516,-1.8259,,-1.11877858,,221,130.7,209,119.4,8.4,6.7,9.9,8.6,,,3707.45,-0.51
underway_1200.34043363,34043363,201011040,2011-04-02T18:20:00,20110402182000,MULTIPOINT ((-66.4079 82.3438)),82.3438,-66.4079,263.7,76.391,76.39343262,,2.4,0.63,0,0,-1.6,,,985.92,,,26.89166338,,40.21,4.368,0.4346,,297.83199014,385.41,,-8,237.1445,236.8875,,,,1.912478,1.848372,-1.837665,0,0,12.2376,89.6,85.5,33.34475539,,33.35008805,,-9.8,-10.4,-30,-9.9708,-10.2607,-1.8254,,-1.09821909,,196,106.6,204,116.2,10.3,9.4,11.3,10.1,,,3707.41,-0.51
underway_1200.34043483,34043483,201011040,2011-04-02T18:40:00,20110402184000,MULTIPOINT ((-66.4046 82.3417)),82.3417,-66.4046,322.1,66.103,65.40161133,,0.6,1.48,0,0,-4.17,,,985.65,,,26.89824235,,40.2,-0.095,0.5084,4.049,298.83146901,387.68,,-8,227.7935,228.1598,,,,1.912548,1.848372,-1.837665,-1.755148,0,12.2376,88.9,84.6,33.6365022,,33.69264174,,-10.3,-10.7,-30,-10.2834,-10.5528,-1.8001,,-1.39552748,,208,139.5,190,121.3,7,6.5,9.7,9.4,,,0,-0.63
underway_1200.34043603,34043603,201011040,2011-04-02T19:00:00,20110402190000,MULTIPOINT ((-66.4019 82.3343)),82.3343,-66.4019,307.6,82.914,82.6171875,,0.7,0.45,0,0,-1.36,,,985.63,,,27.05986268,,40.17,6.149,0.5822,4.067,297.93738737,386.49,,-8,224.8154,226.3596,,,,1.912569,2.156434,-1.837665,-1.755233,0,12.2376,88.2,84.6,33.64680839,,33.62376879,,-10.4,-10.9,-30,-10.5177,-10.7292,-1.8203,,-1.1373859,,171,84.3,189,101.7,9,9,8.6,8.4,,,3707.14,-0.51
underway_1200.34043723,34043723,201011040,2011-04-02T19:20:00,20110402192000,MULTIPOINT ((-66.3989 82.3296)),82.3296,-66.3989,273.9,78.522,78.49182129,,1.9,0.68,0,0,-1.56,,,985.49,,,26.77699371,,40.16,5.356,0.5084,4.058,299.88223897,387.79,,-8,225.6684,227.2208,,,,1.912577,1.848372,-1.837665,-1.755233,0,12.2241,87.9,83.7,33.21229772,,33.27294051,,-10.7,-11.2,-30,-10.8017,-11.0448,-1.8257,,-1.1697172,,201,110.4,205,116.2,8.2,7.4,9.2,8.3,,,5559.09,-0.57
underway_1200.34043843,34043843,201011040,2011-04-02T19:40:00,20110402194000,MULTIPOINT ((-66.3959 82.3251)),82.3251,-66.3959,324.3,74.651,74.42138672,,0.6,0.52,0,0,-1.78,,,985.43,,,26.68307498,,40.28,4.605,0.8036,4.052,298.50222473,385.99,,-8,228.4443,230.8069,,,,1.912612,1.848397,0,-1.755242,0,12.2241,87.4,84.4,33.19043477,,33.20106384,,-11.1,-11.7,-30,-11.1093,-11.4849,-1.819,,-1.22069782,,188,108.6,195,115.8,6.2,6,7.1,6.8,,,710.68,-0.65
underway_1200.34043963,34043963,201011040,2011-04-02T20:00:00,20110402200000,MULTIPOINT ((-66.393 82.3194)),82.3194,-66.393,270.3,72.452,71.93847656,,1.7,0.64,0,0,-1.8,,,985.15,,,26.73333015,,40.17,3.651,0.6232,4.059,300.00811823,388.67,,-8,231.6681,233.3368,,,,1.912612,1.540467,-1.837665,-1.755242,0,12.2241,87.6,84.1,33.49606809,,33.49407078,,-11,-11.7,-30,-11.3078,-11.6566,-1.8238,,-1.42110587,,208,125.3,207,127,7.5,6.5,9.4,8.3,,,3707.14,-0.65
underway_1200.34044083,34044083,201011040,2011-04-02T20:20:00,20110402202000,MULTIPOINT ((-66.3893 82.3177)),82.3177,-66.3893,249.6,57.125,56.02478027,,2.7,0.59,0,0,-2,,,985.12,,,26.73112942,,40.22,6.206,0.5248,,299.60580752,387.52,,-8,211.5462,210.4222,,,,1.912612,1.848922,-1.837665,0,0,12.2241,87.7,82.7,33.23512476,,33.27888554,,-11.3,-12.2,-30,-11.5473,-12.0052,-1.8281,,-1.23148757,,202,131.1,198,133.7,7.6,5.8,12.5,10.7,,,0,-0.65
underway_1200.34044203,34044203,201011040,2011-04-02T20:40:00,20110402204000,MULTIPOINT ((-66.3855 82.315)),82.315,-66.3855,19.5,45.315,44.37927246,,1.2,1.34,0,0,-1.15,,,984.94,,,26.75079582,,40.13,1.829,0.697,4.062,300.08690919,388.59,,-8,189.6206,190.3913,,,,1.593844,1.848983,-1.837665,-1.755345,0,12.2376,86,82.7,33.38491033,,33.4089051,,-12.3,-12.8,-30,-12.2348,-12.7081,-1.8203,,-1.32376782,,180,129.2,181,131.9,5.3,4.8,7.4,6.8,,,0,-0.57
underway_1200.34044323,34044323,201011040,2011-04-02T21:00:00,20110402210000,MULTIPOINT ((-66.3832 82.3077)),82.3077,-66.3832,300.6,56.679,55.35461426,,0.6,0.66,0,0,-1.75,,,984.93,,,26.7966573,,40.21,5.207,0.5412,4.064,299.15249028,387.29,,-8,180.8899,182.5046,,,,1.912612,1.848985,-1.837665,-1.755478,0,12.2241,85.4,82.3,33.35802928,,33.36430716,,-12.7,-13.4,-30,-12.9046,-13.3367,-1.8253,,-1.22756381,,183,123.9,183,124.4,7,6.6,8,7.6,,,5559.56,-0.62
underway_1200.34044443,34044443,201011040,2011-04-02T21:20:00,20110402212000,MULTIPOINT ((-66.3786 82.3065)),82.3065,-66.3786,39,39.819,38.56201172,,4.5,0.89,0,1.04,-4.18,,,984.75,,,26.79775842,,40.34,4.462,0.697,4.044,297.76151917,385.88,,-8,180.9017,181.8882,,,,1.912612,1.848998,-1.837735,-1.755481,0,12.2241,85.6,83.6,33.46816257,,33.48118358,,-12.9,-13.6,-30,-13.4077,-13.7631,-1.8256,,-1.33064527,,191,123.4,190,132.3,4.7,2.3,6.1,3.6,,,0,-0.74
underway_1200.34044563,34044563,201011040,2011-04-02T21:40:00,20110402214000,MULTIPOINT ((-66.3742 82.306)),82.306,-66.3742,336.5,52.35,50.99304199,,0.6,1.08,0,0,-2.37,,,984.71,,,26.70054212,,40.28,5.351,0.8528,4.059,298.36144252,385.5,,-8,181.1049,181.7848,,,,1.912612,2.465331,-1.837855,-1.755534,0,12.21735,87.1,84,33.14506264,,33.13801107,,-13.5,-14.1,-30,-13.8647,-14.3351,-1.8183,,-1.1422835,,203,145.6,197,141.5,3.2,2.7,5.2,4.7,,,3707.9,-0.63
underway_1200.34044683,34044683,201011040,2011-04-02T22:00:00,20110402220000,MULTIPOINT ((-66.3697 82.305)),82.305,-66.3697,22,15.651,13.21655273,,6.4,0.92,0,0,-1.51,,,984.64,,,26.90805459,,40.2,,2.2304,4.063,299.12798919,387.63,,-8,180.064,183.2935,,,,1.912692,1.540832,-1.837811,-1.755536,-204.9561,12.2241,86.4,84.4,33.45543736,,33.4840574,,-13.2,-14.1,-30,-14.1282,-14.4988,-1.8149,,-1.19814352,,194,9.6,201,3.5,3.3,3.6,3.2,3.7,,,5774.31,-0.62
underway_1200.34044803,34044803,201011040,2011-04-02T22:20:00,20110402222000,MULTIPOINT ((-66.3649 82.3012)),82.3012,-66.3649,343.9,12.166,10.77758789,,0.9,1.02,0,0,-1.76,,,984.5,,,26.99324767,,40.22,4.127,2.0664,,298.45645823,387.25,,-8,179.3968,184.8827,,,,1.912793,2.157165,-1.837946,-1.755536,0,12.2106,87.1,84.6,33.62488207,,33.64380991,,-13.5,-14.1,-30,-14.2976,-14.3678,-1.8324,,-1.23639263,,186,174.4,184,171.8,5.2,4.5,3.9,3.2,,,5870.54,-0.63
underway_1200.34044923,34044923,201011040,2011-04-02T22:40:00,20110402224000,MULTIPOINT ((-66.3617 82.2965)),82.2965,-66.3617,195.6,16.595,14.18334961,,2.4,0.69,0,0,-1.64,,,984.48,,,27.00524968,,40.22,5.207,1.2874,4.06,298.12868695,386.41,,-8,180.3099,190.0891,,,,1.594094,1.848998,-1.83797,-1.755536,0,12.2106,88.1,84.9,33.50122764,,33.50630385,,-14.4,-13.5,-30,-14.5783,-14.4114,-1.8219,,-1.09919796,,201,184.3,200,183.3,9.8,7.4,9.9,7.5,,,0,-0.58
underway_1200.34045043,34045043,201011040,2011-04-02T23:00:00,20110402230000,MULTIPOINT ((-66.3568 82.2913)),82.2913,-66.3568,328.1,353.67,351.34277344,,0.7,1.22,0,0,-2.55,,,984.29,,,27.00962032,,40.21,,1.394,4.068,298.3674202,386.81,,-8,177.8589,188.8444,,,,1.912935,2.465331,-1.83797,-1.755536,0,12.1836,87.1,84.7,33.53787448,,33.5363813,,-15.5,-14.3,-30,-15.4665,-14.7294,-1.8243,,-1.12073698,,184,194.1,176,185.7,6.8,6.1,5.8,5.1,,,0,-0.59
underway_1200.34045163,34045163,201011040,2011-04-02T23:20:00,20110402232000,MULTIPOINT ((-66.3533 82.2862)),82.2862,-66.3533,348.4,348.637,346.41540527,,6.3,1.1,0,0,-2.41,,,984.21,,,26.84360756,,40.2,4.302,1.1644,4.067,299.39911065,387.29,,-8,183.3851,188.7019,,,,1.912935,1.849044,-1.837939,-1.755536,0,12.1971,87,83.6,33.28541697,,33.27361685,,-15.2,-13.9,-30,-15.6016,-14.7658,-1.8212,,-1.08843126,,196,312.6,200,315,5.4,3.6,5.2,4,,,3781.92,-0.61
underway_1200.34045283,34045283,201011040,2011-04-02T23:40:00,20110402234000,MULTIPOINT ((-66.3487 82.2802)),82.2802,-66.3487,192.6,349.714,347.37670898,,0.7,0.6,0,0,-1.55,,,984.14,,,27.02818712,,40.18,6.513,1.2464,4.057,298.80484279,387.46,,-8,187.3746,185.988,,,,1.912935,1.849197,-1.837969,-1.755536,0,12.1701,87.1,83.2,33.55627995,,33.55627995,,-15.7,-14.4,-30,-15.8735,-14.9101,-1.82,,-1.11584109,,182,196.7,176,190.1,8.3,7.2,8,6.9,,,0,-0.58
underway_1200.34045403,34045403,201011040,2011-04-03T00:00:00,20110403000000,MULTIPOINT ((-66.3437 82.2739)),82.2739,-66.3437,329,359.938,357.80273438,,0.7,1.37,0,0,-1.42,,,984.05,,,26.9408228,,40.32,5.452,2.706,4.059,297.47527726,385.72,,-8,191.926,186.2007,,,,1.275289,1.849282,-1.83797,-1.755711,0,12.1566,87.3,84.3,33.55336887,,33.56857001,,-16,-15.1,-30,-16.2626,-15.4078,-1.8369,,-1.23344955,,194,198.8,188,192.1,5.8,5.1,5.9,5.2,,,0,-0.7
underway_1200.34045523,34045523,201011040,2011-04-03T00:20:00,20110403002000,MULTIPOINT ((-66.3399 82.2685)),82.2685,-66.3399,329.1,358.961,357.08312988,,0.7,0.98,0,0,-1.38,,,983.92,,,27.08606517,,40.07,5.814,0.5494,,300.22510032,389.11,,-8,194.716,186.6654,,,,1.912935,1.541129,-1.83797,-1.755636,0,12.1566,86.8,83,33.52839567,,33.52799956,,-16.1,-15,-30,-16.5868,-15.8438,-1.8197,,-1.01995977,,221,229.6,224,233.6,5,4.5,4.7,4.3,,,0,-0.51
underway_1200.34045643,34045643,201011040,2011-04-03T00:40:00,20110403004000,MULTIPOINT ((-66.3365 82.2625)),82.2625,-66.3365,337,12.375,10.39306641,,0.9,0.66,0,0,-1.61,,,983.85,,,27.09153894,,40.12,6.433,1.968,4.062,299.60898525,388.69,,-8,199.0155,188.309,,,,2.55058,2.466087,-1.837931,-1.755747,0,12.1701,86.8,84.4,33.67758462,,33.69798322,,-16.1,-14.9,-30,-16.517,-15.9747,-1.831,,-1.16481743,,228,231.6,234,238.6,5.1,4,5.2,4.2,,,669.15,-0.57
underway_1200.34045763,34045763,201011040,2011-04-03T01:00:00,20110403010000,MULTIPOINT ((-66.3323 82.2578)),82.2578,-66.3323,202.3,8.661,6.4654541,,1.6,0.71,0,0,-1.35,,,983.77,,,27.09262089,,40.12,5.017,1.3366,4.055,299.33090439,388.07,,-8,201.5157,192.0612,,,,5.738925,6.165408,0,-1.755824,0,12.1431,87.3,84.4,33.58509159,,33.56865799,,-16.7,-15.4,-30,-16.9174,-16.117,-1.8285,,-1.04831734,,209,206.4,208,207.5,8.7,7.3,6.7,5.3,,,3706.55,-0.53
underway_1200.34045883,34045883,201011040,2011-04-03T01:20:00,20110403012000,MULTIPOINT ((-66.3249 82.253)),82.253,-66.3249,344.1,3.169,1.25244141,,0.9,1.23,0,0,-1.74,,,983.6,,,26.90805905,,39.88,1.635,2.337,4.072,300.83812581,389.73,,-8,207.0917,190.1487,,,,16.58029,17.87971,7.352332,8.779144,0,12.1296,87.5,84.8,33.53754107,,33.54124282,,-17.1,-16.4,-30,-17.3069,-16.6157,-1.8219,,-1.24914759,,220,225.1,220,227.4,5.1,4.5,4.1,3.5,,,0,-0.25
underway_1200.34046003,34046003,201011040,2011-04-03T01:40:00,20110403014000,MULTIPOINT ((-66.307 82.2182)),82.2182,-66.307,330.2,345.599,345.36071777,,6.3,1.14,0,0.14,-0.76,,,983.59,,,26.90259496,,40.23,8.82,1.4104,4.086,299.18068601,387.67,,-8,212.9169,192.0766,,,,34.43755,36.37596,14.70509,15.80246,0,12.1026,87.2,84.5,33.49075486,,33.49194972,,-16.6,-16.5,-30,-17.1002,-16.6742,-1.8284,,-1.21187124,,212,275.7,220,283,6.8,6.5,6.4,7,,,3702.53,-0.68
underway_1200.34046123,34046123,201011040,2011-04-03T02:00:00,20110403020000,MULTIPOINT ((-66.2917 82.2703)),82.2703,-66.2917,58.5,60.413,59.14489746,,8,0.8,0,0,-2.15,,,983.55,,,26.77371397,,40.22,0.527,0.533,4.065,299.48952368,387.42,,-8,216.9718,195.5195,,,,57.39756,59.80454,18.38272,21.07121,0,12.1026,87.3,84.1,33.23211037,,33.22601605,,-15.8,-15.6,-30,-16.565,-16.3365,-1.8311,,-1.1315093,,230,8,237,1,4.5,4,4.4,4,,,648.49,-0.64
underway_1200.34046243,34046243,201011040,2011-04-03T02:20:00,20110403022000,MULTIPOINT ((-66.2715 82.3031)),82.3031,-66.2715,42.3,40.268,38.64440918,,5.8,1,0,0,-2.95,,,983.58,,,26.96374237,,40.2,5.214,0.5658,,299.01652282,387.28,,-8,231.2751,207.2938,,,,150.1909,138.7219,121.3262,136.9706,0,12.1026,87.2,85.6,33.39733969,,33.39396141,,-14.8,-15.4,-30,-15.4683,-15.5133,-1.833,,-1.04929542,,181,87.3,189,101.4,6.9,4,7.3,3.5,,,670.46,-0.6
underway_1200.34046363,34046363,201011040,2011-04-03T02:40:00,20110403024000,MULTIPOINT ((-66.2412 82.3529)),82.3529,-66.2412,45.4,54.704,53.75610352,,5.7,0.9,0,0,-1.34,,,983.43,,,26.53563338,,40.43,3.606,1.8942,4.06,298.34311109,385.13,,-8,181.0538,183.8696,,,,128.1884,129.1655,51.4717,56.18708,0,12.0756,88,85.2,32.91442985,,32.90317367,,-14.6,-15.3,-30,-14.3854,-14.8983,-1.8388,,-1.13346811,,198,88.7,203,100.6,6.9,3.3,7.2,3,,,5656.54,-0.83
underway_1200.34046483,34046483,201011040,2011-04-03T03:00:00,20110403030000,MULTIPOINT ((-66.2194 82.4057)),82.4057,-66.2194,49.9,51.825,51.04797363,,8.3,0.87,0,0,-0.68,,,983.48,,,26.71912811,,40.5,-0.535,3.6162,4.053,296.43244967,384.31,,-8,181.4435,186.3681,,,,202.154,199.7595,84.56008,98.32646,0,12.0756,87.1,85,33.45429634,,33.41819024,,-15,-15.5,-30,-14.0301,-14.8098,-1.8323,,-1.37094286,,203,64.1,206,70.9,7.6,3.7,8,3.4,,,4627.2,-0.89
underway_1200.34046603,34046603,201011040,2011-04-03T03:20:00,20110403032000,MULTIPOINT ((-66.1798 82.3594)),82.3594,-66.1798,294.9,290.416,289.16015625,,10,0.72,0,1.87,0,,,983.35,,,26.77590993,,40.36,3.031,1.2382,4.061,297.72341424,385.42,,-8,177.012,188.7628,,,,150.4849,297.75,36.76222,210.6809,0,12.0621,88.3,85,33.36433989,,33.3785932,,-13.5,-13.3,-30,-13.6214,-13.1119,-1.8316,,-1.26583114,,184,328.6,187,326.5,6.4,10,6.9,10.5,,,600.58,-0.75
underway_1200.34046723,34046723,201011040,2011-04-03T03:40:00,20110403034000,MULTIPOINT ((-66.1556 82.2388)),82.2388,-66.1556,291.4,294.073,293.54919434,,9.4,0.71,0,0.97,0,,,983.34,,,27.08389878,,40.25,-0.039,1.64,4.056,298.02655907,387.04,,-8,174.8919,182.6333,,,,119.8774,302.674,44.11138,210.6773,0,11.9811,85.9,81.8,33.76270217,,33.75494628,,-12.7,-12.6,-30,-12.6364,-11.4273,-1.8367,,-1.22462115,,208,328.2,211,326.9,5.7,11.6,6.2,12.1,,,577.54,-0.67
underway_1200.34046843,34046843,201011040,2011-04-03T04:00:00,20110403040000,MULTIPOINT ((-66.1319 82.1217)),82.1217,-66.1319,297.3,299.319,299.05883789,,8.6,0.57,0,1.12,0,,,983.28,,,27.11447168,,40.47,2.99,0.5822,4.057,293.09446413,380.35,,-8,181.7859,188.3428,,,,292.6793,366.7804,196.6629,231.7399,0,11.92372,85.4,81.3,33.68818786,,33.68307152,,-12.7,-12.3,-30,-12.1747,-11.3459,-1.8581,,-1.1236747,,195,307.9,202,310.8,8.3,10.5,8.4,11.4,,,560.69,-0.61
underway_1200.34046963,34046963,201011040,2011-04-03T04:20:00,20110403042000,MULTIPOINT ((-66.1106 82.0152)),82.0152,-66.1106,293.6,292.151,292.18139648,,8.5,0.67,0,0.91,0,,,983.36,,,27.19314191,,40.73,4.313,2.5994,,289.54437291,377.36,,-8,177.7538,183.626,,,,137.4126,437.039,49.62521,265.0964,0,11.9001,84.8,80.1,34.17440717,,34.18424335,,-13.3,-13,-30,-12.1747,-11.7131,-1.8525,,-1.46934014,,204,320.9,207,320.4,7.1,10.9,7.6,11.5,,,527.62,-0.83
underway_1200.34047083,34047083,201011040,2011-04-03T04:40:00,20110403044000,MULTIPOINT ((-66.0928 81.932)),81.932,-66.0928,296.3,291.675,291.54968262,,2.8,1.21,0,0.8,0,,,983.54,,,26.81304735,,40.73,,2.7224,4.057,290.04441331,376.02,,-8,184.7658,191.0868,,,,466.1089,473.1051,233.4223,277.3868,0,11.8731,83.8,78.4,33.4743476,,33.48787433,,-12.9,-12.5,-30,-11.6862,-10.9358,-1.8357,,-1.31787347,,189,278.6,200,288.6,6.9,6.8,7,7.4,,,5559.44,-0.74
underway_1200.34047203,34047203,201011040,2011-04-03T05:00:00,20110403050000,MULTIPOINT ((-66.0883 81.9378)),81.9378,-66.0883,55,57.227,56.45324707,,5,0.89,0,1.34,0,,,983.67,,,27.11447988,,40.69,5.993,2.132,4.092,289.63946466,376.36,,-8,191.4956,187.8303,,,,477.5254,520.5428,286.699,315.9978,0,11.8326,84.8,75.9,33.78850381,,33.78805102,,-11.9,-12,-30,-11.2706,-10.1572,-1.8508,,-1.21677474,,200,109.4,206,120.7,9,5.7,9.5,5.6,,,5399.41,-0.7
underway_1200.34047323,34047323,201011040,2011-04-03T05:20:00,20110403052000,MULTIPOINT ((-66.0813 81.9868)),81.9868,-66.0813,76.7,77.368,76.23962402,,9,0.86,0,1.14,0,,,983.72,,,27.09046359,,40.69,6.52,2.5584,4.057,290.44251415,377.61,,-8,184.7389,184.8312,,,,518.3185,545.4564,308.729,266.8416,0,11.8056,81.8,76.1,33.90933529,,33.91307654,,-11.8,-12.3,-30,-9.9695,-10.8887,-1.8611,,-1.35619679,,200,71.7,209,81.7,9.8,8.8,10.6,7.9,,,0,-0.79
underway_1200.34047443,34047443,201011040,2011-04-03T05:40:00,20110403054000,MULTIPOINT ((-66.0472 82.0392)),82.0392,-66.0472,359.9,357.064,357.9675293,,9.6,0,0,0,0,,,983.77,,,26.93100209,,40.79,,1.3366,4.097,289.60771615,375.81,,-8,183.2943,192.7323,,,,546.6628,545.1466,128.6366,344.0851,0,11.8056,82.8,78.4,33.62715272,,33.66892673,,-12,-11.9,-30,-9.3454,-10.5348,-1.8605,,-1.33457558,,204,272.9,208,286.1,10.4,4.2,9.5,4.7,,,490.84,-0.83
underway_1200.34047563,34047563,201011040,2011-04-03T06:00:00,20110403060000,MULTIPOINT ((-66.0016 81.9748)),81.9748,-66.0016,303.9,323.01,300.6628418,,10,0,0,0,0,,,983.78,,,27.20840394,,40.62,7.018,0.7708,4.067,290.17339413,377.12,,-8,180.6588,190.1099,,,,579.7298,586.741,334.4552,335.2916,0,11.80547,81.4,74,33.83894122,,33.82930603,,-12,-11.5,-30,-10.2262,-9.6065,-1.8585,,-1.13934489,,186,295.7,193,301.3,12.9,12.2,12.6,13.1,,,493.06,-0.64
underway_1200.34047683,34047683,201011040,2011-04-03T06:20:00,20110403062000,MULTIPOINT ((-65.9756 81.9143)),81.9143,-65.9756,311.5,310.749,310.02319336,,9.1,0.87,0,1.65,-0.39,,,983.9,,,27.2979687,,40.56,6.66,0.8118,,290.81529744,378.16,,-8,182.313,187.6143,,,,572.9607,591.0248,325.2668,337.0116,-204.925,11.80361,81.5,74.4,33.96793233,,33.96754721,,-12.1,-11.6,-30,-10.5596,-9.1738,-1.8576,,-1.15305957,,196,285.3,204,291.2,14,13,14.2,14.3,,,470.19,-0.62
underway_1200.34047803,34047803,201011040,2011-04-03T06:40:00,20110403064000,MULTIPOINT ((-65.9405 81.8185)),81.8185,-65.9405,311.5,309.996,309.21569824,,9.7,0.42,0,0.9,0,,,984.1,,,27.26956999,,40.52,4.631,0.8938,4.055,291.54956657,379.07,,-8,183.7538,191.1318,,,,590.4794,580.8386,323.4292,337.0068,-204.922,11.79506,80.8,73.5,33.93640125,,33.92418187,,-11.7,-11.2,-30,-10.2088,-9.1045,-1.8572,,-1.14914078,,193,290.7,202,297.8,12.7,11.8,12.5,13,,,448.51,-0.61
underway_1200.34047923,34047923,201011040,2011-04-03T07:00:00,20110403070000,MULTIPOINT ((-65.9078 81.7229)),81.7229,-65.9078,309.4,45.055,307.71606445,,10.1,0,0,0,0,,,984.5,,,27.2466301,,40.52,6.48,1.4104,4.081,291.47139418,378.72,,-8,183.4363,187.0367,,,,596.8526,570.0596,319.7532,337.0067,0,11.79496,78.2,70.3,33.86476367,,33.85618169,,-12,-11.5,-30,-10.2861,-9.3133,-1.829,,-1.11682024,,178,268.5,187,279.7,16.6,12.5,15.7,13.4,,,416.2,-0.59
underway_1200.34048043,34048043,201011040,2011-04-03T07:20:00,20110403072000,MULTIPOINT ((-65.8991 81.5945)),81.5945,-65.8991,262.5,255.628,254.91577148,,10.1,0.66,-0.05,1.87,0,,,984.46,,,27.30888719,,40.48,5.196,1.1316,4.054,291.6107186,379.14,,-8,187.547,185.4175,,,,571.3597,575.012,338.1303,333.497,0,11.76129,79.2,71.4,33.93773926,,33.93142123,,-11.5,-11.1,-30,-10.2668,-9.1854,-1.847,,-1.10800847,,183,322,185,321.8,14.4,19.3,15.3,20.4,,,373.33,-0.55
underway_1200.34048163,34048163,201011040,2011-04-03T07:40:00,20110403074000,MULTIPOINT ((-65.9169 81.4913)),81.4913,-65.9169,243.5,238.615,239.40307617,,6.4,0.78,0,1.45,0,,,984.96,,,27.19748443,,40.56,7.894,1.6482,4.054,291.06739152,378.16,,-8,189.2409,193.6798,,,,547.146,555.3119,316.0784,323.0045,0,11.77558,80.4,74,33.85611538,,33.84979385,,-10.6,-10.5,-30,-9.3696,-9.2654,-1.8438,,-1.1706972,,192,330.3,191,329.6,11.6,16.4,11.7,16.4,,,0,-0.62
underway_1200.34048283,34048283,201011040,2011-04-03T08:00:00,20110403080000,MULTIPOINT ((-65.9371 81.4035)),81.4035,-65.9371,246.7,243.711,245.28625488,,7.4,0.62,0,1.16,0,,,984.99,,,27.18109957,,40.52,6.088,1.066,4.055,291.82935365,379.07,,-8,189.8976,192.4993,,,,518.2164,508.1664,310.5653,298.4408,0,11.77138,80.1,74.9,33.81260933,,33.80850986,,-10,-10,-30,-8.7288,-8.5172,-1.8452,,-1.15403931,,213,338.5,208,334.4,15.5,22,16.6,22.8,,,276.46,-0.61
underway_1200.34048403,34048403,201011040,2011-04-03T08:20:00,20110403082000,MULTIPOINT ((-65.9562 81.3391)),81.3391,-65.9562,197.6,200.803,202.17590332,,8,0.41,0,1.89,0,,,985.24,,,27.17345159,,40.53,1.089,0.9184,,291.47414252,378.43,,-8,176.783,192.056,,,,135.7708,506.0092,47.77929,305.4632,0,11.77184,78.4,72.8,33.77676688,,33.76708319,,-9.9,-9.7,-30,-8.9729,-8.1111,-1.8405,,-1.12661256,,214,7,203,359.1,19.7,27.5,18.9,26.9,,,255.02,-0.59
underway_1200.34048523,34048523,201011040,2011-04-03T08:40:00,20110403084000,MULTIPOINT ((-65.988 81.3276)),81.3276,-65.988,130.4,113.235,141.88293457,,4,0.65,0,0.99,0,,,985.57,,,27.21932615,,40.56,3.511,0.738,4.057,290.86190046,377.95,,-8,194.1441,188.0024,,,,443.3743,488.7519,271.9744,301.9521,0,11.7786,78.1,72.2,33.84099985,,33.84315637,,-9.4,-9.6,-30,-8.6775,-8.5635,-1.8416,,-1.13836539,,213,60.3,222,68.6,21.2,22.1,19.4,19.7,,,222.41,-0.6
underway_1200.34048643,34048643,201011040,2011-04-03T09:00:00,20110403090000,MULTIPOINT ((-65.9997 81.3425)),81.3425,-65.9997,196.4,210.907,217.85888672,,5.6,0,0,0,0,,,985.48,,,27.37551023,,40.49,2.727,0.492,4.09,290.87828495,378.12,,-8,181.3585,192.6546,,,,127.507,418.49,183.7665,256.3082,0,11.7921,76.2,71.2,33.96306832,,33.96379184,,-9.5,-9.4,-30,-8.3618,-8.48,-1.8516,,-1.05614241,,224,0.1,215,352.7,21,26.1,20.5,25.9,,,0,-0.51
underway_1200.34048763,34048763,201011040,2011-04-03T09:20:00,20110403092000,MULTIPOINT ((-66.0216 81.2448)),81.2448,-66.0216,239.4,308.867,235.33813477,,8.1,0,0,0,0,,,985.84,,,27.05879725,,40.81,1.207,2.501,4.041,288.35487988,375.23,,-8,188.3319,193.1765,,,,327.6943,330.0462,227.8704,217.6864,0,11.7516,75.4,69.7,33.95962972,,33.9668297,,-9.3,-9.2,-30,-8.1418,-7.8456,-1.8532,,-1.44177308,,224,353.6,213,346,16.6,24.5,16.9,24.4,,,0,-0.82
underway_1200.34048883,34048883,201011040,2011-04-03T09:40:00,20110403094000,MULTIPOINT ((-66.0359 81.19)),81.19,-66.0359,242.5,135.643,236.88171387,,5.7,0,0,0,0,,,986.06,,,27.33182283,,40.56,3.344,0.4182,4.051,289.91293728,376.9,,-8,189.4879,192.2192,,,,252.7836,283.2049,192.9548,193.1089,0,11.7651,72.6,65.4,33.94400292,,33.94173786,,-9,-9,-30,-7.8679,-7.5638,-1.8373,,-1.08940998,,221,349.8,211,342.3,14.9,20.3,15.7,20.8,,,251.99,-0.54
underway_1200.34049003,34049003,201011040,2011-04-03T10:00:00,20110403100000,MULTIPOINT ((-66.0509 81.1113)),81.1113,-66.0509,247.7,135.643,250.46630859,,9.4,0,0,0,0,,,986.27,,,27.23789204,,40.58,3.76,0.9102,4.082,290.23958751,377.05,,-8,185.5333,189.4526,,,,196.9991,196.6102,147.0132,157.9982,0,11.74823,70.7,65.4,33.83764328,,33.84200957,,-8.8,-8.7,-30,-7.8497,-7.709,-1.8293,,-1.11486196,,210,331.7,207,329.1,19.5,27.5,20.6,28.4,,,263.07,-0.58
underway_1200.34049123,34049123,201011040,2011-04-03T10:20:00,20110403102000,MULTIPOINT ((-66.0744 80.9991)),80.9991,-66.0744,229.9,0,229.9822998,,13.1,0,0,0,0,,,986.41,,,27.28922161,,40.48,3.311,0.328,,291.33953136,378.39,,-8,189.8722,193.4484,,,,135.158,150.077,121.2859,122.8875,0,11.70435,71.3,68.3,33.8452799,,33.83925273,,-8.4,-8.4,-30,-7.777,-7.5276,-1.8489,,-1.05027352,,219,353.8,206,345.9,18.5,31.5,19,31.4,,,269.98,-0.51
underway_1200.34049243,34049243,201011040,2011-04-03T10:40:00,20110403104000,MULTIPOINT ((-66.1099 80.8681)),80.8681,-66.1099,230.8,332.834,230.75683594,,9.7,0,0,0,0,,,986.65,,,27.38861853,,40.48,7.039,0.4182,4.051,290.88396403,378.39,,-8,204.3807,209.7666,,,,108.7001,115.2542,71.66893,80.75464,0,11.6976,72,69.8,33.99425117,,33.99612878,,-8.1,-8.1,-30,-8.1601,-7.9919,-1.8362,,-1.06886025,,216,349.7,209,344.6,22,31.5,22.5,31.7,,,275.04,-0.5
underway_1200.34049363,34049363,201011040,2011-04-03T11:00:00,20110403110000,MULTIPOINT ((-66.1662 80.8018)),80.8018,-66.1662,200.5,199.196,200.01708984,,13,0.46,0,1.01,0,,,986.47,,,27.3536624,,40.45,2.522,0.287,4.05,291.66829487,379.1,,-8,182.2847,186.0285,,,,60.88483,65.02312,22.05198,24.5775,0,11.6976,67.7,66,33.90704794,,33.90074945,,-8.3,-8.3,-30,-8.1418,-8.0102,-1.8403,,-1.02680351,,219,11.9,210,6,20.7,33.3,19.6,32.5,,,231.85,-0.5
underway_1200.34049483,34049483,201011040,2011-04-03T11:20:00,20110403112000,MULTIPOINT ((-66.2376 80.7483)),80.7483,-66.2376,193.4,192.114,193.12316895,,14.2,0.68,0,0.79,0,,,986.97,,,27.35694048,,40.44,,0.205,4.071,291.83617832,379.42,,-8,184.4578,188.2748,,,,43.03378,46.22496,12.86365,15.79982,204.9561,11.70773,69.8,68.5,33.91959759,,33.9218101,,-8.4,-8.5,-30,-8.5839,-8.4986,-1.8457,,-1.04147122,,220,14.8,211,9.2,16.4,29.8,15,28.9,,,223.99,-0.5
underway_1200.34049603,34049603,201011040,2011-04-03T11:40:00,20110403114000,MULTIPOINT ((-66.2944 80.6328)),80.6328,-66.2944,241.4,237.066,238.55712891,,11.2,0.74,0,1.64,0,,,987.31,,,27.3329097,,40.4,5.456,0.2788,4.065,292.48851548,380.08,,-8,254.9313,256.8723,,,,20.08243,20.33898,5.512994,5.266607,0,11.6976,70.5,,33.8724165,,33.87462497,,-8.5,,-30,-8.6024,-8.5543,-1.8467,,-1.02875901,,212,348.1,201,341.4,11.2,21.7,12.4,22.1,,,246.6,-0.48
underway_1200.34049723,34049723,201011040,2011-04-03T12:00:00,20110403120000,MULTIPOINT ((-66.3348 80.4883)),80.4883,-66.3348,230.2,229.538,230.20751953,,13.5,0.56,0,0.91,0,,,987.33,,,27.33400378,,40.5,3.15,0.3116,4.052,290.7081716,377.66,,-8,264.0026,263.1829,,,,7.65045,8.012326,1.837665,3.511071,0,11.6976,74.9,73.4,33.89860429,,33.89932375,,-8.3,-8.4,-30,-8.3622,-8.3321,-1.8365,,-1.04929542,,240,5.8,230,359.8,21.6,35,21,34.5,,,235.75,-0.5
underway_1200.34049843,34049843,201011040,2011-04-03T12:20:00,20110403122000,MULTIPOINT ((-66.3838 80.3467)),80.3467,-66.3838,219.7,220.092,220.61645508,,10.7,0.6,0,1.4,0,,,987.64,,,27.34820589,,40.48,6.862,0.5166,4.046,291.20971274,378.73,,-8,252.5269,254.2536,,,,3.825225,3.697997,1.837665,1.755536,0,11.6841,74.4,72.6,33.95600264,,33.95416982,,-8.8,-8.8,-30,-8.6952,-8.6658,-1.845,,-1.08060211,,238,10.4,226,3,17.6,28,16.6,27.3,,,221.8,-0.52
underway_1200.34049963,34049963,201011040,2011-04-03T12:40:00,20110403124000,MULTIPOINT ((-66.4182 80.2511)),80.2511,-66.4182,231.3,236.25,237.5958252,,9.1,0.61,0,0.45,-0.27,,,988.07,,,27.24990673,,40.62,4.688,0.779,4.058,289.41523718,376.04,,-8,226.6199,228.872,,,,2.231381,2.465331,0,1.755536,0,11.6706,72.9,71.5,33.85773322,,33.85955937,,-9.2,-9.2,-30,-9.1059,-9.0776,-1.8472,,-1.11584109,,245,2.6,233,354.9,16,24.9,15.6,24.7,,,0,-0.58
underway_1200.34050083,34050083,201011040,2011-04-03T13:00:00,20110403130000,MULTIPOINT ((-66.45 80.1493)),80.1493,-66.45,228.5,232.225,233.60778809,,9.4,0.68,0,0.74,0,,,988.34,,,27.22697611,,40.79,7.494,0.6888,4.044,286.47351126,372.56,,-8,229.081,231.7977,,,,1.912612,2.465331,0,1.755536,0,11.6706,72.5,70.9,33.91466288,,33.90910499,,-9.5,-9.5,-30,-9.4831,-9.4083,-1.8423,,-1.18735958,,234,358.9,226,352.9,22,31.4,21.7,31.1,,,0,-0.62
underway_1200.34050203,34050203,201011040,2011-04-03T13:20:00,20110403132000,MULTIPOINT ((-66.4767 80.0652)),80.0652,-66.4767,241.9,238.949,240.23803711,,8.3,0.56,0,1.21,0,,,988.5,,,27.37769258,,40.69,4.743,0.328,4.054,286.69054324,372.77,,-8,261.4013,260.954,,,,1.912659,2.465331,0,1.755536,0,11.6706,79.5,77.2,33.93986214,,33.93909176,,-9.8,-9.8,-30,-9.467,-9.3798,-1.8608,,-1.03169236,,246,4.6,238,358.7,19.5,27.8,19.1,27.4,,,217.53,-0.48
underway_1200.34050323,34050323,201011040,2011-04-03T13:40:00,20110403134000,MULTIPOINT ((-66.5153 79.9927)),79.9927,-66.5153,204,203.369,204.34020996,,10.2,0.73,0,0.76,-0.28,,,988.74,,,27.34603104,,40.7,3.94,0.9512,4.047,287.38423759,374.05,,-8,248.9088,251.052,,,,1.912828,2.157165,1.83797,1.755536,0,11.6706,78.3,76.4,34.07279337,,34.07470585,,-10.3,-10.3,-30,-10.05,-9.9529,-1.8371,,-1.18932016,,245,26.7,245,25.8,18.9,27.4,17.3,25.9,,,0,-0.58
underway_1200.34050443,34050443,201011040,2011-04-03T14:00:00,20110403140000,MULTIPOINT ((-66.5578 79.9288)),79.9288,-66.5578,223.3,219.236,220.20996094,,8.9,0.66,0,1.67,0,,,988.81,,,27.33291161,,40.66,4.865,0.3608,,287.58792894,373.83,,-8,254.1375,253.4827,,,,1.912927,2.157165,0,-1.755536,204.9561,11.6571,78.4,77.1,33.90302803,,33.89893738,,-10.2,-10.2,-30,-10.2489,-10.1459,-1.853,,-1.05027352,,240,14.3,232,9,19.7,28.4,18.8,27.6,,,262.66,-0.5
underway_1200.34050563,34050563,201011040,2011-04-03T14:20:00,20110403142000,MULTIPOINT ((-66.6017 79.8848)),79.8848,-66.6017,190,192.672,193.50219727,,8.9,0.53,0,1.09,-0.21,,,989.1,,,27.37769562,,40.68,6.692,0.4264,4.052,287.03524818,373.43,,-8,252.7793,252.0445,,,,1.594113,1.848998,-1.83797,-1.755536,0,11.6571,80.5,78.2,33.97786488,,33.97786488,,-10.5,-10.6,-30,-10.5796,-10.4957,-1.8458,,-1.06592513,,248,34,255,38,15.8,21.9,15,20.5,,,0,-0.5
underway_1200.34050683,34050683,201011040,2011-04-03T14:40:00,20110403144000,MULTIPOINT ((-66.6501 79.8594)),79.8594,-66.6501,184.4,189.746,191.13464355,,8.9,0.68,0,0.61,0,,,989.47,,,27.34601911,,40.75,5.51,0.41,4.06,285.68164984,371.36,,-8,254.1148,253.3932,,,,1.912935,1.848998,-1.83797,-1.755536,-204.9561,11.6571,80.7,78.9,33.92757832,,33.92237894,,-10.7,-10.8,-30,-10.7459,-10.6915,-1.8548,,-1.05516422,,250,35.4,255,37.3,14.9,20.3,14,19,,,202.75,-0.49
underway_1200.34050803,34050803,201011040,2011-04-03T15:00:00,20110403150000,MULTIPOINT ((-66.6911 79.8392)),79.8392,-66.6911,192.4,197.039,198.01208496,,6.7,0.91,0,0.74,-1.83,,,989.49,,,27.31543948,,40.76,,0.6232,4.047,285.97970498,371.81,,-8,247.3032,247.372,,,,1.912935,1.848998,0,0,204.9564,11.6571,81.3,79.1,33.91893918,,33.92486639,,-11.1,-11.1,-30,-10.9325,-10.8488,-1.8435,,-1.09430378,,244,33.5,246,34.4,18.9,23.6,17.4,22,,,252.57,-0.53
underway_1200.34050923,34050923,201011040,2011-04-03T15:20:00,20110403152000,MULTIPOINT ((-66.7258 79.788)),79.788,-66.7258,270.2,270.669,271.56555176,,9,0.76,0,1.95,-0.23,,,989.66,,,27.26192066,,40.71,4.865,0.7052,4.053,287.05726419,373.07,,-8,235.5544,239.3033,,,,1.912986,1.848998,0,0,0,11.6571,82.2,81.3,33.86714515,,33.86714515,,-11.4,-11.4,-30,-11.3418,-11.2452,-1.8418,,-1.10800847,,258,350.6,249,344.5,17,25.9,17.5,26.1,,,0,-0.53
underway_1200.34051043,34051043,201011040,2011-04-03T15:40:00,20110403154000,MULTIPOINT ((-66.7416 79.6889)),79.6889,-66.7416,234.7,235.88,237.00256348,,8.1,0.54,0,1.29,0,,,989.9,,,27.22042671,,40.78,4.177,0.7626,4.043,286.27365008,372.17,,-8,231.0062,233.5316,,,,1.913216,1.849021,1.838229,1.755548,0,11.6436,83.1,81.9,33.93193565,,33.95130375,,-11.8,-11.8,-30,-11.7171,-11.6072,-1.8455,,-1.23246855,,258,14.3,252,9.4,18.4,26,17.3,25.2,,,278.78,-0.59
underway_1200.34051163,34051163,201011040,2011-04-03T16:00:00,20110403160000,MULTIPOINT ((-66.765 79.6007)),79.6007,-66.765,250.3,249.271,249.92797852,,6.6,0.73,0,1.97,0,,,990.02,,,26.92882601,,40.95,,1.1726,,283.03854095,367.47,,-8,206.9498,211.1416,,,,1.913254,1.849243,-1.838271,-1.755666,0,11.65373,84.6,82.8,33.76550906,,33.77271769,,-11.7,-11.8,-30,-11.9316,-11.824,-1.8407,,-1.42897828,,264,10,254,3.2,15.6,22,14.9,21.4,,,277.16,-0.56
underway_1200.34051283,34051283,201011040,2011-04-03T16:20:00,20110403162000,MULTIPOINT ((-66.7942 79.5621)),79.5621,-66.7942,199.5,201.682,202.29125977,,9.8,1.15,0,0.71,-0.23,,,990.17,,,27.09919259,,40.91,4.354,1.0004,4.056,284.90670351,370.09,,-8,213.4057,216.4986,,,,1.913259,2.157529,-1.838275,-1.755763,-204.9826,11.6436,85.1,82.6,33.79511587,,33.81366166,,-11.6,-11.7,-30,-11.8308,-11.8286,-1.8304,,-1.2579795,,257,32.1,260,32.7,14.9,21.8,13.8,20.5,,,0,-0.66
underway_1200.34051403,34051403,201011040,2011-04-03T16:40:00,20110403164000,MULTIPOINT ((-66.8414 79.5345)),79.5345,-66.8414,211.5,214.156,215.60668945,,8,0.62,0,0.93,0,,,990.4,,,27.04676726,,41.02,-2.077,0.9184,4.05,283.30073132,367.92,,-8,235.1152,237.1151,,,,1.913259,1.849341,-1.838275,-1.755825,0,11.6301,85.5,83,33.73126791,,33.74606862,,-11.3,-11.3,-30,-11.4492,-11.5181,-1.843,,-1.26190519,,255,25.1,253,22.8,15.4,21.9,14.2,20.9,,,0,-0.69
underway_1200.34051523,34051523,201011040,2011-04-03T17:00:00,20110403170000,MULTIPOINT ((-66.8793 79.4995)),79.4995,-66.8793,201.9,204.158,205.68603516,,8.3,0.56,0,0.5,0,,,990.46,,,27.17346051,,40.98,2.892,0.8282,4.053,283.23030025,367.86,,-8,238.466,239.8499,,,,1.913259,1.849359,-1.838275,-1.755761,-204.9824,11.6301,87.1,83.6,33.8437962,,33.88122933,,-11,-11.1,-30,-11.121,-11.11,-1.8443,,-1.22756381,,253,30.5,256,32.1,16.6,22.8,15.6,21.5,,,5559.2,-0.64
underway_1200.34051643,34051643,201011040,2011-04-03T17:20:00,20110403172000,MULTIPOINT ((-66.9244 79.4517)),79.4517,-66.9244,202.9,203.539,205.04882812,,8.7,0.4,0,0.79,0,,,990.64,,,27.15051878,,40.96,6.478,0.6806,4.055,283.51821557,368.35,,-8,236.8123,240.2543,,,,1.913259,1.849362,0,-1.755711,0,11.6301,87,84,33.77956352,,33.78431525,,-11,-11,-30,-11.032,-11.011,-1.8385,,-1.1697172,,246,27.6,245,26,18.2,25.2,16.7,23.9,,,3960.81,-0.62
underway_1200.34051763,34051763,201011040,2011-04-03T17:40:00,20110403174000,MULTIPOINT ((-66.968 79.4047)),79.4047,-66.968,201.9,203.702,205.04882812,,8.2,0.54,0,0.76,0,,,990.78,,,27.18547713,,40.95,4.697,0.8446,4.056,283.73769488,368.96,,-8,201.2832,205.4345,,,,1.594383,2.15757,0,0,0,11.6301,87,83.6,33.92590569,,33.92556492,,-11,-11,-30,-11.0914,-11.1091,-1.8368,,-1.25209142,,248,29.2,247,27.9,18.6,24.9,17.2,23.6,,,5372.16,-0.65
underway_1200.34051883,34051883,201011040,2011-04-03T18:00:00,20110403180000,MULTIPOINT ((-67.0117 79.3573)),79.3573,-67.0117,203.8,204.5,205.41137695,,8.5,0.46,0,1.14,0,,,990.85,,,27.28049807,,41.05,5.399,0.7216,4.077,281.07661487,365.76,,-8,223.0998,225.3226,,,,1.913259,2.465782,-1.838275,-1.755757,0,11.6301,88.2,84.6,34.00963166,,34.01151601,,-10.8,-10.9,-30,-10.9334,-10.9796,-1.8392,,-1.21285191,,251,30.9,253,31.4,18.3,24.9,17,23.5,,,5465.5,-0.6
underway_1200.34052003,34052003,201011040,2011-04-03T18:20:00,20110403182000,MULTIPOINT ((-67.0553 79.3087)),79.3087,-67.0553,203,205.366,205.8013916,,8.8,0.46,0,1.37,0,,,991.04,,,27.25645677,,40.92,3.931,0.41,4.056,283.10538737,367.91,,-8,208.0119,213.5111,,,,1.913259,1.849313,-1.838275,-1.755684,0,11.62336,88.7,85.5,33.83546012,,33.82539687,,-10.4,-10.5,-30,-10.6782,-10.712,-1.8631,,-1.07766644,,244,24.7,241,22.3,17.9,25.2,16.5,24,,,250.37,-0.53
underway_1200.34052123,34052123,201011040,2011-04-03T18:40:00,20110403184000,MULTIPOINT ((-67.0978 79.261)),79.261,-67.0978,202.8,203.652,204.45007324,,7.7,0.88,0,1.62,0,,,991.23,,,27.26520572,,40.88,3.542,0.7134,4.056,284.48216716,370.06,,-8,175.5889,178.8536,,,,1.913259,1.849313,-1.838275,-1.755702,0,11.6301,88.9,85.8,33.98159879,,33.97825579,,-10.4,-10.4,-30,-10.7173,-10.7709,-1.8387,,-1.20206541,,246,26.6,245,25,14.7,21,13.4,19.8,,,0,-0.61
underway_1200.34052243,34052243,201011040,2011-04-03T19:00:00,20110403190000,MULTIPOINT ((-67.1375 79.217)),79.217,-67.1375,203.5,204.7,205.85083008,,8.2,0.68,0,1.51,0,,,991.43,,,27.12759377,,40.9,3.95,0.9184,4.057,284.98507938,370.52,,-8,177.7169,181.8503,,,,1.913259,1.849292,-1.838275,-1.755756,0,11.62336,87.4,84.5,33.89941478,,33.9005782,,-10,-10,-30,-10.4441,-10.5636,-1.8467,,-1.3001938,,245,25.9,243,23.4,16.5,23.2,15.1,22,,,253.02,-0.67
underway_1200.34052363,34052363,201011040,2011-04-03T19:20:00,20110403191959,MULTIPOINT ((-67.1812 79.1678)),79.1678,-67.1812,204.2,204.322,205.58166504,,9,0.68,0,1.91,0,,,992.01,,,27.16362956,,40.81,7.042,0.615,4.058,286.1408271,371.86,,-8,174.6124,177.9412,,,,1.913259,1.540985,-1.838275,-1.755616,0,11.6301,78.5,73.9,33.83807762,,33.85550823,,-10.1,-10,-30,-10.4636,-10.4685,-1.8409,,-1.21677474,,198,355.8,180,347.8,6.8,15.8,7.2,15.8,,,277.36,-0.61
underway_1200.34052483,34052483,201011040,2011-04-03T19:40:00,20110403194000,MULTIPOINT ((-67.2269 79.1167)),79.1167,-67.2269,202.7,204.478,205.68603516,,9.2,0.46,0,1.93,0,,,992.28,,,27.20731535,,40.78,,0.5494,,286.17531281,371.83,,-8,174.6524,177.9757,,,,1.913259,1.849062,-1.838275,-1.755583,204.9616,11.6301,75.9,72.5,33.86992603,,33.87436542,,-10,-10,-30,-10.4538,-10.4608,-1.8494,,-1.18049806,,184,348,171,341.2,8.6,17.6,9.3,17.8,,,290.59,-0.57
underway_1200.34052603,34052603,201011040,2011-04-03T20:00:00,20110403200000,MULTIPOINT ((-67.2739 79.0618)),79.0618,-67.2739,203.5,203.845,204.89501953,,9.1,0.45,0,2.08,0,,,992.54,,,27.22042107,,40.78,5.839,0.6068,4.075,286.14938102,371.78,,-8,171.5777,175.6866,,,,1.913179,2.157282,-1.838263,-1.755593,0,11.6166,73.4,69.4,33.88162488,,33.87901778,,-10.4,-10.4,-30,-10.7123,-10.7569,-1.8439,,-1.16873722,,174,344.5,167,340.5,8.4,16.9,9,17.2,,,269.57,-0.57
underway_1200.34052723,34052723,201011040,2011-04-03T20:20:00,20110403202000,MULTIPOINT ((-67.3205 79.0087)),79.0087,-67.3205,204.3,204.808,205.88928223,,9.3,0.62,0,1.95,0,,,992.97,,,27.22806453,,40.79,3.118,0.697,4.04,285.84323873,371.39,,-8,173.2186,176.2491,,,,1.913086,1.540884,-1.838237,-1.75563,0,11.6031,74.1,70.6,33.87989919,,33.86177082,,-10.3,-10.4,-30,-10.8044,-10.8825,-1.8394,,-1.14424264,,178,347.5,166,341.1,6.8,15.7,7.7,16,,,711.17,-0.56
underway_1200.34052843,34052843,201011040,2011-04-03T20:40:00,20110403204000,MULTIPOINT ((-67.3659 78.9561)),78.9561,-67.3659,203.9,204.117,205.08728027,,8.9,0.72,0,1.87,0,,,993.37,,,27.10901719,,40.79,4.903,0.6888,4.061,286.720364,372.42,,-8,171.2008,175.3745,,,,1.912966,1.849166,-1.83814,-1.755635,0,11.59973,69.8,66.2,33.7503363,,33.75951291,,-10.6,-10.6,-30,-11.0528,-11.0972,-1.851,,-1.19814352,,174,345.5,165,340.4,7.3,15.7,8.1,16,,,906.39,-0.61
underway_1200.34052963,34052963,201011040,2011-04-03T21:00:00,20110403210000,MULTIPOINT ((-67.4086 78.8977)),78.8977,-67.4086,209.5,209.072,210.21789551,,8.8,0.73,0,2.02,0,,,993.74,,,27.05223722,,40.9,6.29,0.8036,4.044,285.65521075,371.19,,-8,171.7306,176.1026,,,,1.912944,1.849246,-1.838188,-1.755608,0,11.58623,69.5,67.1,33.86222651,,33.86931491,,-10.7,-10.7,-30,-11.1702,-11.182,-1.8519,,-1.36406093,,161,337,157,333.5,7.6,15,8.5,15.5,,,826.21,-0.72
underway_1200.34053083,34053083,201011040,2011-04-03T21:20:00,20110403212000,MULTIPOINT ((-67.4551 78.8284)),78.8284,-67.4551,209.4,208.923,209.93774414,,10,0.75,0,1.73,0,,,994.13,,,27.21386907,,40.73,6.602,0.7134,4.048,287.45934996,373.73,,-8,173.8752,177.6619,,,,1.912937,2.157452,-1.838023,-1.755646,0,11.5761,69,67.6,33.88518551,,33.88779404,,-10.6,-10.5,-30,-11.14,-11.0627,-1.8557,,-1.18441884,,136,330.4,136,327.5,6.9,13.7,7.9,14.4,,,522.96,-0.6
underway_1200.34053203,34053203,201011040,2011-04-03T21:40:00,20110403214000,MULTIPOINT ((-67.503 78.757)),78.757,-67.503,210.3,209.859,210.73974609,,9.7,0.82,0,2.09,0,,,994.41,,,27.23571442,,40.8,5.945,0.7052,4.05,285.95618773,371.99,,-8,174.2416,178.7798,,,,1.912934,1.849284,-1.837972,-1.755717,-204.9772,11.5896,65.8,65,33.95490777,,33.92665148,,-10.5,-10.4,-30,-11.0508,-10.7888,-1.8556,,-1.19226114,,128,322.9,131,322.1,8.1,13.5,8.8,14.2,,,451.58,-0.6
underway_1200.34053323,34053323,201011040,2011-04-03T22:00:00,20110403220000,MULTIPOINT ((-67.5503 78.6856)),78.6856,-67.5503,210,209.255,210.10253906,,9.7,0.71,0,1.93,0,,,994.88,,,27.24663973,,40.8,5.743,0.6642,4.051,286.26843425,372.31,,-8,172.2257,175.9466,,,,1.912935,1.849311,-1.837971,-1.755727,0,11.55586,64.1,64,33.97355044,,33.97951064,,-10.6,-10.5,-30,-11.0509,-10.6922,-1.8586,,-1.22560202,,138,329.4,138,327.3,7.4,13.9,8.2,14.5,,,429,-0.63
underway_1200.34053443,34053443,201011040,2011-04-03T22:20:00,20110403222000,MULTIPOINT ((-67.5983 78.6125)),78.6125,-67.5983,210.2,209.073,209.84436035,,10.4,0.64,0,1.82,0,,,995.33,,,27.20405941,,40.87,2.77,0.8118,4.043,285.6239338,372.06,,-8,174.7247,177.2702,,,,1.912935,2.157503,-1.837971,-1.755678,0,11.52211,64.7,65.4,34.13607144,,34.1372362,,-10.4,-10.3,-30,-10.9325,-10.6318,-1.856,,-1.41520223,,116,320.6,120,320.3,8.2,12.8,8.8,13.6,,,412.42,-0.72
underway_1200.34053563,34053563,201011040,2011-04-03T22:40:00,20110403224000,MULTIPOINT ((-67.647 78.5383)),78.5383,-67.647,209.1,208.979,209.91027832,,10.4,0.53,0,1.88,0,,,995.76,,,27.32637192,,40.73,4.68,0.6724,4.061,286.98023478,373.5,,-8,173.6717,177.3614,,,,1.912935,2.157498,-1.837971,-1.75559,0,11.5086,61.3,61.7,34.04733548,,34.06670175,,-10.2,-10.2,-30,-10.6969,-10.3484,-1.8494,,-1.20598756,,134,325.8,136,325.3,8.5,15,9.2,15.8,,,468.48,-0.59
underway_1200.34053683,34053683,201011040,2011-04-03T23:00:00,20110403230000,MULTIPOINT ((-67.6974 78.4631)),78.4631,-67.6974,209.7,209.593,210.54199219,,9.6,0.38,0,1.88,0,,,995.99,,,27.32964659,,40.74,6.388,0.6068,4.055,287.11227933,373.44,,-8,171.9824,175.1703,,,,1.91291,2.465706,-1.837971,-1.755672,204.972,11.44111,59.4,60.6,34.00755077,,34.04440494,,-10.3,-10.2,-30,-10.6171,-10.3579,-1.8607,,-1.18245842,,111,307.6,117,311.1,10.2,12.9,10.3,13.8,,,698.88,-0.61
underway_1200.34053803,34053803,201011040,2011-04-03T23:20:00,20110403232000,MULTIPOINT ((-67.7479 78.3879)),78.3879,-67.7479,209.8,209.902,210.98144531,,10.5,0.54,0,1.78,0,,,996.5,,,27.32091187,,40.84,,0.5412,,284.90173473,370.95,,-8,172.1494,176.2637,,,,1.912882,1.849202,-1.837971,-1.755658,204.9704,11.41411,59.1,60.3,34.08494147,,34.07484734,,-10.2,-10.1,-30,-10.5764,-10.3529,-1.8603,,-1.21971703,,117,316.6,121,317.3,9.1,13.5,9.4,14.2,,,704.26,-0.6
underway_1200.34053923,34053923,201011040,2011-04-03T23:40:00,20110403234000,MULTIPOINT ((-67.8016 78.3076)),78.3076,-67.8016,209.1,208.571,209.68505859,,10.5,0.4,0,1.71,0,,,996.89,,,27.24445109,,40.64,4.649,0.5904,4.03,289.18309836,376.14,,-8,172.1122,176.2709,,,,1.912724,1.849048,-1.837944,-1.755542,-204.9568,11.42423,58,58.9,33.94724702,,33.92307217,,-10.2,-10.1,-30,-10.5859,-10.3528,-1.859,,-1.17853776,,91,302.4,97,307.2,10.1,10.6,9.7,11.4,,,0,-0.61
underway_1200.34054043,34054043,201011040,2011-04-04T00:00:00,20110404000000,MULTIPOINT ((-67.8681 78.2251)),78.2251,-67.8681,203.2,201.811,202.80761719,,14,0.63,0,1.81,0,,,997.28,,,27.29577795,,40.47,6.639,0.3936,4.065,291.68735871,379.13,,-8,173.9306,176.1498,,,,1.912712,1.849056,-1.837961,-1.755538,0,11.41411,61.2,61.2,33.8843517,,33.8846844,,-10.2,-10.2,-30,-10.634,-10.3824,-1.8547,,-1.08255931,,110,333.5,112,331.1,6.8,15.1,7.7,15.7,,,5059.36,-0.53
underway_1200.34054163,34054163,201011040,2011-04-04T00:20:00,20110404002000,MULTIPOINT ((-67.9372 78.1441)),78.1441,-67.9372,203.6,202.733,203.88427734,,13.3,0.63,0,1.31,0,,,997.78,,,27.33947384,,40.74,3.43,0.4674,4.053,286.60218161,372.77,,-8,173.4275,178.0718,,,,1.912639,1.849005,-1.83797,-1.755642,0,11.41411,59.6,59.6,34.02444549,,34.01887696,,-10.4,-10.3,-30,-10.7566,-10.4376,-1.852,,-1.14816112,,87,321.1,91,321.3,8.5,12.2,8.6,12.8,,,0,-0.57
underway_1200.34054283,34054283,201011040,2011-04-04T00:40:00,20110404004000,MULTIPOINT ((-68.0051 78.0644)),78.0644,-68.0051,204.6,202.72,203.56567383,,13.7,0.31,0,0.77,0,,,997.99,,,27.3274653,,40.9,6.147,0.5576,4.045,283.99315221,369.76,,-8,173.3193,177.8332,,,,1.91262,2.465338,-1.8378,-1.755549,0,11.40061,60.5,60.9,34.08346927,,34.08273333,,-10.4,-10.3,-30,-10.7848,-10.496,-1.8557,,-1.21873625,,81,311.6,86,314.1,10.9,12,10.6,12.8,,,0,-0.62
underway_1200.34054403,34054403,201011040,2011-04-04T01:00:00,20110404010000,MULTIPOINT ((-68.0744 77.9824)),77.9824,-68.0744,203.6,202.656,203.2800293,,13.6,0.96,0,0.49,0,,,998.36,,,27.41483742,,40.84,3.916,0.4346,4.049,284.32926619,370.14,,-8,173.3614,177.5124,,,,2.550152,2.46534,-1.837847,-1.755556,0,11.38711,59.4,59.5,34.07870469,,34.08873406,,-10.3,-10.3,-30,-10.7746,-10.5743,-1.8508,,-1.11877858,,66,312.9,69,313.7,10,9.1,9.9,9.7,,,0,-0.55
underway_1200.34054523,34054523,201011040,2011-04-04T01:20:00,20110404012000,MULTIPOINT ((-68.135 77.909)),77.909,-68.135,203.6,202.618,203.50524902,,13,0.56,0,0,-0.62,,,998.82,,,27.38643862,,40.7,6.216,0.4674,,287.32198572,373.94,,-8,175.3788,179.2647,,,,5.100308,4.930667,0,0,0,11.36011,61.5,61.1,34.04760421,,34.05205792,,-10.3,-10.2,-30,-10.7747,-10.6719,-1.8562,,-1.12073698,,69,288.2,75,294.5,13.7,10.2,13.1,11.3,,,494.59,-0.57
underway_1200.34054643,34054643,201011040,2011-04-04T01:40:00,20110404014000,MULTIPOINT ((-68.2058 77.8229)),77.8229,-68.2058,203.1,203.568,204.16442871,,14.8,0.8,0,0,-0.27,,,999.2,,,27.36568213,,40.39,6.217,0.6396,4.051,293.2726399,381.48,,-8,174.614,179.7775,,,,13.70707,13.25116,7.35092,8.777682,0,11.34661,59.2,59.6,33.98550163,,33.9791836,,-10.5,-10.4,-30,-10.7158,-10.8095,-1.8572,,-1.0815807,,70,313.6,74,315.8,10.5,10.8,10.1,11.6,,,544.33,-0.55
underway_1200.34054763,34054763,201011040,2011-04-04T02:00:00,20110404020000,MULTIPOINT ((-68.2767 77.737)),77.737,-68.2767,204.8,203.315,203.89526367,,14.3,0.87,0,0.37,0,,,999.56,,,27.37769832,,40.61,4.291,0.5494,4.053,288.89212901,375.89,,-8,176.8246,179.7775,,,,29.64552,28.96765,18.37667,8.777682,-204.9562,11.33311,54.6,54.8,34.01860613,,34.01228152,,-10.4,-10.4,-30,-10.4233,-10.8095,-1.8618,,-1.0962614,,68,299.6,72,304.5,12.9,10,12.3,10.8,,,588.92,-0.55
underway_1200.34054883,34054883,201011040,2011-04-04T02:20:00,20110404022000,MULTIPOINT ((-68.3488 77.6508)),77.6508,-68.3488,203.4,203.988,204.45556641,,15.5,0.48,0,0.14,-0.3,,,999.9,,,27.24445439,,40.53,3.591,0.5412,4.059,291.62641192,379.18,,-8,178.2173,180.853,,,,53.23442,47.76581,36.75331,15.79983,204.9562,11.31961,53.5,53.8,33.92186475,,33.96536305,,-10.2,-10.2,-30,-10.0848,-10.8095,-1.862,,-1.21579401,,65,298.9,70,304.7,13.7,10.6,12.8,11.5,,,567.92,-0.63
underway_1200.34055003,34055003,201011040,2011-04-04T02:40:00,20110404024000,MULTIPOINT ((-68.4224 77.5618)),77.5618,-68.4224,205,203.017,203.65905762,,13.5,0.56,0,0.47,-0.15,,,1000.25,,,27.30452167,,40.52,5.822,0.5084,4.06,291.2475891,378.84,,-8,184.5801,188.5507,,,,102.6436,81.97229,75.34429,31.59965,204.9562,11.30611,56.2,57.4,33.96391409,,33.96985771,,-10.2,-10.2,-30,-9.5211,-10.5055,-1.856,,-1.14718148,,99,316,103,316.6,11,14.8,11.3,15.8,,,0,-0.59
underway_1200.34055123,34055123,201011040,2011-04-04T03:00:00,20110404030000,MULTIPOINT ((-68.4791 77.5078)),77.5078,-68.4791,195.1,194.396,195.34790039,,14,0.59,0,0.21,-0.26,,,1000.82,,,27.35584961,,40.47,5.762,0.4428,4.055,291.22884534,378.65,,-8,194.8161,197.4739,,,,168.6288,127.8891,121.2859,63.20017,0,11.28586,54.4,54.7,33.9280638,,33.93802786,,-10.5,-10.5,-30,-9.4832,-10.4275,-1.8555,,-1.05712061,,100,325,103,323.6,9.2,16.1,10,16.9,,,556.8,-0.5
underway_1200.34055243,34055243,201011040,2011-04-04T03:20:00,20110404032000,MULTIPOINT ((-68.5327 77.5681)),77.5681,-68.5327,120.6,116.538,117.97668457,,10.6,0.77,0,0.65,-0.67,,,1001.19,,,26.88077814,,40.57,3.126,0.9266,4.053,291.81087444,378.98,,-8,194.5394,200.3052,,,,145.973,143.6056,88.20795,80.75469,0,11.27911,47.4,47.8,33.75895586,,33.80355777,,-10.9,-10.9,-30,-10.0373,-10.2622,-1.849,,-1.51465562,,92,349.8,78,342.9,8.3,18.2,9.2,18.4,,,0,-0.68
underway_1200.34055363,34055363,201011040,2011-04-04T03:40:00,20110404034000,MULTIPOINT ((-68.5521 77.7112)),77.7112,-68.5521,120.9,124.249,125.6451416,,8.2,0.96,0,0.32,-0.05,,,1001.58,,,27.35694918,,40.43,8.858,0.9348,4.052,291.95476491,379.95,,-8,205.1514,209.327,,,,163.1795,164.5609,90.04562,94.79897,0,11.29261,52.2,51.8,34.06028972,,34.03280827,,-11.5,-11.6,-30,-10.8896,-10.9475,-1.8563,,-1.13934489,,120,354.6,105,347.1,8.7,16.9,8.8,16.8,,,0,-0.52
underway_1200.34055483,34055483,201011040,2011-04-04T04:00:00,20110404035959,MULTIPOINT ((-68.5843 77.8047)),77.8047,-68.5843,182.4,181.758,182.5982666,,3.8,0.74,0,0.01,-0.15,,,1001.94,,,27.10464516,,40.49,,0.492,4.057,292.39577882,379.38,,-8,215.5045,219.132,,,,199.8648,197.8429,110.2599,101.8233,-204.9606,11.28586,46.8,47.6,33.7164001,,33.71262419,,-12.1,-12,-30,-11.5654,-11.445,-1.8494,,-1.16187776,,103,300.7,110,305.2,9.3,10.7,9.9,11.6,,,0,-0.59
underway_1200.34055603,34055603,201011040,2011-04-04T04:20:00,20110404042000,MULTIPOINT ((-68.5965 77.808)),77.808,-68.5965,168.9,165.382,167.26135254,,0,0.75,0,0,-0.32,,,1002.18,,,27.42465628,,40.28,6.644,0.533,4.079,293.815759,381.92,,-8,218.1137,220.7357,,,,167.6724,164.8882,86.3703,84.27001,0,11.26561,52,52.9,33.95862099,,33.95453548,,-11.9,-11.7,-30,-11.6677,-11.5798,-1.8078,,-0.98868373,,106,298.6,110,302.9,8.5,8.5,9.5,9.5,,,41.53,-0.41
underway_1200.34055723,34055723,201011040,2011-04-04T04:40:00,20110404044000,MULTIPOINT ((-68.5965 77.808)),77.808,-68.5965,168.9,165.514,168.63464355,,0,0.69,0,0,-0.31,,,1002.48,,,27.4639786,,40.28,7.973,0.6478,4.053,293.43900199,381.78,,-8,223.9167,225.5186,,,,219.9504,222.5241,113.9353,112.3678,0,11.26561,54,54.2,34.01814769,,34.01260945,,-11.7,-11.6,-30,-11.728,-11.4606,-1.8038,,-0.99259237,,96,287.2,105,296.3,7.2,7.2,8.1,8.1,,,42,-0.39
underway_1200.34055843,34055843,201011040,2011-04-04T05:00:00,20110404050000,MULTIPOINT ((-68.5965 77.8079)),77.8079,-68.5965,168.9,165.401,169.43664551,,0,0.49,0,0,-0.59,,,1002.71,,,27.48691594,,40.27,2.91,0.6068,,293.35679438,381.67,,-8,240.7803,243.1723,,,,254.0587,253.6299,132.3119,119.3803,0,11.27911,51,51.7,34.03504603,,34.03615397,,-11.1,-11,-30,-11.05,-10.8235,-1.8471,,-0.98575241,,94,285,103,293.1,5.7,5.7,6.4,6.4,,,42.11,-0.37
underway_1200.34055963,34055963,201011040,2011-04-04T05:20:00,20110404052000,MULTIPOINT ((-68.5964 77.808)),77.808,-68.5964,195.2,165.474,169.50805664,,0,0.75,0,0,-0.63,,,1003.06,,,27.48691376,,40.26,5.871,0.6478,4.064,293.38162423,381.59,,-8,213.123,214.08,,,,233.3387,225.2699,117.6106,112.3556,0,11.27911,50.3,50.5,34.00477608,,34.00847727,,-11.2,-11.1,-30,-10.912,-10.574,-1.8318,,-0.96133014,,108,298.2,112,302.5,7.9,7.9,8.6,8.6,,,42.24,-0.35
underway_1200.34056083,34056083,201011040,2011-04-04T05:40:00,20110404054000,MULTIPOINT ((-68.5965 77.808)),77.808,-68.5965,172,165.444,168.96972656,,0,0.67,0,0,-0.41,,,1003.34,,,27.50220673,,40.25,7.211,0.5248,4.058,293.37514243,381.41,,-8,188.3224,195.6038,,,,408.6615,141.4484,233.3836,245.7752,0,11.27911,41.7,43.2,34.04150538,,34.04150538,,-9.8,-10.2,-30,-9.1059,-10.3593,-1.8358,,-0.97207475,,89,280.2,100,291,6.4,6.4,7.2,7.2,,,42.21,-0.34
underway_1200.34056203,34056203,201011040,2011-04-04T06:00:00,20110404055959,MULTIPOINT ((-68.5964 77.808)),77.808,-68.5964,65.5,165.458,168.51928711,,0,0.76,0,0,-0.53,,,1003.47,,,27.48582269,,40.26,5.714,0.4756,4.06,293.092731,381.1,,-8,185.0111,179.8467,,,,451.0479,506.0094,259.1109,293.1746,0,11.25211,41.6,42.7,34.02580254,,34.02248083,,-10,-10.1,-30,-8.452,-9.2284,-1.8381,,-0.97500542,,104,295.5,108,299.5,5.5,5.5,6.1,6.1,,,42.22,-0.33
underway_1200.34056323,34056323,201011040,2011-04-04T06:20:00,20110404062000,MULTIPOINT ((-68.5964 77.8079)),77.8079,-68.5964,65.5,165.43,168.3215332,,0,0.46,0,0,-0.57,,,1003.64,,,27.47926959,,40.27,8.86,0.4756,4.056,292.66734696,380.76,,-8,185.9724,192.9323,,,,460.8593,504.4686,268.2992,291.4191,0,11.23861,42.2,43.1,34.0201846,,34.02129191,,-9.8,-10.1,-30,-8.7034,-8.9274,-1.8322,,-0.9818442,,95,286.4,103,294.4,6.4,6.4,7.1,7.1,,,42.26,-0.31
underway_1200.34056443,34056443,201011040,2011-04-04T06:40:00,20110404064000,MULTIPOINT ((-68.5964 77.8079)),77.8079,-68.5964,65.5,165.491,168.28308105,,0,0.45,0,0,-0.4,,,1003.81,,,27.49346747,,40.26,7.107,0.5166,4.056,292.51618462,380.51,,-8,188.9451,190.8164,,,,465.8953,515.8707,275.6498,305.4557,0,11.2299,40.8,42.5,34.01447587,,34.01741212,,-9.3,-9.8,-30,-8.4752,-8.406,-1.8427,,-0.96133014,,86,277.4,102,293.6,6.1,6.1,6.8,6.8,,,43.16,-0.28
underway_1200.34056563,34056563,201011040,2011-04-04T07:00:00,20110404070000,MULTIPOINT ((-68.5964 77.8079)),77.8079,-68.5964,65.5,165.479,168.35449219,,0,0.8,0,0,-0.28,,,1003.89,,,27.50111226,,40.24,7.98,0.492,,292.55394801,380.25,,-8,183.9456,189.9476,,,,467.795,514.8998,282.9878,308.9276,0,11.22528,44.7,45.9,34.01234856,,34.01234856,,-10.1,-10.4,-30,-7.7494,-8.359,-1.8496,,-0.94765788,,136,327.2,134,325.4,5.4,5.4,5.7,5.7,,,42.23,-0.25
underway_1200.34056683,34056683,201011040,2011-04-04T07:20:00,20110404072000,MULTIPOINT ((-68.5964 77.808)),77.808,-68.5964,178.9,165.534,168.43139648,,0,0.61,0,0,-0.59,,,1004.15,,,27.49237693,,40.25,7.309,0.4838,4.063,292.54285966,380.5,,-8,187.1818,191.7235,,,,463.9708,501.5553,282.9617,298.3914,0,11.23491,42,42.5,34.03657541,,34.03806554,,-10.1,-9.8,-30,-8.1779,-8.449,-1.8433,,-0.98086718,,117,308.5,119,310.5,6.2,6.2,6.7,6.7,,,42.8,-0.27
underway_1200.34056803,34056803,201011040,2011-04-04T07:40:00,20110404074000,MULTIPOINT ((-68.5964 77.808)),77.808,-68.5964,178.9,165.354,168.35998535,,0,0.74,0,0,-0.6,,,1004.44,,,27.49674547,,40.25,,0.4346,4.055,292.43325249,380.45,,-8,191.9471,194.2156,,,,454.411,476.5801,273.7761,291.3704,0,11.22145,42.1,43.5,34.03184198,,34.03627156,,-9.1,-9.2,-30,-8.0041,-8.1123,-1.8309,,-0.97402852,,94,285.2,101,292.9,3.3,3.3,3.7,3.7,,,42.79,-0.26
underway_1200.34056923,34056923,201011040,2011-04-04T08:00:00,20110404080000,MULTIPOINT ((-68.5965 77.808)),77.808,-68.5965,190.5,165.403,168.25012207,,0,0.72,0,0,-0.51,,,1004.83,,,27.5022063,,40.24,6.405,0.4592,4.057,292.37941578,380.14,,-8,186.3164,193.003,,,,437.8406,457.7804,268.2577,277.3284,0,11.22458,35.3,37.1,34.03635034,,34.03596809,,-9,-8.4,-30,-7.6678,-7.3827,-1.8192,,-0.96719061,,73,265,87,278.8,6.2,6.2,6.9,6.9,,,42.93,-0.24
underway_1200.34057043,34057043,201011040,2011-04-04T08:20:00,20110404082000,MULTIPOINT ((-68.5965 77.808)),77.808,-68.5965,190.5,0,167.71179199,,0,0,0,0,0,,,1005.02,,,27.51531168,,40.22,5.879,0.4264,4.055,292.54573373,380.29,,-8,188.2974,188.9197,,,,415.5343,435.2917,249.8786,263.2865,0,11.22124,35.5,35.1,34.03059409,,34.02727542,,-9.4,-8.7,-30,-7.6769,-6.8272,-1.7747,,-0.94375207,,68,260.6,87,279.6,3.7,3.7,4.1,4.1,,,42.97,-0.22
underway_1200.34057163,34057163,201011040,2011-04-04T08:40:00,20110404084000,MULTIPOINT ((-68.5964 77.808)),77.808,-68.5964,170.3,164.691,167.40966797,,0,0.63,0,0,-0.57,,,1005.28,,,27.52077366,,40.2,,0.4182,4.052,292.91067701,380.86,,-8,190.481,193.6033,,,,387.8108,358.8923,229.6537,143.9235,0,11.22081,35.7,37.2,34.04357107,,34.04135734,,-8.9,-8.1,-30,-7.164,-6.7383,-1.8085,,-0.94961087,,51,244,51,244,1.5,1.5,1.2,1.2,,,42.67,-0.22
underway_1200.34057283,34057283,201011040,2011-04-04T09:00:00,20110404090000,MULTIPOINT ((-68.5965 77.808)),77.808,-68.5965,189.3,164.725,167.40966797,,0,0.73,0,0,-0.47,,,1005.49,,,27.52514345,,40.2,5.568,0.5084,4.059,293.01353408,380.95,,-8,187.5654,194.5972,,,,354.9556,364.1294,213.0998,221.131,0,11.21942,35.2,37.2,34.05135941,,34.05506333,,-8.8,-7.8,-30,-6.9045,-6.508,-1.8228,,-0.95644684,,96,288.8,107,300,0.7,0.7,1,1,,,42.54,-0.23
underway_1200.34057403,34057403,201011040,2011-04-04T09:20:00,20110404092000,MULTIPOINT ((-68.5964 77.808)),77.808,-68.5964,190.1,165.099,167.81616211,,0,0.98,0,0.33,-0.05,,,1005.75,,,27.51749417,,40.18,5.639,0.5248,4.07,292.92352564,380.7,,-8,180.0097,186.0803,,,,301.0383,317.3039,187.3797,203.5779,0,11.23146,46.7,46.1,33.9993069,,34.0037242,,-9.8,-9.7,-30,-7.0227,-5.9899,-1.8329,,-0.9203224,,158,349.9,154,346.1,7,7,7,7,,,42.35,-0.18
underway_1200.34057523,34057523,201011040,2011-04-04T09:40:00,20110404094000,MULTIPOINT ((-68.5964 77.8081)),77.8081,-68.5964,190.1,165.257,168.20617676,,0,0.71,0,0.27,0,,,1005.98,,,27.52077209,,40.17,1.451,0.4428,4.054,293.32032262,381.24,,-8,171.2767,180.1791,,,,104.4856,260.6205,34.90406,175.4977,0,11.24453,42,41.7,34.01774817,,34.02144683,,-9.9,-9.6,-30,-8.8517,-6.8628,-1.8333,,-0.93203613,,131,322.8,130,322.1,6.2,6.2,6.7,6.7,,,42.5,-0.2
underway_1200.34057643,34057643,201011040,2011-04-04T10:00:00,20110404100000,MULTIPOINT ((-68.5964 77.808)),77.808,-68.5964,236.3,0,168.30505371,,0,0,0,0,0,,,1006.29,,,27.52186639,,40.2,5.061,0.5002,4.062,292.65897435,380.71,,-8,175.5537,185.1933,,,,96.20319,211.3265,29.3929,150.9257,0,11.21766,46.6,47.2,34.04838127,,34.04838127,,-9.9,-9.7,-30,-10.0052,-7.7064,-1.836,,-0.95449363,,138,329.5,136,327.7,6.4,6.4,6.7,6.7,,,42.41,-0.2
underway_1200.34057763,34057763,201011040,2011-04-04T10:20:00,20110404102000,MULTIPOINT ((-68.5964 77.808)),77.808,-68.5964,236.3,0.051,168.29956055,,0,0,0,0,0,,,1006.56,,,27.53060273,,40.2,3.681,0.4674,4.054,292.68708656,380.64,,-8,176.9278,183.9568,,,,85.37582,160.8058,25.71878,121.0948,0,11.22466,42.5,42.1,34.03594455,,34.03483859,,-10,-9.8,-30,-10.4057,-7.9987,-1.8271,,-0.93203613,,137,328.7,136,327.4,6,6,6.4,6.4,,,42.55,-0.2
underway_1200.34057883,34057883,201011040,2011-04-04T10:40:00,20110404104000,MULTIPOINT ((-68.5964 77.808)),77.808,-68.5964,206.2,165.292,168.28857422,,0,0.54,0,0,-0.36,,,1006.8,,,27.51094278,,40.22,7.165,0.492,,292.5608251,380.44,,-8,176,181.3361,,,,73.28923,106.5894,22.04614,84.23767,0,11.23303,46.2,45.1,34.02391605,,34.0246397,,-10.2,-10,-30,-10.6313,-8.1104,-1.8408,,-0.9466814,,136,328.2,135,327.2,7.5,7.5,7.9,7.9,,,42.12,-0.22
underway_1200.34058003,34058003,201011040,2011-04-04T11:00:00,20110404110000,MULTIPOINT ((-68.5964 77.8079)),77.8079,-68.5964,193.4,165.334,168.41491699,,0,0.64,0,0,-0.7,,,1006.99,,,27.5415249,,40.2,6.213,0.5412,4.059,292.68095118,380.45,,-8,175.1298,178.3554,,,,57.35893,67.15751,16.53609,49.14053,0,11.23806,47.4,47,34.03865871,,34.03976443,,-10.4,-10.2,-30,-10.8414,-9.0766,-1.8198,,-0.92325063,,135,326.8,134,325.2,7.5,7.5,7.9,7.9,,,42.14,-0.2
underway_1200.34058123,34058123,201011040,2011-04-04T11:20:00,20110404112000,MULTIPOINT ((-68.5964 77.808)),77.808,-68.5964,187.1,165.364,168.57971191,,0,0.6,0,0,-0.39,,,1007.25,,,27.51203586,,40.26,4.719,0.5494,4.062,291.98152977,379.7,,-8,176.3774,179.1736,,,,40.46996,47.13348,12.86229,29.83826,0,11.23544,49.3,48.5,34.03830073,,34.03608691,,-10.5,-10.4,-30,-11.0286,-9.6546,-1.8333,,-0.95547023,,130,321.1,131,322.9,8.3,8.3,8.9,8.9,,,42.13,-0.24
underway_1200.34058243,34058243,201011040,2011-04-04T11:40:00,20110404114000,MULTIPOINT ((-68.5964 77.8078)),77.8078,-68.5964,191,165.299,168.57971191,,0,1.02,0,0,-0.85,,,1007.5,,,27.50657345,,40.27,4.664,0.656,4.06,291.96176376,379.49,,-8,175.3988,178.1784,,,,22.9436,26.80139,7.350374,15.79715,0,11.22814,51,50,34.01315663,,34.0164737,,-10.9,-10.8,-30,-11.2662,-10.4162,-1.8055,,-0.9447285,,136,327,135,326.6,7.3,7.3,7.7,7.7,,,42.03,-0.25
underway_1200.34058363,34058363,201011040,2011-04-04T12:00:00,20110404120000,MULTIPOINT ((-68.5964 77.8079)),77.8079,-68.5964,191,165.267,168.40942383,,0,1,0,0,-0.35,,,1007.71,,,27.49237597,,40.3,3.822,0.656,4.083,291.83467178,379.57,,-8,174.7494,176.7637,,,,10.83448,11.70726,1.837663,1.755242,0,11.23171,51.7,51.5,34.02107323,,34.02588352,,-11,-10.9,-30,-11.4255,-11.0245,-1.8273,,-0.97012105,,112,303.9,116,307.5,7.6,7.6,8.3,8.3,,,41.94,-0.29
underway_1200.34058483,34058483,201011040,2011-04-04T12:20:00,20110404122000,MULTIPOINT ((-68.5964 77.808)),77.808,-68.5964,164.7,165.278,168.32702637,,0,1.01,0,0.02,-0.27,,,1007.89,,,27.50984997,,40.3,,0.5986,4.056,291.3476629,378.87,,-8,173.6689,177.4726,,,,4.461474,4.930552,0,-1.755317,0,11.21073,55.2,55.2,34.02425725,,34.01651589,,-11.4,-11.3,-30,-11.692,-11.6431,-1.8271,,-0.94082288,,119,310.4,120,311.9,7.1,7.1,7.7,7.7,,,41.85,-0.25
underway_1200.34058603,34058603,201011040,2011-04-04T12:40:00,20110404124000,MULTIPOINT ((-68.5964 77.808)),77.808,-68.5964,164.7,165.281,168.27209473,,0,0.88,0,0,-0.27,,,1008.11,,,27.50438991,,40.3,6.333,0.6314,,291.11233763,378.5,,-8,175.942,180.1189,,,,2.549634,2.46533,-1.837665,-1.755466,0,11.22502,58.4,57.7,34.02234476,,34.02677047,,-11.7,-11.7,-30,-12.1275,-12.0511,-1.8298,,-0.95644684,,112,304.1,115,306.7,7.2,7.2,7.9,7.9,,,41.72,-0.23
underway_1200.34058723,34058723,201011040,2011-04-04T13:00:00,20110404130000,MULTIPOINT ((-68.5964 77.808)),77.808,-68.5964,167.5,165.446,168.65112305,,0.5,1.02,0,0,-0.23,,,1008.25,,,27.49783706,,40.34,5.624,0.656,4.073,290.55461072,377.84,,-8,175.0553,180.2032,,,,1.912471,2.465331,-1.837665,-1.755534,0,11.21161,57.1,56.5,34.02852055,,34.028903,,-12,-11.9,-30,-12.348,-12.2965,-1.8397,,-0.96621382,,126,319.4,125,318.9,9.6,10,10.1,10.5,,,41.47,-0.25
underway_1200.34058843,34058843,201011040,2011-04-04T13:20:00,20110404132000,MULTIPOINT ((-68.5952 77.7545)),77.7545,-68.5952,300,301.016,304.46411133,,9.4,0.91,0,0,-0.17,,,1008.62,,,27.29252392,,40.58,3.257,3.1816,4.041,288.93477421,376.54,,-8,176.9007,179.5405,,,,1.912609,1.848998,-1.837665,-1.755536,0,11.19811,57.4,57.8,34.20679819,,34.17150629,,-12.2,-12,-30,-12.894,-12.73,-1.8482,,-1.33850615,,122,348.8,122,347.4,7.6,1.9,7.5,2,,,89.09,-0.54
underway_1200.34058963,34058963,201011040,2011-04-04T13:40:00,20110404134000,MULTIPOINT ((-68.5683 77.6117)),77.6117,-68.5683,294.9,296.304,297.56469727,,10.8,0.94,0,0.05,-0.17,,,1008.76,,,27.41592176,,40.38,5.243,0.5904,4.087,290.95548909,378.28,,-8,180.7652,183.7593,,,,1.275075,1.848998,-3.67533,-1.755536,0,11.24198,59.7,59.5,33.98095264,,33.98909152,,-11,-11,-30,-12.9359,-12.7508,-1.8508,,-1.02973678,,116,355.3,118,350.9,7.1,3.6,7,3.7,,,223.19,-0.34
underway_1200.34059083,34059083,201011040,2011-04-04T14:00:00,20110404140000,MULTIPOINT ((-68.5275 77.5199)),77.5199,-68.5275,336.3,340.015,339.22485352,,11,0.78,0,0,-0.39,,,1008.87,,,26.93208541,,40.49,5.328,1.1644,4.047,292.1439079,378.67,,-8,183.0008,186.6392,,,,1.912612,1.848998,-3.67533,-1.755536,0,11.30611,58.2,58.5,33.56187187,,33.55658424,,-9.9,-10,-30,-11.6275,-11.767,-1.8495,,-1.23344955,,132,22.6,138,15.9,6.2,5.9,5.9,5.7,,,377.96,-0.54
underway_1200.34059203,34059203,201011040,2011-04-04T14:20:00,20110404141959,MULTIPOINT ((-68.476 77.526)),77.526,-68.476,19.1,18.616,16.80358887,,9.8,0.75,0,0.06,-0.16,,,1008.9,,,27.2520965,,40.54,4.771,0.7708,4.057,290.34911003,377.31,,-8,180.6973,184.8732,,,,1.912612,2.465331,-1.837665,-1.755536,0,11.27911,59.8,58.7,33.92350655,,33.93022308,,-9.6,-9.7,-30,-10.4621,-10.8784,-1.8514,,-1.17559744,,139,31.9,144,31.5,4.8,8.5,4.8,8.1,,,486.06,-0.54
underway_1200.34059323,34059323,201011040,2011-04-04T14:40:00,20110404144000,MULTIPOINT ((-68.4276 77.5718)),77.5718,-68.4276,19.4,19.126,17.29797363,,9.6,0.62,0,0,-0.13,,,1008.99,,,27.18983659,,40.54,5.651,0.7626,4.054,290.09994179,376.77,,-8,178.9201,182.5719,,,,1.593844,1.848998,-1.837672,-1.755536,0,10.99561,58.9,57.4,33.82170728,,33.81051799,,-10,-10.1,-30,-10.4038,-10.6522,-1.8533,,-1.14522224,,138,37.7,143,40.4,5.6,8.5,6,8,,,0,-0.5
underway_1200.34059443,34059443,201011040,2011-04-04T15:00:00,20110404150000,MULTIPOINT ((-68.3771 77.6201)),77.6201,-68.3771,27.9,29.264,27.38891602,,10.1,0.62,0,0,-0.3,,,1009.03,,,27.28267378,,40.41,6.444,0.5658,4.061,292.24364167,379.79,,-8,179.2389,182.5719,,,,1.593844,1.848998,-1.837671,-1.755536,-204.9561,10.97536,55.2,54.6,33.89371523,,33.90219327,,-9.7,-9.9,-30,-10.3262,-10.6522,-1.8582,,-1.11388284,,139,35.2,145,37.8,6,9.8,6.3,9.2,,,583.39,-0.48
underway_1200.34059563,34059563,201011040,2011-04-04T15:20:00,20110404152000,MULTIPOINT ((-68.3295 77.6808)),77.6808,-68.3295,25.3,24.965,23.89526367,,10.4,0.96,0,0.26,-0.55,,,1009.24,,,27.06534889,,40.46,4.344,1.3694,4.049,292.42682295,380.33,,-8,179.5315,182.9731,,,,1.912679,1.848998,-3.675657,-1.755536,204.9561,10.96524,55.9,53.5,33.9630743,,33.9556821,,-9.6,-9.7,-30,-10.2529,-10.5543,-1.8457,,-1.42405791,,159,40.5,164,43.7,6.6,7.5,7.1,6.9,,,5559.32,-0.59
underway_1200.34059683,34059683,201011040,2011-04-04T15:40:00,20110404154000,MULTIPOINT ((-68.2811 77.7433)),77.7433,-68.2811,25.9,25.442,24.47753906,,9.2,1.04,0,0,-0.23,,,1009.29,,,27.18657864,,40.73,7.909,0.943,4.052,287.59063603,374.35,,-8,179.82,182.2982,,,,1.912621,2.157165,-1.837965,-1.755536,0,10.95511,54.6,54.1,34.03884805,,34.04673391,,-9.7,-9.8,-30,-10.1817,-10.4567,-1.852,,-1.35717975,,142,30.2,147,30.1,4.4,8.3,4.4,7.9,,,0,-0.64
underway_1200.34059803,34059803,201011040,2011-04-04T16:00:00,20110404160000,MULTIPOINT ((-68.2299 77.8056)),77.8056,-68.2299,24.9,26.331,24.79614258,,9.1,0.81,0,0.17,-0.1,,,1009.47,,,27.11664833,,40.37,,0.6724,4.098,293.69058909,380.62,,-8,177.3336,181.8174,,,,1.91275,1.848998,-1.837954,-1.755536,0,10.96861,52,51.4,33.55010162,,33.58720209,,-9.9,-10,-30,-10.296,-10.5739,-1.863,,-1.03560372,,124,25.7,129,22.8,4.1,9.4,3.5,8.9,,,567.04,-0.47
underway_1200.34059923,34059923,201011040,2011-04-04T16:20:00,20110404162000,MULTIPOINT ((-68.1841 77.8679)),77.8679,-68.1841,27.1,27.868,26.60888672,,8.3,0.77,0,0.34,-0.39,,,1009.56,,,27.16253864,,40.55,7.628,0.7052,,291.04338635,378.24,,-8,178.9168,183.4867,,,,1.594068,1.848998,-1.83797,-1.755536,0,10.96861,54.1,52.8,33.90038423,,33.87067762,,-10,-10,-30,-10.4011,-10.6915,-1.8542,,-1.23148757,,110,27.1,116,26.9,4.5,10,4.2,9.5,,,492.29,-0.61
underway_1200.34060043,34060043,201011040,2011-04-04T16:40:00,20110404164000,MULTIPOINT ((-68.1372 77.9301)),77.9301,-68.1372,26.3,26.129,25.10375977,,8.7,0.77,0,0.15,-0.14,,,1009.51,,,27.17891608,,40.95,6.183,0.8364,3.994,283.35774412,368.13,,-8,182.8157,187.467,,,,1.912934,2.465331,-1.83797,-1.755536,0,10.95511,55.4,53.9,33.83287796,,33.81769593,,-9.9,-10,-30,-10.4336,-10.7701,-1.8617,,-1.16481743,,147,40.7,154,45.7,5.6,7.6,6.1,7,,,494.59,-0.6
underway_1200.34060163,34060163,201011040,2011-04-04T17:00:00,20110404170000,MULTIPOINT ((-68.0912 77.9899)),77.9899,-68.0912,25.1,24.519,24.10949707,,8.5,1.1,0,0.04,-0.18,,,1009.57,,,27.12539102,,40.47,4.786,0.697,4.049,292.31797594,379.27,,-8,183.2939,185.9589,,,,1.912935,2.157165,0,-1.755536,0,10.92811,52.8,51.8,33.65862547,,33.66278457,,-10,-10.1,-30,-10.3172,-10.613,-1.8557,,-1.09234621,,132,44.1,140,49.9,6.5,9.1,7,8.4,,,581.7,-0.54
underway_1200.34060283,34060283,201011040,2011-04-04T17:20:00,20110404172000,MULTIPOINT ((-68.0443 78.0516)),78.0516,-68.0443,25.9,25.829,24.97741699,,9.1,0.62,0,0,-0.33,,,1009.78,,,27.2728548,,40.6,1.715,0.7216,4.045,289.65964129,376.91,,-8,180.6796,185.6377,,,,1.912935,2.157165,-1.83797,-1.755536,0,10.92811,50.2,48.5,34.02857443,,34.03227569,,-10.1,-10.2,-30,-10.4628,-10.6915,-1.8483,,-1.24031695,,144,44.6,150,48.9,6.6,8.5,7.1,7.9,,,5559.43,-0.6
underway_1200.34060403,34060403,201011040,2011-04-04T17:40:00,20110404174000,MULTIPOINT ((-67.9976 78.1099)),78.1099,-67.9976,25.1,26.532,25.43884277,,8.6,0.94,0,0.22,-0.12,,,1009.9,,,27.22261126,,40.48,5.316,0.6232,4.047,291.94203837,379.6,,-8,184.4322,186.8739,,,,1.594113,1.848998,-1.83797,-1.755536,0,10.95511,47,45,33.95053167,,33.9554194,,-9.9,-10,-30,-10.5309,-10.6522,-1.861,,-1.23344955,,144,41.6,151,45.1,5.9,7.8,6.3,7.2,,,0,-0.58
underway_1200.34060523,34060523,201011040,2011-04-04T18:00:00,20110404180000,MULTIPOINT ((-67.9529 78.1641)),78.1641,-67.9529,24.4,26.234,25.10925293,,8.4,1.05,0,0,-0.39,,,1009.95,,,27.22808051,,40.7,5.4,0.615,4.069,287.92946715,374.74,,-8,181.7361,186.6002,,,,1.912935,2.157165,-1.83797,-1.755536,0,10.95511,47,45.1,34.04073099,,34.06692856,,-10,-10.1,-30,-10.6969,-10.4567,-1.8572,,-1.32475026,,159,63.9,166,72.6,8,6.3,8.6,5.6,,,576.62,-0.62
underway_1200.34060643,34060643,201011040,2011-04-04T18:20:00,20110404182000,MULTIPOINT ((-67.9063 78.2212)),78.2212,-67.9063,24.9,25.636,24.82910156,,10,0.89,0,0,-0.26,,,1009.87,,,27.27722899,,40.77,5.521,0.6068,4.057,286.36348384,372.84,,-8,183.5961,185.6377,,,,1.912919,1.848998,-1.83797,-1.755536,0,10.94161,53.4,51.4,34.08446758,,34.10547326,,-10.1,-10.2,-30,-10.735,-10.6915,-1.8474,,-1.29921174,,150,39.1,155,42.3,6.3,8.2,6.7,7.6,,,0,-0.61
underway_1200.34060763,34060763,201011040,2011-04-04T18:40:00,20110404184000,MULTIPOINT ((-67.8587 78.282)),78.282,-67.8587,25.8,26.713,25.56518555,,9.9,1.16,0,0,-0.48,,,1009.91,,,27.24446822,,40.8,2.704,0.5904,4.049,286.12980418,372.54,,-8,181.419,185.6377,,,,1.912922,1.848998,-1.83797,-1.755536,0,10.94161,51.2,48.9,34.14233108,,34.14347603,,-10.1,-10.1,-30,-10.7744,-10.6915,-1.8541,,-1.37192606,,163,54.3,168,61.7,8,6.7,8.7,6.1,,,0,-0.65
underway_1200.34060883,34060883,201011040,2011-04-04T19:00:00,20110404190000,MULTIPOINT ((-67.8091 78.3445)),78.3445,-67.8091,26.1,26.349,25.71899414,,10.1,1.2,0,0,-0.44,,,1009.89,,,27.19638813,,40.8,6,0.4018,4.058,285.63496398,370.94,,-8,181.4529,183.808,,,,1.593999,1.848998,-1.837929,-1.755536,0,10.94161,49.6,48.2,33.78086322,,33.79626532,,-9.9,-10,-30,-10.7667,-10.613,-1.8598,,-1.12465397,,162,52.2,168,57.8,8,7.1,8.5,6.3,,,0,-0.54
underway_1200.34061003,34061003,201011040,2011-04-04T19:20:00,20110404192000,MULTIPOINT ((-67.7595 78.4079)),78.4079,-67.7595,27.9,28.203,27.22961426,,10.2,0.79,0,0.06,-0.18,,,1010.09,,,27.1756331,,40.73,4.667,0.5412,4.057,286.60776617,371.97,,-8,181.14,184.8834,,,,1.912775,1.848998,-1.837842,-1.755536,204.9561,10.94161,49.6,48.2,33.73632863,,33.73256031,,-10,-10.1,-30,-10.8437,-10.613,-1.8619,,-1.09332498,,171,47.1,175,53.9,7.5,6.1,8.2,5.6,,,645.89,-0.5
underway_1200.34061123,34061123,201011040,2011-04-04T19:40:00,20110404194000,MULTIPOINT ((-67.7089 78.4752)),78.4752,-67.7089,26.9,27.556,26.43859863,,11.7,0.96,0,0.04,-0.3,,,1009.99,,,27.21386076,,40.71,,0.5084,4.074,287.11693983,372.89,,-8,183.0159,185.6377,,,,1.912695,1.848998,-1.837922,-1.755536,-204.9561,10.92811,52.7,50.6,33.78709914,,33.78151537,,-10.2,-10.3,-30,-10.8779,-10.6915,-1.8557,,-1.09038871,,146,45.6,153,52.1,8.6,10.6,9.5,9.8,,,612.24,-0.52
underway_1200.34061243,34061243,201011040,2011-04-04T20:00:00,20110404200000,MULTIPOINT ((-67.6576 78.5426)),78.5426,-67.6576,26.7,28.149,26.94396973,,9.7,1.01,0,0.21,-0.01,,,1010.06,,,27.24991827,,40.82,5.66,0.656,,285.15922695,371.01,,-8,183.8165,186.2798,,,,1.912718,2.465331,-1.837912,-1.755536,0,10.94161,47.7,45.8,34.03539389,,34.00744943,,-10.2,-10.2,-30,-10.9285,-10.5348,-1.856,,-1.24620391,,172,77.1,177,87.7,10.2,6,10.9,5.4,,,503.78,-0.58
underway_1200.34061363,34061363,201011040,2011-04-04T20:20:00,20110404202000,MULTIPOINT ((-67.6087 78.6086)),78.6086,-67.6087,27.6,28.39,27.23510742,,9.7,0.92,0,0.26,-0.58,,,1010.13,,,27.22807329,,40.8,3.225,0.6806,4.053,285.79273614,371.84,,-8,184.7057,187.2349,,,,1.9127,1.848998,-3.675937,-1.755536,0,10.94161,51.7,50.8,33.97553568,,33.97407512,,-10.2,-10.3,-30,-10.957,-10.5641,-1.8626,,-1.24326036,,172,88.7,180,101.9,11.4,6.6,12.1,5.8,,,0,-0.59
underway_1200.34061483,34061483,201011040,2011-04-04T20:40:00,20110404204000,MULTIPOINT ((-67.5584 78.6751)),78.6751,-67.5584,26.9,26.904,26.3067627,,10.1,0.81,0,0,-0.31,,,1010.17,,,27.29032228,,40.73,,0.6314,4.063,286.1486939,372.16,,-8,184.6236,187.9494,,,,1.912719,1.848998,-1.837816,-1.755536,0,10.94161,55,53.1,33.94339318,,33.94817629,,-10.2,-10.3,-30,-10.9779,-10.6522,-1.8588,,-1.14522224,,171,72.7,177,81.8,10.2,6.2,10.8,5.5,,,429.31,-0.5
underway_1200.34061603,34061603,201011040,2011-04-04T21:00:00,20110404210000,MULTIPOINT ((-67.5089 78.7403)),78.7403,-67.5089,26.6,27.185,26.20239258,,9.9,1.06,0,0.16,-0.12,,,1010.21,,,27.21168912,,40.77,3.312,0.697,4.054,286.32430451,372.18,,-8,185.3567,188.5431,,,,1.912686,1.848998,-1.837952,-1.755528,0,10.92811,54.5,53.2,33.94264257,,33.94264257,,-10.3,-10.4,-30,-11.0449,-10.7701,-1.856,,-1.23541159,,184,59.2,187,71.2,8.6,3.8,9.4,3.4,,,446.21,-0.58
underway_1200.34061723,34061723,201011040,2011-04-04T21:20:00,20110404212000,MULTIPOINT ((-67.4577 78.8077)),78.8077,-67.4577,26.2,26.666,26.16394043,,10.7,0.79,0,0.06,-0.33,,,1010.15,,,27.17564695,,40.74,7.08,0.861,4.057,286.97665608,373.09,,-8,184.6747,187.6561,,,,1.912679,1.540832,-1.837891,-1.755536,204.9561,10.92811,54.6,53.2,33.90905217,,33.90982669,,-10.5,-10.6,-30,-11.2127,-10.9871,-1.8502,,-1.25012885,,178,52.4,180,59.3,8.6,5.1,9.2,4.7,,,485.38,-0.58
underway_1200.34061843,34061843,201011040,2011-04-04T21:40:00,20110404214000,MULTIPOINT ((-67.4031 78.879)),78.879,-67.4031,27,27.531,26.66931152,,11.3,0.77,0,0.32,-0.01,,,1010.09,,,27.17563638,,40.7,4.717,0.492,4.068,287.12171093,372.92,,-8,183.5168,187.842,,,,1.912622,2.157165,-1.837968,-1.755536,0,10.92811,55,53.3,33.76533176,,33.7744916,,-10.5,-10.6,-30,-11.2488,-11.2054,-1.8393,,-1.13052992,,184,60.4,186,66.1,9.9,4.4,10.3,4,,,0,-0.5
underway_1200.34061963,34061963,201011040,2011-04-04T22:00:00,20110404220000,MULTIPOINT ((-67.3497 78.9518)),78.9518,-67.3497,30.9,30.519,29.67407227,,10.7,0.88,0,0.06,-0.36,,,1010.02,,,27.16034789,,40.71,6.099,0.5576,,287.14078141,372.8,,-8,185.2805,187.6803,,,,1.912669,2.157165,-1.837874,-1.755534,0,10.91461,58.8,57.3,33.77637519,,33.78671956,,-10.5,-10.6,-30,-11.3114,-11.2452,-1.8434,,-1.15991805,,188,45.8,190,51.7,8.2,4.4,8.7,4,,,0,-0.52
underway_1200.34062083,34062083,201011040,2011-04-04T22:20:00,20110404222000,MULTIPOINT ((-67.2945 79.0259)),79.0259,-67.2945,26.4,27.116,26.05957031,,11.3,1.15,0,0,-0.29,,,1009.98,,,27.21276723,,40.7,3.877,0.5494,4.057,286.51611758,371.98,,-8,184.6332,188.8574,,,,1.91267,1.848998,-1.837884,-1.755489,0,10.91461,59.6,57.7,33.77197618,,33.76347746,,-10.5,-10.6,-30,-11.471,-11.4851,-1.8394,,-1.0757094,,197,41.4,196,48.5,9.6,2.5,9.8,2.5,,,0,-0.45
underway_1200.34062203,34062203,201011040,2011-04-04T22:40:00,20110404224000,MULTIPOINT ((-67.2383 79.1001)),79.1001,-67.2383,27.7,28.092,27.04284668,,11.9,0.81,0,0,-0.32,,,1010.12,,,27.25973271,,40.66,7.488,0.4838,4.075,286.84668834,372.43,,-8,183.7098,188.6148,,,,1.59385,1.848996,-1.837948,-1.755511,0,10.90786,57.2,55.8,33.81071826,,33.8199369,,-10.5,-10.6,-30,-11.6984,-11.5451,-1.8263,,-1.06886025,,200,66.4,200,78.4,11.3,1.7,11.7,1.5,,,270,-0.42
underway_1200.34062323,34062323,201011040,2011-04-04T23:00:00,20110404230000,MULTIPOINT ((-67.1821 79.1743)),79.1743,-67.1821,27.3,27.218,26.23535156,,11,0.6,0,0.12,-0.3,,,1010.14,,,27.10899917,,40.65,6.091,0.5002,4.059,287.843243,373.02,,-8,187.14,189.7024,,,,1.912614,1.540832,-1.8377,-1.755535,0,10.90449,60,60.7,33.55586783,,33.52976273,,-10.3,-10.3,-30,-11.8491,-11.8074,-1.8466,,-0.99356957,,207,344.4,204,78.2,11,0.1,11,0.6,,,278.02,-0.44
underway_1200.34062443,34062443,201011040,2011-04-04T23:20:00,20110404232000,MULTIPOINT ((-67.1298 79.243)),79.243,-67.1298,27.9,28.181,26.9329834,,9.6,1.02,0,0,-0.46,,,1010.1,,,27.09592081,,40.9,3.909,3.3538,3.724,285.66457631,371.28,,-8,189.4041,193.1331,,,,1.912614,1.540832,-1.837666,-1.755536,0,10.90449,62.5,62.3,33.85799894,,33.87147784,,-10.1,-10,-30,-11.7885,-11.7569,-1.8232,,-1.31296194,,208,0.2,209,353.2,9.4,0.3,9.1,0.6,,,244.6,-0.72
underway_1200.34062563,34062563,201011040,2011-04-04T23:40:00,20110404234000,MULTIPOINT ((-67.073 79.3106)),79.3106,-67.073,25.3,25.101,24.27429199,,11.6,0.83,0,0.06,-0.28,,,1010.14,,,26.96702062,,40.74,6.978,0.6068,4.056,286.26912275,370.76,,-8,187.8771,192.9968,,,,1.912614,2.15716,-1.837666,-1.755536,0,10.90111,63.8,63.4,33.42946828,,33.42023354,,-10.2,-10,-30,-11.6678,-11.5249,-1.8496,,-1.06886025,,218,234.5,221,241.3,14.2,3.9,14.2,4.4,,,237.23,-0.43
underway_1200.34062683,34062683,201011040,2011-04-05T00:00:00,20110405000000,MULTIPOINT ((-67.0147 79.3742)),79.3742,-67.0147,22.7,23.756,23.04931641,,12.6,0.84,0,0,-0.42,,,1010.14,,,27.26301889,,40.85,6.767,0.6232,4.057,283.7161059,368.92,,-8,189.2157,193.3239,,,,1.593845,1.848988,-1.837666,-1.755536,0,10.90111,60.9,60.4,33.95149103,,33.94520261,,-10.2,-10.1,-30,-11.3377,-11.4443,-1.8398,,-1.17559744,,208,243.7,210,253.1,13.4,1.4,13.3,1.8,,,254.21,-0.49
underway_1200.34062803,34062803,201011040,2011-04-05T00:20:00,20110405002000,MULTIPOINT ((-66.9465 79.4467)),79.4467,-66.9465,22.7,22.553,22.0715332,,13.3,0.81,0,0,-0.38,,,1010.12,,,27.28813093,,40.76,,0.41,4.058,284.93733857,370.23,,-8,194.9809,199.446,,,,1.912614,1.848998,-1.837666,-1.755536,0,10.88761,61.9,61.2,33.85841807,,33.85764292,,-10.2,-10.1,-30,-10.9121,-10.997,-1.839,,-1.06788186,,219,253.6,223,263.5,15.2,4.5,14.9,5.3,,,0,-0.43
underway_1200.34062923,34062923,201011040,2011-04-05T00:40:00,20110405004000,MULTIPOINT ((-66.8941 79.4814)),79.4814,-66.8941,155.7,142.489,139.87243652,,13.2,0.97,0,0.85,0,,,1009.63,,,27.25755691,,40.65,7.41,0.4346,4.058,287.64044134,373.94,,-8,196.743,199.666,,,,1.912614,2.465331,-1.837666,-3.511071,-204.9561,10.86061,72.3,70.4,33.91307146,,33.92770869,,-9.8,-9.9,-30,-10.4816,-10.4177,-1.8421,,-1.16677729,,220,51.6,234,59.4,14.7,22.9,14.7,20.8,,,277.09,-0.49
underway_1200.34063043,34063043,201011040,2011-04-05T01:00:00,20110405005959,MULTIPOINT ((-66.8366 79.5783)),79.5783,-66.8366,24.7,25.046,24.75219727,,13.3,0.67,0,0,-0.5,,,1010.14,,,27.31871501,,40.64,5.836,0.4182,4.065,286.98303097,373,,-8,196.9028,202.0569,,,,2.550152,2.465331,-1.837666,-1.755536,0,10.84711,75.1,74.4,33.92308541,,33.91383684,,-10.1,-10,-30,-10.4427,-10.3593,-1.8395,,-1.08060211,,226,253.8,230,260.6,16,5.9,15.9,6.8,,,0,-0.42
underway_1200.34063163,34063163,201011040,2011-04-05T01:20:00,20110405012000,MULTIPOINT ((-66.7814 79.595)),79.595,-66.7814,34.9,36.239,35.89233398,,12.9,0.95,0,0.11,-0.95,,,1010.17,,,27.02601445,,40.56,4.819,1.0168,4.074,290.13264674,376.47,,-8,192.3121,195.244,,,,7.650455,7.395994,3.675331,5.266607,0,10.79312,76.7,76.5,33.68664088,,33.70316312,,-10.2,-10,-30,-10.579,-10.4469,-1.8453,,-1.24914759,,213,74.4,214,11.6,12.9,0.6,11.7,1.3,,,0,-0.51
underway_1200.34063283,34063283,201011040,2011-04-05T01:40:00,20110405014000,MULTIPOINT ((-66.725 79.6986)),79.6986,-66.725,45.7,48.627,48.515625,,11.4,1,0,0,-0.79,,,1010.15,,,27.25974321,,40.93,5.097,1.0332,,282.39603223,367.12,,-8,199.7,201.1761,,,,21.67605,22.80432,14.70132,19.31089,0,10.79312,,77.3,33.96626131,,33.95405782,,,-10.1,-30,-10.7439,-10.5739,-1.8453,,-1.18735958,,213,115.3,211,119.5,13.6,3.8,14.5,4.8,,,5569.57,-0.51
underway_1200.34063403,34063403,201011040,2011-04-05T02:00:00,20110405020000,MULTIPOINT ((-66.6939 79.812)),79.812,-66.6939,58.9,57.577,57.20031738,,10.1,0.66,0,0.21,-0.96,,,1010.01,,,26.97578808,,40.94,2.154,2.0746,4.048,284.96338849,370.45,,-8,199.9938,200.6244,,,,49.09039,49.92296,33.07798,42.13285,0,10.78299,78.1,78.4,33.82862842,,33.81745632,,-9.4,-10,-30,-10.1812,-10.1846,-1.8442,,-1.41126678,,226,135.2,220,138,12.9,3.7,16.3,7.4,,,0,-0.72
underway_1200.34063523,34063523,201011040,2011-04-05T02:20:00,20110405022000,MULTIPOINT ((-66.6634 79.9074)),79.9074,-66.6634,49.3,49.335,49.07592773,,9.2,0.88,0,0,-0.35,,,1009.91,,,26.85454415,,40.89,4.799,1.2792,4.054,285.73668413,370.35,,-8,200.4499,201.2621,,,,77.45773,78.58243,51.45464,66.71018,0,10.77962,77.7,79.3,33.48670213,,33.48100917,,-9.3,-9.9,-30,-9.5829,-10.03,-1.8542,,-1.26092375,,220,156.1,217,153.9,14.6,5.6,16.3,7.5,,,0,-0.64
underway_1200.34063643,34063643,201011040,2011-04-05T02:40:00,20110405024000,MULTIPOINT ((-66.6402 80.0112)),80.0112,-66.6402,72.4,72.655,71.48803711,,8.7,0.83,0,0.18,-1.02,,,1009.79,,,27.14615571,,40.64,7.857,0.9512,4.054,288.58029919,374.98,,-8,203.9006,206.3588,,,,110.2758,112.7889,82.69495,98.30893,0,10.77962,,80,33.84451302,,33.85262369,,,-10,-30,-9.2375,-9.8376,-1.8556,,-1.23541159,,222,110.2,225,115.6,12.7,6.7,12.9,6.4,,,5559.01,-0.54
underway_1200.34063763,34063763,201011040,2011-04-05T03:00:00,20110405030000,MULTIPOINT ((-66.6165 80.1258)),80.1258,-66.6165,45.3,44.237,43.58825684,,9.1,1.73,0,0,-0.72,,,1009.61,,,27.2957803,,40.56,8.605,0.5494,4.057,289.01306847,375.59,,-8,197.5073,202.0489,,,,108.0432,110.3175,53.2923,59.68265,0,10.76612,78,80.2,33.92013468,,33.91459064,,-9.1,-10,-30,-9.3206,-9.8408,-1.8449,,-1.10898749,,227,188.4,221,148.8,13.5,4.4,10.3,1.4,,,0,-0.46
underway_1200.34063883,34063883,201011040,2011-04-05T03:20:00,20110405032000,MULTIPOINT ((-66.5661 80.1657)),80.1657,-66.5661,11,9.271,8.67370605,,10,0.89,0,0,-0.46,,,1009.59,,,27.05332467,,40.59,6.236,0.4838,4.055,290.57670776,377.44,,-8,214.2231,220.3307,,,,185.4848,202.4249,132.3119,168.5076,0,10.75231,80.9,79.5,33.813627,,33.80950803,,-9.8,-9,-30,-9.4212,-9.0643,-1.8539,,-1.31001521,,200,208.4,197,203.7,14.9,5.5,13.8,4.2,,,125.13,-0.62
underway_1200.34064003,34064003,201011040,2011-04-05T03:40:00,20110405034000,MULTIPOINT ((-66.522 80.21)),80.21,-66.522,6.7,4.315,3.46618652,,9.5,0.76,0,0.06,-0.22,,,1009.49,,,27.05442093,,40.74,6.287,0.533,4.05,287.93800193,374.13,,-8,196.938,203.1024,,,,151.3693,155.2668,77.18196,80.74122,0,10.79107,80.6,78,33.84956179,,33.86339393,,-10,-9,-30,-9.4576,-8.5561,-1.86,,-1.35619679,,228,257.6,237,268.9,17.1,11.8,17,13.3,,,161.28,-0.65
underway_1200.34064123,34064123,201011040,2011-04-05T04:00:00,20110405040000,MULTIPOINT ((-66.47 80.2518)),80.2518,-66.47,42.4,42.883,41.5447998,,8.2,1.03,0,0.43,-0.71,,,1009.54,,,27.16473045,,40.62,,1.0988,4.052,289.19838334,376.37,,-8,200.8893,206.8171,,,,171.1212,181.7568,77.18196,84.25167,-204.922,10.74948,80.1,78.8,34.00763659,,33.96845503,,-9.6,-8.4,-30,-8.9927,-8.184,-1.8543,,-1.31492651,,223,185.3,218,172.3,16,7.8,12.8,4.7,,,0,-0.59
underway_1200.34064243,34064243,201011040,2011-04-05T04:20:00,20110405042000,MULTIPOINT ((-66.431 80.342)),80.342,-66.431,51.3,55.267,54.65148926,,9.6,1.1,0,0.59,-1.85,,,1009.48,,,27.24008649,,40.59,6.849,0.0656,4.059,289.51608148,376.52,,-8,203.9976,204.0465,,,,193.4274,197.7758,88.20732,91.27265,0,10.75258,78.7,79.6,33.96677875,,33.9727384,,-8.3,-9.2,-30,-8.2512,-8.3314,-1.8576,,-1.22756381,,221,134.2,219,135.4,12.7,4,13.4,4.8,,,0,-0.56
underway_1200.34064363,34064363,201011040,2011-04-05T04:40:00,20110405044000,MULTIPOINT ((-66.4017 80.4536)),80.4536,-66.4017,62.5,54.42,53.32763672,,11,0.91,0,0.61,0,,,1009.2,,,27.1548893,,40.54,3.126,-0.0082,4.061,290.85064785,377.84,,-8,209.4596,209.4388,,,,380.4816,410.9548,220.5142,238.705,0,10.78634,79.1,77.1,33.80697407,,33.81134536,,-8.3,-8.9,-30,-7.1998,-7.8178,-1.8509,,-1.18833986,,227,123.5,218,118.7,12.3,2.9,13.6,5.3,,,0,-0.56
underway_1200.34064483,34064483,201011040,2011-04-05T05:00:00,20110405050000,MULTIPOINT ((-66.37 80.5597)),80.5597,-66.37,56.1,55.101,54.9041748,,8.8,1.09,0,0,-0.93,,,1009.14,,,27.26083675,,40.59,2.065,0.1066,4.055,289.49293709,376.51,,-8,211.9486,206.374,,,,439.1153,458.0883,253.5577,263.2512,0,10.76249,77,73,33.97710034,,33.97225847,,-7,-9.2,-30,-6.3843,-7.7814,-1.8583,,-1.20206541,,226,151.7,222,151.2,13.3,4.9,16.1,7.9,,,3627.61,-0.56
underway_1200.34064603,34064603,201011040,2011-04-05T05:20:00,20110405052000,MULTIPOINT ((-66.3356 80.6226)),80.6226,-66.3356,16.1,18.718,19.02832031,,9.2,1,0,1.54,-3.47,,,1009.14,,,27.17346311,,40.65,6.547,0.2706,,288.72993535,375.42,,-8,205.0529,212.9814,,,,473.8429,484.8855,270.0562,298.3417,0,10.72121,75.4,71.1,33.90348392,,33.91462227,,-9.1,-7.8,-30,-7.0554,-6.9868,-1.852,,-1.25699811,,229,246.2,229,252.1,14,7.5,12.9,6.7,,,260.27,-0.58
underway_1200.34064723,34064723,201011040,2011-04-05T05:40:00,20110405054000,MULTIPOINT ((-66.2947 80.6499)),80.6499,-66.2947,2.8,3.582,2.60925293,,4.9,1.06,0,0.01,-0.54,,,1009.04,,,27.17892058,,40.51,5.316,0.246,4.063,291.06133252,378.12,,-8,201.582,208.6972,,,,487.4258,491.326,271.8844,310.6289,0,10.67865,71.7,68,33.86760954,,33.87538724,,-9.4,-8.2,-30,-8.1127,-6.7312,-1.8487,,-1.21579401,,226,237.9,230,243,16.3,13,16.7,13.8,,,0,-0.54
underway_1200.34064843,34064843,201011040,2011-04-05T06:00:00,20110405060000,MULTIPOINT ((-66.2542 80.6904)),80.6904,-66.2542,12.1,13.41,11.94213867,,8.7,0.89,0,0,-0.71,,,1008.87,,,27.13304714,,40.5,8.159,0.1558,4.059,291.38824095,378.35,,-8,204.4866,209.7977,,,,512.8727,527.9377,297.603,315.9018,-204.8948,10.67456,75.7,71,33.8094856,,33.80909587,,-9.2,-8.2,-30,-8.1408,-6.4744,-1.8523,,-1.21285191,,229,254.4,237,265.4,13.4,8.2,13,9.1,,,227.33,-0.54
underway_1200.34064963,34064963,201011040,2011-04-05T06:20:00,20110405062000,MULTIPOINT ((-66.2132 80.7257)),80.7257,-66.2132,23.1,24.199,22.67028809,,9,0.98,0,0,-0.48,,,1008.86,,,27.15161161,,40.41,7.567,-0.0082,4.078,292.82233054,380.28,,-8,206.5029,212.4415,,,,520.8352,563.9258,304.9513,319.415,0,10.67791,75.5,71,33.79766219,,33.79356058,,-9.4,-8,-30,-8.1405,-6.3594,-1.8402,,-1.17657753,,233,235.8,233,237.1,16.8,10,16.8,10.1,,,238.31,-0.51
underway_1200.34065083,34065083,201011040,2011-04-05T06:40:00,20110405064000,MULTIPOINT ((-66.1701 80.7856)),80.7856,-66.1701,39,40.112,38.95202637,,9.8,0.79,0,0,-0.72,,,1008.74,,,27.15052008,,40.42,6.922,0.0656,4.057,292.49838035,379.93,,-8,215.0701,219.9091,,,,500.1292,536.5131,286.5807,305.3772,0,10.66442,74.9,66.5,33.80059484,,33.80092293,,-9.2,-6.7,-30,-7.307,-5.626,-1.8319,,-1.18441884,,239,222.5,233,222.2,16.9,8.3,13.7,4.7,,,234.22,-0.5
underway_1200.34065203,34065203,201011040,2011-04-05T07:00:00,20110405070000,MULTIPOINT ((-66.1268 80.8568)),80.8568,-66.1268,16.4,20.374,19.64904785,,9.9,1,0,0,-0.91,,,1008.74,,,27.13195415,,40.47,4.629,0.0656,4.055,291.46645501,378.63,,-8,212.962,221.9148,,,,485.1571,510.6087,275.5584,284.3024,-204.8881,10.65093,73.7,67.9,33.76954228,,33.7976189,,-8.8,-7.4,-30,-7.0923,-5.412,-1.8447,,-1.20402646,,219,227.6,215,228.3,15.9,7.7,14,5.5,,,258.52,-0.49
underway_1200.34065323,34065323,201011040,2011-04-05T07:20:00,20110405072000,MULTIPOINT ((-66.087 80.9041)),80.9041,-66.087,3.4,359.945,359.68688965,,8.4,1.05,0,0,-0.86,,,1008.47,,,27.16582328,,40.61,4.572,1.2628,4.056,289.33578414,376.6,,-8,223.9472,225.1508,,,,501.7219,521.3728,279.2325,293.0841,0,10.65093,73.5,66.8,34.03308088,,33.97778863,,-8.9,-7,-30,-7.3518,-5.4092,-1.8468,,-1.32180297,,222,255.4,234,270.5,15,10.2,14.4,11.4,,,281.96,-0.59
underway_1200.34065443,34065443,201011040,2011-04-05T07:40:00,20110405074000,MULTIPOINT ((-66.0478 80.953)),80.953,-66.0478,41.8,43.8,42.4621582,,8,0.87,0,0,-0.89,,,1008.47,,,27.19202997,,40.6,,1.7548,4.057,289.03811676,375.84,,-8,224.802,224.4037,,,,390.5468,396.0337,207.5873,175.4951,0,10.65093,70.6,65.2,33.9338443,,33.92788561,,-9,-6.8,-30,-7.3878,-5.5818,-1.8277,,-1.24620391,,224,183.3,223,181.1,17.6,9.5,17.3,9.2,,,308.69,-0.53
underway_1200.34065563,34065563,201011040,2011-04-05T08:00:00,20110405080000,MULTIPOINT ((-66.0049 81.0113)),81.0113,-66.0049,16.1,18.771,17.73193359,,9.2,0.88,0,0,-0.73,,,1008.5,,,27.16254115,,40.6,6.126,0.2214,4.059,289.11388367,375.6,,-8,236.9305,239.6295,,,,506.8188,522.9122,286.5807,301.8514,204.8877,10.65093,72.4,67.3,33.8999967,,33.90295061,,-8.8,-7.5,-30,-7.3788,-5.7898,-1.8502,,-1.25994231,,230,252.3,229,260.9,13.6,7.7,11.9,6.3,,,328.7,-0.53
underway_1200.34065683,34065683,201011040,2011-04-05T08:20:00,20110405082000,MULTIPOINT ((-65.9597 81.0731)),81.0731,-65.9597,59.2,59.086,57.80456543,,10.4,1.01,0,0,-0.54,,,1008.18,,,27.25100417,,40.44,5.793,0.0492,4.105,291.11427044,378.28,,-8,243.4926,241.0636,,,,416.6681,351.9957,224.1208,231.6586,-204.8923,10.63744,71.7,69.6,33.92055932,,33.92761361,,-7.3,-8.2,-30,-7.0209,-5.9551,-1.8447,,-1.17461736,,228,123.9,219,118.1,12,2.6,13.3,4.9,,,413.95,-0.44
underway_1200.34065803,34065803,201011040,2011-04-05T08:40:00,20110405084000,MULTIPOINT ((-65.927 81.1874)),81.1874,-65.927,64.5,60.05,58.95812988,,9.9,1.08,0,0.21,-0.49,,,1008.06,,,27.28813848,,40.41,7.141,0.082,4.059,291.39270008,378.79,,-8,245.2711,241.6822,,,,449.1606,348.3002,246.1655,259.7328,0,10.65093,67.1,66.7,33.95146463,,33.95407319,,-6.5,-8.5,-30,-5.2064,-6.561,-1.8444,,-1.15305957,,234,150.9,230,144,12.8,3.4,13.7,4.6,,,426.87,-0.42
underway_1200.34065923,34065923,201011040,2011-04-05T09:00:00,20110405090001,MULTIPOINT ((-65.9031 81.2987)),81.2987,-65.9031,69.6,74.626,74.43786621,,8.6,0.79,0,0,-1.14,,,1007.97,,,27.1603497,,40.4,-0.353,0.246,,292.14607598,379.33,,-8,240.9773,240.0087,,,,423.6763,362.7742,231.469,193.0466,-204.8899,10.65093,68.2,68.4,33.81107677,,33.80996886,,-7.3,-8.4,-30,-5.0358,-6.9518,-1.8405,,-1.18049806,,212,99.4,219,110.8,14.4,9.3,14.9,8.7,,,0,-0.44
underway_1200.34066043,34066043,201011040,2011-04-05T09:20:00,20110405092000,MULTIPOINT ((-65.8874 81.4149)),81.4149,-65.8874,65.8,60.081,59.0020752,,11.3,1.08,0,1.06,-0.39,,,1008.03,,,27.08608474,,40.5,0.246,0.9922,4.06,290.81595252,377.84,,-8,239.7835,241.7082,,,,300.0775,309.8055,154.3127,157.9455,0,10.65093,70.5,71.4,33.79754377,,33.77789702,,-7.1,-8.5,-30,-5.7741,-7.563,-1.8359,,-1.24227921,,228,124.6,226,124,13.8,4.1,14.1,4.6,,,295.1,-0.49
underway_1200.34066163,34066163,201011040,2011-04-05T09:40:00,20110405094000,MULTIPOINT ((-65.8666 81.5202)),81.5202,-65.8666,63.7,72.805,73.49304199,,9.4,0.78,0,0.96,-1.15,,,1008.17,,,27.09483986,,40.47,0.045,3.485,4.02,291.4023774,379,,-8,227.3896,230.1505,,,,189.2208,194.0134,93.68985,96.52225,0,10.66442,72.5,67.5,34.01058415,,34.0155322,,-8.2,-7,-30,-6.781,-7.4997,-1.8363,,-1.44078877,,225,121.7,226,128.7,13.9,6.1,15.5,7.5,,,5384.65,-0.53
underway_1200.34066283,34066283,201011040,2011-04-05T10:00:00,20110405095959,MULTIPOINT ((-65.8537 81.6019)),81.6019,-65.8537,111.4,,114.59289551,,4.6,,,,,,,1007.96,,,27.08389705,,40.56,0.929,1.7794,4.059,289.14278358,375.41,,-8,216.6652,220.8087,,,,112.1309,117.6398,51.43756,56.15841,0,10.66442,70.9,70.6,33.75572878,,33.7328064,,-8.1,-8.6,-30,-7.4058,-8.1834,-1.841,,-1.205007,,228,89.5,241,102.9,11.9,10.8,11.7,9.5,,,0,-0.44
underway_1200.34066403,34066403,201011040,2011-04-05T10:20:00,20110405101959,MULTIPOINT ((-65.859 81.6551)),81.6551,-65.859,86,94.157,95.20751953,,4.3,1.06,0,0.14,-0.06,,,1007.87,,,27.06533946,,40.67,3.336,2.9356,4.058,287.91402564,373.95,,-8,218.0484,219.0541,,,,87.60225,87.46822,38.57818,38.60991,0,10.67797,71.8,72.6,33.82943808,,33.83383684,,-7.9,-8.7,-30,-8.0308,-8.6004,-1.8504,,-1.31689113,,239,127.7,238,130.9,10.8,7.3,13.7,10.1,,,0,-0.53
underway_1200.34066523,34066523,201011040,2011-04-05T10:40:00,20110405104000,MULTIPOINT ((-65.8558 81.7241)),81.7241,-65.8558,74.1,74.737,75.73425293,,4.1,1.53,0,0.84,-0.76,,,1007.79,,,27.06752162,,40.65,3.835,1.8696,,287.95261774,374.06,,-8,211.328,208.6781,,,,92.40598,75.77725,47.76669,31.58912,0,10.68059,73.3,73.9,33.82615471,,33.80790729,,-7.3,-8.8,-30,-7.9516,-8.768,-1.8289,,-1.29135586,,237,151.4,233,150.6,10.1,6.3,15.1,11.3,,,0,-0.5
underway_1200.34066643,34066643,201011040,2011-04-05T11:00:00,20110405110000,MULTIPOINT ((-65.8387 81.7839)),81.7839,-65.8387,62.2,60.049,59.86999512,,7.6,1.34,0,3.16,-2.21,,,1007.82,,,26.86330107,,40.68,0.744,4.3132,4.05,288.27735039,374.42,,-8,210.5216,209.5992,,,,84.76372,63.15143,51.44247,63.1782,0,10.68021,73.6,74.7,33.739381,,33.74693283,,-7.6,-8.2,-30,-7.1906,-8.2922,-1.8318,,-1.48608328,,236,171.1,228,156.5,14.8,7.3,15,7.8,,,5732.46,-0.56
underway_1200.34066763,34066763,201011040,2011-04-05T11:20:00,20110405112000,MULTIPOINT ((-65.8083 81.8801)),81.8801,-65.8083,36.6,37.353,36.63391113,,10.1,0.98,0,0.23,-0.54,,,1007.47,,,26.82070113,,40.46,5.248,3.4932,4.064,290.23509372,376.12,,-8,218.7497,226.027,,,,45.56853,48.98183,29.3967,38.6089,0,10.66725,71.4,75,33.60538202,,33.61124945,,-7.7,-8.4,-30,-6.9143,-8.2207,-1.8364,,-1.41815398,,228,221.5,221,210.1,13.2,3.8,11.6,1.7,,,0,-0.34
underway_1200.34066883,34066883,201011040,2011-04-05T11:40:00,20110405114000,MULTIPOINT ((-65.7806 82.021)),82.021,-65.7806,71.5,73.842,72.97668457,,12.6,0.94,0,0,-0.96,,,1007.46,,,27.19201741,,40.31,4.517,0.7626,4.057,293.13223881,380.48,,-8,231.6724,234.0072,,,,16.25165,16.63535,5.511431,5.26485,0,10.66649,73.8,74.5,33.78593049,,33.76709399,,-7.7,-8.4,-30,-7.6673,-8.3683,-1.8484,,-1.10409253,,221,101.2,227,117.2,16.4,8.4,18,8.4,,,3782.62,-0.37
underway_1200.34067003,34067003,201011040,2011-04-05T12:00:00,20110405120000,MULTIPOINT ((-65.7633 82.173)),82.173,-65.7633,73.3,74.282,74.0423584,,9.4,0.9,0,0.07,-0.41,,,1007.29,,,27.13302797,,40.49,8.06,3.8376,4.055,290.0330326,376.14,,-8,227.4302,229.0842,,,,5.417086,5.545116,0,0,0,10.67983,74.2,75.7,33.64748986,,33.56467883,,-7.6,-8.4,-30,-7.9553,-8.5164,-1.8442,,-0.99552401,,244,157.1,240,151.1,14.8,5.8,16.8,8,,,0,-0.38
underway_1200.34067123,34067123,201011040,2011-04-05T12:20:00,20110405122000,MULTIPOINT ((-65.7439 82.3284)),82.3284,-65.7439,74,74.355,74.9432373,,13,0.83,0,0,-0.76,,,1007.18,,,27.16143907,,40.48,4.71,1.5006,4.06,290.26305453,376.77,,-8,222.1529,224.784,,,,2.549283,2.464496,-1.837233,-1.754953,0,10.68046,76.6,77,33.79166185,,33.7749445,,-7.9,-8.3,-30,-8.251,-8.5164,-1.8468,,-1.14816112,,241,116.3,237,113.2,15.1,3.7,15.7,4.9,,,398.12,-0.41
underway_1200.34067243,34067243,201011040,2011-04-05T12:40:00,20110405124000,MULTIPOINT ((-65.7223 82.5074)),82.5074,-65.7223,73.4,74.667,75.10803223,,14.2,1.1,0,0.05,-0.84,,,1006.99,,,27.31544443,,40.49,5.063,1.2136,4.058,288.91197632,375.74,,-8,217.1906,220.4812,,,,1.911966,2.464496,-1.837301,-1.755091,0,10.69147,76,74.9,33.98854926,,33.98816471,,-8.1,-8.4,-30,-8.4722,-8.5164,-1.8511,,-1.15012046,,226,89.7,232,103.7,16.1,7.4,17.2,6.6,,,402.32,-0.35
underway_1200.34067363,34067363,201011040,2011-04-05T13:00:00,20110405130000,MULTIPOINT ((-65.7023 82.6628)),82.6628,-65.7023,73.3,75.751,75.98693848,,9.9,0.73,0,0,-0.54,,,1006.66,,,27.36896031,,40.39,,0.7134,4.062,290.36003946,377.32,,-8,203.6585,205.737,,,,1.911966,2.156434,-1.837456,-1.755158,0,10.69536,74,70.7,33.99921121,,34.00143313,,-7.6,-8.3,-30,-8.3339,-8.4423,-1.8489,,-1.09724024,,239,146.4,224,125.9,17.4,8.1,20.8,13.1,,,565.81,-0.31
underway_1200.34067483,34067483,201011040,2011-04-05T13:20:00,20110405132000,MULTIPOINT ((-65.6862 82.7877)),82.7877,-65.6862,69.2,72.895,73.09204102,,9.6,0.98,0,0.7,-1,,,1006.69,,,27.36131422,,40.45,2.035,0.3936,4.059,289.08950711,375.92,,-8,200.279,202.7641,,,,1.911966,2.156434,-3.675286,-1.755237,-204.9213,10.69203,74.3,72.4,33.99096879,,33.98763706,,-8.1,-8.5,-30,-8.6572,-8.6371,-1.8427,,-1.09430378,,232,134.7,222,123.7,15.7,7.2,17.6,10.1,,,1506.82,-0.3
underway_1200.34067603,34067603,201011040,2011-04-05T13:40:00,20110405134000,MULTIPOINT ((-65.67 82.9077)),82.9077,-65.67,71.9,76.158,76.2121582,,9.2,1.65,0,0.26,-0.97,,,1006.57,,,27.37223448,,40.38,-2.752,0.615,4.042,290.13477426,376.93,,-8,208.1078,210.6408,,,,1.911966,2.464496,-1.837665,-1.755242,-204.9218,10.69193,73.7,73.6,33.97372462,,33.9726156,,-7.8,-8.4,-30,-8.4722,-8.5535,-1.847,,-1.06788186,,230,132.9,224,127.3,17.5,9.6,19.6,12.2,,,2099.62,-0.27
underway_1200.34067723,34067723,201011040,2011-04-05T14:00:00,20110405140000,MULTIPOINT ((-65.6535 83.0231)),83.0231,-65.6535,72.1,269.286,78.29406738,,8.8,0,0,0,0,,,1006.47,,,27.37223439,,40.39,-5.673,0.6888,4.04,289.83106389,376.69,,-8,212.7981,215.1987,,,,1.911966,1.848372,-1.837665,-1.755242,0,10.68842,72.4,70.8,33.96890439,,33.97150666,,-8.1,-8.8,-30,-8.5553,-8.7489,-1.8422,,-1.06690349,,239,137,230,132,12.7,4.6,17.4,9.9,,,2271.85,-0.26
underway_1200.34067843,34067843,201011040,2011-04-05T14:20:00,20110405142000,MULTIPOINT ((-65.6386 83.1373)),83.1373,-65.6386,75.5,81.222,81.17797852,,9,0.78,0,0,-0.6,,,1006.07,,,27.38097093,,40.37,-3.524,1.7138,,290.22776205,377.22,,-8,210.355,213.1596,,,,1.911966,1.848394,-1.837665,-1.755242,0,10.69582,73.2,71.7,33.96609965,,33.96349894,,-8.1,-8.6,-30,-8.6572,-8.7222,-1.8273,,-1.04929542,,237,134.1,225,120.9,15.9,7.9,18.2,11.3,,,2345.07,-0.26
underway_1200.34067963,34067963,201011040,2011-04-05T14:40:00,20110405144000,MULTIPOINT ((-65.6258 83.2577)),83.2577,-65.6258,75.3,79.308,78.83789062,,9.3,0.88,0,0,-0.56,,,1005.82,,,27.40499915,,40.43,3.845,1.8368,4.044,288.79647915,375.21,,-8,205.7013,208.3881,,,,1.911966,2.156642,-1.837665,-1.755305,0,10.68972,74.5,73.7,33.97677205,,33.97528014,,-8.1,-8.7,-30,-8.8059,-8.8344,-1.8044,,-1.03071456,,236,134.7,227,124.2,16.3,8.1,18.3,11.1,,,2146.28,-0.24
underway_1200.34068083,34068083,201011040,2011-04-05T15:00:00,20110405150000,MULTIPOINT ((-65.6123 83.376)),83.376,-65.6123,74.3,76.961,76.44287109,,8.9,0.89,0,0.11,-1.05,,,1005.57,,,27.3493018,,40.48,11.675,2.2632,4.055,288.74209016,375.33,,-8,199.1799,201.9397,,,,1.911992,2.156805,-1.837665,-1.755304,0,10.69728,75,75.3,33.99191321,,34.00230231,,-8,-8.5,-30,-8.9193,-8.8336,-1.8293,,-1.1217162,,222,104.5,224,113.7,13,7.3,14.4,8.1,,,0,-0.32
underway_1200.34068203,34068203,201011040,2011-04-05T15:20:00,20110405152000,MULTIPOINT ((-65.5999 83.4936)),83.4936,-65.5999,74.7,77.608,77.15698242,,8.9,0.99,0,0,-0.82,,,1005.31,,,27.34492947,,40.4,2.382,1.7794,4.052,290.26585487,377.31,,-8,200.1108,202.211,,,,1.911989,2.156988,-1.837665,-1.755265,0,10.69666,76.1,75.6,33.95412348,,33.95412348,,-7.9,-8.5,-30,-8.9378,-8.7685,-1.8305,,-1.08451657,,235,131.8,230,134.5,14.3,6.6,19.3,11.8,,,2492.89,-0.31
underway_1200.34068323,34068323,201011040,2011-04-05T15:40:00,20110405154000,MULTIPOINT ((-65.5869 83.6093)),83.6093,-65.5869,76.3,78.137,77.85461426,,8.9,1.09,0,0,-0.95,,,1005.27,,,27.33291474,,40.44,5.808,1.845,4.047,289.51905637,376.29,,-8,199.0236,202.3555,,,,1.911993,2.46499,-1.837665,-1.755308,-204.9296,10.73739,76.2,77.2,33.93918289,,33.93879738,,-7.9,-8.5,-30,-8.9567,-8.7341,-1.811,,-1.08549522,,236,133,225,120,15.2,7.6,16.9,10.5,,,0,-0.31
underway_1200.34068443,34068443,201011040,2011-04-05T16:00:00,20110405160000,MULTIPOINT ((-65.5742 83.7279)),83.7279,-65.5742,71.6,72.997,72.50976562,,9.2,1.16,0,0,-0.67,,,1005,,,27.32854651,,40.45,3.439,1.8614,4.056,289.3220528,376.13,,-8,199.107,201.5916,,,,1.911972,2.465196,-1.837665,-1.755259,0,10.73777,77,77.2,33.94019589,,33.94279926,,-7.9,-8.4,-30,-8.9368,-8.6596,-1.8232,,-1.09430378,,233,134.9,225,130.5,14.7,6.7,17.8,10.4,,,2461.12,-0.31
underway_1200.34068563,34068563,201011040,2011-04-05T16:20:00,20110405162000,MULTIPOINT ((-65.5604 83.8476)),83.8476,-65.5604,77.9,78.372,77.87109375,,9,1.05,0,0,-0.98,,,1004.73,,,27.35694152,,40.42,2.672,1.5334,4.061,289.79632776,376.62,,-8,200.6596,202.3668,,,,1.593322,2.465218,-1.837665,-1.755267,204.9248,10.73716,76.7,77.9,33.93619853,,33.93509129,,-7.4,-8.1,-30,-8.5658,-8.475,-1.8146,,-1.05320789,,235,129.2,230,125.3,14.9,7.4,16.5,9.5,,,2519.69,-0.3
underway_1200.34068683,34068683,201011040,2011-04-05T16:40:00,20110405164000,MULTIPOINT ((-65.551 83.9578)),83.9578,-65.551,94.2,96.083,95.30639648,,7.5,1.28,0,0.57,-1.58,,,1004.66,,,27.26957182,,40.48,,2.0172,4.061,289.571303,376.38,,-8,198.9512,201.6065,,,,1.593333,2.157046,-1.837665,-1.755276,-204.9258,10.73734,76.8,76.9,33.94046094,,33.94751749,,-7.7,-8.2,-30,-8.4925,-8.3998,-1.8244,,-1.1697172,,235,116.4,232,115.4,16.4,11.7,17.8,13.3,,,0,-0.38
underway_1200.34068803,34068803,201011040,2011-04-05T17:00:00,20110405170000,MULTIPOINT ((-65.536 84.071)),84.071,-65.536,65.6,67.651,67.31323242,,8.9,0.97,0,0,-0.95,,,1004.61,,,27.29140923,,40.43,1.384,1.5744,4.053,290.08811732,376.95,,-8,199.5324,201.1249,,,,1.911999,2.157113,-1.837665,-1.755266,0,10.73707,77.1,77.5,33.87871005,,33.88202975,,-7.5,-8.3,-30,-8.5942,-8.5145,-1.8159,,-1.08549522,,237,151.8,232,149.3,12.8,4.2,16.6,8.2,,,2610.43,-0.33
underway_1200.34068923,34068923,201011040,2011-04-05T17:20:00,20110405172000,MULTIPOINT ((-65.5153 84.1736)),84.1736,-65.5153,51.8,52.64,52.46520996,,8.7,1.03,0,0,-0.61,,,1004.36,,,27.2280628,,40.41,3.261,1.7384,4.062,291.16930152,378.13,,-8,201.2073,205.0665,,,,1.911968,1.848888,-1.837665,-1.755327,0,10.72369,77.4,76.6,33.83779618,,33.83962111,,-7.6,-7.7,-30,-8.4353,-8.3439,-1.8153,,-1.12465397,,234,183.7,234,183.9,16.4,7.7,15.7,7,,,2311.68,-0.38
underway_1200.34069043,34069043,201011040,2011-04-05T17:40:00,20110405174000,MULTIPOINT ((-65.4916 84.2811)),84.2811,-65.4916,67.2,68.022,67.52197266,,9.9,1.05,0,0,-1.1,,,1004.01,,,27.23024623,,40.31,0.944,1.927,4.053,292.91581156,380.38,,-8,200.5827,201.9599,,,,1.91197,1.540607,-1.837665,-1.755261,204.924,10.72293,76.7,78.3,33.82822852,,33.82933446,,-7.2,-8,-30,-8.1047,-8.3158,-1.8374,,-1.11290374,,233,136.4,226,137.6,14,5,18.8,10.2,,,2402.81,-0.36
underway_1200.34069163,34069163,201011040,2011-04-05T18:00:00,20110405180000,MULTIPOINT ((-65.4717 84.4051)),84.4051,-65.4717,67.6,69.171,68.48876953,,9.6,0.68,0,0.13,-0.69,,,1003.9,,,27.26301021,,40.32,7.387,1.64,,292.2076099,379.57,,-8,201.1996,201.5782,,,,1.911968,2.156871,-1.837665,-1.75525,0,10.72297,76.9,78.3,33.84137362,,33.83435526,,-6.6,-7.9,-30,-7.9585,-8.1512,-1.8195,,-1.07766644,,238,150,230,147.3,13.8,4.6,19.8,11.1,,,2629.98,-0.32
underway_1200.34069283,34069283,201011040,2011-04-05T18:20:00,20110405182000,MULTIPOINT ((-65.4564 84.5271)),84.5271,-65.4564,74.7,73.553,72.50427246,,9.1,1.1,0,0.35,-0.79,,,1003.65,,,27.27940105,,40.5,4.159,2.3206,4.061,289.18752003,375.94,,-8,200.4287,202.2839,,,,1.911968,2.156792,-1.837665,-1.755243,0,10.72295,77.8,79.1,33.93799186,,33.94876533,,-7.4,-8.1,-30,-8.1412,-8.2391,-1.8237,,-1.15893822,,236,129,226,128.1,12.6,4.9,16.8,9.8,,,5544.5,-0.38
underway_1200.34069403,34069403,201011040,2011-04-05T18:40:00,20110405184000,MULTIPOINT ((-65.4453 84.6519)),84.6519,-65.4453,84.5,84.647,84.46838379,,9.7,0.81,0,0.61,-1.08,,,1003.52,,,27.31543896,,40.49,6.588,1.763,4.058,288.94025817,375.52,,-8,200.0812,202.1114,,,,1.911968,2.464998,-1.837665,-1.755243,0,10.71314,79.1,80.1,33.92264971,,33.91821724,,-7.5,-8,-30,-8.2237,-8.2801,-1.8274,,-1.08843126,,248,138.6,238,131.3,15.1,6.4,19.2,11.3,,,0,-0.34
underway_1200.34069523,34069523,201011040,2011-04-05T19:00:00,20110405190000,MULTIPOINT ((-65.4326 84.7776)),84.7776,-65.4326,72.3,72.66,72.75695801,,9.7,0.89,0,0.09,-1.43,,,1003.45,,,27.29905574,,40.44,14.196,1.5006,4.061,289.96830644,376.82,,-8,208.1829,210.647,,,,1.911968,1.848704,-1.837665,-1.755247,0,10.74967,78.4,80.9,33.89835615,,33.90245211,,-7.4,-8.1,-30,-8.2146,-8.2959,-1.8307,,-1.09430378,,244,146,233,140.2,12.7,3.4,17.5,8.9,,,2731.01,-0.34
underway_1200.34069643,34069643,201011040,2011-04-05T19:20:00,20110405192000,MULTIPOINT ((-65.4155 84.9057)),84.9057,-65.4155,71.7,72.384,72.68554688,,10.2,0.58,0,0,-0.79,,,1003.17,,,27.32854355,,40.36,2.76,1.8368,4.054,291.16014371,378.36,,-8,201.2382,202.7214,,,,1.911968,2.156908,-1.837665,-1.755305,0,10.7464,78.4,78.9,33.90441536,,33.90513554,,-6.9,-7.9,-30,-7.9494,-8.1347,-1.8252,,-1.06103358,,233,134.2,226,129.1,16,7.1,18.8,10.5,,,3056.46,-0.31
underway_1200.34069763,34069763,201011040,2011-04-05T19:40:00,20110405194000,MULTIPOINT ((-65.4005 85.0318)),85.0318,-65.4005,72.5,71.97,72.33947754,,9.9,0.7,0,0.23,-1.2,,,1003.04,,,27.37114204,,40.41,3.418,2.1238,4.048,290.05819523,377,,-8,203.0612,205.149,,,,1.911968,2.156886,-1.837665,-1.755254,0,10.73658,78.8,81,33.95965163,,33.96890439,,-6.9,-7.7,-30,-7.995,-8.0693,-1.8199,,-1.06592513,,243,145.3,233,138.5,12.9,3.5,17.4,8.7,,,2902.27,-0.31
underway_1200.34069883,34069883,201011040,2011-04-05T20:00:00,20110405200000,MULTIPOINT ((-65.3845 85.1556)),85.1556,-65.3845,72.5,72.649,72.86132812,,9.9,0.89,0,0,-1.26,,,1002.9,,,27.36677265,,40.39,5.556,2.3042,4.055,290.33192841,377.24,,-8,202.5988,205.199,,,,1.593306,1.848715,-1.837665,-1.755305,0,10.7429,79.1,81,33.95849713,,33.95849713,,-7.1,-7.8,-30,-8.1046,-8.0575,-1.813,,-1.06201186,,236,130.6,231,133.5,13.9,5.2,17.2,8.8,,,2886.18,-0.3
underway_1200.34070003,34070003,201011040,2011-04-05T20:20:00,20110405202000,MULTIPOINT ((-65.3675 85.2805)),85.2805,-65.3675,64.9,64.219,64.16564941,,10,0.93,0,0.31,-1.29,,,1002.65,,,27.37114074,,40.42,,2.337,4.051,289.64958095,376.55,,-8,204.1514,204.9024,,,,1.911968,1.848656,-1.837665,-1.755281,0,10.73574,79.5,80.8,33.94847784,,33.9522808,,-7.2,-7.8,-30,-8.2146,-8.1274,-1.8137,,-1.05125163,,235,149.1,227,144.8,13.4,3.9,17.6,8.6,,,2858.45,-0.29
underway_1200.34070123,34070123,201011040,2011-04-05T20:40:00,20110405204000,MULTIPOINT ((-65.3503 85.4072)),85.4072,-65.3503,73,73.271,73.43811035,,10.1,1.01,0,0.21,-0.98,,,1002.48,,,27.35912665,,40.45,-5.399,2.0582,4.055,289.42770439,376.15,,-8,204.7689,205.5445,,,,1.911968,2.156669,-1.837665,-1.755244,0,10.74918,79.1,80.2,33.94621466,,33.94582948,,-6.8,-7.7,-30,-8.068,-7.9758,-1.8204,,-1.06005531,,238,136.6,229,138.5,14.9,5.9,22.5,13.9,,,2870.72,-0.32
underway_1200.34070243,34070243,201011040,2011-04-05T21:00:00,20110405210000,MULTIPOINT ((-65.3325 85.535)),85.535,-65.3325,71.6,72.611,72.68005371,,10.2,1.1,0,0.17,-0.33,,,1002.38,,,27.33291196,,40.38,3.967,1.7466,4.05,290.41207674,377.4,,-8,206.7672,203.9102,,,,1.911968,2.464684,-1.837665,-1.75528,0,10.74935,79.1,80.6,33.9033616,,33.9033616,,-6.4,-7.7,-30,-7.5955,-7.8534,-1.8208,,-1.05418605,,241,152.5,238,152.3,16.3,6.5,20.2,10.5,,,3002.4,-0.28
underway_1200.34070363,34070363,201011040,2011-04-05T21:20:00,20110405212000,MULTIPOINT ((-65.3156 85.6639)),85.6639,-65.3156,73.2,72.348,72.78991699,,10.2,0.79,0,1.23,-1.19,,,1002.21,,,27.31325115,,40.35,-4.212,1.6318,4.055,291.30163731,378.48,,-8,205.7853,206.3135,,,,1.911968,1.848584,-1.837626,-1.755244,-204.9221,10.7491,79.2,83.2,33.87539294,,33.87318259,,-5.9,-7.5,-30,-7.3522,-7.7939,-1.7977,,-1.05125163,,242,147.6,237,148.8,14.8,5.1,20.1,10.6,,,3122.69,-0.3
underway_1200.34070483,34070483,201011040,2011-04-05T21:40:00,20110405214000,MULTIPOINT ((-65.2998 85.7928)),85.7928,-65.2998,74.6,73.652,74.05883789,,10.3,1.26,0,0.44,-0.55,,,1002.14,,,27.31434202,,40.36,5.325,1.476,,290.91491633,377.67,,-8,215.0463,213.4104,,,,1.911968,2.464625,-3.675328,-1.755243,0,10.76249,80.6,82.2,33.85369,,33.85700164,,-6.3,-7.4,-30,-7.3074,-7.6416,-1.813,,-1.03560372,,244,145.3,233,141.9,14.2,4.6,21.7,12.8,,,3098.94,-0.28
underway_1200.34070603,34070603,201011040,2011-04-05T22:00:00,20110405220000,MULTIPOINT ((-65.2838 85.9214)),85.9214,-65.2838,72.9,73.501,73.87756348,,10,0.87,0,1.2,-1.24,,,1001.84,,,27.32635844,,40.4,0.773,1.3776,4.054,290.15347796,376.91,,-8,206.2807,207.7425,,,,1.911968,2.156473,-1.837662,-1.755243,0,10.76288,79.8,83.1,33.89772488,,33.89440682,,-6.3,-7.3,-30,-7.2357,-7.4568,-1.823,,-1.05418605,,244,143.5,235,140.4,13,3.5,17.5,8.5,,,2930.11,-0.29
underway_1200.34070723,34070723,201011040,2011-04-05T22:20:00,20110405222000,MULTIPOINT ((-65.2676 86.0492)),86.0492,-65.2676,75.6,73.56,74.09179688,,10.3,0.82,0,1.2,-1.66,,,1001.75,,,27.34055557,,40.36,-0.081,1.3858,4.044,290.71230332,377.6,,-8,211.3798,206.508,,,,1.911968,2.464559,-3.675146,-1.755243,0,10.7625,82.5,81.9,33.8905879,,33.88616842,,-5.5,-7.1,-30,-6.9855,-7.2413,-1.79,,-1.02973678,,242,154.7,241,156.8,19.5,9.7,23.3,13.5,,,2823.82,-0.27
underway_1200.34070843,34070843,201011040,2011-04-05T22:40:00,20110405224000,MULTIPOINT ((-65.252 86.1801)),86.1801,-65.252,72.8,73.296,73.81164551,,10.1,0.87,0,0.54,-1.15,,,1001.51,,,27.30342056,,40.37,2.196,1.5088,4.084,290.71387199,377.6,,-8,207.9106,209.122,,,,1.911968,1.848401,-1.837619,-1.755243,204.922,10.76289,79,84.2,33.85605212,,33.85533523,,-5.2,-6.8,-30,-6.3843,-7.1326,-1.8501,,-1.04733928,,243,150.7,234,143.5,14.5,4.9,20.3,11.3,,,2783.23,-0.28
underway_1200.34070963,34070963,201011040,2011-04-05T23:00:00,20110405230000,MULTIPOINT ((-65.2366 86.3071)),86.3071,-65.2366,74.1,73.646,74.04785156,,9.8,1.08,0,1.64,-1.33,,,1001.56,,,27.35912796,,40.29,2.116,2.5502,4.049,292.4006494,380.04,,-8,230.925,231.3936,,,,1.911968,2.156458,-1.837508,-1.755243,-204.922,10.7628,79.1,83.2,33.9639486,,33.96245486,,-4.8,-6.8,-30,-5.722,-6.9532,-1.8333,,-1.0747309,,242,151.3,237,149.2,16.4,7.1,20.7,11.7,,,3005.95,-0.31
underway_1200.34071083,34071083,201011040,2011-04-05T23:20:00,20110405232000,MULTIPOINT ((-65.2209 86.4316)),86.4316,-65.2209,71.9,73.558,74.01489258,,9.7,1.04,0,0.47,-0.59,,,1001.38,,,27.36021978,,40.28,-3.122,2.7634,,292.61096515,380.26,,-8,242.271,240.6101,,,,1.911968,1.540312,-1.837414,-1.755243,0,10.76257,80.1,84.3,33.95801982,,33.95840473,,-5.4,-6.6,-30,-5.8954,-6.8095,-1.8357,,-1.06983865,,241,148.4,235,147.4,14.7,5.5,21,12,,,2990.4,-0.31
underway_1200.34071203,34071203,201011040,2011-04-05T23:40:00,20110405234000,MULTIPOINT ((-65.2041 86.5548)),86.5548,-65.2041,71,73.105,73.55895996,,10.3,0.65,0,0.89,-0.08,,,1001.08,,,27.36240622,,40.3,5.493,2.3124,4.053,292.26470734,379.94,,-8,274.1524,272.517,,,,1.911968,1.848372,-1.837454,-1.755213,0,10.76249,79.9,84.9,33.99024234,,33.98580057,,-5.2,-6.7,-30,-5.5149,-6.6407,-1.8534,,-1.09136745,,243,142.9,235,136.4,13.4,3.6,15.9,6.6,,,2891.27,-0.32
underway_1200.34071323,34071323,201011040,2011-04-06T00:00:00,20110406000000,MULTIPOINT ((-65.1828 86.727)),86.727,-65.1828,76.4,77.694,78.10180664,,14.1,0.85,0,0.64,-0.37,,,1000.85,,,27.37223587,,40.29,,2.9684,4.063,292.45958407,380.34,,-8,252.3505,255.4638,,,,1.911968,1.848372,-1.837379,-1.755242,0,10.76923,80.9,84.8,33.99109475,,33.99036867,,-6.1,-6.7,-30,-5.8954,-6.6053,-1.8393,,-1.08353793,,239,130.6,233,127.1,20.7,8.4,23.8,12.3,,,2830.85,-0.32
underway_1200.34071443,34071443,201011040,2011-04-06T00:20:00,20110406002000,MULTIPOINT ((-65.1658 86.9103)),86.9103,-65.1658,79,78.829,79.26086426,,14.3,1.16,0,0.66,-0.45,,,1000.54,,,27.36021952,,40.26,5.905,2.8782,4.057,292.89387162,380.52,,-8,275.7848,274.4775,,,,1.911968,2.464497,-1.837363,-1.755242,0,10.76246,82.2,86.4,33.95397095,,33.95507929,,-5.9,-6.7,-30,-6.0693,-6.685,-1.8147,,-1.06690349,,243,127,233,115.5,18.8,6.4,20.5,9.8,,,2722.72,-0.3
underway_1200.34071563,34071563,201011040,2011-04-06T00:40:00,20110406004000,MULTIPOINT ((-65.1481 87.0965)),87.0965,-65.1481,76,76.622,77.03613281,,14.6,1.24,0,0.32,-0.23,,,1000.4,,,27.3503898,,40.28,3.56,3.075,4.055,292.52013238,380.05,,-8,273.3179,272.2508,,,,3.186613,3.696745,0,1.755242,0,10.77598,83.1,85.4,33.94496364,,33.94939683,,-6.1,-7,-30,-6.1741,-6.7028,-1.8111,,-1.07375242,,244,132.3,238,131.1,18.7,5.4,21.6,8.9,,,2829.86,-0.3
underway_1200.34071683,34071683,201011040,2011-04-06T01:00:00,20110406010000,MULTIPOINT ((-65.129 87.2824)),87.2824,-65.129,75.1,76.403,76.78344727,,14.7,0.77,0,0.92,-0.2,,,1000.27,,,27.34710911,,40.3,6.443,2.6814,4.042,291.7660129,378.87,,-8,269.5504,267.9496,,,,8.922516,9.549925,1.837355,1.755242,0,10.77905,83.1,86.8,33.89180185,,33.89511657,,-5.9,-6.8,-30,-6.113,-6.7028,-1.7877,,-1.02973678,,242,135.5,234,126,20.5,7.1,22.6,10.4,,,2974.76,-0.26
underway_1200.34071803,34071803,201011040,2011-04-06T01:20:00,20110406012000,MULTIPOINT ((-65.1068 87.4682)),87.4682,-65.1068,74.2,74.676,74.86083984,,14.6,1.16,0,0.73,-0.16,,,999.89,,,27.33290927,,40.4,2.367,2.4354,4.042,289.50177377,375.86,,-8,280.6046,276.8562,,,,18.80102,19.40791,5.511867,8.776093,0,10.7756,84.2,85.8,33.86910433,,33.86910433,,-5.2,-6.7,-30,-5.8867,-6.6318,-1.7758,,-1.02387039,,251,170.1,248,164.1,25.1,10.6,24.9,10.5,,,3149.38,-0.23
underway_1200.34071923,34071923,201011040,2011-04-06T01:40:00,20110406014000,MULTIPOINT ((-65.0834 87.6535)),87.6535,-65.0834,73.7,74.572,74.76745605,,14.7,1.29,0,0.57,-0.1,,,999.78,,,27.30560298,,40.37,3.484,1.8368,4.052,290.17048194,376.87,,-8,280.3491,277.918,,,,35.3714,37.58357,16.53559,15.79674,0,10.7619,83.4,87.1,33.83183268,,33.83183268,,-5.3,-6.3,-30,-5.4805,-6.3845,-1.794,,-1.02387039,,248,163.8,246,159.4,22.6,8.1,23.8,9.4,,,3706.19,-0.23
underway_1200.34072043,34072043,201011040,2011-04-06T02:00:00,20110406020000,MULTIPOINT ((-65.0614 87.8418)),87.8418,-65.0614,74.2,76.916,77.30529785,,15,0.91,0,0.74,-1.02,,,999.51,,,27.31980041,,40.38,6.122,1.7056,4.048,289.7466381,376.23,,-8,280.1999,276.0703,,,,52.89778,56.37536,22.04716,24.57304,0,10.7752,84.1,87.2,33.82734488,,33.82805865,,-5.5,-6.4,-30,-5.5149,-6.3141,-1.7698,,-1.00334241,,247,149.5,242,147,20,5.5,24.5,10.3,,,3210.59,-0.21
underway_1200.34072163,34072163,201011040,2011-04-06T02:20:00,20110406022000,MULTIPOINT ((-65.0398 88.0249)),88.0249,-65.0398,73.8,75.521,76.04187012,,13.1,0.93,0,0.3,-1,,,999.29,,,27.32635366,,40.4,9.163,1.4678,4.049,289.34511764,375.58,,-8,283.1457,280.4473,,,,73.61075,76.09133,36.74456,35.10269,-204.9092,10.76165,83.3,87,33.83258996,,33.83369183,,-4.4,-6.5,-30,-5.0695,-6.2965,-1.7729,,-1.00041039,,246,150.3,239,146.6,17.3,4.7,23,10.9,,,3004.28,-0.21
underway_1200.34072283,34072283,201011040,2011-04-06T02:40:00,20110406024000,MULTIPOINT ((-65.0185 88.194)),88.194,-65.0185,75.4,76.868,77.2668457,,14.6,0.91,0,0.27,-0.27,,,999.04,,,27.32963268,,40.31,,1.3858,4.063,291.14874473,378.11,,-8,281.0151,283.9947,,,,88.58785,90.87831,44.0926,42.12297,0,10.74786,82.3,87.4,33.86573527,,33.86683918,,-5.5,-6.1,-30,-4.8654,-5.9724,-1.8123,,-1.02582579,,255,177.9,256,179.8,23.9,9.3,22.8,8.2,,,3217.73,-0.22
underway_1200.34072403,34072403,201011040,2011-04-06T03:00:00,20110406030000,MULTIPOINT ((-64.9971 88.3794)),88.3794,-64.9971,72.6,73.529,73.81164551,,14.8,1.01,0,0.93,-1.78,,,998.74,,,27.35911527,,40.34,0.633,0.5248,,289.99373653,376.47,,-8,262.9194,258.5288,,,,227.2001,248.298,139.6195,143.9146,0,10.73523,83.7,86.3,33.79913326,,33.80132974,,-4.5,-6.4,-30,-4.626,-5.894,-1.685,,-0.93203613,,243,150.4,240,151.3,21.1,7,26.1,12.1,,,3238.04,-0.16
underway_1200.34072523,34072523,201011040,2011-04-06T03:20:00,20110406032000,MULTIPOINT ((-64.9741 88.5657)),88.5657,-64.9741,74.7,74.977,75.39367676,,14.9,0.97,0,0.58,-0.86,,,998.49,,,27.37659014,,40.41,4.21,0.4264,4.044,288.00989147,373.93,,-8,275.9242,272.0338,,,,149.7668,157.1117,69.81111,73.7095,0,10.7206,82.8,86.7,33.81122277,,33.80863864,,-4.2,-6.1,-30,-4.1888,-5.7548,-1.6883,,-0.91739432,,247,152.3,243,152,20.5,6.1,24.7,10.5,,,3329.04,-0.11
underway_1200.34072643,34072643,201011040,2011-04-06T03:40:00,20110406034000,MULTIPOINT ((-64.9523 88.7541)),88.7541,-64.9523,75.2,76.301,76.64611816,,14.9,1.03,0,0.87,-0.95,,,998.25,,,27.38969558,,40.44,5.148,0.4592,4.049,287.44128485,372.98,,-8,283.8344,281.1985,,,,161.8578,169.4341,77.15695,82.48799,0,10.72006,82.2,86.7,33.8056116,,33.80451441,,-4.4,-6.1,-30,-3.9945,-5.6248,-1.6578,,-0.89787728,,238,122.8,237,126.7,19.4,6.8,21,8.3,,,3157.2,-0.11
underway_1200.34072763,34072763,201011040,2011-04-06T04:00:00,20110406040000,MULTIPOINT ((-64.9299 88.9435)),88.9435,-64.9299,74.2,76.022,76.51428223,,15,1.41,0,0.6,-2.13,,,997.94,,,27.37659066,,40.44,2.286,0.4428,4.038,287.42482545,373.06,,-8,281.5214,280.4848,,,,237.6499,249.5303,121.2459,126.3621,0,10.71929,81.9,85.7,33.81303124,,33.81522797,,-4.7,-6.3,-30,-4.0621,-5.7896,-1.7048,,-0.92325063,,252,171.7,250,165.3,24.3,9.4,23.8,9,,,3019.78,-0.11
underway_1200.34072883,34072883,201011040,2011-04-06T04:20:00,20110406042000,MULTIPOINT ((-64.9066 89.1291)),89.1291,-64.9066,73,74.687,75.06408691,,14.8,1.14,0,0.53,-1.55,,,997.7,,,27.35256302,,40.39,7.386,0.4182,4.039,288.7546819,374.76,,-8,278.8294,272.4852,,,,214.0682,226.1176,106.5492,115.8268,0,10.71955,82.5,84.6,33.81108693,,33.80888858,,-4,-6.2,-30,-3.7593,-5.6508,-1.8076,,-0.9466814,,245,148.2,238,146,20.2,5.9,27.2,13.4,,,3134.7,-0.14
underway_1200.34073003,34073003,201011040,2011-04-06T04:40:00,20110406044000,MULTIPOINT ((-64.882 89.3131)),89.3131,-64.882,72.9,74.413,74.41589355,,14.6,0.93,0,0.55,-0.6,,,997.36,,,27.36349021,,40.38,5.082,0.5658,4.039,289.10811527,375.62,,-8,264.4499,261.1092,,,,261.851,275.4075,135.9421,143.9059,0,10.71209,80.6,85,33.8998057,,33.88214165,,-4.5,-6,-30,-3.5938,-5.547,-1.763,,-0.99845579,,,,,,,,,,,,3365.66,-0.17
underway_1200.34073123,34073123,201011040,2011-04-06T05:00:00,20110406050000,MULTIPOINT ((-64.8577 89.4955)),89.4955,-64.8577,73.3,74.62,75.08605957,,14.7,0.91,0,0.32,-1.29,,,997.14,,,27.3416447,,40.32,5.821,0.6396,4.042,290.39373934,377.12,,-8,243.0159,242.3559,,,,311.2269,335.1716,183.7056,175.4965,0,10.70518,79.8,82.9,33.84832243,,33.84793501,,-4.4,-6,-30,-3.4289,-5.4089,-1.7488,,-0.99454678,,245,147.2,237,144.4,19.8,5.7,26.5,13,,,3511.37,-0.17
underway_1200.34073243,34073243,201011040,2011-04-06T05:20:00,20110406052000,MULTIPOINT ((-64.8391 89.6817)),89.6817,-64.8391,75.3,76.636,77.36572266,,14.8,1.36,0,0.45,-1.14,,,996.79,,,27.35365476,,40.31,2.003,0.5166,4.093,290.20863242,376.45,,-8,245.7756,242.8048,,,,622.7723,500.6009,367.4112,119.3382,0,10.69141,80.5,83.2,33.80488103,,33.80378228,,-4.1,-6.2,-30,-3.0354,-5.3056,-1.7484,,-0.94082288,,246,155,245,156.6,25.3,11,27.8,13.5,,,3306.74,-0.13
underway_1200.34073363,34073363,201011040,2011-04-06T05:40:00,20110406054000,MULTIPOINT ((-64.8162 89.861)),89.861,-64.8162,70.7,71.903,72.45483398,,14.5,0.98,0,0,-1.15,,,996.61,,,27.34819668,,40.31,6.586,0.4346,4.051,290.12673481,376.71,,-8,248.0007,240.0416,,,,699.2251,553.8862,411.5005,154.4438,0,10.67791,77.3,80.6,33.84144548,,33.83704031,,-4,-6.3,-30,-2.3139,-4.9528,-1.7682,,-0.97695928,,243,146.3,236,146.1,19,5.1,26,12.6,,,3396.32,-0.13
underway_1200.34073483,34073483,201011040,2011-04-06T06:00:00,20110406060000,MULTIPOINT ((-64.7899 90.0403)),90.0403,-64.7899,71.4,72.611,72.89428711,,14.6,1.01,0,0.81,-1.21,,,996.15,,,27.3492885,,40.29,5.14,0.4182,4.052,290.18798571,376.55,,-8,219.1878,213.4735,,,,372.3892,342.5498,185.5426,119.3376,0,10.64756,76.9,79.7,33.82862124,,33.833024,,-3.6,-6.2,-30,-1.7774,-4.8819,-1.705,,-0.97207475,,243,147.6,236,145.4,19.6,5.6,26.5,13,,,3367.67,-0.1
underway_1200.34073603,34073603,201011040,2011-04-06T06:20:00,20110406062000,MULTIPOINT ((-64.7642 90.2199)),90.2199,-64.7642,70.8,72.451,72.93823242,,14.5,0.97,0,0.13,-1.19,,,995.98,,,27.36894596,,40.32,,0.4756,4.047,289.04523822,375.08,,-8,218.033,218.1043,,,,490.5726,326.5038,249.8396,263.2425,0,10.6172,75.7,80.8,33.81141378,,33.81910526,,-4,-6.1,-30,-2.0329,-5.0527,-1.7437,,-0.9359412,,240,135.5,234,132.8,18.8,5.4,21.6,8.8,,,3473.37,-0.05
underway_1200.34073723,34073723,201011040,2011-04-06T06:40:00,20110406064000,MULTIPOINT ((-64.7373 90.3985)),90.3985,-64.7373,67.8,69.113,69.97741699,,14.5,1.6,0,0,-1.47,,,996.02,,,27.37222214,,40.24,4.317,0.7052,,290.36526186,376.66,,-8,240.5002,243.4609,,,,655.882,248.2493,349.0406,396.6209,0,10.59697,73.9,78.6,33.81257779,,33.81587349,,-4.1,-6.1,-30,-1.9662,-4.663,-1.7358,,-0.92910749,,247,175.9,245,170.2,24,9.5,23.6,9.2,,,3326.85,-0.03
underway_1200.34073843,34073843,201011040,2011-04-06T07:00:00,20110406070000,MULTIPOINT ((-64.7147 90.5783)),90.5783,-64.7147,77.4,78.642,79.33776855,,14.2,1.19,0,1.22,-1.6,,,995.72,,,27.39406933,,40.16,2.058,0.8282,4.053,291.81316494,378.82,,-8,242.4169,239.1416,,,,279.9705,493.3551,358.2259,389.6042,-204.8905,10.58348,72.5,78.2,33.86651321,,33.86981659,,-3.5,-5.9,-30,-1.3209,-4.4222,-1.7242,,-0.95058739,,247,147.7,243,147.7,21,7.5,26.2,12.9,,,3309.35,-0.03
underway_1200.34073963,34073963,201011040,2011-04-06T07:20:00,20110406072000,MULTIPOINT ((-64.6966 90.7609)),90.7609,-64.6966,79.9,85.943,86.29760742,,14.4,1.17,0,1.07,-3.3,,,995.34,,,27.40608176,,40.16,2.694,1.0496,4.049,291.36173337,378.12,,-8,242.9381,237.5395,,,,580.3378,631.3246,363.7371,326.4329,0,10.58348,74.8,77.4,33.85387549,,33.85426234,,-3.5,-5.8,-30,-2.3194,-5.0335,-1.6969,,-0.92227454,,250,143.1,245,144,20.5,6.7,28.5,15.1,,,3253.7,0.01
underway_1200.34074083,34074083,201011040,2011-04-06T07:40:00,20110406074000,MULTIPOINT ((-64.6825 90.9451)),90.9451,-64.6825,78.8,79.999,80.3704834,,14.1,1.28,-0.13,0.08,-2.18,,,995.4,,,27.5305852,,40.06,2.699,0.8774,4.047,291.60353289,378.01,,-8,274.8129,272.1743,,,,410.2312,400.962,224.1208,203.5798,0,10.58348,73.2,77.7,33.82023678,,33.8140051,,-3.3,-5.8,-30,-1.5086,-4.9808,-1.5929,,-0.73612264,,249,152.8,244,147.3,21.6,8,25.3,12.1,,,3101.95,0.16
underway_1200.34074203,34074203,201011040,2011-04-06T08:00:00,20110406080000,MULTIPOINT ((-64.6661 91.1267)),91.1267,-64.6661,79.1,77.699,78.27209473,,14.4,1.2,0,0,-1.98,,,995.3,,,27.48144239,,40.07,0.49,1.5416,4.053,291.88614847,378.55,,-8,231.8496,236.0137,,,,199.3863,252.8346,95.52691,112.3174,0,10.58348,74.1,77.4,33.87394414,,33.87542769,,-4.4,-5.9,-30,-2.7698,-5.3839,-1.6485,,-0.85008651,,250,157,248,156.7,23.5,9.6,26.3,12.5,,,2910.54,0.11
underway_1200.34074323,34074323,201011040,2011-04-06T08:20:00,20110406082000,MULTIPOINT ((-64.6621 91.3084)),91.3084,-64.6621,98.2,98.792,99.38232422,,14.3,1.15,0,0,-2.87,,,995.04,,,27.46396527,,40.05,0.239,1.5744,,292.24042309,379.08,,-8,250.4743,251.8024,,,,379.973,519.8568,282.9066,117.5818,0,10.58348,74.1,,33.83814748,,33.8440154,,-4.4,,-30,-2.436,-4.9681,-1.6041,,-0.84326226,,253,128.6,240,113.4,26.3,14.8,28.2,19.1,,,2993.46,0.12
underway_1200.34074443,34074443,201011040,2011-04-06T08:40:00,20110406084000,MULTIPOINT ((-64.6794 91.4903)),91.4903,-64.6794,104.1,104.097,104.89196777,,14.3,1.39,-0.05,0.25,-3.01,,,994.8,,,27.47597958,,40.03,0.04,1.3202,4.049,292.4743895,379.43,,-8,209.9782,216.0343,,,,157.3412,146.2933,69.80813,77.21923,-204.8915,10.58348,74.6,74.8,33.85594257,,33.85046022,,-4.8,-5.4,-30,-3.3814,-5.2807,-1.704,,-0.83448934,,235,91.9,242,104.6,23.2,17.6,25.9,18.1,,,2857.67,0.13
underway_1200.34074563,34074563,201011040,2011-04-06T09:00:00,20110406090000,MULTIPOINT ((-64.6986 91.6711)),91.6711,-64.6986,104.8,105.515,106.32019043,,14.4,1.26,0,0,-1.83,,,994.45,,,27.43666485,,40.07,,1.558,4.049,292.55291604,379.52,,-8,228.8473,226.7384,,,,310.2364,351.7566,161.6609,210.606,204.8994,10.58348,75.1,,33.89809053,,33.88928345,,-4.8,,-30,-3.8978,-5.2912,-1.7621,,-0.91641832,,231,91.7,240,103.9,26.7,21.7,28.3,20.8,,,2709.49,0.05
underway_1200.34074683,34074683,201011040,2011-04-06T09:20:00,20110406092000,MULTIPOINT ((-64.7189 91.8509)),91.8509,-64.7189,105.4,106.462,107.35290527,,14.4,1.3,-0.24,0,-2.24,,,994.04,,,27.33617787,,39.95,1.918,1.6154,4.046,295.68081011,383.36,,-8,205.9598,207.8338,,,,195.268,154.9441,73.48224,108.8071,0,10.58348,74.8,74,33.78147807,,33.77011263,,-5,-5.5,-30,-4.2899,-5.4361,-1.7401,,-0.93203613,,235,96.4,241,105.8,27.2,21.1,29.8,22.1,,,2745.46,0.01
underway_1200.34074803,34074803,201011040,2011-04-06T09:40:00,20110406094000,MULTIPOINT ((-64.7387 92.0313)),92.0313,-64.7387,102.4,103.808,104.71069336,,14,1.2,-0.12,0,-3.22,,,994.03,,,27.33399336,,40.02,0.247,1.9844,4.052,294.44210235,381.78,,-8,250.0401,253.9213,,,,111.8122,113.9793,58.78579,59.66863,0,10.58348,76.4,76.7,33.76713978,,33.76713978,,-5.5,-6.2,-30,-4.8064,-5.7169,-1.7261,,-0.93203613,,237,95.1,239,100.9,23,16.5,24.6,17.3,,,2812.25,0
underway_1200.34074923,34074923,201011040,2011-04-06T10:00:00,20110406100000,MULTIPOINT ((-64.7565 92.21)),92.21,-64.7565,102.2,2.71,105.36987305,,14.1,0,0,0,0,,,993.71,,,27.33727247,,40.03,-1.449,2.1402,4.058,294.16876355,381.6,,-8,260.1987,260.8521,,,,65.62202,86.25727,69.80813,77.21802,0,10.58348,77,78.5,33.80015432,,33.80125357,,-5.7,-6.4,-30,-5.4807,-6.1034,-1.7461,,-0.95840012,,253,121.7,243,112,26.4,15.7,30,21.1,,,2724.1,0
underway_1200.34075043,34075043,201011040,2011-04-06T10:20:00,20110406102000,MULTIPOINT ((-64.7756 92.3879)),92.3879,-64.7756,108,192.14,109.37438965,,13.8,0,0,0,0,,,993.58,,,27.34054732,,40.01,1.427,2.5584,4.043,294.48432681,381.85,,-8,276.7254,277.7679,,,,28.03271,28.95781,14.69645,12.28491,0,10.58348,78.8,82.1,33.78264467,,33.78154678,,-6.1,-6.7,-30,-5.852,-6.4196,-1.6159,,-0.9369175,,255,112.4,248,110.5,23,13.7,27,18.6,,,2723.14,0.01
underway_1200.34075163,34075163,201011040,2011-04-06T10:40:00,20110406104000,MULTIPOINT ((-64.7951 92.5636)),92.5636,-64.7951,104.2,105.788,107.05078125,,13.8,2.39,0,0,-1.73,,,993.61,,,27.42136364,,39.97,1.452,2.296,4.052,294.02901581,380.87,,-8,273.6122,272.7085,,,,14.65376,15.4031,5.511168,7.020253,0,10.58357,79.3,81.1,33.74643667,,33.75010189,,-6.2,-6.8,-30,-6.1064,-6.5964,-1.6222,,-0.81110093,,224,84.7,237,101.7,25.7,22.3,28.3,21.5,,,5559.37,0.12
underway_1200.34075283,34075283,201011040,2011-04-06T11:00:00,20110406110000,MULTIPOINT ((-64.8451 92.657)),92.657,-64.8451,159.6,158.838,159.37866211,,13.5,1.34,0,0,-2.07,,,992.75,,,27.39514719,,39.99,2.428,2.3616,4.055,293.88889799,380.79,,-8,264.6739,265.0458,,,,7.647442,8.009612,5.511624,5.26565,0,10.57186,79.7,78.7,33.68660539,,33.68948267,,-7.2,-7.4,-30,-7.0152,-7.1309,-1.5912,,-0.78869532,,219,40.5,228,45.9,26.8,35.6,25.5,33,,,3706.2,0.11
underway_1200.34075403,34075403,201011040,2011-04-06T11:20:00,20110406112000,MULTIPOINT ((-64.9178 92.7007)),92.7007,-64.9178,170.8,169.293,169.62890625,,13.8,1.46,-0.6,0,-2.07,,,992.81,,,27.42463707,,39.99,5.755,1.7384,4.044,294.05998109,380.9,,-8,242.5722,241.3826,,,,3.823928,3.696744,5.512297,1.755237,0,10.55654,78.2,78.1,33.71783774,,33.71199957,,-8.3,-8.4,-30,-8.1868,-8.1472,-1.6815,,-0.77311359,,218,30.5,222,32.2,21.7,32.6,20.3,30.8,,,3707.04,0.09
underway_1200.34075523,34075523,201011040,2011-04-06T11:40:00,20110406114000,MULTIPOINT ((-64.9932 92.7284)),92.7284,-64.9932,170.3,168.668,169.38171387,,14,1.04,0,0,-1.78,,,992.74,,,27.38314155,,40.13,4.115,1.3038,4.039,292.34529237,379.42,,-8,186.917,184.7387,,,,1.911966,2.46466,3.675314,1.755289,0,10.54811,76.2,75.8,33.78573473,,33.79012014,,-9.5,-9.7,-30,-9.4441,-9.3485,-1.6393,,-0.89299898,,226,35.5,232,38.5,22.5,32.6,21.1,30.4,,,3706.6,-0.01
underway_1200.34075643,34075643,201011040,2011-04-06T12:00:00,20110406120000,MULTIPOINT ((-65.0265 92.7393)),92.7393,-65.0265,75.5,103.616,104.93591309,,1.3,1.64,-0.17,0,-1.11,,,993.42,,,27.36020744,,40.15,-1.202,0.9266,4.05,292.63119292,379.8,,-8,230.2226,227.0886,,,,1.912342,2.465258,0,0,0,10.5635,77.7,77,33.804303,,33.80171804,,-9.3,-9.9,-30,-9.6948,-9.767,-1.725,,-0.9310599,,196,84.2,215,103.7,11.6,11.7,12.5,12.1,,,504.58,-0.07
underway_1200.34075763,34075763,201011040,2011-04-06T12:20:00,20110406122000,MULTIPOINT ((-65.0177 92.7579)),92.7579,-65.0177,43.5,49.827,49.66369629,,2,1.67,-0.12,0.26,-0.67,,,993.5,,,27.34273505,,40.19,1.761,0.779,4.045,292.39745651,379.54,,-8,200.1063,186.0511,,,,1.912603,1.848989,-5.512994,-1.755507,0,10.57712,79.1,74.2,33.82519355,,33.82519355,,-7.9,-10.2,-30,-9.1805,-10.068,-1.7636,,-0.97305163,,207,153.1,206,153.6,11.2,9.4,16.2,14.4,,,698.88,-0.12
underway_1200.34075883,34075883,201011040,2011-04-06T12:40:00,20110406124000,MULTIPOINT ((-65.0088 92.7679)),92.7679,-65.0088,173.4,193.485,194.58984375,,2.4,1.52,0,0.15,-1.54,,,993.4,,,27.37113135,,40.15,,1.1562,4.063,293.05552263,380.39,,-8,181.6186,178.8716,,,,1.912612,2.157162,0,1.755535,0,10.56362,73.7,72,33.82977476,,33.833074,,-9.6,-9.7,-30,-9.7494,-9.7225,-1.7409,,-0.94570494,,213,14.2,207,9.2,15.1,17.5,14.5,17,,,680.79,-0.11
underway_1200.34076003,34076003,201011040,2011-04-06T13:00:00,20110406130000,MULTIPOINT ((-65.0122 92.7412)),92.7412,-65.0122,272.5,257.317,257.74475098,,2,1.95,-0.1,0.47,-0.3,,,993.33,,,27.36785978,,40.18,-1.443,1.2382,4.04,292.67746379,379.96,,-8,180.9366,178.9554,,,,1.912612,2.465331,1.837665,-1.755536,0,10.53662,73.6,72.3,33.89505621,,33.89472457,,-10.3,-10.1,-30,-10.4038,-10.2233,-1.7137,,-1.00431977,,190,299.6,196,304.9,13.7,14.6,14.6,15.7,,,701.55,-0.14
underway_1200.34076123,34076123,201011040,2011-04-06T13:20:00,20110406132000,MULTIPOINT ((-64.9934 92.757)),92.757,-64.9934,36.2,38.343,39.09484863,,9.1,1.07,0,1.55,-2.22,,,993.32,,,27.58955796,,39.97,3.138,1.1316,4.056,294.02152771,381.09,,-8,182.3536,177.9963,,,,1.912612,2.157165,-1.837665,-1.755536,0,10.53662,74.8,70.6,33.74974251,,33.75113624,,-9.4,-10.3,-30,-10.5497,-10.4567,-1.6901,,-0.60877004,,213,170.2,209,158.5,15.3,6.2,14.7,5.8,,,781.82,0.12
underway_1200.34076243,34076243,201011040,2011-04-06T13:40:00,20110406134000,MULTIPOINT ((-64.9534 92.8286)),92.8286,-64.9534,38.3,36.905,36.44165039,,8.9,2.42,-0.45,0.89,-0.97,,,993.59,,,27.46286934,,40.04,5.743,1.2054,,294.21563801,381.77,,-8,184.8086,181.657,,,,1.912612,1.848998,-3.67533,-1.755536,0,10.56362,73.5,71.7,33.7987354,,33.79654856,,-9.4,-10.2,-30,-10.4426,-10.613,-1.7241,,-0.80233256,,215,164.8,212,161.5,11.1,2.3,13,4.3,,,1358.09,-0.02
underway_1200.34076363,34076363,201011040,2011-04-06T14:00:00,20110406140000,MULTIPOINT ((-64.9122 92.8944)),92.8944,-64.9122,32.6,37.41,36.54052734,,9.1,1.21,0,1.11,-1.3,,,993.76,,,27.4574082,,40.1,1.846,1.0086,4.113,293.17110588,380.41,,-8,185.8652,187.0745,,,,1.912612,1.848998,-1.837665,-1.755536,0,10.56362,72,70.8,33.78882618,,33.7924231,,-9.9,-9.2,-30,-10.6766,-10.6032,-1.7132,,-0.80525521,,217,188.8,215,183.8,14.7,5.7,13.7,4.6,,,1568.07,-0.03
underway_1200.34076483,34076483,201011040,2011-04-06T14:20:00,20110406142000,MULTIPOINT ((-64.87 92.9601)),92.9601,-64.87,33.6,36.227,35.2935791,,9.1,1.71,0,1.17,-1.75,,,993.85,,,27.47925313,,39.99,6.058,2.0664,4.05,295.36325035,383.17,,-8,188.8401,186.2798,,,,1.593844,1.540832,-1.837665,-1.755536,0,10.56362,72.7,72.2,33.78435235,,33.81329573,,-9.5,-9.6,-30,-10.4426,-10.5348,-1.6776,,-0.79746177,,228,228.3,221,257.2,12,3.9,9.4,1.3,,,1786.02,-0.03
underway_1200.34076603,34076603,201011040,2011-04-06T14:40:00,20110406144000,MULTIPOINT ((-64.8279 93.0248)),93.0248,-64.8279,46,55.133,54.43725586,,8.6,1.59,-0.12,0.19,-2.39,,,993.91,,,27.50982254,,39.93,2.696,2.5256,4.046,295.478611,382.73,,-8,206.2397,203.7712,,,,1.912612,1.848998,-3.67533,-1.755536,0,10.57712,74.9,73.6,33.67180068,,33.67180068,,-9,-9.7,-30,-10.1329,-10.204,-1.5304,,-0.63402535,,217,138.6,214,139.8,11.8,3.6,14,5.9,,,1985.28,0.08
underway_1200.34076723,34076723,201011040,2011-04-06T15:00:00,20110406150000,MULTIPOINT ((-64.8064 93.1303)),93.1303,-64.8064,65.1,65.106,64.48974609,,8.8,1.37,0,1.62,-2.51,,,993.86,,,27.55460205,,39.91,2.945,2.4108,4.057,295.25716247,382.39,,-8,212.9611,210.3424,,,,1.912612,1.848998,-1.837665,-1.755536,204.9561,10.57712,75.7,74.9,33.67734966,,33.67587862,,-9.2,-9.3,-30,-9.9695,-9.9144,-1.53,,-0.58352499,,206,108.9,209,117.5,15.7,10.4,17.2,11.2,,,2003.65,0.13
underway_1200.34076843,34076843,201011040,2011-04-06T15:20:00,20110406152000,MULTIPOINT ((-64.7802 93.2315)),93.2315,-64.7802,52.4,54.511,54.79980469,,9.2,1.87,-0.47,0.22,-0.68,,,993.86,,,27.53057589,,39.93,,2.624,4.038,295.17695318,382.4,,-8,213.9294,212.0165,,,,1.912612,2.465331,-1.837665,-1.755536,0,10.58387,74.9,74.6,33.69762418,,33.69762418,,-9.5,-9.9,-30,-9.979,-10.03,-1.5602,,-0.63208227,,213,102.2,217,113.8,10.7,3.6,11.1,3.4,,,2100.96,0.1
underway_1200.34076963,34076963,201011040,2011-04-06T15:40:00,20110406154000,MULTIPOINT ((-64.7463 93.322)),93.322,-64.7463,49.1,49.726,49.4934082,,9.2,1.86,0,1.2,-1.9,,,993.62,,,27.52293141,,39.95,-1.896,2.7552,4.047,294.88764051,382.03,,-8,202.3273,198.5533,,,,1.912612,1.848998,-1.837665,-1.755536,0,10.58387,75.4,74.2,33.70318382,,33.70682724,,-9.2,-9.7,-30,-10.104,-10.1652,-1.5612,,-0.64957219,,207,121.1,206,124.1,13.1,5.7,14,6.6,,,2271.12,0.09
underway_1200.34077083,34077083,201011040,2011-04-06T16:00:00,20110406160000,MULTIPOINT ((-64.7122 93.4124)),93.4124,-64.7122,50.6,50.087,49.69665527,,9.1,0.97,0,0,-1.29,,,993.42,,,27.54040793,,39.96,4.068,2.3944,4.049,294.86536432,382.17,,-8,202.2082,200.1456,,,,1.912612,1.848998,-1.837665,-1.755536,0,10.59062,74.7,73.8,33.73219539,,33.72824158,,-9.6,-10.2,-30,-10.1329,-10.301,-1.5517,,-0.64762862,,200,111.4,202,119.3,13.7,7.5,14.5,7.8,,,2397.27,0.07
underway_1200.34077203,34077203,201011040,2011-04-06T16:20:00,20110406162000,MULTIPOINT ((-64.679 93.5026)),93.5026,-64.679,50.1,50.755,50.15808105,,9,1.38,0,0.03,-1.11,,,993.42,,,27.50326993,,39.94,7.998,2.7306,4.048,295.2674476,382.57,,-8,203.9064,200.1456,,,,1.912612,1.848998,-1.837665,-1.755536,0,10.60412,75.6,75.2,33.6770448,,33.6770448,,-9.4,-10.1,-30,-10.21,-10.301,-1.5562,,-0.64665686,,208,126.2,206,130.7,13.7,6.3,15.9,8.5,,,2505.43,0.08
underway_1200.34077323,34077323,201011040,2011-04-06T16:40:00,20110406164000,MULTIPOINT ((-64.647 93.5931)),93.5931,-64.647,46.1,46.162,45.78552246,,9.1,1.82,0,0.03,-0.81,,,993.52,,,27.54367917,,39.93,2.369,2.5666,4.038,294.88600314,381.89,,-8,207.9773,204.3678,,,,1.912612,1.540832,-1.837665,-1.755536,0,10.60412,75.6,74.3,33.66549298,,33.66224964,,-9.1,-10,-30,-10.2005,-10.3204,-1.4902,,-0.58449576,,222,169.1,220,164,13.6,4.6,14.6,5.6,,,2613.5,0.13
underway_1200.34077443,34077443,201011040,2011-04-06T17:00:00,20110406170000,MULTIPOINT ((-64.6111 93.6786)),93.6786,-64.6111,44.1,45.212,44.90661621,,9.2,1.14,0,0,-0.82,,,993.33,,,27.54368117,,39.96,5.144,2.5912,4.034,294.3594018,381.34,,-8,199.8753,196.3225,,,,1.912609,1.848998,-1.837665,-1.755536,0,10.60412,75.9,74.5,33.68821406,,33.6871314,,-9.4,-9.8,-30,-10.21,-10.1846,-1.5301,,-0.60682774,,211,139.4,200,128.1,13.2,4.7,15.8,8.3,,,0,0.12
underway_1200.34077563,34077563,201011040,2011-04-06T17:20:00,20110406172000,MULTIPOINT ((-64.576 93.7656)),93.7656,-64.576,49.1,49.349,49.12536621,,9.2,1.57,0,2.97,-4.09,,,993.11,,,27.46723151,,39.99,5.396,2.911,,295.04336269,382.49,,-8,198.0641,193.0164,,,,1.912587,1.540832,-3.67533,-1.755536,0,10.60412,76.2,74.4,33.71156509,,33.71521777,,-9.1,-9.8,-30,-10.1603,-10.204,-1.6579,,-0.72444588,,207,127.3,203,130,14.4,6.8,16.9,9.4,,,2588.93,0.01
underway_1200.34077683,34077683,201011040,2011-04-06T17:40:00,20110406174000,MULTIPOINT ((-64.5469 93.8645)),93.8645,-64.5469,59.7,59.774,59.21630859,,9.3,1.12,0,1.1,-1.65,,,993.13,,,27.50873155,,39.94,6.32,2.5912,4.043,295.48462506,382.78,,-8,193.4559,188.2772,,,,1.912608,2.157165,-1.837665,-1.755526,0,10.63112,75.4,74.5,33.68836034,,33.68658162,,-9.3,-9.8,-30,-10.0556,-10.0493,-1.5594,,-0.6486004,,226,136.8,215,125,12.9,4.4,15.1,7.7,,,2569.73,0.06
underway_1200.34077803,34077803,201011040,2011-04-06T18:00:00,20110406180000,MULTIPOINT ((-64.5208 93.968)),93.968,-64.5208,62.5,65.731,65.46203613,,9.1,1.57,-0.5,1.18,-2.86,,,993.3,,,27.45631123,,39.97,1.799,3.4276,4.046,295.52389802,383.25,,-8,194.5453,189.4322,,,,1.9126,2.465331,-1.837665,-1.755526,0,10.65812,75.3,72.8,33.72874125,,33.7320092,,-9,-9.7,-30,-10.0359,-10.03,-1.667,,-0.7526685,,228,134.6,224,133.3,13.2,5,14.9,7,,,2543.62,0
underway_1200.34077923,34077923,201011040,2011-04-06T18:20:00,20110406182000,MULTIPOINT ((-64.5041 94.0828)),94.0828,-64.5041,76,74.498,74.20715332,,9.4,1.33,0,0,-1.08,,,993.19,,,27.45958503,,39.97,2.704,3.1406,4.039,295.7188063,383.42,,-8,194.9403,193.2934,,,,1.912604,1.848998,-1.837665,-1.755536,0,10.64462,74.1,72.1,33.69656936,,33.69835353,,-9.3,-9.6,-30,-9.9402,-9.876,-1.6603,,-0.71860832,,223,108.8,219,110.8,14,8,15.8,10,,,2711.21,-0.01
underway_1200.34078043,34078043,201011040,2011-04-06T18:40:00,20110406184000,MULTIPOINT ((-64.4933 94.2025)),94.2025,-64.4933,78.7,76.819,77.14050293,,9.4,1.59,-0.05,0.1,-1.17,,,993.2,,,27.46832188,,39.98,-4.289,3.3866,3.991,295.40165573,382.94,,-8,198.6532,198.5121,,,,1.912611,1.848998,-1.837665,-1.755536,0,10.64462,74.7,72.4,33.69495141,,33.69277861,,-9.4,-9.7,-30,-10.0174,-9.9144,-1.6083,,-0.70304417,,225,79.3,228,95.8,10,5.6,11.7,6,,,2388.48,0
underway_1200.34078163,34078163,201011040,2011-04-06T19:00:00,20110406190000,MULTIPOINT ((-64.4762 94.3183)),94.3183,-64.4762,71.4,70.124,70.10375977,,9.5,1.21,0,0,-1.36,,,993.22,,,27.4748773,,39.95,,3.4604,3.987,295.91738796,383.73,,-8,193.6683,189.871,,,,1.912612,2.465331,-1.837665,-1.755504,204.9524,10.64462,74.5,73.2,33.73107899,,33.72338247,,-9.9,-10,-30,-10.2488,-10.1846,-1.6533,,-0.72249996,,194,75,206,98.2,12.1,10.7,15.3,10.9,,,2426.88,0
underway_1200.34078283,34078283,201011040,2011-04-06T19:20:00,20110406192000,MULTIPOINT ((-64.4576 94.4324)),94.4324,-64.4576,64.6,64.597,64.61608887,,9.4,1.12,0,0.07,-1.63,,,993.12,,,27.51091726,,39.95,2.654,2.8946,4.024,295.50543462,382.87,,-8,189.3582,184.3329,,,,1.912612,1.848998,-1.837665,-1.755535,0,10.64462,73.6,70.2,33.69842791,,33.70363029,,-9.6,-9.7,-30,-10.3165,-10.2233,-1.6164,,-0.66123487,,231,145.1,216,124.3,14.8,6.1,17,9.8,,,2496,0.04
underway_1200.34078403,34078403,201011040,2011-04-06T19:40:00,20110406194000,MULTIPOINT ((-64.4357 94.5424)),94.5424,-64.4357,65.3,64.992,64.86328125,,9.4,1.01,0,0,-1.18,,,993.29,,,27.47050418,,39.95,0.577,3.1242,4.042,295.93491755,383.3,,-8,184.9681,182.778,,,,1.912612,1.232666,-1.837665,-1.755536,-204.9561,10.64462,72.2,69.1,33.67006754,,33.66750789,,-9.7,-10,-30,-10.4038,-10.3398,-1.6003,,-0.67776077,,203,81.9,212,100.2,11.1,7.6,12.7,7.1,,,2604.29,0.01
underway_1200.34078523,34078523,201011040,2011-04-06T20:00:00,20110406200000,MULTIPOINT ((-64.4137 94.654)),94.654,-64.4137,64.9,65.502,65.28076172,,9.6,1.97,0,0.45,-1.59,,,993.42,,,27.54367943,,39.93,10.023,2.9438,4.042,295.37216818,382.64,,-8,185.0877,182.9379,,,,1.912612,1.848998,-1.837665,-1.755536,0,10.68512,71.6,68.2,33.66519165,,33.66549298,,-9.5,-9.8,-30,-10.3747,-10.301,-1.5107,,-0.58740818,,202,93.6,210,107.8,14.1,9.7,15.1,9,,,2331.5,0.09
underway_1200.34078643,34078643,201011040,2011-04-06T20:20:00,20110406202000,MULTIPOINT ((-64.396 94.77)),94.77,-64.396,71,70.035,69.94995117,,9.6,1.59,0,0,-0.89,,,993.13,,,27.5666136,,39.94,3.254,3.1242,4.019,294.67737515,381.81,,-8,185.4462,183.0578,,,,1.912612,1.848998,-1.837665,-1.755536,0,10.68512,70.7,67.1,33.66979923,,33.64560238,,-9.6,-9.9,-30,-10.2874,-10.2718,-1.4977,,-0.54179608,,210,96.3,215,106.2,13.7,9,14.7,8.9,,,2475.28,0.13
underway_1200.34078763,34078763,201011040,2011-04-06T20:40:00,20110406204000,MULTIPOINT ((-64.3778 94.8855)),94.8855,-64.3778,69.9,69.863,69.98840332,,9.5,1.57,0,0.36,-1.8,,,992.95,,,27.55023251,,39.94,3.858,2.4354,3.944,295.08514668,382.24,,-8,183.2711,183.4567,,,,1.912612,1.540832,-3.67533,-1.755536,0,10.69187,69.2,66.2,33.65045333,,33.66567021,,-9.8,-9.8,-30,-10.3262,-10.1749,-1.5199,,-0.57964205,,184,79.1,199,98.1,16.1,15.1,17.9,14,,,2461.44,0.1
underway_1200.34078883,34078883,201011040,2011-04-06T21:00:00,20110406210000,MULTIPOINT ((-64.3598 95.0009)),95.0009,-64.3598,71.4,70.098,70.33447266,,9.5,1.61,0,0.03,-1.37,,,993.01,,,27.53166497,,39.97,1.899,2.4272,3.92,294.72044721,381.69,,-8,193.8274,194.331,,,,1.912612,2.157165,-1.837665,-1.755536,0,10.69187,69.2,67.2,33.65510554,,33.65904007,,-9.6,-9.8,-30,-10.2101,-10.1459,-1.4834,,-0.59614623,,192,73.6,201,86.4,12.3,11,13.6,10.4,,,2266.37,0.08
underway_1200.34079003,34079003,201011040,2011-04-06T21:20:00,20110406212000,MULTIPOINT ((-64.3418 95.1171)),95.1171,-64.3418,70.2,69.507,69.6862793,,9.5,1.2,-0.27,0.6,-1.62,,,993.13,,,27.6387058,,39.94,2.471,2.0254,3.965,294.44161657,381.48,,-8,200.0336,198.9516,,,,1.912612,1.848998,-1.837665,-1.755536,0,10.68512,71.8,70.5,33.72031634,,33.74149986,,-9.7,-9.7,-30,-10.1715,-10.0686,-1.4261,,-0.54082597,,170,64.1,185,78.5,14.6,15.9,15.7,14.5,,,2348.54,0.14
underway_1200.34079123,34079123,201011040,2011-04-06T21:40:00,20110406214000,MULTIPOINT ((-64.3196 95.2257)),95.2257,-64.3196,50.7,49.995,49.921875,,9.6,1.17,0,0.08,-1.54,,,993.18,,,27.61140767,,40.02,1.418,1.8122,3.985,293.89187804,381.12,,-8,220.493,222.6858,,,,1.912612,2.465331,-1.837665,-1.755536,0,10.67162,73.8,73.4,33.79637162,,33.82516253,,-10.5,-10.7,-30,-10.5887,-10.5739,-1.5026,,-0.6486004,,157,61.3,170,72.3,11.7,12.9,12.3,11.3,,,2088.96,0.04
underway_1200.34079243,34079243,201011040,2011-04-06T22:00:00,20110406220000,MULTIPOINT ((-64.2841 95.3196)),95.3196,-64.2841,47.9,46.127,45.80200195,,9.5,0.9,0,0.09,-2.01,,,993.29,,,27.59938235,,39.99,-1.266,1.8122,3.904,293.89084024,380.75,,-8,216.1861,215.521,,,,1.912612,1.848998,-1.837775,0,0,10.65812,74.9,73.7,33.6857476,,33.68535849,,-11.2,-11.4,-30,-11.149,-11.2751,-1.4508,,-0.53791574,,151,58.4,161,65.6,10.9,12.6,11.2,11.4,,,2235.65,0.11
underway_1200.34079363,34079363,201011040,2011-04-06T22:20:00,20110406222000,MULTIPOINT ((-64.2427 95.4004)),95.4004,-64.2427,35.9,35.457,34.76074219,,9.9,2.29,-0.02,0.05,-3.03,,,993.04,,,27.60265841,,39.96,5.383,2.3288,3.891,294.51038151,381.48,,-8,218.5726,217.753,,,,1.912718,2.157165,-1.837936,-1.755536,0,10.65812,74.8,73.6,33.67503949,,33.67896759,,-11,-11.2,-30,-11.3046,-11.2552,-1.5468,,-0.52821597,,138,53.3,147,59.2,10.1,12.6,10.4,11.5,,,0,0.11
underway_1200.34079483,34079483,201011040,2011-04-06T22:40:00,20110406224000,MULTIPOINT ((-64.2071 95.485)),95.485,-64.2071,80,78.737,77.2668457,,9.9,1.05,0,0,-1.95,,,993.17,,,27.54258765,,39.96,,2.1074,,295.24586511,382.37,,-8,238.0794,237.3143,,,,1.594086,1.848998,0,1.755536,0,10.63112,75.1,73.3,33.67159176,,33.67051013,,-11,-11.2,-30,-11.2171,-11.2054,-1.4559,,-0.59323341,,147,41.5,157,46.1,12.5,18.8,12.1,17.4,,,5559.19,0.05
underway_1200.34079603,34079603,201011040,2011-04-06T23:00:00,20110406230000,MULTIPOINT ((-64.1939 95.6005)),95.6005,-64.1939,68.6,66.899,66.66503906,,10.1,0.93,0,0,-1.28,,,993.66,,,27.54805148,,40.02,8.077,2.1894,3.913,294.21852057,381.29,,-8,225.206,225.7482,,,,1.912935,1.848998,0,1.755536,0,10.50962,73.2,70.4,33.70562963,,33.70710237,,-11.3,-11.5,-30,-11.4083,-11.405,-1.4797,,-0.61945372,,167,51.6,177,58.1,10.1,13.2,10.5,12,,,3707.9,0.03
underway_1200.34079723,34079723,201011040,2011-04-06T23:20:00,20110406232001,MULTIPOINT ((-64.166 95.7127)),95.7127,-64.166,50.7,54.412,54.9041748,,10.5,1.48,0,0,-2.38,,,993.59,,,27.55242076,,40.02,8.06,1.7302,3.951,294.21007525,381.32,,-8,232.1339,232.2997,,,,1.912934,1.848998,-1.83797,-1.755536,-204.9561,10.45562,67.9,65.3,33.70935303,,33.71407736,,-11.7,-11.8,-30,-11.6886,-11.6459,-1.547,,-0.62042506,,149,46.6,158,52.6,11.2,14.4,11.5,13.1,,,5559.2,0.03
underway_1200.34079843,34079843,201011040,2011-04-06T23:40:00,20110406234001,MULTIPOINT ((-64.1403 95.8265)),95.8265,-64.1403,77.7,81.427,81.72180176,,11.1,1.28,0,0,-2.83,,,993.48,,,27.60266615,,40.01,,1.8122,3.966,294.25477675,381.46,,-8,198.2411,199.4736,,,,1.912935,2.465331,0,0,0,10.45562,62.5,60.6,33.77710523,,33.77532074,,-12.2,-12.3,-30,-12.0932,-12.0511,-1.6433,,-0.61459727,,147,31.3,151,32.1,11.6,18.7,10.7,17.5,,,5559.22,0.03
underway_1200.34079963,34079963,201011040,2011-04-07T00:00:00,20110407000001,MULTIPOINT ((-64.1208 95.9544)),95.9544,-64.1208,59.2,60.16,60.33691406,,10.3,0.98,0,0,-1.78,,,993.59,,,27.550248,,40.01,8.025,1.9106,4.02,295.61889568,383.85,,-8,184.1277,185.3328,,,,2.550757,2.773498,0,0,0,10.45562,61.1,58.5,33.87052087,,33.85919633,,-12.4,-12.5,-30,-12.5936,-12.6263,-1.7027,,-0.7526685,,163,49.2,172,55.3,10.1,12.6,10.4,11.4,,,0,-0.1
underway_1200.34080083,34080083,201011040,2011-04-07T00:20:00,20110407002001,MULTIPOINT ((-64.1127 96.1037)),96.1037,-64.1127,96,98.727,99.27246094,,12.1,1.03,0,0,-1.81,,,993.55,,,27.59174814,,40.03,8.156,2.091,4.053,294.51173277,382.16,,-8,180.8692,182.5997,,,,8.609601,9.245057,3.676451,5.266607,0,10.44212,51.7,49.1,33.80904317,,33.82365683,,-12.2,-12.3,-30,-12.3998,-12.5031,-1.5276,,-0.67095545,,161,27.4,163,26.7,10.9,19.6,9.9,18.5,,,0,-0.03
underway_1200.34080203,34080203,201011040,2011-04-07T00:40:00,20110407004001,MULTIPOINT ((-64.1022 96.2578)),96.2578,-64.1022,85,85.415,85.56152344,,12.2,1.16,0,0.22,-2.48,,,993.85,,,27.60812264,,39.99,8.21,1.8368,4.045,294.66081638,381.9,,-8,183.2101,185.042,,,,25.51012,26.81269,12.86792,12.2888,0,10.44212,51.5,50.3,33.71981667,,33.71981667,,-12.2,-12.3,-30,-12.3187,-12.4304,-1.4432,,-0.5582902,,177,37,185,40.7,9.1,15,9.3,14,,,2387.84,0.04
underway_1200.34080323,34080323,201011040,2011-04-07T01:00:00,20110407010001,MULTIPOINT ((-64.0948 96.4142)),96.4142,-64.0948,86.3,85.851,86.55578613,,12.1,1.19,0,0,-2.6,,,993.75,,,27.58955761,,39.99,8.077,1.7548,4.05,295.1027006,382.59,,-8,180.3023,181.5201,,,,46.2371,51.47186,20.22103,42.13819,0,10.44212,60.9,58,33.7388201,,33.74679777,,-13,-13.2,-30,-12.7928,-12.7711,-1.4767,,-0.60488551,,177,40.6,186,44.7,10.4,15.9,10.6,14.8,,,5733.12,0
underway_1200.34080443,34080443,201011040,2011-04-07T01:20:00,20110407012001,MULTIPOINT ((-64.077 96.5495)),96.5495,-64.077,74.3,77.951,78.83789062,,10.1,1.07,0,0,-2.04,,,993.97,,,27.60047858,,39.99,8.113,1.3448,4.046,294.97975306,382.54,,-8,187.6496,186.3895,,,,71.42834,74.5889,44.1186,66.7186,0,10.4185,65.5,64.4,33.73952929,,33.73550326,,-12.5,-12.7,-30,-12.7202,-12.8977,-1.5032,,-0.58158349,,200,71.3,210,82,13.1,10.9,13.6,9.5,,,5560.32,0.01
underway_1200.34080563,34080563,201011040,2011-04-07T01:40:00,20110407014001,MULTIPOINT ((-64.0675 96.6716)),96.6716,-64.0675,87.1,86.731,87.22595215,,10.5,1.19,0,0,-1.09,,,993.6,,,27.62780361,,40.09,8.123,0.9676,4.056,293.55383682,381.41,,-8,188.9298,187.5534,,,,114.1578,113.1157,80.88411,101.8371,0,10.42862,65.6,64.1,33.97364007,,33.98839889,,-12.4,-12.8,-30,-12.4007,-12.6062,-1.6878,,-0.77408733,,198,60.7,210,71.2,11.8,12.6,12.6,11.1,,,3644.16,-0.08
underway_1200.34080683,34080683,201011040,2011-04-07T02:00:00,20110407020001,MULTIPOINT ((-64.0423 96.7897)),96.7897,-64.0423,63.6,65.273,65.65429688,,10,1.23,0,0.36,-0.96,,,993.56,,,27.56334209,,40.03,8.112,0.9266,4.05,294.37247418,381.67,,-8,188.7188,189.8374,,,,176.0198,169.5172,117.6496,136.9498,-204.9832,10.405,64.8,63.8,33.71038031,,33.70821391,,-12.4,-12.6,-30,-11.9522,-12.3055,-1.4844,,-0.60197228,,189,73.6,199,86.8,12.6,10.6,13.8,9.8,,,2609.66,0
underway_1200.34080803,34080803,201011040,2011-04-07T02:20:00,20110407022000,MULTIPOINT ((-64.0237 96.9054)),96.9054,-64.0237,85.9,87.89,88.38500977,,9.9,1.27,0,0.05,-0.67,,,993.64,,,27.56116454,,40.04,8.061,0.6396,4.062,294.48596628,381.94,,-8,192.4864,192.2572,,,,223.8513,234.5206,154.4151,172.0478,0,10.39487,66.4,66.4,33.78630856,,33.79322707,,-11.9,-12.3,-30,-11.5192,-11.9729,-1.6111,,-0.68067756,,188,57.4,200,66,12.7,14.3,13,12.8,,,2605.06,-0.04
underway_1200.34080923,34080923,201011040,2011-04-07T02:40:00,20110407024000,MULTIPOINT ((-64.026 97.0355)),97.0355,-64.026,93.7,94.739,96.31713867,,9.2,1.24,0,0.05,-1.63,,,993.55,,,27.65945529,,39.98,8.102,0.6806,4.057,294.13875431,381.1,,-8,192.4685,195.2119,,,,300.3715,293.0665,183.8244,207.1534,0,10.378,68.4,68.4,33.71722426,,33.71321023,,-12.2,-12.5,-30,-11.2756,-12.041,-1.4741,,-0.49040131,,184,55.8,195,63.4,15.9,18.3,15.4,16.3,,,0,0.1
underway_1200.34081043,34081043,201011040,2011-04-07T03:00:00,20110407030000,MULTIPOINT ((-64.0335 97.1586)),97.1586,-64.0335,96.3,97.296,98.80554199,,9.4,1.29,0,0.59,-1.14,,,993.26,,,27.675836,,39.97,8.212,0.5822,4.044,293.68567716,380.36,,-8,191.3029,191.6894,,,,357.4154,343.2975,218.7416,49.15502,0,10.34762,65.8,65.3,33.6845419,,33.6845419,,-11.9,-12.5,-30,-10.8197,-11.848,-1.4204,,-0.44486035,,176,52.7,186,59.7,19.1,22.7,18.2,20.5,,,3803.9,0.16
underway_1200.34081163,34081163,201011040,2011-04-07T03:20:00,20110407032000,MULTIPOINT ((-64.0479 97.2908)),97.2908,-64.0479,103.8,103.604,105.06225586,,11.3,0.87,0,0,-1.02,,,992.97,,,27.68239359,,40.04,,0.451,4.043,292.17581143,378.57,,-8,184.387,189.8655,,,,426.9052,408.6288,249.9831,45.64395,204.9562,10.28012,65.4,65,33.74078588,,33.73862602,,-12.7,-13.2,-30,-11.5288,-11.767,-1.3709,,-0.48555494,,177,40.2,186,45.2,14.1,20.5,13.8,19,,,3707.07,0.16
underway_1200.34081283,34081283,201011040,2011-04-07T03:40:00,20110407034000,MULTIPOINT ((-64.0518 97.4328)),97.4328,-64.0518,88.9,88.45,89.90112305,,12,1.28,0,0.28,-0.56,,,993.35,,,27.7370089,,40.04,7.946,0.5494,4.047,291.68376592,378.01,,-8,190.2388,189.7933,,,,462.3008,465.9477,272.0284,45.64425,0,10.28012,69.3,69.1,33.79940522,,33.79793811,,-12.6,-12.9,-30,-11.0826,-12.0512,-1.3382,,-0.47295615,,194,64.3,207,75.7,17.1,18.1,17.6,15.9,,,3469.82,0.19
underway_1200.34081403,34081403,201011040,2011-04-07T04:00:00,20110407040000,MULTIPOINT ((-64.0501 97.5863)),97.5863,-64.0501,84.5,85.516,86.57226562,,11,0.87,0,0.47,-0.27,,,993.23,,,27.70425155,,40.06,8.138,0.533,4.044,292.3604429,379.27,,-8,189.8686,194.1674,,,,481.4364,514.33,286.7419,45.64395,-204.9562,10.28012,69.3,69.4,33.91086828,,33.91016182,,-12.5,-12.6,-30,-11.1732,-11.767,-1.5372,,-0.6126548,,187,68.1,200,79.9,19.1,19.8,19.9,18.2,,,1968.64,0.08
underway_1200.34081523,34081523,201011040,2011-04-07T04:20:00,20110407042000,MULTIPOINT ((-64.0616 97.7176)),97.7176,-64.0616,98.6,100.781,100.1953125,,12.5,0.76,0,0,-0.1,,,992.98,,,27.71080552,,40.12,8.265,0.5084,,290.69148032,377.14,,-8,191.5661,189.2108,,,,528.6173,137.7504,220.5676,321.2632,0,10.26662,70,69.3,33.91534982,,33.91900392,,-12.6,-12.7,-30,-11.2512,-11.9291,-1.4515,,-0.6126548,,197,67.8,210,79,24.3,25.6,24.2,22.8,,,3706.21,0.12
underway_1200.34081643,34081643,201011040,2011-04-07T04:40:00,20110407044000,MULTIPOINT ((-64.0707 97.8726)),97.8726,-64.0707,97.6,99.165,100.26672363,,12.3,1.04,0,0.17,-0.44,,,992.86,,,27.6955201,,40.13,8.068,0.5412,4.066,290.5434834,377.16,,-8,190.5372,189.8822,,,,531.4907,137.4422,301.4727,340.5741,0,10.28012,69.3,66.9,34.00073235,,33.98796313,,-12.8,-12.9,-30,-11.7523,-12.2965,-1.6591,,-0.69234609,,197,67.4,210,78.2,23.7,24.9,23.2,21.8,,,3707.9,0.1
underway_1200.34081763,34081763,201011040,2011-04-07T05:00:00,20110407050000,MULTIPOINT ((-64.0776 98.0291)),98.0291,-64.0776,94.6,96.177,97.43225098,,12.4,1.21,0,0,-1.16,,,992.2,,,27.64199872,,40.03,7.766,0.4674,4.036,293.25060543,380.66,,-8,191.7535,185.9921,,,,548.1384,144.8383,308.8292,351.1073,0,10.27,70.7,69.3,33.93893144,,33.94511714,,-13,-13.1,-30,-11.9498,-12.1941,-1.6697,,-0.71860832,,186,64.6,198,73.8,27.8,30.2,26.5,26.6,,,1894.66,0.05
underway_1200.34081883,34081883,201011040,2011-04-07T05:20:00,20110407052000,MULTIPOINT ((-64.0858 98.185)),98.185,-64.0858,93,94.005,95.93261719,,12.4,1.09,0,0,-1.56,,,992.89,,,27.67694743,,39.97,7.604,0.5166,4.116,293.87053239,381.33,,-8,193.2826,192.6918,,,,272.0016,633.2822,312.5068,356.3739,0,10.27,70.4,68.9,33.92315991,,33.92348493,,-12.7,-13.1,-30,-11.8207,-12.1328,-1.5717,,-0.65734707,,212,81.1,224,96.7,22.4,19.5,24.8,19.1,,,1812.11,0.1
underway_1200.34082003,34082003,201011040,2011-04-07T05:40:00,20110407054000,MULTIPOINT ((-64.0946 98.3408)),98.3408,-64.0946,98.6,99.265,100.43151855,,12.3,0.99,0,0.35,-1.2,,,992.71,,,27.76432502,,40.02,2.784,0.5084,4.047,291.42872101,378.3,,-8,191.7656,189.5793,,,,553.2508,612.0187,305.1537,358.1294,0,10.26662,68.8,66.5,33.92797196,,33.93014917,,-12.2,-12.8,-30,-11.2003,-11.8378,-1.5383,,-0.5582902,,209,78.5,226,97.5,24.1,22.8,26.3,21.2,,,1614.34,0.22
underway_1200.34082123,34082123,201011040,2011-04-07T06:00:00,20110407060000,MULTIPOINT ((-64.1048 98.4925)),98.4925,-64.1048,99.4,98.875,100.1184082,,11.9,1.42,0,0,-1.58,,,992.4,,,27.51858332,,40.2,6.789,0.1968,4.043,290.72144334,377.68,,-8,178.4121,186.391,,,,551.0187,618.8172,312.5068,344.0905,0,10.25312,68.8,65.6,33.94969199,,33.96549574,,-12.6,-12.9,-30,-11.5092,-12.362,-1.7976,,-0.8851945,,203,79.9,220,97.3,29.9,29.3,31,26.9,,,1353.98,-0.02
underway_1200.34082243,34082243,201011040,2011-04-07T06:20:00,20110407062000,MULTIPOINT ((-64.1149 98.6418)),98.6418,-64.1149,98.5,98.593,99.80529785,,12,0.95,0,0.05,-1.07,,,992.04,,,27.55353196,,40.28,7.67,0.1886,4.049,288.68035022,374.73,,-8,188.1189,184.718,,,,516.8989,575.3692,301.4771,256.3308,0,10.25312,72.1,71.9,33.95097472,,33.95245793,,-12.8,-13.6,-30,-11.851,-13.0481,-1.7703,,-0.8315653,,204,72.2,218,89.2,21.5,21.6,24.2,20.9,,,1172.52,0.02
underway_1200.34082363,34082363,201011040,2011-04-07T06:40:00,20110407064000,MULTIPOINT ((-64.1234 98.7922)),98.7922,-64.1234,97.7,98.618,99.83276367,,12,1.14,0,0.06,-1.12,,,991.56,,,27.55134815,,40.35,7.133,0.164,4.039,287.4277672,373.27,,-8,190.4078,186.551,,,,495.2153,388.6538,290.4475,189.6052,0,10.25312,74.5,75,33.95680542,,33.95938901,,-13.1,-13.6,-30,-12.0333,-13.3991,-1.7833,,-0.84033782,,205,76.3,222,96.5,24.5,23.9,27.8,23.4,,,926.93,0.01
underway_1200.34082483,34082483,201011040,2011-04-07T07:00:00,20110407070000,MULTIPOINT ((-64.1317 98.9431)),98.9431,-64.1317,98.2,98.505,99.82727051,,12.2,0.78,0,0.12,-1.09,,,991.5,,,27.53169005,,40.3,,0.1394,4.046,287.7718459,373.56,,-8,190.4294,185.1106,,,,481.1847,449.3897,286.7709,103.5932,0,10.243,72.8,71.7,33.97153522,,33.97340394,,-13,-14.2,-30,-11.5292,-13.4893,-1.8327,,-0.87641564,,213,85.8,227,104.8,26.3,23.9,30.4,24.7,,,493.65,0.06
underway_1200.34082603,34082603,201011040,2011-04-07T07:20:00,20110407072000,MULTIPOINT ((-64.1416 99.0967)),99.0967,-64.1416,98.1,99.247,100.36010742,,12.3,1.13,0,0.02,-0.68,,,991.52,,,27.50656498,,40.29,7.866,0.1394,4.052,287.63430734,373.07,,-8,184.2222,181.2149,,,,322.0626,233.9652,183.8275,151.0003,0,10.23962,74.8,74.7,33.90735428,,33.90955172,,-13.4,-14.7,-30,-11.5682,-13.9304,-1.8034,,-0.85008651,,224,94,230,103.3,24.8,20.3,26.7,20.7,,,474.7,0.1
underway_1200.34082723,34082723,201011040,2011-04-07T07:40:00,20110407074000,MULTIPOINT ((-64.143 99.2378)),99.2378,-64.143,92.6,94.751,96.17980957,,12.3,0.92,0,0.03,-1,,,991.72,,,27.52294682,,40.34,7.845,0.1886,4.058,286.32468783,371.49,,-8,194.3891,190.7515,,,,326.4855,174.481,183.8221,80.76812,204.9903,10.23962,77.6,78.5,33.90214842,,33.89995342,,-13.4,-14.4,-30,-12.0467,-14.24,-1.7852,,-0.82181952,,223,88.8,230,104.2,20.2,15.5,24,17.1,,,489.19,0.13
underway_1200.34082843,34082843,201011040,2011-04-07T08:00:00,20110407080000,MULTIPOINT ((-64.1447 99.3964)),99.3964,-64.1447,91.2,93.267,94.55932617,,12,1.52,0,0.05,-0.71,,,991.89,,,27.54807152,,40.42,7.708,0.3198,,284.89256074,369.67,,-8,208.601,209.688,,,,215.2064,220.4135,108.4445,110.6172,0,10.25987,79.2,80.7,33.96043856,,33.95823818,,-14.5,-15.3,-30,-13.5366,-14.8982,-1.8077,,-0.84326226,,232,99.9,233,106.6,19.2,12.5,21.3,14,,,521.01,0.11
underway_1200.34082963,34082963,201011040,2011-04-07T08:20:00,20110407082000,MULTIPOINT ((-64.1498 99.5073)),99.5073,-64.1498,104,109.766,111.30249023,,7.6,1.01,0,0,-0.94,,,992.03,,,27.50656551,,40.32,6.422,0.3034,4.053,287.25833458,372.94,,-8,201.8811,199.5349,,,,227.0018,251.8573,110.2925,128.1755,0,10.26662,77.3,81.5,33.92164275,,33.91614574,,-13.5,-15.2,-30,-13.4513,-14.7436,-1.8281,,-0.85593646,,234,103.5,241,112.9,21.7,17.9,23.7,19,,,517.24,0.08
underway_1200.34083083,34083083,201011040,2011-04-07T08:40:00,20110407084000,MULTIPOINT ((-64.1674 99.6226)),99.6226,-64.1674,106.1,105.904,107.21008301,,10.8,1.01,0,0,-0.42,,,992.2,,,27.4912734,,40.29,8.656,0.1804,4.036,288.01544815,373.72,,-8,228.8887,229.5901,,,,161.6566,167.0828,80.88236,80.76812,0,10.26662,80.6,82.5,33.89575536,,33.89427148,,-13.8,-14.1,-30,-13.5048,-13.9376,-1.8094,,-0.85496143,,201,64.6,215,76.6,20.1,22,20.2,19.5,,,521.76,0.07
underway_1200.34083203,34083203,201011040,2011-04-07T09:00:00,20110407090000,MULTIPOINT ((-64.1783 99.751)),99.751,-64.1783,98.5,98.878,100.42602539,,12.2,1.04,0,0.23,-0.44,,,992.41,,,27.46833622,,40.26,6.54,0.205,4.056,288.99968446,374.94,,-8,220.715,218.1584,,,,134.8844,138.7219,69.85442,70.23315,204.9903,10.28012,80,81.5,33.87557447,,33.87299216,,-12.6,-12.6,-30,-12.7717,-12.7531,-1.7927,,-0.86373725,,214,72.9,226,88.9,18.2,17.1,20.4,16.2,,,530.92,0.04
underway_1200.34083323,34083323,201011040,2011-04-07T09:20:00,20110407092000,MULTIPOINT ((-64.1898 99.9)),99.9,-64.1898,102.1,100.715,101.91467285,,12.4,0.85,0,0,-0.48,,,992.61,,,27.44976695,,40.32,7.463,0.3198,4.051,288.37810331,374.11,,-8,190.3689,188.206,,,,95.34409,98.03013,40.44205,42.13989,0,10.28012,78.5,77.7,33.84414833,,33.84118095,,-12.7,-12.9,-30,-12.5447,-12.7116,-1.8019,,-0.85788657,,214,67.4,226,78.6,16.1,16.2,17,14.4,,,561.5,0
underway_1200.34083443,34083443,201011040,2011-04-07T09:40:00,20110407094000,MULTIPOINT ((-64.2022 100.0512)),100.0512,-64.2022,100.4,99.847,100.90393066,,11.8,1.04,0,0.06,-0.51,,,992.47,,,27.43993959,,40.3,,0.2542,4.042,288.81937308,375.06,,-8,187.9394,185.9064,,,,58.35441,61.03551,20.22103,21.06994,0,10.28012,79,77.6,33.87394127,,33.86734591,,-12.7,-12.8,-30,-12.6478,-12.7486,-1.8169,,-0.89299898,,216,73.8,227,84.7,17.3,16.3,17.9,14.5,,,617.3,-0.01
underway_1200.34083563,34083563,201011040,2011-04-07T10:00:00,20110407100000,MULTIPOINT ((-64.2145 100.2044)),100.2044,-64.2145,100.7,101.208,102.28820801,,12.1,0.96,0,0.1,-0.51,,,992.21,,,27.4432152,,40.26,7.479,0.2378,4.043,289.76435944,376.13,,-8,193.5333,190.4037,,,,35.3953,36.68094,12.86792,12.2908,0,10.28012,78.8,78,33.85312673,,33.85642085,,-12.4,-12.6,-30,-12.7617,-12.7,-1.7925,,-0.87934179,,208,55.7,218,62.9,13.2,15,13.7,13.5,,,594.94,-0.02
underway_1200.34083683,34083683,201011040,2011-04-07T10:20:00,20110407102000,MULTIPOINT ((-64.2247 100.3559)),100.3559,-64.2247,98.4,99.967,100.98083496,,11.8,0.82,0,0,-0.62,,,992.67,,,27.47816624,,40.31,7.358,0.41,4.046,288.85049693,375.14,,-8,214.6073,212.7757,,,,15.30607,15.7195,5.514826,5.267486,0,10.26662,78,77,33.87937384,,33.87975965,,-12.3,-12.5,-30,-12.5344,-12.4856,-1.7903,,-0.85788657,,203,51.9,212,58.1,12.4,14.8,12.9,13.6,,,573.49,-0.03
underway_1200.34083803,34083803,201011040,2011-04-07T10:40:00,20110407104000,MULTIPOINT ((-64.2346 100.5078)),100.5078,-64.2346,99.3,99.516,100.61828613,,12.5,1,0,0,-0.43,,,992.74,,,27.48362984,,40.31,7.547,0.492,4.051,289.13934207,375.66,,-8,244.1133,243.8941,,,,5.739777,6.164399,0,1.755829,0,10.25312,78.4,77.5,33.90987545,,33.91466059,,-12,-12,-30,-12.2166,-12.2366,-1.7764,,-0.88226808,,191,35.1,198,38.2,9,15.2,9.2,14.3,,,529.46,-0.06
underway_1200.34083923,34083923,201011040,2011-04-07T11:00:00,20110407110000,MULTIPOINT ((-64.2082 100.6332)),100.6332,-64.2082,47.1,51.69,52.12463379,,11.7,1.21,0,0,-1.01,,,993.32,,,27.36895613,,40.47,7.561,0.7216,4.054,287.78165882,373.92,,-8,233.08,231.9609,,,,2.551012,2.465817,-1.838275,-1.755829,0,10.25312,80,79.2,33.92412415,,33.94818795,,-11.7,-11.8,-30,-11.9522,-11.9946,-1.8154,,-1.05027352,,185,53.8,190,59.5,10.2,8.1,10.8,7.4,,,690.47,-0.21
underway_1200.34084043,34084043,201011040,2011-04-07T11:20:00,20110407112000,MULTIPOINT ((-64.1847 100.7538)),100.7538,-64.1847,106.9,110.227,110.61584473,,11.1,1.08,0,0,-1.34,,,993.57,,,27.18217779,,40.6,4.136,1.1316,4.054,287.08449413,372.12,,-8,221.3082,219.3971,,,,1.913259,2.465754,-1.838275,-1.755689,0,10.25312,80.1,79.1,33.5859264,,33.63164506,,-11.6,-11.8,-30,-11.8712,-11.91,-1.807,,-0.99552401,,194,34.5,201,37.8,9.5,15.1,9.6,14.2,,,5559.24,-0.3
underway_1200.34084163,34084163,201011040,2011-04-07T11:40:00,20110407114000,MULTIPOINT ((-64.1841 100.7855)),100.7855,-64.1841,14.8,31.294,31.51428223,,1.9,0.26,-0.1,0,-0.62,,,994.02,,,27.533866,,40.4,6.171,1.968,,286.65773138,371.99,,-8,212.5289,210.0477,,,,1.913259,1.8493,-1.838275,-1.755771,0,10.30712,77.4,78,33.86802065,,33.86763498,,-10.9,-11.2,-30,-11.5492,-11.8278,-1.7635,,-0.77993012,,214,182.5,205,170.3,5.9,4,6.1,4.2,,,2183.42,0.01
underway_1200.34084283,34084283,201011040,2011-04-07T12:00:00,20110407120000,MULTIPOINT ((-64.1748 100.7962)),100.7962,-64.1748,28.7,44.952,44.26940918,,1.8,0.78,0,0,-0.62,,,994.23,,,27.74248255,,40.06,4.74,0.7872,3.209,290.34370374,376.68,,-8,220.5133,219.0504,,,,1.913259,1.849054,-1.838275,-1.755572,-204.9604,10.30712,77.6,77.2,33.9551963,,33.95410506,,-10.9,-11.3,-30,-11.5693,-11.7303,-1.7598,,-0.60585662,,194,121.1,194,127.2,3.3,2,3.8,2.4,,,1166.49,0.24
underway_1200.34084403,34084403,201011040,2011-04-07T12:20:00,20110407122000,MULTIPOINT ((-64.1658 100.8068)),100.8068,-64.1658,274.9,262.551,262.41943359,,2.3,0.66,0,0,-0.69,,,994.62,,,27.83752424,,39.97,6.972,0.9676,2.338,288.49700542,374.64,,-8,221.6421,220.8756,,,,1.912965,2.157169,-1.838113,-1.755537,0,10.32062,78.1,76.8,34.13080916,,34.17790853,,-11.2,-11.1,-30,-11.5401,-11.5456,-1.7271,,-0.69040118,,157,276,167,284.2,6.1,5.9,6.3,6.5,,,1222.52,0.51
underway_1200.34084523,34084523,201011040,2011-04-07T12:40:00,20110407124000,MULTIPOINT ((-64.1664 100.7805)),100.7805,-64.1664,187.2,161.968,160.70800781,,4.4,0.95,0,0.37,-0.18,,,994.34,,,27.95437435,,39.71,5.99,0.7708,1.536,285.82611593,370.11,,-8,221.4959,221.0604,,,,1.912937,1.848999,-1.837989,-1.755536,-204.9562,10.29362,76.3,73.9,33.93595857,,33.92509122,,-10.9,-10.7,-30,-11.3286,-11.2353,-1.7508,,-0.32583633,,158,9.1,149,3.3,7.2,11.1,7.2,10.8,,,1215.65,1.2
underway_1200.34084643,34084643,201011040,2011-04-07T13:00:00,20110407130000,MULTIPOINT ((-64.1626 100.7974)),100.7974,-64.1626,51.1,69.493,69.97741699,,1.7,0.9,0,0.06,-0.71,,,994.47,,,27.93470827,,39.69,5.171,0.6642,1.819,285.57285018,369.52,,-8,222.3049,221.0766,,,,1.912937,2.157166,-1.837973,-1.755536,-204.9562,10.30712,76.1,74.4,33.85251537,,33.85782337,,-10.7,-10.8,-30,-11.1301,-10.9673,-1.7306,,-0.28911069,,150,68.6,164,81.1,8.2,8.7,7.7,7.8,,,1238.76,1.27
underway_1200.34084763,34084763,201011040,2011-04-07T13:20:00,20110407132000,MULTIPOINT ((-64.1611 100.8563)),100.8563,-64.1611,90.3,94.079,94.91638184,,8.2,1.19,0,0.02,-0.96,,,994.92,,,27.95656148,,39.77,,0.8692,2.069,286.74362613,371.56,,-8,226.9012,225.4188,,,,1.912937,1.232666,-1.837971,-1.755536,204.9562,10.30712,75.2,74.2,33.95363787,,33.95720322,,-10.7,-10.7,-30,-10.9917,-10.9575,-1.7361,,-0.35194405,,163,27.9,165,27.2,6.8,12.1,6.3,11.6,,,1265.58,1.02
underway_1200.34084883,34084883,201011040,2011-04-07T13:40:00,20110407134000,MULTIPOINT ((-64.1612 100.968)),100.968,-64.1612,94.2,95.973,97.14111328,,8.9,0.78,0,0,-0.84,,,995.11,,,27.96092581,,39.71,2.706,1.0824,1.958,288.02906584,373.01,,-8,242.6985,242.2047,,,,1.594114,1.848999,-1.837971,-1.755536,204.9562,10.30712,74.2,72.8,33.89939588,,33.89932741,,-10.4,-10.4,-30,-10.5798,-10.5348,-1.729,,-0.29490804,,159,26.5,157,23.3,7.5,13.9,6.6,13.3,,,1306.37,1.02
underway_1200.34085003,34085003,201011040,2011-04-07T14:00:00,20110407140000,MULTIPOINT ((-64.1658 101.0825)),101.0825,-64.1658,95.3,97.901,99.08569336,,10.7,1.16,0,0,-1.62,,,995.03,,,27.95437822,,39.71,7.584,1.107,1.961,288.12751313,373.45,,-8,215.1125,214.8826,,,,1.594114,2.465332,-1.837971,-1.755536,0,10.29362,74.6,73.7,33.96217304,,33.97267983,,-10.1,-10.1,-30,-10.424,-10.3788,-1.7133,,-0.36838787,,153,19.3,146,14.4,7.3,15.9,6.1,15.3,,,1516.04,1
underway_1200.34085123,34085123,201011040,2011-04-07T14:20:00,20110407142000,MULTIPOINT ((-64.1741 101.2003)),101.2003,-64.1741,99.5,101.628,102.98034668,,9,1.14,0,0,-1.45,,,995.37,,,28.18703371,,39.57,-1.497,1.1152,2.015,287.64340113,372.6,,-8,217.8065,217.6726,,,,1.594111,1.540833,-1.837971,-1.755536,0,10.29362,75.2,74,33.97028771,,33.96952926,,-9.9,-9.9,-30,-10.259,-10.2234,-1.7096,,-0.08750602,,152,17.1,145,12.4,6,13.6,5,13.1,,,0,1.27
underway_1200.34085243,34085243,201011040,2011-04-07T14:40:00,20110407144000,MULTIPOINT ((-64.1827 101.3174)),101.3174,-64.1827,103.7,105.707,107.2265625,,9.1,1.11,0,0.26,-1.26,,,995.13,,,28.21543401,,39.51,2.82,1.3202,1.891,288.32663641,373.48,,-8,254.3184,253.2026,,,,1.912935,1.848999,-1.837962,-1.755536,0,10.29362,76.6,75.1,33.9765471,,33.97402428,,-9.7,-9.7,-30,-9.9605,-9.953,-1.6748,,-0.05765842,,168,23,165,19,6.6,13.3,5.5,12.6,,,1840.9,1.31
underway_1200.34085363,34085363,201011040,2011-04-07T15:00:00,20110407150000,MULTIPOINT ((-64.1955 101.4262)),101.4262,-64.1955,103.7,106.322,107.74841309,,8.8,1.11,0,0,-0.72,,,995.23,,,28.19686772,,39.51,7.05,1.312,1.949,288.47452032,373.58,,-8,262.8364,262.5922,,,,1.912935,1.848999,0,-1.755536,0,10.29362,76.1,75.2,34.0169767,,34.00945036,,-9.4,-9.4,-30,-9.6071,-9.5033,-1.6966,,-0.11158708,,163,18,155,12.7,5.5,12.5,4.5,12.1,,,0,1.29
underway_1200.34085483,34085483,201011040,2011-04-07T15:20:00,20110407152000,MULTIPOINT ((-64.2087 101.536)),101.536,-64.2087,106,107.383,108.64379883,,8.9,1.16,0,0,-0.9,,,995.26,,,27.97949882,,39.56,4.673,2.255,,289.87765231,375.49,,-8,265.1418,266.1998,,,,1.594113,1.848999,-1.837986,-1.755536,0,10.29362,,75.1,33.96017431,,33.95546943,,,-9.1,-30,-9.2946,-9.153,-1.6878,,-0.32293615,,145,13.9,134,8.2,6.6,14.6,5.7,14.2,,,0,1.1
underway_1200.34085603,34085603,201011040,2011-04-07T15:40:00,20110407154000,MULTIPOINT ((-64.2204 101.6509)),101.6509,-64.2204,104.7,105.826,106.83654785,,9,1.66,0,0.29,-1.23,,,995.89,,,27.94345402,,39.58,3.562,2.0418,1.977,290.32867551,376.26,,-8,268.3325,267.5319,,,,1.912935,2.157166,-1.837971,0,0,10.29362,76,74.8,33.95587763,,33.95263048,,-8.9,-8.9,-30,-9.0126,-8.8338,-1.6985,,-0.363551,,171,19.7,165,14.6,4.8,11.8,3.8,11.4,,,5492.74,1.03
underway_1200.34085723,34085723,201011040,2011-04-07T16:00:00,20110407160000,MULTIPOINT ((-64.2365 101.7606)),101.7606,-64.2365,108.8,110.935,111.80236816,,9.8,1.27,0,0,-0.95,,,995.89,,,27.95983879,,39.58,7.147,2.0336,1.962,290.30793033,376.16,,-8,266.1041,266.0838,,,,1.912874,2.465332,0,-1.755536,0,10.28687,76.6,75.5,33.9652197,,33.9637566,,-8.7,-8.7,-30,-8.8222,-8.6659,-1.6436,,-0.35387839,,197,17.7,199,13.2,3.8,10.6,2.9,10.2,,,5559.98,1.03
underway_1200.34085843,34085843,201011040,2011-04-07T16:20:00,20110407162000,MULTIPOINT ((-64.2486 101.8714)),101.8714,-64.2486,104.2,105.131,106.00708008,,8.4,1.01,0,0.41,-0.57,,,995.77,,,27.95547209,,39.62,8.311,1.7876,1.929,289.58401657,375.29,,-8,269.0168,267.9503,,,,1.91271,1.540833,-1.837969,-1.755536,0,10.32062,73.3,71.1,33.99148283,,33.99256713,,-8.3,-8.3,-30,-8.3679,-8.2214,-1.6904,,-0.38483603,,122,7.2,111,1.6,8.7,16.9,8.3,16.7,,,1358.59,1.02
underway_1200.34085963,34085963,201011040,2011-04-07T16:40:00,20110407164000,MULTIPOINT ((-64.2613 101.9841)),101.9841,-64.2613,106.7,112.012,112.41760254,,9.2,1.95,0,0.03,-1.18,,,995.62,,,27.93690214,,39.61,8.351,1.9434,1.731,288.99248094,374.55,,-8,268.2638,266.9911,,,,1.912618,1.848999,0,0,0,10.30712,71.5,69.4,33.97130263,,33.97308946,,-8.4,-8.4,-30,-8.3073,-8.1938,-1.7111,,-0.38967455,,126,5.2,115,359.2,9.6,18.6,9.1,18.3,,,1750.8,1.09
underway_1200.34086083,34086083,201011040,2011-04-07T17:00:00,20110407170000,MULTIPOINT ((-64.2745 102.0991)),102.0991,-64.2745,105.1,105.246,105.91369629,,9.7,1.34,0,0.35,-0.85,,,995.77,,,27.9653013,,39.54,,1.4678,1.997,290.82187194,376.75,,-8,266.1718,265.9543,,,,1.912614,2.157166,0,0,-204.9562,10.28012,69.5,67.5,33.98049537,,33.97865149,,-8.3,-8.3,-30,-8.3255,-8.1846,-1.672,,-0.36064906,,134,12.8,123,6.8,8.8,17.9,8,17.5,,,5490.43,1.05
underway_1200.34086203,34086203,201011040,2011-04-07T17:20:00,20110407172000,MULTIPOINT ((-64.2869 102.2206)),102.2206,-64.2869,96,98.348,99.22851562,,9.7,1.1,0,0,-1.02,,,996.13,,,27.93799856,,39.57,8.129,1.681,2.022,293.13448766,380.24,,-8,265.7828,264.4228,,,,1.593845,1.848999,0,-1.755536,0,10.25312,72.6,71.8,34.02193534,,34.02448923,,-8.2,-8.1,-30,-8.1785,-8.0377,-1.7237,,-0.43420664,,126,10.3,114,4.3,7.9,17,7.1,16.6,,,0,0.8
underway_1200.34086323,34086323,201011040,2011-04-07T17:40:00,20110407174000,MULTIPOINT ((-64.2958 102.3438)),102.3438,-64.2958,99.1,101.669,102.0904541,,9.7,1.25,0,0.81,-1.34,,,996.44,,,27.99697854,,39.6,8.439,1.1562,2.228,291.50373302,377.81,,-8,264.3116,265.0338,,,,1.912614,2.465332,0,-1.755536,0,10.23962,72.8,71.5,34.00272756,,33.99833933,,-8.4,-8.4,-30,-8.2887,-8.1479,-1.655,,-0.34033927,,120,5.2,103,358.1,6.6,16.1,6.2,16,,,1780.36,0.89
underway_1200.34086443,34086443,201011040,2011-04-07T18:00:00,20110407180000,MULTIPOINT ((-64.3044 102.4668)),102.4668,-64.3044,100.2,101.333,101.8927002,,9.7,1.24,0,1.17,-2.02,,,996.29,,,27.95875063,,39.56,8.368,1.2054,2.333,292.51439189,379.29,,-8,266.2116,265.9543,,,,1.912614,1.848999,0,0,0,10.23287,73.9,72.5,34.01139074,,34.01432139,,-8.3,-8.3,-30,-8.3163,-8.1846,-1.6512,,-0.40032063,,128,11.2,115,4.8,9.3,18.5,8.4,18,,,2043.65,0.87
underway_1200.34086563,34086563,201011040,2011-04-07T18:20:00,20110407182000,MULTIPOINT ((-64.3147 102.5866)),102.5866,-64.3147,103.8,104.975,105.65002441,,9.6,1.34,0,0.06,-1.43,,,996.11,,,28.01882075,,39.57,8.386,0.902,2.219,291.60700342,377.87,,-8,268.266,268.1053,,,,1.912614,1.848999,0,0,0,10.21262,75,73.8,33.95329524,,33.95945286,,-8.3,-8.3,-30,-8.3071,-8.1846,-1.5399,,-0.27944965,,120,6.2,107,360,9.2,18.5,8.7,18.2,,,3706.71,0.94
underway_1200.34086683,34086683,201011040,2011-04-07T18:40:00,20110407184000,MULTIPOINT ((-64.3273 102.7061)),102.7061,-64.3273,102.6,99.817,99.72839355,,9.6,1.38,0,0.11,-0.51,,,995.92,,,28.01335739,,39.59,8.196,0.574,2.211,291.01605542,377.03,,-8,266.8708,267.6012,,,,1.912614,2.157166,-1.837671,-1.755536,0,10.20925,76.2,75.3,33.93419784,,33.9348948,,-8.5,-8.4,-30,-8.3992,-8.3044,-1.4556,,-0.2639951,,114,10.6,102,4,11.4,20.9,10.8,20.4,,,1938.43,0.96
underway_1200.34086803,34086803,201011040,2011-04-07T19:00:00,20110407190000,MULTIPOINT ((-64.3398 102.8252)),102.8252,-64.3398,104.6,104.118,104.80957031,,9.6,1.55,0,0.97,-1.05,,,996.12,,,28.04612738,,39.59,8.34,0.7544,,291.21551352,377.29,,-8,267.7239,267.5236,,,,1.593845,2.157166,-1.837666,-1.755536,0,10.19912,77.7,76.3,33.95202508,,33.95709793,,-8.3,-8.4,-30,-8.436,-8.3228,-1.4596,,-0.24468231,,117,6.1,102,358.5,9.8,19.3,9.3,18.9,,,0,0.94
underway_1200.34086923,34086923,201011040,2011-04-07T19:20:00,20110407192000,MULTIPOINT ((-64.3526 102.9459)),102.9459,-64.3526,103.2,104.591,105.02929688,,9.7,1.4,0,0.73,-1.37,,,996,,,28.08108818,,39.6,8.484,0.7544,2.389,291.04447208,377.37,,-8,267.8787,267.6012,,,,1.912614,1.848999,0,-1.755536,0,10.19912,77.5,76.6,34.04771765,,34.05350899,,-8.4,-8.4,-30,-8.3992,-8.3044,-1.5415,,-0.28911069,,119,5.8,102,357.9,8.9,18.3,8.4,18,,,2198.67,0.92
underway_1200.34087043,34087043,201011040,2011-04-07T19:40:00,20110407194000,MULTIPOINT ((-64.3647 103.0662)),103.0662,-64.3647,102.9,104.794,105.18859863,,9.7,1.25,0,0.76,-1.92,,,996.42,,,27.97731607,,39.78,8.269,0.9102,2.934,292.5602525,379.53,,-8,265.0874,264.7508,,,,1.912614,2.465332,0,1.755536,204.9562,10.19912,75.2,73.6,33.9802899,,33.97742273,,-8.7,-8.6,-30,-8.5839,-8.4708,-1.667,,-0.34517433,,119,5.1,102,358.1,7.2,16.8,6.9,16.6,,,1886.83,0.51
underway_1200.34087163,34087163,201011040,2011-04-07T20:00:00,20110407200000,MULTIPOINT ((-64.3785 103.1862)),103.1862,-64.3785,107.1,106.643,107.47924805,,9.7,1.24,0,0,-1.35,,,996.63,,,27.84188337,,39.92,8.328,0.574,3.087,292.39097299,379.6,,-8,264.4656,264.2448,,,,1.912614,1.540833,0,0,-204.9562,10.19912,75.9,74.3,34.05574204,,34.05540781,,-8.8,-8.8,-30,-8.7324,-8.5914,-1.8065,,-0.57673,,135,10.7,116,3.1,6.5,15.8,5.7,15.4,,,1790.98,0.28
underway_1200.34087283,34087283,201011040,2011-04-07T20:20:00,20110407202000,MULTIPOINT ((-64.3942 103.3082)),103.3082,-64.3942,105.6,106.16,107.0123291,,10.2,0.94,0,0,-1.41,,,996.51,,,27.84515825,,39.92,8.259,0.5002,2.907,292.30671474,379.45,,-8,265.858,264.5399,,,,1.593845,2.157166,-1.837666,-1.755536,0,10.19912,76.3,74.5,34.03977479,,34.03251064,,-8.9,-8.9,-30,-8.8814,-8.7778,-1.7797,,-0.55246825,,139,14.9,126,8.1,10.1,19.4,9.1,19,,,1531.98,0.29
underway_1200.34087403,34087403,201011040,2011-04-07T20:40:00,20110407204000,MULTIPOINT ((-64.409 103.4338)),103.4338,-64.409,104.4,105.491,106.29821777,,10.1,1.64,0,0.5,-1.95,,,996.86,,,27.82331257,,39.89,,0.5576,2.76,293.27658248,380.7,,-8,264.3808,263.1127,,,,1.912614,1.848999,0,1.755536,0,10.18562,76.3,74.9,34.0326494,,34.02053768,,-9.2,-9.1,-30,-8.9936,-8.8618,-1.7586,,-0.56799468,,133,10.9,121,4.9,9,18.5,8.1,18,,,1148.08,0.26
underway_1200.34087523,34087523,201011040,2011-04-07T21:00:00,20110407210000,MULTIPOINT ((-64.4248 103.5634)),103.5634,-64.4248,105.9,106.711,107.2265625,,10.6,1.75,-0.04,0,-1.53,,,997.11,,,27.83095834,,39.89,8.414,0.4346,2.741,292.92908731,380.39,,-8,265.6145,264.5196,,,,1.912614,1.848999,-1.837854,0,0,10.18562,77.5,76,34.02647631,,34.0221089,,-9.3,-9.2,-30,-9.1812,-9.04,-1.7565,,-0.56023098,,139,14.7,130,9.7,9.4,19.3,8.5,18.8,,,0,0.29
underway_1200.34087643,34087643,201011040,2011-04-07T21:20:00,20110407212000,MULTIPOINT ((-64.4403 103.6919)),103.6919,-64.4403,106.2,106.967,107.35839844,,10.5,1.2,0,0.88,-1.18,,,997.45,,,27.79600288,,39.91,8.119,0.492,2.965,292.36787906,379.55,,-8,264.9086,264.8101,,,,1.912614,2.157166,0,1.755536,-204.9562,10.15862,76.6,73.9,33.99343084,,33.97173572,,-9.5,-9.5,-30,-9.3508,-9.2284,-1.743,,-0.55731984,,137,13.1,125,7.3,8.6,18.4,7.7,18,,,5581.06,0.31
underway_1200.34087763,34087763,201011040,2011-04-07T21:40:00,20110407214000,MULTIPOINT ((-64.4585 103.8151)),103.8151,-64.4585,110.3,110.198,111.09924316,,9.7,1.3,0,1.08,0,,,997.61,,,27.78289877,,39.9,8.339,0.5084,3.206,292.78726951,380.01,,-8,263.8806,264.9404,,,,1.912636,1.848999,0,1.755536,0,10.1485,79.5,77,34.00169776,,34.00426411,,-9.9,-9.8,-30,-9.5984,-9.4558,-1.7545,,-0.60197228,,130,8.7,117,1.9,10.6,20,9.9,19.6,,,1073.66,0.29
underway_1200.34087883,34087883,201011040,2011-04-07T22:00:00,20110407220000,MULTIPOINT ((-64.4778 103.9375)),103.9375,-64.4778,107.1,105.365,106.86401367,,10.6,0.87,0,1.26,-0.63,,,997.26,,,27.80583594,,39.88,8.392,0.492,3.471,293.40739415,380.85,,-8,263.6046,262.5134,,,,1.912792,1.848999,0,0,0,10.14512,81.4,79,34.00898738,,34.00898738,,-9.8,-9.7,-30,-9.665,-9.5223,-1.7379,,-0.57867135,,122,8.4,111,2.5,12,22.4,11.4,22,,,1132.94,0.27
underway_1200.34088003,34088003,201011040,2011-04-07T22:20:00,20110407222000,MULTIPOINT ((-64.494 104.0676)),104.0676,-64.494,110.3,105.816,107.5012207,,9.8,1.09,0,1.23,-0.21,,,997.29,,,27.77744083,,39.91,8.545,0.779,3.178,293.2253094,380.93,,-8,256.283,255.863,,,,1.912906,2.157166,-1.837967,-1.755536,0,10.14512,83.2,80.4,34.0402237,,34.04393594,,-9.9,-9.8,-30,-9.729,-9.5699,-1.8135,,-0.64374167,,127,10.1,115,4,9.6,19,9.1,18.7,,,0,0.23
underway_1200.34088123,34088123,201011040,2011-04-07T22:40:00,20110407224000,MULTIPOINT ((-64.5073 104.1847)),104.1847,-64.5073,105,105.567,107.00134277,,9.3,1.24,0,1.26,-0.49,,,997.44,,,27.59722355,,40.02,8.136,1.1398,3.112,293.07089199,380.61,,-8,243.7047,243.5581,,,,1.912935,2.157166,0,-1.755536,0,10.14512,81.8,78.9,33.9992534,,34.00518646,,-9.9,-9.8,-30,-9.8455,-9.6844,-1.772,,-0.82571765,,132,11.1,119,4.7,9.3,18.2,8.6,17.9,,,0,0.07
underway_1200.34088243,34088243,201011040,2011-04-07T23:00:00,20110407230000,MULTIPOINT ((-64.5222 104.305)),104.305,-64.5222,98.7,98.854,100.53039551,,8.6,1.49,-0.03,0.47,-0.5,,,997.2,,,27.70862637,,39.95,8.265,0.9594,3.626,292.33155887,379.54,,-8,225.7972,224.5158,,,,1.912935,1.848999,-1.83797,-1.755536,0,10.12487,81.5,78,33.97935694,,33.98488151,,-9.7,-9.6,-30,-9.7881,-9.6081,-1.8097,,-0.67387192,,129,13.4,118,6.7,11.1,18.9,10.2,18.4,,,0,0.25
underway_1200.34088363,34088363,201011040,2011-04-07T23:20:00,20110407232000,MULTIPOINT ((-64.5365 104.437)),104.437,-64.5365,106.9,107.591,108.96789551,,11.9,1.36,0,1.92,-1.28,,,997.13,,,27.67584716,,39.88,8.364,0.7626,3.4,293.19955349,380.02,,-8,203.3039,200.3803,,,,1.912935,2.465332,0,0,0,10.11812,80.9,77,33.8339253,,33.82292543,,-9.8,-9.7,-30,-9.8646,-9.7227,-1.7415,,-0.56896521,,129,8.7,115,2,10.1,21.5,9.3,21.1,,,1853.95,0.32
underway_1200.34088483,34088483,201011040,2011-04-07T23:40:00,20110407234000,MULTIPOINT ((-64.5485 104.5518)),104.5518,-64.5485,106.1,106.017,107.33642578,,11.1,1.27,0,0.75,-0.23,,,997.59,,,27.63325243,,39.67,8.229,1.3284,1.876,289.09736843,374.45,,-8,198.2414,196.0431,,,,4.463516,4.930665,0,0,0,10.11812,81.3,76.9,33.87659035,,33.83614548,,-9.9,-9.8,-30,-10.1143,-9.9915,-1.7574,,-0.63208227,,127,8.3,115,2.6,9.4,20.2,8.8,19.8,,,5475.07,1
underway_1200.34088603,34088603,201011040,2011-04-08T00:00:00,20110408000000,MULTIPOINT ((-64.5673 104.7006)),104.7006,-64.5673,106.5,105.869,107.3034668,,12.2,1.43,-0.2,1.15,-1.07,,,997.26,,,27.83859894,,39.57,8.385,0.4428,1.836,287.19738212,371.86,,-8,200.4949,196.3211,,,,14.02819,15.40833,3.675953,5.266609,204.9562,10.10462,82.5,77.8,33.95831845,,33.95940572,,-9.8,-9.8,-30,-10.0566,-9.9241,-1.726,,-0.49524806,,131,10.5,118,4.1,10.6,22.3,9.7,21.8,,,2206.85,1.31
underway_1200.34088723,34088723,201011040,2011-04-08T00:20:00,20110408002000,MULTIPOINT ((-64.5827 104.8461)),104.8461,-64.5827,95.3,93.588,94.92736816,,11.8,1.32,0,1.28,-1.81,,,997.31,,,27.82549587,,39.63,,0.6888,2.045,288.28324098,373.66,,-8,200.0976,198.035,,,,34.43284,36.36365,12.86607,15.79983,204.9562,10.10462,82.2,78.1,34.0082009,,34.00601895,,-9.9,-9.9,-30,-10.1529,-10.03,-1.7165,,-0.55246825,,127,10.9,112,3,10.2,21,8.8,20.3,,,3588.1,1.11
underway_1200.34088843,34088843,201011040,2011-04-08T00:40:00,20110408004000,MULTIPOINT ((-64.5972 104.9981)),104.9981,-64.5972,103,102.03,103.00231934,,12.2,1.1,0,1.11,-1.36,,,997.11,,,27.85389315,,39.67,8.124,0.41,,288.9538274,374.37,,-8,203.2239,202.2144,,,,62.1704,68.72113,36.75964,52.66609,0,10.10462,81.2,77.5,33.99521099,,33.99521099,,-9.8,-9.8,-30,-9.8838,-9.7993,-1.7442,,-0.50882096,,123,8.7,109,2.6,9.3,21.2,8.6,20.8,,,5765.38,0.99
underway_1200.34088963,34088963,201011040,2011-04-08T01:00:00,20110408010000,MULTIPOINT ((-64.6137 105.1505)),105.1505,-64.6137,105.6,103.351,104.15039062,,12.1,1.33,0,0.51,-0.07,,,996.95,,,27.82440334,,39.84,8.279,0.5002,3.403,292.29051079,379.29,,-8,220.8929,218.5367,,,,110.3125,122.0339,84.54666,101.8211,0,10.09112,80.4,77.4,34.00089411,,34.00236569,,-9.8,-9.7,-30,-9.5119,-9.4938,-1.7855,,-0.55052772,,129,13,119,7.8,11,22.6,10.1,22,,,5559.28,0.43
underway_1200.34089083,34089083,201011040,2011-04-08T01:20:00,20110408012000,MULTIPOINT ((-64.6331 105.2953)),105.2953,-64.6331,107.5,105.527,105.9576416,,11.6,1.25,0,0.71,-0.34,,,996.7,,,27.80692513,,39.84,8.283,0.4346,3.734,293.31522663,380.59,,-8,206.819,205.6309,,,,149.8466,137.4422,106.6023,129.9097,0,10.09112,80.2,77.5,33.97337261,,33.97119354,,-10.1,-10,-30,-9.5026,-9.4938,-1.7383,,-0.54373634,,125,11.3,113,5.2,12,23.4,11.2,22.9,,,4833.02,0.35
underway_1200.34089203,34089203,201011040,2011-04-08T01:40:00,20110408014000,MULTIPOINT ((-64.6507 105.4358)),105.4358,-64.6507,101.5,99.75,100.49743652,,11.3,0.97,-0.11,0.04,-0.89,,,997.12,,,27.80802142,,39.8,8.104,0.4264,3.619,294.4785327,382.25,,-8,213.9375,211.2935,,,,179.4971,160.8629,147.0377,112.3543,0,10.07762,80.8,77.8,34.02356949,,34.02176445,,-10.1,-10.1,-30,-9.7309,-9.6844,-1.7574,,-0.58740818,,113,5.6,90,356.4,8,19.3,7.8,19.1,,,5559.31,0.31
underway_1200.34089323,34089323,201011040,2011-04-08T02:00:00,20110408020000,MULTIPOINT ((-64.663 105.5885)),105.5885,-64.663,103.7,101.763,102.82653809,,11.1,1.17,0,1.09,-2.1,,,996.76,,,27.81129584,,39.8,8.096,0.3198,3.569,294.06552158,381.58,,-8,209.011,206.8642,,,,182.9971,170.7242,134.1719,121.132,0,10.07762,81.4,79.1,33.99234015,,33.99343084,,-9.9,-10,-30,-9.4602,-9.4558,-1.7321,,-0.5582902,,120,8.6,101,0.3,9.1,20,8.6,19.7,,,5425.27,0.35
underway_1200.34089443,34089443,201011040,2011-04-08T02:20:00,20110408022000,MULTIPOINT ((-64.6738 105.7361)),105.7361,-64.6738,99.3,99.108,100.23376465,,11.5,1.07,0,0.45,-1.21,,,996.98,,,27.78836585,,39.85,8.566,0.41,3.415,293.62438936,381.45,,-8,212.8933,210.7845,,,,326.1264,300.7705,196.6629,63.19931,-204.9562,10.07762,80.7,78.9,34.06923547,,34.07843313,,-9.8,-9.7,-30,-9.0119,-9.0306,-1.8003,,-0.66123487,,111,4.4,95,357.4,9.2,20.6,9,20.5,,,4683.26,0.29
underway_1200.34089563,34089563,201011040,2011-04-08T02:40:00,20110408024000,MULTIPOINT ((-64.6857 105.88)),105.88,-64.6857,98.5,99.018,100.1348877,,10.9,1.02,0,0.7,-1.65,,,996.67,,,27.67695093,,39.85,8.565,0.7216,,294.35329522,382.1,,-8,209.9468,209.8266,,,,373.9182,416.9493,238.9224,98.31003,0,10.07762,80,77.7,33.96065774,,33.9672262,,-9.9,-9.9,-30,-8.9942,-9.0025,-1.814,,-0.69623609,,116,7.3,102,0.5,9.4,20.1,9,19.9,,,5317.36,0.25
underway_1200.34089683,34089683,201011040,2011-04-08T03:00:00,20110408030000,MULTIPOINT ((-64.6942 106.0188)),106.0188,-64.6942,104.2,105.12,105.87524414,,10.7,0.94,0,0.73,-1.92,,,996.66,,,27.75886674,,39.81,8.348,0.2624,3.538,293.92236913,381.35,,-8,213.4411,214.207,,,,484.8476,519.8769,294.0647,303.7078,0,10.0675,79.6,77.3,33.96785951,,33.96529493,,-9.9,-10,-30,-8.8814,-8.9837,-1.7905,,-0.59614623,,122,8,107,1.5,8.3,18.8,7.9,18.6,,,5559.83,0.35
underway_1200.34089803,34089803,201011040,2011-04-08T03:20:00,20110408032000,MULTIPOINT ((-64.7043 106.1671)),106.1671,-64.7043,98.6,99.313,100.07446289,,12.6,1.02,0,0.06,-1.59,,,996.58,,,27.68022737,,39.87,8.541,0.2214,3.522,294.06371553,381.57,,-8,238.9962,236.8897,,,,367.8594,351.9261,216.8608,196.6201,0,10.06412,80.3,78.6,33.96656682,,33.96508954,,-9.6,-9.6,-30,-8.5562,-8.7031,-1.8022,,-0.69040118,,125,9.6,109,2.7,9.6,21.5,8.6,21,,,2493.56,0.24
underway_1200.34089923,34089923,201011040,2011-04-08T03:40:00,20110408034000,MULTIPOINT ((-64.7149 106.3243)),106.3243,-64.7149,99,98.606,99.61303711,,12.6,1.22,0,0,-1.71,,,996.68,,,27.74357576,,39.79,8.231,0.2706,3.908,294.80099726,382.52,,-8,231.2952,231.6004,,,,264.897,270.5702,132.3133,136.9318,0,10.06412,78.9,76.7,33.96906088,,33.96649472,,-10.2,-10.1,-30,-9.4358,-9.4558,-1.7023,,-0.61556853,,140,17.5,129,11.6,10.3,21.5,8.9,20.8,,,3623.99,0.31
underway_1200.34090043,34090043,201011040,2011-04-08T04:00:00,20110408040000,MULTIPOINT ((-64.7271 106.483)),106.483,-64.7271,128.7,133.76,134.90661621,,11.5,1.04,0,0,-2.57,,,996.36,,,27.74139048,,39.79,,0.287,2.912,295.20195378,383.07,,-8,245.9619,245.5507,,,,314.625,317.4115,161.7322,161.5094,0,10.04387,79.5,77.1,33.95263144,,33.95590521,,-10.3,-10.3,-30,-9.7876,-9.7227,-1.7414,,-0.60877004,,138,359.2,122,351,11.9,23.4,11.9,23.3,,,3706.49,0.28
underway_1200.34090163,34090163,201011040,2011-04-08T04:20:00,20110408042000,MULTIPOINT ((-64.7701 106.6038)),106.6038,-64.7701,130.1,129.322,130.41320801,,12.1,0.97,0,0,-1.46,,,995.74,,,27.73702201,,39.83,8.07,0.3116,3.66,294.15105448,381.73,,-8,240.9629,239.6605,,,,370.4214,345.7628,192.9862,179.0647,-204.9562,10.03712,77.2,75.4,33.95835952,,33.96092552,,-10.7,-10.7,-30,-10.0213,-10.1072,-1.6672,,-0.6184824,,146,6.8,134,0.7,12.8,24.6,12.1,24.1,,,3706.1,0.3
underway_1200.34090283,34090283,201011040,2011-04-08T04:40:00,20110408044000,MULTIPOINT ((-64.8091 106.7321)),106.7321,-64.8091,124.1,129.556,130.79223633,,11.7,0.93,0,0,-2.39,,,995.74,,,27.77962306,,39.81,8.167,0.328,3.129,293.94541408,381.54,,-8,230.4054,230.3789,,,,347.4982,342.0649,185.635,175.5536,0,10.05062,76,73.6,34.01110309,,34.01623883,,-10.8,-10.8,-30,-10.137,-10.2719,-1.7321,,-0.61653981,,151,8.3,141,2.6,13.4,24.5,12.6,24.1,,,3952.9,0.34
underway_1200.34090403,34090403,201011040,2011-04-08T05:00:00,20110408050000,MULTIPOINT ((-64.8465 106.8334)),106.8334,-64.8465,128.8,128.786,129.57275391,,9.6,1.13,0,0,-1.09,,,995.23,,,27.68677721,,39.8,8.246,0.4428,3.761,294.95221503,382.58,,-8,221.6398,223.4065,,,,318.1845,317.4115,161.7414,157.9983,0,10.03712,76.9,75.8,33.9214774,,33.92256898,,-11,-10.9,-30,-10.3074,-10.3982,-1.72,,-0.64471338,,134,2.3,120,354.4,11.5,21.1,11.4,20.9,,,0,0.29
underway_1200.34090523,34090523,201011040,2011-04-08T05:20:00,20110408052000,MULTIPOINT ((-64.886 106.9046)),106.9046,-64.886,129.2,126.715,127.8918457,,9.8,0.93,0,0,-0.74,,,995.02,,,27.68350688,,39.82,8.258,0.4346,3.762,294.75320394,382.59,,-8,235.1138,233.8412,,,,332.2131,339.5995,169.0932,168.5315,-204.9562,10.02362,77.3,75.6,33.99395715,,34.00130112,,-11.1,-11.1,-30,-10.4628,-10.4762,-1.7231,,-0.71860832,,139,6.6,127,0.6,10.8,20.5,10.4,20.2,,,5369.86,0.26
underway_1200.34090643,34090643,201011040,2011-04-08T05:40:00,20110408054000,MULTIPOINT ((-64.9257 106.974)),106.974,-64.9257,123.7,122.911,124.5135498,,9.2,1,0,0.08,-1.73,,,994.85,,,27.65511037,,39.89,8.302,1.4104,3.691,293.92857445,381.53,,-8,242.3788,242.0444,,,,283.7521,293.9909,139.6857,143.954,0,10.02362,79.7,79.1,34.01113568,,34.01113568,,-11.1,-11.1,-30,-10.6578,-10.5739,-1.7195,,-0.76142985,,135,4.3,119,355.7,11.3,20.4,10.8,20,,,0,0.21
underway_1200.34090763,34090763,201011040,2011-04-08T06:00:00,20110408060000,MULTIPOINT ((-64.9662 107.0242)),107.0242,-64.9662,133.7,139.36,141.67419434,,4.2,1.03,0,0,-1.25,,,994.43,,,27.5720899,,39.86,8.452,0.3772,3.843,294.91835505,382.45,,-8,259.3553,257.976,,,,210.1041,217.5656,91.8985,94.79928,0,10.02362,81.9,80.6,33.83742118,,33.83742118,,-11,-11,-30,-10.6969,-10.6229,-1.776,,-0.70693484,,132,346.2,122,339.2,10.2,14.6,10.7,15,,,2418.57,0.21
underway_1200.34090883,34090883,201011040,2011-04-08T06:20:00,20110408062000,MULTIPOINT ((-65.0031 107.0333)),107.0333,-65.0031,171.5,176.45,178.1817627,,7.4,1.32,0,0,-1.79,,,994.91,,,27.46178323,,39.85,7.97,1.4842,,293.46451211,380.64,,-8,258.5529,259.3609,,,,142.1949,147.3042,58.81504,59.69263,0,9.983124,81.1,80,33.87287243,,33.87287243,,-11.2,-11.2,-30,-10.8932,-10.81,-1.7991,,-0.87153903,,120,321,123,321.8,9.9,15.2,10.5,16,,,2237.18,0.34
underway_1200.34091003,34091003,201011040,2011-04-08T06:40:00,20110408064000,MULTIPOINT ((-65.0402 107.0642)),107.0642,-65.0402,102.6,102.841,104.65576172,,7.1,1.24,0,0,-0.89,,,993.97,,,27.30560827,,40.09,8.185,1.7138,3.854,293.84323844,381.61,,-8,264.1271,265.1794,,,,114.4554,118.96,44.11128,45.64552,0,9.983124,82.2,80.9,33.89923433,,33.89923433,,-11.2,-11.2,-30,-11.0093,-10.9654,-1.8173,,-1.08353793,,126,12,115,4.5,12,18.8,11.1,18.2,,,1905.53,-0.09
underway_1200.34091123,34091123,201011040,2011-04-08T07:00:00,20110408070000,MULTIPOINT ((-65.0715 107.1332)),107.1332,-65.0715,152.7,150.066,151.07299805,,9.6,0.88,0,0,-0.68,,,993.36,,,27.43775226,,39.96,8.288,0.6806,3.956,295.6030074,383.52,,-8,262.1026,263.1239,,,,97.55969,101.7068,38.5979,38.6254,0,9.983124,82.6,81.5,33.83479502,,33.82924685,,-11.2,-11.2,-30,-11.0114,-10.9419,-1.8373,,-0.86178696,,120,342.3,112,337,13.8,22.5,14.7,22.9,,,0,-0.01
underway_1200.34091243,34091243,201011040,2011-04-08T07:20:00,20110408072000,MULTIPOINT ((-65.1259 107.1631)),107.1631,-65.1259,176.5,174.217,175.09460449,,11.2,0.82,0,0,-0.46,,,993.17,,,27.57975016,,39.97,8.388,0.5412,3.908,294.60607078,382.82,,-8,262.8693,262.7781,,,,77.47382,79.82808,29.40864,31.60358,-204.9816,9.939251,83.4,82.9,34.02552154,,34.02552154,,-11.2,-11.1,-30,-11.0705,-11.0266,-1.8311,,-0.86471242,,120,329.4,118,327.1,14.1,22.3,15.4,23.3,,,557.81,0.02
underway_1200.34091363,34091363,201011040,2011-04-08T07:40:00,20110408074000,MULTIPOINT ((-65.1756 107.2202)),107.2202,-65.1756,141.4,139.113,140.47119141,,10.2,0.88,0,0,-0.74,,,992.96,,,27.53168822,,39.96,,0.5904,4.259,294.9758676,383.02,,-8,261.7799,262.7624,,,,63.44569,65.65217,23.89572,24.58062,0,9.942625,84.2,82.4,33.9502811,,33.9502811,,-11.1,-11.2,-30,-11.0904,-11.0305,-1.8135,,-0.85593646,,116,346.9,107,340.9,13.3,22.9,14,23.1,,,567.55,0.02
underway_1200.34091483,34091483,201011040,2011-04-08T08:00:00,20110408080000,MULTIPOINT ((-65.2225 107.2783)),107.2783,-65.2225,157.6,152.239,153.09997559,,6.2,1.09,0,0,-0.67,,,993.07,,,27.51858655,,40.1,8.334,1.353,4.314,293.52341412,381.33,,-8,261.7813,262.7641,,,,59.61966,61.95322,22.05834,24.58157,0,9.902126,84.5,83,34.00631609,,34.00631609,,-11.3,-11.2,-30,-11.0901,-11.03,-1.8058,,-0.92129846,,120,337.2,115,333.4,15.1,20.4,16,21,,,0,-0.1
underway_1200.34091603,34091603,201011040,2011-04-08T08:20:00,20110408082000,MULTIPOINT ((-65.2717 107.3409)),107.3409,-65.2717,170.9,175.526,176.28112793,,12.6,1.04,0,0,-1.07,,,992.26,,,27.43231126,,40.15,8.269,1.4432,3.661,293.45306819,381.54,,-8,262.5846,263.5593,,,,48.1422,49.93361,18.38073,19.31412,0,9.885251,86.5,84.5,34.08035915,,34.08035915,,-11,-11,-30,-10.8932,-10.8352,-1.8265,,-1.09038871,,132,333,129,330.3,15,25.7,16.2,26.6,,,0,-0.19
underway_1200.34091723,34091723,201011040,2011-04-08T08:40:00,20110408084000,MULTIPOINT ((-65.3342 107.4068)),107.4068,-65.3342,145.7,141.942,142.84973145,,13,0.88,0,0,-0.6,,,991.72,,,27.45304744,,40.09,8.251,2.46,4.466,293.86016529,381.59,,-8,263.6332,264.6274,,,,32.5199,33.90604,12.86644,12.2908,0,9.821127,87.1,85.2,33.89176948,,33.89176948,,-11,-11.1,-30,-10.8833,-10.8371,-1.8453,,-0.89885299,,122,350.1,112,343.9,15.7,27.9,16.5,28.1,,,629.76,-0.09
underway_1200.34091843,34091843,201011040,2011-04-08T09:00:00,20110408090000,MULTIPOINT ((-65.4035 107.4575)),107.4575,-65.4035,175.6,166.979,166.47583008,,14.7,0.81,0,0.6,0,,,990.86,,,27.47597784,,40.02,8.291,0.6232,4.39,294.66600633,382.26,,-8,263.2266,264.3215,,,,18.81053,19.42028,7.352865,8.779144,0,9.821127,87.8,85.6,33.82854878,,33.82854878,,-10.9,-10.8,-30,-10.7361,-10.6489,-1.8428,,-0.81499839,,115,337.6,111,334.7,19.4,29.9,20.7,30.6,,,669.64,-0.03
underway_1200.34091963,34091963,201011040,2011-04-08T09:20:00,20110408092000,MULTIPOINT ((-65.4628 107.5444)),107.5444,-65.4628,120.7,119.26,120.07507324,,12.9,1.12,0,0,-1.23,,,990.51,,,27.46287238,,40.04,7.686,0.9758,4.083,294.49678519,382.41,,-8,263.2257,264.1588,,,,10.20234,10.48083,3.676548,1.755829,0,9.56463,88.7,86.8,33.83485959,,33.83485959,,-10.9,-10.8,-30,-10.7362,-10.6887,-1.8301,,-0.83643877,,130,6.2,120,359.8,22.4,35.2,21.7,34.6,,,0,-0.05
underway_1200.34092083,34092083,201011040,2011-04-08T09:40:00,20110408094000,MULTIPOINT ((-65.4984 107.6829)),107.6829,-65.4984,119.3,121.531,121.92077637,,10.2,1.08,0,0,-1.46,,,990.34,,,27.45631714,,40.05,7.958,0.6232,4.04,294.48437621,382.18,,-8,265.3342,266.3487,,,,5.420208,6.165302,1.838275,1.755829,0,9.537631,90,87.7,33.80625482,,33.80625482,,-10.4,-10.4,-30,-10.4678,-10.4169,-1.8468,,-0.81889609,,140,11,130,4.7,19.8,29.6,18.6,28.7,,,701.95,-0.06
underway_1200.34092203,34092203,201011040,2011-04-08T10:00:00,20110408100000,MULTIPOINT ((-65.5379 107.7854)),107.7854,-65.5379,144.5,150.659,151.1114502,,12.7,1.1,0,0,-1.28,,,989.95,,,27.20951117,,39.98,4.994,3.2718,3.514,295.74644142,384.5,,-8,263.6835,264.6432,,,,3.826054,3.699098,1.83826,1.755829,0,9.483631,90,87,34.02341525,,34.02341525,,-10.8,-10.8,-30,-10.6244,-10.5704,-1.8323,,-1.309033,,137,349.3,129,344.1,22.9,35.6,23.5,35.9,,,0,-0.09
underway_1200.34092323,34092323,201011040,2011-04-08T10:20:00,20110408102000,MULTIPOINT ((-65.5825 107.8919)),107.8919,-65.5825,119.1,121.743,123.02490234,,8.2,1.24,0,0,-0.92,,,989.71,,,27.10357466,,40.17,4.063,6.191,3.507,295.56163037,384.34,,-8,264.7481,265.8886,,,,2.550856,2.465973,0,0,0,9.483631,90.5,87.9,33.99053083,,33.99053083,,-10.9,-10.9,-30,-10.8571,-10.7917,-1.8456,,-1.40831535,,141,12.3,133,6,24.5,32.2,23.4,31.3,,,0,-0.38
underway_1200.34092443,34092443,201011040,2011-04-08T10:40:00,20110408104000,MULTIPOINT ((-65.596 107.9816)),107.9816,-65.596,106.1,108.985,109.94018555,,10.8,0.92,0,0,-1.46,,,989.11,,,26.89060038,,40.46,4.045,2.0172,3.957,292.12757184,379.14,,-8,268.3816,269.59,,,,1.594364,1.849537,-1.838213,-1.755829,204.9903,9.456632,91.8,91,33.72328529,,33.72328529,,-10.3,-10.4,-30,-10.4622,-10.4134,-1.8402,,-1.43193069,,138,17.1,133,13.2,20.4,30.3,19,29.2,,,5555.71,-0.52
underway_1200.34092563,34092563,201011040,2011-04-08T11:00:00,20110408110000,MULTIPOINT ((-65.6172 108.0857)),108.0857,-65.6172,120.7,122.038,122.60192871,,12,1.3,0,0,-1.46,,,988.78,,,26.93973174,,40.73,7.281,2.2632,4.033,288.01801341,373.53,,-8,269.2564,268.5694,,,,1.913245,2.157737,-1.838274,-1.755829,0,9.443131,91.7,89.2,33.58140231,,33.58140231,,-10.2,-10.1,-30,-10.2493,-10.1385,-1.8471,,-1.24620391,,143,11.9,133,5.4,20.5,31.9,19.5,31.2,,,5772.59,-0.59
underway_1200.34092683,34092683,201011040,2011-04-08T11:20:00,20110408112000,MULTIPOINT ((-65.6478 108.1969)),108.1969,-65.6478,120.4,119.493,120.4486084,,8.2,1.15,0,0,-1.2,,,988.25,,,27.07842888,,40.57,7.194,1.3448,4.043,290.53461675,376.85,,-8,269.9536,270.344,,,,1.913246,1.849386,-1.838275,-1.755829,204.9903,9.443131,92.3,89.4,33.63376851,,33.63376851,,-9.8,-9.7,-30,-9.8358,-9.7088,-1.8572,,-1.1236747,,141,15.3,136,11,24,31.9,22.8,30.9,,,0,-0.55
underway_1200.34092803,34092803,201011040,2011-04-08T11:40:00,20110408114000,MULTIPOINT ((-65.6841 108.2811)),108.2811,-65.6841,151.5,160.336,161.16943359,,9.5,1.04,0,0.13,-1.48,,,987.96,,,27.27833178,,40.76,4.028,8.364,3.828,286.08565484,372.93,,-8,268.6088,268.6855,,,,1.913246,1.849317,0,1.755829,-204.9903,9.426257,91.9,89.5,34.2433043,,34.2433043,,-9.8,-9.8,-30,-9.6735,-9.5898,-1.8459,,-1.41815398,,143,346.5,136,341.1,24,33.2,24.7,33.7,,,0,-0.6
underway_1200.34092923,34092923,201011040,2011-04-08T12:00:00,20110408120000,MULTIPOINT ((-65.7258 108.3493)),108.3493,-65.7258,113.2,113.464,114.90600586,,8.1,0.87,0,0,-1.32,,,987.31,,,27.22806124,,40.75,7.258,0.82,,286.27392611,371.97,,-8,268.7046,267.7779,,,,1.594252,1.849306,1.838275,1.755822,-204.9895,9.362132,91.7,90.3,33.81971134,,33.81971134,,-10,-10,-30,-9.894,-9.8091,-1.8505,,-1.10702946,,138,16.8,131,11.8,25.2,32.7,24.1,31.9,,,0,-0.52
underway_1200.34093043,34093043,201011040,2011-04-08T12:20:00,20110408122000,MULTIPOINT ((-65.7465 108.4451)),108.4451,-65.7465,117.8,113.525,114.34570312,,9.2,1.12,0,0.44,-1.31,,,986.76,,,26.87204566,,40.82,,2.8618,3.603,292.94522044,381.17,,-8,269.0039,269.4242,,,,1.594238,2.157475,0,0,0,9.362132,91.9,90,33.85429434,,33.85429434,,-10,-10,-30,-10.0658,-9.9313,-1.849,,-1.56986726,,143,19.8,137,15.5,25.7,34.3,24.1,33,,,3706.06,-1.2
underway_1200.34093163,34093163,201011040,2011-04-08T12:40:00,20110408124000,MULTIPOINT ((-65.769 108.5478)),108.5478,-65.769,100.8,94.832,94.58129883,,10.2,1,0,0,-0.96,,,986.13,,,26.5433245,,40.65,7.319,9.963,3.075,298.56203489,387.55,,-8,270.7706,271.0283,,,,1.913137,1.849188,-1.838236,-1.755627,0,9.338509,92.3,90.5,33.51450574,,33.51450574,,-9.6,-9.6,-30,-9.6384,-9.5437,-1.845,,-1.67253453,,,,,,,,,,,,0,-1.32
underway_1200.34093283,34093283,201011040,2011-04-08T13:00:00,20110408130000,MULTIPOINT ((-65.7985 108.6416)),108.6416,-65.7985,123,121.138,121.76147461,,9.3,0.8,0,0,-0.61,,,985.74,,,26.71148561,,40.69,6.717,0.6314,4.107,294.28042782,381.39,,-8,267.3157,268.4619,,,,1.913124,2.1573,1.838213,1.755616,0,9.335133,91.6,89.6,33.43854514,,33.43854514,,-9.9,-9.8,-30,-9.7423,-9.6439,-1.8578,,-1.39847829,,140,13.6,133,8.8,26.1,35.1,24.9,34.1,,,491.96,-1.02
underway_1200.34093403,34093403,201011040,2011-04-08T13:20:00,20110408132000,MULTIPOINT ((-65.8194 108.7412)),108.7412,-65.8194,107.7,107.843,108.95141602,,8.5,0.88,0,0,-0.69,,,985.34,,,26.87640054,,40.74,7.739,1.23,4.23,293.10288987,380.84,,-8,271.276,270.5727,,,,1.913097,2.465489,-5.514788,-1.755622,0,9.308133,93.6,90.7,33.68142155,,33.68142155,,-9.8,-9.8,-30,-9.7598,-9.6536,-1.8542,,-1.41225062,,141,23.4,139,21.1,23.6,31,22,29.6,,,3736.08,-1.05
underway_1200.34093523,34093523,201011040,2011-04-08T13:40:00,20110408134000,MULTIPOINT ((-65.8196 108.8571)),108.8571,-65.8196,78.2,77.768,78.6126709,,8.5,0.99,0,0,-1.02,,,985.1,,,26.78575932,,40.71,7.056,0.8692,4.065,295.58062514,383.88,,-8,268.5768,268.1253,,,,1.91306,2.157213,0,1.755576,0,9.281133,92.7,90.3,33.65197423,,33.65197423,,-9.8,-9.9,-30,-9.6812,-9.7252,-1.8553,,-1.49691951,,146,51.3,154,56.6,23.8,28.1,22.1,25.5,,,5559.76,-1.2
underway_1200.34093643,34093643,201011040,2011-04-08T14:00:00,20110408140000,MULTIPOINT ((-65.8016 108.9579)),108.9579,-65.8016,67.2,68.529,68.53271484,,9.2,0.93,0,0,-1.12,,,985.19,,,26.27686112,,40.66,8.771,2.091,,299.22047609,387.2,,-8,271.1717,271.4369,,,,1.913041,1.849017,-1.8382,-1.755652,0,9.294634,92.9,91.1,33.14567802,,33.14567802,,-9.7,-9.8,-30,-9.785,-9.7047,-1.8593,,-1.67352254,,142,53,153,60.9,21.2,25.2,20.3,22.9,,,0,-1.32
underway_1200.34093763,34093763,201011040,2011-04-08T14:20:00,20110408142000,MULTIPOINT ((-65.8143 109.0714)),109.0714,-65.8143,110.5,106.858,106.97387695,,7.8,0.9,0,0,-0.68,,,984.63,,,25.94925552,,40.68,7.55,1.3366,3.445,299.56194464,386.12,,-8,272.6408,271.7474,,,,1.912997,2.157168,-1.838096,-1.755616,0,9.281133,93.1,91.5,32.61550589,,32.61550589,,-9.4,-9.4,-30,-9.4306,-9.3705,-1.8432,,-1.60439966,,147,31.2,151,34.1,23.9,30.5,22.2,28.6,,,0,-1.28
underway_1200.34093883,34093883,201011040,2011-04-08T14:40:00,20110408144000,MULTIPOINT ((-65.8319 109.1834)),109.1834,-65.8319,112.2,114.723,115.14221191,,9.4,1,0,0,-0.77,,,984.21,,,25.91976546,,40.63,7.268,0.7544,3.798,299.89116952,386.07,,-8,271.3452,271.3414,,,,1.912942,1.848999,0,1.755613,0,9.240634,92.8,91.3,32.48191584,,32.48191584,,-9.3,-9.4,-30,-9.2572,-9.2096,-1.8581,,-1.51958322,,153,27.4,153,26.6,25.9,33.6,24.2,32,,,4379.14,-1.2
underway_1200.34094003,34094003,201011040,2011-04-08T15:00:00,20110408150000,MULTIPOINT ((-65.8511 109.2933)),109.2933,-65.8511,108.3,112.843,113.77990723,,8.2,0.89,0,0,-0.63,,,984.18,,,26.20805423,,40.75,7.978,0.7134,4.006,296.93734744,383.59,,-8,269.671,269.8726,,,,1.912937,1.232666,1.83812,1.755559,0,9.240634,92.6,91.1,32.93064966,,32.93064966,,-9.6,-9.6,-30,-9.4175,-9.3041,-1.86,,-1.56592193,,155,30.1,158,31.9,24,30.2,22.5,28.5,,,3771.65,-1.24
underway_1200.34094123,34094123,201011040,2011-04-08T15:20:00,20110408152000,MULTIPOINT ((-65.8747 109.3996)),109.3996,-65.8747,138.6,142.111,142.82226562,,8.8,0.9,0,0,-0.21,,,984.06,,,26.68745709,,40.75,7.611,0.5248,4.041,294.80007527,382.06,,-8,270.9918,272.1811,,,,1.912942,1.848999,0,-1.755539,204.9565,9.227135,93.2,91.6,33.38230326,,33.38230326,,-9.4,-9.4,-30,-9.3422,-9.2662,-1.848,,-1.37782557,,163,13.2,156,8.1,21.2,29.4,20,28.5,,,424.7,-1.15
underway_1200.34094243,34094243,201011040,2011-04-08T15:40:00,20110408154000,MULTIPOINT ((-65.9081 109.4734)),109.4734,-65.9081,140,143.029,144.29992676,,6.8,0.87,0,0.03,-0.38,,,983.91,,,26.36858205,,40.78,5.703,3.6408,3.643,293.44824999,379.42,,-8,268.4271,269.5577,,,,1.912937,2.157166,1.838088,1.755536,-204.9562,9.227135,92.7,91.3,33.13167028,,33.13167028,,-9.6,-9.6,-30,-9.4742,-9.3799,-1.8479,,-1.54718507,,163,13,155,6.9,22.6,29,21.9,28.5,,,0,-1.04
underway_1200.34094363,34094363,201011040,2011-04-08T16:00:00,20110408160000,MULTIPOINT ((-65.9373 109.5319)),109.5319,-65.9373,146.8,151.228,152.78686523,,8.7,0.9,0,0,-0.54,,,984.1,,,26.37406044,,40.61,2.708,5.5678,,297.59756224,385.7,,-8,266.886,268.0567,,,,1.91295,1.848999,1.838034,1.755536,0,9.227135,92,90.2,33.37619693,,33.37619693,,-10.1,-10.1,-30,-9.8463,-9.7418,-1.8384,,-1.75855125,,164,6.2,155,360,21.5,29.9,20.9,29.5,,,5508.86,-1.15
underway_1200.34094483,34094483,201011040,2011-04-08T16:20:00,20110408162000,MULTIPOINT ((-65.9669 109.5872)),109.5872,-65.9669,142.5,143.904,145.90942383,,6.8,1.02,0,0.2,-0.08,,,983.78,,,26.4384667,,40.86,6.621,1.1152,3.806,291.39133555,376.82,,-8,261.136,261.0487,,,,1.594114,1.848999,1.838094,1.755536,204.9562,9.227135,91.9,90.1,33.1337514,,33.1337514,,-10.1,-10,-30,-10.0182,-9.8761,-1.8582,,-1.46244722,,158,8.9,151,2.8,24.4,31,23.7,30.4,,,603.7,-1
underway_1200.34094603,34094603,201011040,2011-04-08T16:40:00,20110408164000,MULTIPOINT ((-65.9962 109.647)),109.647,-65.9962,134.4,139.855,141.71813965,,6.8,0.73,0,0,-0.82,,,983.65,,,26.26921562,,40.83,7.259,6.5682,3.246,296.25586821,383.46,,-8,259.7759,257.6251,,,,1.912969,2.157166,0,-1.755536,0,9.213634,92.2,90.4,33.11852013,,33.11852013,,-10.4,-10.4,-30,-10.3484,-10.1846,-1.8549,,-1.65870397,,164,15.8,158,10.8,23.4,29.4,22.1,28.4,,,5097.06,-1.35
underway_1200.34094723,34094723,201011040,2011-04-08T17:00:00,20110408170000,MULTIPOINT ((-66.0282 109.7114)),109.7114,-66.0282,142.9,140.325,142.02026367,,5.3,1.12,0,0.38,-0.1,,,983.81,,,26.62193414,,40.71,7.944,0.6888,3.833,296.04917691,383.57,,-8,259.6906,258.4212,,,,1.912939,2.157166,-1.838105,-1.755536,0,9.213634,93.3,91.8,33.34270791,,33.34270791,,-10,-10,-30,-10.1242,-9.9915,-1.8525,,-1.42307388,,168,20.3,163,16.2,19.1,24,18.3,23.4,,,0,-1.18
underway_1200.34094843,34094843,201011040,2011-04-08T17:20:00,20110408172000,MULTIPOINT ((-66.0532 109.7726)),109.7726,-66.0532,123.2,122.703,124.38171387,,5.2,0.99,0,0,-1.1,,,983.59,,,26.63286486,,40.87,8.774,3.403,3.785,293.41362955,380.63,,-8,254.4717,254.2354,,,,1.912947,2.157166,0,1.755536,0,9.200135,91.5,89.8,33.48276386,,33.48276386,,-10.8,-10.8,-30,-10.6585,-10.486,-1.8557,,-1.53436839,,162,31.3,165,33.3,25.3,29.5,23.6,27.7,,,5514.72,-1.25
underway_1200.34094963,34094963,201011040,2011-04-08T17:40:00,20110408174000,MULTIPOINT ((-66.0838 109.8592)),109.8592,-66.0838,138.9,121.719,121.9317627,,9.3,1.09,0,0.91,0,,,983.56,,,26.48216076,,40.74,6.769,0.9922,3.515,296.92726384,384.78,,-8,254.7256,254.1952,,,,1.913043,1.848999,0,0,-204.9565,9.200135,91.7,89.9,33.3384687,,33.3384687,,-10.6,-10.6,-30,-10.5962,-10.4958,-1.8634,,-1.59157108,,156,28.7,154,27.4,21.4,30.4,19.7,28.8,,,0,-1.3
underway_1200.34095083,34095083,201011040,2011-04-08T18:00:00,20110408180000,MULTIPOINT ((-66.1204 109.9465)),109.9465,-66.1204,134.8,133.281,134.26391602,,9.1,1.01,0,0,-0.74,,,983.72,,,26.08465345,,40.79,,3.1652,,297.39246595,383.47,,-8,255.1615,254.5513,,,,1.913215,1.849012,0,-1.755625,0,9.19001,91.6,90,32.70698896,,32.70698896,,-10.5,-10.5,-30,-10.49,-10.4088,-1.8454,,-1.51761213,,165,22.4,160,18.3,23,31.2,21.3,29.8,,,0,-1.3
underway_1200.34095203,34095203,201011040,2011-04-08T18:20:00,20110408182000,MULTIPOINT ((-66.1395 109.9981)),109.9981,-66.1395,131.7,129.1,130.05615234,,4.7,1.15,0,0,-0.7,,,983.94,,,26.65142787,,40.87,6.886,0.8118,4.374,292.95806365,380.03,,-8,260.9359,261.9781,,,,1.913221,1.849068,-1.838196,-1.755689,0,9.186636,92.1,90.2,33.47071111,,33.47071111,,-10.8,-10.8,-30,-10.8031,-10.696,-1.8406,,-1.50086042,,166,30.3,169,32.5,23.4,27.4,21.9,25.8,,,3706.55,-1.21
underway_1200.34095323,34095323,201011040,2011-04-08T18:40:00,20110408184000,MULTIPOINT ((-66.1557 110.0473)),110.0473,-66.1557,129.4,127.071,128.0456543,,4.1,1.07,0,0,-0.72,,,983.62,,,26.84473071,,40.92,7.883,0.4756,4.367,291.63711362,378.87,,-8,251.4118,250.7353,,,,1.913253,2.157269,-1.83826,0,0,9.011137,92.2,90,33.67331718,,33.67331718,,-11,-11,-30,-10.9133,-10.8153,-1.8481,,-1.44374175,,161,28.6,160,27.8,25.4,29,23.8,27.4,,,3706.25,-1.22
underway_1200.34095443,34095443,201011040,2011-04-08T19:00:00,20110408190000,MULTIPOINT ((-66.173 110.1027)),110.1027,-66.173,126.9,127.077,128.27636719,,4.7,1.03,0,0,-1.08,,,983.81,,,26.8228947,,40.94,,0.5084,3.972,291.94766083,379.7,,-8,256.8154,256.4176,,,,1.913259,2.157287,-1.838273,0,0,8.990888,91.8,89.8,33.73461531,,33.73461531,,-11.1,-11.2,-30,-11.0715,-11.0039,-1.8493,,-1.52451121,,169,34.2,173,37.5,24.3,28,22.7,26.2,,,0,-1.29
underway_1200.34095563,34095563,201011040,2011-04-08T19:20:00,20110408192000,MULTIPOINT ((-66.1878 110.152)),110.152,-66.1878,121.7,124.203,125.31005859,,2.3,1.1,0,0,-0.64,,,983.81,,,26.88622614,,40.38,8.034,0.5084,0.756,296.18885581,384.2,,-8,257.5816,258.4831,,,,1.594383,1.54106,1.838275,1.755706,0,8.984138,90.7,89.1,33.64498054,,33.64498054,,-11.3,-11.3,-30,-11.1309,-11.0249,-1.8484,,-1.36799337,,160,31.5,162,33.1,22,23.9,20.6,22.5,,,146.69,-0.71
underway_1200.34095683,34095683,201011040,2011-04-08T19:40:00,20110408194000,MULTIPOINT ((-66.1988 110.1911)),110.1911,-66.1988,82.4,75.125,75.49255371,,3.7,0.83,0,0,-1.04,,,983.77,,,26.95612349,,40.24,8.348,0.6396,1.745,293.21262239,380.3,,-8,251.3613,249.9381,,,,1.913259,2.15741,-1.838275,-1.755712,0,8.984138,91.4,89.8,33.7212765,,33.7212765,,-11.7,-11.8,-30,-11.6696,-11.5393,-1.8359,,-1.35029935,,154,71.4,170,85.4,23.1,24.5,21.9,22.4,,,0,-0.25
underway_1200.34095803,34095803,201011040,2011-04-08T20:00:00,20110408200000,MULTIPOINT ((-66.1855 110.1515)),110.1515,-66.1855,310.5,308.909,310.17700195,,4.3,0.8,0,0.31,0,,,984.31,,,26.99544368,,40.23,7.987,0.369,,290.47718605,376.99,,-8,256.2065,258.978,,,,1.913259,2.157438,0,-1.755689,0,8.957138,90.7,90.4,33.79659919,,33.79659919,,-11.7,-10.7,-30,-11.4692,-10.9036,-1.8476,,-1.36897652,,161,218.4,158,221,20.3,16.7,12.2,8.6,,,192.48,-0.02
underway_1200.34095923,34095923,201011040,2011-04-08T20:20:00,20110408202000,MULTIPOINT ((-66.1905 110.1635)),110.1635,-66.1905,121.3,123.034,123.31054688,,4.1,0.87,0,0,-0.52,,,984,,,26.84363315,,40.15,7.287,0.369,-0.113,292.12533482,378.15,,-8,249.2707,247.7239,,,,1.594383,2.157251,0,1.755589,0,8.957138,91,89.7,33.60182146,,33.60182146,,-11.4,-11.5,-30,-11.4392,-11.29,-1.852,,-1.38175889,,167,35.8,171,38.9,18.8,21.9,17.6,20.5,,,0,0.01
underway_1200.34096043,34096043,201011040,2011-04-08T20:40:00,20110408204000,MULTIPOINT ((-66.2012 110.2118)),110.2118,-66.2012,121.3,122.947,123.99169922,,4.7,0.98,0,0,-0.7,,,984.06,,,26.84255061,,40.06,8.156,0.656,1.674,291.93771395,378.32,,-8,242.9013,243.408,,,,1.594383,1.849123,-1.838275,-1.755633,0,8.957138,91.5,89.9,33.72493675,,33.72493675,,-11.1,-11.3,-30,-11.2698,-11.2933,-1.853,,-1.49199372,,166,33.7,170,36.4,18.3,21.9,17.1,20.5,,,158.11,0.15
underway_1200.34096163,34096163,201011040,2011-04-08T21:00:00,20110408210000,MULTIPOINT ((-66.198 110.1871)),110.1871,-66.198,302,301.921,303.44787598,,4.4,1,0,0.12,-0.1,,,984.54,,,26.98998128,,40.17,8.914,0.5084,1.979,291.953549,378.69,,-8,242.0916,244.7567,,,,1.913259,2.15742,0,-1.755793,-204.9861,8.930138,91.1,89.2,33.77013923,,33.77013923,,-11.6,-10.7,-30,-11.4692,-10.9619,-1.8389,,-1.3522651,,164,234.9,163,233.5,14.5,11.6,14.7,11.7,,,192.3,-0.04
underway_1200.34096283,34096283,201011040,2011-04-08T21:20:00,20110408212000,MULTIPOINT ((-66.1846 110.1387)),110.1387,-66.1846,7.8,18.176,18.53942871,,2.7,0.9,0,0,-0.36,,,984.49,,,27.05878264,,39.95,-0.02,0.3362,1.996,293.14610591,379.95,,-8,250.282,246.3193,,,,1.913259,2.157278,-1.838275,1.755627,-204.9667,8.930138,93.4,87,33.77811387,,33.77811387,,-10.8,-10.5,-30,-11.1904,-10.5802,-1.8347,,-1.27564709,,168,135.6,163,137.6,8,5.8,14.4,12.3,,,198.14,0.22
underway_1200.34096403,34096403,201011040,2011-04-08T21:40:00,20110408214000,MULTIPOINT ((-66.194 110.1806)),110.1806,-66.194,121.8,123.446,123.29956055,,3.7,1.08,0,0,-0.34,,,984.58,,,27.4159088,,39.62,0.111,0.4182,2.736,286.40083665,370.38,,-8,231.636,233.2534,,,,1.913157,2.465335,0,0,0,8.930138,90.1,88.4,33.82479194,,33.82479194,,-11.4,-11.3,-30,-11.313,-11.1459,-1.8294,,-0.88421901,,163,30.8,165,31.1,12,15,11.3,14.2,,,0,1.32
underway_1200.34096523,34096523,201011040,2011-04-08T22:00:00,20110408220000,MULTIPOINT ((-66.2066 110.2284)),110.2284,-66.2066,121.4,118.2,119.16870117,,4.6,0.95,0,0,-0.36,,,984.83,,,27.88337732,,39.46,-0.058,0.451,0.925,281.12045312,363.36,,-8,235.0533,236.584,,,,1.913187,1.848999,1.83827,1.755537,0,8.923389,89.6,87.9,33.91648132,,33.91648132,,-11.6,-11.6,-30,-11.4645,-11.385,-1.825,,-0.40322442,,176,38,182,41.3,8.3,11.6,7.8,10.8,,,181.66,2.02
underway_1200.34096643,34096643,201011040,2011-04-08T22:20:00,20110408222000,MULTIPOINT ((-66.219 110.2797)),110.2797,-66.219,118.8,114.885,116.62536621,,4.1,1.1,0,0,-0.4,,,985.07,,,28.35853028,,39.38,-0.106,0.3362,1.665,279.47334331,361.39,,-8,231.7238,231.7684,,,,1.913232,1.848999,0,0,-204.963,8.916639,90.1,87.9,34.00004269,,34.00004269,,-11.8,-12,-30,-11.7887,-11.7771,-1.8299,,0.08944499,,206,54.9,216,61.4,5.8,7.3,5.7,6.6,,,198.75,2.28
underway_1200.34096763,34096763,201011040,2011-04-08T22:40:00,20110408224000,MULTIPOINT ((-66.2327 110.3416)),110.3416,-66.2327,127.1,126.385,128.03466797,,5.3,1.34,0,0.27,-0.12,,,985.14,,,28.82498026,,39.29,-0.102,0.3936,2.021,278.20791937,359.65,,-8,210.8042,211.8652,,,,1.913201,2.157166,-1.838275,-1.755538,0,8.916639,90.9,88.8,34.05237057,,34.05237057,,-11.4,-11.5,-30,-11.7262,-11.6459,-1.8186,,0.59540378,,234,63.6,246,73.5,7.1,7.5,7.3,6.6,,,125.1,2.53
underway_1200.34096883,34096883,201011040,2011-04-08T23:00:00,20110408230000,MULTIPOINT ((-66.2422 110.3975)),110.3975,-66.2422,99.3,99.017,100.4699707,,3.5,0.81,0,0,-0.28,,,985.35,,,29.28491135,,39.24,-0.05,0.4346,1.407,277.91405736,359.3,,-8,204.111,202.567,,,,1.913168,2.465332,-1.838275,-1.755536,0,8.916639,90.7,88.8,34.09938332,,34.09938332,,-11.3,-11.4,-30,-11.8855,-11.8176,-1.8284,,1.09447235,,264,139.7,264,146.5,5.5,2.3,6.5,3.3,,,60.69,2.63
underway_1200.34097003,34097003,201011040,2011-04-08T23:20:00,20110408232000,MULTIPOINT ((-66.2456 110.3978)),110.3978,-66.2456,128.2,320.625,321.69616699,,0.6,1.04,0,0.27,-0.16,,,985.51,,,29.73395247,,39.59,-0.085,0.6724,3.709,287.90231864,373.49,,-8,194.5212,195.8275,,,,3.825977,4.930665,-1.83801,0,0,8.916639,89.9,87.6,34.15922084,,34.15922084,,-11.6,-11.5,-30,-12.0154,-11.8885,-1.8334,,1.56522565,,223,266.3,235,278.2,6.1,6,6.4,6.5,,,52.71,1.18
underway_1200.34097123,34097123,201011040,2011-04-08T23:40:00,20110408234000,MULTIPOINT ((-66.246 110.3997)),110.3997,-66.246,49.1,339.808,339.3347168,,0.2,1.21,0,0.3,0,,,985.54,,,30.14478129,,39.7,-0.022,0.5658,4.057,290.40868116,377.13,,-8,185.2301,188.0413,,,,11.1588,12.01849,1.838025,1.755536,0,8.903138,89.2,87,34.20109052,,34.20109052,,-11.4,-11.1,-30,-11.8198,-11.6863,-1.827,,2.00455175,,244,266.9,258,279.8,6.6,6.6,7.3,7.3,,,56.78,0.78
underway_1200.34097243,34097243,201011040,2011-04-09T00:00:00,20110409000000,MULTIPOINT ((-66.2457 110.4001)),110.4001,-66.2457,163,259.819,258.31604004,,0,0.82,0,0.02,-0.12,,,985.75,,,30.52722433,,39.77,-0.042,0.615,,291.3651807,378.66,,-8,183.9642,184.5808,,,,26.46229,27.73499,9.18999,8.777682,0,8.889639,88.8,86.4,34.22677295,,34.22677295,,-11.8,-11.8,-30,-12.1339,-12.0104,-1.8217,,2.42326804,,254,356,246,347.7,5.7,5.7,5.7,5.7,,,54.75,0.58
underway_1200.34097363,34097363,201011040,2011-04-09T00:20:00,20110409002000,MULTIPOINT ((-66.2458 110.4004)),110.4004,-66.2458,161.8,285.783,285.0402832,,0,0.93,0,0.3,0,,,985.8,,,30.87690616,,39.77,0.086,0.5412,4.456,291.91216181,379.35,,-8,181.3342,187.2236,,,,43.04108,57.31898,14.70377,50.91055,0,8.889639,88.2,85.7,34.25002074,,34.25002074,,-12,-12,-30,-12.287,-11.8885,-1.8417,,2.80429502,,285,359.7,278,352.7,8.3,8.3,8.3,8.3,,,49.69,0.53
underway_1200.34097483,34097483,201011040,2011-04-09T00:40:00,20110409004000,MULTIPOINT ((-66.2459 110.4005)),110.4005,-66.2459,136.1,291.782,291.53869629,,0.1,0.89,0,0.08,0,,,985.72,,,31.19819238,,39.43,0.297,0.3034,0.02,282.67475416,366.59,,-8,180.2112,181.5254,,,,56.75044,62.86594,16.54193,21.06609,0,8.903138,86.2,83.3,34.26924938,,34.26924938,,-12.3,-12.3,-30,-12.5538,-12.2145,-1.8069,,3.15470135,,287,355.5,281,349.4,8.5,8.6,8.9,9,,,49.44,1.87
underway_1200.34097603,34097603,201011040,2011-04-09T01:00:00,20110409010000,MULTIPOINT ((-66.2459 110.4007)),110.4007,-66.2459,122.5,290.636,290.53894043,,0,0.95,0,0.03,-0.07,,,985.74,,,31.50091372,,38.96,0.009,0.3608,0.008,279.77145414,362.04,,-8,177.6622,186.1622,,,,76.51744,125.1156,25.73119,101.8188,0,8.984138,85.7,82.1,34.27609196,,34.27609196,,-12.6,-12.5,-30,-12.688,-12.1327,-1.8155,,3.49409396,,289,358.9,283,352.2,8.2,8.2,8.2,8.2,,,43.51,2.9
underway_1200.34097723,34097723,201011040,2011-04-09T01:20:00,20110409012000,MULTIPOINT ((-66.2459 110.4008)),110.4008,-66.2459,141.7,296.726,296.26281738,,0,0.54,0,0,-0.29,,,985.67,,,31.82441734,,38.71,-0.014,0.2788,0.006,273.9927687,353.89,,-8,179.4052,185.6185,,,,105.2129,171.0476,44.11174,136.931,0,8.970638,85.2,82,34.31688911,,34.31688911,,-12.8,-12.8,-30,-12.5041,-10.9386,-1.8414,,3.82354713,,287,350.6,281,344.8,10.1,10.1,10.2,10.2,,,43.59,3.82
underway_1200.34097843,34097843,201011040,2011-04-09T01:40:00,20110409014000,MULTIPOINT ((-66.246 110.4009)),110.4009,-66.246,100.3,295.05,294.15893555,,0.1,0.86,0,0.12,-0.18,,,985.67,,,32.13372831,,38.42,,0.2542,0.004,270.409516,348.96,,-8,178.477,184.0975,,,,106.4912,218.8001,79.03988,157.9972,0,8.970638,85.2,81.8,34.36819314,,34.36819314,,-13.1,-13.1,-30,-12.7349,-11.0476,-1.7943,,4.12519086,,299,4.9,294,359.4,13.4,13.5,13.2,13.3,,,46.24,4.62
underway_1200.34097963,34097963,201011040,2011-04-09T02:00:00,20110409020000,MULTIPOINT ((-66.2459 110.401)),110.401,-66.2459,288.6,297.901,296.92199707,,0,0.8,0,0.18,-0.05,,,985.67,,,32.38839709,,38.09,0.012,0.1886,,269.05305584,346.84,,-8,183.4634,184.5295,,,,211.0735,269.3376,141.5447,182.5785,0,8.943638,85.1,81.4,34.37275404,,34.37275404,,-13.3,-13.3,-30,-12.7477,-11.2054,-1.8451,,4.40838233,,299,1.8,290,352.7,12.6,12.6,12.5,12.5,,,40.83,5.3
underway_1200.34098083,34098083,201011040,2011-04-09T02:20:00,20110409022000,MULTIPOINT ((-66.1323 110.4626)),110.4626,-66.1323,14.5,296.602,295.88928223,,51.4,0.87,0,0.06,-0.12,,,985.9,,,32.65728536,,37.88,-0.043,0.246,0.003,266.38700954,343.06,,-8,187.6091,183.542,,,,211.0889,318.665,132.3536,207.159,0,8.916639,84.9,80.4,34.38506233,,34.38506233,,-13.1,-13.2,-30,-12.4681,-11.1835,-1.8127,,4.6992631,,206,325.7,206,324.4,57.2,12.1,57.7,12.6,,,41.38,5.9
underway_1200.34098203,34098203,201011040,2011-04-09T02:40:00,20110409024000,MULTIPOINT ((-66.2456 110.4011)),110.4011,-66.2456,86.3,296.99,296.41113281,,0,0.83,0,0,-0.41,,,985.89,,,32.89448239,,37.63,,0.2624,0.002,265.28029928,341.08,,-8,184.0946,182.674,,,,338.6194,348.2604,227.9337,221.2092,0,8.903138,85,81.4,34.38395338,,34.38395338,,-12.9,-13,-30,-11.5892,-11.3964,-1.8235,,4.96660818,,256,319.9,256,320,11,11,11.7,11.7,,,36.24,6.43
underway_1200.34098323,34098323,201011040,2011-04-09T03:00:00,20110409030000,MULTIPOINT ((-66.2456 110.4011)),110.4011,-66.2456,158.1,290.784,290.0994873,,0,0.83,0,0.01,-0.2,,,985.89,,,33.13278066,,37.58,-0.09,0.246,0,261.08885286,335.45,,-8,181.2353,183.642,,,,226.3674,264.4469,121.3078,133.4268,0,8.916639,85.9,82.4,34.38821332,,34.38821332,,-13.1,-13,-30,-11.0527,-10.6313,-1.8301,,5.22930826,,274,343.8,268,338.2,6.5,6.5,6.7,6.7,,,37.07,6.91
underway_1200.34098443,34098443,201011040,2011-04-09T03:20:00,20110409032000,MULTIPOINT ((-66.2456 110.4012)),110.4012,-66.2456,158.1,290.74,289.69299316,,0,1.03,0,0,-0.25,,,985.83,,,33.3689006,,37.57,0.022,0.2132,0,256.77260281,329.72,,-8,188.9925,189.688,,,,287.5781,313.7474,165.4146,172.0471,-204.9616,8.903138,86.6,83.6,34.39668079,,34.39668079,,-12.3,-12.3,-30,-10.8834,-10.4696,-1.8024,,5.4847707,,235,305.3,237,307.6,8,8,8.7,8.7,,,36.49,7.34
underway_1200.34098563,34098563,201011040,2011-04-09T03:40:00,20110409034000,MULTIPOINT ((-66.2454 110.4011)),110.4011,-66.2454,158.1,288.747,287.85827637,,0,0.97,0,0.11,-0.16,,,986.16,,,33.60284316,,37.54,0.071,0.1722,0,253.36608855,324.98,,-8,208.0708,205.0009,,,,468.6688,519.5878,275.6911,287.9027,0,8.849139,85.6,81.9,34.42092856,,34.42092856,,-12.2,-11.9,-30,-10.6577,-10.1502,-1.8369,,5.72165252,,250,321.8,250,322.2,9.2,9.2,9.8,9.8,,,37.96,7.72
underway_1200.34098683,34098683,201011040,2011-04-09T04:00:00,20110409040000,MULTIPOINT ((-66.2454 110.401)),110.401,-66.2454,301,286.498,285.5291748,,0,1.13,0,0.03,-0.14,,,986.41,,,33.8433483,,37.57,0.105,0.1394,-0.001,249.23899691,319.53,,-8,199.4059,201.3744,,,,264.6096,282.8971,139.6835,143.9507,0,8.808639,86.1,82.4,34.40896285,,34.40896285,,-11.7,-11.5,-30,-10.3113,-9.4654,-1.8257,,6.00057349,,207,281.7,214,288.8,6.7,6.7,7.5,7.5,,,40.29,8.08
underway_1200.34098803,34098803,201011040,2011-04-09T04:20:00,20110409042000,MULTIPOINT ((-66.2454 110.401)),110.401,-66.2454,174.5,285.889,284.8260498,,0,1.05,0,0.04,-0.11,,,986.55,,,34.08058309,,37.58,0.053,0.0984,-0.001,245.68828762,314.89,,-8,226.2397,228.5448,,,,347.4595,371.6488,185.6038,196.6156,0,8.795139,85.9,82.4,34.41605325,,34.41605325,,-12.1,-11.8,-30,-11.1495,-10.1846,-1.8406,,6.2565121,,204,278.7,213,288.5,8,8,8.9,8.9,,,39.23,8.42
underway_1200.34098923,34098923,201011040,2011-04-09T04:40:00,20110409044000,MULTIPOINT ((-66.2455 110.4008)),110.4008,-66.2455,207.8,285.846,284.95239258,,0,0.89,0,0,-0.3,,,986.9,,,34.31017024,,37.62,-0.012,0.1066,0,241.81268015,309.79,,-8,187.5534,190.3331,,,,318.1314,328.5055,152.5238,152.7282,-204.9516,8.76814,86.2,83.4,34.40793001,,34.40793001,,-11.9,-11.1,-30,-10.7452,-9.5318,-1.8351,,6.51839602,,173,248.3,199,274.1,7.6,7.6,6.8,6.8,,,44.32,8.75
underway_1200.34099043,34099043,201011040,2011-04-09T05:00:00,20110409050000,MULTIPOINT ((-66.2455 110.3992)),110.3992,-66.2455,253.8,266.785,266.30859375,,0.2,0.79,0,0.17,-0.03,,,987.26,,,34.54085638,,37.65,-0.064,0.1476,0,238.46707032,305.05,,-8,190.5402,194.1269,,,,478.1535,495.5318,294.0218,287.9015,0,8.74114,86.5,82.5,34.39200875,,34.39200875,,-12.3,-9.4,-30,-9.5306,-7.347,-1.821,,6.78874593,,115,209.5,116,210.8,13.8,13.6,9.5,9.3,,,57.29,9.05
underway_1200.34099163,34099163,201011040,2011-04-09T05:20:00,20110409052000,MULTIPOINT ((-66.2455 110.3962)),110.3962,-66.2455,258.1,270.537,270.55480957,,0.2,0.89,0,0.32,0,,,987.72,,,34.77045948,,37.73,-0.088,0.1148,0,234.48487977,299.92,,-8,187.554,189.8037,,,,409.277,453.0008,257.2691,270.3241,0,8.727641,86.1,79.3,34.41001339,,34.41001339,,-12.6,-8.6,-30,-9.2784,-6.5956,-1.8018,,7.02352699,,115,204.4,115,205.6,10.7,10.5,7.4,7.2,,,51.85,9.33
underway_1200.34099283,34099283,201011040,2011-04-09T05:40:00,20110409054000,MULTIPOINT ((-66.2453 110.3949)),110.3949,-66.2453,137.9,204.18,204.57092285,,0,0.54,0,0.3,0,,,987.87,,,34.99350741,,37.84,0.045,0.1804,-0.002,230.01928405,294.18,,-8,171.3845,176.7134,,,,144.3786,279.4414,51.45381,133.3962,0,8.727641,85.7,79.1,34.41670682,,34.41670682,,-12.7,-11.2,-30,-11.2479,-7.142,-1.8386,,7.26176205,,110,265.7,125,280.6,8.4,8.4,9.2,9.2,,,44.74,9.62
underway_1200.34099403,34099403,201011040,2011-04-09T06:00:00,20110409060000,MULTIPOINT ((-66.2456 110.3937)),110.3937,-66.2456,225,189.4,190.59082031,,0.1,1.01,0,0.36,0,,,988.5,,,35.2067193,,38.02,-0.063,0.1476,-0.001,224.74281953,287.16,,-8,178.3289,182.7133,,,,158.7176,301.2862,62.47964,136.9059,0,8.707269,84,79.2,34.41213923,,34.41213923,,-12.6,-11.7,-30,-11.5244,-8.2674,-1.8362,,7.49999048,,76,246.5,89,259.8,4.7,4.7,5.2,5.2,,,26.13,9.89
underway_1200.34099523,34099523,201011040,2011-04-09T06:20:00,20110409062000,MULTIPOINT ((-66.2458 110.393)),110.393,-66.2458,187.5,171.84,173.68835449,,0,1.13,0,0.49,0,,,988.58,,,35.39915996,,38.19,-0.069,0.1558,0.001,220.19723623,281.26,,-8,192.135,188.5785,,,,425.4772,359.2004,259.1067,270.3014,0,8.70031,83.3,79.1,34.3964984,,34.3964984,,-12.4,-12.5,-30,-10.1206,-8.665,-1.8489,,7.72627747,,171,357.9,163,349.8,3.9,3.9,4,4,,,27.68,10.11
underway_1200.34099643,34099643,201011040,2011-04-09T06:40:00,20110409064000,MULTIPOINT ((-66.2461 110.3927)),110.3927,-66.2461,213.6,122.071,124.39819336,,0,1.08,0,0.18,-0.04,,,988.93,,,35.58832407,,38.34,-0.103,0.1722,-0.002,216.05248915,275.7,,-8,185.1592,179.0094,,,,397.0545,442.9932,224.1916,270.3014,-204.9173,8.67152,82.3,80.1,34.37700122,,34.37700122,,-12,-12,-30,-9.3693,-9.152,-1.8441,,7.95263859,,158,33.9,160,35.3,2.9,2.9,2.8,2.8,,,32.95,10.33
underway_1200.34099763,34099763,201011040,2011-04-09T07:00:00,20110409070000,MULTIPOINT ((-66.2464 110.3929)),110.3929,-66.2464,158.5,88.954,90.14831543,,0.1,1.23,0,0.3,0,,,989.01,,,35.7807738,,38.45,0.022,0.1394,0,212.56473747,271.12,,-8,175.5091,170.0749,,,,321.8479,142.6327,191.1142,94.781,-204.9173,8.664038,81.7,80.3,34.36653821,,34.36653821,,-12.3,-12.7,-30,-9.2648,-11.3232,-1.8284,,8.17314507,,165,73.9,175,84.2,6.4,6.4,5.8,5.8,,,31.67,10.55
underway_1200.34099883,34099883,201011040,2011-04-09T07:20:00,20110409072000,MULTIPOINT ((-66.2466 110.3934)),110.3934,-66.2466,189.6,48.467,48.0267334,,0,1.22,0,0,-0.39,0,5060,989.11,,,35.97978839,,38.67,,0.1312,-0.003,207.38561646,264.55,0,-8,177.0258,178.5237,,,,264.4889,120.1442,161.7091,196.5828,0,8.653881,81.8,80.5,34.35275828,,34.35275828,,-12.2,-12.9,-30,-9.8724,-11.3631,-1.8116,,8.40388687,7.1,142,92.5,154,105.3,5.7,5.7,4.9,4.9,0,,31.42,10.79
underway_1200.34100003,34100003,201011040,2011-04-09T07:40:00,20110409074000,MULTIPOINT ((-66.246 110.395)),110.395,-66.246,58.7,52.745,50.63598633,,0.6,1.03,0,0,-0.47,0,4390,989.18,,,36.1984933,,38.78,-0.06,0.0902,-0.003,203.69948098,259.63,0,-8,177.88,179.4375,,,,222.1069,211.6386,134.1363,168.4995,204.9173,8.643728,82.8,79.9,34.35781523,,34.35781523,,-12.5,-12.8,-30,-10.6458,-11.4031,-1.8294,,8.63634856,7.1,106,51,113,56.7,5.7,6.1,5.2,5.5,0,,29.06,11.05
underway_1200.34100123,34100123,201011040,2011-04-09T08:00:00,20110409080000,MULTIPOINT ((-66.2292 110.3177)),110.3177,-66.2292,290.4,292.033,290.57189941,,12.6,0.8,0,0.1,-0.23,0,1040,989.32,,,36.42704403,,38.52,-0.07,0.1722,0,205.06899867,261.29,0,-8,175.3453,182.6986,,,,143.7162,149.7182,106.5815,122.8642,-204.9173,8.643752,83.7,81.6,34.34995095,,34.34995095,,-12.5,-12.6,-30,-11.2663,-11.927,-1.8201,,8.89229002,7.1,167,328,170,327,6.7,10.5,6.9,10.9,0,,0,11.34
underway_1200.34100243,34100243,201011040,2011-04-09T08:20:00,20110409082000,MULTIPOINT ((-66.1911 110.1648)),110.1648,-66.1911,307.2,307.694,306.90856934,,14.2,1.07,0,0.46,0,0,540,989.12,,,36.65669667,,39.55,,0.6396,4.051,192.43187672,245.15,0,-8,177.7878,184.1951,,,,87.63186,95.49925,34.91498,35.10407,0,8.617042,83.2,80.8,34.36307751,,34.36307751,,-12.5,-12.2,-30,-11.9076,-12.0898,-1.8206,,9.12722097,3.36,178,301.1,184,304.5,13,11.8,12.7,12.8,4,,95.38,11.14
underway_1200.34100363,34100363,201011040,2011-04-09T08:40:00,20110409084000,MULTIPOINT ((-66.1441 110.0153)),110.0153,-66.1441,311.4,310.952,310.38024902,,14,1.04,0,0.7,0,0,640,989.49,,,36.87541711,,36.75,-0.155,0.2378,0.016,250.76095146,320.61,0,-8,176.7832,181.6321,,,,71.38639,76.10346,47.77852,59.67693,0,8.567858,82.9,80.2,34.36186351,,34.36186351,,-12.7,-12.4,-30,-12.4076,-12.1917,-1.8267,,9.36465064,2.45,155,271.1,160,284.7,15.4,6.3,14.1,6.9,4,,427.78,9.37
underway_1200.34100483,34100483,201011040,2011-04-09T09:00:00,20110409090000,MULTIPOINT ((-66.1021 109.8936)),109.8936,-66.1021,316.6,322.957,322.60253906,,10,0.94,0,0.44,-0.28,0,1070,989.88,,,37.07773609,,36.63,0.083,0.1886,0.001,246.39925864,314.74,0,-8,171.1478,176.0754,,,,50.99344,55.16132,29.40217,38.61962,0,8.538504,79.8,77.8,34.3448982,,34.3448982,,-13.2,-12.8,-30,-12.8075,-12.5011,-1.8425,,9.60040756,2.9,170,245.9,179,263.4,15.4,8.9,13.7,9.1,20,,0,10.03
underway_1200.34100603,34100603,201011040,2011-04-09T09:20:00,20110409092000,MULTIPOINT ((-66.0517 109.7819)),109.7819,-66.0517,318.3,313.612,312.94555664,,12.2,1.24,0,1.41,0,0,380,989.87,,,37.2724065,,36.71,0.054,0.2132,0.002,240.24064148,306.47,0,-8,164.3675,172.2518,,,,30.59575,32.66564,16.53872,19.31043,0,8.515014,80.1,77.8,34.34979342,,34.34979342,,-13.9,-12.9,-30,-13.4976,-12.9174,-1.8476,,9.80477381,2.11,172,251.9,180,264.2,21.1,13,20.1,13.9,20,,3680.26,10.53
underway_1200.34100723,34100723,201011040,2011-04-09T09:40:00,20110409094000,MULTIPOINT ((-65.9991 109.6792)),109.6792,-65.9991,298.1,290.349,289.63806152,,11.7,1.12,0,2.21,0,0,20,989.86,,,37.45176865,,36.7,0.068,0.1312,-0.003,236.57615848,301.47,0,-8,163.7753,168.4922,,,,12.75008,13.55932,5.512906,5.266488,0,8.511643,78.2,76.8,34.34946129,,34.34946129,,-14.1,-13.5,-30,-14.1584,-13.5923,-1.8348,,9.99780843,1.45,166,268.7,176,281.7,22.3,17.2,20.7,17.9,30,,0,10.94
underway_1200.34100843,34100843,201011040,2011-04-09T10:00:00,20110409100000,MULTIPOINT ((-65.9557 109.5581)),109.5581,-65.9557,241.3,235.745,235.21179199,,9,0.9,0,0.94,0,0,0,989.93,,,37.61800843,,36.89,-0.061,0.1558,0,230.55383596,293.55,0,-8,168.0802,171.2155,,,,4.462743,4.930663,-1.837635,-1.755496,-204.9514,8.390144,78.8,75.7,34.33914337,,34.33914337,,-13.7,-13.4,-30,-14.0895,-13.7203,-1.8587,,10.18700152,1.42,172,316.9,174,317.5,19.7,24.5,20.9,25.8,30,,590.52,11.26
underway_1200.34100963,34100963,201011040,2011-04-09T10:20:00,20110409102000,MULTIPOINT ((-65.9497 109.4284)),109.4284,-65.9497,302.4,300.188,300.77819824,,11.1,1.05,0,0,-0.65,0,0,990.76,,,37.76347,,37.03,-0.031,0.1148,-0.002,226.1900202,287.93,0,-8,164.5945,167.247,,,,1.912612,2.465331,-1.837635,-1.755496,0,8.349645,77.9,76.5,34.32592652,,34.32592652,,-14,-13.4,-30,-13.9504,-13.6349,-1.8473,,10.35681915,1.62,167,248.6,182,273.4,27.3,21,20.8,18,30,,609.99,11.5
underway_1200.34101083,34101083,201011040,2011-04-09T10:40:00,20110409104000,MULTIPOINT ((-65.92 109.2976)),109.2976,-65.92,296.5,295.851,296.19689941,,12.8,1.13,0,0,-0.5,0,0,990.1,,,37.87612241,,37.27,0.005,0.1476,-0.001,221.3001585,281.68,0,-8,163.5508,167.555,,,,1.912671,2.157494,-1.837901,-1.755768,0,8.349645,79.6,76.6,34.31767508,,34.31767508,,-14.2,-13.6,-30,-14.213,-13.8265,-1.8395,,10.48614933,1.89,168,256.5,181,272.8,29.3,23.5,26.9,24.2,30,,559.05,11.63
underway_1200.34101203,34101203,201011040,2011-04-09T11:00:00,20110409110000,MULTIPOINT ((-65.9001 109.172)),109.172,-65.9001,283.4,280.616,280.38757324,,7.2,1.05,0,0.72,0,0,0,990.36,,,37.95158899,,37.35,-0.078,0.1886,0,220.16049454,280.32,0,-8,164.51,167.7658,,,,1.912929,1.849534,-1.83794,-1.755789,0,8.336146,78.2,76,34.30980924,,34.30980924,,-15,-14.5,-30,-14.9976,-14.5937,-1.8389,,10.57522559,2.03,162,255.8,175,268.5,28.7,25.7,30,28.6,20,,0,11.62
underway_1200.34101323,34101323,201011040,2011-04-09T11:20:00,20110409112000,MULTIPOINT ((-65.8892 109.044)),109.044,-65.8892,282.2,280.64,280.6237793,,12.4,1.06,0,1.16,0,0,0,990.03,,,37.9679926,,37.47,-0.089,0.1886,-0.001,219.37251576,279.14,0,-8,168.5575,173.0366,,,,1.913064,1.849623,-1.838115,-1.755789,0,8.322646,76.8,75.2,34.29097036,,34.29097036,,-15.3,-14.8,-30,-15.2522,-14.8982,-1.8398,,10.61278194,5.38,162,262.9,170,270,33.8,29.6,35,32.4,20,,549.58,11.5
underway_1200.34101443,34101443,201011040,2011-04-09T11:40:00,20110409114000,MULTIPOINT ((-65.8749 108.9459)),108.9459,-65.8749,291.2,291.248,291.7199707,,8.6,0.92,0,0.93,0,0,0,990.41,,,37.94611434,,37.66,0.177,0.1066,-0.001,218.21820544,277.88,0,-8,172.964,176.0918,,,,1.913252,1.233083,-1.838242,-1.755878,0,8.309146,77.8,76.6,34.26434792,,34.26434792,,-15,-14.5,-30,-15.1547,-14.9427,-1.8468,,10.61767905,7.1,161,243.5,173,264.6,31,26.3,21.6,19.2,20,,534.53,11.3
underway_1200.34101563,34101563,201011040,2011-04-09T12:00:00,20110409120000,MULTIPOINT ((-65.8528 108.8325)),108.8325,-65.8528,294.5,294.476,294.79064941,,9.7,1.05,0,0.85,0,0,0,990.14,,,37.92095521,,38.31,-0.053,0.164,0,210.05994818,267.43,0,-8,182.4724,186.8113,,,,1.913259,1.849625,0,-1.756052,0,8.309146,78,76.9,34.23980039,,34.23980039,,-15.1,-14.4,-30,-15.0442,-14.6775,-1.849,,10.61686289,7.1,157,237.8,160,241.7,31.1,24.9,30.5,24.7,20,,535.78,11.12
underway_1200.34101683,34101683,201011040,2011-04-09T12:20:00,20110409122000,MULTIPOINT ((-65.8321 108.7222)),108.7222,-65.8321,291.6,290.006,289.96765137,,8.7,0.81,0,1,0,0,0,989.82,,,37.89032768,,39.33,0.016,0.1394,,197.21347383,251.19,0,-8,214.9265,215.8386,,,,1.913259,1.849625,-1.838246,-1.756077,0,8.302396,79.1,76.6,34.21664886,,34.21664886,,-15.1,-14.5,-30,-14.9998,-14.4145,-1.8531,,10.60870075,7.1,164,248.8,179,265.9,31.9,27.4,29.5,27.3,0,,523.36,10.93
underway_1200.34101803,34101803,201011040,2011-04-09T12:40:00,20110409124000,MULTIPOINT ((-65.812 108.6084)),108.6084,-65.812,301.8,301.234,301.51428223,,10.1,0.94,0,0.73,0,0,0,988.86,,,37.85313813,,39.59,0.357,0.1394,0,194.88638376,248.21,0,-8,233.0414,235.5651,,,,1.913259,1.849625,0,-1.756083,-205.02,8.288897,78.9,77.7,34.19531448,,34.19531448,,-15,-14.4,-30,-15.0109,-14.3273,-1.8497,,10.59155702,7.1,163,235.6,164,236.6,35.3,28.5,34.2,27.5,0,,502.27,10.78
underway_1200.34101923,34101923,201011040,2011-04-09T13:00:00,20110409130000,MULTIPOINT ((-65.7858 108.507)),108.507,-65.7858,301.6,298.365,298.52600098,,8.1,1.01,0,0.9,0,0,0,987.73,,,37.82469894,,39.3,,0.1394,-0.001,199.3283443,253.76,0,-8,240.9415,240.8693,,,,1.594383,1.849663,-1.838246,-1.756083,0,8.268646,80.2,78.1,34.17741322,,34.17741322,,-14.5,-13.7,-30,-14.5379,-13.8007,-1.8445,,10.58012543,7.1,157,230.5,153,230.5,29.6,23.5,22.5,16.1,0,,489.99,10.72
underway_1200.34102043,34102043,201011040,2011-04-09T13:20:00,20110409132000,MULTIPOINT ((-65.7614 108.4052)),108.4052,-65.7614,299.3,298.118,297.99865723,,9.9,0.87,0,0.81,0,0,0,987.45,,,37.80938522,,39.65,0.138,0.0738,-0.002,194.89435473,248.28,0,-8,243.1107,244.4636,,,,1.913259,2.15791,0,0,0,8.251772,79,76.6,34.16506015,,34.16506015,,-15,-14.2,-30,-14.7571,-13.9815,-1.8468,,10.57685891,7.1,159,235.2,160,235.9,33.5,26.7,32.7,26,0,,483.16,10.68
underway_1200.34102163,34102163,201011040,2011-04-09T13:40:00,20110409134000,MULTIPOINT ((-65.7391 108.2973)),108.2973,-65.7391,296.7,294.815,294.84008789,,9.2,0.86,0,0.6,0,0,0,986.91,,,37.78860291,,39.68,-0.046,0.1804,0.001,194.89516575,248.27,0,-8,244.6984,246.2624,,,,1.913259,2.15797,0,-1.756083,0,8.174148,78.4,76.4,34.15256035,,34.15256035,,-14.9,-14.1,-30,-14.8672,-14.0716,-1.8478,,10.56787515,7.1,152,230.3,150,232.3,29.7,22.7,25.1,18.2,0,,0,10.63
underway_1200.34102283,34102283,201011040,2011-04-09T14:00:00,20110409140000,MULTIPOINT ((-65.712 108.1989)),108.1989,-65.712,313.7,312.461,312.40722656,,8.3,1.14,0,0.48,-0.25,0,0,986.26,,,37.76672698,,40.06,,0.0738,0,189.95200985,241.9,0,-8,246.3946,253.1934,,,,1.913259,1.849684,0,-1.756083,0,8.120205,78.4,79.6,34.1404866,,34.1404866,,-15.1,-12.8,-30,-14.6912,-13.408,-1.8346,,10.55725642,7.1,158,213.1,157,216,34.2,26.9,25.1,17.8,0,,483.46,10.62
underway_1200.34102403,34102403,201011040,2011-04-09T14:20:00,20110409142000,MULTIPOINT ((-65.6755 108.1101)),108.1101,-65.6755,314,314.657,314.36279297,,10.2,0.82,0,0.35,-0.13,0,0,985.85,,,37.74922623,,40.23,-0.062,0.0984,,187.90727268,239.26,0,-8,248.1222,252.488,,,,1.913292,1.84963,0,-1.756083,0,8.079652,79.6,77.7,34.13051783,,34.13051783,,-14.9,-12.6,-30,-14.5075,-12.5048,-1.8394,,10.54908702,7.1,152,206,149,206.5,29.3,19.8,23,13.4,0,,488.89,10.6
underway_1200.34102523,34102523,201011040,2011-04-09T14:40:00,20110409144000,MULTIPOINT ((-65.6454 108.0253)),108.0253,-65.6454,318,322.69,321.80603027,,5.9,1.04,0,0.4,-0.95,0,0,985.39,,,37.72406873,,40.46,0.027,0.123,0,185.1312303,235.8,0,-8,251.5544,247.6847,,,,1.594384,1.849626,0,1.756022,0,8.066152,80.4,74.5,34.11436366,,34.11436366,,-14.3,-13,-30,-14.1471,-12.6286,-1.8436,,10.53928244,7.1,144,184.5,144,183.7,28.4,22.3,28.7,22.6,0,,0,10.58
underway_1200.34102643,34102643,201011040,2011-04-09T15:00:00,20110409150000,MULTIPOINT ((-65.6131 107.9427)),107.9427,-65.6131,311.7,310.639,309.96276855,,6.8,0.88,0,0,-0.25,0,0,984.63,,,37.70656916,,40.8,,0.082,-0.001,181.0124589,230.47,0,-8,253.9152,257.4417,,,,1.913276,1.849626,0,-1.75582,0,8.066152,82.2,78.5,34.11281292,,34.11281292,,-13.7,-11.3,-30,-13.5491,-11.8095,-1.8563,,10.52212096,7.1,143,197.6,142,196.9,24.3,17.7,21.2,14.6,0,,0,10.56
underway_1200.34102763,34102763,201011040,2011-04-09T15:20:00,20110409152000,MULTIPOINT ((-65.5766 107.8643)),107.8643,-65.5766,315.9,310.501,309.81445312,,7.6,1.09,0,0.01,-0.39,0,0,982.82,,,37.68688162,,40.68,0.04,0.0902,-0.001,182.58710281,232.54,0,-8,257.361,262.3018,,,,1.91326,1.541355,0,-1.75579,0,8.002028,83.3,79.8,34.10675786,,34.10675786,,-13.4,-12.3,-30,-13.1893,-12.2064,-1.8451,,10.50740762,7.1,147,201.4,146,201.3,26.4,18.9,23.1,15.6,0,,0,10.55
underway_1200.34102883,34102883,201011040,2011-04-09T15:40:00,20110409154000,MULTIPOINT ((-65.5482 107.782)),107.782,-65.5482,306.4,304.223,303.74450684,,8.4,1.02,0,0,-0.55,0,0,981.66,,,37.67047497,,40.94,-0.091,0.1148,-0.003,179.44722386,228.58,0,-8,258.5954,264.3132,,,,1.91326,2.157897,-1.838246,-1.75579,0,8.012153,86.1,81.2,34.09864416,,34.09864416,,-12.5,-10.3,-30,-12.6272,-11.1773,-1.8396,,10.49841455,7.1,135,197.1,135,198.5,20.8,12.6,18.9,10.7,71,,5696.26,10.54
underway_1200.34103003,34103003,201011040,2011-04-09T16:00:00,20110409160000,MULTIPOINT ((-65.5195 107.6816)),107.6816,-65.5195,314.8,318.899,318.3782959,,8.2,1,0,0,-0.91,0,0,980.23,,,37.65844324,,41.38,0.037,0.1148,0,174.14207684,221.75,0,-8,270.1214,260.665,,,,1.91326,2.157862,-5.514738,-1.75579,0,8.012153,87.5,83.6,34.09110862,,34.09110862,,-10.8,-11.7,-30,-11.5192,-11.5452,-1.8437,,10.49350873,7.1,126,164.2,124,161.9,31.6,23.4,31.6,23.5,71,,0,10.54
underway_1200.34103123,34103123,201011040,2011-04-09T16:20:00,20110409162000,MULTIPOINT ((-65.4819 107.5878)),107.5878,-65.4819,319.4,326.119,325.39306641,,9.2,0.78,0,0,-1.5,0,0,980,,,37.65188075,,41.31,-0.029,0.0164,0,175.04835514,222.88,0,-8,260.5842,260.6429,,,,1.91326,1.849527,1.838246,-1.755785,0,8.012153,83.9,82.4,34.08908776,,34.08908776,,-10.5,-11.9,-30,-10.3956,-11.5507,-1.8552,,10.48860255,7.1,123,143.1,109,129.7,18.7,10.2,26.6,19.3,24,,0,10.53
underway_1200.34103243,34103243,201011040,2011-04-09T16:40:00,20110409164000,MULTIPOINT ((-65.4391 107.5195)),107.5195,-65.4391,328.7,336.014,334.94018555,,8.4,1.11,0,0,-1.34,0,0,979.17,,,37.64313058,,41.4,0.061,0.0984,0,173.91233282,221.44,0,-8,260.0105,259.8274,,,,1.59434,1.849376,1.838234,1.755789,0,8.025652,83.8,80.7,34.08485994,,34.08485994,,-11.4,-12.1,-30,-11.0288,-11.7521,-1.8408,,10.48369602,7.1,109,111.5,106,111.4,19.3,13.9,22.8,17.6,24,,0,10.54
underway_1200.34103363,34103363,201011040,2011-04-09T17:00:00,20110409170000,MULTIPOINT ((-65.399 107.4696)),107.4696,-65.399,338,343.623,342.2076416,,8.8,0.94,0,0,-1.38,0,0,978.61,,,37.64312998,,41.72,0.032,0.0082,0,169.96188982,216.37,0.001,-8,259.6165,261.6042,,,,1.913014,1.849407,0,0,0,8.018902,85.3,83,34.08026218,,34.08026218,,-11.5,-12,-30,-11.3734,-11.8453,-1.8506,,10.48860255,6.41,118,112.6,114,109.8,20.1,14.4,21.9,16.7,71,,0,10.57
underway_1200.34103483,34103483,201011040,2011-04-09T17:20:00,20110409172000,MULTIPOINT ((-65.356 107.4363)),107.4363,-65.356,336.3,339.254,337.62084961,,6.2,1.04,0,0,-1.19,0.001,0,977.65,,,37.6529733,,41.79,-0.076,0.1148,0,168.81665034,214.93,0.011,-8,259.792,259.1876,,,,1.912944,1.541102,0,1.755786,0,8.018902,87.7,85.6,34.08023077,,34.08023077,,-11.9,-12.4,-30,-11.5788,-11.9105,-1.8526,,10.49923215,1.41,130,139.1,118,129.4,16.9,11.7,23.7,19.2,71,,0,10.62
underway_1200.34103603,34103603,201011040,2011-04-09T17:40:00,20110409173959,MULTIPOINT ((-65.3299 107.4347)),107.4347,-65.3299,342.5,345.61,344.09729004,,5.8,1.2,0,0,-1.54,0.016,0,976.93,,,37.67047207,,41.94,-0.115,0.0492,0,166.77374668,212.23,0.046,-8,262.7296,261.0098,,,,1.912937,1.849334,-1.838231,-1.755789,-204.9857,8.13365,90.1,87.1,34.07643486,,34.07643486,,-11.8,-12.2,-30,-11.8501,-11.9926,-1.8319,,10.52212096,1.03,124,126.5,116,120.3,20.2,16,24.5,20.8,71,,3972.86,10.67
underway_1200.34103723,34103723,201011040,2011-04-09T18:00:00,20110409175959,MULTIPOINT ((-65.3037 107.4039)),107.4039,-65.3037,334,341.257,339.92797852,,5.3,0.93,0,0,-1.42,0.035,0,976.23,,,37.69343982,,42.1,0.028,0.1066,-0.002,164.57562078,209.49,0.092,-8,263.5884,262.1617,,,,1.912945,2.157706,0,0,0,8.147151,90.5,88.1,34.07586067,,34.07586067,,-11.3,-11.9,-30,-11.389,-11.7074,-1.8474,,10.54745303,0.783,125,133.3,119,131.2,16.8,12.4,26.1,22,71,,3637.25,10.73
underway_1200.34103843,34103843,201011040,2011-04-09T18:20:00,20110409181959,MULTIPOINT ((-65.2811 107.3569)),107.3569,-65.2811,325,331.772,330.58959961,,5.1,0.96,0,0,-1.47,0.059,0,975.23,,,37.72297026,,42.16,0.092,0.123,0,163.44663221,208.06,0.047,-8,267.4712,264.1048,,,,1.912965,2.157748,0,0,0,8.16065,91.1,88,34.07807637,,34.07807637,,-9.7,-11.2,-30,-9.704,-11.2285,-1.8455,,10.57685891,0.836,124,143.7,119,143.4,14.9,10.4,29.9,25.5,71,,3665.51,10.8
underway_1200.34103963,34103963,201011040,2011-04-09T18:40:00,20110409183959,MULTIPOINT ((-65.2531 107.3206)),107.3206,-65.2531,335.2,340.325,339.22485352,,6.6,0.79,0,0,-1.85,0.081,0,974.53,,,37.75031338,,42.32,-0.07,0.1148,0,161.41990437,205.44,0.031,-8,269.5354,267.4418,,,,1.912937,1.849517,0,-1.755789,0,8.187649,92.5,89.8,34.08038471,,34.08038471,,-9.8,-10.2,-30,-9.6928,-10.4122,-1.8447,,10.60380299,0.97,132,143.7,117,130.3,23.1,17.2,34.9,29.9,71,,599.04,10.84
underway_1200.34104083,34104083,201011040,2011-04-09T19:00:00,20110409185959,MULTIPOINT ((-65.2253 107.3286)),107.3286,-65.2253,26.1,29.844,28.16894531,,5.3,0.9,0,0,-2.23,0.09,0,973.27,,,37.77875063,,42.56,-0.071,0.123,0.002,158.5542528,201.68,0.011,-8,267.7941,265.9169,,,,1.912937,1.849558,-1.837961,-1.755789,0,8.201149,92.7,91.1,34.08532021,,34.08532021,,-10.2,-10.3,-30,-10.1144,-10.2592,-1.8592,,10.62910424,1.69,110,73.2,129,91.6,34.8,35.8,33,32.2,71,,586.75,10.88
underway_1200.34104203,34104203,201011040,2011-04-09T19:20:00,20110409191959,MULTIPOINT ((-65.1897 107.3166)),107.3166,-65.1897,332.2,336.704,335.70922852,,7,1.12,0,0,-1.56,0.098,0,972.78,,,37.80499973,,42.85,-0.061,0.0984,0,155.16102805,197.5,0.018,-8,272.6557,266.9996,,,,1.912937,1.849532,-1.837942,-1.755789,0,8.21465,92.7,91,34.08424446,,34.08424446,,-9.2,-10.2,-30,-9.4269,-9.9964,-1.854,,10.65847437,1.6,130,142.5,124,142.1,18.7,12.6,35.4,29.5,71,,0,10.93
underway_1200.34104323,34104323,201011040,2011-04-09T19:40:00,20110409193959,MULTIPOINT ((-65.1541 107.2805)),107.2805,-65.1541,11.2,25.889,24.9609375,,4.8,1.07,0,0,-2.77,0.104,0,971.88,,,37.83671764,,43.05,-0.053,0.0164,0,152.77071877,194.38,0.044,-8,269.4061,270.3111,,,,1.912937,1.849353,0,-1.755706,0,8.201149,92.4,90.9,34.08409626,,34.08409626,,-9.5,-9.8,-30,-9.2381,-9.7162,-1.8497,,10.6927233,1.34,126,92.2,138,105.6,35.4,33.8,35.7,33.1,71,,0,10.98
underway_1200.34104443,34104443,201011040,2011-04-09T20:00:00,20110409195959,MULTIPOINT ((-65.1242 107.2862)),107.2862,-65.1242,331.7,0,358.30810547,,3.5,0,0,0,0,0.117,0,970.95,,,37.86734199,,43.17,-0.053,0.0492,0.001,151.23432236,192.44,0.025,-8,271.5899,268.5799,,,,1.912897,2.46561,0,1.755737,0,8.201149,93,90.5,34.08438035,,34.08438035,,-9.2,-9.6,-30,-9.1981,-9.3549,-1.8433,,10.72532509,1.11,137,136.5,128,127.3,31.3,27.9,40.4,37.2,71,,0,11.03
underway_1200.34104563,34104563,201011040,2011-04-09T20:20:00,20110409201959,MULTIPOINT ((-65.0983 107.275)),107.275,-65.0983,5,8.101,7.4597168,,8.6,0.96,0,0,-2.14,0.128,0,970.68,,,37.90234183,,43.56,-0.024,0.0574,-0.001,147.00555646,186.99,0.02,-8,271.6034,269.5311,,,,1.912843,2.157265,0,1.755605,0,8.13365,93,92,34.08829555,,34.08829555,,-9.2,-9.4,-30,-9.1948,-9.3852,-1.8471,,10.75872551,1.39,134,110.3,130,108.9,29.3,24.7,34.2,29.9,71,,3405.02,11.08
underway_1200.34104683,34104683,201011040,2011-04-09T20:40:00,20110409203959,MULTIPOINT ((-65.0572 107.2785)),107.2785,-65.0572,13.5,26.331,25.10375977,,6.1,0.91,0,0,-2.69,0.137,0,970.07,,,37.93843497,,43.72,,0.0984,,145.08075415,184.47,0.015,-8,275.0589,271.7116,,,,1.912716,1.540834,-1.837924,0,204.9539,8.120151,93.5,91.6,34.08799254,,34.08799254,,-8.7,-8.8,-30,-8.8501,-8.862,-1.8455,,10.79780735,1.47,115,80.9,132,98.6,38.3,37.5,38.5,35.9,71,,5524.99,11.14
underway_1200.34104803,34104803,201011040,2011-04-09T21:00:00,20110409205959,MULTIPOINT ((-65.0206 107.3307)),107.3307,-65.0206,42.1,53.748,52.97607422,,9.2,0.85,0,0,-3.42,0.146,0,968.99,,,37.97890318,,43.79,-0.056,0.0574,-0.001,144.05377703,183.16,0.068,-8,271.2072,270.2232,,,,1.912765,1.848999,0,1.755534,0,8.012153,93.4,91.5,34.08752747,,34.08752747,,-8.8,-8.8,-30,-8.8065,-8.7031,-1.8478,,10.84174726,1.37,123,58,129,63,44.8,47.3,40.5,42.1,71,,0,11.2
underway_1200.34104923,34104923,201011040,2011-04-09T21:20:00,20110409211959,MULTIPOINT ((-64.9822 107.4057)),107.4057,-64.9822,50,65.585,64.97314453,,7.8,0.74,0,0,-3.48,0.15,0,968.87,,,38.02265332,,44.02,0.004,0.041,0,141.44032926,179.86,0.015,-8,270.8591,269.8717,,,,1.912754,2.157166,0,0,0,7.917654,93.2,91.2,34.09111165,,34.09111165,,-9,-9,-30,-8.8897,-8.7871,-1.8544,,10.88484556,1.91,119,44.7,125,49.9,42.7,46.4,39.5,42.5,71,,4823.43,11.27
underway_1200.34105043,34105043,201011040,2011-04-09T21:40:00,20110409213959,MULTIPOINT ((-64.9494 107.4883)),107.4883,-64.9494,33.5,36.978,37.06237793,,9.6,0.95,0,0,-2.34,0.156,0,969.03,,,38.06640395,,44.27,,0.0902,-0.001,138.74241518,176.4,0.013,-8,269.5698,271.2204,,,,1.912908,2.157166,0,-1.755544,0,7.890653,93.2,91.8,34.09696956,,34.09696956,,-9.4,-9.4,-30,-9.1988,-9.2379,-1.8216,,10.92547903,1.48,120,67.4,130,75.3,33.5,35.2,30.8,31,71,,0,11.33
underway_1200.34105163,34105163,201011040,2011-04-09T22:00:00,20110409215959,MULTIPOINT ((-64.9094 107.5462)),107.5462,-64.9094,41.1,47.012,46.66992188,,5.1,2.31,0,0,-1.23,0.164,0,968.92,,,38.11015448,,44.5,0.002,0.0902,0,136.33756102,173.36,0.025,-8,268.4643,267.0849,,,,1.912935,2.465332,1.837941,1.755498,0,7.890653,92.2,90.6,34.1005607,,34.1005607,,-9.6,-9.7,-30,-9.4647,-9.4558,-1.8448,,10.96852371,1.2,121,70.6,132,80.5,40.6,41,36.7,36.5,71,,5502.72,11.38
underway_1200.34105283,34105283,201011040,2011-04-09T22:20:00,20110409221959,MULTIPOINT ((-64.8745 107.5696)),107.5696,-64.8745,15.7,23.548,23.04931641,,7.2,1.17,0,0,-2.59,0.171,0,969,,,38.15281109,,44.5,-0.012,0.123,0,136.01220469,172.88,0.03,-8,270.8744,269.7502,,,,1.912935,2.157166,0,0,0,7.904154,92.9,91.3,34.10155808,,34.10155808,,-9.4,-9.5,-30,-9.3701,-9.3325,-1.8539,,11.01316362,1.38,112,73.5,127,88.7,27.2,27.4,26.9,25.2,71,,3608.19,11.44
underway_1200.34105403,34105403,201011040,2011-04-09T22:40:00,20110409223959,MULTIPOINT ((-64.834 107.6279)),107.6279,-64.834,35.1,45.17,44.0222168,,8.8,1.73,0,0,-3.43,0.176,0,968.38,,,38.1965617,,44.56,-0.016,0.082,,135.19473319,171.85,0.007,-8,267.3213,267.2133,,,,1.912935,2.157166,0,0,0,7.890653,92.5,90.7,34.10290143,,34.10290143,,-10,-9.9,-30,-9.7404,-9.6844,-1.8361,,11.05858475,2.01,119,61.2,128,68.9,38.1,40.2,34.6,35.4,71,,3706.25,11.49
underway_1200.34105523,34105523,201011040,2011-04-09T23:00:00,20110409225959,MULTIPOINT ((-64.8013 107.6958)),107.6958,-64.8013,48,56.173,55.25024414,,8.9,1.73,-0.19,0,-3.9,0.179,0,967.73,,,38.23812507,,44.62,-0.009,0.1066,-0.001,134.38159504,170.82,0.01,-8,269.8657,269.1066,,,,1.912935,2.157166,0,1.755497,0,7.877154,93.5,90.8,34.10509036,,34.10509036,,-9.2,-9.2,-30,-9.3701,-9.2284,-1.8377,,11.1007341,1.64,120,54.5,128,60.6,44.6,48.1,41.1,43.6,71,,3604.6,11.54
underway_1200.34105643,34105643,201011040,2011-04-09T23:20:00,20110409231959,MULTIPOINT ((-64.7708 107.7865)),107.7865,-64.7708,53.1,59.397,58.98010254,,9,1.98,0,0,-2.95,0.183,0,967.64,,,38.27640696,,44.79,-0.016,0.082,0,132.64463425,168.57,0.015,-8,270.8956,270.691,,,,2.231758,2.465332,1.83801,1.755542,204.9568,7.833279,92.8,90.1,34.10477908,,34.10477908,,-8.7,-8.8,-30,-8.6399,-8.5914,-1.7363,,11.14204726,1.29,116,46.5,124,52.3,37.8,42.6,35.2,39.1,71,,3706.78,11.58
underway_1200.34105763,34105763,201011040,2011-04-09T23:40:00,20110409233959,MULTIPOINT ((-64.7321 107.9068)),107.9068,-64.7321,51.6,54.473,54.34936523,,12.1,3.47,-1.18,0,-2.83,0.187,0,967.3,,,38.31797067,,44.33,-0.019,0.0492,0,136.53869965,173.53,0.017,-8,274.4206,272.8652,,,,3.188226,3.697998,0,1.755514,0,7.769155,94.2,91.5,34.1069848,,34.1069848,,-8,-8.1,-30,-8.0414,-8.0744,-1.6853,,11.18414441,0.849,116,49.1,124,54.7,41.6,48.1,38.5,43.8,71,,3705.77,11.63
underway_1200.34105883,34105883,201011040,2011-04-10T00:00:00,20110409235959,MULTIPOINT ((-64.6863 108.0202)),108.0202,-64.6863,43.2,50.713,50.74035645,,11,3.53,-1.53,0,-3.23,0.192,0,967.11,,,38.35953474,,43.61,0.017,0.0984,0.001,143.15232032,181.93,0.156,-8,317.2088,286.405,,,,5.419983,5.855164,-14.70353,-12.28848,0,7.725281,97.3,94.3,34.11069715,,34.11069715,,-7.2,-7.2,-30,-7.2271,-7.4191,-1.626,,11.22459765,0.432,110,46.3,118,51.7,39.4,44.9,36.8,41.2,72,,3524.35,11.66
underway_1200.34106003,34106003,201011040,2011-04-10T00:20:00,20110410001959,MULTIPOINT ((-64.642 108.1259)),108.1259,-64.642,47.3,51.067,51.43249512,,11.4,3.26,-1.63,0,-5.02,0.196,0,966.92,,,38.37703365,,43.67,-0.04,0.0656,0,142.52946537,181.07,0.014,-8,281.3082,279.6385,,,,8.289165,9.244996,1.837941,3.510994,0,7.661156,95,91.6,34.09881737,,34.09881737,,-7.4,-7.4,-30,-7.3678,-7.4914,-1.6741,,11.25613433,0.554,111,47.2,118,52.8,40.6,47.1,38,43.3,71,,5559.91,11.67
underway_1200.34106123,34106123,201011040,2011-04-10T00:40:00,20110410003959,MULTIPOINT ((-64.6 108.2284)),108.2284,-64.6,46.2,52.366,51.84448242,,11,2.39,-0.27,0,-3.98,0.2,20,966.59,,,38.40109808,,43.44,0.003,0.0738,,144.75043205,183.93,0.023,-8,282.9946,279.7919,,,,19.12668,20.64716,5.513824,8.777484,0,7.634157,95.1,91.1,34.10767446,,34.10767446,,-7.4,-7.4,-30,-7.4456,-7.4553,-1.6117,,11.27230126,0.461,106,42.8,115,49.4,41.3,47.8,38.6,43.9,71,,5559.27,11.67
underway_1200.34106243,34106243,201011040,2011-04-10T01:00:00,20110410005959,MULTIPOINT ((-64.5583 108.3316)),108.3316,-64.5583,49.7,54.259,53.81652832,,10.3,3.74,-1.35,0,-4.66,0.204,30,966.19,,,38.41531708,,43.01,-0.011,0.123,0,149.13980981,189.56,0.013,-8,282.0214,278.4056,,,,23.90769,24.34515,11.02642,12.28848,0,7.654406,94.6,90.8,34.106035,,34.106035,,-7.2,-7.2,-30,-7.2002,-7.2749,-1.582,,11.28927236,0.455,110,45.5,118,51.4,41.7,47.4,38.9,43.6,71,,5559.51,11.65
underway_1200.34106363,34106363,201011040,2011-04-10T01:20:00,20110410011959,MULTIPOINT ((-64.5165 108.4367)),108.4367,-64.5165,46.1,53.384,53.17932129,,11,2.55,-0.38,0,-3.18,0.208,10,966.31,,,38.4262553,,42.65,-0.003,0,0,153.00022022,194.5,0,-8,283.2399,281.5912,,,,23.27014,25.57782,9.188668,8.777484,0,7.836655,94.7,91,34.10863077,,34.10863077,,-7.1,-7.2,-30,-6.9146,-7.0326,-1.5441,,11.29816029,0.479,112,45.3,117,48.1,36.4,42.1,33.8,38.9,30,,5559.52,11.62
underway_1200.34106483,34106483,201011040,2011-04-10T01:40:00,20110410013959,MULTIPOINT ((-64.4736 108.5446)),108.5446,-64.4736,47.2,53.024,53.30566406,,11.1,3.33,-2.65,0.43,-5.99,0.214,30,965.71,,,38.4328183,,42.35,0.005,-0.0164,0,156.3301754,198.71,0.009,-8,289.4933,281.1137,,,,30.28305,33.89832,18.37708,15.79947,0,8.012153,94.9,90.5,34.11063673,,34.11063673,,-6.3,-6.6,-30,-5.463,-6.6408,-1.6281,,11.30300775,0.55,108,43.1,115,47.6,41.2,47.2,38.3,43.4,71,,5559.32,11.59
underway_1200.34106603,34106603,201011040,2011-04-10T02:00:00,20110410015959,MULTIPOINT ((-64.4308 108.6568)),108.6568,-64.4308,50,52.222,52.11914062,,11.7,4.01,-1.24,0,-2.74,0.218,100,965.5,,,38.43281729,,42.06,-0.032,0.1148,-0.002,159.7033223,203.01,0,-8,287.4331,285.426,,,,48.13412,55.16181,22.05165,24.57695,0,8.066152,95.2,91.1,34.10315896,,34.10315896,,-6.1,-6.2,-30,-5.9387,-6.1385,-1.4456,,11.31108608,2.27,106,41.9,112,46.4,39.1,46.7,36.6,43.3,24,,5559.76,11.55
underway_1200.34106723,34106723,201011040,2011-04-10T02:20:00,20110410021959,MULTIPOINT ((-64.3894 108.7647)),108.7647,-64.3894,50.6,54.419,54.140625,,10.8,2.52,-0.86,0,-4.48,0.22,160,965.43,,,38.42406642,,41.84,0.011,0.0246,-0.001,162.37460869,206.48,0,-8,291.7673,288.6351,,,,74.91071,85.67028,33.07745,38.62092,-204.9516,8.120151,95.7,91.8,34.09898809,,34.09898809,,-5.9,-5.9,-30,-5.8691,-5.8939,-1.3887,,11.3062392,1.11,107,39.9,113,44.4,37.7,44.6,35.4,41.4,30,,5559.84,11.51
underway_1200.34106843,34106843,201011040,2011-04-10T02:40:00,20110410023959,MULTIPOINT ((-64.3488 108.8717)),108.8717,-64.3488,52.6,53.478,53.10241699,,11.2,2.07,-0.9,0.15,-4.38,0.222,110,964.94,,,38.38249603,,41.64,-0.009,0.0328,0.001,164.98582865,209.71,0.008,-8,291.1365,288.1041,,,,54.5095,62.24879,23.88927,28.08718,0,8.17415,95.9,92.4,34.05040609,,34.05040609,,-5.6,-5.6,-30,-5.5491,-5.5194,-1.3635,,11.31431714,0.39,103,38.8,108,42.3,40.7,48.5,38,45.2,71,,3706.49,11.46
underway_1200.34106963,34106963,201011040,2011-04-10T03:00:00,20110410025959,MULTIPOINT ((-64.3073 108.983)),108.983,-64.3073,50.4,53.529,53.10791016,,11.9,2.13,-0.69,0.1,-5.43,0.233,170,965.01,,,38.37702982,,41.48,0.008,0.0902,-0.001,167.03744649,212.38,0.004,-8,292.3315,291.211,,,,76.50455,85.66572,33.07745,38.617,0,10.65812,96.2,93.5,34.07038986,,34.07038986,,-5.2,-5.4,-30,-5.2742,-5.2999,-1.217,,11.28684818,2.99,100,36.3,104,38.4,37.4,45.8,35,43,71,,3705.95,11.42
underway_1200.34107083,34107083,201011040,2011-04-10T03:20:00,20110410031959,MULTIPOINT ((-64.2659 109.0966)),109.0966,-64.2659,50.5,52.938,51.96533203,,10.7,2.59,-0.75,0,-3.86,0.235,120,965.23,,,38.36937263,,41.36,,0.082,-0.001,168.68506444,214.49,0.012,-8,293.0763,298.6088,,,,63.43503,71.17575,25.72691,28.08362,0,10.68512,96.5,94.5,34.06505459,,34.06505459,,-5.1,-5.1,-30,-5.1032,-5.0843,-1.2201,,11.28442391,2.06,96,33.8,99,35.8,31.8,40.3,29.7,37.9,71,,3706.16,11.38
underway_1200.34107203,34107203,201011040,2011-04-10T03:40:00,20110410033959,MULTIPOINT ((-64.224 109.2079)),109.2079,-64.224,47.3,51.606,50.77331543,,10.7,0,0,0,0,0.239,330,965.01,,,38.34421374,,41.28,0.018,0.0082,0,169.89584187,215.99,0.006,-8,297.09,298.5939,,,,133.2364,151.2682,58.80436,66.69775,0,10.68512,96.7,94.5,34.05061691,,34.05061691,,-4.6,-4.6,-30,-4.6465,-4.5955,-1.3257,,11.2731095,1.4,103,38.4,107,41.4,32.4,39.5,30.4,36.9,71,,3770.89,11.34
underway_1200.34107323,34107323,201011040,2011-04-10T04:00:00,20110410035959,MULTIPOINT ((-64.1804 109.323)),109.323,-64.1804,48.8,50.732,50.49865723,,11.8,2.77,-0.85,0.09,-6.36,0.242,280,964.63,,,38.32124367,,41.23,0.001,0,-0.001,170.75449376,217.05,0.007,-8,299.4217,300.0612,,,,115.694,130.6185,51.45381,56.16652,0,10.71212,97,95,34.04506617,,34.04506617,,-4.1,-4.1,-30,-4.1161,-4.0174,-1.3386,,11.25451742,0.842,96,33.9,99,35.5,32.5,41.6,30.4,39.2,71,,3706.19,11.3
underway_1200.34107443,34107443,201011040,2011-04-10T04:20:00,20110410041959,MULTIPOINT ((-64.137 109.4358)),109.4358,-64.137,48,51.842,51.47094727,,11.5,3.27,-0.81,3.71,-6.36,0.245,310,964.53,,,38.29717963,,41.19,,0.1476,0,171.36676523,217.77,0.009,-8,302.6155,303.445,,,,129.3986,143.865,60.642,63.18733,0,10.85049,97.3,95.3,34.03768148,,34.03768148,,-3.4,-3.4,-30,-3.3947,-3.254,-1.1947,,11.23672889,0.629,103,32.5,109,35.8,21.5,30.1,20.4,28.3,71,,3706.36,11.28
underway_1200.34107563,34107563,201011040,2011-04-10T04:40:00,20110410043959,MULTIPOINT ((-64.0969 109.5631)),109.5631,-64.0969,60.9,39.762,60.47424316,,12.3,0,0,0,0,0.263,220,,,,38.29827445,,41.13,-0.019,-0.0164,-0.002,172.12998794,218.88,0.043,-8,309.3024,311.0745,,,,97.52456,104.433,44.10327,45.6353,-204.9173,11.4813,97.3,96.9,34.04549728,,34.04549728,,-2.1,-1.1,-30,-2.3502,-1.7939,-1.1307,,11.22945041,0.897,294,301.9,300,305.8,11.7,10.7,11.3,11.6,71,,3418.98,11.27
underway_1200.34107683,34107683,201011040,2011-04-10T05:00:00,20110410045959,MULTIPOINT ((-64.0563 109.6976)),109.6976,-64.0563,46.5,,45.74707031,,12.7,,,,,0.362,380,,,,38.29171114,,41.08,-0.053,0.123,0,172.45235319,219.16,0,-8,312.0696,311.9207,,,,156.7822,163.2729,77.18072,77.22028,-204.8943,12.31659,99.4,96.9,34.04049061,,34.04049061,,-1,-0.9,-30,-1.2924,-0.8976,-1.1513,,11.22783286,0.766,297,281.3,306,289.3,23.1,22.2,22.9,23.9,30,,3273.6,11.31
underway_1200.34107803,34107803,201011040,2011-04-10T05:20:00,20110410051959,MULTIPOINT ((-64.0056 109.8165)),109.8165,-64.0056,44.1,43.407,43.32458496,,12.9,2.14,0,1.81,0,0.412,430,964.77,,,38.31577476,,41.04,-0.039,-0.0328,-0.002,172.57762143,219.41,0.079,-8,313.3282,310.307,,,,191.8341,200.2404,95.55137,96.52743,0,12.41932,99.9,96.9,34.04488355,,34.04488355,,-1,-0.9,-30,-1.0162,-0.7798,-1.0487,,11.24885794,1.08,295,281.4,304,289,25.4,23.9,26.1,26.6,71,,3383.22,11.36
underway_1200.34107923,34107923,201011040,2011-04-10T05:40:00,20110410053959,MULTIPOINT ((-63.9539 109.9358)),109.9358,-63.9539,44.2,45.637,42.45117188,,13,1.3,0,2.82,-2.82,0.513,370,964.68,,,38.33327601,,41.02,-0.04,0.082,-0.002,172.53317347,219.32,0.406,-8,313.3996,311.2545,,,,171.4398,184.2143,84.51841,87.74732,0,12.30424,99.9,96.9,34.05099965,,34.05099965,,-1.1,-1,-30,-1.0005,-0.8079,-0.97,,11.26098481,0.351,294,285.1,303,291.5,23.2,22.3,23.9,24.8,63,,3411.46,11.4
underway_1200.34108043,34108043,201011040,2011-04-10T06:00:00,20110410055959,MULTIPOINT ((-63.9025 110.056)),110.056,-63.9025,42.8,40.593,41.15478516,,13.3,2.61,0,0.44,-2.11,0.628,200,964.88,,,38.3464033,,40.99,-0.004,0.1148,-0.002,172.52854472,219.32,0.462,-8,311.0244,310.8849,,,,103.8836,110.5732,47.77063,49.1378,0,12.28745,99.9,96.8,34.06549233,,34.06549233,,-1.2,-1.1,-30,-1.0791,-0.8888,-0.9934,,11.25936802,0.215,299,289.8,307,295.7,25,25.1,25.7,27.5,63,,3400.7,11.45
underway_1200.34108163,34108163,201011040,2011-04-10T06:20:00,20110410061959,MULTIPOINT ((-63.8429 110.151)),110.151,-63.8429,29.1,26.74,26.13647461,,13.2,2.14,-0.41,5.85,-5.66,0.745,200,965.34,,,38.3496738,,40.97,-0.007,0.0656,-0.002,172.52165522,219.1,0.388,-8,308.4335,308.9645,,,,107.7075,114.5718,47.76551,52.65085,204.8968,12.23254,99.7,96.7,33.98518433,,33.98518433,,-1.3,-1.2,-30,-1.2051,-1.0737,-0.9146,,11.34984861,0.086,295,294.9,302,299,27.7,29.5,29.7,32.8,63,,3433.73,11.5
underway_1200.34108283,34108283,201011040,2011-04-10T06:40:00,20110410063959,MULTIPOINT ((-63.7824 110.2405)),110.2405,-63.7824,38.7,46.731,39.05090332,,13.3,0,-13.64,48.11,0,0.879,210,965.14,,,38.37264615,,40.93,-0.011,0.0492,-0.004,172.49026342,219.05,0.513,-8,307.8311,308.5587,,,,108.024,117.6441,51.43905,52.64798,0,12.22166,99.8,96.6,34.00713065,,34.00713065,,-1.5,-1.4,-30,-1.3375,-1.1627,-0.8879,,11.35065592,0.03,260,283.5,282,291.7,14.5,9.4,16.3,15.3,63,,3556.2,11.57
underway_1200.34108403,34108403,201011040,2011-04-10T07:00:00,20110410065959,MULTIPOINT ((-63.7541 110.3887)),110.3887,-63.7541,77.8,72.979,73.54797363,,13.9,2.58,-1,3.38,-2.41,1.014,240,966.05,,,38.38139203,,40.88,-0.023,-0.041,-0.001,172.84833661,219.41,0.509,-8,308.5551,312.5152,,,,120.4397,127.8045,58.78565,63.17756,0,12.20435,99.7,96.4,33.97486677,,33.97486677,,-1.6,-1.2,-30,-1.4,-1.0031,-0.8312,,11.39504342,0.022,292,247.9,304,269.1,23.1,14.2,20.7,15.3,63,,3594.96,11.61
underway_1200.34108523,34108523,201011040,2011-04-10T07:20:00,20110410072000,MULTIPOINT ((-63.7385 110.558)),110.558,-63.7385,80,75.1,74.77294922,,13.4,2.89,-0.26,6.59,-6.84,1.146,140,966.56,,,38.38576956,,40.92,-0.003,-0.0164,-0.002,172.21762906,218.69,0.322,-8,308.4046,312.5574,,,,82.19162,87.46002,36.7407,38.60804,0,12.23057,99.7,96.5,33.9925622,,33.9925622,,-1.6,-1.2,-30,-1.4331,-0.9938,-0.6619,,11.38051982,0.017,283,250.9,293,267.5,19.7,9.6,18.7,11.2,63,,3653.38,11.63
underway_1200.34108643,34108643,201011040,2011-04-10T07:40:00,20110410074000,MULTIPOINT ((-63.7222 110.7278)),110.7278,-63.7222,76.5,74.51,73.74572754,,13.9,2.25,-0.59,4,-3.46,1.265,110,966.05,,,38.39889772,,40.9,-0.022,0.082,0,172.42894705,218.91,0,-8,305.4032,309.0718,,,,67.53356,70.83052,29.39243,31.58839,-204.8831,12.22958,99.3,96.1,34.0129594,,34.0129594,,-1.9,-1.4,-30,-1.6503,-1.2864,-0.7801,,11.3724498,0.017,276,244.1,280,254.3,18.3,6.7,17.7,7.2,30,,3555.84,11.63
underway_1200.34108763,34108763,201011040,2011-04-10T08:00:00,20110410080000,MULTIPOINT ((-63.7055 110.9013)),110.9013,-63.7055,77.2,72.619,73.25683594,,14.3,2.52,-1.5,1.6,-1.39,1.265,100,966.36,,,38.40327435,,40.97,,0.1066,-0.003,171.65847686,218.03,0,-8,304.936,308.7847,,,,54.15411,58.20401,25.71837,28.07866,-204.8838,12.22935,99.3,95.6,34.02397954,,34.02397954,,-1.9,-1.5,-30,-1.7534,-1.3495,-0.8044,,11.36518596,0.018,274,249.3,281,297.5,16.7,4.9,12.8,5.5,30,,5542.66,11.62
underway_1200.34108883,34108883,201011040,2011-04-10T08:20:00,20110410082000,MULTIPOINT ((-63.6893 111.0754)),111.0754,-63.6893,78.2,77.19,75.46508789,,14,2.13,-1.94,5.43,-4.14,1.265,60,966.25,,,38.41202661,,41.03,-0.03,0.0246,0,171.13970385,217.32,0,-8,304.1062,307.8828,,,,41.41197,44.65387,18.37027,19.30401,-204.8831,12.21924,99.2,95.7,34.03858127,,34.03858127,,-2.1,-1.6,-30,-1.9369,-1.5481,-0.7956,,11.35872855,0.018,272,244.3,284,273.2,16.8,4.5,15.8,6.8,30,,5559.26,11.59
underway_1200.34109003,34109003,201011040,2011-04-10T08:40:00,20110410084000,MULTIPOINT ((-63.6734 111.253)),111.253,-63.6734,79,77.391,76.65161133,,14.5,1.3,-0.98,2.95,-2.45,1.265,30,966.14,,,38.4076526,,41.06,-0.014,-0.0082,,171.04868252,217.28,0,-8,302.8092,306.0117,,,,23.89152,25.25253,12.85919,12.28437,0,12.21585,98.9,95.2,34.04692901,,34.04692901,,-2.1,-1.6,-30,-2.0009,-1.7235,-0.9146,,11.34500451,0.017,268,242.1,274,296.1,16.2,3.4,13.1,4.1,30,,5560.13,11.55
underway_1200.34109123,34109123,201011040,2011-04-10T09:00:00,20110410090000,MULTIPOINT ((-63.6575 111.4301)),111.4301,-63.6575,82.4,81.432,81.45812988,,14.3,2.1,-1.13,5.36,-0.99,1.265,0,966.36,,,38.40218385,,41.13,-0.058,-0.0328,-0.002,170.36437029,216.53,0,-8,302.0899,305.867,,,,16.56479,16.93768,5.51108,7.019642,204.8831,12.20236,98.3,94.4,34.04823516,,34.04823516,,-2,-1.4,-30,-1.9369,-1.7554,-0.9674,,11.33773771,0.012,274,242.8,284,270.9,16.8,3.9,15.8,5.8,30,,5536.51,11.53
underway_1200.34109243,34109243,201011040,2011-04-10T09:20:00,20110410092000,MULTIPOINT ((-63.6379 111.6045)),111.6045,-63.6379,76.3,73.103,73.9050293,,14.6,2.56,-1.4,2.92,-1.26,1.265,0,966.93,,,38.40656078,,41.16,-0.017,-0.0492,0,170.13364085,216.18,0,-8,301.8033,305.08,,,,6.689626,7.390986,1.837027,1.75491,0,12.20236,97.8,94,34.06151239,,34.06151239,,-1.9,-1.4,-30,-1.7774,-1.6915,-0.8604,,11.32804743,0.011,300,248.1,276,287.4,35.5,27.3,14,5.3,30,,3323.14,11.51
underway_1200.34109363,34109363,201011040,2011-04-10T09:40:00,20110410094000,MULTIPOINT ((-63.6185 111.7792)),111.7792,-63.6185,77.1,75.584,75.32775879,,14.1,1.47,-1.08,1.88,-0.11,1.265,0,966.28,,,38.39781034,,41.19,0.001,-0.0246,0.001,169.92070005,215.85,0,-8,302.524,305.7665,,,,3.822644,3.695493,1.837027,0,0,12.17538,97.1,93.4,34.06032416,,34.06032416,,-1.7,-1.2,-30,-1.6182,-1.5401,-0.6935,,11.31997113,0.012,303,254.3,283,288.1,32.1,24.9,13.7,6.8,30,,0,11.49
underway_1200.34109483,34109483,201011040,2011-04-10T10:00:00,20110410100000,MULTIPOINT ((-63.5998 111.9521)),111.9521,-63.5998,77.6,74.428,75.5255127,,14.5,2.81,-1.17,10.2,-6.15,1.265,0,966.77,,,38.39015414,,41.22,-0.014,0.0082,0,169.77129949,215.71,0,-8,301.9479,306.2717,,,,1.911322,2.463662,-1.837027,-1.75491,0,12.17201,96.3,93,34.06245772,,34.06245772,,-1.6,-1.1,-30,-1.523,-1.4288,-0.7312,,11.30947049,0.012,305,249.3,285,282.4,34.1,26.8,14.2,6.9,30,,3209.23,11.46
underway_1200.34109603,34109603,201011040,2011-04-10T10:20:00,20110410102000,MULTIPOINT ((-63.582 112.126)),112.126,-63.582,74.1,71.803,72.04284668,,12.4,4.92,-2.49,4.98,-5.61,1.265,0,965.59,,,38.3759374,,41.21,-0.022,-0.0574,-0.001,169.86571559,215.85,0,-8,302.6671,306.7765,,,,1.911322,2.155704,0,-1.75491,0,12.17201,95.6,92.5,34.08052234,,34.08052234,,-1.4,-1,-30,-1.3646,-1.3178,-0.7014,,11.27472596,0.012,300,244.5,314,294.6,32.8,25.1,14,13,30,,3247.17,11.46
underway_1200.34109723,34109723,201011040,2011-04-10T10:40:00,20110410104000,MULTIPOINT ((-63.5641 112.3007)),112.3007,-63.5641,78.4,74.779,75.11901855,,14.4,2.43,-2.02,9.06,-7.61,1.265,0,966.26,,,38.38359258,,41.21,-0.004,-0.0164,,170.01175452,216.07,0,-8,302.9547,307.1369,,,,1.911322,2.463662,-1.837027,-1.75491,0,12.15177,95.2,92.2,34.07090538,,34.07090538,,-1.3,-0.9,-30,-1.3014,-1.2386,-0.7242,,11.29331247,0.015,297,244.8,314,286.3,35,26.3,19.2,17.2,30,,3525.12,11.44
underway_1200.34109843,34109843,201011040,2011-04-10T11:00:00,20110410110000,MULTIPOINT ((-63.5442 112.4757)),112.4757,-63.5442,74.3,73.49,74.14123535,,14.2,2.48,-0.31,4.38,-2.82,1.265,0,965.43,,,38.37812425,,41.22,0,0.0164,-0.002,169.95762991,215.98,0,-8,301.9466,304.9844,,,,1.911322,2.463662,-1.837027,-1.75491,204.8831,12.13491,93.8,90.8,34.07521002,,34.07521002,,-1.4,-0.9,-30,-1.3014,-1.2386,-0.6709,,11.28280768,0.016,298,247.8,319,282.5,33.5,25.5,22.8,21.1,30,,3334.66,11.43
underway_1200.34109963,34109963,201011040,2011-04-10T11:20:00,20110410112000,MULTIPOINT ((-63.5238 112.6507)),112.6507,-63.5238,77.4,71.223,71.96594238,,14.5,3.1,-0.92,4.46,-1.04,1.265,0,965.99,,,38.36937293,,41.22,-0.02,-0.0246,-0.001,170.10173988,216.27,0,-8,299.4271,304.3357,,,,1.911322,2.155704,1.837027,-1.75491,0,12.12816,90.9,89.3,34.06729683,,34.06729683,,-1.5,-1.1,-30,-1.4121,-1.3812,-0.6305,,11.28199956,0.015,292,238.4,308,264.3,38.6,28.9,30.3,24.7,30,,3501.31,11.41
underway_1200.34110083,34110083,201011040,2011-04-10T11:40:00,20110410114000,MULTIPOINT ((-63.5009 112.8192)),112.8192,-63.5009,71.9,68.544,69.47753906,,14.3,2.95,-2.31,3.67,-4.22,1.265,0,966.21,,,38.36828011,,41.24,-0.014,-0.0082,-0.002,169.86074852,215.97,0,-8,297.4834,302.3934,,,,1.911322,1.847746,1.837027,-1.75491,0,12.13491,88,88.2,34.07443823,,34.07443823,,-1.7,-1.3,-30,-1.6182,-1.572,-0.6468,,11.2731095,0.014,298,245.2,311,270.1,41.4,33.8,27.6,24.1,30,,3723.26,11.41
underway_1200.34110203,34110203,201011040,2011-04-10T12:00:00,20110410120000,MULTIPOINT ((-63.4793 112.9923)),112.9923,-63.4793,75.9,72.287,71.80664062,,13.7,2.82,-0.51,3.58,-2.43,1.265,0,965.93,,,38.35843517,,41.26,-0.006,0,-0.002,169.63680124,215.66,0,-8,295.6079,299.5811,,,,1.911322,1.847746,0,-1.75491,-204.8831,12.12142,84.8,85.9,34.06768357,,34.06768357,,-2.1,-1.8,-30,-2.0329,-1.9555,-0.6254,,11.26987647,0.014,300,247.1,317,301.5,38.8,30.5,14.9,14.6,30,,5559.95,11.41
underway_1200.34110323,34110323,201011040,2011-04-10T12:20:00,20110410122000,MULTIPOINT ((-63.4486 113.1503)),113.1503,-63.4486,64.5,61.76,58.76037598,,14.4,1.75,-1.23,4.37,-2.23,1.265,0,966.37,,,38.35843416,,41.27,-0.014,-0.041,0,169.93312133,216.01,0,-8,292.2171,298.1304,,,,1.911322,1.847746,-1.837027,-1.75491,0,12.12142,82.9,85.5,34.06020781,,34.06020781,,-2.3,-2.1,-30,-2.338,-2.2773,-0.4941,,11.27795877,0.014,293,247.7,316,294.3,40.7,32.9,19.4,19.9,30,,3708.15,11.35
underway_1200.34110443,34110443,201011040,2011-04-10T12:40:00,20110410124000,MULTIPOINT ((-63.41 113.3101)),113.3101,-63.41,62.4,58.552,56.73339844,,14.9,3.41,-1.84,8.14,-6.26,1.265,0,965.5,,,38.32890183,,41.22,,0.1476,,171.05898928,217.45,0,-8,288.105,294.8873,,,,1.911322,1.847746,-1.837027,-1.754913,0,12.10793,79.9,83.5,34.05788377,,34.05788377,,-2.5,-2.2,-30,-2.5802,-2.52,-0.5895,,11.24885794,0.014,286,249.2,314,296.8,42.9,33.3,24,24.1,30,,5560.32,11.27
underway_1200.34110563,34110563,201011040,2011-04-10T13:00:00,20110410130000,MULTIPOINT ((-63.3668 113.4713)),113.4713,-63.3668,59.7,57.775,57.7166748,,15.4,3.05,-1.33,6.18,-1.11,1.265,0,965.74,,,38.29499713,,41.2,,-0.0328,,171.81608398,218.48,0,-8,288.6675,293.5026,,,,1.911322,2.155704,-1.837027,-1.75491,0,12.10793,78.4,82.5,34.07519677,,34.07519677,,-2.8,-2.6,-30,-2.9049,-2.8291,-0.5806,,11.19385541,0.014,291,251.6,312,298.7,41.4,33.2,19.2,19.8,9998,,5560.21,11.19
underway_1200.34110683,34110683,201011040,2011-04-10T13:20:00,20110410132000,MULTIPOINT ((-63.3224 113.6301)),113.6301,-63.3224,54.5,56.184,54.4921875,,14.7,2.22,-0.15,6.34,-2.68,1.265,0,,,,38.25671104,,41.22,,-0.0328,,172.36913063,219.24,0,-8,289.712,293.6464,,,,1.911322,2.155716,-1.837027,-1.75491,0,12.12142,78.6,82,34.04471937,,34.04471937,,-2.8,-2.6,-30,-2.8968,-2.7969,-0.493,,11.18576301,0.014,286,249.4,309,310.5,44.2,36.4,13.8,16.8,9998,,5559.49,11.08
underway_1200.34110803,34110803,201011040,2011-04-10T13:40:00,20110410134000,MULTIPOINT ((-63.2936 113.7747)),113.7747,-63.2936,58.8,60.638,59.11743164,,11.5,3.36,-2.5,10.39,-8.01,1.265,0,965.68,,,38.226086,,41.26,-0.008,-0.0082,0,172.51010074,219.38,0,-8,291.6918,294.0316,,,,1.592768,1.847826,-1.837027,-1.754969,0,12.09126,78.7,80.8,34.04806093,,34.04806093,,-2.8,-2.5,-30,-2.9049,-2.7108,-0.4916,,11.14933519,0.014,289,246.1,302,267.1,38.9,32,28.8,24.9,9998,,3707.14,10.99
underway_1200.34110923,34110923,201011040,2011-04-10T14:00:00,20110410140000,MULTIPOINT ((-63.2614 113.9092)),113.9092,-63.2614,63.5,58.179,56.61254883,,12.3,3,0,3.74,-2.27,1.265,0,966.12,,,38.18561669,,41.27,-0.007,0.1476,-0.001,173.14827172,220.18,0,-8,293.7079,296.1231,,,,1.911322,1.847935,-1.837027,-1.754923,0,12.05418,81.5,81.8,34.04764299,,34.04764299,,-2.9,-2.6,-30,-2.9049,-2.7244,-0.4766,,11.10640603,0.014,294,252.4,325,291.5,39.7,33.4,28.5,29.8,9998,,3426.82,10.88
underway_1200.34111043,34111043,201011040,2011-04-10T14:20:00,20110410142000,MULTIPOINT ((-63.2315 114.0418)),114.0418,-63.2315,65.6,58.35,58.26049805,,11.4,2.13,-1.12,7.88,-5.29,1.279,0,,,,38.14405424,,41.31,,-0.0328,,173.70607667,221.06,0.611,-8,297.4213,300.9337,,,,1.911332,2.155948,1.837027,-1.755018,-204.8957,12.05429,89.5,85.1,34.05066086,,34.05066086,,-2.9,-2.4,-30,-2.7509,-2.6116,-0.4756,,11.05858475,0.069,288,243.5,312,279.3,42.8,35.4,27.2,25.1,0,,3706.27,10.73
underway_1200.34111163,34111163,201011040,2011-04-10T14:40:00,20110410144000,MULTIPOINT ((-63.2007 114.1738)),114.1738,-63.2007,65,57.694,58.48571777,,12.6,0,0,0,0,1.289,0,964.02,,,38.09264568,,41.35,,0.0246,,173.87417417,221.27,0,-8,300.6296,302.844,,,,1.911389,2.156035,-1.837027,-1.754923,0,11.97367,92.3,85.9,34.03486005,,34.03486005,,-2.4,-1.9,-30,-2.2608,-2.1865,-0.5164,,11.02046551,0.105,290,243.6,296,256,46.5,39.1,36.3,30.6,30,,3478.27,10.64
underway_1200.34111283,34111283,201011040,2011-04-10T15:00:00,20110410150000,MULTIPOINT ((-63.173 114.3099)),114.3099,-63.173,63.5,63.078,63.76464844,,12.4,2.66,-1.14,10.62,-8.23,1.289,0,964.42,,,38.05764698,,41.31,,-0.0246,,174.40721239,222.04,0,-8,301.6553,305.556,,,,1.91134,2.156055,-1.837033,-1.755003,0,11.98738,94.7,87.5,34.04443861,,34.04443861,,-1.9,-1.4,-30,-1.81,-1.5865,-0.423,,10.97258311,0.069,284,239.2,303,277.6,35.4,26.8,21,17.8,30,,3706.42,10.63
underway_1200.34111403,34111403,201011040,2011-04-10T15:20:00,20110410152000,MULTIPOINT ((-63.1439 114.446)),114.446,-63.1439,64.8,62.381,63.55041504,,12,2.01,-1.91,2.8,-2.25,1.289,0,964.66,,,38.03577086,,41.24,,-0.0574,,174.90529499,222.54,0,-8,307.9949,309.2542,,,,1.911324,2.155912,-1.837027,-1.754916,0,11.97327,96.8,89.8,34.03544756,,34.03544756,,-1.5,-0.7,-30,-1.3015,-1.0102,-0.3823,,10.95878015,0.054,275,224.7,271,224.9,37,27.4,28.1,18.2,30,,3697.92,10.68
underway_1200.34111523,34111523,201011040,2011-04-10T15:40:00,20110410154000,MULTIPOINT ((-63.1129 114.5815)),114.5815,-63.1129,64,61.159,63.3581543,,12.7,4.2,-3.45,6.25,-2.91,1.289,0,967.33,,,38.03577206,,41.17,,0.0082,,174.89493457,222.43,0,-8,301.3719,308.2116,,,,1.911322,2.155731,1.837027,1.754919,0,11.94626,98,91,34.04450034,,34.04450034,,-1.9,-1,-30,-1.65,-1.0028,-0.3885,,10.94903519,0.046,272,216.2,271,219.4,53.8,43.8,37.4,27.5,30,,3604.37,10.8
underway_1200.34111643,34111643,201011040,2011-04-10T16:00:00,20110410160000,MULTIPOINT ((-63.0811 114.719)),114.719,-63.0811,62.8,61.097,61.12792969,,12.6,1.95,-0.58,7.68,-3.88,1.299,0,,,,38.04014632,,41.12,,0.0984,,174.45687242,221.94,0,-8,297.9092,304.6602,,,,1.911322,1.847746,1.837027,0,-204.8831,11.93281,98,91.6,34.0390562,,34.0390562,,-2.6,-1.4,-30,-2.1933,-1.3099,-0.2525,,10.95959217,0.041,264,206.2,261,204.5,51,39.6,39.9,28.3,30,,3691.78,10.95
underway_1200.34111763,34111763,201011040,2011-04-10T16:20:00,20110410162000,MULTIPOINT ((-63.0483 114.8573)),114.8573,-63.0483,66.9,64.296,65.47302246,,13,3.1,-1.63,5.57,-7.08,1.299,0,969.02,,,38.06858581,,41.05,,0.0492,,174.16482801,221.45,0,-8,292.4087,297.8397,,,,1.911322,1.847746,-1.837027,-1.754913,0,11.90581,97.5,91.8,34.05458861,,34.05458861,,-3.6,-2.5,-30,-2.9701,-2.3419,-0.3054,,10.97339496,0.038,260,201.7,259,202.1,54.8,43.3,44.3,32.8,30,,3707.9,11.11
underway_1200.34111883,34111883,201011040,2011-04-10T16:40:00,20110410164000,MULTIPOINT ((-63.0142 114.9967)),114.9967,-63.0142,61.1,62.85,63.67126465,,12.5,2.73,-1.14,7.66,-9.37,1.299,0,970.24,,,38.0937437,,40.95,-0.002,-0.041,-0.001,174.37515013,221.64,0.005,-8,291.9245,293.1482,,,,1.911322,1.847771,1.837027,-1.75491,0,11.87572,96.2,90.6,34.06684276,,34.06684276,,-4.3,-3.1,-30,-3.7592,-3.1494,-0.2494,,10.98719491,0.037,253,196.1,252,195.3,57.8,45.7,54.6,42.4,71,,3709.44,11.25
underway_1200.34112003,34112003,201011040,2011-04-10T17:00:00,20110410170000,MULTIPOINT ((-62.9793 115.1337)),115.1337,-62.9793,59.9,61.875,61.01806641,,11.9,2.83,-1.26,3.9,0,1.3,0,971.95,,,38.11124426,,40.9,,-0.0328,,174.13910313,221.39,0.005,-8,290.2654,289.1698,,,,1.91151,1.8479,1.837051,0,0,11.93346,95.9,91.8,34.07070809,,34.07070809,,-4.6,-4,-30,-4.1347,-3.56,-0.2722,,11.00180354,0.022,254,197.7,253,196.5,55.4,44.1,52.9,41.5,71,,3706.67,11.37
underway_1200.34112123,34112123,201011040,2011-04-10T17:20:00,20110410172000,MULTIPOINT ((-62.9437 115.2706)),115.2706,-62.9437,64.7,64.819,65.62683105,,12.8,2.94,-2.05,1.85,-4.49,1.3,0,973.37,,,38.12108995,,40.87,-0.013,-0.0246,-0.001,173.99719953,221.22,0,-8,285.7258,288.3087,,,,1.911892,2.156213,-1.837107,-3.509846,0,11.8542,95.1,92.7,34.08504216,,34.08504216,,-5.1,-4.2,-30,-4.709,-4.2419,-0.2725,,10.99693435,0.021,249,190.3,250,191.1,45.9,34.1,44.8,33,30,,3796.22,11.44
underway_1200.34112243,34112243,201011040,2011-04-10T17:40:00,20110410174000,MULTIPOINT ((-62.9065 115.4041)),115.4041,-62.9065,58.5,59.145,59.19433594,,12.6,2.22,0,3.05,-4.88,1.3,0,975.15,,,38.12874635,,40.87,-0.015,-0.0246,-0.002,173.65254715,220.79,0,-8,283.6178,284.63,,,,1.911965,1.848352,0,0,0,11.8654,94.3,91.4,34.08588222,,34.08588222,,-5.5,-4.3,-30,-4.7297,-4.0998,-0.2671,,11.004238,0.019,250,194.8,250,195.5,53.2,41.1,50.6,38.5,30,,0,11.49
underway_1200.34112363,34112363,201011040,2011-04-10T18:00:00,20110410180000,MULTIPOINT ((-62.8638 115.5318)),115.5318,-62.8638,53,51.202,49.921875,,13.3,4.7,-4.51,2.82,-2.66,1.3,0,975.79,,,38.12655845,,40.99,,-0.0246,,172.09847247,218.68,0,-8,282.504,286.0774,,,,1.911966,2.464458,-1.837422,-1.754969,0,11.81835,93.8,90.2,34.08294846,,34.08294846,,-5.5,-4.1,-30,-4.9843,-4.0156,-0.2893,,11.00504947,0.016,257,211.1,257,213,51.4,40.3,41,29.9,9998,,3770.88,11.51
underway_1200.34112483,34112483,201011040,2011-04-10T18:20:00,20110410182000,MULTIPOINT ((-62.8194 115.6504)),115.6504,-62.8194,48.2,47.184,47.25219727,,12.4,2.81,-0.87,7.55,-5.56,1.3,0,976.7,,,38.12327755,,40.95,,-0.0164,,172.43081486,219.05,0,-8,275.7847,279.3189,,,,1.911966,2.156429,1.837347,-1.754936,0,11.80157,92.6,88.4,34.08571325,,34.08571325,,-5.8,-4.2,-30,-5.1377,-4.0839,-0.3375,,10.99855745,0.016,245,205.7,244,208.4,42.2,30.7,31.3,19.8,9998,,3706.07,11.53
underway_1200.34112603,34112603,201011040,2011-04-10T18:40:00,20110410184000,MULTIPOINT ((-62.7744 115.7652)),115.7652,-62.7744,48.7,51.101,50.72937012,,12.9,2.98,-1.12,2.97,-1.01,1.301,0,977.53,,,38.12218536,,40.96,-0.011,-0.041,-0.001,172.23038675,218.96,0,-8,280.492,282.2169,,,,1.911966,1.848372,1.8375,-1.754995,0,11.78827,91.3,87.5,34.09745281,,34.09745281,,-6.1,-4.5,-30,-5.446,-4.4033,-0.3184,,10.98475983,0.017,243,199.4,242,198.3,50,37.4,45.6,32.9,9998,,3706.76,11.54
underway_1200.34112723,34112723,201011040,2011-04-10T19:00:00,20110410190000,MULTIPOINT ((-62.7287 115.8836)),115.8836,-62.7287,48,49.785,49.31213379,,12.2,3.75,-0.44,5.27,-6.39,1.301,0,978.45,,,38.11015488,,40.88,-0.012,-0.0492,-0.001,173.23781214,220.27,0,-8,275.4114,275.2775,,,,1.911966,2.464496,0,-1.754912,0,11.77464,90.1,84.1,34.10358269,,34.10358269,,-6.3,-4.8,-30,-5.6874,-4.7587,-0.2589,,10.96527601,0.016,242,194,242,193.5,43.8,31.8,42.8,30.8,9998,,3706.82,11.53
underway_1200.34112843,34112843,201011040,2011-04-10T19:20:00,20110410192000,MULTIPOINT ((-62.6825 115.9975)),115.9975,-62.6825,48.8,46.122,45.5657959,,13.1,4.7,-2.7,3.27,-6.28,1.303,0,980.07,,,38.09155892,,40.87,-0.01,0,-0.002,173.51358872,220.53,0.022,-8,283.1433,284.5162,,,,1.911966,2.464496,-1.837469,-1.755143,0,11.77463,92.3,90.4,34.08730416,,34.08730416,,-6,-5.3,-30,-5.5321,-4.8608,-0.2867,,10.96284014,0.026,243,197.8,242,197.6,45.2,32.9,40.6,28.3,71,,3869.06,11.51
underway_1200.34112963,34112963,201011040,2011-04-10T19:40:00,20110410194000,MULTIPOINT ((-62.6355 116.108)),116.108,-62.6355,46.6,46.945,46.82373047,,12.9,2.55,-1.44,5.57,-5.21,1.304,0,980.26,,,38.08062368,,40.86,,-0.0328,,173.81758396,220.95,0,-8,279.2588,278.9132,,,,1.911966,2.464496,-1.837617,-1.755162,0,11.77463,90.1,84.9,34.10435583,,34.10435583,,-6,-5.1,-30,-5.4976,-4.6654,-0.2848,,10.93279044,0.017,239,202.2,238,202.3,37.4,25.3,30.3,18.1,9998,,3706.32,11.48
underway_1200.34113083,34113083,201011040,2011-04-10T20:00:00,20110410200000,MULTIPOINT ((-62.59 116.2225)),116.2225,-62.59,54.7,57.386,55.30517578,,12.3,3.36,-0.8,5.26,-9.32,1.304,0,981.26,,,38.06093539,,40.95,,-0.0246,,173.03002571,219.89,0,-8,274.8884,271.7144,,,,1.911966,2.464496,1.837615,5.264981,204.8928,11.77128,88.3,78.4,34.0983177,,34.0983177,,-5.8,-4.6,-30,-5.343,-4.5891,-0.2397,,10.91816681,0.019,240,182.1,240,182,49.1,36.8,49.9,37.6,9998,,3706.32,11.44
underway_1200.34113203,34113203,201011040,2011-04-10T20:20:00,20110410202000,MULTIPOINT ((-62.548 116.336)),116.336,-62.548,70.8,81.787,81.80969238,,11,2.88,-1.24,0,-4.16,1.304,0,981.55,,,38.03796687,,40.94,-0.01,-0.0164,-0.001,173.42118707,220.48,0,-8,279.8161,272.1584,,,,1.911966,2.464496,-1.837635,1.755091,-204.9042,11.76114,88.4,76.1,34.09959665,,34.09959665,,-5.4,-5,-30,-5.1377,-4.4877,-0.1456,,10.8921614,0.017,240,153,239,153.9,33.7,22.9,49.1,38.3,9998,,3708.7,11.4
underway_1200.34113323,34113323,201011040,2011-04-10T20:40:00,20110410204000,MULTIPOINT ((-62.5023 116.4399)),116.4399,-62.5023,47.9,41.897,41.61071777,,12.3,2.57,-0.28,5.91,-5.9,1.304,0,983.54,,,38.00843428,,41.01,-0.013,0.1066,0,172.94773018,219.92,0,-8,278.2827,281.173,,,,1.911966,2.464496,0,-5.265564,0,11.74796,87.2,77,34.08826102,,34.08826102,,-5.5,-4.2,-30,-5.0268,-4.1511,-0.1242,,10.87265073,0.017,238,202.3,237,201,43.3,31.6,38.4,26.6,9998,,3706.68,11.35
underway_1200.34113443,34113443,201011040,2011-04-10T21:00:00,20110410210000,MULTIPOINT ((-62.4544 116.5374)),116.5374,-62.4544,41.2,40.983,41.30310059,,11.8,2.03,-0.81,0.57,-2.8,1.305,0,983.66,,,37.98765405,,41.03,-0.007,-0.0164,0,172.9084505,219.88,0,-8,281.4504,283.5334,,,,1.911966,2.156434,-1.837625,-1.754938,0,11.73085,89.6,78.9,34.09476311,,34.09476311,,-4.8,-3.3,-30,-4.7636,-3.6175,0.0558,,10.84337412,0.019,252,220.1,249,223,34.4,24.8,25.9,16.3,9998,,3706.46,11.32
underway_1200.34113563,34113563,201011040,2011-04-10T21:20:00,20110410212000,MULTIPOINT ((-62.4078 116.6334)),116.6334,-62.4078,43.9,45.038,46.18652344,,11.7,2.51,-1.57,4,-2.59,1.305,0,984.27,,,37.96468741,,41.04,,-0.0656,,173.04672378,220.05,0,-8,283.3735,284.1215,,,,1.911966,1.848372,0,-1.754989,0,11.72073,87.2,76.5,34.10896027,,34.10896027,,-4.6,-3.2,-30,-4.3253,-3.485,-0.0174,,10.80350488,0.019,247,211.9,246,213.4,43.4,33.4,31.9,21.8,9998,,4011.26,11.28
underway_1200.34113683,34113683,201011040,2011-04-10T21:40:00,20110410214000,MULTIPOINT ((-62.361 116.7328)),116.7328,-62.361,43.7,42.756,42.92358398,,11.5,3.48,-2.57,8.41,-6.14,1.305,0,984.7,,,37.94390688,,41,-0.008,0.123,-0.004,173.72316001,220.93,0,-8,286.1496,287.1285,,,,1.911966,2.156404,-1.837635,-1.754976,-204.8908,11.70746,89,75.1,34.11246041,,34.11246041,,-4,-2.4,-30,-3.9244,-2.8103,0.1736,,10.77745506,0.019,247,214.3,244,216.1,36.5,25.6,27,16,9998,,3624,11.25
underway_1200.34113803,34113803,201011040,2011-04-10T22:00:00,20110410220000,MULTIPOINT ((-62.3148 116.8292)),116.8292,-62.3148,44.2,47.839,47.24121094,,11.3,3.55,-1.86,3.78,-3.08,1.305,0,984.8,,,37.92640652,,40.97,,-0.0492,,174.22398352,221.67,0,-8,284.7389,287.1959,,,,1.911966,2.156433,-1.83762,-1.755,0,11.68398,88.1,72.8,34.1078494,,34.1078494,,-4,-2.6,-30,-3.5598,-2.7952,0.2187,,10.76361198,0.019,247,217,244,218.9,30.8,20.5,23.2,12.8,9998,,5559.13,11.23
underway_1200.34113923,34113923,201011040,2011-04-10T22:20:00,20110410222000,MULTIPOINT ((-62.2686 116.9266)),116.9266,-62.2686,43,43.248,42.01721191,,11.2,3,-0.31,0.95,-1.58,1.305,0,985.87,,,37.90562456,,40.99,-0.008,-0.0492,-0.002,174.13331857,221.39,0,-8,283.7472,285.7924,,,,1.911966,1.848355,0,-1.755017,0,11.66671,86.2,71.5,34.09994735,,34.09994735,,-3.6,-2.3,-30,-3.3292,-2.3883,0.1397,,10.74976605,0.019,255,224.6,253,228.8,32.7,23.9,24.8,16.1,9998,,4118.78,11.21
underway_1200.34114043,34114043,201011040,2011-04-10T22:40:00,20110410224000,MULTIPOINT ((-62.2231 117.0251)),117.0251,-62.2231,44.3,44.145,42.69287109,,11.6,1.66,-1.17,5.74,-4.78,1.305,0,986.5,,,37.90125006,,40.99,-0.007,-0.1148,-0.003,174.06034896,221.35,0,-8,282.7035,285.0706,,,,1.911966,2.464439,0,-1.754936,0,11.65318,83.4,71,34.10316745,,34.10316745,,-3.6,-2.4,-30,-3.3374,-2.5491,0.1467,,10.74162005,0.019,254,222,251,224.1,34.9,25.4,24.8,15.1,9998,,3706.26,11.22
underway_1200.34114163,34114163,201011040,2011-04-10T23:00:00,20110410230000,MULTIPOINT ((-62.1778 117.1242)),117.1242,-62.1778,45.4,44.114,43.98925781,,12.1,3.34,-1.11,2.29,-4.46,1.305,0,987.08,,,37.89250217,,40.99,-0.013,-0.041,-0.002,173.97312001,221.28,0,-8,284.1868,288.4727,,,,3.505272,3.696545,1.837339,-1.754911,0,11.64295,82.6,72,34.11798923,,34.11798923,,-3.5,-2,-30,-3.2307,-2.2711,0.1556,,10.71636117,0.019,245,209.2,244,211.9,35.9,25,28.1,17.3,9998,,4184.83,11.23
underway_1200.34114283,34114283,201011040,2011-04-10T23:20:00,20110410232001,MULTIPOINT ((-62.1331 117.2242)),117.2242,-62.1331,48.3,42.999,41.76452637,,11.7,3.14,-0.82,2.39,-1.81,1.306,0,987.54,,,37.89469082,,40.9,,-0.0164,,174.96795955,222.51,0,-8,284.1718,287.4374,,,,8.285189,9.241252,1.837332,1.755005,0,11.65317,80.9,71,34.12704118,,34.12704118,,-3.6,-2.2,-30,-3.4608,-2.2619,0.2599,,10.70902617,0.022,250,215.2,248,217,36.1,25.8,28.3,17.9,9998,,3820.54,11.24
underway_1200.34114403,34114403,201011040,2011-04-10T23:40:00,20110410234001,MULTIPOINT ((-62.0895 117.3217)),117.3217,-62.0895,45.3,42.242,41.51184082,,11,2.71,-1.45,4.1,-2.62,1.306,0,988.25,,,37.8914091,,40.92,,-0.082,,174.66427567,222.14,0,-8,287.3068,289.8008,,,,10.19715,10.78069,5.511604,1.754913,0,11.63614,78.7,71.7,34.12298632,,34.12298632,,-3.3,-2.1,-30,-3.4361,-2.2151,0.3322,,10.70984121,0.024,237,203.7,238,206.4,37.9,27,30,19.1,9998,,4215.91,11.25
underway_1200.34114523,34114523,201011040,2011-04-11T00:00:00,20110411000001,MULTIPOINT ((-62.0449 117.4162)),117.4162,-62.0449,43.2,43.704,40.22094727,,11.2,2.57,-2.74,7.07,-8.15,1.306,20,988.72,,,37.89141061,,40.93,,-0.0164,,174.39236369,221.84,0,-8,284.1873,284.6494,,,,21.66895,22.79281,11.02387,8.774551,0,11.63951,77.2,,34.13441978,,34.13441978,,-3.2,,-30,-3.2307,-2.1641,0.317,,10.69761458,0.026,252,221.7,252,226.5,36.8,27.2,28.2,18.8,9998,,5561.86,11.27
underway_1200.34114643,34114643,201011040,2011-04-11T00:20:00,20110411002001,MULTIPOINT ((-62.0012 117.5191)),117.5191,-62.0012,45.8,45.114,44.12109375,,11.4,3.06,-1.25,4.83,-4.39,1.306,20,989.11,,,37.90234785,,40.84,-0.008,-0.041,-0.001,175.19370012,222.91,0,-8,286.496,287.2463,,,,22.9436,23.1003,11.02354,8.774669,0,11.62568,75.3,71.4,34.13396252,,34.13396252,,-3.1,-2.2,-30,-3.1651,-2.0655,0.3253,,10.70984121,0.026,251,218.8,247,220.8,35,24.9,24.7,14.5,9998,,0,11.31
underway_1200.34114763,34114763,201011040,2011-04-11T00:40:00,20110411004001,MULTIPOINT ((-61.9576 117.6237)),117.6237,-61.9576,47.4,45.77,44.3572998,,11.9,1.55,0,1.59,-3.41,1.306,70,990.01,,,37.91766162,,40.82,,-0.0164,,175.14214373,222.81,0,-8,287.226,288.6214,,,,45.24988,47.12356,18.3713,19.30429,-204.8861,11.61218,72.7,71.7,34.14551776,,34.14551776,,-2.9,-2,-30,-3.0016,-1.9992,0.2866,,10.71391626,0.027,252,219.7,251,224.5,33.5,23,25.5,15.2,9998,,5559.4,11.35
underway_1200.34114883,34114883,201011040,2011-04-11T01:00:00,20110411010000,MULTIPOINT ((-61.9114 117.7273)),117.7273,-61.9114,46.9,45.848,45.57678223,,11.9,2.47,0,3.18,-2.54,1.306,80,990.34,,,37.94281671,,40.79,-0.012,0,-0.001,174.74823898,222.25,0,-8,290.0907,291.0049,,,,47.79794,48.97108,22.04638,21.05899,0,11.61126,74.5,72.2,34.13951364,,34.13951364,,-2.6,-1.5,-30,-2.8119,-1.7102,0.2875,,10.74732235,0.028,253,216.4,244,212.9,28.2,18.2,19.7,9.1,9998,,0,11.46
underway_1200.34115003,34115003,201011040,2011-04-11T01:20:00,20110411012000,MULTIPOINT ((-61.862 117.8415)),117.8415,-61.862,45.7,42.22,40.96252441,,13.2,3.64,-0.5,1.62,-3.38,1.306,120,990.49,,,38.0106309,,39.13,-0.014,0.5986,0.133,218.29260481,278.91,0,-8,289.2963,289.8073,,,,77.42842,79.45798,36.74206,35.09849,-204.8848,11.62501,72.2,71.3,34.15724031,,34.15724031,,-2.5,-1.7,-30,-2.5392,-1.7369,0.2905,,10.80106314,0.028,251,219.8,245,219.5,30.9,19.5,23,11.2,9998,,3706.28,8.74
underway_1200.34115123,34115123,201011040,2011-04-11T01:40:00,20110411014000,MULTIPOINT ((-61.8066 117.9604)),117.9604,-61.8066,57,60.173,59.88098145,,13.4,2.65,-1.53,1.39,-2.98,1.306,220,991.11,,,38.0882895,,37.63,-0.018,0.3362,0.005,241.08450263,308.13,0,-8,288.6052,292.0605,,,,120.4278,121.3364,58.78549,56.15836,0,11.62395,72.3,72.4,34.17643153,,34.17643153,,-2.2,-1.5,-30,-2.2444,-1.4773,0.3468,,10.86370645,0.03,257,209.6,254,209.6,35.7,22.6,28.8,15.5,9998,,4157.18,8.85
underway_1200.34115243,34115243,201011040,2011-04-11T02:00:00,20110411020000,MULTIPOINT ((-61.747 118.0695)),118.0695,-61.747,42.6,40.785,41.23718262,,14.5,2.28,-1.94,5.74,-5.34,1.306,270,992.08,,,38.17688657,,37.34,-0.01,0.3116,-0.001,238.64187798,304.65,0,-8,291.716,292.782,,,,135.3862,138.5822,67.97495,66.69076,0,11.62278,72.3,71.1,34.19741372,,34.19741372,,-2,-1.5,-30,-2.0015,-1.3185,0.3297,,10.93603971,0.031,250,229.5,248,231.6,32.6,21.4,28,16.7,9998,,4285.43,9.61
underway_1200.34115363,34115363,201011040,2011-04-11T02:20:00,20110411022000,MULTIPOINT ((-61.6861 118.1776)),118.1776,-61.6861,41.2,38.597,38.68835449,,14.2,1.72,-0.8,3.2,-1.85,1.306,430,992.2,,,38.27423385,,37.23,-0.011,0.2788,-0.002,234.81575185,299.42,0,-8,288.6975,289.5901,,,,208.9712,214.0342,110.2219,108.8062,-204.8865,11.63683,73.1,71.8,34.21269984,,34.21269984,,-1.7,-1.3,-30,-1.7774,-1.0741,0.2752,,11.02371054,0.032,253,237.5,259,249.5,31.6,21,28.3,19.4,9998,,4282.96,10.21
underway_1200.34115483,34115483,201011040,2011-04-11T02:40:00,20110411024000,MULTIPOINT ((-61.6256 118.2862)),118.2862,-61.6256,40.6,38.591,38.58398438,,14.4,1.48,0,6.45,-6.26,1.306,280,992.46,,,38.37048724,,37.16,-0.007,0.2706,0,231.35498238,294.78,0,-8,295.035,294.048,,,,124.2359,131.19,58.78486,63.17691,0,11.63601,73.6,71.1,34.22009311,,34.22009311,,-1.4,-0.9,-30,-1.4913,-0.8051,0.2436,,11.11855857,0.033,258,249.7,269,271.5,26.3,17.3,22.2,16.9,9998,,0,10.71
underway_1200.34115603,34115603,201011040,2011-04-11T03:00:00,20110411030000,MULTIPOINT ((-61.5653 118.3916)),118.3916,-61.5653,42.3,41.648,42.6159668,,14.2,2.98,-1.26,0.71,-5.02,1.306,560,992.98,,,38.47330497,,37.15,-0.017,0.533,-0.001,227.71286353,289.82,0,-8,293.4121,294.0841,,,,244.3306,254.3731,124.9178,129.864,0,11.63576,72.5,71,34.23251765,,34.23251765,,-1.1,-0.7,-30,-1.1831,-0.5622,0.292,,11.21489109,0.034,261,247.3,271,267.6,27.7,19.2,22.8,17.5,9998,,4245.68,11.13
underway_1200.34115723,34115723,201011040,2011-04-11T03:20:00,20110411032000,MULTIPOINT ((-61.5049 118.4958)),118.4958,-61.5049,40.3,37.229,37.54577637,,14.4,5.78,-0.69,0.81,-5.94,1.306,1000,992.75,,,38.55971451,,37.17,-0.02,0.3444,0,224.39539204,285.47,0,-8,295.0611,296.2319,,,,330.0215,373.8607,180.0286,189.5308,0,11.63238,72.4,70,34.22870751,,34.22870751,,-0.9,-0.4,-30,-0.8218,-0.0952,0.3699,,11.31108608,0.037,255,239.6,262,250.8,31.4,22,28.7,20.9,9998,,4280.64,11.47
underway_1200.34115843,34115843,201011040,2011-04-11T03:40:00,20110411034000,MULTIPOINT ((-61.4448 118.5983)),118.5983,-61.4448,39.1,36.459,34.73876953,,13.3,6.01,-3.48,9.92,-6.68,1.306,440,993.07,,,38.65487928,,37.3,-0.011,0.4018,0,220.15904308,280,0,-8,283.6433,284.032,,,,180.3013,188.1622,88.17728,91.25535,0,11.63575,73.5,71.6,34.254583,,34.254583,,-0.6,-0.2,-30,-0.6733,0.0597,0.4082,,11.38455446,0.033,,,,,,,,,9998,,0,11.72
underway_1200.34115963,34115963,201011040,2011-04-11T04:00:00,20110411040000,MULTIPOINT ((-61.3871 118.7014)),118.7014,-61.3871,38.5,38.378,38.54553223,,13.6,1.69,0,3.27,-0.44,1.373,1840,994.2,,,38.74019749,,37.33,-0.012,0.2542,-0.001,217.39212949,276.27,0.308,-8,259.1466,262.3168,,,,412.5269,460.0888,231.4654,242.1776,0,11.62226,68.9,67.8,34.2579852,,34.2579852,,-0.5,0,-30,-0.2998,0.4834,0.4117,,11.47164401,0.047,263,249.5,280,281.2,30.1,22.7,20.8,18.8,63,,4308.89,11.99
underway_1200.34116083,34116083,201011040,2011-04-11T04:20:00,20110411042000,MULTIPOINT ((-61.3287 118.8059)),118.8059,-61.3287,40.5,39.437,38.83117676,,14,2.4,-1.08,3.14,-2.81,1.402,1880,994.24,,,21.57815297,,38.81,-0.011,1.8532,0.05,298.94421257,340.98,0,-8,272.5733,273.6841,,,,414.7568,393.57,227.7913,231.6482,0,11.61889,72.6,70.5,17.73780038,,17.73780038,,-0.3,0.2,-30,-0.23,0.6138,0.4571,,11.95744156,0.053,261,252.2,280,296.9,26.2,18.1,15.2,14.6,9998,,4320.51,4.54
underway_1200.34116203,34116203,201011040,2011-04-11T04:40:00,20110411044000,MULTIPOINT ((-61.2709 118.9104)),118.9104,-61.2709,42,38.499,38.00170898,,13.8,2.54,0,2.22,-1.74,1.449,4580,994.39,,,21.25963936,,37.79,-0.018,1.0906,0.005,298.30390772,338.71,0.294,-8,285.6211,288.7314,,,,707.189,862.5897,435.3753,487.8651,-204.8831,11.60877,73.7,71.8,17.4481856,,17.4481856,,0,0.5,-30,0.1945,1.0717,0.4542,,11.96544203,0.843,265,252.8,279,278.5,29.1,21,22.4,18.7,62,,4333.51,6.33
underway_1200.34116323,34116323,201011040,2011-04-11T05:00:00,20110411050000,MULTIPOINT ((-61.2118 119.0165)),119.0165,-61.2118,41.3,39.138,39.55078125,,14.3,2.2,-0.21,3.76,-3.92,1.471,4860,994.71,,,21.1178449,,37.36,,0.984,,296.74325327,336.56,0.257,-8,241.7833,245.9442,,,,579.1304,567.2582,360.0572,379.0452,0,11.59528,70.4,68.8,17.32776742,,17.32776742,,0.1,0.7,-30,0.5242,1.5865,0.4316,,11.9510405,7.1,266,251.8,281,284.7,31.7,23.9,20.6,18.4,62,,4347.29,7.2
underway_1200.34116443,34116443,201011040,2011-04-11T05:20:00,20110411052000,MULTIPOINT ((-61.1537 119.1206)),119.1206,-61.1537,41.1,36.995,37.01293945,,13.7,1.83,0,0,-0.68,1.508,5170,994.88,,,21.05131271,,37.19,-0.01,1.0496,-0.002,292.11827368,330.97,0.312,-8,237.3344,240.1983,,,,531.3416,525.9918,308.6204,122.833,0,11.58854,71.2,70,17.27368805,,17.27368805,,0.3,0.8,-30,0.8682,1.7371,0.4759,,11.93903688,7.1,270,264.8,285,283.1,25.6,19.5,23.4,21.1,63,,4349.14,7.88
underway_1200.34116563,34116563,201011040,2011-04-11T05:40:00,20110411053959,MULTIPOINT ((-61.0971 119.2247)),119.2247,-61.0971,41.4,42.71,40.82519531,,13.3,4.24,-1.64,8.17,-2.77,1.517,5400,994.52,,,20.99677776,,37.11,-0.014,0.8938,0,286.50774836,324.14,0,-8,238.2357,241.7762,,,,388.261,625.7702,264.5318,91.24036,0,11.58179,71.9,70.2,17.2211379,,17.2211379,,0.5,0.8,-30,1.0615,1.8423,0.5383,,11.94703953,7.1,280,273.9,291,284.6,23,19.8,22.3,21.6,9998,,4424.45,8.5
underway_1200.34116683,34116683,201011040,2011-04-11T06:00:00,20110411060000,MULTIPOINT ((-61.0407 119.3306)),119.3306,-61.0407,43.3,43.212,42.22045898,,14,2.5,-2.16,4.97,-4.12,1.517,5250,995.81,,,20.95860315,,37.04,-0.012,0.8692,0,281.04417832,317.9,0,-8,239.3715,241.0599,,,,451.3204,490.5695,266.3689,136.8604,0,11.57504,73.4,71.8,17.18033519,,17.18033519,,0.6,0.8,-30,1.3044,1.9186,0.4988,,11.96144191,7.1,281,276.6,292,287.8,22.5,18.9,21.5,20.7,9998,,4357.17,9.1
underway_1200.34116803,34116803,201011040,2011-04-11T06:20:00,20110411062000,MULTIPOINT ((-60.9842 119.4354)),119.4354,-60.9842,41.6,40.007,39.65515137,,13.7,1.45,-0.64,3.26,-2.88,1.517,4650,995.5,,,20.98150346,,36.98,-0.01,0.7626,0,275.6747429,311.4,0,-8,239.6905,241.73,,,,481.8955,171.8387,244.3246,277.2296,0,11.57167,74.7,73.7,17.17514778,,17.17514778,,0.9,1,-30,1.3725,2.0606,0.6021,,12.01742209,7.1,284,282.5,295,291.7,22,20.1,21.7,22.3,9998,,4348.16,9.68
underway_1200.34116923,34116923,201011040,2011-04-11T06:40:00,20110411064000,MULTIPOINT ((-60.9273 119.5424)),119.5424,-60.9273,43.6,40.587,40.30334473,,14.1,1.55,0,7.13,-5.97,1.517,560,996.06,,,21.00440347,,36.94,,0.8364,0,270.28191913,305.21,0,-8,257.4153,259.4885,,,,154.7914,151.8117,78.99214,77.20317,0,11.57167,75,74.2,17.16705942,,17.16705942,,0.7,0.8,-30,0.8507,1.2601,0.4678,,12.07974556,0.614,287,277.6,298,289.2,27.1,24.1,26.2,26.1,9998,,4367.16,10.24
underway_1200.34117043,34117043,201011040,2011-04-11T07:00:00,20110411070000,MULTIPOINT ((-60.8703 119.6498)),119.6498,-60.8703,41,40.752,41.11633301,,13.8,1.8,-1.13,4.75,-3.4,1.52,250,995.99,,,21.01639718,,36.91,-0.012,0.7708,-0.004,265.70019422,299.94,0.174,-8,283.8696,285.846,,,,105.7423,109.0149,47.76269,49.12929,0,11.57504,78.8,,17.15220413,,17.15220413,,0.3,,-30,0.4693,0.9134,0.497,,12.13562813,0.542,290,292.5,299,298.8,18.6,18.8,18.4,20.6,62,,4544.26,10.72
underway_1200.34117163,34117163,201011040,2011-04-11T07:20:00,20110411072000,MULTIPOINT ((-60.8133 119.7565)),119.7565,-60.8133,42.7,39.258,40.44067383,,15.3,2.15,-1.45,0.94,-2.18,1.564,790,997.09,,,21.05565713,,36.92,,0.7216,,261.07824255,294.5,0,-8,284.221,286.74,,,,173.9031,171.8388,93.68835,94.75056,0,11.57504,80.6,81.1,17.1543908,,17.1543908,,0.5,0.6,-30,0.545,0.8745,0.5261,,12.20740952,0.563,281,275.2,294,289.1,27.6,23.6,25.7,25.3,9998,,4364.35,11.14
underway_1200.34117283,34117283,201011040,2011-04-11T07:40:00,20110411074000,MULTIPOINT ((-60.7514 119.8721)),119.8721,-60.7514,41.5,42.304,42.19848633,,14.9,3.65,-0.69,5.06,-3.23,1.564,420,996.91,,,21.06328858,,36.91,,0.6642,,257.56069031,290.39,0,-8,286.4107,288.1679,,,,126.4473,126.5705,66.13297,66.67705,0,11.58179,80.3,79.5,17.13828527,,17.13828527,,0.6,0.9,-30,0.5823,0.95,0.5273,,12.25761134,0.551,270,264.6,284,280.8,25,19.1,23.3,21.3,9998,,4382.76,11.5
underway_1200.34117403,34117403,201011040,2011-04-11T08:00:00,20110411080000,MULTIPOINT ((-60.69 119.9886)),119.9886,-60.69,42.2,130.905,39.12780762,,15,0,0,0,0,1.564,110,997.36,,,21.0709208,,36.98,,0.656,,253.17077683,285.37,0,-8,301.7732,301.9322,,,,56.69307,58.51193,25.71837,28.07477,204.8554,11.5683,78.6,,17.12729828,,17.12729828,,0.8,,-30,0.8508,1.1325,0.6154,,12.29663153,0.532,272,269.9,283,284.3,24.5,18.8,22.4,20.1,9998,,4389.99,11.81
underway_1200.34117523,34117523,201011040,2011-04-11T08:20:00,20110411082000,MULTIPOINT ((-60.6289 120.1039)),120.1039,-60.6289,43.1,41.582,40.74279785,,14.7,3.12,-0.95,1.69,-4.06,1.568,10,998.3,,,21.08836942,,37.01,,0.6888,,249.84491405,281.55,0.198,-8,308.4924,307.8815,,,,14.65111,15.70579,5.51108,5.264078,0,11.55481,77.3,75.7,17.12540546,,17.12540546,,0.9,1.2,-30,0.9946,1.2541,0.625,,12.33483366,0.482,273,263.3,285,277.9,28.1,21.8,26.5,23.5,62,,5426.69,12.09
underway_1200.34117643,34117643,201011040,2011-04-11T08:40:00,20110411084000,MULTIPOINT ((-60.5671 120.2206)),120.2206,-60.5671,41.9,39.531,40.63293457,,15.2,1.84,-0.78,0.92,-2.3,1.585,20,998.8,,,21.08182351,,37.15,,0.7216,,245.47201812,276.55,0,-8,300.1794,302.5002,,,,21.02116,21.55703,9.185133,8.773233,-204.8523,11.55481,,76.5,17.10839634,,17.10839634,,,1.2,-30,0.9415,1.254,0.6015,,12.35949444,0.523,272,262.4,286,278.1,29.8,23.3,28.4,25.7,9998,,4421.91,12.29
underway_1200.34117763,34117763,201011040,2011-04-11T09:00:00,20110411090000,MULTIPOINT ((-60.505 120.3375)),120.3375,-60.505,43.4,42.396,42.64892578,,15.2,1.92,-1.14,6.12,-1.35,1.585,0,999.54,,,21.08836626,,37.17,,0.656,,243.29577537,274.08,0,-8,296.4244,300.2061,,,,9.555218,9.546683,1.837027,1.754656,0,11.55144,71.8,70.6,17.1044476,,17.1044476,,0.9,1.2,-30,1.001,1.2236,0.7344,,12.38096589,0.527,272,253.7,292,285.6,34.7,27,25.1,24.3,9998,,4439.01,12.48
underway_1200.34117883,34117883,201011040,2011-04-11T09:20:00,20110411092000,MULTIPOINT ((-60.4426 120.4534)),120.4534,-60.4426,42.7,40.37,40.95703125,,15.6,2.73,-0.43,3.8,-3.84,1.585,0,999.1,,,21.0916375,,37.25,,0.6396,,240.50464923,270.9,0,-8,298.2786,300.0222,,,,3.822114,3.695441,0,0,0,11.54132,75.6,74,17.10157363,,17.10157363,,1.2,1.4,-30,1.1821,1.414,1.2374,,12.39368652,0.536,275,269.1,286,281,27.1,21.4,25.9,23.3,9998,,4455.5,12.63
underway_1200.34118003,34118003,201011040,2011-04-11T09:40:00,20110411094000,MULTIPOINT ((-60.3786 120.568)),120.568,-60.3786,40.6,40.481,38.72131348,,14.8,3.45,-1.28,1.52,-1.94,1.585,0,1000.09,,,21.08400094,,37.38,,0.7216,,236.84409877,266.64,0,-8,299.2815,302.283,,,,1.911083,2.155656,0,-1.754693,-204.8577,11.52783,76.6,76.1,17.08400416,,17.08400416,,1.2,1.4,-30,1.181,1.4374,1.3258,,12.41753126,0.534,272,262.8,285,276.7,30.1,24,29.3,26.6,9998,,4459.6,12.79
underway_1200.34118123,34118123,201011040,2011-04-11T10:00:00,20110411100000,MULTIPOINT ((-60.3153 120.6803)),120.6803,-60.3153,40.8,40.72,39.83093262,,14.6,3.3,-1.02,0,-0.99,1.585,0,1000.39,,,21.09272543,,37.42,-0.011,0.6724,0,235.06280288,264.58,0,-8,295.5438,298.1558,,,,1.911024,2.463612,-1.837027,-1.754619,0,11.46037,74.4,73,17.08416617,,17.08416617,,1.2,1.5,-30,1.244,1.4749,1.3221,,12.4342176,0.541,272,261.3,285,274.9,29.8,23.6,29.3,26.4,9998,,4474.73,12.91
underway_1200.34118243,34118243,201011040,2011-04-11T10:20:00,20110411102000,MULTIPOINT ((-60.2526 120.7885)),120.7885,-60.2526,40.6,39.883,39.46289062,,15.4,2.8,-0.29,2.67,-3.49,1.585,0,1000.8,,,21.08836146,,37.68,-0.011,0.5002,-0.002,229.82871174,258.57,0,-8,295.9265,297.4626,,,,1.911054,2.155699,-1.837027,-1.754618,0,11.44688,76,74.4,17.07275527,,17.07275527,,1.3,1.5,-30,1.3258,1.5565,1.3015,,12.45089984,0.547,274,269.3,287,285.1,26.9,21.6,24.8,23.5,9998,,4476.95,13.02
underway_1200.34118363,34118363,201011040,2011-04-11T10:40:00,20110411104000,MULTIPOINT ((-60.1885 120.8969)),120.8969,-60.1885,39.5,40.224,39.86938477,,15,1.82,-0.92,0.54,-1.86,1.585,0,1001.54,,,21.09381363,,37.81,,0.5248,,226.8523782,255.38,0,-8,275.9431,279.0307,,,,1.911042,2.463635,-1.837027,-1.754709,0,11.43339,73.4,71.4,17.06859465,,17.06859465,,1.3,1.5,-30,1.364,1.527,1.2348,,12.47075432,0.553,272,270.7,282,283,24.1,19.1,22.3,20.3,9998,,4483.42,13.12
underway_1200.34118483,34118483,201011040,2011-04-11T11:00:00,20110411110000,MULTIPOINT ((-60.1251 121.0049)),121.0049,-60.1251,40.4,38.703,38.83666992,,15.2,2.86,-0.09,0,-2.15,1.585,0,1001.64,,,21.1047194,,37.82,,0.5904,,225.71104158,253.92,0,-8,302.1421,303.7762,,,,1.911103,2.46366,-1.837027,-1.754627,0,11.43339,75.5,74.1,17.06961571,,17.06961571,,1.4,1.5,-30,1.3614,1.5262,1.3048,,12.48980916,0.541,283,276.8,292,285.8,27.9,24.8,27.5,27,9998,,4489.29,13.23
underway_1200.34118603,34118603,201011040,2011-04-11T11:20:00,20110411112000,MULTIPOINT ((-60.0623 121.1128)),121.1128,-60.0623,41.4,42.011,42.44018555,,14.6,3.29,-1.99,5.48,-5.14,1.585,0,1002.16,,,21.1265326,,38.03,,0.5166,,221.69396775,249.42,0,-8,301.5409,303.13,,,,1.911012,2.463628,-1.837027,-1.75465,0,11.43339,76.9,76,17.08206325,,17.08206325,,1.5,1.6,-30,1.4482,1.6178,1.3584,,12.50489045,0.524,286,278.1,298,288.5,25.2,23.4,24.5,25.5,9998,,4496.94,13.31
underway_1200.34118723,34118723,201011040,2011-04-11T11:40:00,20110411114000,MULTIPOINT ((-60.0001 121.22)),121.22,-60.0001,40,39.509,40.05065918,,14.5,1.7,-1.91,2.82,-1.42,1.606,0,1002.18,,,21.1352568,,37.97,,0.492,,222.0188884,249.73,0.193,-8,291.6489,293.7484,,,,1.592536,2.155644,0,-1.754618,0,11.4199,80.1,79.9,17.07971894,,17.07971894,,1.3,1.3,-30,1.2734,1.4529,1.3464,,12.52710942,0.494,286,278.4,296,287.7,26.5,24.4,26.2,26.7,62,,4505.58,13.38
underway_1200.34118843,34118843,201011040,2011-04-11T12:00:00,20110411120000,MULTIPOINT ((-59.9379 121.3276)),121.3276,-59.9379,40.8,39.613,38.9465332,,14.8,2.23,-0.1,1.83,-5.24,1.612,0,1002.29,,,21.13525577,,38.05,-0.012,0.41,0,220.35432339,247.76,0,-8,263.7393,264.2067,,,,1.911044,2.463625,-1.837027,-1.754618,-204.8489,11.4199,84.4,83.5,17.07290617,,17.07290617,,1,1.1,-30,0.9098,1.1185,1.2065,,12.54218244,0.499,285,276.8,295,286.2,29.1,26.4,28.8,28.7,9998,,4514.85,13.43
underway_1200.34118963,34118963,201011040,2011-04-11T12:20:00,20110411122000,MULTIPOINT ((-59.877 121.4363)),121.4363,-59.877,44.3,43.146,42.07214355,,15,2.96,-0.56,5.08,-4.26,1.612,0,1002.92,,,21.1352543,,38.17,-0.01,0.3936,0,218.18140836,245.37,0,-8,301.1732,302.926,,,,1.911,2.155701,-1.837027,-1.754641,-204.8517,11.4199,83.9,81.6,17.06323498,,17.06323498,,1.2,1.4,-30,1.1544,1.3449,1.2347,,12.56359624,0.512,280,266.2,287,273.6,31.1,25.7,31.4,27.9,9998,,0,13.47
underway_1200.34119083,34119083,201011040,2011-04-11T12:40:00,20110411124000,MULTIPOINT ((-59.8162 121.5476)),121.5476,-59.8162,42.7,42.091,41.45690918,,14.6,1.37,0,0,-2.43,1.612,0,1003.64,,,21.12543802,,38.26,,0.3198,,216.73768125,243.79,0,-8,248.8924,251.4162,,,,1.910999,2.46366,-1.837027,-1.754671,0,11.4199,84.3,82.2,17.05565235,,17.05565235,,1.3,1.5,-30,1.1846,1.3751,1.2178,,12.56121727,0.518,282,269.9,293,281.6,29.6,25.4,28.5,27.2,9998,,4527.31,13.48
underway_1200.34119203,34119203,201011040,2011-04-11T13:00:00,20110411130000,MULTIPOINT ((-59.7557 121.6578)),121.6578,-59.7557,42.1,39.494,39.21569824,,15,3.71,-0.44,1.92,-1.96,1.612,0,1003.26,,,21.12870956,,38.49,,0.287,0,213.19839291,239.85,0,-8,263.4303,264.5065,,,,1.910999,2.46366,-1.837027,-1.754677,-204.8559,11.4199,84.4,82.2,17.05460192,,17.05460192,,1.4,1.6,-30,1.2753,1.4129,1.1867,,12.56993978,0.519,284,278.1,294,288.3,26.6,23.5,25.7,25.4,9998,,4534.97,13.49
underway_1200.34119323,34119323,201011040,2011-04-11T13:20:00,20110411132000,MULTIPOINT ((-59.6943 121.7665)),121.7665,-59.6943,41,39.062,38.5345459,,14.3,2.88,-1.23,3.49,-1.3,1.612,0,1003.41,,,21.11889281,,38.54,,0.3526,,212.22036202,238.66,0,-8,262.2551,265.3222,,,,1.911033,1.23183,-1.837027,-1.754625,0,11.4199,83.3,81.2,17.04380269,,17.04380269,,1.6,1.7,-30,1.4549,1.5866,1.1808,,12.57469704,0.52,283,272.4,295,284.8,30.9,27.4,29.5,29,9998,,4532.14,13.52
underway_1200.34119443,34119443,201011040,2011-04-11T13:40:00,20110411134000,MULTIPOINT ((-59.6344 121.8764)),121.8764,-59.6344,43.4,42.701,42.03918457,,14.6,2.69,-1.07,4.34,-2.07,1.612,0,,,,21.12216462,,38.49,-0.014,0.328,-0.001,212.79407095,239.34,0,-8,283.6794,286.9837,,,,1.911,2.46366,-1.837027,-1.754728,0,11.4199,83.3,81.4,17.04454231,,17.04454231,,1.6,1.7,-30,1.509,1.6167,1.1559,,12.57945398,0.521,286,271.6,295,281.2,31.5,27.9,30.8,29.6,9998,,4531.2,13.54
underway_1200.34119563,34119563,201011040,2011-04-11T14:00:00,20110411140000,MULTIPOINT ((-59.5749 121.9875)),121.9875,-59.5749,44,40.741,40.97351074,,14.8,2.26,-1.04,4.1,-5.33,1.612,0,1004.45,,,21.12325485,,38.59,,0.2624,,211.06720579,237.25,0,-8,297.0284,298.0315,,,,1.911018,1.53977,-1.837027,-1.75469,204.8574,11.39292,84.1,82.2,17.04228749,,17.04228749,,1.6,1.7,-30,1.5608,1.6779,1.2327,,12.58658875,0.52,291,282.7,301,291.8,26.7,24.9,26.6,27.4,9998,,4545.79,13.57
underway_1200.34119683,34119683,201011040,2011-04-11T14:20:00,20110411142000,MULTIPOINT ((-59.515 122.0998)),122.0998,-59.515,45,38.74,37.99621582,,14.7,2.04,0,4.48,-4.17,1.612,0,1004.37,,,21.12652541,,38.59,-0.016,0.287,-0.001,210.66334182,236.93,0,-8,259.2169,262.0089,,,,1.911003,1.847745,0,-1.754625,0,11.39292,84.5,82.6,17.03481497,,17.03481497,,1.7,1.8,-30,1.6666,1.7973,1.2064,,12.60957348,0.521,284,280.6,295,292.5,25.6,21.9,24.5,23.9,9998,,4547.01,13.62
underway_1200.34119803,34119803,201011040,2011-04-11T14:40:00,20110411144000,MULTIPOINT ((-59.4549 122.2155)),122.2155,-59.4549,43.5,39.527,39.28710938,,15.3,2.04,-1.61,0.09,-2.1,1.612,0,1004.79,,,21.14397607,,38.54,-0.017,0.246,-0.001,210.97026393,237.21,0,-8,313.5125,314.6007,,,,1.911013,2.155661,-1.837027,-1.754638,0,11.39292,85.6,83.4,17.04482916,,17.04482916,,1.7,1.8,-30,1.6362,1.7688,1.3134,,12.62145909,0.521,286,281.4,295,288.6,27.1,24.3,27.3,26.7,9998,,4550.37,13.67
underway_1200.34119923,34119923,201011040,2011-04-11T15:00:00,20110411150000,MULTIPOINT ((-59.3951 122.3307)),122.3307,-59.3951,44.6,40.432,39.79797363,,15.2,2.71,0,2.11,-0.43,1.612,0,1004.6,,,21.1505187,,38.55,-0.014,0.2952,,210.33422661,236.51,0,-8,313.2122,314.2302,,,,1.910999,1.231812,0,-1.754668,0,11.36594,86.1,84,17.03953018,,17.03953018,,1.8,1.9,-30,1.7868,1.9186,1.3996,,12.6460161,0.522,295,288,305,296,27.4,26.5,27.5,29,9998,,4547.41,13.73
underway_1200.34120043,34120043,201011040,2011-04-11T15:20:00,20110411152000,MULTIPOINT ((-59.335 122.4465)),122.4465,-59.335,45.6,41.73,40.0177002,,15,1.12,-0.49,2.39,0,1.612,0,1005.03,,,21.16687786,,38.49,,0.3116,,210.79860077,237.02,0,-8,314.6349,315.6273,,,,1.911041,2.155654,0,-1.754692,0,11.36594,85.2,83.2,17.04287259,,17.04287259,,1.8,1.9,-30,1.8748,1.9868,1.4387,,12.67056425,0.523,291,277.9,302,288.8,32.7,29.7,32.8,32.8,9998,,4463.62,13.78
underway_1200.34120163,34120163,201011040,2011-04-11T15:40:00,20110411154000,MULTIPOINT ((-59.2765 122.557)),122.557,-59.2765,45,38.31,38.0456543,,12.9,3.96,-0.15,0.79,-0.55,1.612,0,1005.21,,,21.1777835,,38.69,-0.01,0.1886,-0.001,207.55012579,233.37,0,-8,316.0698,316.1234,,,,1.911022,1.847697,0,-1.754622,-204.8494,11.35245,85,83.1,17.04177566,,17.04177566,,1.9,2,-30,1.9654,2.0919,1.6279,,12.69431209,0.526,295,280.6,306,289.9,32.2,30.4,32.8,33.3,9998,,4567.3,13.82
underway_1200.34120283,34120283,201011040,2011-04-11T16:00:00,20110411160000,MULTIPOINT ((-59.2241 122.6589)),122.6589,-59.2241,45.7,40.141,38.92456055,,13.1,2,0,2.07,-1.95,1.612,0,1005.92,,,21.18323595,,38.67,-0.015,0.2542,,207.76285606,233.51,0,-8,313.2252,314.2862,,,,1.911003,1.84771,0,0,204.8545,11.35245,85,83,17.03873713,,17.03873713,,1.9,2,-30,2.0035,2.1586,1.6823,,12.71172191,0.535,296,280.4,306,289.7,33.1,31.2,34.1,34.5,9998,,4581.57,13.83
underway_1200.34120403,34120403,201011040,2011-04-11T16:20:00,20110411162000,MULTIPOINT ((-59.1718 122.7609)),122.7609,-59.1718,44.3,41.499,40.49560547,,13.2,3,-0.51,5.19,-1.86,1.612,0,1005.81,,,21.18868868,,38.63,-0.017,0.1312,-0.001,208.26389696,234.18,0,-8,312.3115,312.1502,,,,1.91106,1.539694,0,0,0,11.33896,85.2,83.3,17.03748021,,17.03748021,,2,2.1,-30,2.0235,2.162,1.6868,,12.72517191,0.535,291,277.7,303,288.5,29.5,27.3,29.3,29.7,9998,,4577.81,13.84
underway_1200.34120523,34120523,201011040,2011-04-11T16:40:00,20110411164000,MULTIPOINT ((-59.1202 122.8627)),122.8627,-59.1202,46.2,40.54,39.77600098,,13.2,1.75,0,3.94,-2.66,1.612,0,,,,21.197414,,38.95,,0.123,,203.58168677,228.94,0,-8,256.7292,259.2809,,,,1.911033,1.847644,-1.837027,-1.754624,204.8497,11.33896,85.1,83.2,17.04158698,,17.04158698,,2,2.2,-30,1.9948,2.1316,1.7043,,12.73308242,0.55,296,283.1,305,290.9,29,27.3,29.6,29.9,9998,,4584.96,13.85
underway_1200.34120643,34120643,201011040,2011-04-11T17:00:00,20110411170000,MULTIPOINT ((-59.0681 122.9657)),122.9657,-59.0681,44.9,38.636,37.38647461,,13.7,3.88,-0.7,3.29,-1.72,1.612,0,1005.79,,,21.18977767,,39.05,,0.0902,-0.003,202.03053699,227.07,0,-8,259.7564,261.1613,,,,1.911018,2.155524,-1.837027,-1.754621,0,11.32884,85.6,83.6,17.02706473,,17.02706473,,2.2,2.2,-30,1.9954,2.074,1.7094,,12.75048233,0.533,293,282.3,303,291.7,29.8,27.8,29.9,30.3,9998,,4591.07,13.87
underway_1200.34120763,34120763,201011040,2011-04-11T17:20:00,20110411172000,MULTIPOINT ((-59.015 123.0709)),123.0709,-59.015,44.6,41.903,40.78674316,,13.6,2.17,-2.08,1.99,-2.82,1.621,0,1006.56,,,21.19304861,,39.01,-0.019,0.1804,0,202.36286068,227.49,0,-8,298.2105,301.1447,,,,1.91106,2.463389,0,-1.754618,0,11.32547,85.5,83.5,17.02177093,,17.02177093,,2.3,2.4,-30,2.2396,2.3376,1.8372,,12.76866839,0.495,290,274.6,301,284.8,32.3,29.4,32,31.6,9998,,4593.23,13.9
underway_1200.34120883,34120883,201011040,2011-04-11T17:40:00,20110411174000,MULTIPOINT ((-58.9629 123.175)),123.175,-58.9629,44.4,38.798,38.05114746,,13.6,2.52,-0.27,3.17,-1.96,1.621,0,1005.89,,,21.20831824,,39.01,,0.0656,,202.35002339,227.39,0,-8,308.8584,308.2981,,,,1.91104,1.847582,0,-1.754618,204.8489,11.31535,85.6,83.6,17.03090789,,17.03090789,,2.4,2.5,-30,2.3594,2.4847,2.2092,,12.77815484,0.518,294,279.7,304,289,33.5,31,34.1,34,9998,,4595.88,13.9
underway_1200.34121003,34121003,201011040,2011-04-11T18:00:00,20110411180000,MULTIPOINT ((-58.9115 123.2785)),123.2785,-58.9115,47.2,40.051,39.91882324,,13.3,2.97,0,5.62,-1.96,1.621,0,1006.49,,,21.20722702,,39.15,,0.1722,,200.31495887,225.13,0,-8,290.6793,292.0576,,,,1.911029,1.847554,-1.837027,-1.754618,0,11.29174,86.2,84.3,17.02675748,,17.02675748,,2.4,2.5,-30,2.3524,2.4636,2.4068,,12.78526881,0.519,297,283.3,307,292.4,30.1,28.3,30.6,31.1,9998,,4601.09,13.91
underway_1200.34121123,34121123,201011040,2011-04-11T18:20:00,20110411182000,MULTIPOINT ((-58.8591 123.3821)),123.3821,-58.8591,45.5,38.801,38.90808105,,13.7,3,0,1.79,-1.11,1.621,0,1007.12,,,21.21158904,,39.18,-0.012,0.082,-0.002,199.82194924,224.66,0,-8,291.2441,293.7069,,,,1.911017,2.463345,-1.837027,-1.754618,0,11.28499,86.4,84.4,17.02455355,,17.02455355,,2.5,2.6,-30,2.4716,2.5844,2.2346,,12.79870428,0.518,288,275.8,301,288.4,30.5,27.1,29.5,29.2,9998,,4606.29,13.92
underway_1200.34121243,34121243,201011040,2011-04-11T18:40:00,20110411184000,MULTIPOINT ((-58.8065 123.4852)),123.4852,-58.8065,45,38.959,38.3807373,,13.2,2.45,0,1.26,-2.01,1.621,0,1007.61,,,21.21595117,,39.21,-0.012,0.0328,0,199.40755779,224.15,0,-8,278.1395,279.6039,,,,1.911012,2.155478,-1.837027,-1.754618,-204.8489,11.27488,86.7,84.7,17.02306045,,17.02306045,,2.5,2.6,-30,2.4718,2.5603,2.43,,12.8105569,0.511,291,278.2,302,288.5,30.5,27.8,30.6,30.4,9998,,4615.63,13.92
underway_1200.34121363,34121363,201011040,2011-04-11T19:00:00,20110411190000,MULTIPOINT ((-58.7543 123.5874)),123.5874,-58.7543,44.6,38.789,38.8861084,,13.2,2.43,-0.2,0.64,-1.62,1.621,0,1007.61,,,21.21267825,,39.16,-0.008,0.0902,0,200.03401047,224.8,0,-8,262.7331,264.2375,,,,1.911028,2.15539,-1.837027,-1.754618,204.8489,11.2715,87.4,85.1,17.01558713,,17.01558713,,2.5,2.6,-30,2.4118,2.4966,2.7482,,12.82082751,0.517,295,282.8,305,291.3,28.8,27.5,29.7,30.5,9998,,4620.96,13.93
underway_1200.34121483,34121483,201011040,2011-04-11T19:20:00,20110411192000,MULTIPOINT ((-58.7013 123.6871)),123.6871,-58.7013,41.9,38.31,37.59521484,,13.1,1.37,0,2.15,-1.16,1.621,0,1008.02,,,21.21158648,,39.2,-0.017,0.123,,199.25405233,223.99,0,-8,265.8891,267.6128,,,,1.911075,2.463263,-1.837027,-1.754618,0,11.25801,87.4,85.2,17.0079057,,17.0079057,,2.6,2.7,-30,2.4396,2.5276,2.7625,,12.83583562,0.518,297,283.7,307,291.9,32.5,31.9,33.5,35,9998,,4634.11,13.96
underway_1200.34121603,34121603,201011040,2011-04-11T19:40:00,20110411194000,MULTIPOINT ((-58.6486 123.7856)),123.7856,-58.6486,44.4,39.408,39.08935547,,13.1,2.22,0,2.2,-1.14,1.624,0,1008.54,,,21.22140231,,39.29,-0.014,0.1066,-0.002,197.85126002,222.39,0,-8,272.1873,274.2838,,,,1.911056,2.46324,-1.837027,-1.754618,0,11.24452,87.2,85,17.01119542,,17.01119542,,2.6,2.6,-30,2.4922,2.5729,2.7807,,12.84768178,0.507,298,282.4,307,289.8,33,32,34.2,35.1,9998,,4628.38,13.98
underway_1200.34121723,34121723,201011040,2011-04-11T20:00:00,20110411200000,MULTIPOINT ((-58.5947 123.8859)),123.8859,-58.5947,43.4,39.027,39.56176758,,13.4,3.25,-0.35,3.73,-2.92,1.624,0,1008.62,,,21.22903663,,39.4,,0.1394,,196.26655628,220.56,0,-8,266.0367,267.7622,,,,1.911039,2.463208,-1.837027,-1.754618,0,11.23103,87.9,85.5,17.01222052,,17.01222052,,2.6,2.7,-30,2.4707,2.5591,2.7755,,12.86031542,0.517,300,285,310,292.9,30.5,30.4,31.4,33.4,9998,,4644.07,13.99
underway_1200.34121843,34121843,201011040,2011-04-11T20:20:00,20110411202000,MULTIPOINT ((-58.541 123.9867)),123.9867,-58.541,43.6,38.199,38.31481934,,13.6,2.05,0,1.71,-0.76,1.627,0,1008.91,,,21.23776127,,39.25,-0.012,0.0164,-0.002,198.16842937,222.73,0,-8,279.3562,280.8808,,,,1.911024,2.155337,-1.837027,-1.754618,0,11.23103,87.6,85.5,17.01137207,,17.01137207,,2.6,2.7,-30,2.5158,2.6026,2.7708,,12.87926149,0.52,297,285.1,307,293.8,28.9,28.2,29.3,30.9,9998,,4707.07,14.01
underway_1200.34121963,34121963,201011040,2011-04-11T20:40:00,20110411204000,MULTIPOINT ((-58.4874 124.0877)),124.0877,-58.4874,45.3,39.885,38.36975098,,13.6,3.77,-0.63,3.05,0,1.627,0,1009.02,,,21.23776034,,39.19,-0.017,0.123,0,198.84920541,223.44,0,-8,264.4446,266.0409,,,,1.911026,1.847364,-1.837027,-1.754636,0,11.21754,87.9,85.7,17.00536597,,17.00536597,,2.6,2.8,-30,2.5601,2.65,2.7556,,12.89267844,0.522,293,282.4,305,293.6,30.2,28.3,29.7,30.7,9998,,4655.06,14.03
underway_1200.34122083,34122083,201011040,2011-04-11T21:00:00,20110411210000,MULTIPOINT ((-58.4336 124.1877)),124.1877,-58.4336,44.1,40.075,39.42443848,,13.6,2.1,-0.65,3.07,-0.32,1.627,0,1009.85,,,21.25630223,,39.32,-0.012,0.0246,0,196.96784681,221.43,0,-8,261.4361,266.0392,,,,1.911124,1.847376,-1.837027,-1.754618,0,11.21754,88.3,85.9,17.0162846,,17.0162846,,2.7,2.8,-30,2.5634,2.6495,2.7434,,12.90451473,0.523,294,279.8,305,289.3,32.4,30.8,33.1,33.9,9998,,4651.62,14.04
underway_1200.34122203,34122203,201011040,2011-04-11T21:20:00,20110411212000,MULTIPOINT ((-58.3782 124.2909)),124.2909,-58.3782,45.8,40.991,40.03967285,,15.1,2.55,-0.39,1.6,-1.59,1.627,0,1010.11,,,21.25848269,,39.36,,-0.0082,,196.19666807,220.53,0,-8,264.6174,268.2861,,,,1.911041,1.84743,-1.837027,-1.754618,0,11.21079,88.3,85.9,17.01148239,,17.01148239,,2.7,2.8,-30,2.5965,2.6695,2.8568,,12.91950441,0.507,298,285.5,306,292.3,33.1,32,34.1,35,9998,,4657.2,14.07
underway_1200.34122323,34122323,201011040,2011-04-11T21:40:00,20110411214000,MULTIPOINT ((-58.3176 124.4018)),124.4018,-58.3176,43.1,40.609,39.94628906,,14.6,1.19,0,2.11,-0.61,1.627,0,1010.01,,,21.26502551,,39.36,-0.016,0.0082,0,195.89622184,220.2,0,-8,292.503,296.8686,,,,1.911046,2.155295,-1.837027,-1.754618,0,11.17707,88,86.2,17.00626422,,17.00626422,,2.8,2.9,-30,2.7367,2.7969,3.1262,,12.94395418,0.521,305,292.2,312,296.9,30.4,31.7,31.7,34.5,9998,,4612.61,14.11
underway_1200.34122443,34122443,201011040,2011-04-11T22:00:00,20110411220000,MULTIPOINT ((-58.2582 124.5093)),124.5093,-58.2582,43.6,41.654,41.6217041,,14.7,2.16,-0.09,1.55,-1.1,1.635,0,1010.46,,,21.27702162,,39.32,-0.018,0.082,-0.002,195.98500092,220.23,0,-8,277.4951,281.9505,,,,1.911003,2.463157,0,-1.754618,204.8489,11.16358,88.2,86.2,17.00264522,,17.00264522,,2.8,2.9,-30,2.7607,2.8276,3.0986,,12.97548932,0.359,304,291.5,313,297.5,28.3,29.6,29.1,32.3,9998,,4662.45,14.17
underway_1200.34122563,34122563,201011040,2011-04-11T22:20:00,20110411222000,MULTIPOINT ((-58.199 124.6142)),124.6142,-58.199,42.2,39.649,39.80895996,,14.6,1.81,0,2.13,-1.96,1.638,100,1010.51,,,21.30756022,,39.27,-0.013,0.1722,-0.001,196.19307834,220.43,0,-8,269.3101,273.9675,,,,5.733231,6.15778,3.674053,5.263852,0,11.05565,88.7,86.6,17.01204155,,17.01204155,,2.8,2.9,-30,2.7354,2.7329,3.0547,,13.0141,0.414,301,292,310,298.8,26.7,27.8,27.3,30.5,9998,,4668.63,14.23
underway_1200.34122683,34122683,201011040,2011-04-11T22:40:00,20110411224000,MULTIPOINT ((-58.1391 124.7203)),124.7203,-58.1391,43.6,41.108,40.86364746,,14.3,2.43,0,5.23,-2.67,1.638,230,1010.87,,,21.31737421,,39.3,-0.008,0.0328,-0.002,195.33870816,219.42,0,-8,263.3795,268.5556,,,,20.06564,20.93626,9.185133,10.5277,-204.8489,11.04216,88.3,86,17.00196134,,17.00196134,,2.8,2.9,-30,2.7603,2.7262,3.0836,,13.05583798,0.43,300,286,309,293.1,31.2,31,32.3,34.1,9998,,4672.43,14.29
underway_1200.34122803,34122803,201011040,2011-04-11T23:00:00,20110411230000,MULTIPOINT ((-58.0793 124.8259)),124.8259,-58.0793,44.2,38.058,38.41369629,,15,2.55,-0.73,0.8,-0.34,1.638,780,1010.9,,,21.34464051,,39.24,-0.016,-0.0164,-0.001,195.61281253,219.76,0,-8,261.8133,268.047,,,,46.50207,50.18493,23.88134,28.07388,0,11.03879,87.9,85.9,17.00674686,,17.00674686,,2.9,3,-30,2.8548,2.8454,3.1561,,13.09833721,0.455,304,292.6,311,297.5,30.3,31.5,31.5,34.3,9998,,4677.14,14.36
underway_1200.34122923,34122923,201011040,2011-04-11T23:20:00,20110411232000,MULTIPOINT ((-58.0199 124.9328)),124.9328,-58.0199,42.9,39.274,38.90258789,,14.6,4.83,0,2.88,-3.36,1.638,1200,1011.06,,,21.36863422,,39.14,-0.02,-0.041,-0.002,196.51888651,220.65,0,-8,260.8481,270.243,,,,85.9973,79.43511,56.94783,59.657,-204.8489,11.01518,86.6,85,17.00587933,,17.00587933,,3,3.1,-30,3.0754,3.0804,3.1723,,13.14710001,0.476,299,290.2,309,297.6,29.6,29.8,30.3,32.7,9998,,4680.17,14.42
underway_1200.34123043,34123043,201011040,2011-04-11T23:40:00,20110411234000,MULTIPOINT ((-57.9606 125.0387)),125.0387,-57.9606,42.1,40.947,40.19348145,,14.3,3.19,-0.71,0.79,-2.92,1.638,1500,1012.03,,,21.40571764,,39.21,-0.011,-0.0656,,195.01487712,219.1,0,-8,263.6334,271.1592,,,,149.7,124.0782,93.68835,112.2955,204.8489,11.00169,86.2,84.7,17.01708945,,17.01708945,,3,3.1,-30,3.2364,3.2722,3.2082,,13.19425666,0.512,309,296.9,316,301.9,29.4,31.9,30.5,34.5,9998,,4681.3,14.49
underway_1200.34123163,34123163,201011040,2011-04-12T00:00:00,20110412000000,MULTIPOINT ((-57.9011 125.1445)),125.1445,-57.9011,43.1,39.01,38.50708008,,14.5,2.39,-1.59,0,-5.96,1.638,1240,1012.63,,,21.42534825,,39.2,-0.012,-0.0164,-0.002,194.77896063,218.76,0,-8,265.7951,272.9631,,,,190.4666,254.2973,110.2216,157.9156,0,10.9882,85.8,84.4,17.01069445,,17.01069445,,3,3.1,-30,3.2668,3.4242,3.1974,,13.24687647,0.52,308,293.4,315,298.9,30.3,32.2,31.5,35.1,9998,,4685.29,14.54
underway_1200.34123283,34123283,201011040,2011-04-12T00:20:00,20110412002000,MULTIPOINT ((-57.841 125.2498)),125.2498,-57.841,41.7,40.573,40.41870117,,15,1.7,0,0.95,-3.54,1.638,1020,1012.85,,,21.45479677,,39.18,-0.016,-0.0246,0,194.66241571,218.62,0,-8,266.4655,274.7432,,,,273.2748,298.6287,169.0064,189.4987,0,10.98145,85.2,83.5,17.01666871,,17.01666871,,3,3.1,-30,3.4068,3.571,3.1985,,13.29082612,0.527,303,290.8,310,295.6,30.2,31.3,31.6,34.3,9998,,4687.23,14.59
underway_1200.34123403,34123403,201011040,2011-04-12T00:40:00,20110412004000,MULTIPOINT ((-57.7806 125.3536)),125.3536,-57.7806,40.8,40.527,39.92431641,,14.2,1.73,-1.43,2.83,-1.51,1.638,820,1012.64,,,21.48097187,,39.41,-0.012,-0.0492,0,190.90806101,214.39,0,-8,266.8189,274.4766,,,,347.4827,366.357,218.6062,238.628,0,10.97471,85,83.4,17.01213643,,17.01213643,,3.1,3.2,-30,3.4806,3.7396,3.1536,,13.35199463,0.535,305,293.9,315,301,28.9,30.5,29.5,33.2,9998,,4690.69,14.68
underway_1200.34123523,34123523,201011040,2011-04-12T01:00:00,20110412010000,MULTIPOINT ((-57.7196 125.4555)),125.4555,-57.7196,40.8,38.698,38.7487793,,14.8,2.15,-0.84,3,-2.72,1.643,750,1013.22,,,21.52569003,,39.28,-0.009,0.0492,-0.002,191.66310028,215.3,0,-8,265.1879,276.264,,,,376.4663,446.082,229.6283,270.2111,0,10.96122,84.1,82.5,17.01704431,,17.01704431,,3.1,3.3,-30,3.5609,3.8874,3.1261,,13.42798687,0.492,304,293,312,298.7,28.1,30.3,29,33,9998,,4689.74,14.81
underway_1200.34123643,34123643,201011040,2011-04-12T01:20:00,20110412012000,MULTIPOINT ((-57.6577 125.5571)),125.5571,-57.6577,40.4,41.143,40.76477051,,14.7,1.91,-0.74,3.84,-1.84,1.646,660,1013.67,,,21.56386362,,39.24,-0.013,-0.041,-0.001,191.45342525,214.96,0,-8,267.4837,277.002,,,,491.7635,478.4053,262.6948,312.3219,-204.8489,10.96122,84.3,82.6,17.01596331,,17.01596331,,3.2,3.3,-30,3.6192,4.0406,3.1117,,13.50467687,0.55,300,291.8,310,299.3,25.6,27.1,25.8,29.5,9998,,4691.7,14.91
underway_1200.34123763,34123763,201011040,2011-04-12T01:40:00,20110412014000,MULTIPOINT ((-57.5958 125.6565)),125.6565,-57.5958,40.1,39.379,39.53979492,,14.5,2.58,-0.79,2.91,-1.29,1.646,580,1013.92,,,21.61076443,,39.08,-0.018,0,-0.002,192.91485085,216.57,0,-8,265.7476,276.3474,,,,483.801,599.6986,279.2281,326.3588,204.8489,10.96122,84.5,82.6,17.02310857,,17.02310857,,3.2,3.4,-30,3.6775,4.1279,3.1442,,13.57971851,0.537,302,289.2,311,295.7,29.9,31.3,30.9,34.3,9998,,4695.12,15
underway_1200.34123883,34123883,201011040,2011-04-12T02:00:00,20110412020000,MULTIPOINT ((-57.5344 125.7558)),125.7558,-57.5344,41.6,41.029,40.48461914,,14.9,2.11,-0.53,0.87,-1.75,1.646,690,1013.96,,,21.64348487,,39.09,-0.013,-0.0328,0,192.18840244,215.71,0,-8,265.9344,275.9725,,,,510.2205,604.0084,284.7391,329.8681,0,10.96122,84.5,82.3,17.0194435,,17.0194435,,3.2,3.4,-30,3.7164,4.273,3.2403,,13.6515563,0.564,299,287.4,308,294.2,30.6,31.3,31.5,34.3,9998,,4696.43,15.08
underway_1200.34124003,34124003,201011040,2011-04-12T02:20:00,20110412022000,MULTIPOINT ((-57.4739 125.8548)),125.8548,-57.4739,42.7,38.976,38.60046387,,14.7,2.21,-1.18,2.54,-1.03,1.646,1830,1014.34,,,21.68056891,,39.05,-0.014,-0.041,-0.002,192.20424005,215.71,0,-8,266.1784,276.4631,,,,563.4095,665.5791,350.8721,373.7335,0,10.94773,84.4,82.2,17.01886138,,17.01886138,,3.2,3.4,-30,3.7671,4.3745,3.2039,,13.72487803,0.675,301,290.3,309,296.9,29.6,30.3,30.4,33.1,9998,,4696.71,15.15
underway_1200.34124123,34124123,201011040,2011-04-12T02:40:00,20110412024000,MULTIPOINT ((-57.4127 125.9564)),125.9564,-57.4127,41.3,38.603,38.62243652,,14.9,2.37,-1.57,1.04,-1.77,1.646,2280,1014.64,,,21.72201727,,39.03,-0.015,0.0246,-0.001,191.86951461,215.32,0,-8,265.3173,274.9418,,,,602.2538,716.0671,365.5683,396.5436,0,10.93423,83.7,81.5,17.02513066,,17.02513066,,3.2,3.4,-30,3.7977,4.5047,3.2912,,13.79111211,7.1,302,291.8,311,297.9,27.8,29.5,28.6,32.2,9998,,4695.76,15.23
underway_1200.34124243,34124243,201011040,2011-04-12T03:00:00,20110412030000,MULTIPOINT ((-57.3519 126.0564)),126.0564,-57.3519,42.1,41.351,40.47363281,,14.6,1.27,-0.33,1.71,-1.17,1.651,2650,1015.15,,,21.76237456,,39.09,-0.012,-0.0738,0,190.47632247,213.84,0,-8,266.7458,276.5782,,,,655.1211,724.687,394.9607,263.1926,-204.8489,10.93423,83.3,81.1,17.02668564,,17.02668564,,3.3,3.5,-30,3.885,4.6202,3.2993,,13.86584078,7.1,296,288.8,305,296.5,26,26,26.3,28.6,9998,,4696.32,15.31
underway_1200.34124363,34124363,201011040,2011-04-12T03:20:00,20110412032000,MULTIPOINT ((-57.2908 126.1557)),126.1557,-57.2908,41.2,40.085,39.82543945,,14.9,2.04,-1.32,1.68,-1.78,1.651,2910,1015.34,,,21.79836832,,39.05,-0.017,-0.0246,-0.001,190.35139437,213.72,0,-8,264.9929,272.4142,,,,660.8206,754.241,398.6348,417.599,204.8489,10.92074,83.1,80.7,17.02247442,,17.02247442,,3.3,3.5,-30,3.9397,4.6491,3.3029,,13.94515087,7.1,301,293.9,309,299.7,25,26.7,25.2,28.7,9998,,4696.32,15.4
underway_1200.34124483,34124483,201011040,2011-04-12T03:40:00,20110412034000,MULTIPOINT ((-57.229 126.253)),126.253,-57.229,38.8,38.195,38.38623047,,15,2.62,-0.7,3.07,-4.25,1.651,3360,1015.79,,,21.83763511,,39.14,-0.011,0,-0.002,188.5065685,211.52,0,-8,263.3009,274.4706,,,,659.8482,759.1666,391.2867,431.636,0,10.92074,82.4,80.6,17.02108696,,17.02108696,,3.4,3.5,-30,4.007,4.8508,3.2947,,14.02436939,7.1,304,297.3,312,303.1,23.8,26.5,24,28.6,9998,,4695.82,15.49
underway_1200.34124603,34124603,201011040,2011-04-12T04:00:00,20110412040000,MULTIPOINT ((-57.1667 126.3487)),126.3487,-57.1667,40.3,41.861,41.09985352,,14.6,1.41,0,2.35,-0.55,1.651,3730,1015.91,,,21.87908382,,39.15,-0.012,-0.0656,,187.7245854,210.66,0,-8,261.6136,273.1935,,,,667.7837,712.373,398.6348,429.8813,0,10.92074,81.7,79.7,17.01987694,,17.01987694,,3.4,3.6,-30,4.0752,5.0305,3.2556,,14.10737305,7.1,298,293,307,300.1,24.2,25.5,24.2,27.7,9998,,4704.9,15.58
underway_1200.34124723,34124723,201011040,2011-04-12T04:20:00,20110412042000,MULTIPOINT ((-57.1046 126.4427)),126.4427,-57.1046,39.8,40.31,39.14428711,,14.2,2.56,0,4.03,-0.36,1.651,4190,1016.05,,,21.93689617,,39.15,-0.016,-0.0492,-0.001,186.92092847,209.8,0,-8,261.8945,272.6425,,,,673.195,662.1928,387.6126,424.6174,0,10.914,81.3,79.4,17.02816233,,17.02816233,,3.5,3.6,-30,4.1334,5.1381,3.2681,,14.2003421,7.1,296,294,305,300.2,22.7,24,23,26.2,9998,,4707.07,15.69
underway_1200.34124843,34124843,201011040,2011-04-12T04:40:00,20110412044000,MULTIPOINT ((-57.0429 126.5357)),126.5357,-57.0429,38.6,40.327,39.63317871,,14.1,1.53,0,0.81,-1.16,1.651,4900,1016.33,,,21.98379975,,39.17,-0.009,-0.0246,-0.001,185.80365032,208.42,0,-8,260.6435,270.4554,,,,742.9347,664.9635,389.4408,424.6174,0,10.92074,80.6,78.3,17.02652652,,17.02652652,,3.4,3.6,-30,4.0827,5.1309,3.2652,,14.29473189,7.1,293,290.3,303,297,22.2,23.1,22.4,25.3,9998,,0,15.81
underway_1200.34124963,34124963,201011040,2011-04-12T05:00:00,20110412050000,MULTIPOINT ((-56.9809 126.629)),126.629,-56.9809,39.2,37.944,37.89733887,,14.7,2.26,-0.65,0.7,-0.06,1.651,5280,1016.53,,,22.04815896,,39.31,-0.014,-0.0902,-0.001,183.06888927,205.38,0,-8,260.3296,269.4144,,,,678.6086,652.0337,354.5363,368.4697,0,10.90725,80,78.1,17.03832049,,17.03832049,,3.4,3.5,-30,4.0175,5.1381,3.2531,,14.39208064,7.1,293,292.6,303,299.4,21.3,22.3,21.2,24.3,9998,,4705.69,15.94
underway_1200.34125083,34125083,201011040,2011-04-12T05:20:00,20110412052000,MULTIPOINT ((-56.9185 126.7233)),126.7233,-56.9185,39.9,39.989,39.82543945,,14.7,1.19,-1.06,2.23,-2.19,1.651,5500,1016.68,,,22.09178986,,39.39,-0.016,-0.0574,-0.002,181.09051722,203.12,0,-8,261.0244,266.7024,,,,672.2396,570.4524,354.5138,340.3958,0,10.90051,79.5,77.7,17.02790614,,17.02790614,,3.3,3.5,-30,3.9522,5.0233,3.2516,,14.50008465,7.1,294,291.6,304,298.1,22.6,23.7,22.8,25.9,9998,,0,16.08
underway_1200.34125203,34125203,201011040,2011-04-12T05:40:00,20110412054000,MULTIPOINT ((-56.8563 126.8167)),126.8167,-56.8563,39.3,39.643,38.68286133,,14.6,2.54,-0.5,3.33,-2.2,1.651,5070,1016.61,,,22.1594222,,39.58,-0.019,-0.041,-0.001,177.68277578,199.21,0,-8,259.6337,266.5623,,,,632.4338,548.5948,306.747,217.5726,0,10.78584,79.6,78.1,17.03339113,,17.03339113,,3.3,3.4,-30,3.8723,4.9946,3.2123,,14.61792423,7.1,295,297.3,303,303.2,20.5,21.8,20.4,23.6,9998,,4705.9,16.23
underway_1200.34125323,34125323,201011040,2011-04-12T06:00:00,20110412060000,MULTIPOINT ((-56.7944 126.9099)),126.9099,-56.7944,39.2,38.591,38.05114746,,14.3,2.17,0,1.09,-0.65,1.651,4790,1016.93,,,22.22378214,,39.74,-0.011,-0.0574,-0.002,174.58079773,195.83,0,-8,260.3977,265.7925,,,,557.9175,155.7738,288.3816,291.2665,0,10.77235,79.7,78,17.03347311,,17.03347311,,3.3,3.5,-30,3.8215,4.8364,3.1969,,14.74170818,7.1,300,308.7,307,311.6,15.3,19.3,15.6,20.7,9998,,4738.56,16.4
underway_1200.34125443,34125443,201011040,2011-04-12T06:20:00,20110412062000,MULTIPOINT ((-56.7326 127.0029)),127.0029,-56.7326,39.1,39.399,38.9630127,,14.6,1.87,-1.29,1.51,-1.68,1.651,4590,1017.34,,,22.29577978,,39.87,-0.016,-0.0984,-0.002,171.89041363,192.68,0,-8,260.3971,264.4618,,,,427.0362,144.6911,148.7868,266.7018,0,10.77235,80,78.2,17.03732033,,17.03732033,,3.2,3.4,-30,3.8215,4.5625,3.2058,,14.87140436,7.1,300,309.2,306,312.1,15.2,19.2,15.4,20.5,9998,,4697.82,16.57
underway_1200.34125563,34125563,201011040,2011-04-12T06:40:00,20110412064000,MULTIPOINT ((-56.6708 127.0957)),127.0957,-56.6708,39.9,39.442,38.89160156,,14.4,2.13,0,1.82,0,1.651,4480,1017.29,,,22.37432439,,39.9,-0.017,-0.0328,0,170.29071296,190.88,0,-8,258.3837,263.6454,,,,349.9722,131.4534,211.2327,224.591,0,10.75886,80.2,78.5,17.04366526,,17.04366526,,3.2,3.4,-30,3.8215,4.1715,3.2026,,15.00774447,7.1,309,312.9,315,315.3,16,21.5,16.3,22.8,9998,,4697.86,16.76
underway_1200.34125683,34125683,201011040,2011-04-12T07:00:00,20110412070000,MULTIPOINT ((-56.6105 127.1911)),127.1911,-56.6105,42.5,42.863,41.63269043,,14.4,1.83,0,2.27,-0.7,1.651,4190,1017.39,,,22.44850618,,40.09,-0.017,0.0738,-0.003,166.85206903,187.07,0,-8,255.0044,260.4412,,,,134.3842,167.4723,170.8367,200.0264,0,10.75886,80.2,78.7,17.04640727,,17.04640727,,3.3,3.4,-30,3.7487,3.9534,3.2453,,15.1438161,7.1,313,316.7,318,318.3,14.8,20.9,15.3,22.1,9998,,4691.71,16.95
underway_1200.34125803,34125803,201011040,2011-04-12T07:20:00,20110412072000,MULTIPOINT ((-56.5521 127.2885)),127.2885,-56.5521,43.8,42.703,42.17102051,,14.2,1.68,-0.07,0.49,-1.18,1.651,3290,1017.57,,,22.5161422,,40.16,-0.019,-0.0656,-0.001,164.86202283,184.74,0,-8,251.2506,255.3882,,,,201.5764,180.4021,130.4118,80.7124,-204.8489,10.75886,80.6,79.3,17.04048179,,17.04048179,,3.2,3.2,-30,3.5957,3.5738,3.3547,,15.28724208,7.1,315,318.6,320,319.7,13.5,20,14.1,21.2,9998,,4677.89,17.14
underway_1200.34125923,34125923,201011040,2011-04-12T07:40:00,20110412074000,MULTIPOINT ((-56.4935 127.3847)),127.3847,-56.4935,41.4,44.115,43.78051758,,14.2,0.76,-1.58,1.97,-2.01,1.651,1510,1017.95,,,22.60014561,,40.18,-0.014,0.0246,-0.002,163.51153359,183.2,0,-8,245.3003,256.7674,,,,131.8367,123.4492,93.68113,108.7863,0,10.75886,81,80.1,17.04717968,,17.04717968,,3.2,3.2,-30,3.4058,3.4127,3.3178,,15.43265309,7.1,316,319.6,320,320.4,12.1,19.1,12.7,20.2,9998,,4812.29,17.32
underway_1200.34126043,34126043,201011040,2011-04-12T08:00:00,20110412080000,MULTIPOINT ((-56.4339 127.4805)),127.4805,-56.4339,42.2,45.281,44.87915039,,14.4,1.36,-0.19,1.31,-0.44,1.651,900,1018.16,,,22.67433032,,40.15,-0.014,-0.0738,-0.001,162.80893965,182.4,0,-8,250.7854,257.3513,,,,88.84646,87.73823,56.94353,66.67546,0,10.77235,81.9,81.3,17.04452263,,17.04452263,,3.2,3.1,-30,3.2888,3.3099,3.3198,,15.58079522,0.785,326,329.1,326,327.1,9.4,18.9,10.4,19.7,9998,,5559.5,17.49
underway_1200.34126163,34126163,201011040,2011-04-12T08:20:00,20110412082000,MULTIPOINT ((-56.3743 127.5771)),127.5771,-56.3743,42.9,41.964,41.61621094,,14.4,0.39,-0.65,2.3,-2.09,1.651,430,1018.35,,,22.75179032,,40.21,-0.013,-0.0328,0,161.21858474,180.52,0,-8,251.3361,255.7482,,,,43.94556,42.48378,23.88033,21.05541,0,10.78921,83.6,83,17.04820991,,17.04820991,,3.2,3.1,-30,3.1935,3.1996,3.4176,,15.72029104,0.748,324,336.5,323,333.2,6.7,17,7.8,17.6,9998,,5561.09,17.64
underway_1200.34126283,34126283,201011040,2011-04-12T08:40:00,20110412084000,MULTIPOINT ((-56.3161 127.674)),127.674,-56.3161,43,44.964,44.52758789,,14,2.2,-1.12,2.85,-0.39,1.651,0,1018.52,,,22.82052264,,40.27,-0.013,0.0656,0,159.71199041,178.87,0,-8,274.792,281.4673,,,,13.37474,13.2377,3.673936,5.263852,-204.8489,10.79933,84.7,83.6,17.04609909,,17.04609909,,3.2,3.3,-30,3.0393,3.1775,3.5613,,15.85648365,0.744,323,320.8,328,322,14,21.5,14.7,22.8,9998,,5500.42,17.78
underway_1200.34126403,34126403,201011040,2011-04-12T09:00:00,20110412090000,MULTIPOINT ((-56.2574 127.7727)),127.7727,-56.2574,44,41.003,40.35827637,,14.6,2.32,0,2.74,-1.11,1.651,0,1018.1,,,22.88598263,,40.23,-0.01,0.0656,-0.002,159.44145116,178.56,0,-8,315.614,316.7217,,,,3.18446,3.078535,0,0,0,10.79933,83.5,82,17.04203885,,17.04203885,,3.5,3.6,-30,3.3546,3.5738,3.5421,,15.99090098,0.775,344,335,342,332.3,12,23.3,13.3,24.1,9998,,5559.9,17.9
underway_1200.34126523,34126523,201011040,2011-04-12T09:20:00,20110412092000,MULTIPOINT ((-56.1984 127.8714)),127.8714,-56.1984,42.9,41.695,41.58325195,,14.4,1.34,-0.29,1.22,0,1.651,0,1018.65,,,22.94707927,,39.9,-0.007,0.0328,-0.002,162.58961677,182,0,-8,322.7831,324.9544,,,,1.910676,2.462838,0,-1.754618,0,10.8027,83.9,83.1,17.03708314,,17.03708314,,3.6,3.6,-30,3.5884,3.7197,3.533,,16.11903498,0.799,320,330.9,322,329,8.4,17.5,9.4,18.3,9998,,5553.41,17.99
underway_1200.34126643,34126643,201011040,2011-04-12T09:40:00,20110412094000,MULTIPOINT ((-56.1392 127.9704)),127.9704,-56.1392,42.4,42.961,42.19848633,,14.2,1.65,-0.32,3.97,-0.37,1.651,0,1018.89,,,22.99944791,,39.7,-0.014,0,-0.001,164.38260062,183.95,0,-8,327.8652,329.0264,,,,1.910676,2.462828,0,0,0,10.82294,89,87.8,17.02961214,,17.02961214,,3.7,3.7,-30,3.8069,3.8951,3.4726,,16.23640957,0.709,336,342.8,331,338.7,6.5,17.8,7.7,18.2,9998,,4666.37,18.07
underway_1200.34126763,34126763,201011040,2011-04-12T10:00:00,20110412100000,MULTIPOINT ((-56.0805 128.069)),128.069,-56.0805,43.9,43.329,43.64318848,,14.2,2.1,0,2.66,-2.26,1.651,0,1018.64,,,23.04745293,,39.95,-0.016,0.082,-0.001,161.13837197,180.44,0,-8,328.5236,329.6813,,,,1.910676,2.462828,0,-1.754618,0,10.8398,91.3,89.6,17.02220042,,17.02220042,,3.7,3.6,-30,3.7342,3.8076,3.5053,,16.34533067,0.722,8,347.2,358,342,8,21.5,9.2,21.9,9998,,5553.99,18.14
underway_1200.34126883,34126883,201011040,2011-04-12T10:20:00,20110412102000,MULTIPOINT ((-56.0221 128.1669)),128.1669,-56.0221,42.7,41.604,42.09960938,,14.6,1.41,-1.32,1.77,-0.48,1.651,0,1018.77,,,23.10418806,,39.88,-0.014,-0.041,-0.002,161.44365104,180.66,0,-8,329.4268,330.7222,,,,1.910676,2.462828,0,0,0,10.85329,93.5,91,17.02063053,,17.02063053,,3.6,3.6,-30,3.7124,3.8004,3.5315,,16.45707945,0.778,43,359.7,15,351.8,5.3,19.5,5.6,19.3,9998,,5560.32,18.22
underway_1200.34127003,34127003,201011040,2011-04-12T10:40:00,20110412104000,MULTIPOINT ((-55.9636 128.2647)),128.2647,-55.9636,42.9,42.501,42.69836426,,14.4,1.43,0,1.48,-0.56,1.651,0,1018.82,,,23.15655905,,40.53,-0.009,-0.0656,-0.001,153.93950309,172.28,0,-8,332.243,331.5643,,,,1.9107,2.154974,0,0,0,10.86678,94.1,92,17.0162316,,17.0162316,,3.8,3.8,-30,3.8786,3.9753,3.6171,,16.56715309,0.761,53,3.7,32,356.7,7.5,21.8,7.3,21.6,9998,,4558.08,18.29
underway_1200.34127123,34127123,201011040,2011-04-12T11:00:00,20110412110000,MULTIPOINT ((-55.905 128.3638)),128.3638,-55.905,43.6,43.777,42.86865234,,14.1,1.58,-0.43,3.03,-1.27,1.665,0,1018.92,,,23.20238358,,40.4,,-0.0574,-0.002,154.93231618,173.32,0,-8,332.259,333.6111,,,,1.910797,2.154974,0,0,0,10.86678,96.9,94,17.00916237,,17.00916237,,3.8,3.7,-30,3.882,3.9534,3.8033,,16.67107691,0.403,61,7.8,48,3.2,8.1,22.1,7.6,21.8,9998,,4727.81,18.36
underway_1200.34127243,34127243,201011040,2011-04-12T11:20:00,20110412112000,MULTIPOINT ((-55.8471 128.4623)),128.4623,-55.8471,43.6,43.196,42.40722656,,14.2,0.87,-0.39,1.25,-0.63,1.705,0,1018.92,,,23.25039195,,40.58,-0.014,-0.0902,-0.002,152.79085663,170.96,0.132,-8,332.5202,332.8157,,,,1.910894,2.154974,0,-1.754618,0,10.86678,98.7,96.5,17.00861921,,17.00861921,,3.8,3.8,-30,3.9362,4.0116,3.7987,,16.76365561,0.408,61,8.5,49,3.4,9.5,23.4,8.8,23,62,,4734.58,18.4
underway_1200.34127363,34127363,201011040,2011-04-12T11:40:00,20110412114000,MULTIPOINT ((-55.7898 128.5606)),128.5606,-55.7898,44.4,42.03,42.10510254,,14.4,1.16,0,1.16,-0.92,1.749,0,1018.54,,,23.28530662,,40.36,-0.013,0.0164,-0.001,155.02149038,173.45,0.142,-8,332.6978,334.1372,,,,1.91088,2.462828,0,-1.754618,0,10.86678,99.1,97.9,17.0035975,,17.0035975,,3.9,3.8,-30,3.9731,4.0625,3.8083,,16.84195309,0.246,57,6.5,43,0.9,9.3,23.6,8.9,23.3,62,,4704,18.42
underway_1200.34127483,34127483,201011040,2011-04-12T12:00:00,20110412120000,MULTIPOINT ((-55.7325 128.6581)),128.6581,-55.7325,43.7,42.39,42.42919922,,14.5,2.48,-0.56,0,-1.62,1.781,0,1018.8,,,23.31040065,,40.17,-0.02,-0.0984,-0.002,157.08402168,175.7,0.141,-8,336.726,338.2874,,,,1.910959,2.154974,0,-1.754618,-204.8489,10.88027,99.2,98.5,16.99421656,,16.99421656,,4.5,4.4,-30,4.3896,4.4758,3.808,,16.91197368,0.98,17,353,357,345.5,6,19.9,7.2,19.9,62,,4612.61,18.42
underway_1200.34127603,34127603,201011040,2011-04-12T12:20:00,20110412122000,MULTIPOINT ((-55.6743 128.7568)),128.7568,-55.6743,43.8,42.238,42.20397949,,14.7,1.42,-0.46,0.26,-1.23,1.811,0,1018.91,,,23.33767785,,40,-0.012,-0.0902,-0.002,158.95224902,177.88,0.12,-8,336.5915,337.9562,,,,1.910979,2.462828,0,-1.754618,0,10.86678,99.5,98.7,16.98911403,,16.98911403,,4.7,4.6,-30,4.7775,4.8508,3.9171,,16.97597374,0.312,325,327.7,327,326.8,11.1,19.9,11.9,20.7,62,,4751.62,18.42
underway_1200.34127723,34127723,201011040,2011-04-12T12:40:00,20110412124001,MULTIPOINT ((-55.6164 128.8559)),128.8559,-55.6164,43.7,42.528,42.19848633,,14.4,2.46,-0.55,2.72,-1.25,1.833,0,1018.94,,,23.36059044,,39.89,-0.008,-0.0328,,160.17779578,179.12,0,-8,339.1927,338.3764,,,,1.91084,1.847121,0,-1.754618,204.8489,10.86678,99.4,99,16.98274516,,16.98274516,,4.8,4.8,-30,4.8977,4.9371,4.0054,,17.03471297,0.685,327,323.2,328,322.1,14.4,22.6,15.7,23.8,9998,,4690.18,18.42
underway_1200.34127843,34127843,201011040,2011-04-12T13:00:00,20110412130000,MULTIPOINT ((-55.5588 128.955)),128.955,-55.5588,44.9,40.905,41.41845703,,14.6,2.74,0,1.44,-1.23,1.857,0,1018.83,,,23.38350326,,39.88,-0.011,-0.1066,0,160.29528095,179.32,0.164,-8,340.1838,340.362,,,,1.910764,2.154974,0,-1.754618,0,10.85329,99.4,99.1,16.97702526,,16.97702526,,5,4.9,-30,5.1011,5.1237,4.0027,,17.09191774,0.564,327,318.6,330,318.8,16.8,24.5,17.9,25.9,62,,4470.53,18.42
underway_1200.34127963,34127963,201011040,2011-04-12T13:20:00,20110412132000,MULTIPOINT ((-55.5014 129.0536)),129.0536,-55.5014,44.6,42.326,42.28637695,,14.6,1.34,-0.93,2.68,-1.68,1.875,0,1018.98,,,23.40096053,,40.41,-0.014,-0.0738,-0.002,154.51958598,172.78,0.167,-8,338.8752,339.8809,,,,1.910711,2.462828,0,0,0,10.86678,99.4,99.2,16.97165047,,16.97165047,,5.2,5.1,-30,5.246,5.2456,4.0089,,17.1379448,3.75,320,314.1,324,315.2,17.1,23.5,18,24.9,62,,4463.62,18.42
underway_1200.34128083,34128083,201011040,2011-04-12T13:40:00,20110412134000,MULTIPOINT ((-55.4433 129.1524)),129.1524,-55.4433,43.3,43.873,43.65966797,,14.1,1.11,-0.09,3.04,-1.96,1.885,0,1019.36,,,23.41841788,,40.65,-0.014,-0.0246,-0.002,151.92848794,170,0,-8,338.8817,340.9919,,,,1.592231,1.847121,0,0,0,10.86678,99.4,99.2,16.96629355,,16.96629355,,5.2,5.1,-30,5.2474,5.2527,4.2562,,17.18394164,4.33,315,309.3,320,311.4,18.5,23.7,19.1,25,9998,,4565.76,18.43
underway_1200.34128203,34128203,201011040,2011-04-12T14:00:00,20110412140000,MULTIPOINT ((-55.3857 129.2496)),129.2496,-55.3857,43.5,43.05,42.86865234,,14.8,2.68,-0.26,1.94,-1.32,1.885,0,1019.39,,,23.4326017,,40.24,-0.016,-0.0328,-0.005,156.2439214,174.8,0,-8,339.0212,341.2018,,,,1.910676,2.462828,0,0,0,10.85329,99.4,99.2,16.96021553,,16.96021553,,5.2,5.1,-30,5.2759,5.2957,4.2373,,17.22546124,5.66,309,308.9,315,311.4,17.4,21.9,17.9,23.4,9998,,4604.93,18.44
underway_1200.34128323,34128323,201011040,2011-04-12T14:20:00,20110412142000,MULTIPOINT ((-55.3276 129.3466)),129.3466,-55.3276,43.5,41.892,41.98425293,,14.5,1.09,0,1.09,-0.9,1.885,0,1019.8,,,23.45115053,,40.51,-0.011,0.0246,0,153.30067335,171.51,0,-8,341.177,341.2719,,,,1.910676,1.539267,0,0,0,10.85329,99.4,99.2,16.95606584,,16.95606584,,5.2,5.1,-30,5.3045,5.31,4.0618,,17.27065998,3.48,320,314.4,325,316,17.8,24.3,18.5,25.7,9998,,4353.02,18.45
underway_1200.34128443,34128443,201011040,2011-04-12T14:40:00,20110412144000,MULTIPOINT ((-55.2691 129.4446)),129.4446,-55.2691,44.2,41.968,42.30285645,,14.7,2.95,0,1.91,-0.64,1.885,0,1019.92,,,23.47079115,,40.47,,0.0082,,153.61203854,171.78,0,-8,335.7213,337.5273,,,,1.910676,1.539267,0,-1.754618,0,10.85329,99.3,99.2,16.95495068,,16.95495068,,5.4,5.3,-30,5.4257,5.4244,4.0816,,17.31064768,7.1,317,311.7,321,313.1,18.2,23.9,19,25.4,9998,,4399.1,18.47
underway_1200.34128563,34128563,201011040,2011-04-12T15:00:00,20110412150000,MULTIPOINT ((-55.2109 129.5429)),129.5429,-55.2109,44.6,42.538,42.2479248,,14.5,1.36,0,2.17,-0.53,1.885,0,1020.08,,,23.48061014,,40.5,-0.011,-0.041,-0.001,153.18844749,171.29,0,-8,338.6726,339.741,,,,1.910676,2.462828,0,0,0,10.85329,99.2,99.2,16.94700762,,16.94700762,,5.1,5,-30,5.2046,5.217,3.9726,,17.34839293,7.1,321,316.2,324,316.6,17.8,24.5,18.9,25.9,9998,,4386.05,18.49
underway_1200.34128683,34128683,201011040,2011-04-12T15:20:00,20110412152000,MULTIPOINT ((-55.1527 129.6416)),129.6416,-55.1527,43.5,42.354,42.19299316,,14.4,1.67,-0.61,2.42,-2.78,1.885,0,1020.2,,,23.49915984,,40.65,-0.012,-0.0738,-0.004,151.55444782,169.43,0,-8,334.5703,335.332,,,,1.910676,2.462828,0,-1.754618,0,10.85329,99.1,99.1,16.94658769,,16.94658769,,5.1,5,-30,5.1903,5.1954,3.9775,,17.38463885,7.1,326,317.8,329,318.6,17.2,24.5,18,25.8,9998,,4320.77,18.5
underway_1200.34128803,34128803,201011040,2011-04-12T15:40:00,20110412154000,MULTIPOINT ((-55.0945 129.7404)),129.7404,-55.0945,44.5,41.851,41.61621094,,14.8,2.13,0,2.1,-1.7,1.885,0,1020.77,,,23.518801,,40.66,-0.011,-0.0738,-0.001,151.33687911,169.25,0,-8,331.546,333.3198,,,,1.910676,2.462828,0,-1.754618,0,10.85329,99,99,16.94734034,,16.94734034,,5.1,5,-30,5.1903,5.2241,4.0669,,17.42012691,7.1,321,315.7,326,318,17.6,24.1,18.1,25.5,9998,,4356.1,18.52
underway_1200.34128923,34128923,201011040,2011-04-12T16:00:00,20110412160000,MULTIPOINT ((-55.0368 129.8389)),129.8389,-55.0368,44,41.37,41.63269043,,14.6,1.96,0,2.11,-1.04,1.885,0,1020.62,,,23.52862043,,40.51,-0.014,-0.0656,-0.002,152.80501245,170.9,0,-8,330.5035,331.0279,,,,1.910676,1.231414,0,0,0,10.85329,98.9,98.9,16.94127579,,16.94127579,,5.1,5,-30,5.1832,5.1954,4.0236,,17.45338068,7.1,325,317.9,329,319.5,17.2,24.7,17.9,26,9998,,5889.79,18.54
underway_1200.34129043,34129043,201011040,2011-04-12T16:20:00,20110412162000,MULTIPOINT ((-54.9792 129.9379)),129.9379,-54.9792,44.5,42.798,42.36328125,,14.3,1.92,-0.23,1.74,0,1.885,0,1020.52,,,23.54389649,,40.61,-0.01,-0.1066,-0.001,151.69940895,169.68,0,-8,331.0964,332.9084,,,,1.910676,1.847121,0,-1.754618,0,10.85329,98.8,98.8,16.93921441,,16.93921441,,5.3,5.2,-30,5.3045,5.36,4.5536,,17.48735716,7.1,320,315.7,324,317.1,17.7,23.9,18.5,25.4,9998,,4359.17,18.55
underway_1200.34129163,34129163,201011040,2011-04-12T16:40:00,20110412164000,MULTIPOINT ((-54.9224 130.0364)),130.0364,-54.9224,45.4,44.312,44.07165527,,14.4,1.26,-0.6,3,-1.68,1.885,0,1020.61,,,23.55699016,,40.75,-0.015,-0.1066,,150.13284709,167.94,0,-8,329.3936,331.211,,,,1.910676,2.154974,0,-1.754618,0,10.84654,98.7,98.6,16.93666613,,16.93666613,,5.3,5.3,-30,5.3686,5.4529,4.7222,,17.5183648,7.1,318,309.4,324,312.8,20.9,25.9,21.6,27.6,9998,,4321.54,18.57
underway_1200.34129283,34129283,201011040,2011-04-12T17:00:00,20110412170000,MULTIPOINT ((-54.8658 130.1353)),130.1353,-54.8658,45.5,42.457,42.29187012,,14.3,0.9,0,2.04,-0.01,1.885,0,1021.02,,,23.57444911,,40.87,-0.011,-0.0902,-0.001,148.7862076,166.36,0,-8,328.9086,330.5546,,,,1.910676,1.847121,0,-1.754618,0,10.8398,98.6,98.3,16.93694581,,16.93694581,,5.4,5.4,-30,5.4754,5.5386,4.5626,,17.55083433,7.1,320,310.6,325,313.5,20.7,26.1,21.4,27.7,9998,,4323.48,18.59
underway_1200.34129403,34129403,201011040,2011-04-12T17:20:00,20110412172000,MULTIPOINT ((-54.8091 130.2358)),130.2358,-54.8091,45.5,6.956,41.70410156,,14.8,0,-38.3,15.87,0,1.885,0,1021.1,,,23.59190824,,40.7,-0.014,-0.0656,0,150.42707054,168.23,0,-8,329.188,329.8282,,,,1.910676,2.462828,0,-1.754618,0,10.8398,98.4,97.8,16.93783927,,16.93783927,,5.5,5.4,-30,5.5324,5.6099,4.9064,,17.58181397,7.1,317,313.9,322,316.4,17.5,23.2,18,24.6,9998,,0,18.61
underway_1200.34129523,34129523,201011040,2011-04-12T17:40:00,20110412174000,MULTIPOINT ((-54.7507 130.3368)),130.3368,-54.7507,44.5,43.74,43.14331055,,14.5,1.57,-0.33,1.97,0,1.885,0,1020.95,,,23.6050021,,40.95,,-0.082,,147.75145227,165.18,0,-8,327.3819,327.9211,,,,1.910676,1.847121,0,1.754618,0,10.8398,98,97.6,16.93561168,,16.93561168,,5.5,5.4,-30,5.575,5.6598,4.9289,,17.61204284,7.1,317,314.9,322,316.7,17.1,22.9,17.7,24.3,9998,,4340.74,18.63
underway_1200.34129643,34129643,201011040,2011-04-12T18:00:00,20110412180000,MULTIPOINT ((-54.6931 130.4374)),130.4374,-54.6931,44.9,41.909,41.64916992,,14.4,1.14,0,1.77,0,1.885,0,1021.18,,,23.61809582,,40.57,-0.013,-0.1148,-0.003,151.5634311,169.49,0,-8,328.9092,330.6245,,,,1.910676,2.462828,0,0,0,10.8398,98.1,97.2,16.93247571,,16.93247571,,5.4,5.4,-30,5.4754,5.5529,4.9409,,17.64446911,7.1,330,324.3,332,324.1,15.6,24.1,16.6,25.3,9998,,4270.08,18.65
underway_1200.34129763,34129763,201011040,2011-04-12T18:20:00,20110412182000,MULTIPOINT ((-54.6363 130.538)),130.538,-54.6363,46.2,43.155,42.86865234,,14.6,0.98,-0.18,3.62,-0.3,1.885,0,1021.02,,,23.63337264,,40.84,-0.01,-0.1312,-0.001,148.60207403,166.16,0,-8,328.8076,329.5213,,,,1.910676,1.539267,0,-1.754618,0,10.8398,98,97,16.93288593,,16.93288593,,5.6,5.6,-30,5.6603,5.7666,5.2457,,17.67246159,7.1,316,308.7,322,312,21.1,25.7,21.7,27.4,9998,,4166.4,18.68
underway_1200.34129883,34129883,201011040,2011-04-12T18:40:00,20110412184000,MULTIPOINT ((-54.5792 130.6383)),130.6383,-54.5792,44.7,40.97,40.77575684,,14.7,2.06,-0.14,3.1,-1.28,1.885,0,1021.39,,,23.64864893,,41.26,-0.013,-0.1066,-0.002,144.2151332,161.22,0,-8,324.3948,325.9164,,,,1.910676,2.462828,0,-1.754618,0,10.8398,97.8,96.5,16.93025623,,16.93025623,,5.7,5.7,-30,5.788,5.9088,5.4982,,17.70780459,7.1,325,316.6,329,317.7,18.4,25.3,19.4,26.9,9998,,5560.05,18.71
underway_1200.34130003,34130003,201011040,2011-04-12T19:00:00,20110412190000,MULTIPOINT ((-54.5216 130.7372)),130.7372,-54.5216,45.2,43.222,44.12109375,,14.7,0.99,0,2.96,-2.39,1.885,0,1021.34,,,23.66392534,,41.56,-0.026,-0.0902,-0.003,141.12608951,157.76,0,-8,315.5318,317.448,,,,1.910676,2.154974,0,-1.754618,0,10.8398,97.6,95.9,16.92793841,,16.92793841,,5.7,5.8,-30,5.8306,5.9372,5.6098,,17.74239407,7.1,324,312.7,328,314.2,18.8,25.6,19.7,27.1,9998,,3642.62,18.74
underway_1200.34130123,34130123,201011040,2011-04-12T19:20:00,20110412192000,MULTIPOINT ((-54.4628 130.834)),130.834,-54.4628,42.9,42.624,41.73706055,,14.5,1.07,-0.32,2.8,0,1.885,0,1021.45,,,23.67920191,,40.81,-0.012,-0.0902,0,148.36668195,165.91,0,-8,313.1677,316.0923,,,,1.910676,2.154974,0,-1.754618,0,10.8398,97.7,95.4,16.92623484,,16.92623484,,5.6,5.7,-30,5.7596,5.8804,5.6336,,17.77549572,7.1,327,320.4,330,320.8,17.1,25,18.1,26.3,9998,,3682.68,18.78
underway_1200.34130243,34130243,201011040,2011-04-12T19:40:00,20110412194000,MULTIPOINT ((-54.4028 130.9286)),130.9286,-54.4028,42.6,41.788,41.46789551,,14.7,1.98,0,2.66,-0.04,1.885,0,1021.75,,,23.69884373,,41.42,-0.015,-0.0492,,142.11907675,158.83,0,-8,328.7379,329.5213,,,,1.910676,2.154974,0,-1.754618,0,10.8398,97.7,95.3,16.92643467,,16.92643467,,5.5,5.6,-30,5.6461,5.7666,5.5998,,17.81225708,7.1,324,319.7,328,320.6,15.5,23.4,16.3,24.7,9998,,3677.95,18.81
underway_1200.34130363,34130363,201011040,2011-04-12T20:00:00,20110412200000,MULTIPOINT ((-54.3424 131.021)),131.021,-54.3424,41.7,41.826,41.70959473,,14.5,1.41,0,2.92,-0.32,1.885,0,1022.02,,,23.71848563,,41.39,-0.025,-0.123,-0.002,142.25374752,159,0,-8,328.9445,329.7234,,,,1.910676,2.154974,0,1.754618,0,10.8398,97.6,95,16.92663852,,16.92663852,,5.3,5.4,-30,5.4826,5.5885,5.4564,,17.84899925,7.1,334,325.4,334,324.2,14,23.7,15.2,24.8,9998,,3706.06,18.84
underway_1200.34130483,34130483,201011040,2011-04-12T20:20:00,20110412202000,MULTIPOINT ((-54.2825 131.1122)),131.1122,-54.2825,41.9,41.887,41.39648438,,14.3,1.93,-0.3,3.5,0,1.885,0,1022.16,,,23.73267072,,41.17,-0.016,0.0164,-0.002,144.26130506,161.23,0,-8,318.0272,319.7514,,,,1.910676,2.462828,0,-1.754618,0,10.8398,97.6,95.6,16.92258707,,16.92258707,,5.2,5.2,-30,5.3116,5.31,4.9837,,17.88572224,4.55,346,332,344,330.3,14.3,25.4,15.4,26.2,9998,,0,18.87
underway_1200.34130603,34130603,201011040,2011-04-12T20:40:00,20110412204000,MULTIPOINT ((-54.2232 131.204)),131.204,-54.2232,42.3,42.455,42.07214355,,14.5,1.88,0,2.87,-0.01,1.885,0,1022.43,,,23.75122161,,41.47,-0.009,0.0328,0,141.16663698,157.82,0,-8,327.7242,329.2606,,,,1.910676,2.154974,0,0,0,10.8398,97.6,95.8,16.92315949,,16.92315949,,5.1,5.1,-30,5.2332,5.2742,4.9734,,17.91949049,4.38,341,330,339,327.7,14.1,24.4,15.4,25.3,9998,,4063.49,18.9
underway_1200.34130723,34130723,201011040,2011-04-12T21:00:00,20110412210000,MULTIPOINT ((-54.1641 131.2952)),131.2952,-54.1641,42.4,41.878,42.07763672,,14.7,0.99,-0.15,1.57,-0.2,1.885,0,1022.44,,,23.76758969,,41.57,-0.01,-0.0984,-0.001,140.05012789,156.56,0,-8,318.7531,320.7838,,,,1.910676,2.462828,0,-1.754618,0,10.8398,97.9,95.8,16.92142997,,16.92142997,,4.9,4.9,-30,5.0473,5.0807,4.4735,,17.95470967,4.96,360,339.4,352,334.7,12.3,24.9,13.7,25.5,9998,,3988.61,18.93
underway_1200.34130843,34130843,201011040,2011-04-12T21:20:00,20110412212000,MULTIPOINT ((-54.1046 131.3893)),131.3893,-54.1046,43.8,43.1,43.21472168,,14.7,1.13,-0.2,1.52,-0.63,1.885,0,1022.7,,,23.78177526,,41.45,,-0.0574,-0.002,141.05164013,157.65,0,-8,303.0752,306.2355,,,,1.910676,2.462828,0,-1.754618,0,10.8398,97.7,95.9,16.91921294,,16.91921294,,4.9,5,-30,4.9328,4.9659,4.4871,,17.98697845,5.31,352,335.5,347,331.8,14.5,26.1,16,27,9998,,4058.88,18.96
underway_1200.34130963,34130963,201011040,2011-04-12T21:40:00,20110412214000,MULTIPOINT ((-54.0457 131.4846)),131.4846,-54.0457,43.3,42.948,42.36328125,,14.4,1.92,-0.04,2.41,0,1.885,0,1022.76,,,23.79596077,,41.42,-0.016,-0.0984,-0.002,141.24043189,157.85,0,-8,279.8527,283.7787,,,,2.547568,2.462828,0,1.754618,0,10.8398,97.4,95.5,16.91640019,,16.91640019,,4.9,4.9,-30,4.9257,4.9946,4.4538,,18.02069819,6.15,353,338,348,334.1,13,24.9,14.4,25.6,9998,,3706.36,18.98
underway_1200.34131083,34131083,201011040,2011-04-12T22:00:00,20110412220000,MULTIPOINT ((-53.987 131.5794)),131.5794,-53.987,44.5,42.567,42.44567871,,14.6,1.87,0,2.65,-0.59,1.885,0,1023.1,,,23.81451185,,41.77,-0.011,-0.041,-0.002,137.79665439,153.96,0,-8,327.4757,328.0359,,,,8.279597,8.92775,3.673895,1.754618,0,10.8398,97.7,96,16.91668924,,16.91668924,,5,5,-30,4.9758,5.0233,4.4612,,18.05513432,5.88,351,334.9,348,332.1,14.9,26.5,16.3,27.4,9998,,3617.28,19
underway_1200.34131203,34131203,201011040,2011-04-12T22:20:00,20110412222000,MULTIPOINT ((-53.9282 131.6752)),131.6752,-53.9282,44.3,43.992,43.56079102,,14.5,0.83,-0.45,2.58,0,1.885,100,1022.91,,,23.83088066,,41.47,-0.013,-0.0738,,140.54910758,157.11,0,-8,311.1071,314.8175,,,,35.34751,36.63456,18.36811,19.30079,0,10.8398,97.7,95.8,16.9176896,,16.9176896,,5.1,5.1,-30,5.1332,5.1811,4.5346,,18.08369621,6.79,354,339.2,350,335.9,12.2,24.3,13.4,24.9,9998,,4073.47,19.02
underway_1200.34131323,34131323,201011040,2011-04-12T22:40:00,20110412224000,MULTIPOINT ((-53.8695 131.7716)),131.7716,-53.8695,44.4,42.641,42.20947266,,14.7,1.48,0,2.03,-0.17,1.885,170,1023.34,,,23.8461579,,41.32,-0.014,-0.123,-0.004,141.89800224,158.57,0,-8,330.8176,332.5236,,,,51.58826,54.79791,23.88006,28.07388,0,10.82631,97.6,96.1,16.91664257,,16.91664257,,5.1,5.1,-30,5.2474,5.2814,4.5398,,18.11517412,3.98,353,340.3,350,338,10.8,23.1,11.7,23.6,9998,,3863.81,19.04
underway_1200.34131443,34131443,201011040,2011-04-12T23:00:00,20110412230000,MULTIPOINT ((-53.8101 131.8679)),131.8679,-53.8101,44.3,42.759,42.57751465,,14.7,1.82,-0.11,3.16,-2.02,1.885,230,1023.54,,,23.86143501,,41.34,-0.014,-0.082,-0.001,141.54905991,158.15,0,-8,333.217,335.0955,,,,88.84646,92.97174,42.249,45.62006,0,10.81956,97.9,96.3,16.91470034,,16.91470034,,5.2,5.2,-30,5.3259,5.3672,4.6517,,18.14883261,3.17,349,336.6,346,333.8,12.3,24,13.5,24.7,9998,,3955.14,19.07
underway_1200.34131563,34131563,201011040,2011-04-12T23:20:00,20110412232000,MULTIPOINT ((-53.7513 131.963)),131.963,-53.7513,43.7,42.843,42.02819824,,14.5,1.81,0,1,-1.1,1.885,280,1023.55,,,23.87889506,,41.48,-0.016,-0.123,-0.001,140.09442599,156.56,0,-8,334.9917,336.9758,,,,110.1823,113.9058,53.27367,56.14776,0,10.82631,97.6,96.1,16.91475689,,16.91475689,,5.3,5.3,-30,5.4826,5.5314,5.0104,,18.18174385,3.57,347,335,346,333,14.1,25.4,15.2,26.1,9998,,3740.16,19.09
underway_1200.34131683,34131683,201011040,2011-04-12T23:40:00,20110412234000,MULTIPOINT ((-53.693 132.0575)),132.0575,-53.693,44.7,42.206,41.71508789,,14.5,1.15,0,0.43,-1.38,1.885,280,1023.8,,,23.8930812,,41.32,,0,-0.002,141.53589714,158.22,0,-8,336.4531,337.4305,,,,114.0037,117.6,53.27298,56.14776,0,10.81282,97,95.5,16.91377623,,16.91377623,,5.3,5.4,-30,5.575,5.6242,5.0081,,18.21098541,4.62,350,337.5,347,335.1,11.9,23.4,13,24,9998,,3799.13,19.11
underway_1200.34131803,34131803,201011040,2011-04-13T00:00:00,20110413000000,MULTIPOINT ((-53.6349 132.1536)),132.1536,-53.6349,44.8,42.421,41.73706055,,14.7,2.46,0,0,-1.95,1.885,520,1023.98,,,23.90508454,,41.79,-0.016,-0.0984,-0.002,136.95731096,153.03,0,-8,336.9414,337.9549,,,,192.6599,199.1812,93.68329,98.25858,0,10.81956,97,95.6,16.91110901,,16.91110901,,5.3,5.4,-30,5.6745,5.731,5.0108,,18.24021485,6.25,358,342.2,353,339,11.3,24,12.4,24.5,9998,,3816.16,19.13
underway_1200.34131923,34131923,201011040,2011-04-13T00:20:00,20110413002000,MULTIPOINT ((-53.5776 132.2508)),132.2508,-53.5776,45.9,43.057,42.06665039,,14.6,2.22,-0.26,0,-1.19,1.885,1000,1023.5,,,23.91708814,,41.81,-0.013,-0.0984,-0.003,136.67126396,152.74,0,-8,322.4851,324.4633,,,,343.2849,352.4922,181.8556,193.0079,0,10.81956,96.8,95.1,16.90964302,,16.90964302,,5.5,5.5,-30,6.0146,6.0507,4.9999,,18.26651099,7.1,356,340.8,351,337,13.3,25.4,14.6,26,9998,,3784.7,19.15
underway_1200.34132043,34132043,201011040,2011-04-13T00:40:00,20110413004000,MULTIPOINT ((-53.5208 132.3498)),132.3498,-53.5208,47.3,43.23,42.91809082,,14.8,1.94,-0.69,1.17,-2.65,1.885,1220,1023.98,,,23.93236583,,41.23,-0.012,-0.1066,-0.001,142.05085524,158.68,0,-8,334.8297,336.3144,,,,431.176,449.1582,233.2767,245.6464,0,10.81282,94.7,93,16.9095196,,16.9095196,,5.7,5.7,-30,6.473,6.4893,5.0062,,18.29571745,7.1,348,335.9,346,333.6,13.8,24.9,15,25.7,9998,,3756.11,19.18
underway_1200.34132163,34132163,201011040,2011-04-13T01:00:00,20110413010000,MULTIPOINT ((-53.4649 132.4489)),132.4489,-53.4649,46.6,42.635,41.94580078,,14.7,1.2,0,0,-1.48,1.885,1260,1023.81,,,23.950917,,41.88,-0.01,-0.123,-0.001,135.62286423,151.55,0,-8,314.186,317.2672,,,,652.1775,680.9718,380.2215,396.5436,0,10.81282,93.6,92.4,16.90745671,,16.90745671,,5.8,5.8,-30,6.782,6.7711,5.1678,,18.33585661,7.1,353,341.2,348,336.9,11.4,23.4,12.8,24,9998,,3939.79,19.23
underway_1200.34132283,34132283,201011040,2011-04-13T01:20:00,20110413012000,MULTIPOINT ((-53.4082 132.5494)),132.5494,-53.4082,47.2,42.853,42.50610352,,14.7,1.23,0,0,-2.87,1.885,1470,1023.92,,,23.9760167,,41.06,-0.018,0,-0.002,143.14047518,159.88,0,-8,306.089,309.5605,,,,517.4748,559.9855,273.6725,293.0212,0,10.80607,94.7,94.2,16.90956578,,16.90956578,,5.9,5.8,-30,6.775,6.7359,5.2665,,18.37816046,7.1,345,332.6,343,330.1,14.9,25.3,16.5,26.4,9998,,3986.69,19.29
underway_1200.34132403,34132403,201011040,2011-04-13T01:40:00,20110413014000,MULTIPOINT ((-53.3523 132.648)),132.648,-53.3523,46.6,42.578,42.21496582,,14.7,1.86,0,0,-2.71,1.885,2060,1024.18,,,24.00002481,,41.22,-0.016,-0.0082,0,141.21344233,157.75,0,-8,311.2698,316.6803,,,,803.121,876.7666,420.6132,449.1821,0,10.81282,94.7,94.2,16.90934759,,16.90934759,,6.1,6,-30,7.0061,6.8695,5.7943,,18.42408252,7.1,345,337,341,333.4,11.5,22.5,12.9,23.2,9998,,3915.04,19.36
underway_1200.34132523,34132523,201011040,2011-04-13T02:00:00,20110413020000,MULTIPOINT ((-53.2958 132.7476)),132.7476,-53.2958,47,41.734,41.69311523,,14.5,1.18,0,0,-2.08,1.885,2610,1023.82,,,24.026216,,41.35,-0.014,-0.0738,-0.002,139.65099776,155.99,0,-8,268.9424,275.8332,,,,788.1495,872.4567,459.1805,477.256,0,10.79933,94.1,93.6,16.91111581,,16.91111581,,6.4,6.3,-30,7.4113,7.094,6.5113,,18.46924652,7.1,339,328.2,338,326.2,15.4,24.7,16.8,25.8,9998,,3662.89,19.42
underway_1200.34132643,34132643,201011040,2011-04-13T02:20:00,20110413022000,MULTIPOINT ((-53.2382 132.8444)),132.8444,-53.2382,44.4,42.355,41.98425293,,14.8,1.7,0,0.19,-2.23,1.885,1550,1024.07,,,24.04913285,,41.47,-0.017,-0.123,0,138.20506729,154.38,0,-8,331.6151,334.917,,,,522.8776,537.5122,277.345,284.248,0,10.79933,94.3,94.2,16.90977301,,16.90977301,,6.4,6.2,-30,7.4471,7.2901,6.4112,,18.51583718,7.1,351,337.5,346,333.7,12.4,24.4,13.8,25.1,9998,,3776.83,19.48
underway_1200.34132763,34132763,201011040,2011-04-13T02:40:00,20110413024000,MULTIPOINT ((-53.1791 132.9393)),132.9393,-53.1791,45.1,44.145,43.90686035,,14.8,1.62,-0.7,1.73,-3.7,1.893,1460,1023.93,,,24.07859836,,41.55,-0.013,-0.0328,-0.001,137.04685033,153.05,0.174,-8,338.3116,340.4227,,,,527.6647,546.132,288.3653,294.7757,0,10.80944,95.4,95.5,16.91229141,,16.91229141,,6.2,6,-30,6.9712,6.8835,6.2921,,18.56530612,3.56,342,335,339,331.5,12.7,23.5,14.2,24.3,62,,3793.95,19.56
underway_1200.34132883,34132883,201011040,2011-04-13T03:00:00,20110413030000,MULTIPOINT ((-53.1205 133.034)),133.034,-53.1205,44.2,42.45,42.2644043,,14.6,1.44,-0.08,0,-1.49,1.895,1320,1024.27,,,24.10260648,,41.81,-0.019,-0.1394,-0.003,134.34080552,150.09,0,-8,338.0329,341.2822,,,,444.869,465.7823,229.5902,238.628,0,10.81282,95.3,94.9,16.90943689,,16.90943689,,6.2,6.1,-30,6.9152,6.6232,6.1533,,18.61764731,2.06,338,331.4,337,329,12.7,22.8,14.1,23.8,9998,,3380.16,19.62
underway_1200.34133003,34133003,201011040,2011-04-13T03:20:00,20110413032000,MULTIPOINT ((-53.0623 133.1273)),133.1273,-53.0623,44.4,41.764,41.55578613,,14.5,1.72,-0.41,0,-1.6,1.895,1710,1023.96,,,24.12661512,,41.52,-0.01,-0.1476,-0.002,136.93167895,152.93,0,-8,341.8228,344.4475,,,,488.4961,501.8012,249.7942,256.1741,0,10.82631,95.5,95.1,16.90866443,,16.90866443,,6.2,6.1,-30,7.069,6.8273,6.1279,,18.66486653,5.77,346,334.7,343,332,12.2,23.3,13.5,24.2,9998,,3844.6,19.64
underway_1200.34133123,34133123,201011040,2011-04-13T03:40:00,20110413034000,MULTIPOINT ((-53.004 133.2209)),133.2209,-53.004,44.1,42.82,41.71508789,,14.4,0.75,-0.05,1.82,-1.19,1.899,1620,1024.18,,,24.14625843,,41.83,-0.016,0,-0.001,133.96428539,149.66,0.089,-8,342.8367,344.9366,,,,559.8186,578.1488,292.0388,301.7942,0,10.81282,95.7,95.5,16.90691279,,16.90691279,,6.3,6.1,-30,7.0702,6.9257,6.1512,,18.70624824,2.56,346,336.8,343,333.9,11.7,22.9,12.8,23.5,61,,3625.7,19.66
underway_1200.34133243,34133243,201011040,2011-04-13T04:00:00,20110413040000,MULTIPOINT ((-52.9457 133.3147)),133.3147,-52.9457,43.9,43.276,42.75878906,,14.6,1.53,0,0.84,-1.67,1.899,2020,1023.89,,,24.16262748,,41.74,-0.014,-0.1148,-0.002,134.74440447,150.45,0,-8,337.6189,340.3948,,,,540.4026,554.7519,282.8552,291.2665,0,10.81282,95.4,95,16.90325057,,16.90325057,,6.3,6.2,-30,7.2367,7.094,6.135,,18.74615503,7.1,340,332.5,340,331,13.1,23.7,14.2,24.6,9998,,3722.5,19.67
underway_1200.34133363,34133363,201011040,2011-04-13T04:20:00,20110413042000,MULTIPOINT ((-52.8874 133.4084)),133.4084,-52.8874,44.3,42.008,42.34130859,,14.8,1.7,0,0,-1.04,1.899,2470,1024.07,,,24.18008814,,42.62,-0.01,-0.0574,-0.002,126.91271338,141.69,0,-8,329.1044,331.06,,,,593.9017,608.0106,350.8139,371.9789,0,10.81282,95.4,95.2,16.90072926,,16.90072926,,6.4,6.3,-30,7.3482,7.1641,6.3065,,18.78531437,7.1,348,336.4,344,332.9,10.9,22.5,12.2,23.2,9998,,3707,19.67
underway_1200.34133483,34133483,201011040,2011-04-13T04:40:00,20110413044000,MULTIPOINT ((-52.8299 133.503)),133.503,-52.8299,45,43.203,42.90161133,,14.5,1.52,0,1.6,-1.02,1.899,1530,1023.92,,,24.19645749,,42.28,-0.011,-0.0574,-0.002,129.83231083,144.97,0,-8,324.376,327.5875,,,,424.8069,430.3791,222.2433,228.1003,0,10.81282,95.3,95,16.89796994,,16.89796994,,6.3,6.2,-30,7.2087,7.1151,6.3347,,18.82300291,7.1,346,336.5,343,333.8,11.9,23.1,13,23.7,9998,,3552.6,19.68
underway_1200.34133603,34133603,201011040,2011-04-13T05:00:00,20110413050000,MULTIPOINT ((-52.7725 133.598)),133.598,-52.7725,45.5,42.528,42.42919922,,14.7,2.06,-0.28,0.91,-0.8,1.899,1200,1024.15,,,24.21064402,,42.98,-0.013,-0.041,-0.002,123.77120158,138.22,0,-8,325.94,328.384,,,,352.2006,361.42,187.3456,189.4987,0,10.81282,95.2,94.9,16.89413843,,16.89413843,,6.4,6.3,-30,7.1181,7.059,6.2338,,18.85922299,5.2,342,332.5,340,329.7,13.5,23.8,14.9,24.7,9998,,3602.69,19.69
underway_1200.34133723,34133723,201011040,2011-04-13T05:20:00,20110413052000,MULTIPOINT ((-52.7147 133.6923)),133.6923,-52.7147,44.6,41.958,42.1105957,,14.7,0.97,-0.11,0.68,-1.12,1.899,1150,1023.84,,,24.22592214,,42.6,-0.011,-0.082,-0.002,126.95414059,141.79,0,-8,327.4349,329.6975,,,,368.7583,378.6597,196.5292,203.5356,0,10.81282,94.4,93.7,16.8914435,,16.8914435,,6.4,6.3,-30,7.0135,6.8906,6.4111,,18.89470071,3.4,334,327.2,333,325,14.2,23.4,15.5,24.4,9998,,3488.48,19.7
underway_1200.34133843,34133843,201011040,2011-04-13T05:40:00,20110413054000,MULTIPOINT ((-52.6566 133.7859)),133.7859,-52.6566,44,42.535,42.52258301,,14.6,1.49,0,0.85,-0.71,1.899,940,1023.9,,,24.23792599,,42.42,-0.013,-0.0656,-0.002,128.47169405,143.49,0,-8,334.9801,335.7692,,,,324.1725,330.6346,167.1417,171.9525,0,10.81956,94.7,94.3,16.88713652,,16.88713652,,6.4,6.3,-30,6.9094,6.8132,6.3579,,18.92799017,2.26,342,332.9,340,330.5,12.8,23.4,14,24.2,9998,,3616.91,19.71
underway_1200.34133963,34133963,201011040,2011-04-13T06:00:00,20110413060000,MULTIPOINT ((-52.5986 133.8789)),133.8789,-52.5986,44,41.361,41.22619629,,14.6,2.08,0,0.21,-2.06,1.901,1900,1023.92,,,24.25211293,,43.75,,-0.0738,-0.002,117.42894598,131.12,0,-8,324.3724,327.3636,,,,376.403,351.5687,200.2027,212.3087,0,10.81956,95.2,95.3,16.88479594,,16.88479594,,6.3,6.2,-30,6.8031,6.6373,6.3462,,18.96054082,3.1,343,331.4,340,328,13.6,24.3,15.3,25.3,9998,,3418.37,19.71
underway_1200.34134083,34134083,201011040,2011-04-13T06:20:00,20110413062000,MULTIPOINT ((-52.5406 133.9715)),133.9715,-52.5406,43.7,43.757,43.33007812,,14.5,1.37,-0.47,2.47,-1.21,1.901,680,1024.12,,,24.26520881,,43.31,-0.013,-0.0902,-0.001,120.96306346,135.04,0,-8,319.994,322.6474,,,,229.918,233.3529,119.3869,119.314,0,10.81956,94.5,94.1,16.88367478,,16.88367478,,6.5,6.4,-30,6.9362,6.7711,6.6456,,18.9880164,2.33,329,323,331,322.2,16.6,24.7,17.8,25.9,9998,,3556.44,19.71
underway_1200.34134203,34134203,201011040,2011-04-13T06:40:00,20110413064000,MULTIPOINT ((-52.4817 134.0624)),134.0624,-52.4817,42.6,42.659,42.74780273,,14.5,1.61,0,0,-1.54,1.901,390,1024.05,,,24.27612187,,43.67,-0.015,-0.1148,-0.002,118.10813753,131.88,0,-8,334.9373,335.7273,,,,157.3123,160.6995,75.30559,77.20317,0,10.82631,94.8,94.5,16.8817705,,16.8817705,,6.4,6.4,-30,6.6979,6.588,6.7767,,19.01331344,2.17,337,329.5,336,327.6,12.4,22.6,13.6,23.5,9998,,3510.34,19.7
underway_1200.34134323,34134323,201011040,2011-04-13T07:00:00,20110413070000,MULTIPOINT ((-52.4229 134.1519)),134.1519,-52.4229,43.1,43.245,43.12683105,,14.4,1.64,0,0.67,-0.43,1.901,430,1024.08,,,24.28485223,,44.19,-0.013,-0.0328,0,114.05332035,127.35,0,-8,334.9025,335.0009,,,,145.8482,148.3854,75.30559,73.69394,0,10.81956,94.7,94.4,16.87966679,,16.87966679,,6.4,6.4,-30,6.6909,6.6585,6.7446,,19.03498944,2.48,333,327.4,332,325.4,13.9,23.2,15.2,24.2,9998,,3441.09,19.7
underway_1200.34134443,34134443,201011040,2011-04-13T07:20:00,20110413072000,MULTIPOINT ((-52.3635 134.2417)),134.2417,-52.3635,42.7,42.289,42.56103516,,14.7,1.34,0,0,-1.53,1.901,230,1024.29,,,24.29139964,,44.29,-0.007,-0.1066,-0.001,113.33441946,126.53,0,-8,329.4843,330.2074,,,,98.71692,100.3602,47.75477,49.12929,0,10.82631,94.9,94.5,16.87619713,,16.87619713,,6.4,6.4,-30,6.6146,6.5598,6.9759,,19.05593661,2.01,334,329.4,333,327.5,11.8,21.9,12.9,22.7,9998,,3463.44,19.69
underway_1200.34134563,34134563,201011040,2011-04-13T07:40:00,20110413074000,MULTIPOINT ((-52.3038 134.3311)),134.3311,-52.3038,42.1,43.306,43.11035156,,14.4,1.39,-0.33,1.12,-1.18,1.901,80,1024.16,,,24.29576432,,44.67,-0.004,-0.123,-0.002,110.5675914,123.42,0,-8,338.3773,340.7232,,,,45.85618,47.40943,20.20394,21.05541,0,10.82631,94.5,94.2,16.87252769,,16.87252769,,6.4,6.4,-30,6.5786,6.5104,6.951,,19.07326752,2.02,335,329.6,333,327.4,12.8,22.7,14,23.5,9998,,3171.38,19.67
underway_1200.34134683,34134683,201011040,2011-04-13T08:00:00,20110413080000,MULTIPOINT ((-52.2442 134.4203)),134.4203,-52.2442,42.9,42.356,42.45666504,,14.5,1.98,-0.43,1.08,-0.97,1.91,0,1024.26,,,24.30340348,,44.41,-0.008,-0.1312,-0.002,112.51161682,125.59,0,-8,337.7502,339.64,,,,18.78831,19.70262,7.346888,8.773087,0,10.82294,94.2,93.7,16.87106031,,16.87106031,,6.3,6.3,-30,6.452,6.2915,7.0214,,19.09131605,1.46,337,332.3,335,329.2,10.9,21.2,12.3,22,9998,,3703.3,19.67
underway_1200.34134803,34134803,201011040,2011-04-13T08:20:00,20110413082000,MULTIPOINT ((-52.1851 134.5092)),134.5092,-52.1851,42.5,41.332,41.39648438,,14.5,1.32,0,0.54,-1.38,1.914,0,1024.36,,,24.312134,,44.07,-0.012,-0.1066,-0.001,115.0671489,128.45,0,-8,337.5463,338.4591,,,,6.050386,6.157069,0,1.754618,0,10.82631,93.6,93.3,16.86955214,,16.86955214,,6.3,6.3,-30,6.4108,6.2703,6.9698,,19.11152496,1.32,341,334.5,339,332.1,10.1,21,11.3,21.8,9998,,3351.31,19.68
underway_1200.34134923,34134923,201011040,2011-04-13T08:40:00,20110413084000,MULTIPOINT ((-52.1256 134.5986)),134.5986,-52.1256,43,41.22,41.24267578,,14.7,1.87,0,1.75,-3.48,1.914,0,1024.45,,,24.3175901,,43.83,-0.014,0.0246,-0.003,116.94069001,130.53,0,-8,333.9319,335.7902,,,,2.547535,2.462828,0,-1.754618,0,10.82294,92.7,92.2,16.86614065,,16.86614065,,6.4,6.5,-30,6.4951,6.3834,7.0649,,19.13028522,1.36,347,335.4,343,331.9,10.8,22.7,12.2,23.4,9998,,3346.43,19.68
underway_1200.34135043,34135043,201011040,2011-04-13T09:00:00,20110413090000,MULTIPOINT ((-52.0663 134.688)),134.688,-52.0663,42.2,41.979,41.89086914,,14.4,1.96,-0.03,1.07,-2.27,1.914,0,1024.39,,,24.32413824,,43.56,-0.006,-0.0902,-0.002,119.17178061,133.06,0,-8,334.4177,335.4478,,,,1.91066,2.154974,0,-1.754618,0,10.81956,91,90.8,16.86617549,,16.86617549,,6.5,6.6,-30,6.5932,6.5316,7.0939,,19.14254886,1.65,0,341.8,353,337.6,10.6,23.4,11.9,24,9998,,3568.13,19.66
underway_1200.34135163,34135163,201011040,2011-04-13T09:20:00,20110413092000,MULTIPOINT ((-52.0069 134.7758)),134.7758,-52.0069,42.3,42.769,42.94006348,,14.3,1.09,0,0.51,-1.32,1.914,0,1024.82,,,24.3241375,,43.52,-0.009,-0.0738,-0.001,119.58334725,133.52,0,-8,335.7044,336.9781,,,,1.91066,2.154974,0,-1.754618,0,10.81282,88.2,87.9,16.86240042,,16.86240042,,6.6,6.6,-30,6.6493,6.6232,7.0265,,19.15192551,1.94,339,335.1,337,332.2,10,20.9,11.3,21.7,9998,,3418.35,19.64
underway_1200.34135283,34135283,201011040,2011-04-13T09:40:00,20110413094000,MULTIPOINT ((-51.9479 134.8629)),134.8629,-51.9479,42.2,41.295,41.47338867,,14.6,2.17,0,1.38,-1.34,1.914,0,1024.9,,,24.32413698,,43.89,-0.009,-0.0902,-0.001,116.72918464,130.35,0,-8,334.6596,335.0009,,,,1.91067,2.462828,0,0,0,10.81282,84.5,85.7,16.85978801,,16.85978801,,6.6,6.6,-30,6.642,6.6585,7.1719,,19.15841631,2.33,346,335.2,344,332.4,10.7,22,11.9,22.8,9998,,3543.27,19.62
underway_1200.34135403,34135403,201011040,2011-04-13T10:00:00,20110413100000,MULTIPOINT ((-51.8888 134.9497)),134.9497,-51.8888,42.5,42.065,42.0501709,,14.4,1.66,-0.36,0.67,-1.77,1.914,0,1025.23,,,24.32304512,,43.87,-0.011,-0.0902,-0.001,117.01591542,130.59,0,-8,333.9989,334.3718,,,,1.910665,1.847121,0,0,0,10.81282,83.2,84.1,16.85721849,,16.85721849,,6.4,6.4,-30,6.5086,6.5316,7.1221,,19.16274319,2.36,328,333.7,327,330.6,8.6,18.6,9.9,19.4,9998,,3392.77,19.59
underway_1200.34135523,34135523,201011040,2011-04-13T10:20:00,20110413102000,MULTIPOINT ((-51.8292 135.038)),135.038,-51.8292,42.8,42.777,42.55004883,,14.2,1.75,0,0.17,-1.53,1.914,0,1025.57,,,24.31977029,,43.88,-0.011,-0.0492,-0.001,117.02550145,130.64,0,-8,334.66,335.1682,,,,1.910657,2.154974,0,0,0,10.8027,82.8,83.9,16.85328293,,16.85328293,,6.4,6.3,-30,6.4386,6.4751,6.6302,,19.16634871,2.69,325,336,324,332.5,7.6,17.6,8.8,18.2,9998,,3376.02,19.57
underway_1200.34135643,34135643,201011040,2011-04-13T10:40:00,20110413104000,MULTIPOINT ((-51.7705 135.1263)),135.1263,-51.7705,43.6,42.047,42.29736328,,14.6,2.16,-0.51,0.73,-3.24,1.914,0,1025.82,,,24.31867877,,44.32,-0.012,-0.0738,-0.001,113.74305189,127.01,0,-8,333.4061,335.2731,,,,1.592225,2.154974,0,-1.754618,0,10.81282,81.3,82,16.8524546,,16.8524546,,6.3,6.4,-30,6.3889,6.4963,6.9366,,19.16634871,2.71,296,327.5,300,326,8,14.1,8.5,14.8,9998,,3440.53,19.54
underway_1200.34135763,34135763,201011040,2011-04-13T11:00:00,20110413110000,MULTIPOINT ((-51.712 135.2144)),135.2144,-51.712,44,42.198,42.58850098,,14.4,1.84,0,0,-1.57,1.914,0,1025.49,,,24.31431293,,44.95,-0.003,-0.1148,,109.12402369,121.86,0,-8,332.5465,332.9742,,,,1.91061,2.154974,0,1.754618,0,10.80607,85.5,85.5,16.85030129,,16.85030129,,6,5.9,-30,6.2149,6.249,6.8626,,19.16346431,2.79,347,334.6,344,331.5,12.7,23.7,14.2,24.6,9998,,3332.17,19.52
underway_1200.34135883,34135883,201011040,2011-04-13T11:20:00,20110413112000,MULTIPOINT ((-51.6533 135.3018)),135.3018,-51.6533,42.8,42.334,42.15454102,,14.3,1.54,0,0.51,-1.91,1.914,0,1025.88,,,24.30667267,,45.3,-0.016,-0.0984,-0.002,106.79687002,119.25,0,-8,332.2944,333.8681,,,,1.910642,1.539267,0,-1.754618,0,10.8027,84.8,83.8,16.84624251,,16.84624251,,5.9,5.9,-30,5.9594,5.994,6.6451,,19.15913748,2.11,330,325.4,331,324.4,13.8,22.9,14.8,23.9,9998,,2949.12,19.47
underway_1200.34136003,34136003,201011040,2011-04-13T11:40:00,20110413114000,MULTIPOINT ((-51.5946 135.3896)),135.3896,-51.5946,43,42.611,42.08862305,,14.2,1.55,-0.6,0.83,-0.19,1.914,0,1026.22,,,24.29794141,,44.82,-0.013,-0.0984,-0.004,110.48357208,123.36,0,-8,331.0378,332.5124,,,,1.910666,1.847121,0,1.754618,0,10.80607,84.5,84,16.84396449,,16.84396449,,5.8,5.7,-30,5.9088,5.9372,6.6352,,19.14831925,2.17,352,343.6,344,338.3,8.1,20.6,9.6,21.1,9998,,3362.53,19.42
underway_1200.34136123,34136123,201011040,2011-04-13T12:00:00,20110413120000,MULTIPOINT ((-51.536 135.477)),135.477,-51.536,43,43.061,43.15429688,,14.5,1.23,0,0,-2.12,1.914,0,1026.04,,,24.28702733,,46.63,-0.01,-0.1066,-0.002,98.08039999,109.54,0,-8,329.8548,331.3938,,,,1.910658,2.154974,0,0,204.8489,10.79933,85,84.6,16.8408985,,16.8408985,,5.5,5.5,-30,5.6681,5.7097,6.5902,,19.13533521,2.3,346,337.3,341,333.6,10.4,21.9,11.7,22.6,9998,,3311.62,19.37
underway_1200.34136243,34136243,201011040,2011-04-13T12:20:00,20110413122000,MULTIPOINT ((-51.4769 135.565)),135.565,-51.4769,43.7,43.252,43.70361328,,14.5,1.49,-1.12,0.37,-2.57,1.914,0,1026.48,,,24.27283926,,47.43,-0.014,-0.1066,-0.001,93.17765002,104.07,0,-8,326.1641,326.5137,,,,1.910648,1.539267,0,0,0,10.78584,89.6,88.8,16.83795572,,16.83795572,,4.9,4.9,-30,5.12,5.1524,7.0074,,19.11585469,1.9,336,340.1,332,336.7,6.8,17.9,7.9,18.3,9998,,3062.77,19.31
underway_1200.34136363,34136363,201011040,2011-04-13T12:40:00,20110413124000,MULTIPOINT ((-51.4172 135.6529)),135.6529,-51.4172,42.3,41.887,41.28112793,,14.5,1.44,0,0.27,-1.12,1.914,0,1026.24,,,24.25755991,,47.65,-0.01,0.0246,0,92.01690085,102.78,0,-8,329.1094,329.7681,,,,1.910675,1.847121,0,-1.754618,0,10.78584,90,88.6,16.83505326,,16.83505326,,4.9,4.8,-30,4.897,4.9371,7.1401,,19.09420339,2.26,358,349.8,342,343.7,4.1,17.8,5.5,18,9998,,2756.35,19.25
underway_1200.34136483,34136483,201011040,2011-04-13T13:00:00,20110413130000,MULTIPOINT ((-51.357 135.7407)),135.7407,-51.357,42.4,42.387,42.47314453,,14.5,1,-0.35,0,-1.89,1.914,0,1026.13,,,24.24009794,,46.83,-0.014,-0.0656,,97.42039947,108.8,0,-8,332.0666,331.7538,,,,1.910676,1.847121,0,-1.754618,0,10.77572,87.5,86.7,16.83223278,,16.83223278,,5.1,5.1,-30,5.0903,5.1237,6.9361,,19.06821311,2.4,351,350.2,337,344.1,3.9,17.4,5.4,17.6,9998,,3366.24,19.19
underway_1200.34136603,34136603,201011040,2011-04-13T13:20:00,20110413132000,MULTIPOINT ((-51.2969 135.8282)),135.8282,-51.2969,42,43.068,42.33032227,,14.4,2.41,-1.01,1.2,-2.06,1.914,0,1025.6,,,24.22154455,,46.56,-0.01,-0.1148,-0.002,99.41320012,111.03,0,-8,331.8259,332.4887,,,,1.910676,2.462828,0,-1.754618,0,10.77235,86.5,86.2,16.82858099,,16.82858099,,5.2,5.2,-30,5.2474,5.2742,6.9514,,19.0422133,2.75,256,355.3,281,347.2,2,13.3,3.5,13.4,9998,,3157.01,19.13
underway_1200.34136723,34136723,201011040,2011-04-13T13:40:00,20110413134000,MULTIPOINT ((-51.2369 135.9166)),135.9166,-51.2369,43.4,42.744,42.29187012,,14.8,1.23,-0.14,0.64,-0.54,1.914,0,1025.1,,,24.20408283,,47.3,-0.018,0.0246,0,94.82410292,105.92,0,-8,331.7243,332.357,,,,1.910676,2.462828,0,0,0,10.77235,85.4,85,16.82633992,,16.82633992,,5.4,5.4,-30,5.4328,5.4672,7.153,,19.01475871,3.01,320,343.2,318,339.2,5,15.9,6.1,16.3,9998,,3277.02,19.07
underway_1200.34136843,34136843,201011040,2011-04-13T14:00:00,20110413140000,MULTIPOINT ((-51.1776 136.0051)),136.0051,-51.1776,42.9,43.037,42.39074707,,14.5,1.57,-0.53,1.81,-0.47,1.914,0,1024.53,,,24.18552958,,46.66,-0.013,-0.1148,-0.002,99.15277343,110.76,0,-8,330.7161,332.3919,,,,1.910676,1.539267,0,1.754618,0,10.77235,84.3,83.6,16.82268528,,16.82268528,,5.4,5.4,-30,5.4328,5.4744,7.1964,,18.9887393,3.18,17,353,0,346.4,6.8,21.1,7.9,21.3,9998,,3157.2,19.02
underway_1200.34136963,34136963,201011040,2011-04-13T14:20:00,20110413142000,MULTIPOINT ((-51.1174 136.094)),136.094,-51.1174,42.6,41.916,41.86340332,,15,1.72,0,0.59,-0.45,1.914,0,1024.42,,,24.16806805,,46.42,-0.016,-0.123,0,100.94093489,112.76,0,-8,330.2279,331.8674,,,,1.910676,2.462828,0,0,0,10.77235,84.1,83.2,16.82073419,,16.82073419,,5.2,5.2,-30,5.333,5.3672,7.2569,,18.96054082,3.51,22,352.1,3,344.7,7.8,22.3,8.9,22.4,9998,,3049.73,18.97
underway_1200.34137083,34137083,201011040,2011-04-13T14:40:00,20110413144000,MULTIPOINT ((-51.0567 136.1827)),136.1827,-51.0567,42.4,41.422,41.20422363,,14.9,1.65,0,1.85,-0.73,1.914,0,1024.22,,,24.15060659,,47.1,-0.013,0.0082,-0.001,96.63436777,107.96,0,-8,330.9916,331.6925,,,,1.910676,1.847121,0,-1.754618,0,10.77235,84.1,83.2,16.81878331,,16.81878331,,5.3,5.2,-30,5.2831,5.3314,7.1561,,18.93233112,3.78,8,351.4,348,344.3,4.7,18.9,6.2,19.1,9998,,2360.06,18.92
underway_1200.34137203,34137203,201011040,2011-04-13T15:00:00,20110413150000,MULTIPOINT ((-50.9952 136.2717)),136.2717,-50.9952,42.8,41.224,41.25366211,,15.2,1.69,0,1.71,-1.11,,,1024.06,,,24.13314497,,47.09,-0.012,-0.1066,-0.002,96.84270853,108.2,,-8,330.3669,331.0711,,,,1.910676,1.539267,0,-1.754618,0,10.75886,83,82.6,16.81566619,,16.81566619,,5.3,5.4,-30,5.3615,5.4244,7.2345,,18.90700516,,345,338.4,340,334.2,8.4,20.8,9.8,21.4,,,3088.9,18.88
underway_1200.34137323,34137323,201011040,2011-04-13T15:20:00,20110413152000,MULTIPOINT ((-50.933 136.3605)),136.3605,-50.933,41.5,42.458,42.1875,,15.1,1.12,0,1.24,0,,,1024.22,,,24.1135007,,46.62,-0.017,-0.0902,-0.001,100.11923088,111.83,,-8,333.2225,332.8892,,,,1.910676,2.462828,0,-1.754618,0,10.75886,81.7,80.9,16.8120485,,16.8120485,,5.8,5.8,-30,5.7384,5.795,7.1382,,18.87877413,,7,348.2,353,341.8,7.4,21.5,8.8,21.8,,,3127.14,18.83
underway_1200.34137443,34137443,201011040,2011-04-13T15:40:00,20110413154000,MULTIPOINT ((-50.8711 136.4507)),136.4507,-50.8711,42.6,43.238,42.85766602,,14.8,1.23,0,0.67,-0.01,,,1024,,,24.09713108,,47.95,-0.019,-0.0984,-0.001,91.69049216,102.43,,-8,332.4254,332.792,,,,1.910676,1.847121,0,1.754618,0,10.75886,80.6,79.9,16.81180616,,16.81180616,,5.9,5.9,-30,5.9863,5.994,7.2166,,18.84835891,,31,356.6,11,348.5,8.9,23.7,9.7,23.7,,,3111.46,18.8
underway_1200.34137563,34137563,201011040,2011-04-13T16:00:00,20110413160000,MULTIPOINT ((-50.8098 136.5407)),136.5407,-50.8098,42.9,41.699,41.56677246,,15.1,1.05,-0.19,0.81,-0.77,,,1024.27,,,24.08294421,,48.3,-0.012,-0.0574,-0.001,89.68894805,100.17,,-8,332.045,333.4911,,,,1.910676,1.539267,0,-1.754618,0,10.75548,79.3,78.7,16.81206587,,16.81206587,,6.1,6.1,-30,6.1136,6.1358,7.2068,,18.82082912,,16,352,357,345.1,6.2,20.8,7.5,21,,,3188.59,18.76
underway_1200.34137683,34137683,201011040,2011-04-13T16:20:00,20110413162000,MULTIPOINT ((-50.7481 136.6297)),136.6297,-50.7481,43.4,42.406,42.18200684,,14.8,1.77,-0.04,1.22,-0.38,,,1023.72,,,24.06657435,,47.83,-0.013,0.0082,-0.002,92.67057978,103.48,,-8,332.8111,334.2948,,,,1.910676,2.462828,0,0,0,10.75211,78.7,77.2,16.81007394,,16.81007394,,6.2,6.2,-30,6.2688,6.2986,7.1959,,18.79473839,,51,3.6,27,356.1,6.5,21.6,6.5,21.4,,,2962.18,18.73
underway_1200.34137803,34137803,201011040,2011-04-13T16:40:00,20110413164000,MULTIPOINT ((-50.6872 136.7198)),136.7198,-50.6872,42.4,42.58,42.34130859,,15,1.71,0,1.44,-0.43,,,1023.97,,,24.05238723,,48.24,,-0.1148,-0.002,90.21913759,100.78,,-8,333.4034,333.8127,,,,1.910676,1.847121,0,0,0,10.75211,77.5,77.3,16.80858168,,16.80858168,,6.4,6.4,-30,6.3886,6.4186,7.1937,,18.77153856,,15,350.7,360,343.7,8.5,22.8,9.8,23.1,,,3007.2,18.71
underway_1200.34137923,34137923,201011040,2011-04-13T17:00:00,20110413170000,MULTIPOINT ((-50.6255 136.8085)),136.8085,-50.6255,43.4,43.5,42.98950195,,15.1,1.63,-0.2,1.6,-0.47,,,1024.18,,,24.05129753,,48.49,-0.017,-0.0656,-0.001,88.77258407,99.16,,-8,334.1004,334.5115,,,,1.910676,2.154974,0,0,0,10.75211,76.6,76.1,16.81682301,,16.81682301,,6.5,6.5,-30,6.5293,6.5598,6.72,,18.74905647,,21,353.1,1,345,7.3,22,8.6,22.2,,,2990.23,18.69
underway_1200.34138043,34138043,201011040,2011-04-13T17:20:00,20110413172000,MULTIPOINT ((-50.564 136.8996)),136.8996,-50.564,43.3,41.743,41.58325195,,15.3,1.62,0,0.8,-0.4,,,1023.98,,,24.04038459,,48.87,-0.01,-0.0656,-0.002,86.5545307,96.7,,-8,333.998,334.2741,,,,1.910676,2.462828,0,-1.754618,0,10.75548,74.2,73.7,16.81667119,,16.81667119,,6.7,6.7,-30,6.7119,6.7289,7.2112,,18.72874392,,7,352.6,349,346,5.3,19.8,6.7,20,,,3050.9,18.68
underway_1200.34138163,34138163,201011040,2011-04-13T17:40:00,20110413174000,MULTIPOINT ((-50.5014 136.9901)),136.9901,-50.5014,42.7,42.869,42.55004883,,15.3,1.2,0,0.86,-0.64,,,1023.89,,,24.02838005,,48.48,-0.022,-0.0738,-0.001,88.89883081,99.29,,-8,334.7298,333.9666,,,,1.910676,1.847121,0,-1.754618,0,10.75211,73.7,73.2,16.81480446,,16.81480446,,6.8,6.8,-30,6.8592,6.8835,7.0795,,18.7106028,,50,2.2,25,355.5,5.5,20.7,5.6,20.6,,,2998.45,18.67
underway_1200.34138283,34138283,201011040,2011-04-13T18:00:00,20110413180000,MULTIPOINT ((-50.4407 137.0803)),137.0803,-50.4407,43.3,42.761,42.4017334,,15,1.19,0,0.73,-0.34,,,1024.15,,,24.01964949,,48.69,-0.017,-0.0902,,87.64851448,97.91,,-8,334.5905,333.9666,,,,1.910676,2.462828,0,-1.754618,0,10.74536,,73.6,16.81339327,,16.81339327,,,6.8,-30,6.8311,6.8835,7.2767,,18.69753831,,334,358,312,348.5,0.8,15.3,3.3,15.3,,,3047.96,18.67
underway_1200.34138403,34138403,201011040,2011-04-13T18:20:00,20110413182000,MULTIPOINT ((-50.3795 137.1705)),137.1705,-50.3795,43.3,43.051,42.52807617,,15.3,1.92,0,1.02,-0.2,,,1024.21,,,24.01419328,,49.13,-0.018,-0.0902,0,85.04390454,95,,-8,333.6176,334.0366,,,,1.910676,1.847121,0,-1.754618,0,10.74874,72.3,72.1,16.81449187,,16.81449187,,6.8,6.9,-30,6.8381,6.8976,7.3232,,18.68447141,,31,358.1,3,351.1,4.3,19.5,5.1,19.5,,,2888.31,18.68
underway_1200.34138523,34138523,201011040,2011-04-13T18:40:00,20110413184000,MULTIPOINT ((-50.3186 137.259)),137.259,-50.3186,42.1,42.891,42.8137207,,14.9,2.17,-0.31,0,-0.58,,,1024.34,,,24.00982823,,50.47,-0.007,-0.0902,-0.002,77.5561771,86.66,,-8,335.2526,334.5956,,,,1.910676,2.462828,0,-1.754618,0,10.74536,72.1,71.4,16.81496059,,16.81496059,,7,7,-30,6.9641,7.0099,7.403,,18.6750327,,256,356.1,286,347.6,1.5,13.8,3.2,13.9,,,2518.27,18.69
underway_1200.34138643,34138643,201011040,2011-04-13T19:00:00,20110413190000,MULTIPOINT ((-50.2583 137.3454)),137.3454,-50.2583,43.7,41.976,41.67663574,,14.9,1.76,0,1.82,-1.09,,,1024.57,,,24.0076458,,49.6,-0.015,-0.0164,-0.002,82.30517663,91.93,,-8,335.6715,335.0846,,,,1.910669,2.154974,0,-1.754618,0,10.73525,72.5,71.7,16.81563556,,16.81563556,,7.1,7.1,-30,7.0483,7.1081,7.3605,,18.66922364,,96,3,313,354.9,0.3,15.1,1.9,15,,,2851.6,18.7
underway_1200.34138763,34138763,201011040,2011-04-13T19:20:00,20110413192000,MULTIPOINT ((-50.1974 137.4365)),137.4365,-50.1974,43.7,42.179,42.02819824,,15.2,1.72,0,0.8,-1.68,,,1024.67,,,24.00873764,,49.49,-0.008,-0.1148,-0.003,82.89324558,92.56,,-8,336.0884,336.545,,,,1.910676,1.847121,0,-1.754618,0,10.73862,72.4,71.9,16.81852832,,16.81852832,,7.2,7.2,-30,7.1319,7.1852,7.4602,,18.66414032,,143,11.9,160,5.9,2.7,15,1.2,14.7,,,2580.14,18.71
underway_1200.34138883,34138883,201011040,2011-04-13T19:40:00,20110413194000,MULTIPOINT ((-50.1366 137.5278)),137.5278,-50.1366,44.2,41.962,42.00622559,,15.3,1.67,0,0,-1.4,,,1024.82,,,24.00437192,,50.23,-0.015,-0.0984,-0.003,78.73729444,87.97,,-8,336.3321,336.7896,,,,1.910676,2.462828,0,-1.754618,0,10.73187,71.9,71.4,16.81547374,,16.81547374,,7.2,7.2,-30,7.1808,7.2342,7.5604,,18.6634141,,172,6.5,244,0.9,1.4,14.5,1,14.4,,,2920.64,18.73
underway_1200.34139003,34139003,201011040,2011-04-13T20:00:00,20110413200000,MULTIPOINT ((-50.0763 137.6191)),137.6191,-50.0763,44.4,42.709,42.16552734,,15.2,1.91,-0.9,0.37,-0.46,,,1024.76,,,24.00764631,,47.9,-0.008,-0.0984,-0.002,92.16349464,102.96,,-8,336.8223,336.2142,,,,1.910662,1.84706,0,0,0,10.73187,73.8,73.3,16.81827869,,16.81827869,,7.2,7.2,-30,7.279,7.3344,8.1772,,18.66268788,,66,8.5,42,1.3,6.6,21.5,5.8,21,,,2996.74,18.75
underway_1200.34139123,34139123,201011040,2011-04-13T20:20:00,20110413202000,MULTIPOINT ((-50.0161 137.709)),137.709,-50.0161,43.8,43.468,42.9675293,,14.9,1.88,-0.66,1.16,-2.19,,,1024.83,,,24.00982914,,49.94,,0.0656,-0.001,80.20392806,89.58,,-8,332.9628,331.9374,,,,1.91065,2.154864,0,1.754618,0,10.73525,83.3,81.4,16.81965914,,16.81965914,,6.4,6.4,-30,6.9091,6.9082,7.8165,,18.6634141,,64,8.5,46,1.8,9.4,24,8.6,23.5,,,3005.95,18.77
underway_1200.34139243,34139243,201011040,2011-04-13T20:40:00,20110413204000,MULTIPOINT ((-49.9552 137.7966)),137.7966,-49.9552,43.2,43.335,43.06091309,,14.8,1.75,-1.53,0,-0.84,,,1025.01,,,24.00873752,,50.47,-0.012,-0.0984,-0.002,77.29952229,86.36,,-8,297.573,298.7927,,,,1.592202,2.46273,0,-1.754618,0,10.73525,90.2,88.3,16.8179409,,16.8179409,,5.9,5.9,-30,6.0724,6.082,7.7279,,18.66559273,,65,7.6,46,1.2,8,22.5,7.2,22.1,,,3082.75,18.78
underway_1200.34139363,34139363,201011040,2011-04-13T21:00:00,20110413210000,MULTIPOINT ((-49.8943 137.8833)),137.8833,-49.8943,41.9,43.576,42.19299316,,14.8,2.14,-0.34,0.42,-0.86,,,1024.73,,,24.00546325,,49.14,-0.004,-0.123,-0.001,84.6439551,94.57,,-8,334.3014,335.0469,,,,1.910675,2.15494,0,-1.754618,0,10.73187,91.1,89.6,16.81572345,,16.81572345,,5.9,5.9,-30,5.7526,5.7962,7.5936,,18.66486653,,106,9.1,60,1.2,3,16.3,1.4,16.1,,,2999.76,18.79
underway_1200.34139483,34139483,201011040,2011-04-13T21:20:00,20110413212000,MULTIPOINT ((-49.8341 137.9698)),137.9698,-49.8341,43.1,42.321,41.9128418,,14.9,2.37,-0.21,0.84,-2.12,,,1024.78,,,24.00982919,,48.83,-0.015,0.0328,-0.001,86.43835408,96.58,,-8,334.1644,334.008,,,,3.821352,3.694239,0,1.754618,0,10.73187,83.5,83.2,16.8199529,,16.8199529,,6,6,-30,5.9297,6.0224,8.0167,,18.66268788,,97,15,81,9.1,5.5,18.7,4.1,18.3,,,2860.8,18.79
underway_1200.34139603,34139603,201011040,2011-04-13T21:40:00,20110413214001,MULTIPOINT ((-49.7745 138.056)),138.056,-49.7745,43,43.327,42.86865234,,14.9,2.7,0,0,-1.96,,,1024.47,,,24.00873775,,50.21,-0.009,-0.123,0,78.67110747,87.9,,-8,332.9791,334.0704,,,,9.553379,10.46701,3.673757,5.263852,0,10.73187,85.7,84.9,16.81911579,,16.81911579,,5.7,5.8,-30,5.6887,5.8164,7.868,,18.66268788,,103,19.5,97,15,7.7,19.9,6.2,19.2,,,2840.06,18.79
underway_1200.34139723,34139723,201011040,2011-04-13T22:00:00,20110413220000,MULTIPOINT ((-49.7146 138.1422)),138.1422,-49.7146,43.2,43.088,42.46765137,,14.9,1.83,0,1.3,-1.22,,,1024.36,,,24.00437243,,49.99,-0.011,0.0164,-0.001,79.90069495,89.25,,-8,330.8934,331.5338,,,,31.8446,33.24816,14.6949,15.79156,0,10.72176,83.1,81.5,16.8181173,,16.8181173,,5.5,5.5,-30,5.6745,5.7381,7.7141,,18.6568778,,79,14,65,8,9,22.8,7.8,22.3,,,3044.07,18.78
underway_1200.34139843,34139843,201011040,2011-04-13T22:20:00,20110413222000,MULTIPOINT ((-49.6556 138.2298)),138.2298,-49.6556,44.6,43.199,42.83569336,,14.8,1.59,0,0.15,-1.37,,,1024.42,,,23.99564117,,49.9,-0.006,0.0164,-0.001,80.45739899,89.84,,-8,333.0135,333.7908,,,,53.49892,56.0293,23.8808,24.56465,-204.8489,10.72176,81.7,81,16.8128883,,16.8128883,,5.6,5.6,-30,5.6958,5.7595,7.8208,,18.65324626,,43,1.2,24,354.5,7.9,22.7,8.1,22.6,,,3156.06,18.76
underway_1200.34139963,34139963,201011040,2011-04-13T22:40:00,20110413224000,MULTIPOINT ((-49.5968 138.3188)),138.3188,-49.5968,44.7,43.087,42.55004883,,14.4,1.79,0,0.01,-1.72,,,1024.07,,,24.00109906,,50.75,-0.01,-0.082,-0.001,75.89325058,84.81,,-8,332.3537,332.9245,,,,88.52797,91.43244,42.25123,42.11082,0,10.71838,81.7,81.2,16.82060088,,16.82060088,,5.6,5.6,-30,5.7668,5.8022,8.0766,,18.64452981,,37,358.6,21,350.8,12.5,26.8,13,26.8,,,3175.18,18.75
underway_1200.34140083,34140083,201011040,2011-04-13T23:00:00,20110413230000,MULTIPOINT ((-49.5384 138.4089)),138.4089,-49.5384,45.9,42.475,42.19299316,,15.4,3.31,0,0.39,-1.05,,,1023.7,,,23.98800233,,50.28,-0.013,-0.0738,0,78.46667222,87.64,,-8,331.5569,330.9198,,,,163.6812,173.0136,82.66457,87.73088,0,10.71838,80,78.1,16.81457738,,16.81349009,,5.9,5.9,-30,6.0146,6.0508,8.1385,,18.63726528,,61,9,44,3.2,8.5,23.7,7.9,23.3,,,3096.27,18.73
underway_1200.34140203,34140203,201011040,2011-04-13T23:20:00,20110413232000,MULTIPOINT ((-49.4803 138.5009)),138.5009,-49.4803,46.1,42.565,42.03369141,,14.8,2.86,-0.58,0.57,-2.08,,,1023.66,,,23.98581997,,50.93,-0.012,0.0656,0,75.03404166,83.84,,-8,325.3383,326.211,,,,270.6791,273.9895,141.45,147.3879,0,10.71838,79.2,77.8,16.81027186,,16.81446005,,6.1,6.1,-30,6.3886,6.4046,7.686,,18.63072656,,54,7.2,33,359,9.1,23.8,8.9,23.5,,,3120.67,18.72
underway_1200.34140323,34140323,201011040,2011-04-13T23:40:00,20110413234001,MULTIPOINT ((-49.4228 138.594)),138.594,-49.4228,46.8,43.773,43.17626953,,15.2,1.9,-0.23,0.25,-1.46,,,1023.56,,,23.97708903,,51.6,-0.01,0.041,-0.003,71.60016184,80,,-8,317.4847,321.0823,,,,359.8439,382.6617,185.5365,203.5356,0,10.71838,77,76.9,16.81740003,,16.81069781,,6.2,6.2,-30,6.6347,6.6725,8.5215,,18.62346061,,23,353.9,6,346.3,10.4,25.1,11.5,25.1,,,3221.2,18.71
underway_1200.34140443,34140443,201011040,2011-04-14T00:00:00,20110414000000,MULTIPOINT ((-49.3653 138.6883)),138.6883,-49.3653,47.3,42.666,42.29736328,,15.1,1.99,0,0.38,-1.4,,,1023.03,,,23.97599799,,51.31,-0.012,-0.082,-0.001,73.11224003,81.69,,-8,313.1749,313.8646,,,,416.5273,429.1476,222.2726,231.6095,0,10.71164,77.5,76.4,16.81304968,,16.81191779,,6.2,6.1,-30,6.7821,6.7359,9.3963,,18.618374,,40,1.9,25,355.2,11.2,26.2,11.5,26.1,,,3267.84,18.7
underway_1200.34140563,34140563,201011040,2011-04-14T00:20:00,20110414002000,MULTIPOINT ((-49.3082 138.7831)),138.7831,-49.3082,47.1,43.126,42.64892578,,15.1,2.18,0,0,-1.23,,,1023.07,,,23.96508397,,51.25,-0.012,-0.0328,-0.002,73.42418935,82.05,,-8,338.3458,338.8998,,,,387.8672,400.8251,203.8836,214.0633,0,10.71164,79.9,78,16.80811049,,16.8053028,,6.5,6.5,-30,6.9782,7.01,9.7713,,18.61401376,,40,1.3,23,353.6,12.3,27.3,12.5,27,,,3192.37,18.7
underway_1200.34140683,34140683,201011040,2011-04-14T00:40:00,20110414004000,MULTIPOINT ((-49.2508 138.8763)),138.8763,-49.2508,46.7,43.08,42.54455566,,15.2,1.71,0,1.16,-0.25,,,1023.39,,,23.96944971,,51.26,-0.01,-0.082,-0.002,73.34399579,81.9,,-8,317.9416,322.4799,,,,414.6166,431.6104,211.2373,228.1003,0,10.70489,78.3,77.7,16.81146223,,16.80865443,,6,6,-30,6.9292,6.9538,9.978,,18.61401376,,16,353.3,359,345.6,8.5,22.9,9.9,23,,,3221.16,18.71
underway_1200.34140803,34140803,201011040,2011-04-14T01:00:00,20110414010000,MULTIPOINT ((-49.1934 138.9678)),138.9678,-49.1934,46.3,43.11,42.41271973,,14.9,1.97,0,0.83,0,,,1023.2,,,23.97272379,,50.18,-0.013,-0.0656,-0.003,79.01184356,88.25,,-8,307.8962,309.889,,,,1074.755,1147.062,648.4319,659.7362,0,10.74874,78.9,78.5,16.81028617,,16.80999218,,6.1,6.1,-30,7.1389,7.2342,9.8934,,18.61692061,,27,355.4,13,348.6,11.9,26.4,12.7,26.4,,,3283.06,18.73
underway_1200.34140923,34140923,201011040,2011-04-14T01:20:00,20110414012000,MULTIPOINT ((-49.1363 139.0576)),139.0576,-49.1363,46.6,43.511,42.78076172,,15.2,1.94,-1.15,1.21,0,,,1023.72,,,23.97381478,,50.21,-0.013,0.0164,-0.002,78.78956297,88.04,,-8,336.7824,337.3766,,,,454.1039,469.7842,236.9543,245.6464,0,10.70489,78.1,77,16.81296129,,16.80847845,,6.2,6.2,-30,7.069,7.1361,9.9322,,18.62273397,,3,349,351,342.5,8.2,21.9,9.8,22.2,,,3370.88,18.75
underway_1200.34141043,34141043,201011040,2011-04-14T01:40:00,20110414014000,MULTIPOINT ((-49.0784 139.1475)),139.1475,-49.0784,44.5,43.291,42.70385742,,15.3,4.49,-1.96,2.07,-0.55,,,1023.69,,,23.97490559,,50.21,-0.02,-0.082,-0.002,78.70455519,87.94,,-8,337.895,337.2367,,,,631.1598,678.201,343.4784,350.9235,0,10.70489,78.5,77.5,16.81027186,,16.80608379,,6.1,6.1,-30,7.09,7.1081,9.942,,18.63072656,,71,9.5,45,2,6.5,21.3,5.5,20.8,,,3209.63,18.78
underway_1200.34141163,34141163,201011040,2011-04-14T02:00:00,20110414020000,MULTIPOINT ((-49.0195 139.236)),139.236,-49.0195,44,42.627,42.09411621,,15,3.86,-0.76,1.21,0,,,1023.72,,,23.98363618,,50.05,-0.017,-0.0082,0,79.51870369,88.8,,-8,339.1465,340.8841,,,,454.1039,469.4764,240.627,245.6464,0,10.70489,78.7,77.5,16.80892104,,16.80808364,,6.3,6.3,-30,7.1389,7.1922,9.9428,,18.64235053,,12,352.1,356,345.3,7,21.4,8.4,21.6,,,3201.57,18.8
underway_1200.34141283,34141283,201011040,2011-04-14T02:20:00,20110414022000,MULTIPOINT ((-48.96 139.3226)),139.3226,-48.96,43.5,43.984,43.27514648,,14.6,2.31,0,1.43,-0.09,,,1023.86,,,23.99564095,,49.8,-0.014,-0.0984,-0.001,80.7742407,90.23,,-8,339.182,339.7731,,,,493.5912,505.4952,257.1415,266.7018,0,10.70489,77.9,77.2,16.81255069,,16.81171352,,6.3,6.3,-30,7.1459,7.1852,9.9719,,18.65615151,,47,1.6,27,354.5,7.5,22,7.5,21.8,,,3076.31,18.84
underway_1200.34141403,34141403,201011040,2011-04-14T02:40:00,20110414024000,MULTIPOINT ((-48.9009 139.4071)),139.4071,-48.9009,43.8,43.056,42.27539062,,14.6,0,0,0,0,,,1023.67,,,24.0054624,,49.34,-0.016,-0.123,-0.001,83.23029735,92.96,,-8,339.9491,340.5069,,,,561.1003,569.2209,292.0398,301.7942,0,10.70152,77.4,76.8,16.80993954,,16.8113197,,6.4,6.4,-30,7.2996,7.3321,9.8231,,18.6757588,,45,1.8,20,354.1,6.6,21.2,6.8,21,,,3038.21,18.88
underway_1200.34141523,34141523,201011040,2011-04-14T03:00:00,20110414030000,MULTIPOINT ((-48.8412 139.4911)),139.4911,-48.8412,42.5,42.714,42.60498047,,14.3,2.22,-1.26,0.67,-0.97,,,1023.44,,,24.01200937,,49.87,-0.011,-0.0902,,80.1547968,89.5,,-8,338.2848,338.5645,,,,493.5851,509.1894,257.1414,266.7018,0,10.70489,76.7,76.1,16.80979768,,16.80753828,,6.4,6.4,-30,7.37,7.3741,9.7336,,18.69753831,,63,6.1,41,359.4,6.7,20.7,6.1,20.4,,,3042.56,18.92
underway_1200.34141643,34141643,201011040,2011-04-14T03:20:00,20110414032000,MULTIPOINT ((-48.7812 139.574)),139.574,-48.7812,42.5,42.51,42.05566406,,14.7,2.3,0,1.31,-0.01,,,1023.12,,,24.02837914,,48.26,-0.012,-0.0902,-0.001,89.20827073,99.66,,-8,338.6657,341.3855,,,,540.3996,546.7396,284.6919,291.2665,0,10.6914,77.3,76.5,16.81571611,,16.81011378,,6.5,6.5,-30,7.4461,7.5078,9.6637,,18.72221366,,15,354.1,353,346.7,4.6,18.9,6,19.1,,,3483.65,18.98
underway_1200.34141763,34141763,201011040,2011-04-14T03:40:00,20110414034000,MULTIPOINT ((-48.7217 139.655)),139.655,-48.7217,41.8,43.218,42.6763916,,14.4,2.58,0,1.38,-0.48,,,1022.95,,,24.04365742,,48.6,-0.011,-0.0574,-0.002,87.03046926,97.19,,-8,338.5708,338.9606,,,,536.8854,554.7444,281.0185,291.2665,0,10.69477,76.5,75.1,16.81264537,,16.81126722,,6.6,6.6,-30,7.6284,7.6681,9.73,,18.74833112,,46,0.3,23,353.9,5.2,19.7,5.4,19.7,,,4230.14,19.03
underway_1200.34141883,34141883,201011040,2011-04-14T04:00:00,20110414040000,MULTIPOINT ((-48.6697 139.7255)),139.7255,-48.6697,41.1,43.221,42.93457031,,12.5,1.87,0,1.28,-0.4,,,1022.96,,,24.06766705,,46.48,-0.018,-0.1066,0,100.10182449,111.75,,-8,340.4749,341.8904,,,,471.9366,480.2326,247.9616,252.6649,0,10.6914,77,75.7,16.81371302,,16.81734567,,6.8,6.8,-30,7.8071,7.8231,9.7676,,18.77878932,,17,351.6,353,343.6,4.4,16.6,5.5,16.7,,,3815.42,19.09
underway_1200.34142003,34142003,201011040,2011-04-14T04:20:00,20110414042000,MULTIPOINT ((-48.6168 139.7959)),139.7959,-48.6168,41.4,42.182,41.69311523,,12.7,2.24,-0.58,1.16,0,,,1022.68,,,24.08403612,,45.83,-0.011,0.0246,-0.002,104.31237737,116.48,,-8,322.8308,326.005,,,,496.7628,506.7026,269.9982,277.2296,0,10.6914,75.6,74.7,16.81578068,,16.8152387,,6.9,6.9,-30,8.1066,8.0877,9.6346,,18.81503201,,34,357.2,15,349.9,7,19.6,7.4,19.5,,,2997.19,19.15
underway_1200.34142123,34142123,201011040,2011-04-14T04:40:00,20110414044000,MULTIPOINT ((-48.5646 139.8651)),139.8651,-48.5646,41.7,42.647,42.24243164,,12.6,3.63,0,2.54,0,,,1022.3,,,24.10695388,,45.55,-0.017,0,-0.002,106.00816517,118.4,,-8,336.6242,337.7975,,,,696.1138,687.6603,354.4874,371.9789,0,10.6914,76.7,75.7,16.81893254,,16.81726517,,7.2,7.1,-30,8.0435,8.079,9.903,,18.85342902,,352,336.6,349,333.3,11.1,21.5,12.3,22.3,,,4161.51,19.22
underway_1200.34142243,34142243,201011040,2011-04-14T05:00:00,20110414050000,MULTIPOINT ((-48.5132 139.9343)),139.9343,-48.5132,41.6,42.466,42.33032227,,12.7,2.94,-0.83,1.43,-0.76,,,1022.78,,,24.13532877,,45.71,-0.005,-0.1148,,104.61622978,116.78,,-8,336.4485,337.7264,,,,392.0035,399.5462,207.5496,210.5541,0,10.6914,77.1,75.6,16.81533549,,16.82170719,,7,7,-30,8.0086,8.0649,9.6906,,18.8961484,,2,350,346,343.6,4.1,16.1,5.3,16.3,,,4252.42,19.29
underway_1200.34142363,34142363,201011040,2011-04-14T05:20:00,20110414052000,MULTIPOINT ((-48.4613 140.0039)),140.0039,-48.4613,41.5,42.935,42.61047363,,12.4,3.12,0,1.91,0,,,1022.32,,,24.15606313,,45.51,,-0.0984,-0.002,105.71228481,118.02,,-8,330.5377,334.4346,,,,359.8432,371.2205,194.6925,200.0264,0,10.6914,76.6,75.8,16.81861544,,16.81857352,,7.2,7.2,-30,8.0358,8.0522,9.7172,,18.94318233,,356,341,349,336.7,8.5,19.3,9.6,19.8,,,0,19.37
underway_1200.34142483,34142483,201011040,2011-04-14T05:40:00,20110414054000,MULTIPOINT ((-48.41 140.0721)),140.0721,-48.41,41.3,42.751,42.43469238,,12.2,1.43,-0.15,1.55,-1.08,,,1022.76,,,24.19098696,,45.49,-0.012,-0.0656,-0.003,105.54456866,117.85,,-8,326.3985,329.1692,,,,294.2439,302.2558,154.2846,157.9156,0,10.6914,76.3,75.4,16.82044074,,16.82655076,,7,7.1,-30,7.814,7.8611,9.7458,,18.98946219,,0,347.9,344,341,4.7,15.9,5.9,16.1,,,4407.14,19.45
underway_1200.34142603,34142603,201011040,2011-04-14T06:00:00,20110414060000,MULTIPOINT ((-48.3592 140.1411)),140.1411,-48.3592,42.2,42.558,42.48413086,,12.1,1.51,-1.37,1.4,-0.35,,,1022.79,,,24.21062962,,45.25,-0.017,-0.082,-0.003,106.97526844,119.44,,-8,335.7138,335.6195,,,,258.8965,259.1685,135.9174,136.8602,0,10.6914,75.6,75.1,16.82447054,,16.82027737,,7.2,7.2,-30,7.8626,7.8599,9.7458,,19.0422133,,15,351.4,1,345.8,5.6,17.3,6.4,17.4,,,3638.02,19.52
underway_1200.34142723,34142723,201011040,2011-04-14T06:20:00,20110414062000,MULTIPOINT ((-48.3095 140.2112)),140.2112,-48.3095,43.6,42.42,42.04467773,,12.1,2.01,-0.9,1.19,-0.31,,,1022.57,,,24.23900451,,45.64,-0.02,0.041,-0.002,103.92396519,115.98,,-8,324.5559,328.3266,,,,178.9659,186.5265,91.8361,98.25858,0,10.6914,75.4,74.4,16.8215326,,16.8215326,,7.1,7.1,-30,7.6477,7.6933,9.7026,,19.09275973,,336,343.5,330,338.6,5,14.8,6.1,15.1,,,3904.51,19.6
underway_1200.34142843,34142843,201011040,2011-04-14T06:40:00,20110414064000,MULTIPOINT ((-48.2599 140.2813)),140.2813,-48.2599,43.2,41.616,41.45141602,,12.5,2.1,-1.06,1.09,-0.39,,,1022.76,,,24.26628801,,46.4,-0.015,-0.0082,-0.003,98.53195335,109.95,,-8,337.7252,339.1967,,,,122.9201,126.1934,60.61182,63.16623,0,10.69477,75.5,74.5,16.82362184,,16.82167503,,7.1,7.1,-30,7.4596,7.5004,9.7467,,19.1439915,,13,357.3,343,349.9,2.3,14.4,3.4,14.4,,,4164.1,19.67
underway_1200.34142963,34142963,201011040,2011-04-14T07:00:00,20110414070000,MULTIPOINT ((-48.2102 140.3514)),140.3514,-48.2102,42.9,42.216,41.96777344,,12,2.65,-1.45,0.66,-0.64,,,1022.81,,,24.29138876,,46,-0.016,0.041,-0.001,100.97429347,112.65,,-8,337.5178,339.0525,,,,71.96847,74.79366,34.89772,35.09235,0,10.6914,76,75.3,16.82960435,,16.82074867,,7.2,7.2,-30,7.4181,7.4716,9.6794,,19.19374472,,61,6,45,1,5.2,17.1,4.9,17,,,4051.97,19.73
underway_1200.34143083,34143083,201011040,2011-04-14T07:20:00,20110414072000,MULTIPOINT ((-48.1606 140.4219)),140.4219,-48.1606,43.6,42.699,42.24243164,,12.4,1.8,-0.74,1.51,0,,,1022.95,,,24.31758121,,45.78,-0.011,-0.1312,-0.002,102.2496044,114.07,,-8,336.719,337.286,,,,49.67704,51.09244,23.87738,24.56465,0,10.6914,76.1,75.3,16.82400599,,16.82094778,,7,7,-30,7.2583,7.3336,9.692,,19.24274278,,4,355.8,339,348.9,2.4,14.4,3.6,14.4,,,4509.52,19.79
underway_1200.34143203,34143203,201011040,2011-04-14T07:40:00,20110414073959,MULTIPOINT ((-48.1099 140.4937)),140.4937,-48.1099,43.2,43.14,43.07189941,,12.3,1.65,-0.37,1.03,-0.92,,,1022.87,,,24.34049942,,46.19,-0.01,-0.1148,-0.004,99.31133981,110.81,,-8,336.9939,336.483,,,,22.9281,24.00772,11.02033,8.773087,0,10.6914,76.5,75.3,16.82259637,,16.81954149,,7.2,7.2,-30,7.3133,7.3882,9.6908,,19.28954759,,59,4.9,37,358.1,5.5,17.6,5.1,17.4,,,4452.1,19.84
underway_1200.34143323,34143323,201011040,2011-04-14T08:00:00,20110414075959,MULTIPOINT ((-48.0593 140.5644)),140.5644,-48.0593,42.7,42.603,42.01721191,,12.4,1.84,0,0.81,-0.62,,,1022.73,,,24.36887571,,48,-0.021,-0.0984,-0.001,87.86618541,98.08,,-8,340.5406,341.1957,,,,6.368914,7.387215,0,1.754618,0,10.69477,78.4,77.2,16.82156266,,16.82399936,,7.5,7.5,-30,7.418,7.4699,9.756,,19.33200527,,72,8.2,40,0.3,4.2,16.2,3.5,15.9,,,4655.62,19.88
underway_1200.34143443,34143443,201011040,2011-04-14T08:20:00,20110414081959,MULTIPOINT ((-48.0077 140.6358)),140.6358,-48.0077,42.6,42.163,41.59423828,,12.5,2.59,-1.25,1.19,-1.06,,,1022.95,,,24.38306258,,47.1,-0.011,0.0164,-0.002,93.22578106,104.05,,-8,339.1176,340.7474,,,,1.91067,2.462413,0,-1.754618,0,10.6914,77,75.9,16.8172382,,16.8194627,,7.6,7.6,-30,7.5364,7.5952,11.1423,,19.3701236,,86,9.3,59,3.6,3.1,14.9,2.3,14.7,,,4324.61,19.91
underway_1200.34143563,34143563,201011040,2011-04-14T08:40:00,20110414083959,MULTIPOINT ((-47.9567 140.7052)),140.7052,-47.9567,43.1,42.929,42.55554199,,12.1,0.83,-0.19,1.16,-0.01,,,1023.24,,,24.40161547,,47.96,0.004,-0.0984,,87.91447564,98.13,,-8,338.4219,338.9461,,,,1.910676,1.846803,0,-1.754618,0,10.6914,76.2,76,16.81848275,,16.81737152,,7.6,7.6,-30,7.5988,7.6652,11.0284,,19.41037737,,43,0.5,19,352.1,6.7,18.8,6.9,18.6,,,4509.7,19.94
underway_1200.34143683,34143683,201011040,2011-04-14T09:00:00,20110414085959,MULTIPOINT ((-47.9065 140.7744)),140.7744,-47.9065,42.7,42.659,42.25341797,,12,2.2,-0.7,2.19,-1.04,,,1023.39,,,24.41907722,,47.17,-0.017,-0.041,-0.002,92.62566437,103.38,,-8,339.2232,339.8221,,,,1.910663,2.462336,0,-1.754618,0,10.69477,77.2,76,16.81454159,,16.81618801,,7.4,7.5,-30,7.5575,7.6253,11.0143,,19.44629899,,86,15.3,70,8.6,6.4,17.2,5.1,16.7,,,4499.71,19.96
underway_1200.34143803,34143803,201011040,2011-04-14T09:20:00,20110414091959,MULTIPOINT ((-47.8571 140.8424)),140.8424,-47.8571,42.6,42.003,41.98974609,,12.3,3.1,-1.07,1.04,-0.8,,,1023.61,,,24.43435619,,47.28,-0.017,-0.0082,-0.003,91.8825505,102.5,,-8,338.9777,339.6166,,,,1.910672,2.462307,0,-1.754618,0,10.6914,76.9,75.8,16.81204425,,16.8145121,,7.5,7.5,-30,7.5085,7.5843,11.2821,,19.47933087,,6,356.1,337,348.7,1.7,13.6,3,13.7,,,4344.58,19.98
underway_1200.34143923,34143923,201011040,2011-04-14T09:40:00,20110414093959,MULTIPOINT ((-47.806 140.9119)),140.9119,-47.806,42.8,42.8,42.49511719,,12.4,2.15,-0.89,0.98,-0.59,,,1023.8,,,24.44854371,,48.38,-0.015,-0.082,0,85.28840243,95.11,,-8,340.3699,342.1729,,,,1.910666,2.462412,0,-1.754618,0,10.6914,78.2,77.7,16.81037593,,16.81230642,,7.6,7.7,-30,7.5852,7.665,9.843,,19.51162982,,27,356.7,357,347.7,3.8,16.1,4.9,16.2,,,4591.1,20
underway_1200.34144043,34144043,201011040,2011-04-14T10:00:00,20110414095959,MULTIPOINT ((-47.7544 140.981)),140.981,-47.7544,40.6,42.998,42.58300781,,12.3,2.3,-1.04,1.43,-1.34,,,1023.89,,,24.46382259,,48.66,,0.0082,-0.002,83.57201918,93.22,,-8,339.2209,339.8221,,,,1.910676,2.154544,0,-1.754618,0,10.6914,77.4,,16.81389131,,16.80978413,,7.4,,-30,7.557,7.6253,9.8452,,19.54678312,,96,17.5,87,12.2,7.3,17.5,5.9,16.9,,,3837.7,20.04
underway_1200.34144163,34144163,201011040,2011-04-14T10:20:00,20110414101959,MULTIPOINT ((-47.7033 141.0503)),141.0503,-47.7033,42.7,43.086,43.19824219,,12.6,2.96,-0.77,1.09,-1.23,,,1024.12,,,24.4834678,,47.01,-0.01,-0.0246,-0.002,93.25528112,104.07,,-8,339.2924,341.0305,,,,1.910666,2.15459,0,-1.754618,0,10.6914,77.4,76.3,16.80919696,,16.81083862,,7.6,7.6,-30,7.5713,7.6517,10.0342,,19.58120217,,100,12.3,76,5,4,15.3,2.6,14.9,,,3885.93,20.07
underway_1200.34144283,34144283,201011040,2011-04-14T10:40:00,20110414104000,MULTIPOINT ((-47.653 141.1197)),141.1197,-47.653,43,43.969,43.50036621,,12.4,2.53,-0.51,1.24,-1.11,,,1024.34,,,24.50093037,,47.78,-0.015,-0.082,-0.004,88.50945043,98.75,,-8,339.5374,340.1911,,,,1.910659,2.154424,0,-1.754618,0,10.6914,76.7,75.8,16.81032759,,16.81225381,,7.5,7.6,-30,7.6202,7.6989,9.8729,,19.61058861,,108,13.6,92,7.2,3.9,14.5,2.6,14.2,,,3641.36,20.09
underway_1200.34144403,34144403,201011040,2011-04-14T11:00:00,20110414110000,MULTIPOINT ((-47.6026 141.1902)),141.1902,-47.6026,43.1,44.518,44.54406738,,12,2.77,-0.7,0.62,-0.82,,,1024.51,,,24.51184386,,47.09,-0.015,-0.0246,-0.003,92.65871632,103.41,,-8,339.779,340.3852,,,,1.910672,2.154519,0,-1.754618,0,10.6914,75.9,75,16.80882332,,16.80989238,,7.6,7.6,-30,7.6684,7.7376,9.7137,,19.63709767,,41,358.2,1,348.7,3.1,15.2,3.9,15.2,,,4089.6,20.1
underway_1200.34144523,34144523,201011040,2011-04-14T11:20:00,20110414112000,MULTIPOINT ((-47.5521 141.2607)),141.2607,-47.5521,43.4,44.865,44.00024414,,12.4,3.06,-0.11,1.3,-0.62,0,0,1024.5,,,24.51511666,,47.22,-0.012,-0.0984,-0.001,91.85855398,102.5,0,-8,338.91,339.4288,,,,1.910674,2.154427,0,0,0,10.6914,75.6,74.6,16.80678815,,16.80294029,,7.6,7.6,-30,7.6961,7.7614,10.6216,,19.66073256,3.08,69,5.2,43,359.5,3.5,15.7,3.1,15.6,4,,4419.07,20.1
underway_1200.34144643,34144643,201011040,2011-04-14T11:40:00,20110414114000,MULTIPOINT ((-47.5024 141.3307)),141.3307,-47.5024,43.9,44.83,44.02770996,,11.8,1.89,-0.55,0.99,-1.46,0,0,1024.52,,,24.52166461,,48.62,-0.013,0.0164,-0.001,83.64711405,93.31,0,-8,340.4053,340.9877,,,,1.910674,2.154466,0,0,0,10.6914,76.3,75.4,16.81551294,,16.80073251,,7.8,7.8,-30,7.7932,7.8575,10.4472,,19.67863255,3.14,75,11.1,61,5.6,6.7,18,5.8,17.5,4,,4417.76,20.09
underway_1200.34144763,34144763,201011040,2011-04-14T12:00:00,20110414120000,MULTIPOINT ((-47.4534 141.4035)),141.4035,-47.4534,45.4,46.724,45.9942627,,12.5,3.22,-1.67,1.19,-0.71,0,0,1024.82,,,24.53148732,,47.81,-0.017,-0.0082,-0.001,88.3355362,98.5,0,-8,340.1976,340.7422,,,,1.910668,2.462253,0,-1.754618,0,10.6914,77,76.1,16.80372486,,16.80126846,,7.7,7.7,-30,7.7518,7.8087,9.8409,,19.69581232,2.97,90,14.4,72,7.7,6.1,17.4,4.9,17,4,,4462.05,20.09
underway_1200.34144883,34144883,201011040,2011-04-14T12:20:00,20110414122000,MULTIPOINT ((-47.4051 141.476)),141.476,-47.4051,45,46.335,46.02722168,,12.5,1.82,0,1.79,-0.43,0,0,1024.62,,,24.53585238,,48.66,-0.014,0.0328,,83.43257161,93.1,0,-8,340.1978,340.7557,,,,1.910667,2.462159,0,-1.754618,0,10.6914,77.1,75.9,16.79582606,,16.79856608,,7.7,7.7,-30,7.7519,7.8114,10.1812,,19.71084122,2.88,33,355.1,9,346.6,6.1,18.4,6.9,18.4,4,,4647.42,20.09
underway_1200.34145003,34145003,201011040,2011-04-14T12:40:00,20110414124000,MULTIPOINT ((-47.3562 141.5483)),141.5483,-47.3562,44.7,45.884,44.89013672,,12.5,3.47,-0.64,2.12,0,0,0,1024.47,,,24.54240082,,48.77,,-0.041,-0.002,82.8447274,92.4,0,-8,339.7135,340.3295,,,,1.910648,1.846656,0,-1.754618,0,10.6914,75.7,74.9,16.79590104,,16.79864033,,7.6,7.6,-30,7.6553,7.7265,9.7472,,19.72300514,2.75,24,356.3,349,347.9,2.5,14.9,3.7,14.9,4,,4290.82,20.08
underway_1200.34145123,34145123,201011040,2011-04-14T13:00:00,20110414130000,MULTIPOINT ((-47.3069 141.6203)),141.6203,-47.3069,45.6,45.662,45.32958984,,12.7,1.46,-0.43,1.33,0,0,0,1024.48,,,24.54130834,,47.65,-0.017,-0.0738,-0.001,89.32711087,99.62,0,-8,340.057,340.6046,,,,1.910675,2.154458,0,0,0,10.6914,75,74.1,16.7910681,,16.79327267,,7.7,7.7,-30,7.7238,7.7813,10.7321,,19.73445165,4.64,56,3.1,34,356.6,5.2,17.7,5,17.5,4,,4286.98,20.08
underway_1200.34145243,34145243,201011040,2011-04-14T13:20:00,20110414132000,MULTIPOINT ((-47.2574 141.6923)),141.6923,-47.2574,45.9,47.488,47.3236084,,12.2,2.04,-0.21,1.93,0,0,0,1024.44,,,24.54894818,,,-0.015,0.0082,-0.002,,,0,-8,339.3626,338.8447,,,,1.910674,1.538865,0,0,0,10.6914,75.4,74.8,,,16.79331459,,7.7,7.7,-30,7.7863,7.8594,10.7697,,19.74875719,5.72,57,3.3,38,355.2,8.7,20.7,8.5,20.5,0,,4174.08,
underway_1200.34145363,34145363,201011040,2011-04-14T13:40:00,20110414134000,MULTIPOINT ((-47.2102 141.7637)),141.7637,-47.2102,45.3,46.304,46.27441406,,12.2,3.06,-1.19,1.46,0,0,0,1024.26,,,24.56641264,,,-0.015,-0.0492,-0.002,,,0,-8,339.8477,341.5389,,,,1.910676,1.846689,0,-1.754618,0,10.6914,75.8,75,,,16.80298906,,7.7,7.7,-30,7.6821,7.753,10.608,,19.75733914,5.87,39,357,10,348.9,4.1,16.2,4.7,16.2,0,,4598.02,
underway_1200.34145483,34145483,201011040,2011-04-14T14:00:00,20110414140000,MULTIPOINT ((-47.1625 141.8373)),141.8373,-47.1625,46.8,46.779,46.36230469,,12.4,1.96,0,1.58,0,0,0,1024.2,,,24.55440443,,,-0.017,-0.0328,-0.001,,,0,-8,337.0694,337.4796,,,,1.592223,1.538906,0,0,0,10.6914,74.6,73.6,,,16.78945042,,7.5,7.5,-30,7.731,7.8018,10.368,,19.76878014,6.19,52,2.3,33,356.2,5.7,18,5.7,17.9,0,,3303.94,
underway_1200.34145603,34145603,201011040,2011-04-14T14:20:00,20110414141959,MULTIPOINT ((-47.1152 141.9111)),141.9111,-47.1152,46.6,46.692,46.47766113,,12.5,2.85,-0.33,1.7,0,0,0,1023.84,,,24.56095318,,,-0.006,0.0164,,,,0,-8,342.8404,343.5549,,,,1.592224,2.462276,0,-1.754618,0,10.6914,76.7,75.9,,,16.79094829,,8.1,8.1,-30,7.8766,7.9401,10.3934,,19.77735967,6.8,26,353,7,345.1,6.7,18.8,7.6,18.9,0,,4303.1,
underway_1200.34145723,34145723,201011040,2011-04-14T14:40:00,20110414144000,MULTIPOINT ((-47.0677 141.9857)),141.9857,-47.0677,47.9,47.625,47.16430664,,12.5,2.26,0,1.7,0,0,0,1023.61,,,24.56422721,,,-0.012,-0.0902,-0.001,,,0,-8,341.7724,342.4229,,,,1.910629,2.154451,0,-1.754618,0,10.6914,76.1,75.1,,,16.78999432,,8.2,8.2,-30,8.065,8.1427,11.3423,,19.78593818,7.1,40,358.1,18,349.8,6.9,19.3,7.5,19.3,0,,4496.92,
underway_1200.34145843,34145843,201011040,2011-04-14T15:00:00,20110414150000,MULTIPOINT ((-47.021 142.0612)),142.0612,-47.021,48.4,46.423,46.1315918,,12.7,2.36,0,1.42,0,0,0,1023.49,,,24.56313501,,,-0.014,-0.0164,-0.002,,,0,-8,342.8837,343.4819,,,,1.91065,2.154387,0,-1.754618,0,10.6914,75.7,74.8,,,16.78605651,,8.4,8.4,-30,8.2855,8.3526,11.2297,,19.7938009,7.1,58,6.2,43,0.2,8.4,21,8,20.7,0,,4236.29,
underway_1200.34145963,34145963,201011040,2011-04-14T15:20:00,20110414152000,MULTIPOINT ((-46.9718 142.1326)),142.1326,-46.9718,42.8,40.515,40.28686523,,12.4,3.06,-2.16,2.15,0,0,0,1023.92,,,24.56531741,,,-0.014,-0.0492,-0.002,,,0,-8,342.2546,341.6745,,,,1.910675,1.846644,0,-1.754618,0,10.6914,76.8,75.5,,,16.78400384,,8.3,8.3,-30,8.3605,8.4208,10.9202,,19.80309209,7.1,56,6.6,33,358.5,7.1,19.4,6.9,19.2,0,,4460.54,
underway_1200.34146083,34146083,201011040,2011-04-14T15:40:00,20110414154000,MULTIPOINT ((-46.9197 142.2014)),142.2014,-46.9197,42,42.118,41.51184082,,12.6,2.4,-1.46,2.37,-0.04,0,0,1023.45,,,24.56859151,,,-0.012,0.041,-0.002,,,0,-8,341.9067,342.4361,,,,1.910672,1.846643,0,-1.754618,0,10.6914,75,74.2,,,16.78333583,,8.2,8.3,-30,8.2916,8.3586,11.0789,,19.81095292,7.1,58,7.5,43,0.9,10.5,22.9,9.9,22.5,0,,4406.78,
underway_1200.34146203,34146203,201011040,2011-04-14T16:00:00,20110414160000,MULTIPOINT ((-46.8692 142.2713)),142.2713,-46.8692,45.2,45.53,45.19775391,,12.5,2.6,-1.04,1.59,-0.55,0,0,1023.7,,,24.57841488,,,-0.014,-0.0738,-0.003,,,0,-8,339.8207,341.3237,,,,1.910674,2.154426,0,0,0,10.6914,75.1,74.2,,,16.78671742,,8.2,8.2,-30,8.2777,8.3514,11.0777,,19.82095636,7.1,82,17.4,72,12,11.2,22.4,9.9,21.7,0,,4303.06,
underway_1200.34146323,34146323,201011040,2011-04-14T16:20:00,20110414162000,MULTIPOINT ((-46.8206 142.3453)),142.3453,-46.8206,46.7,46.843,46.46118164,,12.8,1.57,-0.12,1.61,0,0,0,1023.97,,,24.5762311,,,,-0.123,,,,0,-8,342.7078,343.3186,,,,1.91066,2.462323,0,-1.754618,0,10.6914,75,74.4,,,16.78196762,,8.3,8.3,-30,8.2506,8.3203,10.2011,,19.82881523,7.1,63,5.1,39,358.1,5.4,18,5.1,17.8,0,,4480.29,
underway_1200.34146443,34146443,201011040,2011-04-14T16:40:00,20110414164000,MULTIPOINT ((-46.7719 142.4193)),142.4193,-46.7719,45.5,46.584,46.39526367,,12.3,1.91,-0.48,1.2,0,0,0,1023.61,,,24.5816883,,,-0.019,-0.0656,-0.002,,,0,-8,340.2389,340.7515,,,,1.910674,2.462096,0,1.754618,0,10.6914,74.3,73.3,,,16.78265026,,8.2,8.3,-30,8.3605,8.4511,10.2938,,19.83738754,7.1,69,7.1,49,0.6,5.8,17.8,5.3,17.6,0,,4636.42,
underway_1200.34146563,34146563,201011040,2011-04-14T17:00:00,20110414170000,MULTIPOINT ((-46.7238 142.4937)),142.4937,-46.7238,46.2,46.159,46.25244141,,12.6,1.34,0,2.05,0,0,0,1023.59,,,24.5882372,,,-0.01,-0.082,-0.002,,,0,-8,343.123,344.7759,,,,1.910676,2.154335,0,-1.754618,0,10.6914,76.1,75.2,,,16.78471535,,8.5,8.5,-30,8.3329,8.3957,10.2218,,19.84453035,7.1,63,6.6,47,360,8.8,21.2,8.4,21,0,,4277.7,
underway_1200.34146683,34146683,201011040,2011-04-14T17:20:00,20110414172000,MULTIPOINT ((-46.6765 142.5672)),142.5672,-46.6765,46.7,46.892,46.84020996,,12.2,1.49,-0.03,1.52,0,0,0,1023.59,,,24.58932809,,,-0.014,-0.123,-0.002,,,0,-8,341.107,341.548,,,,1.910676,1.846572,0,-1.754618,0,10.6914,73.5,72.3,,,16.78213377,,8.3,8.3,-30,8.3329,8.3958,10.1214,,19.85310077,7.1,44,359.1,23,351.9,6,18.3,6.3,18.2,0,,4148.61,
underway_1200.34146803,34146803,201011040,2011-04-14T17:40:00,20110414174000,MULTIPOINT ((-46.6291 142.64)),142.64,-46.6291,47.3,47.321,47.09838867,,12.3,2.68,0,1.17,0,0,0,1023.31,,,24.59041893,,,-0.016,-0.0902,-0.001,,,0,-8,343.3002,343.7994,,,,1.910676,2.462193,0,-1.754618,0,10.6914,74.3,73.6,,,16.77927043,,8.6,8.6,-30,8.5672,8.6281,10.0945,,19.86238424,7.1,53,1.6,26,353.5,5.2,17.4,5.3,17.2,0,,4066.56,
underway_1200.34146923,34146923,201011040,2011-04-14T18:00:00,20110414180000,MULTIPOINT ((-46.582 142.7131)),142.7131,-46.582,47,47.061,46.28540039,,12.6,2.74,0,1.43,-0.07,0,0,1023.15,,,24.59587608,,,-0.009,-0.041,-0.002,,,0,-8,341.8772,342.2841,,,,1.910676,2.462141,0,-1.754618,0,10.6914,74.2,73,,,16.77967108,,8.7,8.7,-30,8.6842,8.7537,10.1546,,19.8716665,7.1,51,2.4,28,355.6,5.3,17.9,5.4,17.8,0,,4173.31,
underway_1200.34147043,34147043,201011040,2011-04-14T18:20:00,20110414182000,MULTIPOINT ((-46.5349 142.7862)),142.7862,-46.5349,46.9,45.749,45.46691895,,12.5,1.39,-0.37,1.46,-0.74,0,0,1023.13,,,24.60024149,,,-0.01,-0.0902,-0.004,,,0,-8,344.8465,345.388,,,,1.910611,2.462088,0,-1.754618,0,10.6914,75.2,74.4,,,16.778408,,8.8,8.8,-30,8.8721,8.9411,10.2902,,19.88308915,7.1,57,5.3,39,358.2,8.7,21,8.4,20.8,0,,4308.98,
underway_1200.34147163,34147163,201011040,2011-04-14T18:40:00,20110414184000,MULTIPOINT ((-46.488 142.8585)),142.8585,-46.488,46.8,46.491,46.10961914,,12.3,1.73,-0.73,1.25,0,0,0,1023.24,,,24.60351532,,,-0.014,-0.1148,-0.002,,,0,-8,335.9071,339.0698,,,,1.910631,1.84653,0,-1.754618,0,10.6914,73.7,72.6,,,16.77633072,,8.6,8.6,-30,8.6996,8.7564,10.1759,,19.89450998,7.1,61,5.5,39,357.8,6.7,18.9,6.4,18.7,0,,4412.16,
underway_1200.34147283,34147283,201011040,2011-04-14T19:00:00,20110414190000,MULTIPOINT ((-46.4408 142.9307)),142.9307,-46.4408,46.7,46.85,46.16455078,,12.5,2.85,-0.69,1.98,0,0,0,1023.4,,,24.61006385,,,-0.013,-0.082,-0.002,,,0,-8,341.9562,342.357,,,,1.910624,2.462118,0,-1.754618,0,10.6914,73.9,72.8,,,16.77641743,,8.8,8.8,-30,8.6998,8.768,10.2634,,19.90664261,7.1,59,4.9,36,357.3,6.2,18.5,6,18.3,0,,4439.04,
underway_1200.34147403,34147403,201011040,2011-04-14T19:20:00,20110414192000,MULTIPOINT ((-46.3936 143.0042)),143.0042,-46.3936,46.8,47.216,46.76879883,,12.5,1.76,-0.36,1.26,0,0,0,1023.51,,,24.62207031,,,-0.01,0,-0.004,,,0,-8,344.7468,344.2048,,,,1.910583,2.154341,0,-1.754618,0,10.6914,74.6,72.7,,,16.78057871,,8.9,8.9,-30,8.8525,8.92,10.3859,,19.91877317,7.1,27,351.4,14,344.4,10.5,22.7,11.5,23,0,,4468.02,
underway_1200.34147523,34147523,201011040,2011-04-14T19:40:00,20110414194000,MULTIPOINT ((-46.3463 143.0771)),143.0771,-46.3463,45.6,45.929,45.69213867,,12.2,1.91,-0.56,0.84,0,0,0,1023.53,,,24.62534393,,,-0.026,-0.0902,-0.002,,,0,-8,345.2422,345.7754,,,,1.910543,2.154311,0,-1.754618,0,10.6914,73,72,,,16.77737428,,9,9,-30,8.95,9.0173,10.6182,,19.93304178,7.1,13,349,358,342.8,5.4,16.7,6.5,17,0,,4540.23,
underway_1200.34147643,34147643,201011040,2011-04-14T20:00:00,20110414200000,MULTIPOINT ((-46.2985 143.1486)),143.1486,-46.2985,46.7,47.321,46.90063477,,12.4,2.6,-0.15,0.94,0,0,0,1024.05,,,24.6329839,,,,-0.0082,,,,0,-8,345.6346,345.1004,,,,1.910495,2.154431,0,-1.754618,0,10.68803,72.7,71.7,,,16.77742978,,9,9,-30,9.0272,9.0961,10.8539,,19.94730754,7.1,33,357.7,5,352.7,2.3,14.8,2.8,14.8,0,,4588.03,
underway_1200.34147763,34147763,201011040,2011-04-14T20:20:00,20110414202000,MULTIPOINT ((-46.2502 143.2208)),143.2208,-46.2502,45.4,46.954,46.78527832,,12.6,1.39,-0.87,1.97,0,0,0,1024.22,,,24.64062389,,,-0.005,-0.0902,-0.003,,,0,-8,346.6104,347.1692,,,,1.910503,2.154351,0,-1.754618,0,10.6914,73.1,72,,,16.7774859,,9.3,9.3,-30,9.2188,9.2908,10.4464,,19.96157044,7.1,44,358.1,2,350.3,2.5,15.1,3.1,15,0,,4636.42,
underway_1200.34147883,34147883,201011040,2011-04-14T20:40:00,20110414204000,MULTIPOINT ((-46.2017 143.2918)),143.2918,-46.2017,45.1,46.855,46.46118164,,12.3,1.57,0,2.24,-0.46,0,0,1024.3,,,24.64717218,,,-0.017,-0.0574,-0.002,,,0,-8,348.0991,349.732,,,,1.910377,2.462002,0,-1.754618,0,10.68803,72.6,71.6,,,16.77616484,,9.7,9.7,-30,9.5103,9.5818,10.2211,,19.97725635,7.1,40,357.6,18,351.9,3.9,16.2,4.3,16.2,0,,4587.65,
underway_1200.34148003,34148003,201011040,2011-04-14T21:00:00,20110414210000,MULTIPOINT ((-46.1527 143.3635)),143.3635,-46.1527,45.1,47.417,46.88964844,,12.4,2.22,-0.25,1.42,-0.39,0,0,1024.27,,,24.6526286,,,,0.0164,-0.001,,,0,-8,350.7866,351.4127,,,,5.094299,4.924024,0,1.754618,0,10.68128,73,72.1,,,16.77262308,,10,10,-30,9.8381,9.9096,10.2694,,19.99650251,7.1,27,353.7,6,348.1,3.8,16,4.4,16,0,,4757.74,
underway_1200.34148123,34148123,201011040,2011-04-14T21:20:00,20110414212000,MULTIPOINT ((-46.1039 143.4356)),143.4356,-46.1039,46,47.244,46.65893555,,12.5,2.59,0,1.79,0,0,10,1024.38,,,24.67009269,,,-0.015,-0.082,-0.002,,,0,-8,348.8828,349.229,,,,21.0139,21.5431,11.02033,8.773087,0,10.68466,70.9,70.1,,,16.77859335,,10,10,-30,10.0561,10.1127,10.7803,,20.01431841,7.1,48,0.4,26,352.9,6.6,19.4,6.7,19.2,0,,4764.67,
underway_1200.34148243,34148243,201011040,2011-04-14T21:40:00,20110414214000,MULTIPOINT ((-46.0546 143.5083)),143.5083,-46.0546,46.4,46.331,46.09863281,,12.5,1.89,-0.67,1.22,0,0,60,1024.56,,,24.67773216,,,-0.021,-0.1148,-0.004,,,0,-8,351.8083,351.227,,,,41.39101,42.46951,18.36722,19.30038,0,10.68466,71,70,,,16.77583679,,10.2,10.2,-30,10.2328,10.2916,10.5395,,20.03569162,7.1,325,349.5,320,343.2,2.5,13.1,3.9,13.3,0,,4871.42,
underway_1200.34148363,34148363,201011040,2011-04-14T22:00:00,20110414220000,MULTIPOINT ((-46.0071 143.5804)),143.5804,-46.0071,45.4,45.941,45.88989258,,12.2,1.33,-1.11,1.45,-1.22,0,160,1024.61,,,24.68864633,,,-0.014,-0.0082,,,,0,-8,350.5622,352.0002,,,,80.87165,83.09228,38.57116,38.60155,0,10.67791,71.1,70.3,,,16.77495895,,10.3,10.3,-30,10.382,10.4415,10.9894,,20.05848266,7.1,87,11,67,4.6,4.9,16.2,3.9,15.9,0,,4788.16,
underway_1200.34148483,34148483,201011040,2011-04-14T22:20:00,20110414222000,MULTIPOINT ((-45.9594 143.6529)),143.6529,-45.9594,47.4,48.332,47.97729492,,12.6,2.37,-0.58,0.91,-0.37,0,210,1024.92,,,24.70392655,,,-0.005,-0.1148,0,,,0,-8,353.6285,354.059,,,,99.02002,102.173,47.75411,49.12927,0,10.68454,71.2,70.1,,,16.7753641,,10.4,10.4,-30,10.5853,10.6316,11.0045,,20.08624941,7.1,117,9.8,93,3.1,2.8,13.8,1.4,13.6,0,,4616.45,
underway_1200.34148603,34148603,201011040,2011-04-14T22:40:00,20110414224000,MULTIPOINT ((-45.9111 143.7259)),143.7259,-45.9111,45.9,47.295,46.58203125,,12.7,2.31,-0.46,1.23,-0.86,0,350,1025.31,,,24.72029842,,,-0.02,-0.0902,-0.002,,,0,-8,355.3817,354.7418,,,,164.29,169.5698,80.81571,84.2216,0,10.6779,70.7,69.6,,,16.77658269,,10.7,10.7,-30,10.9236,10.9708,11.9725,,20.11400536,7.1,42,358.9,17,351.3,5.2,18,5.5,17.8,0,,5521.92,
underway_1200.34148723,34148723,201011040,2011-04-14T23:00:00,20110414230000,MULTIPOINT ((-45.8638 143.7993)),143.7993,-45.8638,46.6,46.607,46.39526367,,12.6,2.12,-0.74,1.68,-1.53,0,370,1025.32,,,24.73776156,,,-0.023,-0.0738,0,,,0,-8,356.1601,357.6677,,,,163.65,169.262,78.97637,84.2216,0,10.67786,70.9,70.3,,,16.776649,,10.8,10.8,-30,11.0734,11.1197,12.0687,,20.14672929,7.1,49,1.8,15,355,2.8,15.4,3.2,15.4,0,,4730.76,
underway_1200.34148843,34148843,201011040,2011-04-14T23:20:00,20110414232000,MULTIPOINT ((-45.816 143.8734)),143.8734,-45.816,46.4,45.681,45.10986328,,12.7,2.44,0,0.45,-1.36,0,530,1025.51,,,24.75740793,,,0.002,-0.0246,-0.002,,,0,-8,357.0676,356.4314,,,,221.5995,229.5809,110.1975,115.8045,0,10.67759,69.9,69.4,,,16.77805902,,10.8,10.8,-30,11.2478,11.2956,12.7113,,20.18014913,7.1,66,5.5,42,358.9,4.9,17.6,4.4,17.3,0,,4736.94,
underway_1200.34148963,34148963,201011040,2011-04-14T23:40:00,20110414234000,MULTIPOINT ((-45.7683 143.9479)),143.9479,-45.7683,46.9,45.972,45.77453613,,12.8,1.67,-0.55,0.29,-0.85,0,710,1025.72,,,24.77814572,,,-0.012,-0.0656,-0.003,,,0,-8,357.106,356.3608,,,,289.732,300.6709,146.9374,150.897,0,10.67106,68.6,68.6,,,16.77888006,,10.6,10.6,-30,11.2552,11.282,13.3687,,20.21710607,7.1,164,9.3,215,2.9,1.8,12.1,1,11.8,0,,4776.19,
underway_1200.34149083,34149083,201011040,2011-04-15T00:00:00,20110415000000,MULTIPOINT ((-45.7217 144.0194)),144.0194,-45.7217,45.5,43.449,42.87963867,,11.6,1.46,0,1.98,-3.01,0,680,1025.59,,,24.79779186,,,-0.007,-0.082,-0.003,,,0,-8,357.9382,357.2769,,,,293.5312,306.2104,146.9342,150.897,0,10.66442,69.7,69.5,,,16.77833556,,10.8,10.8,-30,11.4148,11.4577,14.2316,,20.25546422,7.1,96,22.5,95,20.5,7.5,17.4,6.5,16.6,0,,4426.48,
underway_1200.34149203,34149203,201011040,2011-04-15T00:20:00,20110415002000,MULTIPOINT ((-45.6745 144.086)),144.086,-45.6745,44.1,43.999,43.25317383,,11.9,1.87,-0.8,0.41,-1.26,0,790,1025.63,,,24.82180437,,,-0.008,-0.1066,-0.002,,,0,-8,358.268,358.1939,,,,332.3582,345.6023,167.1331,173.7034,0,10.6644,69.5,69.2,,,16.77991261,,10.8,10.9,-30,11.4779,11.6331,14.0635,,20.29664079,7.1,112,22.5,109,18.1,6,15.1,4.7,14.4,0,,4473.58,
underway_1200.34149323,34149323,201011040,2011-04-15T00:40:00,20110415004000,MULTIPOINT ((-45.628 144.152)),144.152,-45.628,45.6,44.914,44.42321777,,11.7,2.61,-0.79,0.27,-0.78,0,860,1025.8,,,24.84800016,,,,-0.1066,-0.001,,,0,-8,359.0045,358.7583,,,,367.3781,380.9934,183.6716,189.4921,0,10.66438,69.8,69.5,,,16.7825495,,11,11,-30,11.6189,11.7409,14.2029,,20.3392123,7.1,108,16,95,10.9,3.6,13.8,2.5,13.5,0,,4607.8,
underway_1200.34149443,34149443,201011040,2011-04-15T01:00:00,20110415010000,MULTIPOINT ((-45.5834 144.2194)),144.2194,-45.5834,45.8,46.483,45.703125,,11.6,2.11,-0.11,0.26,-0.7,0,790,1025.71,,,24.86982912,,,-0.004,-0.0574,-0.002,,,0,-8,360.2086,360.8227,,,,324.0748,335.4466,159.7851,164.9317,0,10.66101,70.5,70,,,16.78000847,,11.1,11.2,-30,11.8488,11.9295,14.2225,,20.38672057,7.1,139,14,144,7.5,2.7,11.8,1.4,11.5,0,,4705.54,
underway_1200.34149563,34149563,201011040,2011-04-15T01:20:00,20110415012000,MULTIPOINT ((-45.5382 144.2856)),144.2856,-45.5382,47.3,46.697,46.45568848,,11.6,2.71,-1.21,0,-2.39,0,960,1025.35,,,24.89711636,,,-0.021,-0.041,-0.001,,,0,-8,360.6261,359.9239,,,,422.131,437.6193,213.0523,221.0698,0,10.65086,69.3,68.7,,,16.78123171,,11.1,11.1,-30,11.9284,11.9632,14.0391,,20.43490567,7.1,42,359.4,21,352.4,5.2,16.8,5.6,16.8,0,,3555.84,
underway_1200.34149683,34149683,201011040,2011-04-15T01:40:00,20110415014000,MULTIPOINT ((-45.4958 144.3543)),144.3543,-45.4958,48.5,47.098,46.41723633,,11.7,3.21,-1.25,1.03,-1.51,0,1050,1025.59,,,24.93095351,,,-0.02,-0.0574,-0.002,,,0,-8,360.3327,360.5244,,,,430.3942,448.0828,218.5558,226.3261,0,10.65093,68.2,68.2,,,16.78645747,,11,11,-30,12.0645,12.0775,14.0075,,20.48518199,7.1,75,5.7,28,358.7,2.2,13.7,2,13.6,0,,4739.12,
underway_1200.34149803,34149803,201011040,2011-04-15T02:00:00,20110415020000,MULTIPOINT ((-45.4521 144.4214)),144.4214,-45.4521,45.6,46.969,46.1315918,,11.6,1.68,-0.07,0.08,-1.48,0,1170,1025.52,,,24.95933229,,,-0.028,-0.0492,-0.002,,,0,-8,360.2853,359.7482,,,,484.5114,505.3241,247.9353,257.8973,0,10.65088,68.3,67.7,,,16.78627034,,10.9,10.9,-30,11.8634,11.9295,14.3572,,20.53895979,7.1,56,1.7,28,354.2,4.4,15.9,4.2,15.7,0,,4591.1,
underway_1200.34149923,34149923,201011040,2011-04-15T02:20:00,20110415022000,MULTIPOINT ((-45.4072 144.4888)),144.4888,-45.4072,47.3,46.975,46.52709961,,11.7,1.6,0,0.42,-1.97,0,1030,1025.21,,,24.99098601,,,-0.005,-0.0902,-0.002,,,0,-8,359.2564,359.3084,,,,442.4894,458.5462,222.2253,231.5741,0,10.65086,69.5,69.2,,,16.78739452,,11,11,-30,12.0514,12.0506,14.5304,,20.59552442,7.1,78,11,60,4.5,6.4,17.4,5.5,17,0,,4373.16,
underway_1200.34150043,34150043,201011040,2011-04-15T02:40:00,20110415024000,MULTIPOINT ((-45.3633 144.5562)),144.5562,-45.3633,47.2,47.165,46.65344238,,11.4,2.47,0,0.52,-0.78,0,1990,1025.25,,,25.02263971,,,-0.013,-0.0738,-0.002,,,0,-8,359.3991,359.1666,,,,641.1297,661.6607,337.9181,347.3821,0,10.64409,67.1,66.6,,,16.78741947,,10.8,10.8,-30,12.0785,12.0237,14.1658,,20.65486924,7.1,67,6.5,49,1,4.9,16.2,4.5,16,0,,4361.92,
underway_1200.34150163,34150163,201011040,2011-04-15T03:00:00,20110415030000,MULTIPOINT ((-45.3183 144.6237)),144.6237,-45.3183,45.8,47.111,46.56555176,,11.9,1.9,-0.46,1.04,-2,0,1940,1025.01,,,25.05320175,,,-0.016,-0.1148,-0.001,,,0,-8,359.5591,359.268,,,,615.3286,636.4197,325.0717,333.3367,0,10.63714,67.4,67.6,,,16.78582559,,11,10.9,-30,12.6823,12.6555,14.3598,,20.71628175,7.1,131,6.2,334,358.2,1.4,12,0.3,11.9,0,,2282.16,
underway_1200.34150283,34150283,201011040,2011-04-15T03:20:00,20110415032000,MULTIPOINT ((-45.2725 144.6905)),144.6905,-45.2725,46.2,47.053,46.47216797,,11.7,1.89,-0.9,0.65,-1.51,0,1100,1024.84,,,25.08813051,,,-0.013,-0.0164,-0.001,,,0,-8,362.602,362.9328,,,,427.1964,442.54,216.7075,224.5644,0,10.63032,69.5,68.8,,,16.78634653,,11.2,11.3,-30,12.4952,12.5346,14.2929,,20.78046159,7.1,160,22.8,167,18.4,4.6,10.6,3.8,10.2,0,,2001.41,
underway_1200.34150403,34150403,201011040,2011-04-15T03:40:00,20110415034000,MULTIPOINT ((-45.2268 144.7553)),144.7553,-45.2268,44.6,46.625,46.09313965,,11.6,1.45,0,0.17,-1.08,0,1250,1024.97,,,25.12524263,,,-0.016,-0.0574,,,,0,-8,360.7322,359.071,,,,489.2408,509.0097,251.5956,263.1512,0,10.63679,66.1,65.4,,,16.78710192,,11.2,11.3,-30,12.3317,12.4143,14.3178,,20.8481056,7.1,105,9.7,88,4.8,2.9,13.3,2.1,13.2,0,,2256.02,
underway_1200.34150523,34150523,201011040,2011-04-15T04:00:00,20110415040000,MULTIPOINT ((-45.1812 144.8182)),144.8182,-45.1812,42.9,46.844,46.61499023,,11.3,2.59,-1.12,0.73,-1.23,0,1030,1024.9,,,25.16563021,,,-0.009,-0.1066,-0.003,,,0,-8,359.9057,358.4948,,,,412.8407,427.7606,211.1955,217.5385,0,10.63708,66.9,66.3,,,16.79053858,,11.3,11.4,-30,12.3661,12.509,14.3716,,20.91498226,7.1,114,16,106,10.5,4.6,13.6,3.3,13.2,0,,2539.16,
underway_1200.34150643,34150643,201011040,2011-04-15T04:20:00,20110415042000,MULTIPOINT ((-45.1347 144.8792)),144.8792,-45.1347,42.1,47.416,46.71936035,,11.5,2.24,-0.74,1.53,-1.48,0,1560,1024.85,,,25.20274263,,,,0,-0.002,,,0,-8,358.3588,358.3296,,,,497.8126,508.986,260.7718,266.6573,0,10.63737,65.6,65,,,16.78994429,,11.3,11.3,-30,12.4549,12.4777,14.1572,,20.98601444,7.1,123,4.7,82,358.4,1.6,11.8,0.5,11.8,0,,2389.25,
underway_1200.34150763,34150763,201011040,2011-04-15T04:40:00,20110415044000,MULTIPOINT ((-45.0878 144.9423)),144.9423,-45.0878,44.2,46.785,46.31286621,,11.9,1.62,-0.49,0.98,-1.39,0,1010,1024.63,,,25.2376721,,,-0.011,-0.082,0,,,0,-8,358.5592,358.2186,,,,376.8729,388.3612,194.6708,199.9939,0,10.63353,66.6,65.9,,,16.78887017,,11.4,11.5,-30,12.4931,12.4567,14.1008,,21.05416739,6.96,141,9.9,150,3.8,2.2,11.9,1,11.7,0,,2938.5,
underway_1200.34150883,34150883,201011040,2011-04-15T05:00:00,20110415050000,MULTIPOINT ((-45.0407 145.0092)),145.0092,-45.0407,46,47.706,47.40600586,,11.7,1.72,-0.04,0.62,-0.37,0,1170,1024.71,,,25.27587718,,,-0.016,-0.0492,-0.001,,,0,-8,357.7727,358.6739,,,,390.2309,398.2145,205.6815,208.7689,0,10.63643,65.4,64.9,,,16.79101685,,11.6,11.6,-30,12.5349,12.543,14.3914,,21.12015089,7.1,131,11.6,129,5.9,2.9,12.4,1.7,12.1,0,,2973.7,
underway_1200.34151003,34151003,201011040,2011-04-15T05:20:00,20110415052000,MULTIPOINT ((-44.9946 145.0755)),145.0755,-44.9946,45.6,48.176,47.74658203,,11.8,2.48,-0.94,0.75,-0.14,0,2070,1024.41,,,25.30425747,,,-0.01,-0.1066,0,,,0,-8,326.4284,329.0301,,,,397.8652,384.9751,216.7039,214.0277,0,10.62962,65.5,64.1,,,16.78875354,,11.5,11.5,-30,12.5156,12.43,14.5518,,21.17906366,7.1,74,9.3,54,1.1,7.9,19,7.1,18.8,0,,3312.42,
underway_1200.34151123,34151123,201011040,2011-04-15T05:40:00,20110415054000,MULTIPOINT ((-44.9468 145.1414)),145.1414,-44.9468,44.3,48.184,47.79052734,,12.2,1.49,-0.25,0.87,-0.26,0,2350,1024.14,,,25.33154624,,,-0.011,-0.0328,-0.001,,,0,-8,340.3476,342.7565,,,,387.6736,385.8956,214.8669,207.0121,0,10.62989,65.4,65,,,16.78598597,,11.7,11.7,-30,12.6703,12.5847,14.7121,,21.23722772,7.1,89,10.9,73,4.9,6,17,5,16.8,0,,3120.25,
underway_1200.34151243,34151243,201011040,2011-04-15T06:00:00,20110415060000,MULTIPOINT ((-44.8994 145.2099)),145.2099,-44.8994,46.1,50.383,49.94934082,,12.1,2.21,0,0.77,0,0,2030,1024.13,,,25.36101859,,,-0.009,-0.1312,-0.002,,,0,-8,319.6704,319.9291,,,,388.9607,280.3441,211.1952,140.3468,0,10.62284,66,65.1,,,16.78454788,,11.6,11.7,-30,12.3806,12.3363,14.772,,21.2960447,7.1,70,2.9,44,355.4,4.9,16.9,4.4,16.7,0,,3074.86,
underway_1200.34151363,34151363,201011040,2011-04-15T06:20:00,20110415062000,MULTIPOINT ((-44.8523 145.281)),145.281,-44.8523,48.2,51.646,51.37756348,,12.6,1.56,-0.21,1.88,-1.02,0,4160,1024.3,,,25.38830795,,,-0.013,-0.0492,-0.002,,,0,-8,292.9996,293.7993,,,,192.256,156.9467,104.6795,80.69894,0,10.62358,65.1,64,,,16.78316893,,11.5,11.5,-30,12.2924,12.073,14.7601,,21.35061745,7.1,135,15.4,135,9.9,4.2,13.4,2.9,13,0,,3209.61,
underway_1200.34151483,34151483,201011040,2011-04-15T06:40:00,20110415064000,MULTIPOINT ((-44.807 145.3575)),145.3575,-44.807,52.2,51.803,52.02575684,,12.3,2.15,-1.15,1.6,-0.8,0,470,1024,,,25.41668917,,,-0.012,-0.082,-0.002,,,0,-8,348.1162,349.9354,,,,136.87,139.7136,73.4599,73.68164,0,10.62255,66.3,65.7,,,16.78232186,,11.6,11.6,-30,12.2326,11.9046,14.7906,,21.40584771,7.1,108,14.5,97,9.7,4.2,15.1,3.1,14.7,0,,3572.68,
underway_1200.34151603,34151603,201011040,2011-04-15T07:00:00,20110415070000,MULTIPOINT ((-44.7651 145.4341)),145.4341,-44.7651,50.4,49.364,48.91113281,,12.4,1.36,0,0.94,-0.49,0,1280,1023.63,,,25.442887,,,,-0.1394,-0.001,,,0,-8,284.7277,286.7916,,,,131.7732,102.7854,86.31169,38.5965,0,10.63706,65.6,65.1,,,16.77990813,,11.5,11.5,-30,12.0603,11.7629,14.6484,,21.46103564,7.1,78,12.8,66,7.5,8.6,20.4,7.8,20,0,,3681.05,
underway_1200.34151723,34151723,201011040,2011-04-15T07:20:00,20110415072000,MULTIPOINT ((-44.7193 145.5087)),145.5087,-44.7193,46.4,46.846,46.32385254,,12.4,1.27,0,1.48,-0.47,0,600,1023.71,,,25.48218589,,,-0.012,-0.1066,,,,0,-8,274.4057,277.2978,,,,56.65915,51.0858,40.40348,31.57821,0,10.63713,67,65.9,,,16.78507932,,11.5,11.6,-30,11.8221,11.5933,14.7037,,21.52106561,3.3,98,25.4,99,24.3,11.6,21.7,10.5,20.7,4,,3679.63,
underway_1200.34151843,34151843,201011040,2011-04-15T07:40:00,20110415074000,MULTIPOINT ((-44.6726 145.5803)),145.5803,-44.6726,47.8,45.683,45.18676758,,12.5,1.96,-0.91,1.6,0,0,30,1023.69,,,25.5029248,,,-0.011,-0.082,-0.004,,,0,-8,268.3637,274.0842,,,,15.91584,16.00294,5.509308,5.26306,0,10.6506,67.1,66.4,,,16.77713651,,11.4,11.4,-30,11.4376,11.3902,14.4629,,21.58034845,2.44,74,13.6,62,7.6,9.7,21.6,8.7,21,4,,3638.57,
underway_1200.34151963,34151963,201011040,2011-04-15T08:00:00,20110415080000,MULTIPOINT ((-44.6255 145.6513)),145.6513,-44.6255,46.5,45.216,45.24169922,,12.4,2.58,-0.94,1.95,-1.44,0,0,1024.19,,,25.53458179,,,-0.009,0.0082,-0.001,,,0,-8,280.0106,283.8559,,,,2.546626,2.46199,0,-1.754451,0,10.65064,67.3,66.7,,,16.77762383,,11.4,11.4,-30,11.1591,11.201,14.4608,,21.6381894,2.41,82,17.8,72,12.8,10.9,22.3,9.7,21.6,4,,3582.67,
underway_1200.34152083,34152083,201011040,2011-04-15T08:20:00,20110415082000,MULTIPOINT ((-44.5776 145.7202)),145.7202,-44.5776,44.9,45.836,45.03845215,,12.1,2.6,-0.61,1.45,-1.11,0,0,1024.93,,,25.56514782,,,-0.007,-0.1066,-0.002,,,0,-8,342.2173,344.669,,,,1.910023,2.461992,-1.83647,-1.754394,0,10.65751,67.8,67.2,,,16.78028743,,11.5,11.5,-30,11.2988,11.3091,14.5143,,21.68832712,2.36,106,24.2,105,21.4,8.2,17.7,7,16.9,4,,3505.59,
underway_1200.34152203,34152203,201011040,2011-04-15T08:40:00,20110415084000,MULTIPOINT ((-44.5292 145.7881)),145.7881,-44.5292,44.5,46.286,46.04919434,,12.3,1.75,0,2.9,-0.62,0,0,1024.88,,,25.58042935,,,-0.015,-0.0492,-0.003,,,0,-8,344.8723,348.3728,,,,1.91005,2.154234,0,-1.754404,0,10.66038,68,67.3,,,16.77438063,,11.7,11.7,-30,11.6143,11.6064,13.9565,,21.73216906,2.43,118,24.1,120,22.5,6.6,15.6,5.9,15,4,,2676.83,
underway_1200.34152323,34152323,201011040,2011-04-15T09:00:00,20110415090000,MULTIPOINT ((-44.4799 145.855)),145.855,-44.4799,44.5,46.664,46.1315918,,12.1,1.61,0,1.99,-1.13,0,0,1025.22,,,25.59571132,,,-0.018,-0.041,-0.003,,,0,-8,353.6715,354.6003,,,,1.910053,2.461971,0,-1.754369,0,10.65758,69.2,68,,,16.77036395,,11.7,11.8,-30,11.7553,11.7684,13.6466,,21.77111732,2.38,117,28.9,122,29.5,9.4,17.3,8.9,16.4,4,,2661.42,
underway_1200.34152443,34152443,201011040,2011-04-15T09:20:00,20110415092000,MULTIPOINT ((-44.4322 145.9216)),145.9216,-44.4322,44.5,46.117,45.67016602,,11.9,2.18,-0.14,2.98,-0.42,0,0,1025.28,,,25.60881059,,,-0.01,-0.1148,,,,0,-8,355.8315,355.8148,,,,1.910032,2.154243,0,-1.754431,0,10.65055,67.4,66.8,,,16.76880159,,11.8,11.8,-30,11.7828,11.7948,13.9223,,21.79961969,2.24,99,17.7,92,13.7,6.5,16.6,5.4,16.1,4,,2291.45,
underway_1200.34152563,34152563,201011040,2011-04-15T09:40:00,20110415094000,MULTIPOINT ((-44.3849 145.9862)),145.9862,-44.3849,44.7,45.499,44.84619141,,11.8,2.1,0,1.82,0,0,0,1025.15,,,25.61863465,,,-0.007,-0.0492,-0.003,,,0,-8,345.9286,347.5254,,,,1.910032,2.154244,0,-1.754382,0,10.65417,67.8,66.8,,,16.76569568,,11.8,11.8,-30,11.8164,11.8555,13.7948,,21.82602648,2.19,85,16.5,74,11,8.7,19.4,7.5,18.8,4,,2230.59,
underway_1200.34152683,34152683,201011040,2011-04-15T10:00:00,20110415100000,MULTIPOINT ((-44.3399 146.0518)),146.0518,-44.3399,47.8,47.713,47.85644531,,11.8,1.26,-0.45,1.52,-0.32,0,0,1024.68,,,25.62627558,,,-0.009,-0.0738,-0.002,,,0,-8,311.4793,315.1448,,,,1.910048,1.846494,0,-1.754326,0,10.65766,68.1,67.6,,,16.76316522,,11.8,11.8,-30,11.7823,11.8353,13.7765,,21.84686712,2.04,81,17.5,72,12.1,13.1,23.8,11.8,23,4,,2260.93,
underway_1200.34152803,34152803,201011040,2011-04-15T10:20:00,20110415102000,MULTIPOINT ((-44.2966 146.119)),146.119,-44.2966,47.8,48.764,48.32336426,,11.7,2.11,0,0.86,-0.93,0,0,1024.15,,,25.63173341,,,-0.014,-0.0902,-0.002,,,0,-8,272.2606,277.4369,,,,1.910064,2.154244,0,-1.754325,0,10.65085,68.4,67.9,,,16.76147427,,11.8,11.8,-30,11.607,11.6196,14.116,,21.86145199,2.23,77,15.7,68,10,14.2,25.3,12.9,24.5,10,,2216,
underway_1200.34152923,34152923,201011040,2011-04-15T10:40:00,20110415104000,MULTIPOINT ((-44.252 146.1888)),146.1888,-44.252,48.3,48.285,48.08166504,,12.3,1.42,0,0,-1.33,0,0,1024.45,,,25.6317326,,,,-0.0492,-0.001,,,0,-8,278.4522,284.0395,,,,1.910048,2.46195,-1.836656,-1.754297,0,10.66432,69,68.7,,,16.75773998,,11.9,11.9,-30,11.6345,11.6477,14.0417,,21.8711736,2.08,73,12.6,62,6.8,13.2,24.8,12.2,24.2,20,,1182.72,
underway_1200.34153043,34153043,201011040,2011-04-15T11:00:00,20110415110000,MULTIPOINT ((-44.2065 146.2581)),146.2581,-44.2065,47.4,48.083,47.86743164,,12.4,2.02,0,0,-2.13,0,0,1024.38,,,25.62845676,,,0.387,-0.0574,-0.002,,,0,-8,327.678,327.8428,,,,1.910043,1.846491,-1.836674,-1.754394,0,10.66442,70,68.7,,,16.75352669,,12.1,12.1,-30,11.7959,11.795,13.911,,21.87603392,1.96,89,23.5,84,20,16.9,27.6,15.4,26.5,30,,1457.85,
underway_1200.34153163,34153163,201011040,2011-04-15T11:20:00,20110415112000,MULTIPOINT ((-44.1603 146.328)),146.328,-44.1603,47.6,48.642,48.19152832,,12.3,1.43,0,0.23,-0.98,0,0,1024.42,,,25.62299778,,,-0.087,-0.0656,-0.001,,,0,-8,270.563,273.343,,,,1.91005,2.154244,0,-1.754348,0,10.66438,67.6,67.1,,,16.74988188,,11.8,11.8,-30,11.668,11.6601,14.2048,,21.87533961,1.82,77,14.4,67,9.1,13,24.4,12,23.8,30,,1393.15,
underway_1200.34153283,34153283,201011040,2011-04-15T11:40:00,20110415114000,MULTIPOINT ((-44.1141 146.3965)),146.3965,-44.1141,46.9,47.867,47.79052734,,11.9,2.23,-0.07,0,-1.71,0,0,1024.4,,,25.62299824,,,-0.024,-0.0656,-0.001,,,0,-8,272.6176,277.3957,,,,1.910054,2.154244,-1.836613,-1.754465,0,10.66442,70.6,69.4,,,16.75201427,,12,12,-30,11.6746,11.6129,14.2133,,21.86978488,1.64,89,22.7,84,18.6,15.7,25.9,14,24.7,30,,916.99,
underway_1200.34153403,34153403,201011040,2011-04-15T12:00:00,20110415120000,MULTIPOINT ((-44.0689 146.4635)),146.4635,-44.0689,46.6,48.386,48.08166504,,11.8,2.02,-0.68,1.63,-3.39,0,0,1024.79,,,25.60771382,,,-0.743,-0.0492,-0.003,,,0,-8,281.8758,286.8529,,,,1.910073,1.846494,0,-1.754339,0,10.66437,69.3,68.9,,,16.7450588,,12.3,12.2,-30,11.9023,11.7746,14.4897,,21.85936862,1.51,90,22.8,84,18.2,14.6,24.4,13,23.4,30,,496.15,
underway_1200.34153523,34153523,201011040,2011-04-15T12:20:00,20110415122000,MULTIPOINT ((-44.0228 146.5317)),146.5317,-44.0228,46.2,48.495,48.52661133,,12.2,2.96,-0.8,1.01,-1.97,0,0,1024.64,,,25.59243025,,,-0.01,-0.041,-0.003,,,0,-8,282.3567,287.5602,,,,1.910106,2.154241,-1.836656,-1.754344,0,10.66442,68.8,68.4,,,16.7418333,,12.2,12.2,-30,11.9951,11.9094,14.4225,,21.83922625,1.68,84,18.8,76,14.2,14.3,25.2,13,24.4,30,,245.75,
underway_1200.34153643,34153643,201011040,2011-04-15T12:40:00,20110415124000,MULTIPOINT ((-43.9769 146.6013)),146.6013,-43.9769,47.6,48.472,48.19152832,,12,1.54,-1.12,0.1,-1.77,0,0,1024.38,,,25.57714707,,,-0.013,-0.041,-0.003,,,0,-8,313.311,314.192,,,,1.910045,2.461992,-1.836646,-1.754389,0,10.66442,71.7,70.2,,,16.74020722,,12.3,12.3,-30,12.1312,12.0641,14.3047,,21.81490901,1.64,101,29.4,101,28.4,16.2,25.3,14.7,23.9,30,,150.34,
underway_1200.34153763,34153763,201011040,2011-04-15T13:00:00,20110415130000,MULTIPOINT ((-43.9323 146.6716)),146.6716,-43.9323,47.6,47.617,47.26867676,,12,2.05,-0.38,0.56,-1.6,0,0,1024.64,,,25.55531347,,,-0.015,-0.0574,,,,0,-8,284.7412,288.3022,,,,1.910036,2.461992,0,-1.754329,0,10.66421,69.2,68.7,,,16.73521474,,12.3,12.3,-30,12.0645,12.0506,14.2817,,21.78710784,1.53,74,13.4,63,7.5,11.4,22.7,10.4,22.1,30,,154.27,
underway_1200.34153883,34153883,201011040,2011-04-15T13:20:00,20110415132000,MULTIPOINT ((-43.8853 146.7401)),146.7401,-43.8853,46.7,47.862,47.55981445,,12.3,1.92,-0.34,0.8,-1.68,0,0,1024.53,,,25.53675555,,,-0.012,-0.123,-0.001,,,0,-8,273.5116,277.4719,,,,1.910035,2.154241,0,-1.754349,0,10.65767,67.1,67,,,16.73363982,,12.3,12.3,-30,12.0377,12.0372,14.2768,,21.75651419,1.77,77,15.1,68,9.9,14.7,26,13.5,25.3,30,,147.36,
underway_1200.34154003,34154003,201011040,2011-04-15T13:40:00,20110415134000,MULTIPOINT ((-43.8387 146.8094)),146.8094,-43.8387,46.8,47.559,47.33459473,,12.2,1.69,0,0.62,-1.12,0,0,1024.3,,,25.51819788,,,0.396,-0.0902,-0.003,,,0,-8,273.5847,277.7169,,,,1.910032,1.846494,0,-1.754378,0,10.65763,66.2,65.7,,,16.73286804,,12.3,12.3,-30,12.0512,12.0843,14.5386,,21.72382027,1.73,74,14.1,65,8.8,15,26.5,13.9,25.8,30,,138.1,
underway_1200.34154123,34154123,201011040,2011-04-15T14:00:00,20110415140000,MULTIPOINT ((-43.7942 146.8808)),146.8808,-43.7942,58.6,58.805,58.05175781,,12.2,1.69,0,0.36,-1.05,0,0,1024.17,,,25.49308959,,,-1.196,-0.0082,-0.003,,,0,-8,275.6011,280.0523,,,,1.910042,2.154212,-3.673102,-1.754359,0,10.65753,69.6,67.4,,,16.72738792,,12.4,12.3,-30,12.0509,12.1188,14.8583,,21.69111153,1.95,75,8.6,61,1.6,13,25,12.2,24.5,30,,121.2,
underway_1200.34154243,34154243,201011040,2011-04-15T14:20:00,20110415142000,MULTIPOINT ((-43.7577 146.9606)),146.9606,-43.7577,56.8,58.499,58.17810059,,12.4,2.23,-0.21,0.76,-1.59,0,0,1024.4,,,25.47453225,,,,-0.0328,-0.002,,,0,-8,277.5565,282.126,,,,1.910006,2.461974,-1.836537,-1.754504,0,10.65767,67.3,66.6,,,16.72742113,,12.3,12.3,-30,12.0386,12.105,14.7981,,21.65629871,1.94,67,3.9,51,356.7,11.2,23.6,10.8,23.3,30,,114.36,
underway_1200.34154363,34154363,201011040,2011-04-15T14:40:00,20110415144000,MULTIPOINT ((-43.7204 147.0405)),147.0405,-43.7204,56.6,57.963,58.01330566,,12.5,1.45,-0.14,1.1,-0.94,0,0,1024.7,,,25.44942436,,,-0.009,-0.0738,-0.002,,,0,-8,277.2641,281.5616,,,,1.910034,1.846493,-1.836634,-1.754381,0,10.66104,66.7,65.2,,,16.72274095,,12.3,12.3,-30,11.9841,11.9969,14.7015,,21.62146907,1.9,51,357.3,30,349.4,6.8,19.2,7.2,19.1,30,,121.78,
underway_1200.34154483,34154483,201011040,2011-04-15T15:00:00,20110415150000,MULTIPOINT ((-43.6832 147.1214)),147.1214,-43.6832,58.7,57.769,57.55187988,,12.9,1.53,-0.78,0.86,-1.45,0,0,1024.35,,,25.43195877,,,-0.01,-0.082,,,,0,-8,281.2326,285.9336,,,,1.909994,1.846494,-1.836603,-1.754514,0,10.66439,66.1,65.8,,,16.72276044,,12.3,12.3,-30,11.972,12.0103,14.6096,,21.58871387,1.89,61,1.8,39,353.7,7.5,20.4,7.6,20.2,30,,106.68,
underway_1200.34154603,34154603,201011040,2011-04-15T15:20:00,20110415152000,MULTIPOINT ((-43.6459 147.2029)),147.2029,-43.6459,56.1,56.629,56.49169922,,12.6,1.67,-0.38,1.2,-0.97,0,0,1024.49,,,25.41449325,,,-0.002,-0.0082,-0.002,,,0,-8,314.9146,318.5294,,,,1.910007,2.461992,-1.836509,-1.754472,0,10.66442,70.1,68.6,,,16.72278333,,12.3,12.3,-30,12.0521,12.0708,14.6971,,21.55594377,1.9,13,346.3,2,340.8,5.9,17.2,7.1,17.6,30,,91.26,
underway_1200.34154723,34154723,201011040,2011-04-15T15:40:00,20110415154000,MULTIPOINT ((-43.6081 147.2831)),147.2831,-43.6081,56.9,57.273,56.86523438,,12.5,2.03,-1.11,0.59,-0.56,0,0,1024.33,,,25.39811919,,,-0.078,-0.0902,-0.002,,,0,-8,283.6965,287.6965,,,,1.910001,2.154244,0,-1.754451,0,10.66442,65.2,65.2,,,16.72198486,,12.2,12.2,-30,11.8644,11.9363,14.7926,,21.52734492,1.84,49,357.7,25,350,5.2,17.6,5.8,17.6,30,,74.25,
underway_1200.34154843,34154843,201011040,2011-04-15T16:00:00,20110415160000,MULTIPOINT ((-43.5604 147.3464)),147.3464,-43.5604,20.1,19.966,19.73144531,,12.6,1.1,0,4.45,-4.42,0,0,1023.95,,,25.37737841,,,-1.439,-0.0082,-0.003,,,0,-8,337.7433,340.0127,,,,1.909992,2.154244,-1.836638,-1.754376,0,10.66084,65.9,65.3,,,16.71911101,,12.3,12.3,-30,11.9854,12.0641,15.3347,,21.49594287,1.94,62,16.3,51,10.5,8.7,19.8,7.3,19.1,30,,72.64,
underway_1200.34154963,34154963,201011040,2011-04-15T16:20:00,20110415162000,MULTIPOINT ((-43.4936 147.3794)),147.3794,-43.4936,20.2,19.596,19.01733398,,12.9,1.04,-0.66,1.9,-1.75,0,0,1024.23,,,25.36428008,,,2.47,-0.0656,-0.001,,,0,-8,330.0886,332.7098,,,,1.91001,2.154242,-1.836557,-1.754413,0,10.66413,70.6,69.3,,,16.72229608,,11.9,11.9,-30,11.8708,11.9027,15.4303,,21.46313055,2.24,337,352.3,315,344.8,3.1,15.4,4.5,15.5,20,,55.68,
underway_1200.34155083,34155083,201011040,2011-04-15T16:40:00,20110415164000,MULTIPOINT ((-43.4259 147.413)),147.413,-43.4259,20.2,20.025,19.20959473,,13,1.21,-0.16,2.09,-1.56,0,0,1023.84,,,25.34572287,,,-2.894,-0.0902,-0.001,,,0,-8,307.1119,312.6377,,,,1.909974,1.538745,0,-1.75439,0,10.66409,71.8,70.6,,,16.72073405,,11.9,11.9,-30,11.7176,11.7679,15.4456,,21.43239908,2.08,321,341.1,312,335.2,6.6,17.5,8.2,18,20,,62.16,
underway_1200.34155203,34155203,201011040,2011-04-15T17:00:00,20110415170000,MULTIPOINT ((-43.3571 147.4473)),147.4473,-43.3571,19,19.871,19.36889648,,13.1,1.24,-0.22,2.42,-1.04,0,0,1023.75,,,25.33044073,,,-1.655,-0.1148,-0.001,,,0,-8,280.389,285.1603,,,,1.909882,2.461992,0,-1.754368,0,10.6642,77.2,75.8,,,16.72046356,,11.5,11.5,-30,11.4248,11.4509,15.4435,,21.40445,1.95,314,342.7,308,337.9,5.4,16.1,6.7,16.5,30,,60.59,
underway_1200.34155323,34155323,201011040,2011-04-15T17:20:00,20110415172000,MULTIPOINT ((-43.2885 147.4818)),147.4818,-43.2885,20.3,19.514,19.0612793,,12.9,1.31,0,1.25,-1.34,0,0,1023.15,,,25.31625026,,,-0.983,-0.082,-0.001,,,0,-8,279.367,282.8292,,,,1.909956,2.461992,-1.836511,-1.754449,0,10.66412,74.9,73.7,,,16.72044563,,11.8,11.8,-30,11.4223,11.4172,15.4025,,21.37788832,1.92,2,352.3,347,344.5,11.7,24.3,12.5,24.4,30,,52.27,
underway_1200.34155443,34155443,201011040,2011-04-15T17:40:00,20110415174000,MULTIPOINT ((-43.2257 147.487)),147.487,-43.2257,337.4,335.893,335.6652832,,8.2,1.57,0,1.38,-0.64,0,0,1023.78,,,25.30315157,,,-0.567,-0.0328,-0.003,,,0,-8,270.307,273.4445,,,,1.91001,2.154244,0,-1.754451,0,10.66415,73,71.9,,,16.72122046,,11.4,11.4,-30,11.2319,11.2685,15.203,,21.35131683,1.86,353,11.1,342,5,10.6,18.6,10,18.2,30,,44.8,
underway_1200.34155563,34155563,201011040,2011-04-15T18:00:00,20110415180000,MULTIPOINT ((-43.1832 147.4616)),147.4616,-43.1832,335,333.447,333.19885254,,8.3,1.42,-0.18,0.78,-0.38,0,0,1023.49,,,25.28786956,,,,-0.0902,-0.001,,,0,-8,267.6034,270.7697,,,,1.910019,2.154244,0,-1.754476,0,10.66437,76.8,75,,,16.72095696,,10.8,10.9,-30,10.7118,10.754,15.0059,,21.32333625,1.76,359,13.8,349,7.9,8.9,16.7,8.2,16.3,30,,36.58,
underway_1200.34155683,34155683,201011040,2011-04-15T18:20:00,20110415182000,MULTIPOINT ((-43.1409 147.4343)),147.4343,-43.1409,333.7,333.962,333.17138672,,8.3,1.2,0,0.31,-0.24,0,0,1023.25,,,25.27040436,,,-1.876,-0.041,-0.002,,,0,-8,266.2237,269.413,,,,1.910031,2.461992,0,-1.754468,0,10.67116,78.8,77.1,,,16.72019469,,10.2,10.2,-30,10.0537,10.0739,14.9969,,21.29254503,1.68,3,17.8,356,12.9,12.1,19.9,11.2,19.3,30,,27.53,
underway_1200.34155803,34155803,201011040,2011-04-15T18:40:00,20110415184000,MULTIPOINT ((-43.0987 147.4074)),147.4074,-43.0987,335.1,335.244,334.4732666,,8.3,0.97,0,0.7,-0.34,0,0,1023.34,,,25.25403101,,,-2.207,-0.082,-0.002,,,0,-8,266.4085,269.8764,,,,1.910091,1.538745,-1.836626,-1.75456,0,10.67791,83,80.3,,,16.72049724,,10,10,-30,9.6976,9.7462,15.0041,,21.26104039,1.87,360,15.5,351,9.7,12.8,20.7,12,20.2,30,,16.31,
underway_1200.34155923,34155923,201011040,2011-04-15T19:00:00,20110415190000,MULTIPOINT ((-43.0552 147.3833)),147.3833,-43.0552,350.3,350.301,349.40917969,,8.5,1.06,0,0.83,-0.06,0,0,1023.92,,,25.23329134,,,-2.309,-0.0328,-0.001,,,0,-8,264.4246,268.9462,,,,1.910224,1.846494,0,-1.754554,0,10.68762,83.1,81,,,16.7200723,,9.3,9.3,-30,9.1122,9.1432,15.1295,,21.22321659,2.22,269,334,269,330.6,4.7,10.3,5.5,10.8,20,,3546.11,
underway_1200.34156043,34156043,201011040,2011-04-15T19:20:00,20110415192000,MULTIPOINT ((-43.0156 147.3754)),147.3754,-43.0156,351.2,352.618,351.46362305,,6.7,1.25,0,0.79,0,0,0,1023.97,,,25.21145998,,,-0.187,-0.0984,-0.001,,,0,-8,266.914,268.7194,,,,1.910255,2.154244,-1.836667,-1.754507,0,10.6846,82.3,79.7,,,16.71858661,,9.3,9.3,-30,8.6098,8.675,14.6442,,21.18607387,2.19,334,355,314,348.3,2.7,9.4,3.2,9.5,20,,14.35,
underway_1200.34156163,34156163,201011040,2011-04-15T19:40:00,20110415194000,MULTIPOINT ((-42.9704 147.3721)),147.3721,-42.9704,12.2,11.2,10.42602539,,8.5,0.96,0,0.58,0,0,0,1024.05,,,25.19072077,,,0.916,-0.0902,-0.002,,,0,-8,268.4338,271.5177,,,,1.910274,1.846494,-3.673433,-1.754603,0,10.70489,84.2,81.3,,,16.7195267,,9.2,9.2,-30,8.3128,8.3779,14.8777,,21.14470375,2.07,9,0.1,354,353.1,7.4,15.9,7.4,15.7,20,,23.45,
underway_1200.34156283,34156283,201011040,2011-04-15T20:00:00,20110415200000,MULTIPOINT ((-42.9243 147.3861)),147.3861,-42.9243,11.2,5.412,4.25720215,,8.5,0.94,0,1.45,0,0,0,1024.36,,,25.16670669,,,-0.343,-0.0574,-0.001,,,0,-8,259.6266,264.1439,,,,1.910322,2.154244,0,1.754617,0,10.70454,85.8,83.6,,,16.71890591,,8,8,-30,7.9654,7.9828,15.0273,,21.10120439,1.92,316,340.7,312,336.9,8.5,15.2,9.5,15.7,30,,18.9,
underway_1200.34156403,34156403,201011040,2011-04-15T20:20:00,20110415202000,MULTIPOINT ((-42.8916 147.3531)),147.3531,-42.8916,311.5,312.202,311.85791016,,4.2,1.08,0,0.61,0,0,0,1024.58,,,25.14269296,,,0.328,-0.0738,-0.002,,,0,-8,258.9881,261.6566,,,,1.910353,2.461992,0,-1.754617,0,10.69139,87.9,85.3,,,16.71937939,,7.4,7.4,-30,7.2346,7.272,15.0496,,21.05486966,1.8,319,4.7,308,357.5,7.8,12,7.7,11.9,30,,16.24,
underway_1200.34156523,34156523,201011040,2011-04-15T20:40:00,20110415204000,MULTIPOINT ((-42.8823 147.3421)),147.3421,-42.8823,346.8,341.559,341.12548828,,0.9,1.02,0,0.66,0,0,20,1024.9,,,25.11977133,,,-0.929,-0.0738,,,,0,-8,259.503,262.6788,,,,8.278198,9.232471,1.836721,1.754602,0,10.71838,89.2,86.8,,,16.72202063,,6.8,6.8,-30,6.5273,6.6122,15.2194,,21.00499134,1.72,313,335.8,309,331.3,5.9,6.7,6.3,7.1,30,,19.63,
underway_1200.34156643,34156643,201011040,2011-04-15T21:00:00,20110415210000,MULTIPOINT ((-42.8816 147.3416)),147.3416,-42.8816,350.9,351.499,350.52978516,,0,0.98,0,0.41,0,0,720,1024.9,,,25.07938482,,,0.477,-0.0738,-0.002,,,0,-8,263.3569,266.4581,,,,43.93838,45.23911,23.87737,26.31925,0,10.70489,89.4,86.9,,,16.72175807,,6.8,6.9,-30,6.2876,6.5065,15.2773,,20.92975711,3.05,330,339.2,326,335.5,5.7,5.7,5.8,5.8,20,,12.02,
underway_1200.34156763,34156763,201011040,2011-04-15T21:20:00,20110415212000,MULTIPOINT ((-42.8815 147.3417)),147.3417,-42.8815,35.4,351.877,350.20568848,,0,1.13,0,0.94,0,0,3440,1024.91,,,25.02262588,,,-2.905,-0.0492,0,,,0,-8,265.796,267.4246,,,,86.60366,95.40305,75.30555,73.6939,0,10.71163,,86.8,,,16.72104001,,,7.1,-30,7.1849,7.5647,15.3195,,20.82486016,7.1,321,330.5,318,328.2,5.1,5.1,5.5,5.5,20,,12.08,
underway_1200.34156883,34156883,201011040,2011-04-15T21:40:00,20110415214000,MULTIPOINT ((-42.8815 147.3416)),147.3416,-42.8815,191.3,352.01,350.24963379,,0,1.05,0,0.71,0,0,4750,1025.11,,,24.96040997,,,,-0.0328,-0.002,,,0,-8,267.1292,268.2875,,,,158.5594,183.7264,115.7134,129.8416,0,10.70489,89.1,87.2,,,16.71964923,,7.1,7,-30,8.0542,8.3778,15.2987,,20.71134246,7.1,332,342.1,328,337.6,7,7,7.3,7.3,20,,12.03,
underway_1200.34157003,34157003,201011040,2011-04-15T22:00:00,20110415220000,MULTIPOINT ((-42.8815 147.3415)),147.3415,-42.8815,191.3,351.78,350.4473877,,0,0.88,0,0.5,0,0,2390,1025.18,,,24.89710331,,,-2.721,-0.0492,-0.004,,,0,-8,270.618,269.3887,,,,252.4852,292.0539,167.1416,194.7621,0,10.71838,,86.4,,,16.71804167,,,7.4,-30,8.943,9.0194,15.2772,,20.59623119,7.1,334,343.5,331,340.3,6.8,6.8,7.6,7.6,0,,12.06,
underway_1200.34157123,34157123,201011040,2011-04-15T22:20:00,20110415222000,MULTIPOINT ((-42.8815 147.3416)),147.3416,-42.8815,246.7,351.918,350.45288086,,0,0.93,0,0.34,0,0,6180,1025.26,,,24.83488887,,,-1.65,-0.0164,-0.002,,,0,-8,274.7839,276.1048,,,,376.3398,415.4614,222.2432,259.6833,0,10.70484,86.6,86,,,16.71616588,,8.1,8.1,-30,10.1513,10.1216,15.2667,,20.48376624,7.1,329,338.8,325,334.2,8.3,8.3,8.5,8.5,0,,11.54,
underway_1200.34157243,34157243,201011040,2011-04-15T22:40:00,20110415224000,MULTIPOINT ((-42.8815 147.3416)),147.3416,-42.8815,53.9,351.935,350.63415527,,0,1.1,0,0.3,0,0,9790,1025.3,,,24.77704136,,,0.257,-0.0738,,,,0,-8,283.0057,283.8157,,,,525.9085,555.7949,299.3855,329.8674,0,10.69137,84.5,83.5,,,16.71588208,,8.8,8.7,-30,11.1554,10.781,15.3497,,20.37537818,7.1,317,326.2,317,326.5,5.6,5.6,6.3,6.3,0,,11.8,
underway_1200.34157363,34157363,201011040,2011-04-15T23:00:00,20110415230000,MULTIPOINT ((-42.8815 147.3416)),147.3416,-42.8815,225.1,352.164,350.7220459,,0,1.19,0,0,-0.66,0,1990,1025.35,,,24.71155528,,,-0.194,-0.082,-0.002,,,0,-8,296.9428,300.399,,,,671.6877,708.4385,367.3085,393.0341,0,10.69805,83.2,82.8,,,16.719728,,8.9,8.8,-30,11.5079,10.6589,15.3497,,20.24197018,7.1,307,316.6,308,317,8.9,8.9,9.1,9.1,0,,11.96,
underway_1200.34157483,34157483,201011040,2011-04-15T23:20:00,20110415232001,MULTIPOINT ((-42.8815 147.3417)),147.3417,-42.8815,225.1,352.141,350.54077148,,0,1,0,0,-0.69,0,980,1025.64,,,24.63188091,,,0.094,-0.0328,-0.002,,,0,-8,281.5924,288.5437,,,,335.4834,351.4495,179.9721,189.4945,0,10.69081,81,80.1,,,16.72038483,,9.5,9.5,-30,11.4621,10.8624,15.2935,,20.08980847,7.1,310,319.9,311,320.7,6.5,6.5,6.9,6.9,0,,,
