ascat_1,ascat_2,ascat_3,date,nic_1,nic_2,nic_3,oscat_1,oscat_2,oscat_3,qscat_1,qscat_2,qscat_3,size_1,size_2
0,0,0,2008146,-77.07,-50.35,1,0,0,0,0,0,0,14,7
0,0,0,2008147,-77.07,-50.35,0,0,0,0,0,0,0,0,0
0,0,0,2008148,-77.07,-50.35,0,0,0,0,-77.1162,-50.1216,1,0,0
0,0,0,2008149,-77.07,-50.35,0,0,0,0,-77.1341,-50.1508,1,0,0
0,0,0,2008150,-77.07,-50.35,0,0,0,0,-77.1487,-50.1899,1,0,0
0,0,0,2008151,-77.07,-50.35,0,0,0,0,-77.151,-50.2534,1,0,0
0,0,0,2008152,-77.07,-50.35,0,0,0,0,-77.15,-50.0939,1,0,0
0,0,0,2008153,-77.07,-50.35,1,0,0,0,-77.1381,-50.0419,1,14,7
0,0,0,2008154,-77.07,-50.35,0,0,0,0,-77.1437,-50.0208,1,0,0
0,0,0,2008155,-77.07,-50.35,0,0,0,0,-77.1381,-50.0419,1,0,0
0,0,0,2008156,-77.07,-50.35,0,0,0,0,-77.1442,-49.972,1,0,0
0,0,0,2008157,-77.07,-50.35,0,0,0,0,-77.1686,-49.9491,1,0,0
0,0,0,2008158,-77.07,-50.35,0,0,0,0,-77.1588,-50.0109,1,0,0
0,0,0,2008159,-77.07,-50.35,0,0,0,0,-77.1527,-50.0809,1,0,0
0,0,0,2008160,-77.07,-50.35,1,0,0,0,-77.154,-50.0761,1,14,7
0,0,0,2008161,-77.07,-50.35,0,0,0,0,-77.1577,-50.2502,1,0,0
0,0,0,2008162,-77.07,-50.35,0,0,0,0,-77.1547,-50.1704,1,0,0
0,0,0,2008163,-77.07,-50.35,0,0,0,0,-77.1627,-50.1624,1,0,0
0,0,0,2008164,-77.07,-50.35,0,0,0,0,-77.1525,-49.9654,1,0,0
0,0,0,2008165,-77.07,-50.35,0,0,0,0,-77.1814,-50.1837,1,0,0
0,0,0,2008166,-77.07,-50.35,0,0,0,0,-77.1201,-50.2528,1,0,0
0,0,0,2008167,-77.07,-50.35,1,0,0,0,-77.1545,-50.1461,1,14,7
0,0,0,2008168,-77.07,-50.35,0,0,0,0,-77.1675,-50.0973,1,0,0
0,0,0,2008169,-77.07,-50.35,0,0,0,0,-77.1839,-50.0826,1,0,0
0,0,0,2008170,-77.07,-50.35,0,0,0,0,-77.155,-50.1444,1,0,0
0,0,0,2008171,-77.07,-50.35,0,0,0,0,-77.1572,-50.0419,1,0,0
0,0,0,2008172,-77.07,-50.35,0,0,0,0,-77.1601,-50.0061,1,0,0
0,0,0,2008173,-77.07,-50.35,0,0,0,0,-77.1532,-50.0321,1,0,0
0,0,0,2008174,-77.07,-50.35,1,0,0,0,-77.154,-50.0761,1,14,7
0,0,0,2008175,-77.07,-50.35,0,0,0,0,-77.1442,-49.972,1,0,0
0,0,0,2008176,-77.07,-50.35,0,0,0,0,-77.148,-49.9916,0,0,0
0,0,0,2008177,-77.07,-50.35,0,0,0,0,-77.1518,-50.0126,1,0,0
0,0,0,2008178,-77.07,-50.35,0,0,0,0,-77.133,-50.0143,1,0,0
0,0,0,2008179,-77.07,-50.35,0,0,0,0,-77.1508,-50.1102,1,0,0
0,0,0,2008180,-77.07,-50.35,0,0,0,0,-77.1357,-50.0289,1,0,0
0,0,0,2008181,-77.07,-50.35,1,0,0,0,-77.1682,-49.9979,1,14,7
0,0,0,2008182,-77.07,-50.35,0,0,0,0,-77.1804,-50.0239,1,0,0
0,0,0,2008183,-77.07,-50.35,0,0,0,0,-77.1714,-50.1298,1,0,0
0,0,0,2008184,-77.07,-50.35,0,0,0,0,-77.1947,-50.0892,1,0,0
0,0,0,2008185,-77.07,-50.35,0,0,0,0,-77.1811,-49.9766,1,0,0
0,0,0,2008186,-77.07,-50.35,0,0,0,0,-77.1412,-50.0305,1,0,0
0,0,0,2008187,-77.07,-50.35,0,0,0,0,-77.1446,-49.9232,1,0,0
0,0,0,2008188,-77.07,-50.35,1,0,0,0,-77.1462,-49.8923,1,14,7
0,0,0,2008189,-77.07,-50.35,0,0,0,0,-77.1561,-49.9963,1,0,0
0,0,0,2008190,-77.07,-50.35,0,0,0,0,-77.1752,-49.9962,1,0,0
0,0,0,2008191,-77.07,-50.35,0,0,0,0,-77.1579,-50.1086,1,0,0
0,0,0,2008192,-77.07,-50.35,0,0,0,0,-77.1525,-49.9654,1,0,0
0,0,0,2008193,-77.07,-50.35,0,0,0,0,-77.1453,-49.9899,1,0,0
0,0,0,2008194,-77.07,-50.35,0,0,0,0,-77.1513,-50.0614,1,0,0
0,0,0,2008195,-77.07,-50.35,1,0,0,0,-77.1399,-49.8469,1,14,7
0,0,0,2008196,-77.07,-50.35,0,0,0,0,-77.1486,-49.9053,1,0,0
0,0,0,2008197,-77.07,-50.35,0,0,0,0,-77.1696,-50.2748,1,0,0
0,0,0,2008198,-77.07,-50.35,0,0,0,0,-77.1527,-50.1086,1,0,0
0,0,0,2008199,-77.07,-50.35,0,0,0,0,-77.1305,-50.0013,1,0,0
0,0,0,2008200,-77.07,-50.35,0,0,0,0,-77.1466,-49.985,1,0,0
0,0,0,2008201,-77.07,-50.35,0,0,0,0,-77.1466,-49.985,1,0,0
0,0,0,2008202,-77.07,-50.35,1,0,0,0,-77.1841,-50.0321,1,14,7
0,0,0,2008203,-77.07,-50.35,0,0,0,0,-77.1719,-50.0809,1,0,0
0,0,0,2008204,-77.07,-50.35,0,0,0,0,-77.1779,-50.0109,1,0,0
0,0,0,2008205,-77.07,-50.35,0,0,0,0,-77.1779,-50.0109,1,0,0
0,0,0,2008206,-77.07,-50.35,0,0,0,0,-77.168,-49.9067,1,0,0
0,0,0,2008207,-77.07,-50.35,0,0,0,0,-77.1712,-49.9865,1,0,0
0,0,0,2008208,-77.07,-50.35,0,0,0,0,-77.1691,-50.0663,1,0,0
0,0,0,2008209,-77.07,-50.35,1,0,0,0,-77.1943,-49.9962,1,14,7
0,0,0,2008210,-77.07,-50.35,0,0,0,0,-77.156,-49.9051,1,0,0
0,0,0,2008211,-77.07,-50.35,0,0,0,0,-77.1561,-49.9963,1,0,0
0,0,0,2008212,-77.07,-50.35,0,0,0,0,-77.1597,-49.9133,1,0,0
0,0,0,2008213,-77.07,-50.35,0,0,0,0,-77.1121,-50.0678,1,0,0
0,0,0,2008214,-77.07,-50.35,0,0,0,0,-77.1001,-50.0193,1,0,0
0,0,0,2008215,-77.07,-50.35,0,0,0,0,-77.1249,-49.9478,1,0,0
0,0,0,2008216,-77.07,-50.35,1,0,0,0,-77.1223,-49.9575,1,14,7
0,0,0,2008217,-77.07,-50.35,0,0,0,0,-77.1275,-49.9851,1,0,0
0,0,0,2008218,-77.07,-50.35,0,0,0,0,-77.1419,-49.9086,1,0,0
0,0,0,2008219,-77.07,-50.35,0,0,0,0,-77.1945,-49.9456,1,0,0
0,0,0,2008220,-77.07,-50.35,0,0,0,0,-77.1499,-49.9751,1,0,0
0,0,0,2008221,-77.07,-50.35,0,0,0,0,-77.1285,-50.0533,1,0,0
0,0,0,2008222,-77.07,-50.35,0,0,0,0,-77.1151,-50.0095,1,0,0
0,0,0,2008223,-77.07,-50.35,1,0,0,0,-77.1582,-50.0354,1,14,7
0,0,0,2008224,0,0,0,0,0,0,-77.1291,-49.8406,1,0,0
0,0,0,2008225,0,0,0,0,0,0,-77.183,-49.6799,1,0,0
0,0,0,2008226,0,0,0,0,0,0,-77.1053,-49.9888,1,0,0
0,0,0,2008227,0,0,0,0,0,0,-77.1611,-49.9996,1,0,0
0,0,0,2008228,0,0,0,0,0,0,-77.1429,-49.9768,1,0,0
0,0,0,2008229,0,0,0,0,0,0,-77.0975,-50.029,1,0,0
0,0,0,2008230,0,0,0,0,0,0,-77.1249,-49.9478,1,0,0
0,0,0,2008231,0,0,0,0,0,0,-77.106,-49.9722,1,0,0
0,0,0,2008232,0,0,0,0,0,0,-77.1447,-50.0143,1,0,0
0,0,0,2008233,0,0,0,0,0,0,-77.1222,-50.0078,1,0,0
0,0,0,2008234,0,0,0,0,0,0,-77.1194,-50.1344,1,0,0
0,0,0,2008235,0,0,0,0,0,0,-77.136,-49.9558,1,0,0
0,0,0,2008236,0,0,0,0,0,0,-77.1423,-49.8599,1,0,0
0,0,0,2008237,0,0,0,0,0,0,-77.1486,-49.9053,1,0,0
0,0,0,2008238,0,0,0,0,0,0,-77.1083,-49.8944,1,0,0
0,0,0,2008239,0,0,0,0,0,0,-77.1145,-49.9155,1,0,0
0,0,0,2008240,0,0,0,0,0,0,-77.1073,-49.8263,1,0,0
0,0,0,2008241,0,0,0,0,0,0,-77.1093,-49.8879,1,0,0
0,0,0,2008242,0,0,0,0,0,0,-77.1157,-49.7695,1,0,0
0,0,0,2008243,0,0,0,0,0,0,-77.1084,-49.8442,1,0,0
0,0,0,2008244,-77.07,-50.25,1,0,0,0,-77.1037,-49.9091,1,14,7
0,0,0,2008245,-77.0689,-50.2511,0,0,0,0,-77.0938,-49.9465,1,0,0
0,0,0,2008246,-77.066,-50.254,0,0,0,0,-77.105,-49.9042,1,0,0
0,0,0,2008247,-77.0621,-50.2579,0,0,0,0,-77.1041,-50.0015,1,0,0
0,0,0,2008248,-77.0579,-50.2621,0,0,0,0,-77.112,-50.0436,1,0,0
0,0,0,2008249,-77.054,-50.266,0,0,0,0,-77.1371,-49.9737,1,0,0
0,0,0,2008250,-77.0511,-50.2689,0,0,0,0,-77.169,-49.9002,1,0,0
0,0,0,2008251,-77.05,-50.27,1,0,0,0,-77.1604,-49.98,1,14,7
0,0,0,2008252,-77.05,-50.27,0,0,0,0,-77.1649,-49.9409,1,0,0
0,0,0,2008253,-77.05,-50.27,0,0,0,0,-77.1813,-49.9261,1,0,0
0,0,0,2008254,-77.05,-50.27,0,0,0,0,-77.1321,-49.8291,1,0,0
0,0,0,2008255,-77.05,-50.27,0,0,0,0,-77.1275,-49.8438,1,0,0
0,0,0,2008256,-77.05,-50.27,0,0,0,0,-77.1439,-49.829,1,0,0
0,0,0,2008257,-77.05,-50.27,0,0,0,0,-77.1547,-49.8353,1,0,0
0,0,0,2008258,-77.05,-50.27,1,0,0,0,-77.155,-49.6449,1,14,7
0,0,0,2008259,-77.05,-50.27,0,0,0,0,-77.1717,-49.7454,1,0,0
0,0,0,2008260,-77.05,-50.27,0,0,0,0,-77.1585,-49.7261,1,0,0
0,0,0,2008261,-77.05,-50.27,0,0,0,0,-77.1525,-49.7962,1,0,0
0,0,0,2008262,-77.05,-50.27,0,0,0,0,-77.1538,-49.7913,1,0,0
0,0,0,2008263,-77.05,-50.27,0,0,0,0,-77.1482,-49.8126,1,0,0
0,0,0,2008264,-77.05,-50.27,0,0,0,0,-77.1323,-49.7788,1,0,0
0,0,0,2008265,-77.05,-50.27,1,0,0,0,-77.136,-49.7869,1,14,7
0,0,0,2008266,-77.0511,-50.2728,0,0,0,0,-77.1519,-49.8207,1,0,0
0,0,0,2008267,-77.054,-50.2799,0,0,0,0,-77.131,-49.925,1,0,0
0,0,0,2008268,-77.0579,-50.2897,0,0,0,0,-77.1387,-49.9428,1,0,0
0,0,0,2008269,-77.0621,-50.3003,0,0,0,0,-77.0984,-49.9318,1,0,0
0,0,0,2008270,-77.066,-50.3101,0,0,0,0,-77.111,-49.8344,1,0,0
0,0,0,2008271,-77.0689,-50.3172,0,0,0,0,-77.1317,-49.8032,1,0,0
0,0,0,2008272,-77.07,-50.32,1,0,0,0,-77.1248,-49.8293,1,14,7
0,0,0,2008273,-77.07,-50.32,0,0,0,0,-77.1735,-49.8334,1,0,0
0,0,0,2008274,-77.07,-50.32,0,0,0,0,-77.1621,-49.7846,1,0,0
0,0,0,2008275,-77.07,-50.32,0,0,0,0,-77.1262,-49.8487,1,0,0
0,0,0,2008276,-77.07,-50.32,0,0,0,0,-77.0948,-49.8735,1,0,0
0,0,0,2008277,-77.07,-50.32,0,0,0,0,-77.1541,-49.8598,1,0,0
0,0,0,2008278,-77.07,-50.32,0,0,0,0,-77.1466,-49.702,1,0,0
0,0,0,2008279,-77.07,-50.32,1,0,0,0,-77.1295,-49.7642,1,14,7
0,0,0,2008280,-77.07,-50.32,0,0,0,0,-77.1424,-49.6681,1,0,0
0,0,0,2008281,-77.07,-50.32,0,0,0,0,-77.1359,-49.6455,1,0,0
0,0,0,2008282,-77.07,-50.32,0,0,0,0,-77.122,-49.6735,1,0,0
0,0,0,2008283,-77.07,-50.32,0,0,0,0,-77.1276,-49.6523,1,0,0
0,0,0,2008284,-77.07,-50.32,0,0,0,0,-77.1371,-49.8047,1,0,0
0,0,0,2008285,-77.07,-50.32,0,0,0,0,-77.1103,-49.956,1,0,0
0,0,0,2008286,-77.07,-50.32,1,0,0,0,-77.118,-49.9738,1,14,7
0,0,0,2008287,-77.07,-50.32,0,0,0,0,-77.0913,-49.9335,1,0,0
0,0,0,2008288,-77.07,-50.32,0,0,0,0,-77.1424,-49.951,1,0,0
0,0,0,2008289,-77.07,-50.32,0,0,0,0,-77.1031,-50.0079,1,0,0
0,0,0,2008290,-77.07,-50.32,0,0,0,0,-77.1124,-49.9949,1,0,0
0,0,0,2008291,-77.07,-50.32,0,0,0,0,-77.1176,-50.0225,1,0,0
0,0,0,2008292,-77.07,-50.32,0,0,0,0,-77.1333,-49.7999,1,0,0
0,0,0,2008293,-77.07,-50.32,1,0,0,0,-77.1248,-49.8293,1,14,7
0,0,0,2008294,0,0,0,0,0,0,-77.1028,-49.8653,1,0,0
0,0,0,2008295,0,0,0,0,0,0,-77.1145,-49.9155,1,0,0
0,0,0,2008296,0,0,0,0,0,0,-77.1564,-49.7816,1,0,0
0,0,0,2008297,0,0,0,0,0,0,-77.1206,-49.8699,1,0,0
0,0,0,2008298,0,0,0,0,0,0,-77.1021,-49.7989,1,0,0
0,0,0,2008299,0,0,0,0,0,0,-77.0902,-49.8882,1,0,0
0,0,0,2008300,0,0,0,0,0,0,-77.0946,-49.8493,1,0,0
0,0,0,2008301,0,0,0,0,0,0,-77.0998,-49.8767,1,0,0
0,0,0,2008302,0,0,0,0,0,0,-77.1218,-49.8408,1,0,0
0,0,0,2008303,0,0,0,0,0,0,-77.1157,-49.7695,1,0,0
0,0,0,2008304,0,0,0,0,0,0,-77.1148,-49.7257,1,0,0
0,0,0,2008305,0,0,0,0,0,0,-77.1436,-49.8274,1,0,0
0,0,0,2008306,0,0,0,0,0,0,-77.0788,-49.8397,1,0,0
0,0,0,2008307,-77.07,-50.32,1,0,0,0,-77.1314,-49.6376,1,14,7
0,0,0,2008308,-77.07,-50.32,0,0,0,0,-77.1607,-49.5731,1,0,0
0,0,0,2008309,-77.07,-50.32,0,0,0,0,-77.164,-49.5127,1,0,0
0,0,0,2008310,-77.07,-50.32,0,0,0,0,-77.1569,-49.7294,1,0,0
0,0,0,2008311,-77.07,-50.32,0,0,0,0,-77.1477,-49.7199,1,0,0
0,0,0,2008312,-77.07,-50.32,0,0,0,0,-77.1455,-49.798,1,0,0
0,0,0,2008313,-77.07,-50.32,0,0,0,0,-77.1267,-49.8,1,0,0
0,0,0,2008314,-77.07,-50.32,1,0,0,0,-77.13,-49.8568,1,14,7
0,0,0,2008315,-77.07,-50.32,0,0,0,0,-77.1112,-49.8587,1,0,0
0,0,0,2008316,-77.07,-50.32,0,0,0,0,-77.1416,-49.9071,1,0,0
0,0,0,2008317,-77.07,-50.32,0,0,0,0,-77.1458,-49.9411,1,0,0
0,0,0,2008318,-77.07,-50.32,0,0,0,0,-77.141,-49.8647,1,0,0
0,0,0,2008319,-77.07,-50.32,0,0,0,0,-77.1435,-49.8777,1,0,0
0,0,0,2008320,-77.07,-50.32,0,0,0,0,-77.1426,-49.9753,1,0,0
0,0,0,2008321,-77.07,-50.32,1,0,0,0,-77.1246,-50.0208,1,14,7
0,0,0,2008322,0,0,0,0,0,0,-77.138,-49.8762,1,0,0
0,0,0,2008323,0,0,0,0,0,0,-77.1495,-49.8077,1,0,0
0,0,0,2008324,0,0,0,0,0,0,-77.1581,-49.9166,1,0,0
0,0,0,2008325,0,0,0,0,0,0,-77.1018,-50.0127,1,0,0
0,0,0,2008326,0,0,0,0,0,0,-77.109,-49.9139,1,0,0
0,0,0,2008327,0,0,0,0,0,0,-77.1185,-49.9252,1,0,0
0,0,0,2008328,0,0,0,0,0,0,-77.0952,-49.9658,1,0,0
0,0,0,2008329,0,0,0,0,0,0,-77.1684,-49.783,1,0,0
0,0,0,2008330,0,0,0,0,0,0,-77.1465,-49.8662,1,0,0
0,0,0,2008331,0,0,0,0,0,0,-77.1327,-49.9154,0,0,0
0,0,0,2008332,0,0,0,0,0,0,-77.1209,-49.9495,0,0,0
0,0,0,2008333,0,0,0,0,0,0,-77.1125,-49.9887,0,0,0
0,0,0,2008334,0,0,0,0,0,0,-77.1094,-50.0533,1,0,0
0,0,0,2008335,-77.07,-50.32,1,0,0,0,-77.1684,-50.2325,1,14,7
0,0,0,2008336,-77.07,-50.32,0,0,0,0,-77.1373,-50.2824,1,0,0
0,0,0,2008337,-77.07,-50.32,0,0,0,0,-77.1442,-50.2565,1,0,0
0,0,0,2008338,-77.07,-50.32,0,0,0,0,-77.1063,-50.2575,1,0,0
0,0,0,2008339,-77.07,-50.32,0,0,0,0,-77.0694,-50.2521,1,0,0
0,0,0,2008340,-77.07,-50.32,0,0,0,0,-77.0853,-50.1213,1,0,0
0,0,0,2008341,-77.07,-50.32,0,0,0,0,-77.1246,-49.8326,1,0,0
0,0,0,2008342,-77.07,-50.32,1,0,0,0,-77.108,-49.8928,1,14,7
0,0,0,2008343,-77.07,-50.32,0,0,0,0,-77.1536,-49.767,1,0,0
0,0,0,2008344,-77.07,-50.32,0,0,0,0,-77.1422,-49.8826,1,0,0
0,0,0,2008345,-77.07,-50.32,0,0,0,0,-77.1051,-49.9285,1,0,0
0,0,0,2008346,-77.07,-50.32,0,0,0,0,-77.1016,-49.9885,1,0,0
0,0,0,2008347,-77.07,-50.32,0,0,0,0,-77.0965,-49.961,1,0,0
0,0,0,2008348,-77.07,-50.32,0,0,0,0,-77.1077,-49.9188,1,0,0
0,0,0,2008349,-77.07,-50.32,1,0,0,0,-77.1077,-49.9188,1,14,7
0,0,0,2008350,0,0,0,0,0,0,-77.096,-50.0096,1,0,0
0,0,0,2008351,0,0,0,0,0,0,-77.124,-50.0452,1,0,0
0,0,0,2008352,0,0,0,0,0,0,-77.1104,-49.9333,1,0,0
0,0,0,2008353,0,0,0,0,0,0,-77.1124,-49.9949,1,0,0
0,0,0,2008354,0,0,0,0,0,0,-77.1456,-49.9168,1,0,0
0,0,0,2008355,0,0,0,0,0,0,-77.1285,-50.0533,1,0,0
0,0,0,2008356,0,0,0,0,0,0,-77.1035,-50.1003,1,0,0
0,0,0,2008357,0,0,0,0,0,0,-77.1375,-50.0663,1,0,0
0,0,0,2008358,0,0,0,0,0,0,-77.0893,-50.1779,1,0,0
0,0,0,2008359,0,0,0,0,0,0,-77.1009,-50.0631,1,0,0
0,0,0,2008360,0,0,0,0,0,0,-77.1047,-50.0955,1,0,0
0,0,0,2008361,0,0,0,0,0,0,-77.1436,-49.9965,1,0,0
0,0,0,2008362,0,0,0,0,0,0,-77.1307,-49.951,1,0,0
0,0,0,2008363,0,0,0,0,0,0,-77.1508,-50.1102,1,0,0
0,0,0,2008364,0,0,0,0,0,0,-77.1333,-50.2725,1,0,0
0,0,0,2008365,0,0,0,0,0,0,-77.1046,-50.1457,1,0,0
0,0,0,2008366,0,0,0,0,0,0,-77.1094,-50.1717,1,0,0
0,0,0,2009001,0,0,0,0,0,0,-77.0855,-50.1455,1,0,0
0,0,0,2009002,0,0,0,0,0,0,-77.1056,-50.1392,1,0,0
0,0,0,2009003,0,0,0,0,0,0,-77.1052,-50.0468,1,0,0
0,0,0,2009004,0,0,0,0,0,0,-77.1001,-50.0193,1,0,0
0,0,0,2009005,0,0,0,0,0,0,-77.0926,-49.9287,1,0,0
0,0,0,2009006,0,0,0,0,0,0,-77.0633,-50.294,1,0,0
0,0,0,2009007,0,0,0,0,0,0,-77.079,-50.3316,1,0,0
0,0,0,2009008,0,0,0,0,0,0,-77.1226,-50.0534,1,0,0
0,0,0,2009009,0,0,0,0,0,0,-77.1367,-50.0224,1,0,0
0,0,0,2009010,0,0,0,0,0,0,-77.1242,-50.0695,1,0,0
0,0,0,2009011,0,0,0,0,0,0,-77.0988,-50.0241,1,0,0
0,0,0,2009012,0,0,0,0,0,0,-77.1399,-50.0794,1,0,0
0,0,0,2009013,0,0,0,0,0,0,-77.1532,-49.7019,1,0,0
0,0,0,2009014,0,0,0,0,0,0,-77.117,-49.8115,1,0,0
0,0,0,2009015,0,0,0,0,0,0,-77.148,-49.7883,1,0,0
0,0,0,2009016,0,0,0,0,0,0,-77.1318,-49.8275,1,0,0
0,0,0,2009017,0,0,0,0,0,0,-77.1331,-49.8226,1,0,0
0,0,0,2009018,0,0,0,0,0,0,-77.1443,-49.7802,1,0,0
0,0,0,2009019,0,0,0,0,0,0,-77.143,-49.7851,1,0,0
0,0,0,2009020,0,0,0,0,0,0,-77.1267,-49.8,1,0,0
0,0,0,2009021,0,0,0,0,0,0,-77.1304,-49.8081,1,0,0
0,0,0,2009022,0,0,0,0,0,0,-77.1463,-49.8419,1,0,0
0,0,0,2009023,0,0,0,0,0,0,-77.1391,-49.7527,1,0,0
0,0,0,2009024,0,0,0,0,0,0,-77.1235,-49.8342,1,0,0
0,0,0,2009025,0,0,0,0,0,0,-77.1587,-49.653,1,0,0
0,0,0,2009026,0,0,0,0,0,0,-77.1438,-49.8517,1,0,0
0,0,0,2009027,0,0,0,0,0,0,-77.1435,-49.8777,1,0,0
0,0,0,2009028,0,0,0,0,0,0,-77.1211,-49.9624,1,0,0
0,0,0,2009029,0,0,0,0,0,0,-77.1111,-49.9998,1,0,0
0,0,0,2009030,0,0,0,0,0,0,-77.1176,-50.0225,1,0,0
0,0,0,2009031,0,0,0,0,0,0,-77.088,-50.0177,1,0,0
0,0,0,2009032,0,0,0,0,0,0,-77.0809,-50.0193,1,0,0
0,0,0,2009033,0,0,0,0,0,0,-77.0926,-49.9287,1,0,0
0,0,0,2009034,0,0,0,0,0,0,-77.0834,-49.8915,1,0,0
0,0,0,2009035,0,0,0,0,0,0,-77.0722,-49.9337,1,0,0
0,0,0,2009036,0,0,0,0,0,0,-77.111,-49.9755,1,0,0
0,0,0,2009037,0,0,0,0,0,0,-77.1465,-49.8192,1,0,0
0,0,0,2009038,0,0,0,0,0,0,-77.115,-49.891,1,0,0
0,0,0,2009039,0,0,0,0,0,0,-77.156,-49.8304,1,0,0
0,0,0,2009040,0,0,0,0,0,0,-77.1206,-49.8699,1,0,0
0,0,0,2009041,0,0,0,0,0,0,-77.1124,-49.8538,1,0,0
0,0,0,2009042,0,0,0,0,0,0,-77.1187,-50.0403,1,0,0
0,0,0,2009043,0,0,0,0,0,0,-77.088,-50.0177,1,0,0
0,0,0,2009044,0,0,0,0,0,0,-77.0913,-50.0744,1,0,0
0,0,0,2009045,0,0,0,0,0,0,-77.1011,-50.1781,1,0,0
0,0,0,2009046,0,0,0,0,0,0,-77.0985,-50.0501,1,0,0
0,0,0,2009047,0,0,0,0,0,0,-77.0809,-50.0193,1,0,0
0,0,0,2009048,0,0,0,0,0,0,-77.0926,-49.9287,1,0,0
0,0,0,2009049,0,0,0,0,0,0,-77.0998,-49.8767,1,0,0
0,0,0,2009050,0,0,0,0,0,0,-77.1226,-49.7434,1,0,0
0,0,0,2009051,0,0,0,0,0,0,-77.1196,-49.8018,1,0,0
0,0,0,2009052,0,0,0,0,0,0,-77.0851,-50.0257,1,0,0
0,0,0,2009053,0,0,0,0,0,0,-77.1085,-49.9626,1,0,0
0,0,0,2009054,0,0,0,0,0,0,-77.1085,-49.9626,1,0,0
0,0,0,2009055,0,0,0,0,0,0,-77.0904,-50.0306,1,0,0
0,0,0,2009056,0,0,0,0,0,0,-77.1132,-50.0388,1,0,0
0,0,0,2009057,0,0,0,0,0,0,-77.1044,-50.0031,1,0,0
0,0,0,2009058,0,0,0,0,0,0,-77.0422,-49.9775,1,0,0
0,0,0,2009059,0,0,0,0,0,0,-77.0854,-49.7654,1,0,0
0,0,0,2009060,0,0,0,0,0,0,-77.0966,-49.7699,1,0,0
0,0,0,2009061,0,0,0,0,0,0,-77.0802,-49.7848,1,0,0
0,0,0,2009062,0,0,0,0,0,0,-77.0759,-49.8011,1,0,0
0,0,0,2009063,0,0,0,0,0,0,-77.0923,-49.7862,1,0,0
0,0,0,2009064,0,0,0,0,0,0,-77.0734,-49.9514,1,0,0
0,0,0,2009065,0,0,0,0,0,0,-77.0894,-49.9627,1,0,0
0,0,0,2009066,0,0,0,0,0,0,-77.1002,-49.9691,1,0,0
0,0,0,2009067,0,0,0,0,0,0,-77.0857,-49.9546,1,0,0
0,0,0,2009068,0,0,0,0,0,0,-77.0847,-49.8867,1,0,0
0,0,0,2009069,0,0,0,0,0,0,-77.0619,-49.8788,1,0,0
0,0,0,2009070,0,0,0,0,0,0,-77.0988,-49.8088,1,0,0
0,0,0,2009071,0,0,0,0,0,0,-77.0734,-49.9514,1,0,0
0,0,0,2009072,0,0,0,0,0,0,-77.0665,-50.0953,1,0,0
0,0,0,2009073,0,0,0,0,0,0,-77.0818,-50.0631,1,0,0
0,0,0,2009074,0,0,0,0,0,0,-77.0874,-50.042,1,0,0
0,0,0,2009075,0,0,0,0,0,0,-77.0922,-49.9772,1,0,0
0,0,0,2009076,0,0,0,0,0,0,-77.0917,-50.0258,1,0,0
0,0,0,2009077,0,0,0,0,0,0,-77.0969,-50.0533,1,0,0
0,0,0,2009078,0,0,0,0,0,0,-77.0922,-49.9772,1,0,0
0,0,0,2009079,0,0,0,0,0,0,-77.0908,-50.1229,1,0,0
0,0,0,2009080,0,0,0,0,0,0,-77.0892,-50.1537,1,0,0
0,0,0,2009081,0,0,0,0,0,0,-77.1112,-50.1182,1,0,0
0,0,0,2009082,0,0,0,0,0,0,-77.0991,-50.1165,1,0,0
0,0,0,2009083,0,0,0,0,0,0,-77.1117,-49.9285,1,0,0
0,0,0,2009084,0,0,0,0,0,0,-77.0913,-49.9335,1,0,0
0,0,0,2009085,0,0,0,0,0,0,-77.089,-49.8704,1,0,0
0,0,0,2009086,0,0,0,0,0,0,-77.1106,-49.8831,1,0,0
0,0,0,2009087,0,0,0,0,0,0,-77.1261,-49.8244,1,0,0
0,0,0,2009088,0,0,0,0,0,0,-77.1524,-49.7719,1,0,0
0,0,0,2009089,0,0,0,0,0,0,-77.149,-49.715,1,0,0
0,0,0,2009090,0,0,0,0,0,0,-77.1511,-49.7768,1,0,0
0,0,0,2009091,0,0,0,0,0,0,-77.1007,-49.6628,1,0,0
0,0,0,2009092,0,0,0,0,0,0,-77.1209,-49.6055,1,0,0
0,0,0,2009093,0,0,0,0,0,0,-77.1081,-49.7015,1,0,0
0,0,0,2009094,0,0,0,0,0,0,-77.1392,-49.7023,1,0,0
0,0,0,2009095,0,0,0,0,0,0,-77.1507,-49.8256,1,0,0
0,0,0,2009096,0,0,0,0,0,0,-77.1362,-49.9525,1,0,0
0,0,0,2009097,0,0,0,0,0,0,-77.1522,-49.9638,1,0,0
0,0,0,2009098,0,0,0,0,0,0,-77.1139,-49.8732,1,0,0
0,0,0,2009099,0,0,0,0,0,0,-77.1149,-49.8668,1,0,0
0,0,0,2009100,0,0,0,0,0,0,-77.1088,-49.9366,1,0,0
0,0,0,2009101,0,0,0,0,0,0,-77.1081,-49.8701,1,0,0
0,0,0,2009102,0,0,0,0,0,0,-77.0817,-49.9449,1,0,0
0,0,0,2009103,0,0,0,0,0,0,-77.1123,-49.8296,1,0,0
0,0,0,2009104,0,0,0,0,0,0,-77.1201,-49.8943,1,0,0
0,0,0,2009105,0,0,0,0,0,0,-77.0952,-49.9658,1,0,0
0,0,0,2009106,0,0,0,0,0,0,-77.096,-50.0096,1,0,0
0,0,0,2009107,0,0,0,0,0,0,-77.109,-49.9139,1,0,0
0,0,0,2009108,0,0,0,0,0,0,-77.0862,-49.906,1,0,0
0,0,0,2009109,0,0,0,0,0,0,-77.0783,-49.8641,1,0,0
0,0,0,2009110,0,0,0,0,0,0,-77.048,-49.9065,1,0,0
0,0,0,2009111,0,0,0,0,0,0,-77.0509,-49.8484,1,0,0
0,0,0,2009112,0,0,0,0,0,0,-77.0633,-49.824,1,0,0
0,0,0,2009113,0,0,0,0,0,0,-77.0797,-49.8091,1,0,0
0,0,0,2009114,0,0,0,0,0,0,-77.0919,-49.8348,1,0,0
0,0,0,2009115,0,0,0,0,0,0,-77.0583,-49.9613,1,0,0
0,0,0,2009116,0,0,0,0,0,0,-77.0871,-50.0404,1,0,0
0,0,0,2009117,0,0,0,0,0,0,-77.0818,-49.9223,1,0,0
0,0,0,2009118,0,0,0,0,0,0,-77.0899,-49.9141,1,0,0
0,0,0,2009119,0,0,0,0,0,0,-77.0666,-49.9547,1,0,0
0,0,0,2009120,0,0,0,0,0,0,-77.0899,-49.9141,1,0,0
0,0,0,2009121,0,0,0,0,0,0,-77.0787,-49.8156,1,0,0
0,0,0,2009122,0,0,0,0,0,0,-77.0871,-49.7588,1,0,0
0,0,0,2009123,0,0,0,0,0,0,-77.1078,-49.7275,1,0,0
0,0,0,2009124,0,0,0,0,0,0,-77.0893,-49.8445,1,0,0
0,0,0,2009125,0,0,0,0,0,0,-77.0863,-49.8559,1,0,0
0,0,0,2009126,0,0,0,0,0,0,-77.1134,-49.8474,1,0,0
0,0,0,2009127,0,0,0,0,0,0,-77.1041,-49.8605,1,0,0
0,0,0,2009128,0,0,0,0,0,0,-77.077,-49.8689,1,0,0
0,0,0,2009129,0,0,0,0,0,0,-77.0863,-49.8559,1,0,0
0,0,0,2009130,0,0,0,0,0,0,-77.0699,-49.8707,1,0,0
0,0,0,2009131,0,0,0,0,0,0,-77.1794,-49.8807,1,0,0
0,0,0,2009132,0,0,0,0,0,0,-77.1701,-49.8268,1,0,0
0,0,0,2009133,0,0,0,0,0,0,-77.1893,-49.7759,1,0,0
0,0,0,2009134,0,0,0,0,0,0,-77.178,-49.6767,1,0,0
0,0,0,2009135,0,0,0,0,0,0,-77.1684,-49.6884,1,0,0
0,0,0,2009136,0,0,0,0,0,0,-77.1868,-49.5705,1,0,0
0,0,0,2009137,0,0,0,0,0,0,-77.1488,-49.5962,1,0,0
0,0,0,2009138,0,0,0,0,0,0,-77.2144,-49.4616,1,0,0
0,0,0,2009139,0,0,0,0,0,0,-77.1685,-49.5205,1,0,0
0,0,0,2009140,0,0,0,0,0,0,-77.18,-49.5463,1,0,0
0,0,0,2009141,0,0,0,0,0,0,-77.1934,-49.4249,1,0,0
0,0,0,2009142,0,0,0,0,0,0,-77.1834,-49.4857,1,0,0
0,0,0,2009143,0,0,0,0,0,0,-77.185,-49.4319,1,0,0
0,0,0,2009144,0,0,0,0,0,0,-77.1834,-49.4857,1,0,0
0,0,0,2009145,0,0,0,0,0,0,-77.1899,-49.5083,1,0,0
0,0,0,2009146,0,0,0,0,0,0,-77.1899,-49.5083,1,0,0
0,0,0,2009147,0,0,0,0,0,0,-77.1919,-49.6208,1,0,0
0,0,0,2009148,0,0,0,0,0,0,-77.1919,-49.6208,1,0,0
0,0,0,2009149,0,0,0,0,0,0,-77.1919,-49.6208,1,0,0
0,0,0,2009150,0,0,0,0,0,0,-77.1919,-49.6208,1,0,0
0,0,0,2009151,0,0,0,0,0,0,-77.1919,-49.6208,1,0,0
0,0,0,2009152,0,0,0,0,0,0,-77.1919,-49.6208,1,0,0
0,0,0,2009153,0,0,0,0,0,0,-77.1919,-49.6208,1,0,0
0,0,0,2009154,0,0,0,0,0,0,-77.1919,-49.6208,1,0,0
0,0,0,2009155,0,0,0,0,0,0,-77.1779,-49.6995,1,0,0
0,0,0,2009156,0,0,0,0,0,0,-77.1779,-49.6995,1,0,0
0,0,0,2009157,0,0,0,0,0,0,-77.1779,-49.6995,1,0,0
0,0,0,2009158,0,0,0,0,0,0,-77.1779,-49.6995,1,0,0
0,0,0,2009159,0,0,0,0,0,0,-77.1779,-49.6995,1,0,0
0,0,0,2009160,0,0,0,0,0,0,-77.1779,-49.6995,1,0,0
0,0,0,2009161,0,0,0,0,0,0,-77.1779,-49.6995,1,0,0
0,0,0,2009162,0,0,0,0,0,0,-77.1779,-49.6995,1,0,0
0,0,0,2009163,0,0,0,0,0,0,-77.1779,-49.6995,1,0,0
0,0,0,2009164,0,0,0,0,0,0,-77.1779,-49.6995,1,0,0
0,0,0,2009165,0,0,0,0,0,0,-77.1779,-49.6995,1,0,0
0,0,0,2009166,0,0,0,0,0,0,-77.1779,-49.6995,1,0,0
0,0,0,2009167,0,0,0,0,0,0,-77.1779,-49.6995,1,0,0
0,0,0,2009168,0,0,0,0,0,0,-77.1779,-49.6995,1,0,0
0,0,0,2009169,0,0,0,0,0,0,-77.1779,-49.6995,1,0,0
0,0,0,2009170,0,0,0,0,0,0,-77.1779,-49.6995,1,0,0
0,0,0,2009171,0,0,0,0,0,0,-77.1779,-49.6995,1,0,0
0,0,0,2009172,0,0,0,0,0,0,-77.1779,-49.6995,1,0,0
0,0,0,2009173,0,0,0,0,0,0,-77.1779,-49.6995,1,0,0
0,0,0,2009174,0,0,0,0,0,0,-77.1779,-49.6995,1,0,0
0,0,0,2009175,0,0,0,0,0,0,-77.1779,-49.6995,1,0,0
0,0,0,2009176,0,0,0,0,0,0,-77.1779,-49.6995,1,0,0
0,0,0,2009177,0,0,0,0,0,0,-77.1779,-49.6995,1,0,0
0,0,0,2009178,0,0,0,0,0,0,-77.1779,-49.6995,1,0,0
0,0,0,2009179,0,0,0,0,0,0,-77.1779,-49.6995,1,0,0
0,0,0,2009180,0,0,0,0,0,0,-77.1779,-49.6995,1,0,0
0,0,0,2009181,0,0,0,0,0,0,-77.1779,-49.6995,1,0,0
0,0,0,2009182,0,0,0,0,0,0,-77.1779,-49.6995,1,0,0
0,0,0,2009183,0,0,0,0,0,0,-77.1779,-49.6995,1,0,0
0,0,0,2009184,0,0,0,0,0,0,-77.1779,-49.6995,1,0,0
0,0,0,2009185,0,0,0,0,0,0,-77.1779,-49.6995,1,0,0
0,0,0,2009186,0,0,0,0,0,0,-77.1779,-49.6995,1,0,0
0,0,0,2009187,0,0,0,0,0,0,-77.1779,-49.6995,1,0,0
0,0,0,2009188,0,0,0,0,0,0,-77.1779,-49.6995,1,0,0
0,0,0,2009189,0,0,0,0,0,0,-77.1779,-49.6995,1,0,0
0,0,0,2009190,0,0,0,0,0,0,-77.1779,-49.6995,1,0,0
0,0,0,2009191,0,0,0,0,0,0,-77.1779,-49.6995,1,0,0
0,0,0,2009192,0,0,0,0,0,0,-77.1779,-49.6995,1,0,0
0,0,0,2009193,0,0,0,0,0,0,-77.1779,-49.6995,1,0,0
0,0,0,2009194,0,0,0,0,0,0,-77.1779,-49.6995,1,0,0
0,0,0,2009195,0,0,0,0,0,0,-77.1779,-49.6995,1,0,0
0,0,0,2009196,0,0,0,0,0,0,-77.1779,-49.6995,1,0,0
0,0,0,2009197,0,0,0,0,0,0,-77.1779,-49.6995,1,0,0
0,0,0,2009198,0,0,0,0,0,0,-77.1779,-49.6995,1,0,0
0,0,0,2009199,0,0,0,0,0,0,-77.1779,-49.6995,1,0,0
0,0,0,2009200,0,0,0,0,0,0,-77.1784,-49.7924,1,0,0
0,0,0,2009201,0,0,0,0,0,0,-77.1784,-49.7924,1,0,0
0,0,0,2009202,0,0,0,0,0,0,-77.1784,-49.7924,1,0,0
0,0,0,2009203,0,0,0,0,0,0,-77.1784,-49.7924,1,0,0
0,0,0,2009204,0,0,0,0,0,0,-77.1784,-49.7924,1,0,0
0,0,0,2009205,0,0,0,0,0,0,-77.1784,-49.7924,1,0,0
0,0,0,2009206,0,0,0,0,0,0,-77.1784,-49.7924,1,0,0
0,0,0,2009207,0,0,0,0,0,0,-77.1784,-49.7924,1,0,0
0,0,0,2009208,0,0,0,0,0,0,-77.1784,-49.7924,1,0,0
0,0,0,2009209,0,0,0,0,0,0,-77.1784,-49.7924,1,0,0
0,0,0,2009210,0,0,0,0,0,0,-77.1784,-49.7924,1,0,0
0,0,0,2009211,0,0,0,0,0,0,-77.1784,-49.7924,1,0,0
0,0,0,2009212,0,0,0,0,0,0,-77.1784,-49.7924,1,0,0
0,0,0,2009213,0,0,0,0,0,0,-77.1784,-49.7924,1,0,0
0,0,0,2009214,0,0,0,0,0,0,-77.1784,-49.7924,1,0,0
0,0,0,2009215,0,0,0,0,0,0,-77.1784,-49.7924,1,0,0
0,0,0,2009216,0,0,0,0,0,0,-77.1784,-49.7924,1,0,0
0,0,0,2009217,0,0,0,0,0,0,-77.1445,-49.8045,1,0,0
0,0,0,2009218,0,0,0,0,0,0,-77.1445,-49.8045,1,0,0
0,0,0,2009219,0,0,0,0,0,0,-77.1445,-49.8045,1,0,0
0,0,0,2009220,0,0,0,0,0,0,-77.1445,-49.8045,1,0,0
0,0,0,2009221,0,0,0,0,0,0,-77.1445,-49.8045,1,0,0
0,0,0,2009222,0,0,0,0,0,0,-77.1445,-49.8045,1,0,0
0,0,0,2009223,0,0,0,0,0,0,-77.1445,-49.8045,1,0,0
0,0,0,2009224,0,0,0,0,0,0,-77.1445,-49.8045,1,0,0
0,0,0,2009225,0,0,0,0,0,0,-77.1445,-49.8045,1,0,0
0,0,0,2009226,0,0,0,0,0,0,-77.1445,-49.8045,1,0,0
0,0,0,2009227,0,0,0,0,0,0,-77.1445,-49.8045,1,0,0
0,0,0,2009228,0,0,0,0,0,0,-77.1445,-49.8045,1,0,0
0,0,0,2009229,0,0,0,0,0,0,-77.1445,-49.8045,1,0,0
0,0,0,2009230,0,0,0,0,0,0,-77.1445,-49.8045,1,0,0
0,0,0,2009231,0,0,0,0,0,0,-77.1445,-49.8045,1,0,0
0,0,0,2009232,0,0,0,0,0,0,-77.1445,-49.8045,1,0,0
0,0,0,2009233,0,0,0,0,0,0,-77.1445,-49.8045,1,0,0
0,0,0,2009234,0,0,0,0,0,0,-77.1445,-49.8045,1,0,0
0,0,0,2009235,0,0,0,0,0,0,-77.1445,-49.8045,1,0,0
0,0,0,2009236,0,0,0,0,0,0,-77.1445,-49.8045,1,0,0
0,0,0,2009237,0,0,0,0,0,0,-77.1525,-49.9378,1,0,0
0,0,0,2009238,0,0,0,0,0,0,-77.1525,-49.9378,1,0,0
0,0,0,2009239,0,0,0,0,0,0,-77.1525,-49.9378,1,0,0
0,0,0,2009240,0,0,0,0,0,0,-77.1525,-49.9378,1,0,0
0,0,0,2009241,0,0,0,0,0,0,-77.1525,-49.9378,1,0,0
0,0,0,2009242,0,0,0,0,0,0,-77.1525,-49.9378,1,0,0
0,0,0,2009243,0,0,0,0,0,0,-77.1525,-49.9378,1,0,0
0,0,0,2009244,0,0,0,0,0,0,-77.1525,-49.9378,1,0,0
0,0,0,2009245,0,0,0,0,0,0,-77.1251,-49.8309,1,0,0
0,0,0,2009246,0,0,0,0,0,0,-77.1251,-49.8309,1,0,0
0,0,0,2009247,0,0,0,0,0,0,-77.1251,-49.8309,0,0,0
0,0,0,2009248,0,0,0,0,0,0,-77.1251,-49.8309,0,0,0
0,0,0,2009249,0,0,0,0,0,0,-77.1251,-49.8309,1,0,0
0,0,0,2009250,0,0,0,0,0,0,-77.1251,-49.8309,1,0,0
0,0,0,2009251,0,0,0,0,0,0,-77.1251,-49.8309,1,0,0
0,0,0,2009252,0,0,0,0,0,0,-77.1251,-49.8309,1,0,0
0,0,0,2009253,0,0,0,0,0,0,-77.1251,-49.8309,1,0,0
0,0,0,2009254,0,0,0,0,0,0,-77.1251,-49.8309,1,0,0
0,0,0,2009255,0,0,0,0,0,0,-77.1251,-49.8309,1,0,0
0,0,0,2009256,0,0,0,0,0,0,-77.1251,-49.8309,1,0,0
0,0,0,2009257,0,0,0,0,0,0,-77.1251,-49.8309,1,0,0
0,0,0,2009258,0,0,0,0,0,0,-77.1251,-49.8309,1,0,0
0,0,0,2009259,0,0,0,0,0,0,-77.1251,-49.8309,1,0,0
0,0,0,2009260,0,0,0,0,0,0,-77.1251,-49.8309,1,0,0
0,0,0,2009261,0,0,0,0,0,0,-77.1251,-49.8309,1,0,0
0,0,0,2009262,0,0,0,0,0,0,-77.1251,-49.8309,1,0,0
0,0,0,2009263,0,0,0,0,0,0,-77.1251,-49.8309,1,0,0
0,0,0,2009264,0,0,0,0,0,0,-77.1251,-49.8309,1,0,0
0,0,0,2009265,0,0,0,0,0,0,-77.1251,-49.8309,1,0,0
0,0,0,2009266,0,0,0,0,0,0,-77.1251,-49.8309,1,0,0
0,0,0,2009267,0,0,0,0,0,0,-77.1251,-49.8309,1,0,0
0,0,0,2009268,0,0,0,0,0,0,-77.1251,-49.8309,1,0,0
0,0,0,2009269,0,0,0,0,0,0,-77.1251,-49.8309,1,0,0
0,0,0,2009270,0,0,0,0,0,0,-77.1251,-49.8309,1,0,0
0,0,0,2009271,0,0,0,0,0,0,-77.1251,-49.8309,1,0,0
0,0,0,2009272,0,0,0,0,0,0,-77.1251,-49.8309,1,0,0
0,0,0,2009273,0,0,0,0,0,0,-77.1251,-49.8309,1,0,0
0,0,0,2009274,0,0,0,0,0,0,-77.1251,-49.8309,1,0,0
0,0,0,2009275,0,0,0,0,0,0,-77.1251,-49.8309,1,0,0
0,0,0,2009276,0,0,0,0,0,0,-77.1251,-49.8309,1,0,0
0,0,0,2009277,0,0,0,0,0,0,-77.1251,-49.8309,1,0,0
0,0,0,2009278,0,0,0,0,0,0,-77.1251,-49.8309,1,0,0
0,0,0,2009279,0,0,0,0,0,0,-77.1251,-49.8309,1,0,0
0,0,0,2009280,0,0,0,0,0,0,-77.1251,-49.8309,1,0,0
0,0,0,2009281,0,0,0,0,0,0,-77.1251,-49.8309,1,0,0
0,0,0,2009282,0,0,0,0,0,0,-77.1251,-49.8309,1,0,0
0,0,0,2009283,0,0,0,0,0,0,-77.1251,-49.8309,1,0,0
0,0,0,2009284,0,0,0,0,0,0,-77.1251,-49.8309,1,0,0
0,0,0,2009285,0,0,0,0,0,0,-77.1251,-49.8309,1,0,0
0,0,0,2009286,0,0,0,0,0,0,-77.1251,-49.8309,1,0,0
0,0,0,2009287,0,0,0,0,0,0,-77.1251,-49.8309,1,0,0
0,0,0,2009288,0,0,0,0,0,0,-77.1251,-49.8309,1,0,0
0,0,0,2009289,0,0,0,0,0,0,-77.1251,-49.8309,1,0,0
0,0,0,2009290,0,0,0,0,0,0,-77.1251,-49.8309,1,0,0
0,0,0,2009291,0,0,0,0,0,0,-77.1251,-49.8309,1,0,0
0,0,0,2009292,0,0,0,0,0,0,-77.1251,-49.8309,1,0,0
0,0,0,2009293,0,0,0,0,0,0,-77.1251,-49.8309,1,0,0
0,0,0,2009294,0,0,0,0,0,0,-77.1251,-49.8309,1,0,0
0,0,0,2009295,0,0,0,0,0,0,-77.1251,-49.8309,1,0,0
0,0,0,2009296,0,0,0,0,0,0,-77.1251,-49.8309,1,0,0
0,0,0,2009297,0,0,0,0,0,0,-77.1251,-49.8309,1,0,0
0,0,0,2009298,0,0,0,0,0,0,-77.1251,-49.8309,1,0,0
0,0,0,2009299,0,0,0,0,0,0,-77.1251,-49.8309,1,0,0
0,0,0,2009300,0,0,0,0,0,0,-77.1251,-49.8309,1,0,0
0,0,0,2009301,0,0,0,0,0,0,-77.1251,-49.8309,1,0,0
0,0,0,2009302,0,0,0,0,0,0,-77.1251,-49.8309,1,0,0
0,0,0,2009303,0,0,0,0,0,0,-77.1251,-49.8309,1,0,0
0,0,0,2009304,0,0,0,0,0,0,-77.1251,-49.8309,1,0,0
0,0,0,2009305,0,0,0,0,0,0,-77.1251,-49.8309,1,0,0
0,0,0,2009306,0,0,0,0,0,0,-77.1251,-49.8309,1,0,0
0,0,0,2009307,0,0,0,0,0,0,-77.1251,-49.8309,1,0,0
0,0,0,2009308,0,0,0,0,0,0,-77.1251,-49.8309,1,0,0
0,0,0,2009309,0,0,0,0,0,0,-77.1251,-49.8309,1,0,0
0,0,0,2009310,0,0,0,0,0,0,-77.1251,-49.8309,1,0,0
0,0,0,2009311,0,0,0,0,0,0,-77.1251,-49.8309,1,0,0
0,0,0,2009312,0,0,0,0,0,0,-77.1251,-49.8309,1,0,0
0,0,0,2009313,0,0,0,0,0,0,-77.1251,-49.8309,1,0,0
0,0,0,2009314,0,0,0,0,0,0,-77.1251,-49.8309,1,0,0
0,0,0,2009315,0,0,0,0,0,0,-77.1251,-49.8309,1,0,0
0,0,0,2009316,0,0,0,0,0,0,-77.1251,-49.8309,1,0,0
0,0,0,2009317,0,0,0,0,0,0,-77.1251,-49.8309,1,0,0
0,0,0,2009318,0,0,0,0,0,0,-77.1251,-49.8309,1,0,0
0,0,0,2009319,0,0,0,0,0,0,-77.1251,-49.8309,1,0,0
0,0,0,2009320,0,0,0,0,0,0,-77.1251,-49.8309,1,0,0
0,0,0,2009321,0,0,0,0,0,0,-77.1251,-49.8309,1,0,0
0,0,0,2009322,0,0,0,0,0,0,-77.1251,-49.8309,1,0,0
0,0,0,2009323,0,0,0,0,0,0,-77.1251,-49.8309,1,0,0
0,0,0,2009324,0,0,0,0,0,0,-77.1251,-49.8309,1,0,0
0,0,0,2009325,0,0,0,0,0,0,-77.1251,-49.8309,1,0,0
0,0,0,2009326,0,0,0,0,0,0,-77.1251,-49.8309,1,0,0
0,0,0,2010024,-77.05,-50.28,1,0,0,0,0,0,0,14,7
0,0,0,2010025,-77.05,-50.28,0,0,0,0,0,0,0,0,0
0,0,0,2010026,-77.05,-50.28,0,0,0,0,0,0,0,0,0
0,0,0,2010027,-77.05,-50.28,0,0,0,0,0,0,0,0,0
0,0,0,2010028,-77.05,-50.28,0,0,0,0,0,0,0,0,0
0,0,0,2010029,-77.05,-50.28,0,0,0,0,0,0,0,0,0
0,0,0,2010030,-77.05,-50.28,0,0,0,0,0,0,0,0,0
0,0,0,2010031,-77.05,-50.28,1,0,0,0,0,0,0,14,7
0,0,0,2010032,-77.05,-50.28,0,0,0,0,0,0,0,0,0
0,0,0,2010033,-77.05,-50.28,0,0,0,0,0,0,0,0,0
0,0,0,2010034,-77.05,-50.28,0,0,0,0,0,0,0,0,0
0,0,0,2010035,-77.05,-50.28,0,0,0,0,0,0,0,0,0
0,0,0,2010036,-77.05,-50.28,0,0,0,0,0,0,0,0,0
0,0,0,2010037,-77.05,-50.28,0,0,0,0,0,0,0,0,0
0,0,0,2010038,-77.05,-50.28,1,0,0,0,0,0,0,14,7
0,0,0,2010052,-77.05,-50.28,1,0,0,0,0,0,0,14,7
0,0,0,2010053,-77.05,-50.28,0,0,0,0,0,0,0,0,0
0,0,0,2010054,-77.05,-50.28,0,0,0,0,0,0,0,0,0
0,0,0,2010055,-77.05,-50.28,0,0,0,0,0,0,0,0,0
0,0,0,2010056,-77.05,-50.28,0,0,0,0,0,0,0,0,0
0,0,0,2010057,-77.05,-50.28,0,0,0,0,0,0,0,0,0
0,0,0,2010058,-77.05,-50.28,0,0,0,0,0,0,0,0,0
0,0,0,2010059,-77.05,-50.28,1,0,0,0,0,0,0,14,7
0,0,0,2010060,-77.05,-50.28,0,0,0,0,0,0,0,0,0
0,0,0,2010061,-77.05,-50.28,0,0,0,0,0,0,0,0,0
0,0,0,2010062,-77.05,-50.28,0,0,0,0,0,0,0,0,0
0,0,0,2010063,-77.05,-50.28,0,0,0,0,0,0,0,0,0
0,0,0,2010064,-77.05,-50.28,0,0,0,0,0,0,0,0,0
0,0,0,2010065,-77.05,-50.28,0,0,0,0,0,0,0,0,0
0,0,0,2010066,-77.05,-50.28,1,0,0,0,0,0,0,14,7
0,0,0,2010067,-77.05,-50.28,0,0,0,0,0,0,0,0,0
0,0,0,2010068,-77.05,-50.28,0,0,0,0,0,0,0,0,0
0,0,0,2010069,-77.05,-50.28,0,0,0,0,0,0,0,0,0
0,0,0,2010070,-77.05,-50.28,0,0,0,0,0,0,0,0,0
0,0,0,2010071,-77.05,-50.28,0,0,0,0,0,0,0,0,0
0,0,0,2010072,-77.05,-50.28,0,0,0,0,0,0,0,0,0
0,0,0,2010073,-77.05,-50.28,1,0,0,0,0,0,0,14,7
0,0,0,2010074,-77.05,-50.28,0,0,0,0,0,0,0,0,0
0,0,0,2010075,-77.05,-50.28,0,0,0,0,0,0,0,0,0
0,0,0,2010076,-77.05,-50.28,0,0,0,0,0,0,0,0,0
0,0,0,2010077,-77.05,-50.28,0,0,0,0,0,0,0,0,0
0,0,0,2010078,-77.05,-50.28,0,0,0,0,0,0,0,0,0
0,0,0,2010079,-77.05,-50.28,0,0,0,0,0,0,0,0,0
0,0,0,2010080,-77.05,-50.28,1,0,0,0,0,0,0,14,7
0,0,0,2010081,-77.05,-50.28,0,0,0,0,0,0,0,0,0
0,0,0,2010082,-77.05,-50.28,0,0,0,0,0,0,0,0,0
0,0,0,2010083,-77.05,-50.28,0,0,0,0,0,0,0,0,0
0,0,0,2010084,-77.05,-50.28,0,0,0,0,0,0,0,0,0
0,0,0,2010085,-77.05,-50.28,0,0,0,0,0,0,0,0,0
0,0,0,2010086,-77.05,-50.28,0,0,0,0,0,0,0,0,0
0,0,0,2010087,-77.05,-50.28,1,0,0,0,0,0,0,14,7
0,0,0,2010088,-77.05,-50.28,0,0,0,0,0,0,0,0,0
0,0,0,2010089,-77.05,-50.28,0,0,0,0,0,0,0,0,0
0,0,0,2010090,-77.05,-50.28,0,0,0,0,0,0,0,0,0
0,0,0,2010091,-77.05,-50.28,0,0,0,0,0,0,0,0,0
0,0,0,2010092,-77.05,-50.28,0,0,0,0,0,0,0,0,0
0,0,0,2010093,-77.05,-50.28,0,0,0,0,0,0,0,0,0
0,0,0,2010094,-77.05,-50.28,1,0,0,0,0,0,0,14,7
0,0,0,2010095,-77.05,-50.28,0,0,0,0,0,0,0,0,0
0,0,0,2010096,-77.05,-50.28,0,0,0,0,0,0,0,0,0
0,0,0,2010097,-77.05,-50.28,0,0,0,0,0,0,0,0,0
0,0,0,2010098,-77.05,-50.28,0,0,0,0,0,0,0,0,0
0,0,0,2010099,-77.05,-50.28,0,0,0,0,0,0,0,0,0
0,0,0,2010100,-77.05,-50.28,0,0,0,0,0,0,0,0,0
0,0,0,2010101,-77.05,-50.28,1,0,0,0,0,0,0,14,7
0,0,0,2010102,-77.05,-50.28,0,0,0,0,0,0,0,0,0
0,0,0,2010103,-77.05,-50.28,0,0,0,0,0,0,0,0,0
0,0,0,2010104,-77.05,-50.28,0,0,0,0,0,0,0,0,0
0,0,0,2010105,-77.05,-50.28,0,0,0,0,0,0,0,0,0
0,0,0,2010106,-77.05,-50.28,0,0,0,0,0,0,0,0,0
0,0,0,2010107,-77.05,-50.28,0,0,0,0,0,0,0,0,0
0,0,0,2010108,-77.05,-50.28,1,0,0,0,0,0,0,14,7
0,0,0,2010109,-77.05,-50.28,0,0,0,0,0,0,0,0,0
0,0,0,2010110,-77.05,-50.28,0,0,0,0,0,0,0,0,0
0,0,0,2010111,-77.05,-50.28,0,0,0,0,0,0,0,0,0
0,0,0,2010112,-77.05,-50.28,0,0,0,0,0,0,0,0,0
0,0,0,2010113,-77.05,-50.28,0,0,0,0,0,0,0,0,0
0,0,0,2010114,-77.05,-50.28,0,0,0,0,0,0,0,0,0
0,0,0,2010115,-77.05,-50.28,1,0,0,0,0,0,0,14,7
0,0,0,2010116,-77.05,-50.28,0,0,0,0,0,0,0,0,0
0,0,0,2010117,-77.05,-50.28,0,0,0,0,0,0,0,0,0
0,0,0,2010118,-77.05,-50.28,0,0,0,0,0,0,0,0,0
0,0,0,2010119,-77.05,-50.28,0,0,0,0,0,0,0,0,0
0,0,0,2010120,-77.05,-50.28,0,0,0,0,0,0,0,0,0
0,0,0,2010121,-77.05,-50.28,0,0,0,0,0,0,0,0,0
0,0,0,2010122,-77.05,-50.28,1,0,0,0,0,0,0,14,7
0,0,0,2010123,-77.05,-50.28,0,0,0,0,0,0,0,0,0
0,0,0,2010124,-77.05,-50.28,0,0,0,0,0,0,0,0,0
0,0,0,2010125,-77.05,-50.28,0,0,0,0,0,0,0,0,0
0,0,0,2010126,-77.05,-50.28,0,0,0,0,0,0,0,0,0
0,0,0,2010127,-77.05,-50.28,0,0,0,0,0,0,0,0,0
0,0,0,2010128,-77.05,-50.28,0,0,0,0,0,0,0,0,0
0,0,0,2010129,-77.05,-50.28,1,0,0,0,0,0,0,14,7
0,0,0,2010130,-77.05,-50.28,0,0,0,0,0,0,0,0,0
0,0,0,2010131,-77.05,-50.28,0,0,0,0,0,0,0,0,0
0,0,0,2010132,-77.05,-50.28,0,0,0,0,0,0,0,0,0
0,0,0,2010133,-77.05,-50.28,0,0,0,0,0,0,0,0,0
0,0,0,2010134,-77.05,-50.28,0,0,0,0,0,0,0,0,0
0,0,0,2010135,-77.05,-50.28,0,0,0,0,0,0,0,0,0
0,0,0,2010136,-77.05,-50.28,1,0,0,0,0,0,0,14,7
0,0,0,2010137,-77.05,-50.28,0,0,0,0,0,0,0,0,0
0,0,0,2010138,-77.05,-50.28,0,0,0,0,0,0,0,0,0
0,0,0,2010139,-77.05,-50.28,0,0,0,0,0,0,0,0,0
0,0,0,2010140,-77.05,-50.28,0,0,0,0,0,0,0,0,0
0,0,0,2010141,-77.05,-50.28,0,0,0,0,0,0,0,0,0
0,0,0,2010142,-77.05,-50.28,0,0,0,0,0,0,0,0,0
0,0,0,2010143,-77.05,-50.28,1,0,0,0,0,0,0,14,7
0,0,0,2010144,-77.05,-50.28,0,0,0,0,0,0,0,0,0
0,0,0,2010145,-77.05,-50.28,0,0,0,0,0,0,0,0,0
0,0,0,2010146,-77.05,-50.28,0,0,0,0,0,0,0,0,0
0,0,0,2010147,-77.05,-50.28,0,0,0,0,0,0,0,0,0
0,0,0,2010148,-77.05,-50.28,0,0,0,0,0,0,0,0,0
0,0,0,2010149,-77.05,-50.28,0,0,0,0,0,0,0,0,0
0,0,0,2010150,-77.05,-50.28,1,0,0,0,0,0,0,14,7
0,0,0,2010151,-77.05,-50.28,0,0,0,0,0,0,0,0,0
0,0,0,2010152,-77.05,-50.28,0,0,0,0,0,0,0,0,0
0,0,0,2010153,-77.05,-50.28,0,0,0,0,0,0,0,0,0
0,0,0,2010154,-77.05,-50.28,0,0,0,0,0,0,0,0,0
0,0,0,2010155,-77.05,-50.28,0,0,0,0,0,0,0,0,0
0,0,0,2010156,-77.05,-50.28,0,0,0,0,0,0,0,0,0
0,0,0,2010157,-77.05,-50.28,1,0,0,0,0,0,0,14,7
0,0,0,2010158,-77.05,-50.28,0,0,0,0,0,0,0,0,0
0,0,0,2010159,-77.05,-50.28,0,0,0,0,0,0,0,0,0
0,0,0,2010160,-77.05,-50.28,0,0,0,0,0,0,0,0,0
0,0,0,2010161,-77.05,-50.28,0,0,0,0,0,0,0,0,0
0,0,0,2010162,-77.05,-50.28,0,0,0,0,0,0,0,0,0
0,0,0,2010163,-77.05,-50.28,0,0,0,0,0,0,0,0,0
0,0,0,2010164,-77.05,-50.28,1,0,0,0,0,0,0,14,7
0,0,0,2010165,-77.05,-50.28,0,0,0,0,0,0,0,0,0
0,0,0,2010166,-77.05,-50.28,0,0,0,0,0,0,0,0,0
0,0,0,2010167,-77.05,-50.28,0,0,0,0,0,0,0,0,0
0,0,0,2010168,-77.05,-50.28,0,0,0,0,0,0,0,0,0
0,0,0,2010169,-77.05,-50.28,0,0,0,0,0,0,0,0,0
0,0,0,2010170,-77.05,-50.28,0,0,0,0,0,0,0,0,0
0,0,0,2010171,-77.05,-50.28,1,0,0,0,0,0,0,14,7
0,0,0,2010172,-77.05,-50.28,0,0,0,0,0,0,0,0,0
0,0,0,2010173,-77.05,-50.28,0,0,0,0,0,0,0,0,0
0,0,0,2010174,-77.05,-50.28,0,0,0,0,0,0,0,0,0
0,0,0,2010175,-77.05,-50.28,0,0,0,0,0,0,0,0,0
0,0,0,2010176,-77.05,-50.28,0,0,0,0,0,0,0,0,0
0,0,0,2010177,-77.05,-50.28,0,0,0,0,0,0,0,0,0
0,0,0,2010178,-77.05,-50.28,1,0,0,0,0,0,0,14,7
0,0,0,2010179,-77.05,-50.28,0,0,0,0,0,0,0,0,0
0,0,0,2010180,-77.05,-50.28,0,0,0,0,0,0,0,0,0
0,0,0,2010181,-77.05,-50.28,0,0,0,0,0,0,0,0,0
0,0,0,2010182,-77.05,-50.28,0,0,0,0,0,0,0,0,0
0,0,0,2010183,-77.05,-50.28,0,0,0,0,0,0,0,0,0
0,0,0,2010184,-77.05,-50.28,0,0,0,0,0,0,0,0,0
0,0,0,2010185,-77.05,-50.28,1,0,0,0,0,0,0,14,7
0,0,0,2010186,-77.05,-50.28,0,0,0,0,0,0,0,0,0
0,0,0,2010187,-77.05,-50.28,0,0,0,0,0,0,0,0,0
0,0,0,2010188,-77.05,-50.28,0,0,0,0,0,0,0,0,0
0,0,0,2010189,-77.05,-50.28,0,0,0,0,0,0,0,0,0
0,0,0,2010190,-77.05,-50.28,0,0,0,0,0,0,0,0,0
0,0,0,2010191,-77.05,-50.28,0,0,0,0,0,0,0,0,0
0,0,0,2010192,-77.05,-50.28,1,0,0,0,0,0,0,14,7
0,0,0,2010220,-77.05,-50.28,1,0,0,0,0,0,0,14,7
0,0,0,2010221,-77.05,-50.28,0,0,0,0,0,0,0,0,0
0,0,0,2010222,-77.05,-50.28,0,0,0,0,0,0,0,0,0
0,0,0,2010223,-77.05,-50.28,0,0,0,0,0,0,0,0,0
0,0,0,2010224,-77.05,-50.28,0,0,0,0,0,0,0,0,0
0,0,0,2010225,-77.05,-50.28,0,0,0,0,0,0,0,0,0
0,0,0,2010226,-77.05,-50.28,0,0,0,0,0,0,0,0,0
0,0,0,2010227,-77.05,-50.28,1,0,0,0,0,0,0,14,7
0,0,0,2010248,-77.05,-50.28,1,0,0,0,0,0,0,14,7
0,0,0,2010249,-77.05,-50.28,0,0,0,0,0,0,0,0,0
0,0,0,2010250,-77.05,-50.28,0,0,0,0,0,0,0,0,0
0,0,0,2010251,-77.05,-50.28,0,0,0,0,0,0,0,0,0
0,0,0,2010252,-77.05,-50.28,0,0,0,0,0,0,0,0,0
0,0,0,2010253,-77.05,-50.28,0,0,0,0,0,0,0,0,0
0,0,0,2010254,-77.05,-50.28,0,0,0,0,0,0,0,0,0
0,0,0,2010255,-77.05,-50.28,1,0,0,0,0,0,0,14,7
0,0,0,2010256,-77.05,-50.28,0,0,0,0,0,0,0,0,0
0,0,0,2010257,-77.05,-50.28,0,0,0,0,0,0,0,0,0
0,0,0,2010258,-77.05,-50.28,0,0,0,0,0,0,0,0,0
0,0,0,2010259,-77.05,-50.28,0,0,0,0,0,0,0,0,0
0,0,0,2010260,-77.05,-50.28,0,0,0,0,0,0,0,0,0
0,0,0,2010261,-77.05,-50.28,0,0,0,0,0,0,0,0,0
0,0,0,2010262,-77.05,-50.28,1,0,0,0,0,0,0,14,7
0,0,0,2010276,-77.05,-50.27,1,0,0,0,0,0,0,14,7
0,0,0,2010277,-77.05,-50.27,0,0,0,0,0,0,0,0,0
0,0,0,2010278,-77.05,-50.27,0,0,0,0,0,0,0,0,0
0,0,0,2010279,-77.05,-50.27,0,0,0,0,0,0,0,0,0
0,0,0,2010280,-77.05,-50.27,0,0,0,0,0,0,0,0,0
0,0,0,2010281,-77.05,-50.27,0,0,0,0,0,0,0,0,0
0,0,0,2010282,-77.05,-50.27,0,0,0,0,0,0,0,0,0
0,0,0,2010283,-77.05,-50.27,1,0,0,0,0,0,0,14,7
0,0,0,2010297,-77.05,-50.27,1,0,0,0,0,0,0,14,7
0,0,0,2010298,-77.05,-50.27,0,0,0,0,0,0,0,0,0
0,0,0,2010299,-77.05,-50.27,0,0,0,0,0,0,0,0,0
0,0,0,2010300,-77.05,-50.27,0,0,0,0,0,0,0,0,0
0,0,0,2010301,-77.05,-50.27,0,0,0,0,0,0,0,0,0
0,0,0,2010302,-77.05,-50.27,0,0,0,0,0,0,0,0,0
0,0,0,2010303,-77.05,-50.27,0,0,0,0,0,0,0,0,0
0,0,0,2010304,-77.05,-50.27,1,0,0,0,0,0,0,14,7
0,0,0,2010305,-77.05,-50.27,0,0,0,0,0,0,0,0,0
0,0,0,2010306,-77.05,-50.27,0,0,0,0,0,0,0,0,0
0,0,0,2010307,-77.05,-50.27,0,0,0,0,0,0,0,0,0
0,0,0,2010308,-77.05,-50.27,0,0,0,0,0,0,0,0,0
0,0,0,2010309,-77.05,-50.27,0,0,0,0,0,0,0,0,0
0,0,0,2010310,-77.05,-50.27,0,0,0,0,0,0,0,0,0
0,0,0,2010311,-77.05,-50.27,1,0,0,0,0,0,0,14,7
0,0,0,2010312,-77.0506,-50.2683,0,0,0,0,0,0,0,0,0
0,0,0,2010313,-77.052,-50.2641,0,0,0,0,0,0,0,0,0
0,0,0,2010314,-77.0539,-50.2582,0,0,0,0,0,0,0,0,0
0,0,0,2010315,-77.0561,-50.2518,0,0,0,0,0,0,0,0,0
0,0,0,2010316,-77.058,-50.2459,0,0,0,0,0,0,0,0,0
0,0,0,2010317,-77.0594,-50.2417,0,0,0,0,0,0,0,0,0
0,0,0,2010318,-77.06,-50.24,1,0,0,0,0,0,0,15,7
0,0,0,2010319,-77.06,-50.24,0,0,0,0,0,0,0,0,0
0,0,0,2010320,-77.06,-50.24,0,0,0,0,0,0,0,0,0
0,0,0,2010321,-77.06,-50.24,0,0,0,0,0,0,0,0,0
0,0,0,2010322,-77.06,-50.24,0,0,0,0,0,0,0,0,0
0,0,0,2010323,-77.06,-50.24,0,0,0,0,0,0,0,0,0
0,0,0,2010324,-77.06,-50.24,0,0,0,0,0,0,0,0,0
0,0,0,2010325,-77.06,-50.24,1,0,0,0,0,0,0,15,7
0,0,0,2010326,-77.06,-50.24,0,0,0,0,0,0,0,0,0
0,0,0,2010327,-77.06,-50.24,0,0,0,0,0,0,0,0,0
0,0,0,2010328,-77.06,-50.24,0,0,0,0,0,0,0,0,0
0,0,0,2010329,-77.06,-50.24,0,0,0,0,0,0,0,0,0
0,0,0,2010330,-77.06,-50.24,0,0,0,0,0,0,0,0,0
0,0,0,2010331,-77.06,-50.24,0,0,0,0,0,0,0,0,0
0,0,0,2010332,-77.06,-50.24,1,0,0,0,0,0,0,14,7
0,0,0,2010333,-77.06,-50.24,0,0,0,0,0,0,0,0,0
0,0,0,2010334,-77.06,-50.24,0,0,0,0,0,0,0,0,0
0,0,0,2010335,-77.06,-50.24,0,0,0,0,0,0,0,0,0
0,0,0,2010336,-77.06,-50.24,0,0,0,0,0,0,0,0,0
0,0,0,2010337,-77.06,-50.24,0,0,0,0,0,0,0,0,0
0,0,0,2010338,-77.06,-50.24,0,0,0,0,0,0,0,0,0
0,0,0,2010339,-77.06,-50.24,1,0,0,0,0,0,0,14,7
0,0,0,2010340,-77.06,-50.24,0,0,0,0,0,0,0,0,0
0,0,0,2010341,-77.06,-50.24,0,0,0,0,0,0,0,0,0
0,0,0,2010342,-77.06,-50.24,0,0,0,0,0,0,0,0,0
0,0,0,2010343,-77.06,-50.24,0,0,0,0,0,0,0,0,0
0,0,0,2010344,-77.06,-50.24,0,0,0,0,0,0,0,0,0
0,0,0,2010345,-77.06,-50.24,0,0,0,0,0,0,0,0,0
0,0,0,2010346,-77.06,-50.24,1,0,0,0,0,0,0,14,7
0,0,0,2010347,-77.06,-50.24,0,0,0,0,0,0,0,0,0
0,0,0,2010348,-77.06,-50.24,0,0,0,0,0,0,0,0,0
0,0,0,2010349,-77.06,-50.24,0,0,0,0,0,0,0,0,0
0,0,0,2010350,-77.06,-50.24,0,0,0,0,0,0,0,0,0
0,0,0,2010351,-77.06,-50.24,0,0,0,0,0,0,0,0,0
0,0,0,2010352,-77.06,-50.24,0,0,0,0,0,0,0,0,0
0,0,0,2010353,-77.06,-50.24,1,0,0,0,0,0,0,14,7
0,0,0,2010354,-77.06,-50.24,0,0,0,0,0,0,0,0,0
0,0,0,2010355,-77.06,-50.24,0,0,0,0,0,0,0,0,0
0,0,0,2010356,-77.06,-50.24,0,0,0,0,0,0,0,0,0
0,0,0,2010357,-77.06,-50.24,0,0,0,0,0,0,0,0,0
0,0,0,2010358,-77.06,-50.24,0,0,0,0,0,0,0,0,0
0,0,0,2010359,-77.06,-50.24,0,0,0,0,0,0,0,0,0
0,0,0,2010360,-77.06,-50.24,1,0,0,0,0,0,0,14,7
0,0,0,2010361,-77.06,-50.24,0,0,0,0,0,0,0,0,0
0,0,0,2010362,-77.06,-50.24,0,0,0,0,0,0,0,0,0
0,0,0,2010363,-77.06,-50.24,0,0,0,0,0,0,0,0,0
0,0,0,2010364,-77.06,-50.24,0,0,0,0,0,0,0,0,0
0,0,0,2010365,-77.06,-50.24,0,0,0,0,0,0,0,0,0
0,0,0,2011001,-77.06,-50.24,0,0,0,0,0,0,0,0,0
0,0,0,2011002,-77.06,-50.24,1,0,0,0,0,0,0,14,7
0,0,0,2011003,-77.06,-50.24,0,0,0,0,0,0,0,0,0
0,0,0,2011004,-77.06,-50.24,0,0,0,0,0,0,0,0,0
0,0,0,2011005,-77.06,-50.24,0,0,0,0,0,0,0,0,0
0,0,0,2011006,-77.06,-50.24,0,0,0,0,0,0,0,0,0
0,0,0,2011007,-77.06,-50.24,0,0,0,0,0,0,0,0,0
0,0,0,2011008,-77.06,-50.24,0,0,0,0,0,0,0,0,0
0,0,0,2011009,-77.06,-50.24,1,0,0,0,0,0,0,14,7
0,0,0,2011010,-77.06,-50.24,0,0,0,0,0,0,0,0,0
0,0,0,2011011,-77.06,-50.24,0,0,0,0,0,0,0,0,0
0,0,0,2011012,-77.06,-50.24,0,0,0,0,0,0,0,0,0
0,0,0,2011013,-77.06,-50.24,0,0,0,0,0,0,0,0,0
0,0,0,2011014,-77.06,-50.24,0,0,0,0,0,0,0,0,0
0,0,0,2011015,-77.06,-50.24,0,0,0,0,0,0,0,0,0
0,0,0,2011016,-77.06,-50.24,1,0,0,0,0,0,0,14,7
0,0,0,2011017,-77.06,-50.24,0,0,0,0,0,0,0,0,0
0,0,0,2011018,-77.06,-50.24,0,0,0,0,0,0,0,0,0
0,0,0,2011019,-77.06,-50.24,0,0,0,0,0,0,0,0,0
0,0,0,2011020,-77.06,-50.24,0,0,0,0,0,0,0,0,0
0,0,0,2011021,-77.06,-50.24,0,0,0,0,0,0,0,0,0
0,0,0,2011022,-77.06,-50.24,0,0,0,0,0,0,0,0,0
0,0,0,2011023,-77.06,-50.24,1,0,0,0,0,0,0,14,7
0,0,0,2011024,-77.06,-50.24,0,0,0,0,0,0,0,0,0
0,0,0,2011025,-77.06,-50.24,0,0,0,0,0,0,0,0,0
0,0,0,2011026,-77.06,-50.24,0,0,0,0,0,0,0,0,0
0,0,0,2011027,-77.06,-50.24,0,0,0,0,0,0,0,0,0
0,0,0,2011028,-77.06,-50.24,0,0,0,0,0,0,0,0,0
0,0,0,2011029,-77.06,-50.24,0,0,0,0,0,0,0,0,0
0,0,0,2011030,-77.06,-50.24,1,0,0,0,0,0,0,14,7
0,0,0,2011031,-77.06,-50.24,0,0,0,0,0,0,0,0,0
0,0,0,2011032,-77.06,-50.24,0,0,0,0,0,0,0,0,0
0,0,0,2011033,-77.06,-50.24,0,0,0,0,0,0,0,0,0
0,0,0,2011034,-77.06,-50.24,0,0,0,0,0,0,0,0,0
0,0,0,2011035,-77.06,-50.24,0,0,0,0,0,0,0,0,0
0,0,0,2011036,-77.06,-50.24,0,0,0,0,0,0,0,0,0
0,0,0,2011037,-77.06,-50.24,1,0,0,0,0,0,0,14,7
0,0,0,2011038,-77.06,-50.24,0,0,0,0,0,0,0,0,0
0,0,0,2011039,-77.06,-50.24,0,0,0,0,0,0,0,0,0
0,0,0,2011040,-77.06,-50.24,0,0,0,0,0,0,0,0,0
0,0,0,2011041,-77.06,-50.24,0,0,0,0,0,0,0,0,0
0,0,0,2011042,-77.06,-50.24,0,0,0,0,0,0,0,0,0
0,0,0,2011043,-77.06,-50.24,0,0,0,0,0,0,0,0,0
0,0,0,2011044,-77.06,-50.24,1,0,0,0,0,0,0,14,7
0,0,0,2011045,-77.06,-50.24,0,0,0,0,0,0,0,0,0
0,0,0,2011046,-77.06,-50.24,0,0,0,0,0,0,0,0,0
0,0,0,2011047,-77.06,-50.24,0,0,0,0,0,0,0,0,0
0,0,0,2011048,-77.06,-50.24,0,0,0,0,0,0,0,0,0
0,0,0,2011049,-77.06,-50.24,0,0,0,0,0,0,0,0,0
0,0,0,2011050,-77.06,-50.24,0,0,0,0,0,0,0,0,0
0,0,0,2011051,-77.06,-50.24,1,0,0,0,0,0,0,14,7
0,0,0,2011052,-77.06,-50.24,0,0,0,0,0,0,0,0,0
0,0,0,2011053,-77.06,-50.24,0,0,0,0,0,0,0,0,0
0,0,0,2011054,-77.06,-50.24,0,0,0,0,0,0,0,0,0
0,0,0,2011055,-77.06,-50.24,0,0,0,0,0,0,0,0,0
0,0,0,2011056,-77.06,-50.24,0,0,0,0,0,0,0,0,0
0,0,0,2011057,-77.06,-50.24,0,0,0,0,0,0,0,0,0
0,0,0,2011058,-77.06,-50.24,1,0,0,0,0,0,0,14,7
0,0,0,2011059,-77.06,-50.24,0,0,0,0,0,0,0,0,0
0,0,0,2011060,-77.06,-50.24,0,0,0,0,0,0,0,0,0
0,0,0,2011061,-77.06,-50.24,0,0,0,0,0,0,0,0,0
0,0,0,2011062,-77.06,-50.24,0,0,0,0,0,0,0,0,0
0,0,0,2011063,-77.06,-50.24,0,0,0,0,0,0,0,0,0
0,0,0,2011064,-77.06,-50.24,0,0,0,0,0,0,0,0,0
0,0,0,2011065,-77.06,-50.24,1,0,0,0,0,0,0,14,7
0,0,0,2011066,-77.06,-50.24,0,0,0,0,0,0,0,0,0
0,0,0,2011067,-77.06,-50.24,0,0,0,0,0,0,0,0,0
0,0,0,2011068,-77.06,-50.24,0,0,0,0,0,0,0,0,0
0,0,0,2011069,-77.06,-50.24,0,0,0,0,0,0,0,0,0
0,0,0,2011070,-77.06,-50.24,0,0,0,0,0,0,0,0,0
0,0,0,2011071,-77.06,-50.24,0,0,0,0,0,0,0,0,0
0,0,0,2011072,-77.06,-50.24,1,0,0,0,0,0,0,14,7
0,0,0,2011073,-77.06,-50.24,0,0,0,0,0,0,0,0,0
0,0,0,2011074,-77.06,-50.24,0,0,0,0,0,0,0,0,0
0,0,0,2011075,-77.06,-50.24,0,0,0,0,0,0,0,0,0
0,0,0,2011076,-77.06,-50.24,0,0,0,0,0,0,0,0,0
0,0,0,2011077,-77.06,-50.24,0,0,0,0,0,0,0,0,0
0,0,0,2011078,-77.06,-50.24,0,0,0,0,0,0,0,0,0
0,0,0,2011079,-77.06,-50.24,1,0,0,0,0,0,0,14,7
0,0,0,2011080,-77.0622,-50.2489,0,0,0,0,0,0,0,0,0
0,0,0,2011081,-77.0679,-50.2717,0,0,0,0,0,0,0,0,0
0,0,0,2011082,-77.0757,-50.303,0,0,0,0,0,0,0,0,0
0,0,0,2011083,-77.0843,-50.337,0,0,0,0,0,0,0,0,0
0,0,0,2011084,-77.0921,-50.3683,0,0,0,0,0,0,0,0,0
0,0,0,2011085,-77.0978,-50.3911,0,0,0,0,0,0,0,0,0
0,0,0,2011086,-77.1,-50.4,1,0,0,0,0,0,0,14,7
0,0,0,2011087,-77.1,-50.4,0,0,0,0,0,0,0,0,0
0,0,0,2011088,-77.1,-50.4,0,0,0,0,0,0,0,0,0
0,0,0,2011089,-77.1,-50.4,0,0,0,0,0,0,0,0,0
0,0,0,2011090,-77.1,-50.4,0,0,0,0,0,0,0,0,0
0,0,0,2011091,-77.1,-50.4,0,0,0,0,0,0,0,0,0
0,0,0,2011092,-77.1,-50.4,0,0,0,0,0,0,0,0,0
0,0,0,2011093,-77.1,-50.4,1,0,0,0,0,0,0,14,7
0,0,0,2011107,-77.06,-50.24,1,0,0,0,0,0,0,14,7
0,0,0,2011108,-77.06,-50.24,0,0,0,0,0,0,0,0,0
0,0,0,2011109,-77.06,-50.24,0,0,0,0,0,0,0,0,0
0,0,0,2011110,-77.06,-50.24,0,0,0,0,0,0,0,0,0
0,0,0,2011111,-77.06,-50.24,0,0,0,0,0,0,0,0,0
0,0,0,2011112,-77.06,-50.24,0,0,0,0,0,0,0,0,0
0,0,0,2011113,-77.06,-50.24,0,0,0,0,0,0,0,0,0
0,0,0,2011114,-77.06,-50.24,1,0,0,0,0,0,0,14,7
0,0,0,2011115,-77.06,-50.24,0,0,0,0,0,0,0,0,0
0,0,0,2011116,-77.06,-50.24,0,0,0,0,0,0,0,0,0
0,0,0,2011117,-77.06,-50.24,0,0,0,0,0,0,0,0,0
0,0,0,2011118,-77.06,-50.24,0,0,0,0,0,0,0,0,0
0,0,0,2011119,-77.06,-50.24,0,0,0,0,0,0,0,0,0
0,0,0,2011120,-77.06,-50.24,0,0,0,0,0,0,0,0,0
0,0,0,2011121,-77.06,-50.24,1,0,0,0,0,0,0,14,7
0,0,0,2011122,-77.06,-50.24,0,0,0,0,0,0,0,0,0
0,0,0,2011123,-77.06,-50.24,0,0,0,0,0,0,0,0,0
0,0,0,2011124,-77.06,-50.24,0,0,0,0,0,0,0,0,0
0,0,0,2011125,-77.06,-50.24,0,0,0,0,0,0,0,0,0
0,0,0,2011126,-77.06,-50.24,0,0,0,0,0,0,0,0,0
0,0,0,2011127,-77.06,-50.24,0,0,0,0,0,0,0,0,0
0,0,0,2011128,-77.06,-50.24,1,0,0,0,0,0,0,14,7
0,0,0,2011129,-77.06,-50.24,0,0,0,0,0,0,0,0,0
0,0,0,2011130,-77.06,-50.24,0,0,0,0,0,0,0,0,0
0,0,0,2011131,-77.06,-50.24,0,0,0,0,0,0,0,0,0
0,0,0,2011132,-77.06,-50.24,0,0,0,0,0,0,0,0,0
0,0,0,2011133,-77.06,-50.24,0,0,0,0,0,0,0,0,0
0,0,0,2011134,-77.06,-50.24,0,0,0,0,0,0,0,0,0
0,0,0,2011135,-77.06,-50.24,1,0,0,0,0,0,0,14,7
0,0,0,2011136,-77.06,-50.24,0,0,0,0,0,0,0,0,0
0,0,0,2011137,-77.06,-50.24,0,0,0,0,0,0,0,0,0
0,0,0,2011138,-77.06,-50.24,0,0,0,0,0,0,0,0,0
0,0,0,2011139,-77.06,-50.24,0,0,0,0,0,0,0,0,0
0,0,0,2011140,-77.06,-50.24,0,0,0,0,0,0,0,0,0
0,0,0,2011141,-77.06,-50.24,0,0,0,0,0,0,0,0,0
0,0,0,2011142,-77.06,-50.24,1,0,0,0,0,0,0,14,7
0,0,0,2011143,-77.06,-50.24,0,0,0,0,0,0,0,0,0
0,0,0,2011144,-77.06,-50.24,0,0,0,0,0,0,0,0,0
0,0,0,2011145,-77.06,-50.24,0,0,0,0,0,0,0,0,0
0,0,0,2011146,-77.06,-50.24,0,0,0,0,0,0,0,0,0
0,0,0,2011147,-77.06,-50.24,0,0,0,0,0,0,0,0,0
0,0,0,2011148,-77.06,-50.24,0,0,0,0,0,0,0,0,0
0,0,0,2011149,-77.06,-50.24,1,0,0,0,0,0,0,14,7
0,0,0,2011150,-77.06,-50.24,0,0,0,0,0,0,0,0,0
0,0,0,2011151,-77.06,-50.24,0,0,0,0,0,0,0,0,0
0,0,0,2011152,-77.06,-50.24,0,0,0,0,0,0,0,0,0
0,0,0,2011153,-77.06,-50.24,0,0,0,0,0,0,0,0,0
0,0,0,2011154,-77.06,-50.24,0,0,0,0,0,0,0,0,0
0,0,0,2011155,-77.06,-50.24,0,0,0,0,0,0,0,0,0
0,0,0,2011156,-77.06,-50.24,1,0,0,0,0,0,0,14,7
0,0,0,2011157,-77.0594,-50.2433,0,0,0,0,0,0,0,0,0
0,0,0,2011158,-77.058,-50.2519,0,0,0,0,0,0,0,0,0
0,0,0,2011159,-77.0561,-50.2636,0,0,0,0,0,0,0,0,0
0,0,0,2011160,-77.0539,-50.2764,0,0,0,0,0,0,0,0,0
0,0,0,2011161,-77.052,-50.2881,0,0,0,0,0,0,0,0,0
0,0,0,2011162,-77.0506,-50.2967,0,0,0,0,0,0,0,0,0
0,0,0,2011163,-77.05,-50.3,1,0,0,0,0,0,0,14,7
0,0,0,2011164,-77.05,-50.2961,0,0,0,0,0,0,0,0,0
0,0,0,2011165,-77.05,-50.2861,0,0,0,0,0,0,0,0,0
0,0,0,2011166,-77.05,-50.2724,0,0,0,0,0,0,0,0,0
0,0,0,2011167,-77.05,-50.2576,0,0,0,0,0,0,0,0,0
0,0,0,2011168,-77.05,-50.2439,0,0,0,0,0,0,0,0,0
0,0,0,2011169,-77.05,-50.2339,0,0,0,0,0,0,0,0,0
0,0,0,2011170,-77.05,-50.23,1,0,0,0,0,0,0,14,7
0,0,0,2011171,-77.05,-50.23,0,0,0,0,0,0,0,0,0
0,0,0,2011172,-77.05,-50.23,0,0,0,0,0,0,0,0,0
0,0,0,2011173,-77.05,-50.23,0,0,0,0,0,0,0,0,0
0,0,0,2011174,-77.05,-50.23,0,0,0,0,0,0,0,0,0
0,0,0,2011175,-77.05,-50.23,0,0,0,0,0,0,0,0,0
0,0,0,2011176,-77.05,-50.23,0,0,0,0,0,0,0,0,0
0,0,0,2011177,-77.05,-50.23,1,0,0,0,0,0,0,14,7
0,0,0,2011178,-77.05,-50.23,0,0,0,0,0,0,0,0,0
0,0,0,2011179,-77.05,-50.23,0,0,0,0,0,0,0,0,0
0,0,0,2011180,-77.05,-50.23,0,0,0,0,0,0,0,0,0
0,0,0,2011181,-77.05,-50.23,0,0,0,0,0,0,0,0,0
0,0,0,2011182,-77.05,-50.23,0,0,0,0,0,0,0,0,0
0,0,0,2011183,-77.05,-50.23,0,0,0,0,0,0,0,0,0
0,0,0,2011184,-77.05,-50.23,1,0,0,0,0,0,0,14,7
0,0,0,2011185,-77.0494,-50.2344,0,0,0,0,0,0,0,0,0
0,0,0,2011186,-77.048,-50.2459,0,0,0,0,0,0,0,0,0
0,0,0,2011187,-77.0461,-50.2615,0,0,0,0,0,0,0,0,0
0,0,0,2011188,-77.0439,-50.2785,0,0,0,0,0,0,0,0,0
0,0,0,2011189,-77.042,-50.2941,0,0,0,0,0,0,0,0,0
0,0,0,2011190,-77.0406,-50.3056,0,0,0,0,0,0,0,0,0
0,0,0,2011191,-77.04,-50.31,1,0,0,0,0,0,0,14,7
0,0,0,2011192,-77.04,-50.31,0,0,0,0,0,0,0,0,0
0,0,0,2011193,-77.04,-50.31,0,0,0,0,0,0,0,0,0
0,0,0,2011194,-77.04,-50.31,0,0,0,0,0,0,0,0,0
0,0,0,2011195,-77.04,-50.31,0,0,0,0,0,0,0,0,0
0,0,0,2011196,-77.04,-50.31,0,0,0,0,0,0,0,0,0
0,0,0,2011197,-77.04,-50.31,0,0,0,0,0,0,0,0,0
0,0,0,2011198,-77.04,-50.31,1,0,0,0,0,0,0,14,7
0,0,0,2011199,-77.04,-50.31,0,0,0,0,0,0,0,0,0
0,0,0,2011200,-77.04,-50.31,0,0,0,0,0,0,0,0,0
0,0,0,2011201,-77.04,-50.31,0,0,0,0,0,0,0,0,0
0,0,0,2011202,-77.04,-50.31,0,0,0,0,0,0,0,0,0
0,0,0,2011203,-77.04,-50.31,0,0,0,0,0,0,0,0,0
0,0,0,2011204,-77.04,-50.31,0,0,0,0,0,0,0,0,0
0,0,0,2011205,-77.04,-50.31,1,0,0,0,0,0,0,14,7
0,0,0,2011206,-77.0406,-50.305,0,0,0,0,0,0,0,0,0
0,0,0,2011207,-77.042,-50.2922,0,0,0,0,0,0,0,0,0
0,0,0,2011208,-77.0439,-50.2746,0,0,0,0,0,0,0,0,0
0,0,0,2011209,-77.0461,-50.2554,0,0,0,0,0,0,0,0,0
0,0,0,2011210,-77.048,-50.2378,0,0,0,0,0,0,0,0,0
0,0,0,2011211,-77.0494,-50.225,0,0,0,0,0,0,0,0,0
0,0,0,2011212,-77.05,-50.22,1,0,0,0,0,0,0,14,7
0,0,0,2011213,-77.05,-50.22,0,0,0,0,0,0,0,0,0
0,0,0,2011214,-77.05,-50.22,0,0,0,0,0,0,0,0,0
0,0,0,2011215,-77.05,-50.22,0,0,0,0,0,0,0,0,0
0,0,0,2011216,-77.05,-50.22,0,0,0,0,0,0,0,0,0
0,0,0,2011217,-77.05,-50.22,0,0,0,0,0,0,0,0,0
0,0,0,2011218,-77.05,-50.22,0,0,0,0,0,0,0,0,0
0,0,0,2011219,-77.05,-50.22,1,0,0,0,0,0,0,14,7
0,0,0,2011220,-77.05,-50.22,0,0,0,0,0,0,0,0,0
0,0,0,2011221,-77.05,-50.22,0,0,0,0,0,0,0,0,0
0,0,0,2011222,-77.05,-50.22,0,0,0,0,0,0,0,0,0
0,0,0,2011223,-77.05,-50.22,0,0,0,0,0,0,0,0,0
0,0,0,2011224,-77.05,-50.22,0,0,0,0,0,0,0,0,0
0,0,0,2011225,-77.05,-50.22,0,0,0,0,0,0,0,0,0
0,0,0,2011226,-77.05,-50.22,1,0,0,0,0,0,0,14,7
0,0,0,2011227,-77.05,-50.22,0,0,0,0,0,0,0,0,0
0,0,0,2011228,-77.05,-50.22,0,0,0,0,0,0,0,0,0
0,0,0,2011229,-77.05,-50.22,0,0,0,0,0,0,0,0,0
0,0,0,2011230,-77.05,-50.22,0,0,0,0,0,0,0,0,0
0,0,0,2011231,-77.05,-50.22,0,0,0,0,0,0,0,0,0
0,0,0,2011232,-77.05,-50.22,0,0,0,0,0,0,0,0,0
0,0,0,2011233,-77.05,-50.22,1,0,0,0,0,0,0,14,7
0,0,0,2011234,-77.05,-50.22,0,0,0,0,0,0,0,0,0
0,0,0,2011235,-77.05,-50.22,0,0,0,0,0,0,0,0,0
0,0,0,2011236,-77.05,-50.22,0,0,0,0,0,0,0,0,0
0,0,0,2011237,-77.05,-50.22,0,0,0,0,0,0,0,0,0
0,0,0,2011238,-77.05,-50.22,0,0,0,0,0,0,0,0,0
0,0,0,2011239,-77.05,-50.22,0,0,0,0,0,0,0,0,0
0,0,0,2011240,-77.05,-50.22,1,0,0,0,0,0,0,14,7
0,0,0,2011241,-77.05,-50.22,0,0,0,0,0,0,0,0,0
-77.0892,-49.836,1,2011242,-77.05,-50.22,0,-77.0892,-49.836,1,0,0,0,0,0
-77.0892,-49.836,1,2011243,-77.05,-50.22,0,-77.0892,-49.836,1,0,0,0,0,0
-77.0892,-49.836,0,2011244,-77.05,-50.22,0,-77.0892,-49.836,0,0,0,0,0,0
-77.0892,-49.836,0,2011245,-77.05,-50.22,0,-77.0892,-49.836,0,0,0,0,0,0
-77.0892,-49.836,0,2011246,-77.05,-50.22,0,-77.0892,-49.836,0,0,0,0,0,0
-77.0892,-49.836,0,2011247,-77.05,-50.22,1,-77.0892,-49.836,0,0,0,0,14,7
-77.0892,-49.836,0,2011248,-77.05,-50.22,0,-77.0892,-49.836,0,0,0,0,0,0
-77.0892,-49.836,0,2011249,-77.05,-50.22,0,-77.0892,-49.836,0,0,0,0,0,0
-77.0892,-49.836,1,2011250,-77.05,-50.22,0,-77.0892,-49.836,1,0,0,0,0,0
-77.0892,-49.836,1,2011251,-77.05,-50.22,0,-77.0892,-49.836,1,0,0,0,0,0
-77.0892,-49.836,1,2011252,-77.05,-50.22,0,-77.0892,-49.836,1,0,0,0,0,0
-77.0892,-49.836,1,2011253,-77.05,-50.22,0,-77.0892,-49.836,1,0,0,0,0,0
-77.0892,-49.836,1,2011254,-77.05,-50.22,1,-77.0892,-49.836,1,0,0,0,14,7
-77.0892,-49.836,1,2011255,-77.05,-50.22,0,-77.0892,-49.836,1,0,0,0,0,0
-77.0892,-49.836,1,2011256,-77.05,-50.22,0,-77.0892,-49.836,1,0,0,0,0,0
-77.0892,-49.836,1,2011257,-77.05,-50.22,0,-77.0892,-49.836,1,0,0,0,0,0
-77.0892,-49.836,1,2011258,-77.05,-50.22,0,-77.0892,-49.836,1,0,0,0,0,0
-77.0892,-49.836,1,2011259,-77.05,-50.22,0,-77.0892,-49.836,1,0,0,0,0,0
-77.0892,-49.836,1,2011260,-77.05,-50.22,0,-77.0892,-49.836,1,0,0,0,0,0
-77.0892,-49.836,1,2011261,-77.05,-50.22,1,-77.0892,-49.836,1,0,0,0,14,7
-77.0892,-49.836,1,2011262,-77.05,-50.22,0,-77.0892,-49.836,1,0,0,0,0,0
-77.0892,-49.836,1,2011263,-77.05,-50.22,0,-77.0892,-49.836,1,0,0,0,0,0
-77.0892,-49.836,1,2011264,-77.05,-50.22,0,-77.0892,-49.836,1,0,0,0,0,0
-77.0892,-49.836,1,2011265,-77.05,-50.22,0,-77.0892,-49.836,1,0,0,0,0,0
-77.0892,-49.836,1,2011266,-77.05,-50.22,0,-77.0892,-49.836,1,0,0,0,0,0
-77.0892,-49.836,1,2011267,-77.05,-50.22,0,-77.0892,-49.836,1,0,0,0,0,0
-77.0892,-49.836,1,2011268,-77.05,-50.22,1,-77.0892,-49.836,1,0,0,0,14,7
-77.0892,-49.836,1,2011269,-77.05,-50.22,0,-77.0892,-49.836,1,0,0,0,0,0
-77.0892,-49.836,1,2011270,-77.05,-50.22,0,-77.0892,-49.836,1,0,0,0,0,0
-77.0892,-49.836,1,2011271,-77.05,-50.22,0,-77.0892,-49.836,1,0,0,0,0,0
-77.0892,-49.836,1,2011272,-77.05,-50.22,0,-77.0892,-49.836,1,0,0,0,0,0
-77.0892,-49.836,1,2011273,-77.05,-50.22,0,-77.0892,-49.836,1,0,0,0,0,0
-77.0892,-49.836,1,2011274,-77.05,-50.22,0,-77.0892,-49.836,1,0,0,0,0,0
-77.0892,-49.836,1,2011275,-77.05,-50.22,1,-77.0892,-49.836,1,0,0,0,14,7
-77.0892,-49.836,1,2011276,-77.05,-50.22,0,-77.0892,-49.836,1,0,0,0,0,0
-77.0892,-49.836,1,2011277,-77.05,-50.22,0,-77.0892,-49.836,1,0,0,0,0,0
-77.0892,-49.836,1,2011278,-77.05,-50.22,0,-77.0892,-49.836,1,0,0,0,0,0
-77.0892,-49.836,1,2011279,-77.05,-50.22,0,-77.0892,-49.836,1,0,0,0,0,0
-77.0892,-49.836,1,2011280,-77.05,-50.22,0,-77.0892,-49.836,1,0,0,0,0,0
-77.0892,-49.836,1,2011281,-77.05,-50.22,0,-77.0892,-49.836,1,0,0,0,0,0
-77.0892,-49.836,1,2011282,-77.05,-50.22,1,-77.0892,-49.836,1,0,0,0,14,7
-77.0892,-49.836,1,2011283,-77.05,-50.22,0,-77.0892,-49.836,1,0,0,0,0,0
-77.0892,-49.836,1,2011284,-77.05,-50.22,0,-77.0892,-49.836,1,0,0,0,0,0
-77.0892,-49.836,1,2011285,-77.05,-50.22,0,-77.0892,-49.836,1,0,0,0,0,0
-77.0892,-49.836,1,2011286,-77.05,-50.22,0,-77.0892,-49.836,1,0,0,0,0,0
-77.0892,-49.836,1,2011287,-77.05,-50.22,0,-77.0892,-49.836,1,0,0,0,0,0
-77.0892,-49.836,1,2011288,-77.05,-50.22,0,-77.0892,-49.836,1,0,0,0,0,0
-77.0892,-49.836,1,2011289,-77.05,-50.22,1,-77.0892,-49.836,1,0,0,0,14,7
-77.0892,-49.836,1,2011290,-77.05,-50.22,0,-77.0892,-49.836,1,0,0,0,0,0
-77.0892,-49.836,1,2011291,-77.05,-50.22,0,-77.0892,-49.836,1,0,0,0,0,0
-77.0892,-49.836,1,2011292,-77.05,-50.22,0,-77.0892,-49.836,1,0,0,0,0,0
-77.0892,-49.836,1,2011293,-77.05,-50.22,0,-77.0892,-49.836,1,0,0,0,0,0
-77.0892,-49.836,1,2011294,-77.05,-50.22,0,-77.0892,-49.836,1,0,0,0,0,0
-77.0819,-49.7979,1,2011295,-77.05,-50.22,0,-77.0819,-49.7979,1,0,0,0,0,0
-77.0949,-49.6553,1,2011296,-77.05,-50.22,1,-77.0949,-49.6553,1,0,0,0,14,7
-77.0949,-49.6553,1,2011297,-77.05,-50.22,0,-77.0949,-49.6553,1,0,0,0,0,0
-77.0949,-49.6553,1,2011298,-77.05,-50.22,0,-77.0949,-49.6553,1,0,0,0,0,0
-77.0949,-49.6553,1,2011299,-77.05,-50.22,0,-77.0949,-49.6553,1,0,0,0,0,0
-77.0949,-49.6553,1,2011300,-77.05,-50.22,0,-77.0949,-49.6553,1,0,0,0,0,0
-77.0949,-49.6553,1,2011301,-77.05,-50.22,0,-77.0949,-49.6553,1,0,0,0,0,0
-77.0949,-49.6553,1,2011302,-77.05,-50.22,0,-77.0949,-49.6553,1,0,0,0,0,0
-77.0949,-49.6553,1,2011303,-77.05,-50.22,1,-77.0949,-49.6553,1,0,0,0,14,7
-77.0949,-49.6553,1,2011304,-77.05,-50.2211,0,-77.0949,-49.6553,1,0,0,0,0,0
-77.0949,-49.6553,1,2011305,-77.05,-50.224,0,-77.0949,-49.6553,1,0,0,0,0,0
-77.1062,-49.7848,1,2011306,-77.05,-50.2279,0,-77.1062,-49.7848,1,0,0,0,0,0
-77.1062,-49.7848,1,2011307,-77.05,-50.2321,0,-77.1062,-49.7848,1,0,0,0,0,0
-77.1062,-49.7848,1,2011308,-77.05,-50.236,0,-77.1062,-49.7848,1,0,0,0,0,0
-77.1062,-49.7848,1,2011309,-77.05,-50.2389,0,-77.1062,-49.7848,1,0,0,0,0,0
-77.1062,-49.7848,1,2011310,-77.05,-50.24,1,-77.1062,-49.7848,1,0,0,0,14,7
-77.1062,-49.7848,1,2011311,-77.05,-50.2383,0,-77.1062,-49.7848,1,0,0,0,0,0
-77.1062,-49.7848,1,2011312,-77.05,-50.2341,0,-77.1062,-49.7848,1,0,0,0,0,0
-77.1062,-49.7848,1,2011313,-77.05,-50.2282,0,-77.1062,-49.7848,1,0,0,0,0,0
-77.1062,-49.7848,1,2011314,-77.05,-50.2218,0,-77.1062,-49.7848,1,0,0,0,0,0
-77.1062,-49.7848,1,2011315,-77.05,-50.2159,0,-77.1062,-49.7848,1,0,0,0,0,0
-77.1062,-49.7848,1,2011316,-77.05,-50.2117,0,-77.1062,-49.7848,1,0,0,0,0,0
-77.1062,-49.7848,1,2011317,-77.05,-50.21,1,-77.1062,-49.7848,1,0,0,0,14,7
-77.1062,-49.7848,1,2011318,-77.05,-50.21,0,-77.1062,-49.7848,1,0,0,0,0,0
-77.1062,-49.7848,1,2011319,-77.05,-50.21,0,-77.1062,-49.7848,1,0,0,0,0,0
-77.1062,-49.7848,1,2011320,-77.05,-50.21,0,-77.1062,-49.7848,1,0,0,0,0,0
-77.1062,-49.7848,1,2011321,-77.05,-50.21,0,-77.1062,-49.7848,1,0,0,0,0,0
-77.1062,-49.7848,1,2011322,-77.05,-50.21,0,-77.1062,-49.7848,1,0,0,0,0,0
-77.1062,-49.7848,1,2011323,-77.05,-50.21,0,-77.1062,-49.7848,1,0,0,0,0,0
-77.1062,-49.7848,1,2011324,-77.05,-50.21,1,-77.1062,-49.7848,1,0,0,0,14,7
-77.1062,-49.7848,1,2011325,-77.05,-50.21,0,-77.1062,-49.7848,1,0,0,0,0,0
-77.1062,-49.7848,1,2011326,-77.05,-50.21,0,-77.1062,-49.7848,1,0,0,0,0,0
-77.1062,-49.7848,1,2011327,-77.05,-50.21,0,-77.1062,-49.7848,1,0,0,0,0,0
-77.1062,-49.7848,1,2011328,-77.05,-50.21,0,-77.1062,-49.7848,1,0,0,0,0,0
-77.1062,-49.7848,1,2011329,-77.05,-50.21,0,-77.1062,-49.7848,1,0,0,0,0,0
-77.1062,-49.7848,1,2011330,-77.05,-50.21,0,-77.1062,-49.7848,1,0,0,0,0,0
-77.1062,-49.7848,1,2011331,-77.05,-50.21,1,-77.1062,-49.7848,1,0,0,0,14,7
-77.1062,-49.7848,1,2011332,-77.05,-50.2106,0,-77.1062,-49.7848,1,0,0,0,0,0
-77.1062,-49.7848,1,2011333,-77.05,-50.212,0,-77.1062,-49.7848,1,0,0,0,0,0
-77.1062,-49.7848,1,2011334,-77.05,-50.2139,0,-77.1062,-49.7848,1,0,0,0,0,0
-77.1062,-49.7848,1,2011335,-77.05,-50.2161,0,-77.1062,-49.7848,1,0,0,0,0,0
-77.1062,-49.7848,1,2011336,-77.05,-50.218,0,-77.1062,-49.7848,1,0,0,0,0,0
-77.1062,-49.7848,1,2011337,-77.05,-50.2194,0,-77.1062,-49.7848,1,0,0,0,0,0
-77.1062,-49.7848,1,2011338,-77.05,-50.22,1,-77.1062,-49.7848,1,0,0,0,14,7
-77.1062,-49.7848,1,2011339,-77.05,-50.22,0,-77.1062,-49.7848,1,0,0,0,0,0
-77.1062,-49.7848,1,2011340,-77.05,-50.22,0,-77.1062,-49.7848,1,0,0,0,0,0
-77.1062,-49.7848,1,2011341,-77.05,-50.22,0,-77.1062,-49.7848,1,0,0,0,0,0
-77.1062,-49.7848,1,2011342,-77.05,-50.22,0,-77.1062,-49.7848,1,0,0,0,0,0
-77.1062,-49.7848,1,2011343,-77.05,-50.22,0,-77.1062,-49.7848,1,0,0,0,0,0
-77.1062,-49.7848,1,2011344,-77.05,-50.22,0,-77.1062,-49.7848,1,0,0,0,0,0
-77.1062,-49.7848,1,2011345,-77.05,-50.22,1,-77.1062,-49.7848,1,0,0,0,14,7
-77.1062,-49.7848,1,2011346,-77.05,-50.22,0,-77.1062,-49.7848,1,0,0,0,0,0
-77.1062,-49.7848,1,2011347,-77.05,-50.22,0,-77.1062,-49.7848,1,0,0,0,0,0
-77.1062,-49.7848,1,2011348,-77.05,-50.22,0,-77.1062,-49.7848,1,0,0,0,0,0
-77.1062,-49.7848,1,2011349,-77.05,-50.22,0,-77.1062,-49.7848,1,0,0,0,0,0
-77.1062,-49.7848,1,2011350,-77.05,-50.22,0,-77.1062,-49.7848,1,0,0,0,0,0
-77.1062,-49.7848,1,2011351,-77.05,-50.22,0,-77.1062,-49.7848,1,0,0,0,0,0
-77.1062,-49.7848,1,2011352,-77.05,-50.22,1,-77.1062,-49.7848,1,0,0,0,14,7
-77.1062,-49.7848,1,2011353,-77.0489,-50.2228,0,-77.1062,-49.7848,1,0,0,0,0,0
-77.1062,-49.7848,1,2011354,-77.046,-50.2299,0,-77.1062,-49.7848,1,0,0,0,0,0
-77.1052,-49.8161,0,2011355,-77.0421,-50.2397,0,-77.1052,-49.8161,0,0,0,0,0,0
-77.1033,-49.8742,0,2011356,-77.0379,-50.2503,0,-77.1033,-49.8742,0,0,0,0,0,0
-77.1023,-49.9055,1,2011357,-77.034,-50.2601,0,-77.1023,-49.9055,1,0,0,0,0,0
-77.1023,-49.9055,1,2011358,-77.0311,-50.2672,0,-77.1023,-49.9055,1,0,0,0,0,0
-77.1023,-49.9055,1,2011359,-77.03,-50.27,1,-77.1023,-49.9055,1,0,0,0,14,7
-77.1023,-49.9055,1,2011360,-77.0311,-50.2671,0,-77.1023,-49.9055,1,0,0,0,0,0
-77.1023,-49.9055,1,2011361,-77.034,-50.2595,0,-77.1023,-49.9055,1,0,0,0,0,0
-77.1023,-49.9055,1,2011362,-77.0382,-50.2489,0,-77.1023,-49.9055,1,0,0,0,0,0
-77.1023,-49.9055,1,2011363,-77.0432,-50.237,0,-77.1023,-49.9055,1,0,0,0,0,0
-77.1023,-49.9055,1,2011364,-77.0485,-50.2256,0,-77.1023,-49.9055,1,0,0,0,0,0
-77.095,-49.8671,1,2011365,-77.0537,-50.2162,0,-77.095,-49.8671,1,0,0,0,0,0
-77.1062,-49.7848,1,2012001,-77.06,-50.21,1,-77.1062,-49.7848,1,0,0,0,14,7
-77.1062,-49.7848,1,2012002,-77.0636,-50.2117,0,-77.1062,-49.7848,1,0,0,0,0,0
-77.1062,-49.7848,1,2012003,-77.0674,-50.2159,0,-77.1062,-49.7848,1,0,0,0,0,0
-77.1062,-49.7848,1,2012004,-77.0711,-50.2218,0,-77.1062,-49.7848,1,0,0,0,0,0
-77.1062,-49.7848,1,2012005,-77.0746,-50.2282,0,-77.1062,-49.7848,1,0,0,0,0,0
-77.1047,-49.7774,1,2012006,-77.0774,-50.2341,0,-77.1047,-49.7774,1,0,0,0,0,0
-77.1047,-49.7774,1,2012007,-77.0793,-50.2383,0,-77.1047,-49.7774,1,0,0,0,0,0
-77.1047,-49.7774,1,2012008,-77.08,-50.24,1,-77.1047,-49.7774,1,0,0,0,14,7
-77.1047,-49.7774,1,2012009,-77.08,-50.24,0,-77.1047,-49.7774,1,0,0,0,0,0
-77.1047,-49.7774,1,2012010,-77.08,-50.24,0,-77.1047,-49.7774,1,0,0,0,0,0
-77.1047,-49.7774,1,2012011,-77.08,-50.24,0,-77.1047,-49.7774,1,0,0,0,0,0
-77.1047,-49.7774,1,2012012,-77.08,-50.24,0,-77.1047,-49.7774,1,0,0,0,0,0
-77.1047,-49.7774,1,2012013,-77.08,-50.24,0,-77.1047,-49.7774,1,0,0,0,0,0
-77.1047,-49.7774,1,2012014,-77.08,-50.24,0,-77.1047,-49.7774,1,0,0,0,0,0
-77.1047,-49.7774,1,2012015,-77.08,-50.24,1,-77.1047,-49.7774,1,0,0,0,14,7
-77.1047,-49.7774,1,2012016,-77.0783,-50.2389,0,-77.1047,-49.7774,1,0,0,0,0,0
-77.1047,-49.7774,1,2012017,-77.0741,-50.236,0,-77.1047,-49.7774,1,0,0,0,0,0
-77.1047,-49.7774,1,2012018,-77.0682,-50.2321,0,-77.1047,-49.7774,1,0,0,0,0,0
-77.1047,-49.7774,1,2012019,-77.0618,-50.2279,0,-77.1047,-49.7774,1,0,0,0,0,0
-77.1047,-49.7774,1,2012020,-77.0559,-50.224,0,-77.1047,-49.7774,1,0,0,0,0,0
-77.1047,-49.7774,1,2012021,-77.0517,-50.2211,0,-77.1047,-49.7774,1,0,0,0,0,0
-77.1047,-49.7774,1,2012022,-77.05,-50.22,1,-77.1047,-49.7774,1,0,0,0,14,7
-77.1047,-49.7774,1,2012023,-77.05,-50.22,0,-77.1047,-49.7774,1,0,0,0,0,0
-77.1047,-49.7774,1,2012024,-77.05,-50.22,0,-77.1047,-49.7774,1,0,0,0,0,0
-77.1047,-49.7774,1,2012025,-77.05,-50.22,0,-77.1047,-49.7774,1,0,0,0,0,0
-77.1047,-49.7774,1,2012026,-77.05,-50.22,0,-77.1047,-49.7774,1,0,0,0,0,0
-77.1047,-49.7774,1,2012027,-77.05,-50.22,0,-77.1047,-49.7774,1,0,0,0,0,0
-77.1047,-49.7774,1,2012028,-77.05,-50.22,0,-77.1047,-49.7774,1,0,0,0,0,0
-77.1047,-49.7774,1,2012029,-77.05,-50.22,1,-77.1047,-49.7774,1,0,0,0,14,7
-77.1047,-49.7774,1,2012030,-77.05,-50.22,0,-77.1047,-49.7774,1,0,0,0,0,0
-77.1047,-49.7774,1,2012031,-77.05,-50.22,0,-77.1047,-49.7774,1,0,0,0,0,0
-77.1047,-49.7774,1,2012032,-77.05,-50.22,0,-77.1047,-49.7774,1,0,0,0,0,0
-77.1047,-49.7774,1,2012033,-77.05,-50.22,0,-77.1047,-49.7774,1,0,0,0,0,0
-77.1047,-49.7774,1,2012034,-77.05,-50.22,0,-77.1047,-49.7774,1,0,0,0,0,0
-77.1047,-49.7774,1,2012035,-77.05,-50.22,0,-77.1047,-49.7774,1,0,0,0,0,0
-77.1086,-49.8687,1,2012036,-77.05,-50.22,1,-77.1086,-49.8687,1,0,0,0,14,7
-77.1217,-49.9383,1,2012037,-77.05,-50.22,0,-77.1217,-49.9383,1,0,0,0,0,0
-77.1153,-49.9752,1,2012038,-77.05,-50.22,0,-77.1153,-49.9752,1,0,0,0,0,0
-77.1056,-50.0647,1,2012039,-77.05,-50.22,0,-77.1056,-50.0647,1,0,0,0,0,0
-77.1343,-49.8633,1,2012040,-77.05,-50.22,0,-77.1343,-49.8633,1,0,0,0,0,0
-77.1425,-49.7662,1,2012041,-77.05,-50.22,0,-77.1425,-49.7662,1,0,0,0,0,0
-77.1196,-49.7868,1,2012042,-77.05,-50.22,0,-77.1196,-49.7868,1,0,0,0,0,0
-77.1119,-49.816,1,2012043,-77.05,-50.22,1,-77.1119,-49.816,1,0,0,0,14,7
-77.0847,-49.8128,1,2012044,-77.05,-50.22,0,-77.0847,-49.8128,1,0,0,0,0,0
-77.0775,-49.7743,1,2012045,-77.05,-50.22,0,-77.0775,-49.7743,1,0,0,0,0,0
-77.1286,-49.8331,1,2012046,-77.05,-50.22,0,-77.1286,-49.8331,1,0,0,0,0,0
-77.1269,-49.8252,1,2012047,-77.05,-50.22,0,-77.1269,-49.8252,1,0,0,0,0,0
-77.1275,-49.7571,1,2012048,-77.05,-50.22,0,-77.1275,-49.7571,1,0,0,0,0,0
-77.0925,-49.7836,1,2012049,-77.05,-50.22,0,-77.0925,-49.7836,1,0,0,0,0,0
-77.0942,-49.774,0,2012050,-77.05,-50.22,1,-77.0942,-49.774,0,0,0,0,14,7
-77.0972,-49.7561,0,2012051,-77.05,-50.2222,0,-77.0972,-49.7561,0,0,0,0,0,0
-77.0989,-49.7465,1,2012052,-77.05,-50.2279,0,-77.0989,-49.7465,1,0,0,0,0,0
-77.0989,-49.7465,1,2012053,-77.05,-50.2357,0,-77.0989,-49.7465,1,0,0,0,0,0
-77.0989,-49.7465,1,2012054,-77.05,-50.2443,0,-77.0989,-49.7465,1,0,0,0,0,0
-77.0989,-49.7465,1,2012055,-77.05,-50.2521,0,-77.0989,-49.7465,1,0,0,0,0,0
-77.0989,-49.7465,1,2012056,-77.05,-50.2578,0,-77.0989,-49.7465,1,0,0,0,0,0
-77.0989,-49.7465,1,2012057,-77.05,-50.26,1,-77.0989,-49.7465,1,0,0,0,14,7
-77.1008,-49.6862,1,2012058,-77.05,-50.2572,0,-77.1008,-49.6862,1,0,0,0,0,0
-77.0915,-49.7082,1,2012059,-77.05,-50.2501,0,-77.0915,-49.7082,1,0,0,0,0,0
-77.0915,-49.7082,0,2012060,-77.05,-50.2403,0,-77.0915,-49.7082,0,0,0,0,0,0
-77.0915,-49.7082,1,2012061,-77.05,-50.2297,0,-77.0915,-49.7082,1,0,0,0,0,0
-77.0915,-49.7082,1,2012062,-77.05,-50.2199,0,-77.0915,-49.7082,1,0,0,0,0,0
-77.0915,-49.7082,1,2012063,-77.05,-50.2128,0,-77.0915,-49.7082,1,0,0,0,0,0
-77.0915,-49.7082,1,2012064,-77.05,-50.21,1,-77.0915,-49.7082,1,0,0,0,14,7
-77.0915,-49.7082,1,2012065,-77.05,-50.21,0,-77.0915,-49.7082,1,0,0,0,0,0
-77.0915,-49.7082,1,2012066,-77.05,-50.21,0,-77.0915,-49.7082,1,0,0,0,0,0
-77.0915,-49.7082,1,2012067,-77.05,-50.21,0,-77.0915,-49.7082,1,0,0,0,0,0
-77.0915,-49.7082,1,2012068,-77.05,-50.21,0,-77.0915,-49.7082,1,0,0,0,0,0
-77.0915,-49.7082,1,2012069,-77.05,-50.21,0,-77.0915,-49.7082,1,0,0,0,0,0
-77.0915,-49.7082,1,2012070,-77.05,-50.21,0,-77.0915,-49.7082,1,0,0,0,0,0
-77.0915,-49.7082,1,2012071,-77.05,-50.21,1,-77.0915,-49.7082,1,0,0,0,14,7
-77.0915,-49.7082,1,2012072,-77.05,-50.21,0,-77.0915,-49.7082,1,0,0,0,0,0
-77.0915,-49.7082,1,2012073,-77.05,-50.21,0,-77.0915,-49.7082,1,0,0,0,0,0
-77.1052,-49.7095,1,2012074,-77.05,-50.21,0,-77.1052,-49.7095,1,0,0,0,0,0
-77.1202,-49.7186,1,2012075,-77.05,-50.21,0,-77.1202,-49.7186,1,0,0,0,0,0
-77.1027,-49.8379,1,2012076,-77.05,-50.21,0,-77.1027,-49.8379,1,0,0,0,0,0
-77.0984,-49.8144,1,2012077,-77.05,-50.21,0,-77.0984,-49.8144,1,0,0,0,0,0
-77.0969,-49.8068,1,2012078,-77.05,-50.21,1,-77.0969,-49.8068,1,0,0,0,14,7
-77.1338,-49.9324,1,2012079,-77.05,-50.21,0,-77.1338,-49.9324,1,0,0,0,0,0
-77.1498,-49.8047,1,2012080,-77.05,-50.21,0,-77.1498,-49.8047,1,0,0,0,0,0
-77.1152,-49.7634,1,2012081,-77.05,-50.21,0,-77.1152,-49.7634,1,0,0,0,0,0
-77.1255,-49.8176,1,2012082,-77.05,-50.21,0,-77.1255,-49.8176,1,0,0,0,0,0
-77.1275,-49.7571,1,2012083,-77.05,-50.21,0,-77.1275,-49.7571,1,0,0,0,0,0
-77.143,-49.6981,1,2012084,-77.05,-50.21,0,-77.143,-49.6981,1,0,0,0,0,0
-77.1235,-49.6659,1,2012085,-77.05,-50.21,1,-77.1235,-49.6659,1,0,0,0,14,7
-77.1375,-49.5992,1,2012086,-77.05,-50.21,0,-77.1375,-49.5992,1,0,0,0,0,0
-77.153,-49.5401,1,2012087,-77.05,-50.21,0,-77.153,-49.5401,1,0,0,0,0,0
-77.1161,-49.6278,1,2012088,-77.05,-50.21,0,-77.1161,-49.6278,1,0,0,0,0,0
-77.1161,-49.6278,1,2012089,-77.05,-50.21,0,-77.1161,-49.6278,1,0,0,0,0,0
-77.1161,-49.6278,1,2012090,-77.05,-50.21,0,-77.1161,-49.6278,1,0,0,0,0,0
-77.1161,-49.6278,1,2012091,-77.05,-50.21,0,-77.1161,-49.6278,1,0,0,0,0,0
-77.1161,-49.6278,1,2012092,-77.05,-50.21,1,-77.1161,-49.6278,1,0,0,0,14,7
-77.1161,-49.6278,1,2012093,-77.05,-50.21,0,-77.1161,-49.6278,1,0,0,0,0,0
-77.1161,-49.6278,1,2012094,-77.05,-50.21,0,-77.1161,-49.6278,1,0,0,0,0,0
-77.1161,-49.6278,1,2012095,-77.05,-50.21,0,-77.1161,-49.6278,1,0,0,0,0,0
-77.1161,-49.6278,1,2012096,-77.05,-50.21,0,-77.1161,-49.6278,1,0,0,0,0,0
-77.1161,-49.6278,1,2012097,-77.05,-50.21,0,-77.1161,-49.6278,1,0,0,0,0,0
-77.1161,-49.6278,1,2012098,-77.05,-50.21,0,-77.1161,-49.6278,1,0,0,0,0,0
-77.1161,-49.6278,1,2012099,-77.05,-50.21,1,-77.1161,-49.6278,1,0,0,0,14,7
-77.1323,-49.7127,1,2012100,-77.05,-50.21,0,-77.1323,-49.7127,1,0,0,0,0,0
-77.1507,-49.6687,1,2012101,-77.05,-50.21,0,-77.1507,-49.6687,1,0,0,0,0,0
-77.1351,-49.7279,1,2012102,-77.05,-50.21,0,-77.1351,-49.7279,1,0,0,0,0,0
-77.1138,-49.7558,1,2012103,-77.05,-50.21,0,-77.1138,-49.7558,1,0,0,0,0,0
-77.126,-49.7496,1,2012104,-77.05,-50.21,0,-77.126,-49.7496,1,0,0,0,0,0
-77.1275,-49.7571,1,2012105,-77.05,-50.21,0,-77.1275,-49.7571,1,0,0,0,0,0
-77.1138,-49.7557,1,2012106,-77.05,-50.21,1,-77.1138,-49.7557,1,0,0,0,14,7
-77.1124,-49.7481,1,2012107,-77.05,-50.21,0,-77.1124,-49.7481,1,0,0,0,0,0
-77.1279,-49.6891,1,2012108,-77.05,-50.21,0,-77.1279,-49.6891,1,0,0,0,0,0
-77.0988,-49.7468,1,2012109,-77.05,-50.21,0,-77.0988,-49.7468,1,0,0,0,0,0
-77.1047,-49.7774,1,2012110,-77.05,-50.21,0,-77.1047,-49.7774,1,0,0,0,0,0
-77.1183,-49.7789,1,2012111,-77.05,-50.21,0,-77.1183,-49.7789,1,0,0,0,0,0
-77.1158,-49.6953,1,2012112,-77.05,-50.21,0,-77.1158,-49.6953,1,0,0,0,0,0
-77.1104,-49.5964,1,2012113,-77.05,-50.21,1,-77.1104,-49.5964,1,0,0,0,14,7
-77.1244,-49.5299,1,2012114,-77.05,-50.21,0,-77.1244,-49.5299,1,0,0,0,0,0
-77.1089,-49.5892,1,2012115,-77.05,-50.21,0,-77.1089,-49.5892,1,0,0,0,0,0
-77.0857,-49.6775,1,2012116,-77.05,-50.21,0,-77.0857,-49.6775,1,0,0,0,0,0
-77.0857,-49.6772,1,2012117,-77.05,-50.21,0,-77.0857,-49.6772,1,0,0,0,0,0
-77.0721,-49.6758,1,2012118,-77.05,-50.21,0,-77.0721,-49.6758,1,0,0,0,0,0
-77.1251,-49.6739,1,2012119,-77.05,-50.21,0,-77.1251,-49.6739,1,0,0,0,0,0
-77.1512,-49.6005,1,2012120,-77.05,-50.21,1,-77.1512,-49.6005,1,0,0,0,14,7
-77.1143,-49.688,1,2012121,-77.05,-50.2133,0,-77.1143,-49.688,1,0,0,0,0,0
-77.1202,-49.7186,1,2012122,-77.05,-50.2219,0,-77.1202,-49.7186,1,0,0,0,0,0
-77.1239,-49.5979,1,2012123,-77.05,-50.2336,0,-77.1239,-49.5979,1,0,0,0,0,0
-77.1187,-49.7112,1,2012124,-77.05,-50.2464,0,-77.1187,-49.7112,1,0,0,0,0,0
-77.1215,-49.7265,1,2012125,-77.05,-50.2581,0,-77.1215,-49.7265,1,0,0,0,0,0
-77.1357,-49.6596,1,2012126,-77.05,-50.2667,0,-77.1357,-49.6596,1,0,0,0,0,0
-77.1143,-49.6879,1,2012127,-77.05,-50.27,1,-77.1143,-49.6879,1,0,0,0,14,7
-77.1221,-49.6582,1,2012128,-77.05,-50.27,0,-77.1221,-49.6582,1,0,0,0,0,0
-77.122,-49.6584,1,2012129,-77.05,-50.27,0,-77.122,-49.6584,1,0,0,0,0,0
-77.122,-49.6584,1,2012130,-77.05,-50.27,0,-77.122,-49.6584,1,0,0,0,0,0
-77.122,-49.6584,1,2012131,-77.05,-50.27,0,-77.122,-49.6584,1,0,0,0,0,0
-77.1377,-49.8117,1,2012132,-77.05,-50.27,0,-77.1377,-49.8117,1,0,0,0,0,0
-77.1347,-49.7957,1,2012133,-77.05,-50.27,0,-77.1347,-49.7957,1,0,0,0,0,0
-77.1347,-49.7957,1,2012134,-77.05,-50.27,1,-77.1347,-49.7957,1,0,0,0,14,7
-77.1347,-49.7957,1,2012135,-77.05,-50.27,0,-77.1347,-49.7957,1,0,0,0,0,0
-77.1158,-49.6953,1,2012136,-77.05,-50.27,0,-77.1158,-49.6953,1,0,0,0,0,0
-77.1143,-49.6877,1,2012137,-77.05,-50.27,0,-77.1143,-49.6877,1,0,0,0,0,0
-77.1143,-49.6877,1,2012138,-77.05,-50.27,0,-77.1143,-49.6877,1,0,0,0,0,0
-77.1047,-49.7775,1,2012139,-77.05,-50.27,0,-77.1047,-49.7775,1,0,0,0,0,0
-77.1144,-49.6876,1,2012140,-77.05,-50.27,0,-77.1144,-49.6876,1,0,0,0,0,0
-77.1066,-49.7172,1,2012141,-77.05,-50.27,1,-77.1066,-49.7172,1,0,0,0,14,7
-77.1143,-49.6877,1,2012142,-77.05,-50.27,0,-77.1143,-49.6877,1,0,0,0,0,0
-77.1143,-49.6877,1,2012143,-77.05,-50.27,0,-77.1143,-49.6877,1,0,0,0,0,0
-77.1143,-49.6877,1,2012144,-77.05,-50.27,0,-77.1143,-49.6877,1,0,0,0,0,0
-77.1143,-49.6877,1,2012145,-77.05,-50.27,0,-77.1143,-49.6877,1,0,0,0,0,0
-77.1143,-49.6877,1,2012146,-77.05,-50.27,0,-77.1143,-49.6877,1,0,0,0,0,0
-77.1143,-49.6877,1,2012147,-77.05,-50.27,0,-77.1143,-49.6877,1,0,0,0,0,0
-77.1143,-49.6877,1,2012148,-77.05,-50.27,1,-77.1143,-49.6877,1,0,0,0,14,7
-77.1143,-49.6877,1,2012149,-77.05,-50.27,0,-77.1143,-49.6877,1,0,0,0,0,0
-77.1202,-49.7186,1,2012150,-77.05,-50.27,0,-77.1202,-49.7186,1,0,0,0,0,0
-77.1066,-49.7172,1,2012151,-77.05,-50.27,0,-77.1066,-49.7172,1,0,0,0,0,0
-77.1066,-49.7172,1,2012152,-77.05,-50.27,0,-77.1066,-49.7172,1,0,0,0,0,0
-77.1066,-49.7172,1,2012153,-77.05,-50.27,0,-77.1066,-49.7172,1,0,0,0,0,0
-77.1066,-49.7172,1,2012154,-77.05,-50.27,0,-77.1066,-49.7172,1,0,0,0,0,0
-77.1066,-49.7172,1,2012155,-77.05,-50.27,1,-77.1066,-49.7172,1,0,0,0,14,7
-77.1066,-49.7172,1,2012156,-77.05,-50.27,0,-77.1066,-49.7172,1,0,0,0,0,0
-77.0988,-49.7466,1,2012157,-77.05,-50.27,0,-77.0988,-49.7466,1,0,0,0,0,0
-77.0988,-49.7466,1,2012158,-77.05,-50.27,0,-77.0988,-49.7466,1,0,0,0,0,0
-77.0988,-49.7466,1,2012159,-77.05,-50.27,0,-77.0988,-49.7466,1,0,0,0,0,0
-77.0988,-49.7466,1,2012160,-77.05,-50.27,0,-77.0988,-49.7466,1,0,0,0,0,0
-77.0988,-49.7466,1,2012161,-77.05,-50.27,0,-77.0988,-49.7466,1,0,0,0,0,0
-77.0988,-49.7466,1,2012162,-77.05,-50.27,1,-77.0988,-49.7466,1,0,0,0,14,7
-77.0988,-49.7466,1,2012163,-77.05,-50.27,0,-77.0988,-49.7466,1,0,0,0,0,0
-77.1455,-49.7819,1,2012164,-77.05,-50.27,0,-77.1455,-49.7819,1,0,0,0,0,0
-77.1288,-49.7649,1,2012165,-77.05,-50.27,0,-77.1288,-49.7649,1,0,0,0,0,0
-77.1288,-49.7649,1,2012166,-77.05,-50.27,0,-77.1288,-49.7649,1,0,0,0,0,0
-77.1391,-49.8191,1,2012167,-77.05,-50.27,0,-77.1391,-49.8191,1,0,0,0,0,0
-77.1211,-49.7942,1,2012168,-77.05,-50.27,0,-77.1211,-49.7942,1,0,0,0,0,0
-77.108,-49.7247,1,2012169,-77.05,-50.27,1,-77.108,-49.7247,1,0,0,0,14,7
-77.0988,-49.7466,1,2012170,-77.05,-50.27,0,-77.0988,-49.7466,1,0,0,0,0,0
-77.1066,-49.717,1,2012171,-77.05,-50.27,0,-77.1066,-49.717,1,0,0,0,0,0
-77.1279,-49.6891,1,2012172,-77.05,-50.27,0,-77.1279,-49.6891,1,0,0,0,0,0
-77.1124,-49.7483,1,2012173,-77.05,-50.27,0,-77.1124,-49.7483,1,0,0,0,0,0
-77.1143,-49.6877,1,2012174,-77.05,-50.27,0,-77.1143,-49.6877,1,0,0,0,0,0
-77.0949,-49.6555,1,2012175,-77.05,-50.27,0,-77.0949,-49.6555,1,0,0,0,0,0
-77.1225,-49.5902,1,2012176,-77.05,-50.27,1,-77.1225,-49.5902,1,0,0,0,14,7
-77.1161,-49.5673,0,2012177,-77.0555,-50.2584,0,-77.1161,-49.5673,0,0,0,0,0,0
-77.103,-49.5582,1,2012178,-77.0698,-50.2284,0,-77.103,-49.5582,1,0,0,0,0,0
-77.0842,-49.67,1,2012179,-77.0894,-50.1873,0,-77.0842,-49.67,1,0,0,0,0,0
-77.0949,-49.6555,1,2012180,-77.1106,-50.1427,0,-77.0949,-49.6555,1,0,0,0,0,0
-77.1089,-49.5889,1,2012181,-77.1302,-50.1016,0,-77.1089,-49.5889,1,0,0,0,0,0
-77.0934,-49.6481,1,2012182,-77.1445,-50.0716,0,-77.0934,-49.6481,1,0,0,0,0,0
-77.0798,-49.6466,1,2012183,-77.15,-50.06,1,-77.0798,-49.6466,1,0,0,0,14,7
-77.1038,-49.7019,1,2012184,-77.15,-50.06,0,-77.1038,-49.7019,1,0,0,0,0,0
-77.0871,-49.6849,1,2012185,-77.15,-50.06,0,-77.0871,-49.6849,1,0,0,0,0,0
-77.1148,-49.6196,1,2012186,-77.15,-50.06,0,-77.1148,-49.6196,1,0,0,0,0,0
-77.0779,-49.7069,1,2012187,-77.15,-50.06,0,-77.0779,-49.7069,1,0,0,0,0,0
-77.1129,-49.68,1,2012188,-77.15,-50.06,0,-77.1129,-49.68,1,0,0,0,0,0
-77.1202,-49.7186,1,2012189,-77.15,-50.06,0,-77.1202,-49.7186,1,0,0,0,0,0
-77.1298,-49.6287,1,2012190,-77.15,-50.06,1,-77.1298,-49.6287,1,0,0,0,14,7
-77.1298,-49.6287,1,2012191,-77.15,-50.06,0,-77.1298,-49.6287,1,0,0,0,0,0
-77.1512,-49.6005,1,2012192,-77.15,-50.06,0,-77.1512,-49.6005,1,0,0,0,0,0
-77.1279,-49.6894,1,2012193,-77.15,-50.06,0,-77.1279,-49.6894,1,0,0,0,0,0
-77.1357,-49.6597,1,2012194,-77.15,-50.06,0,-77.1357,-49.6597,1,0,0,0,0,0
-77.1357,-49.6597,1,2012195,-77.15,-50.06,0,-77.1357,-49.6597,1,0,0,0,0,0
-77.1357,-49.6597,1,2012196,-77.15,-50.06,0,-77.1357,-49.6597,1,0,0,0,0,0
-77.1357,-49.6597,1,2012197,-77.15,-50.06,1,-77.1357,-49.6597,1,0,0,0,14,7
-77.1357,-49.6597,1,2012198,-77.15,-50.06,0,-77.1357,-49.6597,1,0,0,0,0,0
-77.1357,-49.6597,1,2012199,-77.15,-50.06,0,-77.1357,-49.6597,1,0,0,0,0,0
-77.1357,-49.6597,1,2012200,-77.15,-50.06,0,-77.1357,-49.6597,1,0,0,0,0,0
-77.1357,-49.6597,1,2012201,-77.15,-50.06,0,-77.1357,-49.6597,1,0,0,0,0,0
-77.1357,-49.6597,1,2012202,-77.15,-50.06,0,-77.1357,-49.6597,1,0,0,0,0,0
-77.1357,-49.6597,1,2012203,-77.15,-50.06,0,-77.1357,-49.6597,1,0,0,0,0,0
-77.1357,-49.6597,1,2012204,-77.15,-50.06,1,-77.1357,-49.6597,1,0,0,0,14,7
-77.1357,-49.6597,1,2012205,-77.15,-50.06,0,-77.1357,-49.6597,1,0,0,0,0,0
-77.1357,-49.6597,1,2012206,-77.15,-50.06,0,-77.1357,-49.6597,1,0,0,0,0,0
-77.1357,-49.6597,1,2012207,-77.15,-50.06,0,-77.1357,-49.6597,1,0,0,0,0,0
-77.1357,-49.6597,1,2012208,-77.15,-50.06,0,-77.1357,-49.6597,1,0,0,0,0,0
-77.1357,-49.6597,1,2012209,-77.15,-50.06,0,-77.1357,-49.6597,1,0,0,0,0,0
-77.1357,-49.6597,1,2012210,-77.15,-50.06,0,-77.1357,-49.6597,1,0,0,0,0,0
-77.1357,-49.6597,1,2012211,-77.15,-50.06,1,-77.1357,-49.6597,1,0,0,0,14,7
-77.1341,-49.6618,0,2012212,-77.15,-50.06,0,-77.1341,-49.6618,0,0,0,0,0,0
-77.1302,-49.667,0,2012213,-77.15,-50.06,0,-77.1302,-49.667,0,0,0,0,0,0
-77.125,-49.6738,0,2012214,-77.15,-50.06,0,-77.125,-49.6738,0,0,0,0,0,0
-77.1198,-49.6806,0,2012215,-77.15,-50.06,0,-77.1198,-49.6806,0,0,0,0,0,0
-77.1159,-49.6858,0,2012216,-77.15,-50.06,0,-77.1159,-49.6858,0,0,0,0,0,0
-77.1143,-49.6879,1,2012217,-77.15,-50.06,0,-77.1143,-49.6879,1,0,0,0,0,0
-77.1143,-49.6879,1,2012218,-77.15,-50.06,1,-77.1143,-49.6879,1,0,0,0,14,7
-77.1143,-49.6879,1,2012219,-77.15,-50.06,0,-77.1143,-49.6879,1,0,0,0,0,0
-77.1143,-49.6879,1,2012220,-77.15,-50.06,0,-77.1143,-49.6879,1,0,0,0,0,0
-77.1143,-49.6879,1,2012221,-77.15,-50.06,0,-77.1143,-49.6879,1,0,0,0,0,0
-77.1143,-49.6879,1,2012222,-77.15,-50.06,0,-77.1143,-49.6879,1,0,0,0,0,0
-77.1143,-49.6879,1,2012223,-77.15,-50.06,0,-77.1143,-49.6879,1,0,0,0,0,0
-77.1143,-49.6879,1,2012224,-77.15,-50.06,0,-77.1143,-49.6879,1,0,0,0,0,0
-77.1143,-49.6879,1,2012225,-77.15,-50.06,1,-77.1143,-49.6879,1,0,0,0,14,7
-77.1104,-49.5964,1,2012226,-77.15,-50.06,0,-77.1104,-49.5964,1,0,0,0,0,0
-77.1129,-49.6803,1,2012227,-77.15,-50.06,0,-77.1129,-49.6803,1,0,0,0,0,0
-77.124,-49.5978,1,2012228,-77.15,-50.06,0,-77.124,-49.5978,1,0,0,0,0,0
-77.124,-49.5978,1,2012229,-77.15,-50.06,0,-77.124,-49.5978,1,0,0,0,0,0
-77.124,-49.5978,1,2012230,-77.15,-50.06,0,-77.124,-49.5978,1,0,0,0,0,0
-77.124,-49.5978,1,2012231,-77.15,-50.06,0,-77.124,-49.5978,1,0,0,0,0,0
-77.124,-49.5978,0,2012232,-77.15,-50.06,1,-77.124,-49.5978,0,0,0,0,14,7
-77.124,-49.5978,1,2012233,-77.1487,-50.0602,0,-77.124,-49.5978,1,0,0,0,0,0
-77.124,-49.5978,1,2012234,-77.145,-50.0609,0,-77.124,-49.5978,1,0,0,0,0,0
-77.124,-49.5978,1,2012235,-77.1396,-50.062,0,-77.124,-49.5978,1,0,0,0,0,0
-77.124,-49.5978,1,2012236,-77.1329,-50.0634,0,-77.124,-49.5978,1,0,0,0,0,0
-77.124,-49.5978,1,2012237,-77.1254,-50.0653,0,-77.124,-49.5978,1,0,0,0,0,0
-77.124,-49.5978,1,2012238,-77.1176,-50.0675,0,-77.124,-49.5978,1,0,0,0,0,0
-77.124,-49.5978,1,2012239,-77.11,-50.07,1,-77.124,-49.5978,1,0,0,0,14,7
-77.124,-49.5978,1,2012240,-77.1008,-50.0803,0,-77.124,-49.5978,1,0,0,0,0,0
-77.1206,-49.6508,1,2012241,-77.0887,-50.1025,0,-77.1206,-49.6508,1,0,0,0,0,0
-77.1206,-49.6508,1,2012242,-77.0753,-50.1317,0,-77.1206,-49.6508,1,0,0,0,0,0
-77.1206,-49.6508,1,2012243,-77.0622,-50.1629,0,-77.1206,-49.6508,1,0,0,0,0,0
-77.0729,-49.5398,1,2012244,-77.0509,-50.1914,0,-77.0729,-49.5398,1,0,0,0,0,0
-77.1206,-49.6508,1,2012245,-77.043,-50.212,0,-77.1206,-49.6508,1,0,0,0,0,0
-77.1206,-49.6508,1,2012246,-77.04,-50.22,1,-77.1206,-49.6508,1,0,0,0,14,7
-77.1206,-49.6508,1,2012247,-77.0406,-50.2172,0,-77.1206,-49.6508,1,0,0,0,0,0
-77.1396,-49.7512,1,2012248,-77.042,-50.2101,0,-77.1396,-49.7512,1,0,0,0,0,0
-77.1274,-49.7573,1,2012249,-77.0439,-50.2003,0,-77.1274,-49.7573,1,0,0,0,0,0
-77.1274,-49.7573,1,2012250,-77.0461,-50.1897,0,-77.1274,-49.7573,1,0,0,0,0,0
-77.1274,-49.7573,1,2012251,-77.048,-50.1799,0,-77.1274,-49.7573,1,0,0,0,0,0
-77.1274,-49.7573,1,2012252,-77.0494,-50.1728,0,-77.1274,-49.7573,1,0,0,0,0,0
-77.1274,-49.7573,1,2012253,-77.05,-50.17,1,-77.1274,-49.7573,1,0,0,0,14,7
-77.1274,-49.7573,1,2012254,-77.05,-50.17,0,-77.1274,-49.7573,1,0,0,0,0,0
-77.1274,-49.7573,1,2012255,-77.05,-50.17,0,-77.1274,-49.7573,1,0,0,0,0,0
-77.1274,-49.7573,1,2012256,-77.05,-50.17,0,-77.1274,-49.7573,1,0,0,0,0,0
-77.1274,-49.7573,1,2012257,-77.05,-50.17,0,-77.1274,-49.7573,1,0,0,0,0,0
-77.1274,-49.7573,1,2012258,-77.05,-50.17,0,-77.1274,-49.7573,1,0,0,0,0,0
-77.1274,-49.7573,1,2012259,-77.05,-50.17,0,-77.1274,-49.7573,1,0,0,0,0,0
-77.1274,-49.7573,1,2012260,-77.05,-50.17,1,-77.1274,-49.7573,1,0,0,0,14,7
-77.1275,-49.7571,1,2012261,-77.05,-50.1706,0,-77.1275,-49.7571,1,0,0,0,0,0
-77.1275,-49.7571,1,2012262,-77.05,-50.172,0,-77.1275,-49.7571,1,0,0,0,0,0
-77.1275,-49.7571,1,2012263,-77.05,-50.1739,0,-77.1275,-49.7571,1,0,0,0,0,0
-77.1041,-49.6335,1,2012264,-77.05,-50.1761,0,-77.1041,-49.6335,1,0,0,0,0,0
-77.1041,-49.6335,1,2012265,-77.05,-50.178,0,-77.1041,-49.6335,1,0,0,0,0,0
-77.0915,-49.7082,1,2012266,-77.05,-50.1794,0,-77.0915,-49.7082,1,0,0,0,0,0
-77.0915,-49.7082,1,2012267,-77.05,-50.18,1,-77.0915,-49.7082,1,0,0,0,14,7
-77.0915,-49.7082,1,2012268,-77.05,-50.18,0,-77.0915,-49.7082,1,0,0,0,0,0
-77.0915,-49.7082,1,2012269,-77.05,-50.18,0,-77.0915,-49.7082,1,0,0,0,0,0
-77.0915,-49.7082,1,2012270,-77.05,-50.18,0,-77.0915,-49.7082,1,0,0,0,0,0
-77.0915,-49.7082,1,2012271,-77.05,-50.18,0,-77.0915,-49.7082,1,0,0,0,0,0
-77.0916,-49.7081,1,2012272,-77.05,-50.18,0,-77.0916,-49.7081,1,0,0,0,0,0
-77.0916,-49.7081,1,2012273,-77.05,-50.18,0,-77.0916,-49.7081,1,0,0,0,0,0
-77.0916,-49.7081,1,2012274,-77.05,-50.18,1,-77.0916,-49.7081,1,0,0,0,14,7
-77.0916,-49.7081,1,2012275,-77.05,-50.18,0,-77.0916,-49.7081,1,0,0,0,0,0
-77.0916,-49.7081,0,2012276,-77.05,-50.18,0,-77.0916,-49.7081,0,0,0,0,0,0
-77.0916,-49.7081,0,2012277,-77.05,-50.18,0,-77.0916,-49.7081,0,0,0,0,0,0
-77.0916,-49.7081,1,2012278,-77.05,-50.18,0,-77.0916,-49.7081,1,0,0,0,0,0
-77.0993,-49.6786,1,2012279,-77.05,-50.18,0,-77.0993,-49.6786,1,0,0,0,0,0
-77.0993,-49.6786,1,2012280,-77.05,-50.18,0,-77.0993,-49.6786,1,0,0,0,0,0
-77.0993,-49.6786,1,2012281,-77.05,-50.18,1,-77.0993,-49.6786,1,0,0,0,14,7
-77.0974,-49.7391,1,2012282,-77.05,-50.18,0,-77.0974,-49.7391,1,0,0,0,0,0
-77.1066,-49.717,1,2012283,-77.05,-50.18,0,-77.1066,-49.717,1,0,0,0,0,0
-77.1066,-49.717,1,2012284,-77.05,-50.18,0,-77.1066,-49.717,1,0,0,0,0,0
-77.1066,-49.717,1,2012285,-77.05,-50.18,0,-77.1066,-49.717,1,0,0,0,0,0
-77.1066,-49.717,1,2012286,-77.05,-50.18,0,-77.1066,-49.717,1,0,0,0,0,0
-77.1066,-49.717,1,2012287,-77.05,-50.18,0,-77.1066,-49.717,1,0,0,0,0,0
-77.1066,-49.717,1,2012288,-77.05,-50.18,1,-77.1066,-49.717,1,0,0,0,14,7
-77.0677,-49.6527,1,2012289,-77.05,-50.18,0,-77.0677,-49.6527,1,0,0,0,0,0
-77.0726,-49.6081,1,2012290,-77.05,-50.18,0,-77.0726,-49.6081,1,0,0,0,0,0
-77.0902,-49.7005,1,2012291,-77.05,-50.18,0,-77.0902,-49.7005,1,0,0,0,0,0
-77.111,-49.7404,1,2012292,-77.05,-50.18,0,-77.111,-49.7404,1,0,0,0,0,0
-77.1241,-49.81,1,2012293,-77.05,-50.18,0,-77.1241,-49.81,1,0,0,0,0,0
-77.1216,-49.7262,1,2012294,-77.05,-50.18,0,-77.1216,-49.7262,1,0,0,0,0,0
-77.126,-49.7496,1,2012295,-77.05,-50.18,1,-77.126,-49.7496,1,0,0,0,14,7
-77.1352,-49.7276,1,2012296,-77.05,-50.18,0,-77.1352,-49.7276,1,0,0,0,0,0
-77.1293,-49.6968,1,2012297,-77.05,-50.18,0,-77.1293,-49.6968,1,0,0,0,0,0
-77.1143,-49.6879,1,2012298,-77.05,-50.18,0,-77.1143,-49.6879,1,0,0,0,0,0
-77.1124,-49.7481,1,2012299,-77.05,-50.18,0,-77.1124,-49.7481,1,0,0,0,0,0
-77.1338,-49.7201,1,2012300,-77.05,-50.18,0,-77.1338,-49.7201,1,0,0,0,0,0
-77.1196,-49.7868,1,2012301,-77.05,-50.18,0,-77.1196,-49.7868,1,0,0,0,0,0
-77.108,-49.7247,1,2012302,-77.05,-50.18,1,-77.108,-49.7247,1,0,0,0,14,7
-77.1358,-49.872,1,2012303,-77.05,-50.18,0,-77.1358,-49.872,1,0,0,0,0,0
-77.1211,-49.7942,1,2012304,-77.05,-50.18,0,-77.1211,-49.7942,1,0,0,0,0,0
-77.1211,-49.7942,1,2012305,-77.05,-50.18,0,-77.1211,-49.7942,1,0,0,0,0,0
-77.1211,-49.7942,1,2012306,-77.05,-50.18,0,-77.1211,-49.7942,1,0,0,0,0,0
-77.1211,-49.7942,1,2012307,-77.05,-50.18,0,-77.1211,-49.7942,1,0,0,0,0,0
-77.1211,-49.7942,1,2012308,-77.05,-50.18,0,-77.1211,-49.7942,1,0,0,0,0,0
-77.1211,-49.7942,1,2012309,-77.05,-50.18,1,-77.1211,-49.7942,1,0,0,0,14,7
-77.1211,-49.7942,1,2012310,-77.05,-50.18,0,-77.1211,-49.7942,1,0,0,0,0,0
-77.1216,-49.7262,1,2012311,-77.05,-50.18,0,-77.1216,-49.7262,1,0,0,0,0,0
-77.1216,-49.7262,1,2012312,-77.05,-50.18,0,-77.1216,-49.7262,1,0,0,0,0,0
-77.1216,-49.7262,1,2012313,-77.05,-50.18,0,-77.1216,-49.7262,1,0,0,0,0,0
-77.1216,-49.7262,1,2012314,-77.05,-50.18,0,-77.1216,-49.7262,1,0,0,0,0,0
-77.1216,-49.7262,1,2012315,-77.05,-50.18,0,-77.1216,-49.7262,1,0,0,0,0,0
-77.1216,-49.7262,1,2012316,-77.05,-50.18,1,-77.1216,-49.7262,1,0,0,0,14,7
-77.1105,-49.8085,1,2012317,-77.05,-50.18,0,-77.1105,-49.8085,1,0,0,0,0,0
-77.1139,-49.7555,1,2012318,-77.05,-50.18,0,-77.1139,-49.7555,1,0,0,0,0,0
-77.1202,-49.7186,1,2012319,-77.05,-50.18,0,-77.1202,-49.7186,1,0,0,0,0,0
-77.1183,-49.779,1,2012320,-77.05,-50.18,0,-77.1183,-49.779,1,0,0,0,0,0
-77.1333,-49.7881,1,2012321,-77.05,-50.18,0,-77.1333,-49.7881,1,0,0,0,0,0
-77.1449,-49.6376,1,2012322,-77.05,-50.18,0,-77.1449,-49.6376,1,0,0,0,0,0
-77.1162,-49.6276,1,2012323,-77.05,-50.18,1,-77.1162,-49.6276,1,0,0,0,14,7
-77.1089,-49.5891,1,2012324,-77.05,-50.18,0,-77.1089,-49.5891,1,0,0,0,0,0
-77.1089,-49.5891,1,2012325,-77.05,-50.18,0,-77.1089,-49.5891,1,0,0,0,0,0
-77.1089,-49.5891,1,2012326,-77.05,-50.18,0,-77.1089,-49.5891,1,0,0,0,0,0
-77.1089,-49.5891,1,2012327,-77.05,-50.18,0,-77.1089,-49.5891,1,0,0,0,0,0
-77.1089,-49.5891,1,2012328,-77.05,-50.18,0,-77.1089,-49.5891,1,0,0,0,0,0
-77.1089,-49.5891,1,2012329,-77.05,-50.18,0,-77.1089,-49.5891,1,0,0,0,0,0
-77.1089,-49.5891,1,2012330,-77.05,-50.18,1,-77.1089,-49.5891,1,0,0,0,14,7
-77.0934,-49.6481,1,2012331,-77.05,-50.18,0,-77.0934,-49.6481,1,0,0,0,0,0
-77.0934,-49.6481,1,2012332,-77.05,-50.18,0,-77.0934,-49.6481,1,0,0,0,0,0
-77.0934,-49.6481,1,2012333,-77.05,-50.18,0,-77.0934,-49.6481,1,0,0,0,0,0
-77.0934,-49.6481,1,2012334,-77.05,-50.18,0,-77.0934,-49.6481,1,0,0,0,0,0
-77.0934,-49.6481,1,2012335,-77.05,-50.18,0,-77.0934,-49.6481,1,0,0,0,0,0
-77.0934,-49.6481,1,2012336,-77.05,-50.18,0,-77.0934,-49.6481,1,0,0,0,0,0
-77.0934,-49.6481,1,2012337,-77.05,-50.18,1,-77.0934,-49.6481,1,0,0,0,14,7
-77.0915,-49.7082,1,2012338,-77.05,-50.18,0,-77.0915,-49.7082,1,0,0,0,0,0
-77.0838,-49.7375,1,2012339,-77.05,-50.18,0,-77.0838,-49.7375,1,0,0,0,0,0
-77.0838,-49.7375,1,2012340,-77.05,-50.18,0,-77.0838,-49.7375,1,0,0,0,0,0
-77.0838,-49.7375,1,2012341,-77.05,-50.18,0,-77.0838,-49.7375,1,0,0,0,0,0
-77.0838,-49.7375,1,2012342,-77.05,-50.18,0,-77.0838,-49.7375,1,0,0,0,0,0
-77.0935,-49.6478,1,2012343,-77.05,-50.18,0,-77.0935,-49.6478,1,0,0,0,0,0
-77.0953,-49.5876,1,2012344,-77.05,-50.18,1,-77.0953,-49.5876,1,0,0,0,14,7
-77.088,-49.5493,1,2012345,-77.05,-50.18,0,-77.088,-49.5493,1,0,0,0,0,0
-77.088,-49.5493,1,2012346,-77.05,-50.18,0,-77.088,-49.5493,1,0,0,0,0,0
-77.088,-49.5493,1,2012347,-77.05,-50.18,0,-77.088,-49.5493,1,0,0,0,0,0
-77.088,-49.5493,1,2012348,-77.05,-50.18,0,-77.088,-49.5493,1,0,0,0,0,0
-77.088,-49.5493,1,2012349,-77.05,-50.18,0,-77.088,-49.5493,1,0,0,0,0,0
-77.088,-49.5493,1,2012350,-77.05,-50.18,0,-77.088,-49.5493,1,0,0,0,0,0
-77.088,-49.5493,1,2012351,-77.05,-50.18,1,-77.088,-49.5493,1,0,0,0,14,7
-77.088,-49.5493,1,2012352,-77.05,-50.18,0,-77.088,-49.5493,1,0,0,0,0,0
-77.088,-49.5493,1,2012353,-77.05,-50.18,0,-77.088,-49.5493,1,0,0,0,0,0
-77.088,-49.5493,1,2012354,-77.05,-50.18,0,-77.088,-49.5493,1,0,0,0,0,0
-77.088,-49.5493,1,2012355,-77.05,-50.18,0,-77.088,-49.5493,1,0,0,0,0,0
-77.088,-49.5493,1,2012356,-77.05,-50.18,0,-77.088,-49.5493,1,0,0,0,0,0
-77.088,-49.5493,1,2012357,-77.05,-50.18,0,-77.088,-49.5493,1,0,0,0,0,0
-77.088,-49.5493,1,2012358,-77.05,-50.18,1,-77.088,-49.5493,1,0,0,0,14,7
-77.088,-49.5493,1,2012359,-77.05,-50.18,0,-77.088,-49.5493,1,0,0,0,0,0
-77.088,-49.5493,1,2012360,-77.05,-50.18,0,-77.088,-49.5493,1,0,0,0,0,0
-77.0707,-49.6685,1,2012361,-77.05,-50.18,0,-77.0707,-49.6685,1,0,0,0,0,0
-77.0707,-49.6683,1,2012362,-77.05,-50.18,0,-77.0707,-49.6683,1,0,0,0,0,0
-77.0707,-49.6683,1,2012363,-77.05,-50.18,0,-77.0707,-49.6683,1,0,0,0,0,0
-77.0707,-49.6683,1,2012364,-77.05,-50.18,0,-77.0707,-49.6683,1,0,0,0,0,0
-77.0707,-49.6683,1,2012365,-77.05,-50.18,1,-77.0707,-49.6683,1,0,0,0,14,7
-77.0707,-49.6683,1,2012366,-77.05,-50.18,0,-77.0707,-49.6683,1,0,0,0,0,0
-77.0707,-49.6683,1,2013001,-77.05,-50.18,0,-77.0707,-49.6683,1,0,0,0,0,0
-77.0707,-49.6683,1,2013002,-77.05,-50.18,0,-77.0707,-49.6683,1,0,0,0,0,0
-77.1038,-49.7019,1,2013003,-77.05,-50.18,0,-77.1038,-49.7019,1,0,0,0,0,0
-77.0949,-49.6555,1,2013004,-77.05,-50.18,0,-77.0949,-49.6555,1,0,0,0,0,0
-77.0949,-49.6555,1,2013005,-77.05,-50.18,0,-77.0949,-49.6555,1,0,0,0,0,0
-77.0949,-49.6555,1,2013006,-77.05,-50.18,1,-77.0949,-49.6555,1,0,0,0,14,7
-77.0876,-49.6171,1,2013007,0,0,0,-77.0876,-49.6171,1,0,0,0,0,0
-77.0876,-49.6171,1,2013008,0,0,0,-77.0876,-49.6171,1,0,0,0,0,0
-77.0876,-49.6171,1,2013009,0,0,0,-77.0876,-49.6171,1,0,0,0,0,0
-77.0876,-49.6171,1,2013010,0,0,0,-77.0876,-49.6171,1,0,0,0,0,0
-77.0876,-49.6171,1,2013011,0,0,0,-77.0876,-49.6171,1,0,0,0,0,0
-77.0876,-49.6171,1,2013012,0,0,0,-77.0876,-49.6171,1,0,0,0,0,0
-77.0876,-49.6171,1,2013013,0,0,0,-77.0876,-49.6171,1,0,0,0,0,0
-77.0876,-49.6171,1,2013014,0,0,0,-77.0876,-49.6171,1,0,0,0,0,0
-77.0862,-49.6096,1,2013015,0,0,0,-77.0862,-49.6096,1,0,0,0,0,0
-77.1056,-49.6417,1,2013016,0,0,0,-77.1056,-49.6417,1,0,0,0,0,0
-77.0915,-49.7082,1,2013017,0,0,0,-77.0915,-49.7082,1,0,0,0,0,0
-77.0954,-49.5875,1,2013018,0,0,0,-77.0954,-49.5875,1,0,0,0,0,0
-77.0939,-49.5801,1,2013019,0,0,0,-77.0939,-49.5801,1,0,0,0,0,0
-77.0978,-49.5629,0,2013020,-77.05,-50.18,1,-77.0978,-49.5629,0,0,0,0,14,7
-77.1016,-49.5505,1,2013021,-77.0517,-50.1811,0,-77.1016,-49.5505,1,0,0,0,0,0
-77.1016,-49.5505,1,2013022,-77.0559,-50.184,0,-77.1016,-49.5505,1,0,0,0,0,0
-77.1016,-49.5505,1,2013023,-77.0618,-50.1879,0,-77.1016,-49.5505,1,0,0,0,0,0
-77.1016,-49.5505,1,2013024,-77.0682,-50.1921,0,-77.1016,-49.5505,1,0,0,0,0,0
-77.1016,-49.5505,1,2013025,-77.0741,-50.196,0,-77.1016,-49.5505,1,0,0,0,0,0
-77.1016,-49.5505,1,2013026,-77.0783,-50.1989,0,-77.1016,-49.5505,1,0,0,0,0,0
-77.1016,-49.5505,1,2013027,-77.08,-50.2,1,-77.1016,-49.5505,1,0,0,0,14,7
-77.123,-49.5224,1,2013028,-77.08,-50.2,0,-77.123,-49.5224,1,0,0,0,0,0
-77.123,-49.5224,1,2013029,-77.08,-50.2,0,-77.123,-49.5224,1,0,0,0,0,0
-77.123,-49.5224,1,2013030,-77.08,-50.2,0,-77.123,-49.5224,1,0,0,0,0,0
-77.123,-49.5224,1,2013031,-77.08,-50.2,0,-77.123,-49.5224,1,0,0,0,0,0
-77.1049,-49.498,1,2013032,-77.08,-50.2,0,-77.1049,-49.498,1,0,0,0,0,0
-77.1049,-49.498,0,2013033,-77.08,-50.2,0,-77.1049,-49.498,0,0,0,0,0,0
-77.1049,-49.498,0,2013034,-77.08,-50.2,1,-77.1049,-49.498,0,0,0,0,14,7
-77.1049,-49.498,1,2013035,-77.0783,-50.1978,0,-77.1049,-49.498,1,0,0,0,0,0
-77.1049,-49.498,1,2013036,-77.0741,-50.1921,0,-77.1049,-49.498,1,0,0,0,0,0
-77.057,-49.6672,1,2013037,-77.0682,-50.1843,0,-77.057,-49.6672,1,0,0,0,0,0
-77.057,-49.6672,1,2013038,-77.0618,-50.1757,0,-77.057,-49.6672,1,0,0,0,0,0
-77.057,-49.6672,1,2013039,-77.0559,-50.1679,0,-77.057,-49.6672,1,0,0,0,0,0
-77.057,-49.6672,1,2013040,-77.0517,-50.1622,0,-77.057,-49.6672,1,0,0,0,0,0
-77.057,-49.6672,1,2013041,-77.05,-50.16,1,-77.057,-49.6672,1,0,0,0,14,7
-77.057,-49.6672,0,2013042,-77.05,-50.16,0,-77.057,-49.6672,0,0,0,0,0,0
-77.057,-49.6672,1,2013043,-77.05,-50.16,0,-77.057,-49.6672,1,0,0,0,0,0
-77.057,-49.6672,1,2013044,-77.05,-50.16,0,-77.057,-49.6672,1,0,0,0,0,0
-77.0726,-49.608,1,2013045,-77.05,-50.16,0,-77.0726,-49.608,1,0,0,0,0,0
-77.0726,-49.608,0,2013046,-77.05,-50.16,0,-77.0726,-49.608,0,0,0,0,0,0
-77.0726,-49.608,1,2013047,-77.05,-50.16,0,-77.0726,-49.608,1,0,0,0,0,0
-77.0726,-49.608,1,2013048,-77.05,-50.16,1,-77.0726,-49.608,1,0,0,0,14,7
-77.0648,-49.6375,1,2013049,0,0,0,-77.0648,-49.6375,1,0,0,0,0,0
-77.0648,-49.6375,0,2013050,0,0,0,-77.0648,-49.6375,0,0,0,0,0,0
-77.0648,-49.6375,1,2013051,0,0,0,-77.0648,-49.6375,1,0,0,0,0,0
-77.0648,-49.6375,1,2013052,0,0,0,-77.0648,-49.6375,1,0,0,0,0,0
-77.0648,-49.6375,1,2013053,0,0,0,-77.0648,-49.6375,1,0,0,0,0,0
-77.0648,-49.6375,1,2013054,0,0,0,-77.0648,-49.6375,1,0,0,0,0,0
-77.0648,-49.6375,1,2013055,0,0,0,-77.0648,-49.6375,1,0,0,0,0,0
-77.0648,-49.6375,1,2013056,0,0,0,-77.0648,-49.6375,1,0,0,0,0,0
-77.0648,-49.6375,1,2013057,0,0,0,-77.0648,-49.6375,1,0,0,0,0,0
-77.0648,-49.6375,1,2013058,0,0,0,-77.0648,-49.6375,1,0,0,0,0,0
-77.0648,-49.6375,1,2013059,0,0,0,-77.0648,-49.6375,1,0,0,0,0,0
-77.0648,-49.6375,1,2013060,0,0,0,-77.0648,-49.6375,1,0,0,0,0,0
-77.0648,-49.6375,1,2013061,0,0,0,-77.0648,-49.6375,1,0,0,0,0,0
-77.0736,-49.6837,0,2013062,0,0,0,-77.0736,-49.6837,0,0,0,0,0,0
-77.0824,-49.7299,1,2013063,0,0,0,-77.0824,-49.7299,1,0,0,0,0,0
-77.0644,-49.7052,1,2013064,0,0,0,-77.0644,-49.7052,1,0,0,0,0,0
-77.0649,-49.6374,1,2013065,0,0,0,-77.0649,-49.6374,1,0,0,0,0,0
-77.0921,-49.6402,1,2013066,0,0,0,-77.0921,-49.6402,1,0,0,0,0,0
-77.0857,-49.6774,1,2013067,0,0,0,-77.0857,-49.6774,1,0,0,0,0,0
-77.0623,-49.5541,1,2013068,0,0,0,-77.0623,-49.5541,1,0,0,0,0,0
-77.0594,-49.5391,1,2013069,0,0,0,-77.0594,-49.5391,1,0,0,0,0,0
-77.0789,-49.5711,1,2013070,0,0,0,-77.0789,-49.5711,1,0,0,0,0,0
-77.0789,-49.5711,1,2013071,0,0,0,-77.0789,-49.5711,1,0,0,0,0,0
-77.1075,-49.5814,1,2013072,0,0,0,-77.1075,-49.5814,1,0,0,0,0,0
-77.1225,-49.5904,1,2013073,0,0,0,-77.1225,-49.5904,1,0,0,0,0,0
-77.1225,-49.5904,1,2013074,0,0,0,-77.1225,-49.5904,1,0,0,0,0,0
-77.1225,-49.5904,1,2013075,0,0,0,-77.1225,-49.5904,1,0,0,0,0,0
-77.1225,-49.5904,1,2013076,0,0,0,-77.1225,-49.5904,1,0,0,0,0,0
-77.1225,-49.5904,1,2013077,0,0,0,-77.1225,-49.5904,1,0,0,0,0,0
-77.1225,-49.5904,1,2013078,0,0,0,-77.1225,-49.5904,1,0,0,0,0,0
-77.1225,-49.5904,1,2013079,0,0,0,-77.1225,-49.5904,1,0,0,0,0,0
-77.1225,-49.5904,0,2013080,0,0,0,-77.1225,-49.5904,0,0,0,0,0,0
-77.1225,-49.5904,1,2013081,0,0,0,-77.1225,-49.5904,1,0,0,0,0,0
-77.1225,-49.5904,1,2013082,0,0,0,-77.1225,-49.5904,1,0,0,0,0,0
-77.1225,-49.5904,1,2013083,0,0,0,-77.1225,-49.5904,1,0,0,0,0,0
-77.1225,-49.5904,1,2013084,0,0,0,-77.1225,-49.5904,1,0,0,0,0,0
-77.1148,-49.6199,1,2013085,0,0,0,-77.1148,-49.6199,1,0,0,0,0,0
-77.1157,-49.5595,0,2013086,0,0,0,-77.1157,-49.5595,0,0,0,0,0,0
-77.1185,-49.4991,1,2013087,0,0,0,-77.1185,-49.4991,1,0,0,0,0,0
-77.1424,-49.5546,1,2013088,0,0,0,-77.1424,-49.5546,1,0,0,0,0,0
-77.1239,-49.598,1,2013089,0,0,0,-77.1239,-49.598,1,0,0,0,0,0
-77.107,-49.6494,1,2013090,0,0,0,-77.107,-49.6494,1,0,0,0,0,0
-77.0681,-49.585,1,2013091,0,0,0,-77.0681,-49.585,1,0,0,0,0,0
-77.0843,-49.6697,1,2013092,0,0,0,-77.0843,-49.6697,1,0,0,0,0,0
-77.1012,-49.6183,1,2013093,0,0,0,-77.1012,-49.6183,1,0,0,0,0,0
-77.0817,-49.5863,1,2013094,0,0,0,-77.0817,-49.5863,1,0,0,0,0,0
-77.0765,-49.6993,1,2013095,0,0,0,-77.0765,-49.6993,1,0,0,0,0,0
-77.0914,-49.4964,1,2013096,0,0,0,-77.0914,-49.4964,1,0,0,0,0,0
-77.1112,-49.4607,1,2013097,0,0,0,-77.1112,-49.4607,1,0,0,0,0,0
-77.0976,-49.4597,1,2013098,0,0,0,-77.0976,-49.4597,1,0,0,0,0,0
-77.1156,-49.484,1,2013099,0,0,0,-77.1156,-49.484,1,0,0,0,0,0
-77.088,-49.5496,1,2013100,0,0,0,-77.088,-49.5496,1,0,0,0,0,0
-77.092,-49.6404,1,2013101,0,0,0,-77.092,-49.6404,1,0,0,0,0,0
-77.0817,-49.5863,1,2013102,0,0,0,-77.0817,-49.5863,1,0,0,0,0,0
-77.0571,-49.6671,1,2013103,0,0,0,-77.0571,-49.6671,1,0,0,0,0,0
-77.0726,-49.608,1,2013104,0,0,0,-77.0726,-49.608,1,0,0,0,0,0
-77.0688,-49.7285,1,2013105,0,0,0,-77.0688,-49.7285,1,0,0,0,0,0
-77.0877,-49.6168,1,2013106,0,0,0,-77.0877,-49.6168,1,0,0,0,0,0
-77.0803,-49.5788,1,2013107,0,0,0,-77.0803,-49.5788,1,0,0,0,0,0
-77.0803,-49.5788,1,2013108,0,0,0,-77.0803,-49.5788,1,0,0,0,0,0
-77.0803,-49.5788,1,2013109,0,0,0,-77.0803,-49.5788,1,0,0,0,0,0
-77.0803,-49.5788,1,2013110,0,0,0,-77.0803,-49.5788,1,0,0,0,0,0
-77.0803,-49.5788,1,2013111,0,0,0,-77.0803,-49.5788,1,0,0,0,0,0
-77.0803,-49.5788,1,2013112,0,0,0,-77.0803,-49.5788,1,0,0,0,0,0
-77.0998,-49.6109,1,2013113,0,0,0,-77.0998,-49.6109,1,0,0,0,0,0
-77.0998,-49.6109,1,2013114,0,0,0,-77.0998,-49.6109,1,0,0,0,0,0
-77.0998,-49.6109,1,2013115,0,0,0,-77.0998,-49.6109,1,0,0,0,0,0
-77.0998,-49.6109,1,2013116,0,0,0,-77.0998,-49.6109,1,0,0,0,0,0
-77.0998,-49.6109,1,2013117,0,0,0,-77.0998,-49.6109,1,0,0,0,0,0
-77.0998,-49.6109,1,2013118,0,0,0,-77.0998,-49.6109,1,0,0,0,0,0
-77.0998,-49.6109,1,2013119,0,0,0,-77.0998,-49.6109,1,0,0,0,0,0
-77.1089,-49.5889,1,2013120,0,0,0,-77.1089,-49.5889,1,0,0,0,0,0
-77.1089,-49.5889,1,2013121,0,0,0,-77.1089,-49.5889,1,0,0,0,0,0
-77.1089,-49.5889,1,2013122,0,0,0,-77.1089,-49.5889,1,0,0,0,0,0
-77.1089,-49.5889,1,2013123,0,0,0,-77.1089,-49.5889,1,0,0,0,0,0
-77.1089,-49.5889,1,2013124,0,0,0,-77.1089,-49.5889,1,0,0,0,0,0
-77.1089,-49.5889,1,2013125,0,0,0,-77.1089,-49.5889,1,0,0,0,0,0
-77.1089,-49.5889,1,2013126,0,0,0,-77.1089,-49.5889,1,0,0,0,0,0
-77.1089,-49.5889,1,2013127,0,0,0,-77.1089,-49.5889,1,0,0,0,0,0
-77.1089,-49.5889,1,2013128,0,0,0,-77.1089,-49.5889,1,0,0,0,0,0
-77.1089,-49.5889,1,2013129,0,0,0,-77.1089,-49.5889,1,0,0,0,0,0
-77.1225,-49.5904,1,2013130,0,0,0,-77.1225,-49.5904,1,0,0,0,0,0
-77.1225,-49.5904,1,2013131,0,0,0,-77.1225,-49.5904,1,0,0,0,0,0
-77.1225,-49.5904,1,2013132,0,0,0,-77.1225,-49.5904,1,0,0,0,0,0
-77.1225,-49.5904,1,2013133,0,0,0,-77.1225,-49.5904,1,0,0,0,0,0
-77.1225,-49.5904,1,2013134,0,0,0,-77.1225,-49.5904,1,0,0,0,0,0
-77.1148,-49.6199,1,2013135,0,0,0,-77.1148,-49.6199,1,0,0,0,0,0
-77.1148,-49.6199,1,2013136,0,0,0,-77.1148,-49.6199,1,0,0,0,0,0
-77.1148,-49.6199,1,2013137,0,0,0,-77.1148,-49.6199,1,0,0,0,0,0
-77.1148,-49.6199,1,2013138,0,0,0,-77.1148,-49.6199,1,0,0,0,0,0
-77.1148,-49.6199,1,2013139,0,0,0,-77.1148,-49.6199,1,0,0,0,0,0
-77.0953,-49.5878,1,2013140,0,0,0,-77.0953,-49.5878,1,0,0,0,0,0
-77.0953,-49.5878,1,2013141,0,0,0,-77.0953,-49.5878,1,0,0,0,0,0
-77.0953,-49.5878,1,2013142,0,0,0,-77.0953,-49.5878,1,0,0,0,0,0
-77.0953,-49.5878,1,2013143,0,0,0,-77.0953,-49.5878,1,0,0,0,0,0
-77.0953,-49.5878,1,2013144,0,0,0,-77.0953,-49.5878,1,0,0,0,0,0
-77.0953,-49.5878,1,2013145,0,0,0,-77.0953,-49.5878,1,0,0,0,0,0
-77.0953,-49.5878,1,2013146,0,0,0,-77.0953,-49.5878,1,0,0,0,0,0
-77.0953,-49.5878,1,2013147,0,0,0,-77.0953,-49.5878,1,0,0,0,0,0
-77.0953,-49.5878,1,2013148,0,0,0,-77.0953,-49.5878,1,0,0,0,0,0
-77.088,-49.5493,1,2013149,0,0,0,-77.088,-49.5493,1,0,0,0,0,0
-77.088,-49.5493,1,2013150,0,0,0,-77.088,-49.5493,1,0,0,0,0,0
-77.088,-49.5493,1,2013151,0,0,0,-77.088,-49.5493,1,0,0,0,0,0
-77.088,-49.5493,1,2013152,0,0,0,-77.088,-49.5493,1,0,0,0,0,0
-77.088,-49.5493,1,2013153,0,0,0,-77.088,-49.5493,1,0,0,0,0,0
-77.088,-49.5493,1,2013154,0,0,0,-77.088,-49.5493,1,0,0,0,0,0
-77.0667,-49.5775,1,2013155,0,0,0,-77.0667,-49.5775,1,0,0,0,0,0
-77.0667,-49.5775,1,2013156,0,0,0,-77.0667,-49.5775,1,0,0,0,0,0
-77.0667,-49.5775,1,2013157,0,0,0,-77.0667,-49.5775,1,0,0,0,0,0
-77.0667,-49.5775,1,2013158,0,0,0,-77.0667,-49.5775,1,0,0,0,0,0
-77.0667,-49.5775,1,2013159,0,0,0,-77.0667,-49.5775,1,0,0,0,0,0
-77.0667,-49.5775,1,2013160,0,0,0,-77.0667,-49.5775,1,0,0,0,0,0
-77.0693,-49.6608,1,2013161,0,0,0,-77.0693,-49.6608,1,0,0,0,0,0
-77.0765,-49.6991,1,2013162,0,0,0,-77.0765,-49.6991,1,0,0,0,0,0
-77.0508,-49.7038,1,2013163,0,0,0,-77.0508,-49.7038,1,0,0,0,0,0
-77.0508,-49.7038,1,2013164,0,0,0,-77.0508,-49.7038,1,0,0,0,0,0
-77.0508,-49.7038,1,2013165,0,0,0,-77.0508,-49.7038,1,0,0,0,0,0
-77.0508,-49.7038,1,2013166,0,0,0,-77.0508,-49.7038,1,0,0,0,0,0
-77.0508,-49.7038,1,2013167,0,0,0,-77.0508,-49.7038,1,0,0,0,0,0
-77.0508,-49.7038,1,2013168,0,0,0,-77.0508,-49.7038,1,0,0,0,0,0
-77.0571,-49.6668,1,2013169,0,0,0,-77.0571,-49.6668,1,0,0,0,0,0
-77.0804,-49.5785,1,2013170,0,0,0,-77.0804,-49.5785,1,0,0,0,0,0
-77.0726,-49.6083,1,2013171,0,0,0,-77.0726,-49.6083,1,0,0,0,0,0
-77.0707,-49.6683,1,2013172,0,0,0,-77.0707,-49.6683,1,0,0,0,0,0
-77.1057,-49.6416,1,2013173,0,0,0,-77.1057,-49.6416,1,0,0,0,0,0
-77.0798,-49.6466,1,2013174,0,0,0,-77.0798,-49.6466,1,0,0,0,0,0
-77.0785,-49.6389,1,2013175,0,0,0,-77.0785,-49.6389,1,0,0,0,0,0
-77.0785,-49.6389,1,2013176,0,0,0,-77.0785,-49.6389,1,0,0,0,0,0
-77.0785,-49.6389,1,2013177,0,0,0,-77.0785,-49.6389,1,0,0,0,0,0
-77.0785,-49.6389,1,2013178,0,0,0,-77.0785,-49.6389,1,0,0,0,0,0
-77.0726,-49.6081,1,2013179,0,0,0,-77.0726,-49.6081,1,0,0,0,0,0
-77.0726,-49.6081,1,2013180,0,0,0,-77.0726,-49.6081,1,0,0,0,0,0
-77.0726,-49.6081,1,2013181,0,0,0,-77.0726,-49.6081,1,0,0,0,0,0
-77.0629,-49.6977,1,2013182,0,0,0,-77.0629,-49.6977,1,0,0,0,0,0
-77.0629,-49.6977,1,2013183,0,0,0,-77.0629,-49.6977,1,0,0,0,0,0
-77.0629,-49.6977,1,2013184,0,0,0,-77.0629,-49.6977,1,0,0,0,0,0
-77.0629,-49.6977,1,2013185,0,0,0,-77.0629,-49.6977,1,0,0,0,0,0
-77.0629,-49.6977,1,2013186,0,0,0,-77.0629,-49.6977,1,0,0,0,0,0
-77.0629,-49.6977,1,2013187,0,0,0,-77.0629,-49.6977,1,0,0,0,0,0
-77.0629,-49.6977,1,2013188,0,0,0,-77.0629,-49.6977,1,0,0,0,0,0
-77.0339,-49.7548,1,2013189,0,0,0,-77.0339,-49.7548,1,0,0,0,0,0
-77.0668,-49.5771,1,2013190,0,0,0,-77.0668,-49.5771,1,0,0,0,0,0
-77.0668,-49.5771,1,2013191,0,0,0,-77.0668,-49.5771,1,0,0,0,0,0
-77.0668,-49.5771,1,2013192,0,0,0,-77.0668,-49.5771,1,0,0,0,0,0
-77.0668,-49.5771,1,2013193,0,0,0,-77.0668,-49.5771,1,0,0,0,0,0
-77.0668,-49.5771,1,2013194,0,0,0,-77.0668,-49.5771,1,0,0,0,0,0
-77.0594,-49.5391,1,2013195,0,0,0,-77.0594,-49.5391,1,0,0,0,0,0
-77.0594,-49.5391,1,2013196,0,0,0,-77.0594,-49.5391,1,0,0,0,0,0
-77.0594,-49.5391,1,2013197,0,0,0,-77.0594,-49.5391,1,0,0,0,0,0
-77.0925,-49.5724,1,2013198,0,0,0,-77.0925,-49.5724,1,0,0,0,0,0
-77.1056,-49.6417,1,2013199,0,0,0,-77.1056,-49.6417,1,0,0,0,0,0
-77.0817,-49.5863,1,2013200,0,0,0,-77.0817,-49.5863,1,0,0,0,0,0
-77.0817,-49.5863,1,2013201,0,0,0,-77.0817,-49.5863,1,0,0,0,0,0
-77.0817,-49.5863,1,2013202,0,0,0,-77.0817,-49.5863,1,0,0,0,0,0
-77.0765,-49.6993,1,2013203,0,0,0,-77.0765,-49.6993,1,0,0,0,0,0
-77.0857,-49.6772,1,2013204,0,0,0,-77.0857,-49.6772,1,0,0,0,0,0
-77.1052,-49.7095,1,2013205,0,0,0,-77.1052,-49.7095,1,0,0,0,0,0
-77.1104,-49.5964,1,2013206,0,0,0,-77.1104,-49.5964,1,0,0,0,0,0
-77.1225,-49.5904,1,2013207,0,0,0,-77.1225,-49.5904,1,0,0,0,0,0
-77.1185,-49.4991,1,2013208,0,0,0,-77.1185,-49.4991,1,0,0,0,0,0
-77.088,-49.5496,1,2013209,0,0,0,-77.088,-49.5496,1,0,0,0,0,0
-77.1075,-49.5814,1,2013210,0,0,0,-77.1075,-49.5814,1,0,0,0,0,0
-77.0972,-49.5274,1,2013211,0,0,0,-77.0972,-49.5274,1,0,0,0,0,0
-77.1133,-49.6124,1,2013212,0,0,0,-77.1133,-49.6124,1,0,0,0,0,0
-77.1049,-49.4978,1,2013213,0,0,0,-77.1049,-49.4978,1,0,0,0,0,0
-77.1075,-49.5815,1,2013214,0,0,0,-77.1075,-49.5815,1,0,0,0,0,0
-77.1089,-49.5891,1,2013215,0,0,0,-77.1089,-49.5891,1,0,0,0,0,0
-77.1012,-49.6186,1,2013216,0,0,0,-77.1012,-49.6186,1,0,0,0,0,0
-77.1071,-49.6493,1,2013217,0,0,0,-77.1071,-49.6493,1,0,0,0,0,0
-77.1071,-49.6493,1,2013218,0,0,0,-77.1071,-49.6493,1,0,0,0,0,0
-77.1071,-49.6493,1,2013219,0,0,0,-77.1071,-49.6493,1,0,0,0,0,0
-77.1071,-49.6493,1,2013220,0,0,0,-77.1071,-49.6493,1,0,0,0,0,0
-77.1071,-49.6493,1,2013221,0,0,0,-77.1071,-49.6493,1,0,0,0,0,0
-77.0798,-49.6466,1,2013222,0,0,0,-77.0798,-49.6466,1,0,0,0,0,0
-77.0798,-49.6466,1,2013223,0,0,0,-77.0798,-49.6466,1,0,0,0,0,0
-77.0798,-49.6466,1,2013224,0,0,0,-77.0798,-49.6466,1,0,0,0,0,0
-77.0798,-49.6466,1,2013225,0,0,0,-77.0798,-49.6466,1,0,0,0,0,0
-77.0798,-49.6466,1,2013226,0,0,0,-77.0798,-49.6466,1,0,0,0,0,0
-77.0746,-49.7593,1,2013227,0,0,0,-77.0746,-49.7593,1,0,0,0,0,0
-77.0935,-49.6476,1,2013228,0,0,0,-77.0935,-49.6476,1,0,0,0,0,0
-77.1031,-49.5581,1,2013229,0,0,0,-77.1031,-49.5581,1,0,0,0,0,0
-77.0997,-49.611,1,2013230,0,0,0,-77.0997,-49.611,1,0,0,0,0,0
-77.1031,-49.5581,1,2013231,0,0,0,-77.1031,-49.5581,1,0,0,0,0,0
-77.088,-49.5494,1,2013232,0,0,0,-77.088,-49.5494,1,0,0,0,0,0
-77.0744,-49.548,1,2013233,0,0,0,-77.0744,-49.548,1,0,0,0,0,0
-77.0401,-49.9291,1,2013234,0,0,0,-77.0401,-49.9291,1,0,0,0,0,0
-77.0697,-49.5919,1,2013235,0,0,0,-77.0697,-49.5919,1,0,0,0,0,0
-77.059,-49.6068,1,2013236,0,0,0,-77.059,-49.6068,1,0,0,0,0,0
-77.0458,-49.5379,1,2013237,0,0,0,-77.0458,-49.5379,1,0,0,0,0,0
-77.0385,-49.4997,1,2013238,0,0,0,-77.0385,-49.4997,1,0,0,0,0,0
-77.0385,-49.4997,1,2013239,0,0,0,-77.0385,-49.4997,1,0,0,0,0,0
-77.0385,-49.4997,1,2013240,0,0,0,-77.0385,-49.4997,1,0,0,0,0,0
-77.0385,-49.4997,0,2013241,0,0,0,-77.0385,-49.4997,0,0,0,0,0,0
-77.0385,-49.4997,1,2013242,0,0,0,-77.0385,-49.4997,1,0,0,0,0,0
-77.0385,-49.4997,1,2013243,0,0,0,-77.0385,-49.4997,1,0,0,0,0,0
-77.0385,-49.4997,1,2013244,-77.05,-50.2,1,-77.0385,-49.4997,1,0,0,0,14,7
-77.0385,-49.4997,1,2013245,0,0,0,-77.0385,-49.4997,1,0,0,0,0,0
-77.0385,-49.4997,1,2013246,0,0,0,-77.0385,-49.4997,1,0,0,0,0,0
-77.0385,-49.4997,1,2013247,0,0,0,-77.0385,-49.4997,1,0,0,0,0,0
-77.0463,-49.4703,1,2013248,0,0,0,-77.0463,-49.4703,1,0,0,0,0,0
-77.0463,-49.4703,1,2013249,0,0,0,-77.0463,-49.4703,1,0,0,0,0,0
-77.0463,-49.4703,1,2013250,0,0,0,-77.0463,-49.4703,1,0,0,0,0,0
-77.0463,-49.4703,1,2013251,0,0,0,-77.0463,-49.4703,1,0,0,0,0,0
-77.0463,-49.4703,1,2013252,0,0,0,-77.0463,-49.4703,1,0,0,0,0,0
-77.0425,-49.5905,1,2013253,0,0,0,-77.0425,-49.5905,1,0,0,0,0,0
-77.0425,-49.5905,1,2013254,0,0,0,-77.0425,-49.5905,1,0,0,0,0,0
-77.0425,-49.5905,1,2013255,0,0,0,-77.0425,-49.5905,1,0,0,0,0,0
-77.0425,-49.5905,1,2013256,0,0,0,-77.0425,-49.5905,1,0,0,0,0,0
-77.0425,-49.5905,1,2013257,0,0,0,-77.0425,-49.5905,1,0,0,0,0,0
-77.0425,-49.5905,1,2013258,0,0,0,-77.0425,-49.5905,1,0,0,0,0,0
-77.0635,-49.6299,1,2013259,0,0,0,-77.0635,-49.6299,1,0,0,0,0,0
-77.0635,-49.6299,1,2013260,0,0,0,-77.0635,-49.6299,1,0,0,0,0,0
-77.0635,-49.6299,1,2013261,0,0,0,-77.0635,-49.6299,1,0,0,0,0,0
-77.0635,-49.6299,1,2013262,0,0,0,-77.0635,-49.6299,1,0,0,0,0,0
-77.0635,-49.6299,1,2013263,0,0,0,-77.0635,-49.6299,1,0,0,0,0,0
-77.0635,-49.6299,1,2013264,0,0,0,-77.0635,-49.6299,1,0,0,0,0,0
-77.0785,-49.6389,1,2013265,0,0,0,-77.0785,-49.6389,1,0,0,0,0,0
-77.0902,-49.7005,1,2013266,0,0,0,-77.0902,-49.7005,1,0,0,0,0,0
-77.0935,-49.6478,1,2013267,0,0,0,-77.0935,-49.6478,1,0,0,0,0,0
-77.0857,-49.6774,1,2013268,0,0,0,-77.0857,-49.6774,1,0,0,0,0,0
-77.0935,-49.6478,1,2013269,0,0,0,-77.0935,-49.6478,1,0,0,0,0,0
-77.0857,-49.6774,1,2013270,0,0,0,-77.0857,-49.6774,1,0,0,0,0,0
-77.0935,-49.6478,1,2013271,0,0,0,-77.0935,-49.6478,1,0,0,0,0,0
-77.0876,-49.6171,1,2013272,0,0,0,-77.0876,-49.6171,1,0,0,0,0,0
-77.0998,-49.6109,1,2013273,0,0,0,-77.0998,-49.6109,1,0,0,0,0,0
-77.0876,-49.6171,1,2013274,0,0,0,-77.0876,-49.6171,1,0,0,0,0,0
-77.0876,-49.6171,1,2013275,0,0,0,-77.0876,-49.6171,1,0,0,0,0,0
-77.0876,-49.6171,1,2013276,0,0,0,-77.0876,-49.6171,1,0,0,0,0,0
-77.0876,-49.6171,1,2013277,0,0,0,-77.0876,-49.6171,1,0,0,0,0,0
-77.0876,-49.6171,1,2013278,0,0,0,-77.0876,-49.6171,1,0,0,0,0,0
-77.0876,-49.6171,1,2013279,0,0,0,-77.0876,-49.6171,1,0,0,0,0,0
-77.0876,-49.6171,1,2013280,0,0,0,-77.0876,-49.6171,1,0,0,0,0,0
-77.0862,-49.6096,1,2013281,0,0,0,-77.0862,-49.6096,1,0,0,0,0,0
-77.0998,-49.6109,1,2013282,0,0,0,-77.0998,-49.6109,1,0,0,0,0,0
-77.1049,-49.4977,1,2013283,0,0,0,-77.1049,-49.4977,1,0,0,0,0,0
-77.0861,-49.6097,1,2013284,0,0,0,-77.0861,-49.6097,1,0,0,0,0,0
-77.1016,-49.5505,1,2013285,0,0,0,-77.1016,-49.5505,1,0,0,0,0,0
-77.0861,-49.6097,1,2013286,0,0,0,-77.0861,-49.6097,1,0,0,0,0,0
-77.059,-49.6069,1,2013287,0,0,0,-77.059,-49.6069,1,0,0,0,0,0
-77.059,-49.6069,1,2013288,0,0,0,-77.059,-49.6069,1,0,0,0,0,0
-77.059,-49.6069,1,2013289,0,0,0,-77.059,-49.6069,1,0,0,0,0,0
-77.059,-49.6069,1,2013290,0,0,0,-77.059,-49.6069,1,0,0,0,0,0
-76.98,-49.8917,1,2013291,-77.05,-50.2,1,-76.98,-49.8917,1,0,0,0,14,7
-76.98,-49.8917,1,2013292,-77.05,-50.2,0,-76.98,-49.8917,1,0,0,0,0,0
-76.98,-49.8917,1,2013293,-77.05,-50.2,0,-76.98,-49.8917,1,0,0,0,0,0
-76.9627,-49.7991,1,2013294,-77.05,-50.2,0,-76.9627,-49.7991,1,0,0,0,0,0
-76.9627,-49.7991,1,2013295,-77.05,-50.2,0,-76.9627,-49.7991,1,0,0,0,0,0
-76.9768,-49.7334,1,2013296,-77.05,-50.2,0,-76.9768,-49.7334,1,0,0,0,0,0
-77.0583,-49.7422,1,2013297,-77.05,-50.2,0,-77.0583,-49.7422,1,0,0,0,0,0
-77.0567,-49.7344,1,2013298,-77.05,-50.2,1,-77.0567,-49.7344,1,0,0,0,14,7
-77.0475,-49.7562,1,2013299,0,0,0,-77.0475,-49.7562,1,0,0,0,0,0
-77.0436,-49.6653,1,2013300,0,0,0,-77.0436,-49.6653,1,0,0,0,0,0
-77.0266,-49.7165,1,2013301,0,0,0,-77.0266,-49.7165,1,0,0,0,0,0
-77.1022,-49.4822,1,2013302,0,0,0,-77.1022,-49.4822,1,0,0,0,0,0
-77.0957,-49.5199,1,2013303,0,0,0,-77.0957,-49.5199,1,0,0,0,0,0
-77.0957,-49.5199,1,2013304,0,0,0,-77.0957,-49.5199,1,0,0,0,0,0
-77.0957,-49.5199,1,2013305,0,0,0,-77.0957,-49.5199,1,0,0,0,0,0
-77.0957,-49.5199,1,2013306,0,0,0,-77.0957,-49.5199,1,0,0,0,0,0
-77.0957,-49.5199,1,2013307,0,0,0,-77.0957,-49.5199,1,0,0,0,0,0
-77.0899,-49.4891,1,2013308,0,0,0,-77.0899,-49.4891,1,0,0,0,0,0
-77.0899,-49.4891,1,2013309,0,0,0,-77.0899,-49.4891,1,0,0,0,0,0
-77.0899,-49.4891,1,2013310,0,0,0,-77.0899,-49.4891,1,0,0,0,0,0
-77.0899,-49.4891,1,2013311,0,0,0,-77.0899,-49.4891,1,0,0,0,0,0
-77.0899,-49.4891,1,2013312,-77.05,-50.2,1,-77.0899,-49.4891,1,0,0,0,14,7
-77.0899,-49.4891,1,2013313,-77.05,-50.2,0,-77.0899,-49.4891,1,0,0,0,0,0
-77.0899,-49.4891,1,2013314,-77.05,-50.2,0,-77.0899,-49.4891,1,0,0,0,0,0
-77.0899,-49.4891,1,2013315,-77.05,-50.2,0,-77.0899,-49.4891,1,0,0,0,0,0
-77.0748,-49.4804,1,2013316,-77.05,-50.2,0,-77.0748,-49.4804,1,0,0,0,0,0
-77.0748,-49.4804,1,2013317,-77.05,-50.2,0,-77.0748,-49.4804,1,0,0,0,0,0
-77.0748,-49.4804,1,2013318,-77.05,-50.2,0,-77.0748,-49.4804,1,0,0,0,0,0
-77.0748,-49.4804,1,2013319,-77.05,-50.2,1,-77.0748,-49.4804,1,0,0,0,14,7
-77.0748,-49.4804,1,2013320,0,0,0,-77.0748,-49.4804,1,0,0,0,0,0
-77.0748,-49.4804,1,2013321,0,0,0,-77.0748,-49.4804,1,0,0,0,0,0
-77.0748,-49.4804,1,2013322,0,0,0,-77.0748,-49.4804,1,0,0,0,0,0
-77.0789,-49.5713,1,2013323,0,0,0,-77.0789,-49.5713,1,0,0,0,0,0
-77.0789,-49.5713,1,2013324,0,0,0,-77.0789,-49.5713,1,0,0,0,0,0
-77.0789,-49.5713,1,2013325,0,0,0,-77.0789,-49.5713,1,0,0,0,0,0
-77.0789,-49.5713,1,2013326,0,0,0,-77.0789,-49.5713,1,0,0,0,0,0
-77.0789,-49.5713,1,2013327,0,0,0,-77.0789,-49.5713,1,0,0,0,0,0
-77.0789,-49.5713,1,2013328,0,0,0,-77.0789,-49.5713,1,0,0,0,0,0
-77.0789,-49.5713,1,2013329,0,0,0,-77.0789,-49.5713,1,0,0,0,0,0
-77.0789,-49.5713,1,2013330,0,0,0,-77.0789,-49.5713,1,0,0,0,0,0
-77.0789,-49.5713,1,2013331,0,0,0,-77.0789,-49.5713,1,0,0,0,0,0
-77.0789,-49.5713,1,2013332,0,0,0,-77.0789,-49.5713,1,0,0,0,0,0
-77.0794,-49.563,0,2013333,-77.05,-50.2,1,-77.0794,-49.563,0,0,0,0,14,7
-77.0806,-49.5449,0,2013334,-77.05,-50.2,0,-77.0806,-49.5449,0,0,0,0,0,0
-77.0817,-49.5267,0,2013335,-77.05,-50.2,0,-77.0817,-49.5267,0,0,0,0,0,0
-77.0822,-49.5185,1,2013336,-77.05,-50.2,0,-77.0822,-49.5185,1,0,0,0,0,0
-77.0822,-49.5185,1,2013337,-77.05,-50.2,0,-77.0822,-49.5185,1,0,0,0,0,0
-77.0822,-49.5185,1,2013338,-77.05,-50.2,0,-77.0822,-49.5185,1,0,0,0,0,0
-77.0822,-49.5185,1,2013339,-77.05,-50.2,0,-77.0822,-49.5185,1,0,0,0,0,0
-77.0822,-49.5185,1,2013340,-77.05,-50.2,1,-77.0822,-49.5185,1,0,0,0,14,7
-77.0822,-49.5185,1,2013341,0,0,0,-77.0822,-49.5185,1,0,0,0,0,0
-77.0711,-49.6007,1,2013342,0,0,0,-77.0711,-49.6007,1,0,0,0,0,0
-77.0648,-49.6375,1,2013343,0,0,0,-77.0648,-49.6375,1,0,0,0,0,0
-77.0648,-49.6375,1,2013344,0,0,0,-77.0648,-49.6375,1,0,0,0,0,0
-77.0648,-49.6375,1,2013345,0,0,0,-77.0648,-49.6375,1,0,0,0,0,0
-77.0648,-49.6375,0,2013346,0,0,0,-77.0648,-49.6375,0,0,0,0,0,0
-77.0648,-49.6375,1,2013347,0,0,0,-77.0648,-49.6375,1,0,0,0,0,0
-77.0648,-49.6375,1,2013348,0,0,0,-77.0648,-49.6375,1,0,0,0,0,0
-77.0648,-49.6375,1,2013349,0,0,0,-77.0648,-49.6375,1,0,0,0,0,0
-77.0648,-49.6375,1,2013350,0,0,0,-77.0648,-49.6375,1,0,0,0,0,0
-77.0648,-49.6375,1,2013351,0,0,0,-77.0648,-49.6375,1,0,0,0,0,0
-77.0648,-49.6375,1,2013352,0,0,0,-77.0648,-49.6375,1,0,0,0,0,0
-77.0648,-49.6375,1,2013353,0,0,0,-77.0648,-49.6375,1,0,0,0,0,0
-77.0648,-49.6375,1,2013354,-77.05,-50.2,1,-77.0648,-49.6375,1,0,0,0,14,7
-77.0648,-49.6375,1,2013355,0,0,0,-77.0648,-49.6375,1,0,0,0,0,0
-77.0648,-49.6375,1,2013356,0,0,0,-77.0648,-49.6375,1,0,0,0,0,0
-77.0648,-49.6375,1,2013357,0,0,0,-77.0648,-49.6375,1,0,0,0,0,0
-77.0648,-49.6375,1,2013358,0,0,0,-77.0648,-49.6375,1,0,0,0,0,0
-77.0648,-49.6375,1,2013359,0,0,0,-77.0648,-49.6375,1,0,0,0,0,0
-77.0648,-49.6375,1,2013360,0,0,0,-77.0648,-49.6375,1,0,0,0,0,0
-77.0648,-49.6375,1,2013361,0,0,0,-77.0648,-49.6375,1,0,0,0,0,0
-77.0648,-49.6375,1,2013362,0,0,0,-77.0648,-49.6375,1,0,0,0,0,0
-77.0648,-49.6375,1,2013363,0,0,0,-77.0648,-49.6375,1,0,0,0,0,0
-77.0648,-49.6375,1,2013364,0,0,0,-77.0648,-49.6375,1,0,0,0,0,0
-77.0648,-49.6375,0,2013365,0,0,0,-77.0648,-49.6375,0,0,0,0,0,0
-77.0648,-49.6375,0,2014001,0,0,0,-77.0648,-49.6375,0,0,0,0,0,0
-77.0648,-49.6375,0,2014002,0,0,0,-77.0648,-49.6375,0,0,0,0,0,0
-77.0648,-49.6375,1,2014003,-77.05,-50.2,1,-77.0648,-49.6375,1,0,0,0,14,7
-77.0648,-49.6375,1,2014004,-77.0375,-50.1546,0,-77.0648,-49.6375,1,0,0,0,0,0
-76.8998,-49.8896,1,2014005,-77.0045,-50.0374,0,-76.8998,-49.8896,1,0,0,0,0,0
-76.8453,-49.7416,1,2014006,-76.9575,-49.8773,0,-76.8453,-49.7416,1,0,0,0,0,0
-76.8139,-49.7164,1,2014007,-76.903,-49.7027,0,-76.8139,-49.7164,1,0,0,0,0,0
-76.795,-49.5142,1,2014008,-76.8476,-49.5426,0,-76.795,-49.5142,1,0,0,0,0,0
-76.7771,-49.2863,1,2014009,-76.7977,-49.4254,0,-76.7771,-49.2863,1,0,0,0,0,0
-76.7231,-49.3657,1,2014010,-76.76,-49.38,1,-76.7231,-49.3657,1,0,0,0,14,7
-76.7396,-49.2978,1,2014011,-76.7301,-49.38,0,-76.7396,-49.2978,1,0,0,0,0,0
-76.7312,-49.3292,1,2014012,-76.7003,-49.38,0,-76.7312,-49.3292,1,0,0,0,0,0
-76.6938,-49.414,1,2014013,-76.6719,-49.38,0,-76.6938,-49.414,1,0,0,0,0,0
-76.6499,-49.4611,1,2014014,-76.6463,-49.38,0,-76.6499,-49.4611,1,0,0,0,0,0
-76.6155,-49.4186,1,2014015,-76.6249,-49.38,0,-76.6155,-49.4186,1,0,0,0,0,0
-76.6026,-49.3508,1,2014016,-76.609,-49.38,0,-76.6026,-49.3508,1,0,0,0,0,0
-76.6016,-49.3487,1,2014017,-76.6,-49.38,1,-76.6016,-49.3487,1,0,0,0,14,7
-76.6049,-49.4999,1,2014018,-76.5952,-49.3781,0,-76.6049,-49.4999,1,0,0,0,0,0
-76.628,-49.4753,1,2014019,-76.5909,-49.3726,0,-76.628,-49.4753,1,0,0,0,0,0
-76.5839,-49.535,1,2014020,-76.5872,-49.364,0,-76.5839,-49.535,1,0,0,0,0,0
-76.5764,-49.5564,1,2014021,-76.5841,-49.353,0,-76.5764,-49.5564,1,0,0,0,0,0
-76.5787,-49.4616,1,2014022,-76.5819,-49.34,0,-76.5787,-49.4616,1,0,0,0,0,0
-76.5745,-49.3065,1,2014023,-76.5805,-49.3255,0,-76.5745,-49.3065,1,0,0,0,0,0
-76.5728,-49.305,1,2014024,-76.58,-49.31,1,-76.5728,-49.305,1,0,0,0,14,7
-76.5809,-49.2751,1,2014025,-76.5817,-49.2915,0,-76.5809,-49.2751,1,0,0,0,0,0
-76.5889,-49.2451,1,2014026,-76.5859,-49.2673,0,-76.5889,-49.2451,1,0,0,0,0,0
-76.5979,-49.156,1,2014027,-76.5918,-49.237,0,-76.5979,-49.156,1,0,0,0,0,0
-76.589,-49.1891,1,2014028,-76.5982,-49.2005,0,-76.589,-49.1891,1,0,0,0,0,0
-76.5817,-49.2161,1,2014029,-76.6041,-49.1573,0,-76.5817,-49.2161,1,0,0,0,0,0
-76.5931,-49.062,1,2014030,-76.6083,-49.1073,0,-76.5931,-49.062,1,0,0,0,0,0
-76.5879,-48.9006,0,2014031,-76.61,-49.05,1,-76.5879,-48.9006,0,0,0,0,14,7
-76.5755,-48.737,0,2014032,-76.6084,-48.9393,0,-76.5755,-48.737,0,0,0,0,0,0
-76.5607,-48.5659,0,2014033,-76.604,-48.7519,0,-76.5607,-48.5659,0,0,0,0,0,0
-76.5483,-48.382,0,2014034,-76.5973,-48.5219,0,-76.5483,-48.382,0,0,0,0,0,0
-76.5431,-48.1799,1,2014035,-76.589,-48.2836,0,-76.5431,-48.1799,1,0,0,0,0,0
-76.5438,-47.9346,1,2014036,-76.5796,-48.071,0,-76.5438,-47.9346,1,0,0,0,0,0
-76.52,-47.6297,1,2014037,-76.5698,-47.9185,0,-76.52,-47.6297,1,0,0,0,0,0
-76.496,-47.5248,1,2014038,-76.56,-47.86,1,-76.496,-47.5248,1,0,0,0,14,7
-76.4777,-47.6003,0,2014039,-76.5483,-47.8611,0,-76.4777,-47.6003,0,0,0,0,0,0
-76.4685,-47.7228,1,2014040,-76.5331,-47.864,0,-76.4685,-47.7228,1,0,0,0,0,0
-76.5033,-47.8129,1,2014041,-76.5162,-47.8679,0,-76.5033,-47.8129,1,0,0,0,0,0
-76.5099,-48.0523,1,2014042,-76.4988,-47.8721,0,-76.5099,-48.0523,1,0,0,0,0,0
-76.4585,-47.9316,1,2014043,-76.4827,-47.876,0,-76.4585,-47.9316,1,0,0,0,0,0
-76.4541,-47.7703,1,2014044,-76.4692,-47.8789,0,-76.4541,-47.7703,1,0,0,0,0,0
-76.452,-47.7662,1,2014045,-76.46,-47.88,1,-76.452,-47.7662,1,0,0,0,14,7
-76.432,-48.0087,1,2014046,-76.454,-47.878,0,-76.432,-48.0087,1,0,0,0,0,0
-76.4505,-47.9437,1,2014047,-76.4491,-47.8722,0,-76.4505,-47.9437,1,0,0,0,0,0
-76.4434,-47.922,1,2014048,-76.4449,-47.8629,0,-76.4434,-47.922,1,0,0,0,0,0
-76.4241,-47.825,1,2014049,-76.4412,-47.8507,0,-76.4241,-47.825,1,0,0,0,0,0
-76.4341,-47.9455,1,2014050,-76.4376,-47.8359,0,-76.4341,-47.9455,1,0,0,0,0,0
-76.4452,-47.5217,1,2014051,-76.434,-47.8189,0,-76.4452,-47.5217,1,0,0,0,0,0
-76.4416,-47.4615,1,2014052,-76.43,-47.8,1,-76.4416,-47.4615,1,0,0,0,14,7
-76.4721,-47.3357,1,2014053,-76.4252,-47.7584,0,-76.4721,-47.3357,1,0,0,0,0,0
-76.3941,-47.2532,1,2014054,-76.4197,-47.6828,0,-76.3941,-47.2532,1,0,0,0,0,0
-76.3463,-47.0893,1,2014055,-76.414,-47.5879,0,-76.3463,-47.0893,1,0,0,0,0,0
-76.3112,-46.9274,0,2014056,-76.4087,-47.4884,0,-76.3112,-46.9274,0,0,0,0,0,0
-76.2936,-46.8378,1,2014057,-76.4042,-47.3991,0,-76.2936,-46.8378,1,0,0,0,0,0
-76.3034,-46.8818,1,2014058,-76.4011,-47.3347,0,-76.3034,-46.8818,1,0,0,0,0,0
-76.4484,-47.4039,1,2014059,-76.4,-47.31,1,-76.4484,-47.4039,1,0,0,0,14,7
-76.4642,-47.7283,1,2014060,-76.4017,-47.3248,0,-76.4642,-47.7283,1,0,0,0,0,0
-76.3846,-47.8384,0,2014061,-76.4059,-47.367,0,0,0,0,0,0,0,0,0
-76.305,-47.9385,1,2014062,-76.4118,-47.4328,0,0,0,0,0,0,0,0,0
-76.3326,-48.1601,1,2014063,-76.4182,-47.5186,0,0,0,0,0,0,0,0,0
-76.3434,-48.1598,1,2014064,-76.4241,-47.6208,0,0,0,0,0,0,0,0,0
-76.3669,-48.3332,1,2014065,-76.4283,-47.7358,0,0,0,0,0,0,0,0,0
-76.3631,-48.3154,1,2014066,-76.43,-47.86,1,0,0,0,0,0,0,14,7
-76.4218,-48.4089,1,2014067,-76.4273,-48.085,0,0,0,0,0,0,0,0,0
-76.467,-48.6794,1,2014068,-76.4199,-48.46,0,0,0,0,0,0,0,0,0
-76.4619,-48.844,1,2014069,-76.4092,-48.9177,0,0,0,0,0,0,0,0,0
-76.4176,-49.599,1,2014070,-76.3966,-49.3909,0,0,0,0,0,0,0,0,0
-76.3632,-49.9497,0,2014071,-76.3833,-49.8122,0,0,0,0,0,0,0,0,0
-76.3308,-50.1543,1,2014072,-76.3707,-50.1143,0,0,0,0,0,0,0,0,0
-76.3435,-50.2508,1,2014073,-76.36,-50.23,1,0,0,0,0,0,0,14,7
-76.2809,-50.3183,1,2014074,-76.3513,-50.2256,0,0,0,0,0,0,0,0,0
-76.2809,-50.3183,1,2014075,-76.3434,-50.2141,0,0,0,0,0,0,0,0,0
-76.2654,-50.4536,1,2014076,-76.3357,-50.1985,0,0,0,0,0,0,0,0,0
-76.2414,-50.4058,1,2014077,-76.328,-50.1815,0,0,0,0,0,0,0,0,0
-76.1839,-50.4346,1,2014078,-76.3198,-50.1659,0,0,0,0,0,0,0,0,0
-76.1938,-50.4312,1,2014079,-76.3106,-50.1544,0,0,0,0,0,0,0,0,0
-76.2202,-50.3089,1,2014080,-76.3,-50.15,1,0,0,0,0,0,0,14,7
-76.228,-50.3158,0,2014081,-76.285,-50.15,0,0,0,0,0,0,0,0,0
-76.231,-50.3346,1,2014082,-76.2645,-50.15,0,0,0,0,0,0,0,0,0
-76.2235,-50.4083,1,2014083,-76.2416,-50.15,0,0,0,0,0,0,0,0,0
-76.1928,-50.3786,0,2014084,-76.2188,-50.15,0,0,0,0,0,0,0,0,0
-76.1677,-50.3489,1,2014085,-76.1991,-50.15,0,0,0,0,0,0,0,0,0
-76.1863,-50.3583,1,2014086,-76.1852,-50.15,0,0,0,0,0,0,0,0,0
-76.2176,-50.4464,1,2014087,-76.18,-50.15,1,0,0,0,0,0,0,14,7
-76.1702,-50.4871,1,2014088,-76.1811,-50.1478,0,0,0,0,0,0,0,0,0
-76.202,-50.3529,1,2014089,-76.184,-50.1421,0,0,0,0,0,0,0,0,0
-76.2082,-50.2602,0,2014090,-76.1879,-50.1343,0,0,0,0,0,0,0,0,0
-76.2135,-50.2148,1,2014091,-76.1921,-50.1257,0,0,0,0,0,0,0,0,0
-76.229,-50.3082,1,2014092,-76.196,-50.1179,0,0,0,0,0,0,0,0,0
-76.2244,-50.4958,1,2014093,-76.1989,-50.1122,0,0,0,0,0,0,0,0,0
-76.1817,-50.5454,1,2014094,-76.2,-50.11,1,0,0,0,0,0,0,14,7
-76.1275,-50.5365,1,2014095,-76.1984,-50.1166,0,0,0,0,0,0,0,0,0
-76.1203,-50.3911,1,2014096,-76.194,-50.1355,0,0,0,0,0,0,0,0,0
-76.1132,-50.4891,1,2014097,-76.1873,-50.1652,0,0,0,0,0,0,0,0,0
-76.1145,-50.3622,1,2014098,-76.179,-50.204,0,0,0,0,0,0,0,0,0
-76.1116,-50.3483,1,2014099,-76.1696,-50.2504,0,0,0,0,0,0,0,0,0
-76.179,-50.5557,1,2014100,-76.1598,-50.3029,0,0,0,0,0,0,0,0,0
-76.2175,-50.6179,1,2014101,-76.15,-50.36,1,0,0,0,0,0,0,14,7
-76.183,-50.7111,1,2014102,-76.1398,-50.468,0,0,0,0,0,0,0,0,0
-76.1346,-50.7307,1,2014103,-76.1281,-50.652,0,0,0,0,0,0,0,0,0
-76.0947,-50.7941,1,2014104,-76.1151,-50.8781,0,0,0,0,0,0,0,0,0
-76.0702,-51.0698,1,2014105,-76.1007,-51.1127,0,0,0,0,0,0,0,0,0
-76.0687,-51.1947,1,2014106,-76.085,-51.3221,0,0,0,0,0,0,0,0,0
-76.082,-51.5342,1,2014107,-76.0681,-51.4724,0,0,0,0,0,0,0,0,0
-76.0492,-51.4978,1,2014108,-76.05,-51.53,1,0,0,0,0,0,0,14,7
-75.9708,-51.4941,1,2014109,-76.0263,-51.5067,0,0,0,0,0,0,0,0,0
-75.992,-51.0668,1,2014110,-75.995,-51.4467,0,0,0,0,0,0,0,0,0
-75.9491,-51.1152,1,2014111,-75.9601,-51.3647,0,0,0,0,0,0,0,0,0
-75.8451,-50.9842,1,2014112,-75.9253,-51.2753,0,0,0,0,0,0,0,0,0
-75.8069,-50.9221,1,2014113,-75.8945,-51.1933,0,0,0,0,0,0,0,0,0
-75.8069,-50.9221,1,2014114,-75.8715,-51.1333,0,0,0,0,0,0,0,0,0
-75.8077,-51.3215,1,2014115,-75.86,-51.11,1,0,0,0,0,0,0,14,7
-75.845,-51.2454,1,2014116,0,0,0,0,0,0,0,0,0,0,0
-75.845,-51.2454,1,2014117,0,0,0,0,0,0,0,0,0,0,0
-75.8619,-51.332,1,2014118,0,0,0,0,0,0,0,0,0,0,0
-75.8431,-51.3691,1,2014119,0,0,0,0,0,0,0,0,0,0,0
-75.846,-51.3838,1,2014120,0,0,0,0,0,0,0,0,0,0,0
-75.859,-51.3173,1,2014121,0,0,0,0,0,0,0,0,0,0,0
-75.89,-51.4764,1,2014122,0,0,0,0,0,0,0,0,0,0,0
-75.9394,-51.5979,1,2014123,0,0,0,0,0,0,0,0,0,0,0
-75.9039,-51.7836,1,2014124,0,0,0,0,0,0,0,0,0,0,0
-75.8857,-51.8894,1,2014125,0,0,0,0,0,0,0,0,0,0,0
-75.878,-51.9839,1,2014126,0,0,0,0,0,0,0,0,0,0,0
-75.8565,-52.0057,1,2014127,0,0,0,0,0,0,0,0,0,0,0
-75.8319,-51.9442,1,2014128,0,0,0,0,0,0,0,0,0,0,0
-75.873,-52.0239,1,2014129,-75.83,-51.95,1,0,0,0,0,0,0,14,7
-75.8732,-52.0931,1,2014130,-75.8242,-51.9978,0,0,0,0,0,0,0,0,0
-75.8953,-52.2098,1,2014131,-75.8151,-52.0462,0,0,0,0,0,0,0,0,0
-75.9256,-52.3706,1,2014132,-75.803,-52.0931,0,0,0,0,0,0,0,0,0
-75.8933,-52.4716,1,2014133,-75.7881,-52.1369,0,0,0,0,0,0,0,0,0
-75.8503,-52.4592,0,2014134,-75.7708,-52.1755,0,0,0,0,0,0,0,0,0
-75.7973,-52.4282,0,2014135,-75.7514,-52.2072,0,0,0,0,0,0,0,0,0
-75.7422,-52.3879,0,2014136,-75.73,-52.23,1,0,0,0,0,0,0,14,7
-75.6929,-52.3476,0,2014137,-75.6984,-52.2475,0,0,0,0,0,0,0,0,0
-75.6576,-52.3166,0,2014138,-75.6518,-52.264,0,0,0,0,0,0,0,0,0
-75.644,-52.3042,1,2014139,-75.5954,-52.2789,0,0,0,0,0,0,0,0,0
-75.6502,-52.3331,1,2014140,-75.5347,-52.2916,0,0,0,0,0,0,0,0,0
-75.6049,-52.5648,1,2014141,-75.475,-52.3014,0,0,0,0,0,0,0,0,0
-75.4942,-52.6531,1,2014142,-75.4216,-52.3077,0,0,0,0,0,0,0,0,0
-75.4021,-52.4381,1,2014143,-75.38,-52.31,1,0,0,0,0,0,0,14,7
-75.3859,-52.3536,1,2014144,-75.3451,-52.2979,0,0,0,0,0,0,0,0,0
-75.2699,-52.415,1,2014145,-75.3097,-52.2659,0,0,0,0,0,0,0,0,0
-75.2694,-52.2157,1,2014146,-75.2759,-52.2203,0,0,0,0,0,0,0,0,0
-75.2366,-52.1147,1,2014147,-75.2459,-52.1675,0,0,0,0,0,0,0,0,0
-75.2366,-52.1147,1,2014148,-75.2218,-52.114,0,0,0,0,0,0,0,0,0
-75.1699,-52.2955,1,2014149,-75.2058,-52.066,0,0,0,0,0,0,0,0,0
-75.1695,-52.1632,1,2014150,-75.2,-52.03,1,0,0,0,0,0,0,14,7
-75.2243,-52.3763,1,2014151,-75.2017,-52.0055,0,0,0,0,0,0,0,0,0
-75.2397,-52.1947,1,2014152,-75.2059,-51.9862,0,0,0,0,0,0,0,0,0
-75.2394,-52.129,1,2014153,-75.2118,-51.9696,0,0,0,0,0,0,0,0,0
-75.2468,-51.972,1,2014154,-75.2182,-51.9531,0,0,0,0,0,0,0,0,0
-75.2367,-52.1156,1,2014155,-75.2241,-51.9344,0,0,0,0,0,0,0,0,0
-75.2253,-51.9931,1,2014156,-75.2283,-51.9108,0,0,0,0,0,0,0,0,0
-75.2194,-51.8995,1,2014157,-75.23,-51.88,1,0,0,0,0,0,0,14,7
-75.1927,-51.9595,1,2014158,-75.2217,-51.8153,0,0,0,0,0,0,0,0,0
-75.1927,-51.9595,1,2014159,-75.2003,-51.7052,0,0,0,0,0,0,0,0,0
-75.1721,-51.6645,1,2014160,-75.171,-51.5699,0,0,0,0,0,0,0,0,0
-75.1278,-51.5108,1,2014161,-75.139,-51.4296,0,0,0,0,0,0,0,0,0
-75.1316,-51.2757,1,2014162,-75.1097,-51.3044,0,0,0,0,0,0,0,0,0
-75.149,-51.4242,1,2014163,-75.0883,-51.2145,0,0,0,0,0,0,0,0,0
-75.149,-51.4242,1,2014164,-75.08,-51.18,1,0,0,0,0,0,0,14,7
-75.1686,-51.5201,1,2014165,0,0,0,0,0,0,0,0,0,0,0
-75.1139,-51.4425,1,2014166,0,0,0,0,0,0,0,0,0,0,0
-75.091,-51.2676,1,2014167,0,0,0,0,0,0,0,0,0,0,0
-75.1192,-51.0905,1,2014168,0,0,0,0,0,0,0,0,0,0,0
-75.0729,-51.3698,1,2014169,0,0,0,0,0,0,0,0,0,0,0
-75.0375,-51.3226,1,2014170,0,0,0,0,0,0,0,0,0,0,0
-75.0968,-51.2953,1,2014171,0,0,0,0,0,0,0,0,0,0,0
-75.1485,-51.7395,1,2014172,0,0,0,0,0,0,0,0,0,0,0
-75.1739,-52.706,1,2014173,0,0,0,0,0,0,0,0,0,0,0
-75.1823,-53.2737,1,2014174,0,0,0,0,0,0,0,0,0,0,0
-75.2768,-52.9721,1,2014175,0,0,0,0,0,0,0,0,0,0,0
-75.2547,-52.7272,1,2014176,0,0,0,0,0,0,0,0,0,0,0
-75.2766,-52.8406,1,2014177,0,0,0,0,0,0,0,0,0,0,0
-75.2766,-52.8406,1,2014178,-75.25,-52.75,1,0,0,0,0,0,0,14,7
-75.2766,-52.8406,1,2014179,-75.2606,-52.7836,0,0,0,0,0,0,0,0,0
-75.3226,-52.9478,1,2014180,-75.272,-52.8087,0,0,0,0,0,0,0,0,0
-75.3226,-52.9478,1,2014181,-75.2833,-52.8287,0,0,0,0,0,0,0,0,0
-75.3252,-53.0951,1,2014182,-75.2936,-52.8473,0,0,0,0,0,0,0,0,0
-75.3387,-53.2991,1,2014183,-75.3021,-52.868,0,0,0,0,0,0,0,0,0
-75.2951,-53.5368,1,2014184,-75.3079,-52.8943,0,0,0,0,0,0,0,0,0
-75.2112,-53.6254,1,2014185,-75.31,-52.93,1,0,0,0,0,0,0,14,7
-75.1739,-53.4929,1,2014186,-75.3026,-53.002,0,0,0,0,0,0,0,0,0
-75.1929,-53.4603,1,2014187,-75.283,-53.121,0,0,0,0,0,0,0,0,0
-75.2382,-53.7678,1,2014188,-75.2555,-53.2658,0,0,0,0,0,0,0,0,0
-75.1644,-53.9775,1,2014189,-75.2243,-53.4153,0,0,0,0,0,0,0,0,0
-75.2055,-53.8604,1,2014190,-75.1935,-53.5482,0,0,0,0,0,0,0,0,0
-75.2328,-53.7384,1,2014191,-75.1674,-53.6435,0,0,0,0,0,0,0,0,0
-75.1869,-53.6954,1,2014192,-75.15,-53.68,1,0,0,0,0,0,0,14,7
-75.271,-53.6067,1,2014193,0,0,0,0,0,0,0,0,0,0,0
-75.2486,-53.8244,1,2014194,0,0,0,0,0,0,0,0,0,0,0
-75.1679,-53.7277,1,2014195,0,0,0,0,0,0,0,0,0,0,0
-75.1677,-53.86,1,2014196,0,0,0,0,0,0,0,0,0,0,0
-75.1207,-54.1445,1,2014197,0,0,0,0,0,0,0,0,0,0,0
-75.1372,-54.0978,1,2014198,0,0,0,0,0,0,0,0,0,0,0
-74.9811,-53.9334,1,2014199,0,0,0,0,0,0,0,0,0,0,0
-74.9197,-53.8715,1,2014200,0,0,0,0,0,0,0,0,0,0,0
-74.9175,-53.728,1,2014201,0,0,0,0,0,0,0,0,0,0,0
-74.9933,-53.6647,1,2014202,0,0,0,0,0,0,0,0,0,0,0
-75.0114,-53.8932,1,2014203,0,0,0,0,0,0,0,0,0,0,0
-75.0088,-53.8133,1,2014204,0,0,0,0,0,0,0,0,0,0,0
-74.96,-53.8868,1,2014205,0,0,0,0,0,0,0,0,0,0,0
-74.9278,-53.8486,1,2014206,-75.05,-53.66,1,0,0,0,0,0,0,14,7
-74.8132,-53.5754,1,2014207,-74.9991,-53.6126,0,0,0,0,0,0,0,0,0
-74.8132,-53.5754,1,2014208,-74.8915,-53.4939,0,0,0,0,0,0,0,0,0
-74.6969,-53.5607,1,2014209,-74.7503,-53.3296,0,0,0,0,0,0,0,0,0
-74.638,-53.3878,1,2014210,-74.5984,-53.1453,0,0,0,0,0,0,0,0,0
-74.4873,-53.011,1,2014211,-74.4591,-52.9668,0,0,0,0,0,0,0,0,0
-74.3876,-52.8316,1,2014212,-74.3552,-52.8198,0,0,0,0,0,0,0,0,0
-74.3419,-52.7938,1,2014213,-74.31,-52.73,1,0,0,0,0,0,0,14,7
-74.3419,-52.7938,1,2014214,-74.3023,-52.6786,0,0,0,0,0,0,0,0,0
-74.3365,-52.705,1,2014215,-74.2956,-52.6306,0,0,0,0,0,0,0,0,0
-74.3365,-52.705,1,2014216,-74.2901,-52.5879,0,0,0,0,0,0,0,0,0
-74.3365,-52.705,1,2014217,-74.2858,-52.5518,0,0,0,0,0,0,0,0,0
-74.3365,-52.705,1,2014218,-74.2826,-52.5241,0,0,0,0,0,0,0,0,0
-74.2822,-52.5036,1,2014219,-74.2807,-52.5063,0,0,0,0,0,0,0,0,0
-74.2822,-52.5036,1,2014220,-74.28,-52.5,1,0,0,0,0,0,0,14,7
-74.2822,-52.5036,1,2014221,-74.2955,-52.5044,0,0,0,0,0,0,0,0,0
-74.1802,-52.6253,1,2014222,-74.3355,-52.5159,0,0,0,0,0,0,0,0,0
-74.1802,-52.6253,1,2014223,-74.3902,-52.5315,0,0,0,0,0,0,0,0,0
-74.1802,-52.6253,1,2014224,-74.4498,-52.5485,0,0,0,0,0,0,0,0,0
-74.1802,-52.6253,1,2014225,-74.5045,-52.5641,0,0,0,0,0,0,0,0,0
-74.1802,-52.6253,1,2014226,-74.5445,-52.5756,0,0,0,0,0,0,0,0,0
-74.1285,-52.377,1,2014227,-74.56,-52.58,1,0,0,0,0,0,0,14,7
-74.121,-52.5232,1,2014228,-74.5281,-52.5451,0,0,0,0,0,0,0,0,0
-74.121,-52.5232,1,2014229,-74.4452,-52.4551,0,0,0,0,0,0,0,0,0
-74.0138,-52.0185,1,2014230,-74.3302,-52.332,0,0,0,0,0,0,0,0,0
-74.0138,-52.0185,1,2014231,-74.2021,-52.198,0,0,0,0,0,0,0,0,0
-74.0138,-52.0185,1,2014232,-74.0801,-52.0749,0,0,0,0,0,0,0,0,0
-73.9386,-52.0265,1,2014233,-73.983,-51.9849,0,0,0,0,0,0,0,0,0
-73.9386,-52.0265,1,2014234,-73.93,-51.95,1,0,0,0,0,0,0,14,7
-73.9386,-52.0265,1,2014235,-73.9091,-51.9627,0,0,0,0,0,0,0,0,0
-73.9386,-52.0265,1,2014236,-73.8942,-51.9956,0,0,0,0,0,0,0,0,0
-73.9115,-51.9594,1,2014237,-73.883,-52.0405,0,0,0,0,0,0,0,0,0
-74.0382,-51.952,1,2014238,-73.8733,-52.0895,0,0,0,0,0,0,0,0,0
-73.9981,-52.0647,1,2014239,-73.8627,-52.1344,0,0,0,0,0,0,0,0,0
-73.802,-52.1636,1,2014240,-73.849,-52.1673,0,0,0,0,0,0,0,0,0
-73.6723,-51.9776,1,2014241,-73.83,-52.18,1,0,0,0,0,0,0,14,7
-73.5596,-51.9884,1,2014242,-73.7963,-52.1706,0,0,0,0,0,0,0,0,0
-73.4682,-51.9796,1,2014243,-73.7449,-52.1449,0,0,0,0,0,0,0,0,0
-73.4464,-51.8806,1,2014244,-73.6825,-52.1069,0,0,0,0,0,0,0,0,0
-73.4464,-51.8806,1,2014245,-73.616,-52.0604,0,0,0,0,0,0,0,0,0
-73.4468,-51.9399,1,2014246,-73.5522,-52.0095,0,0,0,0,0,0,0,0,0
-73.4468,-51.9399,1,2014247,-73.4979,-51.9581,0,0,0,0,0,0,0,0,0
-73.4131,-51.7324,1,2014248,-73.46,-51.91,1,0,0,0,0,0,0,14,7
-73.4131,-51.7324,1,2014249,-73.4326,-51.8558,0,0,0,0,0,0,0,0,0
-73.4131,-51.7324,1,2014250,-73.4062,-51.7886,0,0,0,0,0,0,0,0,0
-73.3594,-51.7219,1,2014251,-73.3819,-51.7163,0,0,0,0,0,0,0,0,0
-73.3424,-51.5897,1,2014252,-73.361,-51.6464,0,0,0,0,0,0,0,0,0
-73.3596,-51.7222,1,2014253,-73.3446,-51.5869,0,0,0,0,0,0,0,0,0
-73.3596,-51.7222,1,2014254,-73.3338,-51.5455,0,0,0,0,0,0,0,0,0
-73.3219,-51.6998,0,2014255,-73.33,-51.53,1,0,0,0,0,0,0,14,7
-73.2841,-51.6774,1,2014256,-73.33,-51.5405,0,0,0,0,0,0,0,0,0
-73.2841,-51.6774,1,2014257,-73.33,-51.5689,0,0,0,0,0,0,0,0,0
-73.2922,-51.6091,1,2014258,-73.33,-51.6103,0,0,0,0,0,0,0,0,0
-73.2922,-51.6091,1,2014259,-73.33,-51.6599,0,0,0,0,0,0,0,0,0
-73.2922,-51.6091,1,2014260,-73.33,-51.713,0,0,0,0,0,0,0,0,0
-73.3262,-52.0435,1,2014261,-73.33,-51.7646,0,0,0,0,0,0,0,0,0
-73.2936,-52.2687,1,2014262,-73.33,-51.81,1,0,0,0,0,0,0,14,7
-73.1858,-52.3844,1,2014263,-73.3284,-51.851,0,0,0,0,0,0,0,0,0
-73.2139,-52.3949,1,2014264,-73.3238,-51.8924,0,0,0,0,0,0,0,0,0
-73.2135,-52.441,1,2014265,-73.3162,-51.9341,0,0,0,0,0,0,0,0,0
-73.2135,-52.441,1,2014266,-73.3059,-51.9759,0,0,0,0,0,0,0,0,0
-73.287,-52.2893,1,2014267,-73.293,-52.0176,0,0,0,0,0,0,0,0,0
-73.2401,-51.9434,1,2014268,-73.2776,-52.059,0,0,0,0,0,0,0,0,0
-73.1793,-52.1174,0,2014269,-73.26,-52.1,1,0,0,0,0,0,0,14,7
-73.1028,-52.4489,0,2014270,-73.1909,-52.1417,0,0,0,0,0,0,0,0,0
-72.9998,-52.6526,1,2014271,-73.0427,-52.1847,0,0,0,0,0,0,0,0,0
-72.8138,-52.6808,1,2014272,-72.8481,-52.2279,0,0,0,0,0,0,0,0,0
-72.6589,-52.733,1,2014273,-72.6399,-52.2701,0,0,0,0,0,0,0,0,0
-72.3363,-52.6036,1,2014274,-72.4506,-52.3103,0,0,0,0,0,0,0,0,0
-72.3266,-52.4798,1,2014275,-72.3131,-52.3473,0,0,0,0,0,0,0,0,0
-72.4298,-52.586,1,2014276,-72.26,-52.38,1,0,0,0,0,0,0,14,7
-72.4298,-52.586,1,2014277,-72.2639,-52.409,0,0,0,0,0,0,0,0,0
-72.4298,-52.586,1,2014278,-72.2739,-52.436,0,0,0,0,0,0,0,0,0
-72.4298,-52.586,1,2014279,-72.2876,-52.4611,0,0,0,0,0,0,0,0,0
-72.2979,-52.674,1,2014280,-72.3024,-52.4847,0,0,0,0,0,0,0,0,0
-72.2979,-52.674,1,2014281,-72.3161,-52.5072,0,0,0,0,0,0,0,0,0
-72.3156,-52.5851,1,2014282,-72.3261,-52.5288,0,0,0,0,0,0,0,0,0
-72.2235,-52.652,1,2014283,-72.33,-52.55,1,0,0,0,0,0,0,14,7
-72.1632,-52.5557,1,2014284,-72.3189,-52.5727,0,0,0,0,0,0,0,0,0
-72.0833,-52.3869,1,2014285,-72.2903,-52.5972,0,0,0,0,0,0,0,0,0
-72.1082,-52.4826,1,2014286,-72.2513,-52.6218,0,0,0,0,0,0,0,0,0
-72.1428,-52.7646,1,2014287,-72.2087,-52.6443,0,0,0,0,0,0,0,0,0
-72.0535,-52.8682,1,2014288,-72.1697,-52.6628,0,0,0,0,0,0,0,0,0
-72.0535,-52.8682,0,2014289,-72.1411,-52.6754,0,0,0,0,0,0,0,0,0
-72.0535,-52.8682,1,2014290,-72.13,-52.68,1,0,0,0,0,0,0,14,7
-72.04,-52.6571,1,2014291,-72.1305,-52.6457,0,0,0,0,0,0,0,0,0
-72.0228,-52.8175,1,2014292,-72.1319,-52.5571,0,0,0,0,0,0,0,0,0
-72.0228,-52.8175,1,2014293,-72.1342,-52.436,0,0,0,0,0,0,0,0,0
-72.1545,-52.2472,1,2014294,-72.1373,-52.304,0,0,0,0,0,0,0,0,0
-72.1371,-52.0435,1,2014295,-72.141,-52.1829,0,0,0,0,0,0,0,0,0
-72.1371,-52.0435,1,2014296,-72.1453,-52.0943,0,0,0,0,0,0,0,0,0
-72.1371,-52.0435,1,2014297,-72.15,-52.06,1,0,0,0,0,0,0,14,7
-72.2176,-52.1233,1,2014298,-72.1608,-52.1121,0,0,0,0,0,0,0,0,0
-72.2908,-52.3528,1,2014299,-72.1808,-52.2464,0,0,0,0,0,0,0,0,0
-72.2908,-52.3528,1,2014300,-72.206,-52.43,0,0,0,0,0,0,0,0,0
-72.3592,-52.9661,1,2014301,-72.2325,-52.63,0,0,0,0,0,0,0,0,0
-72.3592,-52.9661,1,2014302,-72.2562,-52.8136,0,0,0,0,0,0,0,0,0
-72.3592,-52.9661,1,2014303,-72.2734,-52.9479,0,0,0,0,0,0,0,0,0
-72.3082,-53.1007,1,2014304,-72.28,-53,1,0,0,0,0,0,0,14,7
-72.2417,-53.0199,1,2014305,-72.28,-53,0,0,0,0,0,0,0,0,0
-72.3435,-53.1345,1,2014306,-72.28,-53,0,0,0,0,0,0,0,0,0
-72.3559,-53.3934,1,2014307,-72.28,-53,0,0,0,0,0,0,0,0,0
-72.3283,-53.5861,1,2014308,-72.28,-53,0,0,0,0,0,0,0,0,0
-72.214,-53.66,1,2014309,-72.28,-53,0,0,0,0,0,0,0,0,0
-72.0759,-53.628,1,2014310,-72.28,-53,0,0,0,0,0,0,0,0,0
-72.0759,-53.628,1,2014311,-72.28,-53,1,0,0,0,0,0,0,14,7
-72.1791,-53.4568,1,2014312,-72.2788,-52.9784,0,0,0,0,0,0,0,0,0
-72.1791,-53.4568,1,2014313,-72.2752,-52.9227,0,0,0,0,0,0,0,0,0
-72.2496,-53.2447,1,2014314,-72.2696,-52.8465,0,0,0,0,0,0,0,0,0
-72.2496,-53.2447,1,2014315,-72.262,-52.7635,0,0,0,0,0,0,0,0,0
-72.2826,-53.0414,1,2014316,-72.2528,-52.6873,0,0,0,0,0,0,0,0,0
-72.277,-53.2099,0,2014317,-72.242,-52.6316,0,0,0,0,0,0,0,0,0
-72.2607,-53.3785,1,2014318,-72.23,-52.61,1,0,0,0,0,0,0,14,7
-72.1687,-53.3221,1,2014319,-72.2096,-52.6413,0,0,0,0,0,0,0,0,0
-72.1687,-53.3221,1,2014320,-72.175,-52.7284,0,0,0,0,0,0,0,0,0
-72.054,-53.395,1,2014321,-72.1278,-52.8613,0,0,0,0,0,0,0,0,0
-72.0264,-53.6198,1,2014322,-72.07,-53.03,0,0,0,0,0,0,0,0,0
-71.9637,-53.3721,1,2014323,-72.0032,-53.2244,0,0,0,0,0,0,0,0,0
-71.8707,-53.5114,1,2014324,-71.9293,-53.4344,0,0,0,0,0,0,0,0,0
-71.81,-53.7716,1,2014325,-71.85,-53.65,1,0,0,0,0,0,0,14,7
-71.7558,-54.0956,1,2014326,0,0,0,0,0,0,0,0,0,0,0
-71.691,-54.2462,1,2014327,0,0,0,0,0,0,0,0,0,0,0
-71.6841,-54.3786,1,2014328,0,0,0,0,0,0,0,0,0,0,0
-71.6423,-54.0485,1,2014329,0,0,0,0,0,0,0,0,0,0,0
-71.5927,-54.1576,1,2014330,0,0,0,0,0,0,0,0,0,0,0
-71.5927,-54.1576,1,2014331,0,0,0,0,0,0,0,0,0,0,0
-71.6575,-53.9698,1,2014332,0,0,0,0,0,0,0,0,0,0,0
-71.6575,-53.9698,1,2014333,0,0,0,0,0,0,0,0,0,0,0
-71.5219,-54.5138,1,2014334,0,0,0,0,0,0,0,0,0,0,0
-71.1557,-54.7172,1,2014335,0,0,0,0,0,0,0,0,0,0,0
-71.1557,-54.7172,1,2014336,0,0,0,0,0,0,0,0,0,0,0
-71.0423,-54.995,1,2014337,0,0,0,0,0,0,0,0,0,0,0
-70.843,-55.2002,1,2014338,0,0,0,0,0,0,0,0,0,0,0
-68.9521,-60.009,1,2014339,-68.83,-60.48,1,0,0,0,0,0,0,14,7
-69.3394,-60.1616,1,2014340,-68.9685,-60.0652,0,0,0,0,0,0,0,0,0
-69.3394,-60.1616,1,2014341,-69.3148,-59.0281,0,0,0,0,0,0,0,0,0
-69.1387,-60.0462,1,2014342,-69.765,-57.68,0,0,0,0,0,0,0,0,0
-69.7016,-57.373,0,2014343,-70.2152,-56.3319,0,0,0,0,0,0,0,0,0
-70.2644,-54.8002,1,2014344,-70.5615,-55.2948,0,0,0,0,0,0,0,0,0
-70.2644,-54.8002,1,2014345,-70.7,-54.88,1,0,0,0,0,0,0,14,7
-70.3036,-54.9575,0,2014346,-70.6943,-54.9035,0,0,0,0,0,0,0,0,0
-70.3906,-55.257,1,2014347,-70.679,-54.9673,0,0,0,0,0,0,0,0,0
-70.5533,-55.6111,1,2014348,-70.6566,-55.0617,0,0,0,0,0,0,0,0,0
-70.5533,-55.6111,1,2014349,-70.6298,-55.1769,0,0,0,0,0,0,0,0,0
-70.4988,-55.6586,1,2014350,-70.6011,-55.3032,0,0,0,0,0,0,0,0,0
-70.4988,-55.6586,1,2014351,-70.5732,-55.4306,0,0,0,0,0,0,0,0,0
-70.4988,-55.6586,1,2014352,-70.5486,-55.5495,0,0,0,0,0,0,0,0,0
-70.5279,-55.776,1,2014353,-70.53,-55.65,1,0,0,0,0,0,0,14,7
-70.4924,-55.7091,1,2014354,-70.5171,-55.7463,0,0,0,0,0,0,0,0,0
-70.5146,-55.6619,1,2014355,-70.5069,-55.8529,0,0,0,0,0,0,0,0,0
-70.4408,-55.7055,1,2014356,-70.4981,-55.9606,0,0,0,0,0,0,0,0,0
-70.4799,-55.7666,1,2014357,-70.4894,-56.0604,0,0,0,0,0,0,0,0,0
-70.4285,-55.9082,1,2014358,-70.4794,-56.1429,0,0,0,0,0,0,0,0,0
-70.3519,-56.309,1,2014359,-70.4667,-56.1992,0,0,0,0,0,0,0,0,0
-70.2943,-56.1102,1,2014360,-70.45,-56.22,1,0,0,0,0,0,0,14,7
-70.2774,-56.0698,1,2014361,-70.4181,-56.1972,0,0,0,0,0,0,0,0,0
-70.2786,-56.0305,1,2014362,-70.3651,-56.1376,0,0,0,0,0,0,0,0,0
-70.1554,-55.8901,1,2014363,-70.2973,-56.0546,0,0,0,0,0,0,0,0,0
-70.1148,-56.0005,1,2014364,-70.2211,-55.9615,0,0,0,0,0,0,0,0,0
-70.122,-56.0212,1,2014365,-70.1429,-55.8719,0,0,0,0,0,0,0,0,0
-70.1333,-56.0704,1,2015001,-70.0356,-55.7728,0,0,0,0,0,0,0,0,0
-70.0019,-55.808,1,2015002,-69.98,-55.75,1,0,0,0,0,0,0,14,7
-69.9857,-55.9025,1,2015003,-69.9346,-55.7544,0,0,0,0,0,0,0,0,0
-69.7061,-55.3521,1,2015004,-69.8916,-55.7659,0,0,0,0,0,0,0,0,0
-69.633,-55.4832,1,2015005,-69.8512,-55.7815,0,0,0,0,0,0,0,0,0
-69.707,-55.9888,1,2015006,-69.8136,-55.7985,0,0,0,0,0,0,0,0,0
-69.6866,-55.9344,1,2015007,-69.7791,-55.8141,0,0,0,0,0,0,0,0,0
-69.5898,-55.814,1,2015008,-69.7478,-55.8256,0,0,0,0,0,0,0,0,0
-69.5898,-55.814,1,2015009,-69.72,-55.83,1,0,0,0,0,0,0,14,7
-69.562,-55.8984,1,2015010,-69.6969,-55.8213,0,0,0,0,0,0,0,0,0
-69.5135,-55.6859,1,2015011,-69.6782,-55.7982,0,0,0,0,0,0,0,0,0
-69.6594,-56.2191,1,2015012,-69.662,-55.765,0,0,0,0,0,0,0,0,0
-69.3646,-55.37,1,2015013,-69.646,-55.7262,0,0,0,0,0,0,0,0,0
-69.3625,-55.427,1,2015014,-69.6284,-55.6861,0,0,0,0,0,0,0,0,0
-69.2784,-55.3218,1,2015015,-69.6071,-55.6493,0,0,0,0,0,0,0,0,0
-69.2784,-55.3218,0,2015016,-69.58,-55.62,1,0,0,0,0,0,0,14,7
-69.2784,-55.3218,0,2015017,-69.5346,-55.5982,0,0,0,0,0,0,0,0,0
-69.2784,-55.3218,0,2015018,-69.4663,-55.5797,0,0,0,0,0,0,0,0,0
-69.2784,-55.3218,0,2015019,-69.3847,-55.5629,0,0,0,0,0,0,0,0,0
-69.2784,-55.3218,0,2015020,-69.2996,-55.5461,0,0,0,0,0,0,0,0,0
-69.2784,-55.3218,0,2015021,-69.2206,-55.5278,0,0,0,0,0,0,0,0,0
-69.2784,-55.3218,1,2015022,-69.1575,-55.5063,0,0,0,0,0,0,0,0,0
-69.0332,-55.4248,1,2015023,-69.12,-55.48,1,0,0,0,0,0,0,14,7
-69.1163,-55.4642,0,2015024,-69.0992,-55.4375,0,0,0,0,0,0,0,0,0
-69.2705,-55.4905,0,2015025,-69.0802,-55.3748,0,0,0,0,0,0,0,0,0
-69.3536,-55.5,1,2015026,-69.0635,-55.3018,0,0,0,0,0,0,0,0,0
-69.2952,-55.3905,1,2015027,-69.0496,-55.2281,0,0,0,0,0,0,0,0,0
-69.3297,-55.5235,1,2015028,-69.0391,-55.1634,0,0,0,0,0,0,0,0,0
-69.4142,-55.5937,1,2015029,-69.0324,-55.1175,0,0,0,0,0,0,0,0,0
-69.4065,-55.6506,1,2015030,-69.03,-55.1,1,0,0,0,0,0,0,14,7
-69.3913,-55.5785,1,2015031,-69.0355,-55.1427,0,0,0,0,0,0,0,0,0
-69.4437,-55.7128,1,2015032,-69.0498,-55.2527,0,0,0,0,0,0,0,0,0
-69.396,-56.1118,1,2015033,-69.0694,-55.4031,0,0,0,0,0,0,0,0,0
-69.133,-55.5764,1,2015034,-69.0906,-55.5669,0,0,0,0,0,0,0,0,0
-68.9733,-55.638,1,2015035,-69.1102,-55.7173,0,0,0,0,0,0,0,0,0
-68.9707,-55.6747,1,2015036,-69.1245,-55.8273,0,0,0,0,0,0,0,0,0
-68.9661,-55.6978,0,2015037,-69.13,-55.87,1,0,0,0,0,0,0,14,7
-68.9594,-55.7195,0,2015038,-69.1206,-55.8669,0,0,0,0,0,0,0,0,0
-68.9513,-55.7388,0,2015039,-69.0957,-55.8586,0,0,0,0,0,0,0,0,0
-68.9424,-55.7551,0,2015040,-69.0606,-55.8469,0,0,0,0,0,0,0,0,0
-68.9331,-55.7677,0,2015041,-69.0203,-55.8334,0,0,0,0,0,0,0,0,0
-68.9241,-55.7758,0,2015042,-68.98,-55.82,0,0,0,0,0,0,0,0,0
-68.9159,-55.7787,1,2015043,-68.9449,-55.8083,0,0,0,0,0,0,0,0,0
-68.9096,-55.7654,0,2015044,-68.92,-55.8,1,0,0,0,0,0,0,14,7
-68.9047,-55.7337,0,2015045,-68.9039,-55.7939,0,0,0,0,0,0,0,0,0
-68.8992,-55.6958,0,2015046,-68.8908,-55.7879,0,0,0,0,0,0,0,0,0
-68.8911,-55.6641,0,2015047,-68.8795,-55.7823,0,0,0,0,0,0,0,0,0
-68.8786,-55.6508,1,2015048,-68.869,-55.7774,0,0,0,0,0,0,0,0,0
-68.8304,-55.904,1,2015049,-68.858,-55.7735,0,0,0,0,0,0,0,0,0
-68.8252,-55.8152,0,2015050,-68.8454,-55.7709,0,0,0,0,0,0,0,0,0
-68.8211,-55.7265,1,2015051,-68.83,-55.77,1,0,0,0,0,0,0,14,7
-68.8034,-55.7357,0,2015052,-68.8117,-55.7735,0,0,0,0,0,0,0,0,0
-68.7701,-55.7585,0,2015053,-68.7909,-55.7833,0,0,0,0,0,0,0,0,0
-68.7296,-55.7883,0,2015054,-68.7678,-55.7979,0,0,0,0,0,0,0,0,0
-68.6903,-55.8181,0,2015055,-68.7421,-55.8162,0,0,0,0,0,0,0,0,0
-68.6606,-55.8409,0,2015056,-68.714,-55.8368,0,0,0,0,0,0,0,0,0
-68.6488,-55.8501,1,2015057,-68.6833,-55.8585,0,0,0,0,0,0,0,0,0
-68.6488,-55.8501,1,2015058,-68.65,-55.88,1,0,0,0,0,0,0,14,7
-68.6394,-55.9314,1,2015059,-68.6051,-55.9076,0,0,0,0,0,0,0,0,0
-68.6463,-55.9186,1,2015060,-68.5446,-55.945,0,0,0,0,0,0,0,0,0
-68.637,-55.9222,0,2015061,-68.4763,-55.9871,0,0,0,0,0,0,0,0,0
-68.6113,-55.9322,0,2015062,-68.408,-56.0288,0,0,0,0,0,0,0,0,0
-68.573,-55.9471,0,2015063,-68.3473,-56.0649,0,0,0,0,0,0,0,0,0
-68.5257,-55.9655,0,2015064,-68.3021,-56.0904,0,0,0,0,0,0,0,0,0
-68.4729,-55.986,0,2015065,-68.28,-56.1,1,0,0,0,0,0,0,14,7
-68.4184,-56.0073,0,2015066,-68.2735,-56.0992,0,0,0,0,0,0,0,0,0
-68.3656,-56.0278,0,2015067,-68.2693,-56.0968,0,0,0,0,0,0,0,0,0
-68.3183,-56.0462,0,2015068,-68.2664,-56.0931,0,0,0,0,0,0,0,0,0
-68.28,-56.0611,0,2015069,-68.2639,-56.0884,0,0,0,0,0,0,0,0,0
-68.2543,-56.0711,0,2015070,-68.261,-56.0828,0,0,0,0,0,0,0,0,0
-68.245,-56.0747,1,2015071,-68.2566,-56.0766,0,0,0,0,0,0,0,0,0
-68.245,-56.0747,1,2015072,-68.25,-56.07,1,0,0,0,0,0,0,14,7
-68.1692,-56.1747,1,2015073,-68.2232,-56.0621,0,0,0,0,0,0,0,0,0
-68.1692,-56.1747,1,2015074,-68.165,-56.0517,0,0,0,0,0,0,0,0,0
-68.098,-56.1008,0,2015075,-68.0849,-56.0387,0,0,0,0,0,0,0,0,0
-67.9414,-55.9381,0,2015076,-67.992,-56.0232,0,0,0,0,0,0,0,0,0
-67.7847,-55.7754,0,2015077,-67.8957,-56.0049,0,0,0,0,0,0,0,0,0
-67.7135,-55.7015,1,2015078,-67.8053,-55.9839,0,0,0,0,0,0,0,0,0
-67.7258,-56.0414,1,2015079,-67.73,-55.96,1,0,0,0,0,0,0,14,7
-67.7242,-56.0537,0,2015080,-67.665,-55.9226,0,0,0,0,0,0,0,0,0
-67.719,-56.0613,0,2015081,-67.6003,-55.8653,0,0,0,0,0,0,0,0,0
-67.7099,-56.0651,0,2015082,-67.5373,-55.7944,0,0,0,0,0,0,0,0,0
-67.6965,-56.0661,1,2015083,-67.4773,-55.7162,0,0,0,0,0,0,0,0,0
-67.5241,-55.8135,0,2015084,-67.4218,-55.6369,0,0,0,0,0,0,0,0,0
-67.337,-55.5593,1,2015085,-67.3722,-55.5627,0,0,0,0,0,0,0,0,0
-67.2981,-55.5567,0,2015086,-67.33,-55.5,1,0,0,0,0,0,0,0,0
-67.273,-55.5552,0,2015087,-67.2958,-55.4414,0,0,0,0,0,0,0,0,0
-67.2641,-55.5547,1,2015088,-67.2677,-55.3786,0,0,0,0,0,0,0,0,0
-67.2641,-55.5547,1,2015089,-67.2432,-55.3163,0,0,0,0,0,0,0,0,0
-67.2601,-55.4949,0,2015090,-67.2197,-55.2595,0,0,0,0,0,0,0,0,0
-67.2483,-55.3666,1,2015091,-67.1947,-55.213,0,0,0,0,0,0,0,0,0
-67.1783,-55.1515,1,2015092,-67.1657,-55.1816,0,0,0,0,0,0,0,0,0
-67.1042,-55.1639,0,2015093,-67.13,-55.17,1,0,0,0,0,0,0,14,7
-67.0246,-55.1959,0,2015094,-67.0796,-55.18,0,0,0,0,0,0,0,0,0
-66.9436,-55.2397,0,2015095,-67.0126,-55.2057,0,0,0,0,0,0,0,0,0
-66.8654,-55.2873,0,2015096,-66.936,-55.2408,0,0,0,0,0,0,0,0,0
-66.7942,-55.3311,0,2015097,-66.8565,-55.2792,0,0,0,0,0,0,0,0,0
-66.7341,-55.3631,0,2015098,-66.7811,-55.3143,0,0,0,0,0,0,0,0,0
-66.6893,-55.3755,1,2015099,-66.7167,-55.34,0,0,0,0,0,0,0,0,0
-66.6579,-55.37,0,2015100,-66.67,-55.35,1,0,0,0,0,0,0,14,7
-66.6334,-55.3536,0,2015101,-66.6373,-55.3401,0,0,0,0,0,0,0,0,0
-66.6136,-55.3266,0,2015102,-66.6094,-55.3127,0,0,0,0,0,0,0,0,0
-66.596,-55.2893,0,2015103,-66.5851,-55.2711,0,0,0,0,0,0,0,0,0
-66.5783,-55.2419,0,2015104,-66.5632,-55.2187,0,0,0,0,0,0,0,0,0
-66.558,-55.1847,0,2015105,-66.5425,-55.1588,0,0,0,0,0,0,0,0,0
-66.5327,-55.118,0,2015106,-66.5218,-55.0948,0,0,0,0,0,0,0,0,0
-66.5001,-55.0421,1,2015107,-66.5,-55.03,1,0,0,0,0,0,0,14,7
-66.4445,-54.8641,1,2015108,-66.4785,-54.952,0,0,0,0,0,0,0,0,0
-66.4445,-54.8641,1,2015109,-66.4589,-54.8513,0,0,0,0,0,0,0,0,0
-66.2532,-54.7472,1,2015110,-66.4401,-54.7358,0,0,0,0,0,0,0,0,0
-66.5203,-54.7064,1,2015111,-66.4209,-54.6131,0,0,0,0,0,0,0,0,0
-66.5203,-54.7064,1,2015112,-66.4002,-54.491,0,0,0,0,0,0,0,0,0
-66.4235,-54.5807,1,2015113,-66.377,-54.3774,0,0,0,0,0,0,0,0,0
-66.4235,-54.5807,1,2015114,-66.35,-54.28,1,0,0,0,0,0,0,14,7
-66.3648,-54.6721,1,2015115,-66.3149,-54.188,0,0,0,0,0,0,0,0,0
-66.3883,-54.9254,1,2015116,-66.2702,-54.0904,0,0,0,0,0,0,0,0,0
-66.4411,-55.1133,1,2015117,-66.2197,-53.9943,0,0,0,0,0,0,0,0,0
-66.3835,-55.0794,1,2015118,-66.1668,-53.907,0,0,0,0,0,0,0,0,0
-66.461,-55.0113,1,2015119,-66.1151,-53.8357,0,0,0,0,0,0,0,0,0
-66.4704,-54.8736,1,2015120,-66.0683,-53.7876,0,0,0,0,0,0,0,0,0
-66.1328,-53.5015,1,2015121,-66.03,-53.77,1,0,0,0,0,0,0,14,7
-66.0469,-53.4616,1,2015122,-65.999,-53.8021,0,0,0,0,0,0,0,0,0
-66.0932,-53.8206,1,2015123,-65.9712,-53.885,0,0,0,0,0,0,0,0,0
-66.0932,-53.8206,1,2015124,-65.9458,-53.9983,0,0,0,0,0,0,0,0,0
-66.0577,-54.217,1,2015125,-65.9219,-54.1217,0,0,0,0,0,0,0,0,0
-65.9706,-54.2507,1,2015126,-65.8985,-54.235,0,0,0,0,0,0,0,0,0
-65.9151,-54.3091,1,2015127,-65.8748,-54.3179,0,0,0,0,0,0,0,0,0
-65.792,-54.3172,1,2015128,-65.85,-54.35,1,0,0,0,0,0,0,14,7
-65.7486,-54.2344,1,2015129,-65.8256,-54.3471,0,0,0,0,0,0,0,0,0
-65.6718,-54.2235,1,2015130,-65.803,-54.3395,0,0,0,0,0,0,0,0,0
-65.5818,-54.3286,1,2015131,-65.7808,-54.3286,0,0,0,0,0,0,0,0,0
-65.5818,-54.3286,1,2015132,-65.7577,-54.3157,0,0,0,0,0,0,0,0,0
-65.5818,-54.3286,1,2015133,-65.7324,-54.3024,0,0,0,0,0,0,0,0,0
-65.6397,-54.1232,1,2015134,-65.7036,-54.29,0,0,0,0,0,0,0,0,0
-65.6397,-54.1232,1,2015135,-65.67,-54.28,1,0,0,0,0,0,0,14,7
-65.539,-54.1558,1,2015136,-65.6266,-54.2711,0,0,0,0,0,0,0,0,0
-65.4758,-54.2269,1,2015137,-65.5715,-54.2616,0,0,0,0,0,0,0,0,0
-65.4758,-54.2269,1,2015138,-65.5078,-54.2522,0,0,0,0,0,0,0,0,0
-65.4016,-54.1613,1,2015139,-65.4386,-54.2436,0,0,0,0,0,0,0,0,0
-65.4016,-54.1613,0,2015140,-65.3672,-54.2365,0,0,0,0,0,0,0,0,0
-65.4016,-54.1613,1,2015141,-65.2966,-54.2317,0,0,0,0,0,0,0,0,0
-65.4016,-54.1613,1,2015142,-65.23,-54.23,1,0,0,0,0,0,0,14,7
-65.4016,-54.1613,1,2015143,-65.1682,-54.2438,0,0,0,0,0,0,0,0,0
-65.2369,-54.3807,1,2015144,-65.1087,-54.2796,0,0,0,0,0,0,0,0,0
-65.0729,-54.3894,1,2015145,-65.0497,-54.3284,0,0,0,0,0,0,0,0,0
-64.9075,-54.595,1,2015146,-64.9891,-54.3816,0,0,0,0,0,0,0,0,0
-64.8161,-54.5876,0,2015147,-64.9253,-54.4304,0,0,0,0,0,0,0,0,0
-64.7401,-54.5677,0,2015148,-64.8562,-54.4662,0,0,0,0,0,0,0,0,0
-64.6794,-54.5383,0,2015149,-64.78,-54.48,1,0,0,0,0,0,0,14,7
-64.6336,-54.5026,0,2015150,-64.684,-54.4627,0,0,0,0,0,0,0,0,0
-64.6027,-54.4637,1,2015151,-64.5647,-54.4156,0,0,0,0,0,0,0,0,0
-64.5857,-54.406,1,2015152,-64.4338,-54.3453,0,0,0,0,0,0,0,0,0
-64.5252,-54.4446,1,2015153,-64.3031,-54.2587,0,0,0,0,0,0,0,0,0
-64.3371,-54.4211,1,2015154,-64.1843,-54.1628,0,0,0,0,0,0,0,0,0
-64.1266,-54.018,1,2015155,-64.0894,-54.0643,0,0,0,0,0,0,0,0,0
-64.1227,-53.8908,1,2015156,-64.03,-53.97,1,0,0,0,0,0,0,14,7
-64.1227,-53.8908,1,2015157,-63.9975,-53.8596,0,0,0,0,0,0,0,0,0
-64.1227,-53.8908,1,2015158,-63.9733,-53.7191,0,0,0,0,0,0,0,0,0
-64.1227,-53.8908,1,2015159,-63.9544,-53.5653,0,0,0,0,0,0,0,0,0
-64.1006,-53.5947,1,2015160,-63.9377,-53.4148,0,0,0,0,0,0,0,0,0
-63.8474,-52.678,1,2015161,-63.9201,-53.2843,0,0,0,0,0,0,0,0,0
-63.9924,-53.2254,1,2015162,-63.8986,-53.1905,0,0,0,0,0,0,0,0,0
-63.8588,-53.1911,1,2015163,-63.87,-53.15,1,0,0,0,0,0,0,14,7
-63.8044,-53.0625,1,2015164,-63.8329,-53.1423,0,0,0,0,0,0,0,0,0
-63.6844,-52.9966,1,2015165,-63.7879,-53.1356,0,0,0,0,0,0,0,0,0
-63.4476,-53.0922,1,2015166,-63.7352,-53.1301,0,0,0,0,0,0,0,0,0
-63.4476,-53.0922,1,2015167,-63.675,-53.1257,0,0,0,0,0,0,0,0,0
-63.3385,-52.9122,1,2015168,-63.6072,-53.1226,0,0,0,0,0,0,0,0,0
-63.0813,-53.0541,1,2015169,-63.5322,-53.1206,0,0,0,0,0,0,0,0,0
-63.3213,-53.2567,1,2015170,-63.45,-53.12,1,0,0,0,0,0,0,14,7
-63.3213,-53.2567,0,2015171,-63.338,-53.1699,0,0,0,0,0,0,0,0,0
-63.3213,-53.2567,1,2015172,-63.185,-53.2984,0,0,0,0,0,0,0,0,0
-63.3213,-53.2567,1,2015173,-63.0079,-53.4742,0,0,0,0,0,0,0,0,0
-63.3213,-53.2567,1,2015174,-62.8238,-53.6658,0,0,0,0,0,0,0,0,0
-63.3213,-53.2567,1,2015175,-62.6497,-53.8416,0,0,0,0,0,0,0,0,0
-63.2632,-53.4116,1,2015176,-62.5028,-53.9701,0,0,0,0,0,0,0,0,0
-63.2632,-53.4116,1,2015177,-62.4,-54.02,1,0,0,0,0,0,0,14,7
-63.4314,-53.7717,1,2015178,-62.333,-54.0106,0,0,0,0,0,0,0,0,0
-63.4314,-53.7717,1,2015179,-62.279,-53.9863,0,0,0,0,0,0,0,0,0
-63.4314,-53.7717,1,2015180,-62.2337,-53.9531,0,0,0,0,0,0,0,0,0
-63.4314,-53.7717,1,2015181,-62.1925,-53.9169,0,0,0,0,0,0,0,0,0
-63.4314,-53.7717,1,2015182,-62.1511,-53.8837,0,0,0,0,0,0,0,0,0
-63.3982,-53.4877,1,2015183,-62.1051,-53.8594,0,0,0,0,0,0,0,0,0
-63.3982,-53.4877,1,2015184,-62.05,-53.85,1,0,0,0,0,0,0,14,7
-62.6857,-53.3936,1,2015185,-61.9781,-53.8889,0,0,0,0,0,0,0,0,0
-62.6857,-53.3936,1,2015186,-61.8901,-53.9894,0,0,0,0,0,0,0,0,0
-62.3641,-53.7573,1,2015187,-61.7943,-54.1273,0,0,0,0,0,0,0,0,0
-62.3641,-53.7573,1,2015188,-61.6991,-54.2786,0,0,0,0,0,0,0,0,0
-62.3641,-53.7573,1,2015189,-61.6128,-54.4189,0,0,0,0,0,0,0,0,0
-62.2601,-53.276,1,2015190,-61.5437,-54.5241,0,0,0,0,0,0,0,0,0
-61.5426,-54.3006,1,2015191,-61.5,-54.57,1,0,0,0,0,0,0,14,7
-61.5835,-54.5172,1,2015192,-61.4753,-54.5777,0,0,0,0,0,0,0,0,0
-61.5835,-54.5172,1,2015193,-61.4564,-54.5843,0,0,0,0,0,0,0,0,0
-61.5835,-54.5172,1,2015194,-61.4412,-54.5899,0,0,0,0,0,0,0,0,0
-61.5835,-54.5172,1,2015195,-61.4279,-54.5942,0,0,0,0,0,0,0,0,0
-61.5835,-54.5172,1,2015196,-61.4145,-54.5974,0,0,0,0,0,0,0,0,0
-61.6287,-54.6156,1,2015197,-61.3992,-54.5993,0,0,0,0,0,0,0,0,0
-61.6287,-54.6156,1,2015198,-61.38,-54.6,1,0,0,0,0,0,0,14,7
-61.6485,-54.6743,1,2015199,0,0,0,0,0,0,0,0,0,0,0
-61.6485,-54.6743,1,2015200,0,0,0,0,0,0,0,0,0,0,0
-61.4652,-54.3832,0,2015201,0,0,0,0,0,0,0,0,0,0,0
-61.2818,-54.0921,1,2015202,0,0,0,0,0,0,0,0,0,0,0
-61.2818,-54.0921,1,2015203,0,0,0,0,0,0,0,0,0,0,0
-61.2365,-54.1314,1,2015204,0,0,0,0,0,0,0,0,0,0,0
-61.2365,-54.1314,1,2015205,0,0,0,0,0,0,0,0,0,0,0
-61.2365,-54.1314,1,2015206,0,0,0,0,0,0,0,0,0,0,0
-61.0491,-54.3123,1,2015207,0,0,0,0,0,0,0,0,0,0,0
-60.9958,-54.2603,1,2015208,0,0,0,0,0,0,0,0,0,0,0
-60.9958,-54.2603,1,2015209,0,0,0,0,0,0,0,0,0,0,0
-60.9958,-54.2603,1,2015210,0,0,0,0,0,0,0,0,0,0,0
-60.9091,-54.421,1,2015211,0,0,0,0,0,0,0,0,0,0,0
-60.9158,-54.3027,1,2015212,-60.92,-54.33,1,0,0,0,0,0,0,14,7
-60.8511,-54.3223,1,2015213,-60.9021,-54.32,0,0,0,0,0,0,0,0,0
-60.8511,-54.3223,1,2015214,-60.8842,-54.3122,0,0,0,0,0,0,0,0,0
-60.8511,-54.3223,1,2015215,-60.8673,-54.3055,0,0,0,0,0,0,0,0,0
-60.8511,-54.3223,1,2015216,-60.8525,-54.299,0,0,0,0,0,0,0,0,0
-60.838,-54.3526,1,2015217,-60.8406,-54.2916,0,0,0,0,0,0,0,0,0
-60.8438,-54.3007,1,2015218,-60.8328,-54.2822,0,0,0,0,0,0,0,0,0
-60.7794,-54.2872,1,2015219,-60.83,-54.27,1,0,0,0,0,0,0,14,7
-60.7794,-54.2872,1,2015220,-60.8311,-54.248,0,0,0,0,0,0,0,0,0
-60.8593,-54.3107,1,2015221,-60.834,-54.2131,0,0,0,0,0,0,0,0,0
-60.8505,-54.1171,1,2015222,-60.8379,-54.1696,0,0,0,0,0,0,0,0,0
-60.8337,-53.9686,1,2015223,-60.8421,-54.1221,0,0,0,0,0,0,0,0,0
-60.8337,-53.9686,1,2015224,-60.846,-54.0751,0,0,0,0,0,0,0,0,0
-60.8337,-53.9686,1,2015225,-60.8489,-54.0329,0,0,0,0,0,0,0,0,0
-60.8576,-53.868,1,2015226,-60.85,-54,1,0,0,0,0,0,0,14,7
-60.8312,-53.9622,1,2015227,0,0,0,0,0,0,0,0,0,0,0
-60.7873,-53.9729,1,2015228,0,0,0,0,0,0,0,0,0,0,0
-60.8571,-53.9869,0,2015229,0,0,0,0,0,0,0,0,0,0,0
-61.0108,-54.003,0,2015230,0,0,0,0,0,0,0,0,0,0,0
-61.2342,-54.0219,1,2015232,0,0,0,0,0,0,0,0,0,0,0
-60.5309,-53.7246,1,2015233,0,0,0,0,0,0,0,0,0,0,0
-60.5309,-53.7246,1,2015234,0,0,0,0,0,0,0,0,0,0,0
-60.0169,-53.0707,1,2015235,0,0,0,0,0,0,0,0,0,0,0
-60.3629,-53.3245,1,2015236,0,0,0,0,0,0,0,0,0,0,0
-60.2827,-53.762,1,2015237,0,0,0,0,0,0,0,0,0,0,0
-60.1725,-53.7857,1,2015238,0,0,0,0,0,0,0,0,0,0,0
-60.1725,-53.7857,1,2015239,0,0,0,0,0,0,0,0,0,0,0
-60.0672,-53.7257,1,2015240,-60.17,-53.73,1,0,0,0,0,0,0,14,7
-60.0909,-53.5944,1,2015241,0,0,0,0,0,0,0,0,0,0,0
-60.0416,-53.5479,1,2015242,0,0,0,0,0,0,0,0,0,0,0
-60.0363,-53.5548,1,2015243,0,0,0,0,0,0,0,0,0,0,0
-60.0363,-53.5548,1,2015244,0,0,0,0,0,0,0,0,0,0,0
-60.0877,-53.2889,1,2015245,0,0,0,0,0,0,0,0,0,0,0
-60.0877,-53.2889,1,2015246,0,0,0,0,0,0,0,0,0,0,0
-60.0877,-53.2889,0,2015247,0,0,0,0,0,0,0,0,0,0,0
-60.0877,-53.2889,0,2015248,0,0,0,0,0,0,0,0,0,0,0
-60.0877,-53.2889,1,2015249,0,0,0,0,0,0,0,0,0,0,0
-60.0877,-53.2889,1,2015250,0,0,0,0,0,0,0,0,0,0,0
-60.0877,-53.2889,1,2015251,0,0,0,0,0,0,0,0,0,0,0
-60.0877,-53.2889,0,2015252,0,0,0,0,0,0,0,0,0,0,0
-60.0877,-53.2889,1,2015253,0,0,0,0,0,0,0,0,0,0,0
-60.0877,-53.2889,1,2015254,0,0,0,0,0,0,0,0,0,0,0
-60.0494,-53.3915,1,2015255,0,0,0,0,0,0,0,0,0,0,0
-60.0087,-53.3572,1,2015256,0,0,0,0,0,0,0,0,0,0,0
-60.0087,-53.3572,0,2015257,0,0,0,0,0,0,0,0,0,0,0
-60.0087,-53.3572,0,2015258,0,0,0,0,0,0,0,0,0,0,0
-60.0087,-53.3572,1,2015259,0,0,0,0,0,0,0,0,0,0,0
-60.0851,-53.6929,1,2015260,0,0,0,0,0,0,0,0,0,0,0
-60.1303,-53.7019,1,2015261,0,0,0,0,0,0,0,0,0,0,0
-60.0764,-53.7121,1,2015262,0,0,0,0,0,0,0,0,0,0,0
-60.0764,-53.7121,1,2015263,0,0,0,0,0,0,0,0,0,0,0
-60.0764,-53.7121,1,2015264,0,0,0,0,0,0,0,0,0,0,0
-60.0764,-53.7121,1,2015265,0,0,0,0,0,0,0,0,0,0,0
-60.0764,-53.7121,1,2015266,0,0,0,0,0,0,0,0,0,0,0
-60.0764,-53.7121,1,2015267,0,0,0,0,0,0,0,0,0,0,0
-60.0764,-53.7121,1,2015268,0,0,0,0,0,0,0,0,0,0,0
-60.0764,-53.7121,1,2015269,0,0,0,0,0,0,0,0,0,0,0
-60.0764,-53.7121,1,2015270,0,0,0,0,0,0,0,0,0,0,0
-60.0764,-53.7121,1,2015271,0,0,0,0,0,0,0,0,0,0,0
-60.0764,-53.7121,1,2015272,0,0,0,0,0,0,0,0,0,0,0
-60.0764,-53.7121,1,2015273,0,0,0,0,0,0,0,0,0,0,0
-60.0764,-53.7121,1,2015274,0,0,0,0,0,0,0,0,0,0,0
-60.0764,-53.7121,1,2015275,0,0,0,0,0,0,0,0,0,0,0
-60.0764,-53.7121,1,2015276,0,0,0,0,0,0,0,0,0,0,0
-60.0764,-53.7121,1,2015277,0,0,0,0,0,0,0,0,0,0,0
-60.0764,-53.7121,1,2015278,0,0,0,0,0,0,0,0,0,0,0
-59.2995,-50.8566,1,2015279,0,0,0,0,0,0,0,0,0,0,0
-59.3543,-50.8909,1,2015280,0,0,0,0,0,0,0,0,0,0,0
-59.2935,-50.8848,1,2015281,0,0,0,0,0,0,0,0,0,0,0
-59.1876,-50.9812,1,2015282,0,0,0,0,0,0,0,0,0,0,0
-59.3006,-50.7301,1,2015283,0,0,0,0,0,0,0,0,0,0,0
-59.1876,-50.9812,1,2015284,0,0,0,0,0,0,0,0,0,0,0
-59.3006,-50.7301,1,2015285,0,0,0,0,0,0,0,0,0,0,0
-58.8462,-50.8949,1,2015286,0,0,0,0,0,0,0,0,0,0,0
-58.8462,-50.8949,1,2015287,0,0,0,0,0,0,0,0,0,0,0
-58.8462,-50.8949,1,2015288,0,0,0,0,0,0,0,0,0,0,0
-58.8274,-50.755,1,2015289,0,0,0,0,0,0,0,0,0,0,0
-58.8274,-50.755,1,2015290,0,0,0,0,0,0,0,0,0,0,0
-58.8274,-50.755,1,2015291,0,0,0,0,0,0,0,0,0,0,0
-58.8274,-50.755,0,2015292,0,0,0,0,0,0,0,0,0,0,0
-58.8274,-50.755,1,2015293,0,0,0,0,0,0,0,0,0,0,0
-58.8274,-50.755,1,2015294,0,0,0,0,0,0,0,0,0,0,0
-58.931,-48.2104,1,2015295,0,0,0,0,0,0,0,0,0,0,0
-58.9255,-47.7297,1,2015296,0,0,0,0,0,0,0,0,0,0,0
-58.862,-47.2629,1,2015297,0,0,0,0,0,0,0,0,0,0,0
-58.862,-47.2629,1,2015298,0,0,0,0,0,0,0,0,0,0,0
-58.862,-47.2629,1,2015299,0,0,0,0,0,0,0,0,0,0,0
-58.8095,-46.9324,1,2015300,0,0,0,0,0,0,0,0,0,0,0
-58.8335,-46.5355,1,2015301,0,0,0,0,0,0,0,0,0,0,0
-58.8653,-46.147,1,2015302,0,0,0,0,0,0,0,0,0,0,0
-58.7616,-45.6938,1,2015303,0,0,0,0,0,0,0,0,0,0,0
-58.7616,-45.6938,1,2015304,0,0,0,0,0,0,0,0,0,0,0
-59.0427,-45.2762,1,2015305,0,0,0,0,0,0,0,0,0,0,0
-59.16,-45.2615,1,2015306,0,0,0,0,0,0,0,0,0,0,0
-59.16,-45.2615,1,2015307,0,0,0,0,0,0,0,0,0,0,0
-59.308,-45.2392,1,2015308,0,0,0,0,0,0,0,0,0,0,0
-59.4111,-45.2503,1,2015309,0,0,0,0,0,0,0,0,0,0,0
-59.4111,-45.2503,1,2015310,0,0,0,0,0,0,0,0,0,0,0
-59.6406,-45.3128,1,2015311,0,0,0,0,0,0,0,0,0,0,0
-59.6952,-45.1964,1,2015312,0,0,0,0,0,0,0,0,0,0,0
-59.6527,-45.16,0,2015313,0,0,0,0,0,0,0,0,0,0,0
-59.6101,-45.1459,1,2015314,0,0,0,0,0,0,0,0,0,0,0
-59.6101,-45.1459,1,2015315,0,0,0,0,0,0,0,0,0,0,0
-59.6488,-45.0736,1,2015316,0,0,0,0,0,0,0,0,0,0,0
-59.6488,-45.0736,1,2015317,0,0,0,0,0,0,0,0,0,0,0
-59.6488,-45.0736,1,2015318,0,0,0,0,0,0,0,0,0,0,0
-59.6488,-45.0736,1,2015319,0,0,0,0,0,0,0,0,0,0,0
-59.694,-44.9022,1,2015320,0,0,0,0,0,0,0,0,0,0,0
-59.694,-44.9022,1,2015321,0,0,0,0,0,0,0,0,0,0,0
-59.557,-44.8972,0,2015322,0,0,0,0,0,0,0,0,0,0,0
-59.2556,-44.8863,0,2015323,0,0,0,0,0,0,0,0,0,0,0
-58.9542,-44.8755,0,2015324,0,0,0,0,0,0,0,0,0,0,0
-58.8172,-44.8705,1,2015325,0,0,0,0,0,0,0,0,0,0,0
-58.8172,-44.8705,1,2015326,0,0,0,0,0,0,0,0,0,0,0
-58.8172,-44.8705,1,2015327,0,0,0,0,0,0,0,0,0,0,0
-58.8472,-44.0651,1,2015328,0,0,0,0,0,0,0,0,0,0,0
-58.8472,-44.0651,1,2015329,0,0,0,0,0,0,0,0,0,0,0
-58.8472,-44.0651,1,2015330,0,0,0,0,0,0,0,0,0,0,0
-58.8472,-44.0651,1,2015331,0,0,0,0,0,0,0,0,0,0,0
-58.8472,-44.0651,1,2015332,0,0,0,0,0,0,0,0,0,0,0
-58.8472,-44.0651,1,2015333,0,0,0,0,0,0,0,0,0,0,0
-58.6841,-43.9203,1,2015334,0,0,0,0,0,0,0,0,0,0,0
-58.6841,-43.9203,1,2015335,0,0,0,0,0,0,0,0,0,0,0
-58.8381,-43.7272,1,2015336,0,0,0,0,0,0,0,0,0,0,0
-58.8381,-43.7272,1,2015337,0,0,0,0,0,0,0,0,0,0,0
-58.8381,-43.7272,1,2015338,0,0,0,0,0,0,0,0,0,0,0
-58.8381,-43.7272,1,2015339,0,0,0,0,0,0,0,0,0,0,0
-58.5491,-43.442,1,2015340,0,0,0,0,0,0,0,0,0,0,0
-58.5491,-43.442,0,2015341,0,0,0,0,0,0,0,0,0,0,0
-58.5491,-43.442,1,2015342,0,0,0,0,0,0,0,0,0,0,0
-58.5491,-43.442,1,2015343,0,0,0,0,0,0,0,0,0,0,0
-58.5491,-43.442,1,2015344,0,0,0,0,0,0,0,0,0,0,0
-58.5491,-43.442,1,2015345,0,0,0,0,0,0,0,0,0,0,0
-58.5491,-43.442,1,2015346,0,0,0,0,0,0,0,0,0,0,0
-58.5491,-43.442,1,2015347,0,0,0,0,0,0,0,0,0,0,0
-58.5491,-43.442,1,2015348,0,0,0,0,0,0,0,0,0,0,0
-58.3925,-43.503,1,2015349,0,0,0,0,0,0,0,0,0,0,0
-58.3925,-43.503,1,2015350,0,0,0,0,0,0,0,0,0,0,0
-58.3925,-43.503,1,2015351,0,0,0,0,0,0,0,0,0,0,0
-58.3925,-43.503,1,2015352,0,0,0,0,0,0,0,0,0,0,0
-58.3925,-43.503,1,2015353,0,0,0,0,0,0,0,0,0,0,0
-58.3925,-43.503,1,2015354,0,0,0,0,0,0,0,0,0,0,0
-58.3925,-43.503,1,2015355,0,0,0,0,0,0,0,0,0,0,0
-58.3925,-43.503,1,2015356,0,0,0,0,0,0,0,0,0,0,0
-58.3925,-43.503,1,2015357,0,0,0,0,0,0,0,0,0,0,0
-58.3925,-43.503,1,2015358,0,0,0,0,0,0,0,0,0,0,0
-58.1619,-43.4866,1,2015359,0,0,0,0,0,0,0,0,0,0,0
-58.1619,-43.4866,1,2015360,0,0,0,0,0,0,0,0,0,0,0
-58.1619,-43.4866,1,2015361,0,0,0,0,0,0,0,0,0,0,0
-58.1569,-43.2151,0,2015362,0,0,0,0,0,0,0,0,0,0,0
-58.1437,-42.6675,1,2015363,0,0,0,0,0,0,0,0,0,0,0
-58.1001,-41.9022,1,2015364,0,0,0,0,0,0,0,0,0,0,0
-57.8751,-40.8604,1,2015365,0,0,0,0,0,0,0,0,0,0,0
-58.5035,-39.7832,1,2016001,0,0,0,0,0,0,0,0,0,0,0
-58.5035,-39.7832,1,2016002,0,0,0,0,0,0,0,0,0,0,0
-58.5035,-39.7832,1,2016003,0,0,0,0,0,0,0,0,0,0,0
-58.5052,-38.705,1,2016004,0,0,0,0,0,0,0,0,0,0,0
-58.4075,-38.8757,1,2016005,0,0,0,0,0,0,0,0,0,0,0
-57.9917,-38.7986,1,2016006,0,0,0,0,0,0,0,0,0,0,0
-58.5355,-39.7536,1,2016007,0,0,0,0,0,0,0,0,0,0,0
-57.952,-38.4173,1,2016008,0,0,0,0,0,0,0,0,0,0,0
-57.952,-38.4173,1,2016009,0,0,0,0,0,0,0,0,0,0,0
-57.9738,-37.9793,1,2016010,0,0,0,0,0,0,0,0,0,0,0
-57.9738,-37.9793,1,2016011,0,0,0,0,0,0,0,0,0,0,0
-57.9738,-37.9793,1,2016012,0,0,0,0,0,0,0,0,0,0,0
-57.7238,-37.9948,0,2016013,0,0,0,0,0,0,0,0,0,0,0
-57.3017,-38.0102,1,2016014,0,0,0,0,0,0,0,0,0,0,0
-56.9509,-37.8257,1,2016015,0,0,0,0,0,0,0,0,0,0,0
-56.727,-37.5676,1,2016016,0,0,0,0,0,0,0,0,0,0,0
-56.727,-37.5676,1,2016017,0,0,0,0,0,0,0,0,0,0,0
-56.727,-37.5676,0,2016018,0,0,0,0,0,0,0,0,0,0,0
-56.727,-37.5676,1,2016019,0,0,0,0,0,0,0,0,0,0,0
-56.727,-37.5676,1,2016020,0,0,0,0,0,0,0,0,0,0,0
-56.8423,-37.8548,1,2016021,0,0,0,0,0,0,0,0,0,0,0
-56.8423,-37.8548,1,2016022,0,0,0,0,0,0,0,0,0,0,0
-56.8423,-37.8548,1,2016023,0,0,0,0,0,0,0,0,0,0,0
-56.8423,-37.8548,1,2016024,0,0,0,0,0,0,0,0,0,0,0
-57.5588,-34.6939,1,2016025,0,0,0,0,0,0,0,0,0,0,0
-57.5588,-34.6939,1,2016026,0,0,0,0,0,0,0,0,0,0,0
-57.5588,-34.6939,1,2016027,0,0,0,0,0,0,0,0,0,0,0
-57.5588,-34.6939,1,2016028,0,0,0,0,0,0,0,0,0,0,0
-57.4551,-33.8878,1,2016029,0,0,0,0,0,0,0,0,0,0,0
-57.4551,-33.8878,1,2016030,0,0,0,0,0,0,0,0,0,0,0
-57.4551,-33.8878,0,2016031,0,0,0,0,0,0,0,0,0,0,0
-57.4551,-33.8878,1,2016032,0,0,0,0,0,0,0,0,0,0,0
-57.4551,-33.8878,1,2016033,0,0,0,0,0,0,0,0,0,0,0
-57.4551,-33.8878,1,2016034,0,0,0,0,0,0,0,0,0,0,0
-56.9561,-31.5231,1,2016035,0,0,0,0,0,0,0,0,0,0,0
-56.7816,-31.7728,1,2016036,0,0,0,0,0,0,0,0,0,0,0
-56.8093,-31.6289,1,2016037,0,0,0,0,0,0,0,0,0,0,0
-56.8093,-31.6289,1,2016038,0,0,0,0,0,0,0,0,0,0,0
-56.331,-31.8145,0,2016039,0,0,0,0,0,0,0,0,0,0,0
-55.8528,-32.0419,1,2016040,0,0,0,0,0,0,0,0,0,0,0
-56.0968,-32.0987,1,2016041,0,0,0,0,0,0,0,0,0,0,0
-55.9751,-32.1413,1,2016042,0,0,0,0,0,0,0,0,0,0,0
-55.8803,-32.0615,1,2016043,0,0,0,0,0,0,0,0,0,0,0
-55.8803,-32.0615,1,2016044,0,0,0,0,0,0,0,0,0,0,0
-55.8803,-32.0615,1,2016045,0,0,0,0,0,0,0,0,0,0,0
-55.8803,-32.0615,1,2016046,0,0,0,0,0,0,0,0,0,0,0
-55.8803,-32.0615,0,2016047,0,0,0,0,0,0,0,0,0,0,0
-55.8803,-32.0615,1,2016048,0,0,0,0,0,0,0,0,0,0,0
-55.8803,-32.0615,1,2016049,0,0,0,0,0,0,0,0,0,0,0
-55.7582,-32.6647,1,2016050,0,0,0,0,0,0,0,0,0,0,0
-55.7148,-32.78,1,2016051,0,0,0,0,0,0,0,0,0,0,0
-55.7148,-32.78,1,2016052,0,0,0,0,0,0,0,0,0,0,0
-55.7512,-32.9616,1,2016053,0,0,0,0,0,0,0,0,0,0,0
-55.5115,-32.8647,1,2016054,0,0,0,0,0,0,0,0,0,0,0
-55.3874,-32.9445,0,2016055,0,0,0,0,0,0,0,0,0,0,0
-55.3321,-33.0244,1,2016056,0,0,0,0,0,0,0,0,0,0,0
-55.3321,-33.0244,1,2016057,0,0,0,0,0,0,0,0,0,0,0
-55.3321,-33.0244,1,2016058,0,0,0,0,0,0,0,0,0,0,0
-54.3061,-34.5777,1,2016059,0,0,0,0,0,0,0,0,0,0,0
-54.3061,-34.5777,1,2016060,0,0,0,0,0,0,0,0,0,0,0
-54.3101,-34.4344,1,2016061,0,0,0,0,0,0,0,0,0,0,0
-54.186,-34.1861,1,2016062,0,0,0,0,0,0,0,0,0,0,0
-54.186,-34.1861,1,2016063,0,0,0,0,0,0,0,0,0,0,0
-54.186,-34.1861,1,2016064,0,0,0,0,0,0,0,0,0,0,0
-54.186,-34.1861,1,2016065,0,0,0,0,0,0,0,0,0,0,0
-54.1946,-34.1971,1,2016066,0,0,0,0,0,0,0,0,0,0,0
-54.1946,-34.1971,1,2016067,0,0,0,0,0,0,0,0,0,0,0
-54.0145,-34.3608,0,2016068,0,0,0,0,0,0,0,0,0,0,0
-53.8093,-34.5621,1,2016069,0,0,0,0,0,0,0,0,0,0,0
-53.7678,-34.6284,0,2016070,0,0,0,0,0,0,0,0,0,0,0
-53.7515,-34.657,1,2016071,0,0,0,0,0,0,0,0,0,0,0
-53.7515,-34.657,1,2016072,0,0,0,0,0,0,0,0,0,0,0
-53.7515,-34.657,1,2016073,0,0,0,0,0,0,0,0,0,0,0
-53.7515,-34.657,1,2016074,0,0,0,0,0,0,0,0,0,0,0
-53.7515,-34.657,0,2016075,0,0,0,0,0,0,0,0,0,0,0
-53.7515,-34.657,1,2016076,0,0,0,0,0,0,0,0,0,0,0
-53.5406,-34.3293,1,2016077,0,0,0,0,0,0,0,0,0,0,0
-53.4313,-33.8961,1,2016078,0,0,0,0,0,0,0,0,0,0,0
-53.2905,-33.7606,1,2016079,0,0,0,0,0,0,0,0,0,0,0
-53.2905,-33.7606,1,2016080,0,0,0,0,0,0,0,0,0,0,0
-53.2905,-33.7606,1,2016081,0,0,0,0,0,0,0,0,0,0,0
-52.9403,-34.1849,1,2016082,0,0,0,0,0,0,0,0,0,0,0
-52.9403,-34.1849,1,2016083,0,0,0,0,0,0,0,0,0,0,0
-52.7776,-33.531,1,2016084,0,0,0,0,0,0,0,0,0,0,0
-52.7776,-33.531,1,2016085,0,0,0,0,0,0,0,0,0,0,0
-52.7776,-33.531,1,2016086,0,0,0,0,0,0,0,0,0,0,0
-52.6419,-33.3339,1,2016087,0,0,0,0,0,0,0,0,0,0,0
-52.8174,-32.87,1,2016088,0,0,0,0,0,0,0,0,0,0,0
-52.5581,-33.2056,1,2016089,0,0,0,0,0,0,0,0,0,0,0
-52.4436,-33.4407,1,2016090,0,0,0,0,0,0,0,0,0,0,0
-52.2314,-33.5213,1,2016091,0,0,0,0,0,0,0,0,0,0,0
-51.9233,-33.5116,1,2016092,0,0,0,0,0,0,0,0,0,0,0
-51.6612,-33.5336,1,2016093,0,0,0,0,0,0,0,0,0,0,0
-51.6612,-33.5336,1,2016094,0,0,0,0,0,0,0,0,0,0,0
-51.6612,-33.5336,1,2016095,0,0,0,0,0,0,0,0,0,0,0
-51.2987,-33.6937,0,2016096,0,0,0,0,0,0,0,0,0,0,0
-50.9362,-33.8538,1,2016097,0,0,0,0,0,0,0,0,0,0,0
-50.9362,-33.8538,1,2016098,0,0,0,0,0,0,0,0,0,0,0
-50.9362,-33.8538,1,2016099,0,0,0,0,0,0,0,0,0,0,0
-50.9362,-33.8538,1,2016100,0,0,0,0,0,0,0,0,0,0,0
-50.9362,-33.8538,1,2016101,0,0,0,0,0,0,0,0,0,0,0
-50.9362,-33.8538,1,2016102,0,0,0,0,0,0,0,0,0,0,0
-51.0889,-33.8645,0,2016103,0,0,0,0,0,0,0,0,0,0,0
-51.2415,-33.8752,1,2016104,0,0,0,0,0,0,0,0,0,0,0
-51.2415,-33.8752,1,2016105,0,0,0,0,0,0,0,0,0,0,0
-51.2415,-33.8752,1,2016106,0,0,0,0,0,0,0,0,0,0,0
-51.2415,-33.8752,1,2016107,0,0,0,0,0,0,0,0,0,0,0
-51.2415,-33.8752,1,2016108,0,0,0,0,0,0,0,0,0,0,0
-51.2415,-33.8752,1,2016109,0,0,0,0,0,0,0,0,0,0,0
-51.3114,-31.3646,0,2016110,0,0,0,0,0,0,0,0,0,0,0
-51.3812,-28.854,1,2016111,0,0,0,0,0,0,0,0,0,0,0
-51.3812,-28.854,1,2016112,0,0,0,0,0,0,0,0,0,0,0
-51.3812,-28.854,1,2016113,0,0,0,0,0,0,0,0,0,0,0
-51.3812,-28.854,1,2016114,0,0,0,0,0,0,0,0,0,0,0
-51.3812,-28.854,1,2016115,0,0,0,0,0,0,0,0,0,0,0
-51.3812,-28.854,1,2016116,0,0,0,0,0,0,0,0,0,0,0
-51.5297,-28.977,1,2016117,0,0,0,0,0,0,0,0,0,0,0
-51.5297,-28.977,1,2016118,0,0,0,0,0,0,0,0,0,0,0
-51.5297,-28.977,1,2016119,0,0,0,0,0,0,0,0,0,0,0
-51.5223,-28.9897,1,2016120,0,0,0,0,0,0,0,0,0,0,0
-51.5223,-28.9897,1,2016121,0,0,0,0,0,0,0,0,0,0,0
-51.5223,-28.9897,1,2016122,0,0,0,0,0,0,0,0,0,0,0
-51.2785,-28.0886,0,2016123,0,0,0,0,0,0,0,0,0,0,0
-51.0348,-27.1875,1,2016124,0,0,0,0,0,0,0,0,0,0,0
-51.0348,-27.1875,1,2016125,0,0,0,0,0,0,0,0,0,0,0
-51.0348,-27.1875,1,2016126,0,0,0,0,0,0,0,0,0,0,0
-51.0348,-27.1875,1,2016127,0,0,0,0,0,0,0,0,0,0,0
-51.0348,-27.1875,1,2016128,0,0,0,0,0,0,0,0,0,0,0
-51.0348,-27.1875,1,2016129,0,0,0,0,0,0,0,0,0,0,0
-51.0236,-27.185,0,2016130,0,0,0,0,0,0,0,0,0,0,0
-51.0124,-27.1774,1,2016131,0,0,0,0,0,0,0,0,0,0,0
-51.0811,-27.1113,1,2016132,0,0,0,0,0,0,0,0,0,0,0
-50.7173,-27.0977,1,2016133,0,0,0,0,0,0,0,0,0,0,0
-50.7173,-27.0977,0,2016134,0,0,0,0,0,0,0,0,0,0,0
-50.7173,-27.0977,0,2016135,0,0,0,0,0,0,0,0,0,0,0
-50.7173,-27.0977,1,2016136,0,0,0,0,0,0,0,0,0,0,0
-50.7173,-27.0977,1,2016137,0,0,0,0,0,0,0,0,0,0,0
-50.7173,-27.0977,1,2016138,0,0,0,0,0,0,0,0,0,0,0
-50.6662,-26.9715,1,2016139,0,0,0,0,0,0,0,0,0,0,0
-50.6662,-26.9715,1,2016140,0,0,0,0,0,0,0,0,0,0,0
-50.6662,-26.9715,1,2016141,0,0,0,0,0,0,0,0,0,0,0
-50.6495,-26.8662,1,2016142,0,0,0,0,0,0,0,0,0,0,0
-50.6495,-26.8662,1,2016143,0,0,0,0,0,0,0,0,0,0,0
-50.6495,-26.8662,1,2016144,0,0,0,0,0,0,0,0,0,0,0
-50.6268,-26.5343,1,2016145,0,0,0,0,0,0,0,0,0,0,0
-50.6268,-26.5343,1,2016146,0,0,0,0,0,0,0,0,0,0,0
-50.6268,-26.5343,1,2016147,0,0,0,0,0,0,0,0,0,0,0
-50.6268,-26.5343,1,2016148,0,0,0,0,0,0,0,0,0,0,0
-50.6268,-26.5343,1,2016149,0,0,0,0,0,0,0,0,0,0,0
-50.6268,-26.5343,1,2016150,0,0,0,0,0,0,0,0,0,0,0
-50.6268,-26.5343,1,2016151,0,0,0,0,0,0,0,0,0,0,0
-50.6268,-26.5343,1,2016152,0,0,0,0,0,0,0,0,0,0,0
-50.3993,-26.2578,1,2016153,0,0,0,0,0,0,0,0,0,0,0
-50.3993,-26.2578,1,2016154,0,0,0,0,0,0,0,0,0,0,0
-50.3993,-26.2578,0,2016155,0,0,0,0,0,0,0,0,0,0,0
-50.3993,-26.2578,1,2016156,0,0,0,0,0,0,0,0,0,0,0
-50.258,-25.8861,1,2016157,0,0,0,0,0,0,0,0,0,0,0
-50.258,-25.8861,1,2016158,0,0,0,0,0,0,0,0,0,0,0
-50.258,-25.8861,1,2016159,0,0,0,0,0,0,0,0,0,0,0
-50.258,-25.8861,1,2016160,0,0,0,0,0,0,0,0,0,0,0
-49.903,-25.7649,1,2016161,0,0,0,0,0,0,0,0,0,0,0
-49.9288,-25.6242,0,2016162,0,0,0,0,0,0,0,0,0,0,0
-49.9546,-25.5418,1,2016163,0,0,0,0,0,0,0,0,0,0,0
-49.9546,-25.5418,1,2016164,0,0,0,0,0,0,0,0,0,0,0
-49.9546,-25.5418,1,2016165,0,0,0,0,0,0,0,0,0,0,0
-49.9546,-25.5418,1,2016182,0,0,0,0,0,0,0,0,0,0,0
-49.9546,-25.5418,1,2016183,0,0,0,0,0,0,0,0,0,0,0
-49.9546,-25.5418,1,2016184,0,0,0,0,0,0,0,0,0,0,0
-49.8818,-25.7262,0,2016185,0,0,0,0,0,0,0,0,0,0,0
-49.8089,-25.9106,1,2016186,0,0,0,0,0,0,0,0,0,0,0
-49.8089,-25.9106,0,2016187,0,0,0,0,0,0,0,0,0,0,0
-49.8089,-25.9106,1,2016188,0,0,0,0,0,0,0,0,0,0,0
-49.8089,-25.9106,1,2016189,0,0,0,0,0,0,0,0,0,0,0
-49.8089,-25.9106,1,2016190,0,0,0,0,0,0,0,0,0,0,0
-49.8089,-25.9106,1,2016191,0,0,0,0,0,0,0,0,0,0,0
-49.8089,-25.9106,1,2016192,0,0,0,0,0,0,0,0,0,0,0
-49.8089,-25.9106,1,2016193,0,0,0,0,0,0,0,0,0,0,0
-49.8089,-25.9106,0,2016194,0,0,0,0,0,0,0,0,0,0,0
-49.8089,-25.9106,1,2016195,0,0,0,0,0,0,0,0,0,0,0
-49.8089,-25.9106,1,2016196,0,0,0,0,0,0,0,0,0,0,0
-50.8269,-25.8027,1,2016197,0,0,0,0,0,0,0,0,0,0,0
-51.5313,-26.3248,1,2016198,0,0,0,0,0,0,0,0,0,0,0
-51.5313,-26.3248,1,2016199,0,0,0,0,0,0,0,0,0,0,0
-51.5563,-26.2779,1,2016200,0,0,0,0,0,0,0,0,0,0,0
-51.5726,-26.2249,1,2016201,0,0,0,0,0,0,0,0,0,0,0
-51.5888,-26.172,1,2016202,0,0,0,0,0,0,0,0,0,0,0
-51.605,-26.119,1,2016203,0,0,0,0,0,0,0,0,0,0,0
-51.6212,-26.0659,1,2016204,0,0,0,0,0,0,0,0,0,0,0
-51.6374,-26.0128,1,2016205,0,0,0,0,0,0,0,0,0,0,0
-51.6535,-25.9596,1,2016206,0,0,0,0,0,0,0,0,0,0,0
-51.6696,-25.9064,1,2016207,0,0,0,0,0,0,0,0,0,0,0
-51.6696,-25.9064,0,2016208,0,0,0,0,0,0,0,0,0,0,0
-51.6696,-25.9064,1,2016209,0,0,0,0,0,0,0,0,0,0,0
-51.6198,-25.8646,1,2016210,0,0,0,0,0,0,0,0,0,0,0
-50.9477,-24.9405,0,2016211,0,0,0,0,0,0,0,0,0,0,0
-50.3178,-23.8558,1,2016212,0,0,0,0,0,0,0,0,0,0,0
-50.6055,-23.5906,1,2016213,0,0,0,0,0,0,0,0,0,0,0
-50.6055,-23.5906,0,2016214,0,0,0,0,0,0,0,0,0,0,0
-50.6055,-23.5906,1,2016215,0,0,0,0,0,0,0,0,0,0,0
-51.0734,-23.0918,1,2016216,0,0,0,0,0,0,0,0,0,0,0
-50.9857,-23.4662,1,2016217,0,0,0,0,0,0,0,0,0,0,0
-50.9911,-23.4434,1,2016218,0,0,0,0,0,0,0,0,0,0,0
-51.0057,-23.3901,1,2016219,0,0,0,0,0,0,0,0,0,0,0
-50.9019,-23.4902,1,2016220,0,0,0,0,0,0,0,0,0,0,0
-50.9118,-23.3631,0,2016221,0,0,0,0,0,0,0,0,0,0,0
-50.9271,-23.2361,1,2016222,0,0,0,0,0,0,0,0,0,0,0
-50.937,-23.6858,1,2016223,0,0,0,0,0,0,0,0,0,0,0
-50.9853,-24.0347,1,2016224,0,0,0,0,0,0,0,0,0,0,0
-50.9412,-23.4865,1,2016225,0,0,0,0,0,0,0,0,0,0,0
-51.0638,-23.0906,1,2016226,0,0,0,0,0,0,0,0,0,0,0
-51.0562,-23.1508,1,2016227,0,0,0,0,0,0,0,0,0,0,0
