ascat_1,ascat_2,ascat_3,date,nic_1,nic_2,nic_3,oscat_1,oscat_2,oscat_3,size_1,size_2
0,0,0,2011226,-66.26,143.56,1,0,0,0,21,8
0,0,0,2011227,-66.2573,143.5664,0,0,0,0,0,0
0,0,0,2011228,-66.2551,143.5725,0,0,0,0,0,0
0,0,0,2011229,-66.2533,143.5781,0,0,0,0,0,0
0,0,0,2011230,-66.2518,143.5829,0,0,0,0,0,0
0,0,0,2011231,-66.2508,143.5867,0,0,0,0,0,0
0,0,0,2011232,-66.2502,143.5891,0,0,0,0,0,0
0,0,0,2011233,-66.25,143.59,1,0,0,0,21,8
0,0,0,2011234,-66.2506,143.59,0,0,0,0,0,0
0,0,0,2011235,-66.252,143.59,0,0,0,0,0,0
0,0,0,2011236,-66.2539,143.59,0,0,0,0,0,0
0,0,0,2011237,-66.2561,143.59,0,0,0,0,0,0
0,0,0,2011238,-66.258,143.59,0,0,0,0,0,0
0,0,0,2011239,-66.2594,143.59,0,0,0,0,0,0
0,0,0,2011240,-66.26,143.59,1,0,0,0,21,8
0,0,0,2011241,-66.26,143.59,0,0,0,0,0,0
0,0,0,2011242,-66.26,143.59,0,0,0,0,0,0
0,0,0,2011243,-66.26,143.59,0,0,0,0,0,0
0,0,0,2011244,-66.26,143.59,0,0,0,0,0,0
0,0,0,2011245,-66.26,143.59,0,0,0,0,0,0
0,0,0,2011246,-66.26,143.59,0,0,0,0,0,0
0,0,0,2011247,-66.26,143.59,1,0,0,0,21,8
0,0,0,2011248,-66.2594,143.5888,0,0,0,0,0,0
0,0,0,2011249,-66.258,143.5855,0,0,0,0,0,0
0,0,0,2011250,-66.2561,143.5807,0,0,0,0,0,0
0,0,0,2011251,-66.2539,143.5752,0,0,0,0,0,0
0,0,0,2011252,-66.252,143.5694,0,0,0,0,0,0
0,0,0,2011253,-66.2506,143.5642,0,0,0,0,0,0
0,0,0,2011254,-66.25,143.56,1,0,0,0,21,7
0,0,0,2011255,-66.25,143.5564,0,0,0,0,0,0
0,0,0,2011256,-66.25,143.5525,0,0,0,0,0,0
0,0,0,2011257,-66.25,143.5488,0,0,0,0,0,0
0,0,0,2011258,-66.25,143.5454,0,0,0,0,0,0
0,0,0,2011259,-66.25,143.5426,0,0,0,0,0,0
0,0,0,2011260,-66.25,143.5407,0,0,0,0,0,0
0,0,0,2011261,-66.25,143.54,1,0,0,0,21,7
0,0,0,2011262,-66.2494,143.5403,0,0,0,0,0,0
0,0,0,2011263,-66.248,143.541,0,0,0,0,0,0
0,0,0,2011264,-66.2461,143.5423,0,0,0,0,0,0
0,0,0,2011265,-66.2439,143.5438,0,0,0,0,0,0
0,0,0,2011266,-66.242,143.5457,0,0,0,0,0,0
0,0,0,2011267,-66.2406,143.5478,0,0,0,0,0,0
0,0,0,2011268,-66.24,143.55,1,0,0,0,21,7
0,0,0,2011269,-66.2411,143.5539,0,0,0,0,0,0
0,0,0,2011270,-66.244,143.5603,0,0,0,0,0,0
0,0,0,2011271,-66.2479,143.568,0,0,0,0,0,0
0,0,0,2011272,-66.2521,143.5759,0,0,0,0,0,0
0,0,0,2011273,-66.256,143.583,0,0,0,0,0,0
0,0,0,2011274,-66.2589,143.5881,0,0,0,0,0,0
0,0,0,2011275,-66.26,143.59,1,0,0,0,21,7
0,0,0,2011276,-66.26,143.59,0,0,0,0,0,0
0,0,0,2011277,-66.26,143.59,0,0,0,0,0,0
0,0,0,2011278,-66.26,143.59,0,0,0,0,0,0
0,0,0,2011279,-66.26,143.59,0,0,0,0,0,0
0,0,0,2011280,-66.26,143.59,0,0,0,0,0,0
0,0,0,2011281,-66.26,143.59,0,0,0,0,0,0
0,0,0,2011282,-66.26,143.59,1,0,0,0,21,7
0,0,0,2011283,-66.2583,143.5872,0,0,0,0,0,0
0,0,0,2011284,-66.2541,143.5801,0,0,0,0,0,0
0,0,0,2011285,-66.2482,143.5703,0,0,0,0,0,0
0,0,0,2011286,-66.2418,143.5597,0,0,0,0,0,0
0,0,0,2011287,-66.2359,143.5499,0,0,0,0,0,0
0,0,0,2011288,-66.2317,143.5428,0,0,0,0,0,0
0,0,0,2011289,-66.23,143.54,1,0,0,0,21,7
0,0,0,2011290,-66.2306,143.5433,0,0,0,0,0,0
0,0,0,2011291,-66.232,143.5519,0,0,0,0,0,0
0,0,0,2011292,-66.2339,143.5636,0,0,0,0,0,0
0,0,0,2011293,-66.2361,143.5764,0,0,0,0,0,0
0,0,0,2011294,-66.238,143.5881,0,0,0,0,0,0
0,0,0,2011295,-66.2394,143.5967,0,0,0,0,0,0
0,0,0,2011296,-66.24,143.6,1,0,0,0,21,7
0,0,0,2011297,-66.2394,143.5988,0,0,0,0,0,0
0,0,0,2011298,-66.238,143.5953,0,0,0,0,0,0
0,0,0,2011299,-66.2361,143.5901,0,0,0,0,0,0
0,0,0,2011300,-66.2339,143.5835,0,0,0,0,0,0
0,0,0,2011301,-66.232,143.576,0,0,0,0,0,0
0,0,0,2011302,-66.2306,143.568,0,0,0,0,0,0
0,0,0,2011303,-66.23,143.56,1,0,0,0,21,7
0,0,0,2011304,-66.2328,143.5492,0,0,0,0,0,0
0,0,0,2011305,-66.2399,143.5341,0,0,0,0,0,0
0,0,0,2011306,-66.2497,143.5168,0,0,0,0,0,0
0,0,0,2011307,-66.2603,143.4996,0,0,0,0,0,0
0,0,0,2011308,-66.2701,143.4846,0,0,0,0,0,0
0,0,0,2011309,-66.2772,143.474,0,0,0,0,0,0
0,0,0,2011310,-66.28,143.47,1,0,0,0,21,7
0,0,0,2011311,-66.2791,143.4733,0,0,0,0,0,0
0,0,0,2011312,-66.2768,143.4819,0,0,0,0,0,0
0,0,0,2011313,-66.2735,143.4936,0,0,0,0,0,0
0,0,0,2011314,-66.2697,143.5064,0,0,0,0,0,0
0,0,0,2011315,-66.2659,143.5181,0,0,0,0,0,0
0,0,0,2011316,-66.2625,143.5267,0,0,0,0,0,0
0,0,0,2011317,-66.26,143.53,1,0,0,0,21,7
0,0,0,2011318,-66.258,143.5289,0,0,0,0,0,0
0,0,0,2011319,-66.2561,143.526,0,0,0,0,0,0
0,0,0,2011320,-66.2542,143.5221,0,0,0,0,0,0
0,0,0,2011321,-66.2525,143.5179,0,0,0,0,0,0
0,0,0,2011322,-66.2512,143.514,0,0,0,0,0,0
0,0,0,2011323,-66.2503,143.5111,0,0,0,0,0,0
0,0,0,2011324,-66.25,143.51,1,0,0,0,21,7
0,0,0,2011325,-66.2511,143.52,0,0,0,0,0,0
0,0,0,2011326,-66.254,143.5457,0,0,0,0,0,0
0,0,0,2011327,-66.2579,143.5808,0,0,0,0,0,0
0,0,0,2011328,-66.2621,143.6192,0,0,0,0,0,0
0,0,0,2011329,-66.266,143.6543,0,0,0,0,0,0
0,0,0,2011330,-66.2689,143.68,0,0,0,0,0,0
0,0,0,2011331,-66.27,143.69,1,0,0,0,21,7
0,0,0,2011332,-66.2681,143.6845,0,0,0,0,0,0
0,0,0,2011333,-66.263,143.6702,0,0,0,0,0,0
0,0,0,2011334,-66.2559,143.6506,0,0,0,0,0,0
0,0,0,2011335,-66.248,143.6294,0,0,0,0,0,0
0,0,0,2011336,-66.2403,143.6098,0,0,0,0,0,0
0,0,0,2011337,-66.2339,143.5955,0,0,0,0,0,0
0,0,0,2011338,-66.23,143.59,1,0,0,0,21,7
0,0,0,2011339,-66.2278,143.5903,0,0,0,0,0,0
0,0,0,2011340,-66.2257,143.591,0,0,0,0,0,0
0,0,0,2011341,-66.2238,143.5921,0,0,0,0,0,0
0,0,0,2011342,-66.2223,143.5937,0,0,0,0,0,0
0,0,0,2011343,-66.221,143.5955,0,0,0,0,0,0
0,0,0,2011344,-66.2203,143.5976,0,0,0,0,0,0
0,0,0,2011345,-66.22,143.6,1,0,0,0,21,8
0,0,0,2011346,-66.2228,143.6051,0,0,0,0,0,0
0,0,0,2011347,-66.2299,143.6144,0,0,0,0,0,0
0,0,0,2011348,-66.2397,143.626,0,0,0,0,0,0
0,0,0,2011349,-66.2503,143.6382,0,0,0,0,0,0
0,0,0,2011350,-66.2601,143.6491,0,0,0,0,0,0
0,0,0,2011351,-66.2672,143.657,0,0,0,0,0,0
0,0,0,2011352,-66.27,143.66,1,0,0,0,21,8
0,0,0,2011353,-66.2687,143.6597,0,0,0,0,0,0
0,0,0,2011354,-66.2654,143.6589,0,0,0,0,0,0
0,0,0,2011355,-66.2606,143.6577,0,0,0,0,0,0
0,0,0,2011356,-66.255,143.6561,0,0,0,0,0,0
0,0,0,2011357,-66.2493,143.6543,0,0,0,0,0,0
0,0,0,2011358,-66.2441,143.6522,0,0,0,0,0,0
0,0,0,2011359,-66.24,143.65,1,0,0,0,21,8
0,0,0,2011360,-66.2366,143.6466,0,0,0,0,0,0
0,0,0,2011361,-66.2329,143.6415,0,0,0,0,0,0
0,0,0,2011362,-66.2294,143.6351,0,0,0,0,0,0
0,0,0,2011363,-66.2261,143.6283,0,0,0,0,0,0
0,0,0,2011364,-66.2234,143.6216,0,0,0,0,0,0
0,0,0,2011365,-66.2213,143.6158,0,0,0,0,0,0
0,0,0,2012001,-66.22,143.61,1,0,0,0,21,8
0,0,0,2012002,-66.22,143.6078,0,0,0,0,0,0
0,0,0,2012003,-66.22,143.6057,0,0,0,0,0,0
0,0,0,2012004,-66.22,143.6039,0,0,0,0,0,0
0,0,0,2012005,-66.22,143.6023,0,0,0,0,0,0
0,0,0,2012006,-66.22,143.6011,0,0,0,0,0,0
0,0,0,2012007,-66.22,143.6003,0,0,0,0,0,0
0,0,0,2012008,-66.22,143.6,1,0,0,0,21,8
0,0,0,2012009,-66.2181,143.6011,0,0,0,0,0,0
0,0,0,2012010,-66.213,143.604,0,0,0,0,0,0
0,0,0,2012011,-66.2059,143.6079,0,0,0,0,0,0
0,0,0,2012012,-66.198,143.6121,0,0,0,0,0,0
0,0,0,2012013,-66.1903,143.616,0,0,0,0,0,0
0,0,0,2012014,-66.1839,143.6189,0,0,0,0,0,0
0,0,0,2012015,-66.18,143.62,1,0,0,0,21,8
0,0,0,2012016,-66.178,143.6194,0,0,0,0,0,0
0,0,0,2012017,-66.1766,143.618,0,0,0,0,0,0
0,0,0,2012018,-66.1754,143.6161,0,0,0,0,0,0
0,0,0,2012019,-66.1744,143.6139,0,0,0,0,0,0
0,0,0,2012020,-66.1732,143.612,0,0,0,0,0,0
0,0,0,2012021,-66.1718,143.6106,0,0,0,0,0,0
0,0,0,2012022,-66.17,143.61,1,0,0,0,21,7
0,0,0,2012023,-66.1676,143.6106,0,0,0,0,0,0
0,0,0,2012024,-66.1647,143.612,0,0,0,0,0,0
0,0,0,2012025,-66.1611,143.6139,0,0,0,0,0,0
0,0,0,2012026,-66.157,143.6161,0,0,0,0,0,0
0,0,0,2012027,-66.1521,143.618,0,0,0,0,0,0
0,0,0,2012028,-66.1464,143.6194,0,0,0,0,0,0
0,0,0,2012029,-66.14,143.62,1,0,0,0,21,7
0,0,0,2012030,-66.1313,143.6191,0,0,0,0,0,0
0,0,0,2012031,-66.119,143.6166,0,0,0,0,0,0
0,0,0,2012032,-66.1037,143.6124,0,0,0,0,0,0
0,0,0,2012033,-66.0857,143.6066,0,0,0,0,0,0
-66.0243,143.8956,1,2012034,-66.0655,143.5993,0,-66.0243,143.8956,1,0,0
-65.9893,143.8689,1,2012035,-66.0434,143.5904,0,-65.9893,143.8689,1,0,0
-65.9197,143.7538,1,2012036,-66.02,143.58,1,-65.9197,143.7538,1,21,7
-65.9061,143.8083,1,2012037,-65.9883,143.5004,0,-65.9061,143.8083,1,0,0
-65.9161,143.7604,1,2012038,-65.9449,143.3102,0,-65.9161,143.7604,1,0,0
-65.9156,143.7312,1,2012039,-65.8952,143.0489,0,-65.9156,143.7312,1,0,0
-65.9256,143.7735,1,2012040,-65.8444,142.7557,0,-65.9256,143.7735,1,0,0
-65.8835,143.7602,1,2012041,-65.7981,142.4703,0,-65.8835,143.7602,1,0,0
-65.852,143.4579,1,2012042,-65.7615,142.2319,0,-65.852,143.4579,1,0,0
-65.8615,143.3184,1,2012043,-65.74,142.08,1,-65.8615,143.3184,1,21,7
-65.8345,143.0708,1,2012044,-65.7293,141.9952,0,-65.8345,143.0708,1,0,0
-65.8224,142.7926,1,2012045,-65.7209,141.928,0,-65.8224,142.7926,1,0,0
-65.7829,142.4734,1,2012046,-65.7142,141.8725,0,-65.7829,142.4734,1,0,0
-65.785,142.3489,1,2012047,-65.7084,141.8228,0,-65.785,142.3489,1,0,0
-65.7178,142.1725,1,2012048,-65.7029,141.7731,0,-65.7178,142.1725,1,0,0
-65.705,142.1069,1,2012049,-65.697,141.7174,0,-65.705,142.1069,1,0,0
-65.6858,141.9962,0,2012050,-65.69,141.65,1,-65.6858,141.9962,0,21,7
-65.665,141.8593,0,2012051,-65.6819,141.57,0,-65.665,141.8593,0,0,0
-65.6552,141.746,1,2012052,-65.6733,141.4817,0,-65.6552,141.746,1,0,0
-65.6601,141.676,1,2012053,-65.6645,141.3867,0,-65.6601,141.676,1,0,0
-65.6643,141.6377,1,2012054,-65.6555,141.2864,0,-65.6643,141.6377,1,0,0
-65.6735,141.5292,1,2012055,-65.6467,141.1825,0,-65.6735,141.5292,1,0,0
-65.626,141.3763,1,2012056,-65.6381,141.0765,0,-65.626,141.3763,1,0,0
-65.6834,141.4488,1,2012057,-65.63,140.97,1,-65.6834,141.4488,1,21,7
-65.6641,141.3642,1,2012058,-65.6229,140.8642,0,-65.6641,141.3642,1,0,0
-65.6241,141.3201,1,2012059,-65.6166,140.7579,0,-65.6241,141.3201,1,0,0
-65.619,141.2002,0,2012060,-65.6108,140.6491,0,-65.619,141.2002,0,0,0
-65.6173,141.0885,1,2012061,-65.6048,140.5359,0,-65.6173,141.0885,1,0,0
-65.6327,141.0588,1,2012062,-65.598,140.4162,0,-65.6327,141.0588,1,0,0
-65.6311,140.9702,1,2012063,-65.5899,140.2883,0,-65.6311,140.9702,1,0,0
-65.6079,140.8005,1,2012064,-65.58,140.15,1,-65.6079,140.8005,1,21,8
-65.6323,140.8147,1,2012065,-65.566,139.9982,0,-65.6323,140.8147,1,0,0
-65.6185,140.5651,1,2012066,-65.5468,139.8319,0,-65.6185,140.5651,1,0,0
-65.5946,140.4281,1,2012067,-65.5235,139.6528,0,-65.5946,140.4281,1,0,0
-65.5489,140.3037,1,2012068,-65.4971,139.4624,0,-65.5489,140.3037,1,0,0
-65.5616,140.0932,1,2012069,-65.4687,139.2625,0,-65.5616,140.0932,1,0,0
-65.5201,139.8676,1,2012070,-65.4393,139.0544,0,-65.5201,139.8676,1,0,0
-65.4813,139.6679,1,2012071,-65.41,138.84,1,-65.4813,139.6679,1,21,8
-65.4562,139.3464,1,2012072,-65.38,138.614,0,-65.4562,139.3464,1,0,0
-65.4334,139.0816,1,2012073,-65.3479,138.3722,0,-65.4334,139.0816,1,0,0
-65.4143,138.9655,1,2012074,-65.3139,138.1176,0,-65.4143,138.9655,1,0,0
-65.4037,138.6742,1,2012075,-65.278,137.8531,0,-65.4037,138.6742,1,0,0
-65.4402,138.4087,1,2012076,-65.2403,137.5817,0,-65.4402,138.4087,1,0,0
-65.3696,138.0542,1,2012077,-65.2009,137.3064,0,-65.3696,138.0542,1,0,0
-65.3606,137.7247,1,2012078,-65.16,137.03,1,-65.3606,137.7247,1,21,8
-65.2134,137.6645,1,2012079,-65.1118,136.7476,0,-65.2134,137.6645,1,0,0
-65.1428,137.3436,1,2012080,-65.0541,136.4546,0,-65.1428,137.3436,1,0,0
-65.1242,136.9074,1,2012081,-64.9922,136.1547,0,-65.1242,136.9074,1,0,0
-65.0662,136.5577,1,2012082,-64.9315,135.8516,0,-65.0662,136.5577,1,0,0
-65.0015,136.1581,1,2012083,-64.8773,135.549,0,-65.0015,136.1581,1,0,0
-64.981,135.8187,1,2012084,-64.835,135.2505,0,-64.981,135.8187,1,0,0
-64.9018,135.4509,1,2012085,-64.81,134.96,1,-64.9018,135.4509,1,21,8
-64.8522,135.3406,1,2012086,-64.7959,134.6783,0,-64.8522,135.3406,1,0,0
-64.7308,134.8447,1,2012087,-64.7832,134.4024,0,-64.7308,134.8447,1,0,0
-64.6617,134.6495,1,2012088,-64.772,134.13,0,-64.6617,134.6495,1,0,0
-64.7016,134.3912,1,2012089,-64.7629,133.8589,0,-64.7016,134.3912,1,0,0
-64.7038,134.3537,1,2012090,-64.7559,133.5867,0,-64.7038,134.3537,1,0,0
-64.681,134.1456,1,2012091,-64.7515,133.3111,0,-64.681,134.1456,1,0,0
-64.6978,134.0498,1,2012092,-64.75,133.03,1,-64.6978,134.0498,1,21,8
-64.7062,133.7208,1,2012093,-64.7522,132.7462,0,-64.7062,133.7208,1,0,0
-64.736,133.5485,1,2012094,-64.7583,132.4628,0,-64.736,133.5485,1,0,0
-64.8244,132.7893,1,2012095,-64.7678,132.1774,0,-64.8244,132.7893,1,0,0
-64.8182,132.5343,1,2012096,-64.7803,131.8877,0,-64.8182,132.5343,1,0,0
-64.8266,131.9988,1,2012097,-64.7952,131.5915,0,-64.8266,131.9988,1,0,0
-64.8364,131.6285,1,2012098,-64.8119,131.2863,0,-64.8364,131.6285,1,0,0
-64.8383,131.1004,1,2012099,-64.83,130.97,1,-64.8383,131.1004,1,21,8
-64.8495,131.0362,1,2012100,-64.8631,130.6425,0,-64.8495,131.0362,1,0,0
-64.9674,130.6442,1,2012101,-64.9184,130.3053,0,-64.9674,130.6442,1,0,0
-64.9839,130.3128,1,2012102,-64.986,129.9583,0,-64.9839,130.3128,1,0,0
-64.9604,129.9835,1,2012103,-65.0559,129.6014,0,-64.9604,129.9835,1,0,0
-65.031,129.821,1,2012104,-65.1182,129.2345,0,-65.031,129.821,1,0,0
-64.9952,129.4496,1,2012105,-65.1629,128.8574,0,-64.9952,129.4496,1,0,0
-65.0886,129.1436,1,2012106,-65.18,128.47,1,-65.0886,129.1436,1,21,8
-65.1633,128.8877,1,2012107,-65.1772,128.0287,0,-65.1633,128.8877,1,0,0
-65.233,128.6814,1,2012108,-65.1701,127.5183,0,-65.233,128.6814,1,0,0
-65.2319,128.1942,1,2012109,-65.1603,126.9813,0,-65.2319,128.1942,1,0,0
-65.2723,127.9199,1,2012110,-65.1497,126.4604,0,-65.2723,127.9199,1,0,0
-65.1795,127.4009,1,2012111,-65.1399,125.9982,0,-65.1795,127.4009,1,0,0
-65.1963,127.0793,1,2012112,-65.1328,125.6372,0,-65.1963,127.0793,1,0,0
-65.1518,126.9873,1,2012113,-65.13,125.42,1,-65.1518,126.9873,1,21,8
-65.1086,126.7742,1,2012114,-65.1333,125.2938,0,-65.1086,126.7742,1,0,0
-65.0712,126.3859,1,2012115,-65.1419,125.1792,0,-65.0712,126.3859,1,0,0
-65.0809,125.9608,1,2012116,-65.1536,125.0791,0,-65.0809,125.9608,1,0,0
-65.0995,125.6615,1,2012117,-65.1664,124.9962,0,-65.0995,125.6615,1,0,0
-65.1563,125.3122,1,2012118,-65.1781,124.9336,0,-65.1563,125.3122,1,0,0
-65.2468,125.0066,1,2012119,-65.1867,124.8939,0,-65.2468,125.0066,1,0,0
-65.3029,124.5667,1,2012120,-65.19,124.88,1,-65.3029,124.5667,1,21,8
-65.3555,124.2165,1,2012121,-65.19,124.88,0,-65.3555,124.2165,1,0,0
-65.4761,123.8301,1,2012122,-65.19,124.88,0,-65.4761,123.8301,1,0,0
-65.5299,123.5502,1,2012123,-65.19,124.88,0,-65.5299,123.5502,1,0,0
-65.6125,123.3345,1,2012124,-65.19,124.88,0,-65.6125,123.3345,1,0,0
-65.584,123.309,1,2012125,-65.19,124.88,0,-65.584,123.309,1,0,0
-65.6397,123.3215,1,2012126,-65.19,124.88,0,-65.6397,123.3215,1,0,0
-65.6291,123.273,1,2012127,-65.19,124.88,1,-65.6291,123.273,1,21,8
-65.6227,123.3835,1,2012128,-65.2045,124.6798,0,-65.6227,123.3835,1,0,0
-65.6478,123.3344,1,2012129,-65.2434,124.1578,0,-65.6478,123.3344,1,0,0
-65.6365,123.4626,1,2012130,-65.2993,123.4315,0,-65.6365,123.4626,1,0,0
-65.604,123.3217,1,2012131,-65.3651,122.6189,0,-65.604,123.3217,1,0,0
-65.5126,123.0951,1,2012132,-65.4336,121.8376,0,-65.5126,123.0951,1,0,0
-65.4599,122.9,1,2012133,-65.4977,121.2054,0,-65.4599,122.9,1,0,0
-65.4246,122.8579,1,2012134,-65.55,120.84,1,-65.4246,122.8579,1,21,8
-65.3774,122.6851,1,2012135,-65.5973,120.6535,0,-65.3774,122.6851,1,0,0
-65.4759,121.9581,1,2012136,-65.6485,120.4827,0,-65.4759,121.9581,1,0,0
-65.5082,121.2902,1,2012137,-65.6995,120.3324,0,-65.5082,121.2902,1,0,0
-65.6754,120.6644,1,2012138,-65.7461,120.2072,0,-65.6754,120.6644,1,0,0
-65.7454,120.4705,1,2012139,-65.7845,120.1119,0,-65.7454,120.4705,1,0,0
-65.8039,120.227,1,2012140,-65.8104,120.0513,0,-65.8039,120.227,1,0,0
-65.8186,120.2611,1,2012141,-65.82,120.03,1,-65.8186,120.2611,1,21,8
-65.857,120.2911,1,2012142,-65.8189,120.0538,0,-65.857,120.2911,1,0,0
-65.7885,120.243,1,2012143,-65.816,120.1152,0,-65.7885,120.243,1,0,0
-65.8002,120.2904,1,2012144,-65.8121,120.1992,0,-65.8002,120.2904,1,0,0
-65.778,120.3825,1,2012145,-65.8079,120.2908,0,-65.778,120.3825,1,0,0
-65.8217,120.4384,1,2012146,-65.804,120.3748,0,-65.8217,120.4384,1,0,0
-65.8094,120.489,1,2012147,-65.8011,120.4362,0,-65.8094,120.489,1,0,0
-65.825,120.4243,1,2012148,-65.8,120.46,1,-65.825,120.4243,1,21,8
-65.8518,120.55,1,2012149,-65.8,120.46,0,-65.8518,120.55,1,0,0
-65.7949,120.4061,1,2012150,-65.8,120.46,0,-65.7949,120.4061,1,0,0
-65.8088,120.4446,1,2012151,-65.8,120.46,0,-65.8088,120.4446,1,0,0
-65.8305,120.4014,1,2012152,-65.8,120.46,0,-65.8305,120.4014,1,0,0
-65.8219,120.5318,1,2012153,-65.8,120.46,0,-65.8219,120.5318,1,0,0
-65.8237,120.5714,1,2012154,-65.8,120.46,0,-65.8237,120.5714,1,0,0
-65.8436,120.631,1,2012155,-65.8,120.46,1,-65.8436,120.631,1,21,8
-65.7658,120.6676,1,2012156,-65.8055,120.4401,0,-65.7658,120.6676,1,0,0
-65.7587,120.6507,1,2012157,-65.8198,120.3886,0,-65.7587,120.6507,1,0,0
-65.7458,120.6569,1,2012158,-65.8394,120.3183,0,-65.7458,120.6569,1,0,0
-65.7543,120.6691,1,2012159,-65.8606,120.2417,0,-65.7543,120.6691,1,0,0
-65.7944,120.5038,1,2012160,-65.8802,120.1714,0,-65.7944,120.5038,1,0,0
-65.751,120.5412,1,2012161,-65.8945,120.1199,0,-65.751,120.5412,1,0,0
-65.797,120.4459,1,2012162,-65.9,120.1,1,-65.797,120.4459,1,21,8
-65.7876,120.3896,1,2012163,-65.9,120.1,0,-65.7876,120.3896,1,0,0
-65.8102,120.391,1,2012164,-65.9,120.1,0,-65.8102,120.391,1,0,0
-65.8531,120.4028,1,2012165,-65.9,120.1,0,-65.8531,120.4028,1,0,0
-65.9065,120.2745,1,2012166,-65.9,120.1,0,-65.9065,120.2745,1,0,0
-65.9578,120.2987,1,2012167,-65.9,120.1,0,-65.9578,120.2987,1,0,0
-66.0147,120.2994,1,2012168,-65.9,120.1,0,-66.0147,120.2994,1,0,0
-66.0626,120.3373,1,2012169,-65.9,120.1,1,-66.0626,120.3373,1,21,8
-66.0987,120.2329,1,2012170,-65.9122,120.1129,0,-66.0987,120.2329,1,0,0
-66.1257,120.3599,1,2012171,-65.945,120.1483,0,-66.1257,120.3599,1,0,0
-66.142,120.3392,1,2012172,-65.9923,120.2017,0,-66.142,120.3392,1,0,0
-66.1686,120.3716,1,2012173,-66.0484,120.2682,0,-66.1686,120.3716,1,0,0
-66.19,120.3775,1,2012174,-66.1073,120.3433,0,-66.19,120.3775,1,0,0
-66.2151,120.4644,1,2012175,-66.1631,120.4221,0,-66.2151,120.4644,1,0,0
-66.2313,120.4438,1,2012176,-66.21,120.5,1,-66.2313,120.4438,1,21,8
-66.253,120.4567,0,2012177,-66.2526,120.5995,0,-66.253,120.4567,0,0,0
-66.2664,120.4888,1,2012178,-66.2979,120.734,0,-66.2664,120.4888,1,0,0
-66.257,120.5762,1,2012179,-66.3431,120.8853,0,-66.257,120.5762,1,0,0
-66.2982,120.5477,1,2012180,-66.3856,121.0348,0,-66.2982,120.5477,1,0,0
-66.2829,120.5635,1,2012181,-66.4227,121.1643,0,-66.2829,120.5635,1,0,0
-66.3078,120.5555,1,2012182,-66.4517,121.2555,0,-66.3078,120.5555,1,0,0
-66.3133,120.5321,1,2012183,-66.47,121.29,1,-66.3133,120.5321,1,20,8
-66.3537,120.4583,1,2012184,-66.4816,121.2003,0,-66.3537,120.4583,1,0,0
-66.368,120.543,1,2012185,-66.4921,120.9688,0,-66.368,120.543,1,0,0
-66.4287,120.3333,1,2012186,-66.5014,120.6524,0,-66.4287,120.3333,1,0,0
-66.3727,120.4742,1,2012187,-66.5091,120.3076,0,-66.3727,120.4742,1,0,0
-66.322,120.349,1,2012188,-66.515,119.9912,0,-66.322,120.349,1,0,0
-66.3407,120.3193,1,2012189,-66.5187,119.7597,0,-66.3407,120.3193,1,0,0
-66.4201,120.1751,1,2012190,-66.52,119.67,1,-66.4201,120.1751,1,20,8
-66.4646,120.0817,1,2012191,-66.52,119.67,0,-66.4646,120.0817,1,0,0
-66.4673,119.921,1,2012192,-66.52,119.67,0,-66.4673,119.921,1,0,0
-66.4622,119.8444,1,2012193,-66.52,119.67,0,-66.4622,119.8444,1,0,0
-66.4633,119.8398,1,2012194,-66.52,119.67,0,-66.4633,119.8398,1,0,0
-66.5252,119.6686,1,2012195,-66.52,119.67,0,-66.5252,119.6686,1,0,0
-66.5166,119.5556,1,2012196,-66.52,119.67,0,-66.5166,119.5556,1,0,0
-66.5188,119.5464,1,2012197,-66.52,119.67,1,-66.5188,119.5464,1,20,8
-66.4801,119.4663,1,2012198,-66.5145,119.6288,0,-66.4801,119.4663,1,0,0
-66.464,119.4878,1,2012199,-66.5002,119.5214,0,-66.464,119.4878,1,0,0
-66.4673,119.4734,1,2012200,-66.4806,119.3724,0,-66.4673,119.4734,1,0,0
-66.4501,119.3987,1,2012201,-66.4594,119.2062,0,-66.4501,119.3987,1,0,0
-66.4512,119.3941,1,2012202,-66.4398,119.0474,0,-66.4512,119.3941,1,0,0
-66.4254,119.3577,1,2012203,-66.4255,118.9205,0,-66.4254,119.3577,1,0,0
-66.4169,119.2954,1,2012204,-66.42,118.85,1,-66.4169,119.2954,1,21,8
-66.4438,119.3271,1,2012205,-66.4211,118.8218,0,-66.4438,119.3271,1,0,0
-66.435,119.2141,1,2012206,-66.424,118.8028,0,-66.435,119.2141,1,0,0
-66.4372,119.2049,1,2012207,-66.4279,118.7892,0,-66.4372,119.2049,1,0,0
-66.4757,119.0322,1,2012208,-66.4321,118.777,0,-66.4757,119.0322,1,0,0
-66.4498,119.047,1,2012209,-66.436,118.7623,0,-66.4498,119.047,1,0,0
-66.4658,118.9749,1,2012210,-66.4389,118.7413,0,-66.4658,118.9749,1,0,0
-66.4121,119.064,1,2012211,-66.44,118.71,1,-66.4121,119.064,1,21,8
-66.406,119.0616,0,2012212,-66.4022,118.5522,0,-66.406,119.0616,0,0,0
-66.403,119.055,0,2012213,-66.3047,118.2061,0,-66.403,119.055,0,0,0
-66.4015,119.0451,0,2012214,-66.1714,117.7491,0,-66.4015,119.0451,0,0,0
-66.4001,119.0327,0,2012215,-66.0261,117.2587,0,-66.4001,119.0327,0,0,0
-66.3973,119.0187,0,2012216,-65.8928,116.8125,0,-66.3973,119.0187,0,0,0
-66.3917,119.0039,1,2012217,-65.7953,116.4879,0,-66.3917,119.0039,1,0,0
-66.3626,118.9826,1,2012218,-65.7575,116.3625,1,-66.3626,118.9826,1,21,17
-66.3874,118.9729,1,2012219,-65.7889,116.4876,0,-66.3874,118.9729,1,0,0
-66.4052,118.8412,1,2012220,-65.8699,116.8101,0,-66.4052,118.8412,1,0,0
-66.3953,118.7842,1,2012221,-65.9808,117.251,0,-66.3953,118.7842,1,0,0
-66.3919,118.7485,1,2012222,-66.1019,117.7315,0,-66.3919,118.7485,1,0,0
-66.405,118.7914,1,2012223,-66.2136,118.1724,0,-66.405,118.7914,1,0,0
-66.3834,118.7868,1,2012224,-66.2962,118.4949,0,-66.3834,118.7868,1,0,0
-66.3834,118.7868,1,2012225,-66.33,118.62,1,-66.3834,118.7868,1,20,7
-66.352,118.725,1,2012226,-66.3326,118.6095,0,-66.352,118.725,1,0,0
-66.3403,118.7278,1,2012227,-66.3348,118.5823,0,-66.3403,118.7278,1,0,0
-66.3475,118.644,1,2012228,-66.3367,118.5452,0,-66.3475,118.644,1,0,0
-66.3535,118.5653,1,2012229,-66.3381,118.5048,0,-66.3535,118.5653,1,0,0
-66.3548,118.6108,1,2012230,-66.3392,118.4677,0,-66.3548,118.6108,1,0,0
-66.406,118.5307,1,2012231,-66.3398,118.4405,0,-66.406,118.5307,1,0,0
-66.3853,118.4927,0,2012232,-66.34,118.43,1,-66.3853,118.4927,0,20,7
-66.3646,118.4625,1,2012233,-66.34,118.43,0,-66.3646,118.4625,1,0,0
-66.4172,118.4278,1,2012234,-66.34,118.43,0,-66.4172,118.4278,1,0,0
-66.3913,118.2873,1,2012235,-66.34,118.43,0,-66.3913,118.2873,1,0,0
-66.4029,118.3903,1,2012236,-66.34,118.43,0,-66.4029,118.3903,1,0,0
-66.3587,118.3865,1,2012237,-66.34,118.43,0,-66.3587,118.3865,1,0,0
-66.3703,118.3336,1,2012238,-66.34,118.43,0,-66.3703,118.3336,1,0,0
-66.3191,118.2589,1,2012239,-66.34,118.43,1,-66.3191,118.2589,1,20,7
-66.379,118.19,1,2012240,-66.3433,118.3862,0,-66.379,118.19,1,0,0
-66.3902,118.1371,1,2012241,-66.3519,118.2734,0,-66.3902,118.1371,1,0,0
-66.4036,118.0744,1,2012242,-66.3636,118.1191,0,-66.4036,118.0744,1,0,0
-66.3954,118.0078,1,2012243,-66.3764,117.9509,0,-66.3954,118.0078,1,0,0
-66.4422,117.8403,1,2012244,-66.3881,117.7966,0,-66.4422,117.8403,1,0,0
-66.3959,117.8481,1,2012245,-66.3967,117.6838,0,-66.3959,117.8481,1,0,0
-66.4279,117.8031,1,2012246,-66.4,117.64,1,-66.4279,117.8031,1,20,7
-66.4041,117.8094,1,2012247,-66.3967,117.6466,0,-66.4041,117.8094,1,0,0
-66.3652,117.888,1,2012248,-66.3881,117.6638,0,-66.3652,117.888,1,0,0
-66.3843,117.851,1,2012249,-66.3764,117.6872,0,-66.3843,117.851,1,0,0
-66.4459,117.8766,1,2012250,-66.3636,117.7128,0,-66.4459,117.8766,1,0,0
-66.3932,117.702,1,2012251,-66.3519,117.7362,0,-66.3932,117.702,1,0,0
-66.4099,117.8357,1,2012252,-66.3433,117.7534,0,-66.4099,117.8357,1,0,0
-66.416,117.8062,1,2012253,-66.34,117.76,1,-66.416,117.8062,1,20,7
-66.3814,117.7053,1,2012254,-66.3414,117.7469,0,-66.3814,117.7053,1,0,0
-66.3586,117.8671,1,2012255,-66.3451,117.7123,0,-66.3586,117.8671,1,0,0
-66.3622,117.7971,1,2012256,-66.3502,117.6627,0,-66.3622,117.7971,1,0,0
-66.4256,117.602,1,2012257,-66.3561,117.605,0,-66.4256,117.602,1,0,0
-66.4358,117.6594,1,2012258,-66.3619,117.5458,0,-66.4358,117.6594,1,0,0
-66.4177,117.5861,1,2012259,-66.3668,117.4919,0,-66.4177,117.5861,1,0,0
-66.4456,117.6661,1,2012260,-66.37,117.45,1,-66.4456,117.6661,1,20,7
-66.3763,117.7299,1,2012261,-66.3721,117.4147,0,-66.3763,117.7299,1,0,0
-66.4154,117.6508,1,2012262,-66.3742,117.378,0,-66.4154,117.6508,1,0,0
-66.4067,117.4789,1,2012263,-66.376,117.3422,0,-66.4067,117.4789,1,0,0
-66.405,117.434,1,2012264,-66.3776,117.3101,0,-66.405,117.434,1,0,0
-66.406,117.4292,1,2012265,-66.3789,117.2839,0,-66.406,117.4292,1,0,0
-66.4242,117.5023,1,2012266,-66.3797,117.2664,0,-66.4242,117.5023,1,0,0
-66.409,117.4144,1,2012267,-66.38,117.26,1,-66.409,117.4144,1,20,7
-66.4448,117.3498,1,2012268,-66.3761,117.2606,0,-66.4448,117.3498,1,0,0
-66.4234,117.2914,1,2012269,-66.3661,117.262,0,-66.4234,117.2914,1,0,0
-66.4036,117.3339,1,2012270,-66.3524,117.2639,0,-66.4036,117.3339,1,0,0
-66.4242,117.3419,1,2012271,-66.3376,117.2661,0,-66.4242,117.3419,1,0,0
-66.3385,117.3792,1,2012272,-66.3239,117.268,0,-66.3385,117.3792,1,0,0
-66.387,117.3613,1,2012273,-66.3139,117.2694,0,-66.387,117.3613,1,0,0
-66.2323,117.249,1,2012274,-66.31,117.27,1,-66.2323,117.249,1,20,7
-66.3784,117.3503,1,2012275,-66.31,117.2556,0,-66.3784,117.3503,1,0,0
-66.3714,117.3652,0,2012276,-66.31,117.2185,0,-66.3714,117.3652,0,0,0
-66.3554,117.3721,0,2012277,-66.31,117.1677,0,-66.3554,117.3721,0,0,0
-66.3376,117.3841,1,2012278,-66.31,117.1123,0,-66.3376,117.3841,1,0,0
-66.3189,117.4212,1,2012279,-66.31,117.0615,0,-66.3189,117.4212,1,0,0
-66.3131,117.3952,1,2012280,-66.31,117.0244,0,-66.3131,117.3952,1,0,0
-66.3,117.2985,1,2012281,-66.31,117.01,1,-66.3,117.2985,1,20,7
-66.365,117.2531,1,2012282,-66.31,117.01,0,-66.365,117.2531,1,0,0
-66.3061,117.2148,1,2012283,-66.31,117.01,0,-66.3061,117.2148,1,0,0
-66.3271,117.1679,1,2012284,-66.31,117.01,0,-66.3271,117.1679,1,0,0
-66.3368,117.1744,1,2012285,-66.31,117.01,0,-66.3368,117.1744,1,0,0
-66.3408,117.1549,1,2012286,-66.31,117.01,0,-66.3408,117.1549,1,0,0
-66.3338,117.189,1,2012287,-66.31,117.01,0,-66.3338,117.189,1,0,0
-66.332,117.1437,1,2012288,-66.31,117.01,1,-66.332,117.1437,1,20,7
-66.3538,117.0918,1,2012289,-66.3106,117.01,0,-66.3538,117.0918,1,0,0
-66.3548,117.087,1,2012290,-66.312,117.01,0,-66.3548,117.087,1,0,0
-66.354,117.0369,1,2012291,-66.3139,117.01,0,-66.354,117.0369,1,0,0
-66.359,117.0126,1,2012292,-66.3161,117.01,0,-66.359,117.0126,1,0,0
-66.3431,117.0356,1,2012293,-66.318,117.01,0,-66.3431,117.0356,1,0,0
-66.355,117.0322,1,2012294,-66.3194,117.01,0,-66.355,117.0322,1,0,0
-66.3638,117.0433,1,2012295,-66.32,117.01,1,-66.3638,117.0433,1,20,7
-66.391,117.1271,1,2012296,-66.32,117.0072,0,-66.391,117.1271,1,0,0
-66.3635,117.0981,1,2012297,-66.32,117.0001,0,-66.3635,117.0981,1,0,0
-66.3723,117.1094,1,2012298,-66.32,116.9903,0,-66.3723,117.1094,1,0,0
-66.3763,117.0899,1,2012299,-66.32,116.9797,0,-66.3763,117.0899,1,0,0
-66.3517,117.1017,1,2012300,-66.32,116.9699,0,-66.3517,117.1017,1,0,0
-66.3668,117.0286,1,2012301,-66.32,116.9628,0,-66.3668,117.0286,1,0,0
-66.3382,117.0599,1,2012302,-66.32,116.96,1,-66.3382,117.0599,1,20,7
-66.3636,117.0983,1,2012303,-66.3167,116.9733,0,-66.3636,117.0983,1,0,0
-66.3555,117.1371,1,2012304,-66.3081,117.0076,0,-66.3555,117.1371,1,0,0
-66.3586,117.1224,1,2012305,-66.2964,117.0545,0,-66.3586,117.1224,1,0,0
-66.3586,117.1224,1,2012306,-66.2836,117.1055,0,-66.3586,117.1224,1,0,0
-66.3586,117.1224,1,2012307,-66.2719,117.1524,0,-66.3586,117.1224,1,0,0
-66.3586,117.1224,1,2012308,-66.2633,117.1867,0,-66.3586,117.1224,1,0,0
-66.3586,117.1224,1,2012309,-66.26,117.2,1,-66.3586,117.1224,1,20,7
-66.3586,117.1224,1,2012310,-66.2628,117.1939,0,-66.3586,117.1224,1,0,0
-66.334,117.1341,1,2012311,-66.2699,117.1782,0,-66.334,117.1341,1,0,0
-66.3137,117.2861,1,2012312,-66.2797,117.1567,0,-66.3137,117.2861,1,0,0
-66.3316,117.2534,1,2012313,-66.2903,117.1333,0,-66.3316,117.2534,1,0,0
-66.3413,117.2598,1,2012314,-66.3001,117.1118,0,-66.3413,117.2598,1,0,0
-66.3406,117.2097,1,2012315,-66.3072,117.0961,0,-66.3406,117.2097,1,0,0
-66.3423,117.2551,1,2012316,-66.31,117.09,1,-66.3423,117.2551,1,20,7
-66.3814,117.0652,1,2012317,-66.3053,117.0964,0,-66.3814,117.0652,1,0,0
-66.3813,117.0656,1,2012318,-66.2931,117.1128,0,-66.3813,117.0656,1,0,0
-66.3389,117.1099,1,2012319,-66.2765,117.1353,0,-66.3389,117.1099,1,0,0
-66.337,117.1195,1,2012320,-66.2585,117.1597,0,-66.337,117.1195,1,0,0
-66.3634,117.1531,1,2012321,-66.2419,117.1822,0,-66.3634,117.1531,1,0,0
-66.3498,117.1112,1,2012322,-66.2297,117.1986,0,-66.3498,117.1112,1,0,0
-66.3636,117.0982,1,2012323,-66.225,117.205,1,-66.3636,117.0982,1,12,6
-66.325,117.1778,1,2012324,-66.2286,117.1975,0,-66.325,117.1778,1,0,0
-66.3824,117.0605,1,2012325,-66.2379,117.1782,0,-66.3824,117.0605,1,0,0
-66.3725,117.0544,1,2012326,-66.2506,117.1519,0,-66.3725,117.0544,1,0,0
-66.3725,117.0544,1,2012327,-66.2644,117.1231,0,-66.3725,117.0544,1,0,0
-66.3693,117.1241,1,2012328,-66.2771,117.0968,0,-66.3693,117.1241,1,0,0
-66.3508,117.1064,1,2012329,-66.2864,117.0775,0,-66.3508,117.1064,1,0,0
-66.3588,117.0675,1,2012330,-66.29,117.07,1,-66.3588,117.0675,1,20,8
-66.3766,117.035,1,2012331,-66.2872,117.0783,0,-66.3766,117.035,1,0,0
-66.3447,117.1358,1,2012332,-66.2801,117.0997,0,-66.3447,117.1358,1,0,0
-66.3418,117.1502,1,2012333,-66.2703,117.129,0,-66.3418,117.1502,1,0,0
-66.3202,117.1472,1,2012334,-66.2597,117.161,0,-66.3202,117.1472,1,0,0
-66.3017,117.1296,1,2012335,-66.2499,117.1903,0,-66.3017,117.1296,1,0,0
-66.2937,117.1684,1,2012336,-66.2428,117.2117,0,-66.2937,117.1684,1,0,0
-66.28,117.1814,1,2012337,-66.24,117.22,1,-66.28,117.1814,1,20,8
-66.2719,117.2202,1,2012338,-66.2425,117.2045,0,-66.2719,117.2202,1,0,0
-66.2669,117.2443,1,2012339,-66.2489,117.1645,0,-66.2669,117.2443,1,0,0
-66.2835,117.2715,1,2012340,-66.2579,117.1098,0,-66.2835,117.2715,1,0,0
-66.3204,117.1468,1,2012341,-66.268,117.0502,0,-66.3204,117.1468,1,0,0
-66.3361,117.1243,1,2012342,-66.2777,116.9955,0,-66.3361,117.1243,1,0,0
-66.3274,117.0582,1,2012343,-66.2855,116.9555,0,-66.3274,117.0582,1,0,0
-66.35,117.0564,1,2012344,-66.29,116.94,1,-66.35,117.0564,1,21,8
-66.207,117.2114,1,2012345,-66.2923,116.9422,0,-66.207,117.2114,1,0,0
-66.2084,117.206,1,2012346,-66.2944,116.9479,0,-66.2084,117.206,1,0,0
-66.2126,117.1321,1,2012347,-66.2963,116.9557,0,-66.2126,117.1321,1,0,0
-66.2503,117.272,1,2012348,-66.2978,116.9643,0,-66.2503,117.272,1,0,0
-66.2123,117.1866,1,2012349,-66.299,116.9721,0,-66.2123,117.1866,1,0,0
-66.2229,117.243,1,2012350,-66.2997,116.9778,0,-66.2229,117.243,1,0,0
-66.1996,117.1948,1,2012351,-66.3,116.98,1,-66.1996,117.1948,1,21,8
-66.1959,117.1597,1,2012352,-66.2969,116.9778,0,-66.1959,117.1597,1,0,0
-66.2226,117.185,1,2012353,-66.2885,116.9721,0,-66.2226,117.185,1,0,0
-66.2226,117.185,1,2012354,-66.2763,116.9643,0,-66.2226,117.185,1,0,0
-66.2226,117.185,1,2012355,-66.2619,116.9557,0,-66.2226,117.185,1,0,0
-66.2226,117.185,1,2012356,-66.2467,116.9479,0,-66.2226,117.185,1,0,0
-66.1778,117.1002,1,2012357,-66.2323,116.9422,0,-66.1778,117.1002,1,0,0
-66.1744,117.1527,1,2012358,-66.22,116.94,1,-66.1744,117.1527,1,21,8
-66.1744,117.1527,1,2012359,-66.2091,116.9455,0,-66.1744,117.1527,1,0,0
-66.2272,117.1071,1,2012360,-66.1978,116.9598,0,-66.2272,117.1071,1,0,0
-66.2641,116.9899,1,2012361,-66.1866,116.9794,0,-66.2641,116.9899,1,0,0
-66.2702,116.9063,1,2012362,-66.1759,117.0006,0,-66.2702,116.9063,1,0,0
-66.2592,116.9598,1,2012363,-66.1659,117.0202,0,-66.2592,116.9598,1,0,0
-66.2679,117.0256,1,2012364,-66.1572,117.0345,0,-66.2679,117.0256,1,0,0
-66.2756,117.0415,1,2012365,-66.15,117.04,1,-66.2756,117.0415,1,21,8
-66.2643,116.8805,1,2012366,-66.1439,117.0363,0,-66.2643,116.8805,1,0,0
-66.2378,116.9024,1,2013001,-66.141,117.0321,0,-66.2378,116.9024,1,0,0
-66.1778,116.9792,1,2013002,-66.1355,117.0203,0,-66.1778,116.9792,1,0,0
-66.1837,117.0045,1,2013003,-66.1306,117.0059,0,-66.1837,117.0045,1,0,0
-66.1717,117.0625,1,2013004,-66.1263,116.9913,0,-66.1717,117.0625,1,0,0
-66.1769,116.9835,1,2013005,-66.1228,116.9786,0,-66.1769,116.9835,1,0,0
-66.2076,116.8884,1,2013006,-66.12,116.97,1,-66.2076,116.8884,1,21,8
-66.2152,116.9591,1,2013007,0,0,0,-66.2152,116.9591,1,0,0
-66.175,116.9389,1,2013008,0,0,0,-66.175,116.9389,1,0,0
-66.1702,116.9086,1,2013009,0,0,0,-66.1702,116.9086,1,0,0
-66.2086,116.8837,1,2013010,0,0,0,-66.2086,116.8837,1,0,0
-66.238,116.8196,0,2013011,0,0,0,-66.238,116.8196,0,0,0
-66.2667,116.7066,1,2013012,0,0,0,-66.2667,116.7066,1,0,0
-66.3019,116.4768,1,2013013,0,0,0,-66.3019,116.4768,1,0,0
-66.3333,116.4858,1,2013014,0,0,0,-66.3333,116.4858,1,0,0
-66.3144,116.359,1,2013015,0,0,0,-66.3144,116.359,1,0,0
-66.3331,116.3761,1,2013016,0,0,0,-66.3331,116.3761,1,0,0
-66.3673,116.3147,1,2013017,0,0,0,-66.3673,116.3147,1,0,0
-66.2457,116.3722,1,2013018,0,0,0,-66.2457,116.3722,1,0,0
-66.2321,116.3308,1,2013019,0,0,0,-66.2321,116.3308,1,0,0
-66.2902,116.4266,1,2013020,-66.1,116.92,1,-66.2902,116.4266,1,21,8
-66.3038,116.4678,1,2013021,-66.0967,116.9154,0,-66.3038,116.4678,1,0,0
-66.3038,116.5225,1,2013022,-66.0917,116.91,0,-66.3038,116.5225,1,0,0
-66.2361,116.6393,1,2013023,-66.086,116.9043,0,-66.2361,116.6393,1,0,0
-66.1852,116.6183,1,2013024,-66.0801,116.8989,0,-66.1852,116.6183,1,0,0
-66.1226,116.5468,1,2013025,-66.075,116.8943,0,-66.1226,116.5468,1,0,0
-66.1649,116.502,1,2013026,-66.0714,116.8912,0,-66.1649,116.502,1,0,0
-66.1913,116.4801,1,2013027,-66.07,116.89,1,-66.1913,116.4801,1,21,8
-66.1883,116.4948,1,2013028,-66.07,116.89,0,-66.1883,116.4948,1,0,0
-66.1795,116.4839,1,2013029,-66.07,116.89,0,-66.1795,116.4839,1,0,0
-66.1501,116.5203,1,2013030,-66.07,116.89,0,-66.1501,116.5203,1,0,0
-66.103,116.5893,1,2013031,-66.07,116.89,0,-66.103,116.5893,1,0,0
-66.0639,116.5106,1,2013032,-66.07,116.89,0,-66.0639,116.5106,1,0,0
-66.0671,116.5039,0,2013033,-66.07,116.89,0,-66.0671,116.5039,0,0,0
-66.0735,116.5008,0,2013034,-66.07,116.89,1,-66.0735,116.5008,0,21,8
-66.0777,116.4975,1,2013035,-66.0639,116.8906,0,-66.0777,116.4975,1,0,0
-66.0787,116.4927,1,2013036,-66.0482,116.892,0,-66.0787,116.4927,1,0,0
-66.061,116.4711,1,2013037,-66.0267,116.8939,0,-66.061,116.4711,1,0,0
-66.0267,116.4773,1,2013038,-66.0033,116.8961,0,-66.0267,116.4773,1,0,0
-66.0267,116.4773,1,2013039,-65.9818,116.898,0,-66.0267,116.4773,1,0,0
-66.0267,116.4773,1,2013040,-65.9661,116.8994,0,-66.0267,116.4773,1,0,0
-66.0267,116.4773,1,2013041,-65.96,116.9,1,-66.0267,116.4773,1,21,8
-66.0267,116.4773,0,2013042,-65.96,116.9,0,-66.0267,116.4773,0,0,0
-66.0267,116.4773,1,2013043,-65.96,116.9,0,-66.0267,116.4773,1,0,0
-66.0267,116.4773,1,2013044,-65.96,116.9,0,-66.0267,116.4773,1,0,0
-66.0104,116.532,0,2013045,-65.96,116.9,0,-66.0104,116.532,0,0,0
-65.9759,116.6514,0,2013046,-65.96,116.9,0,-65.9759,116.6514,0,0,0
-65.9453,116.7682,1,2013047,-65.96,116.9,0,-65.9453,116.7682,1,0,0
-65.9267,116.8586,1,2013048,-65.96,116.9,1,-65.9267,116.8586,1,21,8
-65.9215,116.9902,1,2013049,0,0,0,-65.9215,116.9902,1,0,0
-65.9176,117.0066,0,2013050,0,0,0,-65.9176,117.0066,0,0,0
-65.9156,117.0186,1,2013051,0,0,0,-65.9156,117.0186,1,0,0
-65.9322,117.0453,1,2013052,0,0,0,-65.9322,117.0453,1,0,0
-65.9321,117.0452,1,2013053,0,0,0,-65.9321,117.0452,1,0,0
-65.9273,117.0151,1,2013054,0,0,0,-65.9273,117.0151,1,0,0
-65.9292,117.0597,1,2013055,0,0,0,-65.9292,117.0597,1,0,0
-65.9098,116.9932,1,2013056,0,0,0,-65.9098,116.9932,1,0,0
-65.902,116.9777,1,2013057,0,0,0,-65.902,116.9777,1,0,0
-65.8972,116.9476,1,2013058,0,0,0,-65.8972,116.9476,1,0,0
-65.9826,116.9094,1,2013059,0,0,0,-65.9826,116.9094,1,0,0
-65.8833,116.9607,1,2013060,0,0,0,-65.8833,116.9607,1,0,0
-65.8717,116.964,1,2013061,0,0,0,-65.8717,116.964,1,0,0
-65.8725,116.9675,0,2013062,0,0,0,-65.8725,116.9675,0,0,0
-65.8751,116.9719,0,2013063,0,0,0,-65.8751,116.9719,0,0,0
-65.8796,116.9797,1,2013064,0,0,0,-65.8796,116.9797,1,0,0
-65.9059,117.0125,1,2013065,0,0,0,-65.9059,117.0125,1,0,0
-65.8196,117.0012,1,2013066,0,0,0,-65.8196,117.0012,1,0,0
-65.8139,117.0298,1,2013067,0,0,0,-65.8139,117.0298,1,0,0
-65.8386,116.9645,1,2013068,0,0,0,-65.8386,116.9645,1,0,0
-65.8219,116.938,1,2013069,0,0,0,-65.8219,116.938,1,0,0
-65.7719,116.966,1,2013070,0,0,0,-65.7719,116.966,1,0,0
-65.7964,117.008,1,2013071,0,0,0,-65.7964,117.008,1,0,0
-65.7788,116.9862,1,2013072,0,0,0,-65.7788,116.9862,1,0,0
-65.7309,116.9509,1,2013073,0,0,0,-65.7309,116.9509,1,0,0
-65.7301,116.9556,1,2013074,0,0,0,-65.7301,116.9556,1,0,0
-65.6966,117.0097,1,2013075,0,0,0,-65.6966,117.0097,1,0,0
-65.6692,117.0352,1,2013076,0,0,0,-65.6692,117.0352,1,0,0
-65.6036,117.0315,1,2013077,0,0,0,-65.6036,117.0315,1,0,0
-65.6107,116.9985,1,2013078,0,0,0,-65.6107,116.9985,1,0,0
-65.6588,116.9805,1,2013079,0,0,0,-65.6588,116.9805,1,0,0
-65.6447,116.9903,0,2013080,0,0,0,-65.6447,116.9903,0,0,0
-65.6214,117,1,2013081,0,0,0,-65.6214,117,1,0,0
-65.6029,116.9831,1,2013082,0,0,0,-65.6029,116.9831,1,0,0
-65.5942,116.9723,1,2013083,0,0,0,-65.5942,116.9723,1,0,0
-65.5871,117.0586,1,2013084,0,0,0,-65.5871,117.0586,1,0,0
-65.5987,117.1083,1,2013085,0,0,0,-65.5987,117.1083,1,0,0
-65.6117,117.1139,0,2013086,0,0,0,-65.6117,117.1139,0,0,0
-65.6192,117.1157,1,2013087,0,0,0,-65.6192,117.1157,1,0,0
-65.6105,117.0516,1,2013088,0,0,0,-65.6105,117.0516,1,0,0
-65.5589,116.9822,1,2013089,0,0,0,-65.5589,116.9822,1,0,0
-65.504,117.0333,1,2013090,0,0,0,-65.504,117.0333,1,0,0
-65.4502,117.079,1,2013091,0,0,0,-65.4502,117.079,1,0,0
-65.4914,117.094,1,2013092,0,0,0,-65.4914,117.094,1,0,0
-65.4923,117.0893,1,2013093,0,0,0,-65.4923,117.0893,1,0,0
-65.4189,117.07,1,2013094,0,0,0,-65.4189,117.07,1,0,0
-65.3264,116.9862,1,2013095,0,0,0,-65.3264,116.9862,1,0,0
-65.2133,116.9483,1,2013096,0,0,0,-65.2133,116.9483,1,0,0
-65.195,116.9842,1,2013097,0,0,0,-65.195,116.9842,1,0,0
-65.1501,116.9357,1,2013098,0,0,0,-65.1501,116.9357,1,0,0
-65.081,116.8989,1,2013099,0,0,0,-65.081,116.8989,1,0,0
-65.049,116.8429,1,2013100,0,0,0,-65.049,116.8429,1,0,0
-65.0258,116.6938,1,2013101,0,0,0,-65.0258,116.6938,1,0,0
-65.023,116.656,1,2013102,0,0,0,-65.023,116.656,1,0,0
-65.024,116.6515,1,2013103,0,0,0,-65.024,116.6515,1,0,0
-65.0699,116.5903,1,2013104,0,0,0,-65.0699,116.5903,1,0,0
-65.0491,116.3232,1,2013105,0,0,0,-65.0491,116.3232,1,0,0
-65.0099,116.2492,1,2013106,0,0,0,-65.0099,116.2492,1,0,0
-64.9836,116.2185,1,2013107,0,0,0,-64.9836,116.2185,1,0,0
-64.9361,116.0258,1,2013108,0,0,0,-64.9361,116.0258,1,0,0
-64.9747,115.8928,1,2013109,0,0,0,-64.9747,115.8928,1,0,0
-65.037,115.6948,1,2013110,0,0,0,-65.037,115.6948,1,0,0
-65.0011,115.603,1,2013111,0,0,0,-65.0011,115.603,1,0,0
-65.1594,115.2482,1,2013112,0,0,0,-65.1594,115.2482,1,0,0
-65.1841,115.1221,1,2013113,0,0,0,-65.1841,115.1221,1,0,0
-65.1765,114.661,1,2013114,0,0,0,-65.1765,114.661,1,0,0
-65.2696,114.3452,1,2013115,0,0,0,-65.2696,114.3452,1,0,0
-65.2783,114.3557,1,2013116,0,0,0,-65.2783,114.3557,1,0,0
-65.2154,114.0595,1,2013117,0,0,0,-65.2154,114.0595,1,0,0
-65.2405,113.9268,1,2013118,0,0,0,-65.2405,113.9268,1,0,0
-65.1999,113.4475,1,2013119,0,0,0,-65.1999,113.4475,1,0,0
-65.1692,113.2633,1,2013120,0,0,0,-65.1692,113.2633,1,0,0
-65.2912,113.1217,1,2013121,0,0,0,-65.2912,113.1217,1,0,0
-65.3044,112.7441,1,2013122,0,0,0,-65.3044,112.7441,1,0,0
-65.3083,112.4771,1,2013123,0,0,0,-65.3083,112.4771,1,0,0
-65.3383,112.1169,1,2013124,0,0,0,-65.3383,112.1169,1,0,0
-65.3318,111.4577,1,2013125,0,0,0,-65.3318,111.4577,1,0,0
-65.3354,110.7836,1,2013126,0,0,0,-65.3354,110.7836,1,0,0
-65.336,110.2435,1,2013127,0,0,0,-65.336,110.2435,1,0,0
-65.2484,109.9957,1,2013128,0,0,0,-65.2484,109.9957,1,0,0
-65.2832,109.6986,1,2013129,0,0,0,-65.2832,109.6986,1,0,0
-65.2537,109.5468,1,2013130,0,0,0,-65.2537,109.5468,1,0,0
-65.2501,109.2895,1,2013131,0,0,0,-65.2501,109.2895,1,0,0
-65.2273,109.0891,1,2013132,0,0,0,-65.2273,109.0891,1,0,0
-65.2178,108.7953,1,2013133,0,0,0,-65.2178,108.7953,1,0,0
-65.2369,108.5144,1,2013134,0,0,0,-65.2369,108.5144,1,0,0
-65.2678,108.0669,1,2013135,0,0,0,-65.2678,108.0669,1,0,0
-65.3035,107.8046,1,2013136,0,0,0,-65.3035,107.8046,1,0,0
-65.3181,107.6957,1,2013137,0,0,0,-65.3181,107.6957,1,0,0
-65.3051,107.56,1,2013138,0,0,0,-65.3051,107.56,1,0,0
-65.2364,107.0606,1,2013139,0,0,0,-65.2364,107.0606,1,0,0
-65.1145,106.7291,1,2013140,0,0,0,-65.1145,106.7291,1,0,0
-65.1291,106.453,1,2013141,0,0,0,-65.1291,106.453,1,0,0
-65.0982,106.2052,1,2013142,0,0,0,-65.0982,106.2052,1,0,0
-65.0619,105.8308,1,2013143,0,0,0,-65.0619,105.8308,1,0,0
-64.9075,105.4989,1,2013144,0,0,0,-64.9075,105.4989,1,0,0
-64.856,105.3329,1,2013145,0,0,0,-64.856,105.3329,1,0,0
-64.8714,105.1142,1,2013146,0,0,0,-64.8714,105.1142,1,0,0
-64.8705,104.8538,1,2013147,0,0,0,-64.8705,104.8538,1,0,0
-64.8765,104.6191,1,2013148,0,0,0,-64.8765,104.6191,1,0,0
-64.8785,104.5095,1,2013149,0,0,0,-64.8785,104.5095,1,0,0
-64.9204,104.312,1,2013150,0,0,0,-64.9204,104.312,1,0,0
-64.957,104.1592,1,2013151,0,0,0,-64.957,104.1592,1,0,0
-64.9505,103.8372,1,2013152,0,0,0,-64.9505,103.8372,1,0,0
-64.8945,103.4986,1,2013153,0,0,0,-64.8945,103.4986,1,0,0
-64.8479,103.1621,1,2013154,0,0,0,-64.8479,103.1621,1,0,0
-64.8338,103.1024,1,2013155,0,0,0,-64.8338,103.1024,1,0,0
-64.7754,102.8764,1,2013156,0,0,0,-64.7754,102.8764,1,0,0
-64.7666,102.7621,1,2013157,0,0,0,-64.7666,102.7621,1,0,0
-64.7503,102.6176,1,2013158,0,0,0,-64.7503,102.6176,1,0,0
-64.7075,102.4335,1,2013159,0,0,0,-64.7075,102.4335,1,0,0
-64.7199,102.1947,1,2013160,0,0,0,-64.7199,102.1947,1,0,0
-64.7248,101.9211,1,2013161,0,0,0,-64.7248,101.9211,1,0,0
-64.8651,101.3519,1,2013162,0,0,0,-64.8651,101.3519,1,0,0
-64.8923,101.1462,1,2013163,0,0,0,-64.8923,101.1462,1,0,0
-64.9329,101.1394,1,2013164,0,0,0,-64.9329,101.1394,1,0,0
-64.9203,101.0496,1,2013165,0,0,0,-64.9203,101.0496,1,0,0
-64.9547,101.1183,1,2013166,0,0,0,-64.9547,101.1183,1,0,0
-64.9382,101.0738,1,2013167,0,0,0,-64.9382,101.0738,1,0,0
-64.9161,101.1004,1,2013168,0,0,0,-64.9161,101.1004,1,0,0
-64.9133,100.7689,1,2013169,0,0,0,-64.9133,100.7689,1,0,0
-64.8389,100.6999,1,2013170,0,0,0,-64.8389,100.6999,1,0,0
-64.8491,100.574,1,2013171,0,0,0,-64.8491,100.574,1,0,0
-64.792,100.6638,1,2013172,0,0,0,-64.792,100.6638,1,0,0
-64.8572,100.4732,1,2013173,0,0,0,-64.8572,100.4732,1,0,0
-64.8766,100.3516,1,2013174,0,0,0,-64.8766,100.3516,1,0,0
-64.8517,100.4142,1,2013175,0,0,0,-64.8517,100.4142,1,0,0
-64.8401,100.4352,1,2013176,0,0,0,-64.8401,100.4352,1,0,0
-64.8476,100.3392,1,2013177,0,0,0,-64.8476,100.3392,1,0,0
-64.8823,100.4066,1,2013178,0,0,0,-64.8823,100.4066,1,0,0
-64.8735,100.2617,1,2013179,0,0,0,-64.8735,100.2617,1,0,0
-64.8653,100.3681,1,2013180,0,0,0,-64.8653,100.3681,1,0,0
-64.8389,100.4504,1,2013181,0,0,0,-64.8389,100.4504,1,0,0
-64.8703,100.4325,1,2013182,0,0,0,-64.8703,100.4325,1,0,0
-64.8433,100.3948,1,2013183,0,0,0,-64.8433,100.3948,1,0,0
-64.853,100.399,1,2013184,0,0,0,-64.853,100.399,1,0,0
-64.7934,100.3942,1,2013185,0,0,0,-64.7934,100.3942,1,0,0
-64.8001,100.4387,1,2013186,0,0,0,-64.8001,100.4387,1,0,0
-64.7913,100.2943,1,2013187,0,0,0,-64.7913,100.2943,1,0,0
-64.7504,100.1786,1,2013188,0,0,0,-64.7504,100.1786,1,0,0
-64.6973,99.9597,1,2013189,0,0,0,-64.6973,99.9597,1,0,0
-64.6193,99.8045,1,2013190,0,0,0,-64.6193,99.8045,1,0,0
-64.643,99.7575,1,2013191,0,0,0,-64.643,99.7575,1,0,0
-64.6002,99.7972,1,2013192,0,0,0,-64.6002,99.7972,1,0,0
-64.5589,99.6828,1,2013193,0,0,0,-64.5589,99.6828,1,0,0
-64.5955,99.7285,1,2013194,0,0,0,-64.5955,99.7285,1,0,0
-64.5815,99.6456,1,2013195,0,0,0,-64.5815,99.6456,1,0,0
-64.5823,99.6358,1,2013196,0,0,0,-64.5823,99.6358,1,0,0
-64.5823,99.6358,1,2013197,0,0,0,-64.5823,99.6358,1,0,0
-64.5286,99.553,1,2013198,0,0,0,-64.5286,99.553,1,0,0
-64.5169,99.4408,1,2013199,0,0,0,-64.5169,99.4408,1,0,0
-64.4904,99.395,1,2013200,0,0,0,-64.4904,99.395,1,0,0
-64.4507,99.3953,1,2013201,0,0,0,-64.4507,99.3953,1,0,0
-64.4336,99.496,1,2013202,0,0,0,-64.4336,99.496,1,0,0
-64.4318,99.3826,1,2013203,0,0,0,-64.4318,99.3826,1,0,0
-64.4602,99.4039,1,2013204,0,0,0,-64.4602,99.4039,1,0,0
-64.4562,99.1772,1,2013205,0,0,0,-64.4562,99.1772,1,0,0
-64.4483,99.1493,1,2013206,0,0,0,-64.4483,99.1493,1,0,0
-64.4002,99.2693,1,2013207,0,0,0,-64.4002,99.2693,1,0,0
-64.4075,99.3074,1,2013208,0,0,0,-64.4075,99.3074,1,0,0
-64.3796,99.1387,1,2013209,0,0,0,-64.3796,99.1387,1,0,0
-64.3627,99.2397,1,2013210,0,0,0,-64.3627,99.2397,1,0,0
-64.3496,99.1429,1,2013211,0,0,0,-64.3496,99.1429,1,0,0
-64.4264,99.182,1,2013212,0,0,0,-64.4264,99.182,1,0,0
-64.4055,99.1946,1,2013213,0,0,0,-64.4055,99.1946,1,0,0
-64.3802,99.2717,1,2013214,0,0,0,-64.3802,99.2717,1,0,0
-64.3451,99.2073,1,2013215,0,0,0,-64.3451,99.2073,1,0,0
-64.4105,99.1248,1,2013216,0,0,0,-64.4105,99.1248,1,0,0
-64.4045,99.0667,1,2013217,0,0,0,-64.4045,99.0667,1,0,0
-64.3688,99.0078,1,2013218,0,0,0,-64.3688,99.0078,1,0,0
-64.3435,98.6477,1,2013219,0,0,0,-64.3435,98.6477,1,0,0
-64.2796,98.5654,1,2013220,0,0,0,-64.2796,98.5654,1,0,0
-64.2232,98.5207,1,2013221,0,0,0,-64.2232,98.5207,1,0,0
-64.2017,98.5488,1,2013222,0,0,0,-64.2017,98.5488,1,0,0
-64.1859,98.4877,1,2013223,0,0,0,-64.1859,98.4877,1,0,0
-64.121,98.4203,1,2013224,0,0,0,-64.121,98.4203,1,0,0
-64.0881,98.1629,1,2013225,0,0,0,-64.0881,98.1629,1,0,0
-64.0934,97.9189,1,2013226,0,0,0,-64.0934,97.9189,1,0,0
-64.0673,97.8611,1,2013227,0,0,0,-64.0673,97.8611,1,0,0
-64.1348,97.5556,1,2013228,0,0,0,-64.1348,97.5556,1,0,0
-64.1121,97.434,1,2013229,0,0,0,-64.1121,97.434,1,0,0
-64.1554,97.1907,1,2013230,0,0,0,-64.1554,97.1907,1,0,0
-64.2345,97.0074,1,2013231,0,0,0,-64.2345,97.0074,1,0,0
-64.2978,96.7378,1,2013232,0,0,0,-64.2978,96.7378,1,0,0
-64.2829,96.4417,1,2013233,0,0,0,-64.2829,96.4417,1,0,0
-64.2989,96.1084,1,2013234,0,0,0,-64.2989,96.1084,1,0,0
-64.3077,95.9145,1,2013235,0,0,0,-64.3077,95.9145,1,0,0
-64.3885,95.6459,1,2013236,0,0,0,-64.3885,95.6459,1,0,0
-64.4011,95.5786,1,2013237,0,0,0,-64.4011,95.5786,1,0,0
-64.4925,95.513,1,2013238,0,0,0,-64.4925,95.513,1,0,0
-64.5075,95.3845,1,2013239,0,0,0,-64.5075,95.3845,1,0,0
-64.5559,95.1561,1,2013240,0,0,0,-64.5559,95.1561,1,0,0
-64.6204,95.0021,0,2013241,0,0,0,-64.6204,95.0021,0,0,0
-64.675,94.8698,1,2013242,0,0,0,-64.675,94.8698,1,0,0
-64.6992,94.7372,1,2013243,0,0,0,-64.6992,94.7372,1,0,0
-64.7445,94.567,1,2013244,-64.7,94.46,1,-64.7445,94.567,1,21,8
-64.7465,94.5063,1,2013245,0,0,0,-64.7465,94.5063,1,0,0
-64.727,94.4977,1,2013246,0,0,0,-64.727,94.4977,1,0,0
-64.6992,94.4467,1,2013247,0,0,0,-64.6992,94.4467,1,0,0
-64.7133,94.3214,1,2013248,0,0,0,-64.7133,94.3214,1,0,0
-64.7142,94.2911,1,2013249,0,0,0,-64.7142,94.2911,1,0,0
-64.7229,94.3285,1,2013250,0,0,0,-64.7229,94.3285,1,0,0
-64.7338,94.2945,1,2013251,0,0,0,-64.7338,94.2945,1,0,0
-64.7476,94.1689,1,2013252,0,0,0,-64.7476,94.1689,1,0,0
-64.7707,94.0553,1,2013253,0,0,0,-64.7707,94.0553,1,0,0
-64.8536,93.915,1,2013254,0,0,0,-64.8536,93.915,1,0,0
-64.9001,93.655,1,2013255,0,0,0,-64.9001,93.655,1,0,0
-64.9737,93.4755,1,2013256,0,0,0,-64.9737,93.4755,1,0,0
-64.9954,93.3913,1,2013257,0,0,0,-64.9954,93.3913,1,0,0
-65.0176,93.2858,1,2013258,0,0,0,-65.0176,93.2858,1,0,0
-65.0214,93.1262,1,2013259,0,0,0,-65.0214,93.1262,1,0,0
-65.0306,93.1536,1,2013260,0,0,0,-65.0306,93.1536,1,0,0
-65.002,93.1085,1,2013261,0,0,0,-65.002,93.1085,1,0,0
-65.0541,92.9858,1,2013262,0,0,0,-65.0541,92.9858,1,0,0
-65.0261,92.9101,1,2013263,0,0,0,-65.0261,92.9101,1,0,0
-65.0392,92.7566,1,2013264,0,0,0,-65.0392,92.7566,1,0,0
-65.0836,92.4975,1,2013265,0,0,0,-65.0836,92.4975,1,0,0
-65.1076,92.2412,1,2013266,0,0,0,-65.1076,92.2412,1,0,0
-65.148,92.1779,1,2013267,0,0,0,-65.148,92.1779,1,0,0
-65.2521,91.7804,1,2013268,0,0,0,-65.2521,91.7804,1,0,0
-65.2532,91.6719,1,2013269,0,0,0,-65.2532,91.6719,1,0,0
-65.3148,91.4567,1,2013270,0,0,0,-65.3148,91.4567,1,0,0
-65.3356,91.3276,1,2013271,0,0,0,-65.3356,91.3276,1,0,0
-65.5168,90.8209,1,2013272,0,0,0,-65.5168,90.8209,1,0,0
-65.5074,90.6584,1,2013273,0,0,0,-65.5074,90.6584,1,0,0
-65.6169,90.3652,1,2013274,0,0,0,-65.6169,90.3652,1,0,0
-65.6662,90.2074,1,2013275,0,0,0,-65.6662,90.2074,1,0,0
-65.6957,89.8731,1,2013276,0,0,0,-65.6957,89.8731,1,0,0
-65.6758,89.7944,1,2013277,0,0,0,-65.6758,89.7944,1,0,0
-65.7053,89.6987,1,2013278,0,0,0,-65.7053,89.6987,1,0,0
-65.6954,89.6884,1,2013279,0,0,0,-65.6954,89.6884,1,0,0
-65.7048,89.5394,1,2013280,0,0,0,-65.7048,89.5394,1,0,0
-65.7344,89.5445,1,2013281,0,0,0,-65.7344,89.5445,1,0,0
-65.7339,89.438,1,2013282,0,0,0,-65.7339,89.438,1,0,0
-65.6943,89.4073,1,2013283,0,0,0,-65.6943,89.4073,1,0,0
-65.7332,89.2733,1,2013284,0,0,0,-65.7332,89.2733,1,0,0
-65.7815,89.1068,1,2013285,0,0,0,-65.7815,89.1068,1,0,0
-65.7877,88.6639,1,2013286,0,0,0,-65.7877,88.6639,1,0,0
-65.7868,88.5743,1,2013287,0,0,0,-65.7868,88.5743,1,0,0
-65.7737,88.2873,1,2013288,0,0,0,-65.7737,88.2873,1,0,0
-65.7224,88.132,1,2013289,0,0,0,-65.7224,88.132,1,0,0
-65.707,87.7505,1,2013290,0,0,0,-65.707,87.7505,1,0,0
-65.6954,87.6462,1,2013291,-65.75,88.46,1,-65.6954,87.6462,1,21,8
-65.7013,87.4223,1,2013292,-65.7461,88.2845,0,-65.7013,87.4223,1,0,0
-65.7066,87.1828,1,2013293,-65.7361,88.0863,0,-65.7066,87.1828,1,0,0
-65.731,86.9406,1,2013294,-65.7224,87.876,0,-65.731,86.9406,1,0,0
-65.6994,86.8548,1,2013295,-65.7076,87.6644,0,-65.6994,86.8548,1,0,0
-65.6555,86.6641,1,2013296,-65.6939,87.4624,0,-65.6555,86.6641,1,0,0
-65.5901,86.817,1,2013297,-65.6839,87.2807,0,-65.5901,86.817,1,0,0
-65.6276,86.7214,1,2013298,-65.68,87.13,1,-65.6276,86.7214,1,21,8
-65.7745,86.6743,1,2013299,0,0,0,-65.7745,86.6743,1,0,0
-65.8381,86.4672,1,2013300,0,0,0,-65.8381,86.4672,1,0,0
-65.8972,86.0934,1,2013301,0,0,0,-65.8972,86.0934,1,0,0
-65.894,85.9874,1,2013302,0,0,0,-65.894,85.9874,1,0,0
-65.8967,86.0839,1,2013303,0,0,0,-65.8967,86.0839,1,0,0
-65.889,86.1602,1,2013304,0,0,0,-65.889,86.1602,1,0,0
-65.8771,86.0867,1,2013305,0,0,0,-65.8771,86.0867,1,0,0
-65.9254,86.0466,1,2013306,0,0,0,-65.9254,86.0466,1,0,0
-65.887,86.0908,1,2013307,0,0,0,-65.887,86.0908,1,0,0
-65.9309,85.895,1,2013308,0,0,0,-65.9309,85.895,1,0,0
-65.9025,85.9434,1,2013309,0,0,0,-65.9025,85.9434,1,0,0
-65.9132,85.9683,1,2013310,0,0,0,-65.9132,85.9683,1,0,0
-65.9029,85.9539,1,2013311,0,0,0,-65.9029,85.9539,1,0,0
-65.9612,85.9169,1,2013312,-65.91,85.8,1,-65.9612,85.9169,1,21,8
-65.9426,85.9633,1,2013313,-65.91,85.8,0,-65.9426,85.9633,1,0,0
-65.9127,85.9522,1,2013314,-65.91,85.8,0,-65.9127,85.9522,1,0,0
-65.9347,86.0292,1,2013315,-65.91,85.8,0,-65.9347,86.0292,1,0,0
-65.8826,85.9364,1,2013316,-65.91,85.8,0,-65.8826,85.9364,1,0,0
-65.8647,85.9982,1,2013317,-65.91,85.8,0,-65.8647,85.9982,1,0,0
-65.8956,86.0411,1,2013318,-65.91,85.8,0,-65.8956,86.0411,1,0,0
-65.887,86.0908,1,2013319,-65.91,85.8,1,-65.887,86.0908,1,21,8
-65.9254,86.0466,1,2013320,0,0,0,-65.9254,86.0466,1,0,0
-65.9024,85.9377,1,2013321,0,0,0,-65.9024,85.9377,1,0,0
-65.917,85.8841,0,2013322,0,0,0,-65.917,85.8841,0,0,0
-65.9441,85.8458,0,2013323,0,0,0,-65.9441,85.8458,0,0,0
-65.9587,85.8312,1,2013324,0,0,0,-65.9587,85.8312,1,0,0
-65.8998,85.8526,1,2013325,0,0,0,-65.8998,85.8526,1,0,0
-65.8495,85.8186,1,2013326,0,0,0,-65.8495,85.8186,1,0,0
-65.8514,85.8774,1,2013327,0,0,0,-65.8514,85.8774,1,0,0
-65.832,85.8913,1,2013328,0,0,0,-65.832,85.8913,1,0,0
-65.8216,85.8717,1,2013329,0,0,0,-65.8216,85.8717,1,0,0
-65.8123,85.8895,1,2013330,0,0,0,-65.8123,85.8895,1,0,0
-65.8511,85.8665,1,2013331,0,0,0,-65.8511,85.8665,1,0,0
-65.8883,85.7902,1,2013332,0,0,0,-65.8883,85.7902,1,0,0
-65.8634,85.7018,0,2013333,-65.85,85.83,1,-65.8634,85.7018,0,21,8
-65.8088,85.6058,0,2013334,-65.8441,85.8107,0,-65.8088,85.6058,0,0,0
-65.7541,85.517,0,2013335,-65.8374,85.7594,0,-65.7541,85.517,0,0,0
-65.7292,85.4504,1,2013336,-65.8302,85.6865,0,-65.7292,85.4504,1,0,0
-65.7478,85.4107,1,2013337,-65.8226,85.6019,0,-65.7478,85.4107,1,0,0
-65.7675,85.4012,1,2013338,-65.815,85.5158,0,-65.7675,85.4012,1,0,0
-65.8521,85.2719,1,2013339,-65.8073,85.4385,0,-65.8521,85.2719,1,0,0
-65.8628,85.3022,1,2013340,-65.8,85.38,1,-65.8628,85.3022,1,21,8
-65.9059,85.4064,1,2013341,0,0,0,-65.9059,85.4064,1,0,0
-65.8624,85.2861,1,2013342,0,0,0,-65.8624,85.2861,1,0,0
-65.9309,85.267,1,2013343,0,0,0,-65.9309,85.267,1,0,0
-65.9656,85.1304,1,2013344,0,0,0,-65.9656,85.1304,1,0,0
-65.9863,85.1587,1,2013345,0,0,0,-65.9863,85.1587,1,0,0
-65.9824,85.0847,0,2013346,0,0,0,-65.9824,85.0847,0,0,0
-65.9712,85.0107,1,2013347,0,0,0,-65.9712,85.0107,1,0,0
-65.917,85.1573,1,2013348,0,0,0,-65.917,85.1573,1,0,0
-65.917,85.1573,1,2013349,0,0,0,-65.917,85.1573,1,0,0
-65.917,85.1573,1,2013350,0,0,0,-65.917,85.1573,1,0,0
-65.839,84.91,1,2013351,0,0,0,-65.839,84.91,1,0,0
-65.839,84.91,1,2013352,0,0,0,-65.839,84.91,1,0,0
-65.839,84.91,1,2013353,0,0,0,-65.839,84.91,1,0,0
-65.8441,84.7753,1,2013354,-65.7,84.91,1,-65.8441,84.7753,1,21,8
-65.8441,84.7753,1,2013355,0,0,0,-65.8441,84.7753,1,0,0
-65.6848,84.4961,1,2013356,0,0,0,-65.6848,84.4961,1,0,0
-65.6848,84.4961,1,2013357,0,0,0,-65.6848,84.4961,1,0,0
-65.7097,84.3682,1,2013358,0,0,0,-65.7097,84.3682,1,0,0
-65.7097,84.3682,1,2013359,0,0,0,-65.7097,84.3682,1,0,0
-65.7097,84.3682,1,2013360,0,0,0,-65.7097,84.3682,1,0,0
-65.7097,84.3682,1,2013361,0,0,0,-65.7097,84.3682,1,0,0
-65.7106,84.356,0,2013362,0,0,0,-65.7106,84.356,0,0,0
-65.713,84.3268,0,2013363,0,0,0,-65.713,84.3268,0,0,0
-65.7164,84.292,1,2013364,0,0,0,-65.7164,84.292,1,0,0
-65.7299,84.2597,0,2013365,0,0,0,-65.7299,84.2597,0,0,0
-65.77,84.2003,0,2014001,0,0,0,-65.77,84.2003,0,0,0
-65.7946,84.138,0,2014002,0,0,0,-65.7946,84.138,0,0,0
-65.8051,84.0452,1,2014003,-65.53,83.96,1,-65.8051,84.0452,1,21,8
-65.7799,83.7034,1,2014004,-65.5335,83.7637,0,-65.7799,83.7034,1,0,0
-65.7891,83.4709,1,2014005,-65.5428,83.4436,0,-65.7891,83.4709,1,0,0
-65.8158,83.2005,1,2014006,-65.5559,83.0502,0,-65.8158,83.2005,1,0,0
-65.8038,82.9625,1,2014007,-65.571,82.6344,0,-65.8038,82.9625,1,0,0
-65.753,82.4788,1,2014008,-65.5864,82.2469,0,-65.753,82.4788,1,0,0
-65.7561,82.155,1,2014009,-65.6,81.9385,0,-65.7561,82.155,1,0,0
-65.8105,81.8665,1,2014010,-65.61,81.76,1,-65.8105,81.8665,1,21,8
-65.8139,81.6204,1,2014011,-65.6166,81.6756,0,-65.8139,81.6204,1,0,0
-65.7743,81.4843,1,2014012,-65.6217,81.6114,0,-65.7743,81.4843,1,0,0
-65.8323,81.4068,1,2014013,-65.6259,81.5607,0,-65.8323,81.4068,1,0,0
-65.8434,81.1267,1,2014014,-65.6302,81.5169,0,-65.8434,81.1267,1,0,0
-65.8401,81.2505,1,2014015,-65.6351,81.4733,0,-65.8401,81.2505,1,0,0
-65.9321,81.2467,1,2014016,-65.6414,81.4232,0,-65.9321,81.2467,1,0,0
-65.9939,81.2954,1,2014017,-65.65,81.36,1,-65.9939,81.2954,1,21,8
-65.9998,81.2495,1,2014018,-65.671,81.2738,0,-65.9998,81.2495,1,0,0
-66.0096,81.2432,1,2014019,-65.7095,81.1661,0,-66.0096,81.2432,1,0,0
-65.834,81.5495,1,2014020,-65.7581,81.0477,0,-65.834,81.5495,1,0,0
-65.7913,81.3674,1,2014021,-65.8097,80.9292,0,-65.7913,81.3674,1,0,0
-65.7477,81.3068,1,2014022,-65.8571,80.8213,0,-65.7477,81.3068,1,0,0
-65.7686,81.2724,1,2014023,-65.8929,80.7347,0,-65.7686,81.2724,1,0,0
-65.8129,81.162,1,2014024,-65.91,80.68,1,-65.8129,81.162,1,21,8
-65.7965,81.1181,1,2014025,-65.9147,80.6498,0,-65.7965,81.1181,1,0,0
-65.812,81.0167,1,2014026,-65.9182,80.6273,0,-65.812,81.0167,1,0,0
-65.7655,81.125,1,2014027,-65.921,80.6098,0,-65.7655,81.125,1,0,0
-65.7853,81.2378,1,2014028,-65.9232,80.5942,0,-65.7853,81.2378,1,0,0
-65.7767,81.2677,1,2014029,-65.9253,80.5776,0,-65.7767,81.2677,1,0,0
-65.8904,80.584,1,2014030,-65.9274,80.5572,0,-65.8904,80.584,1,0,0
-65.8899,80.5808,0,2014031,-65.93,80.53,1,-65.8899,80.5808,0,21,8
-65.8887,80.5796,0,2014032,-65.9326,80.4936,0,-65.8887,80.5796,0,0,0
-65.8874,80.5791,0,2014033,-65.9349,80.4479,0,-65.8874,80.5791,0,0,0
-65.8862,80.578,0,2014034,-65.9371,80.3939,0,-65.8862,80.578,0,0,0
-65.8857,80.5751,1,2014035,-65.9395,80.3323,0,-65.8857,80.5751,1,0,0
-65.9245,80.5331,1,2014036,-65.9423,80.2639,0,-65.9245,80.5331,1,0,0
-65.9307,80.3499,1,2014037,-65.9457,80.1895,0,-65.9307,80.3499,1,0,0
-65.9935,80.0822,1,2014038,-65.95,80.11,1,-65.9935,80.0822,1,21,8
-65.9164,80.0056,0,2014039,-65.9569,80.0075,0,-65.9164,80.0056,0,0,0
-65.8392,79.9718,1,2014040,-65.9674,79.873,0,-65.8392,79.9718,1,0,0
-65.8845,79.9637,1,2014041,-65.9813,79.7205,0,-65.8845,79.9637,1,0,0
-65.8679,80.0503,1,2014042,-65.9979,79.5639,0,-65.8679,80.0503,1,0,0
-65.8533,79.9668,1,2014043,-66.0169,79.4173,0,-65.8533,79.9668,1,0,0
-65.889,79.7405,1,2014044,-66.0378,79.2947,0,-65.889,79.7405,1,0,0
-66.032,79.3141,1,2014045,-66.06,79.21,1,-66.032,79.3141,1,21,8
-66.148,79.1478,1,2014046,-66.0885,79.1574,0,-66.148,79.1478,1,0,0
-66.2057,79.1622,1,2014047,-66.1265,79.1181,0,-66.2057,79.1622,1,0,0
-66.2538,79.142,1,2014048,-66.1709,79.0866,0,-66.2538,79.142,1,0,0
-66.3241,78.9902,1,2014049,-66.2185,79.0575,0,-66.3241,78.9902,1,0,0
-66.4085,78.5137,1,2014050,-66.2663,79.0253,0,-66.4085,78.5137,1,0,0
-66.453,78.6125,1,2014051,-66.3112,78.9846,0,-66.453,78.6125,1,0,0
-66.4626,78.1124,1,2014052,-66.35,78.93,1,-66.4626,78.1124,1,21,8
-66.5568,78.0118,1,2014053,-66.3858,78.8326,0,-66.5568,78.0118,1,0,0
-66.4998,78.0155,1,2014054,-66.4224,78.6812,0,-66.4998,78.0155,1,0,0
-66.4361,77.9777,1,2014055,-66.4583,78.4972,0,-66.4361,77.9777,1,0,0
-66.3851,77.9234,0,2014056,-66.4916,78.3018,0,0,0,0,0,0
-66.3372,77.8536,0,2014057,-66.5208,78.1163,0,0,0,0,0,0
-66.3017,77.7631,0,2014058,-66.5442,77.962,0,0,0,0,0,0
-66.2878,77.6464,1,2014059,-66.56,77.86,1,0,0,0,21,8
-66.3072,77.4302,1,2014060,-66.5701,77.8004,0,0,0,0,0,0
-66.2994,77.3679,1,2014061,-66.5779,77.7553,0,0,0,0,0,0
-66.3101,77.3467,0,2014062,-66.5842,77.719,0,0,0,0,0,0
-66.3398,77.3309,0,2014063,-66.5898,77.6859,0,0,0,0,0,0
-66.3851,77.3191,0,2014064,-66.5954,77.6505,0,0,0,0,0,0
-66.4427,77.3101,0,2014065,-66.6019,77.607,0,0,0,0,0,0
-66.509,77.3023,0,2014066,-66.61,77.55,1,0,0,0,21,8
-66.5806,77.2944,1,2014067,-66.6217,77.4643,0,0,0,0,0,0
-66.6924,77.2874,1,2014068,-66.6372,77.3462,0,0,0,0,0,0
-66.7251,77.132,1,2014069,-66.6544,77.2067,0,0,0,0,0,0
-66.6958,77.0694,1,2014070,-66.6713,77.0572,0,0,0,0,0,0
-66.6692,76.9652,0,2014071,-66.6859,76.9087,0,0,0,0,0,0
-66.6549,76.8318,1,2014072,-66.6961,76.7726,0,0,0,0,0,0
-66.6722,76.6742,1,2014073,-66.7,76.66,1,0,0,0,21,8
-66.7137,76.5697,1,2014074,-66.6986,76.5683,0,0,0,0,0,0
-66.6781,76.5572,1,2014075,-66.6948,76.4856,0,0,0,0,0,0
-66.7206,76.4172,1,2014076,-66.6887,76.4091,0,0,0,0,0,0
-66.691,76.3556,1,2014077,-66.6809,76.3361,0,0,0,0,0,0
-66.7137,76.1475,1,2014078,-66.6716,76.2637,0,0,0,0,0,0
-66.6809,76.0542,1,2014079,-66.6612,76.1893,0,0,0,0,0,0
-66.6862,76.0854,1,2014080,-66.65,76.11,1,0,0,0,21,8
-66.6728,76.0782,0,2014081,-66.6317,76.0212,0,0,0,0,0,0
-66.6517,76.0613,1,2014082,-66.6026,75.9236,0,0,0,0,0,0
-66.6373,76.0247,1,2014083,-66.5671,75.8229,0,0,0,0,0,0
-66.6054,75.8967,1,2014084,-66.5297,75.7246,0,0,0,0,0,0
-66.5633,75.7983,1,2014085,-66.4947,75.6343,0,0,0,0,0,0
-66.5521,75.7716,1,2014086,-66.4667,75.5576,0,0,0,0,0,0
-66.4228,75.6613,1,2014087,-66.45,75.5,1,0,0,0,21,8
-66.425,75.5129,1,2014088,-66.4411,75.4602,0,0,0,0,0,0
-66.4128,75.4987,1,2014089,-66.4333,75.4305,0,0,0,0,0,0
-66.4353,75.4207,0,2014090,-66.4266,75.4063,0,0,0,0,0,0
-66.4577,75.3107,1,2014091,-66.421,75.3836,0,0,0,0,0,0
-66.4446,75.229,1,2014092,-66.4164,75.3578,0,0,0,0,0,0
-66.4524,75.0991,1,2014093,-66.4127,75.3247,0,0,0,0,0,0
-66.4445,75.0251,1,2014094,-66.41,75.28,1,0,0,0,21,8
-66.4567,74.9376,1,2014095,-66.4078,75.2003,0,0,0,0,0,0
-66.4429,74.777,1,2014096,-66.4057,75.0743,0,0,0,0,0,0
-66.4158,74.7157,1,2014097,-66.4038,74.9157,0,0,0,0,0,0
-66.4158,74.7157,1,2014098,-66.4023,74.7382,0,0,0,0,0,0
-66.4245,74.6076,1,2014099,-66.401,74.5557,0,0,0,0,0,0
-66.4115,74.4916,1,2014100,-66.4003,74.3817,0,0,0,0,0,0
-66.382,74.2281,1,2014101,-66.4,74.23,1,0,0,0,21,8
-66.3689,74.113,1,2014102,-66.4021,74.0961,0,0,0,0,0,0
-66.3722,73.9629,1,2014103,-66.4077,73.9661,0,0,0,0,0,0
-66.3722,73.9629,1,2014104,-66.4157,73.8396,0,0,0,0,0,0
-66.4464,73.7155,1,2014105,-66.4251,73.7161,0,0,0,0,0,0
-66.4832,73.5056,1,2014106,-66.4346,73.5953,0,0,0,0,0,0
-66.4252,73.3659,1,2014107,-66.4433,73.4767,0,0,0,0,0,0
-66.4393,73.3101,1,2014108,-66.45,73.36,1,0,0,0,21,8
-66.472,73.2397,1,2014109,-66.4556,73.2491,0,0,0,0,0,0
-66.5198,73.1233,1,2014110,-66.4614,73.1455,0,0,0,0,0,0
-66.5133,73.0709,1,2014111,-66.4671,73.0454,0,0,0,0,0,0
-66.5168,72.93,1,2014112,-66.4721,72.9447,0,0,0,0,0,0
-66.4947,72.7515,1,2014113,-66.4762,72.8396,0,0,0,0,0,0
-66.4947,72.7515,1,2014114,-66.479,72.726,0,0,0,0,0,0
-66.4387,72.6345,1,2014115,-66.48,72.6,1,0,0,0,21,8
-66.3828,72.518,1,2014116,0,0,0,0,0,0,0,0
-66.3201,72.3498,1,2014117,0,0,0,0,0,0,0,0
-66.3566,72.1494,1,2014118,0,0,0,0,0,0,0,0
-66.3095,72.1071,1,2014119,0,0,0,0,0,0,0,0
-66.3269,71.9211,1,2014120,0,0,0,0,0,0,0,0
-66.3242,71.2792,1,2014121,0,0,0,0,0,0,0,0
-66.3333,71.0423,1,2014122,0,0,0,0,0,0,0,0
-66.362,70.9487,1,2014123,0,0,0,0,0,0,0,0
-66.3865,70.789,1,2014124,0,0,0,0,0,0,0,0
-66.3995,70.7313,1,2014125,0,0,0,0,0,0,0,0
-66.3978,70.3497,1,2014126,0,0,0,0,0,0,0,0
-66.4316,70.0753,1,2014127,0,0,0,0,0,0,0,0
-66.4614,69.9205,1,2014128,0,0,0,0,0,0,0,0
-66.5223,69.4066,1,2014129,-66.43,69.98,1,0,0,0,21,8
-66.5253,69.3578,1,2014130,-66.4421,69.7838,0,0,0,0,0,0
-66.5758,69.1331,1,2014131,-66.4735,69.5888,0,0,0,0,0,0
-66.6539,68.9515,1,2014132,-66.5167,69.392,0,0,0,0,0,0
-66.6553,68.9623,1,2014133,-66.5643,69.1907,0,0,0,0,0,0
-66.6609,68.9035,0,2014134,-66.609,68.9818,0,0,0,0,0,0
-66.6727,68.7477,0,2014135,-66.6434,68.7626,0,0,0,0,0,0
-66.69,68.5259,0,2014136,-66.66,68.53,1,0,0,0,21,8
-66.712,68.2692,0,2014137,-66.6644,68.2752,0,0,0,0,0,0
-66.7379,68.0085,0,2014138,-66.6675,67.9966,0,0,0,0,0,0
-66.7669,67.775,1,2014139,-66.6697,67.7023,0,0,0,0,0,0
-66.8164,67.5574,1,2014140,-66.6715,67.4003,0,0,0,0,0,0
-66.786,67.3726,1,2014141,-66.6735,67.0989,0,0,0,0,0,0
-66.7952,67.3634,1,2014142,-66.6762,66.8061,0,0,0,0,0,0
-66.7828,66.9655,1,2014143,-66.68,66.53,1,0,0,0,21,8
-66.7116,66.5472,1,2014144,-66.6878,66.2715,0,0,0,0,0,0
-66.6898,66.1727,1,2014145,-66.7005,66.0235,0,0,0,0,0,0
-66.7536,65.8588,1,2014146,-66.716,65.7819,0,0,0,0,0,0
-66.7909,65.4008,1,2014147,-66.7319,65.5428,0,0,0,0,0,0
-66.7984,64.7292,1,2014148,-66.746,65.3021,0,0,0,0,0,0
-66.7597,64.2345,1,2014149,-66.7561,65.0558,0,0,0,0,0,0
-66.7036,63.7731,1,2014150,-66.76,64.8,1,0,0,0,21,8
-66.6608,63.5554,1,2014151,-66.7473,64.5255,0,0,0,0,0,0
-66.6275,63.3876,1,2014152,-66.7144,64.2328,0,0,0,0,0,0
-66.6274,63.1653,1,2014153,-66.6695,63.9319,0,0,0,0,0,0
-66.6068,62.8447,1,2014154,-66.6205,63.633,0,0,0,0,0,0
-66.5814,62.6671,1,2014155,-66.5756,63.3463,0,0,0,0,0,0
-66.5714,62.4568,1,2014156,-66.5427,63.0819,0,0,0,0,0,0
-66.5639,62.3675,1,2014157,-66.53,62.85,1,0,0,0,21,8
-66.5806,62.2336,1,2014158,-66.5339,62.6523,0,0,0,0,0,0
-66.6237,62.0139,1,2014159,-66.5439,62.4778,0,0,0,0,0,0
-66.6091,61.946,1,2014160,-66.5576,62.3179,0,0,0,0,0,0
-66.5823,61.8195,1,2014161,-66.5724,62.1639,0,0,0,0,0,0
-66.6113,61.6927,1,2014162,-66.5861,62.007,0,0,0,0,0,0
-66.5969,61.5743,1,2014163,-66.5961,61.8386,0,0,0,0,0,0
-66.5969,61.5743,1,2014164,-66.6,61.65,1,0,0,0,21,8
-66.5969,61.5743,1,2014165,0,0,0,0,0,0,0,0
-66.5736,61.5184,1,2014166,0,0,0,0,0,0,0,0
-66.555,61.3807,1,2014167,0,0,0,0,0,0,0,0
-66.5535,61.27,1,2014168,0,0,0,0,0,0,0,0
-66.5216,61.1759,1,2014169,0,0,0,0,0,0,0,0
-66.5478,61.0898,1,2014170,0,0,0,0,0,0,0,0
-66.5395,60.9501,1,2014171,0,0,0,0,0,0,0,0
-66.5031,60.5343,1,2014172,0,0,0,0,0,0,0,0
-66.5,60.0714,1,2014173,0,0,0,0,0,0,0,0
-66.5453,59.6754,1,2014174,0,0,0,0,0,0,0,0
-66.4542,59.3382,1,2014175,0,0,0,0,0,0,0,0
-66.2838,58.7263,1,2014176,0,0,0,0,0,0,0,0
-66.0782,58.0854,1,2014177,0,0,0,0,0,0,0,0
-65.9973,57.7672,1,2014178,-66.05,58.03,1,0,0,0,21,8
-65.9351,57.5718,1,2014179,-65.9957,57.8165,0,0,0,0,0,0
-65.8289,57.3442,1,2014180,-65.9315,57.6145,0,0,0,0,0,0
-65.7126,56.9058,1,2014181,-65.8628,57.4203,0,0,0,0,0,0
-65.6781,56.7337,1,2014182,-65.7949,57.2304,0,0,0,0,0,0
-65.6672,56.65,1,2014183,-65.7332,57.0411,0,0,0,0,0,0
-65.6537,56.5574,1,2014184,-65.6831,56.8489,0,0,0,0,0,0
-65.6615,56.4561,1,2014185,-65.65,56.65,1,0,0,0,21,8
-65.6957,55.979,1,2014186,-65.6277,56.4452,0,0,0,0,0,0
-65.6931,55.843,1,2014187,-65.6069,56.2379,0,0,0,0,0,0
-65.6692,55.7156,1,2014188,-65.5883,56.0286,0,0,0,0,0,0
-65.6351,55.7213,1,2014189,-65.5726,55.8176,0,0,0,0,0,0
-65.6101,55.5059,1,2014190,-65.5605,55.6056,0,0,0,0,0,0
-65.5685,55.1516,1,2014191,-65.5527,55.3929,0,0,0,0,0,0
-65.5159,54.7641,1,2014192,-65.55,55.18,1,0,0,0,21,8
-65.4805,54.6447,1,2014193,0,0,0,0,0,0,0,0
-65.4728,54.3739,1,2014194,0,0,0,0,0,0,0,0
-65.4332,54.08,1,2014195,0,0,0,0,0,0,0,0
-65.4134,53.8945,1,2014196,0,0,0,0,0,0,0,0
-65.4139,53.8162,1,2014197,0,0,0,0,0,0,0,0
-65.4145,53.6982,1,2014198,0,0,0,0,0,0,0,0
-65.4942,53.3605,1,2014199,0,0,0,0,0,0,0,0
-65.5179,53.0815,1,2014200,0,0,0,0,0,0,0,0
-65.502,52.9525,1,2014201,0,0,0,0,0,0,0,0
-65.465,52.8747,1,2014202,0,0,0,0,0,0,0,0
-65.4624,52.7874,1,2014203,0,0,0,0,0,0,0,0
-65.5593,52.7028,1,2014204,0,0,0,0,0,0,0,0
-65.5804,52.2233,1,2014205,0,0,0,0,0,0,0,0
-65.5546,51.9513,1,2014206,-65.6,52.15,1,0,0,0,21,8
-65.5405,51.8312,1,2014207,-65.5953,52.0517,0,0,0,0,0,0
-65.5061,51.8028,1,2014208,-65.5832,51.9587,0,0,0,0,0,0
-65.5267,51.7505,1,2014209,-65.5665,51.8735,0,0,0,0,0,0
-65.5267,51.7505,0,2014210,-65.5479,51.7986,0,0,0,0,0,0
-65.5267,51.7505,1,2014211,-65.5305,51.7363,0,0,0,0,0,0
-65.5267,51.7505,1,2014212,-65.5169,51.6893,0,0,0,0,0,0
-65.5267,51.7505,1,2014213,-65.51,51.66,1,0,0,0,21,8
-65.5267,51.7505,1,2014214,-65.5079,51.6437,0,0,0,0,0,0
-65.5267,51.7505,1,2014215,-65.5065,51.6326,0,0,0,0,0,0
-65.5267,51.7505,1,2014216,-65.5056,51.6245,0,0,0,0,0,0
-65.5267,51.7505,1,2014217,-65.5047,51.6174,0,0,0,0,0,0
-65.5267,51.7505,1,2014218,-65.5037,51.609,0,0,0,0,0,0
-65.5267,51.7505,1,2014219,-65.5023,51.5973,0,0,0,0,0,0
-65.5267,51.7505,1,2014220,-65.5,51.58,1,0,0,0,21,8
-65.4936,51.383,1,2014221,-65.483,51.5302,0,0,0,0,0,0
-65.4317,51.2737,1,2014222,-65.4437,51.4328,0,0,0,0,0,0
-65.3826,51.1266,1,2014223,-65.391,51.3035,0,0,0,0,0,0
-65.3167,50.9315,1,2014224,-65.3342,51.1579,0,0,0,0,0,0
-65.2886,50.8117,1,2014225,-65.2824,51.0117,0,0,0,0,0,0
-65.2651,50.8173,1,2014226,-65.2446,50.8805,0,0,0,0,0,0
-65.315,50.8148,1,2014227,-65.23,50.78,1,0,0,0,21,8
-65.3558,50.7484,1,2014228,-65.2328,50.7026,0,0,0,0,0,0
-65.3675,50.6713,1,2014229,-65.2399,50.6302,0,0,0,0,0,0
-65.44,50.4739,1,2014230,-65.2497,50.563,0,0,0,0,0,0
-65.44,50.4739,1,2014231,-65.2603,50.5013,0,0,0,0,0,0
-65.4203,50.4178,1,2014232,-65.2701,50.4451,0,0,0,0,0,0
-65.3661,50.3347,1,2014233,-65.2772,50.3946,0,0,0,0,0,0
-65.2893,50.2974,1,2014234,-65.28,50.35,1,0,0,0,21,8
-65.2491,50.2552,1,2014235,-65.265,50.3073,0,0,0,0,0,0
-65.1863,50.258,1,2014236,-65.2265,50.264,0,0,0,0,0,0
-65.1162,50.1672,1,2014237,-65.1737,50.2227,0,0,0,0,0,0
-65.0845,50.1495,1,2014238,-65.1163,50.186,0,0,0,0,0,0
-65.0554,50.1398,1,2014239,-65.0635,50.1566,0,0,0,0,0,0
-65.0554,50.1398,1,2014240,-65.025,50.1371,0,0,0,0,0,0
-65.0303,50.0684,1,2014241,-65.01,50.13,1,0,0,0,21,8
-65.0953,50.0344,1,2014242,-65.0427,50.1344,0,0,0,0,0,0
-65.286,49.8837,1,2014243,-65.127,50.1459,0,0,0,0,0,0
-65.4397,49.9569,1,2014244,-65.2422,50.1615,0,0,0,0,0,0
-65.4273,49.9233,1,2014245,-65.3678,50.1785,0,0,0,0,0,0
-65.446,49.902,1,2014246,-65.483,50.1941,0,0,0,0,0,0
-65.5719,50.0052,1,2014247,-65.5673,50.2056,0,0,0,0,0,0
-65.5967,50.1886,1,2014248,-65.6,50.21,1,0,0,0,21,8
-65.651,50.2718,1,2014249,-65.5684,50.1897,0,0,0,0,0,0
-65.7951,50.2434,1,2014250,-65.487,50.1368,0,0,0,0,0,0
-66.0175,50.068,1,2014251,-65.3757,50.0635,0,0,0,0,0,0
-66.0254,49.9803,1,2014252,-65.2543,49.982,0,0,0,0,0,0
-66.0284,49.8759,1,2014253,-65.143,49.9045,0,0,0,0,0,0
-66.018,49.7708,1,2014254,-65.0616,49.8431,0,0,0,0,0,0
-66.018,49.7708,0,2014255,-65.03,49.81,1,0,0,0,21,8
-66.018,49.7708,1,2014256,-65.0948,49.7957,0,0,0,0,0,0
-66.018,49.7708,1,2014257,-65.262,49.7829,0,0,0,0,0,0
-66.1418,49.6828,1,2014258,-65.4905,49.7718,0,0,0,0,0,0
-66.1507,49.5718,1,2014259,-65.7395,49.7627,0,0,0,0,0,0
-66.1426,49.4925,1,2014260,-65.968,49.7558,0,0,0,0,0,0
-66.1426,49.4925,1,2014261,-66.1352,49.7515,0,0,0,0,0,0
-66.1864,49.4939,1,2014262,-66.2,49.75,1,0,0,0,21,8
-66.1789,49.4475,1,2014263,-66.2,49.75,0,0,0,0,0,0
-66.1789,49.4475,1,2014264,-66.2,49.75,0,0,0,0,0,0
-66.1789,49.4475,1,2014265,-66.2,49.75,0,0,0,0,0,0
-66.1683,49.432,1,2014266,-66.2,49.75,0,0,0,0,0,0
-66.1683,49.432,1,2014267,-66.2,49.75,0,0,0,0,0,0
-66.2542,49.4775,1,2014268,-66.2,49.75,0,0,0,0,0,0
-66.2894,49.4407,0,2014269,-66.2,49.75,1,0,0,0,21,8
-66.3133,49.3722,0,2014270,-66.2022,49.728,0,0,0,0,0,0
-66.3221,49.3354,1,2014271,-66.2084,49.6707,0,0,0,0,0,0
-66.3221,49.3354,1,2014272,-66.218,49.591,0,0,0,0,0,0
-66.3003,49.2542,1,2014273,-66.2305,49.5021,0,0,0,0,0,0
-66.3003,49.2542,1,2014274,-66.2454,49.417,0,0,0,0,0,0
-66.3003,49.2542,1,2014275,-66.2621,49.3486,0,0,0,0,0,0
-66.3003,49.2542,1,2014276,-66.28,49.31,1,0,0,0,21,8
-66.3003,49.2542,1,2014277,-66.3118,49.2914,0,0,0,0,0,0
-66.3003,49.2542,1,2014278,-66.3642,49.2744,0,0,0,0,0,0
-66.3615,49.2178,1,2014279,-66.4279,49.2596,0,0,0,0,0,0
-66.3615,49.2178,1,2014280,-66.4936,49.2473,0,0,0,0,0,0
-66.3615,49.2178,1,2014281,-66.5521,49.238,0,0,0,0,0,0
-66.3615,49.2178,1,2014282,-66.594,49.2321,0,0,0,0,0,0
-66.3615,49.2178,1,2014283,-66.61,49.23,1,0,0,0,21,8
-66.3615,49.2178,1,2014284,-66.5927,49.245,0,0,0,0,0,0
-66.3546,49.362,1,2014285,-66.5478,49.2835,0,0,0,0,0,0
-66.3251,49.4583,1,2014286,-66.4859,49.3363,0,0,0,0,0,0
-66.3251,49.4583,1,2014287,-66.4176,49.3937,0,0,0,0,0,0
-66.3074,49.4319,1,2014288,-66.3534,49.4465,0,0,0,0,0,0
-66.3074,49.4319,1,2014289,-66.3041,49.485,0,0,0,0,0,0
-66.3074,49.4319,1,2014290,-66.28,49.5,1,0,0,0,21,8
-66.3074,49.4319,1,2014291,-66.2732,49.495,0,0,0,0,0,0
-66.3074,49.4319,1,2014292,-66.2682,49.4822,0,0,0,0,0,0
-66.3074,49.4319,1,2014293,-66.2644,49.4646,0,0,0,0,0,0
-66.3074,49.4319,1,2014294,-66.2613,49.4454,0,0,0,0,0,0
-66.3074,49.4319,1,2014295,-66.2582,49.4278,0,0,0,0,0,0
-66.3074,49.4319,1,2014296,-66.2546,49.415,0,0,0,0,0,0
-66.3074,49.4319,1,2014297,-66.25,49.41,1,0,0,0,21,8
-66.3074,49.4319,1,2014298,-66.2433,49.4188,0,0,0,0,0,0
-66.3074,49.4319,1,2014299,-66.2346,49.4416,0,0,0,0,0,0
-66.29,49.5634,1,2014300,-66.2251,49.4732,0,0,0,0,0,0
-66.29,49.5634,1,2014301,-66.2157,49.5081,0,0,0,0,0,0
-66.2603,49.6592,1,2014302,-66.2077,49.5411,0,0,0,0,0,0
-66.2603,49.6592,1,2014303,-66.2021,49.5668,0,0,0,0,0,0
-66.2603,49.6592,1,2014304,-66.2,49.58,1,0,0,0,21,8
-66.2603,49.6592,1,2014305,-66.2006,49.5849,0,0,0,0,0,0
-66.2302,49.6908,1,2014306,-66.202,49.5892,0,0,0,0,0,0
-66.2302,49.6908,1,2014307,-66.2039,49.5929,0,0,0,0,0,0
-66.2691,49.577,1,2014308,-66.2061,49.5959,0,0,0,0,0,0
-66.2691,49.577,1,2014309,-66.208,49.5981,0,0,0,0,0,0
-66.2691,49.577,1,2014310,-66.2094,49.5995,0,0,0,0,0,0
-66.2691,49.577,1,2014311,-66.21,49.6,1,0,0,0,21,8
-66.2691,49.577,1,2014312,-66.2083,49.5889,0,0,0,0,0,0
-66.2345,49.3957,1,2014313,-66.2041,49.5603,0,0,0,0,0,0
-66.2345,49.3957,1,2014314,-66.1982,49.5213,0,0,0,0,0,0
-66.2345,49.3957,1,2014315,-66.1918,49.4787,0,0,0,0,0,0
-66.2345,49.3957,1,2014316,-66.1859,49.4397,0,0,0,0,0,0
-66.2345,49.3957,0,2014317,-66.1817,49.4111,0,0,0,0,0,0
-66.2345,49.3957,1,2014318,-66.18,49.4,1,0,0,0,21,8
-66.2345,49.3957,1,2014319,-66.1817,49.4083,0,0,0,0,0,0
-66.2032,49.6817,1,2014320,-66.1859,49.4297,0,0,0,0,0,0
-66.1748,49.5856,1,2014321,-66.1918,49.459,0,0,0,0,0,0
-66.1748,49.5856,1,2014322,-66.1982,49.491,0,0,0,0,0,0
-66.2183,49.6181,1,2014323,-66.2041,49.5203,0,0,0,0,0,0
-66.2485,49.5239,1,2014324,-66.2083,49.5417,0,0,0,0,0,0
-66.2214,49.3267,1,2014325,-66.21,49.55,1,0,0,0,21,8
-66.1939,49.1917,1,2014326,0,0,0,0,0,0,0,0
-66.2442,49.2425,1,2014327,0,0,0,0,0,0,0,0
-66.2427,49.1511,1,2014328,0,0,0,0,0,0,0,0
-66.1851,49.0177,1,2014329,0,0,0,0,0,0,0,0
-66.1473,49.0962,1,2014330,0,0,0,0,0,0,0,0
-66.1473,49.0962,1,2014331,0,0,0,0,0,0,0,0
-66.1987,49.0499,1,2014332,0,0,0,0,0,0,0,0
-66.1987,49.0499,1,2014333,0,0,0,0,0,0,0,0
-66.1987,49.0499,1,2014334,0,0,0,0,0,0,0,0
-66.1987,49.0499,1,2014335,0,0,0,0,0,0,0,0
-66.1987,49.0499,1,2014336,0,0,0,0,0,0,0,0
-66.2157,48.9185,1,2014337,0,0,0,0,0,0,0,0
-66.2157,48.9185,1,2014338,0,0,0,0,0,0,0,0
-66.2712,48.9899,1,2014339,-66.21,49.03,1,0,0,0,21,8
-66.3005,48.8312,1,2014340,-66.22,48.9362,0,0,0,0,0,0
-66.299,48.8023,1,2014341,-66.2464,48.7963,0,0,0,0,0,0
-66.3267,48.5465,1,2014342,-66.284,48.6228,0,0,0,0,0,0
-66.365,48.3428,1,2014343,-66.3273,48.4288,0,0,0,0,0,0
-66.3737,48.1477,1,2014344,-66.3711,48.2269,0,0,0,0,0,0
-66.4202,47.944,1,2014345,-66.41,48.03,1,0,0,0,21,8
-66.4789,47.5928,0,2014346,-66.4451,47.8298,0,0,0,0,0,0
-66.5376,47.2115,1,2014347,-66.4808,47.6129,0,0,0,0,0,0
-66.5839,46.9297,1,2014348,-66.5171,47.384,0,0,0,0,0,0
-66.6063,46.7072,1,2014349,-66.5537,47.148,0,0,0,0,0,0
-66.6697,46.2832,1,2014350,-66.5905,46.9098,0,0,0,0,0,0
-66.6602,46.1666,1,2014351,-66.6272,46.6741,0,0,0,0,0,0
-66.7383,46.0091,1,2014352,-66.6638,46.4459,0,0,0,0,0,0
-66.7435,45.6527,1,2014353,-66.7,46.23,1,0,0,0,21,8
-66.7718,45.4406,1,2014354,-66.7374,46.0134,0,0,0,0,0,0
-66.7521,45.3147,1,2014355,-66.7767,45.7869,0,0,0,0,0,0
-66.8286,45.1888,1,2014356,-66.8164,45.5608,0,0,0,0,0,0
-66.7966,45.271,1,2014357,-66.8551,45.3457,0,0,0,0,0,0
-66.7784,45.2471,1,2014358,-66.8912,45.1519,0,0,0,0,0,0
-66.7856,45.1981,0,2014359,-66.9233,44.9899,0,0,0,0,0,0
-66.7928,45.1047,1,2014360,-66.95,44.87,1,0,0,0,21,8
-66.7565,44.8123,1,2014361,-66.9722,44.7852,0,0,0,0,0,0
-66.8844,44.23,1,2014362,-66.9922,44.7177,0,0,0,0,0,0
-66.8807,44.0578,1,2014363,-67.0105,44.6618,0,0,0,0,0,0
-66.9053,43.9198,1,2014364,-67.0272,44.6118,0,0,0,0,0,0
-66.9443,43.7067,1,2014365,-67.0429,44.5618,0,0,0,0,0,0
-67.1441,44.3638,1,2015001,-67.0653,44.4746,0,0,0,0,0,0
-67.132,44.2664,1,2015002,-67.08,44.4,1,0,0,0,21,8
-67.106,44.2611,1,2015003,-67.0937,44.2984,0,0,0,0,0,0
-67.0615,44.2689,1,2015004,-67.1059,44.1688,0,0,0,0,0,0
-67.1464,44.1166,1,2015005,-67.1173,44.0236,0,0,0,0,0,0
-67.1259,43.9907,1,2015006,-67.1286,43.8749,0,0,0,0,0,0
-66.9975,44.0057,1,2015007,-67.1407,43.735,0,0,0,0,0,0
-67.1177,43.5645,1,2015008,-67.1542,43.6159,0,0,0,0,0,0
-67.1636,43.4607,0,2015009,-67.17,43.53,1,0,0,0,21,8
-67.2017,43.3881,0,2015010,-67.1894,43.4732,0,0,0,0,0,0
-67.2317,43.3376,0,2015011,-67.2127,43.4298,0,0,0,0,0,0
-67.2533,43.3,0,2015012,-67.2387,43.3941,0,0,0,0,0,0
-67.2665,43.2659,0,2015013,-67.2666,43.3609,0,0,0,0,0,0
-67.2709,43.2262,1,2015014,-67.2951,43.3244,0,0,0,0,0,0
-67.2051,43.1854,1,2015015,-67.3232,43.2793,0,0,0,0,0,0
-67.3758,43.3074,1,2015016,-67.35,43.22,1,0,0,0,21,8
-67.3933,43.1113,0,2015017,-67.3766,43.1266,0,0,0,0,0,0
-67.4005,42.6798,0,2015018,-67.4044,42.9921,0,0,0,0,0,0
-67.4067,42.2483,0,2015019,-67.4325,42.8301,0,0,0,0,0,0
-67.421,42.0522,1,2015020,-67.4601,42.6543,0,0,0,0,0,0
-67.4741,42.2355,1,2015021,-67.4861,42.4782,0,0,0,0,0,0
-67.5179,42.3042,1,2015022,-67.5097,42.3156,0,0,0,0,0,0
-67.5709,42.1149,1,2015023,-67.53,42.18,1,0,0,0,21,8
-67.5741,42.1056,1,2015024,-67.5467,42.0628,0,0,0,0,0,0
-67.6125,42.109,1,2015025,-67.5608,41.9479,0,0,0,0,0,0
-67.6317,42.0147,1,2015026,-67.5734,41.8379,0,0,0,0,0,0
-67.6454,41.9363,1,2015027,-67.5855,41.7354,0,0,0,0,0,0
-67.6574,41.5919,1,2015028,-67.5982,41.6432,0,0,0,0,0,0
-67.6526,41.5641,1,2015029,-67.6127,41.5639,0,0,0,0,0,0
-67.7,41.384,1,2015030,-67.63,41.5,1,0,0,0,21,8
-67.7559,41.2934,1,2015031,-67.6527,41.4507,0,0,0,0,0,0
-67.8032,41.2702,1,2015032,-67.6813,41.411,0,0,0,0,0,0
-67.7748,41.2396,1,2015033,-67.7134,41.3772,0,0,0,0,0,0
-67.7876,41.3565,1,2015034,-67.7466,41.3458,0,0,0,0,0,0
-67.7707,41.3694,1,2015035,-67.7787,41.3131,0,0,0,0,0,0
-67.8092,41.3716,1,2015036,-67.8073,41.2757,0,0,0,0,0,0
-67.8635,41.0895,1,2015037,-67.83,41.23,1,0,0,0,21,8
-67.8526,41.083,1,2015038,-67.8468,41.1772,0,0,0,0,0,0
-67.8449,41.0652,1,2015039,-67.8601,41.1198,0,0,0,0,0,0
-67.9323,40.9175,1,2015040,-67.8715,41.0559,0,0,0,0,0,0
-67.9474,40.9126,1,2015041,-67.8826,40.9838,0,0,0,0,0,0
-67.938,40.8617,1,2015042,-67.895,40.9017,0,0,0,0,0,0
-67.965,40.7784,1,2015043,-67.9103,40.8077,0,0,0,0,0,0
-67.9564,40.7649,1,2015044,-67.93,40.7,1,0,0,0,21,8
-68.006,40.5293,1,2015045,-67.967,40.5505,0,0,0,0,0,0
-68.022,40.4389,1,2015046,-68.0263,40.3432,0,0,0,0,0,0
-68.0776,40.2231,1,2015047,-68.0977,40.0947,0,0,0,0,0,0
-68.1498,39.9919,1,2015048,-68.1709,39.8215,0,0,0,0,0,0
-68.1785,39.6111,1,2015049,-68.2358,39.5403,0,0,0,0,0,0
-68.2268,39.1595,1,2015050,-68.2823,39.2676,0,0,0,0,0,0
-68.2254,38.951,1,2015051,-68.3,39.02,1,0,0,0,21,8
-68.3265,38.6947,1,2015052,-68.2992,38.7939,0,0,0,0,0,0
-68.388,38.3575,1,2015053,-68.297,38.5733,0,0,0,0,0,0
-68.4351,37.8467,1,2015054,-68.2935,38.3562,0,0,0,0,0,0
-68.3514,37.701,1,2015055,-68.2889,38.1404,0,0,0,0,0,0
-68.2675,37.4699,1,2015056,-68.2834,37.9238,0,0,0,0,0,0
-68.207,37.3731,1,2015057,-68.277,37.7044,0,0,0,0,0,0
-68.1332,37.1944,1,2015058,-68.27,37.48,1,0,0,0,21,8
-68.0152,36.9556,1,2015059,-68.2552,37.2541,0,0,0,0,0,0
-67.892,36.8199,1,2015060,-68.2289,37.0297,0,0,0,0,0,0
-67.8786,36.5138,1,2015061,-68.196,36.804,0,0,0,0,0,0
-67.8776,36.2507,1,2015062,-68.1616,36.574,0,0,0,0,0,0
-68.0311,36.0422,1,2015063,-68.1307,36.3369,0,0,0,0,0,0
-68.2,35.5982,1,2015064,-68.1085,36.0899,0,0,0,0,0,0
-68.2183,35.3944,1,2015065,-68.1,35.83,1,0,0,0,21,8
-68.1645,35.1399,1,2015066,-68.1024,35.5416,0,0,0,0,0,0
-68.1663,34.202,1,2015067,-68.1092,35.2209,0,0,0,0,0,0
-68.1555,34.1416,1,2015068,-68.1195,34.8834,0,0,0,0,0,0
-68.2038,33.8052,1,2015069,-68.1325,34.5443,0,0,0,0,0,0
-68.2076,33.695,1,2015070,-68.1475,34.2188,0,0,0,0,0,0
-68.223,33.4872,1,2015071,-68.1636,33.9223,0,0,0,0,0,0
-68.2763,33.4598,1,2015072,-68.18,33.67,1,0,0,0,21,8
-68.3012,33.2149,1,2015073,-68.1993,33.4531,0,0,0,0,0,0
-68.3145,33.0626,1,2015074,-68.2236,33.2516,0,0,0,0,0,0
-68.3208,32.8389,1,2015075,-68.2518,33.0643,0,0,0,0,0,0
-68.3141,32.8652,1,2015076,-68.2827,32.8898,0,0,0,0,0,0
-68.3238,32.7754,1,2015077,-68.3152,32.7268,0,0,0,0,0,0
-68.3708,32.676,1,2015078,-68.348,32.574,0,0,0,0,0,0
-68.424,32.4002,1,2015079,-68.38,32.43,1,0,0,0,21,8
-68.4699,32.2027,1,2015080,-68.4101,32.3051,0,0,0,0,0,0
-68.5077,32.0386,1,2015081,-68.4389,32.2026,0,0,0,0,0,0
-68.601,31.7815,1,2015082,-68.4682,32.1109,0,0,0,0,0,0
-68.6378,31.6203,1,2015083,-68.4994,32.0184,0,0,0,0,0,0
-68.6236,31.5809,1,2015084,-68.534,31.9135,0,0,0,0,0,0
-68.6276,31.561,1,2015085,-68.5737,31.7846,0,0,0,0,0,0
-68.6533,31.4975,1,2015086,-68.62,31.62,1,0,0,0,21,8
-68.7134,31.1765,1,2015087,-68.6808,31.3639,0,0,0,0,0,0
-68.7446,31.0318,1,2015088,-68.7599,30.987,0,0,0,0,0,0
-68.7515,30.8945,1,2015089,-68.8527,30.5176,0,0,0,0,0,0
-68.7587,30.2209,1,2015090,-68.9547,29.9839,0,0,0,0,0,0
-69.0251,29.1381,1,2015091,-69.0613,29.4142,0,0,0,0,0,0
-69.2281,28.7963,1,2015092,-69.1679,28.8368,0,0,0,0,0,0
-69.336,28.3012,1,2015093,-69.27,28.28,1,0,0,0,21,8
-69.4644,27.6141,1,2015094,-69.3826,27.7313,0,0,0,0,0,0
-69.4903,27.1047,1,2015095,-69.515,27.1598,0,0,0,0,0,0
-69.6146,26.5872,1,2015096,-69.6536,26.566,0,0,0,0,0,0
-69.8931,25.7251,1,2015097,-69.7849,25.9505,0,0,0,0,0,0
-69.9873,24.6775,1,2015098,-69.8954,25.314,0,0,0,0,0,0
-70.0046,24.0035,1,2015099,-69.9716,24.657,0,0,0,0,0,0
-70.0282,23.1903,1,2015100,-70,23.98,1,0,0,0,21,8
-69.8894,22.1336,1,2015101,-69.9764,23.2629,0,0,0,0,0,0
-69.743,21.5605,1,2015102,-69.9142,22.4967,0,0,0,0,0,0
-69.6607,20.9755,1,2015103,-69.8261,21.6986,0,0,0,0,0,0
-69.6341,19.8717,1,2015104,-69.7248,20.8856,0,0,0,0,0,0
-69.5934,18.912,1,2015105,-69.6232,20.0751,0,0,0,0,0,0
-69.4312,18.4221,1,2015106,-69.534,19.2841,0,0,0,0,0,0
-69.2816,17.6308,1,2015107,-69.47,18.53,1,0,0,0,21,8
-69.1343,16.6963,1,2015108,-69.422,17.769,0,0,0,0,0,0
-69.1211,16.1142,1,2015109,-69.3743,16.9709,0,0,0,0,0,0
-69.1628,15.7102,1,2015110,-69.3293,16.1726,0,0,0,0,0,0
-69.1723,15.0504,1,2015111,-69.2898,15.4113,0,0,0,0,0,0
-69.1047,14.4526,1,2015112,-69.2583,14.724,0,0,0,0,0,0
-69.2011,13.9446,1,2015113,-69.2375,14.1479,0,0,0,0,0,0
-69.2862,13.5416,1,2015114,-69.23,13.72,1,0,0,0,21,8
-69.2862,13.5416,1,2015115,-69.2362,13.4191,0,0,0,0,0,0
-69.3844,12.5053,1,2015116,-69.2532,13.1831,0,0,0,0,0,0
-69.4274,12.4772,1,2015117,-69.2787,12.9878,0,0,0,0,0,0
-69.451,12.3466,1,2015118,-69.3104,12.809,0,0,0,0,0,0
-69.466,12.2692,1,2015119,-69.3461,12.6226,0,0,0,0,0,0
-69.4505,12.1143,1,2015120,-69.3834,12.4043,0,0,0,0,0,0
-69.385,11.9024,1,2015121,-69.42,12.13,1,0,0,0,21,8
-69.4145,11.6875,1,2015122,-69.462,11.784,0,0,0,0,0,0
-69.5105,11.5426,1,2015123,-69.5142,11.3734,0,0,0,0,0,0
-69.616,11.1971,1,2015124,-69.5723,10.9081,0,0,0,0,0,0
-69.7186,10.6137,1,2015125,-69.6321,10.3982,0,0,0,0,0,0
-69.7449,9.3697,1,2015126,-69.6895,9.8535,0,0,0,0,0,0
-69.7796,9.1539,1,2015127,-69.7402,9.2842,0,0,0,0,0,0
-69.7811,8.4552,1,2015128,-69.78,8.7,1,0,0,0,21,8
-69.807,7.649,1,2015129,-69.8137,8.076,0,0,0,0,0,0
-69.8704,7.4414,1,2015130,-69.8474,7.3903,0,0,0,0,0,0
-69.8374,6.6429,1,2015131,-69.8792,6.6575,0,0,0,0,0,0
-69.8215,5.8831,1,2015132,-69.9073,5.8924,0,0,0,0,0,0
-69.8681,4.8504,1,2015133,-69.9298,5.1097,0,0,0,0,0,0
-69.9806,3.9751,1,2015134,-69.9446,4.324,0,0,0,0,0,0
-69.9594,2.829,1,2015135,-69.95,3.55,1,0,0,0,21,8
-69.9413,2.3393,1,2015136,-69.9417,2.7634,0,0,0,0,0,0
-69.8008,1.7678,1,2015137,-69.9203,1.9428,0,0,0,0,0,0
-69.7231,1.013,1,2015138,-69.891,1.1073,0,0,0,0,0,0
-69.5665,0.1784,1,2015139,0,0,0,0,0,0,0,0
-69.5045,-0.3614,1,2015140,0,0,0,0,0,0,0,0
-69.8338,-2.0724,1,2015141,-69.8083,-1.2966,0,0,0,0,0,0
-69.8393,-2.2742,1,2015142,-69.8,-2,1,0,0,0,21,8
-70.0569,-3.1203,1,2015143,-69.8141,-2.6684,0,0,0,0,0,0
-69.9646,-3.6877,1,2015144,-69.8516,-3.3311,0,0,0,0,0,0
-70.0669,-4.2637,1,2015145,-69.9058,-3.9727,0,0,0,0,0,0
-70.0699,-4.645,1,2015146,-69.9696,-4.5779,0,0,0,0,0,0
-70.1356,-5.4275,1,2015147,-70.0362,-5.131,0,0,0,0,0,0
-70.1427,-5.8708,1,2015148,-70.0986,-5.6169,0,0,0,0,0,0
-70.1963,-6.1232,1,2015149,-70.15,-6.02,1,0,0,0,21,8
-70.2208,-6.8736,1,2015150,-70.196,-6.3517,0,0,0,0,0,0
-70.2407,-7.1471,1,2015151,-70.2448,-6.6408,0,0,0,0,0,0
-70.2702,-7.3962,1,2015152,-70.2933,-6.8982,0,0,0,0,0,0
-70.3244,-7.6861,1,2015153,-70.3382,-7.135,0,0,0,0,0,0
-70.3737,-7.9758,1,2015154,-70.3764,-7.3619,0,0,0,0,0,0
-70.3896,-7.9214,1,2015155,-70.4047,-7.5899,0,0,0,0,0,0
-70.39,-8.1024,1,2015156,-70.42,-7.83,1,0,0,0,21,8
-70.3696,-8.2435,1,2015157,-70.4264,-8.0818,0,0,0,0,0,0
-70.3696,-8.2435,1,2015158,-70.4307,-8.3357,0,0,0,0,0,0
-70.3786,-8.518,1,2015159,-70.4337,-8.5882,0,0,0,0,0,0
-70.3331,-9.1285,1,2015160,-70.4363,-8.8363,0,0,0,0,0,0
-70.4071,-9.3438,1,2015161,-70.4393,-9.0764,0,0,0,0,0,0
-70.4611,-9.582,1,2015162,-70.4436,-9.3054,0,0,0,0,0,0
-70.4924,-9.9011,1,2015163,-70.45,-9.52,1,0,0,0,21,8
-70.5501,-9.9918,1,2015164,-70.4681,-9.7233,0,0,0,0,0,0
-70.6416,-10.5003,1,2015165,-70.5029,-9.9202,0,0,0,0,0,0
-70.6416,-10.5003,1,2015166,-70.5485,-10.1099,0,0,0,0,0,0
-70.694,-10.7444,1,2015167,-70.599,-10.2916,0,0,0,0,0,0
-70.694,-10.7444,1,2015168,-70.6483,-10.4643,0,0,0,0,0,0
-70.694,-10.7444,1,2015169,-70.6907,-10.6274,0,0,0,0,0,0
-70.7076,-11.0286,1,2015170,-70.72,-10.78,1,0,0,0,21,8
-70.7076,-11.0286,0,2015171,-70.7381,-10.9152,0,0,0,0,0,0
-70.7076,-11.0286,1,2015172,-70.7519,-11.0326,0,0,0,0,0,0
-70.7076,-11.0286,1,2015173,-70.7632,-11.1406,0,0,0,0,0,0
-70.7848,-11.5086,1,2015174,-70.7738,-11.2478,0,0,0,0,0,0
-70.8736,-11.9372,1,2015175,-70.7856,-11.3627,0,0,0,0,0,0
-70.9568,-12.2413,1,2015176,-70.8004,-11.4939,0,0,0,0,0,0
-70.9568,-12.2413,1,2015177,-70.82,-11.65,1,0,0,0,21,8
-70.985,-12.5428,1,2015178,-70.849,-11.8418,0,0,0,0,0,0
-70.985,-12.5428,1,2015179,-70.8894,-12.0707,0,0,0,0,0,0
-71.0629,-12.9121,1,2015180,-70.9395,-12.3313,0,0,0,0,0,0
-71.1064,-13.2312,0,2015181,-70.9974,-12.618,0,0,0,0,0,0
-71.1579,-13.5845,1,2015182,-71.0614,-12.9254,0,0,0,0,0,0
-71.3082,-14.1155,1,2015183,-71.1295,-13.2479,0,0,0,0,0,0
-71.4145,-14.5554,1,2015184,-71.2,-13.58,1,0,0,0,21,8
-71.5292,-15.1075,1,2015185,-71.2816,-13.9531,0,0,0,0,0,0
-71.682,-15.3699,1,2015186,-71.3804,-14.3855,0,0,0,0,0,0
-71.7312,-15.5456,1,2015187,-71.4903,-14.8525,0,0,0,0,0,0
-71.8385,-16.0093,1,2015188,-71.6053,-15.3293,0,0,0,0,0,0
-71.8517,-16.3226,1,2015189,-71.7192,-15.791,0,0,0,0,0,0
-71.8617,-16.4659,1,2015190,-71.8262,-16.2129,0,0,0,0,0,0
-71.8859,-16.5559,1,2015191,-71.92,-16.57,1,0,0,0,21,8
-72.0013,-16.7687,1,2015192,-72.0015,-16.8647,0,0,0,0,0,0
-72.0881,-16.7852,1,2015193,-72.0766,-17.124,0,0,0,0,0,0
-72.2989,-17.0289,1,2015194,-72.1475,-17.3605,0,0,0,0,0,0
-72.3338,-17.4458,1,2015195,-72.2163,-17.5869,0,0,0,0,0,0
-72.4269,-17.8913,1,2015196,-72.2849,-17.8155,0,0,0,0,0,0
-72.473,-18.4674,1,2015197,-72.3554,-18.059,0,0,0,0,0,0
-72.429,-18.8042,1,2015198,-72.43,-18.33,1,0,0,0,21,8
-72.5144,-19.0769,1,2015199,0,0,0,0,0,0,0,0
-72.5653,-19.3131,1,2015200,0,0,0,0,0,0,0,0
-72.7036,-19.6195,1,2015201,0,0,0,0,0,0,0,0
-72.8849,-20.0572,1,2015202,0,0,0,0,0,0,0,0
-73.0351,-20.4285,1,2015203,0,0,0,0,0,0,0,0
-73.1367,-20.6329,1,2015204,0,0,0,0,0,0,0,0
-73.1874,-20.9971,1,2015205,0,0,0,0,0,0,0,0
-73.3613,-21.4185,1,2015206,0,0,0,0,0,0,0,0
-73.3825,-21.8641,1,2015207,0,0,0,0,0,0,0,0
-73.4663,-22.058,1,2015208,0,0,0,0,0,0,0,0
-73.4733,-22.4123,1,2015209,0,0,0,0,0,0,0,0
-73.5,-22.7196,1,2015210,0,0,0,0,0,0,0,0
-73.5578,-22.8043,1,2015211,0,0,0,0,0,0,0,0
-73.6158,-22.9296,1,2015212,-73.6,-23.3,1,0,0,0,21,8
-73.6536,-23.1813,1,2015213,-73.6157,-23.3822,0,0,0,0,0,0
-73.6498,-23.292,1,2015214,-73.627,-23.4411,0,0,0,0,0,0
-73.6918,-23.7481,1,2015215,-73.6357,-23.4866,0,0,0,0,0,0
-73.6918,-23.7481,1,2015216,-73.6435,-23.5284,0,0,0,0,0,0
-73.7244,-24.2712,1,2015217,-73.6523,-23.5763,0,0,0,0,0,0
-73.74,-24.6119,1,2015218,-73.6638,-23.6403,0,0,0,0,0,0
-73.6867,-24.5638,1,2015219,-73.68,-23.73,1,0,0,0,21,8
-73.7264,-24.9459,1,2015220,-73.7133,-23.9344,0,0,0,0,0,0
-73.7652,-25.3286,1,2015221,-73.7691,-24.2966,0,0,0,0,0,0
-73.8355,-25.7691,1,2015222,-73.8388,-24.758,0,0,0,0,0,0
-73.873,-26.1164,1,2015223,-73.9135,-25.2597,0,0,0,0,0,0
-73.873,-26.1164,1,2015224,-73.9844,-25.7431,0,0,0,0,0,0
-73.9821,-26.2687,1,2015225,-74.0429,-26.1494,0,0,0,0,0,0
-74.0682,-26.2596,1,2015226,-74.08,-26.42,1,0,0,0,21,8
-74.1189,-26.4751,1,2015227,0,0,0,0,0,0,0,0
-75.2166,-25.1763,1,2015228,0,0,0,0,0,0,0,0
-74.7551,-26.1654,0,2015229,0,0,0,0,0,0,0,0
-74.2937,-27.4232,1,2015230,0,0,0,0,0,0,0,0
-74.3239,-27.8023,1,2015231,0,0,0,0,0,0,0,0
-74.3239,-27.8023,1,2015232,0,0,0,0,0,0,0,0
-74.3239,-27.8023,1,2015233,0,0,0,0,0,0,0,0
-74.3239,-27.8023,1,2015234,0,0,0,0,0,0,0,0
-74.3239,-27.8023,1,2015235,0,0,0,0,0,0,0,0
-74.3007,-27.8126,1,2015236,0,0,0,0,0,0,0,0
-74.2585,-27.8709,1,2015237,0,0,0,0,0,0,0,0
-74.2585,-27.8709,1,2015238,0,0,0,0,0,0,0,0
-74.2585,-27.8709,1,2015239,0,0,0,0,0,0,0,0
-74.2207,-27.8951,1,2015240,-74.27,-27.97,1,0,0,0,21,8
-74.1583,-28.011,1,2015241,0,0,0,0,0,0,0,0
-74.1583,-28.011,1,2015242,0,0,0,0,0,0,0,0
-74.1046,-28.1432,1,2015243,0,0,0,0,0,0,0,0
-74.1046,-28.1432,1,2015244,0,0,0,0,0,0,0,0
-74.1379,-28.3759,1,2015245,0,0,0,0,0,0,0,0
-74.24,-28.5363,1,2015246,0,0,0,0,0,0,0,0
-74.2787,-28.4371,1,2015247,0,0,0,0,0,0,0,0
-74.3096,-28.6129,1,2015248,0,0,0,0,0,0,0,0
-74.3499,-28.6513,1,2015249,0,0,0,0,0,0,0,0
-74.3499,-28.6513,1,2015250,0,0,0,0,0,0,0,0
-74.3499,-28.6513,1,2015251,0,0,0,0,0,0,0,0
-74.3499,-28.6513,0,2015252,0,0,0,0,0,0,0,0
-74.3499,-28.6513,1,2015253,0,0,0,0,0,0,0,0
-74.3499,-28.6513,1,2015254,0,0,0,0,0,0,0,0
-74.3499,-28.6513,1,2015255,0,0,0,0,0,0,0,0
-74.3499,-28.6513,1,2015256,0,0,0,0,0,0,0,0
-74.3499,-28.6513,0,2015257,0,0,0,0,0,0,0,0
-74.3499,-28.6513,1,2015258,0,0,0,0,0,0,0,0
-74.4296,-28.7316,1,2015259,0,0,0,0,0,0,0,0
-74.4296,-28.7316,0,2015260,0,0,0,0,0,0,0,0
-74.4296,-28.7316,1,2015261,0,0,0,0,0,0,0,0
-74.4047,-28.5202,1,2015262,0,0,0,0,0,0,0,0
-74.4047,-28.5202,1,2015263,0,0,0,0,0,0,0,0
-74.4047,-28.5202,1,2015264,0,0,0,0,0,0,0,0
-74.4571,-28.3123,1,2015265,0,0,0,0,0,0,0,0
-74.4638,-28.2693,1,2015266,0,0,0,0,0,0,0,0
-74.5813,-28.3991,1,2015267,0,0,0,0,0,0,0,0
-74.6207,-28.4509,1,2015268,0,0,0,0,0,0,0,0
-74.6763,-28.3834,1,2015269,0,0,0,0,0,0,0,0
-74.6763,-28.3834,1,2015270,0,0,0,0,0,0,0,0
-74.6763,-28.3834,1,2015271,0,0,0,0,0,0,0,0
-74.6763,-28.3834,0,2015272,0,0,0,0,0,0,0,0
-74.6763,-28.3834,1,2015273,0,0,0,0,0,0,0,0
-74.6763,-28.3834,1,2015274,0,0,0,0,0,0,0,0
-74.6763,-28.3834,1,2015275,0,0,0,0,0,0,0,0
-74.6763,-28.3834,1,2015276,0,0,0,0,0,0,0,0
-74.6763,-28.3834,1,2015277,0,0,0,0,0,0,0,0
-74.6763,-28.3834,1,2015278,0,0,0,0,0,0,0,0
-74.5846,-28.313,1,2015279,0,0,0,0,0,0,0,0
-74.5846,-28.313,1,2015280,0,0,0,0,0,0,0,0
-74.7119,-28.446,1,2015281,0,0,0,0,0,0,0,0
-74.7119,-28.446,1,2015282,0,0,0,0,0,0,0,0
-74.8534,-27.3676,1,2015283,0,0,0,0,0,0,0,0
-74.7588,-28.0425,1,2015284,0,0,0,0,0,0,0,0
-74.7908,-28.0636,1,2015285,0,0,0,0,0,0,0,0
-74.7908,-28.0636,1,2015286,0,0,0,0,0,0,0,0
-74.8217,-27.7516,1,2015287,0,0,0,0,0,0,0,0
-74.8591,-27.478,1,2015288,0,0,0,0,0,0,0,0
-74.7885,-27.5708,1,2015289,0,0,0,0,0,0,0,0
-74.797,-27.4298,1,2015290,0,0,0,0,0,0,0,0
-74.797,-27.4298,1,2015291,0,0,0,0,0,0,0,0
-74.797,-27.4298,1,2015292,0,0,0,0,0,0,0,0
-74.797,-27.4298,1,2015293,0,0,0,0,0,0,0,0
-74.7847,-27.3562,1,2015294,0,0,0,0,0,0,0,0
-74.7847,-27.3562,1,2015295,0,0,0,0,0,0,0,0
-74.83,-27.363,1,2015296,0,0,0,0,0,0,0,0
-74.8438,-27.3408,1,2015297,0,0,0,0,0,0,0,0
-74.7757,-27.3308,1,2015298,0,0,0,0,0,0,0,0
-74.7757,-27.3308,1,2015299,0,0,0,0,0,0,0,0
-74.7757,-27.3308,1,2015300,0,0,0,0,0,0,0,0
-74.7757,-27.3308,1,2015301,0,0,0,0,0,0,0,0
-74.7757,-27.3308,1,2015302,0,0,0,0,0,0,0,0
-74.7757,-27.3308,1,2015303,0,0,0,0,0,0,0,0
-74.8964,-27.1696,1,2015304,0,0,0,0,0,0,0,0
-74.8964,-27.1696,1,2015305,0,0,0,0,0,0,0,0
-74.8964,-27.1696,1,2015306,0,0,0,0,0,0,0,0
-74.8964,-27.1696,1,2015307,0,0,0,0,0,0,0,0
-74.8964,-27.1696,1,2015308,0,0,0,0,0,0,0,0
-74.8964,-27.1696,1,2015309,0,0,0,0,0,0,0,0
-74.8964,-27.1696,1,2015310,0,0,0,0,0,0,0,0
-74.8964,-27.1696,1,2015311,0,0,0,0,0,0,0,0
-74.8964,-27.1696,1,2015312,0,0,0,0,0,0,0,0
-74.8964,-27.1696,0,2015313,0,0,0,0,0,0,0,0
-74.8964,-27.1696,1,2015314,0,0,0,0,0,0,0,0
-74.8964,-27.1696,1,2015315,0,0,0,0,0,0,0,0
-74.9792,-27.1007,1,2015316,0,0,0,0,0,0,0,0
-74.9792,-27.1007,1,2015317,0,0,0,0,0,0,0,0
-74.9792,-27.1007,1,2015318,0,0,0,0,0,0,0,0
-74.9792,-27.1007,1,2015319,0,0,0,0,0,0,0,0
-74.9792,-27.1007,1,2015320,0,0,0,0,0,0,0,0
-74.9792,-27.1007,1,2015321,0,0,0,0,0,0,0,0
-74.9792,-27.1007,1,2015322,0,0,0,0,0,0,0,0
-74.9792,-27.1007,1,2015323,0,0,0,0,0,0,0,0
-74.9792,-27.1007,1,2015324,0,0,0,0,0,0,0,0
-74.9792,-27.1007,1,2015325,0,0,0,0,0,0,0,0
-74.9209,-27.012,1,2015326,0,0,0,0,0,0,0,0
-74.9209,-27.012,1,2015327,0,0,0,0,0,0,0,0
-74.9209,-27.012,0,2015328,0,0,0,0,0,0,0,0
-74.9209,-27.012,1,2015329,0,0,0,0,0,0,0,0
-74.9209,-27.012,1,2015330,0,0,0,0,0,0,0,0
-74.8822,-27.3933,1,2015331,0,0,0,0,0,0,0,0
-74.8822,-27.3933,1,2015332,0,0,0,0,0,0,0,0
-74.8345,-27.4885,1,2015333,0,0,0,0,0,0,0,0
-74.8244,-27.5049,0,2015334,0,0,0,0,0,0,0,0
-74.8208,-27.5105,1,2015335,0,0,0,0,0,0,0,0
-74.8208,-27.5105,1,2015336,0,0,0,0,0,0,0,0
-74.712,-27.543,1,2015337,0,0,0,0,0,0,0,0
-74.6723,-28.3363,1,2015338,0,0,0,0,0,0,0,0
-74.6723,-28.3363,1,2015339,0,0,0,0,0,0,0,0
-74.6747,-28.6394,1,2015340,0,0,0,0,0,0,0,0
-74.6747,-28.6394,1,2015341,0,0,0,0,0,0,0,0
-74.6747,-28.6394,1,2015342,0,0,0,0,0,0,0,0
-74.6219,-28.8362,1,2015343,0,0,0,0,0,0,0,0
-74.6219,-28.8362,1,2015344,0,0,0,0,0,0,0,0
-74.6219,-28.8362,1,2015345,0,0,0,0,0,0,0,0
-74.6473,-29.0633,1,2015346,0,0,0,0,0,0,0,0
-74.6473,-29.0633,1,2015347,0,0,0,0,0,0,0,0
-74.6473,-29.0633,1,2015348,0,0,0,0,0,0,0,0
-74.6138,-29.1256,1,2015349,0,0,0,0,0,0,0,0
-74.6138,-29.1256,1,2015350,0,0,0,0,0,0,0,0
-74.6138,-29.1256,1,2015351,0,0,0,0,0,0,0,0
-74.5809,-29.1889,1,2015352,0,0,0,0,0,0,0,0
-74.5809,-29.1889,1,2015353,0,0,0,0,0,0,0,0
-74.5809,-29.1889,1,2015354,0,0,0,0,0,0,0,0
-74.5809,-29.1889,1,2015355,0,0,0,0,0,0,0,0
-74.5809,-29.1889,1,2015356,0,0,0,0,0,0,0,0
-74.5951,-29.0191,1,2015357,0,0,0,0,0,0,0,0
-74.5951,-29.0191,1,2015358,0,0,0,0,0,0,0,0
-74.6178,-29.1835,1,2015359,0,0,0,0,0,0,0,0
-74.6178,-29.1835,1,2015360,0,0,0,0,0,0,0,0
-74.6178,-29.1835,1,2015361,0,0,0,0,0,0,0,0
-74.6178,-29.1835,0,2015362,0,0,0,0,0,0,0,0
-74.6178,-29.1835,1,2015363,0,0,0,0,0,0,0,0
-74.6178,-29.1835,1,2015364,0,0,0,0,0,0,0,0
-74.6178,-29.1835,1,2015365,0,0,0,0,0,0,0,0
-74.6178,-29.1835,1,2016001,0,0,0,0,0,0,0,0
-74.6316,-29.0046,1,2016002,0,0,0,0,0,0,0,0
-74.6105,-28.8283,1,2016003,0,0,0,0,0,0,0,0
-74.6105,-28.8283,1,2016004,0,0,0,0,0,0,0,0
-74.5991,-28.5902,1,2016005,0,0,0,0,0,0,0,0
-74.5991,-28.5902,1,2016006,0,0,0,0,0,0,0,0
-74.6372,-28.4124,1,2016007,0,0,0,0,0,0,0,0
-74.6372,-28.4124,1,2016008,0,0,0,0,0,0,0,0
-74.6383,-28.2415,1,2016009,0,0,0,0,0,0,0,0
-74.5583,-28.0726,1,2016010,0,0,0,0,0,0,0,0
-74.5368,-27.8252,1,2016011,0,0,0,0,0,0,0,0
-74.4349,-27.8124,1,2016012,0,0,0,0,0,0,0,0
-74.3847,-28.0127,1,2016013,0,0,0,0,0,0,0,0
-74.4343,-28.2453,0,2016014,0,0,0,0,0,0,0,0
-74.484,-28.3814,1,2016015,0,0,0,0,0,0,0,0
-74.484,-28.3814,1,2016016,0,0,0,0,0,0,0,0
-74.484,-28.3814,1,2016017,0,0,0,0,0,0,0,0
-74.484,-28.3814,1,2016018,0,0,0,0,0,0,0,0
-74.4941,-28.6966,1,2016019,0,0,0,0,0,0,0,0
-74.4548,-28.7138,1,2016020,0,0,0,0,0,0,0,0
-74.4548,-28.7138,1,2016021,0,0,0,0,0,0,0,0
-74.4669,-29.0339,1,2016022,0,0,0,0,0,0,0,0
-74.4669,-29.0339,1,2016023,0,0,0,0,0,0,0,0
-74.4669,-29.0339,1,2016024,0,0,0,0,0,0,0,0
-74.4669,-29.0339,1,2016025,0,0,0,0,0,0,0,0
-74.5243,-29.0373,1,2016026,0,0,0,0,0,0,0,0
-74.5243,-29.0373,1,2016027,0,0,0,0,0,0,0,0
-74.5243,-29.0373,1,2016028,0,0,0,0,0,0,0,0
-74.5243,-29.0373,1,2016029,0,0,0,0,0,0,0,0
-74.5243,-29.0373,1,2016030,0,0,0,0,0,0,0,0
-74.5243,-29.0373,1,2016031,0,0,0,0,0,0,0,0
-74.5243,-29.0373,1,2016032,0,0,0,0,0,0,0,0
-74.5243,-29.0373,1,2016033,0,0,0,0,0,0,0,0
-74.5243,-29.0373,1,2016034,0,0,0,0,0,0,0,0
-74.5243,-29.0373,1,2016035,0,0,0,0,0,0,0,0
-74.5243,-29.0373,1,2016036,0,0,0,0,0,0,0,0
-74.5243,-29.0373,1,2016037,0,0,0,0,0,0,0,0
-74.5243,-29.0373,1,2016038,0,0,0,0,0,0,0,0
-74.5243,-29.0373,0,2016039,0,0,0,0,0,0,0,0
-74.5243,-29.0373,1,2016040,0,0,0,0,0,0,0,0
-74.5243,-29.0373,1,2016041,0,0,0,0,0,0,0,0
-74.4382,-28.9002,1,2016042,0,0,0,0,0,0,0,0
-74.4444,-28.79,1,2016043,0,0,0,0,0,0,0,0
-74.4444,-28.79,1,2016044,0,0,0,0,0,0,0,0
-74.4444,-28.79,1,2016045,0,0,0,0,0,0,0,0
-74.4444,-28.79,1,2016046,0,0,0,0,0,0,0,0
-74.4646,-28.1692,1,2016047,0,0,0,0,0,0,0,0
-74.4646,-28.1692,1,2016048,0,0,0,0,0,0,0,0
-74.4646,-28.1692,1,2016049,0,0,0,0,0,0,0,0
-74.4646,-28.1692,1,2016050,0,0,0,0,0,0,0,0
-74.4376,-28.0439,1,2016051,0,0,0,0,0,0,0,0
-74.4376,-28.0439,1,2016052,0,0,0,0,0,0,0,0
-74.4376,-28.0439,1,2016053,0,0,0,0,0,0,0,0
-74.3974,-27.8428,1,2016054,0,0,0,0,0,0,0,0
-74.3974,-27.8428,1,2016055,0,0,0,0,0,0,0,0
-74.4035,-27.9686,1,2016056,0,0,0,0,0,0,0,0
-74.4035,-27.9686,1,2016057,0,0,0,0,0,0,0,0
-74.4035,-27.9686,1,2016058,0,0,0,0,0,0,0,0
-74.4035,-27.9686,1,2016059,0,0,0,0,0,0,0,0
-74.3841,-27.6147,1,2016060,0,0,0,0,0,0,0,0
-74.3453,-27.4842,1,2016061,0,0,0,0,0,0,0,0
-74.3453,-27.4842,1,2016062,0,0,0,0,0,0,0,0
-74.3915,-27.5734,1,2016063,0,0,0,0,0,0,0,0
-74.3915,-27.5734,1,2016064,0,0,0,0,0,0,0,0
-74.3915,-27.5734,1,2016065,0,0,0,0,0,0,0,0
-74.3915,-27.5734,1,2016066,0,0,0,0,0,0,0,0
-74.3915,-27.5734,1,2016067,0,0,0,0,0,0,0,0
-74.3915,-27.5734,1,2016068,0,0,0,0,0,0,0,0
-74.3915,-27.5734,1,2016069,0,0,0,0,0,0,0,0
-74.4773,-27.7816,1,2016070,0,0,0,0,0,0,0,0
-74.4773,-27.7816,1,2016071,0,0,0,0,0,0,0,0
-74.3856,-27.9257,1,2016072,0,0,0,0,0,0,0,0
-74.3856,-27.9257,1,2016073,0,0,0,0,0,0,0,0
-74.3211,-27.9758,1,2016074,0,0,0,0,0,0,0,0
-74.3211,-27.9758,0,2016075,0,0,0,0,0,0,0,0
-74.3211,-27.9758,1,2016076,0,0,0,0,0,0,0,0
-74.2937,-28.1714,1,2016077,0,0,0,0,0,0,0,0
-74.2937,-28.1714,1,2016078,0,0,0,0,0,0,0,0
-74.2937,-28.1714,1,2016079,0,0,0,0,0,0,0,0
-74.2609,-28.3962,1,2016080,0,0,0,0,0,0,0,0
-74.2364,-28.4836,1,2016081,0,0,0,0,0,0,0,0
-74.1496,-28.6798,1,2016082,0,0,0,0,0,0,0,0
-74.0667,-28.7696,1,2016083,0,0,0,0,0,0,0,0
-74.0065,-28.8638,1,2016084,0,0,0,0,0,0,0,0
-74.0065,-28.8638,1,2016085,0,0,0,0,0,0,0,0
-73.9736,-29.0844,1,2016086,0,0,0,0,0,0,0,0
-73.9794,-29.3509,1,2016087,0,0,0,0,0,0,0,0
-73.9794,-29.3509,1,2016088,0,0,0,0,0,0,0,0
-73.9816,-29.4829,1,2016089,0,0,0,0,0,0,0,0
-73.9885,-29.6649,1,2016090,0,0,0,0,0,0,0,0
-73.9055,-29.6618,1,2016091,0,0,0,0,0,0,0,0
-73.9055,-29.6618,1,2016092,0,0,0,0,0,0,0,0
-73.8553,-29.7656,1,2016093,0,0,0,0,0,0,0,0
-73.827,-29.8741,1,2016094,0,0,0,0,0,0,0,0
-73.8172,-29.8615,1,2016095,0,0,0,0,0,0,0,0
-73.8005,-30.1853,1,2016096,0,0,0,0,0,0,0,0
-73.8005,-30.1853,1,2016097,0,0,0,0,0,0,0,0
-73.7714,-30.14,1,2016098,0,0,0,0,0,0,0,0
-73.7487,-30.212,1,2016099,0,0,0,0,0,0,0,0
-73.7487,-30.212,1,2016100,0,0,0,0,0,0,0,0
-73.7487,-30.212,1,2016101,0,0,0,0,0,0,0,0
-73.6921,-30.3399,1,2016102,0,0,0,0,0,0,0,0
-73.6921,-30.3399,1,2016103,0,0,0,0,0,0,0,0
-73.6921,-30.3399,1,2016104,0,0,0,0,0,0,0,0
-73.6921,-30.3399,1,2016105,0,0,0,0,0,0,0,0
-73.7146,-30.6407,1,2016106,0,0,0,0,0,0,0,0
-73.7146,-30.6407,1,2016107,0,0,0,0,0,0,0,0
-73.7146,-30.6407,1,2016108,0,0,0,0,0,0,0,0
-73.7146,-30.6407,1,2016109,0,0,0,0,0,0,0,0
-73.7412,-30.9003,1,2016110,0,0,0,0,0,0,0,0
-73.7788,-30.9563,1,2016111,0,0,0,0,0,0,0,0
-73.8158,-31.2293,1,2016112,0,0,0,0,0,0,0,0
-73.8817,-31.3972,1,2016113,0,0,0,0,0,0,0,0
-73.9296,-31.6007,1,2016114,0,0,0,0,0,0,0,0
-73.9192,-31.7975,1,2016115,0,0,0,0,0,0,0,0
-73.9116,-31.9801,0,2016116,0,0,0,0,0,0,0,0
-73.9015,-32.1744,1,2016117,0,0,0,0,0,0,0,0
-73.8696,-32.4202,1,2016118,0,0,0,0,0,0,0,0
-73.8734,-32.3297,1,2016119,0,0,0,0,0,0,0,0
-73.8728,-32.4024,1,2016120,0,0,0,0,0,0,0,0
-73.8566,-32.5623,1,2016121,0,0,0,0,0,0,0,0
-73.8826,-32.6213,1,2016122,0,0,0,0,0,0,0,0
-73.8978,-32.8047,1,2016123,0,0,0,0,0,0,0,0
-73.941,-33.1041,1,2016124,0,0,0,0,0,0,0,0
-73.9295,-33.2257,1,2016125,0,0,0,0,0,0,0,0
-73.8635,-33.3185,1,2016126,0,0,0,0,0,0,0,0
-73.8752,-33.7939,1,2016127,0,0,0,0,0,0,0,0
-73.8396,-34.107,1,2016128,0,0,0,0,0,0,0,0
-73.8608,-34.3833,1,2016129,0,0,0,0,0,0,0,0
-73.8599,-34.7083,1,2016130,0,0,0,0,0,0,0,0
-73.8325,-34.841,1,2016131,0,0,0,0,0,0,0,0
-73.8094,-35.2113,1,2016132,0,0,0,0,0,0,0,0
-73.7978,-35.3338,1,2016133,0,0,0,0,0,0,0,0
-73.8037,-35.5421,0,2016134,0,0,0,0,0,0,0,0
-73.8145,-35.794,0,2016135,0,0,0,0,0,0,0,0
-73.8204,-35.9771,1,2016136,0,0,0,0,0,0,0,0
-73.8136,-36.06,1,2016137,0,0,0,0,0,0,0,0
-73.803,-36.237,1,2016138,0,0,0,0,0,0,0,0
-73.8252,-36.6814,1,2016139,0,0,0,0,0,0,0,0
-73.794,-36.7002,1,2016140,0,0,0,0,0,0,0,0
-73.7697,-37.1253,1,2016141,0,0,0,0,0,0,0,0
-73.7338,-37.4667,1,2016142,0,0,0,0,0,0,0,0
-73.6955,-37.4647,1,2016143,0,0,0,0,0,0,0,0
-73.5962,-37.6841,1,2016144,0,0,0,0,0,0,0,0
-73.5838,-37.8041,1,2016145,0,0,0,0,0,0,0,0
-73.5035,-37.8155,1,2016146,0,0,0,0,0,0,0,0
-73.4582,-37.7938,1,2016147,0,0,0,0,0,0,0,0
-73.4224,-37.901,1,2016148,0,0,0,0,0,0,0,0
-73.3269,-37.9216,1,2016149,0,0,0,0,0,0,0,0
-73.2704,-38.1232,1,2016150,0,0,0,0,0,0,0,0
-73.2572,-38.239,1,2016151,0,0,0,0,0,0,0,0
-73.1965,-38.5047,1,2016152,0,0,0,0,0,0,0,0
-73.215,-38.7081,1,2016153,0,0,0,0,0,0,0,0
-73.2263,-38.7647,1,2016154,0,0,0,0,0,0,0,0
-73.2263,-38.7647,1,2016155,0,0,0,0,0,0,0,0
-73.0164,-39.0986,1,2016156,0,0,0,0,0,0,0,0
-73.0164,-39.0986,1,2016157,0,0,0,0,0,0,0,0
-72.8634,-39.3042,1,2016158,0,0,0,0,0,0,0,0
-72.7521,-39.4973,1,2016159,0,0,0,0,0,0,0,0
-72.7047,-39.5902,1,2016160,0,0,0,0,0,0,0,0
-72.7047,-39.5902,1,2016161,0,0,0,0,0,0,0,0
-72.6848,-39.5094,1,2016162,0,0,0,0,0,0,0,0
-72.6261,-39.6972,1,2016163,0,0,0,0,0,0,0,0
-72.6036,-39.734,1,2016164,0,0,0,0,0,0,0,0
-72.6036,-39.734,1,2016165,0,0,0,0,0,0,0,0
-71.9473,-40.925,1,2016182,0,0,0,0,0,0,0,0
-71.9473,-40.925,1,2016183,0,0,0,0,0,0,0,0
-71.861,-41.0188,1,2016184,0,0,0,0,0,0,0,0
-71.861,-41.0188,0,2016185,0,0,0,0,0,0,0,0
-71.861,-41.0188,1,2016186,0,0,0,0,0,0,0,0
-71.861,-41.0188,0,2016187,0,0,0,0,0,0,0,0
-71.861,-41.0188,1,2016188,0,0,0,0,0,0,0,0
-71.9156,-41.2202,1,2016189,0,0,0,0,0,0,0,0
-71.8613,-41.3127,1,2016190,0,0,0,0,0,0,0,0
-71.8164,-41.5286,1,2016191,0,0,0,0,0,0,0,0
-71.7703,-41.5933,1,2016192,0,0,0,0,0,0,0,0
-71.6753,-41.9357,1,2016193,0,0,0,0,0,0,0,0
-71.5866,-42.0137,0,2016194,0,0,0,0,0,0,0,0
-71.4942,-42.0417,1,2016195,0,0,0,0,0,0,0,0
-71.3844,-42.0041,1,2016196,0,0,0,0,0,0,0,0
-71.3489,-42.1202,0,2016197,0,0,0,0,0,0,0,0
-71.3329,-42.2363,1,2016198,0,0,0,0,0,0,0,0
-71.3294,-42.2012,1,2016199,0,0,0,0,0,0,0,0
-71.3109,-42.2677,0,2016200,0,0,0,0,0,0,0,0
-71.2768,-42.3342,1,2016201,0,0,0,0,0,0,0,0
-71.2229,-42.1893,1,2016202,0,0,0,0,0,0,0,0
-71.2088,-42.1498,1,2016203,0,0,0,0,0,0,0,0
-71.2088,-42.1498,1,2016204,0,0,0,0,0,0,0,0
-71.2088,-42.1498,1,2016205,0,0,0,0,0,0,0,0
-71.1518,-42.1098,1,2016206,0,0,0,0,0,0,0,0
-71.1057,-42.227,1,2016207,0,0,0,0,0,0,0,0
-70.9932,-42.256,0,2016208,0,0,0,0,0,0,0,0
-70.9014,-42.2666,1,2016209,0,0,0,0,0,0,0,0
-70.8896,-42.1775,1,2016210,0,0,0,0,0,0,0,0
-70.8579,-42.2834,0,2016211,0,0,0,0,0,0,0,0
-70.7991,-42.4375,1,2016212,0,0,0,0,0,0,0,0
-70.6645,-42.5176,1,2016213,0,0,0,0,0,0,0,0
-70.6231,-42.5454,0,2016214,0,0,0,0,0,0,0,0
-70.6072,-42.5763,1,2016215,0,0,0,0,0,0,0,0
-70.6514,-42.7063,1,2016216,0,0,0,0,0,0,0,0
-70.5821,-42.7483,1,2016217,0,0,0,0,0,0,0,0
-70.5673,-42.7998,1,2016218,0,0,0,0,0,0,0,0
-70.5478,-42.8628,1,2016219,0,0,0,0,0,0,0,0
-70.5391,-42.846,1,2016220,0,0,0,0,0,0,0,0
-70.5391,-42.846,1,2016221,0,0,0,0,0,0,0,0
-70.5615,-42.9083,1,2016222,0,0,0,0,0,0,0,0
-70.5907,-42.9901,1,2016223,0,0,0,0,0,0,0,0
-70.6252,-43.3235,1,2016224,0,0,0,0,0,0,0,0
-70.6023,-43.7011,1,2016225,0,0,0,0,0,0,0,0
-70.5176,-43.9161,1,2016226,0,0,0,0,0,0,0,0
-70.5112,-44.1985,1,2016227,0,0,0,0,0,0,0,0
-70.5228,-44.4665,0,2016228,0,0,0,0,0,0,0,0
-70.543,-44.7075,1,2016229,0,0,0,0,0,0,0,0
-70.5616,-44.8991,1,2016230,0,0,0,0,0,0,0,0
-70.5573,-44.837,0,2016231,0,0,0,0,0,0,0,0
-70.5444,-44.7748,1,2016232,0,0,0,0,0,0,0,0
-70.4568,-44.8689,1,2016233,0,0,0,0,0,0,0,0
-70.3646,-45.0187,1,2016234,0,0,0,0,0,0,0,0
-70.2913,-44.9904,0,2016235,0,0,0,0,0,0,0,0
-70.2152,-44.9507,1,2016236,0,0,0,0,0,0,0,0
-70.1096,-44.9326,1,2016237,0,0,0,0,0,0,0,0
-70.084,-44.8791,0,2016238,0,0,0,0,0,0,0,0
-70.0721,-44.838,1,2016239,0,0,0,0,0,0,0,0
-70.0673,-44.9422,1,2016240,0,0,0,0,0,0,0,0
-70.039,-45.0641,1,2016241,0,0,0,0,0,0,0,0
-70.0153,-44.9235,1,2016242,0,0,0,0,0,0,0,0
-70.022,-44.8678,0,2016243,0,0,0,0,0,0,0,0
-70.0288,-44.8448,1,2016244,0,0,0,0,0,0,0,0
-70.0045,-45.0419,1,2016245,0,0,0,0,0,0,0,0
-69.9328,-45.1593,0,2016246,0,0,0,0,0,0,0,0
-69.83,-45.2141,1,2016247,0,0,0,0,0,0,0,0
-69.7211,-45.1609,1,2016248,0,0,0,0,0,0,0,0
-69.6724,-45.1825,1,2016249,0,0,0,0,0,0,0,0
-69.6086,-45.1298,0,2016250,0,0,0,0,0,0,0,0
-69.5592,-45.0572,1,2016251,0,0,0,0,0,0,0,0
-69.5434,-45.0263,1,2016252,0,0,0,0,0,0,0,0
-69.5152,-44.9459,1,2016253,0,0,0,0,0,0,0,0
-69.487,-44.8656,1,2016254,0,0,0,0,0,0,0,0
-69.4554,-44.9226,0,2016255,0,0,0,0,0,0,0,0
-69.4194,-44.9796,1,2016256,0,0,0,0,0,0,0,0
-69.3743,-44.9044,1,2016257,0,0,0,0,0,0,0,0
-69.3573,-44.8949,0,2016258,0,0,0,0,0,0,0,0
-69.3404,-44.8846,1,2016259,0,0,0,0,0,0,0,0
-69.2968,-44.7241,1,2016260,0,0,0,0,0,0,0,0
-69.2196,-44.5844,1,2016261,0,0,0,0,0,0,0,0
-69.2286,-44.7671,1,2016262,0,0,0,0,0,0,0,0
-69.2114,-44.7458,0,2016263,0,0,0,0,0,0,0,0
-69.1752,-44.7063,0,2016264,0,0,0,0,0,0,0,0
-69.1426,-44.685,1,2016265,0,0,0,0,0,0,0,0
-69.1223,-44.7481,1,2016266,0,0,0,0,0,0,0,0
-69.1084,-44.747,1,2016267,0,0,0,0,0,0,0,0
-69.0804,-44.8261,1,2016268,0,0,0,0,0,0,0,0
-69.0183,-44.96,1,2016269,0,0,0,0,0,0,0,0
-69.0355,-44.8348,1,2016270,0,0,0,0,0,0,0,0
-69.0036,-44.8442,1,2016271,0,0,0,0,0,0,0,0
-69.0152,-44.7343,1,2016272,0,0,0,0,0,0,0,0
-69.0041,-44.8456,1,2016273,0,0,0,0,0,0,0,0
-68.9635,-45.0387,1,2016274,0,0,0,0,0,0,0,0
-68.9323,-45.0034,1,2016275,0,0,0,0,0,0,0,0
-68.9107,-44.9508,0,2016276,0,0,0,0,0,0,0,0
-68.8898,-44.8857,1,2016277,0,0,0,0,0,0,0,0
-68.8616,-44.808,1,2016278,0,0,0,0,0,0,0,0
-68.8781,-44.7034,0,2016279,0,0,0,0,0,0,0,0
-68.8945,-44.639,1,2016280,0,0,0,0,0,0,0,0
-68.8367,-44.8433,1,2016281,0,0,0,0,0,0,0,0
-68.8193,-44.7726,1,2016282,0,0,0,0,0,0,0,0
-68.8094,-44.7623,0,2016283,0,0,0,0,0,0,0,0
-68.7982,-44.7519,1,2016284,0,0,0,0,0,0,0,0
-68.77,-44.6747,1,2016285,0,0,0,0,0,0,0,0
-68.7599,-44.6865,0,2016286,0,0,0,0,0,0,0,0
-68.7534,-44.7195,0,2016287,0,0,0,0,0,0,0,0
-68.751,-44.77,1,2016288,0,0,0,0,0,0,0,0
-68.7999,-44.9113,1,2016289,0,0,0,0,0,0,0,0
-68.7667,-45.1159,1,2016290,0,0,0,0,0,0,0,0
-68.7353,-45.2091,0,2016291,0,0,0,0,0,0,0,0
-68.7027,-45.249,1,2016292,0,0,0,0,0,0,0,0
-68.6649,-45.1955,1,2016293,0,0,0,0,0,0,0,0
-68.6439,-45.1591,0,2016294,0,0,0,0,0,0,0,0
-68.6231,-45.1169,1,2016295,0,0,0,0,0,0,0,0
-68.5871,-45.0251,1,2016296,0,0,0,0,0,0,0,0
-68.6278,-44.9163,1,2016297,0,0,0,0,0,0,0,0
-68.6093,-44.8886,1,2016298,0,0,0,0,0,0,0,0
-68.6442,-44.9104,1,2016299,0,0,0,0,0,0,0,0
-68.6539,-44.892,0,2016300,0,0,0,0,0,0,0,0
-68.6576,-44.8736,1,2016301,0,0,0,0,0,0,0,0
-68.6397,-45.0013,1,2016302,0,0,0,0,0,0,0,0
-68.6371,-45.0449,1,2016303,0,0,0,0,0,0,0,0
-68.6232,-45.0437,1,2016304,0,0,0,0,0,0,0,0
-68.5762,-44.9205,0,2016305,0,0,0,0,0,0,0,0
-68.5297,-44.7522,1,2016306,0,0,0,0,0,0,0,0
-68.5168,-44.681,1,2016307,0,0,0,0,0,0,0,0
-68.513,-44.4167,1,2016308,0,0,0,0,0,0,0,0
-68.5381,-44.4704,1,2016309,0,0,0,0,0,0,0,0
-68.5497,-44.3564,1,2016310,0,0,0,0,0,0,0,0
-68.4883,-44.2942,1,2016311,0,0,0,0,0,0,0,0
-68.4919,-44.3251,0,2016312,0,0,0,0,0,0,0,0
-68.4954,-44.356,1,2016313,0,0,0,0,0,0,0,0
-68.4863,-44.2236,1,2016314,0,0,0,0,0,0,0,0
-68.5059,-44.0527,1,2016315,0,0,0,0,0,0,0,0
-68.5072,-44.0634,0,2016316,0,0,0,0,0,0,0,0
-68.5083,-44.0883,1,2016317,0,0,0,0,0,0,0,0
-68.5157,-44.1438,1,2016318,0,0,0,0,0,0,0,0
-68.5152,-44.2761,0,2016319,0,0,0,0,0,0,0,0
-68.5134,-44.4266,1,2016320,0,0,0,0,0,0,0,0
-68.4767,-44.523,1,2016321,0,0,0,0,0,0,0,0
-68.4477,-44.7714,0,2016322,0,0,0,0,0,0,0,0
-68.4328,-44.9559,1,2016323,0,0,0,0,0,0,0,0
-68.4678,-44.9329,1,2016324,0,0,0,0,0,0,0,0
-68.4829,-44.9306,1,2016325,0,0,0,0,0,0,0,0
-68.4838,-45.0054,0,2016326,0,0,0,0,0,0,0,0
-68.4841,-45.0801,1,2016327,0,0,0,0,0,0,0,0
-68.4261,-45.0019,1,2016328,0,0,0,0,0,0,0,0
-68.4775,-45.1785,1,2016329,0,0,0,0,0,0,0,0
-68.449,-45.3272,1,2016330,0,0,0,0,0,0,0,0
-68.4487,-45.4799,1,2016331,0,0,0,0,0,0,0,0
-68.4128,-45.5345,1,2016332,0,0,0,0,0,0,0,0
-68.3566,-45.5331,1,2016333,0,0,0,0,0,0,0,0
-68.3562,-45.5754,1,2016334,0,0,0,0,0,0,0,0
-68.3448,-45.517,0,2016335,0,0,0,0,0,0,0,0
-68.327,-45.4586,1,2016336,0,0,0,0,0,0,0,0
-68.3142,-45.4598,1,2016337,0,0,0,0,0,0,0,0
-68.3348,-45.4433,1,2016338,0,0,0,0,0,0,0,0
-68.3628,-45.4838,1,2016339,0,0,0,0,0,0,0,0
-68.3479,-45.619,0,2016340,0,0,0,0,0,0,0,0
-68.3163,-45.7952,1,2016341,0,0,0,0,0,0,0,0
-68.2644,-45.9287,1,2016342,0,0,0,0,0,0,0,0
-68.2497,-46.0049,1,2016343,0,0,0,0,0,0,0,0
-68.3325,-46.1688,0,2016344,0,0,0,0,0,0,0,0
-68.4153,-46.2849,1,2016345,0,0,0,0,0,0,0,0
-68.4153,-46.2849,1,2016346,0,0,0,0,0,0,0,0
-68.3911,-46.4122,1,2016347,0,0,0,0,0,0,0,0
-68.3388,-46.4972,1,2016348,0,0,0,0,0,0,0,0
-68.2789,-46.4042,1,2016349,0,0,0,0,0,0,0,0
-68.2763,-46.592,1,2016350,0,0,0,0,0,0,0,0
-68.1947,-46.5539,1,2016351,0,0,0,0,0,0,0,0
-68.2048,-46.6598,1,2016352,0,0,0,0,0,0,0,0
-68.2345,-46.862,1,2016353,0,0,0,0,0,0,0,0
-68.2319,-46.737,1,2016354,0,0,0,0,0,0,0,0
-68.2555,-46.9227,1,2016355,0,0,0,0,0,0,0,0
-68.2555,-46.9227,1,2016356,0,0,0,0,0,0,0,0
-68.2555,-46.9227,1,2016357,0,0,0,0,0,0,0,0
-68.2555,-46.9227,1,2016358,0,0,0,0,0,0,0,0
-68.2555,-46.9227,1,2016359,0,0,0,0,0,0,0,0
-68.2891,-47.0983,1,2016360,0,0,0,0,0,0,0,0
-68.2066,-47.1739,1,2016361,0,0,0,0,0,0,0,0
-68.2399,-47.2698,1,2016362,0,0,0,0,0,0,0,0
-68.2399,-47.2698,1,2016363,0,0,0,0,0,0,0,0
-68.2668,-47.3484,1,2016364,0,0,0,0,0,0,0,0
-68.2668,-47.3484,1,2016365,0,0,0,0,0,0,0,0
-68.3162,-47.5335,1,2016366,0,0,0,0,0,0,0,0
-68.2822,-47.5521,1,2017001,0,0,0,0,0,0,0,0
-68.2822,-47.5521,1,2017002,0,0,0,0,0,0,0,0
-68.2822,-47.5521,0,2017003,0,0,0,0,0,0,0,0
-68.2822,-47.5521,1,2017004,0,0,0,0,0,0,0,0
-68.2822,-47.5521,1,2017005,0,0,0,0,0,0,0,0
-68.2822,-47.5521,0,2017006,0,0,0,0,0,0,0,0
-68.2822,-47.5521,1,2017007,0,0,0,0,0,0,0,0
-68.2822,-47.5521,1,2017008,0,0,0,0,0,0,0,0
-68.2822,-47.5521,1,2017009,0,0,0,0,0,0,0,0
-68.2822,-47.5521,0,2017010,0,0,0,0,0,0,0,0
-68.2822,-47.5521,1,2017011,0,0,0,0,0,0,0,0
-68.2822,-47.5521,1,2017012,0,0,0,0,0,0,0,0
-68.3018,-47.7298,1,2017013,0,0,0,0,0,0,0,0
-68.3018,-47.7298,1,2017014,0,0,0,0,0,0,0,0
-68.3018,-47.7298,1,2017015,0,0,0,0,0,0,0,0
-68.3018,-47.7298,1,2017016,0,0,0,0,0,0,0,0
-68.303,-48.4168,1,2017017,0,0,0,0,0,0,0,0
-68.303,-48.4168,1,2017018,0,0,0,0,0,0,0,0
-68.3281,-48.4115,0,2017019,0,0,0,0,0,0,0,0
-68.3533,-48.4063,1,2017020,0,0,0,0,0,0,0,0
-68.3533,-48.4063,1,2017021,0,0,0,0,0,0,0,0
-68.3533,-48.4063,1,2017022,0,0,0,0,0,0,0,0
-68.3533,-48.4063,1,2017023,0,0,0,0,0,0,0,0
-68.3533,-48.4063,1,2017024,0,0,0,0,0,0,0,0
-68.1858,-48.5036,1,2017025,0,0,0,0,0,0,0,0
-68.1858,-48.5036,1,2017026,0,0,0,0,0,0,0,0
-68.1858,-48.5036,1,2017027,0,0,0,0,0,0,0,0
-68.2779,-48.9518,0,2017028,0,0,0,0,0,0,0,0
-68.3701,-49.4001,1,2017029,0,0,0,0,0,0,0,0
-68.3701,-49.4001,1,2017030,0,0,0,0,0,0,0,0
-68.3547,-49.4291,0,2017031,0,0,0,0,0,0,0,0
-68.3149,-49.5039,0,2017032,0,0,0,0,0,0,0,0
-68.2606,-49.6062,0,2017033,0,0,0,0,0,0,0,0
-68.2014,-49.7177,0,2017034,0,0,0,0,0,0,0,0
-68.1471,-49.82,0,2017035,0,0,0,0,0,0,0,0
-68.1073,-49.8948,0,2017036,0,0,0,0,0,0,0,0
-68.0919,-49.9238,1,2017037,0,0,0,0,0,0,0,0
-68.0919,-49.9238,1,2017038,0,0,0,0,0,0,0,0
-68.101,-49.5781,1,2017039,0,0,0,0,0,0,0,0
-68.101,-49.5781,1,2017040,0,0,0,0,0,0,0,0
-68.0907,-49.6739,0,2017041,0,0,0,0,0,0,0,0
-68.0715,-49.8518,0,2017042,0,0,0,0,0,0,0,0
-68.0612,-49.9476,1,2017043,0,0,0,0,0,0,0,0
-68.0612,-49.9476,1,2017044,0,0,0,0,0,0,0,0
-68.0612,-49.9476,1,2017045,0,0,0,0,0,0,0,0
-68.0612,-49.9476,1,2017046,0,0,0,0,0,0,0,0
-68.0612,-49.9476,1,2017047,0,0,0,0,0,0,0,0
-68.0612,-49.9476,1,2017048,0,0,0,0,0,0,0,0
-68.0612,-49.9476,1,2017049,0,0,0,0,0,0,0,0
-68.0612,-49.9476,1,2017050,0,0,0,0,0,0,0,0
-68.0612,-49.9476,1,2017051,0,0,0,0,0,0,0,0
-67.9948,-50.0651,1,2017052,0,0,0,0,0,0,0,0
-67.9948,-50.0651,1,2017053,0,0,0,0,0,0,0,0
-67.9948,-50.0651,0,2017054,0,0,0,0,0,0,0,0
-67.9948,-50.0651,1,2017055,0,0,0,0,0,0,0,0
-67.9948,-50.0651,1,2017056,0,0,0,0,0,0,0,0
-67.9948,-50.0651,1,2017057,0,0,0,0,0,0,0,0
-67.9948,-50.0651,1,2017058,0,0,0,0,0,0,0,0
-67.9948,-50.0651,1,2017059,0,0,0,0,0,0,0,0
-67.8861,-50.3365,1,2017060,0,0,0,0,0,0,0,0
-67.8861,-50.3365,1,2017061,0,0,0,0,0,0,0,0
-67.8861,-50.3365,1,2017062,0,0,0,0,0,0,0,0
-67.8338,-50.6631,1,2017063,0,0,0,0,0,0,0,0
-67.8338,-50.6631,1,2017064,0,0,0,0,0,0,0,0
-67.6679,-51.0785,1,2017065,0,0,0,0,0,0,0,0
-67.6679,-51.0785,0,2017066,0,0,0,0,0,0,0,0
-67.6679,-51.0785,1,2017067,0,0,0,0,0,0,0,0
-67.5866,-51.1019,1,2017068,0,0,0,0,0,0,0,0
-67.5866,-51.1019,1,2017069,0,0,0,0,0,0,0,0
-67.4691,-51.0098,1,2017070,0,0,0,0,0,0,0,0
-67.4691,-51.0098,1,2017071,0,0,0,0,0,0,0,0
-67.4691,-51.0098,1,2017072,0,0,0,0,0,0,0,0
-67.4691,-51.0098,1,2017073,0,0,0,0,0,0,0,0
-67.4691,-51.0098,1,2017074,0,0,0,0,0,0,0,0
-67.3994,-51.1132,1,2017075,0,0,0,0,0,0,0,0
-67.3994,-51.1132,1,2017076,0,0,0,0,0,0,0,0
-67.3994,-51.1132,1,2017077,0,0,0,0,0,0,0,0
-67.3672,-50.8864,1,2017078,0,0,0,0,0,0,0,0
-67.3672,-50.8864,1,2017079,0,0,0,0,0,0,0,0
-67.3172,-50.7274,1,2017080,0,0,0,0,0,0,0,0
-67.3172,-50.7274,1,2017081,0,0,0,0,0,0,0,0
-67.3172,-50.7274,1,2017082,0,0,0,0,0,0,0,0
-67.3172,-50.7274,1,2017083,0,0,0,0,0,0,0,0
-67.251,-50.7207,1,2017084,0,0,0,0,0,0,0,0
-67.2407,-50.7281,1,2017085,0,0,0,0,0,0,0,0
-67.2407,-50.7281,0,2017086,0,0,0,0,0,0,0,0
-67.2407,-50.7281,1,2017087,0,0,0,0,0,0,0,0
-67.2407,-50.7281,1,2017088,0,0,0,0,0,0,0,0
-67.2407,-50.7281,1,2017089,0,0,0,0,0,0,0,0
-67.2407,-50.7281,1,2017090,0,0,0,0,0,0,0,0
-67.2407,-50.7281,1,2017091,0,0,0,0,0,0,0,0
-67.2407,-50.7281,1,2017092,0,0,0,0,0,0,0,0
-67.2407,-50.7281,1,2017093,0,0,0,0,0,0,0,0
-67.168,-50.9835,1,2017094,0,0,0,0,0,0,0,0
-67.1334,-50.9533,1,2017095,0,0,0,0,0,0,0,0
-67.0728,-51.0053,0,2017096,0,0,0,0,0,0,0,0
-66.9934,-51.1198,0,2017097,0,0,0,0,0,0,0,0
-66.9245,-51.2343,0,2017098,0,0,0,0,0,0,0,0
-66.895,-51.2863,1,2017099,0,0,0,0,0,0,0,0
-66.895,-51.2863,0,2017100,0,0,0,0,0,0,0,0
-66.895,-51.2863,1,2017101,0,0,0,0,0,0,0,0
-66.895,-51.2863,1,2017102,0,0,0,0,0,0,0,0
-66.895,-51.2863,1,2017103,0,0,0,0,0,0,0,0
-66.7845,-51.4964,1,2017104,0,0,0,0,0,0,0,0
-66.7845,-51.4964,1,2017105,0,0,0,0,0,0,0,0
-66.6746,-51.547,1,2017106,0,0,0,0,0,0,0,0
-66.3309,-52.3747,1,2017107,0,0,0,0,0,0,0,0
-66.3309,-52.3747,1,2017108,0,0,0,0,0,0,0,0
-66.355,-52.2866,1,2017109,0,0,0,0,0,0,0,0
-66.355,-52.2866,1,2017110,0,0,0,0,0,0,0,0
-66.355,-52.2866,0,2017111,0,0,0,0,0,0,0,0
-66.355,-52.2866,1,2017112,0,0,0,0,0,0,0,0
-66.2489,-52.1872,1,2017113,0,0,0,0,0,0,0,0
-66.2489,-52.1872,1,2017114,0,0,0,0,0,0,0,0
-66.1267,-51.997,1,2017115,0,0,0,0,0,0,0,0
-66.0336,-51.9276,0,2017116,0,0,0,0,0,0,0,0
-65.967,-51.8853,1,2017117,0,0,0,0,0,0,0,0
-65.9327,-51.8554,1,2017118,0,0,0,0,0,0,0,0
-65.9327,-51.8554,1,2017119,0,0,0,0,0,0,0,0
-65.9327,-51.8554,1,2017120,0,0,0,0,0,0,0,0
-65.9327,-51.8554,1,2017121,0,0,0,0,0,0,0,0
-65.6957,-52.053,0,2017122,0,0,0,0,0,0,0,0
-65.4587,-52.2506,1,2017123,0,0,0,0,0,0,0,0
-65.4587,-52.2506,1,2017124,0,0,0,0,0,0,0,0
-65.1605,-52.2092,1,2017125,0,0,0,0,0,0,0,0
-65.1605,-52.2092,1,2017126,0,0,0,0,0,0,0,0
-65.0452,-52.1211,1,2017127,0,0,0,0,0,0,0,0
-65.0452,-52.1211,0,2017128,0,0,0,0,0,0,0,0
-65.0452,-52.1211,1,2017129,0,0,0,0,0,0,0,0
-65.0452,-52.1211,1,2017130,0,0,0,0,0,0,0,0
-65.0452,-52.1211,1,2017131,0,0,0,0,0,0,0,0
-65.0023,-51.991,0,2017132,0,0,0,0,0,0,0,0
-64.9594,-51.8608,1,2017133,0,0,0,0,0,0,0,0
-64.9594,-51.8608,1,2017134,0,0,0,0,0,0,0,0
-64.8755,-51.8341,1,2017135,0,0,0,0,0,0,0,0
-64.8755,-51.8341,1,2017136,0,0,0,0,0,0,0,0
-64.8111,-51.6792,1,2017137,0,0,0,0,0,0,0,0
-64.7952,-51.5063,0,2017138,0,0,0,0,0,0,0,0
-64.7809,-51.3309,1,2017139,0,0,0,0,0,0,0,0
-64.7256,-51.1269,0,2017140,0,0,0,0,0,0,0,0
-64.6819,-51.0069,1,2017141,0,0,0,0,0,0,0,0
-64.6819,-51.0069,1,2017142,0,0,0,0,0,0,0,0
-64.5884,-50.7394,1,2017143,0,0,0,0,0,0,0,0
-64.5884,-50.7394,1,2017144,0,0,0,0,0,0,0,0
-64.4168,-50.6482,1,2017145,0,0,0,0,0,0,0,0
-64.09,-50.9039,0,2017146,0,0,0,0,0,0,0,0
-63.8663,-51.1596,1,2017147,0,0,0,0,0,0,0,0
-63.8663,-51.1596,1,2017148,0,0,0,0,0,0,0,0
-63.7728,-51.1036,1,2017149,0,0,0,0,0,0,0,0
-63.7728,-51.1036,1,2017150,0,0,0,0,0,0,0,0
-63.7728,-51.1036,1,2017151,0,0,0,0,0,0,0,0
