ascat_1,ascat_2,ascat_3,date,nic_1,nic_2,nic_3,oscat_1,oscat_2,oscat_3,qscat_1,qscat_2,qscat_3,size_1,size_2
0,0,0,2005072,-65.02,95.92,1,0,0,0,0,0,0,12,10
0,0,0,2005219,-65.02,95.92,1,0,0,0,0,0,0,12,10
0,0,0,2005233,-65.02,95.92,1,0,0,0,0,0,0,12,10
0,0,0,2005240,-65.02,95.92,1,0,0,0,0,0,0,12,10
0,0,0,2005261,-65.02,95.92,1,0,0,0,0,0,0,12,10
0,0,0,2005268,-65.02,95.92,1,0,0,0,0,0,0,12,10
0,0,0,2005282,-65.02,95.92,1,0,0,0,0,0,0,12,10
0,0,0,2005289,-65.02,95.92,1,0,0,0,0,0,0,12,10
0,0,0,2005296,-65.02,95.92,1,0,0,0,0,0,0,12,10
0,0,0,2005310,-65.02,95.92,1,0,0,0,0,0,0,12,10
0,0,0,2005317,-65.02,95.92,1,0,0,0,0,0,0,12,10
0,0,0,2005338,-65.02,95.92,1,0,0,0,0,0,0,12,10
0,0,0,2005345,-65.02,95.92,1,0,0,0,0,0,0,12,10
0,0,0,2005352,-65.02,95.92,1,0,0,0,0,0,0,12,10
0,0,0,2006015,-65.03,95.92,1,0,0,0,0,0,0,12,10
0,0,0,2006022,-65.03,95.92,1,0,0,0,0,0,0,12,10
0,0,0,2006036,-65.03,95.92,1,0,0,0,0,0,0,12,10
0,0,0,2006043,-65.02,95.95,1,0,0,0,0,0,0,12,10
0,0,0,2006050,-65.02,95.95,1,0,0,0,0,0,0,12,10
0,0,0,2006064,-65.02,95.95,1,0,0,0,0,0,0,12,10
0,0,0,2006071,-65.02,95.95,1,0,0,0,0,0,0,12,10
0,0,0,2006078,-65.02,95.95,1,0,0,0,0,0,0,12,10
0,0,0,2006085,-65.02,95.95,1,0,0,0,0,0,0,12,10
0,0,0,2006090,0,0,0,0,0,0,-64.9474,96.07,1,0,0
0,0,0,2006091,0,0,0,0,0,0,-64.9474,96.07,1,0,0
0,0,0,2006092,0,0,0,0,0,0,-64.9474,96.07,1,0,0
0,0,0,2006093,0,0,0,0,0,0,-64.9474,96.07,1,0,0
0,0,0,2006094,0,0,0,0,0,0,-64.9474,96.07,1,0,0
0,0,0,2006095,0,0,0,0,0,0,-64.9474,96.07,1,0,0
0,0,0,2006096,0,0,0,0,0,0,-64.9474,96.07,1,0,0
0,0,0,2006097,0,0,0,0,0,0,-64.9474,96.07,1,0,0
0,0,0,2006098,0,0,0,0,0,0,-64.9474,96.07,1,0,0
0,0,0,2006099,-65.02,95.95,1,0,0,0,-64.9474,96.07,1,12,10
0,0,0,2006100,0,0,0,0,0,0,-64.9474,96.07,1,0,0
0,0,0,2006101,0,0,0,0,0,0,-64.9474,96.07,1,0,0
0,0,0,2006102,0,0,0,0,0,0,-64.9474,96.07,1,0,0
0,0,0,2006103,0,0,0,0,0,0,-64.9474,96.07,0,0,0
0,0,0,2006104,0,0,0,0,0,0,-64.9474,96.07,1,0,0
0,0,0,2006105,0,0,0,0,0,0,-64.9474,96.07,1,0,0
0,0,0,2006106,0,0,0,0,0,0,-64.9474,96.07,1,0,0
0,0,0,2006107,0,0,0,0,0,0,-64.9474,96.07,1,0,0
0,0,0,2006108,0,0,0,0,0,0,-64.9474,96.07,1,0,0
0,0,0,2006109,0,0,0,0,0,0,-64.9474,96.07,1,0,0
0,0,0,2006110,0,0,0,0,0,0,-64.9474,96.07,1,0,0
0,0,0,2006111,0,0,0,0,0,0,-64.9474,96.07,1,0,0
0,0,0,2006112,0,0,0,0,0,0,-64.9474,96.07,1,0,0
0,0,0,2006113,0,0,0,0,0,0,-64.9474,96.07,1,0,0
0,0,0,2006114,0,0,0,0,0,0,-64.9474,96.07,1,0,0
0,0,0,2006115,0,0,0,0,0,0,-64.9474,96.07,1,0,0
0,0,0,2006116,0,0,0,0,0,0,-64.9474,96.07,1,0,0
0,0,0,2006117,0,0,0,0,0,0,-64.9474,96.07,1,0,0
0,0,0,2006118,0,0,0,0,0,0,-64.9474,96.07,1,0,0
0,0,0,2006119,0,0,0,0,0,0,-64.9474,96.07,1,0,0
0,0,0,2006120,-65.02,95.95,1,0,0,0,-64.9474,96.07,1,12,10
0,0,0,2006121,0,0,0,0,0,0,-64.9474,96.07,1,0,0
0,0,0,2006122,0,0,0,0,0,0,-64.9474,96.07,1,0,0
0,0,0,2006123,0,0,0,0,0,0,-64.9474,96.07,1,0,0
0,0,0,2006124,0,0,0,0,0,0,-64.9474,96.07,1,0,0
0,0,0,2006125,0,0,0,0,0,0,-64.9474,96.07,1,0,0
0,0,0,2006126,0,0,0,0,0,0,-64.9474,96.07,1,0,0
0,0,0,2006127,-65.02,95.95,1,0,0,0,-64.9474,96.07,1,12,10
0,0,0,2006128,0,0,0,0,0,0,-64.9474,96.07,1,0,0
0,0,0,2006129,0,0,0,0,0,0,-64.9474,96.07,1,0,0
0,0,0,2006130,0,0,0,0,0,0,-64.9474,96.07,0,0,0
0,0,0,2006131,0,0,0,0,0,0,-64.9474,96.07,1,0,0
0,0,0,2006132,0,0,0,0,0,0,-64.9474,96.07,1,0,0
0,0,0,2006133,0,0,0,0,0,0,-64.9474,96.07,1,0,0
0,0,0,2006134,-65.02,95.95,1,0,0,0,-64.9474,96.07,1,12,10
0,0,0,2006135,0,0,0,0,0,0,-64.9474,96.07,1,0,0
0,0,0,2006136,0,0,0,0,0,0,-64.9474,96.07,1,0,0
0,0,0,2006137,0,0,0,0,0,0,-64.9474,96.07,1,0,0
0,0,0,2006138,0,0,0,0,0,0,-64.9474,96.07,0,0,0
0,0,0,2006139,0,0,0,0,0,0,-64.9474,96.07,1,0,0
0,0,0,2006140,0,0,0,0,0,0,-64.9474,96.07,1,0,0
0,0,0,2006141,-65.02,95.95,1,0,0,0,-64.9474,96.07,1,12,10
0,0,0,2006142,0,0,0,0,0,0,-64.9474,96.07,1,0,0
0,0,0,2006143,0,0,0,0,0,0,-64.9474,96.07,1,0,0
0,0,0,2006144,0,0,0,0,0,0,-64.9474,96.07,1,0,0
0,0,0,2006145,0,0,0,0,0,0,-64.9474,96.07,1,0,0
0,0,0,2006146,0,0,0,0,0,0,-64.9474,96.07,1,0,0
0,0,0,2006147,0,0,0,0,0,0,-64.9474,96.07,1,0,0
0,0,0,2006148,0,0,0,0,0,0,-64.9474,96.07,1,0,0
0,0,0,2006149,0,0,0,0,0,0,-64.9474,96.07,1,0,0
0,0,0,2006150,0,0,0,0,0,0,-64.9474,96.07,1,0,0
0,0,0,2006151,0,0,0,0,0,0,-64.9474,96.07,1,0,0
0,0,0,2006152,0,0,0,0,0,0,-64.9474,96.07,1,0,0
0,0,0,2006153,0,0,0,0,0,0,-64.9474,96.07,1,0,0
0,0,0,2006154,0,0,0,0,0,0,-64.9474,96.07,1,0,0
0,0,0,2006155,-65.02,95.95,1,0,0,0,-64.9474,96.07,1,12,10
0,0,0,2006156,0,0,0,0,0,0,-64.9474,96.07,1,0,0
0,0,0,2006157,0,0,0,0,0,0,-64.9474,96.07,1,0,0
0,0,0,2006158,0,0,0,0,0,0,-64.9474,96.07,1,0,0
0,0,0,2006159,0,0,0,0,0,0,-64.9474,96.07,1,0,0
0,0,0,2006160,0,0,0,0,0,0,-64.9474,96.07,1,0,0
0,0,0,2006161,0,0,0,0,0,0,-64.9474,96.07,1,0,0
0,0,0,2006162,0,0,0,0,0,0,-64.9474,96.07,1,0,0
0,0,0,2006163,0,0,0,0,0,0,-64.9474,96.07,1,0,0
0,0,0,2006164,0,0,0,0,0,0,-64.9474,96.07,1,0,0
0,0,0,2006165,0,0,0,0,0,0,-64.9474,96.07,1,0,0
0,0,0,2006166,0,0,0,0,0,0,-64.9474,96.07,1,0,0
0,0,0,2006167,0,0,0,0,0,0,-64.9474,96.07,1,0,0
0,0,0,2006168,0,0,0,0,0,0,-64.9474,96.07,1,0,0
0,0,0,2006169,0,0,0,0,0,0,-64.9474,96.07,1,0,0
0,0,0,2006170,0,0,0,0,0,0,-64.9474,96.07,1,0,0
0,0,0,2006171,0,0,0,0,0,0,-64.9474,96.07,1,0,0
0,0,0,2006172,0,0,0,0,0,0,-64.9474,96.07,1,0,0
0,0,0,2006173,0,0,0,0,0,0,-64.9474,96.07,1,0,0
0,0,0,2006174,0,0,0,0,0,0,-64.9474,96.07,1,0,0
0,0,0,2006175,0,0,0,0,0,0,-64.9474,96.07,1,0,0
0,0,0,2006176,0,0,0,0,0,0,-64.9474,96.07,1,0,0
0,0,0,2006177,0,0,0,0,0,0,-64.9474,96.07,0,0,0
0,0,0,2006178,0,0,0,0,0,0,-64.9474,96.07,1,0,0
0,0,0,2006179,0,0,0,0,0,0,-64.9474,96.07,1,0,0
0,0,0,2006180,0,0,0,0,0,0,-64.9474,96.07,1,0,0
0,0,0,2006181,0,0,0,0,0,0,-64.9474,96.07,1,0,0
0,0,0,2006182,0,0,0,0,0,0,-64.9474,96.07,1,0,0
0,0,0,2006183,-65.02,95.95,1,0,0,0,-64.9474,96.07,1,12,10
0,0,0,2006184,0,0,0,0,0,0,-64.9474,96.07,1,0,0
0,0,0,2006185,0,0,0,0,0,0,-64.9474,96.07,1,0,0
0,0,0,2006186,0,0,0,0,0,0,-64.9474,96.07,1,0,0
0,0,0,2006187,0,0,0,0,0,0,-64.9474,96.07,1,0,0
0,0,0,2006188,0,0,0,0,0,0,-64.9474,96.07,1,0,0
0,0,0,2006189,0,0,0,0,0,0,-64.9474,96.07,1,0,0
0,0,0,2006190,0,0,0,0,0,0,-64.9474,96.07,1,0,0
0,0,0,2006191,0,0,0,0,0,0,-64.9474,96.07,1,0,0
0,0,0,2006192,0,0,0,0,0,0,-64.9474,96.07,1,0,0
0,0,0,2006193,0,0,0,0,0,0,-64.9474,96.07,1,0,0
0,0,0,2006194,0,0,0,0,0,0,-64.9474,96.07,1,0,0
0,0,0,2006195,0,0,0,0,0,0,-64.9474,96.07,1,0,0
0,0,0,2006196,0,0,0,0,0,0,-64.9474,96.07,1,0,0
0,0,0,2006197,0,0,0,0,0,0,-64.9474,96.07,0,0,0
0,0,0,2006198,0,0,0,0,0,0,-64.9474,96.07,0,0,0
0,0,0,2006199,0,0,0,0,0,0,-64.9474,96.07,1,0,0
0,0,0,2006200,0,0,0,0,0,0,-64.9474,96.07,1,0,0
0,0,0,2006201,0,0,0,0,0,0,-64.9474,96.07,1,0,0
0,0,0,2006202,0,0,0,0,0,0,-64.9474,96.07,1,0,0
0,0,0,2006203,0,0,0,0,0,0,-64.9474,96.07,1,0,0
0,0,0,2006204,-65.02,95.95,1,0,0,0,-64.9474,96.07,0,12,10
0,0,0,2006205,0,0,0,0,0,0,-64.9474,96.07,0,0,0
0,0,0,2006206,0,0,0,0,0,0,-64.9474,96.07,0,0,0
0,0,0,2006207,0,0,0,0,0,0,-64.9474,96.07,0,0,0
0,0,0,2006208,0,0,0,0,0,0,-64.9474,96.07,0,0,0
0,0,0,2006209,0,0,0,0,0,0,-64.9474,96.07,0,0,0
0,0,0,2006210,0,0,0,0,0,0,-64.9474,96.07,0,0,0
0,0,0,2006211,-65.02,95.95,1,0,0,0,-64.9474,96.07,1,12,10
0,0,0,2006212,0,0,0,0,0,0,-64.9474,96.07,1,0,0
0,0,0,2006213,0,0,0,0,0,0,-64.9474,96.07,1,0,0
0,0,0,2006214,0,0,0,0,0,0,-64.9474,96.07,1,0,0
0,0,0,2006215,0,0,0,0,0,0,-64.9474,96.07,1,0,0
0,0,0,2006216,0,0,0,0,0,0,-64.9474,96.07,1,0,0
0,0,0,2006217,0,0,0,0,0,0,-64.9474,96.07,1,0,0
0,0,0,2006218,0,0,0,0,0,0,-64.9474,96.07,1,0,0
0,0,0,2006219,0,0,0,0,0,0,-64.9474,96.07,1,0,0
0,0,0,2006220,0,0,0,0,0,0,-64.9474,96.07,1,0,0
0,0,0,2006221,0,0,0,0,0,0,-64.9474,96.07,1,0,0
0,0,0,2006222,0,0,0,0,0,0,-64.9474,96.07,1,0,0
0,0,0,2006223,0,0,0,0,0,0,-64.9474,96.07,1,0,0
0,0,0,2006224,0,0,0,0,0,0,-64.9474,96.07,1,0,0
0,0,0,2006225,-65.02,95.95,1,0,0,0,-64.9474,96.07,1,12,10
0,0,0,2006226,0,0,0,0,0,0,-64.9474,96.07,1,0,0
0,0,0,2006227,0,0,0,0,0,0,-64.9474,96.07,1,0,0
0,0,0,2006228,0,0,0,0,0,0,-64.9474,96.07,1,0,0
0,0,0,2006229,0,0,0,0,0,0,-64.9474,96.07,1,0,0
0,0,0,2006230,0,0,0,0,0,0,-64.9474,96.07,1,0,0
0,0,0,2006231,0,0,0,0,0,0,-64.9474,96.07,1,0,0
0,0,0,2006232,0,0,0,0,0,0,-64.9474,96.07,1,0,0
0,0,0,2006233,0,0,0,0,0,0,-64.9474,96.07,1,0,0
0,0,0,2006234,0,0,0,0,0,0,-64.9474,96.07,1,0,0
0,0,0,2006235,0,0,0,0,0,0,-64.9474,96.07,1,0,0
0,0,0,2006236,0,0,0,0,0,0,-64.9474,96.07,1,0,0
0,0,0,2006237,0,0,0,0,0,0,-64.9474,96.07,1,0,0
0,0,0,2006238,0,0,0,0,0,0,-64.9474,96.07,1,0,0
0,0,0,2006239,0,0,0,0,0,0,-64.9474,96.07,1,0,0
0,0,0,2006240,0,0,0,0,0,0,-64.9474,96.07,1,0,0
0,0,0,2006241,0,0,0,0,0,0,-64.9474,96.07,1,0,0
0,0,0,2006242,0,0,0,0,0,0,-64.9474,96.07,1,0,0
0,0,0,2006243,0,0,0,0,0,0,-64.9474,96.07,1,0,0
0,0,0,2006244,0,0,0,0,0,0,-64.9474,96.07,1,0,0
0,0,0,2006245,0,0,0,0,0,0,-64.9474,96.07,1,0,0
0,0,0,2006246,-65.02,95.95,1,0,0,0,-64.9474,96.07,1,12,10
0,0,0,2006247,0,0,0,0,0,0,-64.9474,96.07,1,0,0
0,0,0,2006248,0,0,0,0,0,0,-64.9474,96.07,1,0,0
0,0,0,2006249,0,0,0,0,0,0,-64.9474,96.07,1,0,0
0,0,0,2006250,0,0,0,0,0,0,-64.9474,96.07,1,0,0
0,0,0,2006251,0,0,0,0,0,0,-64.9474,96.07,1,0,0
0,0,0,2006252,0,0,0,0,0,0,-64.9474,96.07,1,0,0
0,0,0,2006253,0,0,0,0,0,0,-64.9474,96.07,1,0,0
0,0,0,2006254,0,0,0,0,0,0,-64.9474,96.07,1,0,0
0,0,0,2006255,0,0,0,0,0,0,-64.9474,96.07,1,0,0
0,0,0,2006256,0,0,0,0,0,0,-64.9474,96.07,1,0,0
0,0,0,2006257,0,0,0,0,0,0,-64.9474,96.07,1,0,0
0,0,0,2006258,0,0,0,0,0,0,-64.9474,96.07,1,0,0
0,0,0,2006259,0,0,0,0,0,0,-64.9474,96.07,1,0,0
0,0,0,2006260,-65.02,95.95,1,0,0,0,-64.9474,96.07,1,12,10
0,0,0,2006261,0,0,0,0,0,0,-64.9474,96.07,1,0,0
0,0,0,2006262,0,0,0,0,0,0,-64.9474,96.07,1,0,0
0,0,0,2006263,0,0,0,0,0,0,-64.9474,96.07,1,0,0
0,0,0,2006264,0,0,0,0,0,0,-64.9474,96.07,1,0,0
0,0,0,2006265,0,0,0,0,0,0,-64.9474,96.07,1,0,0
0,0,0,2006266,0,0,0,0,0,0,-64.9474,96.07,1,0,0
0,0,0,2006267,-65.02,95.95,1,0,0,0,-64.9474,96.07,1,12,10
0,0,0,2006268,0,0,0,0,0,0,-64.9474,96.07,1,0,0
0,0,0,2006269,0,0,0,0,0,0,-64.9474,96.07,1,0,0
0,0,0,2006270,0,0,0,0,0,0,-64.9474,96.07,1,0,0
0,0,0,2006271,0,0,0,0,0,0,-64.9474,96.07,1,0,0
0,0,0,2006272,0,0,0,0,0,0,-64.9474,96.07,1,0,0
0,0,0,2006273,0,0,0,0,0,0,-64.9474,96.07,1,0,0
0,0,0,2006274,-65.02,95.95,1,0,0,0,-64.9474,96.07,1,12,10
0,0,0,2006275,0,0,0,0,0,0,-64.9474,96.07,1,0,0
0,0,0,2006276,0,0,0,0,0,0,-64.9474,96.07,1,0,0
0,0,0,2006277,0,0,0,0,0,0,-64.9474,96.07,1,0,0
0,0,0,2006278,0,0,0,0,0,0,-64.9474,96.07,1,0,0
0,0,0,2006279,0,0,0,0,0,0,-64.9474,96.07,1,0,0
0,0,0,2006280,0,0,0,0,0,0,-64.9474,96.07,1,0,0
0,0,0,2006281,-65.02,95.95,1,0,0,0,-64.9474,96.07,1,12,10
0,0,0,2006282,0,0,0,0,0,0,-64.9474,96.07,1,0,0
0,0,0,2006283,0,0,0,0,0,0,-64.9474,96.07,1,0,0
0,0,0,2006284,0,0,0,0,0,0,-64.9474,96.07,1,0,0
0,0,0,2006285,0,0,0,0,0,0,-64.9474,96.07,1,0,0
0,0,0,2006286,0,0,0,0,0,0,-64.9474,96.07,1,0,0
0,0,0,2006287,0,0,0,0,0,0,-64.9474,96.07,1,0,0
0,0,0,2006288,-65.02,95.95,1,0,0,0,-64.9474,96.07,1,12,10
0,0,0,2006289,0,0,0,0,0,0,-64.9474,96.07,1,0,0
0,0,0,2006290,0,0,0,0,0,0,-64.9474,96.07,1,0,0
0,0,0,2006291,0,0,0,0,0,0,-64.9474,96.07,1,0,0
0,0,0,2006292,0,0,0,0,0,0,-64.9474,96.07,1,0,0
0,0,0,2006293,0,0,0,0,0,0,-64.9474,96.07,1,0,0
0,0,0,2006294,0,0,0,0,0,0,-64.9474,96.07,1,0,0
0,0,0,2006295,-65.02,95.95,1,0,0,0,-64.9474,96.07,1,12,10
0,0,0,2006296,0,0,0,0,0,0,-64.9474,96.07,1,0,0
0,0,0,2006297,0,0,0,0,0,0,-64.9474,96.07,1,0,0
0,0,0,2006298,0,0,0,0,0,0,-64.9474,96.07,1,0,0
0,0,0,2006299,0,0,0,0,0,0,-64.9474,96.07,1,0,0
0,0,0,2006300,0,0,0,0,0,0,-64.9474,96.07,1,0,0
0,0,0,2006301,0,0,0,0,0,0,-64.9474,96.07,1,0,0
0,0,0,2006302,-65.02,95.95,1,0,0,0,-64.9474,96.07,1,12,10
0,0,0,2006303,0,0,0,0,0,0,-64.9474,96.07,1,0,0
0,0,0,2006304,0,0,0,0,0,0,-64.9474,96.07,1,0,0
0,0,0,2006305,0,0,0,0,0,0,-64.9474,96.07,1,0,0
0,0,0,2006306,0,0,0,0,0,0,-64.9474,96.07,1,0,0
0,0,0,2006307,0,0,0,0,0,0,-64.9474,96.07,1,0,0
0,0,0,2006308,0,0,0,0,0,0,-64.9474,96.07,1,0,0
0,0,0,2006309,0,0,0,0,0,0,-64.9474,96.07,1,0,0
0,0,0,2006310,0,0,0,0,0,0,-64.9474,96.07,1,0,0
0,0,0,2006311,0,0,0,0,0,0,-64.9474,96.07,1,0,0
0,0,0,2006312,0,0,0,0,0,0,-64.9474,96.07,1,0,0
0,0,0,2006313,0,0,0,0,0,0,-64.9474,96.07,1,0,0
0,0,0,2006314,0,0,0,0,0,0,-64.9474,96.07,1,0,0
0,0,0,2006315,0,0,0,0,0,0,-64.9474,96.07,1,0,0
0,0,0,2006316,-65.02,95.95,1,0,0,0,-64.9474,96.07,1,12,10
0,0,0,2006317,0,0,0,0,0,0,-64.9474,96.07,0,0,0
0,0,0,2006318,0,0,0,0,0,0,-64.9474,96.07,1,0,0
0,0,0,2006319,0,0,0,0,0,0,-64.9474,96.07,1,0,0
0,0,0,2006320,0,0,0,0,0,0,-64.9474,96.07,1,0,0
0,0,0,2006321,0,0,0,0,0,0,-64.9474,96.07,1,0,0
0,0,0,2006322,0,0,0,0,0,0,-64.9474,96.07,1,0,0
0,0,0,2006323,0,0,0,0,0,0,-64.9474,96.07,1,0,0
0,0,0,2006324,0,0,0,0,0,0,-64.9474,96.07,1,0,0
0,0,0,2006325,0,0,0,0,0,0,-64.9474,96.07,1,0,0
0,0,0,2006326,0,0,0,0,0,0,-64.9474,96.07,1,0,0
0,0,0,2006327,0,0,0,0,0,0,-64.9474,96.07,1,0,0
0,0,0,2006328,0,0,0,0,0,0,-64.9474,96.07,1,0,0
0,0,0,2006329,0,0,0,0,0,0,-64.9474,96.07,1,0,0
0,0,0,2006330,-65.02,95.95,1,0,0,0,-64.9474,96.07,1,12,10
0,0,0,2006331,0,0,0,0,0,0,-64.9474,96.07,1,0,0
0,0,0,2006332,0,0,0,0,0,0,-64.9474,96.07,1,0,0
0,0,0,2006333,0,0,0,0,0,0,-64.9474,96.07,1,0,0
0,0,0,2006334,0,0,0,0,0,0,-64.9474,96.07,1,0,0
0,0,0,2006335,0,0,0,0,0,0,-64.9474,96.07,1,0,0
0,0,0,2006336,0,0,0,0,0,0,-64.9474,96.07,1,0,0
0,0,0,2006337,0,0,0,0,0,0,-64.9474,96.07,1,0,0
0,0,0,2006338,0,0,0,0,0,0,-64.9474,96.07,1,0,0
0,0,0,2006339,0,0,0,0,0,0,-64.9474,96.07,1,0,0
0,0,0,2006340,0,0,0,0,0,0,-64.9474,96.07,1,0,0
0,0,0,2006341,0,0,0,0,0,0,-64.9474,96.07,1,0,0
0,0,0,2006342,0,0,0,0,0,0,-64.9474,96.07,1,0,0
0,0,0,2006343,0,0,0,0,0,0,-64.9474,96.07,1,0,0
0,0,0,2006344,0,0,0,0,0,0,-64.9474,96.07,1,0,0
0,0,0,2006345,0,0,0,0,0,0,-64.9474,96.07,1,0,0
0,0,0,2006346,0,0,0,0,0,0,-64.9474,96.07,1,0,0
0,0,0,2006347,0,0,0,0,0,0,-64.9474,96.07,1,0,0
0,0,0,2006348,0,0,0,0,0,0,-64.9474,96.07,1,0,0
0,0,0,2006349,0,0,0,0,0,0,-64.9474,96.07,1,0,0
0,0,0,2006350,0,0,0,0,0,0,-64.9474,96.07,1,0,0
0,0,0,2006351,-65.02,95.95,1,0,0,0,-64.9474,96.07,1,12,10
0,0,0,2006352,0,0,0,0,0,0,-64.9474,96.07,1,0,0
0,0,0,2006353,0,0,0,0,0,0,-64.9474,96.07,1,0,0
0,0,0,2006354,0,0,0,0,0,0,-64.9474,96.07,1,0,0
0,0,0,2006355,0,0,0,0,0,0,-64.9474,96.07,1,0,0
0,0,0,2006356,0,0,0,0,0,0,-64.9474,96.07,1,0,0
0,0,0,2006357,0,0,0,0,0,0,-64.9474,96.07,1,0,0
0,0,0,2007012,0,0,0,0,0,0,-64.9474,96.07,1,0,0
0,0,0,2007013,0,0,0,0,0,0,-64.9474,96.07,1,0,0
0,0,0,2007014,-65.02,95.95,1,0,0,0,-64.9474,96.07,1,12,10
0,0,0,2007015,0,0,0,0,0,0,-64.9474,96.07,1,0,0
0,0,0,2007016,0,0,0,0,0,0,-64.9474,96.07,1,0,0
0,0,0,2007017,0,0,0,0,0,0,-64.9474,96.07,1,0,0
0,0,0,2007018,0,0,0,0,0,0,-64.9474,96.07,1,0,0
0,0,0,2007019,0,0,0,0,0,0,-64.9474,96.07,1,0,0
0,0,0,2007020,0,0,0,0,0,0,-64.9474,96.07,1,0,0
0,0,0,2007021,-65.02,95.95,1,0,0,0,-64.9474,96.07,1,12,10
0,0,0,2007022,0,0,0,0,0,0,-64.9474,96.07,1,0,0
0,0,0,2007023,0,0,0,0,0,0,-64.9474,96.07,1,0,0
0,0,0,2007024,0,0,0,0,0,0,-64.9474,96.07,1,0,0
0,0,0,2007025,0,0,0,0,0,0,-64.9474,96.07,1,0,0
0,0,0,2007026,0,0,0,0,0,0,-64.9474,96.07,1,0,0
0,0,0,2007027,0,0,0,0,0,0,-64.9474,96.07,1,0,0
0,0,0,2007028,0,0,0,0,0,0,-64.9474,96.07,1,0,0
0,0,0,2007029,0,0,0,0,0,0,-64.9474,96.07,1,0,0
0,0,0,2007030,0,0,0,0,0,0,-64.9474,96.07,1,0,0
0,0,0,2007031,0,0,0,0,0,0,-64.9474,96.07,1,0,0
0,0,0,2007032,0,0,0,0,0,0,-64.9474,96.07,1,0,0
0,0,0,2007033,0,0,0,0,0,0,-64.9474,96.07,1,0,0
0,0,0,2007034,0,0,0,0,0,0,-64.9474,96.07,1,0,0
0,0,0,2007035,0,0,0,0,0,0,-64.9474,96.07,1,0,0
0,0,0,2007036,0,0,0,0,0,0,-64.9474,96.07,1,0,0
0,0,0,2007037,0,0,0,0,0,0,-64.9474,96.07,1,0,0
0,0,0,2007038,0,0,0,0,0,0,-64.9474,96.07,1,0,0
0,0,0,2007039,0,0,0,0,0,0,-64.9474,96.07,1,0,0
0,0,0,2007040,0,0,0,0,0,0,-64.9474,96.07,1,0,0
0,0,0,2007041,0,0,0,0,0,0,-64.9474,96.07,1,0,0
0,0,0,2007042,-65.02,95.95,1,0,0,0,-64.9474,96.07,1,12,10
0,0,0,2007043,0,0,0,0,0,0,-64.9474,96.07,1,0,0
0,0,0,2007044,0,0,0,0,0,0,-64.9474,96.07,1,0,0
0,0,0,2007045,0,0,0,0,0,0,-64.9474,96.07,1,0,0
0,0,0,2007046,0,0,0,0,0,0,-64.9474,96.07,1,0,0
0,0,0,2007047,0,0,0,0,0,0,-64.9474,96.07,1,0,0
0,0,0,2007048,0,0,0,0,0,0,-64.9474,96.07,1,0,0
0,0,0,2007049,0,0,0,0,0,0,-64.9474,96.07,1,0,0
0,0,0,2007050,0,0,0,0,0,0,-64.9474,96.07,1,0,0
0,0,0,2007051,0,0,0,0,0,0,-64.9474,96.07,1,0,0
0,0,0,2007052,0,0,0,0,0,0,-64.9474,96.07,1,0,0
0,0,0,2007053,0,0,0,0,0,0,-64.9474,96.07,1,0,0
0,0,0,2007054,0,0,0,0,0,0,-64.9474,96.07,1,0,0
0,0,0,2007055,0,0,0,0,0,0,-64.9474,96.07,1,0,0
0,0,0,2007056,-65.02,95.95,1,0,0,0,-64.9474,96.07,1,12,10
0,0,0,2007057,0,0,0,0,0,0,-64.9474,96.07,1,0,0
0,0,0,2007058,0,0,0,0,0,0,-64.9474,96.07,1,0,0
0,0,0,2007059,0,0,0,0,0,0,-64.9474,96.07,1,0,0
0,0,0,2007060,0,0,0,0,0,0,-64.9474,96.07,1,0,0
0,0,0,2007061,0,0,0,0,0,0,-64.9474,96.07,1,0,0
0,0,0,2007062,0,0,0,0,0,0,-64.9474,96.07,1,0,0
0,0,0,2007063,0,0,0,0,0,0,-64.9474,96.07,1,0,0
0,0,0,2007064,0,0,0,0,0,0,-64.9474,96.07,1,0,0
0,0,0,2007065,0,0,0,0,0,0,-64.9474,96.07,1,0,0
0,0,0,2007066,0,0,0,0,0,0,-64.9474,96.07,1,0,0
0,0,0,2007067,0,0,0,0,0,0,-64.9474,96.07,1,0,0
0,0,0,2007068,0,0,0,0,0,0,-64.9474,96.07,1,0,0
0,0,0,2007069,0,0,0,0,0,0,-64.9474,96.07,1,0,0
0,0,0,2007070,-65.02,95.95,1,0,0,0,-64.9474,96.07,1,12,10
0,0,0,2007071,0,0,0,0,0,0,-64.9474,96.07,1,0,0
0,0,0,2007072,0,0,0,0,0,0,-64.9474,96.07,1,0,0
0,0,0,2007073,0,0,0,0,0,0,-64.9474,96.07,1,0,0
0,0,0,2007074,0,0,0,0,0,0,-64.9474,96.07,1,0,0
0,0,0,2007075,0,0,0,0,0,0,-64.9474,96.07,1,0,0
0,0,0,2007076,0,0,0,0,0,0,-64.9474,96.07,1,0,0
0,0,0,2007077,0,0,0,0,0,0,-64.9474,96.07,1,0,0
0,0,0,2007078,0,0,0,0,0,0,-64.9474,96.07,1,0,0
0,0,0,2007079,0,0,0,0,0,0,-64.9474,96.07,1,0,0
0,0,0,2007080,0,0,0,0,0,0,-64.9474,96.07,1,0,0
0,0,0,2007081,0,0,0,0,0,0,-64.9474,96.07,1,0,0
0,0,0,2007082,0,0,0,0,0,0,-64.9474,96.07,1,0,0
0,0,0,2007083,0,0,0,0,0,0,-64.9474,96.07,1,0,0
0,0,0,2007084,-65.02,95.95,1,0,0,0,-64.9474,96.07,1,12,10
0,0,0,2007085,0,0,0,0,0,0,-64.9474,96.07,1,0,0
0,0,0,2007086,0,0,0,0,0,0,-64.9474,96.07,1,0,0
0,0,0,2007087,0,0,0,0,0,0,-64.9474,96.07,1,0,0
0,0,0,2007088,0,0,0,0,0,0,-64.9474,96.07,1,0,0
0,0,0,2007089,0,0,0,0,0,0,-64.9474,96.07,1,0,0
0,0,0,2007090,0,0,0,0,0,0,-64.9474,96.07,1,0,0
0,0,0,2007091,-65.02,95.95,1,0,0,0,-64.9474,96.07,1,12,10
0,0,0,2007092,0,0,0,0,0,0,-64.9474,96.07,1,0,0
0,0,0,2007093,0,0,0,0,0,0,-64.9474,96.07,1,0,0
0,0,0,2007094,0,0,0,0,0,0,-64.9474,96.07,1,0,0
0,0,0,2007095,0,0,0,0,0,0,-64.9474,96.07,1,0,0
0,0,0,2007096,0,0,0,0,0,0,-64.9474,96.07,1,0,0
0,0,0,2007097,0,0,0,0,0,0,-64.9474,96.07,1,0,0
0,0,0,2007098,-65.02,95.95,1,0,0,0,-64.9474,96.07,1,12,10
0,0,0,2007099,0,0,0,0,0,0,-64.9474,96.07,1,0,0
0,0,0,2007100,0,0,0,0,0,0,-64.9474,96.07,1,0,0
0,0,0,2007101,0,0,0,0,0,0,-64.9474,96.07,1,0,0
0,0,0,2007102,0,0,0,0,0,0,-64.9474,96.07,1,0,0
0,0,0,2007103,0,0,0,0,0,0,-64.9474,96.07,1,0,0
0,0,0,2007104,0,0,0,0,0,0,-64.9474,96.07,1,0,0
0,0,0,2007105,0,0,0,0,0,0,-64.9474,96.07,1,0,0
0,0,0,2007106,0,0,0,0,0,0,-64.9474,96.07,1,0,0
0,0,0,2007107,0,0,0,0,0,0,-64.9474,96.07,1,0,0
0,0,0,2007108,0,0,0,0,0,0,-64.9474,96.07,1,0,0
0,0,0,2007109,0,0,0,0,0,0,-64.9474,96.07,1,0,0
0,0,0,2007110,0,0,0,0,0,0,-64.9474,96.07,1,0,0
0,0,0,2007111,0,0,0,0,0,0,-64.9474,96.07,1,0,0
0,0,0,2007112,-65.02,95.95,1,0,0,0,-64.9474,96.07,1,12,10
0,0,0,2007113,0,0,0,0,0,0,-64.9474,96.07,1,0,0
0,0,0,2007114,0,0,0,0,0,0,-64.9474,96.07,1,0,0
0,0,0,2007115,0,0,0,0,0,0,-64.9474,96.07,1,0,0
0,0,0,2007116,0,0,0,0,0,0,-64.9474,96.07,1,0,0
0,0,0,2007117,0,0,0,0,0,0,-64.9474,96.07,1,0,0
0,0,0,2007118,0,0,0,0,0,0,-64.9474,96.07,1,0,0
0,0,0,2007119,0,0,0,0,0,0,-64.9474,96.07,1,0,0
0,0,0,2007120,0,0,0,0,0,0,-64.9474,96.07,1,0,0
0,0,0,2007121,0,0,0,0,0,0,-64.9474,96.07,1,0,0
0,0,0,2007122,0,0,0,0,0,0,-64.9474,96.07,1,0,0
0,0,0,2007123,0,0,0,0,0,0,-64.9474,96.07,1,0,0
0,0,0,2007124,0,0,0,0,0,0,-64.9474,96.07,1,0,0
0,0,0,2007125,0,0,0,0,0,0,-64.9474,96.07,1,0,0
0,0,0,2007126,-65.02,95.95,1,0,0,0,-64.9474,96.07,1,12,10
0,0,0,2007127,0,0,0,0,0,0,-64.9474,96.07,1,0,0
0,0,0,2007128,0,0,0,0,0,0,-64.9474,96.07,1,0,0
0,0,0,2007129,0,0,0,0,0,0,-64.9474,96.07,1,0,0
0,0,0,2007130,0,0,0,0,0,0,-64.9474,96.07,1,0,0
0,0,0,2007131,0,0,0,0,0,0,-64.9474,96.07,1,0,0
0,0,0,2007132,0,0,0,0,0,0,-64.9474,96.07,1,0,0
0,0,0,2007133,-65.02,95.95,1,0,0,0,-64.9474,96.07,1,12,10
0,0,0,2007134,0,0,0,0,0,0,-64.9474,96.07,1,0,0
0,0,0,2007135,0,0,0,0,0,0,-64.9474,96.07,1,0,0
0,0,0,2007136,0,0,0,0,0,0,-64.9474,96.07,1,0,0
0,0,0,2007137,0,0,0,0,0,0,-64.9474,96.07,1,0,0
0,0,0,2007138,0,0,0,0,0,0,-64.9474,96.07,1,0,0
0,0,0,2007139,0,0,0,0,0,0,-64.9474,96.07,1,0,0
0,0,0,2007140,-65.02,95.95,1,0,0,0,-64.9474,96.07,1,12,10
0,0,0,2007141,0,0,0,0,0,0,-64.9474,96.07,1,0,0
0,0,0,2007142,0,0,0,0,0,0,-64.9474,96.07,1,0,0
0,0,0,2007143,0,0,0,0,0,0,-64.9474,96.07,1,0,0
0,0,0,2007144,0,0,0,0,0,0,-64.9474,96.07,1,0,0
0,0,0,2007145,0,0,0,0,0,0,-64.9474,96.07,1,0,0
0,0,0,2007146,0,0,0,0,0,0,-64.9474,96.07,1,0,0
0,0,0,2007147,-65.02,95.95,1,0,0,0,-64.9474,96.07,1,12,10
0,0,0,2007148,0,0,0,0,0,0,-64.9474,96.07,1,0,0
0,0,0,2007149,0,0,0,0,0,0,-64.9474,96.07,1,0,0
0,0,0,2007150,0,0,0,0,0,0,-64.9474,96.07,1,0,0
0,0,0,2007151,0,0,0,0,0,0,-64.9474,96.07,1,0,0
0,0,0,2007152,0,0,0,0,0,0,-64.9474,96.07,1,0,0
0,0,0,2007153,0,0,0,0,0,0,-64.9474,96.07,0,0,0
0,0,0,2007154,-65.02,95.95,1,0,0,0,-64.9474,96.07,1,12,10
0,0,0,2007155,0,0,0,0,0,0,-64.9474,96.07,1,0,0
0,0,0,2007156,0,0,0,0,0,0,-64.9474,96.07,1,0,0
0,0,0,2007157,0,0,0,0,0,0,-64.9474,96.07,1,0,0
0,0,0,2007158,0,0,0,0,0,0,-64.9474,96.07,1,0,0
0,0,0,2007159,0,0,0,0,0,0,-64.9474,96.07,1,0,0
0,0,0,2007160,0,0,0,0,0,0,-64.9474,96.07,1,0,0
0,0,0,2007161,-65.02,95.95,1,0,0,0,-64.9474,96.07,1,12,10
0,0,0,2007162,0,0,0,0,0,0,-64.9474,96.07,1,0,0
0,0,0,2007163,0,0,0,0,0,0,-64.9474,96.07,1,0,0
0,0,0,2007164,0,0,0,0,0,0,-64.9474,96.07,1,0,0
0,0,0,2007165,0,0,0,0,0,0,-64.9474,96.07,1,0,0
0,0,0,2007166,0,0,0,0,0,0,-64.9474,96.07,1,0,0
0,0,0,2007167,0,0,0,0,0,0,-64.9474,96.07,1,0,0
0,0,0,2007168,0,0,0,0,0,0,-64.9474,96.07,1,0,0
0,0,0,2007169,0,0,0,0,0,0,-64.9474,96.07,1,0,0
0,0,0,2007170,0,0,0,0,0,0,-64.9474,96.07,1,0,0
0,0,0,2007171,0,0,0,0,0,0,-64.9474,96.07,1,0,0
0,0,0,2007172,0,0,0,0,0,0,-64.9474,96.07,1,0,0
0,0,0,2007173,0,0,0,0,0,0,-64.9474,96.07,1,0,0
0,0,0,2007174,0,0,0,0,0,0,-64.9474,96.07,1,0,0
0,0,0,2007175,-65.02,95.95,1,0,0,0,-64.9474,96.07,1,12,10
0,0,0,2007176,0,0,0,0,0,0,-64.9474,96.07,1,0,0
0,0,0,2007177,0,0,0,0,0,0,-64.9474,96.07,1,0,0
0,0,0,2007178,0,0,0,0,0,0,-64.9474,96.07,1,0,0
0,0,0,2007179,0,0,0,0,0,0,-64.9474,96.07,1,0,0
0,0,0,2007180,0,0,0,0,0,0,-64.9474,96.07,1,0,0
0,0,0,2007181,0,0,0,0,0,0,-64.9474,96.07,1,0,0
0,0,0,2007182,-65.02,95.95,1,0,0,0,-64.9761,95.9579,1,12,10
0,0,0,2007183,0,0,0,0,0,0,-64.9761,95.9579,1,0,0
0,0,0,2007184,0,0,0,0,0,0,-64.9761,95.9579,1,0,0
0,0,0,2007185,0,0,0,0,0,0,-64.9761,95.9579,1,0,0
0,0,0,2007186,0,0,0,0,0,0,-64.9761,95.9579,1,0,0
0,0,0,2007187,0,0,0,0,0,0,-64.9761,95.9579,1,0,0
0,0,0,2007188,0,0,0,0,0,0,-64.9761,95.9579,1,0,0
0,0,0,2007189,0,0,0,0,0,0,-64.9761,95.9579,1,0,0
0,0,0,2007190,0,0,0,0,0,0,-64.9761,95.9579,1,0,0
0,0,0,2007191,0,0,0,0,0,0,-64.9761,95.9579,1,0,0
0,0,0,2007192,0,0,0,0,0,0,-64.9761,95.9579,1,0,0
0,0,0,2007193,0,0,0,0,0,0,-64.9761,95.9579,1,0,0
0,0,0,2007194,0,0,0,0,0,0,-64.9761,95.9579,1,0,0
0,0,0,2007195,0,0,0,0,0,0,-64.9761,95.9579,1,0,0
0,0,0,2007196,-65.02,95.95,1,0,0,0,-64.9761,95.9579,1,12,10
0,0,0,2007197,0,0,0,0,0,0,-64.9761,95.9579,1,0,0
0,0,0,2007198,0,0,0,0,0,0,-64.9761,95.9579,1,0,0
0,0,0,2007199,0,0,0,0,0,0,-64.9761,95.9579,1,0,0
0,0,0,2007200,0,0,0,0,0,0,-64.9761,95.9579,1,0,0
0,0,0,2007201,0,0,0,0,0,0,-64.9761,95.9579,1,0,0
0,0,0,2007202,0,0,0,0,0,0,-64.9761,95.9579,1,0,0
0,0,0,2007203,-65.02,95.95,1,0,0,0,-64.9761,95.9579,1,12,10
0,0,0,2007204,0,0,0,0,0,0,-64.9761,95.9579,1,0,0
0,0,0,2007205,0,0,0,0,0,0,-64.9761,95.9579,1,0,0
0,0,0,2007206,0,0,0,0,0,0,-64.9761,95.9579,1,0,0
0,0,0,2007207,0,0,0,0,0,0,-64.9761,95.9579,1,0,0
0,0,0,2007208,0,0,0,0,0,0,-64.9761,95.9579,1,0,0
0,0,0,2007209,0,0,0,0,0,0,-64.9761,95.9579,1,0,0
0,0,0,2007210,-65.02,95.95,1,0,0,0,-64.9761,95.9579,1,12,10
0,0,0,2007211,0,0,0,0,0,0,-64.9761,95.9579,1,0,0
0,0,0,2007212,0,0,0,0,0,0,-64.9761,95.9579,1,0,0
0,0,0,2007213,0,0,0,0,0,0,-64.9761,95.9579,1,0,0
0,0,0,2007214,0,0,0,0,0,0,-64.9761,95.9579,1,0,0
0,0,0,2007215,0,0,0,0,0,0,-64.9761,95.9579,1,0,0
0,0,0,2007216,0,0,0,0,0,0,-64.9761,95.9579,1,0,0
0,0,0,2007217,0,0,0,0,0,0,-64.9761,95.9579,1,0,0
0,0,0,2007218,0,0,0,0,0,0,-64.9761,95.9579,1,0,0
0,0,0,2007219,0,0,0,0,0,0,-64.9761,95.9579,1,0,0
0,0,0,2007220,0,0,0,0,0,0,-64.9761,95.9579,1,0,0
0,0,0,2007221,0,0,0,0,0,0,-64.9761,95.9579,1,0,0
0,0,0,2007222,0,0,0,0,0,0,-64.9761,95.9579,1,0,0
0,0,0,2007223,0,0,0,0,0,0,-64.9761,95.9579,1,0,0
0,0,0,2007224,-65.02,95.95,1,0,0,0,-64.9761,95.9579,1,12,10
0,0,0,2007225,0,0,0,0,0,0,-64.9761,95.9579,1,0,0
0,0,0,2007226,0,0,0,0,0,0,-64.9761,95.9579,1,0,0
0,0,0,2007227,0,0,0,0,0,0,-64.9761,95.9579,1,0,0
0,0,0,2007228,0,0,0,0,0,0,-64.9761,95.9579,1,0,0
0,0,0,2007229,0,0,0,0,0,0,-64.9761,95.9579,1,0,0
0,0,0,2007230,0,0,0,0,0,0,-64.9761,95.9579,1,0,0
0,0,0,2007231,-65.02,95.95,1,0,0,0,-64.9761,95.9579,1,12,10
0,0,0,2007232,0,0,0,0,0,0,-64.9761,95.9579,1,0,0
0,0,0,2007233,0,0,0,0,0,0,-64.9761,95.9579,1,0,0
0,0,0,2007234,0,0,0,0,0,0,-64.9761,95.9579,1,0,0
0,0,0,2007235,0,0,0,0,0,0,-64.9761,95.9579,1,0,0
0,0,0,2007236,0,0,0,0,0,0,-64.9761,95.9579,1,0,0
0,0,0,2007237,0,0,0,0,0,0,-64.9761,95.9579,1,0,0
0,0,0,2007238,-65.02,95.95,1,0,0,0,-64.9761,95.9579,1,12,10
0,0,0,2007239,0,0,0,0,0,0,-64.9761,95.9579,1,0,0
0,0,0,2007240,0,0,0,0,0,0,-64.9761,95.9579,1,0,0
0,0,0,2007241,0,0,0,0,0,0,-64.9761,95.9579,1,0,0
0,0,0,2007242,0,0,0,0,0,0,-64.9761,95.9579,1,0,0
0,0,0,2007243,0,0,0,0,0,0,-64.9761,95.9579,1,0,0
0,0,0,2007244,0,0,0,0,0,0,-64.9761,95.9579,1,0,0
0,0,0,2007245,0,0,0,0,0,0,-64.9761,95.9579,1,0,0
0,0,0,2007246,0,0,0,0,0,0,-64.9761,95.9579,1,0,0
0,0,0,2007247,0,0,0,0,0,0,-64.9761,95.9579,1,0,0
0,0,0,2007248,0,0,0,0,0,0,-64.9761,95.9579,1,0,0
0,0,0,2007249,0,0,0,0,0,0,-64.9761,95.9579,1,0,0
0,0,0,2007250,0,0,0,0,0,0,-64.9761,95.9579,1,0,0
0,0,0,2007251,0,0,0,0,0,0,-64.9761,95.9579,1,0,0
0,0,0,2007252,-65.02,95.95,1,0,0,0,-64.9761,95.9579,1,12,10
0,0,0,2007253,0,0,0,0,0,0,-64.9761,95.9579,1,0,0
0,0,0,2007254,0,0,0,0,0,0,-64.9761,95.9579,1,0,0
0,0,0,2007255,0,0,0,0,0,0,-64.9761,95.9579,1,0,0
0,0,0,2007256,0,0,0,0,0,0,-64.9761,95.9579,1,0,0
0,0,0,2007257,0,0,0,0,0,0,-64.9761,95.9579,1,0,0
0,0,0,2007258,0,0,0,0,0,0,-64.9761,95.9579,1,0,0
0,0,0,2007259,0,0,0,0,0,0,-64.9761,95.9579,1,0,0
0,0,0,2007260,0,0,0,0,0,0,-64.9761,95.9579,1,0,0
0,0,0,2007261,0,0,0,0,0,0,-64.9761,95.9579,1,0,0
0,0,0,2007262,0,0,0,0,0,0,-64.9761,95.9579,1,0,0
0,0,0,2007263,0,0,0,0,0,0,-64.9761,95.9579,1,0,0
0,0,0,2007264,0,0,0,0,0,0,-64.9761,95.9579,1,0,0
0,0,0,2007265,0,0,0,0,0,0,-64.9761,95.9579,1,0,0
0,0,0,2007266,-65.02,95.95,1,0,0,0,-64.9761,95.9579,1,12,10
0,0,0,2007267,0,0,0,0,0,0,-64.9761,95.9579,1,0,0
0,0,0,2007268,0,0,0,0,0,0,-64.9761,95.9579,1,0,0
0,0,0,2007269,0,0,0,0,0,0,-64.9761,95.9579,1,0,0
0,0,0,2007270,0,0,0,0,0,0,-64.9761,95.9579,1,0,0
0,0,0,2007271,0,0,0,0,0,0,-64.9761,95.9579,1,0,0
0,0,0,2007272,0,0,0,0,0,0,-64.9761,95.9579,1,0,0
0,0,0,2007273,-65.02,95.95,1,0,0,0,-64.9761,95.9579,1,12,10
0,0,0,2007274,0,0,0,0,0,0,-64.9761,95.9579,1,0,0
0,0,0,2007275,0,0,0,0,0,0,-64.9761,95.9579,1,0,0
0,0,0,2007276,0,0,0,0,0,0,-64.9761,95.9579,1,0,0
0,0,0,2007277,0,0,0,0,0,0,-64.9761,95.9579,1,0,0
0,0,0,2007279,0,0,0,0,0,0,-64.9761,95.9579,1,0,0
0,0,0,2007280,-65.02,95.95,1,0,0,0,-64.9761,95.9579,1,12,10
0,0,0,2007281,0,0,0,0,0,0,-64.9761,95.9579,1,0,0
0,0,0,2007282,0,0,0,0,0,0,-64.9761,95.9579,1,0,0
0,0,0,2007283,0,0,0,0,0,0,-64.9761,95.9579,1,0,0
0,0,0,2007284,0,0,0,0,0,0,-64.9761,95.9579,1,0,0
0,0,0,2007285,0,0,0,0,0,0,-64.9761,95.9579,1,0,0
0,0,0,2007286,0,0,0,0,0,0,-64.9761,95.9579,1,0,0
0,0,0,2007287,-65.02,95.95,1,0,0,0,-64.9761,95.9579,1,12,10
0,0,0,2007288,0,0,0,0,0,0,-64.9761,95.9579,1,0,0
0,0,0,2007289,0,0,0,0,0,0,-64.9761,95.9579,1,0,0
0,0,0,2007290,0,0,0,0,0,0,-64.9761,95.9579,1,0,0
0,0,0,2007292,0,0,0,0,0,0,-64.9761,95.9579,1,0,0
0,0,0,2007293,0,0,0,0,0,0,-64.9761,95.9579,1,0,0
0,0,0,2007294,-65.02,95.95,1,0,0,0,-64.9761,95.9579,1,12,10
0,0,0,2007295,0,0,0,0,0,0,-64.9761,95.9579,1,0,0
0,0,0,2007296,0,0,0,0,0,0,-64.9761,95.9579,1,0,0
0,0,0,2007298,0,0,0,0,0,0,-64.9761,95.9579,1,0,0
0,0,0,2007300,0,0,0,0,0,0,-64.9761,95.9579,1,0,0
0,0,0,2007301,0,0,0,0,0,0,-64.9761,95.9579,1,0,0
0,0,0,2007302,0,0,0,0,0,0,-64.9761,95.9579,1,0,0
0,0,0,2007303,0,0,0,0,0,0,-64.9761,95.9579,1,0,0
0,0,0,2007304,0,0,0,0,0,0,-64.9761,95.9579,1,0,0
0,0,0,2007305,0,0,0,0,0,0,-64.9761,95.9579,1,0,0
0,0,0,2007306,0,0,0,0,0,0,-64.9761,95.9579,1,0,0
0,0,0,2007307,0,0,0,0,0,0,-64.9761,95.9579,1,0,0
0,0,0,2007308,-65.02,95.95,1,0,0,0,-64.9761,95.9579,1,12,10
0,0,0,2007309,0,0,0,0,0,0,-64.9761,95.9579,1,0,0
0,0,0,2007310,0,0,0,0,0,0,-64.9761,95.9579,1,0,0
0,0,0,2007311,0,0,0,0,0,0,-64.9761,95.9579,1,0,0
0,0,0,2007312,0,0,0,0,0,0,-64.9761,95.9579,1,0,0
0,0,0,2007313,0,0,0,0,0,0,-64.9761,95.9579,1,0,0
0,0,0,2007314,0,0,0,0,0,0,-64.9761,95.9579,1,0,0
0,0,0,2007315,-65.02,95.95,1,0,0,0,-64.9761,95.9579,1,12,10
0,0,0,2007316,0,0,0,0,0,0,-64.9761,95.9579,1,0,0
0,0,0,2007317,0,0,0,0,0,0,-64.9761,95.9579,1,0,0
0,0,0,2007318,0,0,0,0,0,0,-64.9761,95.9579,1,0,0
0,0,0,2007319,0,0,0,0,0,0,-64.9761,95.9579,1,0,0
0,0,0,2007320,0,0,0,0,0,0,-64.9761,95.9579,1,0,0
0,0,0,2007321,0,0,0,0,0,0,-64.9761,95.9579,1,0,0
0,0,0,2007322,-65.02,95.95,1,0,0,0,-64.9761,95.9579,1,12,10
0,0,0,2007323,0,0,0,0,0,0,-64.9761,95.9579,1,0,0
0,0,0,2007324,0,0,0,0,0,0,-64.9761,95.9579,1,0,0
0,0,0,2007325,0,0,0,0,0,0,-64.9761,95.9579,1,0,0
0,0,0,2007326,0,0,0,0,0,0,-64.9761,95.9579,1,0,0
0,0,0,2007327,0,0,0,0,0,0,-64.9761,95.9579,1,0,0
0,0,0,2007328,0,0,0,0,0,0,-64.9761,95.9579,1,0,0
0,0,0,2007329,0,0,0,0,0,0,-64.9761,95.9579,1,0,0
0,0,0,2007330,0,0,0,0,0,0,-64.9761,95.9579,1,0,0
0,0,0,2007331,0,0,0,0,0,0,-64.9761,95.9579,1,0,0
0,0,0,2007332,0,0,0,0,0,0,-64.9761,95.9579,1,0,0
0,0,0,2007333,0,0,0,0,0,0,-64.9761,95.9579,1,0,0
0,0,0,2007334,0,0,0,0,0,0,-64.9761,95.9579,1,0,0
0,0,0,2007335,0,0,0,0,0,0,-64.9761,95.9579,1,0,0
0,0,0,2007336,-65.02,95.95,1,0,0,0,0,0,0,12,10
0,0,0,2007337,0,0,0,0,0,0,-64.9761,95.9579,1,0,0
0,0,0,2007338,0,0,0,0,0,0,-64.9761,95.9579,1,0,0
0,0,0,2007339,0,0,0,0,0,0,-64.9761,95.9579,1,0,0
0,0,0,2007340,0,0,0,0,0,0,-64.9761,95.9579,1,0,0
0,0,0,2007342,0,0,0,0,0,0,-64.9761,95.9579,1,0,0
0,0,0,2007343,-65.02,95.95,1,0,0,0,-64.9761,95.9579,1,12,10
0,0,0,2007344,0,0,0,0,0,0,-64.9761,95.9579,1,0,0
0,0,0,2007345,0,0,0,0,0,0,-64.9761,95.9579,1,0,0
0,0,0,2007346,0,0,0,0,0,0,-64.9761,95.9579,1,0,0
0,0,0,2007347,0,0,0,0,0,0,-64.9761,95.9579,1,0,0
0,0,0,2007348,0,0,0,0,0,0,-64.9761,95.9579,1,0,0
0,0,0,2007349,0,0,0,0,0,0,-64.9761,95.9579,1,0,0
0,0,0,2007350,-65.02,95.95,1,0,0,0,-64.9761,95.9579,1,12,10
0,0,0,2007352,0,0,0,0,0,0,-64.9761,95.9579,1,0,0
0,0,0,2007353,0,0,0,0,0,0,-64.9761,95.9579,1,0,0
0,0,0,2007354,0,0,0,0,0,0,-64.9761,95.9579,1,0,0
0,0,0,2007355,0,0,0,0,0,0,-64.9761,95.9579,1,0,0
0,0,0,2007356,0,0,0,0,0,0,-64.9761,95.9579,1,0,0
0,0,0,2007357,-65.02,95.95,1,0,0,0,-64.9761,95.9579,1,12,10
0,0,0,2008003,-65.02,95.95,1,0,0,0,0,0,0,12,10
0,0,0,2008006,-65.02,95.95,1,0,0,0,0,0,0,12,10
0,0,0,2008013,-65.02,95.95,1,0,0,0,0,0,0,12,10
0,0,0,2008020,-65.02,95.95,1,0,0,0,0,0,0,12,10
0,0,0,2008024,0,0,0,0,0,0,-64.9761,95.9579,1,0,0
0,0,0,2008025,0,0,0,0,0,0,-64.9761,95.9579,1,0,0
0,0,0,2008026,0,0,0,0,0,0,-64.9761,95.9579,1,0,0
0,0,0,2008027,-65.02,95.95,1,0,0,0,0,0,0,12,10
0,0,0,2008031,0,0,0,0,0,0,-64.9761,95.9579,1,0,0
0,0,0,2008032,0,0,0,0,0,0,-64.9761,95.9579,1,0,0
0,0,0,2008033,0,0,0,0,0,0,-64.9761,95.9579,1,0,0
0,0,0,2008034,-65.02,95.95,1,0,0,0,-64.9761,95.9579,1,12,10
0,0,0,2008035,0,0,0,0,0,0,-64.9761,95.9579,1,0,0
0,0,0,2008036,0,0,0,0,0,0,-64.9761,95.9579,1,0,0
0,0,0,2008037,0,0,0,0,0,0,-64.9761,95.9579,1,0,0
0,0,0,2008038,0,0,0,0,0,0,-64.9761,95.9579,1,0,0
0,0,0,2008039,0,0,0,0,0,0,-64.9761,95.9579,1,0,0
0,0,0,2008040,0,0,0,0,0,0,-64.9761,95.9579,1,0,0
0,0,0,2008041,-65.02,95.95,1,0,0,0,-64.9761,95.9579,1,12,10
0,0,0,2008042,0,0,0,0,0,0,-64.9761,95.9579,1,0,0
0,0,0,2008043,0,0,0,0,0,0,-64.9761,95.9579,1,0,0
0,0,0,2008044,0,0,0,0,0,0,-64.9761,95.9579,1,0,0
0,0,0,2008045,0,0,0,0,0,0,-64.9761,95.9579,1,0,0
0,0,0,2008046,0,0,0,0,0,0,-64.9761,95.9579,1,0,0
0,0,0,2008047,0,0,0,0,0,0,-64.9761,95.9579,1,0,0
0,0,0,2008048,0,0,0,0,0,0,-64.9761,95.9579,1,0,0
0,0,0,2008049,0,0,0,0,0,0,-64.9761,95.9579,1,0,0
0,0,0,2008050,0,0,0,0,0,0,-64.9761,95.9579,1,0,0
0,0,0,2008051,0,0,0,0,0,0,-64.9761,95.9579,1,0,0
0,0,0,2008052,0,0,0,0,0,0,-64.9761,95.9579,1,0,0
0,0,0,2008053,0,0,0,0,0,0,-64.9761,95.9579,1,0,0
0,0,0,2008054,0,0,0,0,0,0,-64.9761,95.9579,1,0,0
0,0,0,2008055,-65.02,95.95,1,0,0,0,-64.9761,95.9579,1,12,10
0,0,0,2008056,0,0,0,0,0,0,-64.9761,95.9579,1,0,0
0,0,0,2008057,0,0,0,0,0,0,-64.9761,95.9579,1,0,0
0,0,0,2008058,0,0,0,0,0,0,-64.9761,95.9579,1,0,0
0,0,0,2008059,0,0,0,0,0,0,-64.9761,95.9579,1,0,0
0,0,0,2008060,0,0,0,0,0,0,-64.9761,95.9579,1,0,0
0,0,0,2008061,0,0,0,0,0,0,-64.9761,95.9579,1,0,0
0,0,0,2008062,-65.02,95.95,1,0,0,0,-64.9761,95.9579,1,12,10
0,0,0,2008063,0,0,0,0,0,0,-64.9761,95.9579,1,0,0
0,0,0,2008064,0,0,0,0,0,0,-64.9761,95.9579,1,0,0
0,0,0,2008065,0,0,0,0,0,0,-64.9761,95.9579,1,0,0
0,0,0,2008066,0,0,0,0,0,0,-64.9761,95.9579,1,0,0
0,0,0,2008067,0,0,0,0,0,0,-64.9761,95.9579,1,0,0
0,0,0,2008068,0,0,0,0,0,0,-64.9761,95.9579,1,0,0
0,0,0,2008069,-65.02,95.95,1,0,0,0,-64.9761,95.9579,1,12,10
0,0,0,2008070,0,0,0,0,0,0,-64.9761,95.9579,1,0,0
0,0,0,2008071,0,0,0,0,0,0,-64.9761,95.9579,1,0,0
0,0,0,2008072,0,0,0,0,0,0,-64.9761,95.9579,1,0,0
0,0,0,2008073,0,0,0,0,0,0,-64.9761,95.9579,1,0,0
0,0,0,2008074,0,0,0,0,0,0,-64.9761,95.9579,1,0,0
0,0,0,2008075,0,0,0,0,0,0,-64.9761,95.9579,1,0,0
0,0,0,2008076,-65.02,95.95,1,0,0,0,-64.9761,95.9579,1,12,10
0,0,0,2008077,0,0,0,0,0,0,-64.9761,95.9579,1,0,0
0,0,0,2008078,0,0,0,0,0,0,-64.9761,95.9579,1,0,0
0,0,0,2008079,0,0,0,0,0,0,-64.9761,95.9579,1,0,0
0,0,0,2008080,0,0,0,0,0,0,-64.9761,95.9579,1,0,0
0,0,0,2008081,0,0,0,0,0,0,-64.9761,95.9579,1,0,0
0,0,0,2008082,0,0,0,0,0,0,-64.9761,95.9579,1,0,0
0,0,0,2008083,-65.02,95.95,1,0,0,0,-64.9761,95.9579,1,12,10
0,0,0,2008084,0,0,0,0,0,0,-64.9761,95.9579,1,0,0
0,0,0,2008085,0,0,0,0,0,0,-64.9761,95.9579,1,0,0
0,0,0,2008086,0,0,0,0,0,0,-64.9761,95.9579,1,0,0
0,0,0,2008087,0,0,0,0,0,0,-64.9761,95.9579,1,0,0
0,0,0,2008088,0,0,0,0,0,0,-64.9761,95.9579,1,0,0
0,0,0,2008089,0,0,0,0,0,0,-64.9761,95.9579,1,0,0
0,0,0,2008090,-65.02,95.95,1,0,0,0,-64.9761,95.9579,1,12,10
0,0,0,2008091,0,0,0,0,0,0,-64.9761,95.9579,1,0,0
0,0,0,2008092,0,0,0,0,0,0,-64.9761,95.9579,1,0,0
0,0,0,2008093,0,0,0,0,0,0,-64.9761,95.9579,1,0,0
0,0,0,2008094,0,0,0,0,0,0,-64.9761,95.9579,1,0,0
0,0,0,2008095,0,0,0,0,0,0,-64.9761,95.9579,1,0,0
0,0,0,2008096,0,0,0,0,0,0,-64.9761,95.9579,1,0,0
0,0,0,2008097,-65,95.93,1,0,0,0,-64.9761,95.9579,1,12,10
0,0,0,2008098,0,0,0,0,0,0,-64.9761,95.9579,1,0,0
0,0,0,2008099,0,0,0,0,0,0,-64.9761,95.9579,1,0,0
0,0,0,2008100,0,0,0,0,0,0,-64.9761,95.9579,1,0,0
0,0,0,2008101,0,0,0,0,0,0,-64.9761,95.9579,1,0,0
0,0,0,2008102,0,0,0,0,0,0,-64.9761,95.9579,1,0,0
0,0,0,2008103,0,0,0,0,0,0,-64.9761,95.9579,1,0,0
0,0,0,2008104,-65,95.93,1,0,0,0,-64.9761,95.9579,1,12,10
0,0,0,2008105,0,0,0,0,0,0,-64.9761,95.9579,1,0,0
0,0,0,2008106,0,0,0,0,0,0,-64.9761,95.9579,1,0,0
0,0,0,2008107,0,0,0,0,0,0,-64.9761,95.9579,1,0,0
0,0,0,2008108,0,0,0,0,0,0,-64.9761,95.9579,1,0,0
0,0,0,2008109,0,0,0,0,0,0,-64.9761,95.9579,1,0,0
0,0,0,2008110,0,0,0,0,0,0,-64.9761,95.9579,1,0,0
0,0,0,2008111,-65,95.93,1,0,0,0,-64.9761,95.9579,1,12,10
0,0,0,2008112,0,0,0,0,0,0,-64.9761,95.9579,1,0,0
0,0,0,2008113,0,0,0,0,0,0,-64.9761,95.9579,1,0,0
0,0,0,2008114,0,0,0,0,0,0,-64.9761,95.9579,1,0,0
0,0,0,2008115,0,0,0,0,0,0,-64.9761,95.9579,1,0,0
0,0,0,2008116,0,0,0,0,0,0,-64.9761,95.9579,1,0,0
0,0,0,2008117,0,0,0,0,0,0,-64.9761,95.9579,1,0,0
0,0,0,2008118,-65,95.93,1,0,0,0,-64.9761,95.9579,1,12,10
0,0,0,2008119,0,0,0,0,0,0,-64.9761,95.9579,1,0,0
0,0,0,2008121,0,0,0,0,0,0,-64.9761,95.9579,1,0,0
0,0,0,2008122,0,0,0,0,0,0,-64.9761,95.9579,1,0,0
0,0,0,2008123,0,0,0,0,0,0,-64.9761,95.9579,1,0,0
0,0,0,2008124,0,0,0,0,0,0,-64.9761,95.9579,1,0,0
0,0,0,2008125,-65,95.93,1,0,0,0,-64.9761,95.9579,1,12,10
0,0,0,2008126,0,0,0,0,0,0,-64.9761,95.9579,1,0,0
0,0,0,2008127,0,0,0,0,0,0,-64.9761,95.9579,1,0,0
0,0,0,2008128,0,0,0,0,0,0,-64.9761,95.9579,1,0,0
0,0,0,2008129,0,0,0,0,0,0,-64.9761,95.9579,1,0,0
0,0,0,2008130,0,0,0,0,0,0,-64.9761,95.9579,1,0,0
0,0,0,2008131,0,0,0,0,0,0,-64.9761,95.9579,1,0,0
0,0,0,2008132,-65,95.93,1,0,0,0,-64.9761,95.9579,1,12,10
0,0,0,2008133,0,0,0,0,0,0,-64.9761,95.9579,1,0,0
0,0,0,2008134,0,0,0,0,0,0,-64.9761,95.9579,1,0,0
0,0,0,2008135,0,0,0,0,0,0,-64.9761,95.9579,1,0,0
0,0,0,2008136,0,0,0,0,0,0,-64.9761,95.9579,1,0,0
0,0,0,2008137,0,0,0,0,0,0,-64.9761,95.9579,1,0,0
0,0,0,2008138,0,0,0,0,0,0,-64.9761,95.9579,1,0,0
0,0,0,2008139,-65,95.93,1,0,0,0,-64.9761,95.9579,1,12,10
0,0,0,2008140,0,0,0,0,0,0,-64.9761,95.9579,1,0,0
0,0,0,2008141,0,0,0,0,0,0,-64.9761,95.9579,1,0,0
0,0,0,2008142,0,0,0,0,0,0,-64.9761,95.9579,1,0,0
0,0,0,2008143,0,0,0,0,0,0,-64.9761,95.9579,1,0,0
0,0,0,2008144,0,0,0,0,0,0,-64.9761,95.9579,1,0,0
0,0,0,2008145,0,0,0,0,0,0,-64.9761,95.9579,1,0,0
0,0,0,2008146,-65,95.93,1,0,0,0,-64.9761,95.9579,1,13,12
0,0,0,2008147,0,0,0,0,0,0,-64.9761,95.9579,1,0,0
0,0,0,2008148,0,0,0,0,0,0,-64.9761,95.9579,1,0,0
0,0,0,2008149,0,0,0,0,0,0,-64.9761,95.9579,1,0,0
0,0,0,2008150,0,0,0,0,0,0,-64.9761,95.9579,1,0,0
0,0,0,2008151,0,0,0,0,0,0,-64.9761,95.9579,1,0,0
0,0,0,2008152,0,0,0,0,0,0,-64.9761,95.9579,1,0,0
0,0,0,2008153,-65,95.93,1,0,0,0,-64.9761,95.9579,1,13,12
0,0,0,2008154,0,0,0,0,0,0,-64.9761,95.9579,1,0,0
0,0,0,2008155,0,0,0,0,0,0,-64.9761,95.9579,1,0,0
0,0,0,2008156,0,0,0,0,0,0,-64.9761,95.9579,1,0,0
0,0,0,2008157,0,0,0,0,0,0,-64.9761,95.9579,1,0,0
0,0,0,2008158,0,0,0,0,0,0,-64.9761,95.9579,1,0,0
0,0,0,2008159,0,0,0,0,0,0,-64.9761,95.9579,1,0,0
0,0,0,2008160,-65,95.93,1,0,0,0,-64.9761,95.9579,1,13,12
0,0,0,2008161,0,0,0,0,0,0,-64.9761,95.9579,1,0,0
0,0,0,2008162,0,0,0,0,0,0,-64.9761,95.9579,1,0,0
0,0,0,2008163,0,0,0,0,0,0,-64.9761,95.9579,1,0,0
0,0,0,2008164,0,0,0,0,0,0,-64.9761,95.9579,1,0,0
0,0,0,2008165,0,0,0,0,0,0,-64.9761,95.9579,1,0,0
0,0,0,2008166,0,0,0,0,0,0,-64.9761,95.9579,1,0,0
0,0,0,2008167,-65,95.93,1,0,0,0,-64.9761,95.9579,1,13,12
0,0,0,2008168,0,0,0,0,0,0,-64.9761,95.9579,1,0,0
0,0,0,2008169,0,0,0,0,0,0,-64.9761,95.9579,1,0,0
0,0,0,2008170,0,0,0,0,0,0,-64.9761,95.9579,1,0,0
0,0,0,2008171,0,0,0,0,0,0,-64.9761,95.9579,1,0,0
0,0,0,2008172,0,0,0,0,0,0,-64.9761,95.9579,1,0,0
0,0,0,2008173,0,0,0,0,0,0,-64.9761,95.9579,1,0,0
0,0,0,2008174,-65,95.93,1,0,0,0,-64.9761,95.9579,1,13,12
0,0,0,2008175,0,0,0,0,0,0,-64.9761,95.9579,1,0,0
0,0,0,2008176,0,0,0,0,0,0,-64.9761,95.9579,1,0,0
0,0,0,2008178,0,0,0,0,0,0,-64.9761,95.9579,1,0,0
0,0,0,2008179,0,0,0,0,0,0,-64.9761,95.9579,1,0,0
0,0,0,2008180,0,0,0,0,0,0,-64.9761,95.9579,1,0,0
0,0,0,2008181,-65,95.93,1,0,0,0,-64.9761,95.9579,1,13,12
0,0,0,2008182,0,0,0,0,0,0,-64.9761,95.9579,1,0,0
0,0,0,2008183,0,0,0,0,0,0,-64.9761,95.9579,1,0,0
0,0,0,2008184,0,0,0,0,0,0,-64.9761,95.9579,1,0,0
0,0,0,2008185,0,0,0,0,0,0,-64.9761,95.9579,1,0,0
0,0,0,2008186,0,0,0,0,0,0,-64.9761,95.9579,1,0,0
0,0,0,2008187,0,0,0,0,0,0,-64.9761,95.9579,1,0,0
0,0,0,2008188,-65,95.93,1,0,0,0,-64.9761,95.9579,1,13,12
0,0,0,2008189,0,0,0,0,0,0,-64.9761,95.9579,1,0,0
0,0,0,2008190,0,0,0,0,0,0,-64.9761,95.9579,1,0,0
0,0,0,2008191,0,0,0,0,0,0,-64.9761,95.9579,1,0,0
0,0,0,2008192,0,0,0,0,0,0,-64.9761,95.9579,1,0,0
0,0,0,2008193,0,0,0,0,0,0,-64.9761,95.9579,1,0,0
0,0,0,2008194,0,0,0,0,0,0,-64.9761,95.9579,1,0,0
0,0,0,2008195,-65,95.93,1,0,0,0,-64.9761,95.9579,1,13,12
0,0,0,2008196,0,0,0,0,0,0,-64.9761,95.9579,1,0,0
0,0,0,2008197,0,0,0,0,0,0,-64.9761,95.9579,1,0,0
0,0,0,2008198,0,0,0,0,0,0,-64.9761,95.9579,1,0,0
0,0,0,2008199,0,0,0,0,0,0,-64.9761,95.9579,1,0,0
0,0,0,2008200,0,0,0,0,0,0,-64.9761,95.9579,1,0,0
0,0,0,2008201,0,0,0,0,0,0,-64.9761,95.9579,1,0,0
0,0,0,2008202,-65,95.93,1,0,0,0,-64.9761,95.9579,1,13,12
0,0,0,2008203,0,0,0,0,0,0,-64.9761,95.9579,1,0,0
0,0,0,2008204,0,0,0,0,0,0,-64.9761,95.9579,1,0,0
0,0,0,2008205,0,0,0,0,0,0,-64.9761,95.9579,1,0,0
0,0,0,2008206,0,0,0,0,0,0,-64.9761,95.9579,1,0,0
0,0,0,2008207,0,0,0,0,0,0,-64.9761,95.9579,1,0,0
0,0,0,2008208,0,0,0,0,0,0,-64.9761,95.9579,1,0,0
0,0,0,2008209,-65,95.93,1,0,0,0,-64.9761,95.9579,1,13,12
0,0,0,2008210,0,0,0,0,0,0,-64.9761,95.9579,1,0,0
0,0,0,2008211,0,0,0,0,0,0,-64.9761,95.9579,1,0,0
0,0,0,2008212,0,0,0,0,0,0,-64.9761,95.9579,1,0,0
0,0,0,2008213,0,0,0,0,0,0,-64.9761,95.9579,1,0,0
0,0,0,2008214,0,0,0,0,0,0,-64.9761,95.9579,1,0,0
0,0,0,2008215,0,0,0,0,0,0,-64.9761,95.9579,1,0,0
0,0,0,2008216,-65,95.93,1,0,0,0,-64.9761,95.9579,1,13,12
0,0,0,2008217,0,0,0,0,0,0,-64.9761,95.9579,1,0,0
0,0,0,2008218,0,0,0,0,0,0,-64.9761,95.9579,1,0,0
0,0,0,2008219,0,0,0,0,0,0,-64.9761,95.9579,1,0,0
0,0,0,2008220,0,0,0,0,0,0,-64.9761,95.9579,1,0,0
0,0,0,2008221,0,0,0,0,0,0,-64.9761,95.9579,1,0,0
0,0,0,2008222,0,0,0,0,0,0,-64.9761,95.9579,1,0,0
0,0,0,2008223,-65,95.93,1,0,0,0,-64.9761,95.9579,1,13,12
0,0,0,2008224,0,0,0,0,0,0,-64.9761,95.9579,1,0,0
0,0,0,2008225,0,0,0,0,0,0,-64.9761,95.9579,1,0,0
0,0,0,2008226,0,0,0,0,0,0,-64.9761,95.9579,1,0,0
0,0,0,2008227,0,0,0,0,0,0,-64.9761,95.9579,1,0,0
0,0,0,2008228,0,0,0,0,0,0,-64.9761,95.9579,1,0,0
0,0,0,2008229,0,0,0,0,0,0,-64.9761,95.9579,1,0,0
0,0,0,2008230,-65,95.93,1,0,0,0,-64.9761,95.9579,1,13,12
0,0,0,2008231,0,0,0,0,0,0,-64.9761,95.9579,1,0,0
0,0,0,2008232,0,0,0,0,0,0,-64.9761,95.9579,1,0,0
0,0,0,2008233,0,0,0,0,0,0,-64.9761,95.9579,1,0,0
0,0,0,2008234,0,0,0,0,0,0,-64.9761,95.9579,1,0,0
0,0,0,2008235,0,0,0,0,0,0,-64.9761,95.9579,1,0,0
0,0,0,2008236,0,0,0,0,0,0,-64.9761,95.9579,1,0,0
0,0,0,2008237,-65,95.92,1,0,0,0,-64.9761,95.9579,1,13,12
0,0,0,2008238,0,0,0,0,0,0,-64.9761,95.9579,1,0,0
0,0,0,2008239,0,0,0,0,0,0,-64.9761,95.9579,1,0,0
0,0,0,2008240,0,0,0,0,0,0,-64.9761,95.9579,1,0,0
0,0,0,2008241,0,0,0,0,0,0,-64.9761,95.9579,1,0,0
0,0,0,2008242,0,0,0,0,0,0,-64.9761,95.9579,1,0,0
0,0,0,2008243,0,0,0,0,0,0,-64.9761,95.9579,1,0,0
0,0,0,2008244,-65.05,95.93,1,0,0,0,-64.9761,95.9579,1,13,12
0,0,0,2008245,0,0,0,0,0,0,-64.9761,95.9579,1,0,0
0,0,0,2008246,0,0,0,0,0,0,-64.9761,95.9579,1,0,0
0,0,0,2008247,0,0,0,0,0,0,-64.9761,95.9579,1,0,0
0,0,0,2008248,0,0,0,0,0,0,-64.9761,95.9579,1,0,0
0,0,0,2008249,0,0,0,0,0,0,-64.9761,95.9579,1,0,0
0,0,0,2008250,0,0,0,0,0,0,-64.9761,95.9579,1,0,0
0,0,0,2008251,-65.02,95.92,1,0,0,0,-64.9761,95.9579,1,13,12
0,0,0,2008252,0,0,0,0,0,0,-64.9761,95.9579,1,0,0
0,0,0,2008253,0,0,0,0,0,0,-64.9761,95.9579,1,0,0
0,0,0,2008254,0,0,0,0,0,0,-64.9761,95.9579,1,0,0
0,0,0,2008255,0,0,0,0,0,0,-64.9761,95.9579,1,0,0
0,0,0,2008256,0,0,0,0,0,0,-64.9761,95.9579,1,0,0
0,0,0,2008257,0,0,0,0,0,0,-64.9761,95.9579,1,0,0
0,0,0,2008258,-65.02,95.92,1,0,0,0,-64.9761,95.9579,1,13,12
0,0,0,2008259,0,0,0,0,0,0,-64.9761,95.9579,1,0,0
0,0,0,2008260,0,0,0,0,0,0,-64.9761,95.9579,1,0,0
0,0,0,2008261,0,0,0,0,0,0,-64.9761,95.9579,1,0,0
0,0,0,2008262,0,0,0,0,0,0,-64.9761,95.9579,1,0,0
0,0,0,2008263,0,0,0,0,0,0,-64.9761,95.9579,1,0,0
0,0,0,2008264,0,0,0,0,0,0,-64.9761,95.9579,1,0,0
0,0,0,2008265,-65.02,95.92,1,0,0,0,-64.9761,95.9579,1,13,12
0,0,0,2008266,0,0,0,0,0,0,-64.9761,95.9579,1,0,0
0,0,0,2008267,0,0,0,0,0,0,-64.9761,95.9579,1,0,0
0,0,0,2008268,0,0,0,0,0,0,-64.9761,95.9579,1,0,0
0,0,0,2008269,0,0,0,0,0,0,-64.9761,95.9579,1,0,0
0,0,0,2008270,0,0,0,0,0,0,-64.9761,95.9579,1,0,0
0,0,0,2008271,0,0,0,0,0,0,-64.9761,95.9579,1,0,0
0,0,0,2008272,-65.02,95.92,1,0,0,0,-64.9761,95.9579,1,13,12
0,0,0,2008273,0,0,0,0,0,0,-64.9761,95.9579,1,0,0
0,0,0,2008274,0,0,0,0,0,0,-64.9761,95.9579,1,0,0
0,0,0,2008275,0,0,0,0,0,0,-64.9761,95.9579,1,0,0
0,0,0,2008276,0,0,0,0,0,0,-64.9761,95.9579,1,0,0
0,0,0,2008277,0,0,0,0,0,0,-64.9761,95.9579,1,0,0
0,0,0,2008278,0,0,0,0,0,0,-64.9761,95.9579,1,0,0
0,0,0,2008279,-65.02,95.92,1,0,0,0,-64.9761,95.9579,1,13,12
0,0,0,2008280,0,0,0,0,0,0,-64.9761,95.9579,1,0,0
0,0,0,2008281,0,0,0,0,0,0,-64.9761,95.9579,1,0,0
0,0,0,2008282,0,0,0,0,0,0,-64.9761,95.9579,1,0,0
0,0,0,2008283,0,0,0,0,0,0,-64.9761,95.9579,1,0,0
0,0,0,2008284,0,0,0,0,0,0,-64.9761,95.9579,1,0,0
0,0,0,2008285,0,0,0,0,0,0,-64.9761,95.9579,1,0,0
0,0,0,2008286,-65.02,95.92,1,0,0,0,-64.9761,95.9579,1,13,12
0,0,0,2008287,0,0,0,0,0,0,-64.9761,95.9579,1,0,0
0,0,0,2008288,0,0,0,0,0,0,-64.9761,95.9579,1,0,0
0,0,0,2008289,0,0,0,0,0,0,-64.9761,95.9579,1,0,0
0,0,0,2008290,0,0,0,0,0,0,-64.9761,95.9579,1,0,0
0,0,0,2008291,0,0,0,0,0,0,-64.9761,95.9579,1,0,0
0,0,0,2008292,0,0,0,0,0,0,-64.9761,95.9579,1,0,0
0,0,0,2008293,-65.02,95.92,1,0,0,0,-64.9761,95.9579,1,13,12
0,0,0,2008294,0,0,0,0,0,0,-64.9761,95.9579,1,0,0
0,0,0,2008295,0,0,0,0,0,0,-64.9761,95.9579,1,0,0
0,0,0,2008296,0,0,0,0,0,0,-64.9761,95.9579,1,0,0
0,0,0,2008297,0,0,0,0,0,0,-64.9761,95.9579,1,0,0
0,0,0,2008298,0,0,0,0,0,0,-64.9761,95.9579,1,0,0
0,0,0,2008299,0,0,0,0,0,0,-64.9761,95.9579,1,0,0
0,0,0,2008300,-65.02,95.92,1,0,0,0,-64.9761,95.9579,1,13,12
0,0,0,2008301,0,0,0,0,0,0,-64.9761,95.9579,1,0,0
0,0,0,2008302,0,0,0,0,0,0,-64.9761,95.9579,1,0,0
0,0,0,2008303,0,0,0,0,0,0,-64.9761,95.9579,1,0,0
0,0,0,2008304,0,0,0,0,0,0,-64.9761,95.9579,1,0,0
0,0,0,2008305,0,0,0,0,0,0,-64.9761,95.9579,1,0,0
0,0,0,2008306,0,0,0,0,0,0,-64.9761,95.9579,1,0,0
0,0,0,2008307,0,0,0,0,0,0,-64.9761,95.9579,1,0,0
0,0,0,2008308,0,0,0,0,0,0,-64.9761,95.9579,1,0,0
0,0,0,2008309,0,0,0,0,0,0,-64.9761,95.9579,1,0,0
0,0,0,2008310,0,0,0,0,0,0,-64.9761,95.9579,1,0,0
0,0,0,2008311,0,0,0,0,0,0,-64.9761,95.9579,1,0,0
0,0,0,2008312,0,0,0,0,0,0,-64.9761,95.9579,1,0,0
0,0,0,2008313,0,0,0,0,0,0,-64.9761,95.9579,1,0,0
0,0,0,2008314,-65.02,95.92,1,0,0,0,-64.9761,95.9579,1,13,12
0,0,0,2008315,0,0,0,0,0,0,-64.9761,95.9579,1,0,0
0,0,0,2008316,0,0,0,0,0,0,-64.9761,95.9579,1,0,0
0,0,0,2008317,0,0,0,0,0,0,-64.9761,95.9579,1,0,0
0,0,0,2008318,0,0,0,0,0,0,-64.9761,95.9579,1,0,0
0,0,0,2008319,0,0,0,0,0,0,-64.9761,95.9579,1,0,0
0,0,0,2008320,0,0,0,0,0,0,-64.9761,95.9579,1,0,0
0,0,0,2008321,-65.02,95.92,1,0,0,0,-64.9761,95.9579,1,13,12
0,0,0,2008322,0,0,0,0,0,0,-64.9761,95.9579,1,0,0
0,0,0,2008323,0,0,0,0,0,0,-64.9761,95.9579,1,0,0
0,0,0,2008324,0,0,0,0,0,0,-64.9761,95.9579,1,0,0
0,0,0,2008328,0,0,0,0,0,0,-64.9761,95.9579,1,0,0
0,0,0,2008329,0,0,0,0,0,0,-64.9761,95.9579,1,0,0
0,0,0,2008330,0,0,0,0,0,0,-64.9761,95.9579,1,0,0
0,0,0,2008334,0,0,0,0,0,0,-64.9761,95.9579,1,0,0
0,0,0,2008335,-65.05,95.92,1,0,0,0,-64.9761,95.9579,1,13,12
0,0,0,2008336,0,0,0,0,0,0,-64.9761,95.9579,1,0,0
0,0,0,2008337,0,0,0,0,0,0,-64.9761,95.9579,1,0,0
0,0,0,2008338,0,0,0,0,0,0,-64.9761,95.9579,1,0,0
0,0,0,2008339,0,0,0,0,0,0,-64.9761,95.9579,1,0,0
0,0,0,2008340,0,0,0,0,0,0,-64.9761,95.9579,1,0,0
0,0,0,2008341,0,0,0,0,0,0,-64.9761,95.9579,1,0,0
0,0,0,2008342,-65.05,95.92,1,0,0,0,-64.9761,95.9579,1,13,12
0,0,0,2008343,0,0,0,0,0,0,-64.9761,95.9579,1,0,0
0,0,0,2008344,0,0,0,0,0,0,-64.9761,95.9579,1,0,0
0,0,0,2008345,0,0,0,0,0,0,-64.9761,95.9579,1,0,0
0,0,0,2008346,0,0,0,0,0,0,-64.9761,95.9579,1,0,0
0,0,0,2008347,0,0,0,0,0,0,-64.9761,95.9579,1,0,0
0,0,0,2008349,-65.05,95.92,1,0,0,0,-64.9761,95.9579,1,13,12
0,0,0,2008350,0,0,0,0,0,0,-64.9761,95.9579,1,0,0
0,0,0,2008351,0,0,0,0,0,0,-64.9761,95.9579,1,0,0
0,0,0,2008352,0,0,0,0,0,0,-64.9761,95.9579,1,0,0
0,0,0,2008353,0,0,0,0,0,0,-64.9761,95.9579,1,0,0
0,0,0,2008354,0,0,0,0,0,0,-64.9761,95.9579,1,0,0
0,0,0,2008355,0,0,0,0,0,0,-64.9761,95.9579,1,0,0
0,0,0,2008356,0,0,0,0,0,0,-64.9761,95.9579,1,0,0
0,0,0,2008357,0,0,0,0,0,0,-64.9761,95.9579,1,0,0
0,0,0,2008358,0,0,0,0,0,0,-64.9761,95.9579,1,0,0
0,0,0,2008359,0,0,0,0,0,0,-64.9761,95.9579,1,0,0
0,0,0,2008360,0,0,0,0,0,0,-64.9761,95.9579,1,0,0
0,0,0,2008361,0,0,0,0,0,0,-64.9761,95.9579,1,0,0
0,0,0,2008362,0,0,0,0,0,0,-64.9761,95.9579,1,0,0
0,0,0,2008363,0,0,0,0,0,0,-64.9761,95.9579,1,0,0
0,0,0,2008364,0,0,0,0,0,0,-64.9761,95.9579,1,0,0
0,0,0,2008365,0,0,0,0,0,0,-64.9761,95.9579,1,0,0
0,0,0,2008366,0,0,0,0,0,0,-64.9761,95.9579,1,0,0
0,0,0,2009001,0,0,0,0,0,0,-65.0054,95.8709,1,0,0
0,0,0,2009002,0,0,0,0,0,0,-65.0089,95.9173,1,0,0
0,0,0,2009003,0,0,0,0,0,0,-64.9944,95.9235,1,0,0
0,0,0,2009004,0,0,0,0,0,0,-64.9662,95.9166,1,0,0
0,0,0,2009005,0,0,0,0,0,0,-64.9695,95.9174,1,0,0
0,0,0,2009006,0,0,0,0,0,0,-64.9765,95.9192,1,0,0
0,0,0,2009007,0,0,0,0,0,0,-64.9624,95.8789,1,0,0
0,0,0,2009008,0,0,0,0,0,0,-64.998,95.9147,1,0,0
0,0,0,2009009,0,0,0,0,0,0,-64.9811,95.9019,1,0,0
0,0,0,2009010,0,0,0,0,0,0,-64.96,95.9335,1,0,0
0,0,0,2009011,0,0,0,0,0,0,-64.9866,96.0137,1,0,0
0,0,0,2009012,0,0,0,0,0,0,-65.009,96.1126,1,0,0
0,0,0,2009013,0,0,0,0,0,0,-65.009,96.1126,1,0,0
0,0,0,2009014,0,0,0,0,0,0,-64.9862,96.071,1,0,0
0,0,0,2009015,0,0,0,0,0,0,-64.9841,96.1529,1,0,0
0,0,0,2009016,0,0,0,0,0,0,-64.97,96.1503,1,0,0
0,0,0,2009017,0,0,0,0,0,0,-64.9546,96.0544,1,0,0
0,0,0,2009018,0,0,0,0,0,0,-64.972,96.0209,1,0,0
0,0,0,2009019,0,0,0,0,0,0,-64.972,96.0209,1,0,0
0,0,0,2009020,0,0,0,0,0,0,-64.9481,96.042,1,0,0
0,0,0,2009021,0,0,0,0,0,0,-64.9335,96.0849,1,0,0
0,0,0,2009022,0,0,0,0,0,0,-64.938,96.0221,1,0,0
0,0,0,2009023,0,0,0,0,0,0,-64.9459,96.0047,1,0,0
0,0,0,2009024,0,0,0,0,0,0,-64.9553,95.9518,1,0,0
0,0,0,2009025,0,0,0,0,0,0,-64.9682,95.9453,1,0,0
0,0,0,2009026,0,0,0,0,0,0,-64.9463,95.9583,1,0,0
0,0,0,2009027,0,0,0,0,0,0,-64.962,95.9621,1,0,0
0,0,0,2009028,0,0,0,0,0,0,-64.9698,95.9088,1,0,0
0,0,0,2009029,0,0,0,0,0,0,-64.9546,95.9322,1,0,0
0,0,0,2009030,0,0,0,0,0,0,-64.9546,95.9322,1,0,0
0,0,0,2009031,0,0,0,0,0,0,-64.9413,95.9105,1,0,0
0,0,0,2009032,0,0,0,0,0,0,-64.9632,95.9343,1,0,0
0,0,0,2009033,0,0,0,0,0,0,-64.9632,95.9343,1,0,0
0,0,0,2009034,0,0,0,0,0,0,-64.9584,96.0067,1,0,0
0,0,0,2009035,0,0,0,0,0,0,-64.9662,95.9913,1,0,0
0,0,0,2009036,0,0,0,0,0,0,-64.9662,95.9913,1,0,0
0,0,0,2009037,0,0,0,0,0,0,-64.9662,95.9913,1,0,0
0,0,0,2009038,0,0,0,0,0,0,-64.9749,95.9566,1,0,0
0,0,0,2009039,0,0,0,0,0,0,-64.9588,95.9613,1,0,0
0,0,0,2009040,0,0,0,0,0,0,-64.9463,95.9583,1,0,0
0,0,0,2009041,0,0,0,0,0,0,-64.9417,95.9387,1,0,0
0,0,0,2009042,0,0,0,0,0,0,-64.9347,95.937,1,0,0
0,0,0,2009043,0,0,0,0,0,0,-64.9003,95.9102,1,0,0
0,0,0,2009044,0,0,0,0,0,0,-64.9445,95.9481,1,0,0
0,0,0,2009045,0,0,0,0,0,0,-64.9682,95.9821,1,0,0
0,0,0,2009046,0,0,0,0,0,0,-64.9666,95.9817,1,0,0
0,0,0,2009047,0,0,0,0,0,0,-64.9604,95.9617,1,0,0
0,0,0,2009048,0,0,0,0,0,0,-64.9596,95.9799,1,0,0
0,0,0,2009049,0,0,0,0,0,0,-64.9385,95.9747,1,0,0
0,0,0,2009050,0,0,0,0,0,0,-64.926,95.9716,1,0,0
0,0,0,2009051,0,0,0,0,0,0,-64.9268,95.9902,1,0,0
0,0,0,2009052,0,0,0,0,0,0,-64.928,95.9635,1,0,0
0,0,0,2009053,0,0,0,0,0,0,-64.9347,95.9738,1,0,0
0,0,0,2009054,0,0,0,0,0,0,-64.933,95.9734,1,0,0
0,0,0,2009055,0,0,0,0,0,0,-64.9425,95.9206,1,0,0
0,0,0,2009056,0,0,0,0,0,0,-64.95,95.9127,1,0,0
0,0,0,2009057,0,0,0,0,0,0,-64.9429,95.9109,1,0,0
0,0,0,2009058,0,0,0,0,0,0,-64.9429,95.9109,1,0,0
0,0,0,2009059,0,0,0,0,0,0,-64.9429,95.9109,1,0,0
0,0,0,2009060,0,0,0,0,0,0,-64.9421,95.9291,1,0,0
0,0,0,2009061,0,0,0,0,0,0,-64.9405,95.9655,1,0,0
0,0,0,2009062,0,0,0,0,0,0,-64.9417,95.9387,1,0,0
0,0,0,2009063,0,0,0,0,0,0,-64.9409,95.9569,1,0,0
0,0,0,2009064,0,0,0,0,0,0,-64.9409,95.9569,1,0,0
0,0,0,2009065,0,0,0,0,0,0,-64.9409,95.9569,1,0,0
0,0,0,2009066,0,0,0,0,0,0,-64.9409,95.9569,1,0,0
0,0,0,2009067,0,0,0,0,0,0,-64.962,95.9621,1,0,0
0,0,0,2009068,0,0,0,0,0,0,-64.9807,95.9852,1,0,0
0,0,0,2009069,0,0,0,0,0,0,-64.9807,95.9852,1,0,0
0,0,0,2009070,0,0,0,0,0,0,-64.9807,95.9852,1,0,0
0,0,0,2009071,0,0,0,0,0,0,-64.9658,95.9631,1,0,0
0,0,0,2009072,0,0,0,0,0,0,-64.9674,95.9635,1,0,0
0,0,0,2009073,0,0,0,0,0,0,-64.9534,95.96,1,0,0
0,0,0,2009074,0,0,0,0,0,0,-64.9534,95.96,1,0,0
0,0,0,2009075,0,0,0,0,0,0,-64.9471,95.9401,1,0,0
0,0,0,2009076,0,0,0,0,0,0,-64.955,95.9604,1,0,0
0,0,0,2009077,0,0,0,0,0,0,-64.9682,95.9453,1,0,0
0,0,0,2009078,0,0,0,0,0,0,-64.9682,95.9453,1,0,0
0,0,0,2009079,0,0,0,0,0,0,-64.9815,95.9669,1,0,0
0,0,0,2009080,0,0,0,0,0,0,-64.9729,95.9648,1,0,0
0,0,0,2009081,0,0,0,0,0,0,-64.9729,95.9648,1,0,0
0,0,0,2009082,0,0,0,0,0,0,-64.9729,95.9648,1,0,0
0,0,0,2009083,0,0,0,0,0,0,-64.9869,95.9683,1,0,0
0,0,0,2009084,0,0,0,0,0,0,-64.9674,95.9267,1,0,0
0,0,0,2009085,0,0,0,0,0,0,-64.9475,95.9305,1,0,0
0,0,0,2009086,0,0,0,0,0,0,-64.9578,95.8962,1,0,0
0,0,0,2009087,0,0,0,0,0,0,-64.9578,95.8962,1,0,0
0,0,0,2009088,0,0,0,0,0,0,-64.9562,95.8958,1,0,0
0,0,0,2009089,0,0,0,0,0,0,-64.9624,95.9157,1,0,0
0,0,0,2009090,0,0,0,0,0,0,-64.9624,95.9157,1,0,0
0,0,0,2009091,0,0,0,0,0,0,-64.9632,95.8975,1,0,0
0,0,0,2009092,0,0,0,0,0,0,-64.9632,95.8975,1,0,0
0,0,0,2009093,0,0,0,0,0,0,-64.9624,95.9157,1,0,0
0,0,0,2009094,0,0,0,0,0,0,-64.9624,95.9157,1,0,0
0,0,0,2009095,0,0,0,0,0,0,-64.9695,95.9174,1,0,0
0,0,0,2009096,0,0,0,0,0,0,-64.9616,95.9339,1,0,0
0,0,0,2009097,0,0,0,0,0,0,-64.9475,95.9305,1,0,0
0,0,0,2009098,0,0,0,0,0,0,-64.9632,95.9343,1,0,0
0,0,0,2009099,0,0,0,0,0,0,-64.9703,95.8992,1,0,0
0,0,0,2009100,0,0,0,0,0,0,-64.964,95.8793,1,0,0
0,0,0,2009101,0,0,0,0,0,0,-64.9558,95.9044,1,0,0
0,0,0,2009102,0,0,0,0,0,0,-64.9429,95.8742,1,0,0
0,0,0,2009103,0,0,0,0,0,0,-64.9449,95.8649,1,0,0
0,0,0,2009104,0,0,0,0,0,0,-64.9528,95.8484,1,0,0
0,0,0,2009105,0,0,0,0,0,0,-64.9629,95.9429,1,0,0
0,0,0,2009106,0,0,0,0,0,0,-64.9714,95.8724,1,0,0
0,0,0,2009107,0,0,0,0,0,0,-64.9496,95.8845,1,0,0
0,0,0,2009108,0,0,0,0,0,0,-64.9574,95.9048,1,0,0
0,0,0,2009109,0,0,0,0,0,0,-64.9429,95.8742,1,0,0
0,0,0,2009110,0,0,0,0,0,0,-64.9371,95.8814,1,0,0
0,0,0,2009111,0,0,0,0,0,0,-64.9425,95.9195,1,0,0
0,0,0,2009112,0,0,0,0,0,0,-64.9492,95.9309,1,0,0
0,0,0,2009113,0,0,0,0,0,0,-64.9484,95.949,1,0,0
0,0,0,2009114,0,0,0,0,0,0,-64.9484,95.949,1,0,0
0,0,0,2009115,0,0,0,0,0,0,-64.9534,95.9968,1,0,0
0,0,0,2009116,0,0,0,0,0,0,-64.931,95.9826,1,0,0
0,0,0,2009117,0,0,0,0,0,0,-64.9413,95.9484,1,0,0
0,0,0,2009118,0,0,0,0,0,0,-64.9338,95.9552,1,0,0
0,0,0,2009119,0,0,0,0,0,0,-64.9471,95.9769,1,0,0
0,0,0,2009120,0,0,0,0,0,0,-64.9471,95.9769,1,0,0
0,0,0,2009121,0,0,0,0,0,0,-64.9401,95.9751,1,0,0
0,0,0,2009122,0,0,0,0,0,0,-64.9401,95.9751,1,0,0
0,0,0,2009123,0,0,0,0,0,0,-64.9401,95.9751,1,0,0
0,0,0,2009124,0,0,0,0,0,0,-64.9479,95.9587,1,0,0
0,0,0,2009125,0,0,0,0,0,0,-64.9338,95.9552,1,0,0
0,0,0,2009126,0,0,0,0,0,0,-64.9338,95.9552,1,0,0
0,0,0,2009127,0,0,0,0,0,0,-64.955,95.9604,1,0,0
0,0,0,2009128,0,0,0,0,0,0,-64.9612,95.9435,1,0,0
0,0,0,2009129,0,0,0,0,0,0,-64.9698,95.9088,1,0,0
0,0,0,2009130,0,0,0,0,0,0,-64.9698,95.9088,1,0,0
0,0,0,2009131,0,0,0,0,0,0,-64.9687,95.9356,1,0,0
0,0,0,2009132,0,0,0,0,0,0,-64.9554,95.914,1,0,0
0,0,0,2009133,0,0,0,0,0,0,-64.9711,95.881,1,0,0
0,0,0,2009134,0,0,0,0,0,0,-64.9683,95.9442,1,0,0
0,0,0,2009135,0,0,0,0,0,0,-64.9612,95.9435,1,0,0
0,0,0,2009136,0,0,0,0,0,0,-64.962,95.9253,1,0,0
0,0,0,2009137,0,0,0,0,0,0,-64.9546,95.9322,1,0,0
0,0,0,2009138,0,0,0,0,0,0,-64.9397,95.9469,1,0,0
0,0,0,2009139,0,0,0,0,0,0,-64.9471,95.9769,1,0,0
0,0,0,2009140,0,0,0,0,0,0,-64.9401,95.9751,1,0,0
0,0,0,2009141,0,0,0,0,0,0,-64.955,95.9604,1,0,0
0,0,0,2009142,0,0,0,0,0,0,-64.9385,95.9747,1,0,0
0,0,0,2009143,0,0,0,0,0,0,-64.9236,96.0262,1,0,0
0,0,0,2009144,0,0,0,0,0,0,-64.9503,95.9419,1,0,0
0,0,0,2009145,0,0,0,0,0,0,-64.9363,95.9007,1,0,0
0,0,0,2009146,0,0,0,0,0,0,-64.9363,95.9007,1,0,0
0,0,0,2009147,0,0,0,0,0,0,-64.9363,95.9007,1,0,0
0,0,0,2009148,0,0,0,0,0,0,-64.9363,95.9007,1,0,0
0,0,0,2009149,0,0,0,0,0,0,-64.9363,95.9007,1,0,0
0,0,0,2009150,0,0,0,0,0,0,-64.9363,95.9007,1,0,0
0,0,0,2009151,0,0,0,0,0,0,-64.9363,95.9007,1,0,0
0,0,0,2009152,0,0,0,0,0,0,-64.9656,95.8797,1,0,0
0,0,0,2009153,0,0,0,0,0,0,-64.9542,95.9408,1,0,0
0,0,0,2009154,0,0,0,0,0,0,-64.9542,95.9408,1,0,0
0,0,0,2009155,0,0,0,0,0,0,-64.9542,95.9408,1,0,0
0,0,0,2009156,0,0,0,0,0,0,-64.9542,95.9408,1,0,0
0,0,0,2009157,0,0,0,0,0,0,-64.9542,95.9408,1,0,0
0,0,0,2009158,0,0,0,0,0,0,-64.9542,95.9408,1,0,0
0,0,0,2009159,0,0,0,0,0,0,-64.9542,95.9408,1,0,0
0,0,0,2009160,0,0,0,0,0,0,-64.9542,95.9408,1,0,0
0,0,0,2009161,0,0,0,0,0,0,-64.9636,95.8889,1,0,0
0,0,0,2009162,0,0,0,0,0,0,-64.9542,95.9408,1,0,0
0,0,0,2009163,0,0,0,0,0,0,-64.9988,95.8975,1,0,0
0,0,0,2009164,0,0,0,0,0,0,-64.9988,95.8975,1,0,0
0,0,0,2009165,0,0,0,0,0,0,-64.9862,95.9486,1,0,0
0,0,0,2009166,0,0,0,0,0,0,-64.9862,95.9486,1,0,0
0,0,0,2009167,0,0,0,0,0,0,-64.9862,95.9486,1,0,0
0,0,0,2009168,0,0,0,0,0,0,-64.9729,95.9648,1,0,0
0,0,0,2009169,0,0,0,0,0,0,-64.9729,95.9648,1,0,0
0,0,0,2009170,0,0,0,0,0,0,-64.9729,95.9648,1,0,0
0,0,0,2009171,0,0,0,0,0,0,-64.9729,95.9648,1,0,0
0,0,0,2009172,0,0,0,0,0,0,-64.9729,95.9648,1,0,0
0,0,0,2009173,0,0,0,0,0,0,-64.9729,95.9648,1,0,0
0,0,0,2009174,0,0,0,0,0,0,-64.9729,95.9648,1,0,0
0,0,0,2009175,0,0,0,0,0,0,-64.9729,95.9648,1,0,0
0,0,0,2009176,0,0,0,0,0,0,-64.9729,95.9648,1,0,0
0,0,0,2009177,0,0,0,0,0,0,-64.9729,95.9648,1,0,0
0,0,0,2009178,0,0,0,0,0,0,-64.9729,95.9648,1,0,0
0,0,0,2009179,0,0,0,0,0,0,-64.9729,95.9648,1,0,0
0,0,0,2009180,0,0,0,0,0,0,-64.9729,95.9648,1,0,0
0,0,0,2009181,0,0,0,0,0,0,-64.9729,95.9648,1,0,0
0,0,0,2009182,0,0,0,0,0,0,-64.9729,95.9648,1,0,0
0,0,0,2009183,0,0,0,0,0,0,-64.965,95.9813,1,0,0
0,0,0,2009184,0,0,0,0,0,0,-64.965,95.9813,1,0,0
0,0,0,2009185,0,0,0,0,0,0,-64.965,95.9813,1,0,0
0,0,0,2009186,0,0,0,0,0,0,-64.965,95.9813,1,0,0
0,0,0,2009187,0,0,0,0,0,0,-64.965,95.9813,1,0,0
0,0,0,2009188,0,0,0,0,0,0,-64.965,95.9813,1,0,0
0,0,0,2009189,0,0,0,0,0,0,-64.965,95.9813,1,0,0
0,0,0,2009190,0,0,0,0,0,0,-64.965,95.9813,1,0,0
0,0,0,2009191,0,0,0,0,0,0,-64.965,95.9813,1,0,0
0,0,0,2009192,0,0,0,0,0,0,-64.965,95.9813,1,0,0
0,0,0,2009193,0,0,0,0,0,0,-64.965,95.9813,1,0,0
0,0,0,2009194,0,0,0,0,0,0,-64.965,95.9813,1,0,0
0,0,0,2009195,0,0,0,0,0,0,-64.965,95.9813,1,0,0
0,0,0,2009196,0,0,0,0,0,0,-64.965,95.9813,1,0,0
0,0,0,2009197,0,0,0,0,0,0,-64.965,95.9813,1,0,0
0,0,0,2009198,0,0,0,0,0,0,-64.965,95.9813,1,0,0
0,0,0,2009199,0,0,0,0,0,0,-64.965,95.9813,1,0,0
0,0,0,2009200,0,0,0,0,0,0,-64.955,95.9236,1,0,0
0,0,0,2009201,0,0,0,0,0,0,-64.955,95.9236,1,0,0
0,0,0,2009202,0,0,0,0,0,0,-64.955,95.9236,1,0,0
0,0,0,2009203,0,0,0,0,0,0,-64.955,95.9236,1,0,0
0,0,0,2009204,0,0,0,0,0,0,-64.955,95.9236,1,0,0
0,0,0,2009205,0,0,0,0,0,0,-64.955,95.9236,1,0,0
0,0,0,2009206,0,0,0,0,0,0,-64.955,95.9236,1,0,0
0,0,0,2009207,0,0,0,0,0,0,-64.955,95.9236,1,0,0
0,0,0,2009208,0,0,0,0,0,0,-64.955,95.9236,1,0,0
0,0,0,2009209,0,0,0,0,0,0,-64.955,95.9236,1,0,0
0,0,0,2009210,0,0,0,0,0,0,-64.955,95.9236,1,0,0
0,0,0,2009211,0,0,0,0,0,0,-64.955,95.9236,1,0,0
0,0,0,2009212,0,0,0,0,0,0,-64.9687,95.9356,1,0,0
0,0,0,2009213,0,0,0,0,0,0,-64.9687,95.9356,1,0,0
0,0,0,2009214,0,0,0,0,0,0,-64.9687,95.9356,1,0,0
0,0,0,2009215,0,0,0,0,0,0,-64.9687,95.9356,1,0,0
0,0,0,2009216,0,0,0,0,0,0,-64.9687,95.9356,1,0,0
0,0,0,2009217,0,0,0,0,0,0,-64.9687,95.9356,1,0,0
0,0,0,2009218,0,0,0,0,0,0,-64.9687,95.9356,1,0,0
0,0,0,2009219,0,0,0,0,0,0,-64.9687,95.9356,1,0,0
0,0,0,2009220,0,0,0,0,0,0,-64.9687,95.9356,1,0,0
0,0,0,2009221,0,0,0,0,0,0,-64.9687,95.9356,1,0,0
0,0,0,2009222,0,0,0,0,0,0,-64.9687,95.9356,1,0,0
0,0,0,2009223,0,0,0,0,0,0,-64.9687,95.9356,1,0,0
0,0,0,2009224,0,0,0,0,0,0,-64.9687,95.9356,1,0,0
0,0,0,2009225,0,0,0,0,0,0,-64.9687,95.9356,1,0,0
0,0,0,2009226,0,0,0,0,0,0,-64.9687,95.9356,1,0,0
0,0,0,2009227,0,0,0,0,0,0,-64.9687,95.9356,1,0,0
0,0,0,2009228,0,0,0,0,0,0,-64.9687,95.9356,1,0,0
0,0,0,2009229,0,0,0,0,0,0,-64.9687,95.9356,1,0,0
0,0,0,2009230,0,0,0,0,0,0,-64.9687,95.9356,1,0,0
0,0,0,2009231,0,0,0,0,0,0,-64.9687,95.9356,1,0,0
0,0,0,2009232,0,0,0,0,0,0,-64.9687,95.9356,1,0,0
0,0,0,2009233,0,0,0,0,0,0,-64.9687,95.9356,1,0,0
0,0,0,2009234,0,0,0,0,0,0,-64.9687,95.9356,1,0,0
0,0,0,2009235,0,0,0,0,0,0,-64.9687,95.9356,1,0,0
0,0,0,2009236,0,0,0,0,0,0,-64.9687,95.9356,1,0,0
0,0,0,2009237,0,0,0,0,0,0,-64.9687,95.9356,1,0,0
0,0,0,2009238,0,0,0,0,0,0,-64.9687,95.9356,1,0,0
0,0,0,2009239,0,0,0,0,0,0,-64.9687,95.9356,1,0,0
0,0,0,2009240,0,0,0,0,0,0,-64.9687,95.9356,1,0,0
0,0,0,2009241,0,0,0,0,0,0,-64.9687,95.9356,1,0,0
0,0,0,2009242,0,0,0,0,0,0,-64.9687,95.9356,1,0,0
0,0,0,2009243,0,0,0,0,0,0,-64.9687,95.9356,1,0,0
0,0,0,2009244,0,0,0,0,0,0,-64.9687,95.9356,1,0,0
0,0,0,2009245,0,0,0,0,0,0,-64.9687,95.9356,1,0,0
0,0,0,2009246,0,0,0,0,0,0,-64.9687,95.9356,1,0,0
0,0,0,2009249,0,0,0,0,0,0,-64.9687,95.9356,1,0,0
0,0,0,2009250,0,0,0,0,0,0,-64.9687,95.9356,1,0,0
0,0,0,2009251,0,0,0,0,0,0,-64.9687,95.9356,1,0,0
0,0,0,2009252,0,0,0,0,0,0,-64.9687,95.9356,1,0,0
0,0,0,2009253,0,0,0,0,0,0,-64.9687,95.9356,1,0,0
0,0,0,2009254,0,0,0,0,0,0,-64.9687,95.9356,1,0,0
0,0,0,2009255,0,0,0,0,0,0,-64.9687,95.9356,1,0,0
0,0,0,2009256,0,0,0,0,0,0,-64.9687,95.9356,1,0,0
0,0,0,2009257,0,0,0,0,0,0,-64.9687,95.9356,1,0,0
0,0,0,2009258,0,0,0,0,0,0,-64.9687,95.9356,1,0,0
0,0,0,2009259,0,0,0,0,0,0,-64.9687,95.9356,1,0,0
0,0,0,2009260,0,0,0,0,0,0,-64.9687,95.9356,1,0,0
0,0,0,2009261,0,0,0,0,0,0,-64.9687,95.9356,1,0,0
0,0,0,2009262,0,0,0,0,0,0,-64.9687,95.9356,1,0,0
0,0,0,2009263,0,0,0,0,0,0,-64.9687,95.9356,1,0,0
0,0,0,2009264,0,0,0,0,0,0,-64.9687,95.9356,1,0,0
0,0,0,2009265,0,0,0,0,0,0,-64.9687,95.9356,1,0,0
0,0,0,2009266,0,0,0,0,0,0,-64.9687,95.9356,1,0,0
0,0,0,2009267,0,0,0,0,0,0,-64.9687,95.9356,1,0,0
0,0,0,2009268,0,0,0,0,0,0,-64.9687,95.9356,1,0,0
0,0,0,2009269,0,0,0,0,0,0,-64.9687,95.9356,1,0,0
0,0,0,2009270,0,0,0,0,0,0,-64.9687,95.9356,1,0,0
0,0,0,2009271,0,0,0,0,0,0,-64.9687,95.9356,1,0,0
0,0,0,2009272,0,0,0,0,0,0,-64.9687,95.9356,1,0,0
0,0,0,2009273,0,0,0,0,0,0,-64.9687,95.9356,1,0,0
0,0,0,2009274,0,0,0,0,0,0,-64.9687,95.9356,1,0,0
0,0,0,2009275,0,0,0,0,0,0,-64.9687,95.9356,1,0,0
0,0,0,2009276,0,0,0,0,0,0,-64.9687,95.9356,1,0,0
0,0,0,2009277,0,0,0,0,0,0,-64.9687,95.9356,1,0,0
0,0,0,2009278,0,0,0,0,0,0,-64.9687,95.9356,1,0,0
0,0,0,2009279,0,0,0,0,0,0,-64.9687,95.9356,1,0,0
0,0,0,2009280,0,0,0,0,0,0,-64.9687,95.9356,1,0,0
0,0,0,2009281,0,0,0,0,0,0,-64.9687,95.9356,1,0,0
0,0,0,2009282,0,0,0,0,0,0,-64.9687,95.9356,1,0,0
0,0,0,2009283,0,0,0,0,0,0,-64.9687,95.9356,1,0,0
0,0,0,2009284,0,0,0,0,0,0,-64.9687,95.9356,1,0,0
0,0,0,2009285,0,0,0,0,0,0,-64.9687,95.9356,1,0,0
0,0,0,2009286,0,0,0,0,0,0,-64.9687,95.9356,1,0,0
0,0,0,2009287,0,0,0,0,0,0,-64.9687,95.9356,1,0,0
0,0,0,2009288,0,0,0,0,0,0,-64.9687,95.9356,1,0,0
0,0,0,2009289,0,0,0,0,0,0,-64.9687,95.9356,1,0,0
0,0,0,2009290,0,0,0,0,0,0,-64.9687,95.9356,1,0,0
0,0,0,2009291,0,0,0,0,0,0,-64.9687,95.9356,1,0,0
0,0,0,2009292,0,0,0,0,0,0,-64.9687,95.9356,1,0,0
0,0,0,2009293,0,0,0,0,0,0,-64.9687,95.9356,1,0,0
0,0,0,2009294,0,0,0,0,0,0,-64.9687,95.9356,1,0,0
0,0,0,2009295,0,0,0,0,0,0,-64.9687,95.9356,1,0,0
0,0,0,2009296,0,0,0,0,0,0,-64.9687,95.9356,1,0,0
0,0,0,2009297,0,0,0,0,0,0,-64.9687,95.9356,1,0,0
0,0,0,2009298,0,0,0,0,0,0,-64.9687,95.9356,1,0,0
0,0,0,2009299,0,0,0,0,0,0,-64.9687,95.9356,1,0,0
0,0,0,2009300,0,0,0,0,0,0,-64.9687,95.9356,1,0,0
0,0,0,2009301,0,0,0,0,0,0,-64.9687,95.9356,1,0,0
0,0,0,2009302,0,0,0,0,0,0,-64.9687,95.9356,1,0,0
0,0,0,2009303,0,0,0,0,0,0,-64.9687,95.9356,1,0,0
0,0,0,2009304,0,0,0,0,0,0,-64.9687,95.9356,1,0,0
0,0,0,2009305,0,0,0,0,0,0,-64.9687,95.9356,1,0,0
0,0,0,2009306,0,0,0,0,0,0,-64.9687,95.9356,1,0,0
0,0,0,2009307,0,0,0,0,0,0,-64.9687,95.9356,1,0,0
0,0,0,2009308,0,0,0,0,0,0,-64.9687,95.9356,1,0,0
0,0,0,2009309,0,0,0,0,0,0,-64.9687,95.9356,1,0,0
0,0,0,2009310,0,0,0,0,0,0,-64.9687,95.9356,1,0,0
0,0,0,2009311,0,0,0,0,0,0,-64.9687,95.9356,1,0,0
0,0,0,2009312,0,0,0,0,0,0,-64.9687,95.9356,1,0,0
0,0,0,2009313,0,0,0,0,0,0,-64.9687,95.9356,1,0,0
0,0,0,2009314,0,0,0,0,0,0,-64.9687,95.9356,1,0,0
0,0,0,2009315,0,0,0,0,0,0,-64.9687,95.9356,1,0,0
0,0,0,2009316,0,0,0,0,0,0,-64.9687,95.9356,1,0,0
0,0,0,2009317,0,0,0,0,0,0,-64.9687,95.9356,1,0,0
0,0,0,2009318,0,0,0,0,0,0,-64.9687,95.9356,1,0,0
0,0,0,2009319,0,0,0,0,0,0,-64.9687,95.9356,1,0,0
0,0,0,2009320,0,0,0,0,0,0,-64.9687,95.9356,1,0,0
0,0,0,2009321,0,0,0,0,0,0,-64.9687,95.9356,1,0,0
0,0,0,2009322,0,0,0,0,0,0,-64.9687,95.9356,1,0,0
0,0,0,2009323,0,0,0,0,0,0,-64.9687,95.9356,1,0,0
0,0,0,2009324,0,0,0,0,0,0,-64.9687,95.9356,1,0,0
0,0,0,2009325,0,0,0,0,0,0,-64.9687,95.9356,1,0,0
0,0,0,2009326,0,0,0,0,0,0,-64.9687,95.9356,1,0,0
0,0,0,2009327,0,0,0,0,0,0,-64.9687,95.9356,1,0,0
0,0,0,2010024,-64.98,95.92,1,0,0,0,0,0,0,13,12
0,0,0,2010031,-64.98,95.92,1,0,0,0,0,0,0,13,12
0,0,0,2010038,-64.98,95.92,1,0,0,0,0,0,0,13,12
0,0,0,2010045,-64.98,95.92,1,0,0,0,0,0,0,13,12
0,0,0,2010052,-64.98,95.92,1,0,0,0,0,0,0,13,12
0,0,0,2010059,-64.98,95.92,1,0,0,0,0,0,0,13,12
0,0,0,2010066,-64.98,95.92,1,0,0,0,0,0,0,13,12
0,0,0,2010073,-64.98,95.92,1,0,0,0,0,0,0,13,12
0,0,0,2010080,-64.98,95.92,1,0,0,0,0,0,0,13,12
0,0,0,2010087,-64.98,95.92,1,0,0,0,0,0,0,13,12
0,0,0,2010094,-64.98,95.92,1,0,0,0,0,0,0,13,12
0,0,0,2010101,-64.98,95.92,1,0,0,0,0,0,0,13,12
0,0,0,2010108,-64.98,95.92,1,0,0,0,0,0,0,13,12
0,0,0,2010115,-64.98,95.92,1,0,0,0,0,0,0,13,12
0,0,0,2010122,-64.98,95.92,1,0,0,0,0,0,0,13,12
0,0,0,2010129,-64.98,95.92,1,0,0,0,0,0,0,13,12
0,0,0,2010136,-64.98,95.92,1,0,0,0,0,0,0,13,12
0,0,0,2010143,-64.98,95.92,1,0,0,0,0,0,0,13,12
0,0,0,2010150,-64.98,95.92,1,0,0,0,0,0,0,13,12
0,0,0,2010157,-64.98,95.92,1,0,0,0,0,0,0,13,12
0,0,0,2010164,-64.98,95.92,1,0,0,0,0,0,0,13,12
0,0,0,2010171,-64.98,95.92,1,0,0,0,0,0,0,13,12
0,0,0,2010178,-64.98,95.92,1,0,0,0,0,0,0,13,12
0,0,0,2010185,-64.98,95.92,1,0,0,0,0,0,0,13,12
0,0,0,2010192,-64.98,95.92,1,0,0,0,0,0,0,13,12
0,0,0,2010199,-64.98,95.92,1,0,0,0,0,0,0,13,12
0,0,0,2010206,-64.98,95.92,1,0,0,0,0,0,0,13,12
0,0,0,2010213,-64.98,95.92,1,0,0,0,0,0,0,13,12
0,0,0,2010220,-64.98,95.92,1,0,0,0,0,0,0,13,12
0,0,0,2010227,-64.98,95.92,1,0,0,0,0,0,0,13,12
0,0,0,2010234,-64.98,95.92,1,0,0,0,0,0,0,13,12
0,0,0,2010241,-64.98,95.92,1,0,0,0,0,0,0,13,12
0,0,0,2010248,-64.98,95.92,1,0,0,0,0,0,0,13,12
0,0,0,2010255,-64.98,95.92,1,0,0,0,0,0,0,13,12
0,0,0,2010262,-64.98,95.92,1,0,0,0,0,0,0,13,12
0,0,0,2010269,-64.98,95.92,1,0,0,0,0,0,0,13,12
0,0,0,2010276,-64.98,95.92,1,0,0,0,0,0,0,13,12
0,0,0,2010283,-64.98,95.92,1,0,0,0,0,0,0,13,12
0,0,0,2010290,-64.98,95.92,1,0,0,0,0,0,0,13,12
0,0,0,2010297,-64.98,95.92,1,0,0,0,0,0,0,13,12
0,0,0,2010304,-64.98,95.92,1,0,0,0,0,0,0,13,12
0,0,0,2010311,-64.98,95.92,1,0,0,0,0,0,0,13,12
0,0,0,2010318,-65,95.92,1,0,0,0,0,0,0,13,9
0,0,0,2010325,-65,95.92,1,0,0,0,0,0,0,13,9
0,0,0,2010332,-65,95.92,1,0,0,0,0,0,0,13,9
0,0,0,2010339,-65,95.92,1,0,0,0,0,0,0,13,9
0,0,0,2010346,-65,95.92,1,0,0,0,0,0,0,13,9
0,0,0,2010353,-65,95.92,1,0,0,0,0,0,0,13,9
0,0,0,2010360,-65,95.92,1,0,0,0,0,0,0,13,9
0,0,0,2011002,-65,95.92,1,0,0,0,0,0,0,13,9
0,0,0,2011009,-65,95.92,1,0,0,0,0,0,0,13,9
0,0,0,2011016,-65,95.92,1,0,0,0,0,0,0,13,9
0,0,0,2011023,-65,95.92,1,0,0,0,0,0,0,13,9
0,0,0,2011030,-65,95.92,1,0,0,0,0,0,0,13,9
0,0,0,2011037,-65,95.92,1,0,0,0,0,0,0,13,9
0,0,0,2011044,-65,95.92,1,0,0,0,0,0,0,13,9
0,0,0,2011051,-65,95.92,1,0,0,0,0,0,0,13,9
0,0,0,2011058,-65,95.92,1,0,0,0,0,0,0,13,9
0,0,0,2011065,-65,95.92,1,0,0,0,0,0,0,13,9
0,0,0,2011072,-65,95.92,1,0,0,0,0,0,0,13,9
0,0,0,2011079,-65,95.92,1,0,0,0,0,0,0,13,9
0,0,0,2011086,-65,96.53,1,0,0,0,0,0,0,13,9
0,0,0,2011093,-65,96.53,1,0,0,0,0,0,0,13,9
0,0,0,2011107,-65,95.92,1,0,0,0,0,0,0,13,8
0,0,0,2011114,-65,95.91,1,0,0,0,0,0,0,13,8
0,0,0,2011121,-65,95.91,1,0,0,0,0,0,0,13,8
0,0,0,2011128,-65,95.91,1,0,0,0,0,0,0,13,8
0,0,0,2011135,-65,95.91,1,0,0,0,0,0,0,13,8
0,0,0,2011142,-65,95.91,1,0,0,0,0,0,0,13,8
0,0,0,2011149,-65,95.91,1,0,0,0,0,0,0,13,8
0,0,0,2011156,-65,95.91,1,0,0,0,0,0,0,13,8
0,0,0,2011163,-65,95.91,1,0,0,0,0,0,0,13,8
0,0,0,2011170,-65,95.91,1,0,0,0,0,0,0,13,8
0,0,0,2011177,-65,95.91,1,0,0,0,0,0,0,13,8
0,0,0,2011184,-65,95.91,1,0,0,0,0,0,0,13,8
0,0,0,2011191,-65,95.91,1,0,0,0,0,0,0,13,8
0,0,0,2011198,-65,95.91,1,0,0,0,0,0,0,13,8
0,0,0,2011205,-65,95.91,1,0,0,0,0,0,0,13,8
0,0,0,2011212,-65,95.91,1,0,0,0,0,0,0,13,8
0,0,0,2011219,-65,95.91,1,0,0,0,0,0,0,13,8
0,0,0,2011226,-65,95.91,1,0,0,0,0,0,0,13,8
0,0,0,2011233,-65,95.91,1,0,0,0,0,0,0,13,8
0,0,0,2011240,-65,95.91,1,0,0,0,0,0,0,13,8
-64.9955,96.18,1,2011242,0,0,0,-64.9955,96.18,1,0,0,0,0,0
-65.0551,95.9423,1,2011243,0,0,0,-65.0551,95.9423,1,0,0,0,0,0
0,0,0,2011247,-65,95.91,1,0,0,0,0,0,0,13,8
-64.9777,96.1211,1,2011250,0,0,0,-64.9777,96.1211,1,0,0,0,0,0
-64.9777,96.1211,1,2011251,0,0,0,-64.9777,96.1211,1,0,0,0,0,0
-65.0146,95.9637,1,2011252,0,0,0,-65.0146,95.9637,1,0,0,0,0,0
-65.0146,95.9637,1,2011253,0,0,0,-65.0146,95.9637,1,0,0,0,0,0
-65.0146,95.9637,1,2011254,-65,95.91,1,-65.0146,95.9637,1,0,0,0,13,8
-65.0146,95.9637,1,2011255,0,0,0,-65.0146,95.9637,1,0,0,0,0,0
-65.0146,95.9637,1,2011256,0,0,0,-65.0146,95.9637,1,0,0,0,0,0
-64.9974,95.9028,1,2011257,0,0,0,-64.9974,95.9028,1,0,0,0,0,0
-64.9974,95.9028,1,2011258,0,0,0,-64.9974,95.9028,1,0,0,0,0,0
-64.9763,95.934,1,2011259,0,0,0,-64.9763,95.934,1,0,0,0,0,0
-64.9825,96.0185,1,2011260,0,0,0,-64.9825,96.0185,1,0,0,0,0,0
-64.9821,96.0286,1,2011261,-65,95.91,1,-64.9821,96.0286,1,0,0,0,13,8
-64.9793,96.0901,1,2011262,0,0,0,-64.9793,96.0901,1,0,0,0,0,0
-64.996,95.9384,1,2011263,0,0,0,-64.996,95.9384,1,0,0,0,0,0
-64.9834,95.998,1,2011264,0,0,0,-64.9834,95.998,1,0,0,0,0,0
-65.0016,96.0335,1,2011265,0,0,0,-65.0016,96.0335,1,0,0,0,0,0
-65.015,95.9537,1,2011266,0,0,0,-65.015,95.9537,1,0,0,0,0,0
-64.9974,95.9028,1,2011267,0,0,0,-64.9974,95.9028,1,0,0,0,0,0
-64.9861,95.9364,1,2011268,-65,95.91,1,-64.9861,95.9364,1,0,0,0,13,8
-64.9773,95.9135,1,2011269,0,0,0,-64.9773,95.9135,1,0,0,0,0,0
-64.9532,96.0113,1,2011270,0,0,0,-64.9532,96.0113,1,0,0,0,0,0
-64.9644,95.9827,1,2011271,0,0,0,-64.9644,95.9827,1,0,0,0,0,0
-64.9451,95.9729,1,2011272,0,0,0,-64.9451,95.9729,1,0,0,0,0,0
-64.9496,95.8704,1,2011273,0,0,0,-64.9496,95.8704,1,0,0,0,0,0
-64.918,95.9147,1,2011274,0,0,0,-64.918,95.9147,1,0,0,0,0,0
-64.9597,95.8678,1,2011275,-65,95.91,1,-64.9597,95.8678,1,0,0,0,13,8
-64.9376,95.9195,1,2011276,0,0,0,-64.9376,95.9195,1,0,0,0,0,0
-64.949,95.8859,1,2011277,0,0,0,-64.949,95.8859,1,0,0,0,0,0
-64.9358,95.9604,1,2011278,0,0,0,-64.9358,95.9604,1,0,0,0,0,0
-64.9674,95.9162,1,2011279,0,0,0,-64.9674,95.9162,1,0,0,0,0,0
-64.9719,96.0366,1,2011280,0,0,0,-64.9719,96.0366,1,0,0,0,0,0
-64.9366,95.9395,1,2011281,0,0,0,-64.9366,95.9395,1,0,0,0,0,0
-64.9317,96.0524,1,2011282,-65,95.91,1,-64.9317,96.0524,1,0,0,0,13,8
-64.9376,95.919,1,2011283,0,0,0,-64.9376,95.919,1,0,0,0,0,0
-64.9472,95.9269,1,2011284,0,0,0,-64.9472,95.9269,1,0,0,0,0,0
-64.9685,95.8906,1,2011285,0,0,0,-64.9685,95.8906,1,0,0,0,0,0
-64.9562,95.9447,1,2011286,0,0,0,-64.9562,95.9447,1,0,0,0,0,0
-64.9673,95.9161,1,2011287,0,0,0,-64.9673,95.9161,1,0,0,0,0,0
-64.9523,96.0318,1,2011288,0,0,0,-64.9523,96.0318,1,0,0,0,0,0
-64.9669,95.9262,1,2011289,-64.99,95.92,1,-64.9669,95.9262,1,0,0,0,13,8
-64.9621,96.0342,1,2011290,0,0,0,-64.9621,96.0342,1,0,0,0,0,0
-64.9687,95.8851,1,2011291,0,0,0,-64.9687,95.8851,1,0,0,0,0,0
-64.94,96.0858,1,2011292,0,0,0,-64.94,96.0858,1,0,0,0,0,0
-64.9801,95.8515,1,2011293,0,0,0,-64.9801,95.8515,1,0,0,0,0,0
-64.9641,95.9882,1,2011294,0,0,0,-64.9641,95.9882,1,0,0,0,0,0
-64.9671,95.9212,1,2011295,0,0,0,-64.9671,95.9212,1,0,0,0,0,0
-64.9593,96.0957,1,2011296,-64.99,95.92,1,-64.9593,96.0957,1,0,0,0,13,8
-64.9578,95.9083,1,2011297,0,0,0,-64.9578,95.9083,1,0,0,0,0,0
-64.9435,96.0088,1,2011298,0,0,0,-64.9435,96.0088,1,0,0,0,0,0
-64.9272,95.9321,1,2011299,0,0,0,-64.9272,95.9321,1,0,0,0,0,0
-64.9513,96.0573,1,2011300,0,0,0,-64.9513,96.0573,1,0,0,0,0,0
-64.9749,95.9696,1,2011301,0,0,0,-64.9749,95.9696,1,0,0,0,0,0
-64.9548,95.9753,1,2011302,0,0,0,-64.9548,95.9753,1,0,0,0,0,0
-64.9335,96.0114,1,2011303,-64.99,95.92,1,-64.9335,96.0114,1,0,0,0,13,8
-64.9156,95.9706,1,2011304,0,0,0,-64.9156,95.9706,1,0,0,0,0,0
-64.8945,96.0017,1,2011305,0,0,0,-64.8945,96.0017,1,0,0,0,0,0
-64.9325,96.0369,1,2011306,0,0,0,-64.9325,96.0369,1,0,0,0,0,0
-64.9108,96.078,1,2011307,0,0,0,-64.9108,96.078,1,0,0,0,0,0
-64.9408,96.0699,1,2011308,-64.982,95.912,0,-64.9408,96.0699,1,0,0,0,0,0
-64.9801,96.0747,1,2011309,-64.9806,95.9106,0,-64.9801,96.0747,1,0,0,0,0,0
-64.9302,96.0829,1,2011310,-64.98,95.91,1,-64.9302,96.0829,1,0,0,0,13,8
-64.9408,96.0699,1,2011311,-64.9811,95.91,0,-64.9408,96.0699,1,0,0,0,0,0
-64.941,96.0648,1,2011312,0,0,0,-64.941,96.0648,1,0,0,0,0,0
-64.9312,96.0624,1,2011313,0,0,0,-64.9312,96.0624,1,0,0,0,0,0
-64.9312,96.0624,1,2011314,0,0,0,-64.9312,96.0624,1,0,0,0,0,0
-64.9312,96.0624,1,2011315,0,0,0,-64.9312,96.0624,1,0,0,0,0,0
-64.9312,96.0624,1,2011316,0,0,0,-64.9312,96.0624,1,0,0,0,0,0
-64.9312,96.0624,1,2011317,-65,95.91,1,-64.9312,96.0624,1,0,0,0,13,8
-64.9438,96.0034,1,2011318,0,0,0,-64.9438,96.0034,1,0,0,0,0,0
-64.9208,96.0754,1,2011319,0,0,0,-64.9208,96.0754,1,0,0,0,0,0
-64.9399,96.0904,1,2011320,0,0,0,-64.9399,96.0904,1,0,0,0,0,0
-64.9399,96.0904,1,2011321,0,0,0,-64.9399,96.0904,1,0,0,0,0,0
-64.9399,96.0904,1,2011322,0,0,0,-64.9399,96.0904,1,0,0,0,0,0
-64.9399,96.0904,1,2011323,0,0,0,-64.9399,96.0904,1,0,0,0,0,0
-64.9399,96.0904,1,2011324,-65,95.91,1,-64.9399,96.0904,1,0,0,0,13,8
-64.9399,96.0904,1,2011325,0,0,0,-64.9399,96.0904,1,0,0,0,0,0
-64.9399,96.0904,1,2011326,0,0,0,-64.9399,96.0904,1,0,0,0,0,0
-64.9399,96.0904,1,2011327,0,0,0,-64.9399,96.0904,1,0,0,0,0,0
-64.9399,96.0904,1,2011328,0,0,0,-64.9399,96.0904,1,0,0,0,0,0
-64.9399,96.0904,1,2011329,0,0,0,-64.9399,96.0904,1,0,0,0,0,0
-64.9399,96.0904,1,2011330,0,0,0,-64.9399,96.0904,1,0,0,0,0,0
-64.9399,96.0904,1,2011331,-65,95.91,1,-64.9399,96.0904,1,0,0,0,13,8
-64.9399,96.0904,1,2011332,0,0,0,-64.9399,96.0904,1,0,0,0,0,0
-64.9399,96.0904,1,2011333,0,0,0,-64.9399,96.0904,1,0,0,0,0,0
-64.9399,96.0904,1,2011334,0,0,0,-64.9399,96.0904,1,0,0,0,0,0
-64.9399,96.0904,1,2011335,0,0,0,-64.9399,96.0904,1,0,0,0,0,0
-64.9399,96.0904,1,2011336,0,0,0,-64.9399,96.0904,1,0,0,0,0,0
-64.9399,96.0904,1,2011337,0,0,0,-64.9399,96.0904,1,0,0,0,0,0
-64.9399,96.0904,1,2011338,-65,95.91,1,-64.9399,96.0904,1,0,0,0,13,8
-64.9399,96.0904,1,2011339,0,0,0,-64.9399,96.0904,1,0,0,0,0,0
-64.9399,96.0904,1,2011340,0,0,0,-64.9399,96.0904,1,0,0,0,0,0
-64.9399,96.0904,1,2011341,0,0,0,-64.9399,96.0904,1,0,0,0,0,0
-64.9399,96.0904,1,2011342,0,0,0,-64.9399,96.0904,1,0,0,0,0,0
-64.9399,96.0904,1,2011343,0,0,0,-64.9399,96.0904,1,0,0,0,0,0
-64.9399,96.0904,1,2011344,0,0,0,-64.9399,96.0904,1,0,0,0,0,0
-64.9329,96.0264,1,2011345,-65,95.91,1,-64.9329,96.0264,1,0,0,0,13,8
-64.9329,96.0264,1,2011346,0,0,0,-64.9329,96.0264,1,0,0,0,0,0
-64.9329,96.0264,1,2011347,0,0,0,-64.9329,96.0264,1,0,0,0,0,0
-64.9329,96.0264,1,2011348,0,0,0,-64.9329,96.0264,1,0,0,0,0,0
-64.9329,96.0264,1,2011349,0,0,0,-64.9329,96.0264,1,0,0,0,0,0
-64.9329,96.0264,1,2011350,0,0,0,-64.9329,96.0264,1,0,0,0,0,0
-64.9329,96.0264,1,2011351,0,0,0,-64.9329,96.0264,1,0,0,0,0,0
-64.9329,96.0264,1,2011352,-65,95.91,1,-64.9329,96.0264,1,0,0,0,13,8
-64.9329,96.0264,1,2011353,0,0,0,-64.9329,96.0264,1,0,0,0,0,0
-64.9329,96.0264,1,2011354,0,0,0,-64.9329,96.0264,1,0,0,0,0,0
-64.9926,96.0155,1,2011355,0,0,0,-64.9926,96.0155,1,0,0,0,0,0
-64.9997,96.0745,1,2011357,0,0,0,-64.9997,96.0745,1,0,0,0,0,0
-64.9977,96.1206,1,2011358,0,0,0,-64.9977,96.1206,1,0,0,0,0,0
-64.9299,96.0878,1,2011359,-65,95.91,1,-64.9299,96.0878,1,0,0,0,13,8
-64.9613,96.0543,1,2011360,0,0,0,-64.9613,96.0543,1,0,0,0,0,0
-64.9613,96.0543,1,2011361,0,0,0,-64.9613,96.0543,1,0,0,0,0,0
-64.9613,96.0543,1,2011362,0,0,0,-64.9613,96.0543,1,0,0,0,0,0
-64.9613,96.0543,1,2011363,0,0,0,-64.9613,96.0543,1,0,0,0,0,0
-64.9534,96.095,0,2011364,0,0,0,-64.9534,96.095,0,0,0,0,0,0
-64.934,96.1946,0,2011365,0,0,0,-64.934,96.1946,0,0,0,0,0,0
-64.8976,96.3808,0,2012001,-65,95.91,1,-64.8976,96.3808,0,0,0,0,13,8
-64.8782,96.4804,0,2012002,0,0,0,-64.8782,96.4804,0,0,0,0,0,0
-64.8703,96.5211,1,2012003,0,0,0,-64.8703,96.5211,1,0,0,0,0,0
-64.8905,96.4521,0,2012004,0,0,0,-64.8905,96.4521,0,0,0,0,0,0
-64.935,96.3003,0,2012005,0,0,0,-64.935,96.3003,0,0,0,0,0,0
-64.9996,96.0796,1,2012007,0,0,0,-64.9996,96.0796,1,0,0,0,0,0
-64.9996,96.0796,1,2012008,-65,95.9,1,-64.9996,96.0796,1,0,0,0,13,9
-64.9996,96.0796,1,2012009,0,0,0,-64.9996,96.0796,1,0,0,0,0,0
-65.0074,96.1231,1,2012010,0,0,0,-65.0074,96.1231,1,0,0,0,0,0
-64.9327,96.0264,1,2012011,0,0,0,-64.9327,96.0264,1,0,0,0,0,0
-64.948,96.1288,1,2012012,0,0,0,-64.948,96.1288,1,0,0,0,0,0
-64.9428,96.2412,1,2012013,0,0,0,-64.9428,96.2412,1,0,0,0,0,0
-64.9782,96.1152,1,2012014,0,0,0,-64.9782,96.1152,1,0,0,0,0,0
-64.9514,96.0518,1,2012015,-65,95.9,1,-64.9514,96.0518,1,0,0,0,13,9
-64.9535,96.0058,1,2012016,0,0,0,-64.9535,96.0058,1,0,0,0,0,0
-64.9342,95.9959,1,2012017,0,0,0,-64.9342,95.9959,1,0,0,0,0,0
-64.9449,95.9779,1,2012018,0,0,0,-64.9449,95.9779,1,0,0,0,0,0
-64.9442,95.9934,1,2012019,0,0,0,-64.9442,95.9934,1,0,0,0,0,0
-64.9492,96.1033,1,2012020,0,0,0,-64.9492,96.1033,1,0,0,0,0,0
-64.9728,96.0157,1,2012021,0,0,0,-64.9728,96.0157,1,0,0,0,0,0
-64.9741,95.9851,1,2012022,-65.01,95.91,1,-64.9741,95.9851,1,0,0,0,13,9
-64.9414,96.0548,1,2012023,0,0,0,-64.9414,96.0548,1,0,0,0,0,0
-64.9215,96.06,1,2012024,0,0,0,-64.9215,96.06,1,0,0,0,0,0
-64.9224,96.0395,1,2012025,0,0,0,-64.9224,96.0395,1,0,0,0,0,0
-64.9364,96.1673,1,2012026,0,0,0,-64.9364,96.1673,1,0,0,0,0,0
-64.9431,96.0184,1,2012027,0,0,0,-64.9431,96.0184,1,0,0,0,0,0
-64.9315,96.0574,1,2012028,0,0,0,-64.9315,96.0574,1,0,0,0,0,0
-64.908,96.1393,1,2012029,-65.01,95.9,1,-64.908,96.1393,1,0,0,0,13,9
-64.9485,96.1183,1,2012030,0,0,0,-64.9485,96.1183,1,0,0,0,0,0
-64.9389,96.1108,1,2012031,0,0,0,-64.9389,96.1108,1,0,0,0,0,0
-64.9292,96.1084,1,2012032,0,0,0,-64.9292,96.1084,1,0,0,0,0,0
-64.9426,96.0289,1,2012033,0,0,0,-64.9426,96.0289,1,0,0,0,0,0
-64.9526,96.0263,1,2012034,0,0,0,-64.9526,96.0263,1,0,0,0,0,0
-64.936,95.955,1,2012035,0,0,0,-64.936,95.955,1,0,0,0,0,0
-64.9548,95.9685,0,2012036,-65.01,95.9,1,-64.9548,95.9685,0,0,0,0,13,9
-64.9735,96.0006,1,2012037,0,0,0,-64.9735,96.0006,1,0,0,0,0,0
-64.9207,96.0754,1,2012038,0,0,0,-64.9207,96.0754,1,0,0,0,0,0
-64.965,95.9722,1,2012039,0,0,0,-64.965,95.9722,1,0,0,0,0,0
-64.9255,95.968,1,2012040,0,0,0,-64.9255,95.968,1,0,0,0,0,0
-64.9255,95.968,1,2012041,0,0,0,-64.9255,95.968,1,0,0,0,0,0
-64.9345,95.991,1,2012042,0,0,0,-64.9345,95.991,1,0,0,0,0,0
-64.9333,96.0164,1,2012043,-65.01,95.9,1,-64.9333,96.0164,1,0,0,0,13,9
-64.9118,96.2691,1,2012044,0,0,0,-64.9118,96.2691,1,0,0,0,0,0
-64.9311,96.067,1,2012045,0,0,0,-64.9311,96.067,1,0,0,0,0,0
-64.9242,95.9985,1,2012046,0,0,0,-64.9242,95.9985,1,0,0,0,0,0
-64.9101,96.0934,1,2012047,0,0,0,-64.9101,96.0934,1,0,0,0,0,0
-64.9097,96.1034,1,2012048,0,0,0,-64.9097,96.1034,1,0,0,0,0,0
-64.899,96.1214,1,2012049,0,0,0,-64.899,96.1214,1,0,0,0,0,0
-64.904,96.1629,0,2012050,-65,95.91,1,-64.904,96.1629,0,0,0,0,13,9
-64.9155,96.1928,1,2012051,0,0,0,-64.9155,96.1928,1,0,0,0,0,0
-64.9395,96.1004,1,2012052,0,0,0,-64.9395,96.1004,1,0,0,0,0,0
-64.9408,96.0699,1,2012053,0,0,0,-64.9408,96.0699,1,0,0,0,0,0
-64.9703,96.0722,1,2012054,0,0,0,-64.9703,96.0722,1,0,0,0,0,0
-64.9623,96.0287,1,2012055,0,0,0,-64.9623,96.0287,1,0,0,0,0,0
-64.9146,95.9911,1,2012056,0,0,0,-64.9146,95.9911,1,0,0,0,0,0
-64.9049,95.9887,1,2012057,-65,95.91,1,-64.9049,95.9887,1,0,0,0,13,9
-64.9041,96.0092,1,2012058,0,0,0,-64.9041,96.0092,1,0,0,0,0,0
-64.8818,96.0657,1,2012059,0,0,0,-64.8818,96.0657,1,0,0,0,0,0
-64.8892,96.0643,0,2012060,0,0,0,-64.8892,96.0643,0,0,0,0,0,0
-64.9018,96.0601,1,2012061,0,0,0,-64.9018,96.0601,1,0,0,0,0,0
-64.9127,96.0371,1,2012062,0,0,0,-64.9127,96.0371,1,0,0,0,0,0
-64.9117,96.0575,1,2012063,0,0,0,-64.9117,96.0575,1,0,0,0,0,0
-64.9056,95.9733,1,2012064,-65,95.9,1,-64.9056,95.9733,1,0,0,0,13,8
-64.8845,96.0043,1,2012065,0,0,0,-64.8845,96.0043,1,0,0,0,0,0
-64.8944,96.0068,1,2012066,0,0,0,-64.8944,96.0068,1,0,0,0,0,0
-64.9013,96.0705,1,2012067,0,0,0,-64.9013,96.0705,1,0,0,0,0,0
-64.8832,96.0348,1,2012068,0,0,0,-64.8832,96.0348,1,0,0,0,0,0
-64.9021,96.0551,1,2012069,0,0,0,-64.9021,96.0551,1,0,0,0,0,0
-64.9118,96.0575,1,2012070,0,0,0,-64.9118,96.0575,1,0,0,0,0,0
-64.9224,96.0395,1,2012071,-65,95.9,1,-64.9224,96.0395,1,0,0,0,13,8
-64.9215,96.06,1,2012072,0,0,0,-64.9215,96.06,1,0,0,0,0,0
-64.9117,96.0575,1,2012073,0,0,0,-64.9117,96.0575,1,0,0,0,0,0
-64.9224,96.0395,1,2012074,0,0,0,-64.9224,96.0395,1,0,0,0,0,0
-64.9215,96.06,1,2012075,0,0,0,-64.9215,96.06,1,0,0,0,0,0
-64.942,96.0444,1,2012076,0,0,0,-64.942,96.0444,1,0,0,0,0,0
-64.9526,96.0263,1,2012077,0,0,0,-64.9526,96.0263,1,0,0,0,0,0
-64.9626,96.0237,1,2012078,-65,95.9,1,-64.9626,96.0237,1,0,0,0,13,8
-64.9607,96.0647,1,2012079,0,0,0,-64.9607,96.0647,1,0,0,0,0,0
-64.933,96.0214,1,2012080,0,0,0,-64.933,96.0214,1,0,0,0,0,0
-64.9296,96.0984,1,2012081,0,0,0,-64.9296,96.0984,1,0,0,0,0,0
-64.9142,96.0011,1,2012082,0,0,0,-64.9142,96.0011,1,0,0,0,0,0
-64.9031,96.0296,1,2012083,0,0,0,-64.9031,96.0296,1,0,0,0,0,0
-64.8602,96.1066,1,2012084,0,0,0,-64.8602,96.1066,1,0,0,0,0,0
-64.8733,96.0374,1,2012085,-65,95.9,1,-64.8733,96.0374,1,0,0,0,13,8
-64.9305,96.0829,1,2012086,0,0,0,-64.9305,96.0829,1,0,0,0,0,0
-64.9399,96.0903,1,2012087,0,0,0,-64.9399,96.0903,1,0,0,0,0,0
-64.9478,96.1338,1,2012088,0,0,0,-64.9478,96.1338,1,0,0,0,0,0
-64.9708,96.0617,1,2012089,0,0,0,-64.9708,96.0617,1,0,0,0,0,0
-64.9809,96.0541,1,2012090,0,0,0,-64.9809,96.0541,1,0,0,0,0,0
-64.9339,96.0009,1,2012091,0,0,0,-64.9339,96.0009,1,0,0,0,0,0
-64.9351,95.9755,1,2012092,-65,95.91,1,-64.9351,95.9755,1,0,0,0,13,8
-64.9326,96.0319,1,2012093,0,0,0,-64.9326,96.0319,1,0,0,0,0,0
-64.9615,96.0492,1,2012094,0,0,0,-64.9615,96.0492,1,0,0,0,0,0
-64.9517,96.0468,1,2012095,0,0,0,-64.9517,96.0468,1,0,0,0,0,0
-64.9446,95.9829,1,2012096,0,0,0,-64.9446,95.9829,1,0,0,0,0,0
-64.951,96.0623,1,2012097,0,0,0,-64.951,96.0623,1,0,0,0,0,0
-64.9367,95.9395,1,2012098,0,0,0,-64.9367,95.9395,1,0,0,0,0,0
-64.9451,95.9729,1,2012099,-65,95.91,1,-64.9451,95.9729,1,0,0,0,13,8
-64.9772,95.9186,1,2012100,0,0,0,-64.9772,95.9186,1,0,0,0,0,0
-64.9791,95.8725,1,2012101,0,0,0,-64.9791,95.8725,1,0,0,0,0,0
-64.9864,95.9314,1,2012102,0,0,0,-64.9864,95.9314,1,0,0,0,0,0
-64.995,95.9594,1,2012103,0,0,0,-64.995,95.9594,1,0,0,0,0,0
-65.0045,95.9668,1,2012104,0,0,0,-65.0045,95.9668,1,0,0,0,0,0
-65.0134,95.9898,1,2012105,0,0,0,-65.0134,95.9898,1,0,0,0,0,0
-65.0143,95.9692,1,2012106,-65,95.91,1,-65.0143,95.9692,1,0,0,0,13,8
-65.0054,95.9462,1,2012107,0,0,0,-65.0054,95.9462,1,0,0,0,0,0
-64.9736,95.9956,1,2012108,0,0,0,-64.9736,95.9956,1,0,0,0,0,0
-64.9714,96.0467,1,2012109,0,0,0,-64.9714,96.0467,1,0,0,0,0,0
-64.9925,96.0155,1,2012110,0,0,0,-64.9925,96.0155,1,0,0,0,0,0
-65.0132,95.9948,1,2012111,0,0,0,-65.0132,95.9948,1,0,0,0,0,0
-65.0045,95.9668,1,2012112,0,0,0,-65.0045,95.9668,1,0,0,0,0,0
-64.9734,96.0006,1,2012113,-65,95.91,1,-64.9734,96.0006,1,0,0,0,13,8
-64.9919,96.031,1,2012114,0,0,0,-64.9919,96.031,1,0,0,0,0,0
-64.9841,95.9825,1,2012115,0,0,0,-64.9841,95.9825,1,0,0,0,0,0
-64.9859,95.9414,1,2012116,0,0,0,-64.9859,95.9414,1,0,0,0,0,0
-64.9675,95.9111,1,2012117,0,0,0,-64.9675,95.9111,1,0,0,0,0,0
-65.0296,96.0719,1,2012119,0,0,0,-65.0296,96.0719,1,0,0,0,0,0
-65.052,96.0095,1,2012120,-65,95.91,1,-65.052,96.0095,1,0,0,0,13,8
-65.0494,96.0662,1,2012121,0,0,0,-65.0494,96.0662,1,0,0,0,0,0
-65.0324,96.0046,1,2012122,0,0,0,-65.0324,96.0046,1,0,0,0,0,0
-65.0113,96.0359,1,2012123,0,0,0,-65.0113,96.0359,1,0,0,0,0,0
-65.0247,95.9561,1,2012124,0,0,0,-65.0247,95.9561,1,0,0,0,0,0
-65.0188,95.8664,1,2012125,0,0,0,-65.0188,95.8664,1,0,0,0,0,0
-65.0076,95.8951,1,2012126,0,0,0,-65.0076,95.8951,1,0,0,0,0,0
-65.0175,95.8975,1,2012127,-65,95.9,1,-65.0175,95.8975,1,0,0,0,13,9
-65.0058,95.9362,1,2012128,0,0,0,-65.0058,95.9362,1,0,0,0,0,0
-64.9968,95.9183,1,2012129,0,0,0,-64.9968,95.9183,1,0,0,0,0,0
-65.027,95.9049,1,2012130,0,0,0,-65.027,95.9049,1,0,0,0,0,0
-64.9961,95.9338,1,2012131,0,0,0,-64.9961,95.9338,1,0,0,0,0,0
-65.0084,95.8796,1,2012132,0,0,0,-65.0084,95.8796,1,0,0,0,0,0
-65.0227,96.0027,1,2012133,0,0,0,-65.0227,96.0027,1,0,0,0,0,0
-65.0113,96.0359,1,2012134,-65,95.9,1,-65.0113,96.0359,1,0,0,0,13,9
-65.0006,96.054,1,2012135,0,0,0,-65.0006,96.054,1,0,0,0,0,0
-65.0139,95.9793,1,2012136,0,0,0,-65.0139,95.9793,1,0,0,0,0,0
-64.9794,96.0851,1,2012137,0,0,0,-64.9794,96.0851,1,0,0,0,0,0
-65.0198,96.0689,1,2012138,0,0,0,-65.0198,96.0689,1,0,0,0,0,0
-65.0236,95.9817,1,2012139,0,0,0,-65.0236,95.9817,1,0,0,0,0,0
-65.0347,95.9535,1,2012140,0,0,0,-65.0347,95.9535,1,0,0,0,0,0
-65.0233,95.9871,1,2012141,-65,95.9,1,-65.0233,95.9871,1,0,0,0,13,9
-65.0063,95.9257,1,2012142,0,0,0,-65.0063,95.9257,1,0,0,0,0,0
-64.9941,95.9799,1,2012143,0,0,0,-64.9941,95.9799,1,0,0,0,0,0
-65.0179,95.887,1,2012144,0,0,0,-65.0179,95.887,1,0,0,0,0,0
-65.0147,95.9592,1,2012145,0,0,0,-65.0147,95.9592,1,0,0,0,0,0
-64.9938,95.9849,1,2012146,0,0,0,-64.9938,95.9849,1,0,0,0,0,0
-65.0152,95.9487,1,2012147,0,0,0,-65.0152,95.9487,1,0,0,0,0,0
-64.9647,95.9726,1,2012148,-65,95.9,1,-64.9647,95.9726,1,0,0,0,13,9
-64.9673,95.9161,1,2012149,0,0,0,-64.9673,95.9161,1,0,0,0,0,0
-64.9453,95.9679,1,2012150,0,0,0,-64.9453,95.9679,1,0,0,0,0,0
-64.9763,95.9391,1,2012151,0,0,0,-64.9763,95.9391,1,0,0,0,0,0
-65.0066,95.9207,1,2012152,0,0,0,-65.0066,95.9207,1,0,0,0,0,0
-64.995,95.9594,1,2012153,0,0,0,-64.995,95.9594,1,0,0,0,0,0
-64.9939,95.9849,1,2012154,0,0,0,-64.9939,95.9849,1,0,0,0,0,0
-64.9948,95.9644,1,2012155,-65.02,95.86,1,-64.9948,95.9644,1,0,0,0,13,9
-65.017,95.9076,1,2012156,0,0,0,-65.017,95.9076,1,0,0,0,0,0
-65.0074,95.9001,1,2012157,0,0,0,-65.0074,95.9001,1,0,0,0,0,0
-64.9757,95.9495,1,2012158,0,0,0,-64.9757,95.9495,1,0,0,0,0,0
-65.0046,95.9668,1,2012159,0,0,0,-65.0046,95.9668,1,0,0,0,0,0
-64.9548,95.9752,1,2012160,0,0,0,-64.9548,95.9752,1,0,0,0,0,0
-64.9673,95.9161,1,2012161,0,0,0,-64.9673,95.9161,1,0,0,0,0,0
-64.9764,95.934,1,2012162,-65.02,95.86,1,-64.9764,95.934,1,0,0,0,13,9
-64.9746,95.9751,1,2012163,0,0,0,-64.9746,95.9751,1,0,0,0,0,0
-64.9753,95.9596,1,2012164,0,0,0,-64.9753,95.9596,1,0,0,0,0,0
-64.9753,95.9596,1,2012165,0,0,0,-64.9753,95.9596,1,0,0,0,0,0
-64.9753,95.9596,1,2012166,0,0,0,-64.9753,95.9596,1,0,0,0,0,0
-64.9823,96.0236,1,2012167,0,0,0,-64.9823,96.0236,1,0,0,0,0,0
-64.9653,95.9622,1,2012168,0,0,0,-64.9653,95.9622,1,0,0,0,0,0
-64.986,95.9415,1,2012169,-65.02,95.86,1,-64.986,95.9415,1,0,0,0,13,9
-64.9718,96.0366,1,2012170,0,0,0,-64.9718,96.0366,1,0,0,0,0,0
-64.9718,96.0366,1,2012171,0,0,0,-64.9718,96.0366,1,0,0,0,0,0
-64.973,96.0106,1,2012172,0,0,0,-64.973,96.0106,1,0,0,0,0,0
-65.0044,95.9718,1,2012173,0,0,0,-65.0044,95.9718,1,0,0,0,0,0
-65.0044,95.9718,1,2012174,0,0,0,-65.0044,95.9718,1,0,0,0,0,0
-65.0044,95.9718,1,2012175,0,0,0,-65.0044,95.9718,1,0,0,0,0,0
-65.0044,95.9718,1,2012176,-65.02,95.86,1,-65.0044,95.9718,1,0,0,0,13,9
-65.0044,95.9718,1,2012178,0,0,0,-65.0044,95.9718,1,0,0,0,0,0
-65.0044,95.9718,1,2012179,0,0,0,-65.0044,95.9718,1,0,0,0,0,0
-65.0044,95.9718,1,2012180,0,0,0,-65.0044,95.9718,1,0,0,0,0,0
-65.0044,95.9718,1,2012181,0,0,0,-65.0044,95.9718,1,0,0,0,0,0
-65.0044,95.9718,1,2012182,0,0,0,-65.0044,95.9718,1,0,0,0,0,0
-65.0044,95.9718,1,2012183,-65.02,95.86,1,-65.0044,95.9718,1,0,0,0,13,9
-65.0044,95.9718,1,2012184,0,0,0,-65.0044,95.9718,1,0,0,0,0,0
-65.0044,95.9718,1,2012185,0,0,0,-65.0044,95.9718,1,0,0,0,0,0
-65.0044,95.9718,1,2012186,0,0,0,-65.0044,95.9718,1,0,0,0,0,0
-65.0064,95.9257,1,2012187,0,0,0,-65.0064,95.9257,1,0,0,0,0,0
-65.0164,95.9231,1,2012188,0,0,0,-65.0164,95.9231,1,0,0,0,0,0
-65.0341,95.969,1,2012189,0,0,0,-65.0341,95.969,1,0,0,0,0,0
-65.0347,95.9535,1,2012190,-65.02,95.86,1,-65.0347,95.9535,1,0,0,0,13,9
-65.0154,95.9436,1,2012191,0,0,0,-65.0154,95.9436,1,0,0,0,0,0
-65.0234,95.9872,1,2012192,0,0,0,-65.0234,95.9872,1,0,0,0,0,0
-64.9752,95.9595,1,2012193,0,0,0,-64.9752,95.9595,1,0,0,0,0,0
-64.9841,95.9825,1,2012194,0,0,0,-64.9841,95.9825,1,0,0,0,0,0
-65.0144,95.9692,1,2012195,0,0,0,-65.0144,95.9692,1,0,0,0,0,0
-64.992,96.026,1,2012196,0,0,0,-64.992,96.026,1,0,0,0,0,0
-65.023,95.9972,1,2012197,-64.99,95.98,1,-65.023,95.9972,1,0,0,0,13,9
-64.9663,95.9366,1,2012198,0,0,0,-64.9663,95.9366,1,0,0,0,0,0
-65.003,96.0029,1,2012199,0,0,0,-65.003,96.0029,1,0,0,0,0,0
-65.007,95.9102,1,2012200,0,0,0,-65.007,95.9102,1,0,0,0,0,0
-64.9843,95.9775,1,2012201,0,0,0,-64.9843,95.9775,1,0,0,0,0,0
-64.9966,95.9233,1,2012202,0,0,0,-64.9966,95.9233,1,0,0,0,0,0
-64.9825,96.0185,1,2012203,0,0,0,-64.9825,96.0185,1,0,0,0,0,0
-64.9689,95.8801,1,2012204,-64.99,95.98,1,-64.9689,95.8801,1,0,0,0,13,9
-64.9589,95.8832,1,2012205,0,0,0,-64.9589,95.8832,1,0,0,0,0,0
-64.966,95.9472,1,2012206,0,0,0,-64.966,95.9472,1,0,0,0,0,0
-65.0074,95.9052,1,2012207,0,0,0,-65.0074,95.9052,1,0,0,0,0,0
-65.0057,95.9412,1,2012208,0,0,0,-65.0057,95.9412,1,0,0,0,0,0
-64.9754,95.9545,1,2012209,0,0,0,-64.9754,95.9545,1,0,0,0,0,0
-65.0269,95.91,1,2012210,0,0,0,-65.0269,95.91,1,0,0,0,0,0
-64.9799,95.8519,1,2012211,-64.99,95.98,1,-64.9799,95.8519,1,0,0,0,13,9
-64.9758,95.854,0,2012212,0,0,0,-64.9758,95.854,0,0,0,0,0,0
-64.9728,95.8593,0,2012213,0,0,0,-64.9728,95.8593,0,0,0,0,0,0
-64.9708,95.8664,0,2012214,0,0,0,-64.9708,95.8664,0,0,0,0,0,0
-64.9695,95.8741,0,2012215,0,0,0,-64.9695,95.8741,0,0,0,0,0,0
-64.9688,95.881,0,2012216,0,0,0,-64.9688,95.881,0,0,0,0,0,0
-64.9686,95.8856,1,2012217,0,0,0,-64.9686,95.8856,1,0,0,0,0,0
-64.9785,95.888,1,2012218,-64.99,95.98,1,-64.9785,95.888,1,0,0,0,13,9
-64.965,95.9677,1,2012219,0,0,0,-64.965,95.9677,1,0,0,0,0,0
-64.9549,95.9753,1,2012220,0,0,0,-64.9549,95.9753,1,0,0,0,0,0
-64.9851,95.962,1,2012221,0,0,0,-64.9851,95.962,1,0,0,0,0,0
-64.9566,95.9343,1,2012222,0,0,0,-64.9566,95.9343,1,0,0,0,0,0
-64.9676,95.9111,1,2012223,0,0,0,-64.9676,95.9111,1,0,0,0,0,0
-64.948,95.9064,1,2012224,0,0,0,-64.948,95.9064,1,0,0,0,0,0
-64.9401,95.863,1,2012225,-65,95.9,1,-64.9401,95.863,1,0,0,0,13,9
-64.9803,95.8469,1,2012226,0,0,0,-64.9803,95.8469,1,0,0,0,0,0
-64.9689,95.8806,1,2012227,0,0,0,-64.9689,95.8806,1,0,0,0,0,0
-64.9996,96.08,1,2012228,0,0,0,-64.9996,96.08,1,0,0,0,0,0
-64.9986,96.1001,1,2012229,0,0,0,-64.9986,96.1001,1,0,0,0,0,0
-64.9904,96.0616,1,2012230,0,0,0,-64.9904,96.0616,1,0,0,0,0,0
-64.9888,96.0976,1,2012231,0,0,0,-64.9888,96.0976,1,0,0,0,0,0
0,0,0,2012232,-65,95.9,1,0,0,0,0,0,0,13,9
-65.0091,96.087,1,2012233,0,0,0,-65.0091,96.087,1,0,0,0,0,0
-64.9906,96.0565,1,2012234,0,0,0,-64.9906,96.0565,1,0,0,0,0,0
-64.9907,96.0566,1,2012235,0,0,0,-64.9907,96.0566,1,0,0,0,0,0
-64.9907,96.0566,1,2012236,0,0,0,-64.9907,96.0566,1,0,0,0,0,0
-64.979,96.0951,1,2012237,0,0,0,-64.979,96.0951,1,0,0,0,0,0
-64.9905,96.0616,1,2012238,0,0,0,-64.9905,96.0616,1,0,0,0,0,0
-65.0023,96.0179,1,2012239,-65,95.9,1,-65.0023,96.0179,1,0,0,0,13,9
-64.9741,95.9851,1,2012240,0,0,0,-64.9741,95.9851,1,0,0,0,0,0
-64.9557,95.9548,1,2012241,0,0,0,-64.9557,95.9548,1,0,0,0,0,0
-64.9655,95.9572,1,2012242,0,0,0,-64.9655,95.9572,1,0,0,0,0,0
-64.9851,95.962,1,2012243,0,0,0,-64.9851,95.962,1,0,0,0,0,0
-64.9734,96.0006,1,2012244,0,0,0,-64.9734,96.0006,1,0,0,0,0,0
-64.975,95.9646,1,2012245,0,0,0,-64.975,95.9646,1,0,0,0,0,0
-64.9744,95.9801,1,2012246,-65,95.9,1,-64.9744,95.9801,1,0,0,0,13,9
-64.9762,95.9391,1,2012247,0,0,0,-64.9762,95.9391,1,0,0,0,0,0
-64.995,95.9594,1,2012248,0,0,0,-64.995,95.9594,1,0,0,0,0,0
-64.9663,95.9366,1,2012249,0,0,0,-64.9663,95.9366,1,0,0,0,0,0
-64.9667,95.9317,1,2012250,0,0,0,-64.9667,95.9317,1,0,0,0,0,0
-64.9639,95.9932,1,2012251,0,0,0,-64.9639,95.9932,1,0,0,0,0,0
-64.976,95.9441,1,2012252,0,0,0,-64.976,95.9441,1,0,0,0,0,0
-64.945,95.9728,1,2012253,-65,95.9,1,-64.945,95.9728,1,0,0,0,13,9
-64.9683,95.8956,1,2012254,0,0,0,-64.9683,95.8956,1,0,0,0,0,0
-64.956,95.9498,1,2012255,0,0,0,-64.956,95.9498,1,0,0,0,0,0
-64.9469,95.9319,1,2012256,0,0,0,-64.9469,95.9319,1,0,0,0,0,0
-64.9365,95.945,1,2012257,0,0,0,-64.9365,95.945,1,0,0,0,0,0
-64.946,95.9524,1,2012258,0,0,0,-64.946,95.9524,1,0,0,0,0,0
-64.9576,95.9138,1,2012259,0,0,0,-64.9576,95.9138,1,0,0,0,0,0
-64.9773,95.9135,1,2012260,-65,95.9,1,-64.9773,95.9135,1,0,0,0,13,9
-64.9462,95.9473,1,2012261,0,0,0,-64.9462,95.9473,1,0,0,0,0,0
-64.9462,95.9473,1,2012262,0,0,0,-64.9462,95.9473,1,0,0,0,0,0
-64.9462,95.9473,1,2012263,0,0,0,-64.9462,95.9473,1,0,0,0,0,0
-64.9462,95.9473,1,2012264,0,0,0,-64.9462,95.9473,1,0,0,0,0,0
-64.9462,95.9473,1,2012265,0,0,0,-64.9462,95.9473,1,0,0,0,0,0
-64.9462,95.9473,1,2012266,0,0,0,-64.9462,95.9473,1,0,0,0,0,0
-64.9462,95.9473,1,2012267,-65,95.9,1,-64.9462,95.9473,1,0,0,0,13,9
-64.9353,95.9705,1,2012268,0,0,0,-64.9353,95.9705,1,0,0,0,0,0
-64.9185,95.9042,1,2012269,0,0,0,-64.9185,95.9042,1,0,0,0,0,0
-64.9374,95.9245,1,2012270,0,0,0,-64.9374,95.9245,1,0,0,0,0,0
-64.9392,95.8835,1,2012271,0,0,0,-64.9392,95.8835,1,0,0,0,0,0
-64.8985,95.9099,1,2012272,0,0,0,-64.8985,95.9099,1,0,0,0,0,0
-64.9286,95.9016,1,2012273,0,0,0,-64.9286,95.9016,1,0,0,0,0,0
-64.9099,95.8764,1,2012274,-65,95.9,1,-64.9099,95.8764,1,0,0,0,13,9
-64.9208,95.8533,1,2012275,0,0,0,-64.9208,95.8533,1,0,0,0,0,0
-64.925,95.8439,0,2012276,0,0,0,-64.925,95.8439,0,0,0,0,0,0
-64.9277,95.8375,0,2012277,0,0,0,-64.9277,95.8375,0,0,0,0,0,0
-64.9315,95.8352,1,2012278,0,0,0,-64.9315,95.8352,1,0,0,0,0,0
-64.9397,95.8735,1,2012279,0,0,0,-64.9397,95.8735,1,0,0,0,0,0
-64.9403,95.858,1,2012280,0,0,0,-64.9403,95.858,1,0,0,0,0,0
-64.9394,95.8785,1,2012281,-65,95.9,1,-64.9394,95.8785,1,0,0,0,13,9
-64.9687,95.8856,1,2012282,0,0,0,-64.9687,95.8856,1,0,0,0,0,0
-64.9785,95.888,1,2012283,0,0,0,-64.9785,95.888,1,0,0,0,0,0
-65.0077,95.8951,1,2012284,0,0,0,-65.0077,95.8951,1,0,0,0,0,0
-65.0077,95.8951,1,2012285,0,0,0,-65.0077,95.8951,1,0,0,0,0,0
-65.0077,95.8951,1,2012286,0,0,0,-65.0077,95.8951,1,0,0,0,0,0
-65.0077,95.8951,1,2012287,0,0,0,-65.0077,95.8951,1,0,0,0,0,0
-65.0077,95.8951,1,2012288,-65,95.9,1,-65.0077,95.8951,1,0,0,0,13,9
-64.9952,95.9543,1,2012289,0,0,0,-64.9952,95.9543,1,0,0,0,0,0
-65.0045,95.9668,1,2012290,0,0,0,-65.0045,95.9668,1,0,0,0,0,0
-65.0045,95.9668,1,2012291,0,0,0,-65.0045,95.9668,1,0,0,0,0,0
-65.0045,95.9668,1,2012292,0,0,0,-65.0045,95.9668,1,0,0,0,0,0
-65.0045,95.9668,1,2012293,0,0,0,-65.0045,95.9668,1,0,0,0,0,0
-65.0045,95.9668,1,2012294,0,0,0,-65.0045,95.9668,1,0,0,0,0,0
-64.9779,95.898,1,2012295,-65,95.9,1,-64.9779,95.898,1,0,0,0,13,9
-64.9862,95.9364,1,2012296,0,0,0,-64.9862,95.9364,1,0,0,0,0,0
-65.0271,95.9049,1,2012297,0,0,0,-65.0271,95.9049,1,0,0,0,0,0
-65.0272,95.8999,1,2012298,0,0,0,-65.0272,95.8999,1,0,0,0,0,0
-65.0272,95.8999,1,2012299,0,0,0,-65.0272,95.8999,1,0,0,0,0,0
-65.0272,95.8999,1,2012300,0,0,0,-65.0272,95.8999,1,0,0,0,0,0
-65.0272,95.8999,1,2012301,0,0,0,-65.0272,95.8999,1,0,0,0,0,0
-65.0272,95.8999,1,2012302,-65,95.9,1,-65.0272,95.8999,1,0,0,0,13,9
-65.0103,95.8334,1,2012303,0,0,0,-65.0103,95.8334,1,0,0,0,0,0
-65.0195,95.8514,1,2012304,0,0,0,-65.0195,95.8514,1,0,0,0,0,0
-65.0514,95.7967,1,2012305,0,0,0,-65.0514,95.7967,1,0,0,0,0,0
-65.0514,95.7967,1,2012306,0,0,0,-65.0514,95.7967,1,0,0,0,0,0
-65.0514,95.7967,1,2012307,0,0,0,-65.0514,95.7967,1,0,0,0,0,0
-65.0514,95.7967,1,2012308,0,0,0,-65.0514,95.7967,1,0,0,0,0,0
-65.0514,95.7967,1,2012309,-65,95.9,1,-65.0514,95.7967,1,0,0,0,13,9
-65.0409,95.8099,1,2012310,0,0,0,-65.0409,95.8099,1,0,0,0,0,0
-65.0409,95.8099,1,2012311,0,0,0,-65.0409,95.8099,1,0,0,0,0,0
-65.0409,95.8099,1,2012312,0,0,0,-65.0409,95.8099,1,0,0,0,0,0
-65.0409,95.8099,1,2012313,0,0,0,-65.0409,95.8099,1,0,0,0,0,0
-65.0409,95.8099,1,2012314,0,0,0,-65.0409,95.8099,1,0,0,0,0,0
-65.0409,95.8099,1,2012315,0,0,0,-65.0409,95.8099,1,0,0,0,0,0
-65.0409,95.8099,1,2012316,-65,95.9,1,-65.0409,95.8099,1,0,0,0,13,9
-65.0401,95.8305,1,2012317,0,0,0,-65.0401,95.8305,1,0,0,0,0,0
-65.0401,95.8305,1,2012318,0,0,0,-65.0401,95.8305,1,0,0,0,0,0
-65.0401,95.8305,1,2012319,0,0,0,-65.0401,95.8305,1,0,0,0,0,0
-65.0401,95.8305,1,2012320,0,0,0,-65.0401,95.8305,1,0,0,0,0,0
-65.0401,95.8305,1,2012321,0,0,0,-65.0401,95.8305,1,0,0,0,0,0
-65.0401,95.8305,1,2012322,0,0,0,-65.0401,95.8305,1,0,0,0,0,0
-65.0401,95.8305,1,2012323,-65,95.9,1,-65.0401,95.8305,1,0,0,0,13,9
-65.0194,95.8513,1,2012324,0,0,0,-65.0194,95.8513,1,0,0,0,0,0
-65.0097,95.849,1,2012325,0,0,0,-65.0097,95.849,1,0,0,0,0,0
-65.0097,95.849,1,2012326,0,0,0,-65.0097,95.849,1,0,0,0,0,0
-65.0097,95.849,1,2012327,0,0,0,-65.0097,95.849,1,0,0,0,0,0
-65.0097,95.849,1,2012328,0,0,0,-65.0097,95.849,1,0,0,0,0,0
-65.0097,95.849,1,2012329,0,0,0,-65.0097,95.849,1,0,0,0,0,0
-65.0097,95.849,1,2012330,-65,95.9,1,-65.0097,95.849,1,0,0,0,13,9
-65.0195,95.8514,1,2012331,0,0,0,-65.0195,95.8514,1,0,0,0,0,0
-65.0088,95.8695,1,2012332,0,0,0,-65.0088,95.8695,1,0,0,0,0,0
-64.9881,95.8903,1,2012333,0,0,0,-64.9881,95.8903,1,0,0,0,0,0
-64.9802,95.8469,1,2012334,0,0,0,-64.9802,95.8469,1,0,0,0,0,0
-64.9831,95.7803,1,2012335,0,0,0,-64.9831,95.7803,1,0,0,0,0,0
-64.9831,95.7803,1,2012336,0,0,0,-64.9831,95.7803,1,0,0,0,0,0
-64.9831,95.7803,1,2012337,-65,95.9,1,-64.9831,95.7803,1,0,0,0,13,9
-64.9904,95.8392,1,2012338,0,0,0,-64.9904,95.8392,1,0,0,0,0,0
-65.0115,95.8079,1,2012339,0,0,0,-65.0115,95.8079,1,0,0,0,0,0
-65.0108,95.8234,1,2012340,0,0,0,-65.0108,95.8234,1,0,0,0,0,0
-65.0106,95.8284,1,2012341,0,0,0,-65.0106,95.8284,1,0,0,0,0,0
-65.0399,95.8355,1,2012342,0,0,0,-65.0399,95.8355,1,0,0,0,0,0
-65.0594,95.8402,1,2012343,0,0,0,-65.0594,95.8402,1,0,0,0,0,0
-65.0878,95.868,1,2012344,-65,95.9,1,-65.0878,95.868,1,0,0,0,13,9
-65.0878,95.868,1,2012345,0,0,0,-65.0878,95.868,1,0,0,0,0,0
-65.0878,95.868,1,2012346,0,0,0,-65.0878,95.868,1,0,0,0,0,0
-65.0878,95.868,1,2012347,0,0,0,-65.0878,95.868,1,0,0,0,0,0
-65.0878,95.868,1,2012348,0,0,0,-65.0878,95.868,1,0,0,0,0,0
-65.0878,95.868,1,2012349,0,0,0,-65.0878,95.868,1,0,0,0,0,0
-65.0878,95.868,1,2012350,0,0,0,-65.0878,95.868,1,0,0,0,0,0
-65.0878,95.868,1,2012351,-65,95.9,1,-65.0878,95.868,1,0,0,0,13,9
-65.0878,95.868,1,2012352,0,0,0,-65.0878,95.868,1,0,0,0,0,0
-65.0878,95.868,1,2012353,0,0,0,-65.0878,95.868,1,0,0,0,0,0
-65.0878,95.868,1,2012354,0,0,0,-65.0878,95.868,1,0,0,0,0,0
-65.0878,95.868,1,2012355,0,0,0,-65.0878,95.868,1,0,0,0,0,0
-65.0878,95.868,1,2012356,0,0,0,-65.0878,95.868,1,0,0,0,0,0
-65.0878,95.868,1,2012357,0,0,0,-65.0878,95.868,1,0,0,0,0,0
-65.0878,95.868,1,2012358,-65,95.9,1,-65.0878,95.868,1,0,0,0,13,9
-65.0878,95.868,1,2012359,0,0,0,-65.0878,95.868,1,0,0,0,0,0
-65.0878,95.868,1,2012360,0,0,0,-65.0878,95.868,1,0,0,0,0,0
-65.0362,95.9178,1,2012362,0,0,0,-65.0362,95.9178,1,0,0,0,0,0
-65.0278,95.8843,1,2012363,0,0,0,-65.0278,95.8843,1,0,0,0,0,0
-65.0281,95.8793,1,2012364,0,0,0,-65.0281,95.8793,1,0,0,0,0,0
-65.0361,95.9228,1,2012365,-65,95.9,1,-65.0361,95.9228,1,0,0,0,13,9
-65.0545,95.9533,1,2012366,0,0,0,-65.0545,95.9533,1,0,0,0,0,0
-65.0687,95.8527,1,2013001,0,0,0,-65.0687,95.8527,1,0,0,0,0,0
-65.0505,95.8173,1,2013002,0,0,0,-65.0505,95.8173,1,0,0,0,0,0
-65.0205,95.8257,1,2013003,0,0,0,-65.0205,95.8257,1,0,0,0,0,0
-65.0205,95.8257,1,2013004,0,0,0,-65.0205,95.8257,1,0,0,0,0,0
-65.0205,95.8257,1,2013005,0,0,0,-65.0205,95.8257,1,0,0,0,0,0
-65.0205,95.8257,1,2013006,-65,95.9,1,-65.0205,95.8257,1,0,0,0,13,9
-65.0205,95.8257,1,2013007,0,0,0,-65.0205,95.8257,1,0,0,0,0,0
-64.999,95.8672,1,2013008,0,0,0,-64.999,95.8672,1,0,0,0,0,0
-64.999,95.8672,1,2013009,0,0,0,-64.999,95.8672,1,0,0,0,0,0
-64.999,95.8672,1,2013010,0,0,0,-64.999,95.8672,1,0,0,0,0,0
-64.999,95.8672,1,2013011,0,0,0,-64.999,95.8672,1,0,0,0,0,0
-64.999,95.8672,1,2013012,0,0,0,-64.999,95.8672,1,0,0,0,0,0
-64.999,95.8672,1,2013013,0,0,0,-64.999,95.8672,1,0,0,0,0,0
-64.999,95.8672,1,2013014,0,0,0,-64.999,95.8672,1,0,0,0,0,0
-64.989,95.8698,1,2013015,0,0,0,-64.989,95.8698,1,0,0,0,0,0
-64.989,95.8698,1,2013016,0,0,0,-64.989,95.8698,1,0,0,0,0,0
-64.989,95.8698,1,2013017,0,0,0,-64.989,95.8698,1,0,0,0,0,0
-64.989,95.8698,1,2013018,0,0,0,-64.989,95.8698,1,0,0,0,0,0
-64.989,95.8698,1,2013019,0,0,0,-64.989,95.8698,1,0,0,0,0,0
-64.989,95.8698,1,2013020,-65,95.9,1,-64.989,95.8698,1,0,0,0,13,9
-64.9793,95.8674,1,2013021,0,0,0,-64.9793,95.8674,1,0,0,0,0,0
-64.9793,95.8674,1,2013022,0,0,0,-64.9793,95.8674,1,0,0,0,0,0
-64.9793,95.8674,1,2013023,0,0,0,-64.9793,95.8674,1,0,0,0,0,0
-64.9793,95.8674,1,2013024,0,0,0,-64.9793,95.8674,1,0,0,0,0,0
-64.9793,95.8674,1,2013025,0,0,0,-64.9793,95.8674,1,0,0,0,0,0
-64.9793,95.8674,1,2013026,0,0,0,-64.9793,95.8674,1,0,0,0,0,0
-64.9793,95.8674,1,2013027,-65,95.9,1,-64.9793,95.8674,1,0,0,0,13,9
-64.9775,95.9085,1,2013028,0,0,0,-64.9775,95.9085,1,0,0,0,0,0
-64.9775,95.9085,1,2013029,0,0,0,-64.9775,95.9085,1,0,0,0,0,0
-64.9775,95.9085,1,2013030,0,0,0,-64.9775,95.9085,1,0,0,0,0,0
-64.9775,95.9085,1,2013031,0,0,0,-64.9775,95.9085,1,0,0,0,0,0
-64.9775,95.9085,1,2013032,0,0,0,-64.9775,95.9085,1,0,0,0,0,0
-64.9775,95.9085,0,2013033,0,0,0,-64.9775,95.9085,0,0,0,0,0,0
-64.9775,95.9085,0,2013034,-65,95.9,1,-64.9775,95.9085,0,0,0,0,13,9
-64.9775,95.9085,1,2013035,0,0,0,-64.9775,95.9085,1,0,0,0,0,0
-64.9775,95.9085,1,2013036,0,0,0,-64.9775,95.9085,1,0,0,0,0,0
-64.9675,95.9111,1,2013037,0,0,0,-64.9675,95.9111,1,0,0,0,0,0
-64.9978,95.8978,1,2013038,0,0,0,-64.9978,95.8978,1,0,0,0,0,0
-64.9978,95.8978,1,2013039,0,0,0,-64.9978,95.8978,1,0,0,0,0,0
-64.9978,95.8978,1,2013040,0,0,0,-64.9978,95.8978,1,0,0,0,0,0
-64.9978,95.8978,1,2013041,-65,95.9,1,-64.9978,95.8978,1,0,0,0,13,9
-64.9978,95.8978,1,2013043,0,0,0,-64.9978,95.8978,1,0,0,0,0,0
-64.9978,95.8978,1,2013044,0,0,0,-64.9978,95.8978,1,0,0,0,0,0
-65.0086,95.8746,1,2013045,0,0,0,-65.0086,95.8746,1,0,0,0,0,0
-65.0086,95.8746,1,2013047,0,0,0,-65.0086,95.8746,1,0,0,0,0,0
-65.0086,95.8746,1,2013048,-65,95.9,1,-65.0086,95.8746,1,0,0,0,13,9
-65.0376,95.8867,1,2013049,0,0,0,-65.0376,95.8867,1,0,0,0,0,0
-65.0376,95.8867,1,2013051,0,0,0,-65.0376,95.8867,1,0,0,0,0,0
-65.0376,95.8867,1,2013052,0,0,0,-65.0376,95.8867,1,0,0,0,0,0
-65.0376,95.8867,1,2013053,0,0,0,-65.0376,95.8867,1,0,0,0,0,0
-65.0376,95.8867,1,2013054,0,0,0,-65.0376,95.8867,1,0,0,0,0,0
-65.0376,95.8867,1,2013055,0,0,0,-65.0376,95.8867,1,0,0,0,0,0
-65.0376,95.8867,1,2013056,0,0,0,-65.0376,95.8867,1,0,0,0,0,0
-65.0376,95.8867,1,2013057,0,0,0,-65.0376,95.8867,1,0,0,0,0,0
-65.0376,95.8867,1,2013058,0,0,0,-65.0376,95.8867,1,0,0,0,0,0
-65.0376,95.8867,1,2013059,0,0,0,-65.0376,95.8867,1,0,0,0,0,0
-65.0376,95.8867,1,2013060,0,0,0,-65.0376,95.8867,1,0,0,0,0,0
-65.0376,95.8867,1,2013061,0,0,0,-65.0376,95.8867,1,0,0,0,0,0
-65.0272,95.8999,1,2013064,0,0,0,-65.0272,95.8999,1,0,0,0,0,0
-65.0272,95.8999,1,2013065,0,0,0,-65.0272,95.8999,1,0,0,0,0,0
-65.0272,95.8999,1,2013066,0,0,0,-65.0272,95.8999,1,0,0,0,0,0
-65.0272,95.8999,1,2013067,0,0,0,-65.0272,95.8999,1,0,0,0,0,0
-65.0272,95.8999,1,2013068,0,0,0,-65.0272,95.8999,1,0,0,0,0,0
-65.0272,95.8999,1,2013069,0,0,0,-65.0272,95.8999,1,0,0,0,0,0
-65.0272,95.8999,1,2013070,0,0,0,-65.0272,95.8999,1,0,0,0,0,0
-65.0272,95.8999,1,2013071,0,0,0,-65.0272,95.8999,1,0,0,0,0,0
-65.0272,95.8999,1,2013072,0,0,0,-65.0272,95.8999,1,0,0,0,0,0
-65.0272,95.8999,1,2013073,0,0,0,-65.0272,95.8999,1,0,0,0,0,0
-65.0272,95.8999,1,2013074,0,0,0,-65.0272,95.8999,1,0,0,0,0,0
-65.0272,95.8999,1,2013075,0,0,0,-65.0272,95.8999,1,0,0,0,0,0
-65.0272,95.8999,1,2013076,0,0,0,-65.0272,95.8999,1,0,0,0,0,0
-65.0272,95.8999,1,2013077,0,0,0,-65.0272,95.8999,1,0,0,0,0,0
-65.0272,95.8999,1,2013078,0,0,0,-65.0272,95.8999,1,0,0,0,0,0
-65.0272,95.8999,1,2013079,0,0,0,-65.0272,95.8999,1,0,0,0,0,0
-65.0272,95.8999,1,2013081,0,0,0,-65.0272,95.8999,1,0,0,0,0,0
-65.0272,95.8999,1,2013082,0,0,0,-65.0272,95.8999,1,0,0,0,0,0
-65.0272,95.8999,1,2013083,0,0,0,-65.0272,95.8999,1,0,0,0,0,0
-65.0272,95.8999,1,2013084,0,0,0,-65.0272,95.8999,1,0,0,0,0,0
-65.0272,95.8999,1,2013085,0,0,0,-65.0272,95.8999,1,0,0,0,0,0
-65.0272,95.8999,1,2013087,0,0,0,-65.0272,95.8999,1,0,0,0,0,0
-65.0272,95.8999,1,2013088,0,0,0,-65.0272,95.8999,1,0,0,0,0,0
-65.0272,95.8999,1,2013089,0,0,0,-65.0272,95.8999,1,0,0,0,0,0
-65.0272,95.8999,1,2013090,0,0,0,-65.0272,95.8999,1,0,0,0,0,0
-65.0272,95.8999,1,2013091,0,0,0,-65.0272,95.8999,1,0,0,0,0,0
-65.0272,95.8999,1,2013092,0,0,0,-65.0272,95.8999,1,0,0,0,0,0
-65.0272,95.8999,1,2013093,0,0,0,-65.0272,95.8999,1,0,0,0,0,0
-65.0414,95.7994,1,2013094,0,0,0,-65.0414,95.7994,1,0,0,0,0,0
-65.0414,95.7994,1,2013095,0,0,0,-65.0414,95.7994,1,0,0,0,0,0
-65.0214,95.8052,1,2013096,0,0,0,-65.0214,95.8052,1,0,0,0,0,0
-65.0214,95.8052,1,2013097,0,0,0,-65.0214,95.8052,1,0,0,0,0,0
-65.0214,95.8052,1,2013098,0,0,0,-65.0214,95.8052,1,0,0,0,0,0
-65.0214,95.8052,1,2013099,0,0,0,-65.0214,95.8052,1,0,0,0,0,0
-65.0214,95.8052,1,2013100,0,0,0,-65.0214,95.8052,1,0,0,0,0,0
-65.0214,95.8052,1,2013101,0,0,0,-65.0214,95.8052,1,0,0,0,0,0
-65.033,95.7664,1,2013102,0,0,0,-65.033,95.7664,1,0,0,0,0,0
-65.0136,95.7567,1,2013103,0,0,0,-65.0136,95.7567,1,0,0,0,0,0
-65.0137,95.7567,1,2013104,0,0,0,-65.0137,95.7567,1,0,0,0,0,0
-65.0137,95.7567,1,2013105,0,0,0,-65.0137,95.7567,1,0,0,0,0,0
-65.0137,95.7567,1,2013106,0,0,0,-65.0137,95.7567,1,0,0,0,0,0
-65.0137,95.7567,1,2013107,0,0,0,-65.0137,95.7567,1,0,0,0,0,0
-65.0137,95.7567,1,2013108,0,0,0,-65.0137,95.7567,1,0,0,0,0,0
-65.0341,95.7408,1,2013109,0,0,0,-65.0341,95.7408,1,0,0,0,0,0
-65.0528,95.766,1,2013110,0,0,0,-65.0528,95.766,1,0,0,0,0,0
-65.0528,95.766,1,2013111,0,0,0,-65.0528,95.766,1,0,0,0,0,0
-65.0528,95.766,1,2013112,0,0,0,-65.0528,95.766,1,0,0,0,0,0
-65.0536,95.7454,1,2013113,0,0,0,-65.0536,95.7454,1,0,0,0,0,0
-65.0536,95.7454,1,2013114,0,0,0,-65.0536,95.7454,1,0,0,0,0,0
-65.0536,95.7454,1,2013115,0,0,0,-65.0536,95.7454,1,0,0,0,0,0
-65.0536,95.7454,1,2013116,0,0,0,-65.0536,95.7454,1,0,0,0,0,0
-65.0536,95.7454,1,2013117,0,0,0,-65.0536,95.7454,1,0,0,0,0,0
-65.0536,95.7454,1,2013118,0,0,0,-65.0536,95.7454,1,0,0,0,0,0
-65.0536,95.7454,1,2013119,0,0,0,-65.0536,95.7454,1,0,0,0,0,0
-65.0038,95.7544,1,2013120,0,0,0,-65.0038,95.7544,1,0,0,0,0,0
-65.0038,95.7544,1,2013121,0,0,0,-65.0038,95.7544,1,0,0,0,0,0
-65.0038,95.7544,1,2013122,0,0,0,-65.0038,95.7544,1,0,0,0,0,0
-65.0038,95.7544,1,2013123,0,0,0,-65.0038,95.7544,1,0,0,0,0,0
-65.0038,95.7544,1,2013124,0,0,0,-65.0038,95.7544,1,0,0,0,0,0
-65.0038,95.7544,1,2013125,0,0,0,-65.0038,95.7544,1,0,0,0,0,0
-65.0038,95.7544,1,2013126,0,0,0,-65.0038,95.7544,1,0,0,0,0,0
-65.0038,95.7544,1,2013127,0,0,0,-65.0038,95.7544,1,0,0,0,0,0
-65.0038,95.7544,1,2013128,0,0,0,-65.0038,95.7544,1,0,0,0,0,0
-65.0038,95.7544,1,2013129,0,0,0,-65.0038,95.7544,1,0,0,0,0,0
-65.0039,95.7544,1,2013130,0,0,0,-65.0039,95.7544,1,0,0,0,0,0
-65.0039,95.7544,1,2013131,0,0,0,-65.0039,95.7544,1,0,0,0,0,0
-65.0039,95.7544,1,2013132,0,0,0,-65.0039,95.7544,1,0,0,0,0,0
-65.0039,95.7544,1,2013133,0,0,0,-65.0039,95.7544,1,0,0,0,0,0
-65.0039,95.7544,1,2013134,0,0,0,-65.0039,95.7544,1,0,0,0,0,0
-65.0048,95.7338,1,2013135,0,0,0,-65.0048,95.7338,1,0,0,0,0,0
-65.0048,95.7338,1,2013136,0,0,0,-65.0048,95.7338,1,0,0,0,0,0
-65.0048,95.7338,1,2013137,0,0,0,-65.0048,95.7338,1,0,0,0,0,0
-65.0048,95.7338,1,2013138,0,0,0,-65.0048,95.7338,1,0,0,0,0,0
-65.0048,95.7338,1,2013139,0,0,0,-65.0048,95.7338,1,0,0,0,0,0
-65.0021,95.7955,1,2013140,0,0,0,-65.0021,95.7955,1,0,0,0,0,0
-65.0108,95.8234,1,2013141,0,0,0,-65.0108,95.8234,1,0,0,0,0,0
-65.0108,95.8234,1,2013142,0,0,0,-65.0108,95.8234,1,0,0,0,0,0
-65.0108,95.8234,1,2013143,0,0,0,-65.0108,95.8234,1,0,0,0,0,0
-65.0108,95.8234,1,2013144,0,0,0,-65.0108,95.8234,1,0,0,0,0,0
-65.0108,95.8234,1,2013145,0,0,0,-65.0108,95.8234,1,0,0,0,0,0
-65.0108,95.8234,1,2013146,0,0,0,-65.0108,95.8234,1,0,0,0,0,0
-65.0108,95.8234,1,2013147,0,0,0,-65.0108,95.8234,1,0,0,0,0,0
-65.0108,95.8234,1,2013148,0,0,0,-65.0108,95.8234,1,0,0,0,0,0
-65.0132,95.7668,1,2013149,0,0,0,-65.0132,95.7668,1,0,0,0,0,0
-65.0132,95.7668,1,2013150,0,0,0,-65.0132,95.7668,1,0,0,0,0,0
-65.0132,95.7668,1,2013151,0,0,0,-65.0132,95.7668,1,0,0,0,0,0
-65.0132,95.7668,1,2013152,0,0,0,-65.0132,95.7668,1,0,0,0,0,0
-65.0132,95.7668,1,2013153,0,0,0,-65.0132,95.7668,1,0,0,0,0,0
-65.0132,95.7668,1,2013154,0,0,0,-65.0132,95.7668,1,0,0,0,0,0
-65.0428,95.7687,1,2013155,0,0,0,-65.0428,95.7687,1,0,0,0,0,0
-65.0428,95.7687,1,2013156,0,0,0,-65.0428,95.7687,1,0,0,0,0,0
-65.0428,95.7687,1,2013157,0,0,0,-65.0428,95.7687,1,0,0,0,0,0
-65.0428,95.7687,1,2013158,0,0,0,-65.0428,95.7687,1,0,0,0,0,0
-65.0428,95.7687,1,2013159,0,0,0,-65.0428,95.7687,1,0,0,0,0,0
-65.0428,95.7687,1,2013160,0,0,0,-65.0428,95.7687,1,0,0,0,0,0
-65.042,95.7843,1,2013161,0,0,0,-65.042,95.7843,1,0,0,0,0,0
-65.0418,95.7893,1,2013162,0,0,0,-65.0418,95.7893,1,0,0,0,0,0
-65.0409,95.8099,1,2013163,0,0,0,-65.0409,95.8099,1,0,0,0,0,0
-65.0605,95.8146,1,2013164,0,0,0,-65.0605,95.8146,1,0,0,0,0,0
-65.0702,95.817,1,2013165,0,0,0,-65.0702,95.817,1,0,0,0,0,0
-65.0631,95.7528,1,2013166,0,0,0,-65.0631,95.7528,1,0,0,0,0,0
-65.0624,95.7684,1,2013167,0,0,0,-65.0624,95.7684,1,0,0,0,0,0
-65.0535,95.7454,1,2013168,0,0,0,-65.0535,95.7454,1,0,0,0,0,0
-65.042,95.7843,1,2013169,0,0,0,-65.042,95.7843,1,0,0,0,0,0
-65.042,95.7843,1,2013170,0,0,0,-65.042,95.7843,1,0,0,0,0,0
-65.042,95.7843,1,2013171,0,0,0,-65.042,95.7843,1,0,0,0,0,0
-65.042,95.7843,1,2013172,0,0,0,-65.042,95.7843,1,0,0,0,0,0
-65.042,95.7843,1,2013173,0,0,0,-65.042,95.7843,1,0,0,0,0,0
-65.042,95.7843,1,2013174,0,0,0,-65.042,95.7843,1,0,0,0,0,0
-65.0303,95.8281,1,2013175,0,0,0,-65.0303,95.8281,1,0,0,0,0,0
-65.0203,95.8308,1,2013176,0,0,0,-65.0203,95.8308,1,0,0,0,0,0
-65.0203,95.8308,1,2013177,0,0,0,-65.0203,95.8308,1,0,0,0,0,0
-65.0203,95.8308,1,2013178,0,0,0,-65.0203,95.8308,1,0,0,0,0,0
-65.0203,95.8308,1,2013179,0,0,0,-65.0203,95.8308,1,0,0,0,0,0
-65.0203,95.8308,1,2013180,0,0,0,-65.0203,95.8308,1,0,0,0,0,0
-65.0203,95.8308,1,2013181,0,0,0,-65.0203,95.8308,1,0,0,0,0,0
-65.0097,95.849,1,2013182,0,0,0,-65.0097,95.849,1,0,0,0,0,0
-65.0097,95.849,1,2013183,0,0,0,-65.0097,95.849,1,0,0,0,0,0
-65.0097,95.849,1,2013184,0,0,0,-65.0097,95.849,1,0,0,0,0,0
-65.0097,95.849,1,2013185,0,0,0,-65.0097,95.849,1,0,0,0,0,0
-65.0097,95.849,1,2013186,0,0,0,-65.0097,95.849,1,0,0,0,0,0
-65.0097,95.849,1,2013187,0,0,0,-65.0097,95.849,1,0,0,0,0,0
-65.0097,95.849,1,2013188,0,0,0,-65.0097,95.849,1,0,0,0,0,0
-65.0008,95.8261,1,2013189,0,0,0,-65.0008,95.8261,1,0,0,0,0,0
-64.9999,95.8466,1,2013190,0,0,0,-64.9999,95.8466,1,0,0,0,0,0
-65.0186,95.8719,1,2013191,0,0,0,-65.0186,95.8719,1,0,0,0,0,0
-65.0076,95.8951,1,2013192,0,0,0,-65.0076,95.8951,1,0,0,0,0,0
-65.0068,95.9157,1,2013193,0,0,0,-65.0068,95.9157,1,0,0,0,0,0
-65.0173,95.9025,1,2013194,0,0,0,-65.0173,95.9025,1,0,0,0,0,0
-65.0192,95.8564,1,2013195,0,0,0,-65.0192,95.8564,1,0,0,0,0,0
-65.0479,95.8791,1,2013196,0,0,0,-65.0479,95.8791,1,0,0,0,0,0
-65.0467,95.9047,1,2013197,0,0,0,-65.0467,95.9047,1,0,0,0,0,0
-65.0387,95.8611,1,2013198,0,0,0,-65.0387,95.8611,1,0,0,0,0,0
-65.0381,95.8767,1,2013199,0,0,0,-65.0381,95.8767,1,0,0,0,0,0
-65.0298,95.8382,1,2013200,0,0,0,-65.0298,95.8382,1,0,0,0,0,0
-65.0185,95.8719,1,2013201,0,0,0,-65.0185,95.8719,1,0,0,0,0,0
-65.0183,95.8769,1,2013202,0,0,0,-65.0183,95.8769,1,0,0,0,0,0
-65.029,95.8587,1,2013203,0,0,0,-65.029,95.8587,1,0,0,0,0,0
-65.029,95.8587,1,2013204,0,0,0,-65.029,95.8587,1,0,0,0,0,0
-65.029,95.8587,1,2013205,0,0,0,-65.029,95.8587,1,0,0,0,0,0
-65.029,95.8587,1,2013206,0,0,0,-65.029,95.8587,1,0,0,0,0,0
-65.029,95.8587,1,2013207,0,0,0,-65.029,95.8587,1,0,0,0,0,0
-65.029,95.8587,1,2013208,0,0,0,-65.029,95.8587,1,0,0,0,0,0
-65.029,95.8587,1,2013209,0,0,0,-65.029,95.8587,1,0,0,0,0,0
-65.031,95.8126,1,2013210,0,0,0,-65.031,95.8126,1,0,0,0,0,0
-65.0303,95.8281,1,2013211,0,0,0,-65.0303,95.8281,1,0,0,0,0,0
-65.0283,95.8743,1,2013212,0,0,0,-65.0283,95.8743,1,0,0,0,0,0
-65.0503,95.8223,1,2013213,0,0,0,-65.0503,95.8223,1,0,0,0,0,0
-65.0203,95.8308,1,2013214,0,0,0,-65.0203,95.8308,1,0,0,0,0,0
-65.0088,95.8695,1,2013215,0,0,0,-65.0088,95.8695,1,0,0,0,0,0
-65.0104,95.8335,1,2013216,0,0,0,-65.0104,95.8335,1,0,0,0,0,0
-65.0302,95.8332,1,2013217,0,0,0,-65.0302,95.8332,1,0,0,0,0,0
-65.0302,95.8332,1,2013218,0,0,0,-65.0302,95.8332,1,0,0,0,0,0
-65.0302,95.8332,1,2013219,0,0,0,-65.0302,95.8332,1,0,0,0,0,0
-65.0302,95.8332,1,2013220,0,0,0,-65.0302,95.8332,1,0,0,0,0,0
-65.0302,95.8332,1,2013221,0,0,0,-65.0302,95.8332,1,0,0,0,0,0
-65.0302,95.8332,1,2013222,0,0,0,-65.0302,95.8332,1,0,0,0,0,0
-65.0302,95.8332,1,2013223,0,0,0,-65.0302,95.8332,1,0,0,0,0,0
-65.0302,95.8332,1,2013224,0,0,0,-65.0302,95.8332,1,0,0,0,0,0
-65.0302,95.8332,1,2013225,0,0,0,-65.0302,95.8332,1,0,0,0,0,0
-65.0302,95.8332,1,2013226,0,0,0,-65.0302,95.8332,1,0,0,0,0,0
-65.0123,95.7873,1,2013227,0,0,0,-65.0123,95.7873,1,0,0,0,0,0
-65.0123,95.7873,1,2013228,0,0,0,-65.0123,95.7873,1,0,0,0,0,0
-65.0123,95.7873,1,2013229,0,0,0,-65.0123,95.7873,1,0,0,0,0,0
-65.0123,95.7873,1,2013230,0,0,0,-65.0123,95.7873,1,0,0,0,0,0
-65.0123,95.7873,1,2013231,0,0,0,-65.0123,95.7873,1,0,0,0,0,0
-65.0224,95.7846,1,2013232,0,0,0,-65.0224,95.7846,1,0,0,0,0,0
-65.0224,95.7846,1,2013233,0,0,0,-65.0224,95.7846,1,0,0,0,0,0
-65.0224,95.7846,1,2013234,0,0,0,-65.0224,95.7846,1,0,0,0,0,0
-65.0224,95.7846,1,2013235,0,0,0,-65.0224,95.7846,1,0,0,0,0,0
-65.0224,95.7846,1,2013236,0,0,0,-65.0224,95.7846,1,0,0,0,0,0
-65.0224,95.7846,1,2013237,0,0,0,-65.0224,95.7846,1,0,0,0,0,0
-65.0223,95.7846,1,2013238,0,0,0,-65.0223,95.7846,1,0,0,0,0,0
-65.0223,95.7846,1,2013239,0,0,0,-65.0223,95.7846,1,0,0,0,0,0
-65.0223,95.7846,1,2013240,0,0,0,-65.0223,95.7846,1,0,0,0,0,0
-65.0223,95.7846,0,2013241,0,0,0,-65.0223,95.7846,0,0,0,0,0,0
-65.0223,95.7846,1,2013242,0,0,0,-65.0223,95.7846,1,0,0,0,0,0
-65.0223,95.7846,1,2013243,0,0,0,-65.0223,95.7846,1,0,0,0,0,0
-65.0223,95.7846,1,2013244,-64.96,95.91,1,-65.0223,95.7846,1,0,0,0,12,8
-65.0223,95.7846,1,2013245,0,0,0,-65.0223,95.7846,1,0,0,0,0,0
-65.0223,95.7846,1,2013246,0,0,0,-65.0223,95.7846,1,0,0,0,0,0
-65.0223,95.7846,1,2013247,0,0,0,-65.0223,95.7846,1,0,0,0,0,0
-65.0205,95.8258,1,2013248,0,0,0,-65.0205,95.8258,1,0,0,0,0,0
-65.0205,95.8258,1,2013249,0,0,0,-65.0205,95.8258,1,0,0,0,0,0
-65.0205,95.8258,1,2013250,0,0,0,-65.0205,95.8258,1,0,0,0,0,0
-65.0205,95.8258,1,2013251,0,0,0,-65.0205,95.8258,1,0,0,0,0,0
-65.0205,95.8258,1,2013252,0,0,0,-65.0205,95.8258,1,0,0,0,0,0
-65.0097,95.849,1,2013253,0,0,0,-65.0097,95.849,1,0,0,0,0,0
-65.0097,95.849,1,2013254,0,0,0,-65.0097,95.849,1,0,0,0,0,0
-65.0097,95.849,1,2013255,0,0,0,-65.0097,95.849,1,0,0,0,0,0
-65.0097,95.849,1,2013256,0,0,0,-65.0097,95.849,1,0,0,0,0,0
-65.0097,95.849,1,2013257,0,0,0,-65.0097,95.849,1,0,0,0,0,0
-65.0097,95.849,1,2013258,0,0,0,-65.0097,95.849,1,0,0,0,0,0
-65.0204,95.8308,1,2013259,0,0,0,-65.0204,95.8308,1,0,0,0,0,0
-65.0204,95.8308,1,2013260,0,0,0,-65.0204,95.8308,1,0,0,0,0,0
-65.0204,95.8308,1,2013261,0,0,0,-65.0204,95.8308,1,0,0,0,0,0
-65.0204,95.8308,1,2013262,0,0,0,-65.0204,95.8308,1,0,0,0,0,0
-65.0204,95.8308,1,2013263,0,0,0,-65.0204,95.8308,1,0,0,0,0,0
-65.0204,95.8308,1,2013264,0,0,0,-65.0204,95.8308,1,0,0,0,0,0
-65.0203,95.8308,1,2013265,0,0,0,-65.0203,95.8308,1,0,0,0,0,0
-65.0203,95.8308,1,2013266,0,0,0,-65.0203,95.8308,1,0,0,0,0,0
-65.0203,95.8308,1,2013267,0,0,0,-65.0203,95.8308,1,0,0,0,0,0
-65.0203,95.8308,1,2013268,0,0,0,-65.0203,95.8308,1,0,0,0,0,0
-65.0203,95.8308,1,2013269,0,0,0,-65.0203,95.8308,1,0,0,0,0,0
-65.0203,95.8308,1,2013270,0,0,0,-65.0203,95.8308,1,0,0,0,0,0
-65.0203,95.8308,1,2013271,0,0,0,-65.0203,95.8308,1,0,0,0,0,0
-65.0203,95.8308,1,2013272,0,0,0,-65.0203,95.8308,1,0,0,0,0,0
-65.0203,95.8308,1,2013273,0,0,0,-65.0203,95.8308,1,0,0,0,0,0
-65.0016,95.8055,1,2013274,0,0,0,-65.0016,95.8055,1,0,0,0,0,0
-65.0016,95.8055,1,2013275,0,0,0,-65.0016,95.8055,1,0,0,0,0,0
-65.0016,95.8055,1,2013276,0,0,0,-65.0016,95.8055,1,0,0,0,0,0
-65.0016,95.8055,1,2013277,0,0,0,-65.0016,95.8055,1,0,0,0,0,0
-65.0016,95.8055,1,2013278,0,0,0,-65.0016,95.8055,1,0,0,0,0,0
-65.0016,95.8055,1,2013279,0,0,0,-65.0016,95.8055,1,0,0,0,0,0
-65.0016,95.8055,1,2013280,0,0,0,-65.0016,95.8055,1,0,0,0,0,0
-64.9824,95.7958,1,2013281,0,0,0,-64.9824,95.7958,1,0,0,0,0,0
-64.9717,95.814,1,2013282,0,0,0,-64.9717,95.814,1,0,0,0,0,0
-64.9911,95.8237,1,2013283,0,0,0,-64.9911,95.8237,1,0,0,0,0,0
-64.9902,95.8443,1,2013284,0,0,0,-64.9902,95.8443,1,0,0,0,0,0
-64.9902,95.8443,1,2013285,0,0,0,-64.9902,95.8443,1,0,0,0,0,0
-64.9902,95.8443,1,2013286,0,0,0,-64.9902,95.8443,1,0,0,0,0,0
-64.9902,95.8443,1,2013287,0,0,0,-64.9902,95.8443,1,0,0,0,0,0
-64.9902,95.8443,1,2013288,0,0,0,-64.9902,95.8443,1,0,0,0,0,0
-64.9902,95.8443,1,2013289,0,0,0,-64.9902,95.8443,1,0,0,0,0,0
-64.9902,95.8443,1,2013290,0,0,0,-64.9902,95.8443,1,0,0,0,0,0
-64.9902,95.8443,1,2013291,-64.96,95.91,1,-64.9902,95.8443,1,0,0,0,12,8
-64.9902,95.8443,1,2013292,-64.96,95.91,0,-64.9902,95.8443,1,0,0,0,0,0
-64.9902,95.8443,1,2013293,-64.96,95.91,0,-64.9902,95.8443,1,0,0,0,0,0
-64.9902,95.8443,1,2013294,-64.96,95.91,0,-64.9902,95.8443,1,0,0,0,0,0
-64.9902,95.8443,1,2013295,-64.96,95.91,0,-64.9902,95.8443,1,0,0,0,0,0
-64.9804,95.8419,1,2013296,-64.96,95.91,0,-64.9804,95.8419,1,0,0,0,0,0
-64.992,95.8032,1,2013297,-64.96,95.91,0,-64.992,95.8032,1,0,0,0,0,0
-65.0002,95.8416,1,2013298,-64.96,95.91,1,-65.0002,95.8416,1,0,0,0,12,8
-65.0002,95.8416,1,2013299,0,0,0,-65.0002,95.8416,1,0,0,0,0,0
-65.0002,95.8416,1,2013300,0,0,0,-65.0002,95.8416,1,0,0,0,0,0
-65.0002,95.8416,1,2013301,0,0,0,-65.0002,95.8416,1,0,0,0,0,0
-65.0002,95.8416,1,2013302,0,0,0,-65.0002,95.8416,1,0,0,0,0,0
-65.0002,95.8416,1,2013303,0,0,0,-65.0002,95.8416,1,0,0,0,0,0
-65.0002,95.8416,1,2013304,0,0,0,-65.0002,95.8416,1,0,0,0,0,0
-65.0002,95.8416,1,2013305,0,0,0,-65.0002,95.8416,1,0,0,0,0,0
-65.0002,95.8416,1,2013306,0,0,0,-65.0002,95.8416,1,0,0,0,0,0
-65.0002,95.8416,1,2013307,0,0,0,-65.0002,95.8416,1,0,0,0,0,0
-65.0106,95.8284,1,2013308,0,0,0,-65.0106,95.8284,1,0,0,0,0,0
-65.0106,95.8284,1,2013309,0,0,0,-65.0106,95.8284,1,0,0,0,0,0
-65.0106,95.8284,1,2013310,0,0,0,-65.0106,95.8284,1,0,0,0,0,0
-65.0106,95.8284,1,2013311,0,0,0,-65.0106,95.8284,1,0,0,0,0,0
-65.0106,95.8284,1,2013312,-64.96,95.91,1,-65.0106,95.8284,1,0,0,0,12,8
-65.0106,95.8284,1,2013313,-64.96,95.91,0,-65.0106,95.8284,1,0,0,0,0,0
-65.0106,95.8284,1,2013314,-64.96,95.91,0,-65.0106,95.8284,1,0,0,0,0,0
-65.0106,95.8284,1,2013315,-64.96,95.91,0,-65.0106,95.8284,1,0,0,0,0,0
-65.0097,95.849,1,2013316,-64.96,95.91,0,-65.0097,95.849,1,0,0,0,0,0
-65.0097,95.849,1,2013317,-64.96,95.91,0,-65.0097,95.849,1,0,0,0,0,0
-65.0097,95.849,1,2013318,-64.96,95.91,0,-65.0097,95.849,1,0,0,0,0,0
-65.0097,95.849,1,2013319,-64.96,95.91,1,-65.0097,95.849,1,0,0,0,12,8
-65.0097,95.849,1,2013320,0,0,0,-65.0097,95.849,1,0,0,0,0,0
-65.0097,95.849,1,2013321,0,0,0,-65.0097,95.849,1,0,0,0,0,0
-65.0097,95.849,1,2013322,0,0,0,-65.0097,95.849,1,0,0,0,0,0
-65.0106,95.8284,1,2013323,0,0,0,-65.0106,95.8284,1,0,0,0,0,0
-65.0106,95.8284,1,2013324,0,0,0,-65.0106,95.8284,1,0,0,0,0,0
-65.0106,95.8284,1,2013325,0,0,0,-65.0106,95.8284,1,0,0,0,0,0
-65.0106,95.8284,1,2013326,0,0,0,-65.0106,95.8284,1,0,0,0,0,0
-65.0106,95.8284,1,2013327,0,0,0,-65.0106,95.8284,1,0,0,0,0,0
-65.0106,95.8284,1,2013328,0,0,0,-65.0106,95.8284,1,0,0,0,0,0
-65.0106,95.8284,1,2013329,0,0,0,-65.0106,95.8284,1,0,0,0,0,0
-65.0106,95.8284,1,2013330,0,0,0,-65.0106,95.8284,1,0,0,0,0,0
-65.0106,95.8284,1,2013331,0,0,0,-65.0106,95.8284,1,0,0,0,0,0
-65.0106,95.8284,1,2013332,0,0,0,-65.0106,95.8284,1,0,0,0,0,0
0,0,0,2013333,-64.96,95.91,1,0,0,0,0,0,0,12,8
0,0,0,2013334,-64.96,95.91,0,0,0,0,0,0,0,0,0
0,0,0,2013335,-64.96,95.91,0,0,0,0,0,0,0,0,0
-65.0106,95.8284,1,2013336,-64.96,95.91,0,-65.0106,95.8284,1,0,0,0,0,0
-65.0106,95.8284,1,2013337,-64.96,95.91,0,-65.0106,95.8284,1,0,0,0,0,0
-65.0106,95.8284,1,2013338,-64.96,95.91,0,-65.0106,95.8284,1,0,0,0,0,0
-65.0106,95.8284,1,2013339,-64.96,95.91,0,-65.0106,95.8284,1,0,0,0,0,0
-65.0106,95.8284,1,2013340,-64.96,95.91,1,-65.0106,95.8284,1,0,0,0,12,8
-65.0106,95.8284,1,2013341,0,0,0,-65.0106,95.8284,1,0,0,0,0,0
-64.9999,95.8466,1,2013342,0,0,0,-64.9999,95.8466,1,0,0,0,0,0
-64.9999,95.8466,1,2013343,0,0,0,-64.9999,95.8466,1,0,0,0,0,0
-64.9999,95.8466,1,2013344,0,0,0,-64.9999,95.8466,1,0,0,0,0,0
-64.9999,95.8466,1,2013345,0,0,0,-64.9999,95.8466,1,0,0,0,0,0
-64.9999,95.8466,1,2013347,0,0,0,-64.9999,95.8466,1,0,0,0,0,0
-64.9999,95.8466,1,2013348,0,0,0,-64.9999,95.8466,1,0,0,0,0,0
-64.9999,95.8466,1,2013349,0,0,0,-64.9999,95.8466,1,0,0,0,0,0
-64.9999,95.8466,1,2013350,0,0,0,-64.9999,95.8466,1,0,0,0,0,0
-64.9999,95.8466,1,2013351,0,0,0,-64.9999,95.8466,1,0,0,0,0,0
-64.9999,95.8466,1,2013352,0,0,0,-64.9999,95.8466,1,0,0,0,0,0
-64.9999,95.8466,1,2013353,0,0,0,-64.9999,95.8466,1,0,0,0,0,0
-64.9999,95.8466,1,2013354,-64.96,95.91,1,-64.9999,95.8466,1,0,0,0,12,8
-64.9999,95.8466,1,2013355,0,0,0,-64.9999,95.8466,1,0,0,0,0,0
-65.0434,95.982,1,2013356,0,0,0,-65.0434,95.982,1,0,0,0,0,0
-65.0434,95.982,1,2013357,0,0,0,-65.0434,95.982,1,0,0,0,0,0
-65.0434,95.982,1,2013358,0,0,0,-65.0434,95.982,1,0,0,0,0,0
-65.0434,95.982,1,2013359,0,0,0,-65.0434,95.982,1,0,0,0,0,0
-65.0434,95.982,1,2013360,0,0,0,-65.0434,95.982,1,0,0,0,0,0
-65.0434,95.982,1,2013361,0,0,0,-65.0434,95.982,1,0,0,0,0,0
-65.0434,95.982,1,2013362,0,0,0,-65.0434,95.982,1,0,0,0,0,0
-65.0434,95.982,1,2013363,0,0,0,-65.0434,95.982,1,0,0,0,0,0
-65.0434,95.982,1,2013364,0,0,0,-65.0434,95.982,1,0,0,0,0,0
-65.0434,95.982,1,2014003,-64.96,95.91,1,-65.0434,95.982,1,0,0,0,12,8
-65.0434,95.982,1,2014004,-64.96,95.91,0,-65.0434,95.982,1,0,0,0,0,0
-65.0434,95.982,1,2014005,-64.96,95.91,0,-65.0434,95.982,1,0,0,0,0,0
-65.0434,95.982,1,2014006,-64.96,95.91,0,-65.0434,95.982,1,0,0,0,0,0
-65.0434,95.982,1,2014007,-64.96,95.91,0,-65.0434,95.982,1,0,0,0,0,0
-65.0434,95.982,1,2014008,-64.96,95.91,0,-65.0434,95.982,1,0,0,0,0,0
-65.0434,95.982,1,2014009,-64.96,95.91,0,-65.0434,95.982,1,0,0,0,0,0
-65.0434,95.982,1,2014010,-64.96,95.91,1,-65.0434,95.982,1,0,0,0,12,8
-65.0434,95.982,1,2014011,-64.96,95.91,0,-65.0434,95.982,1,0,0,0,0,0
-65.0434,95.982,1,2014012,-64.96,95.91,0,-65.0434,95.982,1,0,0,0,0,0
-65.0434,95.982,1,2014013,-64.96,95.91,0,-65.0434,95.982,1,0,0,0,0,0
-65.0434,95.982,1,2014014,-64.96,95.91,0,-65.0434,95.982,1,0,0,0,0,0
-65.0434,95.982,1,2014015,-64.96,95.91,0,-65.0434,95.982,1,0,0,0,0,0
-65.0434,95.982,1,2014016,-64.96,95.91,0,-65.0434,95.982,1,0,0,0,0,0
-65.0434,95.982,1,2014017,-64.96,95.91,1,-65.0434,95.982,1,0,0,0,12,8
-65.0434,95.982,1,2014018,-64.96,95.91,0,-65.0434,95.982,1,0,0,0,0,0
-65.0434,95.982,1,2014019,-64.96,95.91,0,-65.0434,95.982,1,0,0,0,0,0
-65.0434,95.982,1,2014020,-64.96,95.91,0,-65.0434,95.982,1,0,0,0,0,0
-65.0434,95.982,1,2014021,-64.96,95.91,0,-65.0434,95.982,1,0,0,0,0,0
-65.0434,95.982,1,2014022,-64.96,95.91,0,-65.0434,95.982,1,0,0,0,0,0
-65.0434,95.982,1,2014023,-64.96,95.91,0,-65.0434,95.982,1,0,0,0,0,0
-65.0434,95.982,1,2014024,-64.96,95.91,1,-65.0434,95.982,1,0,0,0,12,8
-65.0434,95.982,1,2014025,-64.96,95.91,0,-65.0434,95.982,1,0,0,0,0,0
-65.0434,95.982,1,2014026,-64.96,95.91,0,-65.0434,95.982,1,0,0,0,0,0
-65.0434,95.982,1,2014027,-64.96,95.91,0,-65.0434,95.982,1,0,0,0,0,0
-65.0434,95.982,1,2014028,-64.96,95.91,0,-65.0434,95.982,1,0,0,0,0,0
-65.0434,95.982,1,2014029,-64.96,95.91,0,-65.0434,95.982,1,0,0,0,0,0
-65.0434,95.982,1,2014030,-64.96,95.91,0,-65.0434,95.982,1,0,0,0,0,0
0,0,0,2014031,-64.96,95.91,1,0,0,0,0,0,0,12,8
0,0,0,2014032,-64.96,95.91,0,0,0,0,0,0,0,0,0
0,0,0,2014033,-64.96,95.91,0,0,0,0,0,0,0,0,0
0,0,0,2014034,-64.96,95.91,0,0,0,0,0,0,0,0,0
-65.0434,95.982,1,2014035,-64.96,95.91,0,-65.0434,95.982,1,0,0,0,0,0
-65.0434,95.982,1,2014036,-64.96,95.91,0,-65.0434,95.982,1,0,0,0,0,0
-65.0434,95.982,1,2014037,-64.96,95.91,0,-65.0434,95.982,1,0,0,0,0,0
-65.0434,95.982,1,2014038,-64.96,95.91,1,-65.0434,95.982,1,0,0,0,12,8
0,0,0,2014039,-64.96,95.91,0,0,0,0,0,0,0,0,0
-65.0434,95.982,1,2014040,-64.96,95.91,0,-65.0434,95.982,1,0,0,0,0,0
-65.0434,95.982,1,2014041,-64.96,95.91,0,-65.0434,95.982,1,0,0,0,0,0
-65.0434,95.982,1,2014042,-64.96,95.91,0,-65.0434,95.982,1,0,0,0,0,0
-65.0434,95.982,1,2014043,-64.96,95.91,0,-65.0434,95.982,1,0,0,0,0,0
-65.0434,95.982,1,2014044,-64.96,95.91,0,-65.0434,95.982,1,0,0,0,0,0
-65.0434,95.982,1,2014045,-64.96,95.91,1,-65.0434,95.982,1,0,0,0,12,8
-65.0434,95.982,1,2014046,-64.96,95.91,0,-65.0434,95.982,1,0,0,0,0,0
-65.0434,95.982,1,2014047,-64.96,95.91,0,-65.0434,95.982,1,0,0,0,0,0
-65.0434,95.982,1,2014048,-64.96,95.91,0,-65.0434,95.982,1,0,0,0,0,0
-65.0434,95.982,1,2014049,-64.96,95.91,0,-65.0434,95.982,1,0,0,0,0,0
-65.0434,95.982,1,2014050,-64.96,95.91,0,-65.0434,95.982,1,0,0,0,0,0
-65.0434,95.982,1,2014051,-64.96,95.91,0,-65.0434,95.982,1,0,0,0,0,0
-65.0434,95.982,1,2014052,-64.96,95.91,1,-65.0434,95.982,1,0,0,0,12,8
-65.0434,95.982,1,2014053,-64.96,95.91,0,-65.0434,95.982,1,0,0,0,0,0
-65.0434,95.982,1,2014054,-64.96,95.91,0,-65.0434,95.982,1,0,0,0,0,0
-65.0434,95.982,1,2014055,-64.96,95.91,0,-65.0434,95.982,1,0,0,0,0,0
0,0,0,2014056,-64.96,95.91,0,0,0,0,0,0,0,0,0
-65.0434,95.982,1,2014057,-64.96,95.91,0,0,0,0,0,0,0,0,0
-65.0434,95.982,1,2014058,-64.96,95.91,0,0,0,0,0,0,0,0,0
-65.0532,95.9997,1,2014059,-64.96,95.91,1,0,0,0,0,0,0,12,8
-65.0532,95.9997,1,2014060,-64.96,95.91,0,0,0,0,0,0,0,0,0
-65.0532,95.9997,1,2014061,-64.96,95.91,0,0,0,0,0,0,0,0,0
-65.0532,95.9997,1,2014062,-64.96,95.91,0,0,0,0,0,0,0,0,0
-65.0532,95.9997,1,2014063,-64.96,95.91,0,0,0,0,0,0,0,0,0
-65.0532,95.9997,1,2014064,-64.96,95.91,0,0,0,0,0,0,0,0,0
-65.0532,95.9997,1,2014065,-64.96,95.91,0,0,0,0,0,0,0,0,0
-65.0532,95.9997,1,2014066,-64.96,95.91,1,0,0,0,0,0,0,12,8
-65.0532,95.9997,1,2014067,-64.96,95.91,0,0,0,0,0,0,0,0,0
-65.0532,95.9997,1,2014068,-64.96,95.91,0,0,0,0,0,0,0,0,0
-65.0532,95.9997,1,2014069,-64.96,95.91,0,0,0,0,0,0,0,0,0
-65.0532,95.9997,1,2014070,-64.96,95.91,0,0,0,0,0,0,0,0,0
0,0,0,2014071,-64.96,95.91,0,0,0,0,0,0,0,0,0
-65.0532,95.9997,1,2014072,-64.96,95.91,0,0,0,0,0,0,0,0,0
-65.0532,95.9997,1,2014073,-64.96,95.91,1,0,0,0,0,0,0,12,8
-65.0532,95.9997,1,2014074,-64.96,95.91,0,0,0,0,0,0,0,0,0
-65.0532,95.9997,1,2014075,-64.96,95.91,0,0,0,0,0,0,0,0,0
-65.0532,95.9997,1,2014076,-64.96,95.91,0,0,0,0,0,0,0,0,0
-65.0532,95.9997,1,2014077,-64.96,95.91,0,0,0,0,0,0,0,0,0
-65.0532,95.9997,1,2014078,-64.96,95.91,0,0,0,0,0,0,0,0,0
-65.0532,95.9997,1,2014079,-64.96,95.91,0,0,0,0,0,0,0,0,0
-65.0532,95.9997,1,2014080,-64.96,95.91,1,0,0,0,0,0,0,12,8
-65.0532,95.9997,1,2014081,-64.96,95.91,0,0,0,0,0,0,0,0,0
-65.0532,95.9997,1,2014082,-64.96,95.91,0,0,0,0,0,0,0,0,0
-65.0532,95.9997,1,2014083,-64.96,95.91,0,0,0,0,0,0,0,0,0
-65.0532,95.9997,1,2014084,-64.96,95.91,0,0,0,0,0,0,0,0,0
-65.0532,95.9997,1,2014085,-64.96,95.91,0,0,0,0,0,0,0,0,0
-65.0532,95.9997,1,2014086,-64.96,95.91,0,0,0,0,0,0,0,0,0
-65.0532,95.9997,1,2014087,-64.96,95.91,1,0,0,0,0,0,0,12,8
-65.0532,95.9997,1,2014088,-64.96,95.91,0,0,0,0,0,0,0,0,0
-65.0532,95.9997,1,2014089,-64.96,95.91,0,0,0,0,0,0,0,0,0
0,0,0,2014090,-64.96,95.91,0,0,0,0,0,0,0,0,0
-65.0205,96.0331,1,2014091,-64.96,95.91,0,0,0,0,0,0,0,0,0
-65.0205,96.0331,1,2014092,-64.96,95.91,0,0,0,0,0,0,0,0,0
-65.0205,96.0331,1,2014093,-64.96,95.91,0,0,0,0,0,0,0,0,0
-65.0163,96.1253,1,2014094,-64.96,95.91,1,0,0,0,0,0,0,12,8
-65.0163,96.1253,1,2014095,-64.96,95.91,0,0,0,0,0,0,0,0,0
-64.923,96.133,1,2014096,-64.96,95.91,0,0,0,0,0,0,0,0,0
-64.923,96.133,1,2014097,-64.96,95.91,0,0,0,0,0,0,0,0,0
-64.8784,96.2453,1,2014098,-64.96,95.91,0,0,0,0,0,0,0,0,0
-64.8784,96.2453,1,2014099,-64.96,95.91,0,0,0,0,0,0,0,0,0
-64.8784,96.2453,1,2014100,-64.96,95.91,0,0,0,0,0,0,0,0,0
-64.8784,96.2453,1,2014101,-64.96,95.91,1,0,0,0,0,0,0,12,8
-64.8784,96.2453,1,2014102,-64.96,95.91,0,0,0,0,0,0,0,0,0
-64.8784,96.2453,1,2014103,-64.96,95.91,0,0,0,0,0,0,0,0,0
-64.8784,96.2453,1,2014104,-64.96,95.91,0,0,0,0,0,0,0,0,0
-64.8784,96.2453,1,2014105,-64.96,95.91,0,0,0,0,0,0,0,0,0
-64.7747,96.3523,1,2014106,-64.96,95.91,0,0,0,0,0,0,0,0,0
-64.7747,96.3523,1,2014107,-64.96,95.91,0,0,0,0,0,0,0,0,0
-64.7747,96.3523,1,2014108,-64.96,95.91,1,0,0,0,0,0,0,12,8
-64.812,96.4028,1,2014109,-64.96,95.91,0,0,0,0,0,0,0,0,0
-64.812,96.4028,1,2014110,-64.96,95.91,0,0,0,0,0,0,0,0,0
-64.7904,96.4384,1,2014111,-64.96,95.91,0,0,0,0,0,0,0,0,0
-64.7904,96.4384,1,2014112,-64.96,95.91,0,0,0,0,0,0,0,0,0
-64.7904,96.4384,1,2014113,-64.96,95.91,0,0,0,0,0,0,0,0,0
-64.7904,96.4384,1,2014114,-64.96,95.91,0,0,0,0,0,0,0,0,0
-64.7904,96.4384,1,2014115,-64.96,95.91,1,0,0,0,0,0,0,12,8
-64.7904,96.4384,1,2014116,0,0,0,0,0,0,0,0,0,0,0
-64.7904,96.4384,1,2014117,0,0,0,0,0,0,0,0,0,0,0
-64.7904,96.4384,1,2014118,0,0,0,0,0,0,0,0,0,0,0
-64.7904,96.4384,1,2014119,0,0,0,0,0,0,0,0,0,0,0
-64.7904,96.4384,1,2014120,0,0,0,0,0,0,0,0,0,0,0
-64.7904,96.4384,1,2014121,0,0,0,0,0,0,0,0,0,0,0
-64.748,96.4989,1,2014122,0,0,0,0,0,0,0,0,0,0,0
-64.748,96.4989,1,2014123,0,0,0,0,0,0,0,0,0,0,0
-64.748,96.4989,1,2014124,0,0,0,0,0,0,0,0,0,0,0
-64.7022,96.5278,1,2014125,0,0,0,0,0,0,0,0,0,0,0
-64.7022,96.5278,1,2014126,0,0,0,0,0,0,0,0,0,0,0
-64.7022,96.5278,1,2014127,0,0,0,0,0,0,0,0,0,0,0
-64.6716,96.5502,1,2014128,0,0,0,0,0,0,0,0,0,0,0
-64.6716,96.5502,1,2014129,-64.96,95.91,1,0,0,0,0,0,0,12,8
-64.6716,96.5502,1,2014130,-64.96,95.91,0,0,0,0,0,0,0,0,0
-64.6716,96.5502,1,2014131,-64.96,95.91,0,0,0,0,0,0,0,0,0
-64.6716,96.5502,1,2014132,-64.96,95.91,0,0,0,0,0,0,0,0,0
-64.6716,96.5502,1,2014133,-64.96,95.91,0,0,0,0,0,0,0,0,0
-64.6716,96.5502,0,2014134,-64.96,95.91,0,0,0,0,0,0,0,0,0
-64.6716,96.5502,0,2014135,-64.96,95.91,0,0,0,0,0,0,0,0,0
-64.6716,96.5502,0,2014136,-64.96,95.91,1,0,0,0,0,0,0,12,8
-64.6716,96.5502,0,2014137,-64.96,95.91,0,0,0,0,0,0,0,0,0
-64.6716,96.5502,0,2014138,-64.96,95.91,0,0,0,0,0,0,0,0,0
-64.6716,96.5502,1,2014139,-64.96,95.91,0,0,0,0,0,0,0,0,0
-64.6697,96.5907,1,2014140,-64.96,95.91,0,0,0,0,0,0,0,0,0
-64.6697,96.5907,1,2014141,-64.96,95.91,0,0,0,0,0,0,0,0,0
-64.6697,96.5907,1,2014142,-64.96,95.91,0,0,0,0,0,0,0,0,0
-64.6697,96.5907,1,2014143,-64.96,95.91,1,0,0,0,0,0,0,12,8
-64.6697,96.5907,1,2014144,-64.96,95.91,0,0,0,0,0,0,0,0,0
-64.6867,96.6463,1,2014145,-64.96,95.91,0,0,0,0,0,0,0,0,0
-64.6867,96.6463,1,2014146,-64.96,95.91,0,0,0,0,0,0,0,0,0
-64.6867,96.6463,1,2014147,-64.96,95.91,0,0,0,0,0,0,0,0,0
-64.6867,96.6463,1,2014148,-64.96,95.91,0,0,0,0,0,0,0,0,0
-64.6867,96.6463,1,2014149,-64.96,95.91,0,0,0,0,0,0,0,0,0
-64.6867,96.6463,1,2014150,-64.96,95.91,1,0,0,0,0,0,0,12,8
-64.6867,96.6463,1,2014151,-64.96,95.91,0,0,0,0,0,0,0,0,0
-64.6867,96.6463,1,2014152,-64.96,95.91,0,0,0,0,0,0,0,0,0
-64.6867,96.6463,1,2014153,-64.96,95.91,0,0,0,0,0,0,0,0,0
-64.6867,96.6463,1,2014154,-64.96,95.91,0,0,0,0,0,0,0,0,0
-64.6867,96.6463,1,2014155,-64.96,95.91,0,0,0,0,0,0,0,0,0
-64.6867,96.6463,1,2014156,-64.96,95.91,0,0,0,0,0,0,0,0,0
-64.6867,96.6463,1,2014157,-64.96,95.91,1,0,0,0,0,0,0,12,8
-64.6867,96.6463,1,2014158,-64.96,95.91,0,0,0,0,0,0,0,0,0
-64.6867,96.6463,1,2014159,-64.96,95.91,0,0,0,0,0,0,0,0,0
-64.6867,96.6463,0,2014160,-64.96,95.91,0,0,0,0,0,0,0,0,0
-64.6867,96.6463,1,2014161,-64.96,95.91,0,0,0,0,0,0,0,0,0
-64.6867,96.6463,1,2014162,-64.96,95.91,0,0,0,0,0,0,0,0,0
-64.6867,96.6463,1,2014163,-64.96,95.91,0,0,0,0,0,0,0,0,0
-64.6867,96.6463,1,2014164,-64.96,95.91,1,0,0,0,0,0,0,12,8
-64.6867,96.6463,1,2014165,0,0,0,0,0,0,0,0,0,0,0
-64.6867,96.6463,1,2014166,0,0,0,0,0,0,0,0,0,0,0
-64.6867,96.6463,1,2014167,0,0,0,0,0,0,0,0,0,0,0
-64.6867,96.6463,1,2014168,0,0,0,0,0,0,0,0,0,0,0
-64.6867,96.6463,1,2014169,0,0,0,0,0,0,0,0,0,0,0
-64.6867,96.6463,1,2014170,0,0,0,0,0,0,0,0,0,0,0
-64.6867,96.6463,1,2014171,0,0,0,0,0,0,0,0,0,0,0
-64.6867,96.6463,1,2014172,0,0,0,0,0,0,0,0,0,0,0
-64.6867,96.6463,1,2014173,0,0,0,0,0,0,0,0,0,0,0
-64.6867,96.6463,1,2014174,0,0,0,0,0,0,0,0,0,0,0
-64.6867,96.6463,1,2014175,0,0,0,0,0,0,0,0,0,0,0
-64.6867,96.6463,1,2014176,0,0,0,0,0,0,0,0,0,0,0
-64.6867,96.6463,1,2014177,0,0,0,0,0,0,0,0,0,0,0
-64.6867,96.6463,1,2014178,-64.96,95.91,1,0,0,0,0,0,0,12,8
-64.6867,96.6463,1,2014179,-64.96,95.91,0,0,0,0,0,0,0,0,0
-64.6867,96.6463,1,2014180,-64.96,95.91,0,0,0,0,0,0,0,0,0
-64.6867,96.6463,1,2014181,-64.96,95.91,0,0,0,0,0,0,0,0,0
-64.6867,96.6463,1,2014182,-64.96,95.91,0,0,0,0,0,0,0,0,0
-64.6867,96.6463,1,2014183,-64.96,95.91,0,0,0,0,0,0,0,0,0
-64.6867,96.6463,1,2014184,-64.96,95.91,0,0,0,0,0,0,0,0,0
-64.6867,96.6463,1,2014185,-64.96,95.91,1,0,0,0,0,0,0,12,8
-64.6867,96.6463,1,2014186,-64.96,95.91,0,0,0,0,0,0,0,0,0
-64.6867,96.6463,1,2014187,-64.96,95.91,0,0,0,0,0,0,0,0,0
-64.6867,96.6463,1,2014188,-64.96,95.91,0,0,0,0,0,0,0,0,0
-64.6867,96.6463,1,2014189,-64.96,95.91,0,0,0,0,0,0,0,0,0
-64.6867,96.6463,1,2014190,-64.96,95.91,0,0,0,0,0,0,0,0,0
-64.6867,96.6463,1,2014191,-64.96,95.91,0,0,0,0,0,0,0,0,0
-64.6867,96.6463,1,2014192,-64.96,95.91,1,0,0,0,0,0,0,12,8
-64.6867,96.6463,1,2014193,0,0,0,0,0,0,0,0,0,0,0
-64.6867,96.6463,1,2014194,0,0,0,0,0,0,0,0,0,0,0
-64.6867,96.6463,1,2014195,0,0,0,0,0,0,0,0,0,0,0
-64.6867,96.6463,1,2014196,0,0,0,0,0,0,0,0,0,0,0
-64.6867,96.6463,1,2014197,0,0,0,0,0,0,0,0,0,0,0
-64.6867,96.6463,1,2014198,0,0,0,0,0,0,0,0,0,0,0
-64.6867,96.6463,1,2014199,0,0,0,0,0,0,0,0,0,0,0
-64.6867,96.6463,1,2014200,0,0,0,0,0,0,0,0,0,0,0
-64.6867,96.6463,1,2014201,0,0,0,0,0,0,0,0,0,0,0
-64.6867,96.6463,1,2014202,0,0,0,0,0,0,0,0,0,0,0
-64.6867,96.6463,1,2014203,0,0,0,0,0,0,0,0,0,0,0
-64.6867,96.6463,1,2014204,0,0,0,0,0,0,0,0,0,0,0
-64.6867,96.6463,1,2014205,0,0,0,0,0,0,0,0,0,0,0
-64.6867,96.6463,1,2014206,-64.96,95.91,1,0,0,0,0,0,0,12,8
-64.6867,96.6463,1,2014207,-64.96,95.91,0,0,0,0,0,0,0,0,0
-64.6867,96.6463,1,2014208,-64.96,95.91,0,0,0,0,0,0,0,0,0
-64.6867,96.6463,1,2014209,-64.96,95.91,0,0,0,0,0,0,0,0,0
-64.6867,96.6463,0,2014210,-64.96,95.91,0,0,0,0,0,0,0,0,0
-64.6867,96.6463,1,2014211,-64.96,95.91,0,0,0,0,0,0,0,0,0
-64.6867,96.6463,1,2014212,-64.96,95.91,0,0,0,0,0,0,0,0,0
-64.6867,96.6463,1,2014213,-64.96,95.91,1,0,0,0,0,0,0,12,8
-64.6867,96.6463,1,2014214,-64.96,95.91,0,0,0,0,0,0,0,0,0
-64.6867,96.6463,1,2014215,-64.96,95.91,0,0,0,0,0,0,0,0,0
-64.6867,96.6463,1,2014216,-64.96,95.91,0,0,0,0,0,0,0,0,0
-64.6867,96.6463,1,2014217,-64.96,95.91,0,0,0,0,0,0,0,0,0
-64.6867,96.6463,1,2014218,-64.96,95.91,0,0,0,0,0,0,0,0,0
-64.6867,96.6463,1,2014219,-64.96,95.91,0,0,0,0,0,0,0,0,0
-64.6867,96.6463,1,2014220,-64.96,95.91,1,0,0,0,0,0,0,12,8
-64.6867,96.6463,1,2014221,-64.96,95.91,0,0,0,0,0,0,0,0,0
-64.6867,96.6463,1,2014222,-64.96,95.91,0,0,0,0,0,0,0,0,0
-64.6867,96.6463,0,2014223,-64.96,95.91,0,0,0,0,0,0,0,0,0
-64.6867,96.6463,1,2014224,-64.96,95.91,0,0,0,0,0,0,0,0,0
-64.6867,96.6463,1,2014225,-64.96,95.91,0,0,0,0,0,0,0,0,0
-64.6867,96.6463,1,2014226,-64.96,95.91,0,0,0,0,0,0,0,0,0
-64.6867,96.6463,1,2014227,-64.96,95.91,1,0,0,0,0,0,0,12,8
-64.6867,96.6463,1,2014228,-64.96,95.91,0,0,0,0,0,0,0,0,0
-64.6867,96.6463,1,2014229,-64.96,95.91,0,0,0,0,0,0,0,0,0
-64.6867,96.6463,1,2014230,-64.96,95.91,0,0,0,0,0,0,0,0,0
-64.6867,96.6463,1,2014231,-64.96,95.91,0,0,0,0,0,0,0,0,0
-64.6867,96.6463,1,2014232,-64.96,95.91,0,0,0,0,0,0,0,0,0
-64.6867,96.6463,1,2014233,-64.96,95.91,0,0,0,0,0,0,0,0,0
-64.6867,96.6463,1,2014234,-64.96,95.91,1,0,0,0,0,0,0,12,8
-64.6867,96.6463,1,2014235,-64.96,95.91,0,0,0,0,0,0,0,0,0
-64.6867,96.6463,1,2014236,-64.96,95.91,0,0,0,0,0,0,0,0,0
-64.6867,96.6463,1,2014237,-64.96,95.91,0,0,0,0,0,0,0,0,0
-64.6867,96.6463,1,2014238,-64.96,95.91,0,0,0,0,0,0,0,0,0
-64.6867,96.6463,1,2014239,-64.96,95.91,0,0,0,0,0,0,0,0,0
-64.6867,96.6463,1,2014240,-64.96,95.91,0,0,0,0,0,0,0,0,0
-64.6867,96.6463,1,2014241,-64.96,95.91,1,0,0,0,0,0,0,12,8
-64.6867,96.6463,1,2014242,-64.96,95.91,0,0,0,0,0,0,0,0,0
-64.6867,96.6463,1,2014243,-64.96,95.91,0,0,0,0,0,0,0,0,0
-64.6867,96.6463,1,2014244,-64.96,95.91,0,0,0,0,0,0,0,0,0
-64.6933,96.7097,1,2014245,-64.96,95.91,0,0,0,0,0,0,0,0,0
-64.6933,96.7097,1,2014246,-64.96,95.91,0,0,0,0,0,0,0,0,0
-64.6933,96.7097,1,2014247,-64.96,95.91,0,0,0,0,0,0,0,0,0
-64.6933,96.7097,1,2014248,-64.96,95.91,1,0,0,0,0,0,0,12,8
-64.6933,96.7097,1,2014249,-64.96,95.91,0,0,0,0,0,0,0,0,0
-64.6933,96.7097,1,2014250,-64.96,95.91,0,0,0,0,0,0,0,0,0
-64.6933,96.7097,1,2014251,-64.96,95.91,0,0,0,0,0,0,0,0,0
-64.6933,96.7097,1,2014252,-64.96,95.91,0,0,0,0,0,0,0,0,0
-64.6933,96.7097,1,2014253,-64.96,95.91,0,0,0,0,0,0,0,0,0
-64.6933,96.7097,1,2014254,-64.96,95.91,0,0,0,0,0,0,0,0,0
-64.6933,96.7097,0,2014255,-64.96,95.91,1,0,0,0,0,0,0,12,8
-64.6933,96.7097,1,2014256,-64.96,95.91,0,0,0,0,0,0,0,0,0
-64.6933,96.7097,1,2014257,-64.96,95.91,0,0,0,0,0,0,0,0,0
-64.6933,96.7097,1,2014258,-64.96,95.91,0,0,0,0,0,0,0,0,0
-64.6933,96.7097,1,2014259,-64.96,95.91,0,0,0,0,0,0,0,0,0
-64.6933,96.7097,1,2014260,-64.96,95.91,0,0,0,0,0,0,0,0,0
-64.6933,96.7097,1,2014261,-64.96,95.91,0,0,0,0,0,0,0,0,0
-64.6933,96.7097,1,2014262,-64.96,95.91,1,0,0,0,0,0,0,12,8
-64.6933,96.7097,1,2014263,-64.96,95.91,0,0,0,0,0,0,0,0,0
-64.6933,96.7097,1,2014264,-64.96,95.91,0,0,0,0,0,0,0,0,0
-64.6933,96.7097,1,2014265,-64.96,95.91,0,0,0,0,0,0,0,0,0
-64.6933,96.7097,1,2014266,-64.96,95.91,0,0,0,0,0,0,0,0,0
-64.6933,96.7097,1,2014267,-64.96,95.91,0,0,0,0,0,0,0,0,0
-64.6933,96.7097,1,2014268,-64.96,95.91,0,0,0,0,0,0,0,0,0
-64.6933,96.7097,0,2014269,-64.96,95.91,1,0,0,0,0,0,0,12,8
-64.6933,96.7097,0,2014270,-64.96,95.91,0,0,0,0,0,0,0,0,0
-64.6933,96.7097,1,2014271,-64.96,95.91,0,0,0,0,0,0,0,0,0
-64.6933,96.7097,1,2014272,-64.96,95.91,0,0,0,0,0,0,0,0,0
-64.6933,96.7097,1,2014273,-64.96,95.91,0,0,0,0,0,0,0,0,0
-64.6933,96.7097,1,2014274,-64.96,95.91,0,0,0,0,0,0,0,0,0
-64.6933,96.7097,1,2014275,-64.96,95.91,0,0,0,0,0,0,0,0,0
-64.6933,96.7097,1,2014276,-64.96,95.91,1,0,0,0,0,0,0,12,8
-64.6933,96.7097,1,2014277,-64.96,95.91,0,0,0,0,0,0,0,0,0
-64.6933,96.7097,1,2014278,-64.96,95.91,0,0,0,0,0,0,0,0,0
-64.6933,96.7097,1,2014279,-64.96,95.91,0,0,0,0,0,0,0,0,0
-64.6933,96.7097,1,2014280,-64.96,95.91,0,0,0,0,0,0,0,0,0
-64.6933,96.7097,1,2014281,-64.96,95.91,0,0,0,0,0,0,0,0,0
-64.6933,96.7097,1,2014282,-64.96,95.91,0,0,0,0,0,0,0,0,0
-64.6933,96.7097,1,2014283,-64.96,95.91,1,0,0,0,0,0,0,12,8
-64.6933,96.7097,1,2014284,-64.96,95.91,0,0,0,0,0,0,0,0,0
-64.6933,96.7097,1,2014285,-64.96,95.91,0,0,0,0,0,0,0,0,0
-64.6933,96.7097,1,2014286,-64.96,95.91,0,0,0,0,0,0,0,0,0
-64.6933,96.7097,1,2014287,-64.96,95.91,0,0,0,0,0,0,0,0,0
-64.6933,96.7097,1,2014288,-64.96,95.91,0,0,0,0,0,0,0,0,0
-64.6933,96.7097,1,2014289,-64.96,95.91,0,0,0,0,0,0,0,0,0
-64.6933,96.7097,1,2014290,-64.96,95.91,1,0,0,0,0,0,0,12,8
-64.6933,96.7097,1,2014291,-64.96,95.91,0,0,0,0,0,0,0,0,0
-64.6933,96.7097,1,2014292,-64.96,95.91,0,0,0,0,0,0,0,0,0
-64.6933,96.7097,1,2014293,-64.96,95.91,0,0,0,0,0,0,0,0,0
-64.6933,96.7097,1,2014294,-64.96,95.91,0,0,0,0,0,0,0,0,0
-64.6933,96.7097,1,2014295,-64.96,95.91,0,0,0,0,0,0,0,0,0
-64.6933,96.7097,1,2014296,-64.96,95.91,0,0,0,0,0,0,0,0,0
-64.6933,96.7097,1,2014297,-64.96,95.91,1,0,0,0,0,0,0,12,8
-64.6933,96.7097,1,2014298,-64.96,95.91,0,0,0,0,0,0,0,0,0
-64.6933,96.7097,1,2014299,-64.96,95.91,0,0,0,0,0,0,0,0,0
-64.6933,96.7097,1,2014300,-64.96,95.91,0,0,0,0,0,0,0,0,0
-64.6933,96.7097,1,2014301,-64.96,95.91,0,0,0,0,0,0,0,0,0
-64.6933,96.7097,1,2014302,-64.96,95.91,0,0,0,0,0,0,0,0,0
-64.6933,96.7097,1,2014303,-64.96,95.91,0,0,0,0,0,0,0,0,0
-64.6933,96.7097,1,2014304,-64.96,95.91,1,0,0,0,0,0,0,12,8
-64.6933,96.7097,1,2014305,-64.96,95.91,0,0,0,0,0,0,0,0,0
-64.6933,96.7097,1,2014306,-64.96,95.91,0,0,0,0,0,0,0,0,0
-64.6933,96.7097,1,2014307,-64.96,95.91,0,0,0,0,0,0,0,0,0
-64.6933,96.7097,1,2014308,-64.96,95.91,0,0,0,0,0,0,0,0,0
-64.6933,96.7097,1,2014309,-64.96,95.91,0,0,0,0,0,0,0,0,0
-64.6933,96.7097,1,2014310,-64.96,95.91,0,0,0,0,0,0,0,0,0
-64.6933,96.7097,1,2014311,-64.96,95.91,1,0,0,0,0,0,0,12,8
-64.6933,96.7097,1,2014312,-64.96,95.91,0,0,0,0,0,0,0,0,0
-64.6933,96.7097,1,2014313,-64.96,95.91,0,0,0,0,0,0,0,0,0
-64.6933,96.7097,1,2014314,-64.96,95.91,0,0,0,0,0,0,0,0,0
-64.6933,96.7097,1,2014315,-64.96,95.91,0,0,0,0,0,0,0,0,0
-64.6933,96.7097,1,2014316,-64.96,95.91,0,0,0,0,0,0,0,0,0
-64.6933,96.7097,0,2014317,-64.96,95.91,0,0,0,0,0,0,0,0,0
-64.6933,96.7097,1,2014318,-64.96,95.91,1,0,0,0,0,0,0,12,8
-64.6933,96.7097,1,2014319,-64.96,95.91,0,0,0,0,0,0,0,0,0
-64.6933,96.7097,1,2014320,-64.96,95.91,0,0,0,0,0,0,0,0,0
-64.6933,96.7097,1,2014321,-64.96,95.91,0,0,0,0,0,0,0,0,0
-64.6933,96.7097,1,2014322,-64.96,95.91,0,0,0,0,0,0,0,0,0
-64.6933,96.7097,1,2014323,-64.96,95.91,0,0,0,0,0,0,0,0,0
-64.6933,96.7097,0,2014324,-64.96,95.91,0,0,0,0,0,0,0,0,0
-64.6933,96.7097,1,2014325,-64.96,95.91,1,0,0,0,0,0,0,12,8
-64.6933,96.7097,1,2014326,0,0,0,0,0,0,0,0,0,0,0
-64.6933,96.7097,1,2014327,0,0,0,0,0,0,0,0,0,0,0
-64.6933,96.7097,1,2014328,0,0,0,0,0,0,0,0,0,0,0
-64.6933,96.7097,1,2014329,0,0,0,0,0,0,0,0,0,0,0
-64.6933,96.7097,1,2014330,0,0,0,0,0,0,0,0,0,0,0
-64.6933,96.7097,1,2014331,0,0,0,0,0,0,0,0,0,0,0
-64.6933,96.7097,1,2014332,0,0,0,0,0,0,0,0,0,0,0
-64.6933,96.7097,1,2014333,0,0,0,0,0,0,0,0,0,0,0
-64.6933,96.7097,1,2014334,0,0,0,0,0,0,0,0,0,0,0
-64.6933,96.7097,1,2014335,0,0,0,0,0,0,0,0,0,0,0
-64.6933,96.7097,1,2014336,0,0,0,0,0,0,0,0,0,0,0
-64.6933,96.7097,1,2014337,0,0,0,0,0,0,0,0,0,0,0
-64.6933,96.7097,1,2014338,0,0,0,0,0,0,0,0,0,0,0
-64.7144,96.7656,1,2014339,-64.96,95.91,1,0,0,0,0,0,0,12,8
-64.7144,96.7656,1,2014340,-64.96,95.91,0,0,0,0,0,0,0,0,0
-64.7144,96.7656,1,2014341,-64.96,95.91,0,0,0,0,0,0,0,0,0
-64.7144,96.7656,1,2014342,-64.96,95.91,0,0,0,0,0,0,0,0,0
-64.7423,96.5806,0,2014343,-64.96,95.91,0,0,0,0,0,0,0,0,0
-64.7998,96.3311,1,2014344,-64.96,95.91,0,0,0,0,0,0,0,0,0
-64.885,96.2339,1,2014345,-64.96,95.91,1,0,0,0,0,0,0,12,8
-64.885,96.2339,0,2014346,-64.9604,95.9104,0,0,0,0,0,0,0,0,0
-64.885,96.2339,1,2014347,-64.9616,95.9116,0,0,0,0,0,0,0,0,0
-64.885,96.2339,1,2014348,-64.9632,95.9132,0,0,0,0,0,0,0,0,0
-64.9031,96.1227,1,2014349,-64.965,95.915,0,0,0,0,0,0,0,0,0
-64.9031,96.1227,1,2014350,0,0,0,0,0,0,0,0,0,0,0
-64.9031,96.1227,1,2014351,0,0,0,0,0,0,0,0,0,0,0
-64.9031,96.1227,1,2014352,0,0,0,0,0,0,0,0,0,0,0
-64.9031,96.1227,1,2014353,-64.97,95.92,1,0,0,0,0,0,0,12,8
-64.9031,96.1227,1,2014354,0,0,0,0,0,0,0,0,0,0,0
-64.9031,96.1227,1,2014355,0,0,0,0,0,0,0,0,0,0,0
-64.9031,96.1227,1,2014356,0,0,0,0,0,0,0,0,0,0,0
-64.9031,96.1227,1,2014357,0,0,0,0,0,0,0,0,0,0,0
-64.9031,96.1227,1,2014358,0,0,0,0,0,0,0,0,0,0,0
-64.9031,96.1227,1,2014359,0,0,0,0,0,0,0,0,0,0,0
-64.9554,96.0199,1,2014360,-64.97,95.92,1,0,0,0,0,0,0,12,8
-64.9554,96.0199,1,2014361,0,0,0,0,0,0,0,0,0,0,0
-64.9554,96.0199,1,2014362,0,0,0,0,0,0,0,0,0,0,0
-64.9554,96.0199,1,2014363,0,0,0,0,0,0,0,0,0,0,0
-64.9554,96.0199,1,2014364,0,0,0,0,0,0,0,0,0,0,0
-64.9554,96.0199,1,2014365,0,0,0,0,0,0,0,0,0,0,0
-64.9554,96.0199,1,2015001,0,0,0,0,0,0,0,0,0,0,0
-64.9554,96.0199,1,2015002,-64.97,95.92,1,0,0,0,0,0,0,12,8
-64.9554,96.0199,1,2015003,0,0,0,0,0,0,0,0,0,0,0
-64.9554,96.0199,1,2015004,0,0,0,0,0,0,0,0,0,0,0
-64.9554,96.0199,1,2015005,0,0,0,0,0,0,0,0,0,0,0
-64.9554,96.0199,1,2015006,0,0,0,0,0,0,0,0,0,0,0
-64.9554,96.0199,1,2015007,0,0,0,0,0,0,0,0,0,0,0
-64.9554,96.0199,1,2015008,0,0,0,0,0,0,0,0,0,0,0
-64.9498,95.5342,1,2015009,-64.97,95.92,1,0,0,0,0,0,0,12,8
-64.9498,95.5342,1,2015010,0,0,0,0,0,0,0,0,0,0,0
-64.9498,95.5342,1,2015011,0,0,0,0,0,0,0,0,0,0,0
-64.9498,95.5342,1,2015012,0,0,0,0,0,0,0,0,0,0,0
-64.9498,95.5342,1,2015013,0,0,0,0,0,0,0,0,0,0,0
-64.9498,95.5342,1,2015014,0,0,0,0,0,0,0,0,0,0,0
-64.9892,95.8143,1,2015015,0,0,0,0,0,0,0,0,0,0,0
-64.9892,95.8143,1,2015016,-64.97,95.92,1,0,0,0,0,0,0,12,8
-64.9892,95.8143,1,2015017,0,0,0,0,0,0,0,0,0,0,0
-64.9892,95.8143,1,2015018,0,0,0,0,0,0,0,0,0,0,0
-64.9892,95.8143,1,2015019,0,0,0,0,0,0,0,0,0,0,0
-64.9892,95.8143,1,2015020,0,0,0,0,0,0,0,0,0,0,0
-64.9892,95.8143,1,2015021,0,0,0,0,0,0,0,0,0,0,0
-64.9892,95.8143,1,2015022,0,0,0,0,0,0,0,0,0,0,0
-64.9892,95.8143,0,2015023,-64.97,95.92,1,0,0,0,0,0,0,12,8
-64.9892,95.8143,1,2015024,0,0,0,0,0,0,0,0,0,0,0
-64.9892,95.8143,1,2015025,0,0,0,0,0,0,0,0,0,0,0
-64.9892,95.8143,1,2015026,0,0,0,0,0,0,0,0,0,0,0
-64.9892,95.8143,1,2015027,0,0,0,0,0,0,0,0,0,0,0
-64.9892,95.8143,1,2015028,0,0,0,0,0,0,0,0,0,0,0
-64.9892,95.8143,1,2015029,0,0,0,0,0,0,0,0,0,0,0
-64.9892,95.8143,0,2015030,-64.97,95.92,1,0,0,0,0,0,0,12,8
-64.9892,95.8143,1,2015031,0,0,0,0,0,0,0,0,0,0,0
-64.9892,95.8143,1,2015032,0,0,0,0,0,0,0,0,0,0,0
-64.9892,95.8143,1,2015033,0,0,0,0,0,0,0,0,0,0,0
-64.9892,95.8143,1,2015034,0,0,0,0,0,0,0,0,0,0,0
-64.9892,95.8143,1,2015035,0,0,0,0,0,0,0,0,0,0,0
-64.9892,95.8143,1,2015036,0,0,0,0,0,0,0,0,0,0,0
-64.9892,95.8143,0,2015037,-64.97,95.92,1,0,0,0,0,0,0,12,8
-64.9892,95.8143,1,2015038,0,0,0,0,0,0,0,0,0,0,0
-64.9892,95.8143,1,2015039,0,0,0,0,0,0,0,0,0,0,0
-64.9892,95.8143,1,2015040,0,0,0,0,0,0,0,0,0,0,0
-64.9892,95.8143,1,2015041,0,0,0,0,0,0,0,0,0,0,0
-64.9892,95.8143,1,2015042,0,0,0,0,0,0,0,0,0,0,0
-64.9892,95.8143,1,2015043,0,0,0,0,0,0,0,0,0,0,0
-64.9605,95.8663,0,2015044,-64.97,95.92,1,0,0,0,0,0,0,12,8
-64.9317,95.9183,1,2015045,0,0,0,0,0,0,0,0,0,0,0
-64.9317,95.9183,1,2015046,0,0,0,0,0,0,0,0,0,0,0
-64.9317,95.9183,1,2015047,0,0,0,0,0,0,0,0,0,0,0
-64.9317,95.9183,1,2015048,0,0,0,0,0,0,0,0,0,0,0
-64.9317,95.9183,1,2015049,0,0,0,0,0,0,0,0,0,0,0
-64.9317,95.9183,0,2015050,0,0,0,0,0,0,0,0,0,0,0
-64.9317,95.9183,1,2015051,-64.97,95.92,1,0,0,0,0,0,0,12,8
-64.9317,95.9183,1,2015052,0,0,0,0,0,0,0,0,0,0,0
-64.9317,95.9183,1,2015053,0,0,0,0,0,0,0,0,0,0,0
-64.9317,95.9183,1,2015054,0,0,0,0,0,0,0,0,0,0,0
-64.9317,95.9183,1,2015055,0,0,0,0,0,0,0,0,0,0,0
-64.9317,95.9183,1,2015056,0,0,0,0,0,0,0,0,0,0,0
-64.9317,95.9183,1,2015057,0,0,0,0,0,0,0,0,0,0,0
-64.9317,95.9183,1,2015058,-64.97,95.92,1,0,0,0,0,0,0,12,8
-64.9317,95.9183,1,2015059,0,0,0,0,0,0,0,0,0,0,0
-64.9317,95.9183,1,2015060,0,0,0,0,0,0,0,0,0,0,0
-64.9317,95.9183,0,2015061,0,0,0,0,0,0,0,0,0,0,0
-64.9317,95.9183,1,2015062,0,0,0,0,0,0,0,0,0,0,0
-64.9317,95.9183,1,2015063,0,0,0,0,0,0,0,0,0,0,0
-64.9317,95.9183,1,2015064,0,0,0,0,0,0,0,0,0,0,0
-64.9317,95.9183,1,2015065,-64.97,95.92,1,0,0,0,0,0,0,12,8
-64.9317,95.9183,1,2015066,0,0,0,0,0,0,0,0,0,0,0
-64.9317,95.9183,1,2015067,0,0,0,0,0,0,0,0,0,0,0
-64.9317,95.9183,0,2015068,0,0,0,0,0,0,0,0,0,0,0
-64.9317,95.9183,1,2015069,0,0,0,0,0,0,0,0,0,0,0
-64.9317,95.9183,1,2015070,0,0,0,0,0,0,0,0,0,0,0
-64.9317,95.9183,1,2015071,0,0,0,0,0,0,0,0,0,0,0
-64.9317,95.9183,1,2015072,-64.97,95.92,1,0,0,0,0,0,0,12,8
-64.9317,95.9183,1,2015073,0,0,0,0,0,0,0,0,0,0,0
-64.9317,95.9183,1,2015074,0,0,0,0,0,0,0,0,0,0,0
-64.9317,95.9183,0,2015075,-64.9661,95.9161,0,0,0,0,0,0,0,0,0
-64.9317,95.9183,1,2015076,-64.9639,95.9139,0,0,0,0,0,0,0,0,0
-64.9317,95.9183,1,2015077,-64.962,95.912,0,0,0,0,0,0,0,0,0
-64.9317,95.9183,1,2015078,-64.9606,95.9106,0,0,0,0,0,0,0,0,0
-64.9317,95.9183,1,2015079,-64.96,95.91,1,0,0,0,0,0,0,12,8
-64.9317,95.9183,1,2015080,-64.9606,95.9106,0,0,0,0,0,0,0,0,0
-64.9317,95.9183,1,2015081,-64.962,95.912,0,0,0,0,0,0,0,0,0
-64.9317,95.9183,1,2015082,-64.9639,95.9139,0,0,0,0,0,0,0,0,0
-64.9317,95.9183,1,2015083,-64.9661,95.9161,0,0,0,0,0,0,0,0,0
-64.9317,95.9183,0,2015084,0,0,0,0,0,0,0,0,0,0,0
-64.9317,95.9183,1,2015085,0,0,0,0,0,0,0,0,0,0,0
-64.9317,95.9183,1,2015086,-64.97,95.92,1,0,0,0,0,0,0,12,8
-64.9317,95.9183,1,2015087,0,0,0,0,0,0,0,0,0,0,0
-64.9317,95.9183,1,2015088,0,0,0,0,0,0,0,0,0,0,0
-64.9317,95.9183,1,2015089,0,0,0,0,0,0,0,0,0,0,0
-64.9317,95.9183,1,2015090,0,0,0,0,0,0,0,0,0,0,0
-64.9317,95.9183,1,2015091,0,0,0,0,0,0,0,0,0,0,0
-64.9317,95.9183,1,2015092,0,0,0,0,0,0,0,0,0,0,0
-64.9317,95.9183,0,2015093,-64.97,95.92,1,0,0,0,0,0,0,12,8
-64.9317,95.9183,1,2015094,0,0,0,0,0,0,0,0,0,0,0
-64.9317,95.9183,1,2015095,0,0,0,0,0,0,0,0,0,0,0
-64.9317,95.9183,1,2015096,0,0,0,0,0,0,0,0,0,0,0
-64.9317,95.9183,1,2015097,0,0,0,0,0,0,0,0,0,0,0
-64.9317,95.9183,1,2015098,0,0,0,0,0,0,0,0,0,0,0
-64.9317,95.9183,1,2015099,0,0,0,0,0,0,0,0,0,0,0
-64.9317,95.9183,0,2015100,-64.97,95.92,1,0,0,0,0,0,0,12,8
-64.9317,95.9183,1,2015101,0,0,0,0,0,0,0,0,0,0,0
-64.9317,95.9183,1,2015102,0,0,0,0,0,0,0,0,0,0,0
-64.9317,95.9183,1,2015103,0,0,0,0,0,0,0,0,0,0,0
-64.9317,95.9183,1,2015104,0,0,0,0,0,0,0,0,0,0,0
-64.9317,95.9183,1,2015105,0,0,0,0,0,0,0,0,0,0,0
-64.9317,95.9183,1,2015106,0,0,0,0,0,0,0,0,0,0,0
-64.9317,95.9183,1,2015107,-64.97,95.92,1,0,0,0,0,0,0,12,8
-64.9317,95.9183,1,2015108,0,0,0,0,0,0,0,0,0,0,0
-64.9317,95.9183,1,2015109,0,0,0,0,0,0,0,0,0,0,0
-64.9317,95.9183,1,2015110,0,0,0,0,0,0,0,0,0,0,0
-64.931,95.8452,1,2015111,0,0,0,0,0,0,0,0,0,0,0
-64.931,95.8452,1,2015112,0,0,0,0,0,0,0,0,0,0,0
-64.9447,95.9834,1,2015113,0,0,0,0,0,0,0,0,0,0,0
-64.9447,95.9834,1,2015114,-64.97,95.92,1,0,0,0,0,0,0,12,8
-64.9314,95.8697,1,2015115,0,0,0,0,0,0,0,0,0,0,0
-64.9306,95.8556,1,2015116,0,0,0,0,0,0,0,0,0,0,0
-64.9306,95.8556,1,2015117,0,0,0,0,0,0,0,0,0,0,0
-64.9243,95.7714,1,2015118,0,0,0,0,0,0,0,0,0,0,0
-64.9461,95.725,1,2015119,0,0,0,0,0,0,0,0,0,0,0
-64.9686,95.658,1,2015120,0,0,0,0,0,0,0,0,0,0,0
-64.9927,95.7881,1,2015121,-64.97,95.92,1,0,0,0,0,0,0,12,8
-64.9441,95.766,1,2015122,0,0,0,0,0,0,0,0,0,0,0
-64.9034,95.7976,1,2015123,0,0,0,0,0,0,0,0,0,0,0
-64.9524,95.8094,1,2015124,0,0,0,0,0,0,0,0,0,0,0
-65.0207,95.8258,1,2015125,0,0,0,0,0,0,0,0,0,0,0
-64.897,95.7134,1,2015126,0,0,0,0,0,0,0,0,0,0,0
-64.8649,95.7783,1,2015127,0,0,0,0,0,0,0,0,0,0,0
-64.9116,95.841,1,2015128,-64.97,95.92,1,0,0,0,0,0,0,12,8
-64.9519,95.8194,1,2015129,0,0,0,0,0,0,0,0,0,0,0
-64.9519,95.8194,1,2015130,0,0,0,0,0,0,0,0,0,0,0
-64.9519,95.8194,1,2015131,0,0,0,0,0,0,0,0,0,0,0
-64.9519,95.8194,1,2015132,0,0,0,0,0,0,0,0,0,0,0
-64.9519,95.8194,1,2015133,0,0,0,0,0,0,0,0,0,0,0
-64.9519,95.8194,1,2015134,0,0,0,0,0,0,0,0,0,0,0
-64.9519,95.8194,1,2015135,-64.97,95.92,1,0,0,0,0,0,0,12,8
-64.9519,95.8194,1,2015136,0,0,0,0,0,0,0,0,0,0,0
-64.9519,95.8194,1,2015137,0,0,0,0,0,0,0,0,0,0,0
-64.9949,95.7366,1,2015138,0,0,0,0,0,0,0,0,0,0,0
-64.9949,95.7366,1,2015139,0,0,0,0,0,0,0,0,0,0,0
-64.9472,95.6944,1,2015140,0,0,0,0,0,0,0,0,0,0,0
-64.9472,95.6944,1,2015141,0,0,0,0,0,0,0,0,0,0,0
-64.9472,95.6944,1,2015142,-64.97,95.92,1,0,0,0,0,0,0,12,8
-64.9472,95.6944,1,2015143,0,0,0,0,0,0,0,0,0,0,0
-64.9472,95.6944,1,2015144,0,0,0,0,0,0,0,0,0,0,0
-64.9472,95.6944,1,2015145,0,0,0,0,0,0,0,0,0,0,0
-64.9472,95.6944,1,2015146,0,0,0,0,0,0,0,0,0,0,0
-64.9472,95.6944,1,2015147,0,0,0,0,0,0,0,0,0,0,0
-64.9472,95.6944,1,2015148,0,0,0,0,0,0,0,0,0,0,0
-64.9472,95.6944,1,2015149,-64.97,95.92,1,0,0,0,0,0,0,12,8
-64.9472,95.6944,1,2015150,0,0,0,0,0,0,0,0,0,0,0
-64.9472,95.6944,1,2015151,0,0,0,0,0,0,0,0,0,0,0
-64.9472,95.6944,1,2015152,0,0,0,0,0,0,0,0,0,0,0
-64.9472,95.6944,1,2015153,0,0,0,0,0,0,0,0,0,0,0
-64.9472,95.6944,1,2015154,0,0,0,0,0,0,0,0,0,0,0
-64.9472,95.6944,1,2015155,0,0,0,0,0,0,0,0,0,0,0
-64.9472,95.6944,1,2015156,-64.97,95.92,1,0,0,0,0,0,0,12,8
-64.9472,95.6944,1,2015157,0,0,0,0,0,0,0,0,0,0,0
-65.006,95.7083,1,2015158,0,0,0,0,0,0,0,0,0,0,0
-65.006,95.7083,1,2015159,0,0,0,0,0,0,0,0,0,0,0
-65.006,95.7083,1,2015160,0,0,0,0,0,0,0,0,0,0,0
-64.9098,95.6443,1,2015161,0,0,0,0,0,0,0,0,0,0,0
-64.9615,95.5942,1,2015162,0,0,0,0,0,0,0,0,0,0,0
-64.9975,95.6754,1,2015163,-64.97,95.92,1,0,0,0,0,0,0,12,8
-64.9975,95.6754,1,2015164,0,0,0,0,0,0,0,0,0,0,0
-64.9489,95.6534,1,2015165,0,0,0,0,0,0,0,0,0,0,0
-64.975,95.7424,1,2015166,0,0,0,0,0,0,0,0,0,0,0
-65.017,95.6795,1,2015167,0,0,0,0,0,0,0,0,0,0,0
-65.017,95.6795,1,2015168,0,0,0,0,0,0,0,0,0,0,0
-64.9765,95.7013,1,2015169,0,0,0,0,0,0,0,0,0,0,0
-64.9694,95.6375,1,2015170,-64.97,95.92,1,0,0,0,0,0,0,12,8
-64.9694,95.6375,0,2015171,0,0,0,0,0,0,0,0,0,0,0
-64.9694,95.6375,1,2015172,0,0,0,0,0,0,0,0,0,0,0
-64.9694,95.6375,1,2015173,0,0,0,0,0,0,0,0,0,0,0
-64.9694,95.6375,0,2015174,0,0,0,0,0,0,0,0,0,0,0
-64.9694,95.6375,1,2015175,0,0,0,0,0,0,0,0,0,0,0
-64.9694,95.6375,1,2015176,0,0,0,0,0,0,0,0,0,0,0
-64.9694,95.6375,1,2015177,-64.97,95.92,1,0,0,0,0,0,0,12,8
-64.9694,95.6375,1,2015178,0,0,0,0,0,0,0,0,0,0,0
-64.9694,95.6375,1,2015179,0,0,0,0,0,0,0,0,0,0,0
-64.9694,95.6375,1,2015180,0,0,0,0,0,0,0,0,0,0,0
-64.9694,95.6375,1,2015181,0,0,0,0,0,0,0,0,0,0,0
-64.9694,95.6375,1,2015182,0,0,0,0,0,0,0,0,0,0,0
-65.057,95.6686,1,2015183,0,0,0,0,0,0,0,0,0,0,0
-64.9488,95.6534,1,2015184,-64.97,95.92,1,0,0,0,0,0,0,12,8
-64.9488,95.6534,1,2015185,0,0,0,0,0,0,0,0,0,0,0
-65.0095,95.6261,1,2015186,0,0,0,0,0,0,0,0,0,0,0
-65.0095,95.6261,1,2015187,0,0,0,0,0,0,0,0,0,0,0
-65.0603,95.5862,1,2015188,0,0,0,0,0,0,0,0,0,0,0
-64.9722,95.5658,1,2015189,0,0,0,0,0,0,0,0,0,0,0
-64.9362,95.7231,1,2015190,0,0,0,0,0,0,0,0,0,0,0
-65.0108,95.595,1,2015191,-64.97,95.92,1,0,0,0,0,0,0,12,8
-65.0108,95.595,1,2015192,0,0,0,0,0,0,0,0,0,0,0
-64.9332,95.5568,1,2015193,0,0,0,0,0,0,0,0,0,0,0
-64.9332,95.5568,1,2015194,0,0,0,0,0,0,0,0,0,0,0
-64.9332,95.5568,1,2015195,0,0,0,0,0,0,0,0,0,0,0
-64.9814,95.5887,1,2015196,0,0,0,0,0,0,0,0,0,0,0
-64.9814,95.5887,1,2015197,0,0,0,0,0,0,0,0,0,0,0
-64.9814,95.5887,1,2015198,-64.97,95.92,1,0,0,0,0,0,0,12,8
-64.9814,95.5887,1,2015199,0,0,0,0,0,0,0,0,0,0,0
-64.9814,95.5887,1,2015200,0,0,0,0,0,0,0,0,0,0,0
-64.9814,95.5887,1,2015201,0,0,0,0,0,0,0,0,0,0,0
-64.9814,95.5887,1,2015202,0,0,0,0,0,0,0,0,0,0,0
-64.9814,95.5887,1,2015203,0,0,0,0,0,0,0,0,0,0,0
-64.9814,95.5887,1,2015204,0,0,0,0,0,0,0,0,0,0,0
-64.9814,95.5887,1,2015205,0,0,0,0,0,0,0,0,0,0,0
-64.9814,95.5887,1,2015206,0,0,0,0,0,0,0,0,0,0,0
-64.9814,95.5887,1,2015207,0,0,0,0,0,0,0,0,0,0,0
-64.9814,95.5887,1,2015208,0,0,0,0,0,0,0,0,0,0,0
-64.9814,95.5887,1,2015209,0,0,0,0,0,0,0,0,0,0,0
-64.9814,95.5887,1,2015210,0,0,0,0,0,0,0,0,0,0,0
-64.9814,95.5887,1,2015211,0,0,0,0,0,0,0,0,0,0,0
-64.9814,95.5887,1,2015212,-64.97,95.92,1,0,0,0,0,0,0,12,8
-64.9814,95.5887,1,2015213,0,0,0,0,0,0,0,0,0,0,0
-64.9814,95.5887,1,2015214,0,0,0,0,0,0,0,0,0,0,0
-64.9894,95.632,1,2015215,0,0,0,0,0,0,0,0,0,0,0
-64.9894,95.632,1,2015216,0,0,0,0,0,0,0,0,0,0,0
-64.9894,95.632,1,2015217,0,0,0,0,0,0,0,0,0,0,0
-64.9894,95.632,1,2015218,0,0,0,0,0,0,0,0,0,0,0
-64.9894,95.632,1,2015219,-64.97,95.92,1,0,0,0,0,0,0,12,8
-64.9894,95.632,1,2015220,0,0,0,0,0,0,0,0,0,0,0
-64.9894,95.632,1,2015221,0,0,0,0,0,0,0,0,0,0,0
-64.9805,95.6092,1,2015222,0,0,0,0,0,0,0,0,0,0,0
-64.9805,95.6092,1,2015223,0,0,0,0,0,0,0,0,0,0,0
-64.9617,95.5841,1,2015224,0,0,0,0,0,0,0,0,0,0,0
-64.9851,95.7347,1,2015225,0,0,0,0,0,0,0,0,0,0,0
-64.9255,95.7408,1,2015226,-64.97,95.92,1,0,0,0,0,0,0,12,8
-64.9255,95.7408,1,2015227,0,0,0,0,0,0,0,0,0,0,0
-64.9255,95.7408,1,2015228,0,0,0,0,0,0,0,0,0,0,0
-64.9587,95.7447,0,2015229,0,0,0,0,0,0,0,0,0,0,0
-64.992,95.7486,1,2015230,0,0,0,0,0,0,0,0,0,0,0
-64.992,95.7486,1,2015231,0,0,0,0,0,0,0,0,0,0,0
-64.953,95.8084,1,2015232,0,0,0,0,0,0,0,0,0,0,0
-64.953,95.8084,1,2015233,0,0,0,0,0,0,0,0,0,0,0
-64.953,95.8084,1,2015234,0,0,0,0,0,0,0,0,0,0,0
-64.953,95.8084,1,2015235,0,0,0,0,0,0,0,0,0,0,0
-64.953,95.8084,1,2015236,0,0,0,0,0,0,0,0,0,0,0
-64.953,95.8084,1,2015237,0,0,0,0,0,0,0,0,0,0,0
-64.953,95.8084,1,2015238,0,0,0,0,0,0,0,0,0,0,0
-64.953,95.8084,1,2015239,0,0,0,0,0,0,0,0,0,0,0
-64.953,95.8084,1,2015240,-64.97,95.92,1,0,0,0,0,0,0,12,8
-64.953,95.8084,1,2015241,0,0,0,0,0,0,0,0,0,0,0
-64.953,95.8084,1,2015242,0,0,0,0,0,0,0,0,0,0,0
-64.953,95.8084,1,2015243,0,0,0,0,0,0,0,0,0,0,0
-64.953,95.8084,1,2015244,0,0,0,0,0,0,0,0,0,0,0
-64.953,95.8084,1,2015245,0,0,0,0,0,0,0,0,0,0,0
-64.953,95.8084,1,2015246,0,0,0,0,0,0,0,0,0,0,0
-64.953,95.8084,1,2015247,0,0,0,0,0,0,0,0,0,0,0
-64.953,95.8084,1,2015248,0,0,0,0,0,0,0,0,0,0,0
-64.953,95.8084,1,2015249,0,0,0,0,0,0,0,0,0,0,0
-64.953,95.8084,1,2015250,0,0,0,0,0,0,0,0,0,0,0
-64.953,95.8084,1,2015251,0,0,0,0,0,0,0,0,0,0,0
-64.953,95.8084,1,2015252,0,0,0,0,0,0,0,0,0,0,0
-64.953,95.8084,1,2015253,0,0,0,0,0,0,0,0,0,0,0
-64.953,95.8084,1,2015254,0,0,0,0,0,0,0,0,0,0,0
-64.953,95.8084,1,2015255,0,0,0,0,0,0,0,0,0,0,0
-64.953,95.8084,1,2015256,0,0,0,0,0,0,0,0,0,0,0
-64.953,95.8084,0,2015257,0,0,0,0,0,0,0,0,0,0,0
-64.953,95.8084,1,2015258,0,0,0,0,0,0,0,0,0,0,0
-64.953,95.8084,1,2015259,0,0,0,0,0,0,0,0,0,0,0
-64.953,95.8084,1,2015260,0,0,0,0,0,0,0,0,0,0,0
-64.953,95.8084,1,2015261,0,0,0,0,0,0,0,0,0,0,0
-64.953,95.8084,1,2015262,0,0,0,0,0,0,0,0,0,0,0
-64.953,95.8084,1,2015263,0,0,0,0,0,0,0,0,0,0,0
-64.953,95.8084,0,2015264,0,0,0,0,0,0,0,0,0,0,0
-64.953,95.8084,1,2015265,0,0,0,0,0,0,0,0,0,0,0
-64.953,95.8084,1,2015266,0,0,0,0,0,0,0,0,0,0,0
-64.953,95.8084,1,2015267,0,0,0,0,0,0,0,0,0,0,0
-64.953,95.8084,1,2015268,0,0,0,0,0,0,0,0,0,0,0
-64.953,95.8084,1,2015269,0,0,0,0,0,0,0,0,0,0,0
-64.953,95.8084,1,2015270,0,0,0,0,0,0,0,0,0,0,0
-64.953,95.8084,1,2015271,0,0,0,0,0,0,0,0,0,0,0
-64.953,95.8084,0,2015272,0,0,0,0,0,0,0,0,0,0,0
-64.953,95.8084,1,2015273,0,0,0,0,0,0,0,0,0,0,0
-64.953,95.8084,1,2015274,0,0,0,0,0,0,0,0,0,0,0
-64.9485,95.7612,1,2015275,0,0,0,0,0,0,0,0,0,0,0
-64.9485,95.7612,1,2015276,0,0,0,0,0,0,0,0,0,0,0
-64.9485,95.7612,1,2015277,0,0,0,0,0,0,0,0,0,0,0
-64.9485,95.7612,1,2015278,0,0,0,0,0,0,0,0,0,0,0
-64.9485,95.7612,1,2015279,0,0,0,0,0,0,0,0,0,0,0
-64.9485,95.7612,0,2015280,0,0,0,0,0,0,0,0,0,0,0
-64.9485,95.7612,1,2015281,0,0,0,0,0,0,0,0,0,0,0
-64.9485,95.7612,1,2015282,0,0,0,0,0,0,0,0,0,0,0
-64.9485,95.7612,1,2015283,0,0,0,0,0,0,0,0,0,0,0
-64.9485,95.7612,1,2015284,0,0,0,0,0,0,0,0,0,0,0
-64.9485,95.7612,1,2015285,0,0,0,0,0,0,0,0,0,0,0
-64.9485,95.7612,0,2015286,0,0,0,0,0,0,0,0,0,0,0
-64.9485,95.7612,1,2015287,0,0,0,0,0,0,0,0,0,0,0
-64.9485,95.7612,1,2015288,0,0,0,0,0,0,0,0,0,0,0
-64.9206,95.7776,1,2015289,0,0,0,0,0,0,0,0,0,0,0
-64.9206,95.7776,1,2015290,0,0,0,0,0,0,0,0,0,0,0
-64.9206,95.7776,1,2015291,0,0,0,0,0,0,0,0,0,0,0
-64.9206,95.7776,0,2015292,0,0,0,0,0,0,0,0,0,0,0
-64.9206,95.7776,1,2015293,0,0,0,0,0,0,0,0,0,0,0
-64.9206,95.7776,1,2015294,0,0,0,0,0,0,0,0,0,0,0
-64.9206,95.7776,1,2015295,0,0,0,0,0,0,0,0,0,0,0
-64.9206,95.7776,1,2015296,0,0,0,0,0,0,0,0,0,0,0
-64.9017,95.8386,1,2015297,0,0,0,0,0,0,0,0,0,0,0
-64.9017,95.8386,1,2015298,0,0,0,0,0,0,0,0,0,0,0
-64.9017,95.8386,1,2015299,0,0,0,0,0,0,0,0,0,0,0
-64.9017,95.8386,0,2015300,0,0,0,0,0,0,0,0,0,0,0
-64.9017,95.8386,1,2015301,0,0,0,0,0,0,0,0,0,0,0
-64.905,95.7476,1,2015302,0,0,0,0,0,0,0,0,0,0,0
-64.9164,95.9174,1,2015303,0,0,0,0,0,0,0,0,0,0,0
-64.9164,95.9174,1,2015304,0,0,0,0,0,0,0,0,0,0,0
-64.9164,95.9174,1,2015305,0,0,0,0,0,0,0,0,0,0,0
-64.9164,95.9174,1,2015306,0,0,0,0,0,0,0,0,0,0,0
-64.9164,95.9174,1,2015307,0,0,0,0,0,0,0,0,0,0,0
-64.9225,96.0338,1,2015308,0,0,0,0,0,0,0,0,0,0,0
-64.9225,96.0338,1,2015309,0,0,0,0,0,0,0,0,0,0,0
-64.9225,96.0338,1,2015310,0,0,0,0,0,0,0,0,0,0,0
-64.9225,96.0338,1,2015311,0,0,0,0,0,0,0,0,0,0,0
-64.9225,96.0338,1,2015312,0,0,0,0,0,0,0,0,0,0,0
-64.9225,96.0338,0,2015313,0,0,0,0,0,0,0,0,0,0,0
-64.9225,96.0338,1,2015314,0,0,0,0,0,0,0,0,0,0,0
-64.9225,96.0338,1,2015315,0,0,0,0,0,0,0,0,0,0,0
-64.9225,96.0338,1,2015316,0,0,0,0,0,0,0,0,0,0,0
-64.9225,96.0338,1,2015317,0,0,0,0,0,0,0,0,0,0,0
-64.9225,96.0338,1,2015318,0,0,0,0,0,0,0,0,0,0,0
-64.9225,96.0338,1,2015319,0,0,0,0,0,0,0,0,0,0,0
-64.9225,96.0338,1,2015320,0,0,0,0,0,0,0,0,0,0,0
-64.9225,96.0338,1,2015321,0,0,0,0,0,0,0,0,0,0,0
-64.9225,96.0338,1,2015322,0,0,0,0,0,0,0,0,0,0,0
-64.9225,96.0338,1,2015323,0,0,0,0,0,0,0,0,0,0,0
-64.9225,96.0338,0,2015324,0,0,0,0,0,0,0,0,0,0,0
-64.9225,96.0338,1,2015325,0,0,0,0,0,0,0,0,0,0,0
-64.9225,96.0338,1,2015326,0,0,0,0,0,0,0,0,0,0,0
-64.9225,96.0338,1,2015327,0,0,0,0,0,0,0,0,0,0,0
-64.9225,96.0338,0,2015328,0,0,0,0,0,0,0,0,0,0,0
-64.9225,96.0338,1,2015329,0,0,0,0,0,0,0,0,0,0,0
-64.9898,96.0015,1,2015330,0,0,0,0,0,0,0,0,0,0,0
-64.9898,96.0015,1,2015331,0,0,0,0,0,0,0,0,0,0,0
-64.9898,96.0015,1,2015332,0,0,0,0,0,0,0,0,0,0,0
-64.9898,96.0015,1,2015333,0,0,0,0,0,0,0,0,0,0,0
-64.9898,96.0015,1,2015335,0,0,0,0,0,0,0,0,0,0,0
-65.0015,96.0298,1,2015336,0,0,0,0,0,0,0,0,0,0,0
-65.0015,96.0298,1,2015337,0,0,0,0,0,0,0,0,0,0,0
-65.0151,95.9366,1,2015338,0,0,0,0,0,0,0,0,0,0,0
-65.0191,95.8443,1,2015339,0,0,0,0,0,0,0,0,0,0,0
-65.0191,95.8443,1,2015340,0,0,0,0,0,0,0,0,0,0,0
-65.0191,95.8443,1,2015342,0,0,0,0,0,0,0,0,0,0,0
-65.0191,95.8443,1,2015343,0,0,0,0,0,0,0,0,0,0,0
-65.0191,95.8443,1,2015344,0,0,0,0,0,0,0,0,0,0,0
-65.0191,95.8443,1,2015345,0,0,0,0,0,0,0,0,0,0,0
-65.0304,95.8013,1,2015346,0,0,0,0,0,0,0,0,0,0,0
-65.0304,95.8013,1,2015347,0,0,0,0,0,0,0,0,0,0,0
-64.9671,95.8696,0,2015348,0,0,0,0,0,0,0,0,0,0,0
-64.9038,95.938,1,2015349,0,0,0,0,0,0,0,0,0,0,0
-64.9038,95.938,1,2015350,0,0,0,0,0,0,0,0,0,0,0
-64.9038,95.938,1,2015351,0,0,0,0,0,0,0,0,0,0,0
-64.9038,95.938,1,2015352,0,0,0,0,0,0,0,0,0,0,0
-64.9038,95.938,1,2015353,0,0,0,0,0,0,0,0,0,0,0
-64.9038,95.938,1,2015354,0,0,0,0,0,0,0,0,0,0,0
-64.9038,95.938,1,2015355,0,0,0,0,0,0,0,0,0,0,0
-64.9038,95.938,1,2015356,0,0,0,0,0,0,0,0,0,0,0
-64.9038,95.938,1,2015357,0,0,0,0,0,0,0,0,0,0,0
-64.9038,95.938,1,2015358,0,0,0,0,0,0,0,0,0,0,0
-64.9038,95.938,1,2015359,0,0,0,0,0,0,0,0,0,0,0
-64.9038,95.938,1,2015360,0,0,0,0,0,0,0,0,0,0,0
-64.9038,95.938,1,2015361,0,0,0,0,0,0,0,0,0,0,0
-64.891,95.9795,0,2015362,0,0,0,0,0,0,0,0,0,0,0
-64.8781,96.021,1,2015363,0,0,0,0,0,0,0,0,0,0,0
-64.8781,96.021,1,2015364,0,0,0,0,0,0,0,0,0,0,0
-64.935,95.6562,1,2015365,0,0,0,0,0,0,0,0,0,0,0
-64.935,95.6562,0,2016001,0,0,0,0,0,0,0,0,0,0,0
-64.935,95.6562,1,2016002,0,0,0,0,0,0,0,0,0,0,0
-64.935,95.6562,1,2016003,0,0,0,0,0,0,0,0,0,0,0
-64.935,95.6562,1,2016004,0,0,0,0,0,0,0,0,0,0,0
-64.935,95.6562,1,2016005,0,0,0,0,0,0,0,0,0,0,0
-64.935,95.6562,1,2016006,0,0,0,0,0,0,0,0,0,0,0
-64.935,95.6562,1,2016007,0,0,0,0,0,0,0,0,0,0,0
-64.935,95.6562,1,2016008,0,0,0,0,0,0,0,0,0,0,0
-64.935,95.6562,1,2016009,0,0,0,0,0,0,0,0,0,0,0
-64.935,95.6562,1,2016010,0,0,0,0,0,0,0,0,0,0,0
-64.935,95.6562,1,2016011,0,0,0,0,0,0,0,0,0,0,0
-64.935,95.6562,1,2016012,0,0,0,0,0,0,0,0,0,0,0
-64.935,95.6562,1,2016013,0,0,0,0,0,0,0,0,0,0,0
-64.9447,95.8041,0,2016014,0,0,0,0,0,0,0,0,0,0,0
-64.9543,95.952,1,2016015,0,0,0,0,0,0,0,0,0,0,0
-64.9543,95.952,1,2016016,0,0,0,0,0,0,0,0,0,0,0
-64.9543,95.952,1,2016017,0,0,0,0,0,0,0,0,0,0,0
-64.9543,95.952,0,2016018,0,0,0,0,0,0,0,0,0,0,0
-64.9543,95.952,1,2016019,0,0,0,0,0,0,0,0,0,0,0
-64.9398,95.8962,1,2016020,0,0,0,0,0,0,0,0,0,0,0
-64.9398,95.8962,1,2016021,0,0,0,0,0,0,0,0,0,0,0
-64.9741,95.9299,1,2016022,0,0,0,0,0,0,0,0,0,0,0
-64.9741,95.9299,1,2016023,0,0,0,0,0,0,0,0,0,0,0
-64.9741,95.9299,1,2016025,0,0,0,0,0,0,0,0,0,0,0
-64.9741,95.9299,1,2016026,0,0,0,0,0,0,0,0,0,0,0
-64.9741,95.9299,1,2016027,0,0,0,0,0,0,0,0,0,0,0
-64.9741,95.9299,1,2016028,0,0,0,0,0,0,0,0,0,0,0
-64.9741,95.9299,1,2016029,0,0,0,0,0,0,0,0,0,0,0
-64.9741,95.9299,1,2016030,0,0,0,0,0,0,0,0,0,0,0
-64.9741,95.9299,1,2016032,0,0,0,0,0,0,0,0,0,0,0
-64.9741,95.9299,1,2016033,0,0,0,0,0,0,0,0,0,0,0
-64.9741,95.9299,1,2016034,0,0,0,0,0,0,0,0,0,0,0
-64.9741,95.9299,1,2016035,0,0,0,0,0,0,0,0,0,0,0
-64.9741,95.9299,1,2016036,0,0,0,0,0,0,0,0,0,0,0
-64.9741,95.9299,1,2016037,0,0,0,0,0,0,0,0,0,0,0
-64.9741,95.9299,1,2016038,0,0,0,0,0,0,0,0,0,0,0
-64.9741,95.9299,1,2016039,0,0,0,0,0,0,0,0,0,0,0
-64.9741,95.9299,1,2016041,0,0,0,0,0,0,0,0,0,0,0
-64.9741,95.9299,1,2016042,0,0,0,0,0,0,0,0,0,0,0
-64.9741,95.9299,1,2016043,0,0,0,0,0,0,0,0,0,0,0
-64.9741,95.9299,1,2016044,0,0,0,0,0,0,0,0,0,0,0
-64.9741,95.9299,1,2016045,0,0,0,0,0,0,0,0,0,0,0
-64.9741,95.9299,1,2016046,0,0,0,0,0,0,0,0,0,0,0
-64.9741,95.9299,1,2016048,0,0,0,0,0,0,0,0,0,0,0
-64.9741,95.9299,1,2016049,0,0,0,0,0,0,0,0,0,0,0
-64.9741,95.9299,1,2016050,0,0,0,0,0,0,0,0,0,0,0
-64.9741,95.9299,1,2016051,0,0,0,0,0,0,0,0,0,0,0
-64.9624,95.807,1,2016052,0,0,0,0,0,0,0,0,0,0,0
-64.9624,95.807,1,2016053,0,0,0,0,0,0,0,0,0,0,0
-64.9624,95.807,1,2016054,0,0,0,0,0,0,0,0,0,0,0
-64.9624,95.807,0,2016055,0,0,0,0,0,0,0,0,0,0,0
-64.9624,95.807,1,2016056,0,0,0,0,0,0,0,0,0,0,0
-64.9624,95.807,1,2016057,0,0,0,0,0,0,0,0,0,0,0
-64.9624,95.807,1,2016058,0,0,0,0,0,0,0,0,0,0,0
-64.9624,95.807,1,2016059,0,0,0,0,0,0,0,0,0,0,0
-64.9624,95.807,0,2016060,0,0,0,0,0,0,0,0,0,0,0
-64.9624,95.807,1,2016061,0,0,0,0,0,0,0,0,0,0,0
-64.9624,95.807,1,2016062,0,0,0,0,0,0,0,0,0,0,0
-64.9624,95.807,1,2016063,0,0,0,0,0,0,0,0,0,0,0
-64.9624,95.807,1,2016064,0,0,0,0,0,0,0,0,0,0,0
-64.9624,95.807,1,2016065,0,0,0,0,0,0,0,0,0,0,0
-64.9624,95.807,1,2016066,0,0,0,0,0,0,0,0,0,0,0
-64.9624,95.807,1,2016067,0,0,0,0,0,0,0,0,0,0,0
-64.9624,95.807,0,2016068,0,0,0,0,0,0,0,0,0,0,0
-64.9624,95.807,1,2016069,0,0,0,0,0,0,0,0,0,0,0
-64.9624,95.807,1,2016070,0,0,0,0,0,0,0,0,0,0,0
-64.9624,95.807,1,2016071,0,0,0,0,0,0,0,0,0,0,0
-64.9624,95.807,1,2016072,0,0,0,0,0,0,0,0,0,0,0
-64.9624,95.807,1,2016073,0,0,0,0,0,0,0,0,0,0,0
-64.9624,95.807,1,2016074,0,0,0,0,0,0,0,0,0,0,0
-64.9624,95.807,0,2016075,0,0,0,0,0,0,0,0,0,0,0
-64.9624,95.807,1,2016076,0,0,0,0,0,0,0,0,0,0,0
-64.9624,95.807,1,2016077,0,0,0,0,0,0,0,0,0,0,0
-64.9624,95.807,1,2016078,0,0,0,0,0,0,0,0,0,0,0
-64.9624,95.807,1,2016079,0,0,0,0,0,0,0,0,0,0,0
-64.9624,95.807,1,2016080,0,0,0,0,0,0,0,0,0,0,0
-64.9624,95.807,1,2016081,0,0,0,0,0,0,0,0,0,0,0
-64.9624,95.807,0,2016082,0,0,0,0,0,0,0,0,0,0,0
-64.9624,95.807,1,2016083,0,0,0,0,0,0,0,0,0,0,0
-64.9624,95.807,1,2016084,0,0,0,0,0,0,0,0,0,0,0
-64.9624,95.807,1,2016085,0,0,0,0,0,0,0,0,0,0,0
-64.9624,95.807,1,2016086,0,0,0,0,0,0,0,0,0,0,0
-64.9624,95.807,1,2016087,0,0,0,0,0,0,0,0,0,0,0
-64.9624,95.807,1,2016088,0,0,0,0,0,0,0,0,0,0,0
-64.9624,95.807,0,2016089,0,0,0,0,0,0,0,0,0,0,0
-64.9624,95.807,1,2016090,0,0,0,0,0,0,0,0,0,0,0
-64.9624,95.807,1,2016091,0,0,0,0,0,0,0,0,0,0,0
-64.9624,95.807,1,2016092,0,0,0,0,0,0,0,0,0,0,0
-64.9624,95.807,1,2016093,0,0,0,0,0,0,0,0,0,0,0
-64.9624,95.807,1,2016094,0,0,0,0,0,0,0,0,0,0,0
-64.9624,95.807,1,2016095,0,0,0,0,0,0,0,0,0,0,0
-64.9624,95.807,0,2016096,0,0,0,0,0,0,0,0,0,0,0
-64.9624,95.807,1,2016097,0,0,0,0,0,0,0,0,0,0,0
-64.9624,95.807,1,2016098,0,0,0,0,0,0,0,0,0,0,0
-64.9624,95.807,1,2016099,0,0,0,0,0,0,0,0,0,0,0
-64.9624,95.807,1,2016100,0,0,0,0,0,0,0,0,0,0,0
-64.9624,95.807,1,2016101,0,0,0,0,0,0,0,0,0,0,0
-64.9624,95.807,1,2016102,0,0,0,0,0,0,0,0,0,0,0
-64.9624,95.807,0,2016103,0,0,0,0,0,0,0,0,0,0,0
-64.9624,95.807,1,2016104,0,0,0,0,0,0,0,0,0,0,0
-64.9624,95.807,1,2016105,0,0,0,0,0,0,0,0,0,0,0
-64.9624,95.807,1,2016106,0,0,0,0,0,0,0,0,0,0,0
-64.9624,95.807,1,2016107,0,0,0,0,0,0,0,0,0,0,0
-64.9624,95.807,1,2016108,0,0,0,0,0,0,0,0,0,0,0
-64.9624,95.807,1,2016109,0,0,0,0,0,0,0,0,0,0,0
-64.9624,95.807,1,2016110,0,0,0,0,0,0,0,0,0,0,0
-64.9624,95.807,1,2016111,0,0,0,0,0,0,0,0,0,0,0
-64.9624,95.807,1,2016112,0,0,0,0,0,0,0,0,0,0,0
-64.9624,95.807,1,2016113,0,0,0,0,0,0,0,0,0,0,0
-64.9624,95.807,1,2016114,0,0,0,0,0,0,0,0,0,0,0
-64.9624,95.807,1,2016115,0,0,0,0,0,0,0,0,0,0,0
-64.9624,95.807,1,2016116,0,0,0,0,0,0,0,0,0,0,0
-64.9624,95.807,1,2016117,0,0,0,0,0,0,0,0,0,0,0
-64.9624,95.807,1,2016118,0,0,0,0,0,0,0,0,0,0,0
-64.9624,95.807,1,2016119,0,0,0,0,0,0,0,0,0,0,0
-64.9624,95.807,1,2016120,0,0,0,0,0,0,0,0,0,0,0
-64.9624,95.807,1,2016121,0,0,0,0,0,0,0,0,0,0,0
-64.9624,95.807,1,2016122,0,0,0,0,0,0,0,0,0,0,0
-64.9624,95.807,0,2016123,0,0,0,0,0,0,0,0,0,0,0
-64.9624,95.807,1,2016124,0,0,0,0,0,0,0,0,0,0,0
-64.9624,95.807,1,2016125,0,0,0,0,0,0,0,0,0,0,0
-64.9624,95.807,1,2016126,0,0,0,0,0,0,0,0,0,0,0
-64.9502,95.8074,1,2016127,0,0,0,0,0,0,0,0,0,0,0
-64.9502,95.8074,1,2016128,0,0,0,0,0,0,0,0,0,0,0
-64.9502,95.8074,1,2016129,0,0,0,0,0,0,0,0,0,0,0
-64.9502,95.8074,0,2016130,0,0,0,0,0,0,0,0,0,0,0
-64.9502,95.8074,1,2016131,0,0,0,0,0,0,0,0,0,0,0
-64.9502,95.8074,1,2016132,0,0,0,0,0,0,0,0,0,0,0
-64.9502,95.8074,1,2016133,0,0,0,0,0,0,0,0,0,0,0
-64.9502,95.8074,0,2016134,0,0,0,0,0,0,0,0,0,0,0
-64.9502,95.8074,0,2016135,0,0,0,0,0,0,0,0,0,0,0
-64.9502,95.8074,0,2016136,0,0,0,0,0,0,0,0,0,0,0
-64.9502,95.8074,1,2016137,0,0,0,0,0,0,0,0,0,0,0
-64.9502,95.8074,1,2016138,0,0,0,0,0,0,0,0,0,0,0
-64.9482,95.8542,1,2016139,0,0,0,0,0,0,0,0,0,0,0
-64.9482,95.8542,1,2016140,0,0,0,0,0,0,0,0,0,0,0
-64.9482,95.8542,1,2016141,0,0,0,0,0,0,0,0,0,0,0
-64.9482,95.8542,1,2016142,0,0,0,0,0,0,0,0,0,0,0
-64.9482,95.8542,1,2016143,0,0,0,0,0,0,0,0,0,0,0
-64.9482,95.8542,0,2016144,0,0,0,0,0,0,0,0,0,0,0
-64.9482,95.8542,1,2016145,0,0,0,0,0,0,0,0,0,0,0
-64.9482,95.8542,1,2016146,0,0,0,0,0,0,0,0,0,0,0
-64.9482,95.8542,1,2016147,0,0,0,0,0,0,0,0,0,0,0
-64.9482,95.8542,1,2016148,0,0,0,0,0,0,0,0,0,0,0
-64.9482,95.8542,1,2016149,0,0,0,0,0,0,0,0,0,0,0
-64.9482,95.8542,1,2016150,0,0,0,0,0,0,0,0,0,0,0
-64.9482,95.8542,1,2016151,0,0,0,0,0,0,0,0,0,0,0
-64.9482,95.8542,1,2016152,0,0,0,0,0,0,0,0,0,0,0
-64.9482,95.8542,1,2016153,0,0,0,0,0,0,0,0,0,0,0
-64.9482,95.8542,1,2016154,0,0,0,0,0,0,0,0,0,0,0
-64.9482,95.8542,0,2016155,0,0,0,0,0,0,0,0,0,0,0
-64.9482,95.8542,1,2016156,0,0,0,0,0,0,0,0,0,0,0
-64.9482,95.8542,1,2016157,0,0,0,0,0,0,0,0,0,0,0
-64.9482,95.8542,1,2016158,0,0,0,0,0,0,0,0,0,0,0
-64.9482,95.8542,1,2016159,0,0,0,0,0,0,0,0,0,0,0
-64.9482,95.8542,1,2016160,0,0,0,0,0,0,0,0,0,0,0
-64.9482,95.8542,1,2016161,0,0,0,0,0,0,0,0,0,0,0
-64.9482,95.8542,0,2016162,0,0,0,0,0,0,0,0,0,0,0
-64.9482,95.8542,1,2016163,0,0,0,0,0,0,0,0,0,0,0
-64.9482,95.8542,1,2016164,0,0,0,0,0,0,0,0,0,0,0
-64.9482,95.8542,1,2016165,0,0,0,0,0,0,0,0,0,0,0
-64.9482,95.8542,1,2016182,0,0,0,0,0,0,0,0,0,0,0
-64.9482,95.8542,1,2016183,0,0,0,0,0,0,0,0,0,0,0
-64.9482,95.8542,1,2016184,0,0,0,0,0,0,0,0,0,0,0
-64.9482,95.8542,0,2016185,0,0,0,0,0,0,0,0,0,0,0
-64.9482,95.8542,1,2016186,0,0,0,0,0,0,0,0,0,0,0
-64.9482,95.8542,0,2016187,0,0,0,0,0,0,0,0,0,0,0
-64.9482,95.8542,1,2016188,0,0,0,0,0,0,0,0,0,0,0
-64.9482,95.8542,1,2016189,0,0,0,0,0,0,0,0,0,0,0
-64.9482,95.8542,1,2016190,0,0,0,0,0,0,0,0,0,0,0
-64.9482,95.8542,1,2016191,0,0,0,0,0,0,0,0,0,0,0
-64.9482,95.8542,1,2016192,0,0,0,0,0,0,0,0,0,0,0
-64.9482,95.8542,1,2016193,0,0,0,0,0,0,0,0,0,0,0
-64.9579,95.8794,0,2016194,0,0,0,0,0,0,0,0,0,0,0
-64.9676,95.9046,1,2016195,0,0,0,0,0,0,0,0,0,0,0
-64.9614,95.8321,1,2016196,0,0,0,0,0,0,0,0,0,0,0
-64.9614,95.8321,1,2016197,0,0,0,0,0,0,0,0,0,0,0
-64.9603,95.8555,1,2016198,0,0,0,0,0,0,0,0,0,0,0
-64.9686,95.8812,1,2016199,0,0,0,0,0,0,0,0,0,0,0
-64.9645,95.8684,0,2016200,0,0,0,0,0,0,0,0,0,0,0
-64.9603,95.8555,1,2016201,0,0,0,0,0,0,0,0,0,0,0
-64.9603,95.8555,1,2016202,0,0,0,0,0,0,0,0,0,0,0
-64.9603,95.8555,1,2016203,0,0,0,0,0,0,0,0,0,0,0
-64.9603,95.8555,1,2016204,0,0,0,0,0,0,0,0,0,0,0
-64.9603,95.8555,1,2016205,0,0,0,0,0,0,0,0,0,0,0
-64.9603,95.8555,1,2016206,0,0,0,0,0,0,0,0,0,0,0
-64.9603,95.8555,1,2016207,0,0,0,0,0,0,0,0,0,0,0
-64.965,95.856,0,2016208,0,0,0,0,0,0,0,0,0,0,0
-64.9697,95.8577,1,2016209,0,0,0,0,0,0,0,0,0,0,0
-64.9314,95.8721,1,2016210,0,0,0,0,0,0,0,0,0,0,0
-64.94,95.8519,0,2016211,0,0,0,0,0,0,0,0,0,0,0
-64.9596,95.8316,1,2016212,0,0,0,0,0,0,0,0,0,0,0
-64.9986,95.8411,1,2016213,0,0,0,0,0,0,0,0,0,0,0
-65.0137,95.7498,1,2016215,0,0,0,0,0,0,0,0,0,0,0
-64.997,95.7001,1,2016216,0,0,0,0,0,0,0,0,0,0,0
-64.9989,95.6548,1,2016217,0,0,0,0,0,0,0,0,0,0,0
-65.0073,95.6804,1,2016218,0,0,0,0,0,0,0,0,0,0,0
-65.0632,95.6936,1,2016219,0,0,0,0,0,0,0,0,0,0,0
-65.0164,95.73,1,2016220,0,0,0,0,0,0,0,0,0,0,0
-64.9712,95.6716,0,2016221,0,0,0,0,0,0,0,0,0,0,0
-64.9378,95.5949,1,2016222,0,0,0,0,0,0,0,0,0,0,0
-64.9237,95.568,1,2016223,0,0,0,0,0,0,0,0,0,0,0
-65.0066,95.6108,1,2016224,0,0,0,0,0,0,0,0,0,0,0
-64.9523,95.6455,1,2016225,0,0,0,0,0,0,0,0,0,0,0
-64.9086,95.7046,1,2016226,0,0,0,0,0,0,0,0,0,0,0
-64.9686,95.5767,1,2016227,0,0,0,0,0,0,0,0,0,0,0
-64.9938,95.631,0,2016228,0,0,0,0,0,0,0,0,0,0,0
-65.0044,95.7051,1,2016229,0,0,0,0,0,0,0,0,0,0,0
-64.9391,95.7354,1,2016230,0,0,0,0,0,0,0,0,0,0,0
-64.9721,95.8117,0,2016231,0,0,0,0,0,0,0,0,0,0,0
-65.0051,95.868,1,2016232,0,0,0,0,0,0,0,0,0,0,0
-64.9901,95.8627,1,2016233,0,0,0,0,0,0,0,0,0,0,0
-64.9518,95.8771,1,2016234,0,0,0,0,0,0,0,0,0,0,0
-64.9597,95.8944,0,2016235,0,0,0,0,0,0,0,0,0,0,0
-64.9676,95.9046,1,2016236,0,0,0,0,0,0,0,0,0,0,0
-64.9676,95.9046,1,2016237,0,0,0,0,0,0,0,0,0,0,0
-64.9738,95.9772,1,2016239,0,0,0,0,0,0,0,0,0,0,0
-64.9831,95.7646,1,2016240,0,0,0,0,0,0,0,0,0,0,0
-64.9746,95.7422,1,2016241,0,0,0,0,0,0,0,0,0,0,0
-64.9746,95.7422,1,2016242,0,0,0,0,0,0,0,0,0,0,0
-64.9787,95.7509,0,2016243,0,0,0,0,0,0,0,0,0,0,0
-64.9829,95.7678,1,2016244,0,0,0,0,0,0,0,0,0,0,0
-64.9726,95.7891,1,2016245,0,0,0,0,0,0,0,0,0,0,0
-64.9669,95.7763,0,2016246,0,0,0,0,0,0,0,0,0,0,0
-64.9643,95.7634,1,2016247,0,0,0,0,0,0,0,0,0,0,0
-64.9643,95.7634,1,2016248,0,0,0,0,0,0,0,0,0,0,0
-64.9726,95.7891,1,2016249,0,0,0,0,0,0,0,0,0,0,0
-64.9782,95.8063,0,2016250,0,0,0,0,0,0,0,0,0,0,0
-64.9809,95.8147,1,2016251,0,0,0,0,0,0,0,0,0,0,0
-64.9809,95.8147,1,2016252,0,0,0,0,0,0,0,0,0,0,0
-64.9809,95.8147,1,2016253,0,0,0,0,0,0,0,0,0,0,0
-64.9809,95.8147,1,2016254,0,0,0,0,0,0,0,0,0,0,0
-64.9786,95.8065,0,2016255,0,0,0,0,0,0,0,0,0,0,0
-64.9726,95.7891,1,2016256,0,0,0,0,0,0,0,0,0,0,0
-64.955,95.7612,1,2016257,0,0,0,0,0,0,0,0,0,0,0
-64.936,95.7813,0,2016258,0,0,0,0,0,0,0,0,0,0,0
-64.9251,95.8013,1,2016259,0,0,0,0,0,0,0,0,0,0,0
-64.9499,95.618,1,2016260,0,0,0,0,0,0,0,0,0,0,0
-64.9478,95.6681,1,2016261,0,0,0,0,0,0,0,0,0,0,0
-64.9439,95.7602,1,2016262,0,0,0,0,0,0,0,0,0,0,0
-64.9433,95.7728,0,2016263,0,0,0,0,0,0,0,0,0,0,0
-64.943,95.7798,0,2016264,0,0,0,0,0,0,0,0,0,0,0
-64.9429,95.782,1,2016265,0,0,0,0,0,0,0,0,0,0,0
-64.9429,95.782,1,2016266,0,0,0,0,0,0,0,0,0,0,0
-64.9223,95.8243,1,2016267,0,0,0,0,0,0,0,0,0,0,0
-64.9389,95.874,1,2016268,0,0,0,0,0,0,0,0,0,0,0
-64.9389,95.874,1,2016269,0,0,0,0,0,0,0,0,0,0,0
-64.9389,95.874,1,2016270,0,0,0,0,0,0,0,0,0,0,0
-64.9586,95.8551,1,2016271,0,0,0,0,0,0,0,0,0,0,0
-64.9437,95.8042,1,2016272,0,0,0,0,0,0,0,0,0,0,0
-64.9532,95.7608,1,2016273,0,0,0,0,0,0,0,0,0,0,0
-64.954,95.7846,1,2016274,0,0,0,0,0,0,0,0,0,0,0
-64.954,95.7846,1,2016275,0,0,0,0,0,0,0,0,0,0,0
-64.9545,95.7771,0,2016276,0,0,0,0,0,0,0,0,0,0,0
-64.955,95.7612,1,2016277,0,0,0,0,0,0,0,0,0,0,0
-64.9467,95.7355,1,2016278,0,0,0,0,0,0,0,0,0,0,0
-64.9332,95.7565,0,2016279,0,0,0,0,0,0,0,0,0,0,0
-64.9243,95.7775,1,2016280,0,0,0,0,0,0,0,0,0,0,0
-64.9243,95.7775,1,2016281,0,0,0,0,0,0,0,0,0,0,0
-64.9243,95.7775,1,2016282,0,0,0,0,0,0,0,0,0,0,0
-64.9295,95.7669,0,2016283,0,0,0,0,0,0,0,0,0,0,0
-64.9346,95.7563,1,2016284,0,0,0,0,0,0,0,0,0,0,0
-64.9346,95.7563,1,2016285,0,0,0,0,0,0,0,0,0,0,0
-64.9254,95.7419,0,2016286,0,0,0,0,0,0,0,0,0,0,0
-64.9085,95.7151,0,2016287,0,0,0,0,0,0,0,0,0,0,0
-64.8993,95.7007,1,2016288,0,0,0,0,0,0,0,0,0,0,0
-64.9141,95.7531,1,2016289,0,0,0,0,0,0,0,0,0,0,0
-64.9336,95.7797,1,2016290,0,0,0,0,0,0,0,0,0,0,0
-64.9187,95.8001,0,2016291,0,0,0,0,0,0,0,0,0,0,0
-64.9037,95.8198,1,2016292,0,0,0,0,0,0,0,0,0,0,0
-64.9103,95.8434,1,2016293,0,0,0,0,0,0,0,0,0,0,0
-64.9204,95.8892,0,2016294,0,0,0,0,0,0,0,0,0,0,0
-64.9369,95.9208,1,2016295,0,0,0,0,0,0,0,0,0,0,0
-64.9773,95.8579,1,2016296,0,0,0,0,0,0,0,0,0,0,0
-64.95,95.8766,1,2016297,0,0,0,0,0,0,0,0,0,0,0
-64.95,95.8766,1,2016298,0,0,0,0,0,0,0,0,0,0,0
-64.9686,95.8812,1,2016299,0,0,0,0,0,0,0,0,0,0,0
-64.968,95.8964,0,2016300,0,0,0,0,0,0,0,0,0,0,0
-64.9666,95.928,1,2016301,0,0,0,0,0,0,0,0,0,0,0
-64.9625,96.0201,1,2016302,0,0,0,0,0,0,0,0,0,0,0
-64.9408,95.8711,1,2016303,0,0,0,0,0,0,0,0,0,0,0
-64.9762,95.883,1,2016304,0,0,0,0,0,0,0,0,0,0,0
-64.9784,95.8715,0,2016305,0,0,0,0,0,0,0,0,0,0,0
-64.979,95.86,1,2016306,0,0,0,0,0,0,0,0,0,0,0
-64.979,95.86,1,2016307,0,0,0,0,0,0,0,0,0,0,0
-64.979,95.86,1,2016308,0,0,0,0,0,0,0,0,0,0,0
-64.979,95.86,1,2016309,0,0,0,0,0,0,0,0,0,0,0
-64.979,95.86,1,2016310,0,0,0,0,0,0,0,0,0,0,0
-64.979,95.86,1,2016311,0,0,0,0,0,0,0,0,0,0,0
-64.9697,95.8578,0,2016312,0,0,0,0,0,0,0,0,0,0,0
-64.9603,95.8555,1,2016313,0,0,0,0,0,0,0,0,0,0,0
-64.9603,95.8555,1,2016314,0,0,0,0,0,0,0,0,0,0,0
-64.9603,95.8555,1,2016315,0,0,0,0,0,0,0,0,0,0,0
-65.0638,95.8569,1,2016317,0,0,0,0,0,0,0,0,0,0,0
-65.0205,95.8938,1,2016318,0,0,0,0,0,0,0,0,0,0,0
-65.0097,95.8437,1,2016320,0,0,0,0,0,0,0,0,0,0,0
-65.0097,95.8437,1,2016321,0,0,0,0,0,0,0,0,0,0,0
-65.0222,95.9892,1,2016323,0,0,0,0,0,0,0,0,0,0,0
-65.0715,95.7619,1,2016324,0,0,0,0,0,0,0,0,0,0,0
-65.0255,95.778,1,2016325,0,0,0,0,0,0,0,0,0,0,0
-65.0283,95.8499,1,2016327,0,0,0,0,0,0,0,0,0,0,0
-65.0394,95.8509,1,2016328,0,0,0,0,0,0,0,0,0,0,0
-65.0394,95.8509,1,2016329,0,0,0,0,0,0,0,0,0,0,0
-65.0394,95.8509,1,2016330,0,0,0,0,0,0,0,0,0,0,0
-65.0175,95.7033,1,2016331,0,0,0,0,0,0,0,0,0,0,0
-64.9836,95.7934,1,2016332,0,0,0,0,0,0,0,0,0,0,0
-64.9696,95.8594,1,2016333,0,0,0,0,0,0,0,0,0,0,0
-64.9656,95.9515,1,2016334,0,0,0,0,0,0,0,0,0,0,0
-64.9625,96.0201,1,2016336,0,0,0,0,0,0,0,0,0,0,0
-64.9594,96.0887,1,2016337,0,0,0,0,0,0,0,0,0,0,0
-64.9708,96.0442,1,2016338,0,0,0,0,0,0,0,0,0,0,0
-64.9647,95.9716,1,2016339,0,0,0,0,0,0,0,0,0,0,0
-64.9647,95.9716,1,2016341,0,0,0,0,0,0,0,0,0,0,0
-64.9449,95.9921,1,2016342,0,0,0,0,0,0,0,0,0,0,0
-64.9635,95.9967,1,2016343,0,0,0,0,0,0,0,0,0,0,0
-64.9635,95.9967,1,2016345,0,0,0,0,0,0,0,0,0,0,0
-64.9635,95.9967,1,2016346,0,0,0,0,0,0,0,0,0,0,0
-64.9635,95.9967,1,2016347,0,0,0,0,0,0,0,0,0,0,0
-64.9635,95.9967,1,2016348,0,0,0,0,0,0,0,0,0,0,0
-64.9635,95.9967,1,2016349,0,0,0,0,0,0,0,0,0,0,0
-64.9635,95.9967,1,2016350,0,0,0,0,0,0,0,0,0,0,0
-64.9635,95.9967,1,2016351,0,0,0,0,0,0,0,0,0,0,0
-64.9635,95.9967,1,2016352,0,0,0,0,0,0,0,0,0,0,0
-64.9635,95.9967,1,2016353,0,0,0,0,0,0,0,0,0,0,0
-64.9635,95.9967,1,2016354,0,0,0,0,0,0,0,0,0,0,0
-64.9635,95.9967,1,2016355,0,0,0,0,0,0,0,0,0,0,0
-64.9635,95.9967,1,2016356,0,0,0,0,0,0,0,0,0,0,0
-64.9635,95.9967,1,2016357,0,0,0,0,0,0,0,0,0,0,0
-64.9635,95.9967,1,2016358,0,0,0,0,0,0,0,0,0,0,0
-64.9635,95.9967,1,2016359,0,0,0,0,0,0,0,0,0,0,0
-64.9635,95.9967,1,2016360,0,0,0,0,0,0,0,0,0,0,0
-64.9635,95.9967,1,2016361,0,0,0,0,0,0,0,0,0,0,0
-64.9635,95.9967,1,2016362,0,0,0,0,0,0,0,0,0,0,0
-64.9635,95.9967,1,2016363,0,0,0,0,0,0,0,0,0,0,0
-64.9635,95.9967,1,2016364,0,0,0,0,0,0,0,0,0,0,0
-64.9635,95.9967,1,2016365,0,0,0,0,0,0,0,0,0,0,0
-64.9635,95.9967,1,2016366,0,0,0,0,0,0,0,0,0,0,0
-64.9635,95.9967,1,2017001,0,0,0,0,0,0,0,0,0,0,0
-64.9635,95.9967,1,2017002,0,0,0,0,0,0,0,0,0,0,0
-64.9635,95.9967,1,2017004,0,0,0,0,0,0,0,0,0,0,0
-64.9635,95.9967,1,2017005,0,0,0,0,0,0,0,0,0,0,0
-64.9635,95.9967,1,2017007,0,0,0,0,0,0,0,0,0,0,0
-64.9692,96.3107,1,2017008,0,0,0,0,0,0,0,0,0,0,0
-64.9692,96.3107,1,2017009,0,0,0,0,0,0,0,0,0,0,0
-64.9692,96.3107,1,2017011,0,0,0,0,0,0,0,0,0,0,0
-64.9692,96.3107,1,2017012,0,0,0,0,0,0,0,0,0,0,0
-64.9692,96.3107,1,2017013,0,0,0,0,0,0,0,0,0,0,0
-64.9692,96.3107,1,2017014,0,0,0,0,0,0,0,0,0,0,0
-64.9692,96.3107,1,2017015,0,0,0,0,0,0,0,0,0,0,0
-64.9692,96.3107,1,2017016,0,0,0,0,0,0,0,0,0,0,0
-64.9692,96.3107,1,2017017,0,0,0,0,0,0,0,0,0,0,0
-64.9692,96.3107,1,2017018,0,0,0,0,0,0,0,0,0,0,0
-64.9278,96.1341,0,2017019,0,0,0,0,0,0,0,0,0,0,0
-64.8864,95.9575,1,2017020,0,0,0,0,0,0,0,0,0,0,0
-64.8864,95.9575,1,2017021,0,0,0,0,0,0,0,0,0,0,0
-64.8864,95.9575,1,2017022,0,0,0,0,0,0,0,0,0,0,0
-64.8864,95.9575,1,2017023,0,0,0,0,0,0,0,0,0,0,0
-64.8864,95.9575,1,2017024,0,0,0,0,0,0,0,0,0,0,0
-64.8864,95.9575,1,2017025,0,0,0,0,0,0,0,0,0,0,0
-64.8864,95.9575,1,2017026,0,0,0,0,0,0,0,0,0,0,0
-64.8864,95.9575,1,2017027,0,0,0,0,0,0,0,0,0,0,0
-64.8864,95.9575,0,2017028,0,0,0,0,0,0,0,0,0,0,0
-64.8864,95.9575,1,2017029,0,0,0,0,0,0,0,0,0,0,0
-64.8864,95.9575,1,2017030,0,0,0,0,0,0,0,0,0,0,0
-64.8864,95.9575,0,2017031,0,0,0,0,0,0,0,0,0,0,0
-64.8864,95.9575,0,2017032,0,0,0,0,0,0,0,0,0,0,0
-64.8864,95.9575,0,2017033,0,0,0,0,0,0,0,0,0,0,0
-64.8864,95.9575,0,2017034,0,0,0,0,0,0,0,0,0,0,0
-64.8864,95.9575,0,2017035,0,0,0,0,0,0,0,0,0,0,0
-64.8864,95.9575,0,2017036,0,0,0,0,0,0,0,0,0,0,0
-64.8864,95.9575,1,2017037,0,0,0,0,0,0,0,0,0,0,0
-64.8864,95.9575,1,2017038,0,0,0,0,0,0,0,0,0,0,0
-64.8864,95.9575,1,2017039,0,0,0,0,0,0,0,0,0,0,0
-64.8864,95.9575,1,2017040,0,0,0,0,0,0,0,0,0,0,0
-64.8864,95.9575,0,2017041,0,0,0,0,0,0,0,0,0,0,0
-64.8864,95.9575,0,2017042,0,0,0,0,0,0,0,0,0,0,0
-64.8864,95.9575,1,2017043,0,0,0,0,0,0,0,0,0,0,0
-64.8864,95.9575,1,2017044,0,0,0,0,0,0,0,0,0,0,0
-64.8864,95.9575,1,2017045,0,0,0,0,0,0,0,0,0,0,0
-64.8864,95.9575,1,2017046,0,0,0,0,0,0,0,0,0,0,0
-64.8864,95.9575,1,2017047,0,0,0,0,0,0,0,0,0,0,0
-64.8864,95.9575,1,2017048,0,0,0,0,0,0,0,0,0,0,0
-64.8864,95.9575,1,2017049,0,0,0,0,0,0,0,0,0,0,0
-64.8864,95.9575,1,2017050,0,0,0,0,0,0,0,0,0,0,0
-64.8864,95.9575,1,2017051,0,0,0,0,0,0,0,0,0,0,0
-64.8864,95.9575,1,2017052,0,0,0,0,0,0,0,0,0,0,0
-64.8864,95.9575,1,2017053,0,0,0,0,0,0,0,0,0,0,0
-64.8864,95.9575,0,2017054,0,0,0,0,0,0,0,0,0,0,0
-64.8864,95.9575,1,2017055,0,0,0,0,0,0,0,0,0,0,0
-64.8864,95.9575,1,2017056,0,0,0,0,0,0,0,0,0,0,0
-64.8864,95.9575,1,2017057,0,0,0,0,0,0,0,0,0,0,0
-64.8864,95.9575,1,2017058,0,0,0,0,0,0,0,0,0,0,0
-64.8864,95.9575,1,2017059,0,0,0,0,0,0,0,0,0,0,0
-64.8864,95.9575,1,2017060,0,0,0,0,0,0,0,0,0,0,0
-64.8864,95.9575,1,2017061,0,0,0,0,0,0,0,0,0,0,0
-64.8864,95.9575,1,2017062,0,0,0,0,0,0,0,0,0,0,0
-64.8864,95.9575,1,2017063,0,0,0,0,0,0,0,0,0,0,0
-64.8864,95.9575,1,2017064,0,0,0,0,0,0,0,0,0,0,0
-64.8864,95.9575,1,2017065,0,0,0,0,0,0,0,0,0,0,0
-64.8864,95.9575,0,2017066,0,0,0,0,0,0,0,0,0,0,0
-64.8864,95.9575,1,2017067,0,0,0,0,0,0,0,0,0,0,0
-64.8625,96.0558,1,2017068,0,0,0,0,0,0,0,0,0,0,0
-64.8593,96.127,1,2017069,0,0,0,0,0,0,0,0,0,0,0
-64.8593,96.127,1,2017070,0,0,0,0,0,0,0,0,0,0,0
-64.8528,96.0529,1,2017071,0,0,0,0,0,0,0,0,0,0,0
-64.8528,96.0529,1,2017072,0,0,0,0,0,0,0,0,0,0,0
-64.8528,96.0529,1,2017073,0,0,0,0,0,0,0,0,0,0,0
-64.8528,96.0529,1,2017074,0,0,0,0,0,0,0,0,0,0,0
-64.8528,96.0529,1,2017075,0,0,0,0,0,0,0,0,0,0,0
-64.8528,96.0529,1,2017076,0,0,0,0,0,0,0,0,0,0,0
-64.8528,96.0529,1,2017077,0,0,0,0,0,0,0,0,0,0,0
-64.8528,96.0529,1,2017078,0,0,0,0,0,0,0,0,0,0,0
-64.8528,96.0529,1,2017079,0,0,0,0,0,0,0,0,0,0,0
-64.8528,96.0529,1,2017080,0,0,0,0,0,0,0,0,0,0,0
-64.8528,96.0529,1,2017081,0,0,0,0,0,0,0,0,0,0,0
-64.8528,96.0529,1,2017082,0,0,0,0,0,0,0,0,0,0,0
-64.8528,96.0529,1,2017083,0,0,0,0,0,0,0,0,0,0,0
-64.8528,96.0529,1,2017084,0,0,0,0,0,0,0,0,0,0,0
-64.8528,96.0529,1,2017085,0,0,0,0,0,0,0,0,0,0,0
-64.8528,96.0529,0,2017086,0,0,0,0,0,0,0,0,0,0,0
-64.8528,96.0529,1,2017087,0,0,0,0,0,0,0,0,0,0,0
-64.8528,96.0529,1,2017088,0,0,0,0,0,0,0,0,0,0,0
-64.8528,96.0529,1,2017089,0,0,0,0,0,0,0,0,0,0,0
-64.8528,96.0529,1,2017090,0,0,0,0,0,0,0,0,0,0,0
-64.8528,96.0529,1,2017091,0,0,0,0,0,0,0,0,0,0,0
-64.8528,96.0529,1,2017092,0,0,0,0,0,0,0,0,0,0,0
-64.8528,96.0529,1,2017093,0,0,0,0,0,0,0,0,0,0,0
-64.8528,96.0529,1,2017094,0,0,0,0,0,0,0,0,0,0,0
-64.8528,96.0529,1,2017095,0,0,0,0,0,0,0,0,0,0,0
-64.8528,96.0529,0,2017096,0,0,0,0,0,0,0,0,0,0,0
-64.8528,96.0529,1,2017097,0,0,0,0,0,0,0,0,0,0,0
-64.8528,96.0529,1,2017098,0,0,0,0,0,0,0,0,0,0,0
-64.8528,96.0529,1,2017099,0,0,0,0,0,0,0,0,0,0,0
-64.8528,96.0529,0,2017100,0,0,0,0,0,0,0,0,0,0,0
-64.8528,96.0529,1,2017101,0,0,0,0,0,0,0,0,0,0,0
-64.8528,96.0529,1,2017102,0,0,0,0,0,0,0,0,0,0,0
-64.8528,96.0529,1,2017103,0,0,0,0,0,0,0,0,0,0,0
-64.8528,96.0529,1,2017104,0,0,0,0,0,0,0,0,0,0,0
-64.8528,96.0529,1,2017105,0,0,0,0,0,0,0,0,0,0,0
-64.8528,96.0529,1,2017106,0,0,0,0,0,0,0,0,0,0,0
-64.8528,96.0529,0,2017107,0,0,0,0,0,0,0,0,0,0,0
-64.8528,96.0529,1,2017108,0,0,0,0,0,0,0,0,0,0,0
-64.8528,96.0529,1,2017109,0,0,0,0,0,0,0,0,0,0,0
-64.8528,96.0529,1,2017110,0,0,0,0,0,0,0,0,0,0,0
-64.8528,96.0529,0,2017111,0,0,0,0,0,0,0,0,0,0,0
-64.8528,96.0529,1,2017112,0,0,0,0,0,0,0,0,0,0,0
-64.8528,96.0529,1,2017113,0,0,0,0,0,0,0,0,0,0,0
-64.8528,96.0529,1,2017114,0,0,0,0,0,0,0,0,0,0,0
-64.8528,96.0529,1,2017115,0,0,0,0,0,0,0,0,0,0,0
-64.8528,96.0529,0,2017116,0,0,0,0,0,0,0,0,0,0,0
-64.8528,96.0529,1,2017117,0,0,0,0,0,0,0,0,0,0,0
-64.8528,96.0529,1,2017118,0,0,0,0,0,0,0,0,0,0,0
-64.8528,96.0529,1,2017119,0,0,0,0,0,0,0,0,0,0,0
-64.8785,95.9769,1,2017120,0,0,0,0,0,0,0,0,0,0,0
-64.8785,95.9769,1,2017121,0,0,0,0,0,0,0,0,0,0,0
-64.8785,95.9769,0,2017122,0,0,0,0,0,0,0,0,0,0,0
-64.8785,95.9769,1,2017123,0,0,0,0,0,0,0,0,0,0,0
-64.8785,95.9769,1,2017124,0,0,0,0,0,0,0,0,0,0,0
-64.8785,95.9769,1,2017125,0,0,0,0,0,0,0,0,0,0,0
-64.8785,95.9769,1,2017126,0,0,0,0,0,0,0,0,0,0,0
-64.8785,95.9769,1,2017127,0,0,0,0,0,0,0,0,0,0,0
-64.8785,95.9769,0,2017128,0,0,0,0,0,0,0,0,0,0,0
-64.8785,95.9769,1,2017129,0,0,0,0,0,0,0,0,0,0,0
-64.8785,95.9769,1,2017130,0,0,0,0,0,0,0,0,0,0,0
-64.8785,95.9769,1,2017131,0,0,0,0,0,0,0,0,0,0,0
-64.8785,95.9769,0,2017132,0,0,0,0,0,0,0,0,0,0,0
-64.8785,95.9769,1,2017133,0,0,0,0,0,0,0,0,0,0,0
-64.8785,95.9769,1,2017134,0,0,0,0,0,0,0,0,0,0,0
-64.8785,95.9769,1,2017135,0,0,0,0,0,0,0,0,0,0,0
-64.8785,95.9769,1,2017136,0,0,0,0,0,0,0,0,0,0,0
-64.8785,95.9769,1,2017137,0,0,0,0,0,0,0,0,0,0,0
-64.8785,95.9769,0,2017138,0,0,0,0,0,0,0,0,0,0,0
-64.8785,95.9769,1,2017139,0,0,0,0,0,0,0,0,0,0,0
-64.8696,96.0368,0,2017140,0,0,0,0,0,0,0,0,0,0,0
-64.8607,96.0966,1,2017141,0,0,0,0,0,0,0,0,0,0,0
-64.8607,96.0966,1,2017142,0,0,0,0,0,0,0,0,0,0,0
-64.8607,96.0966,1,2017143,0,0,0,0,0,0,0,0,0,0,0
-64.8607,96.0966,1,2017144,0,0,0,0,0,0,0,0,0,0,0
-64.8607,96.0966,1,2017145,0,0,0,0,0,0,0,0,0,0,0
-64.8607,96.0966,0,2017146,0,0,0,0,0,0,0,0,0,0,0
-64.8607,96.0966,1,2017147,0,0,0,0,0,0,0,0,0,0,0
-64.8607,96.0966,1,2017148,0,0,0,0,0,0,0,0,0,0,0
-64.8607,96.0966,1,2017149,0,0,0,0,0,0,0,0,0,0,0
-64.8607,96.0966,1,2017150,0,0,0,0,0,0,0,0,0,0,0
-64.8607,96.0966,1,2017151,0,0,0,0,0,0,0,0,0,0,0
