timestamp,latitude,longitude,speed,heading
2003-01-25T00:10,-33.91495,18.44164,0.868,240.2
2003-01-25T00:20,-33.91494,18.44163,1.179,197.7
2003-01-25T00:30,-33.91495,18.44165,0.018,270.0
2003-01-25T00:40,-33.91493,18.44163,0.018,90.0
2003-01-25T00:50,-33.91493,18.44164,0.11,258.6
2003-01-25T01:00,-33.91495,18.44164,0.043,0.0
2003-01-25T01:10,-33.91494,18.44165,0.056,219.7
2003-01-25T01:20,-33.91496,18.44164,0.028,219.7
2003-01-25T01:30,-33.91495,18.44164,0.596,204.9
2003-01-25T01:40,-33.91495,18.44164,0.354,37.5
2003-01-25T01:50,-33.91496,18.44165,0.018,270.0
2003-01-25T02:00,-33.91495,18.44165,0.121,206.5
2003-01-25T02:10,-33.91496,18.44166,0.028,39.7
2003-01-25T02:20,-33.91495,18.44165,1.085,185.7
2003-01-25T02:30,-33.91495,18.44165,0.0,0.0
2003-01-25T02:40,-33.91495,18.44164,0.022,0.0
2003-01-25T02:50,-33.91494,18.44165,0.022,180.0
2003-01-25T03:00,-33.91494,18.44164,0.018,270.0
2003-01-25T03:10,-33.91494,18.44164,0.028,219.7
2003-01-25T03:20,-33.91495,18.44164,0.018,270.0
2003-01-25T03:30,-33.91493,18.44165,0.028,39.7
2003-01-25T03:40,-33.91494,18.44164,0.043,180.0
2003-01-25T03:50,-33.91495,18.44164,0.389,112.9
2003-01-25T04:00,-33.91494,18.44164,0.022,0.0
2003-01-25T04:10,-33.91494,18.44164,0.022,0.0
2003-01-25T04:20,-33.91495,18.44164,0.45,95.5
2003-01-25T04:30,-33.91495,18.44165,0.018,270.0
2003-01-25T04:40,-33.91496,18.44165,0.0,0.0
2003-01-25T04:50,-33.91495,18.44165,0.018,90.0
2003-01-25T05:00,-33.91496,18.44165,0.018,270.0
2003-01-25T05:10,-33.91496,18.44165,0.0,0.0
2003-01-25T05:20,-33.91496,18.44165,0.022,0.0
2003-01-25T05:30,-33.91495,18.44166,1.643,206.6
2003-01-25T05:40,-33.91497,18.44165,0.0,0.0
2003-01-25T05:50,-33.91494,18.44166,0.022,180.0
2003-01-25T06:00,-33.91494,18.44168,0.042,238.9
2003-01-25T06:10,-33.91497,18.44164,0.028,39.7
2003-01-25T06:20,-33.915,18.44163,0.018,90.0
2003-01-25T06:30,-33.91498,18.44163,0.0,0.0
2003-01-25T06:40,-33.91495,18.44163,0.0,0.0
2003-01-25T06:50,-33.91495,18.44164,1.642,350.6
2003-01-25T07:00,-33.91496,18.44162,0.018,270.0
2003-01-25T07:10,-33.91495,18.44162,1.199,25.7
2003-01-25T07:20,-33.91495,18.44162,0.028,219.7
2003-01-25T07:30,-33.91494,18.44162,1.61,212.3
2003-01-25T07:40,-33.91494,18.44162,0.0,0.0
2003-01-25T07:50,-33.91494,18.44162,0.028,140.3
2003-01-25T08:00,-33.91495,18.44163,0.018,270.0
2003-01-25T08:10,-33.91493,18.44163,0.367,180.0
2003-01-25T08:20,-33.91493,18.44163,0.028,219.7
2003-01-25T08:30,-33.91494,18.44163,0.0,0.0
2003-01-25T08:40,-33.91496,18.44163,0.043,0.0
2003-01-25T08:50,-33.91494,18.44163,0.0,0.0
2003-01-25T09:00,-33.91495,18.44163,0.018,90.0
2003-01-25T09:10,-33.91496,18.44163,0.018,90.0
2003-01-25T09:20,-33.91496,18.44163,0.0,0.0
2003-01-25T09:31,-33.91496,18.44162,0.018,90.0
2003-01-25T09:41,-33.91496,18.44163,0.056,140.3
2003-01-25T09:51,-33.91498,18.44163,0.043,180.0
2003-01-25T10:01,-33.91498,18.44163,0.018,270.0
2003-01-25T10:11,-33.91497,18.44166,1.207,44.3
2003-01-25T10:21,-33.91498,18.44163,0.018,90.0
2003-01-25T10:31,-33.91497,18.44163,0.0,0.0
2003-01-25T10:41,-33.91498,18.44163,0.018,270.0
2003-01-25T10:51,-33.91499,18.44163,0.018,90.0
2003-01-25T11:01,-33.91498,18.44162,0.022,180.0
2003-01-25T11:11,-33.91498,18.44163,0.084,301.1
2003-01-25T11:21,-33.91498,18.44163,1.303,344.0
2003-01-25T11:31,-33.91497,18.44163,0.018,270.0
2003-01-25T11:41,-33.91495,18.44163,0.028,39.7
2003-01-25T11:51,-33.91495,18.44163,0.635,336.7
2003-01-25T12:01,-33.91495,18.44162,0.998,197.8
2003-01-25T12:11,-33.91494,18.44163,0.022,180.0
2003-01-25T12:21,-33.91493,18.44163,0.0,0.0
2003-01-25T12:31,-33.91494,18.44163,0.502,8.2
2003-01-25T12:41,-33.91494,18.44162,0.018,90.0
2003-01-25T12:51,-33.91494,18.44163,0.454,180.0
2003-01-25T13:01,-33.91494,18.44163,0.709,223.0
2003-01-25T13:11,-33.91494,18.44163,0.269,195.5
2003-01-25T13:21,-33.91494,18.44163,0.593,349.6
2003-01-25T13:31,-33.91494,18.44163,1.059,1.9
2003-01-25T13:41,-33.91495,18.44163,0.018,90.0
2003-01-25T13:51,-33.91495,18.44163,0.545,187.6
2003-01-25T14:01,-33.91494,18.44163,0.022,0.0
2003-01-25T14:11,-33.91495,18.44164,0.576,347.4
2003-01-25T14:21,-33.91495,18.44164,0.036,90.0
2003-01-25T14:31,-33.91495,18.44164,0.018,90.0
2003-01-25T14:41,-33.91495,18.44164,0.028,219.7
2003-01-25T14:51,-33.91494,18.44164,0.0,0.0
2003-01-25T15:01,-33.91495,18.44165,0.343,324.9
2003-01-25T15:11,-33.91494,18.44164,0.0,0.0
2003-01-25T15:21,-33.91495,18.44164,0.0,0.0
2003-01-25T15:31,-33.91499,18.44165,0.018,90.0
2003-01-25T15:41,-33.91496,18.44163,3.387,328.0
2003-01-25T15:51,-33.91498,18.44164,0.028,140.3
2003-01-25T16:01,-33.91323,18.4388,1.143,261.3
2003-01-25T16:11,-33.90276,18.43628,8.667,14.7
2003-01-25T16:21,-33.87909,18.4336,8.351,347.2
2003-01-25T16:31,-33.85624,18.42822,8.311,343.6
2003-01-25T16:41,-33.85281,18.40012,9.768,267.6
2003-01-25T16:51,-33.85271,18.36684,10.506,274.2
2003-01-25T17:01,-33.83944,18.33558,14.417,327.0
2003-01-25T17:11,-33.80884,18.30484,13.542,321.3
2003-01-25T17:21,-33.7816,18.27389,13.756,316.1
2003-01-25T17:31,-33.75426,18.24245,13.649,316.2
2003-01-25T17:41,-33.72679,18.2105,13.329,314.2
2003-01-25T17:51,-33.69999,18.17779,14.045,318.8
2003-01-25T18:01,-33.67176,18.14661,13.671,315.7
2003-01-25T18:11,-33.64231,18.11679,14.076,320.4
2003-01-25T18:21,-33.61272,18.08708,13.714,322.4
2003-01-25T18:31,-33.58303,18.05761,13.822,320.3
2003-01-25T18:41,-33.55347,18.02809,13.613,318.1
2003-01-25T18:51,-33.52405,17.99861,14.426,321.8
2003-01-25T19:01,-33.4946,17.96913,14.03,319.4
2003-01-25T19:11,-33.4652,17.93992,13.529,321.0
2003-01-25T19:21,-33.43596,17.91078,13.741,320.4
2003-01-25T19:31,-33.4065,17.88149,13.829,317.5
2003-01-25T19:41,-33.37696,17.85194,15.133,321.1
2003-01-25T19:51,-33.34732,17.82244,14.035,320.2
2003-01-25T20:01,-33.31774,17.79309,14.114,323.3
2003-01-25T20:11,-33.28838,17.76364,13.653,322.1
2003-01-25T20:21,-33.25928,17.73402,13.783,318.7
2003-01-25T20:31,-33.22932,17.70441,13.983,319.7
2003-01-25T20:41,-33.1983,17.67504,14.391,322.3
2003-01-25T20:51,-33.16693,17.6453,14.754,320.8
2003-01-25T21:01,-33.13565,17.61479,14.946,321.7
2003-01-25T21:11,-33.10406,17.58352,14.74,321.5
2003-01-25T21:21,-33.07209,17.55179,15.188,320.8
2003-01-25T21:31,-33.03988,17.51979,15.452,317.8
2003-01-25T21:41,-33.00755,17.48729,15.08,318.6
2003-01-25T21:51,-32.97508,17.45446,15.288,320.1
2003-01-25T22:01,-32.94286,17.42146,14.958,316.6
2003-01-25T22:11,-32.91119,17.38915,14.882,318.0
2003-01-25T22:22,-32.88021,17.35798,14.778,322.4
2003-01-25T22:32,-32.84951,17.32702,14.517,320.3
2003-01-25T22:42,-32.81873,17.29673,14.506,320.6
2003-01-25T22:52,-32.78787,17.26614,14.323,317.8
2003-01-25T23:02,-32.7576,17.23559,13.728,318.4
2003-01-25T23:12,-32.72833,17.20566,14.658,321.0
2003-01-25T23:22,-32.69858,17.17628,13.862,318.4
2003-01-25T23:32,-32.66856,17.14788,13.362,319.3
2003-01-25T23:42,-32.63906,17.11997,14.008,322.0
2003-01-25T23:52,-32.60897,17.09212,13.644,320.6
2003-01-26T00:02,-32.57853,17.06482,13.641,322.8
2003-01-26T00:12,-32.54871,17.03673,13.298,320.7
2003-01-26T00:22,-32.51916,17.00885,13.49,321.1
2003-01-26T00:32,-32.48967,16.98081,13.068,321.1
2003-01-26T00:42,-32.46013,16.95318,13.467,320.5
2003-01-26T00:52,-32.43133,16.92401,13.591,316.2
2003-01-26T01:02,-32.40268,16.89375,13.701,319.2
2003-01-26T01:12,-32.37401,16.86333,14.011,317.5
2003-01-26T01:22,-32.34508,16.83246,13.684,317.8
2003-01-26T01:32,-32.31525,16.80216,14.029,318.7
2003-01-26T01:42,-32.2853,16.77197,13.905,316.5
2003-01-26T01:52,-32.25597,16.74164,12.923,315.8
2003-01-26T02:02,-32.22698,16.71175,13.599,316.4
2003-01-26T02:12,-32.19816,16.68149,13.774,317.1
2003-01-26T02:22,-32.17004,16.65144,13.502,316.8
2003-01-26T02:32,-32.14065,16.62141,14.009,322.1
2003-01-26T02:42,-32.1109,16.59297,13.613,319.6
2003-01-26T02:52,-32.08141,16.56533,13.23,320.3
2003-01-26T03:02,-32.05216,16.53752,13.145,320.6
2003-01-26T03:12,-32.0223,16.5102,14.112,321.8
2003-01-26T03:22,-31.99227,16.4823,15.425,324.3
2003-01-26T03:32,-31.9625,16.45458,15.195,323.2
2003-01-26T03:42,-31.93341,16.42701,13.844,317.3
2003-01-26T03:52,-31.90553,16.39806,13.166,316.6
2003-01-26T04:02,-31.8776,16.36913,13.443,318.4
2003-01-26T04:12,-31.84996,16.34051,13.332,317.9
2003-01-26T04:22,-31.82262,16.31178,13.037,317.4
2003-01-26T04:32,-31.79534,16.28391,12.91,320.6
2003-01-26T04:42,-31.76756,16.2573,12.75,320.1
2003-01-26T04:52,-31.73912,16.23213,12.839,323.1
2003-01-26T05:02,-31.71012,16.20808,12.534,324.6
2003-01-26T05:12,-31.68116,16.18424,12.786,324.7
2003-01-26T05:22,-31.65241,16.16035,12.76,323.4
2003-01-26T05:32,-31.62456,16.13474,12.019,316.7
2003-01-26T05:42,-31.59823,16.10707,13.138,320.3
2003-01-26T05:52,-31.57161,16.07941,12.705,318.9
2003-01-26T06:02,-31.54472,16.0519,12.842,317.7
2003-01-26T06:12,-31.51764,16.02414,12.686,315.2
2003-01-26T06:22,-31.49054,15.99609,12.92,318.4
2003-01-26T06:32,-31.46373,15.96773,13.028,318.1
2003-01-26T06:42,-31.43706,15.93896,13.31,319.3
2003-01-26T06:52,-31.41039,15.91033,13.185,318.9
2003-01-26T07:02,-31.38355,15.88207,12.866,318.6
2003-01-26T07:12,-31.35549,15.85514,13.038,321.6
2003-01-26T07:22,-31.3269,15.82795,13.171,321.3
2003-01-26T07:32,-31.29813,15.80064,13.253,318.6
2003-01-26T07:42,-31.26947,15.77284,13.347,320.0
2003-01-26T07:52,-31.24082,15.74503,13.613,322.7
2003-01-26T08:02,-31.21238,15.71705,13.739,321.7
2003-01-26T08:12,-31.18433,15.68907,12.85,318.1
2003-01-26T08:22,-31.15649,15.66153,13.166,320.6
2003-01-26T08:32,-31.12881,15.63469,12.737,317.0
2003-01-26T08:42,-31.10027,15.60885,13.264,321.1
2003-01-26T08:52,-31.07133,15.58272,13.519,322.0
2003-01-26T09:02,-31.04239,15.55616,13.029,320.9
2003-01-26T09:12,-31.01344,15.52933,13.351,323.7
2003-01-26T09:22,-30.98469,15.50269,12.808,322.9
2003-01-26T09:32,-30.95642,15.47594,13.23,321.5
2003-01-26T09:42,-30.92835,15.44911,13.372,320.7
2003-01-26T09:52,-30.90039,15.42264,12.494,321.6
2003-01-26T10:02,-30.87294,15.39606,12.817,320.7
2003-01-26T10:12,-30.84599,15.36948,12.496,321.9
2003-01-26T10:22,-30.81894,15.3434,12.897,321.2
2003-01-26T10:32,-30.79182,15.31758,13.873,318.6
2003-01-26T10:42,-30.7646,15.29176,12.666,319.1
2003-01-26T10:52,-30.73711,15.26638,13.002,323.9
2003-01-26T11:02,-30.70853,15.24104,12.801,321.1
2003-01-26T11:12,-30.67924,15.21597,13.185,325.0
2003-01-26T11:22,-30.65002,15.19088,13.157,326.2
2003-01-26T11:32,-30.62051,15.1657,13.715,324.1
2003-01-26T11:42,-30.59074,15.14018,13.101,324.7
2003-01-26T11:52,-30.56079,15.11494,13.054,324.3
2003-01-26T12:02,-30.53079,15.08961,13.629,321.4
2003-01-26T12:12,-30.50258,15.06144,13.702,320.0
2003-01-26T12:22,-30.4745,15.03338,13.528,321.6
2003-01-26T12:32,-30.4465,15.00496,13.443,318.2
2003-01-26T12:42,-30.41825,14.97654,13.374,317.7
2003-01-26T12:52,-30.38965,14.94824,13.36,319.0
2003-01-26T13:02,-30.36089,14.91956,13.839,319.6
2003-01-26T13:12,-30.3322,14.89054,13.682,318.3
2003-01-26T13:22,-30.30344,14.86156,13.721,318.1
2003-01-26T13:32,-30.27457,14.83214,13.881,319.4
2003-01-26T13:42,-30.24586,14.80256,13.972,318.7
2003-01-26T13:52,-30.21729,14.77295,13.517,318.7
2003-01-26T14:02,-30.18848,14.74365,13.808,319.2
2003-01-26T14:12,-30.15947,14.71447,13.917,319.8
2003-01-26T14:22,-30.13044,14.68513,14.14,319.9
2003-01-26T14:32,-30.10123,14.65548,14.05,319.0
2003-01-26T14:42,-30.07233,14.6259,14.052,319.0
2003-01-26T14:52,-30.04345,14.59608,13.864,318.0
2003-01-26T15:02,-30.01418,14.56743,13.918,319.9
2003-01-26T15:12,-29.98457,14.53924,13.998,322.1
2003-01-26T15:22,-29.9551,14.51142,13.441,321.8
2003-01-26T15:32,-29.92544,14.48359,13.882,320.7
2003-01-26T15:42,-29.89575,14.45553,13.675,319.3
2003-01-26T15:52,-29.86624,14.42771,13.562,321.2
2003-01-26T16:02,-29.83655,14.39982,13.554,320.9
2003-01-26T16:12,-29.80702,14.37232,13.468,321.2
2003-01-26T16:22,-29.7777,14.34518,13.17,322.9
2003-01-26T16:32,-29.74862,14.31837,13.542,322.2
2003-01-26T16:42,-29.71917,14.29109,13.593,320.3
2003-01-26T16:52,-29.68947,14.26352,13.254,320.7
2003-01-26T17:02,-29.65966,14.23565,13.414,317.8
2003-01-26T17:12,-29.62995,14.20748,13.607,318.0
2003-01-26T17:22,-29.60037,14.17839,14.304,316.2
2003-01-26T17:32,-29.57198,14.14838,13.544,317.1
2003-01-26T17:42,-29.54371,14.1186,13.633,315.9
2003-01-26T17:52,-29.51576,14.08918,13.251,317.2
2003-01-26T18:02,-29.48791,14.06003,13.568,317.8
2003-01-26T18:12,-29.45927,14.0315,13.399,316.6
2003-01-26T18:22,-29.43158,14.00197,13.665,313.8
2003-01-26T18:32,-29.40333,13.97297,13.789,320.7
2003-01-26T18:42,-29.37438,13.94467,13.664,317.9
2003-01-26T18:52,-29.34481,13.91747,13.3,321.7
2003-01-26T19:02,-29.31531,13.89078,13.563,322.6
2003-01-26T19:12,-29.28579,13.86441,14.022,324.9
2003-01-26T19:22,-29.25611,13.83781,13.641,322.7
2003-01-26T19:32,-29.2262,13.81117,13.476,322.2
2003-01-26T19:42,-29.19642,13.78447,13.697,323.7
2003-01-26T19:52,-29.16666,13.75783,13.528,321.3
2003-01-26T20:02,-29.1369,13.73143,13.422,321.2
2003-01-26T20:12,-29.10689,13.70503,13.304,321.1
2003-01-26T20:22,-29.07778,13.67689,13.793,318.6
2003-01-26T20:32,-29.04961,13.64744,13.601,317.3
2003-01-26T20:42,-29.02082,13.61878,14.037,319.8
2003-01-26T20:52,-28.99181,13.59037,13.851,320.1
2003-01-26T21:02,-28.96272,13.56184,13.774,319.1
2003-01-26T21:12,-28.93366,13.5333,13.87,318.9
2003-01-26T21:22,-28.90442,13.50557,13.386,320.6
2003-01-26T21:32,-28.87497,13.47843,13.745,322.8
2003-01-26T21:42,-28.84559,13.45163,13.594,323.8
2003-01-26T21:52,-28.81597,13.42519,13.406,324.6
2003-01-26T22:02,-28.7863,13.39903,13.723,323.7
2003-01-26T22:12,-28.75702,13.37293,13.232,320.1
2003-01-26T22:22,-28.72808,13.346,15.009,317.2
2003-01-26T22:32,-28.69924,13.31927,13.21,321.0
2003-01-26T22:42,-28.67056,13.29232,13.608,320.8
2003-01-26T22:52,-28.64178,13.26528,13.241,319.8
2003-01-26T23:02,-28.61293,13.23801,13.918,322.5
2003-01-26T23:12,-28.58428,13.21025,13.84,319.9
2003-01-26T23:22,-28.55596,13.18213,13.696,320.6
2003-01-26T23:32,-28.52766,13.1538,13.773,317.1
2003-01-26T23:42,-28.49963,13.12526,14.95,319.0
2003-01-26T23:52,-28.47162,13.09674,13.657,317.5
2003-01-27T00:02,-28.44343,13.06857,13.244,319.0
2003-01-27T00:12,-28.41537,13.04049,13.36,319.5
2003-01-27T00:22,-28.38759,13.01304,13.177,319.1
2003-01-27T00:32,-28.35977,12.98625,13.002,319.0
2003-01-27T00:42,-28.33206,12.95895,13.291,318.0
2003-01-27T00:52,-28.30448,12.93154,13.213,316.4
2003-01-27T01:02,-28.27687,12.90463,13.411,321.4
2003-01-27T01:12,-28.2491,12.87791,13.332,318.2
2003-01-27T01:22,-28.22096,12.85102,13.308,318.3
2003-01-27T01:32,-28.1927,12.8237,13.832,319.8
2003-01-27T01:42,-28.16435,12.7964,13.342,321.3
2003-01-27T01:52,-28.13542,12.76999,13.458,321.3
2003-01-27T02:02,-28.10619,12.74363,13.22,319.5
2003-01-27T02:12,-28.07668,12.7174,13.653,324.9
2003-01-27T02:22,-28.04743,12.69068,13.118,317.8
2003-01-27T02:32,-28.01859,12.66391,13.69,319.5
2003-01-27T02:42,-27.98984,12.63693,13.54,320.6
2003-01-27T02:52,-27.96105,12.61025,13.559,322.7
2003-01-27T03:02,-27.93191,12.58332,12.76,318.2
2003-01-27T03:12,-27.90276,12.55596,13.585,319.2
2003-01-27T03:22,-27.87341,12.52811,14.115,320.6
2003-01-27T03:32,-27.84448,12.50023,14.001,320.6
2003-01-27T03:42,-27.81566,12.47249,13.565,321.3
2003-01-27T03:52,-27.78686,12.4447,10.922,322.1
2003-01-27T04:02,-27.75803,12.41687,13.202,318.1
2003-01-27T04:12,-27.72929,12.38911,13.45,320.0
2003-01-27T04:22,-27.70022,12.36206,13.397,319.7
2003-01-27T04:32,-27.67114,12.33522,13.182,320.5
2003-01-27T04:42,-27.64145,12.30959,13.557,323.7
2003-01-27T04:52,-27.61196,12.28409,13.655,322.7
2003-01-27T05:02,-27.5826,12.25759,13.659,320.0
2003-01-27T05:12,-27.55338,12.23072,13.866,322.2
2003-01-27T05:22,-27.52452,12.20311,13.567,318.3
2003-01-27T05:32,-27.49548,12.17512,13.582,318.2
2003-01-27T05:42,-27.46666,12.14675,13.694,319.5
2003-01-27T05:52,-27.43771,12.1185,14.317,318.6
2003-01-27T06:02,-27.40898,12.08865,14.369,315.9
2003-01-27T06:12,-27.38028,12.05842,13.731,316.4
2003-01-27T06:22,-27.35025,12.02983,14.451,327.5
2003-01-27T06:32,-27.3192,12.00272,14.443,324.3
2003-01-27T06:42,-27.28815,11.97577,13.878,322.4
2003-01-27T06:52,-27.25742,11.94824,13.889,315.0
2003-01-27T07:02,-27.22766,11.91946,14.357,320.9
2003-01-27T07:12,-27.19732,11.89056,14.022,324.3
2003-01-27T07:22,-27.16658,11.86168,14.611,320.6
2003-01-27T07:32,-27.13561,11.83271,15.678,320.7
2003-01-27T07:42,-27.10464,11.80359,14.006,319.9
2003-01-27T07:52,-27.07372,11.77453,14.552,319.7
2003-01-27T08:02,-27.04281,11.74579,14.348,319.2
2003-01-27T08:12,-27.01221,11.7171,14.223,320.9
2003-01-27T08:22,-26.98155,11.68828,14.425,320.1
2003-01-27T08:32,-26.95112,11.65945,13.891,318.3
2003-01-27T08:42,-26.92101,11.63079,14.338,319.5
2003-01-27T08:52,-26.89088,11.60233,14.118,319.0
2003-01-27T09:02,-26.8603,11.57383,12.985,322.5
2003-01-27T09:12,-26.82958,11.54528,14.207,319.4
2003-01-27T09:22,-26.79875,11.51632,14.836,319.5
2003-01-27T09:32,-26.76799,11.48693,14.208,318.8
2003-01-27T09:42,-26.73746,11.458,14.401,320.2
2003-01-27T09:52,-26.70712,11.4294,13.951,321.3
2003-01-27T10:02,-26.68792,11.39925,12.639,229.2
2003-01-27T10:12,-26.66256,11.37258,14.508,330.1
2003-01-27T10:22,-26.62845,11.34968,14.377,328.6
2003-01-27T10:32,-26.59591,11.32467,14.035,325.0
2003-01-27T10:42,-26.56401,11.29889,14.049,324.1
2003-01-27T10:52,-26.53296,11.27162,14.138,320.2
2003-01-27T11:02,-26.50273,11.24349,14.15,319.2
2003-01-27T11:12,-26.47296,11.21536,14.042,319.9
2003-01-27T11:22,-26.44309,11.18744,13.901,319.0
2003-01-27T11:32,-26.41299,11.15927,13.83,318.6
2003-01-27T11:42,-26.38292,11.13105,14.363,320.9
2003-01-27T11:52,-26.35276,11.10284,14.004,319.4
2003-01-27T12:02,-26.3227,11.07478,14.259,321.1
2003-01-27T12:12,-26.29289,11.04673,14.235,320.9
2003-01-27T12:22,-26.26285,11.01888,14.286,323.3
2003-01-27T12:32,-26.23248,10.99156,13.72,321.1
2003-01-27T12:42,-26.20195,10.96417,14.027,320.2
2003-01-27T12:52,-26.1717,10.93642,14.624,321.9
2003-01-27T13:02,-26.14142,10.90838,14.297,323.1
2003-01-27T13:12,-26.11143,10.88019,14.343,318.1
2003-01-27T13:22,-26.08149,10.85213,14.186,322.5
2003-01-27T13:32,-26.05176,10.82415,14.146,320.1
2003-01-27T13:42,-26.02219,10.79619,13.936,320.3
2003-01-27T13:52,-25.99262,10.76812,13.9,321.6
2003-01-27T14:02,-25.96298,10.74013,14.134,320.0
2003-01-27T14:12,-25.93252,10.71364,13.884,321.1
2003-01-27T14:22,-25.90148,10.68779,14.16,325.5
2003-01-27T14:32,-25.87003,10.66198,12.424,317.4
2003-01-27T14:42,-25.83884,10.63529,14.171,321.2
2003-01-27T14:52,-25.82259,10.59801,14.304,278.2
2003-01-27T15:02,-25.82272,10.55797,14.002,328.1
2003-01-27T15:12,-25.78824,10.53785,13.866,333.4
2003-01-27T15:22,-25.75355,10.51794,14.226,333.4
2003-01-27T15:32,-25.71826,10.49766,14.405,332.0
2003-01-27T15:42,-25.68303,10.47742,14.088,332.6
2003-01-27T15:52,-25.6505,10.45179,14.55,324.0
2003-01-27T16:02,-25.61835,10.4246,14.788,323.7
2003-01-27T16:12,-25.58556,10.39751,12.602,326.1
2003-01-27T16:22,-25.55358,10.37011,14.329,322.8
2003-01-27T16:32,-25.52231,10.34224,14.126,320.7
2003-01-27T16:42,-25.4913,10.3146,14.165,320.1
2003-01-27T16:52,-25.46,10.28726,14.587,320.8
2003-01-27T17:02,-25.42935,10.25919,14.083,321.3
2003-01-27T17:12,-25.39896,10.23094,14.332,318.8
2003-01-27T17:22,-25.36916,10.20137,14.578,316.2
2003-01-27T17:32,-25.33929,10.17146,14.59,317.4
2003-01-27T17:42,-25.30966,10.14138,14.588,316.5
2003-01-27T17:52,-25.28004,10.11218,13.892,319.0
2003-01-27T18:02,-25.25017,10.08473,13.852,322.3
2003-01-27T18:12,-25.21875,10.05896,14.306,319.0
2003-01-27T18:22,-25.18866,10.03082,14.574,322.2
2003-01-27T18:32,-25.15862,10.00306,14.164,320.4
2003-01-27T18:42,-25.12844,9.9747,14.129,318.3
2003-01-27T18:52,-25.09816,9.94617,14.422,319.7
2003-01-27T19:02,-25.06804,9.9177,14.399,317.8
2003-01-27T19:12,-25.03811,9.88942,14.082,320.4
2003-01-27T19:22,-25.00785,9.86153,13.988,320.6
2003-01-27T19:32,-24.97697,9.83447,13.855,318.6
2003-01-27T19:42,-24.94602,9.80738,14.159,321.1
2003-01-27T19:52,-24.91546,9.78085,14.303,323.0
2003-01-27T20:02,-24.88495,9.75464,13.833,321.3
2003-01-27T20:12,-24.85432,9.72807,14.014,321.4
2003-01-27T20:22,-24.82519,9.70022,13.723,318.3
2003-01-27T20:32,-24.79714,9.67136,13.987,315.1
2003-01-27T20:42,-24.76798,9.64326,13.697,318.2
2003-01-27T20:52,-24.7385,9.61515,14.04,319.5
2003-01-27T21:02,-24.70909,9.58705,13.963,319.3
2003-01-27T21:12,-24.67929,9.5592,13.916,318.0
2003-01-27T21:22,-24.64931,9.53161,15.073,322.2
2003-01-27T21:32,-24.61772,9.50665,13.738,321.5
2003-01-27T21:42,-24.58676,9.48039,12.158,318.9
2003-01-27T21:52,-24.55733,9.45233,14.391,318.6
2003-01-27T22:02,-24.52759,9.42401,14.068,318.5
2003-01-27T22:12,-24.49787,9.39498,14.161,319.2
2003-01-27T22:22,-24.46791,9.36637,14.191,318.6
2003-01-27T22:32,-24.43764,9.33801,14.128,318.4
2003-01-27T22:42,-24.40706,9.31067,14.278,320.4
2003-01-27T22:52,-24.37647,9.28363,13.925,321.9
2003-01-27T23:02,-24.34597,9.2569,14.344,322.0
2003-01-27T23:12,-24.31546,9.22999,14.499,320.6
2003-01-27T23:22,-24.28493,9.20309,14.068,320.0
2003-01-27T23:32,-24.25448,9.17585,13.992,319.4
2003-01-27T23:42,-24.22425,9.14871,14.165,322.5
2003-01-27T23:52,-24.19428,9.1218,14.102,319.6
2003-01-28T00:02,-24.16397,9.09515,14.218,322.9
2003-01-28T00:12,-24.13355,9.06829,12.629,326.2
2003-01-28T00:22,-24.10321,9.04158,14.163,322.6
2003-01-28T00:32,-24.07296,9.01513,14.014,322.6
2003-01-28T00:42,-24.04255,8.98829,14.057,320.2
2003-01-28T00:52,-24.01239,8.96145,13.719,321.8
2003-01-28T01:02,-23.98247,8.93468,14.202,321.3
2003-01-28T01:12,-23.95279,8.90815,13.836,320.9
2003-01-28T01:22,-23.92339,8.88155,13.592,319.7
2003-01-28T01:32,-23.89415,8.85485,13.909,320.4
2003-01-28T01:42,-23.86467,8.8277,13.946,321.8
2003-01-28T01:52,-23.83524,8.80078,13.848,318.8
2003-01-28T02:02,-23.80547,8.77385,13.654,319.1
2003-01-28T02:12,-23.776,8.74595,14.189,314.9
2003-01-28T02:22,-23.74811,8.71584,13.833,315.5
2003-01-28T02:32,-23.71957,8.68709,13.85,320.5
2003-01-28T02:42,-23.69029,8.65994,13.715,319.0
2003-01-28T02:52,-23.66103,8.6329,13.802,320.4
2003-01-28T03:02,-23.63177,8.60588,13.298,320.2
2003-01-28T03:12,-23.60262,8.57904,13.698,319.8
2003-01-28T03:22,-23.5735,8.55215,13.757,319.7
2003-01-28T03:32,-23.54449,8.52561,13.499,319.9
2003-01-28T03:42,-23.51463,8.49979,14.216,319.7
2003-01-28T03:52,-23.48471,8.4739,13.548,322.4
2003-01-28T04:02,-23.455,8.44842,13.394,323.0
2003-01-28T04:12,-23.42527,8.42316,13.526,321.8
2003-01-28T04:22,-23.39574,8.39726,13.738,320.3
2003-01-28T04:32,-23.36675,8.37079,14.008,321.6
2003-01-28T04:42,-23.33808,8.34421,13.126,321.3
2003-01-28T04:52,-23.30956,8.31776,13.831,319.8
2003-01-28T05:02,-23.28095,8.29102,13.411,318.9
2003-01-28T05:12,-23.25206,8.26405,12.405,318.6
2003-01-28T05:22,-23.22347,8.23716,12.966,317.3
2003-01-28T05:32,-23.19528,8.21032,13.463,319.1
2003-01-28T05:42,-23.16655,8.18395,13.544,319.8
2003-01-28T05:52,-23.1373,8.15838,13.312,322.1
2003-01-28T06:02,-23.1084,8.13299,14.129,319.1
2003-01-28T06:12,-23.07928,8.10746,13.718,321.4
2003-01-28T06:22,-23.05003,8.08219,13.738,322.6
2003-01-28T06:32,-23.02024,8.05672,13.326,321.1
2003-01-28T06:42,-22.99048,8.03085,13.977,321.4
2003-01-28T06:52,-22.96092,8.00484,13.634,320.9
2003-01-28T07:02,-22.93141,7.97912,13.46,321.4
2003-01-28T07:12,-22.90287,7.95195,13.559,318.2
2003-01-28T07:22,-22.8747,7.92408,13.193,315.7
2003-01-28T07:32,-22.84676,7.89649,13.442,316.6
2003-01-28T07:42,-22.81876,7.86879,13.68,317.5
2003-01-28T07:52,-22.78995,7.84228,13.566,320.4
2003-01-28T08:02,-22.76088,7.81602,13.381,319.1
2003-01-28T08:12,-22.7317,7.78979,13.853,320.5
2003-01-28T08:22,-22.7027,7.76335,13.922,321.6
2003-01-28T08:32,-22.67374,7.73716,13.73,320.7
2003-01-28T08:42,-22.64426,7.71135,14.004,321.3
2003-01-28T08:52,-22.61457,7.68575,13.774,321.1
2003-01-28T09:02,-22.58456,7.65998,14.173,321.0
2003-01-28T09:12,-22.55415,7.63384,14.008,321.7
2003-01-28T09:22,-22.52361,7.60804,13.987,322.3
2003-01-28T09:32,-22.49307,7.58237,13.916,324.0
2003-01-28T09:42,-22.46246,7.55637,14.03,323.2
2003-01-28T09:52,-22.43236,7.5296,13.957,319.6
2003-01-28T10:02,-22.40341,7.50174,13.715,316.7
2003-01-28T10:12,-22.37404,7.47405,13.997,318.2
2003-01-28T10:22,-22.34453,7.44607,14.196,319.5
2003-01-28T10:32,-22.31508,7.41837,14.213,319.6
2003-01-28T10:42,-22.28539,7.39064,14.232,321.0
2003-01-28T10:52,-22.25554,7.36267,14.249,318.6
2003-01-28T11:02,-22.22569,7.33467,14.266,319.2
2003-01-28T11:12,-22.19592,7.30682,14.13,321.4
2003-01-28T11:22,-22.16513,7.27971,14.221,321.8
2003-01-28T11:32,-22.13445,7.25228,14.09,319.1
2003-01-28T11:42,-22.10428,7.22537,13.932,320.7
2003-01-28T11:52,-22.07416,7.19864,13.988,319.6
2003-01-28T12:02,-22.04362,7.17209,14.267,320.4
2003-01-28T12:12,-22.01259,7.1453,14.348,320.6
2003-01-28T12:22,-21.98157,7.11851,14.636,321.9
2003-01-28T12:32,-21.95031,7.09152,14.098,320.6
2003-01-28T12:42,-21.91943,7.06452,14.15,321.1
2003-01-28T12:52,-21.88844,7.03739,14.052,318.9
2003-01-28T13:02,-21.85841,7.01021,14.194,319.7
2003-01-28T13:12,-21.82849,6.98321,13.92,318.8
2003-01-28T13:22,-21.79852,6.95625,12.878,315.8
2003-01-28T13:32,-21.76824,6.92915,14.499,322.3
2003-01-28T13:42,-21.73749,6.90165,14.506,320.5
2003-01-28T13:52,-21.70688,6.87437,13.995,320.2
2003-01-28T14:02,-21.67623,6.84714,14.092,320.9
2003-01-28T14:12,-21.64567,6.81989,14.795,321.4
2003-01-28T14:22,-21.61494,6.79243,15.989,323.6
2003-01-28T14:32,-21.58454,6.76493,14.606,320.1
2003-01-28T14:42,-21.55427,6.73727,14.384,320.1
2003-01-28T14:52,-21.52383,6.70973,14.369,322.1
2003-01-28T15:02,-21.4936,6.68219,14.444,321.3
2003-01-28T15:12,-21.46344,6.65473,14.424,321.2
2003-01-28T15:22,-21.43295,6.62737,14.362,320.6
2003-01-28T15:32,-21.4023,6.59999,14.397,321.2
2003-01-28T15:42,-21.37139,6.57267,14.222,320.8
2003-01-28T15:52,-21.34057,6.54531,14.669,320.8
2003-01-28T16:02,-21.30959,6.51783,14.56,321.0
2003-01-28T16:12,-21.27931,6.49056,14.254,319.8
2003-01-28T16:22,-21.24905,6.4631,14.294,320.6
2003-01-28T16:32,-21.21897,6.43579,14.09,320.2
2003-01-28T16:42,-21.18946,6.40879,14.071,320.0
2003-01-28T16:52,-21.15977,6.38122,14.258,317.3
2003-01-28T17:02,-21.12994,6.35375,14.299,320.5
2003-01-28T17:12,-21.09945,6.32691,13.995,319.3
2003-01-28T17:22,-21.06927,6.30018,13.983,322.4
2003-01-28T17:32,-21.03937,6.27452,13.531,321.0
2003-01-28T17:42,-21.00954,6.24898,13.94,320.8
2003-01-28T17:52,-20.97949,6.22307,13.639,320.6
2003-01-28T18:02,-20.94905,6.19726,13.959,321.3
2003-01-28T18:12,-20.91818,6.17145,14.16,322.9
2003-01-28T18:22,-20.88732,6.14519,14.419,323.0
2003-01-28T18:32,-20.85658,6.11923,14.022,321.6
2003-01-28T18:42,-20.82568,6.09346,13.96,322.0
2003-01-28T18:52,-20.79526,6.06778,14.037,321.6
2003-01-28T19:02,-20.76533,6.04141,13.927,318.9
2003-01-28T19:12,-20.73596,6.01393,14.0,318.2
2003-01-28T19:22,-20.70653,5.98678,13.568,320.8
2003-01-28T19:32,-20.67781,5.95836,14.17,317.7
2003-01-28T19:42,-20.64939,5.9299,13.736,316.5
2003-01-28T19:52,-20.62035,5.90222,14.304,320.9
2003-01-28T20:02,-20.59057,5.87555,13.031,320.1
2003-01-28T20:12,-20.56052,5.8489,14.336,321.3
2003-01-28T20:22,-20.53042,5.82232,13.886,320.8
2003-01-28T20:32,-20.50054,5.79574,13.723,319.2
2003-01-28T20:42,-20.47092,5.76962,12.726,324.1
2003-01-28T20:52,-20.44118,5.74302,13.696,320.8
2003-01-28T21:02,-20.41166,5.7169,13.511,321.0
2003-01-28T21:12,-20.38189,5.69055,14.047,321.4
2003-01-28T21:22,-20.35235,5.66418,14.009,320.2
2003-01-28T21:32,-20.32275,5.63812,13.801,321.9
2003-01-28T21:42,-20.29318,5.61176,13.928,320.8
2003-01-28T21:52,-20.2629,5.58491,14.132,320.7
2003-01-28T22:02,-20.23257,5.55775,14.24,320.3
2003-01-28T22:12,-20.20236,5.53084,14.005,320.3
2003-01-28T22:22,-20.17229,5.50376,14.256,320.2
2003-01-28T22:32,-20.14244,5.47626,13.903,318.6
2003-01-28T22:42,-20.11328,5.44966,13.783,318.5
2003-01-28T22:52,-20.08363,5.42273,14.337,319.8
2003-01-28T23:02,-20.05329,5.39595,14.056,319.8
2003-01-28T23:12,-20.02289,5.36923,14.444,321.6
2003-01-28T23:22,-19.99238,5.34245,13.969,320.8
2003-01-28T23:32,-19.96189,5.31551,14.556,322.8
2003-01-28T23:42,-19.93152,5.28875,14.676,318.9
2003-01-28T23:52,-19.90128,5.26221,13.724,323.7
2003-01-29T00:02,-19.87108,5.23595,13.693,321.3
2003-01-29T00:12,-19.84125,5.20948,14.136,317.8
2003-01-29T00:22,-19.81124,5.18296,14.308,321.3
2003-01-29T00:32,-19.78151,5.15646,14.035,318.6
2003-01-29T00:42,-19.75154,5.12967,14.156,320.3
2003-01-29T00:53,-19.72159,5.10283,14.275,319.7
2003-01-29T01:03,-19.69159,5.07589,14.347,320.6
2003-01-29T01:13,-19.66154,5.04892,14.167,320.5
2003-01-29T01:23,-19.63089,5.0226,14.362,320.5
2003-01-29T01:33,-19.6002,4.9965,13.982,320.7
2003-01-29T01:43,-19.56932,4.9705,13.97,322.1
2003-01-29T01:53,-19.53851,4.94448,14.514,322.5
2003-01-29T02:03,-19.50784,4.91845,14.048,321.7
2003-01-29T02:13,-19.47741,4.89132,14.514,321.3
2003-01-29T02:23,-19.44724,4.86383,14.003,317.8
2003-01-29T02:33,-19.41751,4.83624,14.26,317.9
2003-01-29T02:43,-19.38791,4.80872,14.348,319.1
2003-01-29T02:53,-19.35875,4.78134,13.907,317.2
2003-01-29T03:03,-19.32798,4.75601,13.852,322.3
2003-01-29T03:13,-19.29596,4.73162,14.434,324.5
2003-01-29T03:23,-19.26476,4.70586,14.247,319.0
2003-01-29T03:33,-19.23424,4.67916,14.023,319.6
2003-01-29T03:43,-19.2037,4.6523,14.292,319.0
2003-01-29T03:53,-19.17327,4.62526,14.196,318.6
2003-01-29T04:03,-19.14306,4.59832,14.149,320.2
2003-01-29T04:13,-19.11282,4.57157,14.717,319.1
2003-01-29T04:23,-19.08252,4.54449,14.139,320.8
2003-01-29T04:33,-19.05223,4.5175,13.831,318.7
2003-01-29T04:43,-19.02205,4.49082,16.397,324.0
2003-01-29T04:53,-18.99198,4.46397,13.819,318.8
2003-01-29T05:03,-18.96177,4.43699,14.093,319.0
2003-01-29T05:13,-18.9315,4.40982,14.491,320.8
2003-01-29T05:23,-18.90126,4.38252,15.788,315.0
2003-01-29T05:33,-18.87128,4.3554,14.27,319.9
2003-01-29T05:43,-18.84147,4.32872,14.224,320.8
2003-01-29T05:53,-18.81123,4.30178,13.967,320.7
2003-01-29T06:03,-18.78038,4.27647,14.065,326.4
2003-01-29T06:13,-18.74922,4.25157,14.198,319.8
2003-01-29T06:23,-18.71936,4.2249,14.002,316.7
2003-01-29T06:33,-18.69041,4.19743,14.068,319.9
2003-01-29T06:43,-18.66134,4.17016,13.736,319.7
2003-01-29T06:53,-18.63031,4.14543,13.822,321.5
2003-01-29T07:03,-18.59961,4.12085,13.855,323.9
2003-01-29T07:13,-18.56884,4.09667,13.682,322.6
2003-01-29T07:23,-18.53808,4.07253,14.232,325.4
2003-01-29T07:33,-18.50706,4.04848,13.85,325.0
2003-01-29T07:43,-18.47689,4.02332,13.987,319.3
2003-01-29T07:53,-18.44874,3.99597,14.35,318.8
2003-01-29T08:03,-18.42028,3.96836,13.698,316.5
2003-01-29T08:13,-18.39217,3.94057,13.646,315.7
2003-01-29T08:23,-18.36452,3.91279,13.66,316.8
2003-01-29T08:33,-18.33652,3.8855,13.77,315.9
2003-01-29T08:43,-18.30688,3.85898,13.812,322.2
2003-01-29T08:53,-18.27885,3.83143,13.801,300.8
2003-01-29T09:03,-18.24989,3.80498,14.019,322.8
2003-01-29T09:13,-18.2192,3.78028,14.165,323.0
2003-01-29T09:23,-18.18837,3.75549,13.91,322.7
2003-01-29T09:33,-18.15788,3.73071,13.552,319.4
2003-01-29T09:43,-18.12764,3.7061,13.85,319.3
2003-01-29T09:53,-18.09935,3.67948,13.735,319.4
2003-01-29T10:03,-18.07122,3.65293,13.627,318.6
2003-01-29T10:13,-18.04328,3.6267,13.66,318.7
2003-01-29T10:23,-18.01495,3.60043,13.604,318.8
2003-01-29T10:33,-17.98638,3.57383,13.776,318.4
2003-01-29T10:43,-17.95669,3.54911,13.746,323.3
2003-01-29T10:53,-17.92661,3.52524,13.683,323.2
2003-01-29T11:03,-17.89639,3.50092,13.883,322.1
2003-01-29T11:13,-17.86611,3.47696,13.864,322.3
2003-01-29T11:23,-17.83574,3.45282,13.894,323.8
2003-01-29T11:33,-17.80498,3.42854,13.774,319.9
2003-01-29T11:43,-17.7758,3.4025,13.964,315.1
2003-01-29T11:53,-17.74622,3.37692,13.842,319.6
2003-01-29T12:03,-17.71659,3.35145,13.772,319.1
2003-01-29T12:13,-17.68743,3.32587,13.764,322.7
2003-01-29T12:23,-17.65829,3.30047,13.753,320.6
2003-01-29T12:33,-17.6289,3.27496,13.82,319.7
2003-01-29T12:43,-17.59978,3.24909,13.659,319.2
2003-01-29T12:53,-17.57097,3.22297,13.772,320.1
2003-01-29T13:03,-17.54195,3.1965,14.071,318.1
2003-01-29T13:13,-17.51322,3.17011,13.43,319.5
2003-01-29T13:23,-17.48445,3.14394,14.492,318.8
2003-01-29T13:33,-17.45562,3.11787,13.604,318.5
2003-01-29T13:43,-17.42686,3.09187,13.809,321.2
2003-01-29T13:53,-17.39667,3.06693,13.635,321.4
2003-01-29T14:03,-17.36658,3.04226,13.551,323.9
2003-01-29T14:13,-17.33633,3.01713,14.269,320.4
2003-01-29T14:23,-17.3069,2.99124,13.776,319.9
2003-01-29T14:33,-17.27771,2.96455,13.622,319.7
2003-01-29T14:43,-17.24866,2.93826,13.852,317.8
2003-01-29T14:53,-17.21952,2.91189,13.785,321.2
2003-01-29T15:03,-17.18986,2.88582,14.205,320.6
2003-01-29T15:13,-17.16063,2.85988,14.042,321.1
2003-01-29T15:23,-17.131,2.83425,13.799,317.0
2003-01-29T15:33,-17.10142,2.80852,14.311,322.7
2003-01-29T15:43,-17.07174,2.78339,13.867,320.7
2003-01-29T15:53,-17.04211,2.75828,13.913,321.2
2003-01-29T16:03,-17.01247,2.73284,14.1,320.4
2003-01-29T16:13,-16.98282,2.70704,12.956,324.3
2003-01-29T16:23,-16.95329,2.68133,14.429,318.5
2003-01-29T16:33,-16.92416,2.65531,13.81,321.2
2003-01-29T16:43,-16.895,2.63013,13.442,320.9
2003-01-29T16:53,-16.86613,2.60463,13.938,319.1
2003-01-29T17:03,-16.83713,2.57889,13.748,320.5
2003-01-29T17:13,-16.80804,2.55336,13.633,319.5
2003-01-29T17:23,-16.77871,2.52747,13.674,321.4
2003-01-29T17:33,-16.74889,2.50172,13.958,319.2
2003-01-29T17:43,-16.71934,2.47573,13.637,317.2
2003-01-29T17:53,-16.68976,2.44989,14.207,321.5
2003-01-29T18:03,-16.66,2.42477,13.889,322.3
2003-01-29T18:13,-16.62991,2.39921,13.926,320.2
2003-01-29T18:23,-16.59967,2.37316,13.679,319.9
2003-01-29T18:33,-16.57008,2.34745,13.9,317.4
2003-01-29T18:43,-16.54038,2.32181,13.79,322.0
2003-01-29T18:53,-16.51034,2.29657,13.695,319.8
2003-01-29T19:03,-16.48013,2.27076,14.172,321.2
2003-01-29T19:13,-16.45033,2.24469,13.972,320.5
2003-01-29T19:23,-16.42067,2.21912,13.926,320.4
2003-01-29T19:33,-16.39106,2.19386,13.754,320.2
2003-01-29T19:43,-16.3614,2.16846,13.579,320.4
2003-01-29T19:53,-16.3316,2.14309,13.949,319.5
2003-01-29T20:03,-16.30226,2.11783,13.718,320.9
2003-01-29T20:13,-16.27244,2.09241,14.083,320.5
2003-01-29T20:23,-16.24272,2.06711,10.124,319.8
2003-01-29T20:33,-16.21328,2.04171,13.298,319.8
2003-01-29T20:43,-16.18384,2.0165,14.064,322.1
2003-01-29T20:53,-16.15439,1.99162,13.564,321.2
2003-01-29T21:03,-16.12521,1.96684,13.617,320.9
2003-01-29T21:13,-16.09598,1.9414,13.926,318.0
2003-01-29T21:23,-16.06751,1.91424,14.069,318.4
2003-01-29T21:33,-16.03853,1.88727,14.149,318.6
2003-01-29T21:43,-16.00921,1.86025,14.302,319.3
2003-01-29T21:53,-15.97926,1.83335,14.685,323.2
2003-01-29T22:03,-15.94907,1.80737,14.083,318.9
2003-01-29T22:13,-15.91938,1.78155,14.17,320.5
2003-01-29T22:23,-15.88923,1.75535,14.191,319.6
2003-01-29T22:33,-15.85932,1.72965,13.936,322.1
2003-01-29T22:43,-15.82924,1.704,14.077,322.2
2003-01-29T22:53,-15.79911,1.67862,13.712,322.1
2003-01-29T23:03,-15.76891,1.65335,14.171,320.9
2003-01-29T23:13,-15.73849,1.62799,14.013,321.1
2003-01-29T23:23,-15.70816,1.60236,13.96,320.3
2003-01-29T23:33,-15.67788,1.57612,13.976,321.3
2003-01-29T23:43,-15.64775,1.55013,14.176,319.2
2003-01-29T23:53,-15.61787,1.52376,13.846,319.9
2003-01-30T00:03,-15.58782,1.49769,14.036,318.2
2003-01-30T00:13,-15.55789,1.47246,14.673,321.7
2003-01-30T00:23,-15.52799,1.44742,14.098,320.2
2003-01-30T00:33,-15.4979,1.42184,14.014,321.4
2003-01-30T00:43,-15.46758,1.39667,14.027,322.2
2003-01-30T00:53,-15.4374,1.3716,13.901,321.6
2003-01-30T01:03,-15.40701,1.34672,14.039,321.1
2003-01-30T01:13,-15.37652,1.32183,13.737,321.1
2003-01-30T01:23,-15.34634,1.29626,14.553,319.5
2003-01-30T01:33,-15.31618,1.27055,14.08,323.1
2003-01-30T01:43,-15.28677,1.24427,15.291,318.0
2003-01-30T01:53,-15.25822,1.21753,13.71,316.7
2003-01-30T02:03,-15.22965,1.19076,14.213,318.9
2003-01-30T02:13,-15.20102,1.16363,13.849,316.9
2003-01-30T02:23,-15.17221,1.13671,13.98,319.2
2003-01-30T02:33,-15.14298,1.1109,13.935,319.2
2003-01-30T02:43,-15.1139,1.08584,13.806,321.6
2003-01-30T02:53,-15.08414,1.06105,13.968,322.4
2003-01-30T03:03,-15.05457,1.03647,13.425,320.4
2003-01-30T03:13,-15.02482,1.01176,13.763,321.1
2003-01-30T03:23,-14.9954,0.98699,13.559,318.2
2003-01-30T03:33,-14.96607,0.96194,13.902,319.5
2003-01-30T03:43,-14.93655,0.93698,13.573,319.5
2003-01-30T03:53,-14.90741,0.91103,13.453,316.9
2003-01-30T04:03,-14.87849,0.88447,13.766,318.6
2003-01-30T04:13,-14.84996,0.8575,13.323,318.2
2003-01-30T04:23,-14.81995,0.83226,13.532,319.6
2003-01-30T04:33,-14.78995,0.80744,14.036,321.9
2003-01-30T04:43,-14.76026,0.78278,12.735,318.9
2003-01-30T04:53,-14.73073,0.75802,13.905,322.4
2003-01-30T05:03,-14.7009,0.73315,12.552,320.8
2003-01-30T05:13,-14.67124,0.70812,14.764,319.8
2003-01-30T05:23,-14.64129,0.68331,14.256,323.6
2003-01-30T05:33,-14.61155,0.6586,13.766,320.8
2003-01-30T05:43,-14.58265,0.63298,13.988,316.8
2003-01-30T05:53,-14.5537,0.60755,13.641,320.6
2003-01-30T06:03,-14.52505,0.58163,13.289,319.8
2003-01-30T06:13,-14.4967,0.55589,13.362,317.1
2003-01-30T06:23,-14.46839,0.53017,13.878,321.4
2003-01-30T06:33,-14.43994,0.50439,13.447,321.6
2003-01-30T06:43,-14.41077,0.47932,13.868,320.5
2003-01-30T06:53,-14.3817,0.45466,13.556,321.2
2003-01-30T07:03,-14.35259,0.43028,13.274,318.9
2003-01-30T07:13,-14.32346,0.40553,13.589,319.5
2003-01-30T07:23,-14.29401,0.38097,13.464,320.5
2003-01-30T07:33,-14.26505,0.35616,13.145,320.4
2003-01-30T07:43,-14.23598,0.33174,13.92,323.7
2003-01-30T07:53,-14.20679,0.30727,13.66,319.8
2003-01-30T08:03,-14.17758,0.28252,13.27,319.2
2003-01-30T08:13,-14.1484,0.25786,13.786,318.5
2003-01-30T08:23,-14.11922,0.23299,13.469,321.1
2003-01-30T08:33,-14.08969,0.2081,13.696,319.9
2003-01-30T08:43,-14.06042,0.18287,13.639,319.3
2003-01-30T08:53,-14.03095,0.15759,13.977,320.2
2003-01-30T09:03,-14.00107,0.13221,14.292,321.1
2003-01-30T09:13,-13.97139,0.10705,13.816,320.9
2003-01-30T09:23,-13.94194,0.08218,13.703,320.0
2003-01-30T09:33,-13.91264,0.05697,13.875,319.6
2003-01-30T09:43,-13.88304,0.03214,13.656,321.5
2003-01-30T09:53,-13.85401,0.00715,13.829,321.2
2003-01-30T10:03,-13.82469,-0.01751,14.003,321.9
2003-01-30T10:13,-13.79501,-0.04251,14.029,318.1
2003-01-30T10:23,-13.76559,-0.06776,13.423,318.7
2003-01-30T10:33,-13.73659,-0.09246,13.945,322.3
2003-01-30T10:43,-13.70739,-0.11738,13.678,319.3
2003-01-30T10:53,-13.67814,-0.14218,13.609,320.2
2003-01-30T11:03,-13.64871,-0.16706,14.032,322.6
2003-01-30T11:13,-13.61964,-0.19201,13.36,320.5
2003-01-30T11:23,-13.59051,-0.21684,13.393,318.5
2003-01-30T11:33,-13.56112,-0.24217,13.673,319.6
2003-01-30T11:43,-13.53174,-0.2677,13.787,322.5
2003-01-30T11:53,-13.50228,-0.29353,13.993,317.0
2003-01-30T12:03,-13.47293,-0.31928,14.0,318.5
2003-01-30T12:13,-13.44326,-0.34478,13.608,319.2
2003-01-30T12:23,-13.41377,-0.37006,13.742,320.9
2003-01-30T12:33,-13.38425,-0.39488,13.857,321.2
2003-01-30T12:43,-13.35513,-0.41976,13.964,320.1
2003-01-30T12:53,-13.32527,-0.44449,13.762,321.6
2003-01-30T13:03,-13.29563,-0.46941,13.634,320.2
2003-01-30T13:13,-13.26638,-0.49447,13.712,320.8
2003-01-30T13:23,-13.23701,-0.51954,13.666,318.8
2003-01-30T13:33,-13.20779,-0.54454,13.93,320.4
2003-01-30T13:43,-13.17823,-0.56957,13.849,319.6
2003-01-30T13:53,-13.14876,-0.59423,13.419,321.6
2003-01-30T14:03,-13.1196,-0.61956,13.543,317.6
2003-01-30T14:13,-13.09156,-0.64562,13.8,321.1
2003-01-30T14:23,-13.06372,-0.67115,14.081,317.0
2003-01-30T14:33,-13.0358,-0.69676,13.657,320.8
2003-01-30T14:43,-13.00651,-0.72136,13.564,320.7
2003-01-30T14:53,-12.97743,-0.74619,13.742,321.1
2003-01-30T15:03,-12.9483,-0.77076,13.605,320.5
2003-01-30T15:13,-12.91888,-0.79546,13.942,321.6
2003-01-30T15:23,-12.88941,-0.82029,13.653,318.5
2003-01-30T15:33,-12.85997,-0.84508,13.94,321.5
2003-01-30T15:43,-12.83058,-0.8703,13.672,321.2
2003-01-30T15:53,-12.80129,-0.89524,13.669,320.5
2003-01-30T16:03,-12.77212,-0.92026,13.807,322.5
2003-01-30T16:13,-12.74257,-0.94537,13.643,320.6
2003-01-30T16:23,-12.71302,-0.97073,14.086,322.6
2003-01-30T16:33,-12.68345,-0.99607,13.656,319.8
2003-01-30T16:43,-12.65406,-1.02121,13.666,318.8
2003-01-30T16:53,-12.62476,-1.04578,13.396,321.5
2003-01-30T17:03,-12.59561,-1.07022,13.677,321.1
2003-01-30T17:13,-12.56635,-1.09454,13.844,320.6
2003-01-30T17:23,-12.53616,-1.11899,13.712,320.1
2003-01-30T17:33,-12.50639,-1.14367,13.682,320.1
2003-01-30T17:43,-12.4765,-1.16815,13.716,320.8
2003-01-30T17:53,-12.44665,-1.19282,13.733,318.9
2003-01-30T18:03,-12.41678,-1.21783,13.898,320.2
2003-01-30T18:13,-12.38669,-1.24333,14.081,319.5
2003-01-30T18:23,-12.35785,-1.27011,13.983,317.3
2003-01-30T18:33,-12.33002,-1.29783,13.596,316.4
2003-01-30T18:43,-12.3012,-1.32377,13.914,320.1
2003-01-30T18:53,-12.27253,-1.34924,13.381,317.4
2003-01-30T19:03,-12.2432,-1.37443,13.74,322.4
2003-01-30T19:13,-12.21325,-1.39889,13.661,320.8
2003-01-30T19:23,-12.18344,-1.42381,13.977,322.2
2003-01-30T19:33,-12.15374,-1.44858,13.761,321.6
2003-01-30T19:43,-12.12403,-1.47314,13.828,322.7
2003-01-30T19:53,-12.09423,-1.49786,13.885,322.1
2003-01-30T20:03,-12.06461,-1.52283,13.53,320.9
2003-01-30T20:13,-12.03544,-1.54779,13.578,318.1
2003-01-30T20:23,-12.00637,-1.57256,13.475,321.0
2003-01-30T20:33,-11.9773,-1.59674,13.447,319.2
2003-01-30T20:43,-11.94773,-1.62109,13.807,321.9
2003-01-30T20:53,-11.9181,-1.64568,13.618,320.0
2003-01-30T21:03,-11.88921,-1.67097,13.29,318.8
2003-01-30T21:13,-11.86053,-1.69637,13.957,320.2
2003-01-30T21:23,-11.83182,-1.72198,13.694,318.4
2003-01-30T21:33,-11.80283,-1.7479,13.729,317.7
2003-01-30T21:43,-11.77379,-1.77401,14.019,320.1
2003-01-30T21:53,-11.74508,-1.79983,13.762,322.7
2003-01-30T22:03,-11.71594,-1.82466,13.671,320.7
2003-01-30T22:13,-11.68652,-1.84921,13.961,322.7
2003-01-30T22:23,-11.65701,-1.87422,13.694,321.5
2003-01-30T22:33,-11.62797,-1.89921,14.271,321.9
2003-01-30T22:43,-11.5986,-1.92433,13.951,319.6
2003-01-30T22:53,-11.56863,-1.94868,13.462,323.2
2003-01-30T23:03,-11.53897,-1.97371,13.892,319.0
2003-01-30T23:13,-11.50914,-1.99828,14.003,322.5
2003-01-30T23:23,-11.47872,-2.02274,14.156,321.5
2003-01-30T23:33,-11.44792,-2.04727,12.704,315.6
2003-01-30T23:43,-11.41762,-2.07207,13.48,320.7
2003-01-30T23:53,-11.3877,-2.09741,13.778,322.5
2003-01-31T00:03,-11.3578,-2.12187,13.594,322.0
2003-01-31T00:13,-11.32788,-2.14661,13.9,321.0
2003-01-31T00:23,-11.29768,-2.17096,13.768,321.7
2003-01-31T00:33,-11.26729,-2.19505,13.97,321.8
2003-01-31T00:43,-11.23726,-2.21925,13.614,321.0
2003-01-31T00:53,-11.20776,-2.24345,13.627,318.0
2003-01-31T01:03,-11.17907,-2.26926,11.765,323.0
2003-01-31T01:13,-11.15086,-2.29479,13.605,317.5
2003-01-31T01:23,-11.12257,-2.32063,13.769,318.3
2003-01-31T01:33,-11.09364,-2.34633,13.726,318.4
2003-01-31T01:43,-11.06491,-2.37224,13.801,317.2
2003-01-31T01:53,-11.03586,-2.39857,14.11,319.4
2003-01-31T02:03,-11.0071,-2.42454,13.802,318.3
2003-01-31T02:13,-10.97853,-2.45059,13.753,320.3
2003-01-31T02:23,-10.94959,-2.47578,13.701,323.5
2003-01-31T02:33,-10.92012,-2.50032,13.769,322.4
2003-01-31T02:43,-10.89009,-2.52409,13.992,322.7
2003-01-31T02:53,-10.85942,-2.54798,14.019,322.1
2003-01-31T03:03,-10.83018,-2.57386,13.914,319.9
2003-01-31T03:13,-10.80136,-2.59923,13.711,322.0
2003-01-31T03:23,-10.7714,-2.62293,13.776,324.2
2003-01-31T03:33,-10.74139,-2.6468,13.686,321.1
2003-01-31T03:43,-10.71109,-2.67086,13.785,322.8
2003-01-31T03:53,-10.68029,-2.69464,14.233,323.3
2003-01-31T04:03,-10.64967,-2.71837,13.945,324.1
2003-01-31T04:13,-10.61965,-2.74236,14.106,323.5
2003-01-31T04:23,-10.59026,-2.76722,14.012,320.0
2003-01-31T04:33,-10.56098,-2.7927,13.788,320.2
2003-01-31T04:43,-10.5318,-2.81791,13.626,318.0
2003-01-31T04:53,-10.5036,-2.84414,14.262,316.6
2003-01-31T05:03,-10.47553,-2.87066,13.651,315.8
2003-01-31T05:13,-10.44692,-2.89584,14.408,319.9
2003-01-31T05:23,-10.4179,-2.92097,14.411,318.5
2003-01-31T05:33,-10.38896,-2.94668,14.128,319.6
2003-01-31T05:43,-10.3603,-2.97246,13.777,318.7
2003-01-31T05:53,-10.33194,-2.99828,13.785,318.2
2003-01-31T06:03,-10.30291,-3.02434,13.867,319.4
2003-01-31T06:13,-10.27381,-3.05019,14.284,319.7
2003-01-31T06:23,-10.24303,-3.07348,13.667,329.8
2003-01-31T06:33,-10.21184,-3.09615,13.948,322.3
2003-01-31T06:43,-10.18115,-3.11947,13.829,321.9
2003-01-31T06:53,-10.15037,-3.14309,13.854,321.2
2003-01-31T07:03,-10.11973,-3.16663,13.911,322.1
2003-01-31T07:13,-10.09002,-3.1911,13.759,321.6
2003-01-31T07:23,-10.06003,-3.21578,13.821,323.0
2003-01-31T07:33,-10.03005,-3.241,14.202,320.5
2003-01-31T07:43,-9.99974,-3.26591,14.092,320.9
2003-01-31T07:53,-9.96916,-3.2907,14.205,322.5
2003-01-31T08:03,-9.94064,-3.31682,13.602,316.0
2003-01-31T08:13,-9.91269,-3.34358,13.857,315.2
2003-01-31T08:23,-9.8844,-3.37053,14.04,318.4
2003-01-31T08:33,-9.856,-3.39756,11.155,318.5
2003-01-31T08:43,-9.8271,-3.42401,14.29,319.5
2003-01-31T08:53,-9.79782,-3.4503,16.11,323.7
2003-01-31T09:04,-9.76854,-3.47659,13.945,316.7
2003-01-31T09:14,-9.73929,-3.50199,13.887,319.8
2003-01-31T09:24,-9.71002,-3.52676,14.393,321.6
2003-01-31T09:34,-9.6806,-3.55174,13.935,326.5
2003-01-31T09:44,-9.64873,-3.57428,13.991,324.8
2003-01-31T09:54,-9.61832,-3.59913,14.211,319.9
2003-01-31T10:04,-9.588,-3.62437,13.97,319.3
2003-01-31T10:14,-9.55788,-3.64958,14.086,320.3
2003-01-31T10:24,-9.52724,-3.67456,14.393,322.8
2003-01-31T10:34,-9.49632,-3.69935,14.328,321.4
2003-01-31T10:44,-9.46558,-3.72434,14.325,322.2
2003-01-31T10:54,-9.43466,-3.74926,14.278,324.2
2003-01-31T11:04,-9.40399,-3.77457,15.6,321.9
2003-01-31T11:14,-9.37259,-3.79966,14.952,321.7
2003-01-31T11:24,-9.34116,-3.82443,14.168,322.9
2003-01-31T11:34,-9.31057,-3.85013,14.32,319.0
2003-01-31T11:44,-9.28057,-3.87655,14.078,319.0
2003-01-31T11:54,-9.25057,-3.90217,13.885,320.0
2003-01-31T12:04,-9.22061,-3.92758,13.25,324.9
2003-01-31T12:14,-9.19064,-3.95282,14.095,321.0
2003-01-31T12:24,-9.16083,-3.97854,14.22,321.6
2003-01-31T12:34,-9.13079,-4.00432,13.983,318.7
2003-01-31T12:44,-9.10079,-4.03028,14.192,320.0
2003-01-31T12:54,-9.07073,-4.05641,14.397,319.5
2003-01-31T13:04,-9.04028,-4.08246,14.674,318.9
2003-01-31T13:14,-9.00962,-4.10895,14.403,321.0
2003-01-31T13:24,-8.97786,-4.13402,14.7,323.8
2003-01-31T13:34,-8.94587,-4.15876,14.344,321.0
2003-01-31T13:44,-8.91415,-4.18362,14.636,321.1
2003-01-31T13:54,-8.88292,-4.20909,14.359,320.4
2003-01-31T14:04,-8.85205,-4.23426,14.205,320.3
2003-01-31T14:14,-8.82209,-4.26094,14.452,317.0
2003-01-31T14:24,-8.79397,-4.28999,14.667,311.1
2003-01-31T14:34,-8.76471,-4.31792,14.757,321.4
2003-01-31T14:44,-8.7331,-4.3438,14.504,320.0
2003-01-31T14:54,-8.70176,-4.37013,15.013,321.3
2003-01-31T15:04,-8.67025,-4.39664,14.797,319.4
2003-01-31T15:14,-8.63918,-4.42283,14.547,319.8
2003-01-31T15:24,-8.60806,-4.44866,14.468,320.3
2003-01-31T15:34,-8.57697,-4.47461,14.521,319.2
2003-01-31T15:44,-8.54561,-4.50022,14.502,320.4
2003-01-31T15:54,-8.51421,-4.52592,14.421,321.3
2003-01-31T16:04,-8.4829,-4.55085,14.374,320.7
2003-01-31T16:14,-8.45213,-4.57633,14.316,320.2
2003-01-31T16:24,-8.42127,-4.60186,14.345,321.3
2003-01-31T16:34,-8.39086,-4.62747,14.24,320.1
2003-01-31T16:44,-8.36043,-4.65331,14.207,317.4
2003-01-31T16:54,-8.33001,-4.67919,14.219,320.5
2003-01-31T17:04,-8.29991,-4.70469,14.076,319.6
2003-01-31T17:14,-8.26999,-4.73027,14.076,318.8
2003-01-31T17:24,-8.24006,-4.75586,13.911,319.7
2003-01-31T17:34,-8.21018,-4.78129,14.079,318.9
2003-01-31T17:44,-8.18026,-4.8069,13.846,320.1
2003-01-31T17:54,-8.15012,-4.83204,14.312,321.6
2003-01-31T18:04,-8.11965,-4.8574,14.354,320.3
2003-01-31T18:14,-8.08934,-4.8832,14.373,321.0
2003-01-31T18:24,-8.05913,-4.90857,14.204,320.3
2003-01-31T18:34,-8.02899,-4.93371,14.03,320.1
2003-01-31T18:44,-7.99938,-4.95873,13.741,320.1
2003-01-31T18:54,-7.96986,-4.98384,13.747,319.7
2003-01-31T19:04,-7.94057,-5.00877,13.872,321.6
2003-01-31T19:14,-7.91133,-5.03389,13.994,320.4
2003-01-31T19:24,-7.88105,-5.05847,14.346,321.0
2003-01-31T19:34,-7.85118,-5.08348,13.295,321.7
2003-01-31T19:44,-7.82162,-5.10827,13.705,321.0
2003-01-31T19:54,-7.79197,-5.13285,13.725,319.9
2003-01-31T20:04,-7.76217,-5.1577,14.052,321.4
2003-01-31T20:14,-7.73222,-5.18204,13.912,321.8
2003-01-31T20:24,-7.7023,-5.20618,13.804,320.6
2003-01-31T20:34,-7.67234,-5.23023,13.478,319.7
2003-01-31T20:44,-7.64249,-5.2543,13.606,320.6
2003-01-31T20:54,-7.61268,-5.27852,13.41,320.1
2003-01-31T21:04,-7.5829,-5.30319,14.042,319.6
2003-01-31T21:14,-7.55294,-5.32768,13.869,319.3
2003-01-31T21:24,-7.52341,-5.35323,14.237,317.5
2003-01-31T21:34,-7.49458,-5.3797,14.029,316.4
2003-01-31T21:44,-7.4655,-5.406,13.901,320.7
2003-01-31T21:54,-7.43537,-5.43064,14.103,320.8
2003-01-31T22:04,-7.40548,-5.45477,13.707,322.4
2003-01-31T22:14,-7.37603,-5.47912,13.582,322.4
2003-01-31T22:24,-7.34721,-5.50417,13.985,317.9
2003-01-31T22:34,-7.31894,-5.52972,13.618,317.7
2003-01-31T22:44,-7.291,-5.55541,13.951,317.5
2003-01-31T22:54,-7.2621,-5.58126,13.906,319.4
2003-01-31T23:04,-7.2327,-5.60645,13.992,318.2
2003-01-31T23:14,-7.20333,-5.63171,13.823,319.8
2003-01-31T23:24,-7.17401,-5.65679,13.915,320.5
2003-01-31T23:34,-7.14461,-5.68112,13.792,323.5
2003-01-31T23:44,-7.11469,-5.70477,13.551,322.3
2003-01-31T23:54,-7.08445,-5.72844,13.788,322.4
2003-02-01T00:04,-7.05401,-5.75159,13.866,322.9
2003-02-01T00:14,-7.02354,-5.77505,13.927,322.4
2003-02-01T00:24,-6.99298,-5.79835,14.636,319.1
2003-02-01T00:34,-6.96372,-5.82268,13.637,319.5
2003-02-01T00:44,-6.93449,-5.84747,13.738,320.0
2003-02-01T00:54,-6.90559,-5.87175,13.742,320.1
2003-02-01T01:04,-6.87676,-5.89633,13.748,318.8
2003-02-01T01:14,-6.84788,-5.9211,13.883,320.2
2003-02-01T01:24,-6.81863,-5.94575,13.884,319.5
2003-02-01T01:34,-6.78983,-5.97112,13.807,318.7
2003-02-01T01:44,-6.76113,-5.99644,13.788,318.4
2003-02-01T01:54,-6.73221,-6.02177,13.631,320.5
2003-02-01T02:04,-6.70356,-6.04644,13.568,320.4
2003-02-01T02:14,-6.67484,-6.07087,13.681,321.3
2003-02-01T02:24,-6.64634,-6.09576,13.238,319.2
2003-02-01T02:34,-6.61788,-6.11966,12.979,319.2
2003-02-01T02:44,-6.5897,-6.14291,13.077,321.5
2003-02-01T02:54,-6.56109,-6.16692,13.522,322.6
2003-02-01T03:04,-6.53254,-6.19111,13.429,319.5
2003-02-01T03:14,-6.5038,-6.21505,13.586,321.6
2003-02-01T03:24,-6.47442,-6.23817,13.329,323.7
2003-02-01T03:34,-6.44546,-6.26171,13.266,318.9
2003-02-01T03:44,-6.41687,-6.28583,13.422,321.8
2003-02-01T03:54,-6.38801,-6.31002,13.746,320.6
2003-02-01T04:04,-6.35928,-6.33463,13.705,320.9
2003-02-01T04:14,-6.32996,-6.35885,13.142,319.6
2003-02-01T04:24,-6.30071,-6.38299,13.534,319.3
2003-02-01T04:34,-6.2714,-6.4068,13.682,321.1
2003-02-01T04:44,-6.24217,-6.43046,13.478,321.5
2003-02-01T04:54,-6.21354,-6.45508,13.924,318.8
2003-02-01T05:04,-6.18462,-6.48007,13.562,318.1
2003-02-01T05:14,-6.15644,-6.50503,14.312,316.9
2003-02-01T05:24,-6.12804,-6.53014,11.604,321.3
2003-02-01T05:34,-6.0985,-6.55335,13.952,320.2
2003-02-01T05:44,-6.06923,-6.57631,13.116,319.7
2003-02-01T05:54,-6.03996,-6.60004,11.345,323.1
2003-02-01T06:04,-6.01008,-6.62334,13.576,322.1
2003-02-01T06:14,-5.9805,-6.647,14.46,320.8
2003-02-01T06:24,-5.95217,-6.67216,13.656,318.0
2003-02-01T06:34,-5.92399,-6.6971,13.343,317.3
2003-02-01T06:44,-5.89703,-6.72264,13.198,313.4
2003-02-01T06:54,-5.87055,-6.74865,13.368,316.7
2003-02-01T07:04,-5.84248,-6.77303,13.246,319.9
2003-02-01T07:14,-5.81355,-6.79674,13.771,322.4
2003-02-01T07:24,-5.78361,-6.81993,13.558,324.2
2003-02-01T07:34,-5.7535,-6.84298,13.726,321.9
2003-02-01T07:44,-5.72342,-6.86618,13.389,321.9
2003-02-01T07:54,-5.6935,-6.88924,13.582,323.6
2003-02-01T08:04,-5.66321,-6.91184,13.45,321.9
2003-02-01T08:14,-5.63336,-6.93442,13.394,322.1
2003-02-01T08:24,-5.60347,-6.95737,13.37,321.7
2003-02-01T08:34,-5.57409,-6.98126,14.389,316.1
2003-02-01T08:44,-5.54655,-7.00763,13.453,317.2
2003-02-01T08:54,-5.51865,-7.03389,13.776,317.5
2003-02-01T09:04,-5.49031,-7.05963,13.372,319.1
2003-02-01T09:14,-5.46109,-7.08449,13.758,321.9
2003-02-01T09:24,-5.43144,-7.10904,13.688,320.4
2003-02-01T09:34,-5.40187,-7.13392,13.38,320.2
2003-02-01T09:44,-5.37231,-7.1582,13.483,320.7
2003-02-01T09:54,-5.34282,-7.18275,13.919,319.6
2003-02-01T10:04,-5.31326,-7.20741,13.447,318.9
2003-02-01T10:14,-5.28393,-7.23203,13.487,317.3
2003-02-01T10:24,-5.25442,-7.25664,13.985,321.1
2003-02-01T10:34,-5.22442,-7.28122,14.196,320.4
2003-02-01T10:44,-5.19449,-7.30624,13.831,319.0
2003-02-01T10:54,-5.1647,-7.33076,13.72,320.9
2003-02-01T11:04,-5.13453,-7.35585,14.561,320.2
2003-02-01T11:14,-5.10439,-7.38137,14.433,319.2
2003-02-01T11:24,-5.07441,-7.40711,13.758,320.6
2003-02-01T11:34,-5.04474,-7.43242,13.807,319.2
2003-02-01T11:44,-5.01612,-7.45749,13.825,318.5
2003-02-01T11:54,-4.98729,-7.48276,13.946,320.1
2003-02-01T12:04,-4.95854,-7.50826,13.827,317.4
2003-02-01T12:14,-4.92935,-7.53348,13.89,318.7
2003-02-01T12:24,-4.90057,-7.55934,14.1,319.3
2003-02-01T12:34,-4.87076,-7.58388,13.766,321.4
2003-02-01T12:44,-4.84052,-7.60816,13.854,321.8
2003-02-01T12:54,-4.81088,-7.63247,13.625,320.0
2003-02-01T13:04,-4.78128,-7.65665,13.718,319.2
2003-02-01T13:14,-4.752,-7.68128,13.764,321.8
2003-02-01T13:24,-4.72267,-7.70605,13.766,320.1
2003-02-01T13:34,-4.69279,-7.73009,13.689,320.1
2003-02-01T13:44,-4.66319,-7.75438,13.936,320.8
2003-02-01T13:54,-4.63384,-7.77869,11.53,320.0
2003-02-01T14:04,-4.60463,-7.80367,13.796,320.7
2003-02-01T14:14,-4.57513,-7.82838,12.9,322.7
2003-02-01T14:24,-4.54579,-7.85343,12.303,321.7
2003-02-01T14:34,-4.51646,-7.87787,13.57,321.4
2003-02-01T14:44,-4.487,-7.90243,13.89,321.3
2003-02-01T14:54,-4.45758,-7.92676,13.668,321.6
2003-02-01T15:04,-4.42764,-7.95102,14.009,321.7
2003-02-01T15:14,-4.39702,-7.97535,13.798,323.3
2003-02-01T15:24,-4.36552,-7.9992,15.018,319.0
2003-02-01T15:34,-4.33485,-8.02401,14.099,316.4
2003-02-01T15:44,-4.30593,-8.05081,13.978,318.0
2003-02-01T15:54,-4.27672,-8.07804,14.451,316.5
2003-02-01T16:04,-4.24805,-8.10488,14.161,318.0
2003-02-01T16:14,-4.21902,-8.13085,13.85,320.3
2003-02-01T16:24,-4.18962,-8.15545,13.585,320.0
2003-02-01T16:34,-4.15965,-8.17877,13.539,321.9
2003-02-01T16:44,-4.12924,-8.20186,13.75,322.2
2003-02-01T16:54,-4.09876,-8.225,13.81,322.2
2003-02-01T17:04,-4.06814,-8.24787,13.537,322.8
2003-02-01T17:14,-4.03828,-8.27184,13.996,322.2
2003-02-01T17:24,-4.00896,-8.2966,13.949,319.0
2003-02-01T17:34,-3.97969,-8.32145,13.675,319.0
2003-02-01T17:44,-3.95094,-8.34635,13.697,318.5
2003-02-01T17:54,-3.92217,-8.37112,13.84,318.8
2003-02-01T18:04,-3.89292,-8.39644,13.978,317.8
2003-02-01T18:14,-3.8641,-8.42164,13.864,321.3
2003-02-01T18:24,-3.83471,-8.4463,13.915,320.9
2003-02-01T18:34,-3.8052,-8.47045,13.366,322.7
2003-02-01T18:44,-3.77578,-8.49372,13.582,322.7
2003-02-01T18:54,-3.74658,-8.51788,13.793,320.3
2003-02-01T19:04,-3.71734,-8.54232,13.097,320.7
2003-02-01T19:14,-3.68802,-8.56675,13.807,320.2
2003-02-01T19:24,-3.65853,-8.59147,14.236,319.5
2003-02-01T19:34,-3.62908,-8.61638,13.497,318.2
2003-02-01T19:44,-3.59936,-8.64079,13.822,320.8
2003-02-01T19:54,-3.56984,-8.66489,13.617,321.7
2003-02-01T20:04,-3.54039,-8.68877,13.65,321.3
2003-02-01T20:14,-3.51087,-8.71286,13.552,319.6
2003-02-01T20:24,-3.48175,-8.73715,13.782,321.0
2003-02-01T20:34,-3.45249,-8.76156,13.773,321.8
2003-02-01T20:44,-3.42325,-8.78572,13.597,321.6
2003-02-01T20:54,-3.3942,-8.81016,13.71,319.8
2003-02-01T21:04,-3.36488,-8.83452,13.689,320.9
2003-02-01T21:14,-3.3354,-8.85866,13.719,320.9
2003-02-01T21:24,-3.3057,-8.88341,13.909,320.5
2003-02-01T21:34,-3.27581,-8.90787,14.037,320.7
2003-02-01T21:44,-3.24549,-8.93173,13.727,321.8
2003-02-01T21:54,-3.21533,-8.95574,13.946,321.3
2003-02-01T22:04,-3.18512,-8.97941,12.808,334.2
2003-02-01T22:14,-3.15484,-9.0035,13.723,321.0
2003-02-01T22:24,-3.12625,-9.02925,13.822,316.9
2003-02-01T22:34,-3.0982,-9.05618,13.902,317.3
2003-02-01T22:44,-3.07,-9.08222,13.457,317.1
2003-02-01T22:54,-3.04209,-9.10801,14.765,318.9
2003-02-01T23:04,-3.01359,-9.13327,13.624,318.3
2003-02-01T23:14,-2.98479,-9.15827,13.536,319.4
2003-02-01T23:24,-2.9561,-9.18343,13.373,317.7
2003-02-01T23:34,-2.92635,-9.20723,12.86,327.0
2003-02-01T23:44,-2.89638,-9.2304,13.749,321.9
2003-02-01T23:54,-2.8672,-9.25424,12.654,320.5
2003-02-02T00:04,-2.83839,-9.27864,13.548,318.3
2003-02-02T00:14,-2.80949,-9.30291,13.642,319.3
2003-02-02T00:24,-2.78004,-9.32772,13.877,321.0
2003-02-02T00:34,-2.7494,-9.35156,13.903,322.4
2003-02-02T00:44,-2.71892,-9.37484,13.291,322.0
2003-02-02T00:54,-2.69006,-9.39773,13.227,321.9
2003-02-02T01:04,-2.66121,-9.42063,13.051,321.7
2003-02-02T01:14,-2.63164,-9.44326,13.626,322.9
2003-02-02T01:24,-2.60298,-9.46768,13.589,319.7
2003-02-02T01:34,-2.57473,-9.493,13.653,319.8
2003-02-02T01:44,-2.54632,-9.51777,13.46,319.4
2003-02-02T01:54,-2.51804,-9.54219,13.396,321.3
2003-02-02T02:04,-2.48887,-9.56619,13.921,320.2
2003-02-02T02:14,-2.46023,-9.59052,14.508,317.9
2003-02-02T02:24,-2.43155,-9.61425,13.562,322.8
2003-02-02T02:34,-2.40224,-9.63764,13.452,322.2
2003-02-02T02:44,-2.3734,-9.66121,13.154,322.0
2003-02-02T02:54,-2.34461,-9.68481,13.575,321.7
2003-02-02T03:04,-2.31571,-9.7085,13.762,320.6
2003-02-02T03:14,-2.28666,-9.7324,13.434,319.5
2003-02-02T03:24,-2.25768,-9.75644,15.218,317.0
2003-02-02T03:34,-2.22852,-9.78042,13.613,320.0
2003-02-02T03:44,-2.19952,-9.80457,13.547,319.0
2003-02-02T03:54,-2.1707,-9.82857,13.488,320.0
2003-02-02T04:04,-2.14234,-9.85245,12.6,316.1
2003-02-02T04:14,-2.11358,-9.87654,13.366,319.1
2003-02-02T04:24,-2.0848,-9.90018,4.062,315.0
2003-02-02T04:34,-2.05589,-9.92374,13.284,320.4
2003-02-02T04:44,-2.02745,-9.94755,13.492,321.4
2003-02-02T04:54,-1.99847,-9.97113,13.175,319.5
2003-02-02T05:04,-1.96911,-9.9949,13.601,322.0
2003-02-02T05:14,-1.93982,-10.01865,13.141,322.6
2003-02-02T05:24,-1.91057,-10.04259,13.366,322.4
2003-02-02T05:34,-1.88085,-10.06642,13.988,319.6
2003-02-02T05:44,-1.8523,-10.09146,13.298,318.6
2003-02-02T05:54,-1.82452,-10.116,13.338,318.2
2003-02-02T06:04,-1.79663,-10.14054,13.117,318.8
2003-02-02T06:14,-1.76809,-10.16452,13.564,321.2
2003-02-02T06:24,-1.7392,-10.18859,13.562,319.7
2003-02-02T06:34,-1.71041,-10.21275,13.248,319.3
2003-02-02T06:44,-1.68129,-10.23663,12.748,318.7
2003-02-02T06:54,-1.65259,-10.26104,13.7,320.4
2003-02-02T07:04,-1.62388,-10.28556,13.485,320.4
2003-02-02T07:14,-1.59494,-10.31008,13.72,319.9
2003-02-02T07:24,-1.5657,-10.33475,13.646,320.7
2003-02-02T07:34,-1.53613,-10.35871,13.632,320.1
2003-02-02T07:44,-1.50636,-10.38346,13.87,319.7
2003-02-02T07:54,-1.47653,-10.4079,13.875,320.0
2003-02-02T08:04,-1.44688,-10.43269,13.928,320.3
2003-02-02T08:14,-1.41711,-10.45763,14.014,321.8
2003-02-02T08:24,-1.38747,-10.4821,13.632,321.4
2003-02-02T08:34,-1.35806,-10.50589,13.627,319.0
2003-02-02T08:44,-1.32851,-10.52963,13.423,321.6
2003-02-02T08:54,-1.29952,-10.55246,13.193,319.6
2003-02-02T09:04,-1.27169,-10.57674,13.387,316.8
2003-02-02T09:14,-1.24373,-10.60207,13.696,317.3
2003-02-02T09:24,-1.21546,-10.62801,13.922,318.3
2003-02-02T09:34,-1.18691,-10.65377,13.951,318.1
2003-02-02T09:44,-1.15743,-10.67765,13.67,321.6
2003-02-02T09:54,-1.12752,-10.70145,13.904,322.3
2003-02-02T10:04,-1.09741,-10.72501,13.528,321.5
2003-02-02T10:14,-1.06989,-10.75012,13.288,279.9
2003-02-02T10:24,-1.04827,-10.77888,13.682,307.0
2003-02-02T10:34,-1.01655,-10.79998,14.043,328.0
2003-02-02T10:44,-0.98463,-10.82211,14.102,321.7
2003-02-02T10:54,-0.95376,-10.84593,13.93,321.0
2003-02-02T11:04,-0.92337,-10.87052,13.89,321.8
2003-02-02T11:14,-0.89257,-10.89463,13.199,319.0
2003-02-02T11:24,-0.86206,-10.91962,14.281,319.5
2003-02-02T11:34,-0.83176,-10.94486,13.843,319.9
2003-02-02T11:44,-0.8019,-10.96972,14.092,320.0
2003-02-02T11:54,-0.77192,-10.99466,13.888,319.8
2003-02-02T12:04,-0.74446,-11.02107,13.761,319.6
2003-02-02T12:14,-0.71363,-11.04386,13.583,321.2
2003-02-02T12:24,-0.68399,-11.06849,14.101,318.9
2003-02-02T12:34,-0.65436,-11.09387,14.059,320.6
2003-02-02T12:44,-0.62393,-11.11863,14.278,320.1
2003-02-02T12:55,-0.59351,-11.1436,13.954,320.0
2003-02-02T13:05,-0.56297,-11.16857,14.366,321.2
2003-02-02T13:15,-0.53228,-11.19364,14.519,320.6
2003-02-02T13:25,-0.50169,-11.21899,14.096,318.5
2003-02-02T13:35,-0.47153,-11.2442,14.45,321.4
2003-02-02T13:45,-0.4411,-11.26967,14.467,319.6
2003-02-02T13:55,-0.41134,-11.29562,14.427,316.8
2003-02-02T14:05,-0.38171,-11.32096,13.811,317.9
2003-02-02T14:15,-0.35243,-11.34649,13.976,318.7
2003-02-02T14:25,-0.32251,-11.3717,14.157,321.9
2003-02-02T14:35,-0.2918,-11.39566,14.224,322.6
2003-02-02T14:45,-0.26152,-11.41984,13.932,320.4
2003-02-02T14:55,-0.23105,-11.44403,14.092,321.3
2003-02-02T15:05,-0.20308,-11.47013,13.667,326.4
2003-02-02T15:15,-0.17394,-11.49587,14.241,316.4
2003-02-02T15:25,-0.1453,-11.52332,13.708,316.6
2003-02-02T15:35,-0.11463,-11.54798,13.922,322.3
2003-02-02T15:45,-0.08359,-11.57169,13.961,321.5
2003-02-02T15:55,-0.05258,-11.59529,11.873,321.6
2003-02-02T16:05,-0.02155,-11.61895,14.258,321.2
2003-02-02T16:15,0.00806,-11.64443,14.101,319.7
2003-02-02T16:25,0.03818,-11.66943,14.192,320.4
2003-02-02T16:35,0.0686,-11.69439,14.032,320.1
2003-02-02T16:45,0.09902,-11.71969,14.383,320.0
2003-02-02T16:55,0.12966,-11.7451,14.104,319.8
2003-02-02T17:05,0.16034,-11.77076,14.411,319.9
2003-02-02T17:15,0.19087,-11.79658,14.42,319.6
2003-02-02T17:25,0.22155,-11.82239,14.361,319.7
2003-02-02T17:35,0.25199,-11.84823,14.474,320.0
2003-02-02T17:45,0.28296,-11.87343,14.43,321.8
2003-02-02T17:55,0.31442,-11.8984,14.768,321.8
2003-02-02T18:05,0.34601,-11.92335,14.582,321.7
2003-02-02T18:15,0.3776,-11.94833,14.178,322.1
2003-02-02T18:25,0.40859,-11.97352,14.505,320.0
2003-02-02T18:35,0.43892,-11.99977,14.417,319.4
2003-02-02T18:45,0.46938,-12.026,14.539,319.4
2003-02-02T18:55,0.50006,-12.05214,14.502,320.5
2003-02-02T19:05,0.53074,-12.07809,14.507,320.1
2003-02-02T19:15,0.56141,-12.10443,14.474,319.2
2003-02-02T19:25,0.59233,-12.13095,14.467,318.8
2003-02-02T19:35,0.62345,-12.15748,14.909,319.5
2003-02-02T19:45,0.65417,-12.18392,14.75,319.2
2003-02-02T19:55,0.68516,-12.21032,14.756,318.7
2003-02-02T20:05,0.71691,-12.23598,14.642,321.7
2003-02-02T20:15,0.74868,-12.26131,14.838,321.6
2003-02-02T20:25,0.78018,-12.28647,14.612,321.7
2003-02-02T20:35,0.81078,-12.31238,14.054,318.9
2003-02-02T20:45,0.84045,-12.33838,14.433,321.4
2003-02-02T20:55,0.87109,-12.36336,14.254,321.6
2003-02-02T21:05,0.90162,-12.38821,14.132,321.1
2003-02-02T21:15,0.93247,-12.41318,14.441,322.2
2003-02-02T21:25,0.96358,-12.43819,14.511,322.0
2003-02-02T21:35,0.99454,-12.46288,14.362,321.6
2003-02-02T21:45,1.0258,-12.48779,14.386,321.9
2003-02-02T21:55,1.0568,-12.51255,14.054,321.1
2003-02-02T22:05,1.08797,-12.53737,14.234,319.5
2003-02-02T22:15,1.11939,-12.5622,14.2,321.9
2003-02-02T22:25,1.15139,-12.58729,14.632,321.9
2003-02-02T22:35,1.18278,-12.61283,14.351,320.0
2003-02-02T22:45,1.21346,-12.63935,14.519,319.2
2003-02-02T22:55,1.24416,-12.66554,14.72,320.7
2003-02-02T23:05,1.27496,-12.69158,14.552,319.3
2003-02-02T23:15,1.30605,-12.71801,13.456,315.1
2003-02-02T23:25,1.33673,-12.74406,14.421,319.7
2003-02-02T23:35,1.36732,-12.76957,14.21,320.6
2003-02-02T23:45,1.39797,-12.79503,14.293,320.2
2003-02-02T23:55,1.42859,-12.82059,14.558,320.4
2003-02-03T00:05,1.45909,-12.84616,14.236,318.8
2003-02-03T00:15,1.48866,-12.87179,13.86,319.2
2003-02-03T00:25,1.51792,-12.89718,14.205,319.6
2003-02-03T00:35,1.54823,-12.9223,14.476,319.4
2003-02-03T00:45,1.57833,-12.94799,14.327,318.8
2003-02-03T00:55,1.60833,-12.97351,13.976,321.0
2003-02-03T01:05,1.63781,-12.99858,13.588,319.5
2003-02-03T01:15,1.66773,-13.02297,13.962,321.1
2003-02-03T01:25,1.69713,-13.04775,13.791,314.7
2003-02-03T01:35,1.72668,-13.07271,13.766,319.1
2003-02-03T01:45,1.75629,-13.09746,13.979,321.2
2003-02-03T01:55,1.78599,-13.12206,13.722,320.1
2003-02-03T02:05,1.81579,-13.14679,13.238,320.4
2003-02-03T02:15,1.84608,-13.1712,14.002,320.9
2003-02-03T02:25,1.87614,-13.19558,13.651,321.0
2003-02-03T02:35,1.90576,-13.21953,13.763,319.9
2003-02-03T02:45,1.93478,-13.24393,13.71,320.3
2003-02-03T02:55,1.96347,-13.26807,9.9,324.7
2003-02-03T03:05,1.99206,-13.29192,13.027,319.0
2003-02-03T03:15,2.02004,-13.31569,13.265,318.5
2003-02-03T03:25,2.04725,-13.34037,13.482,318.7
2003-02-03T03:35,2.07445,-13.36487,13.112,318.6
2003-02-03T03:45,2.10256,-13.38819,13.291,322.9
2003-02-03T03:55,2.13172,-13.41078,13.279,322.6
2003-02-03T04:05,2.16103,-13.43335,13.201,322.5
2003-02-03T04:15,2.19048,-13.45604,13.508,322.5
2003-02-03T04:25,2.22009,-13.47891,13.502,321.8
2003-02-03T04:35,2.24991,-13.50183,13.706,322.4
2003-02-03T04:45,2.27988,-13.52481,13.481,322.6
2003-02-03T04:55,2.30923,-13.54821,13.516,319.8
2003-02-03T05:05,2.3367,-13.57335,13.24,315.9
2003-02-03T05:15,2.3636,-13.59888,13.428,316.8
2003-02-03T05:25,2.39025,-13.62413,13.4,319.4
2003-02-03T05:35,2.41697,-13.6493,13.426,321.3
2003-02-03T05:45,2.44501,-13.67385,13.832,318.7
2003-02-03T05:55,2.47307,-13.69842,13.346,319.0
2003-02-03T06:05,2.502,-13.72225,13.389,321.0
2003-02-03T06:15,2.53104,-13.74541,13.359,321.7
2003-02-03T06:25,2.56014,-13.76864,13.433,321.0
2003-02-03T06:35,2.58933,-13.79164,13.372,321.6
2003-02-03T06:45,2.619,-13.8145,13.752,323.4
2003-02-03T06:55,2.64824,-13.83775,13.302,320.6
2003-02-03T07:05,2.67692,-13.86169,13.578,319.9
2003-02-03T07:15,2.70573,-13.88609,14.286,321.8
2003-02-03T07:25,2.73462,-13.91074,13.696,319.8
2003-02-03T07:35,2.76373,-13.93542,13.443,319.3
2003-02-03T07:45,2.7925,-13.95991,13.591,319.0
2003-02-03T07:55,2.82085,-13.98449,13.701,320.0
2003-02-03T08:05,2.84886,-14.00924,13.205,317.7
2003-02-03T08:15,2.87675,-14.03406,13.588,318.9
2003-02-03T08:25,2.90487,-14.05864,13.716,319.2
2003-02-03T08:35,2.93422,-14.08224,13.482,323.2
2003-02-03T08:45,2.96417,-14.10543,13.691,320.9
2003-02-03T08:55,2.99424,-14.12856,13.949,322.9
2003-02-03T09:05,3.02433,-14.15161,13.469,322.9
2003-02-03T09:15,3.05464,-14.17435,13.673,323.8
2003-02-03T09:25,3.08511,-14.19712,13.62,323.2
2003-02-03T09:35,3.11547,-14.21977,13.711,325.2
2003-02-03T09:45,3.14543,-14.24283,13.585,321.0
2003-02-03T09:55,3.1748,-14.26613,13.204,321.1
2003-02-03T10:05,3.20388,-14.28935,13.366,321.5
2003-02-03T10:15,3.23253,-14.31218,11.997,319.9
2003-02-03T10:25,3.26041,-14.33537,13.106,319.5
2003-02-03T10:35,3.28692,-14.35985,13.398,320.3
2003-02-03T10:45,3.31272,-14.38428,11.357,316.0
2003-02-03T10:55,3.3399,-14.40775,13.201,320.4
2003-02-03T11:05,3.36716,-14.43168,12.753,318.5
2003-02-03T11:15,3.39428,-14.45594,13.141,318.8
2003-02-03T11:25,3.42175,-14.4806,13.412,318.6
2003-02-03T11:35,3.44949,-14.50499,13.944,320.1
2003-02-03T11:45,3.47759,-14.5289,13.299,319.2
2003-02-03T11:55,3.50565,-14.55324,13.458,319.5
2003-02-03T12:05,3.53405,-14.57683,13.178,321.4
2003-02-03T12:15,3.56304,-14.5999,13.56,321.9
2003-02-03T12:25,3.59186,-14.62296,13.176,318.2
2003-02-03T12:35,3.6203,-14.6464,13.125,319.8
2003-02-03T12:45,3.64862,-14.67006,13.424,324.7
2003-02-03T12:55,3.67645,-14.6938,14.607,322.4
2003-02-03T13:05,3.70459,-14.71737,13.145,319.3
2003-02-03T13:15,3.7321,-14.74088,13.12,318.7
2003-02-03T13:25,3.75968,-14.76462,13.005,320.0
2003-02-03T13:35,3.78725,-14.78851,13.124,318.9
2003-02-03T13:45,3.81513,-14.81276,13.464,320.7
2003-02-03T13:55,3.84273,-14.83648,13.102,319.5
2003-02-03T14:05,3.87096,-14.86027,13.533,319.6
2003-02-03T14:15,3.8995,-14.88397,13.157,321.9
2003-02-03T14:25,3.92788,-14.90758,13.411,319.6
2003-02-03T14:35,3.95609,-14.93152,13.525,319.2
2003-02-03T14:45,3.98481,-14.95528,13.419,321.9
2003-02-03T14:55,4.01359,-14.97908,13.243,321.1
2003-02-03T15:05,4.04255,-15.00289,13.398,321.2
2003-02-03T15:15,4.0708,-15.02675,13.114,320.1
2003-02-03T15:25,4.09937,-15.05047,13.37,319.1
2003-02-03T15:35,4.12735,-15.07518,12.897,319.2
2003-02-03T15:45,4.15554,-15.09918,13.448,321.3
2003-02-03T15:55,4.18488,-15.12205,13.418,321.9
2003-02-03T16:05,4.2143,-15.14517,13.526,321.9
2003-02-03T16:15,4.24377,-15.16805,13.437,322.6
2003-02-03T16:25,4.27302,-15.19148,13.709,320.1
2003-02-03T16:35,4.30176,-15.21531,13.519,320.5
2003-02-03T16:45,4.33063,-15.23922,13.491,320.7
2003-02-03T16:55,4.35943,-15.263,13.548,321.7
2003-02-03T17:05,4.38823,-15.28645,13.345,321.0
2003-02-03T17:15,4.41652,-15.30945,12.982,320.5
2003-02-03T17:25,4.44423,-15.33239,12.796,320.5
2003-02-03T17:35,4.4708,-15.35575,12.506,317.7
2003-02-03T17:45,4.49735,-15.37958,12.632,318.1
2003-02-03T17:55,4.52385,-15.40343,12.84,317.5
2003-02-03T18:05,4.55044,-15.42734,12.733,317.6
2003-02-03T18:15,4.57683,-15.45163,12.536,315.0
2003-02-03T18:25,4.60455,-15.47436,12.693,321.4
2003-02-03T18:35,4.63246,-15.49571,12.687,321.7
2003-02-03T18:45,4.66029,-15.51763,12.74,322.5
2003-02-03T18:55,4.68863,-15.53944,13.28,322.1
2003-02-03T19:05,4.71739,-15.56205,13.507,323.4
2003-02-03T19:15,4.74656,-15.58471,13.146,322.2
2003-02-03T19:25,4.77592,-15.60689,13.538,320.9
2003-02-03T19:35,4.80445,-15.62966,13.125,320.2
2003-02-03T19:45,4.83209,-15.65337,13.315,319.8
2003-02-03T19:55,4.85951,-15.67721,13.037,318.8
2003-02-03T20:05,4.88706,-15.70099,13.102,319.9
2003-02-03T20:15,4.91451,-15.72469,13.092,319.4
2003-02-03T20:25,4.94244,-15.74763,12.927,321.0
2003-02-03T20:35,4.97093,-15.76978,13.018,323.1
2003-02-03T20:45,4.99959,-15.79167,12.961,323.3
2003-02-03T20:55,5.02839,-15.81395,12.725,322.1
2003-02-03T21:05,5.05604,-15.83714,12.787,319.5
2003-02-03T21:15,5.08303,-15.86048,12.859,318.2
2003-02-03T21:25,5.10972,-15.88453,12.814,316.9
2003-02-03T21:35,5.13589,-15.90812,12.982,319.4
2003-02-03T21:45,5.16266,-15.93195,13.112,315.9
2003-02-03T21:55,5.18935,-15.9563,13.074,317.1
2003-02-03T22:05,5.21661,-15.9806,12.824,318.0
2003-02-03T22:15,5.24356,-16.00504,13.268,313.1
2003-02-03T22:25,5.27108,-16.02919,13.272,318.5
2003-02-03T22:35,5.2984,-16.05367,13.319,318.5
2003-02-03T22:45,5.32655,-16.07706,13.213,321.5
2003-02-03T22:55,5.35507,-16.10051,13.489,321.5
2003-02-03T23:05,5.38417,-16.12405,15.358,322.4
2003-02-03T23:15,5.41306,-16.14705,9.465,320.5
2003-02-03T23:25,5.44189,-16.16998,13.225,323.0
2003-02-03T23:35,5.47012,-16.19293,12.819,320.5
2003-02-03T23:45,5.49824,-16.21552,13.172,321.8
2003-02-03T23:55,5.52635,-16.23826,12.764,319.3
2003-02-04T00:05,5.55437,-16.2609,12.976,320.7
2003-02-04T00:15,5.5826,-16.28322,12.954,322.2
2003-02-04T00:25,5.61107,-16.30559,12.918,321.5
2003-02-04T00:35,5.63937,-16.32802,13.225,322.1
2003-02-04T00:45,5.66785,-16.35091,13.026,320.3
2003-02-04T00:55,5.69546,-16.37416,12.996,319.6
2003-02-04T01:05,5.72289,-16.39719,12.832,319.0
2003-02-04T01:15,5.7506,-16.42016,12.923,321.2
2003-02-04T01:25,5.77832,-16.44304,13.085,320.9
2003-02-04T01:35,5.80629,-16.46643,13.25,319.3
2003-02-04T01:45,5.83412,-16.49032,12.91,319.1
2003-02-04T01:55,5.86062,-16.51477,12.768,317.7
2003-02-04T02:05,5.88739,-16.53875,13.738,319.3
2003-02-04T02:15,5.91368,-16.56276,12.866,316.9
2003-02-04T02:25,5.94086,-16.58659,12.933,319.6
2003-02-04T02:35,5.96882,-16.61036,12.433,319.9
2003-02-04T02:45,5.99717,-16.6336,13.368,320.0
2003-02-04T02:55,6.02526,-16.65706,13.224,321.0
2003-02-04T03:05,6.05337,-16.68014,12.43,319.7
2003-02-04T03:15,6.08125,-16.70323,13.121,319.1
2003-02-04T03:25,6.10901,-16.72641,12.907,320.6
2003-02-04T03:35,6.13685,-16.74934,14.978,320.2
2003-02-04T03:45,6.1648,-16.77284,13.318,319.1
2003-02-04T03:55,6.19234,-16.79704,12.977,319.7
2003-02-04T04:05,6.2195,-16.82098,13.01,319.8
2003-02-04T04:15,6.24696,-16.84444,12.708,319.2
2003-02-04T04:25,6.27443,-16.868,12.892,320.7
2003-02-04T04:35,6.30145,-16.89181,11.681,315.4
2003-02-04T04:45,6.32866,-16.91587,13.025,319.0
2003-02-04T04:55,6.35622,-16.9393,13.02,318.7
2003-02-04T05:05,6.3839,-16.96247,12.948,321.2
2003-02-04T05:15,6.41164,-16.98537,13.015,320.8
2003-02-04T05:25,6.43973,-17.00804,13.092,321.5
2003-02-04T05:35,6.46833,-17.03141,13.34,321.0
2003-02-04T05:45,6.49689,-17.0552,13.372,320.4
2003-02-04T05:55,6.52521,-17.07911,13.102,319.2
2003-02-04T06:05,6.55337,-17.10331,13.113,319.0
2003-02-04T06:15,6.58101,-17.12712,12.794,321.3
2003-02-04T06:25,6.60896,-17.15004,13.905,323.0
2003-02-04T06:35,6.63705,-17.17343,13.98,329.1
2003-02-04T06:45,6.66505,-17.19674,12.978,320.0
2003-02-04T06:55,6.69308,-17.2199,13.197,320.9
2003-02-04T07:05,6.7213,-17.24353,13.13,319.2
2003-02-04T07:15,6.74967,-17.26732,13.299,320.1
2003-02-04T07:25,6.77838,-17.29113,13.307,321.0
2003-02-04T07:35,6.80723,-17.31488,13.576,321.4
2003-02-04T07:45,6.83632,-17.33885,13.784,321.2
2003-02-04T07:55,6.86401,-17.36127,12.677,321.0
2003-02-04T08:05,6.89169,-17.38339,12.517,320.0
2003-02-04T08:15,6.89699,-17.38932,0.354,255.9
2003-02-04T08:25,6.89733,-17.38999,0.185,324.7
2003-02-04T08:35,6.89757,-17.39055,0.383,308.4
2003-02-04T08:45,6.89775,-17.39121,0.352,169.5
2003-02-04T08:55,6.89791,-17.39187,0.408,273.0
2003-02-04T09:05,6.89852,-17.39213,0.11,11.2
2003-02-04T09:15,6.89861,-17.39185,0.13,80.5
2003-02-04T09:25,6.89871,-17.3918,0.03,224.8
2003-02-04T09:36,6.89894,-17.39155,0.262,54.8
2003-02-04T09:46,6.89975,-17.39147,0.508,347.8
2003-02-04T09:56,6.9041,-17.39548,10.639,324.5
2003-02-04T10:06,6.93151,-17.41949,13.823,321.0
2003-02-04T10:16,6.96069,-17.44359,13.606,322.0
2003-02-04T10:26,6.99,-17.46793,13.759,321.4
2003-02-04T10:36,7.01942,-17.49267,13.668,321.5
2003-02-04T10:46,7.04855,-17.51701,13.93,321.6
2003-02-04T10:56,7.07766,-17.54145,13.646,320.0
2003-02-04T11:06,7.10682,-17.56604,13.841,321.2
2003-02-04T11:16,7.13621,-17.5906,13.637,320.3
2003-02-04T11:26,7.16582,-17.61547,13.88,318.7
2003-02-04T11:36,7.19532,-17.6401,12.413,318.6
2003-02-04T11:46,7.22377,-17.66392,13.587,319.5
2003-02-04T11:56,7.25258,-17.68804,13.566,320.0
2003-02-04T12:06,7.28132,-17.7123,13.695,320.9
2003-02-04T12:16,7.3101,-17.73727,13.829,321.4
2003-02-04T12:26,7.33935,-17.76233,13.752,318.5
2003-02-04T12:36,7.36867,-17.78768,13.752,320.2
2003-02-04T12:46,7.39835,-17.81176,13.587,320.3
2003-02-04T12:56,7.42722,-17.83546,14.259,322.0
2003-02-04T13:06,7.45584,-17.85964,13.649,321.6
2003-02-04T13:16,7.48438,-17.88301,13.28,320.3
2003-02-04T13:26,7.51319,-17.90674,13.48,319.7
2003-02-04T13:36,7.54117,-17.93127,13.156,318.6
2003-02-04T13:46,7.56975,-17.95496,13.321,320.8
2003-02-04T13:56,7.59818,-17.97836,13.36,322.7
2003-02-04T14:06,7.62692,-18.00144,13.206,321.1
2003-02-04T14:16,7.65603,-18.02458,13.364,322.4
2003-02-04T14:26,7.68512,-18.04777,13.384,320.9
2003-02-04T14:36,7.7143,-18.07101,12.889,321.4
2003-02-04T14:46,7.74319,-18.09406,13.23,317.6
2003-02-04T14:56,7.77016,-18.11945,13.3,317.1
2003-02-04T15:06,7.79723,-18.14458,13.436,317.0
2003-02-04T15:16,7.82418,-18.16948,13.518,317.6
2003-02-04T15:26,7.85179,-18.19401,13.338,319.7
2003-02-04T15:36,7.88023,-18.21757,13.163,320.8
2003-02-04T15:46,7.90868,-18.24136,13.04,319.4
2003-02-04T15:56,7.93683,-18.2644,13.061,321.0
2003-02-04T16:06,7.96485,-18.28802,13.105,320.9
2003-02-04T16:16,7.99274,-18.31169,13.098,321.3
2003-02-04T16:26,8.0209,-18.33538,13.191,319.3
2003-02-04T16:36,8.04912,-18.35942,13.545,319.5
2003-02-04T16:46,8.07803,-18.38344,13.682,320.3
2003-02-04T16:56,8.10721,-18.408,13.802,322.4
2003-02-04T17:06,8.13686,-18.43168,13.586,322.8
2003-02-04T17:16,8.16719,-18.45465,13.41,323.5
2003-02-04T17:26,8.19726,-18.47716,13.362,323.5
2003-02-04T17:36,8.22547,-18.50116,12.862,316.4
2003-02-04T17:46,8.25207,-18.52673,13.258,316.6
2003-02-04T17:56,8.27953,-18.55164,13.241,317.9
2003-02-04T18:06,8.30785,-18.5761,13.255,321.6
2003-02-04T18:16,8.33596,-18.59986,13.054,319.6
2003-02-04T18:26,8.36329,-18.62318,12.802,318.2
2003-02-04T18:36,8.39023,-18.64647,12.78,318.8
2003-02-04T18:46,8.4176,-18.66979,13.16,319.6
2003-02-04T18:56,8.44554,-18.6929,13.084,323.5
2003-02-04T19:06,8.47436,-18.7153,13.098,321.6
2003-02-04T19:16,8.50347,-18.73707,13.162,320.5
2003-02-04T19:26,8.53248,-18.75988,13.237,322.6
2003-02-04T19:36,8.56094,-18.78272,13.473,324.9
2003-02-04T19:46,8.58829,-18.80645,13.141,320.3
2003-02-04T19:56,8.61601,-18.83005,13.353,318.7
2003-02-04T20:06,8.64389,-18.85466,13.245,318.6
2003-02-04T20:16,8.67188,-18.87895,13.329,319.9
2003-02-04T20:26,8.70007,-18.90356,13.704,319.6
2003-02-04T20:36,8.72875,-18.92812,13.722,321.0
2003-02-04T20:46,8.75738,-18.95254,13.317,321.9
2003-02-04T20:56,8.78575,-18.97712,13.116,319.3
2003-02-04T21:06,8.81359,-19.00106,13.108,320.3
2003-02-04T21:16,8.84136,-19.02448,13.216,322.6
2003-02-04T21:26,8.86939,-19.04774,13.18,321.4
2003-02-04T21:36,8.89764,-19.07096,12.998,320.9
2003-02-04T21:46,8.92581,-19.09407,13.206,322.3
2003-02-04T21:56,8.95383,-19.11715,13.295,319.9
2003-02-04T22:06,8.98217,-19.13991,12.898,319.9
2003-02-04T22:16,9.01017,-19.16299,13.046,322.6
2003-02-04T22:26,9.03831,-19.18598,12.946,320.7
2003-02-04T22:36,9.06613,-19.20893,12.969,321.1
2003-02-04T22:46,9.09394,-19.23186,12.949,321.5
2003-02-04T22:56,9.12165,-19.2548,12.928,322.9
2003-02-04T23:06,9.14948,-19.27846,13.262,320.0
2003-02-04T23:16,9.17784,-19.30264,13.234,320.1
2003-02-04T23:26,9.20634,-19.32702,13.608,321.1
2003-02-04T23:36,9.23518,-19.35121,13.4,320.7
2003-02-04T23:46,9.26433,-19.37524,13.585,320.2
2003-02-04T23:56,9.29293,-19.39892,13.546,321.1
2003-02-05T00:06,9.32206,-19.42234,13.287,321.1
2003-02-05T00:16,9.35016,-19.44537,12.781,320.4
2003-02-05T00:26,9.37795,-19.46852,12.963,318.9
2003-02-05T00:36,9.40589,-19.49173,12.996,319.9
2003-02-05T00:46,9.43413,-19.51456,12.991,321.6
2003-02-05T00:56,9.46239,-19.53703,13.181,322.8
2003-02-05T01:06,9.48978,-19.56072,13.047,318.6
2003-02-05T01:16,9.51658,-19.58473,12.665,319.4
2003-02-05T01:26,9.54357,-19.60849,12.961,319.8
2003-02-05T01:36,9.57088,-19.63212,13.025,321.2
2003-02-05T01:46,9.5983,-19.65534,12.955,318.6
2003-02-05T01:56,9.62587,-19.67901,13.032,319.5
2003-02-05T02:06,9.65388,-19.70296,12.866,319.7
2003-02-05T02:16,9.6819,-19.72679,13.132,320.0
2003-02-05T02:26,9.70979,-19.75026,12.944,321.7
2003-02-05T02:36,9.73842,-19.77349,13.248,320.5
2003-02-05T02:46,9.76681,-19.79704,13.29,319.7
2003-02-05T02:56,9.79465,-19.82044,13.0,317.8
2003-02-05T03:06,9.82177,-19.84431,12.001,319.1
2003-02-05T03:16,9.84845,-19.86786,13.163,320.2
2003-02-05T03:26,9.8752,-19.89196,12.916,318.4
2003-02-05T03:36,9.90153,-19.91687,13.239,313.3
2003-02-05T03:46,9.92886,-19.94035,13.121,318.9
2003-02-05T03:56,9.95647,-19.96354,12.499,319.1
2003-02-05T04:06,9.98419,-19.98713,13.049,321.2
2003-02-05T04:16,10.01427,-20.00334,12.448,345.6
2003-02-05T04:26,10.04854,-20.01053,12.783,348.6
2003-02-05T04:36,10.08324,-20.0177,12.754,349.2
2003-02-05T04:46,10.11827,-20.02499,12.667,347.3
2003-02-05T04:56,10.15309,-20.03192,12.936,349.1
2003-02-05T05:06,10.18796,-20.03914,12.588,348.5
2003-02-05T05:16,10.22212,-20.04622,12.529,348.8
2003-02-05T05:26,10.25616,-20.05307,12.503,348.4
2003-02-05T05:36,10.29052,-20.061,12.741,345.9
2003-02-05T05:46,10.32521,-20.06978,12.83,346.3
2003-02-05T05:56,10.36029,-20.07677,12.939,356.8
2003-02-05T06:06,10.39613,-20.0826,12.829,352.7
2003-02-05T06:16,10.43104,-20.08805,12.639,347.9
2003-02-05T06:26,10.46518,-20.0957,12.538,346.8
2003-02-05T06:36,10.50008,-20.10362,13.179,347.2
2003-02-05T06:46,10.53527,-20.11145,13.239,348.7
2003-02-05T06:56,10.57097,-20.11952,13.345,348.3
2003-02-05T07:06,10.607,-20.1274,13.699,346.6
2003-02-05T07:16,10.64294,-20.13537,13.088,346.9
2003-02-05T07:26,10.6786,-20.14362,13.523,344.4
2003-02-05T07:36,10.71456,-20.15189,13.19,347.5
2003-02-05T07:46,10.75005,-20.15931,12.966,349.4
2003-02-05T07:56,10.78505,-20.16742,12.947,347.0
2003-02-05T08:06,10.82011,-20.17467,12.63,348.1
2003-02-05T08:16,10.85538,-20.18166,13.22,349.6
2003-02-05T08:26,10.89134,-20.18798,13.528,349.2
2003-02-05T08:36,10.92732,-20.19496,13.127,347.4
2003-02-05T08:46,10.96362,-20.20233,13.396,346.9
2003-02-05T08:56,10.99938,-20.20965,13.392,347.8
2003-02-05T09:06,11.03539,-20.2163,13.613,350.8
2003-02-05T09:16,11.07115,-20.2233,12.86,343.9
2003-02-05T09:26,11.10726,-20.22934,13.232,349.4
2003-02-05T09:36,11.14343,-20.23706,11.092,349.0
2003-02-05T09:46,11.18003,-20.24462,13.637,349.2
2003-02-05T09:56,11.21669,-20.25215,13.477,349.3
2003-02-05T10:06,11.2536,-20.25936,13.348,348.3
2003-02-05T10:16,11.29007,-20.26681,13.514,350.0
2003-02-05T10:26,11.32689,-20.27381,13.411,350.9
2003-02-05T10:36,11.3639,-20.28047,13.726,350.7
2003-02-05T10:46,11.40062,-20.28706,13.531,350.6
2003-02-05T10:56,11.43729,-20.29444,13.566,347.5
2003-02-05T11:06,11.47397,-20.30369,13.784,345.6
2003-02-05T11:16,11.51033,-20.31377,13.539,346.3
2003-02-05T11:26,11.54652,-20.32283,12.041,345.6
2003-02-05T11:36,11.58239,-20.33111,13.318,348.0
2003-02-05T11:46,11.61804,-20.33911,13.042,349.7
2003-02-05T11:56,11.65388,-20.34615,10.74,351.7
2003-02-05T12:06,11.68982,-20.3539,13.276,351.0
2003-02-05T12:16,11.72624,-20.3614,13.29,349.5
2003-02-05T12:26,11.76272,-20.36933,12.048,347.7
2003-02-05T12:36,11.79936,-20.37751,13.595,347.3
2003-02-05T12:46,11.83552,-20.38522,13.377,348.1
2003-02-05T12:56,11.87186,-20.39316,13.548,345.8
2003-02-05T13:06,11.90818,-20.40072,13.135,346.4
2003-02-05T13:16,11.94376,-20.40798,13.165,349.9
2003-02-05T13:26,11.98037,-20.41473,13.436,348.3
2003-02-05T13:36,12.01602,-20.42162,12.903,351.0
2003-02-05T13:46,12.05147,-20.42808,12.973,350.9
2003-02-05T13:56,12.08739,-20.43465,13.516,348.9
2003-02-05T14:06,12.12376,-20.44193,13.351,348.2
2003-02-05T14:16,12.15999,-20.45007,13.165,348.0
2003-02-05T14:26,12.19576,-20.45842,13.185,345.5
2003-02-05T14:36,12.23146,-20.46691,12.724,347.9
2003-02-05T14:46,12.26691,-20.47484,12.436,347.1
2003-02-05T14:56,12.30246,-20.48309,13.166,346.7
2003-02-05T15:06,12.33795,-20.49183,13.299,348.4
2003-02-05T15:16,12.37299,-20.50007,12.364,348.1
2003-02-05T15:26,12.40669,-20.50775,12.426,347.2
2003-02-05T15:36,12.44052,-20.51699,12.536,347.3
2003-02-05T15:46,12.47514,-20.52587,13.19,346.2
2003-02-05T15:56,12.51083,-20.53502,13.467,345.3
2003-02-05T16:06,12.546,-20.54375,12.357,0.0
2003-02-05T16:16,12.5809,-20.55203,12.792,347.9
2003-02-05T16:26,12.61639,-20.55953,12.956,352.8
2003-02-05T16:36,12.65211,-20.56485,12.844,352.2
2003-02-05T16:46,12.68813,-20.5698,13.477,353.6
2003-02-05T16:56,12.72486,-20.57453,13.719,352.8
2003-02-05T17:06,12.76107,-20.57902,12.828,354.4
2003-02-05T17:16,12.7978,-20.58617,13.429,347.1
2003-02-05T17:26,12.83459,-20.5938,13.319,347.1
2003-02-05T17:36,12.87121,-20.60118,13.04,349.8
2003-02-05T17:46,12.90817,-20.60927,13.633,345.9
2003-02-05T17:56,12.94479,-20.61769,13.612,348.8
2003-02-05T18:06,12.98103,-20.62561,13.622,349.5
2003-02-05T18:16,13.01745,-20.63348,13.366,348.8
2003-02-05T18:26,13.05406,-20.64072,13.622,347.2
2003-02-05T18:36,13.09061,-20.64872,13.617,346.1
2003-02-05T18:46,13.12715,-20.65774,13.59,343.4
2003-02-05T18:56,13.16282,-20.66596,12.968,348.9
2003-02-05T19:06,13.19856,-20.67369,13.192,348.3
2003-02-05T19:16,13.23423,-20.68063,13.132,349.7
2003-02-05T19:26,13.26962,-20.68757,10.991,350.6
2003-02-05T19:36,13.30453,-20.69438,12.883,349.8
2003-02-05T19:46,13.34025,-20.70084,12.851,349.5
2003-02-05T19:56,13.37604,-20.7081,13.34,348.5
2003-02-05T20:06,13.41175,-20.71507,13.049,350.1
2003-02-05T20:16,13.44758,-20.72222,13.334,349.6
2003-02-05T20:26,13.48382,-20.72959,12.907,349.8
2003-02-05T20:36,13.51996,-20.73625,13.39,348.3
2003-02-05T20:46,13.55583,-20.74336,13.352,348.2
2003-02-05T20:56,13.59167,-20.75043,11.817,347.5
2003-02-05T21:06,13.62719,-20.75724,12.87,349.1
2003-02-05T21:16,13.66232,-20.76364,13.314,348.5
2003-02-05T21:26,13.69807,-20.76991,13.24,350.2
2003-02-05T21:36,13.73431,-20.77662,13.178,348.6
2003-02-05T21:46,13.77053,-20.7845,13.372,348.2
2003-02-05T21:56,13.80682,-20.79175,13.065,349.2
2003-02-05T22:06,13.84269,-20.79954,12.844,348.7
2003-02-05T22:16,13.87879,-20.80683,13.248,346.0
2003-02-05T22:26,13.91436,-20.81494,13.338,346.4
2003-02-05T22:36,13.94966,-20.82332,13.082,349.3
2003-02-05T22:46,13.98475,-20.83184,13.08,347.9
2003-02-05T22:56,14.01919,-20.83908,13.126,348.3
2003-02-05T23:06,14.05428,-20.8463,13.208,346.7
2003-02-05T23:16,14.08941,-20.85431,13.025,346.8
2003-02-05T23:26,14.12447,-20.86199,13.014,349.3
2003-02-05T23:36,14.16019,-20.86955,13.088,348.2
2003-02-05T23:46,14.19529,-20.87675,13.03,350.6
2003-02-05T23:56,14.23013,-20.88414,12.703,348.9
2003-02-06T00:06,14.26473,-20.89116,12.892,349.6
2003-02-06T00:16,14.29981,-20.89942,13.05,348.5
2003-02-06T00:26,14.33466,-20.90721,12.073,347.7
2003-02-06T00:36,14.36928,-20.91509,12.64,346.1
2003-02-06T00:46,14.40456,-20.92265,12.69,348.2
2003-02-06T00:56,14.44006,-20.93043,13.041,347.8
2003-02-06T01:06,14.47573,-20.93826,13.559,349.4
2003-02-06T01:16,14.51133,-20.94526,13.574,351.2
2003-02-06T01:26,14.54645,-20.95254,13.284,352.8
2003-02-06T01:36,14.58171,-20.95938,13.151,348.7
2003-02-06T01:46,14.61805,-20.96658,13.36,345.2
2003-02-06T01:56,14.65409,-20.97419,12.986,348.0
2003-02-06T02:06,14.68913,-20.98263,12.415,347.5
2003-02-06T02:16,14.72423,-20.99064,13.261,347.8
2003-02-06T02:26,14.75936,-20.99861,12.295,356.4
2003-02-06T02:36,14.7952,-20.99927,13.07,-0.2
2003-02-06T02:46,14.83154,-20.99918,12.317,5.0
2003-02-06T02:56,14.8673,-20.99682,12.792,3.6
2003-02-06T03:06,14.90309,-20.99527,12.967,1.7
2003-02-06T03:16,14.93906,-20.99403,12.498,2.5
2003-02-06T03:26,14.97473,-20.99273,13.244,3.3
2003-02-06T03:36,15.01089,-20.99123,12.792,358.8
2003-02-06T03:46,15.04742,-20.99138,12.577,358.6
2003-02-06T03:56,15.08327,-20.99169,12.833,-0.5
2003-02-06T04:06,15.11934,-20.99177,12.896,356.8
2003-02-06T04:16,15.1553,-20.99193,12.812,-0.9
2003-02-06T04:26,15.19078,-20.99186,12.79,0.8
2003-02-06T04:36,15.22668,-20.99121,12.845,2.6
2003-02-06T04:46,15.26254,-20.99022,13.264,0.4
2003-02-06T04:56,15.298,-20.98875,12.943,1.1
2003-02-06T05:06,15.33357,-20.98747,12.949,2.1
2003-02-06T05:16,15.36922,-20.98625,12.732,2.1
2003-02-06T05:26,15.40511,-20.98477,12.814,1.4
2003-02-06T05:36,15.44078,-20.98506,13.068,356.8
2003-02-06T05:46,15.47675,-20.98684,13.024,356.9
2003-02-06T05:56,15.51264,-20.98589,12.705,1.1
2003-02-06T06:06,15.54858,-20.9851,13.006,-0.6
2003-02-06T06:16,15.58407,-20.98452,12.877,0.8
2003-02-06T06:26,15.61938,-20.98393,12.881,1.8
2003-02-06T06:36,15.65484,-20.98361,13.028,-0.8
2003-02-06T06:46,15.69075,-20.98309,12.698,3.0
2003-02-06T06:56,15.72715,-20.98086,13.54,2.8
2003-02-06T07:06,15.76342,-20.97883,13.099,3.8
2003-02-06T07:16,15.80055,-20.97699,13.12,1.9
2003-02-06T07:26,15.83734,-20.97511,13.772,2.2
2003-02-06T07:36,15.87433,-20.9734,13.38,3.8
2003-02-06T07:46,15.9113,-20.97158,13.171,2.7
2003-02-06T07:56,15.94829,-20.96929,13.625,4.2
2003-02-06T08:06,15.9853,-20.96719,13.103,2.5
2003-02-06T08:16,16.02163,-20.96619,13.18,1.1
2003-02-06T08:26,16.05805,-20.96507,13.031,1.6
2003-02-06T08:36,16.0945,-20.96371,13.173,2.9
2003-02-06T08:46,16.13099,-20.96172,13.331,3.4
2003-02-06T08:56,16.16611,-20.95258,13.232,19.3
2003-02-06T09:06,16.20138,-20.94633,12.829,338.4
2003-02-06T09:16,16.23542,-20.95864,12.762,340.5
2003-02-06T09:26,16.27062,-20.9637,13.392,356.9
2003-02-06T09:36,16.30706,-20.96548,12.8,355.9
2003-02-06T09:46,16.34357,-20.96703,13.048,0.2
2003-02-06T09:56,16.37986,-20.9677,12.94,0.3
2003-02-06T10:06,16.41596,-20.96799,13.049,-0.7
2003-02-06T10:16,16.45232,-20.96836,13.007,1.1
2003-02-06T10:26,16.48856,-20.96775,13.17,2.6
2003-02-06T10:36,16.52469,-20.96693,13.138,1.3
2003-02-06T10:46,16.56072,-20.96591,13.141,5.0
2003-02-06T10:56,16.59674,-20.96366,13.178,0.5
2003-02-06T11:06,16.63298,-20.96355,13.041,2.7
2003-02-06T11:16,16.66907,-20.96304,13.027,0.5
2003-02-06T11:26,16.70521,-20.96289,13.083,2.5
2003-02-06T11:36,16.74129,-20.96263,13.071,0.6
2003-02-06T11:46,16.77731,-20.96258,13.095,358.6
2003-02-06T11:56,16.81314,-20.96226,12.898,-0.6
2003-02-06T12:06,16.84869,-20.96044,12.612,5.6
2003-02-06T12:16,16.88433,-20.95867,12.949,2.1
2003-02-06T12:26,16.92023,-20.95739,11.311,2.7
2003-02-06T12:36,16.9559,-20.95606,12.544,2.7
2003-02-06T12:46,16.99165,-20.95426,13.074,1.5
2003-02-06T12:56,17.02731,-20.95247,12.715,2.5
2003-02-06T13:06,17.06323,-20.95085,12.973,2.4
2003-02-06T13:16,17.09903,-20.94849,13.021,2.8
2003-02-06T13:26,17.13459,-20.94603,12.777,2.2
2003-02-06T13:36,17.16993,-20.94397,12.794,1.6
2003-02-06T13:46,17.20561,-20.94215,12.718,2.8
2003-02-06T13:56,17.24108,-20.94072,12.661,1.0
2003-02-06T14:06,17.27677,-20.94076,13.178,-0.4
2003-02-06T14:16,17.31253,-20.94129,13.114,-0.8
2003-02-06T14:26,17.34829,-20.94157,12.876,-0.3
2003-02-06T14:36,17.38461,-20.94219,13.315,358.0
2003-02-06T14:46,17.42114,-20.943,12.962,0.0
2003-02-06T14:56,17.45747,-20.94329,13.178,-0.1
2003-02-06T15:06,17.49366,-20.94382,12.8,357.6
2003-02-06T15:16,17.53,-20.94403,13.202,358.7
2003-02-06T15:26,17.56583,-20.94473,13.135,-0.4
2003-02-06T15:36,17.60172,-20.9441,12.768,-0.5
2003-02-06T15:46,17.6374,-20.94358,12.898,0.7
2003-02-06T15:56,17.67325,-20.94274,12.898,0.7
2003-02-06T16:06,17.70879,-20.94121,13.086,2.9
2003-02-06T16:16,17.74458,-20.94008,12.631,2.8
2003-02-06T16:26,17.78041,-20.93919,12.792,1.2
2003-02-06T16:36,17.81629,-20.93842,12.92,-0.9
2003-02-06T16:46,17.85213,-20.93765,12.681,0.0
2003-02-06T16:56,17.88774,-20.93642,12.856,1.0
2003-02-06T17:06,17.92361,-20.93494,13.071,0.9
2003-02-06T17:16,17.95966,-20.93401,13.03,1.4
2003-02-06T17:26,17.99547,-20.93264,12.926,2.0
2003-02-06T17:36,18.03127,-20.93183,12.856,3.5
2003-02-06T17:46,18.06713,-20.93054,12.919,0.2
2003-02-06T17:56,18.10308,-20.92966,12.921,1.1
2003-02-06T18:06,18.1389,-20.92857,12.87,2.8
2003-02-06T18:16,18.17438,-20.92761,12.69,2.2
2003-02-06T18:26,18.20866,-20.91949,12.749,18.4
2003-02-06T18:36,18.2431,-20.91969,13.351,346.1
2003-02-06T18:46,18.27796,-20.92853,12.806,348.1
2003-02-06T18:56,18.31324,-20.92882,12.705,1.1
2003-02-06T19:06,18.34892,-20.92899,12.964,1.0
2003-02-06T19:16,18.38447,-20.92827,12.472,2.0
2003-02-06T19:26,18.41937,-20.92716,12.198,2.8
2003-02-06T19:36,18.45422,-20.92613,12.371,4.4
2003-02-06T19:46,18.48915,-20.92453,12.355,3.2
2003-02-06T19:56,18.52352,-20.92359,12.456,2.6
2003-02-06T20:06,18.55839,-20.92269,12.771,1.4
2003-02-06T20:16,18.59343,-20.92138,12.817,1.8
2003-02-06T20:26,18.62847,-20.92042,12.591,3.1
2003-02-06T20:36,18.66377,-20.91854,12.489,4.9
2003-02-06T20:47,18.69949,-20.91734,13.028,-0.8
2003-02-06T20:57,18.73505,-20.91736,12.014,358.8
2003-02-06T21:07,18.77073,-20.91794,12.964,-1.0
2003-02-06T21:17,18.80607,-20.91818,12.518,2.3
2003-02-06T21:27,18.84118,-20.9184,12.964,-1.0
2003-02-06T21:37,18.87723,-20.91868,12.768,0.6
2003-02-06T21:47,18.91291,-20.91867,12.897,-0.4
2003-02-06T21:57,18.94826,-20.91779,12.533,1.4
2003-02-06T22:07,18.98371,-20.91603,14.238,3.3
2003-02-06T22:17,19.01896,-20.91427,12.342,3.9
2003-02-06T22:27,19.05465,-20.91207,13.135,0.1
2003-02-06T22:37,19.091,-20.91169,13.061,2.5
2003-02-06T22:47,19.12746,-20.91156,13.098,358.1
2003-02-06T22:57,19.16416,-20.91204,13.286,0.1
2003-02-06T23:07,19.20047,-20.91143,12.662,1.1
2003-02-06T23:17,19.23621,-20.90996,12.937,3.1
2003-02-06T23:27,19.27213,-20.90813,12.899,3.4
2003-02-06T23:37,19.30791,-20.90667,12.881,1.7
2003-02-06T23:47,19.34306,-20.90512,12.708,1.7
2003-02-06T23:57,19.37793,-20.90381,12.562,4.1
2003-02-07T00:07,19.41378,-20.90159,13.098,1.8
2003-02-07T00:17,19.4498,-20.89998,13.108,4.4
2003-02-07T00:27,19.48548,-20.89782,12.957,5.5
2003-02-07T00:37,19.52151,-20.89581,13.427,2.3
2003-02-07T00:47,19.55806,-20.89529,13.194,355.7
2003-02-07T00:57,19.59449,-20.89708,13.376,358.6
2003-02-07T01:07,19.63092,-20.8983,13.157,356.6
2003-02-07T01:17,19.66741,-20.89931,13.395,-0.9
2003-02-07T01:27,19.70387,-20.90062,13.136,356.6
2003-02-07T01:37,19.74019,-20.90159,12.049,355.5
2003-02-07T01:47,19.77678,-20.90235,12.78,357.4
2003-02-07T01:57,19.81268,-20.90154,12.528,4.7
2003-02-07T02:07,19.84857,-20.90014,12.941,0.5
2003-02-07T02:17,19.88431,-20.89902,12.849,2.9
2003-02-07T02:27,19.91958,-20.89765,12.853,3.3
2003-02-07T02:37,19.9547,-20.89587,13.038,5.3
2003-02-07T02:47,19.98974,-20.89487,12.814,1.3
2003-02-07T02:57,20.02557,-20.89357,13.089,3.1
2003-02-07T03:07,20.06112,-20.89233,12.534,1.5
2003-02-07T03:17,20.09592,-20.8911,11.335,4.6
2003-02-07T03:27,20.13091,-20.88971,12.605,2.3
2003-02-07T03:37,20.16597,-20.88789,13.232,4.0
2003-02-07T03:47,20.20135,-20.88548,12.821,2.4
2003-02-07T03:57,20.2377,-20.88392,12.924,358.3
2003-02-07T04:07,20.27434,-20.88416,13.363,354.8
2003-02-07T04:17,20.30989,-20.8853,12.746,0.4
2003-02-07T04:27,20.34535,-20.88483,12.835,1.3
2003-02-07T04:37,20.381,-20.88452,12.984,0.4
2003-02-07T04:47,20.41676,-20.88429,12.792,1.4
2003-02-07T04:57,20.45231,-20.8833,12.832,0.2
2003-02-07T05:07,20.48774,-20.88205,12.784,2.9
2003-02-07T05:17,20.52302,-20.87967,12.843,2.3
2003-02-07T05:27,20.55861,-20.87775,11.414,4.1
2003-02-07T05:37,20.59413,-20.8775,12.881,358.3
2003-02-07T05:47,20.62942,-20.87885,12.458,355.6
2003-02-07T05:57,20.66512,-20.88057,12.944,1.3
2003-02-07T06:07,20.70047,-20.8806,12.749,1.3
2003-02-07T06:17,20.73588,-20.88038,12.749,1.3
2003-02-07T06:27,20.77154,-20.87893,12.754,3.9
2003-02-07T06:37,20.8064,-20.87633,12.595,3.4
2003-02-07T06:47,20.84163,-20.87386,12.83,3.2
2003-02-07T06:57,20.87676,-20.87241,12.39,357.6
2003-02-07T07:07,20.91151,-20.87395,12.617,0.8
2003-02-07T07:17,20.94657,-20.8748,12.595,0.6
2003-02-07T07:27,20.98191,-20.87488,12.82,2.2
2003-02-07T07:37,21.01747,-20.8745,12.724,0.4
2003-02-07T07:47,21.05241,-20.87393,12.667,2.0
2003-02-07T07:57,21.07757,-20.86818,3.294,75.2
2003-02-07T08:07,21.07668,-20.86486,1.676,139.5
2003-02-07T08:17,21.0726,-20.86439,0.841,161.8
2003-02-07T08:27,21.07172,-20.8625,0.657,124.0
2003-02-07T08:37,21.07098,-20.86235,0.262,188.8
2003-02-07T08:47,21.07044,-20.8633,0.397,191.7
2003-02-07T08:57,21.06982,-20.86311,0.486,12.0
2003-02-07T09:07,21.06973,-20.8635,0.282,175.9
2003-02-07T09:17,21.0684,-20.86335,1.206,125.0
2003-02-07T09:27,21.06908,-20.86371,0.652,343.8
2003-02-07T09:37,21.06966,-20.86415,0.394,171.2
2003-02-07T09:47,21.06795,-20.86366,0.449,164.4
2003-02-07T09:57,21.0684,-20.86302,1.148,55.6
2003-02-07T10:07,21.06744,-20.86184,0.914,151.0
2003-02-07T10:17,21.06583,-20.86162,1.535,182.3
2003-02-07T10:27,21.08854,-20.86577,12.208,359.0
2003-02-07T10:37,21.123,-20.86749,12.297,358.4
2003-02-07T10:47,21.15748,-20.86633,12.79,0.9
2003-02-07T10:57,21.19239,-20.86598,12.617,-0.6
2003-02-07T11:07,21.22687,-20.86579,12.357,0.5
2003-02-07T11:17,21.2614,-20.86632,12.812,-1.0
2003-02-07T11:27,21.29667,-20.86732,12.79,0.8
2003-02-07T11:37,21.33173,-20.86922,12.71,350.3
2003-02-07T11:47,21.36743,-20.86625,12.932,5.4
2003-02-07T11:57,21.4031,-20.86426,12.71,1.9
2003-02-07T12:07,21.43872,-20.86233,12.84,2.1
2003-02-07T12:17,21.47408,-20.86028,12.578,3.8
2003-02-07T12:27,21.50946,-20.85837,12.66,-0.6
2003-02-07T12:37,21.54451,-20.85729,12.624,2.0
2003-02-07T12:47,21.58008,-20.8569,12.876,0.5
2003-02-07T12:57,21.61579,-20.85673,13.223,1.0
2003-02-07T13:07,21.65145,-20.85627,12.897,0.2
2003-02-07T13:17,21.68748,-20.85592,13.2,-0.3
2003-02-07T13:27,21.72358,-20.85593,12.638,-0.2
2003-02-07T13:37,21.75894,-20.85586,12.812,-0.8
2003-02-07T13:47,21.79479,-20.8557,12.94,-0.4
2003-02-07T13:57,21.8301,-20.85633,12.499,357.4
2003-02-07T14:07,21.86472,-20.85643,12.27,0.1
2003-02-07T14:17,21.89903,-20.85642,12.467,359.0
2003-02-07T14:27,21.93404,-20.85661,12.616,-0.5
2003-02-07T14:37,21.96928,-20.85708,12.214,357.9
2003-02-07T14:47,22.00506,-20.85675,13.053,358.4
2003-02-07T14:57,22.04086,-20.85613,13.161,358.5
2003-02-07T15:07,22.07689,-20.85547,13.011,1.8
2003-02-07T15:17,22.11268,-20.85477,12.811,0.4
2003-02-07T15:27,22.14836,-20.85384,13.178,-0.4
2003-02-07T15:37,22.18427,-20.85215,13.028,0.9
2003-02-07T15:47,22.21995,-20.8503,12.85,4.5
2003-02-07T15:57,22.25646,-20.84823,13.48,0.3
2003-02-07T16:07,22.29335,-20.84675,13.341,2.4
2003-02-07T16:17,22.32988,-20.84549,13.213,2.6
2003-02-07T16:27,22.36585,-20.84438,12.904,358.1
2003-02-07T16:37,22.40197,-20.84472,12.772,358.5
2003-02-07T16:47,22.4381,-20.84539,13.03,358.6
2003-02-07T16:57,22.47349,-20.84556,13.459,-0.1
2003-02-07T17:07,22.5086,-20.84391,12.474,5.2
2003-02-07T17:17,22.54369,-20.84182,12.806,5.5
2003-02-07T17:27,22.57851,-20.8395,12.471,1.8
2003-02-07T17:37,22.61357,-20.83704,12.728,5.9
2003-02-07T17:47,22.64867,-20.83473,12.53,0.5
2003-02-07T17:57,22.68378,-20.83496,12.682,-0.8
2003-02-07T18:07,22.71863,-20.83588,12.142,-0.7
2003-02-07T18:17,22.75323,-20.83533,12.393,2.8
2003-02-07T18:27,22.78749,-20.83435,12.299,1.9
2003-02-07T18:37,22.82225,-20.83283,12.546,2.9
2003-02-07T18:47,22.85504,-20.82283,12.582,20.1
2003-02-07T18:57,22.88623,-20.807,12.6,26.0
2003-02-07T19:07,22.91676,-20.79043,12.133,30.9
2003-02-07T19:17,22.947,-20.77383,12.402,25.8
2003-02-07T19:27,22.97696,-20.75692,12.392,30.2
2003-02-07T19:37,23.00774,-20.74203,12.081,18.9
2003-02-07T19:47,23.03898,-20.72846,12.027,22.9
2003-02-07T19:57,23.06996,-20.71323,12.386,23.5
2003-02-07T20:07,23.10053,-20.69765,12.261,26.3
2003-02-07T20:17,23.13077,-20.68106,12.068,24.8
2003-02-07T20:27,23.1618,-20.66488,12.215,25.1
2003-02-07T20:37,23.19217,-20.64877,12.015,29.7
2003-02-07T20:47,23.22214,-20.63252,12.506,26.3
2003-02-07T20:57,23.25207,-20.61585,12.05,27.9
2003-02-07T21:08,23.28335,-20.59901,12.345,25.2
2003-02-07T21:18,23.31323,-20.58268,12.166,22.8
2003-02-07T21:28,23.34425,-20.56759,9.498,27.2
2003-02-07T21:38,23.37535,-20.55233,12.085,23.5
2003-02-07T21:48,23.4068,-20.53676,12.23,26.0
2003-02-07T21:58,23.43863,-20.52159,12.329,23.6
2003-02-07T22:08,23.46995,-20.50528,12.505,25.8
2003-02-07T22:18,23.50173,-20.48949,12.71,24.6
2003-02-07T22:28,23.53375,-20.47429,12.626,21.4
2003-02-07T22:38,23.56634,-20.45902,12.816,22.5
2003-02-07T22:48,23.59883,-20.44387,12.249,20.5
2003-02-07T22:58,23.63067,-20.42852,12.99,21.4
2003-02-07T23:08,23.66271,-20.4132,12.706,23.6
2003-02-07T23:18,23.69504,-20.39696,7.235,22.7
2003-02-07T23:28,23.72732,-20.37974,13.165,26.8
2003-02-07T23:38,23.75877,-20.36226,12.715,27.3
2003-02-07T23:48,23.78972,-20.34425,12.256,28.4
2003-02-07T23:58,23.821,-20.32702,12.876,25.9
2003-02-08T00:08,23.85255,-20.30994,12.534,25.2
2003-02-08T00:18,23.8843,-20.2936,12.785,26.4
2003-02-08T00:28,23.91671,-20.27695,13.059,22.9
2003-02-08T00:38,23.94933,-20.26059,13.081,23.6
2003-02-08T00:48,23.98176,-20.24472,12.761,25.8
2003-02-08T00:58,24.01412,-20.22856,12.86,25.3
2003-02-08T01:08,24.04631,-20.2119,12.88,24.6
2003-02-08T01:18,24.07845,-20.19508,13.154,22.4
2003-02-08T01:28,24.11108,-20.17829,13.182,24.1
2003-02-08T01:38,24.14378,-20.16146,13.024,26.6
2003-02-08T01:48,24.17616,-20.14377,13.405,24.9
2003-02-08T01:58,24.20855,-20.1262,13.086,30.5
2003-02-08T02:08,24.24095,-20.10802,13.169,25.3
2003-02-08T02:18,24.27403,-20.09173,12.848,27.0
2003-02-08T02:28,24.30659,-20.07513,12.822,25.7
2003-02-08T02:38,24.33872,-20.05739,12.91,27.5
2003-02-08T02:48,24.37102,-20.04048,14.827,18.7
2003-02-08T02:58,24.40414,-20.02501,13.132,19.8
2003-02-08T03:08,24.43708,-20.00969,13.003,20.2
2003-02-08T03:18,24.47018,-19.99358,13.053,25.1
2003-02-08T03:28,24.50287,-19.97688,12.88,24.6
2003-02-08T03:38,24.53557,-19.96032,12.926,21.7
2003-02-08T03:48,24.5685,-19.9443,13.514,21.8
2003-02-08T03:58,24.60157,-19.92845,13.206,22.9
2003-02-08T04:08,24.63475,-19.91242,13.065,21.4
2003-02-08T04:18,24.6676,-19.89579,12.759,25.5
2003-02-08T04:28,24.69954,-19.8773,12.121,22.9
2003-02-08T04:38,24.73171,-19.85882,13.031,26.5
2003-02-08T04:48,24.76425,-19.84165,13.126,25.6
2003-02-08T04:58,24.79716,-19.82509,12.796,20.5
2003-02-08T05:08,24.83051,-19.8091,13.04,24.3
2003-02-08T05:18,24.86365,-19.79254,13.297,22.9
2003-02-08T05:28,24.89692,-19.77615,13.085,29.9
2003-02-08T05:38,24.92981,-19.75896,13.079,22.1
2003-02-08T05:48,24.96358,-19.74365,12.931,23.0
2003-02-08T05:58,24.99691,-19.72746,13.386,26.4
2003-02-08T06:08,25.02991,-19.70948,13.429,26.8
2003-02-08T06:18,25.06304,-19.69102,13.298,25.6
2003-02-08T06:28,25.09584,-19.67271,13.176,27.5
2003-02-08T06:38,25.12887,-19.65406,13.448,26.5
2003-02-08T06:48,25.16187,-19.63574,13.223,27.3
2003-02-08T06:58,25.19539,-19.6184,13.312,28.4
2003-02-08T07:08,25.22872,-19.60102,13.532,25.6
2003-02-08T07:18,25.26171,-19.58342,13.406,25.7
2003-02-08T07:28,25.29509,-19.56543,13.099,24.7
2003-02-08T07:38,25.32787,-19.54765,12.874,28.4
2003-02-08T07:48,25.35993,-19.52936,12.977,29.7
2003-02-08T07:58,25.39153,-19.51069,13.262,27.8
2003-02-08T08:08,25.42346,-19.49229,12.892,28.0
2003-02-08T08:18,25.45607,-19.47569,12.613,27.0
2003-02-08T08:28,25.48802,-19.45958,13.012,23.6
2003-02-08T08:38,25.52003,-19.44315,12.7,24.5
2003-02-08T08:48,25.55233,-19.42709,12.73,26.4
2003-02-08T08:58,25.58504,-19.41087,13.034,23.3
2003-02-08T09:08,25.61855,-19.39656,12.948,20.6
2003-02-08T09:18,25.6525,-19.38363,13.14,19.0
2003-02-08T09:28,25.6856,-19.36903,12.847,22.4
2003-02-08T09:38,25.71865,-19.35471,12.757,22.9
2003-02-08T09:48,25.73302,-19.35251,1.983,345.8
2003-02-08T09:58,25.75829,-19.33559,12.864,35.3
2003-02-08T10:08,25.78663,-19.31108,13.184,39.9
2003-02-08T10:18,25.81474,-19.28594,12.988,40.5
2003-02-08T10:28,25.84536,-19.26672,12.857,17.7
2003-02-08T10:38,25.88015,-19.25599,13.079,13.0
2003-02-08T10:48,25.91443,-19.24475,12.766,28.0
2003-02-08T10:58,25.94731,-19.22854,12.992,23.6
2003-02-08T11:08,25.97979,-19.21304,12.268,20.5
2003-02-08T11:18,26.01183,-19.19727,12.617,24.8
2003-02-08T11:28,26.04349,-19.17966,13.039,27.6
2003-02-08T11:38,26.0752,-19.16165,12.807,29.3
2003-02-08T11:48,26.10676,-19.14373,12.807,26.0
2003-02-08T11:58,26.13885,-19.12702,12.985,24.7
2003-02-08T12:08,26.17097,-19.11053,12.767,26.9
2003-02-08T12:18,26.20336,-19.09399,12.786,23.7
2003-02-08T12:28,26.23541,-19.07732,12.982,23.8
2003-02-08T12:38,26.26759,-19.06051,12.856,23.9
2003-02-08T12:48,26.29974,-19.04378,12.477,24.9
2003-02-08T12:58,26.3316,-19.02744,12.559,24.5
2003-02-08T13:08,26.36335,-19.01157,12.605,24.0
2003-02-08T13:18,26.39538,-18.99568,12.863,22.3
2003-02-08T13:28,26.42756,-18.97968,12.438,24.2
2003-02-08T13:38,26.45934,-18.96355,12.481,24.4
2003-02-08T13:48,26.49143,-18.94663,12.938,23.8
2003-02-08T13:58,26.52354,-18.92945,13.085,25.0
2003-02-08T14:08,26.55603,-18.91162,13.115,29.4
2003-02-08T14:18,26.58778,-18.89377,12.695,26.5
2003-02-08T14:28,26.62014,-18.87587,12.905,26.2
2003-02-08T14:38,26.65207,-18.85792,12.58,24.5
2003-02-08T14:48,26.68476,-18.83982,13.064,25.5
2003-02-08T14:58,26.71745,-18.82138,13.103,26.0
2003-02-08T15:08,26.7499,-18.80284,13.016,28.6
2003-02-08T15:18,26.78227,-18.7846,12.984,24.0
2003-02-08T15:28,26.81578,-18.76991,13.001,21.5
2003-02-08T15:38,26.84933,-18.75478,12.945,22.4
2003-02-08T15:48,26.88259,-18.73947,13.042,21.7
2003-02-08T15:58,26.91625,-18.72467,12.938,23.8
2003-02-08T16:08,26.94908,-18.70944,12.693,23.7
2003-02-08T16:18,26.98168,-18.69263,13.715,25.1
2003-02-08T16:28,27.01381,-18.67421,12.976,25.8
2003-02-08T16:38,27.04593,-18.65553,13.349,24.3
2003-02-08T16:48,27.07765,-18.63708,12.675,25.6
2003-02-08T16:58,27.10969,-18.61876,13.083,25.4
2003-02-08T17:08,27.1431,-18.60313,13.138,21.5
2003-02-08T17:18,27.1767,-18.58732,12.935,23.3
2003-02-08T17:28,27.21054,-18.5712,13.382,24.0
2003-02-08T17:38,27.24411,-18.55478,12.788,25.3
2003-02-08T17:48,27.27621,-18.53599,13.122,26.4
2003-02-08T17:58,27.30787,-18.51606,13.028,29.7
2003-02-08T18:08,27.33946,-18.49609,13.033,27.7
2003-02-08T18:18,27.3718,-18.47756,12.971,28.6
2003-02-08T18:28,27.40449,-18.45937,13.853,32.3
2003-02-08T18:38,27.43729,-18.44224,13.106,23.8
2003-02-08T18:48,27.47015,-18.42535,12.96,23.5
2003-02-08T18:58,27.50294,-18.40918,12.749,24.5
2003-02-08T19:08,27.53547,-18.39334,12.547,22.9
2003-02-08T19:18,27.56753,-18.37868,12.53,20.6
2003-02-08T19:28,27.59979,-18.36422,12.452,21.8
2003-02-08T19:38,27.63142,-18.34813,12.388,24.5
2003-02-08T19:48,27.66234,-18.3319,12.341,24.0
2003-02-08T19:58,27.69282,-18.31586,11.862,28.6
2003-02-08T20:08,27.72298,-18.29781,12.436,26.1
2003-02-08T20:18,27.75367,-18.27936,7.732,30.6
2003-02-08T20:28,27.78306,-18.26205,12.148,27.5
2003-02-08T20:38,27.81174,-18.24396,11.786,30.9
2003-02-08T20:48,27.83838,-18.2234,11.737,30.7
2003-02-08T20:58,27.86469,-18.20277,11.7,36.9
2003-02-08T21:08,27.89067,-18.18202,11.558,35.8
2003-02-08T21:18,27.9163,-18.16076,11.445,37.0
2003-02-08T21:28,27.94137,-18.13843,11.767,37.7
2003-02-08T21:38,27.96668,-18.11596,11.233,35.8
2003-02-08T21:48,27.99205,-18.09332,11.909,40.7
2003-02-08T21:58,28.01764,-18.06975,11.761,38.5
2003-02-08T22:08,28.04299,-18.04574,12.069,39.2
2003-02-08T22:18,28.06802,-18.02217,11.361,38.3
2003-02-08T22:28,28.09302,-17.99887,11.596,39.9
2003-02-08T22:38,28.11794,-17.97548,11.56,36.2
2003-02-08T22:48,28.14296,-17.95182,11.598,39.7
2003-02-08T22:58,28.16758,-17.92866,11.356,39.1
2003-02-08T23:08,28.19304,-17.90686,11.318,35.6
2003-02-08T23:18,28.21883,-17.88619,11.118,37.6
2003-02-08T23:28,28.24453,-17.86639,11.163,33.9
2003-02-08T23:38,28.27074,-17.84633,11.409,31.4
2003-02-08T23:48,28.29752,-17.82638,11.586,33.9
2003-02-08T23:58,28.32416,-17.80624,11.584,32.4
2003-02-09T00:08,28.35062,-17.78534,11.646,36.9
2003-02-09T00:18,28.3771,-17.76401,11.773,34.0
2003-02-09T00:28,28.40294,-17.74164,11.71,36.1
2003-02-09T00:38,28.432,-17.72457,11.935,22.1
2003-02-09T00:48,28.46254,-17.70881,12.145,23.9
2003-02-09T00:58,28.49314,-17.69236,12.166,25.8
2003-02-09T01:08,28.52392,-17.6758,12.31,25.6
2003-02-09T01:18,28.55489,-17.65926,12.277,26.6
2003-02-09T01:28,28.58574,-17.64258,12.262,26.3
2003-02-09T01:38,28.61641,-17.62583,12.38,25.8
2003-02-09T01:48,28.64722,-17.60924,12.355,25.5
2003-02-09T01:58,28.6785,-17.59287,12.683,24.1
2003-02-09T02:08,28.7102,-17.57615,12.661,23.4
2003-02-09T02:18,28.74189,-17.55965,12.569,25.5
2003-02-09T02:28,28.77387,-17.54297,10.552,25.7
2003-02-09T02:38,28.80609,-17.52677,12.586,24.1
2003-02-09T02:48,28.83791,-17.51077,12.573,24.6
2003-02-09T02:58,28.86979,-17.49448,12.64,23.6
2003-02-09T03:08,28.902,-17.47858,12.709,23.1
2003-02-09T03:18,28.93434,-17.46292,12.964,22.1
2003-02-09T03:28,28.96653,-17.44647,13.911,27.3
2003-02-09T03:38,28.99793,-17.43001,12.684,26.2
2003-02-09T03:48,29.02995,-17.4129,12.62,23.2
2003-02-09T03:58,29.06168,-17.39543,12.509,27.4
2003-02-09T04:08,29.09334,-17.37744,12.502,26.3
2003-02-09T04:18,29.12531,-17.35966,12.826,26.6
2003-02-09T04:28,29.15693,-17.34278,12.276,25.0
2003-02-09T04:38,29.18788,-17.32604,11.304,30.3
2003-02-09T04:48,29.21872,-17.30926,12.243,25.2
2003-02-09T04:58,29.24946,-17.29269,12.242,24.2
2003-02-09T05:08,29.28016,-17.2768,12.333,23.9
2003-02-09T05:18,29.31138,-17.26198,11.966,21.0
2003-02-09T05:28,29.34305,-17.24789,12.043,23.3
2003-02-09T05:38,29.37464,-17.23351,12.345,22.2
2003-02-09T05:48,29.40557,-17.21791,12.085,22.7
2003-02-09T05:58,29.43622,-17.20199,11.952,24.9
2003-02-09T06:08,29.4671,-17.18591,12.338,23.4
2003-02-09T06:18,29.4979,-17.16973,12.147,24.9
2003-02-09T06:28,29.52896,-17.15333,12.421,21.8
2003-02-09T06:38,29.56053,-17.13766,12.402,23.9
2003-02-09T06:48,29.59179,-17.12178,12.651,24.5
2003-02-09T06:58,29.62275,-17.10547,12.026,25.1
2003-02-09T07:08,29.65377,-17.08936,12.209,22.8
2003-02-09T07:18,29.68489,-17.07348,12.278,25.7
2003-02-09T07:28,29.71603,-17.0576,12.367,24.0
2003-02-09T07:38,29.74721,-17.04159,12.435,23.5
2003-02-09T07:48,29.77834,-17.02571,12.137,24.6
2003-02-09T07:58,29.8097,-17.00987,12.32,24.7
2003-02-09T08:08,29.84073,-16.99354,12.25,22.2
2003-02-09T08:18,29.87131,-16.9762,12.373,25.9
2003-02-09T08:28,29.9021,-16.95842,12.354,25.3
2003-02-09T08:38,29.93236,-16.94078,11.712,27.9
2003-02-09T08:48,29.96318,-16.9249,12.121,23.4
2003-02-09T08:58,29.99427,-16.90984,12.207,23.3
2003-02-09T09:08,30.02541,-16.89472,12.32,24.5
2003-02-09T09:18,30.05689,-16.87955,12.338,26.1
2003-02-09T09:28,30.08862,-16.86448,12.31,24.9
2003-02-09T09:38,30.12024,-16.8492,12.453,22.1
2003-02-09T09:48,30.15016,-16.8352,6.342,5.9
2003-02-09T09:58,30.16319,-16.83362,9.613,30.6
2003-02-09T10:08,30.19315,-16.81561,12.566,27.9
2003-02-09T10:18,30.22456,-16.79708,12.76,27.1
2003-02-09T10:28,30.25585,-16.77834,12.433,30.1
2003-02-09T10:38,30.28742,-16.75982,12.945,24.8
2003-02-09T10:48,30.31874,-16.74127,12.757,26.4
2003-02-09T10:58,30.35022,-16.72312,12.902,24.1
2003-02-09T11:08,30.38218,-16.7055,11.0,26.7
2003-02-09T11:18,30.41452,-16.68894,12.76,26.0
2003-02-09T11:28,30.44696,-16.67248,12.691,24.6
2003-02-09T11:38,30.47955,-16.65615,12.773,22.8
2003-02-09T11:48,30.51214,-16.6397,12.742,23.2
2003-02-09T11:58,30.54522,-16.62393,12.818,25.2
2003-02-09T12:08,30.57768,-16.60766,12.73,19.6
2003-02-09T12:18,30.6099,-16.59211,12.331,22.3
2003-02-09T12:28,30.64207,-16.57616,12.785,21.7
2003-02-09T12:38,30.67428,-16.56056,12.24,21.6
2003-02-09T12:48,30.70611,-16.54563,12.77,21.5
2003-02-09T12:58,30.73788,-16.53086,12.273,21.1
2003-02-09T13:08,30.76876,-16.51375,12.347,22.0
2003-02-09T13:18,30.79952,-16.49685,12.374,24.1
2003-02-09T13:28,30.82646,-16.48175,5.575,26.5
2003-02-09T13:38,30.83813,-16.47565,4.592,20.6
2003-02-09T13:48,30.85689,-16.46493,12.114,27.1
2003-02-09T13:58,30.88733,-16.44792,12.008,26.6
2003-02-09T14:08,30.91766,-16.431,11.902,26.7
2003-02-09T14:18,30.94821,-16.41452,12.19,24.6
2003-02-09T14:28,30.97912,-16.39834,12.236,25.1
2003-02-09T14:38,31.00983,-16.38189,12.016,23.5
2003-02-09T14:48,31.04052,-16.36554,12.133,25.5
2003-02-09T14:58,31.0714,-16.34907,12.191,25.3
2003-02-09T15:08,31.10218,-16.33235,12.316,23.5
2003-02-09T15:18,31.13297,-16.31607,12.279,25.0
2003-02-09T15:28,31.16298,-16.29895,11.848,24.5
2003-02-09T15:38,31.19323,-16.28234,11.94,26.2
2003-02-09T15:48,31.22334,-16.26548,11.898,27.2
2003-02-09T15:58,31.25314,-16.24825,12.112,27.1
2003-02-09T16:08,31.28344,-16.23176,12.3,24.3
2003-02-09T16:18,31.31483,-16.21684,12.357,21.8
2003-02-09T16:28,31.34641,-16.20212,12.392,22.5
2003-02-09T16:38,31.37707,-16.18605,12.419,24.3
2003-02-09T16:48,31.40809,-16.16991,12.308,25.1
2003-02-09T16:58,31.43891,-16.15368,12.656,25.9
2003-02-09T17:08,31.46985,-16.13763,12.245,22.9
2003-02-09T17:18,31.50056,-16.12137,12.19,22.9
2003-02-09T17:28,31.53121,-16.1053,12.039,25.3
2003-02-09T17:38,31.56197,-16.08927,12.113,23.6
2003-02-09T17:48,31.59311,-16.07271,12.598,24.4
2003-02-09T17:58,31.62421,-16.05531,12.272,25.7
2003-02-09T18:08,31.6547,-16.03748,12.218,27.4
2003-02-09T18:18,31.6852,-16.02047,12.054,26.3
2003-02-09T18:28,31.7159,-16.00341,12.297,25.2
2003-02-09T18:38,31.74662,-15.98636,11.991,25.5
2003-02-09T18:48,31.77768,-15.96994,12.557,21.4
2003-02-09T18:58,31.80926,-15.95436,12.244,23.7
2003-02-09T19:08,31.84061,-15.93772,12.224,24.5
2003-02-09T19:18,31.87216,-15.92102,10.592,22.2
2003-02-09T19:28,31.90356,-15.90414,12.397,26.6
2003-02-09T19:38,31.93512,-15.88759,12.414,22.2
2003-02-09T19:48,31.96646,-15.87107,12.12,23.6
2003-02-09T19:58,31.99788,-15.85454,12.495,24.3
2003-02-09T20:08,32.02961,-15.83802,12.521,23.6
2003-02-09T20:18,32.0611,-15.82092,12.399,23.6
2003-02-09T20:28,32.09232,-15.80352,12.257,26.9
2003-02-09T20:38,32.12351,-15.78635,12.229,26.9
2003-02-09T20:48,32.15504,-15.77038,12.316,22.2
2003-02-09T20:58,32.18655,-15.75411,12.547,25.1
2003-02-09T21:08,32.2178,-15.73708,12.28,25.3
2003-02-09T21:18,32.2491,-15.71992,12.442,22.3
2003-02-09T21:28,32.2804,-15.70276,12.37,24.5
2003-02-09T21:38,32.31181,-15.68531,12.386,28.0
2003-02-09T21:48,32.34338,-15.6671,12.447,28.4
2003-02-09T21:58,32.37476,-15.64869,12.449,25.1
2003-02-09T22:08,32.407,-15.63187,12.52,22.6
2003-02-09T22:18,32.43948,-15.61576,12.436,24.7
2003-02-09T22:28,32.47129,-15.59855,12.79,25.6
2003-02-09T22:38,32.50287,-15.58069,11.981,21.8
2003-02-09T22:48,32.535,-15.56466,12.694,25.1
2003-02-09T22:58,32.56699,-15.54813,12.872,22.6
2003-02-09T23:08,32.599,-15.53164,12.718,23.7
2003-02-09T23:18,32.63091,-15.51516,12.072,27.0
2003-02-09T23:28,32.6625,-15.49847,12.459,24.2
2003-02-09T23:38,32.69401,-15.48253,12.132,21.1
2003-02-09T23:48,32.72527,-15.46689,12.253,22.5
2003-02-09T23:58,32.75591,-15.45074,11.99,25.0
2003-02-10T00:08,32.78628,-15.43443,12.09,22.0
2003-02-10T00:18,32.81716,-15.41876,10.405,19.1
2003-02-10T00:28,32.84823,-15.40283,12.588,19.3
2003-02-10T00:38,32.87949,-15.38605,12.339,26.1
2003-02-10T00:48,32.91081,-15.3688,12.442,25.5
2003-02-10T00:58,32.94203,-15.35135,12.466,24.8
2003-02-10T01:08,32.97278,-15.33402,12.291,23.2
2003-02-10T01:18,33.00374,-15.31695,11.972,25.1
2003-02-10T01:28,33.03478,-15.30058,12.275,23.0
2003-02-10T01:38,33.06578,-15.28442,11.917,27.1
2003-02-10T01:48,33.09674,-15.26696,12.394,27.5
2003-02-10T01:58,33.12818,-15.24938,12.533,27.4
2003-02-10T02:08,33.15952,-15.23207,12.766,24.4
2003-02-10T02:18,33.1909,-15.21459,12.166,24.1
2003-02-10T02:28,33.22245,-15.19819,12.493,23.1
2003-02-10T02:38,33.25397,-15.18148,11.061,24.2
2003-02-10T02:48,33.2856,-15.1647,12.509,22.5
2003-02-10T02:58,33.31705,-15.14793,12.293,26.3
2003-02-10T03:08,33.34837,-15.13071,12.09,27.4
2003-02-10T03:18,33.37929,-15.11302,12.211,24.3
2003-02-10T03:28,33.41079,-15.09669,12.235,25.8
2003-02-10T03:38,33.44256,-15.08011,12.34,23.0
2003-02-10T03:48,33.47431,-15.06382,12.44,24.0
2003-02-10T03:58,33.50604,-15.04704,12.678,21.8
2003-02-10T04:08,33.53805,-15.03061,12.684,22.4
2003-02-10T04:18,33.56978,-15.01422,12.52,24.8
2003-02-10T04:28,33.60089,-14.99612,12.409,25.6
2003-02-10T04:39,33.63149,-14.97582,12.494,32.1
2003-02-10T04:49,33.66241,-14.95628,12.435,27.8
2003-02-10T04:59,33.69381,-14.93896,12.38,22.4
2003-02-10T05:09,33.72567,-14.92342,12.402,18.9
2003-02-10T05:19,33.75748,-14.90766,12.229,18.8
2003-02-10T05:29,33.78947,-14.89203,12.33,25.1
2003-02-10T05:39,33.82146,-14.87534,12.589,27.1
2003-02-10T05:49,33.85365,-14.8585,12.718,22.5
2003-02-10T05:59,33.88575,-14.84166,12.778,22.6
2003-02-10T06:09,33.91731,-14.82328,12.708,25.5
2003-02-10T06:19,33.94843,-14.80436,12.415,26.1
2003-02-10T06:29,33.97951,-14.78514,10.511,25.5
2003-02-10T06:39,34.00681,-14.76846,10.206,27.3
2003-02-10T06:49,34.03418,-14.75212,10.705,26.6
2003-02-10T06:59,34.06198,-14.7366,11.186,27.3
2003-02-10T07:09,34.09015,-14.72155,11.343,23.9
2003-02-10T07:19,34.11836,-14.7069,10.564,23.3
2003-02-10T07:29,34.14677,-14.69194,11.177,24.2
2003-02-10T07:39,34.17531,-14.67686,11.052,25.2
2003-02-10T07:49,34.20403,-14.66156,11.328,24.0
2003-02-10T07:59,34.23275,-14.64634,11.708,21.3
2003-02-10T08:09,34.26145,-14.63124,11.598,20.5
2003-02-10T08:19,34.2899,-14.6165,11.099,26.5
2003-02-10T08:29,34.31812,-14.60189,10.967,23.1
2003-02-10T08:39,34.34621,-14.5865,11.333,23.0
2003-02-10T08:49,34.37345,-14.57101,10.755,28.6
2003-02-10T08:59,34.40098,-14.55579,10.993,23.4
2003-02-10T09:09,34.42906,-14.54043,11.092,25.1
2003-02-10T09:19,34.45714,-14.52526,11.085,20.7
2003-02-10T09:29,34.48531,-14.50997,11.29,24.1
2003-02-10T09:39,34.51373,-14.4946,11.111,23.4
2003-02-10T09:49,34.5295,-14.49306,3.266,357.2
2003-02-10T09:59,34.55159,-14.47882,11.093,34.9
2003-02-10T10:09,34.57791,-14.45927,11.07,31.7
2003-02-10T10:19,34.605,-14.44225,10.61,23.6
2003-02-10T10:29,34.63319,-14.42755,11.159,24.0
2003-02-10T10:39,34.66144,-14.41302,11.205,22.3
2003-02-10T10:49,34.68981,-14.39834,11.189,20.5
2003-02-10T10:59,34.71797,-14.38363,10.933,24.4
2003-02-10T11:09,34.74577,-14.36774,11.401,23.5
2003-02-10T11:19,34.77361,-14.35147,11.254,29.4
2003-02-10T11:29,34.80124,-14.33522,10.994,29.5
2003-02-10T11:39,34.8292,-14.31942,10.954,27.7
2003-02-10T11:49,34.85724,-14.30393,10.921,25.6
2003-02-10T11:59,34.88503,-14.28838,11.081,27.7
2003-02-10T12:09,34.91289,-14.27277,11.528,21.4
2003-02-10T12:19,34.94052,-14.25749,11.272,26.0
2003-02-10T12:29,34.96843,-14.24204,11.146,24.1
2003-02-10T12:39,34.99657,-14.22604,11.251,26.0
2003-02-10T12:49,35.02502,-14.20941,11.422,25.3
2003-02-10T12:59,35.05406,-14.19414,11.205,25.0
2003-02-10T13:09,35.08341,-14.1792,11.665,21.3
2003-02-10T13:19,35.11313,-14.16391,11.626,27.8
2003-02-10T13:29,35.14309,-14.14828,11.877,22.8
2003-02-10T13:39,35.17217,-14.13303,11.773,19.1
2003-02-10T13:49,35.20049,-14.11745,10.568,24.3
2003-02-10T13:59,35.22749,-14.10129,11.409,21.3
2003-02-10T14:09,35.25577,-14.08497,11.541,21.5
2003-02-10T14:19,35.28411,-14.06854,11.232,25.6
2003-02-10T14:29,35.31231,-14.05221,11.006,27.5
2003-02-10T14:39,35.34065,-14.03551,11.421,25.8
2003-02-10T14:49,35.36896,-14.01915,11.182,27.3
2003-02-10T14:59,35.39728,-14.00314,11.036,25.5
2003-02-10T15:09,35.42602,-13.98709,11.315,23.9
2003-02-10T15:19,35.45434,-13.97127,11.136,22.3
2003-02-10T15:29,35.48233,-13.95498,10.943,22.2
2003-02-10T15:39,35.51059,-13.93938,11.243,21.6
2003-02-10T15:49,35.53866,-13.9235,11.138,23.7
2003-02-10T15:59,35.56714,-13.90853,11.474,22.7
2003-02-10T16:09,35.59595,-13.89388,11.29,25.9
2003-02-10T16:19,35.62495,-13.87953,7.864,20.9
2003-02-10T16:29,35.65384,-13.86579,10.856,17.2
2003-02-10T16:39,35.68212,-13.85199,10.964,20.6
2003-02-10T16:49,35.71001,-13.83764,10.72,21.4
2003-02-10T16:59,35.73725,-13.82244,10.965,24.5
2003-02-10T17:09,35.76445,-13.80622,11.014,26.1
2003-02-10T17:19,35.79166,-13.78989,10.982,24.1
2003-02-10T17:29,35.81889,-13.77359,10.686,24.8
2003-02-10T17:39,35.84673,-13.75832,10.918,23.6
2003-02-10T17:49,35.87425,-13.74314,10.877,23.4
2003-02-10T17:59,35.9014,-13.72789,7.928,25.2
2003-02-10T18:09,35.92862,-13.712,3.026,26.8
2003-02-10T18:19,35.95595,-13.69702,10.627,27.3
2003-02-10T18:29,35.98284,-13.68087,10.773,25.3
2003-02-10T18:39,36.00972,-13.66496,10.858,24.3
2003-02-10T18:49,36.03715,-13.64916,11.032,24.4
2003-02-10T18:59,36.0651,-13.63517,11.106,16.1
2003-02-10T19:09,36.09365,-13.62244,10.893,23.6
2003-02-10T19:19,36.12166,-13.60699,10.714,26.2
2003-02-10T19:29,36.15001,-13.59275,5.67,19.8
2003-02-10T19:39,36.17767,-13.57793,11.01,20.3
2003-02-10T19:49,36.20543,-13.5634,10.776,23.0
2003-02-10T19:59,36.23325,-13.54895,10.942,20.3
2003-02-10T20:09,36.2609,-13.53379,10.624,23.8
2003-02-10T20:19,36.28867,-13.519,11.06,22.8
2003-02-10T20:29,36.31656,-13.50418,10.581,29.6
2003-02-10T20:39,36.3439,-13.48711,11.214,26.1
2003-02-10T20:49,36.37163,-13.47026,11.016,26.3
2003-02-10T20:59,36.39886,-13.4534,11.082,29.8
2003-02-10T21:09,36.42608,-13.43621,10.909,25.2
2003-02-10T21:19,36.45326,-13.41985,10.984,23.3
2003-02-10T21:29,36.48052,-13.40388,10.871,24.7
2003-02-10T21:39,36.5077,-13.3876,10.824,25.6
2003-02-10T21:49,36.53564,-13.37192,11.242,19.0
2003-02-10T21:59,36.56403,-13.35747,11.273,19.8
2003-02-10T22:09,36.59212,-13.34278,11.0,22.6
2003-02-10T22:19,36.62062,-13.32794,11.139,22.3
2003-02-10T22:29,36.64902,-13.31305,11.177,25.2
2003-02-10T22:39,36.6765,-13.297,11.069,25.1
2003-02-10T22:49,36.70381,-13.28128,10.655,26.3
2003-02-10T22:59,36.7318,-13.26526,11.425,28.2
2003-02-10T23:09,36.75994,-13.24973,9.53,27.6
2003-02-10T23:19,36.78797,-13.23393,11.103,23.3
2003-02-10T23:29,36.816,-13.21753,11.509,23.7
2003-02-10T23:39,36.84428,-13.20127,11.248,21.9
2003-02-10T23:49,36.87273,-13.18553,11.134,22.5
2003-02-10T23:59,36.90068,-13.16904,11.028,23.3
2003-02-11T00:09,36.9285,-13.15263,10.943,27.3
2003-02-11T00:19,36.95551,-13.13545,10.803,28.1
2003-02-11T00:29,36.98219,-13.1188,10.52,26.7
2003-02-11T00:39,37.00874,-13.10279,10.62,24.9
2003-02-11T00:49,37.03544,-13.08706,10.516,27.4
2003-02-11T00:59,37.06269,-13.07184,10.834,26.5
2003-02-11T01:09,37.09037,-13.05677,10.652,28.8
2003-02-11T01:19,37.11757,-13.04127,10.944,23.7
2003-02-11T01:29,37.14466,-13.02522,10.838,23.8
2003-02-11T01:39,37.17244,-13.00947,11.019,21.1
2003-02-11T01:49,37.20051,-12.99475,11.074,22.7
2003-02-11T01:59,37.22808,-12.9793,10.811,27.5
2003-02-11T02:09,37.25552,-12.96359,10.921,28.1
2003-02-11T02:19,37.28296,-12.94758,11.478,24.9
2003-02-11T02:29,37.31071,-12.93182,11.077,24.7
2003-02-11T02:39,37.33843,-12.91512,11.302,27.5
2003-02-11T02:49,37.3666,-12.89852,11.007,28.2
2003-02-11T02:59,37.395,-12.8832,11.126,27.0
2003-02-11T03:09,37.42325,-12.868,11.064,19.8
2003-02-11T03:19,37.45149,-12.85323,11.325,20.2
2003-02-11T03:29,37.47979,-12.83852,11.121,23.2
2003-02-11T03:39,37.50791,-12.82244,11.089,25.1
2003-02-11T03:49,37.5356,-12.80642,10.717,27.5
2003-02-11T03:59,37.56298,-12.78942,11.42,21.5
2003-02-11T04:09,37.59086,-12.77405,11.058,20.0
2003-02-11T04:19,37.61883,-12.75942,10.892,23.0
2003-02-11T04:29,37.64637,-12.74381,11.008,24.4
2003-02-11T04:39,37.67399,-12.72783,11.003,23.0
2003-02-11T04:49,37.7018,-12.71242,10.805,25.1
2003-02-11T04:59,37.72975,-12.69813,10.878,18.7
2003-02-11T05:09,37.75772,-12.68349,10.824,17.1
2003-02-11T05:19,37.78535,-12.66864,10.963,17.1
2003-02-11T05:29,37.81312,-12.65316,10.947,22.6
2003-02-11T05:39,37.84055,-12.63607,10.755,27.9
2003-02-11T05:49,37.86656,-12.61719,10.482,30.3
2003-02-11T05:59,37.8934,-12.59987,10.857,29.1
2003-02-11T06:09,37.9211,-12.58567,10.963,18.6
2003-02-11T06:19,37.94914,-12.57161,11.11,16.9
2003-02-11T06:29,37.97723,-12.55776,10.624,21.0
2003-02-11T06:39,38.00506,-12.54195,11.144,20.6
2003-02-11T06:49,38.03264,-12.52489,11.12,28.8
2003-02-11T06:59,38.06057,-12.50733,10.84,26.8
2003-02-11T07:09,38.08848,-12.4905,10.717,22.0
2003-02-11T07:19,38.1158,-12.47354,10.843,26.0
2003-02-11T07:29,38.14305,-12.45663,10.788,23.8
2003-02-11T07:39,38.17019,-12.43983,10.798,26.8
2003-02-11T07:49,38.19759,-12.42414,11.052,18.9
2003-02-11T07:59,38.22521,-12.40872,11.05,19.6
2003-02-11T08:09,38.25279,-12.39334,10.73,24.8
2003-02-11T08:19,38.28087,-12.3778,10.754,24.5
2003-02-11T08:29,38.309,-12.36239,10.029,10.8
2003-02-11T08:39,38.337,-12.34735,11.248,29.3
2003-02-11T08:49,38.36526,-12.33243,11.184,26.8
2003-02-11T08:59,38.3938,-12.31767,11.949,18.7
2003-02-11T09:09,38.42256,-12.30265,11.02,28.3
2003-02-11T09:19,38.45095,-12.28688,11.314,18.0
2003-02-11T09:29,38.47921,-12.27148,11.025,23.2
2003-02-11T09:39,38.50734,-12.25564,11.135,20.4
2003-02-11T09:49,38.52253,-12.22882,8.288,97.6
2003-02-11T09:59,38.53612,-12.20588,11.596,26.1
2003-02-11T10:09,38.56602,-12.19198,11.498,24.8
2003-02-11T10:19,38.59599,-12.17826,11.254,23.7
2003-02-11T10:29,38.62591,-12.16545,11.635,8.3
2003-02-11T10:39,38.65578,-12.15515,9.351,10.9
2003-02-11T10:49,38.6848,-12.14224,11.637,22.1
2003-02-11T10:59,38.71287,-12.12556,11.278,31.9
2003-02-11T11:09,38.74113,-12.10908,11.304,17.9
2003-02-11T11:19,38.76929,-12.09241,11.177,23.3
2003-02-11T11:29,38.79813,-12.07745,10.951,16.5
2003-02-11T11:39,38.8265,-12.06222,11.094,19.9
2003-02-11T11:49,38.85509,-12.04723,11.052,18.6
2003-02-11T11:59,38.88335,-12.03202,10.936,25.2
2003-02-11T12:09,38.91139,-12.01629,11.15,21.9
2003-02-11T12:19,38.93986,-12.00051,10.742,23.5
2003-02-11T12:29,38.96877,-11.98543,11.03,25.7
2003-02-11T12:39,38.99631,-11.97173,8.963,26.6
2003-02-11T12:49,39.02248,-11.96045,10.404,25.4
2003-02-11T12:59,39.04786,-11.94477,10.161,28.1
2003-02-11T13:09,39.07292,-11.92802,11.391,20.8
2003-02-11T13:19,39.09741,-11.91127,9.781,31.8
2003-02-11T13:29,39.12523,-11.89354,10.579,29.3
2003-02-11T13:39,39.1531,-11.87499,11.306,31.3
2003-02-11T13:49,39.18133,-11.856,11.658,28.1
2003-02-11T13:59,39.20949,-11.84064,10.856,20.4
2003-02-11T14:09,39.23736,-11.82516,11.106,23.3
2003-02-11T14:19,39.26506,-11.80939,10.682,19.2
2003-02-11T14:29,39.29288,-11.7933,11.031,28.9
2003-02-11T14:39,39.32028,-11.77587,11.394,33.3
2003-02-11T14:49,39.34739,-11.75799,10.234,34.2
2003-02-11T14:59,39.37462,-11.74126,10.569,25.7
2003-02-11T15:09,39.4027,-11.72667,10.874,17.1
2003-02-11T15:19,39.43061,-11.71218,10.693,22.3
2003-02-11T15:29,39.45864,-11.69795,11.056,22.2
2003-02-11T15:39,39.48628,-11.6833,10.625,19.7
2003-02-11T15:49,39.5138,-11.66816,10.676,23.0
2003-02-11T15:59,39.54114,-11.65194,12.335,22.6
2003-02-11T16:09,39.56868,-11.63574,11.357,22.4
2003-02-11T16:19,39.59657,-11.61863,10.906,22.6
2003-02-11T16:29,39.62403,-11.60137,10.192,29.6
2003-02-11T16:39,39.65136,-11.5843,10.862,20.2
2003-02-11T16:49,39.67872,-11.56768,10.75,29.1
2003-02-11T16:59,39.7063,-11.55082,11.082,22.5
2003-02-11T17:09,39.7341,-11.53401,11.166,27.4
2003-02-11T17:19,39.7618,-11.51752,11.252,26.3
2003-02-11T17:29,39.78944,-11.50093,10.878,18.7
2003-02-11T17:39,39.81696,-11.48443,11.065,23.1
2003-02-11T17:49,39.84474,-11.46878,10.564,18.8
2003-02-11T17:59,39.87205,-11.45347,10.64,28.0
2003-02-11T18:09,39.89936,-11.43942,10.845,28.8
2003-02-11T18:19,39.92642,-11.42533,10.092,28.6
2003-02-11T18:29,39.95339,-11.41017,10.654,26.6
2003-02-11T18:39,39.97993,-11.39426,9.756,27.9
2003-02-11T18:49,40.00627,-11.37655,10.728,21.8
2003-02-11T18:59,40.03404,-11.35825,11.76,25.6
2003-02-11T19:09,40.06263,-11.34222,11.316,23.6
2003-02-11T19:19,40.09132,-11.32545,11.249,23.6
2003-02-11T19:29,40.11992,-11.3084,11.29,21.3
2003-02-11T19:39,40.14835,-11.29113,9.49,25.3
2003-02-11T19:49,40.17674,-11.27383,11.213,25.4
2003-02-11T19:59,40.20505,-11.25648,11.323,22.0
2003-02-11T20:09,40.23364,-11.23938,11.319,25.7
2003-02-11T20:19,40.26174,-11.222,11.535,20.8
2003-02-11T20:29,40.28971,-11.20424,11.476,24.6
2003-02-11T20:39,40.31776,-11.1861,11.178,23.1
2003-02-11T20:49,40.3461,-11.16829,11.643,21.0
2003-02-11T20:59,40.37569,-11.1532,11.551,18.2
2003-02-11T21:09,40.40488,-11.13847,11.104,22.5
2003-02-11T21:19,40.43346,-11.12152,11.655,33.3
2003-02-11T21:29,40.46266,-11.10469,11.701,23.2
2003-02-11T21:39,40.49201,-11.08861,12.394,20.3
2003-02-11T21:49,40.5209,-11.07232,11.109,19.1
2003-02-11T21:59,40.54977,-11.05594,11.234,21.2
2003-02-11T22:09,40.57879,-11.03958,11.633,27.6
2003-02-11T22:19,40.60775,-11.02321,11.789,24.1
2003-02-11T22:29,40.63655,-11.00646,10.867,21.5
2003-02-11T22:39,40.66542,-10.98952,11.418,14.4
2003-02-11T22:49,40.69488,-10.97379,11.419,20.2
2003-02-11T22:59,40.72391,-10.95696,11.726,23.4
2003-02-11T23:09,40.75228,-10.93912,11.336,21.9
2003-02-11T23:19,40.7805,-10.92088,11.488,27.2
2003-02-11T23:29,40.80884,-10.90149,11.653,26.0
2003-02-11T23:39,40.83754,-10.88241,11.506,23.9
2003-02-11T23:49,40.86607,-10.86358,11.275,32.1
2003-02-11T23:59,40.89436,-10.84565,10.85,17.9
2003-02-12T00:09,40.92291,-10.82772,10.941,28.5
2003-02-12T00:19,40.95156,-10.81016,11.629,26.7
2003-02-12T00:29,40.98004,-10.79269,11.588,19.1
2003-02-12T00:39,41.00845,-10.77587,11.277,27.7
2003-02-12T00:49,41.0374,-10.75925,11.461,34.0
2003-02-12T00:59,41.06546,-10.74266,10.843,21.5
2003-02-12T01:09,41.09342,-10.72475,10.884,34.7
2003-02-12T01:19,41.12167,-10.70698,11.201,24.2
2003-02-12T01:29,41.15036,-10.69018,11.059,25.3
2003-02-12T01:39,41.17877,-10.67416,11.809,25.4
2003-02-12T01:49,41.20721,-10.6578,11.327,32.9
2003-02-12T01:59,41.23591,-10.64158,11.081,24.7
2003-02-12T02:09,41.26414,-10.62546,11.344,25.0
2003-02-12T02:19,41.29235,-10.60926,11.288,29.5
2003-02-12T02:29,41.32049,-10.59048,11.11,24.2
2003-02-12T02:39,41.34893,-10.57306,11.345,15.9
2003-02-12T02:49,41.37658,-10.55609,11.008,19.6
2003-02-12T02:59,41.40417,-10.53951,10.979,22.7
2003-02-12T03:09,41.43222,-10.52298,10.608,15.1
2003-02-12T03:19,41.46085,-10.50772,11.475,29.1
2003-02-12T03:29,41.48972,-10.49234,10.569,21.6
2003-02-12T03:39,41.51878,-10.47762,11.539,23.5
2003-02-12T03:49,41.54649,-10.46133,11.137,23.7
2003-02-12T03:59,41.5737,-10.44376,10.124,28.7
2003-02-12T04:09,41.60104,-10.42586,10.824,28.3
2003-02-12T04:19,41.62886,-10.40748,11.24,23.3
2003-02-12T04:29,41.65652,-10.38931,11.803,29.4
2003-02-12T04:39,41.68435,-10.37227,12.742,18.9
2003-02-12T04:49,41.71232,-10.35464,11.164,25.9
2003-02-12T04:59,41.73979,-10.33712,11.024,32.2
2003-02-12T05:09,41.76783,-10.32076,10.749,22.1
2003-02-12T05:19,41.7958,-10.30483,11.041,21.7
2003-02-12T05:29,41.82408,-10.28823,11.362,25.4
2003-02-12T05:39,41.85203,-10.27158,11.526,27.8
2003-02-12T05:49,41.88048,-10.25534,11.315,19.1
2003-02-12T05:59,41.90879,-10.23868,11.25,22.3
2003-02-12T06:09,41.93687,-10.22112,11.126,26.2
2003-02-12T06:19,41.9655,-10.20421,12.321,23.5
2003-02-12T06:29,41.99384,-10.18683,10.991,29.7
2003-02-12T06:39,42.02196,-10.1691,11.102,18.6
2003-02-12T06:49,42.05068,-10.15309,11.091,23.2
2003-02-12T06:59,42.07967,-10.13699,11.469,15.7
2003-02-12T07:09,42.10898,-10.12077,10.734,19.6
2003-02-12T07:19,42.13801,-10.10394,14.029,13.7
2003-02-12T07:29,42.16606,-10.08677,10.939,26.8
2003-02-12T07:39,42.19475,-10.06964,11.168,22.7
2003-02-12T07:49,42.22324,-10.05239,11.25,23.4
2003-02-12T07:59,42.25198,-10.03514,11.489,22.6
2003-02-12T08:09,42.2805,-10.01828,10.81,28.0
2003-02-12T08:19,42.30859,-10.00142,11.409,20.4
2003-02-12T08:29,42.33661,-9.98404,11.246,22.2
2003-02-12T08:39,42.3641,-9.96557,11.024,27.4
2003-02-12T08:49,42.39182,-9.94721,10.959,26.0
2003-02-12T08:59,42.41984,-9.92938,11.505,24.1
2003-02-12T09:09,42.44763,-9.9111,11.471,20.0
2003-02-12T09:19,42.47508,-9.89274,11.562,24.8
2003-02-12T09:29,42.50238,-9.87363,10.955,30.5
2003-02-12T09:39,42.52986,-9.85489,11.062,31.2
2003-02-12T09:49,42.55843,-9.83668,11.108,25.3
2003-02-12T09:59,42.57241,-9.83902,9.54,15.3
2003-02-12T10:09,42.59912,-9.82004,11.982,25.9
2003-02-12T10:19,42.62756,-9.8043,11.924,8.4
2003-02-12T10:29,42.65872,-9.80134,10.998,1.2
2003-02-12T10:39,42.68963,-9.79954,11.644,0.5
2003-02-12T10:49,42.71985,-9.79804,10.729,2.9
2003-02-12T10:59,42.75014,-9.79721,10.624,4.9
2003-02-12T11:09,42.78074,-9.79537,10.48,8.4
2003-02-12T11:19,42.81129,-9.79319,10.509,6.8
2003-02-12T11:29,42.84145,-9.79171,10.763,1.7
2003-02-12T11:39,42.87192,-9.79034,11.039,0.2
2003-02-12T11:49,42.90221,-9.78909,10.998,1.0
2003-02-12T11:59,42.9318,-9.78804,10.782,358.9
2003-02-12T12:09,42.96064,-9.78859,10.806,358.4
2003-02-12T12:19,42.99019,-9.78848,10.2,5.5
2003-02-12T12:29,43.01982,-9.78756,11.061,-0.2
2003-02-12T12:39,43.05004,-9.78598,10.992,3.2
2003-02-12T12:49,43.08025,-9.78477,10.938,8.3
2003-02-12T12:59,43.10372,-9.78125,6.097,11.0
2003-02-12T13:09,43.1289,-9.77961,10.859,4.7
2003-02-12T13:19,43.15986,-9.77766,10.98,5.4
2003-02-12T13:29,43.18994,-9.77143,11.13,20.4
2003-02-12T13:39,43.21692,-9.75,11.615,29.9
2003-02-12T13:49,43.24414,-9.72804,11.289,24.1
2003-02-12T13:59,43.27253,-9.7071,11.373,26.5
2003-02-12T14:09,43.30053,-9.68689,10.999,28.6
2003-02-12T14:19,43.32696,-9.6658,10.775,28.6
2003-02-12T14:29,43.35328,-9.64526,10.818,31.7
2003-02-12T14:39,43.37983,-9.62416,10.97,31.5
2003-02-12T14:49,43.40605,-9.60258,10.931,26.7
2003-02-12T14:59,43.43136,-9.57973,10.531,30.0
2003-02-12T15:09,43.45712,-9.55735,11.38,33.4
2003-02-12T15:19,43.47751,-9.52584,11.066,57.0
2003-02-12T15:29,43.50146,-9.49987,10.741,26.2
2003-02-12T15:39,43.52902,-9.48132,10.93,23.2
2003-02-12T15:49,43.55749,-9.46325,11.508,24.7
2003-02-12T15:59,43.58603,-9.44496,11.27,20.4
2003-02-12T16:09,43.61408,-9.42693,10.823,26.3
2003-02-12T16:19,43.64122,-9.40683,11.07,27.9
2003-02-12T16:29,43.66853,-9.38453,11.908,35.5
2003-02-12T16:39,43.69589,-9.36112,11.83,31.1
2003-02-12T16:49,43.72307,-9.33745,11.614,31.2
2003-02-12T16:59,43.75001,-9.31362,11.557,33.5
2003-02-12T17:09,43.77706,-9.29062,10.838,31.0
2003-02-12T17:19,43.80474,-9.2695,10.84,30.1
2003-02-12T17:29,43.83249,-9.2487,11.351,28.9
2003-02-12T17:39,43.86073,-9.22809,11.528,28.5
2003-02-12T17:49,43.88912,-9.20762,11.557,28.3
2003-02-12T17:59,43.91683,-9.18621,10.67,32.0
2003-02-12T18:09,43.94368,-9.16369,11.234,28.3
2003-02-12T18:19,43.9702,-9.1406,11.369,29.9
2003-02-12T18:29,43.9972,-9.11726,10.546,32.4
2003-02-12T18:39,44.02407,-9.09376,11.187,36.4
2003-02-12T18:49,44.05153,-9.07105,10.466,36.2
2003-02-12T18:59,44.07882,-9.04869,11.389,31.2
2003-02-12T19:09,44.10612,-9.02566,11.235,36.3
2003-02-12T19:19,44.13306,-9.00183,11.298,31.9
2003-02-12T19:29,44.15978,-8.97809,11.476,35.2
2003-02-12T19:39,44.18656,-8.95524,11.259,29.0
2003-02-12T19:49,44.2131,-8.9317,10.791,37.4
2003-02-12T19:59,44.23974,-8.90811,11.224,29.8
2003-02-12T20:09,44.2679,-8.88779,11.435,26.4
2003-02-12T20:19,44.29685,-8.86821,11.558,28.1
2003-02-12T20:29,44.32558,-8.8484,11.053,32.2
2003-02-12T20:39,44.35396,-8.82828,10.867,24.7
2003-02-12T20:49,44.38145,-8.80611,11.5,28.9
2003-02-12T20:59,44.40965,-8.78463,11.168,30.4
2003-02-12T21:09,44.4381,-8.76275,11.573,30.0
2003-02-12T21:19,44.46562,-8.73835,11.881,35.5
2003-02-12T21:29,44.49261,-8.71267,11.959,34.7
2003-02-12T21:39,44.51914,-8.68654,11.821,30.8
2003-02-12T21:49,44.54591,-8.66031,11.522,38.2
2003-02-12T21:59,44.57326,-8.63529,11.492,24.8
2003-02-12T22:09,44.60158,-8.61237,11.757,35.5
2003-02-12T22:19,44.6296,-8.58905,12.088,33.2
2003-02-12T22:29,44.65753,-8.56594,11.89,36.8
2003-02-12T22:39,44.68538,-8.54209,11.735,36.1
2003-02-12T22:49,44.71342,-8.51827,11.927,32.8
2003-02-12T22:59,44.74219,-8.49476,11.64,29.7
2003-02-12T23:09,44.77141,-8.47249,12.139,28.0
2003-02-12T23:19,44.8002,-8.44892,12.443,27.9
2003-02-12T23:29,44.82935,-8.42662,11.539,28.8
2003-02-12T23:39,44.85822,-8.40431,11.558,31.7
2003-02-12T23:49,44.88717,-8.38143,12.394,27.9
2003-02-12T23:59,44.91617,-8.35696,12.518,31.7
2003-02-13T00:09,44.9452,-8.33224,12.06,30.3
2003-02-13T00:19,44.97354,-8.30863,12.065,29.5
2003-02-13T00:29,45.00246,-8.28324,12.998,31.7
2003-02-13T00:39,45.03085,-8.25626,11.411,34.7
2003-02-13T00:49,45.05748,-8.22927,12.134,32.8
2003-02-13T00:59,45.08414,-8.20251,11.583,35.8
2003-02-13T01:09,45.1122,-8.17892,11.602,31.9
2003-02-13T01:19,45.13981,-8.15659,11.196,31.1
2003-02-13T01:29,45.1671,-8.13474,11.215,28.6
2003-02-13T01:39,45.19477,-8.1128,12.084,27.5
2003-02-13T01:49,45.22307,-8.0921,11.325,32.3
2003-02-13T01:59,45.25058,-8.0689,11.325,30.9
2003-02-13T02:09,45.27737,-8.04543,11.661,32.0
2003-02-13T02:19,45.30426,-8.02285,11.245,29.3
2003-02-13T02:29,45.33157,-8.00019,11.746,28.2
2003-02-13T02:39,45.35975,-7.97813,11.348,26.3
2003-02-13T02:49,45.38813,-7.95776,11.86,24.9
2003-02-13T02:59,45.41609,-7.93628,12.447,28.4
2003-02-13T03:09,45.44384,-7.91406,11.496,27.7
2003-02-13T03:19,45.47169,-7.89188,11.282,29.6
2003-02-13T03:29,45.49948,-7.87002,11.31,26.1
2003-02-13T03:39,45.52688,-7.84761,11.516,25.0
2003-02-13T03:49,45.55487,-7.82473,11.856,32.7
2003-02-13T03:59,45.58294,-7.80326,11.34,27.6
2003-02-13T04:09,45.6105,-7.78203,11.614,28.6
2003-02-13T04:19,45.63773,-7.76102,11.273,26.5
2003-02-13T04:29,45.6659,-7.73907,11.743,28.7
2003-02-13T04:39,45.69429,-7.71778,11.608,29.9
2003-02-13T04:49,45.72203,-7.69477,11.251,33.2
2003-02-13T04:59,45.74921,-7.67097,11.344,30.6
2003-02-13T05:10,45.77661,-7.64755,11.621,28.0
2003-02-13T05:20,45.80381,-7.62492,11.349,28.9
2003-02-13T05:30,45.82726,-7.5975,11.015,43.6
2003-02-13T05:40,45.84539,-7.56348,11.14,42.7
2003-02-13T05:50,45.87238,-7.5401,11.488,31.0
2003-02-13T06:00,45.90095,-7.51991,11.573,31.7
2003-02-13T06:10,45.92886,-7.49728,11.754,33.3
2003-02-13T06:20,45.95629,-7.47391,11.297,33.1
2003-02-13T06:30,45.98433,-7.45212,11.512,26.0
2003-02-13T06:40,46.01219,-7.431,11.413,25.2
2003-02-13T06:50,46.04023,-7.40988,10.984,27.7
2003-02-13T07:00,46.06838,-7.38919,11.528,25.4
2003-02-13T07:10,46.09653,-7.36731,11.648,28.2
2003-02-13T07:20,46.12448,-7.34508,11.072,25.1
2003-02-13T07:30,46.15241,-7.32355,11.539,28.6
2003-02-13T07:40,46.1795,-7.2997,11.73,31.7
2003-02-13T07:50,46.20672,-7.27557,11.932,32.9
2003-02-13T08:00,46.23401,-7.25128,11.765,32.8
2003-02-13T08:10,46.26149,-7.22659,11.691,33.9
2003-02-13T08:20,46.28877,-7.20195,11.279,30.9
2003-02-13T08:30,46.31552,-7.17688,11.412,34.6
2003-02-13T08:40,46.34255,-7.15258,11.516,34.4
2003-02-13T08:50,46.36977,-7.12921,11.551,27.1
2003-02-13T09:00,46.39814,-7.1083,11.707,22.1
2003-02-13T09:10,46.42654,-7.08718,11.581,27.2
2003-02-13T09:20,46.45465,-7.06506,11.421,27.7
2003-02-13T09:30,46.48325,-7.04347,11.46,26.7
2003-02-13T09:40,46.51187,-7.02142,11.36,29.7
2003-02-13T09:50,46.54008,-6.99805,11.548,34.0
2003-02-13T10:00,46.56767,-6.97332,11.965,28.2
2003-02-13T10:10,46.59522,-6.94844,11.797,32.4
2003-02-13T10:20,46.62224,-6.92388,11.372,30.0
2003-02-13T10:30,46.64927,-6.8991,11.403,33.7
2003-02-13T10:40,46.67632,-6.87377,11.328,33.2
2003-02-13T10:50,46.70268,-6.84831,11.554,34.1
2003-02-13T11:00,46.72945,-6.82319,11.372,33.7
2003-02-13T11:10,46.7558,-6.79771,11.347,34.5
2003-02-13T11:20,46.78271,-6.77358,11.395,29.3
2003-02-13T11:30,46.81039,-6.75101,11.55,29.4
2003-02-13T11:40,46.8377,-6.7278,11.314,31.4
2003-02-13T11:50,46.86503,-6.70488,11.585,27.7
2003-02-13T12:00,46.89232,-6.68074,11.541,26.8
2003-02-13T12:10,46.91997,-6.65693,11.319,30.0
2003-02-13T12:20,46.94779,-6.63368,11.359,27.4
2003-02-13T12:30,46.97557,-6.61048,11.711,33.9
2003-02-13T12:40,47.00339,-6.58678,12.681,32.7
2003-02-13T12:50,47.03134,-6.56313,11.791,32.0
2003-02-13T13:00,47.05941,-6.5396,11.431,28.3
2003-02-13T13:10,47.08752,-6.5165,11.304,27.8
2003-02-13T13:20,47.1158,-6.49376,11.685,29.9
2003-02-13T13:30,47.14418,-6.47127,12.001,27.9
2003-02-13T13:40,47.17227,-6.44833,11.598,31.4
2003-02-13T13:50,47.19834,-6.42497,6.873,37.0
2003-02-13T14:00,47.21176,-6.41223,10.537,32.1
2003-02-13T14:10,47.23901,-6.38887,10.68,30.7
2003-02-13T14:20,47.26639,-6.36449,11.627,32.5
2003-02-13T14:30,47.29339,-6.33972,11.271,32.3
2003-02-13T14:40,47.31999,-6.31461,12.269,31.0
2003-02-13T14:50,47.34677,-6.29024,11.3,31.3
2003-02-13T15:00,47.37382,-6.26595,11.078,30.5
2003-02-13T15:10,47.39826,-6.23773,10.91,38.4
2003-02-13T15:20,47.42388,-6.21343,10.998,30.9
2003-02-13T15:30,47.4502,-6.19134,10.899,28.6
2003-02-13T15:40,47.4763,-6.16892,10.697,28.5
2003-02-13T15:50,47.50338,-6.14695,11.777,29.4
2003-02-13T16:00,47.53139,-6.12463,11.618,29.7
2003-02-13T16:10,47.55906,-6.10224,11.223,27.5
2003-02-13T16:20,47.58636,-6.07986,11.287,31.2
2003-02-13T16:30,47.61364,-6.05787,11.586,28.1
2003-02-13T16:40,47.64102,-6.03778,11.085,3.8
2003-02-13T16:50,47.66867,-6.01878,11.204,31.1
2003-02-13T17:00,47.69594,-5.99783,11.446,36.8
2003-02-13T17:10,47.72231,-5.97261,11.168,34.1
2003-02-13T17:20,47.7486,-5.94741,11.204,31.8
2003-02-13T17:30,47.77486,-5.92219,11.116,30.8
2003-02-13T17:40,47.80141,-5.89745,11.232,27.5
2003-02-13T17:50,47.82824,-5.87396,11.055,29.8
2003-02-13T18:00,47.85529,-5.85002,11.483,33.7
2003-02-13T18:10,47.88237,-5.82628,11.333,31.4
2003-02-13T18:20,47.90945,-5.80235,11.351,31.7
2003-02-13T18:30,47.93674,-5.77796,11.59,30.1
2003-02-13T18:40,47.96378,-5.75386,10.948,24.3
2003-02-13T18:50,47.99094,-5.73023,11.29,27.9
2003-02-13T19:00,48.01816,-5.70651,11.37,31.7
2003-02-13T19:10,48.04526,-5.68279,11.302,29.1
2003-02-13T19:20,48.07258,-5.65876,11.807,32.3
2003-02-13T19:30,48.0999,-5.63451,11.176,27.9
2003-02-13T19:40,48.12734,-5.6102,11.589,28.4
2003-02-13T19:50,48.15489,-5.58594,11.292,26.9
2003-02-13T20:00,48.18249,-5.5613,11.699,32.1
2003-02-13T20:10,48.21002,-5.53678,11.824,32.2
2003-02-13T20:20,48.23777,-5.51221,11.582,28.1
2003-02-13T20:30,48.26552,-5.48758,11.672,32.8
2003-02-13T20:40,48.29351,-5.46264,11.847,29.3
2003-02-13T20:50,48.32152,-5.43796,11.592,30.8
2003-02-13T21:00,48.3507,-5.41391,12.109,30.5
2003-02-13T21:10,48.38029,-5.3896,12.252,31.8
2003-02-13T21:20,48.40962,-5.36498,12.348,29.8
2003-02-13T21:30,48.43867,-5.34036,11.973,29.2
2003-02-13T21:40,48.46784,-5.31637,11.543,26.1
2003-02-13T21:50,48.49699,-5.2919,12.052,29.6
2003-02-13T22:00,48.52603,-5.26654,12.043,29.5
2003-02-13T22:10,48.55093,-5.2337,11.955,48.2
2003-02-13T22:20,48.57207,-5.19495,12.166,54.6
2003-02-13T22:30,48.59303,-5.15478,12.457,52.0
2003-02-13T22:40,48.614,-5.11412,12.263,52.7
2003-02-13T22:50,48.63654,-5.0751,12.135,46.7
2003-02-13T23:00,48.65926,-5.03602,12.558,48.4
2003-02-13T23:10,48.68184,-4.99694,12.295,49.5
2003-02-13T23:20,48.70345,-4.95608,12.308,52.0
2003-02-13T23:30,48.72475,-4.91436,12.512,53.2
2003-02-13T23:40,48.74619,-4.87298,12.49,52.9
2003-02-13T23:50,48.7675,-4.83132,12.102,51.6
2003-02-14T00:00,48.78874,-4.78919,12.921,52.3
2003-02-14T00:10,48.81001,-4.7467,12.752,55.3
2003-02-14T00:20,48.82935,-4.70578,12.142,55.5
2003-02-14T00:30,48.8494,-4.66646,12.037,52.5
2003-02-14T00:40,48.86962,-4.6273,11.303,50.2
2003-02-14T00:50,48.88967,-4.58794,11.761,50.9
2003-02-14T01:00,48.90972,-4.54857,12.036,53.7
2003-02-14T01:10,48.92965,-4.50927,11.745,52.9
2003-02-14T01:20,48.94969,-4.46981,11.47,50.2
2003-02-14T01:30,48.97019,-4.43134,11.553,50.1
2003-02-14T01:40,48.99051,-4.39282,11.662,51.0
2003-02-14T01:50,49.01104,-4.35448,11.769,52.1
2003-02-14T02:00,49.03176,-4.3163,11.364,48.7
2003-02-14T02:10,49.05219,-4.27757,11.884,51.3
2003-02-14T02:20,49.07253,-4.23938,12.373,54.1
2003-02-14T02:30,49.0925,-4.20137,11.684,49.8
2003-02-14T02:40,49.11318,-4.16267,11.981,50.7
2003-02-14T02:50,49.13373,-4.12375,11.36,50.1
2003-02-14T03:00,49.15398,-4.08539,12.024,52.5
2003-02-14T03:10,49.17442,-4.04756,11.448,47.6
2003-02-14T03:20,49.19474,-4.0091,11.456,51.4
2003-02-14T03:30,49.21499,-3.97064,11.887,54.1
2003-02-14T03:40,49.23681,-3.93149,12.84,50.8
2003-02-14T03:50,49.25968,-3.89156,12.741,50.8
2003-02-14T04:00,49.28287,-3.84773,13.106,51.2
2003-02-14T04:10,49.30592,-3.80444,13.274,51.0
2003-02-14T04:20,49.32866,-3.76123,13.477,51.8
2003-02-14T04:30,49.35189,-3.71796,13.268,50.0
2003-02-14T04:40,49.37508,-3.67495,12.752,50.1
2003-02-14T04:50,49.39829,-3.63187,13.856,51.2
2003-02-14T05:00,49.42144,-3.58839,12.694,51.1
2003-02-14T05:10,49.44389,-3.54438,12.884,52.6
2003-02-14T05:20,49.4664,-3.50057,13.266,51.7
2003-02-14T05:30,49.4903,-3.46004,12.312,15.9
2003-02-14T05:40,49.51497,-3.42297,12.541,56.4
2003-02-14T05:50,49.53508,-3.37688,13.196,56.3
2003-02-14T06:00,49.55493,-3.33186,11.114,51.5
2003-02-14T06:10,49.57464,-3.28866,12.113,55.1
2003-02-14T06:20,49.59453,-3.24766,12.2,52.5
2003-02-14T06:30,49.61526,-3.20719,12.091,50.2
2003-02-14T06:40,49.63704,-3.16688,12.196,49.7
2003-02-14T06:50,49.65907,-3.12654,12.508,50.3
2003-02-14T07:00,49.68151,-3.08555,12.884,49.4
2003-02-14T07:10,49.70393,-3.04472,12.614,50.0
2003-02-14T07:20,49.72639,-3.00364,12.557,50.7
2003-02-14T07:30,49.74881,-2.96234,12.694,49.5
2003-02-14T07:40,49.77095,-2.92127,12.65,50.9
2003-02-14T07:50,49.79193,-2.87956,13.53,54.0
2003-02-14T08:00,49.80734,-2.83406,12.386,71.6
2003-02-14T08:10,49.81757,-2.78483,9.945,74.6
2003-02-14T08:20,49.82768,-2.73556,10.962,71.5
2003-02-14T08:30,49.83647,-2.68657,11.115,79.4
2003-02-14T08:40,49.84347,-2.6364,11.745,77.8
2003-02-14T08:50,49.85066,-2.58585,12.374,78.0
2003-02-14T09:00,49.86137,-2.53623,11.453,70.0
2003-02-14T09:10,49.87208,-2.48663,12.994,72.3
2003-02-14T09:20,49.88158,-2.43751,11.258,75.8
2003-02-14T09:30,49.88961,-2.38912,11.676,74.7
2003-02-14T09:40,49.89729,-2.34149,11.389,77.2
2003-02-14T09:50,49.89963,-2.31792,6.527,75.4
2003-02-14T10:00,49.90539,-2.27368,10.539,78.8
2003-02-14T10:10,49.91333,-2.22838,10.838,72.5
2003-02-14T10:20,49.92208,-2.18423,10.843,72.4
2003-02-14T10:30,49.93021,-2.1408,10.148,74.4
2003-02-14T10:40,49.93792,-2.09858,9.727,74.1
2003-02-14T10:50,49.94562,-2.05688,10.147,73.6
2003-02-14T11:00,49.95269,-2.01531,9.447,79.9
2003-02-14T11:10,49.95942,-1.97373,10.035,75.8
2003-02-14T11:20,49.96602,-1.93262,10.084,74.7
2003-02-14T11:30,49.97282,-1.89183,9.621,74.1
2003-02-14T11:40,49.97961,-1.85193,9.552,75.6
2003-02-14T11:50,49.98637,-1.81199,9.492,75.6
2003-02-14T12:00,49.99303,-1.77147,9.953,73.7
2003-02-14T12:10,50.0,-1.73078,9.268,74.5
2003-02-14T12:20,50.00674,-1.69032,9.841,75.1
2003-02-14T12:30,50.01372,-1.64923,10.332,70.8
2003-02-14T12:40,50.02092,-1.60708,10.136,75.2
2003-02-14T12:50,50.02789,-1.56518,10.003,72.9
2003-02-14T13:00,50.03532,-1.52388,9.884,76.0
2003-02-14T13:10,50.04268,-1.48217,9.997,73.8
2003-02-14T13:20,50.04977,-1.43932,10.388,75.8
2003-02-14T13:30,50.05724,-1.3956,10.656,75.0
2003-02-14T13:40,50.06445,-1.35186,10.264,75.6
2003-02-14T13:50,50.07175,-1.30767,10.646,76.6
2003-02-14T14:00,50.07946,-1.26271,10.386,73.7
2003-02-14T14:10,50.08616,-1.21997,9.656,75.4
2003-02-14T14:20,50.09272,-1.1781,10.354,76.4
2003-02-14T14:30,50.09909,-1.13551,10.43,77.6
2003-02-14T14:40,50.10558,-1.09228,10.28,75.4
2003-02-14T14:50,50.11224,-1.04802,10.5,78.2
2003-02-14T15:00,50.11839,-1.00426,10.395,77.3
2003-02-14T15:10,50.12609,-0.96073,10.67,72.6
2003-02-14T15:20,50.13441,-0.9161,11.711,71.5
2003-02-14T15:30,50.14229,-0.8659,12.055,77.8
2003-02-14T15:40,50.1497,-0.81441,11.853,76.6
2003-02-14T15:50,50.15739,-0.76199,12.172,76.5
2003-02-14T16:00,50.16502,-0.70923,12.582,74.5
2003-02-14T16:10,50.17708,-0.65812,12.528,69.8
2003-02-14T16:20,50.18848,-0.60593,12.365,73.2
2003-02-14T16:30,50.19827,-0.55235,12.972,73.9
2003-02-14T16:40,50.20811,-0.49827,13.096,74.1
2003-02-14T16:50,50.21628,-0.44325,12.69,78.0
2003-02-14T17:00,50.22434,-0.38769,13.373,77.6
2003-02-14T17:10,50.23251,-0.33194,13.225,76.9
2003-02-14T17:20,50.24062,-0.27588,13.352,77.1
2003-02-14T17:30,50.24929,-0.22005,13.29,72.6
2003-02-14T17:40,50.26084,-0.16563,13.565,70.2
2003-02-14T17:50,50.27264,-0.11095,13.42,70.6
2003-02-14T18:00,50.28215,-0.05508,13.52,78.6
2003-02-14T18:10,50.28959,0.00176,13.428,78.7
2003-02-14T18:20,50.29781,0.05838,13.172,75.5
2003-02-14T18:30,50.30998,0.11325,13.577,70.4
2003-02-14T18:40,50.32221,0.16876,13.711,72.3
2003-02-14T18:50,50.33405,0.22473,13.488,70.2
2003-02-14T19:00,50.34708,0.28022,13.474,65.2
2003-02-14T19:10,50.36412,0.33241,13.544,67.5
2003-02-14T19:20,50.37976,0.38576,13.472,65.0
2003-02-14T19:30,50.39449,0.43928,13.276,66.2
2003-02-14T19:40,50.41045,0.49178,13.323,63.6
2003-02-14T19:50,50.42397,0.54586,13.312,77.2
2003-02-14T20:00,50.42789,0.6032,13.117,84.0
2003-02-14T20:10,50.43357,0.65981,13.142,78.2
2003-02-14T20:20,50.44083,0.71577,12.808,78.1
2003-02-14T20:30,50.44801,0.77083,12.501,78.0
2003-02-14T20:40,50.4553,0.8253,12.639,77.5
2003-02-14T20:50,50.46259,0.87954,12.574,77.6
2003-02-14T21:00,50.46991,0.93396,12.515,78.9
2003-02-14T21:10,50.48236,0.98496,12.928,55.5
2003-02-14T21:20,50.50352,1.03081,13.161,54.0
2003-02-14T21:30,50.52643,1.07473,12.963,48.3
2003-02-14T21:40,50.55012,1.11801,13.022,49.2
2003-02-14T21:50,50.57425,1.16111,13.11,48.3
2003-02-14T22:00,50.5985,1.2042,13.258,49.6
2003-02-14T22:10,50.62205,1.24843,13.266,48.9
2003-02-14T22:20,50.64596,1.29209,13.471,49.3
2003-02-14T22:30,50.67223,1.33206,13.35,34.5
2003-02-14T22:40,50.70334,1.36373,13.951,31.8
2003-02-14T22:50,50.73533,1.39506,13.501,31.3
2003-02-14T23:00,50.77103,1.4158,13.754,13.9
2003-02-14T23:10,50.80912,1.43154,14.313,14.3
2003-02-14T23:20,50.84615,1.44837,13.102,17.3
2003-02-14T23:30,50.88087,1.46564,13.118,17.8
2003-02-14T23:40,50.91392,1.48878,12.992,32.9
2003-02-14T23:50,50.94408,1.52056,13.014,34.2
2003-02-15T00:00,50.97378,1.55273,12.821,35.0
2003-02-15T00:10,50.99703,1.57994,10.761,35.8
2003-02-15T00:20,51.02315,1.60823,13.238,30.1
2003-02-15T00:30,51.05597,1.63735,13.647,28.5
2003-02-15T00:40,51.08425,1.66603,12.062,30.7
2003-02-15T00:50,51.11576,1.69602,13.443,31.8
2003-02-15T01:00,51.14737,1.72792,13.483,33.1
2003-02-15T01:10,51.17631,1.76466,13.278,43.8
2003-02-15T01:20,51.20171,1.8062,13.012,45.8
2003-02-15T01:30,51.22658,1.84765,13.012,45.9
2003-02-15T01:40,51.25143,1.88879,12.959,46.2
2003-02-15T01:50,51.276,1.93087,12.92,47.0
2003-02-15T02:00,51.30071,1.9722,12.895,44.7
2003-02-15T02:10,51.32542,2.01248,11.302,48.6
2003-02-15T02:20,51.34648,2.04905,11.156,46.7
2003-02-15T02:30,51.36933,2.08631,12.656,45.0
2003-02-15T02:40,51.39411,2.1259,12.58,44.8
2003-02-15T02:50,51.41995,2.16353,11.982,40.6
2003-02-15T03:00,51.44695,2.19894,12.563,38.2
2003-02-15T03:10,51.47345,2.23526,12.47,41.2
2003-02-15T03:20,51.49952,2.27185,12.377,41.5
2003-02-15T03:30,51.52562,2.30837,12.447,41.3
2003-02-15T03:40,51.55138,2.34463,12.202,41.5
2003-02-15T03:50,51.578,2.37873,9.951,37.4
2003-02-15T04:00,51.60493,2.41137,12.078,36.2
2003-02-15T04:10,51.63126,2.44451,11.911,39.1
2003-02-15T04:20,51.65659,2.47908,11.925,40.9
2003-02-15T04:30,51.68154,2.51389,11.862,40.7
2003-02-15T04:40,51.70668,2.54745,11.636,39.8
2003-02-15T04:50,51.73171,2.58028,11.498,39.4
2003-02-15T05:00,51.75656,2.61279,11.529,38.6
2003-02-15T05:10,51.7815,2.64453,11.375,38.5
2003-02-15T05:20,51.80623,2.67643,11.356,38.2
2003-02-15T05:30,51.83062,2.7082,12.804,34.4
2003-02-15T05:40,51.85509,2.73918,11.229,37.4
2003-02-15T05:50,51.87961,2.76944,11.086,36.0
2003-02-15T06:00,51.90432,2.79896,11.006,36.2
2003-02-15T06:10,51.92865,2.82858,10.996,37.3
2003-02-15T06:20,51.95261,2.85892,10.87,36.0
2003-02-15T06:30,51.97668,2.88892,10.824,37.2
2003-02-15T06:40,52.00025,2.9189,10.68,46.6
2003-02-15T06:50,52.01953,2.95629,10.79,46.9
2003-02-15T07:00,52.04069,2.99026,10.783,43.3
2003-02-15T07:10,52.0623,3.02323,10.491,43.0
2003-02-15T07:20,52.08379,3.05595,11.019,41.5
2003-02-15T07:30,52.10509,3.08852,10.487,43.7
2003-02-15T07:40,52.12743,3.11939,10.43,40.5
2003-02-15T07:50,52.14801,3.15381,10.632,46.9
2003-02-15T08:00,52.1683,3.18828,10.664,45.5
2003-02-15T08:10,52.18888,3.22293,10.524,43.9
2003-02-15T08:20,52.2101,3.25686,10.772,43.8
2003-02-15T08:30,52.23192,3.2907,10.911,42.4
2003-02-15T08:40,52.2535,3.32439,9.043,51.1
2003-02-15T08:50,52.26877,3.35045,8.068,44.1
2003-02-15T09:00,52.285,3.37625,8.174,42.3
2003-02-15T09:10,52.30165,3.40257,8.375,42.5
2003-02-15T09:20,52.31863,3.42892,8.194,42.0
2003-02-15T09:30,52.33558,3.45499,8.43,43.3
2003-02-15T09:40,52.35293,3.48147,8.609,42.9
2003-02-15T09:50,52.36764,3.5063,5.443,45.0
2003-02-15T10:00,52.37985,3.52793,8.316,47.5
2003-02-15T10:10,52.39623,3.556,8.623,45.1
2003-02-15T10:20,52.41356,3.58337,8.775,42.4
2003-02-15T10:30,52.43122,3.6108,10.269,42.2
2003-02-15T10:40,52.44905,3.63858,8.897,43.2
2003-02-15T10:50,52.46668,3.66621,8.718,43.0
2003-02-15T11:00,52.48419,3.69324,8.708,40.2
2003-02-15T11:10,52.50223,3.71997,8.827,41.3
2003-02-15T11:20,52.52019,3.74745,8.888,43.0
2003-02-15T11:30,52.53822,3.77533,9.009,44.2
2003-02-15T11:40,52.55655,3.80383,9.182,43.4
2003-02-15T11:50,52.57448,3.83356,9.106,47.1
2003-02-15T12:00,52.59239,3.86395,9.259,47.2
2003-02-15T12:10,52.61035,3.89497,9.374,46.8
2003-02-15T12:20,52.62842,3.92621,9.566,43.9
2003-02-15T12:30,52.64696,3.95709,9.526,46.6
2003-02-15T12:40,52.6663,3.98719,9.609,43.6
2003-02-15T12:50,52.68592,4.01777,9.298,44.9
2003-02-15T13:00,52.70572,4.04787,9.156,42.0
2003-02-15T13:10,52.72442,4.07571,9.184,42.6
2003-02-15T13:20,52.74216,4.10189,8.364,41.0
2003-02-15T13:30,52.75918,4.12785,8.328,44.1
2003-02-15T13:40,52.77583,4.15503,8.478,43.4
2003-02-15T13:50,52.79314,4.1817,8.555,41.6
2003-02-15T14:00,52.8156,4.19813,8.97,21.2
2003-02-15T14:10,52.83832,4.21233,8.434,19.1
2003-02-15T14:20,52.86003,4.22609,8.274,25.4
2003-02-15T14:30,52.88056,4.24363,8.384,28.2
2003-02-15T14:40,52.9009,4.26232,8.396,28.4
2003-02-15T14:50,52.92115,4.28168,8.395,29.9
2003-02-15T15:00,52.94151,4.30018,8.427,25.5
2003-02-15T15:10,52.9625,4.31726,8.429,26.9
2003-02-15T15:20,52.98353,4.33519,8.529,26.9
2003-02-15T15:30,53.00552,4.35204,8.858,22.4
2003-02-15T15:40,53.02759,4.36948,8.805,28.6
2003-02-15T15:50,53.04894,4.38913,8.729,29.7
2003-02-15T16:00,53.0699,4.40909,8.605,30.6
2003-02-15T16:10,53.09073,4.42859,8.634,30.3
2003-02-15T16:20,53.1116,4.44865,8.712,32.0
2003-02-15T16:30,53.13234,4.46885,8.651,30.2
2003-02-15T16:40,53.15313,4.4885,8.605,30.0
2003-02-15T16:50,53.17399,4.50864,8.617,31.5
2003-02-15T17:00,53.19458,4.52912,8.757,30.9
2003-02-15T17:10,53.21532,4.55011,8.764,31.2
2003-02-15T17:20,53.23615,4.57085,8.531,31.4
2003-02-15T17:30,53.25615,4.5907,8.247,28.3
2003-02-15T17:40,53.27647,4.61015,8.643,29.8
2003-02-15T17:50,53.29752,4.63084,8.875,30.2
2003-02-15T18:00,53.31853,4.65186,8.698,31.6
2003-02-15T18:10,53.33946,4.67225,8.689,29.2
2003-02-15T18:20,53.36101,4.69111,8.613,24.8
2003-02-15T18:30,53.38266,4.70723,8.445,21.4
2003-02-15T18:40,53.40402,4.72245,8.347,22.5
2003-02-15T18:50,53.41367,4.75563,8.308,71.8
2003-02-15T19:00,53.42097,4.79246,8.242,73.2
2003-02-15T19:10,53.42814,4.82905,8.24,71.2
2003-02-15T19:20,53.43576,4.86584,8.258,70.3
2003-02-15T19:30,53.44391,4.90212,8.571,69.0
2003-02-15T19:40,53.45308,4.93848,8.509,70.9
2003-02-15T19:50,53.46051,4.97575,8.179,73.3
2003-02-15T20:00,53.46806,5.0117,8.163,70.7
2003-02-15T20:10,53.47554,5.04779,8.138,71.4
2003-02-15T20:20,53.48287,5.08338,8.075,70.5
2003-02-15T20:30,53.49017,5.11897,8.296,71.5
2003-02-15T20:40,53.49756,5.15509,8.151,71.9
2003-02-15T20:50,53.50501,5.1908,8.127,70.4
2003-02-15T21:00,53.51236,5.22632,8.016,71.3
2003-02-15T21:10,53.51982,5.26242,8.389,69.8
2003-02-15T21:20,53.52741,5.29921,8.204,69.7
2003-02-15T21:30,53.53483,5.3349,7.96,70.7
2003-02-15T21:40,53.54193,5.36967,7.752,71.3
2003-02-15T21:50,53.54921,5.40516,8.093,70.7
2003-02-15T22:00,53.55655,5.44089,8.076,71.3
2003-02-15T22:10,53.5639,5.47612,8.002,69.5
2003-02-15T22:20,53.57123,5.51139,7.937,70.4
2003-02-15T22:30,53.57837,5.54665,7.943,70.3
2003-02-15T22:40,53.58559,5.58144,7.937,70.9
2003-02-15T22:50,53.59305,5.61643,8.356,69.9
2003-02-15T23:00,53.59996,5.65115,7.72,72.1
2003-02-15T23:10,53.60691,5.68577,7.772,70.3
2003-02-15T23:20,53.61398,5.72019,7.771,71.2
2003-02-15T23:30,53.62126,5.75413,7.635,71.2
2003-02-15T23:40,53.62859,5.78743,7.568,66.8
2003-02-15T23:50,53.63539,5.82073,7.582,71.4
2003-02-16T00:00,53.64255,5.85417,7.615,69.2
2003-02-16T00:10,53.64875,5.88831,7.631,69.4
2003-02-16T00:20,53.65628,5.92232,7.828,69.3
2003-02-16T00:30,53.66353,5.95739,7.888,70.8
2003-02-16T00:40,53.67089,5.99243,7.896,68.5
2003-02-16T00:50,53.67949,6.02668,7.821,69.6
2003-02-16T01:00,53.68657,6.0621,7.99,70.6
2003-02-16T01:10,53.69333,6.09762,7.82,72.5
2003-02-16T01:20,53.69963,6.13289,7.776,70.2
2003-02-16T01:30,53.70672,6.16716,7.768,69.5
2003-02-16T01:40,53.71426,6.20121,7.79,70.4
2003-02-16T01:50,53.72189,6.23536,7.838,69.7
2003-02-16T02:00,53.7288,6.27042,7.672,73.3
2003-02-16T02:10,53.73531,6.30612,8.032,73.6
2003-02-16T02:20,53.74162,6.34117,7.316,72.5
2003-02-16T02:30,53.74818,6.37626,7.883,72.9
2003-02-16T02:40,53.75357,6.41257,7.978,71.7
2003-02-16T02:50,53.75885,6.44961,8.18,76.6
2003-02-16T03:00,53.7646,6.48653,8.234,76.5
2003-02-16T03:10,53.77032,6.52405,8.196,75.3
2003-02-16T03:20,53.776,6.562,8.302,74.6
2003-02-16T03:30,53.78166,6.59977,8.333,76.2
2003-02-16T03:40,53.7849,6.63895,8.44,84.3
2003-02-16T03:50,53.78842,6.67817,8.452,78.5
2003-02-16T04:00,53.79314,6.71741,8.647,77.3
2003-02-16T04:10,53.79866,6.75712,8.66,76.9
2003-02-16T04:20,53.80387,6.79687,8.584,77.9
2003-02-16T04:30,53.81013,6.83643,8.801,75.5
2003-02-16T04:40,53.81517,6.87668,8.092,80.6
2003-02-16T04:50,53.82018,6.91307,7.939,76.0
2003-02-16T05:00,53.82536,6.9496,8.042,76.0
2003-02-16T05:10,53.83037,6.98651,8.059,73.8
2003-02-16T05:20,53.83584,7.02389,8.201,76.3
2003-02-16T05:30,53.84158,7.06069,7.694,76.5
2003-02-16T05:40,53.84579,7.09794,8.154,79.5
2003-02-16T05:50,53.85041,7.13557,8.269,78.5
2003-02-16T06:00,53.85523,7.17382,8.475,76.6
2003-02-16T06:10,53.86108,7.21224,8.371,74.1
2003-02-16T06:20,53.86713,7.24984,8.26,73.0
2003-02-16T06:30,53.8731,7.28668,7.52,79.7
2003-02-16T06:40,53.8778,7.32104,7.631,78.9
2003-02-16T06:50,53.8824,7.35726,7.992,77.2
2003-02-16T07:00,53.88725,7.39396,7.996,77.0
2003-02-16T07:10,53.89228,7.43097,8.138,77.9
2003-02-16T07:20,53.89727,7.46861,8.105,75.3
2003-02-16T07:30,53.90258,7.50642,8.261,77.6
2003-02-16T07:40,53.90191,7.5439,7.464,101.4
2003-02-16T07:50,53.89795,7.57764,7.308,104.0
2003-02-16T08:00,53.89382,7.61145,7.378,101.0
2003-02-16T08:10,53.8899,7.64553,7.392,101.5
2003-02-16T08:20,53.88496,7.67907,7.298,104.0
2003-02-16T08:30,53.8799,7.71249,7.262,102.4
2003-02-16T08:40,53.87796,7.74651,7.899,91.7
2003-02-16T08:50,53.87812,7.78238,7.387,89.5
2003-02-16T09:00,53.88105,7.82362,8.416,81.7
2003-02-16T09:10,53.8765,7.84942,3.922,153.2
2003-02-16T09:20,53.8622,7.89136,15.17,104.9
2003-02-16T09:30,53.85404,7.96121,15.138,100.5
2003-02-16T09:40,53.84393,8.03059,15.053,114.2
2003-02-16T09:50,53.82522,8.09375,14.704,120.2
2003-02-16T10:00,53.79309,8.14094,15.584,140.5
2003-02-16T10:10,53.76115,8.18812,15.497,140.3
2003-02-16T10:20,53.73228,8.24452,15.894,120.4
2003-02-16T10:30,53.70992,8.3073,15.379,122.4
2003-02-16T10:40,53.68082,8.36083,15.591,140.0
2003-02-16T10:50,53.64775,8.409,16.019,125.5
2003-02-16T11:00,53.62222,8.47101,15.786,125.7
2003-02-16T11:10,53.59541,8.51243,7.492,148.0
2003-02-16T11:20,53.58068,8.52854,5.992,149.1
2003-02-16T11:30,53.56719,8.5429,4.415,150.0
2003-02-16T11:40,53.56337,8.54822,3.079,14.5
2003-02-16T11:50,53.56916,8.54976,1.08,358.6
2003-02-16T12:00,53.56996,8.54996,0.0,0.0
2003-02-16T12:10,53.56996,8.54996,0.09,196.5
2003-02-16T12:20,53.57377,8.55079,0.271,71.4
2003-02-16T12:30,53.57216,8.55312,1.955,174.0
2003-02-16T12:40,53.56689,8.55462,0.42,117.6
2003-02-16T12:51,53.56678,8.55506,0.013,270.0
2003-02-16T13:01,53.56678,8.55506,2.812,194.5
2003-02-16T13:11,53.56679,8.55507,0.025,30.7
2003-02-16T13:21,53.56681,8.55507,0.537,229.9
2003-02-16T13:31,53.56682,8.55507,1.202,120.2
2003-02-16T13:41,53.56683,8.55508,0.025,329.3
2003-02-16T13:51,53.56682,8.55507,0.0,0.0
2003-02-17T07:00,53.56679,8.555,0.013,90.0
2003-02-17T07:10,53.56682,8.55502,0.013,90.0
2003-02-17T07:20,53.56683,8.55503,0.0,0.0
2003-02-17T13:21,53.56682,8.5551,0.0,0.0
2003-02-17T13:31,53.56683,8.55508,0.026,270.0
2003-02-17T13:41,53.56682,8.55507,0.962,291.0
2003-02-17T13:52,53.56682,8.55506,0.025,30.7
2003-02-17T14:02,53.56683,8.55506,0.013,270.0
2003-02-17T14:12,53.56684,8.55507,0.013,90.0
2003-02-17T14:22,53.56683,8.55506,0.943,114.3
2003-02-17T14:32,53.56683,8.55507,0.013,270.0
2003-02-17T14:42,53.56683,8.55508,0.034,310.1
2003-02-17T14:52,53.56682,8.55506,1.23,106.3
2003-02-17T15:02,53.56682,8.55505,0.034,130.1
2003-02-17T15:12,53.56681,8.55505,0.022,180.0
2003-02-17T15:22,53.56681,8.55504,0.013,270.0
2003-02-17T15:32,53.56682,8.55505,0.849,252.2
2003-02-17T15:42,53.56682,8.55504,0.09,343.5
2003-02-17T15:52,53.56681,8.55505,1.236,228.4
2003-02-17T16:02,53.56681,8.55506,0.0,0.0
2003-02-17T16:12,53.56681,8.55505,0.0,0.0
2003-02-17T16:22,53.5668,8.55506,0.013,270.0
2003-02-17T16:32,53.5668,8.55507,0.013,270.0
2003-02-17T16:42,53.56679,8.55507,0.025,30.7
2003-02-17T16:52,53.56679,8.55506,0.0,0.0
2003-02-17T17:02,53.5668,8.55507,0.939,62.6
2003-02-17T17:12,53.56679,8.55506,0.034,229.9
2003-02-17T17:22,53.56681,8.5551,1.641,53.7
2003-02-17T17:32,53.56679,8.55507,0.025,210.7
2003-02-17T17:42,53.5668,8.5551,0.025,210.7
2003-02-17T17:52,53.5668,8.55507,0.847,270.0
2003-02-17T18:02,53.5668,8.55506,0.013,90.0
2003-02-17T18:12,53.5668,8.55508,0.0,0.0
2003-02-17T18:22,53.56681,8.55507,0.013,270.0
2003-02-17T18:32,53.56682,8.55506,0.0,0.0
2003-02-17T18:42,53.56682,8.55507,0.334,273.7
2003-02-17T18:52,53.56682,8.55506,0.013,270.0
2003-02-17T19:02,53.56683,8.55508,0.022,180.0
2003-02-17T19:12,53.56683,8.55508,0.026,270.0
2003-02-17T19:22,53.56683,8.55508,0.533,260.7
2003-02-17T19:32,53.56683,8.55506,0.025,210.7
2003-02-17T19:42,53.56683,8.55508,0.022,0.0
2003-02-17T19:52,53.56682,8.55508,0.013,90.0
2003-02-17T20:02,53.56682,8.55506,0.197,77.3
2003-02-17T20:12,53.56681,8.55506,0.013,270.0
2003-02-17T20:22,53.5668,8.55503,0.022,180.0
2003-02-17T20:32,53.5668,8.55506,0.025,30.7
2003-02-17T20:42,53.5668,8.55506,0.013,270.0
2003-02-17T20:52,53.5668,8.55506,0.0,0.0
2003-02-17T21:02,53.56679,8.55506,0.025,30.7
2003-02-17T21:12,53.5668,8.55505,1.09,335.7
2003-02-17T21:22,53.5668,8.55503,0.034,229.9
2003-02-17T21:32,53.56681,8.55503,0.0,0.0
2003-02-17T21:43,53.56681,8.55503,0.022,180.0
2003-02-17T21:53,53.56682,8.55505,0.635,82.2
2003-02-17T22:03,53.56682,8.55507,0.013,90.0
2003-02-17T22:13,53.56682,8.55506,0.179,291.2
2003-02-17T22:23,53.56682,8.55506,0.013,90.0
2003-02-17T22:33,53.56682,8.55505,0.0,0.0
2003-02-17T22:43,53.56682,8.55506,0.022,180.0
2003-02-17T22:53,53.56682,8.55506,0.681,93.6
2003-02-17T23:03,53.56703,8.55529,0.0,0.0
2003-02-17T23:13,53.56682,8.55506,0.0,0.0
2003-02-17T23:23,53.56703,8.55529,0.0,0.0
2003-02-17T23:33,53.56682,8.55506,0.013,270.0
2003-02-17T23:43,53.56682,8.55507,0.013,90.0
2003-02-17T23:53,53.56703,8.55529,0.0,0.0
