timestamp,latitude,longitude,speed,heading
2019-02-09T04:20,-53.17117,-70.88401,0.025,36.4
2019-02-09T04:30,-53.171,-70.88406,0.062,351.6
2019-02-09T04:40,-53.17112,-70.88409,0.045,189.3
2019-02-09T04:50,-53.17112,-70.88419,0.023,274.6
2019-02-09T05:00,-53.17112,-70.88421,0.005,247.4
2019-02-09T05:10,-53.17112,-70.88403,0.039,90.0
2019-02-09T05:20,-53.17065,-70.88354,0.2,32.3
2019-02-09T05:30,-53.17045,-70.88346,0.074,13.1
2019-02-09T05:40,-53.17048,-70.88348,0.012,203.0
2019-02-09T05:50,-53.17048,-70.8836,0.026,274.8
2019-02-09T06:00,-53.17069,-70.88371,0.079,197.1
2019-02-09T06:10,-53.17065,-70.88359,0.029,63.9
2019-02-09T06:20,-53.17039,-70.88348,0.1,14.3
2019-02-09T06:30,-53.17034,-70.88336,0.031,56.3
2019-02-09T06:40,-53.17021,-70.88343,0.048,341.5
2019-02-09T06:50,-53.17032,-70.88332,0.045,149.3
2019-02-09T07:00,-53.1704,-70.88334,0.031,187.2
2019-02-09T07:10,-53.17005,-70.88343,0.128,351.7
2019-02-09T07:20,-53.17067,-70.88357,0.224,188.0
2019-02-09T07:30,-53.16993,-70.8836,0.267,358.7
2019-02-09T07:40,-53.17078,-70.8837,0.309,183.9
2019-02-09T07:50,-53.17013,-70.88347,0.24,11.5
2019-02-09T08:00,-53.17071,-70.88359,0.211,186.7
2019-02-09T08:10,-53.17022,-70.88338,0.185,14.2
2019-02-09T08:20,-53.17066,-70.88355,0.164,192.8
2019-02-09T08:30,-53.17045,-70.8833,0.094,34.6
2019-02-09T08:40,-53.17025,-70.88331,0.071,357.4
2019-02-09T08:50,-53.17056,-70.88316,0.117,163.6
2019-02-09T09:00,-53.17021,-70.8833,0.131,346.4
2019-02-09T09:10,-53.1707,-70.88318,0.178,171.4
2019-02-09T09:20,-53.17018,-70.88332,0.187,350.7
2019-02-09T09:30,-53.17082,-70.88351,0.232,190.3
2019-02-09T09:40,-53.17058,-70.8833,0.099,28.5
2019-02-09T09:50,-53.17063,-70.8833,0.018,179.3
2019-02-09T10:00,-53.1701,-70.88325,0.191,3.0
2019-02-09T10:10,-53.17052,-70.88334,0.154,187.0
2019-02-09T10:20,-53.17007,-70.88327,0.165,4.5
2019-02-09T10:30,-53.17064,-70.8834,0.208,187.3
2019-02-09T10:40,-53.17014,-70.88332,0.18,5.6
2019-02-09T10:50,-53.17045,-70.88345,0.116,194.5
2019-02-09T11:00,-53.17,-70.88328,0.169,12.5
2019-02-09T11:10,-53.17064,-70.88343,0.233,187.6
2019-02-09T11:20,-53.17004,-70.88332,0.217,5.8
2019-02-09T11:30,-53.17037,-70.88337,0.12,185.2
2019-02-09T11:40,-53.17023,-70.88316,0.068,41.6
2019-02-09T11:50,-53.1705,-70.88348,0.118,215.4
2019-02-09T12:00,-53.17021,-70.88315,0.125,35.0
2019-02-09T12:10,-53.17004,-70.8835,0.098,308.9
2019-02-09T12:20,-53.17002,-70.8832,0.065,84.9
2019-02-09T12:30,-53.17034,-70.88333,0.116,193.5
2019-02-09T12:40,-53.17023,-70.88319,0.049,37.7
2019-02-09T12:50,-53.17025,-70.88311,0.019,115.2
2019-02-09T13:00,-53.16996,-70.88332,0.115,337.1
2019-02-09T13:10,-53.17012,-70.88317,0.068,152.5
2019-02-09T13:20,-53.17015,-70.88318,0.009,184.1
2019-02-09T13:30,-53.17033,-70.88325,0.069,194.0
2019-02-09T13:40,-53.16978,-70.88355,0.211,342.5
2019-02-09T13:50,-53.17048,-70.88316,0.267,161.9
2019-02-09T14:00,-53.16998,-70.88321,0.18,357.1
2019-02-09T14:10,-53.1705,-70.88298,0.194,165.2
2019-02-09T14:20,-53.17048,-70.88324,0.058,276.7
2019-02-09T14:30,-53.17014,-70.88308,0.128,15.9
2019-02-09T14:40,-53.17078,-70.88345,0.244,199.2
2019-02-09T14:50,-53.16967,-70.8835,0.399,358.7
2019-02-09T15:00,-53.1706,-70.88317,0.34,167.9
2019-02-09T15:10,-53.16972,-70.88331,0.318,354.3
2019-02-09T15:20,-53.17033,-70.88291,0.237,158.4
2019-02-09T15:30,-53.1701,-70.88315,0.098,328.6
2019-02-09T15:40,-53.17063,-70.88312,0.193,178.3
2019-02-09T15:50,-53.1699,-70.88317,0.263,357.6
2019-02-09T16:00,-53.17076,-70.8832,0.309,181.2
2019-02-09T16:10,-53.16969,-70.88338,0.388,354.4
2019-02-09T16:20,-53.17064,-70.88333,0.344,178.1
2019-02-09T16:30,-53.17004,-70.8832,0.218,7.2
2019-02-09T16:40,-53.17039,-70.88327,0.127,186.6
2019-02-09T16:50,-53.1706,-70.88296,0.099,138.1
2019-02-09T17:00,-53.16981,-70.88324,0.289,348.0
2019-02-09T17:10,-53.17034,-70.883,0.197,165.0
2019-02-09T17:20,-53.17026,-70.8831,0.035,322.0
2019-02-09T17:30,-53.1708,-70.88303,0.195,175.6
2019-02-09T17:40,-53.17009,-70.88302,0.256,0.7
2019-02-09T17:50,-53.17053,-70.88314,0.161,189.1
2019-02-09T18:00,-53.17063,-70.88295,0.054,132.5
2019-02-09T18:10,-53.16968,-70.88333,0.352,346.5
2019-02-09T18:20,-53.17075,-70.88322,0.385,176.4
2019-02-09T18:30,-53.16991,-70.8831,0.304,5.1
2019-02-09T18:40,-53.17078,-70.88313,0.315,181.4
2019-02-09T18:50,-53.16986,-70.88314,0.333,359.9
2019-02-09T19:00,-53.17086,-70.88326,0.361,184.1
2019-02-09T19:10,-53.17002,-70.88317,0.304,3.6
2019-02-09T19:20,-53.17037,-70.8831,0.13,173.7
2019-02-09T19:30,-53.1705,-70.88293,0.059,142.2
2019-02-09T19:40,-53.16979,-70.88324,0.264,345.7
2019-02-09T19:50,-53.17069,-70.8833,0.325,182.5
2019-02-09T20:00,-53.16998,-70.88301,0.266,13.7
2019-02-09T20:10,-53.17052,-70.88299,0.198,178.7
2019-02-09T20:20,-53.16988,-70.88306,0.233,356.2
2019-02-09T20:30,-53.17026,-70.88283,0.146,160.3
2019-02-09T20:40,-53.17049,-70.88291,0.083,191.2
2019-02-09T20:50,-53.16991,-70.88302,0.21,353.4
2019-02-09T21:00,-53.17061,-70.88295,0.251,176.7
2019-02-09T21:10,-53.16974,-70.88315,0.316,352.3
2019-02-09T21:20,-53.17066,-70.8829,0.335,170.7
2019-02-09T21:30,-53.1701,-70.88301,0.201,353.0
2019-02-09T21:40,-53.17048,-70.88279,0.145,161.0
2019-02-09T21:50,-53.17015,-70.88307,0.134,333.2
2019-02-09T22:00,-53.17023,-70.88284,0.059,119.7
2019-02-09T22:10,-53.17044,-70.88297,0.081,201.5
2019-02-09T22:20,-53.16975,-70.8832,0.252,349.0
2019-02-09T22:30,-53.17036,-70.88293,0.224,165.4
2019-02-09T22:40,-53.16988,-70.88312,0.177,346.9
2019-02-09T22:50,-53.17008,-70.88284,0.094,140.3
2019-02-09T23:00,-53.16973,-70.88313,0.14,333.4
2019-02-09T23:10,-53.17024,-70.88292,0.19,165.7
2019-02-09T23:20,-53.17003,-70.88293,0.075,358.0
2019-02-09T23:30,-53.17019,-70.88295,0.056,183.8
2019-02-09T23:40,-53.16984,-70.88307,0.129,347.7
2019-02-09T23:50,-53.1701,-70.88286,0.103,153.5
2019-02-10T00:00,-53.17009,-70.88294,0.018,280.4
2019-02-10T00:10,-53.17,-70.88296,0.032,351.9
2019-02-10T00:20,-53.16998,-70.88292,0.011,63.6
2019-02-10T00:30,-53.16994,-70.88313,0.049,287.6
2019-02-10T00:40,-53.16994,-70.88299,0.032,86.8
2019-02-10T00:50,-53.17008,-70.88299,0.053,181.9
2019-02-10T01:00,-53.16961,-70.88343,0.194,331.0
2019-02-10T01:10,-53.1701,-70.88306,0.191,155.5
2019-02-10T01:20,-53.16977,-70.88318,0.12,347.2
2019-02-10T01:30,-53.17007,-70.88304,0.114,163.8
2019-02-10T01:40,-53.16984,-70.88309,0.087,353.0
2019-02-10T01:50,-53.17012,-70.88301,0.103,171.4
2019-02-10T02:00,-53.16983,-70.88312,0.107,347.5
2019-02-10T02:10,-53.16989,-70.88311,0.021,172.5
2019-02-10T02:20,-53.16973,-70.88318,0.06,345.0
2019-02-10T02:30,-53.17003,-70.88294,0.12,154.1
2019-02-10T02:40,-53.16983,-70.88309,0.077,334.4
2019-02-10T02:50,-53.16997,-70.88292,0.063,143.0
2019-02-10T03:00,-53.16961,-70.88333,0.158,326.0
2019-02-10T03:10,-53.16982,-70.88303,0.098,140.0
2019-02-10T03:20,-53.16941,-70.88373,0.21,314.0
2019-02-10T03:30,-53.16992,-70.88315,0.223,145.2
2019-02-10T03:40,-53.16953,-70.88344,0.155,335.4
2019-02-10T03:50,-53.17009,-70.88309,0.215,159.2
2019-02-10T04:00,-53.16959,-70.88347,0.196,335.3
2019-02-10T04:10,-53.16951,-70.88357,0.036,325.8
2019-02-10T04:20,-53.16965,-70.88369,0.057,208.5
2019-02-10T04:30,-53.16942,-70.88387,0.09,334.2
2019-02-10T04:40,-53.16999,-70.8833,0.239,149.1
2019-02-10T04:50,-53.17004,-70.88301,0.065,104.5
2019-02-10T05:00,-53.17001,-70.88301,0.01,0.0
2019-02-10T05:10,-53.17007,-70.88308,0.027,214.0
2019-02-10T05:20,-53.16986,-70.88308,0.078,0.0
2019-02-10T05:30,-53.16988,-70.88314,0.013,240.0
2019-02-10T05:40,-53.17008,-70.88311,0.073,175.4
2019-02-10T05:50,-53.17007,-70.88309,0.006,37.6
2019-02-10T06:00,-53.16991,-70.8832,0.061,338.3
2019-02-10T06:10,-53.16993,-70.88325,0.013,235.0
2019-02-10T06:20,-53.1698,-70.8833,0.049,346.0
2019-02-10T06:30,-53.16998,-70.88335,0.066,188.5
2019-02-10T06:40,-53.16994,-70.88328,0.019,48.1
2019-02-10T06:50,-53.1698,-70.88328,0.051,0.0
2019-02-10T07:00,-53.16985,-70.88332,0.022,203.7
2019-02-10T07:10,-53.16995,-70.88318,0.046,139.7
2019-02-10T07:20,-53.1701,-70.8832,0.054,182.7
2019-02-10T07:30,-53.16995,-70.88312,0.058,16.0
2019-02-10T07:40,-53.17005,-70.8831,0.039,174.0
2019-02-10T07:50,-53.17012,-70.88306,0.025,158.4
2019-02-10T08:00,-53.17025,-70.88298,0.051,159.9
2019-02-10T08:10,-53.17034,-70.88306,0.036,210.4
2019-02-10T08:20,-53.17023,-70.88304,0.039,7.9
2019-02-10T08:30,-53.17012,-70.8831,0.042,340.3
2019-02-10T08:40,-53.16987,-70.88322,0.094,344.6
2019-02-10T08:50,-53.16957,-70.88355,0.131,327.0
2019-02-10T09:00,-53.16966,-70.88353,0.034,172.0
2019-02-10T09:10,-53.16976,-70.88353,0.034,180.0
2019-02-10T09:20,-53.17,-70.88307,0.132,131.7
2019-02-10T09:30,-53.16968,-70.88326,0.124,340.2
2019-02-10T09:40,-53.16994,-70.88315,0.099,165.9
2019-02-10T09:50,-53.17022,-70.88294,0.11,155.4
2019-02-10T10:00,-53.1701,-70.88301,0.048,342.3
2019-02-10T10:10,-53.17026,-70.88307,0.061,193.8
2019-02-10T10:20,-53.16989,-70.88312,0.133,355.4
2019-02-10T10:30,-53.16989,-70.8832,0.017,272.4
2019-02-10T10:40,-53.1699,-70.8831,0.022,104.0
2019-02-10T10:50,-53.16958,-70.88344,0.139,327.9
2019-02-10T11:00,-53.16979,-70.88336,0.078,166.7
2019-02-10T11:10,-53.16956,-70.88345,0.085,347.1
2019-02-10T11:20,-53.16956,-70.8835,0.01,263.9
2019-02-10T11:30,-53.16931,-70.884,0.142,309.6
2019-02-10T11:40,-53.16966,-70.88326,0.204,127.9
2019-02-10T11:50,-53.16924,-70.88399,0.218,313.8
2019-02-10T12:00,-53.1693,-70.88395,0.023,161.8
2019-02-10T12:10,-53.1696,-70.88346,0.152,135.7
2019-02-10T12:20,-53.16913,-70.88431,0.248,312.6
2019-02-10T12:30,-53.16954,-70.8832,0.281,121.8
2019-02-10T12:40,-53.16924,-70.88395,0.196,304.4
2019-02-10T12:50,-53.16921,-70.88408,0.031,288.6
2019-02-10T13:00,-53.16938,-70.88344,0.151,114.3
2019-02-10T13:10,-53.16918,-70.88416,0.171,294.8
2019-02-10T13:20,-53.1691,-70.88466,0.111,285.8
2019-02-10T13:30,-53.16947,-70.8834,0.303,115.9
2019-02-10T13:40,-53.16945,-70.88363,0.05,276.6
2019-02-10T13:50,-53.1691,-70.88426,0.186,313.2
2019-02-10T14:00,-53.16917,-70.88408,0.046,123.4
2019-02-10T14:10,-53.16925,-70.88383,0.061,116.7
2019-02-10T14:20,-53.16902,-70.88483,0.232,290.9
2019-02-10T14:30,-53.16909,-70.88433,0.113,104.1
2019-02-10T14:40,-53.16941,-70.88358,0.197,125.4
2019-02-10T14:50,-53.16901,-70.88482,0.303,298.1
2019-02-10T15:00,-53.16903,-70.88471,0.025,104.5
2019-02-10T15:10,-53.16922,-70.88386,0.194,110.1
2019-02-10T15:20,-53.16902,-70.88525,0.307,283.2
2019-02-10T15:30,-53.16895,-70.88399,0.272,84.8
2019-02-10T15:40,-53.16877,-70.88507,0.242,286.2
2019-02-10T15:50,-53.16879,-70.88416,0.196,92.6
2019-02-10T16:00,-53.1688,-70.88453,0.079,266.9
2019-02-10T16:10,-53.1689,-70.88344,0.237,98.4
2019-02-10T16:20,-53.1688,-70.88548,0.441,274.4
2019-02-10T16:30,-53.16894,-70.88385,0.354,98.0
2019-02-10T16:40,-53.16866,-70.88473,0.214,298.4
2019-02-10T16:50,-53.16876,-70.88435,0.088,113.9
2019-02-10T17:00,-53.16867,-70.88508,0.16,281.5
2019-02-10T17:10,-53.16879,-70.88434,0.166,104.8
2019-02-10T17:20,-53.16861,-70.8847,0.102,309.4
2019-02-10T17:30,-53.16868,-70.8849,0.051,239.5
2019-02-10T17:40,-53.16856,-70.88394,0.213,78.3
2019-02-10T17:50,-53.16866,-70.88472,0.173,257.5
2019-02-10T18:00,-53.16856,-70.88446,0.067,57.8
2019-02-10T18:10,-53.16868,-70.8844,0.044,162.4
2019-02-10T18:20,-53.16866,-70.88535,0.207,272.4
2019-02-10T18:30,-53.16861,-70.88489,0.101,80.7
2019-02-10T18:40,-53.16855,-70.88487,0.022,13.5
2019-02-10T18:50,-53.16895,-70.88422,0.2,135.4
2019-02-10T19:00,-53.16918,-70.88455,0.108,220.7
2019-02-10T19:10,-53.17007,-70.88485,0.328,191.4
2019-02-10T19:20,-53.17035,-70.88406,0.198,120.9
2019-02-10T19:30,-53.17071,-70.88378,0.143,155.4
2019-02-10T19:40,-53.17045,-70.88358,0.106,24.9
2019-02-10T19:50,-53.16954,-70.87819,1.208,74.3
2019-02-10T20:00,-53.15384,-70.83214,11.436,60.4
2019-02-10T20:10,-53.12709,-70.84501,10.025,343.9
2019-02-10T20:20,-53.12422,-70.85661,2.71,292.4
2019-02-10T20:30,-53.12541,-70.85825,0.558,219.7
2019-02-10T20:40,-53.12541,-70.85838,0.028,270.7
2019-02-10T20:50,-53.12539,-70.85837,0.008,25.9
2019-02-10T21:00,-53.1254,-70.85837,0.005,198.9
2019-02-10T21:10,-53.12541,-70.85839,0.003,242.9
2019-02-10T21:20,-53.12541,-70.85838,0.002,101.8
2019-02-10T21:30,-53.1254,-70.85838,0.002,6.8
2019-02-10T21:40,-53.1254,-70.85838,0.0,149.0
2019-02-10T21:50,-53.1254,-70.85838,0.001,0.0
2019-02-10T22:00,-53.1254,-70.85838,0.002,225.0
2019-02-10T22:10,-53.1254,-70.85839,0.001,240.9
2019-02-10T22:20,-53.1254,-70.85839,0.003,321.3
2019-02-10T22:30,-53.12539,-70.85839,0.001,31.0
2019-02-10T22:40,-53.1254,-70.85839,0.001,129.8
2019-02-10T22:50,-53.1254,-70.85839,0.001,191.3
2019-02-10T23:00,-53.1254,-70.85839,0.0,149.0
2019-02-10T23:10,-53.1254,-70.85839,0.001,211.0
2019-02-10T23:20,-53.1254,-70.85839,0.0,0.0
2019-02-10T23:30,-53.12541,-70.85839,0.001,211.0
2019-02-10T23:40,-53.1254,-70.85839,0.001,67.4
2019-02-10T23:50,-53.1254,-70.85839,0.0,0.0
2019-02-11T00:00,-53.12541,-70.85838,0.003,141.3
2019-02-11T00:10,-53.12541,-70.85838,0.0,180.0
2019-02-11T00:20,-53.12541,-70.85838,0.001,138.0
2019-02-11T00:30,-53.12541,-70.85838,0.001,292.6
2019-02-11T00:40,-53.12541,-70.85838,0.002,31.0
2019-02-11T00:50,-53.12541,-70.85838,0.001,168.7
2019-02-11T01:00,-53.1254,-70.85838,0.003,348.7
2019-02-11T01:10,-53.12541,-70.85838,0.002,135.0
2019-02-11T01:20,-53.12541,-70.85838,0.001,270.0
2019-02-11T01:30,-53.12541,-70.85838,0.001,119.1
2019-02-11T01:40,-53.12541,-70.85837,0.001,129.8
2019-02-11T01:50,-53.12541,-70.85838,0.001,222.0
2019-02-11T02:00,-53.12541,-70.85837,0.001,38.7
2019-02-11T02:10,-53.12541,-70.85837,0.0,90.0
2019-02-11T02:20,-53.12541,-70.85837,0.0,270.0
2019-02-11T02:30,-53.12541,-70.85837,0.0,270.0
2019-02-11T02:40,-53.12541,-70.85837,0.001,50.2
2019-02-11T02:50,-53.12541,-70.85837,0.001,196.7
2019-02-11T03:00,-53.12541,-70.85838,0.001,230.2
2019-02-11T03:10,-53.12541,-70.85838,0.001,196.7
2019-02-11T03:20,-53.12541,-70.85838,0.0,211.0
2019-02-11T03:30,-53.12541,-70.85838,0.001,288.4
2019-02-11T03:40,-53.12541,-70.85838,0.0,329.0
2019-02-11T03:50,-53.12541,-70.85838,0.0,211.0
2019-02-11T04:00,-53.12541,-70.85839,0.001,270.0
2019-02-11T04:10,-53.1254,-70.85839,0.003,352.4
2019-02-11T04:20,-53.12541,-70.85839,0.002,204.2
2019-02-11T04:30,-53.1254,-70.85839,0.003,355.1
2019-02-11T04:40,-53.1254,-70.85839,0.002,155.8
2019-02-11T04:50,-53.1254,-70.85839,0.0,90.0
2019-02-11T05:00,-53.1254,-70.85839,0.001,180.0
2019-02-11T05:10,-53.1254,-70.85839,0.0,90.0
2019-02-11T05:20,-53.12541,-70.85838,0.003,141.3
2019-02-11T05:30,-53.12541,-70.85839,0.002,309.8
2019-02-11T05:40,-53.12541,-70.85839,0.001,318.0
2019-02-11T05:50,-53.1254,-70.85839,0.001,42.0
2019-02-11T06:00,-53.1254,-70.8584,0.003,303.7
2019-02-11T06:10,-53.1254,-70.85838,0.002,106.9
2019-02-11T06:20,-53.12539,-70.85839,0.004,335.0
2019-02-11T06:30,-53.12541,-70.85837,0.007,144.2
2019-02-11T06:40,-53.1254,-70.85839,0.004,313.6
2019-02-11T06:50,-53.12541,-70.85838,0.005,167.0
2019-02-11T07:00,-53.12541,-70.85838,0.002,16.7
2019-02-11T07:10,-53.12541,-70.85839,0.001,270.0
2019-02-11T07:20,-53.12541,-70.85839,0.001,329.0
2019-02-11T07:30,-53.12541,-70.85839,0.001,129.8
2019-02-11T07:40,-53.12541,-70.85838,0.002,103.4
2019-02-11T07:50,-53.12541,-70.85838,0.001,196.7
2019-02-11T08:00,-53.12541,-70.85838,0.0,149.0
2019-02-11T08:10,-53.12542,-70.85838,0.003,184.9
2019-02-11T08:20,-53.12541,-70.85839,0.003,335.8
2019-02-11T08:30,-53.12541,-70.85838,0.002,16.7
2019-02-11T08:40,-53.12541,-70.85839,0.001,240.9
2019-02-11T08:50,-53.12541,-70.85839,0.0,90.0
2019-02-11T09:00,-53.12541,-70.85838,0.001,90.0
2019-02-11T09:10,-53.12537,-70.85814,0.054,74.8
2019-02-11T09:20,-53.13592,-70.83702,5.937,129.8
2019-02-11T09:30,-53.16003,-70.84778,8.986,195.0
2019-02-11T09:40,-53.16918,-70.87767,7.246,242.9
2019-02-11T09:50,-53.17026,-70.88183,0.978,246.6
2019-02-11T10:00,-53.1698,-70.88177,0.166,4.1
2019-02-11T10:10,-53.16974,-70.88148,0.067,70.6
2019-02-11T10:20,-53.16991,-70.88121,0.086,137.0
2019-02-11T10:30,-53.16971,-70.88138,0.084,333.5
2019-02-11T10:40,-53.16954,-70.88169,0.09,311.3
2019-02-11T10:50,-53.16961,-70.8816,0.033,142.3
2019-02-11T11:00,-53.16965,-70.8815,0.024,118.1
2019-02-11T11:10,-53.16966,-70.88136,0.032,101.8
2019-02-11T11:20,-53.16965,-70.88153,0.037,279.5
2019-02-11T11:30,-53.16961,-70.88165,0.028,294.6
2019-02-11T11:40,-53.16976,-70.88142,0.071,136.0
2019-02-11T11:50,-53.16968,-70.88138,0.027,16.9
2019-02-11T12:00,-53.16967,-70.88139,0.006,345.3
2019-02-11T12:10,-53.16969,-70.88144,0.014,236.3
2019-02-11T12:20,-53.16965,-70.88142,0.015,19.5
2019-02-11T12:30,-53.16967,-70.88147,0.011,237.8
2019-02-11T12:40,-53.16973,-70.88142,0.025,155.1
2019-02-11T12:50,-53.16973,-70.88134,0.016,87.4
2019-02-11T13:00,-53.1698,-70.88141,0.031,205.0
2019-02-11T13:10,-53.16985,-70.88133,0.022,135.2
2019-02-11T13:20,-53.17,-70.88116,0.066,145.1
2019-02-11T13:30,-53.16986,-70.8812,0.049,348.4
2019-02-11T13:40,-53.16988,-70.88115,0.012,123.4
2019-02-11T13:50,-53.16988,-70.8813,0.033,273.2
2019-02-11T14:00,-53.16996,-70.88111,0.053,125.8
2019-02-11T14:10,-53.16971,-70.88143,0.117,322.9
2019-02-11T14:20,-53.16988,-70.88127,0.071,150.7
2019-02-11T14:30,-53.16973,-70.88141,0.061,329.9
2019-02-11T14:40,-53.16989,-70.88125,0.068,148.6
2019-02-11T14:50,-53.16974,-70.88145,0.068,321.0
2019-02-11T15:00,-53.16982,-70.88152,0.032,208.6
2019-02-11T15:10,-53.16971,-70.8816,0.042,336.6
2019-02-11T15:20,-53.16994,-70.88149,0.083,163.9
2019-02-11T15:30,-53.17008,-70.8813,0.067,142.0
2019-02-11T15:40,-53.16988,-70.88119,0.077,17.8
2019-02-11T15:50,-53.16961,-70.88156,0.126,320.1
2019-02-11T16:00,-53.17006,-70.88173,0.166,192.6
2019-02-11T16:10,-53.16997,-70.88128,0.102,71.5
2019-02-11T16:20,-53.16981,-70.88163,0.094,308.5
2019-02-11T16:30,-53.16987,-70.88181,0.045,242.0
2019-02-11T16:40,-53.16971,-70.88164,0.069,32.9
2019-02-11T16:50,-53.16964,-70.88138,0.059,66.6
2019-02-11T17:00,-53.16975,-70.88137,0.039,173.7
2019-02-11T17:10,-53.16993,-70.8812,0.074,151.1
2019-02-11T17:20,-53.16996,-70.8811,0.025,119.8
2019-02-11T17:30,-53.16968,-70.88144,0.126,324.1
2019-02-11T17:40,-53.17033,-70.88143,0.234,179.4
2019-02-11T17:50,-53.17039,-70.88125,0.045,118.5
2019-02-11T18:00,-53.17017,-70.88121,0.078,5.1
2019-02-11T18:10,-53.16986,-70.88136,0.118,344.3
2019-02-11T18:20,-53.16962,-70.88171,0.115,318.4
2019-02-11T18:30,-53.16944,-70.88255,0.192,289.1
2019-02-11T18:40,-53.1696,-70.88268,0.064,205.9
2019-02-11T18:50,-53.16978,-70.88231,0.104,128.8
2019-02-11T19:00,-53.16977,-70.88189,0.09,87.5
2019-02-11T19:10,-53.17012,-70.88126,0.186,132.7
2019-02-11T19:20,-53.17047,-70.88111,0.128,165.3
2019-02-11T19:30,-53.16989,-70.88137,0.214,344.9
2019-02-11T19:40,-53.17028,-70.88133,0.138,176.3
2019-02-11T19:50,-53.17071,-70.88108,0.166,161.4
2019-02-11T20:00,-53.16999,-70.88132,0.265,348.9
2019-02-11T20:10,-53.17044,-70.88133,0.162,181.1
2019-02-11T20:20,-53.17085,-70.88119,0.151,168.1
2019-02-11T20:30,-53.17014,-70.88122,0.255,358.4
2019-02-11T20:40,-53.17054,-70.88127,0.142,184.5
2019-02-11T20:50,-53.17048,-70.88105,0.052,68.9
2019-02-11T21:00,-53.16992,-70.88117,0.206,352.8
2019-02-11T21:10,-53.17041,-70.88146,0.19,199.3
2019-02-11T21:20,-53.1702,-70.88111,0.109,43.9
2019-02-11T21:30,-53.17002,-70.88123,0.07,338.5
2019-02-11T21:40,-53.17054,-70.88119,0.189,177.4
2019-02-11T21:50,-53.16995,-70.88121,0.212,358.8
2019-02-11T22:00,-53.17058,-70.88129,0.228,184.4
2019-02-11T22:10,-53.16983,-70.88131,0.272,359.0
2019-02-11T22:20,-53.17025,-70.88133,0.152,181.7
2019-02-11T22:30,-53.17024,-70.88102,0.068,88.2
2019-02-11T22:40,-53.17,-70.8813,0.107,325.6
2019-02-11T22:50,-53.17046,-70.88114,0.169,168.5
2019-02-11T23:00,-53.16968,-70.88134,0.284,351.3
2019-02-11T23:10,-53.17023,-70.88125,0.202,174.7
2019-02-11T23:20,-53.1698,-70.88136,0.159,351.4
2019-02-11T23:30,-53.1695,-70.88165,0.124,330.6
2019-02-11T23:40,-53.16999,-70.88126,0.196,154.9
2019-02-11T23:50,-53.16967,-70.88144,0.124,341.7
2019-02-12T00:00,-53.17007,-70.88117,0.156,158.1
2019-02-12T00:10,-53.16978,-70.88133,0.109,342.1
2019-02-12T00:20,-53.1701,-70.88117,0.121,163.8
2019-02-12T00:30,-53.16986,-70.88127,0.089,345.3
2019-02-12T00:40,-53.17004,-70.88108,0.075,145.7
2019-02-12T00:50,-53.16929,-70.88188,0.319,327.3
2019-02-12T01:00,-53.17009,-70.8812,0.324,153.1
2019-02-12T01:10,-53.16955,-70.88142,0.2,345.7
2019-02-12T01:20,-53.17016,-70.88117,0.225,166.2
2019-02-12T01:30,-53.16907,-70.88222,0.451,330.1
2019-02-12T01:40,-53.16986,-70.88134,0.339,146.3
2019-02-12T01:50,-53.16922,-70.88208,0.278,325.2
2019-02-12T02:00,-53.16985,-70.88135,0.276,145.1
2019-02-12T02:10,-53.16947,-70.88177,0.164,326.6
2019-02-12T02:20,-53.1697,-70.88151,0.099,146.1
2019-02-12T02:30,-53.1697,-70.88117,0.073,89.4
2019-02-12T02:40,-53.16929,-70.882,0.232,309.6
2019-02-12T02:50,-53.16958,-70.88169,0.125,147.9
2019-02-12T03:00,-53.16973,-70.88129,0.101,121.7
2019-02-12T03:10,-53.16982,-70.88152,0.059,236.5
2019-02-12T03:20,-53.1701,-70.88156,0.1,185.8
2019-02-12T03:30,-53.16994,-70.88165,0.058,341.8
2019-02-12T03:40,-53.17012,-70.88128,0.102,129.1
2019-02-12T03:50,-53.16988,-70.88137,0.09,348.4
2019-02-12T04:00,-53.16947,-70.88146,0.149,352.3
2019-02-12T04:10,-53.17006,-70.88147,0.214,180.4
2019-02-12T04:20,-53.17048,-70.88116,0.164,156.3
2019-02-12T04:30,-53.16993,-70.88126,0.2,353.6
2019-02-12T04:40,-53.16989,-70.88108,0.042,72.9
2019-02-12T04:50,-53.17025,-70.88128,0.137,198.4
2019-02-12T05:00,-53.16989,-70.88113,0.134,14.1
2019-02-12T05:10,-53.17053,-70.88122,0.231,185.1
2019-02-12T05:20,-53.17034,-70.88111,0.072,19.1
2019-02-12T05:30,-53.17012,-70.88092,0.089,28.7
2019-02-12T05:40,-53.17011,-70.8811,0.039,280.0
2019-02-12T05:50,-53.1705,-70.88106,0.141,176.4
2019-02-12T06:00,-53.17033,-70.88123,0.07,328.6
2019-02-12T06:10,-53.17041,-70.88121,0.03,174.6
2019-02-12T06:20,-53.17022,-70.88122,0.071,359.1
2019-02-12T06:30,-53.1703,-70.88109,0.041,137.6
2019-02-12T06:40,-53.17065,-70.8813,0.133,200.2
2019-02-12T06:50,-53.17055,-70.88164,0.082,295.3
2019-02-12T07:00,-53.17047,-70.88258,0.203,278.0
2019-02-12T07:10,-53.17069,-70.88262,0.081,187.1
2019-02-12T07:20,-53.17045,-70.88271,0.091,347.9
2019-02-12T07:30,-53.17041,-70.88239,0.07,78.5
2019-02-12T07:40,-53.17051,-70.88165,0.164,102.5
2019-02-12T07:50,-53.17096,-70.88143,0.17,164.1
2019-02-12T08:00,-53.17076,-70.88144,0.072,359.0
2019-02-12T08:10,-53.17083,-70.88127,0.044,126.9
2019-02-12T08:20,-53.17072,-70.88107,0.06,46.6
2019-02-12T08:30,-53.17067,-70.88105,0.017,14.2
2019-02-12T08:40,-53.1708,-70.88122,0.058,218.5
2019-02-12T08:50,-53.17095,-70.8816,0.098,237.0
2019-02-12T09:00,-53.17097,-70.88216,0.122,266.4
2019-02-12T09:10,-53.17054,-70.8837,0.367,295.0
2019-02-12T09:20,-53.16888,-70.87791,1.385,64.5
2019-02-12T09:30,-53.15874,-70.847,7.606,61.3
2019-02-12T09:40,-53.14047,-70.83343,7.202,24.0
2019-02-12T09:50,-53.12881,-70.84965,5.468,320.1
2019-02-12T10:00,-53.12573,-70.85511,1.619,313.2
2019-02-12T10:10,-53.12528,-70.85753,0.546,287.3
2019-02-12T10:20,-53.12534,-70.85837,0.184,262.6
2019-02-12T10:30,-53.12536,-70.85835,0.007,140.5
2019-02-12T10:40,-53.12536,-70.85836,0.002,286.9
2019-02-12T10:50,-53.12535,-70.85837,0.003,321.3
2019-02-12T11:00,-53.12535,-70.85837,0.001,60.9
2019-02-12T11:10,-53.12535,-70.85837,0.0,149.0
2019-02-12T11:20,-53.12535,-70.85836,0.001,112.6
2019-02-12T11:30,-53.12535,-70.85836,0.001,163.3
2019-02-12T11:40,-53.12535,-70.85836,0.0,31.0
2019-02-12T11:50,-53.12535,-70.85836,0.001,196.7
2019-02-12T12:00,-53.12535,-70.85836,0.001,56.3
2019-02-12T12:10,-53.12535,-70.85836,0.001,299.1
2019-02-12T12:20,-53.12535,-70.85836,0.001,0.0
2019-02-12T12:30,-53.12535,-70.85837,0.002,290.3
2019-02-12T12:40,-53.12535,-70.85836,0.003,132.8
2019-02-12T12:50,-53.12535,-70.85836,0.001,211.0
2019-02-12T13:00,-53.12536,-70.85836,0.001,119.1
2019-02-12T13:10,-53.12536,-70.85835,0.001,149.0
2019-02-12T13:20,-53.12536,-70.85835,0.001,180.0
2019-02-12T13:30,-53.12536,-70.85835,0.001,71.6
2019-02-12T13:40,-53.12536,-70.85835,0.002,343.3
2019-02-12T13:50,-53.12535,-70.85833,0.006,60.9
2019-02-12T14:00,-53.12535,-70.85834,0.004,246.0
2019-02-12T14:10,-53.12535,-70.85835,0.001,230.2
2019-02-12T14:20,-53.12535,-70.85835,0.0,270.0
2019-02-12T14:30,-53.12536,-70.85835,0.002,234.5
2019-02-12T14:40,-53.12536,-70.85836,0.001,211.0
2019-02-12T14:50,-53.12536,-70.85835,0.002,79.5
2019-02-12T15:00,-53.12536,-70.85835,0.001,218.7
2019-02-12T15:10,-53.12536,-70.85835,0.001,343.3
2019-02-12T15:20,-53.12536,-70.85835,0.0,0.0
2019-02-12T15:30,-53.12535,-70.85836,0.002,329.0
2019-02-12T15:40,-53.12535,-70.85836,0.002,329.0
2019-02-12T15:50,-53.12535,-70.85836,0.0,0.0
2019-02-12T16:00,-53.12535,-70.85836,0.0,0.0
2019-02-12T16:10,-53.12534,-70.85836,0.002,24.2
2019-02-12T16:20,-53.12534,-70.85835,0.001,90.0
2019-02-12T16:30,-53.12534,-70.85835,0.0,90.0
2019-02-12T16:40,-53.12534,-70.85835,0.001,90.0
2019-02-12T16:50,-53.12534,-70.85834,0.002,78.2
2019-02-12T17:00,-53.12534,-70.85834,0.002,343.3
2019-02-12T17:10,-53.12534,-70.85835,0.002,215.8
2019-02-12T17:20,-53.12534,-70.85835,0.001,50.2
2019-02-12T17:30,-53.12534,-70.85835,0.001,247.4
2019-02-12T17:40,-53.12535,-70.85835,0.001,196.7
2019-02-12T17:50,-53.12534,-70.85835,0.001,16.7
2019-02-12T18:00,-53.12535,-70.85835,0.001,230.2
2019-02-12T18:10,-53.12534,-70.85836,0.001,309.8
2019-02-12T18:20,-53.12535,-70.85836,0.001,180.0
2019-02-12T18:30,-53.12535,-70.85835,0.001,67.4
2019-02-12T18:40,-53.12535,-70.85835,0.0,149.0
2019-02-12T18:50,-53.12535,-70.85836,0.001,270.0
2019-02-12T19:00,-53.12535,-70.85835,0.001,112.6
2019-02-12T19:10,-53.12535,-70.85835,0.0,270.0
2019-02-12T19:20,-53.12535,-70.85835,0.0,90.0
2019-02-12T19:30,-53.12535,-70.85835,0.001,129.8
2019-02-12T19:40,-53.12535,-70.85835,0.0,90.0
2019-02-12T19:50,-53.12535,-70.85835,0.002,196.7
2019-02-12T20:00,-53.12535,-70.85835,0.0,90.0
2019-02-12T20:10,-53.12535,-70.85835,0.001,191.3
2019-02-12T20:20,-53.12535,-70.85835,0.001,11.3
2019-02-12T20:30,-53.12535,-70.85834,0.001,67.4
2019-02-12T20:40,-53.12535,-70.85835,0.001,211.0
2019-02-12T20:50,-53.12536,-70.85835,0.001,218.7
2019-02-12T21:00,-53.12533,-70.85835,0.01,3.6
2019-02-12T21:10,-53.12536,-70.85836,0.011,190.2
2019-02-12T21:20,-53.12536,-70.85837,0.003,256.6
2019-02-12T21:30,-53.12535,-70.85836,0.005,23.2
2019-02-12T21:40,-53.12534,-70.85836,0.001,329.0
2019-02-12T21:50,-53.12535,-70.85837,0.001,211.0
2019-02-12T22:00,-53.12535,-70.85836,0.001,129.8
2019-02-12T22:10,-53.12534,-70.85837,0.001,338.2
2019-02-12T22:20,-53.12534,-70.85837,0.0,270.0
2019-02-12T22:30,-53.12534,-70.85837,0.0,0.0
2019-02-12T22:40,-53.12535,-70.85837,0.0,180.0
2019-02-12T22:50,-53.12535,-70.85836,0.0,90.0
2019-02-12T23:00,-53.12535,-70.85837,0.0,270.0
2019-02-12T23:10,-53.12535,-70.85837,0.0,270.0
2019-02-12T23:20,-53.12535,-70.85837,0.001,230.2
2019-02-12T23:30,-53.12535,-70.85837,0.001,60.9
2019-02-12T23:40,-53.12535,-70.85836,0.0,149.0
2019-02-12T23:50,-53.12534,-70.85836,0.001,50.2
2019-02-13T00:00,-53.12535,-70.85836,0.001,211.0
2019-02-13T00:10,-53.12535,-70.85836,0.001,129.8
2019-02-13T00:20,-53.12535,-70.85836,0.0,270.0
2019-02-13T00:30,-53.12535,-70.85836,0.001,67.4
2019-02-13T00:40,-53.12535,-70.85835,0.001,42.0
2019-02-13T00:50,-53.12535,-70.85835,0.0,0.0
2019-02-13T01:00,-53.12534,-70.85835,0.001,343.3
2019-02-13T01:10,-53.12534,-70.85836,0.001,230.2
2019-02-13T01:20,-53.12534,-70.85835,0.0,90.0
2019-02-13T01:30,-53.12534,-70.85834,0.002,90.0
2019-02-13T01:40,-53.12534,-70.85835,0.002,283.4
2019-02-13T01:50,-53.12534,-70.85835,0.001,119.1
2019-02-13T02:00,-53.12534,-70.85834,0.001,31.0
2019-02-13T02:10,-53.12534,-70.85835,0.001,270.0
2019-02-13T02:20,-53.12534,-70.85835,0.001,60.9
2019-02-13T02:30,-53.12534,-70.85835,0.001,299.1
2019-02-13T02:40,-53.12534,-70.85835,0.001,188.5
2019-02-13T02:50,-53.12535,-70.85835,0.0,149.0
2019-02-13T03:00,-53.12534,-70.85835,0.0,31.0
2019-02-13T03:10,-53.12535,-70.85835,0.001,163.3
2019-02-13T03:20,-53.12535,-70.85836,0.003,215.0
2019-02-13T03:30,-53.12535,-70.85835,0.002,16.7
2019-02-13T03:40,-53.12535,-70.85835,0.0,211.0
2019-02-13T03:50,-53.12535,-70.85836,0.0,270.0
2019-02-13T04:00,-53.12534,-70.85836,0.003,355.7
2019-02-13T04:10,-53.12534,-70.85836,0.001,230.2
2019-02-13T04:20,-53.12534,-70.85836,0.001,11.3
2019-02-13T04:30,-53.12534,-70.85836,0.001,129.8
2019-02-13T04:40,-53.12534,-70.85836,0.0,31.0
2019-02-13T04:50,-53.12534,-70.85835,0.0,149.0
2019-02-13T05:00,-53.12534,-70.85835,0.001,119.1
2019-02-13T05:10,-53.12534,-70.85835,0.001,299.1
2019-02-13T05:20,-53.12534,-70.85835,0.001,50.2
2019-02-13T05:30,-53.12534,-70.85836,0.001,270.0
2019-02-13T05:40,-53.12533,-70.85835,0.002,25.6
2019-02-13T05:50,-53.12533,-70.85835,0.001,21.8
2019-02-13T06:00,-53.12534,-70.85836,0.003,204.2
2019-02-13T06:10,-53.12534,-70.85836,0.001,211.0
2019-02-13T06:20,-53.12534,-70.85836,0.001,230.2
2019-02-13T06:30,-53.12536,-70.85836,0.006,173.6
2019-02-13T06:40,-53.12535,-70.85836,0.003,8.5
2019-02-13T06:50,-53.12536,-70.85835,0.004,157.2
2019-02-13T07:00,-53.12535,-70.85836,0.003,302.7
2019-02-13T07:10,-53.12535,-70.85836,0.001,230.2
2019-02-13T07:20,-53.12446,-70.85695,0.443,43.5
2019-02-13T07:30,-53.13482,-70.83836,5.481,132.9
2019-02-13T07:40,-53.1588,-70.84682,8.824,191.9
2019-02-13T07:50,-53.16996,-70.87777,7.796,239.0
2019-02-13T08:00,-53.17295,-70.88121,1.309,214.5
2019-02-13T08:10,-53.17344,-70.88134,0.177,188.7
2019-02-13T08:20,-53.17347,-70.88157,0.051,255.7
2019-02-13T08:30,-53.17358,-70.88154,0.04,172.5
2019-02-13T08:40,-53.17334,-70.88177,0.1,331.5
2019-02-13T08:50,-53.17345,-70.8814,0.089,118.5
2019-02-13T09:00,-53.17359,-70.88139,0.049,176.5
2019-02-13T09:10,-53.17337,-70.88121,0.089,26.4
2019-02-13T09:20,-53.17331,-70.88076,0.098,78.3
2019-02-13T09:30,-53.17294,-70.88055,0.142,18.6
2019-02-13T09:40,-53.17264,-70.88023,0.126,32.8
2019-02-13T09:50,-53.1728,-70.88037,0.064,206.6
2019-02-13T10:00,-53.17295,-70.88035,0.052,176.2
2019-02-13T10:10,-53.17306,-70.88063,0.073,236.6
2019-02-13T10:20,-53.1731,-70.88077,0.033,243.3
2019-02-13T10:30,-53.17315,-70.88111,0.077,255.9
2019-02-13T10:40,-53.17314,-70.88125,0.03,278.9
2019-02-13T10:50,-53.17325,-70.88108,0.056,137.6
2019-02-13T11:00,-53.1732,-70.88125,0.041,297.3
2019-02-13T11:10,-53.17329,-70.8812,0.034,164.0
2019-02-13T11:20,-53.17316,-70.88069,0.122,66.1
2019-02-13T11:30,-53.17313,-70.88064,0.014,43.6
2019-02-13T11:40,-53.17314,-70.88119,0.118,266.7
2019-02-13T11:50,-53.17326,-70.88119,0.043,180.9
2019-02-13T12:00,-53.17321,-70.88052,0.145,81.7
2019-02-13T12:10,-53.17288,-70.88036,0.121,16.9
2019-02-13T12:20,-53.17293,-70.88023,0.032,121.5
2019-02-13T12:30,-53.17261,-70.88015,0.118,8.3
2019-02-13T12:40,-53.17299,-70.88039,0.149,200.3
2019-02-13T12:50,-53.17236,-70.88021,0.233,9.9
2019-02-13T13:00,-53.17257,-70.88039,0.087,206.9
2019-02-13T13:10,-53.17267,-70.88017,0.059,125.7
2019-02-13T13:20,-53.17266,-70.88021,0.01,295.0
2019-02-13T13:30,-53.17281,-70.88021,0.055,180.0
2019-02-13T13:40,-53.17311,-70.88061,0.14,218.5
2019-02-13T13:50,-53.173,-70.88031,0.077,58.0
2019-02-13T14:00,-53.17252,-70.88021,0.174,6.9
2019-02-13T14:10,-53.17274,-70.88043,0.094,210.4
2019-02-13T14:20,-53.17268,-70.88027,0.041,56.7
2019-02-13T14:30,-53.17266,-70.88014,0.031,73.7
2019-02-13T14:40,-53.17294,-70.88043,0.12,211.5
2019-02-13T14:50,-53.17303,-70.88035,0.037,155.4
2019-02-13T15:00,-53.17333,-70.88074,0.135,218.5
2019-02-13T15:10,-53.17286,-70.88018,0.208,35.6
2019-02-13T15:20,-53.17314,-70.88053,0.128,216.2
2019-02-13T15:30,-53.17245,-70.88003,0.271,23.6
2019-02-13T15:40,-53.17309,-70.8803,0.234,194.3
2019-02-13T15:50,-53.17203,-70.87999,0.386,10.1
2019-02-13T16:00,-53.17299,-70.88031,0.353,191.2
2019-02-13T16:10,-53.17201,-70.87996,0.361,11.7
2019-02-13T16:20,-53.17292,-70.88041,0.341,196.3
2019-02-13T16:30,-53.17254,-70.87993,0.171,37.0
2019-02-13T16:40,-53.17234,-70.88008,0.076,335.6
2019-02-13T16:50,-53.17265,-70.87995,0.112,166.1
2019-02-13T17:00,-53.17293,-70.88029,0.125,215.2
2019-02-13T17:10,-53.1732,-70.88047,0.105,202.8
2019-02-13T17:20,-53.17263,-70.87996,0.232,28.2
2019-02-13T17:30,-53.17301,-70.88051,0.181,220.8
2019-02-13T17:40,-53.17293,-70.88018,0.078,68.9
2019-02-13T17:50,-53.17275,-70.88006,0.069,21.0
2019-02-13T18:00,-53.17344,-70.88072,0.286,209.9
2019-02-13T18:10,-53.17271,-70.88003,0.303,29.4
2019-02-13T18:20,-53.17312,-70.88057,0.188,217.7
2019-02-13T18:30,-53.1732,-70.88036,0.052,122.3
2019-02-13T18:40,-53.17258,-70.88004,0.233,17.2
2019-02-13T18:50,-53.17316,-70.88047,0.23,203.5
2019-02-13T19:00,-53.17344,-70.88058,0.101,193.9
2019-02-13T19:10,-53.1729,-70.88007,0.222,29.9
2019-02-13T19:20,-53.17329,-70.88055,0.175,216.7
2019-02-13T19:30,-53.17257,-70.8799,0.297,28.5
2019-02-13T19:40,-53.17305,-70.88043,0.208,213.3
2019-02-13T19:50,-53.1729,-70.88009,0.091,52.6
2019-02-13T20:00,-53.17286,-70.87999,0.026,60.5
2019-02-13T20:10,-53.17316,-70.88048,0.152,224.3
2019-02-13T20:20,-53.17248,-70.88004,0.264,21.1
2019-02-13T20:30,-53.17277,-70.88004,0.105,180.4
2019-02-13T20:40,-53.17315,-70.88031,0.147,203.6
2019-02-13T20:50,-53.17272,-70.87992,0.174,29.2
2019-02-13T21:00,-53.17314,-70.88052,0.197,221.1
2019-02-13T21:10,-53.17299,-70.88013,0.1,58.4
2019-02-13T21:20,-53.17266,-70.87983,0.134,28.2
2019-02-13T21:30,-53.17267,-70.87997,0.029,267.2
2019-02-13T21:40,-53.1721,-70.87982,0.205,8.6
2019-02-13T21:50,-53.17285,-70.88008,0.276,191.7
2019-02-13T22:00,-53.17193,-70.88011,0.332,358.9
2019-02-13T22:10,-53.17232,-70.88008,0.14,177.2
2019-02-13T22:20,-53.17218,-70.87991,0.062,36.7
2019-02-13T22:30,-53.17187,-70.87998,0.112,352.0
2019-02-13T22:40,-53.17258,-70.88002,0.254,181.8
2019-02-13T22:50,-53.17218,-70.88002,0.143,359.5
2019-02-13T23:00,-53.17237,-70.87998,0.07,171.8
2019-02-13T23:10,-53.17272,-70.88004,0.125,185.9
2019-02-13T23:20,-53.17255,-70.87997,0.063,13.8
2019-02-13T23:30,-53.1724,-70.87996,0.054,1.8
2019-02-13T23:40,-53.17209,-70.87987,0.113,10.0
2019-02-13T23:50,-53.17227,-70.87989,0.063,183.4
2019-02-14T00:00,-53.17177,-70.88005,0.181,348.8
2019-02-14T00:10,-53.17241,-70.87988,0.231,171.2
2019-02-14T00:20,-53.17153,-70.88018,0.324,348.5
2019-02-14T00:30,-53.17249,-70.87983,0.356,167.6
2019-02-14T00:40,-53.17167,-70.87992,0.295,356.3
2019-02-14T00:50,-53.17273,-70.87988,0.381,178.7
2019-02-14T01:00,-53.1718,-70.87982,0.335,2.1
2019-02-14T01:10,-53.17228,-70.87954,0.183,160.8
2019-02-14T01:20,-53.17215,-70.87985,0.08,304.8
2019-02-14T01:30,-53.17169,-70.87977,0.168,6.0
2019-02-14T01:40,-53.17222,-70.87952,0.2,164.3
2019-02-14T01:50,-53.17165,-70.87953,0.207,358.9
2019-02-14T02:00,-53.1724,-70.87941,0.274,174.3
2019-02-14T02:10,-53.17158,-70.87963,0.301,351.0
2019-02-14T02:20,-53.17186,-70.87927,0.129,143.4
2019-02-14T02:30,-53.17196,-70.87935,0.037,206.3
2019-02-14T02:40,-53.17109,-70.88001,0.343,335.2
2019-02-14T02:50,-53.17193,-70.87936,0.333,154.9
2019-02-14T03:00,-53.17133,-70.87957,0.22,347.8
2019-02-14T03:10,-53.17193,-70.87938,0.218,169.2
2019-02-14T03:20,-53.17136,-70.87969,0.215,341.7
2019-02-14T03:30,-53.17165,-70.87935,0.129,144.2
2019-02-14T03:40,-53.17171,-70.87949,0.037,236.6
2019-02-14T03:50,-53.17167,-70.87942,0.021,43.3
2019-02-14T04:00,-53.17191,-70.87947,0.089,186.1
2019-02-14T04:10,-53.172,-70.87929,0.048,128.3
2019-02-14T04:20,-53.1718,-70.87945,0.079,334.7
2019-02-14T04:30,-53.17182,-70.87954,0.02,250.0
2019-02-14T04:40,-53.1718,-70.87946,0.018,73.3
2019-02-14T04:50,-53.17177,-70.87953,0.02,313.8
2019-02-14T05:00,-53.17204,-70.87946,0.098,171.9
2019-02-14T05:10,-53.1722,-70.87945,0.061,177.3
2019-02-14T05:20,-53.17196,-70.87936,0.09,11.8
2019-02-14T05:30,-53.17199,-70.87939,0.014,208.7
2019-02-14T05:40,-53.17218,-70.87923,0.077,152.8
2019-02-14T05:50,-53.17146,-70.8796,0.273,343.0
2019-02-14T06:00,-53.17243,-70.87939,0.351,172.6
2019-02-14T06:10,-53.1716,-70.87951,0.301,355.1
2019-02-14T06:20,-53.17229,-70.87933,0.252,171.0
2019-02-14T06:30,-53.17178,-70.87933,0.181,359.9
2019-02-14T06:40,-53.17187,-70.8793,0.031,168.7
2019-02-14T06:50,-53.17249,-70.87901,0.232,164.5
2019-02-14T07:00,-53.17181,-70.87916,0.245,352.3
2019-02-14T07:10,-53.1726,-70.87939,0.289,189.8
2019-02-14T07:20,-53.17205,-70.87923,0.204,10.2
2019-02-14T07:30,-53.17143,-70.87935,0.225,353.4
2019-02-14T07:40,-53.1723,-70.87912,0.319,171.1
2019-02-14T07:50,-53.17142,-70.87937,0.321,350.3
2019-02-14T08:00,-53.17224,-70.87932,0.296,178.1
2019-02-14T08:10,-53.17182,-70.87922,0.153,8.8
2019-02-14T08:20,-53.17161,-70.87909,0.081,20.2
2019-02-14T08:30,-53.17249,-70.87926,0.32,186.8
2019-02-14T08:40,-53.172,-70.87919,0.178,4.8
2019-02-14T08:50,-53.17165,-70.8792,0.127,359.6
2019-02-14T09:00,-53.17159,-70.88006,0.188,276.3
2019-02-14T09:10,-53.17244,-70.8811,0.379,216.1
2019-02-14T09:20,-53.17218,-70.87784,0.71,82.5
2019-02-14T09:30,-53.16349,-70.84815,7.131,64.0
2019-02-14T09:40,-53.13518,-70.83767,10.441,12.5
2019-02-14T09:50,-53.12557,-70.85529,5.146,312.3
2019-02-14T10:00,-53.12523,-70.85848,0.699,280.1
2019-02-14T10:10,-53.12527,-70.85847,0.016,170.7
2019-02-14T10:20,-53.12527,-70.85848,0.002,279.5
2019-02-14T10:30,-53.12527,-70.85848,0.001,309.8
2019-02-14T10:40,-53.12527,-70.85848,0.001,90.0
2019-02-14T10:50,-53.12527,-70.85848,0.001,270.0
2019-02-14T11:00,-53.12527,-70.85848,0.0,31.0
2019-02-14T11:10,-53.12527,-70.85848,0.0,270.0
2019-02-14T11:20,-53.12527,-70.85848,0.001,129.8
2019-02-14T11:30,-53.12527,-70.85847,0.001,149.0
2019-02-14T11:40,-53.12527,-70.85847,0.0,149.0
2019-02-14T11:50,-53.12527,-70.85847,0.0,180.0
2019-02-14T12:00,-53.12527,-70.85847,0.001,42.0
2019-02-14T12:10,-53.12526,-70.85847,0.004,10.2
2019-02-14T12:20,-53.12526,-70.85847,0.001,218.7
2019-02-14T12:30,-53.12527,-70.85847,0.001,180.0
2019-02-14T12:40,-53.12527,-70.85847,0.002,149.0
2019-02-14T12:50,-53.12527,-70.85847,0.0,149.0
2019-02-14T13:00,-53.12527,-70.85846,0.001,112.6
2019-02-14T13:10,-53.12527,-70.85846,0.0,0.0
2019-02-14T13:20,-53.12527,-70.85846,0.0,270.0
2019-02-14T13:30,-53.12527,-70.85847,0.001,270.0
2019-02-14T13:40,-53.12527,-70.85846,0.001,50.2
2019-02-14T13:50,-53.12527,-70.85846,0.001,90.0
2019-02-14T14:00,-53.12527,-70.85846,0.001,240.9
2019-02-14T14:10,-53.12527,-70.85846,0.001,60.9
2019-02-14T14:20,-53.12527,-70.85846,0.001,230.2
2019-02-14T14:30,-53.12527,-70.85846,0.001,196.7
2019-02-14T14:40,-53.12527,-70.85846,0.0,270.0
2019-02-14T14:50,-53.12527,-70.85846,0.001,90.0
2019-02-14T15:00,-53.12527,-70.85846,0.0,31.0
2019-02-14T15:10,-53.12527,-70.85846,0.001,230.2
2019-02-14T15:20,-53.12527,-70.85846,0.0,329.0
2019-02-14T15:30,-53.12527,-70.85846,0.001,16.7
2019-02-14T15:40,-53.12527,-70.85846,0.001,31.0
2019-02-14T15:50,-53.12527,-70.85846,0.001,318.0
2019-02-14T16:00,-53.12526,-70.85845,0.003,20.6
2019-02-14T16:10,-53.12526,-70.85845,0.0,180.0
2019-02-14T16:20,-53.12526,-70.85845,0.001,149.0
2019-02-14T16:30,-53.12526,-70.85845,0.001,196.7
2019-02-14T16:40,-53.12526,-70.85845,0.0,270.0
2019-02-14T16:50,-53.12526,-70.85846,0.001,251.6
2019-02-14T17:00,-53.12526,-70.85846,0.001,292.6
2019-02-14T17:10,-53.12526,-70.85846,0.001,50.2
2019-02-14T17:20,-53.12526,-70.85846,0.001,240.9
2019-02-14T17:30,-53.12526,-70.85846,0.0,90.0
2019-02-14T17:40,-53.12526,-70.85846,0.001,50.2
2019-02-14T17:50,-53.12526,-70.85846,0.0,31.0
2019-02-14T18:00,-53.12526,-70.85846,0.001,270.0
2019-02-14T18:10,-53.12526,-70.85846,0.0,149.0
2019-02-14T18:20,-53.12526,-70.85846,0.001,329.0
2019-02-14T18:30,-53.12526,-70.85846,0.001,90.0
2019-02-14T18:40,-53.12526,-70.85846,0.002,225.0
2019-02-14T18:50,-53.12527,-70.85846,0.002,180.0
2019-02-14T19:00,-53.12527,-70.85846,0.0,90.0
2019-02-14T19:10,-53.12527,-70.85846,0.001,60.9
2019-02-14T19:20,-53.12527,-70.85846,0.001,292.6
2019-02-14T19:30,-53.12526,-70.85846,0.001,50.2
2019-02-14T19:40,-53.12527,-70.85846,0.0,180.0
2019-02-14T19:50,-53.12527,-70.85846,0.0,211.0
2019-02-14T20:00,-53.12526,-70.85846,0.001,42.0
2019-02-14T20:10,-53.12527,-70.85846,0.0,180.0
2019-02-14T20:20,-53.12527,-70.85845,0.001,108.4
2019-02-14T20:30,-53.12526,-70.85846,0.001,309.8
2019-02-14T20:40,-53.12526,-70.85846,0.0,0.0
2019-02-14T20:50,-53.12526,-70.85846,0.0,90.0
2019-02-14T21:00,-53.12526,-70.85845,0.001,31.0
2019-02-14T21:10,-53.12526,-70.85846,0.001,196.7
2019-02-14T21:20,-53.12526,-70.85846,0.001,309.8
2019-02-14T21:30,-53.12526,-70.85845,0.001,90.0
2019-02-14T21:40,-53.12526,-70.85846,0.001,270.0
2019-02-14T21:50,-53.12526,-70.85846,0.001,67.4
2019-02-14T22:00,-53.12526,-70.85846,0.001,247.4
2019-02-14T22:10,-53.12526,-70.85846,0.001,11.3
2019-02-14T22:20,-53.12526,-70.85846,0.0,329.0
2019-02-14T22:30,-53.12526,-70.85846,0.001,163.3
2019-02-14T22:40,-53.12526,-70.85846,0.001,0.0
2019-02-14T22:50,-53.12526,-70.85846,0.001,270.0
2019-02-14T23:00,-53.12526,-70.85846,0.002,204.2
2019-02-14T23:10,-53.12526,-70.85846,0.001,0.0
2019-02-14T23:20,-53.12526,-70.85846,0.001,119.1
2019-02-14T23:30,-53.12526,-70.85846,0.001,211.0
2019-02-14T23:40,-53.12527,-70.85846,0.001,171.5
2019-02-14T23:50,-53.12527,-70.85846,0.001,343.3
2019-02-15T00:00,-53.12527,-70.85846,0.001,180.0
2019-02-15T00:10,-53.12527,-70.85846,0.0,149.0
2019-02-15T00:20,-53.12527,-70.85846,0.001,309.8
2019-02-15T00:30,-53.12527,-70.85847,0.001,318.0
2019-02-15T00:40,-53.12526,-70.85847,0.001,11.3
2019-02-15T00:50,-53.12526,-70.85846,0.0,90.0
2019-02-15T01:00,-53.12526,-70.85847,0.0,329.0
2019-02-15T01:10,-53.12526,-70.85847,0.001,321.3
2019-02-15T01:20,-53.12526,-70.85847,0.001,129.8
2019-02-15T01:30,-53.12526,-70.85846,0.001,50.2
2019-02-15T01:40,-53.12526,-70.85846,0.001,0.0
2019-02-15T01:50,-53.12526,-70.85846,0.001,42.0
2019-02-15T02:00,-53.12526,-70.85846,0.001,222.0
2019-02-15T02:10,-53.12526,-70.85846,0.001,90.0
2019-02-15T02:20,-53.12526,-70.85846,0.001,50.2
2019-02-15T02:30,-53.12526,-70.85846,0.001,230.2
2019-02-15T02:40,-53.12526,-70.85846,0.0,0.0
2019-02-15T02:50,-53.12526,-70.85846,0.0,90.0
2019-02-15T03:00,-53.12527,-70.85847,0.004,202.8
2019-02-15T03:10,-53.12527,-70.85847,0.001,0.0
2019-02-15T03:20,-53.12526,-70.85847,0.002,281.8
2019-02-15T03:30,-53.12527,-70.85847,0.003,141.3
2019-02-15T03:40,-53.12527,-70.85847,0.002,244.5
2019-02-15T03:50,-53.12527,-70.85847,0.0,270.0
2019-02-15T04:00,-53.12527,-70.85848,0.0,211.0
2019-02-15T04:10,-53.12528,-70.85848,0.001,247.4
2019-02-15T04:20,-53.12527,-70.85848,0.001,318.0
2019-02-15T04:30,-53.12528,-70.85848,0.002,133.6
2019-02-15T04:40,-53.12528,-70.85848,0.0,211.0
2019-02-15T04:50,-53.12528,-70.85848,0.001,201.8
2019-02-15T05:00,-53.12528,-70.85848,0.0,329.0
2019-02-15T05:10,-53.12528,-70.85847,0.001,71.6
2019-02-15T05:20,-53.12528,-70.85848,0.001,318.0
2019-02-15T05:30,-53.12527,-70.85848,0.001,348.7
2019-02-15T05:40,-53.12527,-70.85848,0.002,348.7
2019-02-15T05:50,-53.12527,-70.85849,0.001,270.0
2019-02-15T06:00,-53.12527,-70.85848,0.001,67.4
2019-02-15T06:10,-53.12527,-70.85848,0.0,270.0
2019-02-15T06:20,-53.12527,-70.85848,0.0,270.0
2019-02-15T06:30,-53.12527,-70.85848,0.0,0.0
2019-02-15T06:40,-53.12526,-70.85849,0.0,329.0
2019-02-15T06:50,-53.12527,-70.85848,0.001,129.8
2019-02-15T07:00,-53.12527,-70.85848,0.0,31.0
2019-02-15T07:10,-53.12527,-70.85848,0.0,90.0
2019-02-15T07:20,-53.12527,-70.85848,0.0,149.0
2019-02-15T07:30,-53.12526,-70.85847,0.002,45.0
2019-02-15T07:40,-53.12526,-70.85847,0.0,180.0
2019-02-15T07:50,-53.12527,-70.85848,0.001,211.0
2019-02-15T08:00,-53.12527,-70.85847,0.0,90.0
2019-02-15T08:10,-53.12527,-70.85847,0.001,0.0
2019-02-15T08:20,-53.12526,-70.85848,0.001,343.3
2019-02-15T08:30,-53.12527,-70.85848,0.001,196.7
2019-02-15T08:40,-53.12527,-70.85847,0.001,90.0
2019-02-15T08:50,-53.12527,-70.85847,0.0,149.0
2019-02-15T09:00,-53.12527,-70.85847,0.001,158.2
2019-02-15T09:10,-53.12527,-70.85847,0.001,270.0
2019-02-15T09:20,-53.12527,-70.85847,0.0,90.0
2019-02-15T09:30,-53.12527,-70.85847,0.0,0.0
2019-02-15T09:40,-53.12527,-70.85847,0.0,270.0
2019-02-15T09:50,-53.12527,-70.85847,0.0,31.0
2019-02-15T10:00,-53.12527,-70.85847,0.001,158.2
2019-02-15T10:10,-53.12527,-70.85847,0.0,270.0
2019-02-15T10:20,-53.12527,-70.85847,0.0,329.0
2019-02-15T10:30,-53.12527,-70.85847,0.001,309.8
2019-02-15T10:40,-53.12527,-70.85847,0.0,180.0
2019-02-15T10:50,-53.12527,-70.85847,0.0,0.0
2019-02-15T11:00,-53.12527,-70.85848,0.001,211.0
2019-02-15T11:10,-53.12527,-70.85847,0.0,90.0
2019-02-15T11:20,-53.12527,-70.85847,0.0,90.0
2019-02-15T11:30,-53.12528,-70.85847,0.001,201.8
2019-02-15T11:40,-53.12527,-70.85847,0.001,0.0
2019-02-15T11:50,-53.12527,-70.85847,0.001,129.8
2019-02-15T12:00,-53.12527,-70.85847,0.001,343.3
2019-02-15T12:10,-53.12527,-70.85847,0.001,351.5
2019-02-15T12:20,-53.12527,-70.85848,0.001,247.4
2019-02-15T12:30,-53.12527,-70.85847,0.002,135.0
2019-02-15T12:40,-53.12527,-70.85847,0.0,149.0
2019-02-15T12:50,-53.12528,-70.85847,0.002,144.2
2019-02-15T13:00,-53.12528,-70.85847,0.0,329.0
2019-02-15T13:10,-53.12528,-70.85848,0.002,258.2
2019-02-15T13:20,-53.12528,-70.85847,0.001,42.0
2019-02-15T13:30,-53.12527,-70.85847,0.001,38.7
2019-02-15T13:40,-53.12527,-70.85846,0.001,123.7
2019-02-15T13:50,-53.12527,-70.85846,0.0,270.0
2019-02-15T14:00,-53.12527,-70.85847,0.001,343.3
2019-02-15T14:10,-53.12527,-70.85846,0.001,67.4
2019-02-15T14:20,-53.12527,-70.85846,0.001,270.0
2019-02-15T14:30,-53.12511,-70.85821,0.08,44.3
2019-02-15T14:40,-53.12055,-70.8445,3.385,61.0
2019-02-15T14:50,-53.09456,-70.79748,13.815,47.4
2019-02-15T15:00,-53.05416,-70.78214,14.92,12.9
2019-02-15T15:10,-53.01355,-70.76715,14.978,12.5
2019-02-15T15:20,-52.97301,-70.75376,14.884,11.2
2019-02-15T15:30,-52.94604,-70.74871,9.771,6.4
2019-02-15T15:40,-52.92758,-70.7737,8.579,320.8
2019-02-15T15:50,-52.92726,-70.80326,6.418,271.0
2019-02-15T16:00,-52.92954,-70.80296,0.823,175.4
2019-02-15T16:10,-52.92972,-70.80296,0.066,180.0
2019-02-15T16:20,-52.92973,-70.80296,0.002,180.0
2019-02-15T16:30,-52.92973,-70.80296,0.001,230.3
2019-02-15T16:40,-52.92973,-70.80296,0.001,137.9
2019-02-15T16:50,-52.92973,-70.80296,0.001,118.9
2019-02-15T17:00,-52.92973,-70.80296,0.0,270.0
2019-02-15T17:10,-52.92973,-70.80295,0.001,112.5
2019-02-15T17:20,-52.92973,-70.80295,0.0,148.9
2019-02-15T17:30,-52.92974,-70.80296,0.002,217.0
2019-02-15T17:40,-52.92974,-70.80296,0.0,0.0
2019-02-15T17:50,-52.92974,-70.80296,0.001,230.3
2019-02-15T18:00,-52.92974,-70.80296,0.001,317.9
2019-02-15T18:10,-52.92974,-70.80296,0.001,129.7
2019-02-15T18:20,-52.92974,-70.80296,0.001,168.6
2019-02-15T18:30,-52.92973,-70.80296,0.002,346.4
2019-02-15T18:40,-52.92974,-70.80296,0.001,211.1
2019-02-15T18:50,-52.92974,-70.80296,0.001,90.0
2019-02-15T19:00,-52.92973,-70.80296,0.002,31.1
2019-02-15T19:10,-52.92974,-70.80295,0.002,155.7
2019-02-15T19:20,-52.92973,-70.80296,0.002,309.7
2019-02-15T19:30,-52.92974,-70.80295,0.004,131.8
2019-02-15T19:40,-52.92974,-70.80295,0.0,328.9
2019-02-15T19:50,-52.92973,-70.80295,0.002,0.0
2019-02-15T20:00,-52.92974,-70.80295,0.002,185.7
2019-02-15T20:10,-52.92974,-70.80295,0.001,0.0
2019-02-15T20:20,-52.92974,-70.80295,0.001,270.0
2019-02-15T20:30,-52.92973,-70.80295,0.002,31.1
2019-02-15T20:40,-52.92973,-70.80295,0.0,211.1
2019-02-15T20:50,-52.92973,-70.80295,0.001,270.0
2019-02-15T21:00,-52.92974,-70.80296,0.001,236.4
2019-02-15T21:10,-52.92973,-70.80295,0.001,16.8
2019-02-15T21:20,-52.92974,-70.80295,0.001,129.7
2019-02-15T21:30,-52.92973,-70.80295,0.0,328.9
2019-02-15T21:40,-52.92974,-70.80296,0.001,247.5
2019-02-15T21:50,-52.92974,-70.80296,0.001,148.9
2019-02-15T22:00,-52.92974,-70.80295,0.001,50.3
2019-02-15T22:10,-52.92973,-70.80296,0.002,343.2
2019-02-15T22:20,-52.92973,-70.80295,0.001,129.7
2019-02-15T22:30,-52.92973,-70.80296,0.001,230.3
2019-02-15T22:40,-52.92973,-70.80295,0.001,50.3
2019-02-15T22:50,-52.92973,-70.80296,0.001,247.5
2019-02-15T23:00,-52.92973,-70.80295,0.001,61.1
2019-02-15T23:10,-52.92974,-70.80295,0.001,163.2
2019-02-15T23:20,-52.92974,-70.80295,0.0,211.1
2019-02-15T23:30,-52.92974,-70.80295,0.001,90.0
2019-02-15T23:40,-52.92974,-70.80295,0.001,211.1
2019-02-15T23:50,-52.92974,-70.80295,0.0,31.1
2019-02-16T00:00,-52.92974,-70.80295,0.003,189.8
2019-02-16T00:10,-52.92974,-70.80295,0.001,90.0
2019-02-16T00:20,-52.92974,-70.80295,0.001,343.2
2019-02-16T00:30,-52.92973,-70.80295,0.003,16.8
2019-02-16T00:40,-52.92974,-70.80295,0.001,163.2
2019-02-16T00:50,-52.92974,-70.80295,0.0,328.9
2019-02-16T01:00,-52.92974,-70.80295,0.001,270.0
2019-02-16T01:10,-52.92973,-70.80295,0.001,50.3
2019-02-16T01:20,-52.92974,-70.80295,0.0,211.1
2019-02-16T01:30,-52.92974,-70.80295,0.001,180.0
2019-02-16T01:40,-52.92974,-70.80295,0.001,16.8
2019-02-16T01:50,-52.92974,-70.80295,0.0,180.0
2019-02-16T02:00,-52.92974,-70.80295,0.0,328.9
2019-02-16T02:10,-52.92973,-70.80295,0.001,31.1
2019-02-16T02:20,-52.92973,-70.80295,0.0,90.0
2019-02-16T02:30,-52.92973,-70.80295,0.0,270.0
2019-02-16T02:40,-52.92973,-70.80295,0.0,270.0
2019-02-16T02:50,-52.92973,-70.80295,0.001,338.1
2019-02-16T03:00,-52.92973,-70.80295,0.001,141.2
2019-02-16T03:10,-52.92973,-70.80295,0.0,0.0
2019-02-16T03:20,-52.92973,-70.80296,0.002,319.8
2019-02-16T03:30,-52.92973,-70.80296,0.001,196.8
2019-02-16T03:40,-52.92973,-70.80296,0.0,0.0
2019-02-16T03:50,-52.92973,-70.80296,0.001,230.3
2019-02-16T04:00,-52.92973,-70.80296,0.001,16.8
2019-02-16T04:10,-52.92973,-70.80296,0.001,211.1
2019-02-16T04:20,-52.92972,-70.80296,0.002,31.1
2019-02-16T04:30,-52.92972,-70.80295,0.0,90.0
2019-02-16T04:40,-52.92973,-70.80295,0.003,148.9
2019-02-16T04:50,-52.92973,-70.80295,0.001,298.9
2019-02-16T05:00,-52.92973,-70.80296,0.001,218.8
2019-02-16T05:10,-52.92973,-70.80296,0.0,31.1
2019-02-16T05:20,-52.92973,-70.80296,0.001,0.0
2019-02-16T05:30,-52.92973,-70.80295,0.001,50.3
2019-02-16T05:40,-52.92973,-70.80295,0.001,343.2
2019-02-16T05:50,-52.92972,-70.80295,0.001,21.9
2019-02-16T06:00,-52.92973,-70.80295,0.001,148.9
2019-02-16T06:10,-52.92973,-70.80295,0.0,0.0
2019-02-16T06:20,-52.92973,-70.80295,0.001,180.0
2019-02-16T06:30,-52.92973,-70.80295,0.001,211.1
2019-02-16T06:40,-52.92973,-70.80295,0.001,180.0
2019-02-16T06:50,-52.92974,-70.80295,0.001,129.7
2019-02-16T07:00,-52.92974,-70.80295,0.0,0.0
2019-02-16T07:10,-52.92974,-70.80294,0.003,155.7
2019-02-16T07:20,-52.92975,-70.80294,0.003,172.4
2019-02-16T07:30,-52.92975,-70.80294,0.002,335.7
2019-02-16T07:40,-52.92974,-70.80294,0.001,0.0
2019-02-16T07:50,-52.92974,-70.80295,0.001,317.9
2019-02-16T08:00,-52.92974,-70.80295,0.001,309.7
2019-02-16T08:10,-52.92974,-70.80293,0.003,71.6
2019-02-16T08:20,-52.92974,-70.80294,0.002,259.6
2019-02-16T08:30,-52.92974,-70.80295,0.001,292.5
2019-02-16T08:40,-52.92974,-70.80295,0.001,309.7
2019-02-16T08:50,-52.92974,-70.80295,0.001,211.1
2019-02-16T09:00,-52.92974,-70.80294,0.002,112.5
2019-02-16T09:10,-52.92974,-70.80295,0.002,334.3
2019-02-16T09:20,-52.92974,-70.80295,0.001,129.7
2019-02-16T09:30,-52.92974,-70.80295,0.001,288.4
2019-02-16T09:40,-52.92973,-70.80295,0.0,31.1
2019-02-16T09:50,-52.92973,-70.80295,0.0,328.9
2019-02-16T10:00,-52.92973,-70.80295,0.0,270.0
2019-02-16T10:10,-52.92973,-70.80295,0.001,270.0
2019-02-16T10:20,-52.92973,-70.80295,0.0,148.9
2019-02-16T10:30,-52.92973,-70.80295,0.001,42.1
2019-02-16T10:40,-52.92973,-70.80295,0.001,180.0
2019-02-16T10:50,-52.92974,-70.80295,0.001,230.3
2019-02-16T11:00,-52.92974,-70.80295,0.001,141.2
2019-02-16T11:10,-52.92974,-70.80295,0.0,270.0
2019-02-16T11:20,-52.92974,-70.80295,0.001,230.3
2019-02-16T11:30,-52.92974,-70.80295,0.0,270.0
2019-02-16T11:40,-52.92975,-70.80296,0.003,191.4
2019-02-16T11:50,-52.92975,-70.80295,0.001,50.3
2019-02-16T12:00,-52.92975,-70.80296,0.002,199.9
2019-02-16T12:10,-52.92974,-70.80296,0.003,355.7
2019-02-16T12:20,-52.92974,-70.80296,0.003,343.2
2019-02-16T12:30,-52.92974,-70.80296,0.001,108.4
2019-02-16T12:40,-52.92974,-70.80296,0.001,163.2
2019-02-16T12:50,-52.92974,-70.80296,0.0,0.0
2019-02-16T13:00,-52.92974,-70.80296,0.001,309.7
2019-02-16T13:10,-52.92974,-70.80296,0.001,16.8
2019-02-16T13:20,-52.92974,-70.80295,0.001,118.9
2019-02-16T13:30,-52.92974,-70.80295,0.001,0.0
2019-02-16T13:40,-52.92973,-70.80295,0.001,56.4
2019-02-16T13:50,-52.92974,-70.80295,0.001,148.9
2019-02-16T14:00,-52.92974,-70.80295,0.0,270.0
2019-02-16T14:10,-52.92974,-70.80295,0.001,158.1
2019-02-16T14:20,-52.92974,-70.80294,0.002,54.6
2019-02-16T14:30,-52.92973,-70.80294,0.001,321.2
2019-02-16T14:40,-52.92974,-70.80294,0.001,148.9
2019-02-16T14:50,-52.92973,-70.80294,0.002,328.9
2019-02-16T15:00,-52.92973,-70.80295,0.001,338.1
2019-02-16T15:10,-52.92973,-70.80295,0.001,230.3
2019-02-16T15:20,-52.92973,-70.80295,0.001,241.1
2019-02-16T15:30,-52.92973,-70.80295,0.002,335.7
2019-02-16T15:40,-52.92973,-70.80295,0.0,0.0
2019-02-16T15:50,-52.92973,-70.80295,0.001,112.5
2019-02-16T16:00,-52.92973,-70.80295,0.001,196.8
2019-02-16T16:10,-52.92973,-70.80295,0.002,45.1
2019-02-16T16:20,-52.92973,-70.80295,0.001,241.1
2019-02-16T16:30,-52.92973,-70.80295,0.0,328.9
2019-02-16T16:40,-52.92973,-70.80295,0.0,180.0
2019-02-16T16:50,-52.92973,-70.80295,0.0,328.9
2019-02-16T17:00,-52.92973,-70.80295,0.001,90.0
2019-02-16T17:10,-52.92973,-70.80294,0.001,148.9
2019-02-16T17:20,-52.92973,-70.80294,0.001,191.4
2019-02-16T17:30,-52.92973,-70.80294,0.001,0.0
2019-02-16T17:40,-52.92973,-70.80295,0.001,270.0
2019-02-16T17:50,-52.92972,-70.80295,0.002,317.9
2019-02-16T18:00,-52.92972,-70.80295,0.0,0.0
2019-02-16T18:10,-52.92973,-70.80295,0.001,118.9
2019-02-16T18:20,-52.92972,-70.80295,0.002,343.2
2019-02-16T18:30,-52.92972,-70.80295,0.001,180.0
2019-02-16T18:40,-52.92973,-70.80295,0.002,163.2
2019-02-16T18:50,-52.92974,-70.80295,0.003,170.2
2019-02-16T19:00,-52.92973,-70.80295,0.002,353.1
2019-02-16T19:10,-52.92973,-70.80295,0.0,90.0
2019-02-16T19:20,-52.92973,-70.80295,0.001,118.9
2019-02-16T19:30,-52.92974,-70.80294,0.001,148.9
2019-02-16T19:40,-52.92973,-70.80294,0.003,0.0
2019-02-16T19:50,-52.92973,-70.80295,0.001,247.5
2019-02-16T20:00,-52.92973,-70.80295,0.001,180.0
2019-02-16T20:10,-52.92973,-70.80295,0.001,201.9
2019-02-16T20:20,-52.92973,-70.80295,0.0,31.1
2019-02-16T20:30,-52.92973,-70.80295,0.0,270.0
2019-02-16T20:40,-52.92973,-70.80295,0.0,0.0
2019-02-16T20:50,-52.92974,-70.80295,0.002,166.4
2019-02-16T21:00,-52.92974,-70.80295,0.001,285.5
2019-02-16T21:10,-52.92974,-70.80295,0.0,270.0
2019-02-16T21:20,-52.92973,-70.80295,0.001,50.3
2019-02-16T21:30,-52.92974,-70.80296,0.001,251.6
2019-02-16T21:40,-52.92973,-70.80296,0.001,0.0
2019-02-16T21:50,-52.92973,-70.80296,0.001,309.7
2019-02-16T22:00,-52.92973,-70.80296,0.001,321.2
2019-02-16T22:10,-52.92973,-70.80296,0.0,270.0
2019-02-16T22:20,-52.92973,-70.80296,0.001,163.2
2019-02-16T22:30,-52.92973,-70.80296,0.0,0.0
2019-02-16T22:40,-52.92973,-70.80296,0.0,0.0
2019-02-16T22:50,-52.92973,-70.80296,0.001,180.0
2019-02-16T23:00,-52.92974,-70.80297,0.001,201.9
2019-02-16T23:10,-52.92974,-70.80296,0.0,90.0
2019-02-16T23:20,-52.92974,-70.80296,0.0,148.9
2019-02-16T23:30,-52.92974,-70.80296,0.0,90.0
2019-02-16T23:40,-52.92974,-70.80296,0.001,196.8
2019-02-16T23:50,-52.92974,-70.80296,0.0,270.0
2019-02-17T00:00,-52.92974,-70.80296,0.001,90.0
2019-02-17T00:10,-52.92974,-70.80296,0.0,31.1
2019-02-17T00:20,-52.92974,-70.80296,0.0,31.1
2019-02-17T00:30,-52.92973,-70.80296,0.001,343.2
2019-02-17T00:40,-52.92973,-70.80296,0.001,31.1
2019-02-17T00:50,-52.92973,-70.80295,0.001,31.1
2019-02-17T01:00,-52.92973,-70.80295,0.0,0.0
2019-02-17T01:10,-52.92973,-70.80295,0.001,163.2
2019-02-17T01:20,-52.92973,-70.80295,0.001,42.1
2019-02-17T01:30,-52.92973,-70.80294,0.001,71.6
2019-02-17T01:40,-52.92973,-70.80295,0.001,241.1
2019-02-17T01:50,-52.92973,-70.80295,0.0,211.1
2019-02-17T02:00,-52.92973,-70.80295,0.0,31.1
2019-02-17T02:10,-52.92973,-70.80294,0.001,148.9
2019-02-17T02:20,-52.92973,-70.80295,0.001,270.0
2019-02-17T02:30,-52.92974,-70.80295,0.002,193.6
2019-02-17T02:40,-52.92973,-70.80295,0.002,21.9
2019-02-17T02:50,-52.92974,-70.80294,0.004,176.9
2019-02-17T03:00,-52.92974,-70.80295,0.001,343.2
2019-02-17T03:10,-52.92974,-70.80295,0.001,201.9
2019-02-17T03:20,-52.92974,-70.80295,0.001,201.9
2019-02-17T03:30,-52.92975,-70.80295,0.0,148.9
2019-02-17T03:40,-52.92975,-70.80295,0.003,184.3
2019-02-17T03:50,-52.92975,-70.80295,0.003,0.0
2019-02-17T04:00,-52.92975,-70.80296,0.002,226.5
2019-02-17T04:10,-52.92975,-70.80296,0.0,328.9
2019-02-17T04:20,-52.92975,-70.80295,0.002,37.0
2019-02-17T04:30,-52.92974,-70.80296,0.002,328.9
2019-02-17T04:40,-52.92974,-70.80295,0.001,129.7
2019-02-17T04:50,-52.92974,-70.80295,0.003,0.0
2019-02-17T05:00,-52.92973,-70.80295,0.0,31.1
2019-02-17T05:10,-52.92973,-70.80296,0.001,298.9
2019-02-17T05:20,-52.92973,-70.80295,0.002,16.8
2019-02-17T05:30,-52.92973,-70.80296,0.0,270.0
2019-02-17T05:40,-52.92973,-70.80296,0.001,348.6
2019-02-17T05:50,-52.92973,-70.80296,0.001,148.9
2019-02-17T06:00,-52.92973,-70.80295,0.0,31.1
2019-02-17T06:10,-52.92973,-70.80295,0.002,153.3
2019-02-17T06:20,-52.92973,-70.80295,0.001,61.1
2019-02-17T06:30,-52.92973,-70.80295,0.001,254.5
2019-02-17T06:40,-52.92974,-70.80295,0.001,168.6
2019-02-17T06:50,-52.92974,-70.80295,0.0,31.1
2019-02-17T07:00,-52.92973,-70.80295,0.0,0.0
2019-02-17T07:10,-52.92973,-70.80295,0.001,90.0
2019-02-17T07:20,-52.92974,-70.80295,0.0,180.0
2019-02-17T07:30,-52.92973,-70.80295,0.001,343.2
2019-02-17T07:40,-52.92973,-70.80295,0.0,148.9
2019-02-17T07:50,-52.92973,-70.80295,0.001,50.3
2019-02-17T08:00,-52.92973,-70.80295,0.0,0.0
2019-02-17T08:10,-52.92973,-70.80295,0.001,230.3
2019-02-17T08:20,-52.92974,-70.80295,0.001,180.0
2019-02-17T08:30,-52.92937,-70.80299,0.132,356.1
2019-02-17T08:40,-52.92811,-70.78426,4.09,83.7
2019-02-17T08:50,-52.93669,-70.74514,9.035,110.0
2019-02-17T09:00,-52.96236,-70.74794,9.262,183.8
2019-02-17T09:10,-52.98989,-70.75759,10.131,191.9
2019-02-17T09:20,-53.02134,-70.76906,11.593,192.4
2019-02-17T09:30,-53.05286,-70.78293,11.739,194.8
2019-02-17T09:40,-53.08444,-70.79753,11.802,195.5
2019-02-17T09:50,-53.1129,-70.82058,11.393,205.9
2019-02-17T10:00,-53.12357,-70.85255,7.903,240.9
2019-02-17T10:10,-53.12378,-70.85591,0.731,264.0
2019-02-17T10:20,-53.12526,-70.85817,0.723,222.4
2019-02-17T10:30,-53.12537,-70.85843,0.069,235.5
2019-02-17T10:40,-53.12538,-70.85842,0.002,153.4
2019-02-17T10:50,-53.12538,-70.85842,0.002,173.2
2019-02-17T11:00,-53.12538,-70.85842,0.001,11.3
2019-02-17T11:10,-53.12538,-70.85842,0.002,193.5
2019-02-17T11:20,-53.12538,-70.85842,0.001,31.0
2019-02-17T11:30,-53.12538,-70.85842,0.001,0.0
2019-02-17T11:40,-53.12537,-70.85842,0.001,11.3
2019-02-17T11:50,-53.12538,-70.85841,0.002,103.4
2019-02-17T12:00,-53.12537,-70.85842,0.002,346.5
2019-02-17T12:10,-53.12537,-70.85842,0.002,299.1
2019-02-17T12:20,-53.12536,-70.85843,0.002,318.0
2019-02-17T12:30,-53.12536,-70.85843,0.0,0.0
2019-02-17T12:40,-53.12538,-70.85842,0.006,155.8
2019-02-17T12:50,-53.12538,-70.85842,0.001,211.0
2019-02-17T13:00,-53.12538,-70.85842,0.0,31.0
2019-02-17T13:10,-53.12538,-70.85842,0.001,129.8
2019-02-17T13:20,-53.12539,-70.85841,0.002,125.5
2019-02-17T13:30,-53.12538,-70.85841,0.002,335.8
2019-02-17T13:40,-53.12538,-70.85841,0.001,21.8
2019-02-17T13:50,-53.12538,-70.85842,0.001,270.0
2019-02-17T14:00,-53.12538,-70.85841,0.001,119.1
2019-02-17T14:10,-53.12538,-70.85842,0.001,247.4
2019-02-17T14:20,-53.12538,-70.85842,0.0,0.0
2019-02-17T14:30,-53.12538,-70.85842,0.001,21.8
2019-02-17T14:40,-53.12537,-70.85841,0.003,31.0
2019-02-17T14:50,-53.12537,-70.85841,0.001,230.2
2019-02-17T15:00,-53.12537,-70.85842,0.001,240.9
2019-02-17T15:10,-53.12537,-70.85843,0.004,314.2
2019-02-17T15:20,-53.12538,-70.85842,0.004,168.7
2019-02-17T15:30,-53.12537,-70.85844,0.005,318.9
2019-02-17T15:40,-53.12537,-70.85843,0.002,119.1
2019-02-17T15:50,-53.12537,-70.85842,0.003,97.3
2019-02-17T16:00,-53.12537,-70.85842,0.001,180.0
2019-02-17T16:10,-53.12537,-70.85842,0.0,270.0
2019-02-17T16:20,-53.12537,-70.85842,0.001,338.2
2019-02-17T16:30,-53.12537,-70.85842,0.0,0.0
2019-02-17T16:40,-53.12537,-70.85843,0.001,270.0
2019-02-17T16:50,-53.12537,-70.85842,0.001,141.3
2019-02-17T17:00,-53.12538,-70.85842,0.001,108.4
2019-02-17T17:10,-53.12537,-70.85842,0.001,309.8
2019-02-17T17:20,-53.12537,-70.85842,0.001,60.9
2019-02-17T17:30,-53.12537,-70.85842,0.001,338.2
2019-02-17T17:40,-53.12537,-70.85842,0.001,270.0
2019-02-17T17:50,-53.12537,-70.85842,0.001,60.9
2019-02-17T18:00,-53.12537,-70.85843,0.002,230.2
2019-02-17T18:10,-53.12537,-70.85842,0.0,31.0
2019-02-17T18:20,-53.12537,-70.85842,0.0,0.0
2019-02-17T18:30,-53.12537,-70.85842,0.0,0.0
2019-02-17T18:40,-53.12537,-70.85842,0.002,129.8
2019-02-17T18:50,-53.12537,-70.85842,0.001,270.0
2019-02-17T19:00,-53.12537,-70.85842,0.001,119.1
2019-02-17T19:10,-53.12538,-70.85842,0.002,163.3
2019-02-17T19:20,-53.12538,-70.85841,0.0,31.0
2019-02-17T19:30,-53.12538,-70.85842,0.0,211.0
2019-02-17T19:40,-53.12538,-70.85842,0.001,240.9
2019-02-17T19:50,-53.12538,-70.85841,0.001,108.4
2019-02-17T20:00,-53.12538,-70.85841,0.001,0.0
2019-02-17T20:10,-53.12538,-70.85841,0.0,211.0
2019-02-17T20:20,-53.12538,-70.85842,0.001,222.0
2019-02-17T20:30,-53.12538,-70.85842,0.0,149.0
2019-02-17T20:40,-53.12539,-70.85842,0.003,188.5
2019-02-17T20:50,-53.12539,-70.85842,0.002,335.8
2019-02-17T21:00,-53.12538,-70.85842,0.001,0.0
2019-02-17T21:10,-53.12538,-70.85842,0.001,329.0
2019-02-17T21:20,-53.12538,-70.85842,0.001,21.8
2019-02-17T21:30,-53.12538,-70.85843,0.001,251.6
2019-02-17T21:40,-53.12538,-70.85843,0.001,309.8
2019-02-17T21:50,-53.12538,-70.85843,0.001,236.3
2019-02-17T22:00,-53.12538,-70.85843,0.001,0.0
2019-02-17T22:10,-53.12538,-70.85843,0.0,31.0
2019-02-17T22:20,-53.12538,-70.85844,0.002,244.5
2019-02-17T22:30,-53.12538,-70.85844,0.0,90.0
2019-02-17T22:40,-53.12538,-70.85844,0.001,163.3
2019-02-17T22:50,-53.12538,-70.85844,0.001,318.0
2019-02-17T23:00,-53.12538,-70.85844,0.001,90.0
2019-02-17T23:10,-53.12538,-70.85844,0.0,0.0
2019-02-17T23:20,-53.12538,-70.85844,0.001,211.0
2019-02-17T23:30,-53.12538,-70.85844,0.001,149.0
2019-02-17T23:40,-53.12538,-70.85844,0.003,345.6
2019-02-17T23:50,-53.12538,-70.85843,0.001,105.5
2019-02-18T00:00,-53.12538,-70.85843,0.0,149.0
2019-02-18T00:10,-53.12538,-70.85843,0.002,129.8
2019-02-18T00:20,-53.12538,-70.85842,0.001,108.4
2019-02-18T00:30,-53.12538,-70.85841,0.002,46.4
2019-02-18T00:40,-53.12538,-70.85841,0.001,348.7
2019-02-18T00:50,-53.12538,-70.85841,0.001,163.3
2019-02-18T01:00,-53.12538,-70.85841,0.0,90.0
2019-02-18T01:10,-53.12538,-70.85841,0.0,270.0
2019-02-18T01:20,-53.12538,-70.85841,0.001,60.9
2019-02-18T01:30,-53.12538,-70.85841,0.0,149.0
2019-02-18T01:40,-53.12538,-70.85841,0.001,343.3
2019-02-18T01:50,-53.12538,-70.85841,0.0,270.0
2019-02-18T02:00,-53.12537,-70.85841,0.0,329.0
2019-02-18T02:10,-53.12538,-70.85841,0.001,129.8
2019-02-18T02:20,-53.12537,-70.85841,0.0,0.0
2019-02-18T02:30,-53.12538,-70.85841,0.0,180.0
2019-02-18T02:40,-53.12538,-70.85841,0.003,180.0
2019-02-18T02:50,-53.12538,-70.85841,0.001,38.7
2019-02-18T03:00,-53.12538,-70.85841,0.001,254.5
2019-02-18T03:10,-53.12539,-70.85841,0.001,188.5
2019-02-18T03:20,-53.12539,-70.85841,0.001,180.0
2019-02-18T03:30,-53.12539,-70.85842,0.003,198.9
2019-02-18T03:40,-53.12539,-70.85842,0.001,8.5
2019-02-18T03:50,-53.12539,-70.85842,0.0,90.0
2019-02-18T04:00,-53.12539,-70.85842,0.0,211.0
2019-02-18T04:10,-53.12538,-70.85841,0.004,13.5
2019-02-18T04:20,-53.12538,-70.85842,0.001,222.0
2019-02-18T04:30,-53.12538,-70.85842,0.002,315.0
2019-02-18T04:40,-53.12538,-70.85841,0.002,115.5
2019-02-18T04:50,-53.12538,-70.85842,0.001,270.0
2019-02-18T05:00,-53.12538,-70.85843,0.002,270.0
2019-02-18T05:10,-53.12538,-70.85843,0.002,353.2
2019-02-18T05:20,-53.12538,-70.85843,0.001,163.3
2019-02-18T05:30,-53.12538,-70.85843,0.001,329.0
2019-02-18T05:40,-53.12538,-70.85843,0.001,31.0
2019-02-18T05:50,-53.12537,-70.85843,0.002,338.2
2019-02-18T06:00,-53.12537,-70.85842,0.001,90.0
2019-02-18T06:10,-53.12538,-70.85842,0.003,158.2
2019-02-18T06:20,-53.12538,-70.85842,0.0,0.0
2019-02-18T06:30,-53.12538,-70.85842,0.001,329.0
2019-02-18T06:40,-53.12538,-70.85842,0.001,180.0
2019-02-18T06:50,-53.12538,-70.85842,0.001,163.3
2019-02-18T07:00,-53.12538,-70.85842,0.001,270.0
2019-02-18T07:10,-53.12538,-70.85842,0.001,0.0
2019-02-18T07:20,-53.12538,-70.85842,0.001,180.0
2019-02-18T07:30,-53.12539,-70.85841,0.002,136.2
2019-02-18T07:40,-53.12539,-70.85842,0.001,270.0
2019-02-18T07:50,-53.12539,-70.85842,0.001,222.0
2019-02-18T08:00,-53.12539,-70.85842,0.001,270.0
2019-02-18T08:10,-53.12539,-70.85842,0.002,45.0
2019-02-18T08:20,-53.12538,-70.85842,0.001,309.8
2019-02-18T08:30,-53.12538,-70.85842,0.001,42.0
2019-02-18T08:40,-53.12538,-70.85842,0.0,270.0
2019-02-18T08:50,-53.12538,-70.85842,0.0,90.0
2019-02-18T09:00,-53.12538,-70.85842,0.001,38.7
2019-02-18T09:10,-53.12538,-70.85842,0.0,270.0
2019-02-18T09:20,-53.1251,-70.85818,0.112,28.0
2019-02-18T09:30,-53.1202,-70.84171,3.971,63.6
2019-02-18T09:40,-53.09779,-70.78405,14.846,57.1
2019-02-18T09:50,-53.07499,-70.72583,15.031,56.9
2019-02-18T10:00,-53.0501,-70.66955,15.12,53.7
2019-02-18T10:10,-53.02375,-70.61535,15.089,51.1
2019-02-18T10:20,-52.99865,-70.5597,15.066,53.2
2019-02-18T10:30,-52.97128,-70.5064,15.187,49.6
2019-02-18T10:40,-52.93237,-70.4834,14.872,19.6
2019-02-18T10:50,-52.88988,-70.48066,15.31,2.2
2019-02-18T11:00,-52.84775,-70.48024,15.169,0.3
2019-02-18T11:10,-52.80761,-70.47939,14.453,0.7
2019-02-18T11:20,-52.77021,-70.47097,13.59,7.8
2019-02-18T11:30,-52.74128,-70.43777,12.682,34.8
2019-02-18T11:40,-52.73069,-70.38658,11.792,71.2
2019-02-18T11:50,-52.72331,-70.33471,11.619,76.8
2019-02-18T12:00,-52.71571,-70.28265,11.679,76.5
2019-02-18T12:10,-52.70837,-70.22947,11.897,77.2
2019-02-18T12:20,-52.70042,-70.17668,11.867,76.1
2019-02-18T12:30,-52.69249,-70.12234,12.197,76.5
2019-02-18T12:40,-52.68531,-70.06841,12.05,77.6
2019-02-18T12:50,-52.67593,-70.01514,12.109,73.8
2019-02-18T13:00,-52.66136,-69.96409,12.318,64.8
2019-02-18T13:10,-52.64599,-69.91287,12.481,63.7
2019-02-18T13:20,-52.63053,-69.86312,12.211,62.9
2019-02-18T13:30,-52.61612,-69.81643,11.448,63.1
2019-02-18T13:40,-52.60248,-69.77468,10.367,61.7
2019-02-18T13:50,-52.58915,-69.73435,10.041,61.5
2019-02-18T14:00,-52.57745,-69.69485,9.614,64.0
2019-02-18T14:10,-52.56064,-69.65959,9.806,51.9
2019-02-18T14:20,-52.53865,-69.63504,9.572,34.2
2019-02-18T14:30,-52.51637,-69.60978,9.745,34.6
2019-02-18T14:40,-52.49639,-69.57702,10.163,45.0
2019-02-18T14:50,-52.47606,-69.54399,10.297,44.7
2019-02-18T15:00,-52.45561,-69.50744,10.884,47.5
2019-02-18T15:10,-52.4349,-69.46782,11.456,49.4
2019-02-18T15:20,-52.41409,-69.42414,12.169,52.0
2019-02-18T15:30,-52.39761,-69.39016,9.536,51.5
2019-02-18T15:40,-52.37961,-69.3649,8.532,40.6
2019-02-18T15:50,-52.35937,-69.32751,10.986,48.4
2019-02-18T16:00,-52.35316,-69.27795,11.125,78.4
2019-02-18T16:10,-52.3532,-69.22261,12.17,90.1
2019-02-18T16:20,-52.3529,-69.16579,12.495,89.5
2019-02-18T16:30,-52.35769,-69.10881,12.649,97.9
2019-02-18T16:40,-52.36725,-69.05146,13.071,105.3
2019-02-18T16:50,-52.37724,-68.99363,13.211,105.8
2019-02-18T17:00,-52.39078,-68.93662,13.444,111.3
2019-02-18T17:10,-52.40678,-68.87938,13.831,114.6
2019-02-18T17:20,-52.42207,-68.824,13.35,114.4
2019-02-18T17:30,-52.43657,-68.772,12.553,114.6
2019-02-18T17:40,-52.45048,-68.72149,12.164,114.3
2019-02-18T17:50,-52.46446,-68.67115,12.139,114.5
2019-02-18T18:00,-52.47829,-68.62051,12.169,114.2
2019-02-18T18:10,-52.49175,-68.57059,11.972,113.9
2019-02-18T18:20,-52.50511,-68.51984,12.118,113.4
2019-02-18T18:30,-52.52444,-68.47617,11.833,126.1
2019-02-18T18:40,-52.54565,-68.43428,11.937,129.8
2019-02-18T18:50,-52.56681,-68.3926,11.886,129.9
2019-02-18T19:00,-52.58766,-68.35131,11.746,129.7
2019-02-18T19:10,-52.60806,-68.31088,11.495,129.7
2019-02-18T19:20,-52.62809,-68.27134,11.257,129.9
2019-02-18T19:30,-52.64796,-68.23273,11.061,130.3
2019-02-18T19:40,-52.66734,-68.1946,10.863,130.0
2019-02-18T19:50,-52.68548,-68.15602,10.659,127.8
2019-02-18T20:00,-52.70329,-68.11801,10.483,127.7
2019-02-18T20:10,-52.72048,-68.08028,10.297,127.0
2019-02-18T20:20,-52.74091,-68.04031,11.406,130.2
2019-02-18T20:30,-52.76448,-67.99999,12.216,134.0
2019-02-18T20:40,-52.78853,-67.95839,12.532,133.7
2019-02-18T20:50,-52.8126,-67.91704,12.495,133.9
2019-02-18T21:00,-52.83708,-67.87489,12.719,133.9
2019-02-18T21:10,-52.86164,-67.83243,12.783,133.8
2019-02-18T21:20,-52.8861,-67.79018,12.724,133.8
2019-02-18T21:30,-52.91029,-67.74835,12.584,133.8
2019-02-18T21:40,-52.93431,-67.70675,12.505,133.8
2019-02-18T21:50,-52.95851,-67.6652,12.538,134.0
2019-02-18T22:00,-52.98262,-67.62347,12.539,133.8
2019-02-18T22:10,-53.00711,-67.58094,12.754,133.8
2019-02-18T22:20,-53.03181,-67.53813,12.849,133.8
2019-02-18T22:30,-53.05667,-67.49509,12.919,133.9
2019-02-18T22:40,-53.0817,-67.45166,13.018,133.8
2019-02-18T22:50,-53.10701,-67.40797,13.124,134.0
2019-02-18T23:00,-53.13251,-67.36351,13.29,133.7
2019-02-18T23:10,-53.15837,-67.31865,13.437,133.9
2019-02-18T23:20,-53.18379,-67.27429,13.245,133.7
2019-02-18T23:30,-53.20808,-67.23233,12.588,134.0
2019-02-18T23:40,-53.23207,-67.1905,12.486,133.8
2019-02-18T23:50,-53.25607,-67.14863,12.491,133.8
2019-02-19T00:00,-53.28044,-67.10639,12.639,134.0
2019-02-19T00:10,-53.305,-67.06338,12.8,133.7
2019-02-19T00:20,-53.32954,-67.02078,12.728,134.0
2019-02-19T00:30,-53.35335,-66.97912,12.398,133.8
2019-02-19T00:40,-53.37751,-66.93699,12.553,133.9
2019-02-19T00:50,-53.40184,-66.89449,12.65,133.8
2019-02-19T01:00,-53.42562,-66.85297,12.357,133.9
2019-02-19T01:10,-53.44955,-66.81116,12.435,133.9
2019-02-19T01:20,-53.47339,-66.76911,12.448,133.6
2019-02-19T01:30,-53.49742,-66.72695,12.507,133.8
2019-02-19T01:40,-53.52176,-66.68453,12.622,134.0
2019-02-19T01:50,-53.546,-66.64221,12.577,134.0
2019-02-19T02:00,-53.57009,-66.5997,12.565,133.7
2019-02-19T02:10,-53.59497,-66.55629,12.897,134.0
2019-02-19T02:20,-53.61921,-66.5134,12.653,133.6
2019-02-19T02:30,-53.64302,-66.47156,12.382,133.8
2019-02-19T02:40,-53.66689,-66.42993,12.361,134.1
2019-02-19T02:50,-53.69078,-66.38756,12.474,133.6
2019-02-19T03:00,-53.71515,-66.34545,12.554,134.4
2019-02-19T03:10,-53.73919,-66.30262,12.575,133.5
2019-02-19T03:20,-53.76331,-66.25997,12.565,133.8
2019-02-19T03:30,-53.7875,-66.21707,12.616,133.7
2019-02-19T03:40,-53.81182,-66.17491,12.533,134.3
2019-02-19T03:50,-53.83616,-66.13126,12.76,133.4
2019-02-19T04:00,-53.86061,-66.08812,12.707,133.9
2019-02-19T04:10,-53.88502,-66.04552,12.609,134.2
2019-02-19T04:20,-53.90895,-66.00294,12.483,133.7
2019-02-19T04:30,-53.93282,-65.96082,12.395,133.9
2019-02-19T04:40,-53.9565,-65.91899,12.299,133.9
2019-02-19T04:50,-53.97947,-65.87781,12.02,133.5
2019-02-19T05:00,-54.00257,-65.83735,11.938,134.2
2019-02-19T05:10,-54.0253,-65.79656,11.893,133.5
2019-02-19T05:20,-54.04781,-65.75682,11.674,134.0
2019-02-19T05:30,-54.0697,-65.71816,11.353,134.0
2019-02-19T05:40,-54.0915,-65.67942,11.337,133.8
2019-02-19T05:50,-54.11379,-65.64008,11.552,134.0
2019-02-19T06:00,-54.136,-65.60111,11.469,134.2
2019-02-19T06:10,-54.15795,-65.56248,11.351,134.2
2019-02-19T06:20,-54.17994,-65.52369,11.381,134.1
2019-02-19T06:30,-54.20148,-65.48583,11.123,134.2
2019-02-19T06:40,-54.2227,-65.44867,10.937,134.3
2019-02-19T06:50,-54.24393,-65.41112,10.993,134.1
2019-02-19T07:00,-54.2663,-65.37157,11.58,134.1
2019-02-19T07:10,-54.28982,-65.32986,12.19,134.0
2019-02-19T07:20,-54.31315,-65.28861,12.069,134.1
2019-02-19T07:30,-54.33654,-65.24747,12.065,134.3
2019-02-19T07:40,-54.36009,-65.20552,12.22,133.9
2019-02-19T07:50,-54.38268,-65.16053,12.46,130.8
2019-02-19T08:00,-54.40623,-65.11794,12.312,133.5
2019-02-19T08:10,-54.42981,-65.07586,12.238,133.9
2019-02-19T08:20,-54.45326,-65.03369,12.217,133.7
2019-02-19T08:30,-54.4779,-64.99183,12.468,135.4
2019-02-19T08:40,-54.50302,-64.95065,12.489,136.4
2019-02-19T08:50,-54.52825,-64.90954,12.504,136.6
2019-02-19T09:00,-54.55392,-64.86755,12.742,136.5
2019-02-19T09:10,-54.58169,-64.83177,12.48,143.3
2019-02-19T09:20,-54.617,-64.84809,13.161,195.0
2019-02-19T09:30,-54.65155,-64.86425,12.886,195.1
2019-02-19T09:40,-54.68628,-64.88076,12.97,195.4
2019-02-19T09:50,-54.72076,-64.89699,12.864,195.2
2019-02-19T10:00,-54.75489,-64.91271,12.717,194.9
2019-02-19T10:10,-54.78933,-64.92904,12.855,195.3
2019-02-19T10:20,-54.82441,-64.94557,13.089,195.2
2019-02-19T10:30,-54.85843,-64.96125,12.673,194.9
2019-02-19T10:40,-54.8915,-64.97705,12.346,195.4
2019-02-19T10:50,-54.92437,-64.99246,12.257,195.1
2019-02-19T11:00,-54.95729,-65.00761,12.259,194.8
2019-02-19T11:10,-54.98949,-65.02282,12.013,195.2
2019-02-19T11:20,-55.02262,-65.03659,12.264,193.4
2019-02-19T11:30,-55.05813,-65.04275,12.847,185.7
2019-02-19T11:40,-55.08935,-65.00661,13.486,146.5
2019-02-19T11:50,-55.11696,-64.98004,11.346,151.2
2019-02-19T12:00,-55.14648,-64.95319,11.98,152.5
2019-02-19T12:10,-55.17536,-64.923,12.11,149.2
2019-02-19T12:20,-55.20347,-64.88978,12.212,146.0
2019-02-19T12:30,-55.23292,-64.85702,12.556,147.6
2019-02-19T12:40,-55.2621,-64.82526,12.364,148.2
2019-02-19T12:50,-55.2914,-64.79383,12.365,148.6
2019-02-19T13:00,-55.32084,-64.76249,12.393,148.8
2019-02-19T13:10,-55.3506,-64.72957,12.659,147.8
2019-02-19T13:20,-55.36612,-64.68748,10.269,123.0
2019-02-19T13:30,-55.35791,-64.65007,8.207,68.9
2019-02-19T13:40,-55.35191,-64.61277,7.935,74.2
2019-02-19T13:50,-55.35169,-64.57486,7.761,89.4
2019-02-19T14:00,-55.35245,-64.53647,7.863,92.0
2019-02-19T14:10,-55.35841,-64.50594,6.607,109.0
2019-02-19T14:20,-55.38988,-64.49108,11.732,165.0
2019-02-19T14:30,-55.42283,-64.47555,12.281,165.0
2019-02-19T14:40,-55.45599,-64.46085,12.31,165.9
2019-02-19T14:50,-55.48935,-64.44664,12.356,166.4
2019-02-19T15:00,-55.52275,-64.43189,12.395,166.0
2019-02-19T15:10,-55.55579,-64.41729,12.262,166.0
2019-02-19T15:20,-55.56644,-64.39856,5.411,135.2
2019-02-19T15:30,-55.56807,-64.38398,3.024,101.1
2019-02-19T15:40,-55.56894,-64.36861,3.145,95.7
2019-02-19T15:50,-55.57084,-64.35255,3.339,101.8
2019-02-19T16:00,-55.57256,-64.33559,3.508,100.2
2019-02-19T16:10,-55.58924,-64.31342,7.511,143.1
2019-02-19T16:20,-55.61777,-64.28314,11.977,149.1
2019-02-19T16:30,-55.64781,-64.25637,12.108,153.3
2019-02-19T16:40,-55.67728,-64.23017,11.87,153.4
2019-02-19T16:50,-55.70646,-64.20461,11.716,153.7
2019-02-19T17:00,-55.73561,-64.17896,11.716,153.7
2019-02-19T17:10,-55.76431,-64.15305,11.589,153.1
2019-02-19T17:20,-55.79301,-64.1265,11.647,152.5
2019-02-19T17:30,-55.82159,-64.09952,11.651,152.1
2019-02-19T17:40,-55.85104,-64.07121,12.048,151.6
2019-02-19T17:50,-55.8819,-64.04137,12.642,151.5
2019-02-19T18:00,-55.91317,-64.01094,12.826,151.4
2019-02-19T18:10,-55.94452,-63.9803,12.868,151.3
2019-02-19T18:20,-55.97603,-63.94883,12.999,150.8
2019-02-19T18:30,-56.00845,-63.91759,13.258,151.7
2019-02-19T18:40,-56.04105,-63.88721,13.236,152.5
2019-02-19T18:50,-56.07411,-63.85733,13.334,153.2
2019-02-19T19:00,-56.10745,-63.82805,13.368,153.9
2019-02-19T19:10,-56.14045,-63.79957,13.184,154.3
2019-02-19T19:20,-56.17332,-63.77045,13.196,153.8
2019-02-19T19:30,-56.20585,-63.74208,13.019,154.1
2019-02-19T19:40,-56.23893,-63.71514,13.074,155.7
2019-02-19T19:50,-56.27234,-63.6885,13.158,156.1
2019-02-19T20:00,-56.30311,-63.65465,12.981,148.6
2019-02-19T20:10,-56.33282,-63.62066,12.667,147.6
2019-02-19T20:20,-56.36268,-63.58676,12.704,147.8
2019-02-19T20:30,-56.39223,-63.55254,12.639,147.3
2019-02-19T20:40,-56.42063,-63.52045,12.058,148.0
2019-02-19T20:50,-56.44863,-63.48797,11.978,147.3
2019-02-19T21:00,-56.47708,-63.45564,12.093,147.9
2019-02-19T21:10,-56.50621,-63.42219,12.42,147.6
2019-02-19T21:20,-56.53533,-63.38881,12.404,147.7
2019-02-19T21:30,-56.56399,-63.35562,12.244,147.5
2019-02-19T21:40,-56.59303,-63.32235,12.362,147.8
2019-02-19T21:50,-56.62179,-63.28936,12.245,147.7
2019-02-19T22:00,-56.65012,-63.25687,12.058,147.8
2019-02-19T22:10,-56.67829,-63.22455,11.992,147.8
2019-02-19T22:20,-56.70668,-63.19153,12.129,147.4
2019-02-19T22:30,-56.73476,-63.15893,11.986,147.5
2019-02-19T22:40,-56.76298,-63.12636,12.026,147.7
2019-02-19T22:50,-56.79097,-63.09423,11.905,147.8
2019-02-19T23:00,-56.81823,-63.06276,11.609,147.7
2019-02-19T23:10,-56.84547,-63.03153,11.578,147.9
2019-02-19T23:20,-56.87282,-62.99951,11.691,147.4
2019-02-19T23:30,-56.89965,-62.96832,11.445,147.6
2019-02-19T23:40,-56.9256,-62.93822,11.06,147.7
2019-02-19T23:50,-56.95015,-62.91011,10.42,148.0
2019-02-20T00:00,-56.97455,-62.88135,10.444,147.3
2019-02-20T00:10,-56.99807,-62.8539,10.034,147.6
2019-02-20T00:20,-57.02061,-62.82883,9.488,148.8
2019-02-20T00:30,-57.04263,-62.80239,9.47,146.9
2019-02-20T00:40,-57.06423,-62.77699,9.231,147.4
2019-02-20T00:50,-57.08417,-62.75398,8.475,147.9
2019-02-20T01:00,-57.10487,-62.73,8.806,147.8
2019-02-20T01:10,-57.12492,-62.70601,8.609,147.0
2019-02-20T01:20,-57.14632,-62.68103,9.122,147.7
2019-02-20T01:30,-57.16689,-62.65806,8.659,148.8
2019-02-20T01:40,-57.18719,-62.63363,8.728,146.9
2019-02-20T01:50,-57.20844,-62.60867,9.068,147.5
2019-02-20T02:00,-57.2287,-62.58487,8.645,147.5
2019-02-20T02:10,-57.25072,-62.55943,9.35,148.0
2019-02-20T02:20,-57.27251,-62.5336,9.319,147.4
2019-02-20T02:30,-57.29431,-62.50836,9.261,148.0
2019-02-20T02:40,-57.31413,-62.4864,8.315,149.1
2019-02-20T02:50,-57.33573,-62.46091,9.221,147.5
2019-02-20T03:00,-57.35816,-62.43345,9.68,146.6
2019-02-20T03:10,-57.37919,-62.40885,8.951,147.8
2019-02-20T03:20,-57.40077,-62.38279,9.27,147.0
2019-02-20T03:30,-57.4222,-62.35711,9.185,147.2
2019-02-20T03:40,-57.44391,-62.33091,9.322,147.0
2019-02-20T03:50,-57.46496,-62.30521,9.065,146.7
2019-02-20T04:00,-57.48679,-62.27897,9.359,147.1
2019-02-20T04:10,-57.50722,-62.25396,8.807,146.7
2019-02-20T04:20,-57.52832,-62.22907,8.993,147.7
2019-02-20T04:30,-57.54867,-62.20478,8.7,147.4
2019-02-20T04:40,-57.56943,-62.17885,8.999,146.2
2019-02-20T04:50,-57.59092,-62.15308,9.198,147.3
2019-02-20T05:00,-57.61193,-62.12741,9.04,146.8
2019-02-20T05:10,-57.63282,-62.10235,8.942,147.3
2019-02-20T05:20,-57.65353,-62.07679,8.937,146.6
2019-02-20T05:30,-57.67454,-62.0513,9.017,147.0
2019-02-20T05:40,-57.69507,-62.02633,8.816,147.0
2019-02-20T05:50,-57.71476,-62.00358,8.33,148.3
2019-02-20T06:00,-57.72447,-61.97817,6.009,125.6
2019-02-20T06:10,-57.73002,-61.95755,4.44,116.8
2019-02-20T06:20,-57.73546,-61.93147,5.381,111.4
2019-02-20T06:30,-57.74018,-61.90489,5.385,108.4
2019-02-20T06:40,-57.74574,-61.87608,5.886,109.9
2019-02-20T06:50,-57.75128,-61.84816,5.724,110.4
2019-02-20T07:00,-57.76181,-61.82306,6.133,128.2
2019-02-20T07:10,-57.77159,-61.79861,5.867,126.9
2019-02-20T07:20,-57.78267,-61.77208,6.472,128.1
2019-02-20T07:30,-57.79427,-61.7469,6.386,130.8
2019-02-20T07:40,-57.80628,-61.72023,6.7,130.2
2019-02-20T07:50,-57.81824,-61.69652,6.264,133.4
2019-02-20T08:00,-57.83043,-61.67016,6.692,131.0
2019-02-20T08:10,-57.84299,-61.64645,6.411,134.9
2019-02-20T08:20,-57.85534,-61.62007,6.733,131.3
2019-02-20T08:30,-57.86706,-61.59639,6.196,133.0
2019-02-20T08:40,-57.87905,-61.57133,6.454,132.0
2019-02-20T08:50,-57.8912,-61.54597,6.534,132.0
2019-02-20T09:00,-57.90406,-61.52199,6.518,135.3
2019-02-20T09:10,-57.91742,-61.49895,6.524,137.5
2019-02-20T09:20,-57.9302,-61.4756,6.412,135.9
2019-02-20T09:30,-57.9428,-61.45376,6.164,137.4
2019-02-20T09:40,-57.95605,-61.43099,6.458,137.7
2019-02-20T09:50,-57.96866,-61.40794,6.324,135.9
2019-02-20T10:00,-57.98145,-61.38395,6.494,135.2
2019-02-20T10:10,-57.99406,-61.3608,6.337,135.8
2019-02-20T10:20,-58.00731,-61.33601,6.717,135.2
2019-02-20T10:30,-58.02004,-61.31298,6.348,136.2
2019-02-20T10:40,-58.03211,-61.29109,6.025,136.2
2019-02-20T10:50,-58.04391,-61.26873,6.019,134.9
2019-02-20T11:00,-58.05687,-61.24186,6.927,132.3
2019-02-20T11:10,-58.06905,-61.21688,6.469,132.7
2019-02-20T11:20,-58.08141,-61.19225,6.466,133.5
2019-02-20T11:30,-58.09323,-61.16703,6.416,131.6
2019-02-20T11:40,-58.10486,-61.14248,6.274,131.9
2019-02-20T11:50,-58.11649,-61.11905,6.115,133.2
2019-02-20T12:00,-58.1291,-61.09325,6.685,132.8
2019-02-20T12:10,-58.14157,-61.06939,6.38,134.7
2019-02-20T12:20,-58.15481,-61.04634,6.475,137.5
2019-02-20T12:30,-58.16768,-61.02364,6.329,137.1
2019-02-20T12:40,-58.18099,-60.99806,6.823,134.6
2019-02-20T12:50,-58.19353,-60.97646,6.099,137.8
2019-02-20T13:00,-58.20743,-60.95096,6.96,136.0
2019-02-20T13:10,-58.22047,-60.92949,6.214,139.1
2019-02-20T13:20,-58.23285,-60.90434,6.529,133.1
2019-02-20T13:30,-58.24577,-60.8785,6.755,133.5
2019-02-20T13:40,-58.25703,-60.85572,5.921,133.2
2019-02-20T13:50,-58.26928,-60.82963,6.623,131.8
2019-02-20T14:00,-58.2811,-60.80383,6.478,131.1
2019-02-20T14:10,-58.29348,-60.77638,6.844,130.6
2019-02-20T14:20,-58.30639,-60.74634,7.344,129.3
2019-02-20T14:30,-58.31908,-60.71721,7.157,129.7
2019-02-20T14:40,-58.33146,-60.68857,7.014,129.5
2019-02-20T14:50,-58.34388,-60.65924,7.123,128.9
2019-02-20T15:00,-58.35592,-60.63201,6.728,130.1
2019-02-20T15:10,-58.36754,-60.60676,6.344,131.3
2019-02-20T15:20,-58.37975,-60.58021,6.666,131.2
2019-02-20T15:30,-58.39276,-60.55287,6.968,132.2
2019-02-20T15:40,-58.40487,-60.5277,6.448,132.6
2019-02-20T15:50,-58.41734,-60.50212,6.589,132.9
2019-02-20T16:00,-58.4308,-60.47523,7.014,133.7
2019-02-20T16:10,-58.44583,-60.4447,7.899,133.2
2019-02-20T16:20,-58.46193,-60.41126,8.562,132.7
2019-02-20T16:30,-58.47787,-60.37886,8.375,133.3
2019-02-20T16:40,-58.49692,-60.34941,8.817,141.1
2019-02-20T16:50,-58.51708,-60.32171,8.935,144.3
2019-02-20T17:00,-58.53976,-60.29351,9.736,147.0
2019-02-20T17:10,-58.56341,-60.27041,9.558,153.0
2019-02-20T17:20,-58.58781,-60.24607,9.901,152.5
2019-02-20T17:30,-58.61133,-60.22173,9.621,151.7
2019-02-20T17:40,-58.63469,-60.20105,9.26,155.3
2019-02-20T17:50,-58.65863,-60.18218,9.318,157.7
2019-02-20T18:00,-58.68202,-60.16351,9.116,157.5
2019-02-20T18:10,-58.70598,-60.14271,9.466,155.7
2019-02-20T18:20,-58.72863,-60.12318,8.936,155.9
2019-02-20T18:30,-58.75187,-60.10285,9.187,155.6
2019-02-20T18:40,-58.77578,-60.08257,9.406,156.3
2019-02-20T18:50,-58.80013,-60.06248,9.536,156.9
2019-02-20T19:00,-58.82543,-60.04216,9.865,157.4
2019-02-20T19:10,-58.85011,-60.02313,9.568,158.3
2019-02-20T19:20,-58.87444,-60.00393,9.462,157.8
2019-02-20T19:30,-58.89813,-59.98627,9.139,158.9
2019-02-20T19:40,-58.92407,-59.96701,10.002,159.0
2019-02-20T19:50,-58.95021,-59.94877,10.004,160.2
2019-02-20T20:00,-58.97657,-59.93084,10.057,160.7
2019-02-20T20:10,-59.0029,-59.91199,10.104,159.8
2019-02-20T20:20,-59.02949,-59.89257,10.228,159.4
2019-02-20T20:30,-59.0554,-59.87438,9.919,160.2
2019-02-20T20:40,-59.08139,-59.85531,9.999,159.3
2019-02-20T20:50,-59.10847,-59.83568,10.405,159.6
2019-02-20T21:00,-59.13627,-59.81573,10.667,159.8
2019-02-20T21:10,-59.16439,-59.79628,10.745,160.5
2019-02-20T21:20,-59.19186,-59.77776,10.464,161.0
2019-02-20T21:30,-59.22002,-59.7589,10.717,161.1
2019-02-20T21:40,-59.24838,-59.74114,10.722,162.2
2019-02-20T21:50,-59.27725,-59.72449,10.838,163.6
2019-02-20T22:00,-59.30675,-59.70871,11.009,164.7
2019-02-20T22:10,-59.33026,-59.69741,8.715,166.2
2019-02-20T22:20,-59.35458,-59.68563,9.019,166.1
2019-02-20T22:30,-59.37862,-59.67366,8.931,165.8
2019-02-20T22:40,-59.40291,-59.66098,9.048,165.1
2019-02-20T22:50,-59.42692,-59.64852,8.941,165.2
2019-02-20T23:00,-59.4512,-59.63584,9.047,165.1
2019-02-20T23:10,-59.47595,-59.62293,9.217,165.2
2019-02-20T23:20,-59.49903,-59.61099,8.592,165.3
2019-02-20T23:30,-59.5229,-59.59814,8.911,164.7
2019-02-20T23:40,-59.54721,-59.58518,9.067,164.9
2019-02-20T23:50,-59.57221,-59.57246,9.294,165.5
2019-02-21T00:00,-59.59654,-59.56132,8.991,167.0
2019-02-21T00:10,-59.62186,-59.55005,9.346,167.3
2019-02-21T00:20,-59.64718,-59.53844,9.359,167.0
2019-02-21T00:30,-59.67146,-59.52123,9.284,160.3
2019-02-21T00:40,-59.69631,-59.50375,9.497,160.5
2019-02-21T00:50,-59.72144,-59.48473,9.684,159.1
2019-02-21T01:00,-59.74668,-59.46626,9.685,159.8
2019-02-21T01:10,-59.77257,-59.4461,10.014,158.6
2019-02-21T01:20,-59.79633,-59.4259,9.304,156.8
2019-02-21T01:30,-59.82171,-59.40365,9.985,156.2
2019-02-21T01:40,-59.84777,-59.38093,10.244,156.3
2019-02-21T01:50,-59.87392,-59.35813,10.278,156.4
2019-02-21T02:00,-59.90049,-59.33451,10.477,156.0
2019-02-21T02:10,-59.92601,-59.30846,10.32,152.9
2019-02-21T02:20,-59.95104,-59.2808,10.301,151.0
2019-02-21T02:30,-59.97574,-59.2535,10.165,151.1
2019-02-21T02:40,-59.99834,-59.22823,9.322,150.8
2019-02-21T02:50,-60.02175,-59.20085,9.763,149.7
2019-02-21T03:00,-60.04716,-59.17219,10.502,150.6
2019-02-21T03:10,-60.07276,-59.14422,10.498,151.4
2019-02-21T03:20,-60.09864,-59.1163,10.579,151.7
2019-02-21T03:30,-60.12445,-59.0881,10.581,151.4
2019-02-21T03:40,-60.15118,-59.05898,10.951,151.5
2019-02-21T03:50,-60.17791,-59.0299,10.944,151.6
2019-02-21T04:00,-60.20483,-59.0005,11.027,151.5
2019-02-21T04:10,-60.23165,-58.97121,10.984,151.5
2019-02-21T04:20,-60.25902,-58.94146,11.199,151.7
2019-02-21T04:30,-60.28601,-58.91164,11.079,151.3
2019-02-21T04:40,-60.31347,-58.88191,11.22,151.8
2019-02-21T04:50,-60.34103,-58.85178,11.284,151.6
2019-02-21T05:00,-60.36841,-58.82185,11.207,151.6
2019-02-21T05:10,-60.39585,-58.79159,11.252,151.4
2019-02-21T05:20,-60.4232,-58.76154,11.204,151.5
2019-02-21T05:30,-60.4512,-58.73076,11.469,151.5
2019-02-21T05:40,-60.47939,-58.69978,11.543,151.6
2019-02-21T05:50,-60.50748,-58.66885,11.504,151.5
2019-02-21T06:00,-60.53592,-58.6376,11.642,151.6
2019-02-21T06:10,-60.56437,-58.60616,11.658,151.5
2019-02-21T06:20,-60.59315,-58.57431,11.795,151.5
2019-02-21T06:30,-60.62251,-58.54205,12.009,151.7
2019-02-21T06:40,-60.65201,-58.50946,12.081,151.6
2019-02-21T06:50,-60.68172,-58.47645,12.178,151.4
2019-02-21T07:00,-60.71165,-58.44318,12.268,151.5
2019-02-21T07:10,-60.74126,-58.41045,12.117,151.6
2019-02-21T07:20,-60.77108,-58.37756,12.198,151.7
2019-02-21T07:30,-60.80106,-58.34414,12.289,151.5
2019-02-21T07:40,-60.83084,-58.31117,12.185,151.7
2019-02-21T07:50,-60.86074,-58.27757,12.271,151.3
2019-02-21T08:00,-60.8909,-58.24419,12.337,151.7
2019-02-21T08:10,-60.92083,-58.21081,12.257,151.5
2019-02-21T08:20,-60.95035,-58.17768,12.107,151.4
2019-02-21T08:30,-60.97965,-58.14505,11.991,151.6
2019-02-21T08:40,-61.00903,-58.1122,12.032,151.6
2019-02-21T08:50,-61.03876,-58.07922,12.154,151.8
2019-02-21T09:00,-61.06852,-58.04567,12.205,151.4
2019-02-21T09:10,-61.09815,-58.01228,12.148,151.4
2019-02-21T09:20,-61.12754,-57.97962,12.012,151.8
2019-02-21T09:30,-61.15646,-57.94689,11.863,151.4
2019-02-21T09:40,-61.18557,-57.91428,11.915,151.6
2019-02-21T09:50,-61.21527,-57.88082,12.165,151.5
2019-02-21T10:00,-61.24545,-57.84676,12.366,151.5
2019-02-21T10:10,-61.2758,-57.81236,12.447,151.4
2019-02-21T10:20,-61.30646,-57.77811,12.525,151.8
2019-02-21T10:30,-61.33622,-57.7456,12.1,152.4
2019-02-21T10:40,-61.36437,-57.7121,11.668,150.3
2019-02-21T10:50,-61.39356,-57.67972,11.902,152.0
2019-02-21T11:00,-61.42247,-57.64671,11.864,151.4
2019-02-21T11:10,-61.45057,-57.61486,11.507,151.6
2019-02-21T11:20,-61.47923,-57.58235,11.737,151.6
2019-02-21T11:30,-61.50808,-57.54999,11.781,151.9
2019-02-21T11:40,-61.53642,-57.51749,11.63,151.3
2019-02-21T11:50,-61.56459,-57.48515,11.559,151.3
2019-02-21T12:00,-61.59224,-57.45393,11.305,151.8
2019-02-21T12:10,-61.62011,-57.42193,11.432,151.4
2019-02-21T12:20,-61.6494,-57.3885,11.995,151.5
2019-02-21T12:30,-61.67833,-57.35459,11.92,150.9
2019-02-21T12:40,-61.7072,-57.32289,11.721,152.5
2019-02-21T12:50,-61.73695,-57.29365,11.814,155.0
2019-02-21T13:00,-61.76696,-57.2656,11.815,156.2
2019-02-21T13:10,-61.7964,-57.23891,11.533,156.8
2019-02-21T13:20,-61.82571,-57.21245,11.472,156.9
2019-02-21T13:30,-61.85493,-57.18561,11.466,156.6
2019-02-21T13:40,-61.88273,-57.1518,11.539,150.2
2019-02-21T13:50,-61.91019,-57.11815,11.416,150.0
2019-02-21T14:00,-61.93794,-57.08525,11.441,150.9
2019-02-21T14:10,-61.96946,-57.08393,11.354,178.9
2019-02-21T14:20,-61.99999,-57.08141,10.998,177.8
2019-02-21T14:30,-62.03029,-57.08006,10.913,178.8
2019-02-21T14:40,-62.06065,-57.07959,10.932,179.6
2019-02-21T14:50,-62.09165,-57.0791,11.16,179.6
2019-02-21T15:00,-62.12337,-57.07867,11.422,179.6
2019-02-21T15:10,-62.15544,-57.07707,11.55,178.7
2019-02-21T15:20,-62.18756,-57.0762,11.565,179.3
2019-02-21T15:30,-62.22014,-57.07602,11.731,179.9
2019-02-21T15:40,-62.25165,-57.09767,11.913,197.7
2019-02-21T15:50,-62.28333,-57.11982,11.993,198.0
2019-02-21T16:00,-62.31483,-57.12463,11.37,184.1
2019-02-21T16:10,-62.34583,-57.09551,12.18,156.4
2019-02-21T16:20,-62.37691,-57.0674,12.132,157.3
2019-02-21T16:30,-62.41033,-57.06293,12.059,176.5
2019-02-21T16:40,-62.44426,-57.06425,12.218,181.0
2019-02-21T16:50,-62.47834,-57.06548,12.273,181.0
2019-02-21T17:00,-62.51275,-57.06602,12.386,180.4
2019-02-21T17:10,-62.54669,-57.06857,12.228,182.0
2019-02-21T17:20,-62.5796,-57.05501,12.061,169.3
2019-02-21T17:30,-62.6132,-57.04818,12.151,174.7
2019-02-21T17:40,-62.64828,-57.05448,12.675,184.7
2019-02-21T17:50,-62.68357,-57.0559,12.705,181.1
2019-02-21T18:00,-62.71523,-57.0884,12.601,205.2
2019-02-21T18:10,-62.74413,-57.13329,12.772,215.4
2019-02-21T18:20,-62.77244,-57.17838,12.614,216.1
2019-02-21T18:30,-62.79879,-57.16045,9.934,162.7
2019-02-21T18:40,-62.8229,-57.10592,12.484,134.1
2019-02-21T18:50,-62.85594,-57.08676,12.304,165.2
2019-02-21T19:00,-62.88913,-57.0675,12.36,165.2
2019-02-21T19:10,-62.92263,-57.05074,12.374,167.2
2019-02-21T19:20,-62.95663,-57.04514,12.274,175.7
2019-02-21T19:30,-62.99077,-57.02891,12.574,167.8
2019-02-21T19:40,-63.01959,-57.00318,11.198,158.0
2019-02-21T19:50,-63.03951,-57.00764,7.209,185.8
2019-02-21T20:00,-63.05068,-57.01438,4.169,195.3
2019-02-21T20:10,-63.06175,-57.00867,4.095,166.8
2019-02-21T20:20,-63.08332,-57.00664,7.771,177.6
2019-02-21T20:30,-63.11311,-56.98756,11.168,163.8
2019-02-21T20:40,-63.14648,-56.95999,12.825,159.5
2019-02-21T20:50,-63.18118,-56.93057,13.376,159.1
2019-02-21T21:00,-63.21482,-56.90472,12.819,160.9
2019-02-21T21:10,-63.24782,-56.87888,12.601,160.6
2019-02-21T21:20,-63.28048,-56.85387,12.436,161.0
2019-02-21T21:30,-63.31257,-56.82942,12.213,161.1
2019-02-21T21:40,-63.34387,-56.80717,11.831,162.3
2019-02-21T21:50,-63.37124,-56.77793,10.925,154.4
2019-02-21T22:00,-63.39224,-56.72375,11.556,130.9
2019-02-21T22:10,-63.41036,-56.6615,11.97,123.1
2019-02-21T22:20,-63.4257,-56.59561,11.968,117.5
2019-02-21T22:30,-63.44277,-56.54861,9.748,129.1
2019-02-21T22:40,-63.45845,-56.52137,7.149,142.2
2019-02-21T22:50,-63.47856,-56.49749,8.194,152.1
2019-02-21T23:00,-63.49498,-56.46658,7.725,140.0
2019-02-21T23:10,-63.51355,-56.42777,9.142,137.0
2019-02-21T23:20,-63.52631,-56.40584,5.787,142.5
2019-02-21T23:30,-63.53146,-56.39107,3.009,128.0
2019-02-21T23:40,-63.5335,-56.3899,0.759,165.6
2019-02-21T23:50,-63.54234,-56.37855,3.667,150.2
2019-02-22T00:00,-63.54863,-56.36454,3.191,135.3
2019-02-22T00:10,-63.55,-56.35891,1.029,118.5
2019-02-22T00:20,-63.55619,-56.34571,3.073,136.5
2019-02-22T00:30,-63.56387,-56.3396,2.933,160.5
2019-02-22T00:40,-63.57945,-56.31718,6.663,147.4
2019-02-22T00:50,-63.59938,-56.30479,7.446,164.6
2019-02-22T01:00,-63.62067,-56.29656,7.777,170.3
2019-02-22T01:10,-63.62181,-56.30056,0.758,237.5
2019-02-22T01:20,-63.61382,-56.27491,5.01,55.0
2019-02-22T01:30,-63.60823,-56.23103,7.305,74.0
2019-02-22T01:40,-63.62889,-56.23341,7.446,182.9
2019-02-22T01:50,-63.64908,-56.24005,7.35,188.3
2019-02-22T02:00,-63.65474,-56.2471,2.329,209.0
2019-02-22T02:10,-63.65508,-56.24475,0.395,108.1
2019-02-22T02:20,-63.65419,-56.24511,0.328,349.9
2019-02-22T02:30,-63.65813,-56.24769,1.477,196.2
2019-02-22T02:40,-63.65829,-56.2496,0.311,259.0
2019-02-22T02:50,-63.65894,-56.24986,0.236,190.2
2019-02-22T03:00,-63.65948,-56.25038,0.213,202.9
2019-02-22T03:10,-63.6596,-56.25233,0.315,262.5
2019-02-22T03:20,-63.657,-56.25149,0.946,8.2
2019-02-22T03:30,-63.65993,-56.26232,2.027,238.6
2019-02-22T03:40,-63.66007,-56.26818,0.938,266.9
2019-02-22T03:50,-63.66427,-56.26169,1.832,145.5
2019-02-22T04:00,-63.66531,-56.26205,0.38,188.8
2019-02-22T04:10,-63.666,-56.26203,0.247,179.1
2019-02-22T04:20,-63.66608,-56.26222,0.043,225.4
2019-02-22T04:30,-63.66509,-56.26287,0.371,343.7
2019-02-22T04:40,-63.66739,-56.2627,0.83,178.1
2019-02-22T04:50,-63.66701,-56.263,0.145,340.6
2019-02-22T05:00,-63.66984,-56.26338,1.02,183.4
2019-02-22T05:10,-63.67948,-56.25258,3.876,153.6
2019-02-22T05:20,-63.68408,-56.24545,2.01,145.5
2019-02-22T05:30,-63.69226,-56.2406,3.043,165.3
2019-02-22T05:40,-63.6933,-56.23446,1.048,110.9
2019-02-22T05:50,-63.69354,-56.23108,0.546,99.1
2019-02-22T06:00,-63.69401,-56.22879,0.403,114.8
2019-02-22T06:10,-63.69928,-56.23766,2.367,216.7
2019-02-22T06:20,-63.70617,-56.2465,2.856,209.6
2019-02-22T06:30,-63.70832,-56.2369,1.715,116.8
2019-02-22T06:40,-63.70689,-56.23154,0.998,58.9
2019-02-22T06:50,-63.70663,-56.22571,0.934,84.3
2019-02-22T07:00,-63.70602,-56.22796,0.422,301.7
2019-02-22T07:10,-63.70589,-56.22644,0.246,79.4
2019-02-22T07:20,-63.70543,-56.22773,0.265,309.2
2019-02-22T07:30,-63.70508,-56.22434,0.556,77.2
2019-02-22T07:40,-63.70467,-56.22571,0.265,304.2
2019-02-22T07:50,-63.7045,-56.22355,0.35,79.9
2019-02-22T08:00,-63.70392,-56.22635,0.492,294.9
2019-02-22T08:10,-63.70349,-56.22608,0.161,15.2
2019-02-22T08:20,-63.7037,-56.22333,0.446,99.4
2019-02-22T08:30,-63.70341,-56.22326,0.103,5.8
2019-02-22T08:40,-63.70349,-56.22284,0.073,112.3
2019-02-22T08:50,-63.70222,-56.22381,0.483,341.3
2019-02-22T09:00,-63.70195,-56.22344,0.113,31.4
2019-02-22T09:10,-63.70236,-56.22333,0.148,173.3
2019-02-22T09:20,-63.70191,-56.22377,0.177,336.8
2019-02-22T09:30,-63.70039,-56.22381,0.547,359.3
2019-02-22T09:40,-63.701,-56.22448,0.244,205.8
2019-02-22T09:50,-63.69979,-56.22454,0.435,358.6
2019-02-22T10:00,-63.69924,-56.22481,0.205,347.9
2019-02-22T10:10,-63.69875,-56.22535,0.196,334.1
2019-02-22T10:20,-63.6977,-56.22515,0.379,4.8
2019-02-22T10:30,-63.69663,-56.22463,0.392,12.0
2019-02-22T10:40,-63.69657,-56.22617,0.247,275.2
2019-02-22T10:50,-63.69576,-56.22569,0.3,14.9
2019-02-22T11:00,-63.69548,-56.22786,0.361,286.3
2019-02-22T11:10,-63.69494,-56.22861,0.23,328.8
2019-02-22T11:20,-63.69447,-56.2294,0.212,323.4
2019-02-22T11:30,-63.69393,-56.23042,0.251,319.8
2019-02-22T11:40,-63.69329,-56.23217,0.364,309.6
2019-02-22T11:50,-63.69779,-56.25802,4.43,248.5
2019-02-22T12:00,-63.69721,-56.25792,0.209,4.3
2019-02-22T12:10,-63.70061,-56.26412,1.574,219.0
2019-02-22T12:20,-63.70668,-56.26834,2.287,197.1
2019-02-22T12:30,-63.715,-56.25573,3.608,146.1
2019-02-22T12:40,-63.71408,-56.26082,0.876,292.1
2019-02-22T12:50,-63.71388,-56.25743,0.546,82.5
2019-02-22T13:00,-63.7133,-56.25605,0.304,46.5
2019-02-22T13:10,-63.7134,-56.25404,0.321,96.0
2019-02-22T13:20,-63.71106,-56.26161,1.47,304.9
2019-02-22T13:30,-63.70911,-56.26115,0.706,5.8
2019-02-22T13:40,-63.70902,-56.25923,0.309,84.2
2019-02-22T13:50,-63.71092,-56.25326,1.172,125.6
2019-02-22T14:00,-63.71026,-56.25307,0.238,7.2
2019-02-22T14:10,-63.71043,-56.25037,0.436,98.0
2019-02-22T14:20,-63.71554,-56.24211,2.262,144.4
2019-02-22T14:30,-63.72896,-56.25407,5.193,201.5
2019-02-22T14:40,-63.74346,-56.26271,5.398,194.8
2019-02-22T14:50,-63.74842,-56.24197,3.755,118.4
2019-02-22T15:00,-63.75261,-56.24001,1.544,168.3
2019-02-22T15:10,-63.76111,-56.25144,3.559,210.7
2019-02-22T15:20,-63.77142,-56.25857,3.883,197.0
2019-02-22T15:30,-63.78424,-56.27021,4.972,201.9
2019-02-22T15:40,-63.79231,-56.28453,3.692,218.1
2019-02-22T15:50,-63.79114,-56.29936,2.396,280.1
2019-02-22T16:00,-63.79097,-56.29543,0.628,84.3
2019-02-22T16:10,-63.7903,-56.29348,0.392,52.2
2019-02-22T16:20,-63.79056,-56.30192,1.345,266.0
2019-02-22T16:30,-63.79086,-56.30364,0.294,248.4
2019-02-22T16:40,-63.79064,-56.30595,0.376,282.3
2019-02-22T16:50,-63.79082,-56.30623,0.079,214.3
2019-02-22T17:00,-63.79159,-56.31049,0.732,247.6
2019-02-22T17:10,-63.79147,-56.31242,0.311,278.4
2019-02-22T17:20,-63.7932,-56.33586,3.779,260.5
2019-02-22T17:30,-63.79436,-56.34974,2.247,259.3
2019-02-22T17:40,-63.79382,-56.35459,0.795,284.1
2019-02-22T17:50,-63.79887,-56.37458,3.661,240.2
2019-02-22T18:00,-63.81041,-56.40691,6.607,231.0
2019-02-22T18:10,-63.8128,-56.44944,6.813,262.7
2019-02-22T18:20,-63.81689,-56.46919,3.466,244.9
2019-02-22T18:30,-63.81954,-56.47293,1.123,212.0
2019-02-22T18:40,-63.81887,-56.47543,0.463,301.1
2019-02-22T18:50,-63.81886,-56.47861,0.505,270.5
2019-02-22T19:00,-63.81985,-56.48213,0.661,237.5
2019-02-22T19:10,-63.82145,-56.48548,0.785,222.7
2019-02-22T19:20,-63.82298,-56.48915,0.802,226.7
2019-02-22T19:30,-63.82222,-56.49152,0.464,306.0
2019-02-22T19:40,-63.82149,-56.49375,0.441,306.6
2019-02-22T19:50,-63.82055,-56.49662,0.569,306.8
2019-02-22T20:00,-63.83619,-56.48778,5.807,166.0
2019-02-22T20:10,-63.85799,-56.45213,9.673,144.2
2019-02-22T20:20,-63.88314,-56.44699,9.094,174.9
2019-02-22T20:30,-63.91067,-56.44078,9.958,174.3
2019-02-22T20:40,-63.93515,-56.42223,9.29,161.6
2019-02-22T20:50,-63.95622,-56.45737,9.405,216.2
2019-02-22T21:00,-63.97605,-56.50027,9.846,223.5
2019-02-22T21:10,-63.99147,-56.46474,7.893,134.7
2019-02-22T21:20,-63.99834,-56.40967,9.039,105.9
2019-02-22T21:30,-64.0178,-56.37336,9.049,140.7
2019-02-22T21:40,-64.03394,-56.38131,5.948,192.2
2019-02-22T21:50,-64.04986,-56.39662,6.216,202.8
2019-02-22T22:00,-64.06705,-56.40275,6.265,188.9
2019-02-22T22:10,-64.07576,-56.40476,3.151,185.8
2019-02-22T22:20,-64.08856,-56.40537,4.613,181.2
2019-02-22T22:30,-64.10977,-56.3901,8.006,162.5
2019-02-22T22:40,-64.11674,-56.34164,8.021,108.2
2019-02-22T22:50,-64.12545,-56.30917,5.989,121.6
2019-02-22T23:00,-64.13274,-56.26966,6.739,112.9
2019-02-22T23:10,-64.14326,-56.21543,9.321,114.0
2019-02-22T23:20,-64.16613,-56.2177,8.243,182.5
2019-02-22T23:30,-64.17126,-56.27018,8.438,257.3
2019-02-22T23:40,-64.18748,-56.29935,7.416,218.1
2019-02-22T23:50,-64.20892,-56.28916,7.883,168.3
2019-02-23T00:00,-64.23279,-56.29127,8.6,182.2
2019-02-23T00:10,-64.25245,-56.29758,7.149,187.9
2019-02-23T00:20,-64.27853,-56.29594,9.394,178.4
2019-02-23T00:30,-64.29764,-56.28427,7.116,165.2
2019-02-23T00:40,-64.31406,-56.2594,7.073,146.7
2019-02-23T00:50,-64.3149,-56.24795,1.812,99.6
2019-02-23T01:00,-64.3327,-56.23543,6.7,163.1
2019-02-23T01:10,-64.33061,-56.22554,1.716,64.1
2019-02-23T01:20,-64.33105,-56.22337,0.374,115.1
2019-02-23T01:30,-64.3376,-56.20862,3.294,135.7
2019-02-23T01:40,-64.34442,-56.21802,2.86,210.8
2019-02-23T01:50,-64.34409,-56.22024,0.367,289.2
2019-02-23T02:00,-64.35079,-56.22704,2.636,203.7
2019-02-23T02:10,-64.35618,-56.23192,2.084,201.4
2019-02-23T02:20,-64.36159,-56.24477,2.793,225.8
2019-02-23T02:30,-64.36207,-56.24025,0.726,103.9
2019-02-23T02:40,-64.37,-56.22481,3.733,139.9
2019-02-23T02:50,-64.37719,-56.22048,2.673,165.4
2019-02-23T03:00,-64.38056,-56.22698,1.582,219.7
2019-02-23T03:10,-64.38834,-56.25998,5.851,241.4
2019-02-23T03:20,-64.4076,-56.26472,6.972,186.1
2019-02-23T03:30,-64.41714,-56.23929,5.24,131.0
2019-02-23T03:40,-64.42134,-56.22926,2.17,134.1
2019-02-23T03:50,-64.42314,-56.2073,3.476,100.8
2019-02-23T04:00,-64.43305,-56.2032,3.621,169.9
2019-02-23T04:10,-64.44311,-56.21517,4.073,207.2
2019-02-23T04:20,-64.45734,-56.23131,5.703,206.1
2019-02-23T04:30,-64.46114,-56.26149,4.879,253.7
2019-02-23T04:40,-64.46679,-56.27685,3.135,229.5
2019-02-23T04:50,-64.4696,-56.27761,1.019,186.7
2019-02-23T05:00,-64.47059,-56.29015,1.978,259.6
2019-02-23T05:10,-64.46883,-56.28613,0.89,44.5
2019-02-23T05:20,-64.46696,-56.28547,0.68,8.6
2019-02-23T05:30,-64.46877,-56.28022,1.043,128.6
2019-02-23T05:40,-64.46797,-56.2782,0.426,47.4
2019-02-23T05:50,-64.4665,-56.27383,0.859,52.1
2019-02-23T06:00,-64.46267,-56.2751,1.394,351.9
2019-02-23T06:10,-64.46131,-56.27082,0.826,53.6
2019-02-23T06:20,-64.45949,-56.26724,0.856,40.3
2019-02-23T06:30,-64.45666,-56.26509,1.074,18.1
2019-02-23T06:40,-64.45378,-56.26351,1.065,13.3
2019-02-23T06:50,-64.45154,-56.26209,0.836,15.3
2019-02-23T07:00,-64.44929,-56.26092,0.831,12.7
2019-02-23T07:10,-64.44708,-56.25975,0.818,12.9
2019-02-23T07:20,-64.44491,-56.25929,0.784,5.2
2019-02-23T07:30,-64.44272,-56.25913,0.79,1.8
2019-02-23T07:40,-64.44088,-56.2568,0.752,28.7
2019-02-23T07:50,-64.43883,-56.25762,0.75,350.3
2019-02-23T08:00,-64.4367,-56.2578,0.769,357.8
2019-02-23T08:10,-64.4347,-56.2572,0.723,7.4
2019-02-23T08:20,-64.42869,-56.2544,2.209,11.4
2019-02-23T08:30,-64.4189,-56.24726,3.694,17.5
2019-02-23T08:40,-64.41438,-56.24853,1.641,353.1
2019-02-23T08:50,-64.41268,-56.2459,0.735,33.8
2019-02-23T09:00,-64.40959,-56.25481,1.777,308.7
2019-02-23T09:10,-64.40802,-56.25491,0.567,358.4
2019-02-23T09:20,-64.40167,-56.25534,2.285,358.3
2019-02-23T09:30,-64.40745,-56.25413,2.09,174.9
2019-02-23T09:40,-64.41808,-56.26578,4.233,205.3
2019-02-23T09:50,-64.42248,-56.28354,3.183,240.1
2019-02-23T10:00,-64.4321,-56.31726,6.281,236.5
2019-02-23T10:10,-64.42425,-56.32048,2.871,350.0
2019-02-23T10:20,-64.4052,-56.31,7.048,13.4
2019-02-23T10:30,-64.41012,-56.27732,5.383,109.2
2019-02-23T10:40,-64.4005,-56.26844,3.731,21.7
2019-02-23T10:50,-64.38722,-56.26513,4.808,6.1
2019-02-23T11:00,-64.3765,-56.26451,3.861,1.4
2019-02-23T11:10,-64.37472,-56.26602,0.684,339.9
2019-02-23T11:20,-64.37376,-56.26784,0.445,320.5
2019-02-23T11:30,-64.37326,-56.27042,0.441,294.1
2019-02-23T11:40,-64.3713,-56.27014,0.71,3.6
2019-02-23T11:50,-64.36872,-56.26139,1.648,55.7
2019-02-23T12:00,-64.36384,-56.25654,1.912,23.3
2019-02-23T12:10,-64.36286,-56.25752,0.384,336.4
2019-02-23T12:20,-64.36225,-56.25884,0.3,317.0
2019-02-23T12:30,-64.35894,-56.25725,1.22,11.7
2019-02-23T12:40,-64.35843,-56.25774,0.197,336.9
2019-02-23T12:50,-64.35865,-56.25897,0.208,247.6
2019-02-23T13:00,-64.35512,-56.25656,1.326,16.5
2019-02-23T13:10,-64.35357,-56.25577,0.572,12.5
2019-02-23T13:20,-64.35163,-56.25503,0.708,9.3
2019-02-23T13:30,-64.35055,-56.25488,0.389,3.6
2019-02-23T13:40,-64.35056,-56.25565,0.121,269.1
2019-02-23T13:50,-64.34985,-56.25561,0.254,1.5
2019-02-23T14:00,-64.34905,-56.2554,0.292,6.5
2019-02-23T14:10,-64.34832,-56.25521,0.262,6.4
2019-02-23T14:20,-64.34767,-56.25491,0.24,11.1
2019-02-23T14:30,-64.34663,-56.2543,0.385,14.5
2019-02-23T14:40,-64.34583,-56.25389,0.295,12.5
2019-02-23T14:50,-64.34522,-56.25357,0.228,12.5
2019-02-23T15:00,-64.3437,-56.25252,0.569,16.8
2019-02-23T15:10,-64.34413,-56.25309,0.176,210.4
2019-02-23T15:20,-64.34296,-56.25266,0.424,9.0
2019-02-23T15:30,-64.342,-56.25222,0.354,11.2
2019-02-23T15:40,-64.34208,-56.25301,0.126,256.9
2019-02-23T15:50,-64.34139,-56.25299,0.247,0.7
2019-02-23T16:00,-64.34042,-56.25279,0.35,5.1
2019-02-23T16:10,-64.33995,-56.2531,0.178,344.3
2019-02-23T16:20,-64.3396,-56.25336,0.131,342.0
2019-02-23T16:30,-64.33913,-56.25379,0.181,338.2
2019-02-23T16:40,-64.3399,-56.25565,0.4,226.5
2019-02-23T16:50,-64.3379,-56.2544,0.745,15.2
2019-02-23T17:00,-64.33735,-56.25424,0.202,7.4
2019-02-23T17:10,-64.33025,-56.24787,2.741,21.2
2019-02-23T17:20,-64.33581,-56.2564,2.403,213.6
2019-02-23T17:30,-64.3393,-56.26115,1.458,210.5
2019-02-23T17:40,-64.35115,-56.27016,4.493,198.2
2019-02-23T17:50,-64.36112,-56.28968,4.705,220.3
2019-02-23T18:00,-64.36623,-56.29895,2.34,218.1
2019-02-23T18:10,-64.36955,-56.32842,4.742,255.4
2019-02-23T18:20,-64.36923,-56.39662,10.623,270.6
2019-02-23T18:30,-64.37379,-56.46665,11.028,261.4
2019-02-23T18:40,-64.37694,-56.53426,10.589,263.8
2019-02-23T18:50,-64.39812,-56.55111,8.065,199.0
2019-02-23T19:00,-64.42305,-56.53513,9.313,164.5
2019-02-23T19:10,-64.42692,-56.493,6.696,102.0
2019-02-23T19:20,-64.43372,-56.47733,3.452,135.1
2019-02-23T19:30,-64.44028,-56.46428,3.112,139.4
2019-02-23T19:40,-64.44048,-56.45783,1.005,94.2
2019-02-23T19:50,-64.4405,-56.45758,0.04,99.9
2019-02-23T20:00,-64.44077,-56.45856,0.182,237.0
2019-02-23T20:10,-64.44089,-56.45975,0.189,257.0
2019-02-23T20:20,-64.44052,-56.4603,0.158,327.3
2019-02-23T20:30,-64.43997,-56.4607,0.209,342.7
2019-02-23T20:40,-64.44187,-56.46169,0.701,192.7
2019-02-23T20:50,-64.4414,-56.46194,0.172,346.6
2019-02-23T21:00,-64.44116,-56.46189,0.088,5.8
2019-02-23T21:10,-64.44115,-56.46181,0.013,69.1
2019-02-23T21:20,-64.44119,-56.46312,0.205,265.4
2019-02-23T21:30,-64.441,-56.46288,0.079,27.7
2019-02-23T21:40,-64.44065,-56.46227,0.158,37.0
2019-02-23T21:50,-64.43971,-56.46355,0.392,329.8
2019-02-23T22:00,-64.44199,-56.49783,5.389,261.2
2019-02-23T22:10,-64.44374,-56.53006,5.045,262.8
2019-02-23T22:20,-64.44848,-56.57257,6.82,255.5
2019-02-23T22:30,-64.46334,-56.59945,6.787,217.9
2019-02-23T22:40,-64.47115,-56.65663,9.308,252.4
2019-02-23T22:50,-64.48305,-56.71218,9.624,243.5
2019-02-23T23:00,-64.50135,-56.74563,8.385,218.2
2019-02-23T23:10,-64.52375,-56.77301,9.112,207.7
2019-02-23T23:20,-64.54168,-56.80117,7.79,214.0
2019-02-23T23:30,-64.55682,-56.80764,5.544,190.4
2019-02-23T23:40,-64.55571,-56.80504,0.568,45.2
2019-02-23T23:50,-64.55748,-56.79721,1.368,117.7
2019-02-24T00:00,-64.56721,-56.81295,4.265,214.8
2019-02-24T00:10,-64.57418,-56.83021,3.664,226.8
2019-02-24T00:20,-64.57875,-56.84929,3.377,240.8
2019-02-24T00:30,-64.58079,-56.85683,1.377,237.7
2019-02-24T00:40,-64.58283,-56.88421,4.295,260.1
2019-02-24T00:50,-64.58586,-56.89719,2.284,241.4
2019-02-24T01:00,-64.59713,-56.8963,4.058,178.1
2019-02-24T01:10,-64.60142,-56.92038,4.026,247.4
2019-02-24T01:20,-64.59937,-56.94,3.12,283.7
2019-02-24T01:30,-64.60982,-56.95337,4.293,208.7
2019-02-24T01:40,-64.62064,-56.95937,4.003,193.4
2019-02-24T01:50,-64.62829,-56.97792,3.973,226.1
2019-02-24T02:00,-64.63363,-56.99485,3.243,233.6
2019-02-24T02:10,-64.64595,-57.02599,6.537,227.3
2019-02-24T02:20,-64.64546,-57.03944,2.081,274.9
2019-02-24T02:30,-64.6572,-57.00504,6.781,128.6
2019-02-24T02:40,-64.64757,-57.02229,4.368,322.5
2019-02-24T02:50,-64.6335,-57.0655,8.371,307.2
2019-02-24T03:00,-64.63371,-57.06267,0.444,100.2
2019-02-24T03:10,-64.63321,-57.06941,1.056,279.9
2019-02-24T03:20,-64.63339,-57.06695,0.384,99.7
2019-02-24T03:30,-64.63158,-57.04161,3.963,80.6
2019-02-24T03:40,-64.60914,-57.01736,8.905,24.9
2019-02-24T03:50,-64.61611,-57.01482,2.54,171.1
2019-02-24T04:00,-64.62385,-56.97929,6.15,117.0
2019-02-24T04:10,-64.64014,-56.96898,6.078,164.8
2019-02-24T04:20,-64.65868,-56.93859,8.153,144.9
2019-02-24T04:30,-64.66648,-56.94435,2.948,197.5
2019-02-24T04:40,-64.66605,-56.93439,1.542,84.2
2019-02-24T04:50,-64.68368,-56.94494,6.553,194.3
2019-02-24T05:00,-64.69021,-56.95926,3.221,223.2
2019-02-24T05:10,-64.68757,-56.97961,3.274,286.9
2019-02-24T05:20,-64.68287,-56.99977,3.534,298.6
2019-02-24T05:30,-64.68435,-57.02434,3.82,262.0
2019-02-24T05:40,-64.69288,-57.04557,4.484,226.8
2019-02-24T05:50,-64.70183,-57.04903,3.267,189.4
2019-02-24T06:00,-64.71013,-57.05523,3.138,197.7
2019-02-24T06:10,-64.71709,-57.06009,2.615,196.6
2019-02-24T06:20,-64.72044,-57.06512,1.434,212.7
2019-02-24T06:30,-64.72527,-57.06352,1.755,171.9
2019-02-24T06:40,-64.73224,-57.05854,2.624,163.1
2019-02-24T06:50,-64.7362,-57.07325,2.674,237.7
2019-02-24T07:00,-64.73916,-57.09216,3.094,249.9
2019-02-24T07:10,-64.74301,-57.09398,1.414,191.4
2019-02-24T07:20,-64.74413,-57.09911,0.886,242.9
2019-02-24T07:30,-64.74217,-57.1011,0.77,336.6
2019-02-24T07:40,-64.74674,-57.11782,3.05,237.4
2019-02-24T07:50,-64.75351,-57.11139,2.631,157.9
2019-02-24T08:00,-64.75333,-57.09789,2.073,88.3
2019-02-24T08:10,-64.74924,-57.06395,5.417,74.2
2019-02-24T08:20,-64.74883,-57.04245,3.305,87.5
2019-02-24T08:30,-64.75607,-57.02692,3.535,137.6
2019-02-24T08:40,-64.76668,-57.02316,3.862,171.4
2019-02-24T08:50,-64.76985,-57.00463,3.064,111.9
2019-02-24T09:00,-64.77451,-57.0008,1.779,160.7
2019-02-24T09:10,-64.78695,-57.01374,4.898,203.9
2019-02-24T09:20,-64.80324,-57.00016,6.224,160.5
2019-02-24T09:30,-64.81209,-57.01244,3.701,210.6
2019-02-24T09:40,-64.81005,-57.04832,5.547,277.6
2019-02-24T09:50,-64.79529,-57.09745,9.217,305.2
2019-02-24T10:00,-64.78526,-57.14175,7.694,298.0
2019-02-24T10:10,-64.77746,-57.18937,7.827,291.0
2019-02-24T10:20,-64.77556,-57.21967,4.699,278.4
2019-02-24T10:30,-64.77779,-57.22231,0.902,206.8
2019-02-24T10:40,-64.77852,-57.23398,1.809,261.7
2019-02-24T10:50,-64.76486,-57.24022,5.01,349.0
2019-02-24T11:00,-64.7391,-57.23893,9.278,1.2
2019-02-24T11:10,-64.73069,-57.2544,3.848,321.8
2019-02-24T11:20,-64.73962,-57.27107,4.111,218.5
2019-02-24T11:30,-64.75834,-57.27947,6.86,190.8
2019-02-24T11:40,-64.7735,-57.25971,6.246,151.0
2019-02-24T11:50,-64.77617,-57.25167,1.563,127.9
2019-02-24T12:00,-64.77605,-57.25097,0.116,68.3
2019-02-24T12:10,-64.77924,-57.24257,1.726,131.7
2019-02-24T12:20,-64.7839,-57.23762,1.843,155.7
2019-02-24T12:30,-64.79104,-57.24131,2.634,192.4
2019-02-24T12:40,-64.803,-57.22919,4.69,156.7
2019-02-24T12:50,-64.80477,-57.22964,0.639,186.2
2019-02-24T13:00,-64.8052,-57.22906,0.18,150.1
2019-02-24T13:10,-64.80565,-57.22836,0.194,146.6
2019-02-24T13:20,-64.80579,-57.22768,0.115,115.9
2019-02-24T13:30,-64.80633,-57.22704,0.217,153.1
2019-02-24T13:40,-64.80883,-57.22491,0.957,160.0
2019-02-24T13:50,-64.80849,-57.22428,0.154,38.4
2019-02-24T14:00,-64.80782,-57.2238,0.254,16.9
2019-02-24T14:10,-64.80792,-57.22288,0.146,104.9
2019-02-24T14:20,-64.80742,-57.2224,0.194,22.4
2019-02-24T14:30,-64.81062,-57.22061,1.182,166.6
2019-02-24T14:40,-64.81482,-57.2246,1.634,202.0
2019-02-24T14:50,-64.82994,-57.22518,5.443,180.9
2019-02-24T15:00,-64.83232,-57.22425,0.869,170.6
2019-02-24T15:10,-64.84795,-57.23089,5.718,190.2
2019-02-24T15:20,-64.85559,-57.23515,2.828,193.3
2019-02-24T15:30,-64.87455,-57.23727,6.835,182.7
2019-02-24T15:40,-64.87064,-57.26336,4.23,289.4
2019-02-24T15:50,-64.86517,-57.30818,7.131,286.0
2019-02-24T16:00,-64.86739,-57.33356,3.963,258.4
2019-02-24T16:10,-64.86687,-57.3712,5.759,271.8
2019-02-24T16:20,-64.86647,-57.36499,0.961,81.4
2019-02-24T16:30,-64.86714,-57.36489,0.241,176.3
2019-02-24T16:40,-64.86617,-57.37208,1.155,287.6
2019-02-24T16:50,-64.8652,-57.37394,0.451,320.9
2019-02-24T17:00,-64.86182,-57.39696,3.724,289.0
2019-02-24T17:10,-64.85996,-57.41977,3.552,280.8
2019-02-24T17:20,-64.85699,-57.42916,1.792,306.7
2019-02-24T17:30,-64.86022,-57.43802,1.786,229.3
2019-02-24T17:40,-64.86413,-57.44084,1.472,197.1
2019-02-24T17:50,-64.866,-57.44336,0.777,209.7
2019-02-24T18:00,-64.86702,-57.44978,1.049,249.5
2019-02-24T18:10,-64.86708,-57.45029,0.081,254.0
2019-02-24T18:20,-64.86697,-57.45112,0.132,287.7
2019-02-24T18:30,-64.87061,-57.46026,1.917,226.8
2019-02-24T18:40,-64.87206,-57.46574,0.988,238.1
2019-02-24T18:50,-64.87198,-57.46807,0.356,274.6
2019-02-24T19:00,-64.87105,-57.49625,4.323,274.4
2019-02-24T19:10,-64.86903,-57.51409,2.822,284.9
2019-02-24T19:20,-64.86896,-57.51508,0.153,280.0
2019-02-24T19:30,-64.86902,-57.52031,0.801,268.5
2019-02-24T19:40,-64.86897,-57.5212,0.136,277.9
2019-02-24T19:50,-64.8723,-57.52847,1.637,222.8
2019-02-24T20:00,-64.87509,-57.53049,1.051,197.1
2019-02-24T20:10,-64.87543,-57.53202,0.265,242.4
2019-02-24T20:20,-64.87605,-57.53333,0.299,222.0
2019-02-24T20:30,-64.88027,-57.53613,1.577,195.7
2019-02-24T20:40,-64.8813,-57.53648,0.377,188.2
2019-02-24T20:50,-64.88198,-57.53424,0.42,125.5
2019-02-24T21:00,-64.8793,-57.54141,1.461,311.4
2019-02-24T21:10,-64.88024,-57.5374,0.701,119.0
2019-02-24T21:20,-64.88033,-57.53958,0.335,264.4
2019-02-24T21:30,-64.88259,-57.54025,0.819,187.2
2019-02-24T21:40,-64.88365,-57.54157,0.431,207.8
2019-02-24T21:50,-64.88668,-57.54356,1.133,195.6
2019-02-24T22:00,-64.89649,-57.52569,4.464,142.3
2019-02-24T22:10,-64.9,-57.51858,1.669,139.4
2019-02-24T22:20,-64.90575,-57.52262,2.158,196.6
2019-02-24T22:30,-64.91024,-57.51683,1.844,151.4
2019-02-24T22:40,-64.91049,-57.517,0.093,195.6
2019-02-24T22:50,-64.91588,-57.5196,1.978,191.6
2019-02-24T23:00,-64.92005,-57.52259,1.57,196.9
2019-02-24T23:10,-64.92165,-57.52067,0.645,153.1
2019-02-24T23:20,-64.92063,-57.52255,0.464,321.8
2019-02-24T23:30,-64.92031,-57.52314,0.146,322.2
2019-02-24T23:40,-64.92158,-57.52072,0.587,141.1
2019-02-24T23:50,-64.92058,-57.52249,0.45,323.1
2019-02-25T00:00,-64.92025,-57.52267,0.123,347.5
2019-02-25T00:10,-64.92018,-57.52257,0.028,30.6
2019-02-25T00:20,-64.92048,-57.5222,0.121,152.4
2019-02-25T00:30,-64.92032,-57.52157,0.113,59.4
2019-02-25T00:40,-64.9203,-57.52145,0.02,64.6
2019-02-25T00:50,-64.92018,-57.52127,0.05,33.0
2019-02-25T01:00,-64.92006,-57.52095,0.064,49.2
2019-02-25T01:10,-64.92,-57.52116,0.038,303.9
2019-02-25T01:20,-64.91899,-57.52237,0.409,333.2
2019-02-25T01:30,-64.91879,-57.52262,0.081,331.2
2019-02-25T01:40,-64.91858,-57.52249,0.078,14.5
2019-02-25T01:50,-64.91908,-57.52127,0.259,134.0
2019-02-25T02:00,-64.91835,-57.52203,0.287,336.2
2019-02-25T02:10,-64.9182,-57.52186,0.06,25.3
2019-02-25T02:20,-64.91897,-57.52076,0.325,148.7
2019-02-25T02:30,-64.91907,-57.52085,0.039,201.5
2019-02-25T02:40,-64.91836,-57.52069,0.258,5.3
2019-02-25T02:50,-64.9197,-57.52099,0.486,185.4
2019-02-25T03:00,-64.92014,-57.52115,0.157,188.9
2019-02-25T03:10,-64.91942,-57.52082,0.262,11.2
2019-02-25T03:20,-64.92051,-57.52154,0.407,195.6
2019-02-25T03:30,-64.92218,-57.5243,0.735,215.0
2019-02-25T03:40,-64.92261,-57.52506,0.193,217.0
2019-02-25T03:50,-64.92286,-57.52529,0.096,201.6
2019-02-25T04:00,-64.9237,-57.52657,0.359,212.9
2019-02-25T04:10,-64.92454,-57.52838,0.41,222.4
2019-02-25T04:20,-64.92785,-57.53066,1.242,196.3
2019-02-25T04:30,-64.94228,-57.49958,7.034,137.6
2019-02-25T04:40,-64.94576,-57.50077,1.264,188.3
2019-02-25T04:50,-64.9582,-57.48886,4.832,157.9
2019-02-25T05:00,-64.97257,-57.47174,5.793,153.3
2019-02-25T05:10,-64.98217,-57.4504,4.746,136.8
2019-02-25T05:20,-64.98564,-57.43576,2.555,119.3
2019-02-25T05:30,-64.99172,-57.43168,2.275,164.1
2019-02-25T05:40,-64.99185,-57.4302,0.23,101.7
2019-02-25T05:50,-64.99513,-57.42367,1.542,139.9
2019-02-25T06:00,-64.99659,-57.42077,0.686,140.0
2019-02-25T06:10,-64.99804,-57.41772,0.699,138.4
2019-02-25T06:20,-65.00102,-57.4028,2.512,115.3
2019-02-25T06:30,-65.00061,-57.40607,0.52,286.6
2019-02-25T06:40,-65.00257,-57.39285,2.132,109.4
2019-02-25T06:50,-65.00442,-57.38893,0.894,138.2
2019-02-25T07:00,-65.02042,-57.37024,6.422,153.7
2019-02-25T07:10,-65.02554,-57.37105,1.849,183.8
2019-02-25T07:20,-65.03313,-57.36569,2.853,163.4
2019-02-25T07:30,-65.0337,-57.36171,0.638,108.6
2019-02-25T07:40,-65.03634,-57.35195,1.763,122.7
2019-02-25T07:50,-65.03773,-57.34908,0.662,138.8
2019-02-25T08:00,-65.03771,-57.34961,0.082,275.3
2019-02-25T08:10,-65.04011,-57.34222,1.419,127.7
2019-02-25T08:20,-65.0528,-57.30918,6.785,132.3
2019-02-25T08:30,-65.06141,-57.29688,3.622,148.9
2019-02-25T08:40,-65.06769,-57.27623,3.864,125.8
2019-02-25T08:50,-65.07141,-57.24857,4.407,107.7
2019-02-25T09:00,-65.08243,-57.22713,5.132,140.7
2019-02-25T09:10,-65.08783,-57.22371,2.012,165.1
2019-02-25T09:20,-65.10304,-57.20619,6.084,154.1
2019-02-25T09:30,-65.1081,-57.19498,2.493,137.0
2019-02-25T09:40,-65.11882,-57.17238,5.159,138.4
2019-02-25T09:50,-65.12355,-57.17207,1.702,178.4
2019-02-25T10:00,-65.12645,-57.1723,1.046,181.9
2019-02-25T10:10,-65.127,-57.17305,0.227,209.8
2019-02-25T10:20,-65.12686,-57.17314,0.051,343.9
2019-02-25T10:30,-65.12844,-57.17473,0.618,202.9
2019-02-25T10:40,-65.12866,-57.175,0.088,207.9
2019-02-25T10:50,-65.12814,-57.17478,0.188,10.3
2019-02-25T11:00,-65.12895,-57.17575,0.325,206.9
2019-02-25T11:10,-65.12969,-57.17565,0.267,176.7
2019-02-25T11:20,-65.13031,-57.17538,0.228,169.9
2019-02-25T11:30,-65.13263,-57.17297,0.909,156.3
2019-02-25T11:40,-65.13634,-57.17163,1.352,171.4
2019-02-25T11:50,-65.13901,-57.17294,0.982,191.7
2019-02-25T12:00,-65.14283,-57.1791,1.663,214.1
2019-02-25T12:10,-65.15146,-57.17598,3.142,171.3
2019-02-25T12:20,-65.15485,-57.16653,1.879,130.5
2019-02-25T12:30,-65.15956,-57.1552,2.413,134.7
2019-02-25T12:40,-65.17106,-57.1446,4.441,158.8
2019-02-25T12:50,-65.17141,-57.14537,0.171,223.2
2019-02-25T13:00,-65.16976,-57.14273,0.715,33.9
2019-02-25T13:10,-65.17167,-57.1447,0.747,203.5
2019-02-25T13:20,-65.17266,-57.14659,0.458,218.6
2019-02-25T13:30,-65.17217,-57.14478,0.327,57.0
2019-02-25T13:40,-65.17238,-57.14485,0.079,187.4
2019-02-25T13:50,-65.17213,-57.14377,0.187,60.6
2019-02-25T14:00,-65.17211,-57.1434,0.056,81.5
2019-02-25T14:10,-65.17329,-57.14724,0.72,233.6
2019-02-25T14:20,-65.17327,-57.14743,0.031,286.3
2019-02-25T14:30,-65.1734,-57.1538,0.963,267.3
2019-02-25T14:40,-65.1727,-57.16253,1.344,280.8
2019-02-25T14:50,-65.17068,-57.17893,2.584,286.3
2019-02-25T15:00,-65.16808,-57.18499,1.309,315.6
2019-02-25T15:10,-65.16611,-57.20428,3.002,283.7
2019-02-25T15:20,-65.16111,-57.22223,3.255,303.5
2019-02-25T15:30,-65.16297,-57.23306,1.769,247.8
2019-02-25T15:40,-65.16372,-57.23939,0.995,254.3
2019-02-25T15:50,-65.16306,-57.24979,1.591,278.5
2019-02-25T16:00,-65.16359,-57.25617,0.983,259.0
2019-02-25T16:10,-65.16455,-57.26516,1.404,255.6
2019-02-25T16:20,-65.16148,-57.28492,3.187,290.3
2019-02-25T16:30,-65.15965,-57.30439,3.017,282.6
2019-02-25T16:40,-65.15813,-57.31077,1.11,299.6
2019-02-25T16:50,-65.15515,-57.32581,2.515,295.2
2019-02-25T17:00,-65.15524,-57.3374,1.755,268.9
2019-02-25T17:10,-65.15584,-57.34792,1.606,262.3
2019-02-25T17:20,-65.15616,-57.35272,0.735,260.9
2019-02-25T17:30,-65.15612,-57.35448,0.268,273.5
2019-02-25T17:40,-65.15598,-57.35461,0.052,339.2
2019-02-25T17:50,-65.15532,-57.36143,1.059,283.0
2019-02-25T18:00,-65.15449,-57.36442,0.542,303.5
2019-02-25T18:10,-65.1528,-57.36914,0.938,310.3
2019-02-25T18:20,-65.14989,-57.37242,1.16,334.7
2019-02-25T18:30,-65.14893,-57.37358,0.388,333.2
2019-02-25T18:40,-65.14642,-57.3784,1.16,321.0
2019-02-25T18:50,-65.14562,-57.37986,0.364,322.6
2019-02-25T19:00,-65.14457,-57.38287,0.592,309.8
2019-02-25T19:10,-65.1447,-57.38246,0.077,126.6
2019-02-25T19:20,-65.14359,-57.38927,1.105,291.1
2019-02-25T19:30,-65.14367,-57.39188,0.395,265.9
2019-02-25T19:40,-65.14367,-57.39326,0.209,270.3
2019-02-25T19:50,-65.14311,-57.39209,0.266,41.7
2019-02-25T20:00,-65.14347,-57.39517,0.483,254.4
2019-02-25T20:10,-65.14343,-57.39659,0.216,274.5
2019-02-25T20:20,-65.14275,-57.39492,0.352,45.9
2019-02-25T20:30,-65.14253,-57.39574,0.146,302.6
2019-02-25T20:40,-65.14232,-57.39655,0.143,301.1
2019-02-25T20:50,-65.14234,-57.39843,0.285,268.8
2019-02-25T21:00,-65.14206,-57.39874,0.111,334.9
2019-02-25T21:10,-65.14221,-57.40265,0.595,264.7
2019-02-25T21:20,-65.14205,-57.4058,0.48,277.1
2019-02-25T21:30,-65.14179,-57.40639,0.129,316.4
2019-02-25T21:40,-65.14143,-57.4057,0.167,38.6
2019-02-25T21:50,-65.14128,-57.4083,0.398,277.6
2019-02-25T22:00,-65.14105,-57.41095,0.41,281.9
2019-02-25T22:10,-65.14073,-57.41286,0.311,291.3
2019-02-25T22:20,-65.14042,-57.41403,0.21,302.9
2019-02-25T22:30,-65.14012,-57.41466,0.144,318.1
2019-02-25T22:40,-65.13994,-57.41384,0.14,63.5
2019-02-25T22:50,-65.13932,-57.41839,0.726,288.1
2019-02-25T23:00,-65.13903,-57.4194,0.185,304.3
2019-02-25T23:10,-65.13901,-57.41619,0.486,89.2
2019-02-25T23:20,-65.13846,-57.42503,1.354,278.4
2019-02-25T23:30,-65.13685,-57.44757,3.461,279.6
2019-02-25T23:40,-65.14251,-57.47363,4.439,242.7
2019-02-25T23:50,-65.14405,-57.48223,1.415,246.9
2019-02-26T00:00,-65.14667,-57.51057,4.391,257.6
2019-02-26T00:10,-65.14471,-57.52997,3.02,283.5
2019-02-26T00:20,-65.14456,-57.53425,0.65,274.9
2019-02-26T00:30,-65.14424,-57.53215,0.338,70.2
2019-02-26T00:40,-65.14394,-57.53827,0.933,276.7
2019-02-26T00:50,-65.14375,-57.53941,0.185,291.3
2019-02-26T01:00,-65.14385,-57.54192,0.381,264.5
2019-02-26T01:10,-65.14327,-57.53996,0.364,54.6
2019-02-26T01:20,-65.14811,-57.56618,4.335,246.3
2019-02-26T01:30,-65.15461,-57.58696,3.918,233.4
2019-02-26T01:40,-65.15959,-57.61277,4.297,245.3
2019-02-26T01:50,-65.16059,-57.62223,1.475,255.8
2019-02-26T02:00,-65.16877,-57.63811,3.8,219.2
2019-02-26T02:10,-65.17435,-57.65756,3.561,235.7
2019-02-26T02:20,-65.17546,-57.65866,0.433,202.5
2019-02-26T02:30,-65.17646,-57.65937,0.376,196.7
2019-02-26T02:40,-65.17822,-57.6617,0.724,209.1
2019-02-26T02:50,-65.18204,-57.67463,2.389,234.9
2019-02-26T03:00,-65.18265,-57.68302,1.287,260.2
2019-02-26T03:10,-65.18218,-57.70847,3.849,272.5
2019-02-26T03:20,-65.18332,-57.71297,0.796,238.7
2019-02-26T03:30,-65.18313,-57.71204,0.156,64.4
2019-02-26T03:40,-65.18283,-57.72016,1.232,275.0
2019-02-26T03:50,-65.18373,-57.72716,1.106,253.0
2019-02-26T04:00,-65.18395,-57.72846,0.211,247.9
2019-02-26T04:10,-65.18382,-57.72822,0.06,35.9
2019-02-26T04:20,-65.18544,-57.73621,1.34,244.2
2019-02-26T04:30,-65.1901,-57.76642,4.864,249.8
2019-02-26T04:40,-65.19327,-57.77638,1.889,232.8
2019-02-26T04:50,-65.1951,-57.78137,1.0,228.9
2019-02-26T05:00,-65.19417,-57.78058,0.355,19.6
2019-02-26T05:10,-65.19612,-57.78356,0.832,212.7
2019-02-26T05:20,-65.19908,-57.7928,1.758,232.5
2019-02-26T05:30,-65.20479,-57.79614,2.116,193.8
2019-02-26T05:40,-65.20523,-57.79643,0.163,195.3
2019-02-26T05:50,-65.20592,-57.79662,0.252,186.8
2019-02-26T06:00,-65.20662,-57.79664,0.252,180.7
2019-02-26T06:10,-65.20706,-57.79659,0.156,177.1
2019-02-26T06:20,-65.20675,-57.79878,0.349,288.7
2019-02-26T06:30,-65.20835,-57.79082,1.333,115.7
2019-02-26T06:40,-65.216,-57.78359,2.962,158.4
2019-02-26T06:50,-65.2289,-57.7591,5.937,141.5
2019-02-26T07:00,-65.23765,-57.74655,3.674,149.0
2019-02-26T07:10,-65.24373,-57.73582,2.721,143.5
2019-02-26T07:20,-65.2451,-57.73717,0.532,202.4
2019-02-26T07:30,-65.24806,-57.73683,1.068,177.2
2019-02-26T07:40,-65.25113,-57.72303,2.356,118.1
2019-02-26T07:50,-65.25535,-57.72125,1.541,169.9
2019-02-26T08:00,-65.25443,-57.72261,0.39,328.1
2019-02-26T08:10,-65.261,-57.71488,2.638,153.8
2019-02-26T08:20,-65.26557,-57.71043,1.775,157.8
2019-02-26T08:30,-65.26684,-57.71291,0.592,219.1
2019-02-26T08:40,-65.26623,-57.71382,0.261,328.1
2019-02-26T08:50,-65.26842,-57.71442,0.794,186.6
2019-02-26T09:00,-65.26994,-57.71359,0.564,167.1
2019-02-26T09:10,-65.27718,-57.71048,2.648,169.8
2019-02-26T09:20,-65.28091,-57.69506,2.681,120.0
2019-02-26T09:30,-65.2843,-57.67394,3.406,111.0
2019-02-26T09:40,-65.29059,-57.6563,3.49,130.4
2019-02-26T09:50,-65.29149,-57.65577,0.335,166.4
2019-02-26T10:00,-65.29283,-57.65523,0.489,170.4
2019-02-26T10:10,-65.29746,-57.65256,1.714,166.4
2019-02-26T10:20,-65.30299,-57.64522,2.278,151.0
2019-02-26T10:30,-65.3063,-57.64321,1.23,165.7
2019-02-26T10:40,-65.30636,-57.6441,0.135,261.6
2019-02-26T10:50,-65.3091,-57.65466,1.87,238.1
2019-02-26T11:00,-65.30335,-57.6929,6.113,289.8
2019-02-26T11:10,-65.3114,-57.67447,4.009,136.3
2019-02-26T11:20,-65.30978,-57.68243,1.331,296.0
2019-02-26T11:30,-65.31151,-57.68686,0.914,226.8
2019-02-26T11:40,-65.31229,-57.68713,0.283,188.2
2019-02-26T11:50,-65.31538,-57.68827,1.126,188.8
2019-02-26T12:00,-65.3147,-57.68899,0.268,336.2
2019-02-26T12:10,-65.31491,-57.68971,0.133,234.5
2019-02-26T12:20,-65.31558,-57.69063,0.278,210.1
2019-02-26T12:30,-65.31491,-57.69116,0.254,341.7
2019-02-26T12:40,-65.31461,-57.69179,0.143,319.1
2019-02-26T12:50,-65.31543,-57.69254,0.314,201.2
2019-02-26T13:00,-65.3156,-57.69311,0.105,234.7
2019-02-26T13:10,-65.31611,-57.69371,0.205,205.9
2019-02-26T13:20,-65.3152,-57.69373,0.326,359.5
2019-02-26T13:30,-65.31456,-57.69382,0.231,356.5
2019-02-26T13:40,-65.31439,-57.6939,0.063,349.8
2019-02-26T13:50,-65.31439,-57.69389,0.002,36.9
2019-02-26T14:00,-65.3177,-57.69508,1.207,188.5
2019-02-26T14:10,-65.31986,-57.69621,0.794,192.3
2019-02-26T14:20,-65.32183,-57.69862,0.798,207.0
2019-02-26T14:30,-65.32965,-57.69304,2.939,163.4
2019-02-26T14:40,-65.33016,-57.69212,0.229,142.8
2019-02-26T14:50,-65.32912,-57.69257,0.383,349.8
2019-02-26T15:00,-65.32908,-57.69227,0.047,72.9
2019-02-26T15:10,-65.32915,-57.69164,0.099,105.6
2019-02-26T15:20,-65.33038,-57.69038,0.48,156.9
2019-02-26T15:30,-65.3299,-57.69011,0.177,13.5
2019-02-26T15:40,-65.33021,-57.68951,0.143,141.3
2019-02-26T15:50,-65.33275,-57.68727,0.976,159.8
2019-02-26T16:00,-65.33709,-57.68131,1.801,150.2
2019-02-26T16:10,-65.33994,-57.69758,2.65,247.2
2019-02-26T16:20,-65.33896,-57.70443,1.089,289.0
2019-02-26T16:30,-65.33814,-57.70492,0.302,346.0
2019-02-26T16:40,-65.33789,-57.70416,0.146,50.8
2019-02-26T16:50,-65.33745,-57.70393,0.16,12.5
2019-02-26T17:00,-65.33696,-57.70371,0.182,10.4
2019-02-26T17:10,-65.33657,-57.70367,0.138,2.4
2019-02-26T17:20,-65.33633,-57.7034,0.094,25.2
2019-02-26T17:30,-65.33613,-57.70088,0.385,79.2
2019-02-26T17:40,-65.33608,-57.70018,0.108,80.4
2019-02-26T17:50,-65.33535,-57.70023,0.264,358.1
2019-02-26T18:00,-65.3348,-57.70246,0.388,300.5
2019-02-26T18:10,-65.33481,-57.69914,0.499,90.2
2019-02-26T18:20,-65.33435,-57.69915,0.165,359.5
2019-02-26T18:30,-65.33404,-57.69925,0.114,352.1
2019-02-26T18:40,-65.3335,-57.6991,0.195,6.9
2019-02-26T18:50,-65.3332,-57.70114,0.326,289.1
2019-02-26T19:00,-65.33342,-57.7064,0.793,264.3
2019-02-26T19:10,-65.33954,-57.70943,2.248,191.7
2019-02-26T19:20,-65.33986,-57.70976,0.127,203.4
2019-02-26T19:30,-65.33491,-57.72598,3.02,306.2
2019-02-26T19:40,-65.32957,-57.73717,2.553,318.8
2019-02-26T19:50,-65.32915,-57.73884,0.293,301.4
2019-02-26T20:00,-65.32896,-57.73828,0.108,51.2
2019-02-26T20:10,-65.32453,-57.76915,4.907,289.0
2019-02-26T20:20,-65.32286,-57.77716,1.344,296.5
2019-02-26T20:30,-65.32184,-57.77959,0.518,315.2
2019-02-26T20:40,-65.32121,-57.78151,0.367,308.2
2019-02-26T20:50,-65.31456,-57.82666,7.199,289.4
2019-02-26T21:00,-65.31226,-57.84098,2.307,291.1
2019-02-26T21:10,-65.31213,-57.83983,0.178,75.6
2019-02-26T21:20,-65.31194,-57.83612,0.562,82.8
2019-02-26T21:30,-65.3092,-57.84041,1.177,326.8
2019-02-26T21:40,-65.30838,-57.83995,0.303,13.3
2019-02-26T21:50,-65.3099,-57.84046,0.552,188.0
2019-02-26T22:00,-65.31137,-57.84327,0.677,218.6
2019-02-26T22:10,-65.31115,-57.84078,0.382,77.9
2019-02-26T22:20,-65.31089,-57.84371,0.451,282.0
2019-02-26T22:30,-65.31112,-57.84151,0.342,103.9
2019-02-26T22:40,-65.31116,-57.84555,0.607,268.5
2019-02-26T22:50,-65.31117,-57.84297,0.388,90.5
2019-02-26T23:00,-65.31149,-57.84249,0.134,148.1
2019-02-26T23:10,-65.31169,-57.84224,0.083,152.3
2019-02-26T23:20,-65.31061,-57.85147,1.441,285.6
2019-02-26T23:30,-65.31043,-57.8522,0.128,299.9
2019-02-26T23:40,-65.31072,-57.85337,0.205,239.3
2019-02-26T23:50,-65.31091,-57.85976,0.963,265.9
2019-02-27T00:00,-65.31015,-57.86942,1.478,280.7
2019-02-27T00:10,-65.30933,-57.89107,3.269,275.2
2019-02-27T00:20,-65.30958,-57.8925,0.232,247.8
2019-02-27T00:30,-65.31011,-57.8945,0.357,237.6
2019-02-27T00:40,-65.31311,-57.89958,1.325,215.2
2019-02-27T00:50,-65.3126,-57.90014,0.204,335.8
2019-02-27T01:00,-65.31439,-57.8999,0.648,176.8
2019-02-27T01:10,-65.31473,-57.89969,0.127,165.8
2019-02-27T01:20,-65.31535,-57.8989,0.25,151.8
2019-02-27T01:30,-65.31523,-57.90001,0.171,283.7
2019-02-27T01:40,-65.31558,-57.89932,0.161,140.0
2019-02-27T01:50,-65.31581,-57.8993,0.085,178.1
2019-02-27T02:00,-65.31714,-57.89794,0.519,156.8
2019-02-27T02:10,-65.31729,-57.89861,0.116,240.9
2019-02-27T02:20,-65.31735,-57.89937,0.115,260.6
2019-02-27T02:30,-65.3169,-57.90058,0.243,311.5
2019-02-27T02:40,-65.31785,-57.90032,0.345,173.5
2019-02-27T02:50,-65.31795,-57.90084,0.087,244.9
2019-02-27T03:00,-65.31764,-57.9021,0.222,301.2
2019-02-27T03:10,-65.31811,-57.90224,0.172,187.0
2019-02-27T03:20,-65.31759,-57.90366,0.283,311.3
2019-02-27T03:30,-65.31792,-57.90415,0.14,211.5
2019-02-27T03:40,-65.31889,-57.90402,0.347,177.0
2019-02-27T03:50,-65.31945,-57.90413,0.203,184.7
2019-02-27T04:00,-65.31951,-57.90483,0.106,257.9
2019-02-27T04:10,-65.32086,-57.90492,0.486,181.7
2019-02-27T04:20,-65.32149,-57.90561,0.25,204.4
2019-02-27T04:30,-65.32186,-57.90663,0.203,229.1
2019-02-27T04:40,-65.32203,-57.90744,0.135,243.6
2019-02-27T04:50,-65.32107,-57.90777,0.347,351.9
2019-02-27T05:00,-65.32135,-57.90846,0.143,226.6
2019-02-27T05:10,-65.32253,-57.90988,0.478,206.5
2019-02-27T05:20,-65.32296,-57.91083,0.211,222.9
2019-02-27T05:30,-65.32322,-57.91155,0.143,229.5
2019-02-27T05:40,-65.3239,-57.91242,0.278,208.0
2019-02-27T05:50,-65.32297,-57.91281,0.341,350.2
2019-02-27T06:00,-65.32386,-57.91427,0.39,214.3
2019-02-27T06:10,-65.32496,-57.91858,0.758,238.6
2019-02-27T06:20,-65.32768,-57.92392,1.266,219.3
2019-02-27T06:30,-65.32918,-57.92973,1.027,238.3
2019-02-27T06:40,-65.32974,-57.93684,1.087,259.2
2019-02-27T06:50,-65.32983,-57.93833,0.226,262.5
2019-02-27T07:00,-65.32968,-57.94548,1.076,272.7
2019-02-27T07:10,-65.32913,-57.94903,0.569,290.4
2019-02-27T07:20,-65.3289,-57.95132,0.354,284.0
2019-02-27T07:30,-65.32925,-57.94988,0.25,120.4
2019-02-27T07:40,-65.32887,-57.95241,0.403,289.8
2019-02-27T07:50,-65.32854,-57.95382,0.243,299.2
2019-02-27T08:00,-65.32865,-57.95402,0.05,216.4
2019-02-27T08:10,-65.32893,-57.95307,0.175,125.6
2019-02-27T08:20,-65.32888,-57.95352,0.069,285.6
2019-02-27T08:30,-65.32873,-57.95421,0.117,297.6
2019-02-27T08:40,-65.32859,-57.95482,0.105,299.2
2019-02-27T08:50,-65.32844,-57.95541,0.104,300.7
2019-02-27T09:00,-65.32812,-57.95643,0.191,306.2
2019-02-27T09:10,-65.32803,-57.95665,0.047,318.1
2019-02-27T09:20,-65.32792,-57.95682,0.047,326.6
2019-02-27T09:30,-65.32748,-57.95805,0.242,310.2
2019-02-27T09:40,-65.32735,-57.95814,0.049,344.8
2019-02-27T09:50,-65.32717,-57.95827,0.068,342.5
2019-02-27T10:00,-65.32677,-57.9589,0.172,326.7
2019-02-27T10:10,-65.32632,-57.95977,0.21,321.5
2019-02-27T10:20,-65.32607,-57.95983,0.091,354.3
2019-02-27T10:30,-65.32579,-57.95977,0.098,5.2
2019-02-27T10:40,-65.32546,-57.96018,0.136,332.7
2019-02-27T10:50,-65.32509,-57.9602,0.135,359.0
2019-02-27T11:00,-65.32447,-57.96073,0.237,340.4
2019-02-27T11:10,-65.3241,-57.96063,0.131,6.9
2019-02-27T11:20,-65.32335,-57.96154,0.305,333.1
2019-02-27T11:30,-65.32275,-57.96186,0.22,347.5
2019-02-27T11:40,-65.32229,-57.96148,0.174,19.1
2019-02-27T11:50,-65.3216,-57.96178,0.254,349.7
2019-02-27T12:00,-65.32117,-57.96117,0.182,30.5
2019-02-27T12:10,-65.32052,-57.96118,0.232,359.6
2019-02-27T12:20,-65.31971,-57.96171,0.302,344.6
2019-02-27T12:30,-65.31912,-57.96109,0.233,23.5
2019-02-27T12:40,-65.31847,-57.96074,0.239,12.7
2019-02-27T12:50,-65.31768,-57.96061,0.285,4.0
2019-02-27T13:00,-65.31696,-57.96037,0.262,7.7
2019-02-27T13:10,-65.31615,-57.96012,0.292,7.4
2019-02-27T13:20,-65.31528,-57.95996,0.316,4.4
2019-02-27T13:30,-65.31448,-57.9594,0.301,16.4
2019-02-27T13:40,-65.31358,-57.95898,0.327,11.2
2019-02-27T13:50,-65.31266,-57.9585,0.339,12.3
2019-02-27T14:00,-65.31171,-57.95798,0.352,12.8
2019-02-27T14:10,-65.31069,-57.95747,0.374,11.9
2019-02-27T14:20,-65.30971,-57.9566,0.379,20.1
2019-02-27T14:30,-65.30865,-57.956,0.391,13.5
2019-02-27T14:40,-65.30753,-57.9554,0.413,12.5
2019-02-27T14:50,-65.30636,-57.95482,0.429,11.9
2019-02-27T15:00,-65.30517,-57.95422,0.44,11.8
2019-02-27T15:10,-65.30387,-57.95371,0.474,9.2
2019-02-27T15:20,-65.30259,-57.95322,0.466,9.2
2019-02-27T15:30,-65.30128,-57.95271,0.479,9.2
2019-02-27T15:40,-65.29995,-57.9521,0.485,10.8
2019-02-27T15:50,-65.29843,-57.95204,0.548,0.9
2019-02-27T16:00,-65.29694,-57.95123,0.55,12.9
2019-02-27T16:10,-65.29558,-57.95034,0.507,15.3
2019-02-27T16:20,-65.29372,-57.95028,0.671,0.7
2019-02-27T16:30,-65.29273,-57.94864,0.433,34.9
2019-02-27T16:40,-65.29082,-57.94847,0.688,2.1
2019-02-27T16:50,-65.28942,-57.94746,0.529,16.7
2019-02-27T17:00,-65.28768,-57.94711,0.629,4.8
2019-02-27T17:10,-65.28411,-57.94795,1.291,354.4
2019-02-27T17:20,-65.28186,-57.94754,0.811,4.4
2019-02-27T17:30,-65.27979,-57.94703,0.75,5.9
2019-02-27T17:40,-65.27545,-57.94241,1.709,24.0
2019-02-27T17:50,-65.27081,-57.93415,2.084,36.7
2019-02-27T18:00,-65.26833,-57.93008,1.083,34.4
2019-02-27T18:10,-65.26623,-57.92848,0.795,17.7
2019-02-27T18:20,-65.25916,-57.91986,2.858,27.0
2019-02-27T18:30,-65.25704,-57.9397,3.085,284.3
2019-02-27T18:40,-65.25541,-57.93378,1.07,56.6
2019-02-27T18:50,-65.25391,-57.93955,1.023,301.8
2019-02-27T19:00,-65.25228,-57.93461,0.948,51.7
2019-02-27T19:10,-65.25065,-57.93743,0.724,324.1
2019-02-27T19:20,-65.24872,-57.93317,0.946,42.7
2019-02-27T19:30,-65.24748,-57.93299,0.445,3.5
2019-02-27T19:40,-65.246,-57.93025,0.676,37.6
2019-02-27T19:50,-65.24468,-57.93201,0.545,330.9
2019-02-27T20:00,-65.24309,-57.93301,0.591,345.1
2019-02-27T20:10,-65.24187,-57.93551,0.578,319.3
2019-02-27T20:20,-65.24042,-57.93178,0.767,47.1
2019-02-27T20:30,-65.23942,-57.93446,0.541,311.8
2019-02-27T20:40,-65.23808,-57.93271,0.549,28.7
2019-02-27T20:50,-65.23713,-57.93323,0.352,347.2
2019-02-27T21:00,-65.23625,-57.93415,0.345,336.4
2019-02-27T21:10,-65.23542,-57.93422,0.299,357.8
2019-02-27T21:20,-65.23476,-57.9292,0.794,72.6
2019-02-27T21:30,-65.23401,-57.93082,0.365,317.9
2019-02-27T21:40,-65.23354,-57.92991,0.219,39.0
2019-02-27T21:50,-65.23232,-57.93357,0.705,308.4
2019-02-27T22:00,-65.23196,-57.92887,0.72,79.7
2019-02-27T22:10,-65.23109,-57.92881,0.316,1.6
2019-02-27T22:20,-65.23029,-57.93074,0.408,314.5
2019-02-27T22:30,-65.2299,-57.93137,0.17,325.9
2019-02-27T22:40,-65.2296,-57.9338,0.382,286.6
2019-02-27T22:50,-65.22947,-57.93173,0.316,81.4
2019-02-27T23:00,-65.22916,-57.93427,0.398,285.9
2019-02-27T23:10,-65.22914,-57.93279,0.223,87.7
2019-02-27T23:20,-65.22895,-57.93304,0.076,331.1
2019-02-27T23:30,-65.22914,-57.93223,0.139,119.0
2019-02-27T23:40,-65.22853,-57.93388,0.332,311.5
2019-02-27T23:50,-65.22878,-57.93187,0.317,106.6
2019-02-28T00:00,-65.22823,-57.93402,0.381,301.7
2019-02-28T00:10,-65.22813,-57.93276,0.192,79.4
2019-02-28T00:20,-65.22786,-57.93172,0.184,58.8
2019-02-28T00:30,-65.22757,-57.93139,0.116,25.6
2019-02-28T00:40,-65.22733,-57.93163,0.094,337.3
2019-02-28T00:50,-65.22701,-57.93185,0.12,343.8
2019-02-28T01:00,-65.22676,-57.93264,0.149,307.1
2019-02-28T01:10,-65.22647,-57.93046,0.345,72.0
2019-02-28T01:20,-65.22616,-57.93264,0.347,288.8
2019-02-28T01:30,-65.22601,-57.93025,0.365,81.9
2019-02-28T01:40,-65.22564,-57.93218,0.322,295.0
2019-02-28T01:50,-65.22538,-57.93199,0.096,17.3
2019-02-28T02:00,-65.22523,-57.92972,0.348,80.8
2019-02-28T02:10,-65.22501,-57.92926,0.103,41.8
2019-02-28T02:20,-65.22462,-57.92981,0.163,329.7
2019-02-28T02:30,-65.2245,-57.92946,0.068,50.2
2019-02-28T02:40,-65.22441,-57.92874,0.114,72.9
2019-02-28T02:50,-65.22433,-57.92847,0.051,53.6
2019-02-28T03:00,-65.22413,-57.92802,0.099,42.8
2019-02-28T03:10,-65.22414,-57.92825,0.035,263.4
2019-02-28T03:20,-65.22367,-57.92974,0.281,306.9
2019-02-28T03:30,-65.22381,-57.92796,0.274,100.9
2019-02-28T03:40,-65.22386,-57.92718,0.119,98.4
2019-02-28T03:50,-65.22375,-57.92783,0.105,291.2
2019-02-28T04:00,-65.22336,-57.92899,0.224,308.6
2019-02-28T04:10,-65.22368,-57.92665,0.372,108.0
2019-02-28T04:20,-65.22321,-57.92876,0.361,298.2
2019-02-28T04:30,-65.22338,-57.92727,0.232,105.2
2019-02-28T04:40,-65.22345,-57.92688,0.064,113.0
2019-02-28T04:50,-65.22318,-57.9286,0.276,290.3
2019-02-28T05:00,-65.22313,-57.92871,0.026,319.3
2019-02-28T05:10,-65.22331,-57.9273,0.223,106.8
2019-02-28T05:20,-65.2233,-57.92729,0.002,49.1
2019-02-28T05:30,-65.2233,-57.92728,0.002,26.7
2019-02-28T05:40,-65.22329,-57.92727,0.002,48.2
2019-02-28T05:50,-65.22329,-57.92726,0.002,101.2
2019-02-28T06:00,-65.22329,-57.92725,0.001,55.7
2019-02-28T06:10,-65.22329,-57.92724,0.003,51.5
2019-02-28T06:20,-65.22329,-57.92724,0.001,51.5
2019-02-28T06:30,-65.22315,-57.92825,0.16,287.9
2019-02-28T06:40,-65.22315,-57.92824,0.001,29.2
2019-02-28T06:50,-65.22314,-57.92824,0.002,27.6
2019-02-28T07:00,-65.22313,-57.92823,0.004,29.2
2019-02-28T07:10,-65.22313,-57.92822,0.001,11.8
2019-02-28T07:20,-65.22313,-57.92824,0.002,270.0
2019-02-28T07:30,-65.22313,-57.92824,0.002,297.9
2019-02-28T07:40,-65.22313,-57.92825,0.001,253.4
2019-02-28T07:50,-65.22313,-57.92826,0.001,295.5
2019-02-28T08:00,-65.22312,-57.92826,0.001,344.4
2019-02-28T08:10,-65.22312,-57.92827,0.001,270.0
2019-02-28T08:20,-65.22312,-57.92828,0.002,317.3
2019-02-28T08:30,-65.22312,-57.92829,0.002,308.5
2019-02-28T08:40,-65.22312,-57.92827,0.003,90.0
2019-02-28T08:50,-65.22319,-57.92766,0.096,106.4
2019-02-28T09:00,-65.22319,-57.92767,0.002,308.5
2019-02-28T09:10,-65.22319,-57.9277,0.005,274.5
2019-02-28T09:20,-65.22318,-57.92775,0.007,290.0
2019-02-28T09:30,-65.22317,-57.92779,0.006,283.1
2019-02-28T09:40,-65.22311,-57.92831,0.083,286.5
2019-02-28T09:50,-65.22315,-57.92798,0.052,106.0
2019-02-28T10:00,-65.22307,-57.92863,0.102,286.4
2019-02-28T10:10,-65.22307,-57.92865,0.003,264.1
2019-02-28T10:20,-65.22324,-57.92748,0.187,109.3
2019-02-28T10:30,-65.2232,-57.92772,0.039,290.5
2019-02-28T10:40,-65.22307,-57.92873,0.16,287.5
2019-02-28T10:50,-65.22324,-57.92753,0.192,108.1
2019-02-28T11:00,-65.22317,-57.92788,0.057,293.0
2019-02-28T11:10,-65.22308,-57.92854,0.106,289.5
2019-02-28T11:20,-65.22313,-57.92816,0.06,109.0
2019-02-28T11:30,-65.22318,-57.928,0.03,125.8
2019-02-28T11:40,-65.22324,-57.92758,0.067,108.4
2019-02-28T11:50,-65.22324,-57.92758,0.0,40.0
2019-02-28T12:00,-65.22324,-57.92755,0.005,102.2
2019-02-28T12:10,-65.22324,-57.92753,0.002,68.3
2019-02-28T12:20,-65.2232,-57.92766,0.022,304.2
2019-02-28T12:30,-65.22316,-57.92791,0.041,290.3
2019-02-28T12:40,-65.22324,-57.92741,0.08,110.5
2019-02-28T12:50,-65.22325,-57.92744,0.005,251.8
2019-02-28T13:00,-65.22321,-57.92757,0.024,302.9
2019-02-28T13:10,-65.22321,-57.92754,0.004,99.3
2019-02-28T13:20,-65.22323,-57.92742,0.02,114.0
2019-02-28T13:30,-65.22325,-57.92739,0.006,141.1
2019-02-28T13:40,-65.22323,-57.92745,0.01,297.7
2019-02-28T13:50,-65.22304,-57.92846,0.167,294.8
2019-02-28T14:00,-65.22317,-57.92769,0.125,111.9
2019-02-28T14:10,-65.2233,-57.92705,0.107,115.9
2019-02-28T14:20,-65.22321,-57.92741,0.062,299.9
2019-02-28T14:30,-65.22317,-57.92753,0.025,310.0
2019-02-28T14:40,-65.22319,-57.92742,0.019,115.1
2019-02-28T14:50,-65.22321,-57.92731,0.019,112.4
2019-02-28T15:00,-65.22316,-57.92754,0.041,299.1
2019-02-28T15:10,-65.22316,-57.92746,0.012,105.0
2019-02-28T15:20,-65.22316,-57.92745,0.003,46.3
2019-02-28T15:30,-65.22316,-57.92744,0.002,66.5
2019-02-28T15:40,-65.22302,-57.92817,0.12,293.7
2019-02-28T15:50,-65.22296,-57.9288,0.099,283.9
2019-02-28T16:00,-65.22314,-57.9275,0.208,108.7
2019-02-28T16:10,-65.22327,-57.92685,0.109,116.0
2019-02-28T16:20,-65.22304,-57.92825,0.228,291.7
2019-02-28T16:30,-65.22329,-57.92708,0.198,116.7
2019-02-28T16:40,-65.22304,-57.92866,0.253,290.0
2019-02-28T16:50,-65.22302,-57.92845,0.032,73.9
2019-02-28T17:00,-65.22298,-57.92889,0.067,280.9
2019-02-28T17:10,-65.22326,-57.92689,0.317,108.4
2019-02-28T17:20,-65.22298,-57.92853,0.267,292.5
2019-02-28T17:30,-65.22293,-57.9289,0.058,287.6
2019-02-28T17:40,-65.22295,-57.92847,0.064,97.4
2019-02-28T17:50,-65.22299,-57.92804,0.066,100.3
2019-02-28T18:00,-65.22314,-57.92721,0.137,113.7
2019-02-28T18:10,-65.22285,-57.9287,0.247,294.5
2019-02-28T18:20,-65.22297,-57.92739,0.202,101.4
2019-02-28T18:30,-65.22278,-57.92814,0.13,300.7
2019-02-28T18:40,-65.2226,-57.92808,0.065,7.1
2019-02-28T18:50,-65.2226,-57.927,0.164,89.4
2019-02-28T19:00,-65.22249,-57.92688,0.042,24.1
2019-02-28T19:10,-65.22248,-57.92684,0.008,52.8
2019-02-28T19:20,-65.22242,-57.9267,0.028,48.9
2019-02-28T19:30,-65.2224,-57.92663,0.013,50.7
2019-02-28T19:40,-65.22239,-57.9266,0.006,60.7
2019-02-28T19:50,-65.22238,-57.92657,0.007,40.0
2019-02-28T20:00,-65.22238,-57.92656,0.002,79.6
2019-02-28T20:10,-65.22237,-57.92655,0.002,17.4
2019-02-28T20:20,-65.22237,-57.92655,0.002,14.1
2019-02-28T20:30,-65.22236,-57.92653,0.005,40.0
2019-02-28T20:40,-65.22236,-57.92652,0.001,68.3
2019-02-28T20:50,-65.22235,-57.92652,0.001,0.0
2019-02-28T21:00,-65.22235,-57.92652,0.001,22.7
2019-02-28T21:10,-65.22235,-57.92651,0.002,56.9
2019-02-28T21:20,-65.22235,-57.9265,0.001,55.7
2019-02-28T21:30,-65.22235,-57.9265,0.001,40.0
2019-02-28T21:40,-65.22235,-57.9265,0.001,157.3
2019-02-28T21:50,-65.22234,-57.9265,0.001,348.2
2019-02-28T22:00,-65.22234,-57.9265,0.001,11.8
2019-02-28T22:10,-65.22234,-57.92651,0.002,308.5
2019-02-28T22:20,-65.22234,-57.92651,0.0,337.3
2019-02-28T22:30,-65.22234,-57.92652,0.002,229.1
2019-02-28T22:40,-65.22235,-57.92652,0.002,184.0
2019-02-28T22:50,-65.22235,-57.92652,0.001,202.7
2019-02-28T23:00,-65.22235,-57.92653,0.002,189.5
2019-02-28T23:10,-65.22236,-57.92653,0.001,188.0
2019-02-28T23:20,-65.22237,-57.92655,0.005,232.6
2019-02-28T23:30,-65.22237,-57.9266,0.008,250.4
2019-02-28T23:40,-65.22238,-57.92669,0.014,255.3
2019-02-28T23:50,-65.22239,-57.92677,0.013,253.4
2019-03-01T00:00,-65.22241,-57.92686,0.015,248.5
2019-03-01T00:10,-65.22242,-57.92698,0.018,255.9
2019-03-01T00:20,-65.22244,-57.92712,0.023,256.1
2019-03-01T00:30,-65.22245,-57.92728,0.025,254.1
2019-03-01T00:40,-65.22247,-57.92745,0.026,255.0
2019-03-01T00:50,-65.2225,-57.92767,0.035,253.7
2019-03-01T01:00,-65.22252,-57.92787,0.032,255.0
2019-03-01T01:10,-65.22255,-57.92812,0.039,255.5
2019-03-01T01:20,-65.22258,-57.9284,0.044,255.2
2019-03-01T01:30,-65.22262,-57.92872,0.049,255.2
2019-03-01T01:40,-65.22267,-57.92905,0.053,249.7
2019-03-01T01:50,-65.22272,-57.92941,0.058,250.1
2019-03-01T02:00,-65.22279,-57.92978,0.061,247.7
2019-03-01T02:10,-65.22286,-57.93019,0.067,245.3
2019-03-01T02:20,-65.22294,-57.93062,0.07,248.0
2019-03-01T02:30,-65.22303,-57.93105,0.073,243.3
2019-03-01T02:40,-65.22312,-57.9315,0.076,243.6
2019-03-01T02:50,-65.22322,-57.93197,0.079,244.0
2019-03-01T03:00,-65.22332,-57.93245,0.081,243.4
2019-03-01T03:10,-65.22343,-57.93293,0.083,240.5
2019-03-01T03:20,-65.22355,-57.93342,0.084,240.9
2019-03-01T03:30,-65.22366,-57.93391,0.086,241.1
2019-03-01T03:40,-65.22376,-57.9345,0.095,247.7
2019-03-01T03:50,-65.22388,-57.935,0.088,240.0
2019-03-01T04:00,-65.22401,-57.93553,0.092,239.3
2019-03-01T04:10,-65.22414,-57.93605,0.091,239.5
2019-03-01T04:20,-65.22427,-57.93657,0.091,240.2
2019-03-01T04:30,-65.22439,-57.93711,0.091,242.2
2019-03-01T04:40,-65.22449,-57.93768,0.094,246.0
2019-03-01T04:50,-65.22461,-57.93824,0.095,243.8
2019-03-01T05:00,-65.22473,-57.93882,0.097,244.4
2019-03-01T05:10,-65.22487,-57.93926,0.087,231.4
2019-03-01T05:20,-65.22499,-57.93984,0.096,244.0
2019-03-01T05:30,-65.22511,-57.94041,0.096,243.9
2019-03-01T05:40,-65.22523,-57.941,0.098,243.7
2019-03-01T05:50,-65.22535,-57.94158,0.099,243.7
2019-03-01T06:00,-65.22548,-57.94217,0.1,242.2
2019-03-01T06:10,-65.22561,-57.94275,0.1,241.8
2019-03-01T06:20,-65.22578,-57.94333,0.106,235.3
2019-03-01T06:30,-65.2259,-57.94388,0.094,242.4
2019-03-01T06:40,-65.22604,-57.94446,0.1,240.2
2019-03-01T06:50,-65.22619,-57.94502,0.1,237.9
2019-03-01T07:00,-65.22634,-57.94558,0.101,237.2
2019-03-01T07:10,-65.22648,-57.94611,0.095,237.6
2019-03-01T07:20,-65.22663,-57.94667,0.101,236.9
2019-03-01T07:30,-65.22679,-57.94724,0.102,236.3
2019-03-01T07:40,-65.22695,-57.94777,0.098,234.8
2019-03-01T07:50,-65.2271,-57.94829,0.095,236.1
2019-03-01T08:00,-65.22725,-57.94884,0.1,235.0
2019-03-01T08:10,-65.22741,-57.94937,0.098,235.2
2019-03-01T08:20,-65.22757,-57.94991,0.1,234.7
2019-03-01T08:30,-65.22774,-57.95048,0.106,234.0
2019-03-01T08:40,-65.22792,-57.95107,0.108,234.5
2019-03-01T08:50,-65.2281,-57.95167,0.112,234.1
2019-03-01T09:00,-65.22829,-57.95228,0.113,234.2
2019-03-01T09:10,-65.22847,-57.95289,0.114,234.4
2019-03-01T09:20,-65.22865,-57.95351,0.113,235.3
2019-03-01T09:30,-65.22883,-57.95417,0.12,236.7
2019-03-01T09:40,-65.22902,-57.95482,0.118,235.5
2019-03-01T09:50,-65.22921,-57.9555,0.123,236.6
2019-03-01T10:00,-65.22939,-57.9562,0.124,238.0
2019-03-01T10:10,-65.22957,-57.95692,0.128,238.6
2019-03-01T10:20,-65.22976,-57.95766,0.129,239.6
2019-03-01T10:30,-65.23002,-57.95821,0.128,220.7
2019-03-01T10:40,-65.23019,-57.95905,0.139,245.6
2019-03-01T10:50,-65.23042,-57.9599,0.153,236.9
2019-03-01T11:00,-65.23063,-57.96063,0.135,235.3
2019-03-01T11:10,-65.2309,-57.96133,0.141,227.6
2019-03-01T11:20,-65.23111,-57.96258,0.206,247.6
2019-03-01T11:30,-65.23136,-57.9635,0.164,237.3
2019-03-01T11:40,-65.23178,-57.96337,0.152,172.5
2019-03-01T11:50,-65.23191,-57.96517,0.277,259.9
2019-03-01T12:00,-65.2324,-57.96465,0.191,155.8
2019-03-01T12:10,-65.2325,-57.96661,0.298,263.1
2019-03-01T12:20,-65.23296,-57.96615,0.179,157.1
2019-03-01T12:30,-65.2332,-57.96716,0.175,240.2
2019-03-01T12:40,-65.23355,-57.96756,0.139,205.5
2019-03-01T12:50,-65.23388,-57.96821,0.155,219.6
2019-03-01T13:00,-65.23423,-57.96885,0.158,217.4
2019-03-01T13:10,-65.2345,-57.97049,0.267,248.3
2019-03-01T13:20,-65.23489,-57.97116,0.172,215.6
2019-03-01T13:30,-65.23539,-57.97054,0.204,152.8
2019-03-01T13:40,-65.23572,-57.97155,0.193,232.0
2019-03-01T13:50,-65.23605,-57.97302,0.251,241.9
2019-03-01T14:00,-65.23651,-57.97265,0.174,161.2
2019-03-01T14:10,-65.23684,-57.97348,0.173,226.6
2019-03-01T14:20,-65.23731,-57.973,0.185,157.1
2019-03-01T14:30,-65.23759,-57.97359,0.132,221.8
2019-03-01T14:40,-65.23779,-57.97453,0.16,242.4
2019-03-01T14:50,-65.23814,-57.97406,0.142,150.4
2019-03-01T15:00,-65.23839,-57.97416,0.093,189.3
2019-03-01T15:10,-65.2385,-57.97561,0.222,260.1
2019-03-01T15:20,-65.23866,-57.97575,0.063,198.6
2019-03-01T15:30,-65.23884,-57.97591,0.068,201.3
2019-03-01T15:40,-65.239,-57.97612,0.066,208.7
2019-03-01T15:50,-65.23905,-57.97572,0.064,107.4
2019-03-01T16:00,-65.23917,-57.97612,0.074,234.7
2019-03-01T16:10,-65.23922,-57.97626,0.027,229.9
2019-03-01T16:20,-65.23928,-57.97605,0.038,123.7
2019-03-01T16:30,-65.23942,-57.97491,0.179,106.6
2019-03-01T16:40,-65.23944,-57.97509,0.028,259.6
2019-03-01T16:50,-65.23941,-57.9754,0.047,282.8
2019-03-01T17:00,-65.23949,-57.97534,0.031,165.1
2019-03-01T17:10,-65.23948,-57.97551,0.026,279.7
2019-03-01T17:20,-65.23949,-57.97576,0.037,261.7
2019-03-01T17:30,-65.23954,-57.97496,0.121,98.6
2019-03-01T17:40,-65.23951,-57.97447,0.076,81.6
2019-03-01T17:50,-65.23945,-57.97569,0.186,276.2
2019-03-01T18:00,-65.23944,-57.97454,0.175,87.9
2019-03-01T18:10,-65.23943,-57.97359,0.143,89.3
2019-03-01T18:20,-65.23934,-57.97366,0.036,341.9
2019-03-01T18:30,-65.23929,-57.97259,0.163,84.7
2019-03-01T18:40,-65.23914,-57.97357,0.158,290.8
2019-03-01T18:50,-65.23907,-57.97213,0.218,83.8
2019-03-01T19:00,-65.23896,-57.97117,0.15,75.0
2019-03-01T19:10,-65.23882,-57.97144,0.066,321.9
2019-03-01T19:20,-65.2387,-57.96942,0.308,82.1
2019-03-01T19:30,-65.23855,-57.96977,0.077,316.9
2019-03-01T19:40,-65.23843,-57.96719,0.392,83.9
2019-03-01T19:50,-65.23822,-57.96639,0.143,57.7
2019-03-01T20:00,-65.23806,-57.96626,0.062,18.9
2019-03-01T20:10,-65.23784,-57.96479,0.234,70.6
2019-03-01T20:20,-65.23761,-57.96355,0.205,66.5
2019-03-01T20:30,-65.23734,-57.96319,0.112,28.4
2019-03-01T20:40,-65.23705,-57.96106,0.339,72.0
2019-03-01T20:50,-65.23678,-57.96,0.187,58.5
2019-03-01T21:00,-65.23649,-57.95891,0.195,57.9
2019-03-01T21:10,-65.2362,-57.95764,0.218,61.1
2019-03-01T21:20,-65.23574,-57.95488,0.449,68.4
2019-03-01T21:30,-65.23562,-57.95525,0.07,307.1
2019-03-01T21:40,-65.2353,-57.95387,0.238,61.0
2019-03-01T21:50,-65.23485,-57.95136,0.412,66.7
2019-03-01T22:00,-65.23456,-57.95021,0.202,59.0
2019-03-01T22:10,-65.23426,-57.94896,0.219,60.1
2019-03-01T22:20,-65.2339,-57.94708,0.311,65.7
2019-03-01T22:30,-65.23362,-57.94584,0.212,61.7
2019-03-01T22:40,-65.23335,-57.94457,0.216,62.4
2019-03-01T22:50,-65.23304,-57.94352,0.193,55.3
2019-03-01T23:00,-65.23279,-57.94254,0.174,58.6
2019-03-01T23:10,-65.23249,-57.94146,0.195,56.5
2019-03-01T23:20,-65.23222,-57.94045,0.18,57.7
2019-03-01T23:30,-65.232,-57.93949,0.166,60.8
2019-03-01T23:40,-65.23181,-57.93855,0.158,64.5
2019-03-01T23:50,-65.23163,-57.93764,0.152,64.7
2019-03-02T00:00,-65.2315,-57.93697,0.111,64.6
2019-03-02T00:10,-65.23136,-57.9363,0.114,64.4
2019-03-02T00:20,-65.23125,-57.93572,0.097,64.7
2019-03-02T00:30,-65.23114,-57.93525,0.079,61.9
2019-03-02T00:40,-65.23112,-57.93556,0.047,281.9
2019-03-02T00:50,-65.23106,-57.93504,0.08,75.7
2019-03-02T01:00,-65.23103,-57.93486,0.029,69.0
2019-03-02T01:10,-65.23102,-57.93482,0.009,52.1
2019-03-02T01:20,-65.23101,-57.93483,0.002,323.0
2019-03-02T01:30,-65.23101,-57.93494,0.018,267.7
2019-03-02T01:40,-65.23103,-57.93516,0.033,257.9
2019-03-02T01:50,-65.23107,-57.93544,0.045,254.3
2019-03-02T02:00,-65.23112,-57.93579,0.054,251.8
2019-03-02T02:10,-65.23116,-57.93584,0.019,206.5
2019-03-02T02:20,-65.23127,-57.93639,0.09,245.6
2019-03-02T02:30,-65.23138,-57.93692,0.091,242.8
2019-03-02T02:40,-65.23152,-57.9375,0.101,240.1
2019-03-02T02:50,-65.23168,-57.93812,0.11,238.5
2019-03-02T03:00,-65.23186,-57.93879,0.12,238.0
2019-03-02T03:10,-65.23205,-57.9395,0.128,236.7
2019-03-02T03:20,-65.23227,-57.94026,0.138,236.0
2019-03-02T03:30,-65.23261,-57.94184,0.268,242.8
2019-03-02T03:40,-65.23278,-57.94194,0.065,192.7
2019-03-02T03:50,-65.23308,-57.94318,0.216,240.3
2019-03-02T04:00,-65.23337,-57.94403,0.166,230.6
2019-03-02T04:10,-65.23368,-57.9449,0.173,229.7
2019-03-02T04:20,-65.23407,-57.94633,0.258,236.8
2019-03-02T04:30,-65.23435,-57.94671,0.116,209.4
2019-03-02T04:40,-65.23466,-57.94743,0.154,224.6
2019-03-02T04:50,-65.23506,-57.9483,0.195,222.6
2019-03-02T05:00,-65.23544,-57.94926,0.2,226.0
2019-03-02T05:10,-65.23584,-57.95016,0.197,223.6
2019-03-02T05:20,-65.23625,-57.95106,0.201,222.7
2019-03-02T05:30,-65.23667,-57.95195,0.203,221.3
2019-03-02T05:40,-65.23711,-57.95271,0.196,216.1
2019-03-02T05:50,-65.23759,-57.95397,0.258,227.7
2019-03-02T06:00,-65.23805,-57.95482,0.206,217.9
2019-03-02T06:10,-65.2385,-57.95562,0.205,216.3
2019-03-02T06:20,-65.23897,-57.95638,0.203,214.5
2019-03-02T06:30,-65.23944,-57.95711,0.202,212.9
2019-03-02T06:40,-65.2399,-57.9577,0.189,208.1
2019-03-02T06:50,-65.24034,-57.958,0.164,196.3
2019-03-02T07:00,-65.24085,-57.95889,0.229,216.1
2019-03-02T07:10,-65.24131,-57.95942,0.183,205.6
2019-03-02T07:20,-65.24176,-57.9599,0.178,203.8
2019-03-02T07:30,-65.24221,-57.96033,0.175,202.1
2019-03-02T07:40,-65.24263,-57.96071,0.161,200.8
2019-03-02T07:50,-65.24305,-57.96096,0.154,193.9
2019-03-02T08:00,-65.24345,-57.96106,0.145,186.3
2019-03-02T08:10,-65.24386,-57.96127,0.151,191.9
2019-03-02T08:20,-65.24426,-57.96152,0.151,194.5
2019-03-02T08:30,-65.24472,-57.96212,0.187,208.8
2019-03-02T08:40,-65.24505,-57.96201,0.122,172.3
2019-03-02T08:50,-65.24545,-57.96216,0.143,189.5
2019-03-02T09:00,-65.24584,-57.96229,0.144,187.6
2019-03-02T09:10,-65.24627,-57.96252,0.157,192.7
2019-03-02T09:20,-65.24661,-57.96264,0.126,188.3
2019-03-02T09:30,-65.24699,-57.96266,0.137,181.1
2019-03-02T09:40,-65.24737,-57.96274,0.134,185.4
2019-03-02T09:50,-65.24772,-57.96273,0.128,179.5
2019-03-02T10:00,-65.24808,-57.96255,0.132,168.1
2019-03-02T10:10,-65.24844,-57.96278,0.135,194.6
2019-03-02T10:20,-65.2488,-57.96301,0.132,195.0
2019-03-02T10:30,-65.24915,-57.96307,0.126,184.3
2019-03-02T10:40,-65.24951,-57.96324,0.133,191.4
2019-03-02T10:50,-65.24983,-57.96323,0.116,179.3
2019-03-02T11:00,-65.25016,-57.96329,0.121,184.4
2019-03-02T11:10,-65.25052,-57.96336,0.128,184.6
2019-03-02T11:20,-65.25087,-57.96363,0.133,197.4
2019-03-02T11:30,-65.2512,-57.96368,0.12,183.8
2019-03-02T11:40,-65.25156,-57.96388,0.131,193.3
2019-03-02T11:50,-65.25192,-57.96442,0.154,211.8
2019-03-02T12:00,-65.25223,-57.96442,0.11,180.5
2019-03-02T12:10,-65.25255,-57.96469,0.122,198.8
2019-03-02T12:20,-65.25286,-57.96503,0.125,204.4
2019-03-02T12:30,-65.25317,-57.96549,0.131,212.0
2019-03-02T12:40,-65.25347,-57.96589,0.124,209.1
2019-03-02T12:50,-65.25377,-57.96633,0.127,211.9
2019-03-02T13:00,-65.2541,-57.96655,0.123,195.1
2019-03-02T13:10,-65.25431,-57.96639,0.079,162.5
2019-03-02T13:20,-65.25476,-57.96912,0.442,248.5
2019-03-02T13:30,-65.255,-57.96946,0.101,210.5
2019-03-02T13:40,-65.25532,-57.9683,0.207,122.9
2019-03-02T13:50,-65.25545,-57.96866,0.072,229.3
2019-03-02T14:00,-65.25578,-57.97027,0.27,243.8
2019-03-02T14:10,-65.25605,-57.97131,0.185,237.4
2019-03-02T14:20,-65.25633,-57.97297,0.27,248.2
2019-03-02T14:30,-65.25661,-57.97382,0.162,232.1
2019-03-02T14:40,-65.25679,-57.97365,0.07,159.3
2019-03-02T14:50,-65.25687,-57.97309,0.089,108.1
2019-03-02T15:00,-65.25724,-57.97588,0.441,252.5
2019-03-02T15:10,-65.25738,-57.97665,0.127,246.9
2019-03-02T15:20,-65.25732,-57.97483,0.275,86.1
2019-03-02T15:30,-65.25743,-57.97543,0.097,247.6
2019-03-02T15:40,-65.25765,-57.97852,0.473,260.1
2019-03-02T15:50,-65.25755,-57.97784,0.109,69.4
2019-03-02T16:00,-65.25778,-57.97993,0.327,254.9
2019-03-02T16:10,-65.2576,-57.97921,0.128,58.8
2019-03-02T16:20,-65.25763,-57.97986,0.1,262.8
2019-03-02T16:30,-65.2577,-57.98108,0.185,262.2
2019-03-02T16:40,-65.25755,-57.98097,0.059,16.8
2019-03-02T16:50,-65.25741,-57.98077,0.057,30.5
2019-03-02T17:00,-65.25727,-57.98103,0.064,322.1
2019-03-02T17:10,-65.2572,-57.98136,0.055,297.2
2019-03-02T17:20,-65.25741,-57.98306,0.267,253.8
2019-03-02T17:30,-65.25683,-57.98158,0.306,46.9
2019-03-02T17:40,-65.25671,-57.98173,0.048,332.0
2019-03-02T17:50,-65.25665,-57.98199,0.044,296.2
2019-03-02T18:00,-65.25641,-57.98152,0.115,38.4
2019-03-02T18:10,-65.25655,-57.98278,0.199,254.3
2019-03-02T18:20,-65.25593,-57.98119,0.328,47.0
2019-03-02T18:30,-65.25673,-57.98349,0.449,230.3
2019-03-02T18:40,-65.25716,-57.98446,0.213,223.8
2019-03-02T18:50,-65.25692,-57.9841,0.102,32.6
2019-03-02T19:00,-65.25697,-57.9848,0.107,260.1
2019-03-02T19:10,-65.25689,-57.9851,0.054,303.7
2019-03-02T19:20,-65.25654,-57.98454,0.149,33.8
2019-03-02T19:30,-65.25594,-57.98249,0.377,55.2
2019-03-02T19:40,-65.25586,-57.98393,0.219,277.8
2019-03-02T19:50,-65.25541,-57.9824,0.283,54.6
2019-03-02T20:00,-65.25499,-57.9809,0.272,56.3
2019-03-02T20:10,-65.25448,-57.98262,0.318,305.3
2019-03-02T20:20,-65.25392,-57.98235,0.205,11.6
2019-03-02T20:30,-65.25342,-57.98197,0.19,17.5
2019-03-02T20:40,-65.25322,-57.98531,0.509,278.1
2019-03-02T20:50,-65.25268,-57.98323,0.368,58.5
2019-03-02T21:00,-65.25189,-57.98946,0.981,286.9
2019-03-02T21:10,-65.25113,-57.98994,0.284,345.1
2019-03-02T21:20,-65.25048,-57.98924,0.256,24.7
2019-03-02T21:30,-65.25008,-57.98745,0.307,61.4
2019-03-02T21:40,-65.24985,-57.98546,0.311,75.0
2019-03-02T21:50,-65.24854,-57.9845,0.494,17.0
2019-03-02T22:00,-65.24604,-57.98358,0.91,8.7
2019-03-02T22:10,-65.24541,-57.98233,0.297,39.5
2019-03-02T22:20,-65.2449,-57.98188,0.196,20.2
2019-03-02T22:30,-65.24464,-57.9788,0.474,78.8
2019-03-02T22:40,-65.24402,-57.97887,0.222,357.3
2019-03-02T22:50,-65.24397,-57.97488,0.602,88.1
2019-03-02T23:00,-65.24293,-57.97733,0.526,315.4
2019-03-02T23:10,-65.24241,-57.97656,0.219,32.1
2019-03-02T23:20,-65.24249,-57.9723,0.643,92.3
2019-03-02T23:30,-65.24132,-57.97536,0.623,312.3
2019-03-02T23:40,-65.2408,-57.97518,0.189,8.2
2019-03-02T23:50,-65.24046,-57.97413,0.202,52.0
2019-03-03T00:00,-65.24025,-57.97213,0.31,76.0
2019-03-03T00:10,-65.23998,-57.97069,0.237,65.9
2019-03-03T00:20,-65.23959,-57.97135,0.172,324.8
2019-03-03T00:30,-65.23915,-57.97246,0.228,313.1
2019-03-03T00:40,-65.23897,-57.97114,0.21,71.8
2019-03-03T00:50,-65.23876,-57.97204,0.157,299.5
2019-03-03T01:00,-65.23848,-57.97352,0.245,294.4
2019-03-03T01:10,-65.23842,-57.97203,0.226,85.2
2019-03-03T01:20,-65.23836,-57.97472,0.406,273.3
2019-03-03T01:30,-65.23863,-57.97689,0.34,253.7
2019-03-03T01:40,-65.23857,-57.97643,0.072,72.7
2019-03-03T01:50,-65.23846,-57.97577,0.106,69.4
2019-03-03T02:00,-65.23844,-57.97597,0.031,286.7
2019-03-03T02:10,-65.23848,-57.97662,0.099,261.2
2019-03-03T02:20,-65.23852,-57.97717,0.084,261.4
2019-03-03T02:30,-65.23851,-57.97748,0.046,273.1
2019-03-03T02:40,-65.23883,-57.97955,0.334,249.6
2019-03-03T02:50,-65.23891,-57.98036,0.125,256.4
2019-03-03T03:00,-65.23885,-57.98057,0.04,305.8
2019-03-03T03:10,-65.23919,-57.98255,0.323,247.4
2019-03-03T03:20,-65.23954,-57.98428,0.29,244.3
2019-03-03T03:30,-65.23861,-57.98107,0.589,55.4
2019-03-03T03:40,-65.23902,-57.98383,0.441,250.4
2019-03-03T03:50,-65.23969,-57.9871,0.548,244.2
2019-03-03T04:00,-65.24011,-57.9892,0.351,244.1
2019-03-03T04:10,-65.23953,-57.9877,0.307,47.3
2019-03-03T04:20,-65.23957,-57.98818,0.073,259.5
2019-03-03T04:30,-65.24093,-57.99394,0.998,240.6
2019-03-03T04:40,-65.24117,-57.99552,0.253,250.0
2019-03-03T04:50,-65.24162,-57.99762,0.356,242.9
2019-03-03T05:00,-65.24119,-57.9964,0.24,50.1
2019-03-03T05:10,-65.24238,-58.0007,0.777,236.5
2019-03-03T05:20,-65.24242,-58.00118,0.073,259.5
2019-03-03T05:30,-65.24207,-57.99944,0.291,64.3
2019-03-03T05:40,-65.24387,-58.00616,1.202,237.5
2019-03-03T05:50,-65.24331,-58.00418,0.36,56.2
2019-03-03T06:00,-65.24455,-58.00824,0.758,233.9
2019-03-03T06:10,-65.24461,-58.00787,0.061,110.9
2019-03-03T06:20,-65.24634,-58.01418,1.137,236.8
2019-03-03T06:30,-65.2469,-58.01557,0.291,226.1
2019-03-03T06:40,-65.2468,-58.01375,0.276,83.1
2019-03-03T06:50,-65.24696,-58.01316,0.106,122.3
2019-03-03T07:00,-65.24849,-58.01852,0.976,235.7
2019-03-03T07:10,-65.24832,-58.0162,0.354,80.1
2019-03-03T07:20,-65.25032,-58.02277,1.225,233.9
2019-03-03T07:30,-65.25108,-58.02388,0.319,211.9
2019-03-03T07:40,-65.25163,-58.02422,0.208,194.3
2019-03-03T07:50,-65.25234,-58.02497,0.279,203.9
2019-03-03T08:00,-65.25273,-58.02385,0.219,129.5
2019-03-03T08:10,-65.25357,-58.02537,0.378,217.1
2019-03-03T08:20,-65.25498,-58.02862,0.706,224.0
2019-03-03T08:30,-65.25583,-58.02958,0.34,205.0
2019-03-03T08:40,-65.25679,-58.03091,0.398,210.2
2019-03-03T08:50,-65.25745,-58.03105,0.238,185.3
2019-03-03T09:00,-65.25803,-58.02928,0.339,128.0
2019-03-03T09:10,-65.25891,-58.03002,0.339,199.1
2019-03-03T09:20,-65.25957,-58.0302,0.237,186.8
2019-03-03T09:30,-65.26069,-58.03415,0.719,235.8
2019-03-03T09:40,-65.26112,-58.03107,0.489,108.5
2019-03-03T09:50,-65.26192,-58.03178,0.307,200.5
2019-03-03T10:00,-65.26289,-58.03364,0.449,218.7
2019-03-03T10:10,-65.26384,-58.03516,0.412,213.7
2019-03-03T10:20,-65.26447,-58.03395,0.288,141.1
2019-03-03T10:30,-65.2653,-58.0372,0.574,238.5
2019-03-03T10:40,-65.2659,-58.03814,0.256,213.4
2019-03-03T10:50,-65.26686,-58.03597,0.477,136.7
2019-03-03T11:00,-65.26708,-58.03926,0.503,261.0
2019-03-03T11:10,-65.26771,-58.0397,0.237,195.9
2019-03-03T11:20,-65.26856,-58.03892,0.327,159.1
2019-03-03T11:30,-65.26917,-58.03945,0.233,200.2
2019-03-03T11:40,-65.26982,-58.0395,0.236,181.8
2019-03-03T11:50,-65.26996,-58.04245,0.447,263.7
2019-03-03T12:00,-65.27066,-58.04609,0.604,245.3
2019-03-03T12:10,-65.27114,-58.04484,0.256,132.6
2019-03-03T12:20,-65.27195,-58.04723,0.463,231.1
2019-03-03T12:30,-65.27254,-58.04725,0.214,180.6
2019-03-03T12:40,-65.27286,-58.04516,0.334,110.2
2019-03-03T12:50,-65.27377,-58.04867,0.622,238.2
2019-03-03T13:00,-65.27409,-58.04727,0.24,118.2
2019-03-03T13:10,-65.27475,-58.04901,0.355,227.4
2019-03-03T13:20,-65.27523,-58.05046,0.276,232.2
2019-03-03T13:30,-65.27559,-58.04876,0.288,117.4
2019-03-03T13:40,-65.27589,-58.04892,0.109,192.8
2019-03-03T13:50,-65.27641,-58.05035,0.286,229.0
2019-03-03T14:00,-65.27675,-58.05113,0.17,223.4
2019-03-03T14:10,-65.27727,-58.05442,0.53,249.4
2019-03-03T14:20,-65.27733,-58.05253,0.286,93.8
2019-03-03T14:30,-65.2776,-58.05378,0.213,241.9
2019-03-03T14:40,-65.27803,-58.05651,0.44,249.4
2019-03-03T14:50,-65.27813,-58.05499,0.232,98.5
2019-03-03T15:00,-65.27839,-58.05702,0.32,252.9
2019-03-03T15:10,-65.2785,-58.05762,0.099,247.5
2019-03-03T15:20,-65.279,-58.06037,0.452,246.2
2019-03-03T15:30,-65.27897,-58.06015,0.035,72.5
2019-03-03T15:40,-65.27875,-58.05932,0.148,57.5
2019-03-03T15:50,-65.27948,-58.0626,0.56,242.2
2019-03-03T16:00,-65.27936,-58.06201,0.099,64.0
2019-03-03T16:10,-65.27925,-58.06136,0.106,68.1
2019-03-03T16:20,-65.27938,-58.06182,0.084,235.5
2019-03-03T16:30,-65.27976,-58.06583,0.619,257.2
2019-03-03T16:40,-65.27962,-58.06639,0.097,300.1
2019-03-03T16:50,-65.2796,-58.06666,0.042,283.4
2019-03-03T17:00,-65.2794,-58.06614,0.105,47.4
2019-03-03T17:10,-65.27966,-58.06777,0.263,248.9
2019-03-03T17:20,-65.27894,-58.06586,0.387,48.0
2019-03-03T17:30,-65.27924,-58.06898,0.481,257.1
2019-03-03T17:40,-65.27905,-58.06858,0.091,41.1
2019-03-03T17:50,-65.27879,-58.06867,0.094,351.6
2019-03-03T18:00,-65.27838,-58.06693,0.3,60.5
2019-03-03T18:10,-65.27815,-58.06638,0.118,45.5
2019-03-03T18:20,-65.27786,-58.06658,0.11,344.1
2019-03-03T18:30,-65.2783,-58.07048,0.609,255.0
2019-03-03T18:40,-65.27823,-58.07112,0.099,282.8
2019-03-03T18:50,-65.27728,-58.06827,0.549,51.4
2019-03-03T19:00,-65.27654,-58.06572,0.468,55.3
2019-03-03T19:10,-65.27619,-58.06524,0.145,29.6
2019-03-03T19:20,-65.2758,-58.06467,0.167,31.0
2019-03-03T19:30,-65.27605,-58.06721,0.393,256.7
2019-03-03T19:40,-65.27636,-58.07049,0.506,257.2
2019-03-03T19:50,-65.27596,-58.07035,0.143,8.4
2019-03-03T20:00,-65.27516,-58.06673,0.616,62.1
2019-03-03T20:10,-65.2745,-58.06439,0.426,55.9
2019-03-03T20:20,-65.27454,-58.0678,0.514,268.4
2019-03-03T20:30,-65.27393,-58.06541,0.421,58.6
2019-03-03T20:40,-65.27428,-58.0711,0.866,261.7
2019-03-03T20:50,-65.27403,-58.07197,0.159,305.1
2019-03-03T21:00,-65.27363,-58.07136,0.168,33.1
2019-03-03T21:10,-65.27288,-58.06791,0.587,62.3
2019-03-03T21:20,-65.27242,-58.06654,0.262,51.6
2019-03-03T21:30,-65.27191,-58.06469,0.336,56.4
2019-03-03T21:40,-65.27139,-58.06277,0.344,56.9
2019-03-03T21:50,-65.27074,-58.05997,0.481,61.2
2019-03-03T22:00,-65.2703,-58.05949,0.177,24.5
2019-03-03T22:10,-65.26985,-58.05624,0.515,71.7
2019-03-03T22:20,-65.26945,-58.0592,0.469,287.9
2019-03-03T22:30,-65.2689,-58.05626,0.484,66.0
2019-03-03T22:40,-65.26735,-58.05564,0.566,9.6
2019-03-03T22:50,-65.26463,-58.0554,0.979,2.1
2019-03-03T23:00,-65.25984,-58.05535,1.725,0.2
2019-03-03T23:10,-65.25619,-58.06304,1.752,318.6
2019-03-03T23:20,-65.24473,-58.09345,6.167,312.0
2019-03-03T23:30,-65.22834,-58.13499,8.607,313.3
2019-03-03T23:40,-65.21274,-58.17333,8.063,314.1
2019-03-03T23:50,-65.2056,-58.22596,8.351,287.9
2019-03-04T00:00,-65.19176,-58.24489,5.743,330.1
2019-03-04T00:10,-65.19024,-58.24453,0.549,5.6
2019-03-04T00:20,-65.19012,-58.24236,0.331,82.2
2019-03-04T00:30,-65.18977,-58.24065,0.287,64.3
2019-03-04T00:40,-65.18944,-58.23904,0.27,63.9
2019-03-04T00:50,-65.18909,-58.23749,0.266,61.7
2019-03-04T01:00,-65.18874,-58.236,0.258,60.8
2019-03-04T01:10,-65.1884,-58.23465,0.239,58.9
2019-03-04T01:20,-65.1881,-58.23341,0.216,60.4
2019-03-04T01:30,-65.18783,-58.23229,0.195,59.7
2019-03-04T01:40,-65.1876,-58.23127,0.174,61.9
2019-03-04T01:50,-65.18738,-58.23031,0.166,61.2
2019-03-04T02:00,-65.18722,-58.22935,0.155,68.9
2019-03-04T02:10,-65.18717,-58.22844,0.139,81.5
2019-03-04T02:20,-65.18718,-58.22751,0.14,92.4
2019-03-04T02:30,-65.18722,-58.22679,0.11,97.7
2019-03-04T02:40,-65.18725,-58.22618,0.093,96.4
2019-03-04T02:50,-65.18724,-58.22576,0.063,83.8
2019-03-04T03:00,-65.18722,-58.22552,0.037,81.5
2019-03-04T03:10,-65.18721,-58.22539,0.021,75.8
2019-03-04T03:20,-65.1872,-58.22535,0.007,71.2
2019-03-04T03:30,-65.18718,-58.22536,0.007,338.4
2019-03-04T03:40,-65.1871,-58.22546,0.034,335.6
2019-03-04T03:50,-65.18699,-58.22555,0.039,338.5
2019-03-04T04:00,-65.18689,-58.22585,0.06,311.4
2019-03-04T04:10,-65.18684,-58.2265,0.099,278.8
2019-03-04T04:20,-65.18689,-58.22696,0.072,255.6
2019-03-04T04:30,-65.18693,-58.2275,0.082,259.9
2019-03-04T04:40,-65.18699,-58.22813,0.097,258.5
2019-03-04T04:50,-65.18709,-58.22871,0.096,246.5
2019-03-04T05:00,-65.1872,-58.22919,0.082,242.8
2019-03-04T05:10,-65.18732,-58.22989,0.115,247.1
2019-03-04T05:20,-65.18744,-58.23082,0.146,253.3
2019-03-04T05:30,-65.18622,-58.23411,0.662,311.3
2019-03-04T05:40,-65.18649,-58.23569,0.257,248.0
2019-03-04T05:50,-65.18596,-58.23736,0.317,307.3
2019-03-04T06:00,-65.18553,-58.23795,0.177,330.0
2019-03-04T06:10,-65.18499,-58.2345,0.557,69.5
2019-03-04T06:20,-65.17972,-58.22878,2.086,24.5
2019-03-04T06:30,-65.16912,-58.23579,3.962,344.5
2019-03-04T06:40,-65.16721,-58.23906,0.847,324.2
2019-03-04T06:50,-65.16672,-58.24218,0.502,290.4
2019-03-04T07:00,-65.16701,-58.243,0.163,229.9
2019-03-04T07:10,-65.16733,-58.24379,0.164,226.4
2019-03-04T07:20,-65.16764,-58.24449,0.157,222.8
2019-03-04T07:30,-65.16796,-58.24511,0.148,219.2
2019-03-04T07:40,-65.1683,-58.2457,0.15,216.8
2019-03-04T07:50,-65.16863,-58.24621,0.142,212.8
2019-03-04T08:00,-65.16897,-58.24664,0.139,207.9
2019-03-04T08:10,-65.1693,-58.24698,0.131,203.2
2019-03-04T08:20,-65.16966,-58.24726,0.135,198.3
2019-03-04T08:30,-65.17014,-58.24728,0.172,181.0
2019-03-04T08:40,-65.17077,-58.24666,0.246,157.4
2019-03-04T08:50,-65.1712,-58.2466,0.155,176.6
2019-03-04T09:00,-65.17146,-58.24675,0.097,194.3
2019-03-04T09:10,-65.17187,-58.24652,0.151,166.3
2019-03-04T09:20,-65.17216,-58.24655,0.106,182.4
2019-03-04T09:30,-65.17249,-58.24642,0.121,171.1
2019-03-04T09:40,-65.17308,-58.24541,0.262,144.1
2019-03-04T09:50,-65.17322,-58.24574,0.069,226.0
2019-03-04T10:00,-65.17354,-58.24547,0.122,160.8
2019-03-04T10:10,-65.1739,-58.24503,0.145,152.9
2019-03-04T10:20,-65.17426,-58.24449,0.155,148.1
2019-03-04T10:30,-65.17453,-58.24412,0.113,149.6
2019-03-04T10:40,-65.17511,-58.24257,0.313,131.8
2019-03-04T10:50,-65.17498,-58.24333,0.124,292.8
2019-03-04T11:00,-65.17545,-58.24089,0.406,114.8
2019-03-04T11:10,-65.16731,-58.21101,5.384,57.0
2019-03-04T11:20,-65.15139,-58.1873,6.761,32.0
2019-03-04T11:30,-65.13906,-58.15944,6.124,43.5
2019-03-04T11:40,-65.1357,-58.15404,1.46,34.1
2019-03-04T11:50,-65.12272,-58.13494,5.496,31.8
2019-03-04T12:00,-65.10833,-58.09328,8.167,50.6
2019-03-04T12:10,-65.08674,-58.06487,8.885,29.0
2019-03-04T12:20,-65.08153,-58.05415,2.483,40.9
2019-03-04T12:30,-65.06894,-58.01089,7.976,55.4
2019-03-04T12:40,-65.04987,-57.98636,7.812,28.5
2019-03-04T12:50,-65.03047,-57.96203,7.903,27.9
2019-03-04T13:00,-65.01501,-57.92183,8.268,47.7
2019-03-04T13:10,-65.00095,-57.88045,8.078,51.2
2019-03-04T13:20,-64.99418,-57.83719,7.019,69.7
2019-03-04T13:30,-64.98772,-57.78439,8.368,73.9
2019-03-04T13:40,-64.98089,-57.72727,9.036,74.2
2019-03-04T13:50,-64.97343,-57.69455,5.66,61.7
2019-03-04T14:00,-64.9765,-57.68048,2.411,117.3
2019-03-04T14:10,-64.97764,-57.67964,0.431,162.6
2019-03-04T14:20,-64.97804,-57.67848,0.227,128.6
2019-03-04T14:30,-64.97839,-57.67736,0.211,126.3
2019-03-04T14:40,-64.9786,-57.67607,0.212,111.7
2019-03-04T14:50,-64.97658,-57.69347,2.748,285.4
2019-03-04T15:00,-64.98252,-57.75072,8.977,256.2
2019-03-04T15:10,-64.98416,-57.75409,0.783,221.0
2019-03-04T15:20,-64.984,-57.74845,0.861,86.3
2019-03-04T15:30,-64.98368,-57.7516,0.494,283.6
2019-03-04T15:40,-64.98341,-57.752,0.114,328.1
2019-03-04T15:50,-64.98328,-57.75172,0.063,42.1
2019-03-04T16:00,-64.98364,-57.75218,0.144,209.0
2019-03-04T16:10,-64.98346,-57.75119,0.163,67.3
2019-03-04T16:20,-64.9835,-57.75096,0.038,110.2
2019-03-04T16:30,-64.9836,-57.75064,0.06,127.4
2019-03-04T16:40,-64.98373,-57.75023,0.078,127.0
2019-03-04T16:50,-64.98087,-57.72107,4.558,77.0
2019-03-04T17:00,-64.9785,-57.66379,8.764,84.4
2019-03-04T17:10,-64.97747,-57.66239,0.43,29.8
2019-03-04T17:20,-64.97849,-57.65872,0.67,123.5
2019-03-04T17:30,-64.97822,-57.65754,0.205,60.7
2019-03-04T17:40,-64.97322,-57.66519,2.142,327.0
2019-03-04T17:50,-64.98151,-57.72706,9.883,252.4
2019-03-04T18:00,-64.98317,-57.75324,4.032,261.5
2019-03-04T18:10,-64.98312,-57.75653,0.501,272.2
2019-03-04T18:20,-64.9836,-57.74771,1.354,97.3
2019-03-04T18:30,-64.98378,-57.75147,0.576,263.4
2019-03-04T18:40,-64.98333,-57.75183,0.171,341.0
2019-03-04T18:50,-64.98342,-57.75097,0.135,103.6
2019-03-04T19:00,-64.98334,-57.75001,0.148,78.5
2019-03-04T19:10,-64.98325,-57.75119,0.181,280.4
2019-03-04T19:20,-64.98347,-57.75286,0.268,252.2
2019-03-04T19:30,-64.9836,-57.75225,0.104,116.7
2019-03-04T19:40,-64.98355,-57.75258,0.055,293.3
2019-03-04T19:50,-64.98337,-57.75287,0.076,325.0
2019-03-04T20:00,-64.98309,-57.75218,0.144,46.3
2019-03-04T20:10,-64.98232,-57.7503,0.401,45.7
2019-03-04T20:20,-64.98157,-57.74789,0.455,53.7
2019-03-04T20:30,-64.98069,-57.74679,0.359,27.7
2019-03-04T20:40,-64.97979,-57.74668,0.324,3.1
2019-03-04T20:50,-64.97898,-57.74576,0.321,25.8
2019-03-04T21:00,-64.97826,-57.74567,0.262,3.0
2019-03-04T21:10,-64.97753,-57.74341,0.434,52.7
2019-03-04T21:20,-64.97659,-57.74056,0.55,52.1
2019-03-04T21:30,-64.97558,-57.73781,0.553,49.2
2019-03-04T21:40,-64.97471,-57.73581,0.439,43.9
2019-03-04T21:50,-64.97381,-57.73378,0.446,43.9
2019-03-04T22:00,-64.97295,-57.73174,0.44,45.0
2019-03-04T22:10,-64.97212,-57.72951,0.454,48.7
2019-03-04T22:20,-64.97127,-57.72738,0.446,46.7
2019-03-04T22:30,-64.97051,-57.72535,0.412,48.5
2019-03-04T22:40,-64.96781,-57.72801,1.053,337.4
2019-03-04T22:50,-64.965,-57.6937,5.325,79.1
2019-03-04T23:00,-64.96626,-57.65514,5.891,94.4
2019-03-04T23:10,-64.95626,-57.6229,6.09,53.8
2019-03-04T23:20,-64.95049,-57.58758,5.773,68.9
2019-03-04T23:30,-64.94047,-57.55386,6.28,55.0
2019-03-04T23:40,-64.94047,-57.51568,5.822,90.0
2019-03-04T23:50,-64.93209,-57.48263,5.875,59.1
2019-03-05T00:00,-64.9327,-57.4723,1.592,98.0
2019-03-05T00:10,-64.93213,-57.47006,0.397,59.0
2019-03-05T00:20,-64.93196,-57.46615,0.6,83.9
2019-03-05T00:30,-64.93178,-57.46222,0.603,83.9
2019-03-05T00:40,-64.93,-57.46362,0.673,341.6
2019-03-05T00:50,-64.9286,-57.46534,0.568,332.4
2019-03-05T01:00,-64.92871,-57.46303,0.354,96.4
2019-03-05T01:10,-64.92919,-57.48356,3.136,266.9
2019-03-05T01:20,-64.93078,-57.5116,4.316,262.3
2019-03-05T01:30,-64.93209,-57.52778,2.513,259.2
2019-03-05T01:40,-64.93692,-57.55891,5.056,249.9
2019-03-05T01:50,-64.94313,-57.5836,4.38,239.3
2019-03-05T02:00,-64.94528,-57.60109,2.777,253.8
2019-03-05T02:10,-64.9449,-57.60005,0.21,49.4
2019-03-05T02:20,-64.94446,-57.59885,0.243,48.6
2019-03-05T02:30,-64.944,-57.59252,0.979,80.3
2019-03-05T02:40,-64.94467,-57.60772,2.329,264.0
2019-03-05T02:50,-64.94416,-57.60837,0.207,331.2
2019-03-05T03:00,-64.94406,-57.6132,0.738,272.8
2019-03-05T03:10,-64.94491,-57.61612,0.541,235.4
2019-03-05T03:20,-64.9509,-57.62263,2.372,204.7
2019-03-05T03:30,-64.9508,-57.62405,0.22,279.2
2019-03-05T03:40,-64.95317,-57.63523,1.906,243.4
2019-03-05T03:50,-64.95252,-57.6353,0.234,357.5
2019-03-05T04:00,-64.95157,-57.64052,0.866,293.2
2019-03-05T04:10,-64.94102,-57.63264,3.982,17.6
2019-03-05T04:20,-64.94054,-57.6243,1.284,82.1
2019-03-05T04:30,-64.93919,-57.61858,0.999,60.9
2019-03-05T04:40,-64.93742,-57.61419,0.924,46.4
2019-03-05T04:50,-64.93688,-57.61343,0.226,30.5
2019-03-05T05:00,-64.93742,-57.61594,0.43,242.8
2019-03-05T05:10,-64.93545,-57.61056,1.084,49.2
2019-03-05T05:20,-64.9358,-57.6123,0.293,245.0
2019-03-05T05:30,-64.93494,-57.60824,0.692,63.5
2019-03-05T05:40,-64.93483,-57.60878,0.091,294.8
2019-03-05T05:50,-64.93489,-57.607,0.274,94.5
2019-03-05T06:00,-64.93302,-57.59526,1.913,69.4
2019-03-05T06:10,-64.9318,-57.5783,2.624,80.4
2019-03-05T06:20,-64.93236,-57.57935,0.256,218.5
2019-03-05T06:30,-64.92507,-57.57861,2.627,2.4
2019-03-05T06:40,-64.92132,-57.57066,1.814,42.0
2019-03-05T06:50,-64.92245,-57.53855,4.919,94.8
2019-03-05T07:00,-64.91743,-57.52113,3.214,55.8
2019-03-05T07:10,-64.91721,-57.54176,3.149,271.4
2019-03-05T07:20,-64.92508,-57.56533,4.58,231.8
2019-03-05T07:30,-64.92433,-57.58683,3.292,274.7
2019-03-05T07:40,-64.92486,-57.59483,1.235,261.1
2019-03-05T07:50,-64.92826,-57.6249,4.749,255.1
2019-03-05T08:00,-64.93206,-57.64469,3.315,245.6
2019-03-05T08:10,-64.94418,-57.65599,4.69,201.5
2019-03-05T08:20,-64.95165,-57.65576,2.691,179.3
2019-03-05T08:30,-64.94313,-57.6602,3.141,347.5
2019-03-05T08:40,-64.94767,-57.64508,2.825,125.3
2019-03-05T08:50,-64.94133,-57.60434,6.618,69.8
2019-03-05T09:00,-64.92764,-57.55137,9.465,58.6
2019-03-05T09:10,-64.92334,-57.49988,8.008,78.9
2019-03-05T09:20,-64.92058,-57.48483,2.504,66.5
2019-03-05T09:30,-64.92186,-57.43416,7.747,93.4
2019-03-05T09:40,-64.91675,-57.38821,7.25,75.3
2019-03-05T09:50,-64.91068,-57.37528,2.947,42.1
2019-03-05T10:00,-64.90169,-57.40967,6.168,301.6
2019-03-05T10:10,-64.89746,-57.42078,2.281,311.9
2019-03-05T10:20,-64.90479,-57.40721,3.355,141.9
2019-03-05T10:30,-64.9173,-57.39353,4.966,155.1
2019-03-05T10:40,-64.92292,-57.43509,6.658,252.3
2019-03-05T10:50,-64.92211,-57.48151,7.09,272.3
2019-03-05T11:00,-64.92795,-57.53798,8.87,256.3
2019-03-05T11:10,-64.94044,-57.58616,8.615,238.5
2019-03-05T11:20,-64.95292,-57.62903,7.93,235.5
2019-03-05T11:30,-64.95419,-57.68187,8.067,266.7
2019-03-05T11:40,-64.96218,-57.71689,6.064,241.7
2019-03-05T11:50,-64.96619,-57.76419,7.35,258.7
2019-03-05T12:00,-64.97821,-57.77671,4.729,203.8
2019-03-05T12:10,-64.98007,-57.77735,0.679,188.2
2019-03-05T12:20,-64.98009,-57.7764,0.144,92.3
2019-03-05T12:30,-64.98,-57.7758,0.098,70.3
2019-03-05T12:40,-64.9796,-57.77522,0.168,31.8
2019-03-05T12:50,-64.97928,-57.77444,0.166,45.2
2019-03-05T13:00,-64.97915,-57.77404,0.075,54.1
2019-03-05T13:10,-64.97872,-57.77353,0.174,26.7
2019-03-05T13:20,-64.97883,-57.77307,0.08,118.7
2019-03-05T13:30,-64.97848,-57.77287,0.131,13.3
2019-03-05T13:40,-64.97808,-57.77248,0.156,22.2
2019-03-05T13:50,-64.97754,-57.77222,0.195,12.0
2019-03-05T14:00,-64.9773,-57.77188,0.102,30.4
2019-03-05T14:10,-64.97693,-57.77162,0.138,16.6
2019-03-05T14:20,-64.97686,-57.77203,0.069,293.4
2019-03-05T14:30,-64.97686,-57.77271,0.103,268.4
2019-03-05T14:40,-64.97686,-57.77349,0.118,270.5
2019-03-05T14:50,-64.97681,-57.77431,0.126,278.5
2019-03-05T15:00,-64.97621,-57.77441,0.217,356.0
2019-03-05T15:10,-64.97641,-57.77584,0.23,251.7
2019-03-05T15:20,-64.97704,-57.77768,0.362,230.9
2019-03-05T15:30,-64.9768,-57.77852,0.154,304.4
2019-03-05T15:40,-64.97651,-57.77938,0.17,309.2
2019-03-05T15:50,-64.97625,-57.78029,0.167,304.0
2019-03-05T16:00,-64.97587,-57.78173,0.258,301.8
2019-03-05T16:10,-64.97582,-57.78283,0.169,276.3
2019-03-05T16:20,-64.9748,-57.78283,0.365,0.1
2019-03-05T16:30,-64.97456,-57.78391,0.187,298.0
2019-03-05T16:40,-64.97483,-57.78535,0.24,246.1
2019-03-05T16:50,-64.97427,-57.786,0.225,333.9
2019-03-05T17:00,-64.97391,-57.78695,0.194,312.0
2019-03-05T17:10,-64.97382,-57.78799,0.162,281.5
2019-03-05T17:20,-64.97363,-57.78901,0.169,293.9
2019-03-05T17:30,-64.97595,-57.79347,1.079,219.1
2019-03-05T17:40,-64.9778,-57.79996,1.191,236.0
2019-03-05T17:50,-64.97763,-57.80125,0.206,287.5
2019-03-05T18:00,-64.97762,-57.8027,0.221,270.7
2019-03-05T18:10,-64.97781,-57.80437,0.263,255.3
2019-03-05T18:20,-64.97686,-57.80427,0.34,2.4
2019-03-05T18:30,-64.97732,-57.81197,1.184,262.0
2019-03-05T18:40,-64.97493,-57.80062,1.932,63.6
2019-03-05T18:50,-64.97719,-57.8203,3.106,254.8
2019-03-05T19:00,-64.9724,-57.79932,3.63,61.7
2019-03-05T19:10,-64.9709,-57.79855,0.553,12.2
2019-03-05T19:20,-64.9711,-57.80015,0.254,253.5
2019-03-05T19:30,-64.97155,-57.80214,0.342,242.2
2019-03-05T19:40,-64.97245,-57.80853,1.028,251.5
2019-03-05T19:50,-64.9727,-57.80972,0.202,243.7
2019-03-05T20:00,-64.97239,-57.81034,0.146,319.8
2019-03-05T20:10,-64.97243,-57.81027,0.017,142.5
2019-03-05T20:20,-64.97217,-57.81004,0.098,21.1
2019-03-05T20:30,-64.97053,-57.80809,0.661,26.7
2019-03-05T20:40,-64.96922,-57.80332,0.868,56.9
2019-03-05T20:50,-64.9679,-57.80034,0.657,43.7
2019-03-05T21:00,-64.96256,-57.79693,1.992,15.1
2019-03-05T21:10,-64.96728,-57.79949,1.746,192.9
2019-03-05T21:20,-64.96513,-57.84069,6.326,277.0
2019-03-05T21:30,-64.96462,-57.83754,0.515,69.1
2019-03-05T21:40,-64.96507,-57.82832,1.414,96.7
2019-03-05T21:50,-64.96509,-57.82522,0.472,90.5
2019-03-05T22:00,-64.96596,-57.81709,1.278,104.2
2019-03-05T22:10,-64.96539,-57.81287,0.676,72.4
2019-03-05T22:20,-64.96431,-57.80869,0.745,58.6
2019-03-05T22:30,-64.96339,-57.80461,0.704,62.0
2019-03-05T22:40,-64.96273,-57.80262,0.388,51.6
2019-03-05T22:50,-64.96206,-57.80056,0.393,52.8
2019-03-05T23:00,-64.96292,-57.79651,0.69,116.6
2019-03-05T23:10,-64.95943,-57.81301,2.81,296.6
2019-03-05T23:20,-64.95949,-57.81571,0.413,267.2
2019-03-05T23:30,-64.95882,-57.81337,0.431,56.0
2019-03-05T23:40,-64.95796,-57.8113,0.441,45.7
2019-03-05T23:50,-64.95737,-57.80919,0.386,56.3
2019-03-06T00:00,-64.95671,-57.80703,0.407,54.2
2019-03-06T00:10,-64.95608,-57.80486,0.399,55.5
2019-03-06T00:20,-64.95549,-57.80273,0.39,56.8
2019-03-06T00:30,-64.95491,-57.80064,0.379,57.1
2019-03-06T00:40,-64.95423,-57.79857,0.399,52.2
2019-03-06T00:50,-64.95367,-57.7966,0.364,55.7
2019-03-06T01:00,-64.95306,-57.79466,0.367,53.6
2019-03-06T01:10,-64.95243,-57.79283,0.361,50.7
2019-03-06T01:20,-64.95181,-57.79099,0.357,51.6
2019-03-06T01:30,-64.95119,-57.78881,0.401,56.2
2019-03-06T01:40,-64.95071,-57.78714,0.307,55.9
2019-03-06T01:50,-64.95018,-57.78579,0.282,47.1
2019-03-06T02:00,-64.94963,-57.7845,0.278,45.0
2019-03-06T02:10,-64.94908,-57.78343,0.258,39.1
2019-03-06T02:20,-64.94874,-57.78246,0.192,50.5
2019-03-06T02:30,-64.94334,-57.78048,1.967,8.8
2019-03-06T02:40,-64.94752,-57.77979,1.509,176.0
2019-03-06T02:50,-64.94511,-57.78467,1.142,319.4
2019-03-06T03:00,-64.9446,-57.78417,0.199,22.3
2019-03-06T03:10,-64.94365,-57.78626,0.468,317.2
2019-03-06T03:20,-64.94347,-57.78523,0.17,67.0
2019-03-06T03:30,-64.94258,-57.78557,0.324,350.7
2019-03-06T03:40,-64.942,-57.78605,0.22,340.8
2019-03-06T03:50,-64.94168,-57.78652,0.136,327.7
2019-03-06T04:00,-64.94136,-57.78703,0.137,326.1
2019-03-06T04:10,-64.94092,-57.78769,0.188,327.3
2019-03-06T04:20,-64.94047,-57.78847,0.202,324.2
2019-03-06T04:30,-64.94004,-57.78929,0.197,320.8
2019-03-06T04:40,-64.93964,-57.79011,0.192,319.4
2019-03-06T04:50,-64.93928,-57.79102,0.19,313.2
2019-03-06T05:00,-64.93887,-57.792,0.21,314.5
2019-03-06T05:10,-64.93846,-57.79301,0.214,313.9
2019-03-06T05:20,-64.93803,-57.79404,0.219,314.0
2019-03-06T05:30,-64.93758,-57.79512,0.232,314.4
2019-03-06T05:40,-64.93711,-57.79617,0.233,316.6
2019-03-06T05:50,-64.93665,-57.79722,0.232,316.3
2019-03-06T06:00,-64.93616,-57.79826,0.235,317.9
2019-03-06T06:10,-64.93573,-57.79917,0.208,317.9
2019-03-06T06:20,-64.93533,-57.80014,0.208,314.9
2019-03-06T06:30,-64.93487,-57.80123,0.234,314.6
2019-03-06T06:40,-64.93442,-57.80239,0.239,312.3
2019-03-06T06:50,-64.93399,-57.80357,0.238,310.9
2019-03-06T07:00,-64.93357,-57.80475,0.235,310.2
2019-03-06T07:10,-64.93314,-57.80597,0.242,309.8
2019-03-06T07:20,-64.93272,-57.80718,0.237,309.0
2019-03-06T07:30,-64.93232,-57.80839,0.235,308.1
2019-03-06T07:40,-64.93193,-57.80953,0.222,308.4
2019-03-06T07:50,-64.93157,-57.81061,0.21,308.4
2019-03-06T08:00,-64.93121,-57.81161,0.201,310.6
2019-03-06T08:10,-64.93087,-57.81259,0.194,309.2
2019-03-06T08:20,-64.93054,-57.81355,0.188,308.9
2019-03-06T08:30,-64.93023,-57.81446,0.177,308.8
2019-03-06T08:40,-64.92994,-57.81529,0.166,309.7
2019-03-06T08:50,-64.92968,-57.81605,0.148,308.8
2019-03-06T09:00,-64.92945,-57.81673,0.134,308.6
2019-03-06T09:10,-64.92924,-57.81734,0.12,309.8
2019-03-06T09:20,-64.92904,-57.81787,0.108,310.8
2019-03-06T09:30,-64.92887,-57.81833,0.094,311.7
2019-03-06T09:40,-64.92864,-57.81878,0.107,320.7
2019-03-06T09:50,-64.92854,-57.81909,0.059,305.4
2019-03-06T10:00,-64.92848,-57.81931,0.041,305.9
2019-03-06T10:10,-64.92839,-57.81953,0.045,310.2
2019-03-06T10:20,-64.92872,-57.81901,0.141,145.1
2019-03-06T10:30,-64.92882,-57.81906,0.037,193.1
2019-03-06T10:40,-64.92812,-57.81972,0.271,338.3
2019-03-06T10:50,-64.92808,-57.81974,0.014,345.9
2019-03-06T11:00,-64.92761,-57.8196,0.171,7.2
2019-03-06T11:10,-64.92811,-57.81973,0.18,186.2
2019-03-06T11:20,-64.92736,-57.81921,0.279,16.2
2019-03-06T11:30,-64.92635,-57.81671,0.529,46.2
2019-03-06T11:40,-64.92548,-57.81059,0.986,71.5
2019-03-06T11:50,-64.92556,-57.80907,0.233,97.2
2019-03-06T12:00,-64.92542,-57.8095,0.082,307.7
2019-03-06T12:10,-64.92612,-57.8067,0.496,120.8
2019-03-06T12:20,-64.92704,-57.80542,0.382,149.2
2019-03-06T12:30,-64.93022,-57.805,1.149,176.8
2019-03-06T12:40,-64.93158,-57.80982,0.882,236.3
2019-03-06T12:50,-64.93112,-57.80763,0.373,63.5
2019-03-06T13:00,-64.93164,-57.81066,0.499,247.8
2019-03-06T13:10,-64.93157,-57.81027,0.064,64.8
2019-03-06T13:20,-64.93122,-57.81569,0.835,278.7
2019-03-06T13:30,-64.93129,-57.8155,0.039,133.9
2019-03-06T13:40,-64.93137,-57.81287,0.402,94.2
2019-03-06T13:50,-64.93144,-57.81814,0.804,268.3
2019-03-06T14:00,-64.93119,-57.81567,0.387,76.8
2019-03-06T14:10,-64.93129,-57.81693,0.196,259.7
2019-03-06T14:20,-64.93117,-57.81616,0.125,69.4
2019-03-06T14:30,-64.9311,-57.81606,0.03,33.1
2019-03-06T14:40,-64.93098,-57.81595,0.048,21.1
2019-03-06T14:50,-64.93083,-57.8159,0.052,7.2
2019-03-06T15:00,-64.93073,-57.81579,0.041,26.1
2019-03-06T15:10,-64.93057,-57.81575,0.057,5.7
2019-03-06T15:20,-64.93036,-57.81579,0.079,355.8
2019-03-06T15:30,-64.93015,-57.81617,0.094,321.4
2019-03-06T15:40,-64.92987,-57.81632,0.102,347.7
2019-03-06T15:50,-64.92955,-57.81649,0.118,346.7
2019-03-06T16:00,-64.92922,-57.81666,0.124,348.2
2019-03-06T16:10,-64.92884,-57.81703,0.148,337.1
2019-03-06T16:20,-64.92841,-57.81753,0.172,334.2
2019-03-06T16:30,-64.92807,-57.81788,0.133,336.2
2019-03-06T16:40,-64.92778,-57.81824,0.116,332.1
2019-03-06T16:50,-64.9274,-57.81855,0.146,340.9
2019-03-06T17:00,-64.92695,-57.81895,0.173,339.5
2019-03-06T17:10,-64.92643,-57.81949,0.204,336.2
2019-03-06T17:20,-64.92587,-57.82007,0.221,336.0
2019-03-06T17:30,-64.92532,-57.82061,0.215,337.6
2019-03-06T17:40,-64.92484,-57.82099,0.183,341.6
2019-03-06T17:50,-64.92432,-57.82137,0.195,342.7
2019-03-06T18:00,-64.92374,-57.82181,0.218,342.1
2019-03-06T18:10,-64.92313,-57.82227,0.232,342.4
2019-03-06T18:20,-64.92248,-57.82279,0.248,341.2
2019-03-06T18:30,-64.92179,-57.82334,0.261,341.3
2019-03-06T18:40,-64.92106,-57.82394,0.276,340.8
2019-03-06T18:50,-64.92031,-57.82458,0.288,339.9
2019-03-06T19:00,-64.91954,-57.82519,0.292,341.7
2019-03-06T19:10,-64.91876,-57.82578,0.297,342.2
2019-03-06T19:20,-64.91794,-57.82634,0.304,343.8
2019-03-06T19:30,-64.91711,-57.82684,0.309,345.5
2019-03-06T19:40,-64.91629,-57.82731,0.304,346.4
2019-03-06T19:50,-64.91551,-57.82766,0.286,349.1
2019-03-06T20:00,-64.91476,-57.82774,0.271,357.5
2019-03-06T20:10,-64.91399,-57.8279,0.278,355.0
2019-03-06T20:20,-64.91326,-57.82809,0.263,353.6
2019-03-06T20:30,-64.91261,-57.82811,0.235,359.2
2019-03-06T20:40,-64.9119,-57.82734,0.282,24.7
2019-03-06T20:50,-64.91127,-57.82719,0.228,5.9
2019-03-06T21:00,-64.91063,-57.82709,0.23,3.6
2019-03-06T21:10,-64.91,-57.82676,0.234,12.4
2019-03-06T21:20,-64.90936,-57.82638,0.235,14.3
2019-03-06T21:30,-64.90879,-57.82586,0.223,21.0
2019-03-06T21:40,-64.90823,-57.82532,0.217,22.4
2019-03-06T21:50,-64.90773,-57.8249,0.193,19.3
2019-03-06T22:00,-64.90721,-57.82425,0.211,28.1
2019-03-06T22:10,-64.90676,-57.8235,0.198,35.2
2019-03-06T22:20,-64.90637,-57.82267,0.19,42.2
2019-03-06T22:30,-64.90597,-57.82183,0.192,41.9
2019-03-06T22:40,-64.90563,-57.8209,0.188,48.9
2019-03-06T22:50,-64.90516,-57.81998,0.22,39.6
2019-03-06T23:00,-64.90466,-57.81906,0.226,38.4
2019-03-06T23:10,-64.90421,-57.81812,0.217,41.1
2019-03-06T23:20,-64.90378,-57.81723,0.207,41.2
2019-03-06T23:30,-64.90336,-57.81632,0.205,42.6
2019-03-06T23:40,-64.90288,-57.81528,0.235,42.7
2019-03-06T23:50,-64.90228,-57.81412,0.278,39.4
2019-03-07T00:00,-64.90165,-57.81302,0.282,36.7
2019-03-07T00:10,-64.90137,-57.81233,0.147,45.8
2019-03-07T00:20,-64.90094,-57.81144,0.207,41.4
2019-03-07T00:30,-64.90062,-57.81064,0.167,46.3
2019-03-07T00:40,-64.90048,-57.81001,0.109,62.4
2019-03-07T00:50,-64.90039,-57.80939,0.1,71.4
2019-03-07T01:00,-64.90031,-57.80877,0.099,74.0
2019-03-07T01:10,-64.90009,-57.80793,0.151,57.7
2019-03-07T01:20,-64.89948,-57.80668,0.29,41.3
2019-03-07T01:30,-64.89911,-57.80588,0.182,42.0
2019-03-07T01:40,-64.89897,-57.80542,0.086,55.4
2019-03-07T01:50,-64.89873,-57.8048,0.127,47.6
2019-03-07T02:00,-64.89834,-57.80409,0.178,37.8
2019-03-07T02:10,-64.89811,-57.80375,0.098,32.4
2019-03-07T02:20,-64.89809,-57.80366,0.016,54.2
2019-03-07T02:30,-64.89808,-57.80359,0.012,66.7
2019-03-07T02:40,-64.89806,-57.80355,0.008,56.0
2019-03-07T02:50,-64.89805,-57.80353,0.004,48.1
2019-03-07T03:00,-64.89805,-57.80353,0.002,348.0
2019-03-07T03:10,-64.89803,-57.80354,0.006,348.8
2019-03-07T03:20,-64.89803,-57.80356,0.003,288.6
2019-03-07T03:30,-64.89802,-57.80359,0.006,299.7
2019-03-07T03:40,-64.89801,-57.80364,0.007,296.3
2019-03-07T03:50,-64.898,-57.80368,0.008,295.2
2019-03-07T04:00,-64.89799,-57.80378,0.016,293.4
2019-03-07T04:10,-64.89799,-57.80379,0.002,280.3
2019-03-07T04:20,-64.89798,-57.80384,0.008,293.0
2019-03-07T04:30,-64.89799,-57.8039,0.009,252.3
2019-03-07T04:40,-64.89797,-57.80396,0.011,300.5
2019-03-07T04:50,-64.89796,-57.804,0.007,291.0
2019-03-07T05:00,-64.89795,-57.8041,0.016,289.7
2019-03-07T05:10,-64.89794,-57.8042,0.015,285.4
2019-03-07T05:20,-64.89791,-57.80434,0.024,294.5
2019-03-07T05:30,-64.89789,-57.80448,0.022,292.9
2019-03-07T05:40,-64.89784,-57.80463,0.029,305.0
2019-03-07T05:50,-64.89778,-57.80481,0.035,309.2
2019-03-07T06:00,-64.89769,-57.805,0.041,316.3
2019-03-07T06:10,-64.89759,-57.80523,0.05,314.9
2019-03-07T06:20,-64.89749,-57.80549,0.054,313.7
2019-03-07T06:30,-64.89738,-57.80574,0.054,315.1
2019-03-07T06:40,-64.89727,-57.80601,0.058,313.9
2019-03-07T06:50,-64.89717,-57.80629,0.058,312.8
2019-03-07T07:00,-64.89707,-57.80656,0.054,310.9
2019-03-07T07:10,-64.89697,-57.80681,0.051,309.8
2019-03-07T07:20,-64.8969,-57.80708,0.048,303.5
2019-03-07T07:30,-64.89682,-57.80734,0.051,307.2
2019-03-07T07:40,-64.89674,-57.80761,0.05,304.8
2019-03-07T07:50,-64.89665,-57.80786,0.049,307.8
2019-03-07T08:00,-64.89658,-57.80807,0.042,310.6
2019-03-07T08:10,-64.89652,-57.80823,0.033,311.1
2019-03-07T08:20,-64.89649,-57.80834,0.02,304.8
2019-03-07T08:30,-64.89648,-57.80841,0.011,288.4
2019-03-07T08:40,-64.89647,-57.80842,0.002,308.2
2019-03-07T08:50,-64.89647,-57.80843,0.002,287.4
2019-03-07T09:00,-64.89647,-57.80844,0.001,270.0
2019-03-07T09:10,-64.89647,-57.80844,0.001,300.5
2019-03-07T09:20,-64.89647,-57.80845,0.001,295.2
2019-03-07T09:30,-64.89647,-57.80845,0.0,23.0
2019-03-07T09:40,-64.89647,-57.80844,0.001,111.4
2019-03-07T09:50,-64.89647,-57.80842,0.003,90.0
2019-03-07T10:00,-64.89647,-57.80841,0.002,135.3
2019-03-07T10:10,-64.89647,-57.8084,0.002,90.0
2019-03-07T10:20,-64.89647,-57.80839,0.003,82.5
2019-03-07T10:30,-64.89647,-57.80833,0.009,78.9
2019-03-07T10:40,-64.89646,-57.80831,0.003,64.8
2019-03-07T10:50,-64.89646,-57.80826,0.008,92.6
2019-03-07T11:00,-64.89647,-57.80817,0.013,96.6
2019-03-07T11:10,-64.89647,-57.80808,0.014,97.4
2019-03-07T11:20,-64.89648,-57.808,0.013,102.5
2019-03-07T11:30,-64.8965,-57.80788,0.019,107.9
2019-03-07T11:40,-64.89652,-57.80775,0.022,116.4
2019-03-07T11:50,-64.89654,-57.80765,0.018,112.9
2019-03-07T12:00,-64.89656,-57.80752,0.02,113.2
2019-03-07T12:10,-64.89658,-57.80738,0.024,105.0
2019-03-07T12:20,-64.89661,-57.80723,0.025,113.1
2019-03-07T12:30,-64.89664,-57.80708,0.025,114.8
2019-03-07T12:40,-64.89667,-57.80692,0.026,116.6
2019-03-07T12:50,-64.8967,-57.80679,0.023,120.3
2019-03-07T13:00,-64.89675,-57.80659,0.037,121.1
2019-03-07T13:10,-64.89678,-57.80646,0.021,118.0
2019-03-07T13:20,-64.89683,-57.80629,0.031,120.2
2019-03-07T13:30,-64.89685,-57.80617,0.019,112.1
2019-03-07T13:40,-64.89687,-57.80606,0.02,118.3
2019-03-07T13:50,-64.8969,-57.80596,0.018,125.1
2019-03-07T14:00,-64.89692,-57.80588,0.015,124.6
2019-03-07T14:10,-64.89696,-57.80581,0.015,135.3
2019-03-07T14:20,-64.89698,-57.80575,0.013,139.2
2019-03-07T14:30,-64.89701,-57.80573,0.012,163.5
2019-03-07T14:40,-64.89702,-57.80573,0.003,183.0
2019-03-07T14:50,-64.89703,-57.80575,0.003,218.2
2019-03-07T15:00,-64.89703,-57.80579,0.007,270.0
2019-03-07T15:10,-64.89703,-57.8059,0.016,275.3
2019-03-07T15:20,-64.89701,-57.80602,0.019,284.1
2019-03-07T15:30,-64.897,-57.80615,0.021,285.8
2019-03-07T15:40,-64.89698,-57.80632,0.027,286.5
2019-03-07T15:50,-64.89695,-57.8065,0.03,287.7
2019-03-07T16:00,-64.89693,-57.80671,0.033,282.2
2019-03-07T16:10,-64.89691,-57.80697,0.04,282.5
2019-03-07T16:20,-64.89689,-57.80725,0.044,280.5
2019-03-07T16:30,-64.89685,-57.80758,0.051,283.3
2019-03-07T16:40,-64.89682,-57.80793,0.056,282.3
2019-03-07T16:50,-64.8968,-57.80834,0.062,276.3
2019-03-07T17:00,-64.89678,-57.80876,0.064,278.0
2019-03-07T17:10,-64.89675,-57.80922,0.072,277.7
2019-03-07T17:20,-64.89671,-57.80974,0.08,280.6
2019-03-07T17:30,-64.89668,-57.81025,0.078,278.8
2019-03-07T17:40,-64.89664,-57.81079,0.084,277.6
2019-03-07T17:50,-64.89661,-57.81136,0.088,277.5
2019-03-07T18:00,-64.89657,-57.81197,0.094,280.0
2019-03-07T18:10,-64.89652,-57.81258,0.096,280.0
2019-03-07T18:20,-64.89647,-57.81321,0.098,281.2
2019-03-07T18:30,-64.89641,-57.81383,0.097,283.1
2019-03-07T18:40,-64.89633,-57.81448,0.103,284.5
2019-03-07T18:50,-64.89628,-57.81516,0.105,281.5
2019-03-07T19:00,-64.89622,-57.81581,0.102,281.6
2019-03-07T19:10,-64.89617,-57.81645,0.099,281.3
2019-03-07T19:20,-64.89609,-57.81706,0.097,285.5
2019-03-07T19:30,-64.89602,-57.81764,0.092,287.3
2019-03-07T19:40,-64.89593,-57.81817,0.087,290.8
2019-03-07T19:50,-64.89585,-57.81872,0.089,290.4
2019-03-07T20:00,-64.89575,-57.81921,0.082,293.7
2019-03-07T20:10,-64.89566,-57.81961,0.069,297.8
2019-03-07T20:20,-64.89556,-57.81999,0.068,302.2
2019-03-07T20:30,-64.89548,-57.82023,0.047,308.3
2019-03-07T20:40,-64.8954,-57.82044,0.042,311.6
2019-03-07T20:50,-64.89534,-57.82056,0.03,321.2
2019-03-07T21:00,-64.89529,-57.82061,0.02,336.6
2019-03-07T21:10,-64.89526,-57.82062,0.01,355.0
2019-03-07T21:20,-64.89525,-57.82057,0.009,65.6
2019-03-07T21:30,-64.89524,-57.82049,0.012,74.6
2019-03-07T21:40,-64.89523,-57.82038,0.017,81.2
2019-03-07T21:50,-64.89522,-57.82021,0.026,78.0
2019-03-07T22:00,-64.8952,-57.82005,0.026,73.7
2019-03-07T22:10,-64.8952,-57.81986,0.03,88.0
2019-03-07T22:20,-64.89518,-57.81964,0.033,82.5
2019-03-07T22:30,-64.89516,-57.81937,0.042,80.2
2019-03-07T22:40,-64.89514,-57.81907,0.046,79.2
2019-03-07T22:50,-64.89512,-57.81878,0.045,80.7
2019-03-07T23:00,-64.8951,-57.81849,0.045,82.6
2019-03-07T23:10,-64.89509,-57.8182,0.045,86.4
2019-03-07T23:20,-64.89509,-57.81788,0.049,87.9
2019-03-07T23:30,-64.89509,-57.81755,0.05,88.8
2019-03-07T23:40,-64.89508,-57.81721,0.051,89.2
2019-03-07T23:50,-64.89509,-57.81686,0.054,91.9
2019-03-08T00:00,-64.8951,-57.81653,0.051,92.8
2019-03-08T00:10,-64.89511,-57.81614,0.059,95.2
2019-03-08T00:20,-64.89512,-57.81587,0.041,91.5
2019-03-08T00:30,-64.89511,-57.81557,0.047,87.4
2019-03-08T00:40,-64.89511,-57.81527,0.045,90.5
2019-03-08T00:50,-64.89512,-57.81501,0.04,96.8
2019-03-08T01:00,-64.89514,-57.81476,0.04,97.3
2019-03-08T01:10,-64.89515,-57.81451,0.038,98.8
2019-03-08T01:20,-64.89516,-57.81428,0.035,95.2
2019-03-08T01:30,-64.89516,-57.8141,0.028,89.3
2019-03-08T01:40,-64.89517,-57.81396,0.022,93.8
2019-03-08T01:50,-64.89517,-57.81388,0.013,98.2
2019-03-08T02:00,-64.89518,-57.81383,0.007,107.8
2019-03-08T02:10,-64.89518,-57.8138,0.005,94.2
2019-03-08T02:20,-64.89518,-57.81379,0.002,78.9
2019-03-08T02:30,-64.89517,-57.81379,0.001,12.0
2019-03-08T02:40,-64.89516,-57.81383,0.007,308.9
2019-03-08T02:50,-64.89515,-57.81385,0.005,293.6
2019-03-08T03:00,-64.89515,-57.81392,0.01,286.7
2019-03-08T03:10,-64.89513,-57.81403,0.019,289.1
2019-03-08T03:20,-64.89511,-57.81418,0.023,285.2
2019-03-08T03:30,-64.89509,-57.81434,0.026,283.6
2019-03-08T03:40,-64.89507,-57.81454,0.032,285.2
2019-03-08T03:50,-64.89505,-57.81478,0.037,281.8
2019-03-08T04:00,-64.89503,-57.81504,0.04,280.3
2019-03-08T04:10,-64.89502,-57.81536,0.049,276.7
2019-03-08T04:20,-64.89501,-57.81567,0.048,272.1
2019-03-08T04:30,-64.89502,-57.81604,0.056,265.2
2019-03-08T04:40,-64.89502,-57.81642,0.059,270.7
2019-03-08T04:50,-64.89503,-57.81684,0.064,266.5
2019-03-08T05:00,-64.89505,-57.8173,0.072,264.5
2019-03-08T05:10,-64.89507,-57.8178,0.076,265.6
2019-03-08T05:20,-64.89509,-57.81828,0.074,263.0
2019-03-08T05:30,-64.89512,-57.81877,0.076,262.6
2019-03-08T05:40,-64.89514,-57.81927,0.076,264.3
2019-03-08T05:50,-64.89516,-57.81976,0.075,264.8
2019-03-08T06:00,-64.89517,-57.82026,0.077,266.3
2019-03-08T06:10,-64.89518,-57.82075,0.074,267.8
2019-03-08T06:20,-64.89519,-57.82122,0.073,268.0
2019-03-08T06:30,-64.8952,-57.82169,0.072,266.8
2019-03-08T06:40,-64.89522,-57.82219,0.076,263.2
2019-03-08T06:50,-64.89524,-57.82261,0.065,264.9
2019-03-08T07:00,-64.89525,-57.82308,0.072,268.6
2019-03-08T07:10,-64.89526,-57.82349,0.062,265.4
2019-03-08T07:20,-64.89527,-57.82391,0.065,267.1
2019-03-08T07:30,-64.89529,-57.82431,0.062,264.0
2019-03-08T07:40,-64.89531,-57.8247,0.06,261.1
2019-03-08T07:50,-64.89533,-57.82505,0.054,262.7
2019-03-08T08:00,-64.89536,-57.82538,0.051,259.1
2019-03-08T08:10,-64.89538,-57.82567,0.045,259.4
2019-03-08T08:20,-64.89541,-57.82593,0.041,254.8
2019-03-08T08:30,-64.89544,-57.82614,0.033,254.9
2019-03-08T08:40,-64.89545,-57.82632,0.027,255.5
2019-03-08T08:50,-64.89547,-57.82645,0.021,252.7
2019-03-08T09:00,-64.89549,-57.82654,0.016,238.9
2019-03-08T09:10,-64.89549,-57.8266,0.01,268.0
2019-03-08T09:20,-64.8955,-57.82661,0.002,209.5
2019-03-08T09:30,-64.8955,-57.82662,0.001,244.8
2019-03-08T09:40,-64.89551,-57.82662,0.002,198.7
2019-03-08T09:50,-64.89552,-57.82662,0.004,184.0
2019-03-08T10:00,-64.89552,-57.82662,0.001,157.0
2019-03-08T10:10,-64.89552,-57.82662,0.001,319.7
2019-03-08T10:20,-64.89552,-57.82662,0.002,157.0
2019-03-08T10:30,-64.89552,-57.82662,0.001,337.0
2019-03-08T10:40,-64.89552,-57.82662,0.0,270.0
2019-03-08T10:50,-64.89552,-57.82663,0.001,239.5
2019-03-08T11:00,-64.89553,-57.82664,0.003,197.7
2019-03-08T11:10,-64.89555,-57.82668,0.01,217.5
2019-03-08T11:20,-64.8956,-57.82674,0.019,211.3
2019-03-08T11:30,-64.89565,-57.82682,0.023,212.2
2019-03-08T11:40,-64.89573,-57.82691,0.031,205.6
2019-03-08T11:50,-64.89582,-57.82704,0.038,212.1
2019-03-08T12:00,-64.89593,-57.8272,0.046,211.6
2019-03-08T12:10,-64.89606,-57.8274,0.056,213.5
2019-03-08T12:20,-64.89621,-57.82763,0.065,212.1
2019-03-08T12:30,-64.8964,-57.82788,0.077,210.3
2019-03-08T12:40,-64.8966,-57.82818,0.087,211.8
2019-03-08T12:50,-64.89685,-57.82855,0.107,211.7
2019-03-08T13:00,-64.8971,-57.8289,0.103,210.8
2019-03-08T13:10,-64.89737,-57.82931,0.116,212.8
2019-03-08T13:20,-64.89771,-57.82981,0.144,212.0
2019-03-08T13:30,-64.89802,-57.83028,0.133,212.8
2019-03-08T13:40,-64.89839,-57.83084,0.158,213.1
2019-03-08T13:50,-64.89879,-57.83146,0.17,213.2
2019-03-08T14:00,-64.89922,-57.83213,0.186,213.4
2019-03-08T14:10,-64.89967,-57.83286,0.198,214.2
2019-03-08T14:20,-64.90016,-57.83364,0.213,214.4
2019-03-08T14:30,-64.90066,-57.83448,0.222,215.1
2019-03-08T14:40,-64.90119,-57.83538,0.235,215.6
2019-03-08T14:50,-64.90178,-57.83631,0.254,214.3
2019-03-08T15:00,-64.90239,-57.83732,0.269,214.9
2019-03-08T15:10,-64.90303,-57.8384,0.284,215.6
2019-03-08T15:20,-64.90368,-57.83952,0.29,216.2
2019-03-08T15:30,-64.90434,-57.84074,0.3,218.2
2019-03-08T15:40,-64.90497,-57.84197,0.298,219.3
2019-03-08T15:50,-64.90561,-57.84328,0.305,221.2
2019-03-08T16:00,-64.90624,-57.84464,0.308,222.2
2019-03-08T16:10,-64.90686,-57.84604,0.309,224.0
2019-03-08T16:20,-64.90746,-57.84748,0.307,225.6
2019-03-08T16:30,-64.9081,-57.84913,0.341,227.5
2019-03-08T16:40,-64.90867,-57.85052,0.295,226.0
2019-03-08T16:50,-64.90926,-57.85203,0.315,227.0
2019-03-08T17:00,-64.90983,-57.85358,0.312,229.5
2019-03-08T17:10,-64.91039,-57.85511,0.309,229.1
2019-03-08T17:20,-64.91092,-57.85633,0.267,224.1
2019-03-08T17:30,-64.91146,-57.8579,0.309,230.9
2019-03-08T17:40,-64.91209,-57.86016,0.414,236.7
2019-03-08T17:50,-64.91267,-57.8622,0.373,236.5
2019-03-08T18:00,-64.91298,-57.86224,0.114,182.5
2019-03-08T18:10,-64.91358,-57.86461,0.422,239.3
2019-03-08T18:20,-64.91405,-57.86708,0.412,245.8
2019-03-08T18:30,-64.91458,-57.86748,0.199,197.9
2019-03-08T18:40,-64.9152,-57.86788,0.234,195.3
2019-03-08T18:50,-64.91527,-57.87122,0.51,267.2
2019-03-08T19:00,-64.9156,-57.87263,0.246,241.5
2019-03-08T19:10,-64.91653,-57.87253,0.336,177.4
2019-03-08T19:20,-64.91631,-57.87519,0.412,281.0
2019-03-08T19:30,-64.91718,-57.87525,0.314,181.6
2019-03-08T19:40,-64.91749,-57.87648,0.22,239.3
2019-03-08T19:50,-64.91763,-57.87767,0.187,254.4
2019-03-08T20:00,-64.91792,-57.87858,0.174,233.0
2019-03-08T20:10,-64.91754,-57.8803,0.298,297.9
2019-03-08T20:20,-64.91668,-57.88129,0.343,334.0
2019-03-08T20:30,-64.91639,-57.88217,0.17,307.6
2019-03-08T20:40,-64.91602,-57.8829,0.176,320.4
2019-03-08T20:50,-64.91766,-57.88338,0.596,187.1
2019-03-08T21:00,-64.91649,-57.88385,0.427,350.5
2019-03-08T21:10,-64.91552,-57.88426,0.357,349.9
2019-03-08T21:20,-64.91551,-57.88444,0.028,275.1
2019-03-08T21:30,-64.91662,-57.88544,0.426,200.8
2019-03-08T21:40,-64.91751,-57.88559,0.323,184.1
2019-03-08T21:50,-64.91449,-57.88389,1.117,13.4
2019-03-08T22:00,-64.91505,-57.88464,0.233,209.5
2019-03-08T22:10,-64.91383,-57.88323,0.489,26.0
2019-03-08T22:20,-64.91518,-57.88489,0.546,207.5
2019-03-08T22:30,-64.91328,-57.88279,0.755,25.1
2019-03-08T22:40,-64.91229,-57.88232,0.362,11.4
2019-03-08T22:50,-64.91253,-57.8823,0.085,177.5
2019-03-08T23:00,-64.91225,-57.88201,0.109,23.8
2019-03-08T23:10,-64.91205,-57.88172,0.086,30.4
2019-03-08T23:20,-64.90902,-57.88145,1.091,2.2
2019-03-08T23:30,-64.90461,-57.88212,1.592,356.3
2019-03-08T23:40,-64.89704,-57.863,3.994,47.0
2019-03-08T23:50,-64.89819,-57.86655,0.683,232.6
2019-03-09T00:00,-64.89526,-57.86022,1.432,42.5
2019-03-09T00:10,-64.89511,-57.85991,0.07,42.6
2019-03-09T00:20,-64.89493,-57.85957,0.084,38.0
2019-03-09T00:30,-64.89475,-57.85926,0.08,36.2
2019-03-09T00:40,-64.89455,-57.85889,0.092,37.9
2019-03-09T00:50,-64.89435,-57.85853,0.091,36.8
2019-03-09T01:00,-64.89414,-57.85814,0.094,39.5
2019-03-09T01:10,-64.89395,-57.85775,0.091,40.8
2019-03-09T01:20,-64.89468,-57.85872,0.3,209.4
2019-03-09T01:30,-64.8936,-57.85758,0.427,24.0
2019-03-09T01:40,-64.89413,-57.8578,0.195,190.0
2019-03-09T01:50,-64.89445,-57.85792,0.115,189.0
2019-03-09T02:00,-64.8931,-57.8568,0.514,19.3
2019-03-09T02:10,-64.89286,-57.85624,0.121,44.7
2019-03-09T02:20,-64.89353,-57.85704,0.272,206.4
2019-03-09T02:30,-64.89212,-57.855,0.595,31.4
2019-03-09T02:40,-64.89202,-57.85501,0.039,358.2
2019-03-09T02:50,-64.89286,-57.85618,0.353,210.4
2019-03-09T03:00,-64.89309,-57.85651,0.096,211.3
2019-03-09T03:10,-64.89313,-57.85651,0.015,180.6
2019-03-09T03:20,-64.89288,-57.85658,0.093,353.3
2019-03-09T03:30,-64.89258,-57.85646,0.107,9.9
2019-03-09T03:40,-64.89192,-57.85591,0.255,19.2
2019-03-09T03:50,-64.89181,-57.85597,0.039,346.3
2019-03-09T04:00,-64.89187,-57.8568,0.128,260.5
2019-03-09T04:10,-64.89161,-57.85682,0.093,358.3
2019-03-09T04:20,-64.89156,-57.8572,0.061,287.5
2019-03-09T04:30,-64.89158,-57.85783,0.097,265.3
2019-03-09T04:40,-64.89161,-57.85854,0.109,264.7
2019-03-09T04:50,-64.89165,-57.85931,0.118,262.3
2019-03-09T05:00,-64.89171,-57.86021,0.139,261.5
2019-03-09T05:10,-64.89177,-57.86099,0.121,260.6
2019-03-09T05:20,-64.89183,-57.86185,0.134,259.8
2019-03-09T05:30,-64.8919,-57.86275,0.14,260.2
2019-03-09T05:40,-64.89238,-57.8644,0.305,235.7
2019-03-09T05:50,-64.89241,-57.86525,0.13,264.4
2019-03-09T06:00,-64.89247,-57.86612,0.135,260.4
2019-03-09T06:10,-64.89253,-57.86695,0.128,261.1
2019-03-09T06:20,-64.89258,-57.86776,0.125,260.7
2019-03-09T06:30,-64.89262,-57.86852,0.117,263.8
2019-03-09T06:40,-64.89264,-57.86924,0.11,265.9
2019-03-09T06:50,-64.89266,-57.86993,0.106,265.7
2019-03-09T07:00,-64.89268,-57.87058,0.099,266.9
2019-03-09T07:10,-64.89269,-57.8712,0.094,266.5
2019-03-09T07:20,-64.8927,-57.87178,0.089,267.9
2019-03-09T07:30,-64.89271,-57.87233,0.083,269.5
2019-03-09T07:40,-64.89268,-57.87282,0.076,275.7
2019-03-09T07:50,-64.89266,-57.87329,0.072,277.7
2019-03-09T08:00,-64.89262,-57.87372,0.067,282.7
2019-03-09T08:10,-64.89254,-57.87411,0.064,293.4
2019-03-09T08:20,-64.89246,-57.87446,0.061,299.9
2019-03-09T08:30,-64.89237,-57.87478,0.06,304.4
2019-03-09T08:40,-64.89228,-57.87507,0.054,306.2
2019-03-09T08:50,-64.89217,-57.87534,0.056,312.3
2019-03-09T09:00,-64.89197,-57.87539,0.072,354.5
2019-03-09T09:10,-64.89198,-57.87573,0.052,265.2
2019-03-09T09:20,-64.89191,-57.87589,0.035,315.3
2019-03-09T09:30,-64.89186,-57.87598,0.025,323.5
2019-03-09T09:40,-64.89181,-57.87606,0.02,326.6
2019-03-09T09:50,-64.89112,-57.8748,0.316,37.4
2019-03-09T10:00,-64.8911,-57.87479,0.008,8.1
2019-03-09T10:10,-64.89108,-57.87476,0.006,38.2
2019-03-09T10:20,-64.89107,-57.8747,0.011,76.6
2019-03-09T10:30,-64.89108,-57.87462,0.012,100.7
2019-03-09T10:40,-64.89109,-57.87447,0.023,102.6
2019-03-09T10:50,-64.89111,-57.87428,0.03,98.4
2019-03-09T11:00,-64.89112,-57.87413,0.024,102.2
2019-03-09T11:10,-64.89114,-57.87393,0.031,100.1
2019-03-09T11:20,-64.89154,-57.87458,0.178,214.2
2019-03-09T11:30,-64.89158,-57.87432,0.041,105.7
2019-03-09T11:40,-64.89146,-57.87344,0.141,72.4
2019-03-09T11:50,-64.89162,-57.87323,0.067,150.8
2019-03-09T12:00,-64.89192,-57.87304,0.112,165.2
2019-03-09T12:10,-64.89269,-57.87347,0.284,193.5
2019-03-09T12:20,-64.89241,-57.87282,0.14,45.5
2019-03-09T12:30,-64.89146,-57.87153,0.397,29.9
2019-03-09T12:40,-64.89119,-57.87089,0.138,44.6
2019-03-09T12:50,-64.89121,-57.87056,0.052,97.6
2019-03-09T13:00,-64.89123,-57.87027,0.045,100.1
2019-03-09T13:10,-64.8921,-57.87119,0.344,204.3
2019-03-09T13:20,-64.89294,-57.87202,0.327,202.6
2019-03-09T13:30,-64.89314,-57.87197,0.075,174.1
2019-03-09T13:40,-64.89284,-57.8715,0.131,32.6
2019-03-09T13:50,-64.89186,-57.86982,0.436,36.2
2019-03-09T14:00,-64.89182,-57.86939,0.066,79.0
2019-03-09T14:10,-64.89193,-57.86909,0.059,128.9
2019-03-09T14:20,-64.89358,-57.87113,0.672,207.7
2019-03-09T14:30,-64.8926,-57.86942,0.44,36.5
2019-03-09T14:40,-64.89253,-57.86927,0.032,44.1
2019-03-09T14:50,-64.89332,-57.87,0.304,201.5
2019-03-09T15:00,-64.89381,-57.87015,0.178,187.5
2019-03-09T15:10,-64.89483,-57.87161,0.43,211.3
2019-03-09T15:20,-64.89409,-57.8707,0.302,27.5
2019-03-09T15:30,-64.89294,-57.86876,0.51,35.7
2019-03-09T15:40,-64.89346,-57.86984,0.249,221.3
2019-03-09T15:50,-64.89551,-57.8728,0.868,211.5
2019-03-09T16:00,-64.8923,-57.8673,1.43,36.0
2019-03-09T16:10,-64.89207,-57.86711,0.086,20.2
2019-03-09T16:20,-64.88468,-57.8297,6.305,65.0
2019-03-09T16:30,-64.88116,-57.77703,8.148,81.1
2019-03-09T16:40,-64.87892,-57.76958,1.397,54.7
2019-03-09T16:50,-64.87674,-57.76778,0.832,19.3
2019-03-09T17:00,-64.87871,-57.7688,0.728,192.4
2019-03-09T17:10,-64.87319,-57.76981,1.992,355.5
2019-03-09T17:20,-64.87418,-57.77123,0.415,211.4
2019-03-09T17:30,-64.87376,-57.77087,0.161,20.0
2019-03-09T17:40,-64.87392,-57.77043,0.09,131.4
2019-03-09T17:50,-64.87611,-57.72825,6.496,97.0
2019-03-09T18:00,-64.8758,-57.66958,8.97,89.3
2019-03-09T18:10,-64.8774,-57.63025,6.04,95.5
2019-03-09T18:20,-64.87559,-57.62369,1.194,57.1
2019-03-09T18:30,-64.87803,-57.58141,6.524,97.8
2019-03-09T18:40,-64.88197,-57.52397,8.892,99.2
2019-03-09T18:50,-64.89239,-57.47035,9.012,114.6
2019-03-09T19:00,-64.8972,-57.4346,5.73,107.6
2019-03-09T19:10,-64.89596,-57.4096,3.846,83.3
2019-03-09T19:20,-64.89623,-57.41044,0.161,232.9
2019-03-09T19:30,-64.89648,-57.4112,0.149,232.0
2019-03-09T19:40,-64.89482,-57.40828,0.747,36.7
2019-03-09T19:50,-64.89435,-57.41106,0.457,291.5
2019-03-09T20:00,-64.88212,-57.42595,4.957,332.7
2019-03-09T20:10,-64.87844,-57.42367,1.37,14.7
2019-03-09T20:20,-64.87135,-57.42298,2.555,2.4
2019-03-09T20:30,-64.87253,-57.42336,0.429,187.9
2019-03-09T20:40,-64.86339,-57.42336,3.292,360.0
2019-03-09T20:50,-64.84864,-57.42894,5.38,350.9
2019-03-09T21:00,-64.84509,-57.38085,7.47,80.2
2019-03-09T21:10,-64.83948,-57.33343,7.534,74.5
2019-03-09T21:20,-64.83328,-57.29136,6.817,70.9
2019-03-09T21:30,-64.82545,-57.28398,3.037,21.8
2019-03-09T21:40,-64.81728,-57.23865,7.541,67.1
2019-03-09T21:50,-64.80546,-57.18625,9.088,62.1
2019-03-09T22:00,-64.79441,-57.15769,5.915,47.8
2019-03-09T22:10,-64.78653,-57.10331,8.809,71.2
2019-03-09T22:20,-64.78305,-57.07215,4.942,75.3
2019-03-09T22:30,-64.78383,-57.05487,2.666,96.1
2019-03-09T22:40,-64.77612,-57.03657,3.95,45.3
2019-03-09T22:50,-64.7751,-57.00431,4.964,85.8
2019-03-09T23:00,-64.76987,-56.97709,4.583,65.7
2019-03-09T23:10,-64.7666,-56.93256,6.934,80.3
2019-03-09T23:20,-64.76457,-56.87293,9.183,85.5
2019-03-09T23:30,-64.7621,-56.86818,1.15,39.3
2019-03-09T23:40,-64.75974,-56.86609,0.91,20.6
2019-03-09T23:50,-64.76023,-56.86575,0.185,163.5
2019-03-10T00:00,-64.758,-56.86162,1.023,38.3
2019-03-10T00:10,-64.75724,-56.85895,0.494,56.2
2019-03-10T00:20,-64.75676,-56.85043,1.319,82.6
2019-03-10T00:30,-64.75906,-56.8259,3.856,102.4
2019-03-10T00:40,-64.76209,-56.79799,4.423,104.3
2019-03-10T00:50,-64.76151,-56.78556,1.92,83.7
2019-03-10T01:00,-64.75074,-56.76288,5.212,41.9
2019-03-10T01:10,-64.74218,-56.74017,4.653,48.6
2019-03-10T01:20,-64.73466,-56.72403,3.672,42.5
2019-03-10T01:30,-64.72182,-56.71284,4.932,20.4
2019-03-10T01:40,-64.71232,-56.70507,3.624,19.3
2019-03-10T01:50,-64.71348,-56.70561,0.424,191.2
2019-03-10T02:00,-64.70932,-56.70256,1.568,17.4
2019-03-10T02:10,-64.70303,-56.71071,2.588,331.0
2019-03-10T02:20,-64.70301,-56.70991,0.124,85.8
2019-03-10T02:30,-64.70082,-56.71117,0.809,346.2
2019-03-10T02:40,-64.70148,-56.71007,0.29,144.3
2019-03-10T02:50,-64.69918,-56.71061,0.831,354.2
2019-03-10T03:00,-64.6986,-56.7104,0.213,8.7
2019-03-10T03:10,-64.69771,-56.71059,0.323,354.9
2019-03-10T03:20,-64.69434,-56.71192,1.228,350.4
2019-03-10T03:30,-64.68932,-56.70417,2.167,33.4
2019-03-10T03:40,-64.68901,-56.70319,0.188,53.5
2019-03-10T03:50,-64.68787,-56.70078,0.554,42.1
2019-03-10T04:00,-64.68554,-56.6951,1.211,46.2
2019-03-10T04:10,-64.68543,-56.69474,0.067,55.6
2019-03-10T04:20,-64.68403,-56.68961,0.938,57.4
2019-03-10T04:30,-64.68434,-56.69088,0.226,240.0
2019-03-10T04:40,-64.68412,-56.69006,0.15,57.8
2019-03-10T04:50,-64.68252,-56.68545,0.912,50.9
2019-03-10T05:00,-64.68217,-56.68487,0.156,35.1
2019-03-10T05:10,-64.68121,-56.68217,0.539,50.4
2019-03-10T05:20,-64.67182,-56.66907,3.939,30.8
2019-03-10T05:30,-64.664,-56.65887,3.224,29.2
2019-03-10T05:40,-64.6529,-56.66296,4.046,351.0
2019-03-10T05:50,-64.64678,-56.65721,2.373,21.9
2019-03-10T06:00,-64.64573,-56.65623,0.408,21.7
2019-03-10T06:10,-64.64553,-56.65637,0.077,343.6
2019-03-10T06:20,-64.64399,-56.65379,0.681,35.8
2019-03-10T06:30,-64.64292,-56.65188,0.486,37.4
2019-03-10T06:40,-64.63228,-56.63899,4.315,27.4
2019-03-10T06:50,-64.62265,-56.63543,3.511,9.0
2019-03-10T07:00,-64.60886,-56.61812,5.64,28.3
2019-03-10T07:10,-64.60629,-56.61145,1.383,48.1
2019-03-10T07:20,-64.60452,-56.60536,1.136,56.0
2019-03-10T07:30,-64.60167,-56.59477,1.931,57.8
2019-03-10T07:40,-64.6016,-56.59464,0.033,38.8
2019-03-10T07:50,-64.60129,-56.59248,0.351,71.9
2019-03-10T08:00,-64.60128,-56.59001,0.382,89.0
2019-03-10T08:10,-64.59811,-56.59237,1.196,342.2
2019-03-10T08:20,-64.5902,-56.57218,4.225,47.6
2019-03-10T08:30,-64.57965,-56.56457,3.976,17.2
2019-03-10T08:40,-64.5728,-56.5517,3.169,38.9
2019-03-10T08:50,-64.56835,-56.54251,2.14,41.6
2019-03-10T09:00,-64.56794,-56.5317,1.677,84.9
2019-03-10T09:10,-64.5666,-56.50991,3.404,81.9
2019-03-10T09:20,-64.56075,-56.48942,3.804,56.4
2019-03-10T09:30,-64.55154,-56.47517,3.983,33.6
2019-03-10T09:40,-64.53976,-56.47217,4.266,6.3
2019-03-10T09:50,-64.53547,-56.45607,2.932,58.2
2019-03-10T10:00,-64.52929,-56.43935,3.415,49.3
2019-03-10T10:10,-64.52956,-56.43941,0.097,185.8
2019-03-10T10:20,-64.52971,-56.43934,0.055,168.4
2019-03-10T10:30,-64.52453,-56.43168,2.209,32.5
2019-03-10T10:40,-64.52325,-56.42905,0.616,41.5
2019-03-10T10:50,-64.52266,-56.42784,0.282,41.3
2019-03-10T11:00,-64.52163,-56.42517,0.557,48.0
2019-03-10T11:10,-64.52237,-56.42783,0.49,236.9
2019-03-10T11:20,-64.52147,-56.42917,0.384,327.2
2019-03-10T11:30,-64.5335,-56.43332,4.378,188.4
2019-03-10T11:40,-64.53925,-56.43328,2.072,179.8
2019-03-10T11:50,-64.53952,-56.41677,2.557,92.1
2019-03-10T12:00,-64.5392,-56.41669,0.114,6.7
2019-03-10T12:10,-64.53867,-56.41358,0.518,68.2
2019-03-10T12:20,-64.53824,-56.41266,0.209,42.7
2019-03-10T12:30,-64.5375,-56.41595,0.575,297.8
2019-03-10T12:40,-64.53679,-56.41695,0.298,328.5
2019-03-10T12:50,-64.53624,-56.41469,0.405,60.2
2019-03-10T13:00,-64.53536,-56.4157,0.353,333.7
2019-03-10T13:10,-64.53344,-56.41498,0.699,9.1
2019-03-10T13:20,-64.53318,-56.414,0.178,58.5
2019-03-10T13:30,-64.53525,-56.41903,1.079,226.3
2019-03-10T13:40,-64.53545,-56.424,0.773,264.6
2019-03-10T13:50,-64.53554,-56.42623,0.346,264.6
2019-03-10T14:00,-64.53867,-56.43122,1.367,214.4
2019-03-10T14:10,-64.54735,-56.42997,3.131,176.5
2019-03-10T14:20,-64.55604,-56.41717,3.701,147.7
2019-03-10T14:30,-64.55514,-56.41664,0.332,14.3
2019-03-10T14:40,-64.55493,-56.41549,0.194,66.7
2019-03-10T14:50,-64.55534,-56.41365,0.32,117.4
2019-03-10T15:00,-64.55459,-56.41323,0.277,13.6
2019-03-10T15:10,-64.55407,-56.41253,0.217,30.0
2019-03-10T15:20,-64.55441,-56.41051,0.336,111.0
2019-03-10T15:30,-64.55391,-56.40967,0.221,35.6
2019-03-10T15:40,-64.5545,-56.40787,0.352,127.6
2019-03-10T15:50,-64.55465,-56.40669,0.19,106.8
2019-03-10T16:00,-64.55576,-56.40537,0.448,152.8
2019-03-10T16:10,-64.55869,-56.39961,1.38,139.8
2019-03-10T16:20,-64.55852,-56.39774,0.296,78.2
2019-03-10T16:30,-64.55814,-56.39894,0.231,306.3
2019-03-10T16:40,-64.55742,-56.40264,0.628,294.3
2019-03-10T16:50,-64.5575,-56.39982,0.437,93.4
2019-03-10T17:00,-64.55752,-56.39893,0.138,94.3
2019-03-10T17:10,-64.55687,-56.39592,0.522,63.2
2019-03-10T17:20,-64.55688,-56.39642,0.077,267.3
2019-03-10T17:30,-64.55671,-56.39645,0.061,355.2
2019-03-10T17:40,-64.5561,-56.39584,0.239,23.5
2019-03-10T17:50,-64.5561,-56.39637,0.082,269.5
2019-03-10T18:00,-64.55457,-56.39498,0.592,21.3
2019-03-10T18:10,-64.55477,-56.39557,0.115,232.9
2019-03-10T18:20,-64.54675,-56.38739,3.151,23.7
2019-03-10T18:30,-64.54412,-56.38222,1.24,40.1
2019-03-10T18:40,-64.54413,-56.38226,0.006,235.1
2019-03-10T18:50,-64.54393,-56.38119,0.179,66.8
2019-03-10T19:00,-64.54387,-56.38061,0.093,75.4
2019-03-10T19:10,-64.54394,-56.38022,0.066,114.3
2019-03-10T19:20,-64.54358,-56.37839,0.31,65.3
2019-03-10T19:30,-64.54416,-56.37271,0.904,103.2
2019-03-10T19:40,-64.55075,-56.36349,2.771,149.0
2019-03-10T19:50,-64.55082,-56.36366,0.035,230.0
2019-03-10T20:00,-64.56019,-56.3481,4.147,144.5
2019-03-10T20:10,-64.56047,-56.34604,0.334,107.2
2019-03-10T20:20,-64.56043,-56.34014,0.912,89.1
2019-03-10T20:30,-64.56062,-56.32988,1.589,92.5
2019-03-10T20:40,-64.56061,-56.32996,0.013,274.8
2019-03-10T20:50,-64.56073,-56.3287,0.2,102.2
2019-03-10T21:00,-64.56075,-56.32293,0.891,90.4
2019-03-10T21:10,-64.56034,-56.31553,1.155,82.6
2019-03-10T21:20,-64.55844,-56.29325,3.512,78.8
2019-03-10T21:30,-64.55332,-56.27906,2.867,50.0
2019-03-10T21:40,-64.54964,-56.27314,1.61,34.7
2019-03-10T21:50,-64.54842,-56.27114,0.536,35.3
2019-03-10T22:00,-64.54728,-56.26915,0.514,36.9
2019-03-10T22:10,-64.54637,-56.26782,0.386,32.3
2019-03-10T22:20,-64.54581,-56.26735,0.216,19.5
2019-03-10T22:30,-64.54365,-56.26486,0.865,26.4
2019-03-10T22:40,-64.54205,-56.25854,1.135,59.4
2019-03-10T22:50,-64.54381,-56.2372,3.363,100.8
2019-03-10T23:00,-64.5435,-56.23361,0.566,78.7
2019-03-10T23:10,-64.54293,-56.23274,0.245,33.6
2019-03-10T23:20,-64.54358,-56.22363,1.429,99.3
2019-03-10T23:30,-64.54323,-56.22144,0.36,70.1
2019-03-10T23:40,-64.54239,-56.20879,1.981,81.2
2019-03-10T23:50,-64.53877,-56.19962,1.927,47.4
2019-03-11T00:00,-64.53739,-56.19806,0.554,25.7
2019-03-11T00:10,-64.53179,-56.19341,2.14,19.6
2019-03-11T00:20,-64.52566,-56.18642,2.459,26.1
2019-03-11T00:30,-64.518,-56.16213,4.664,53.8
2019-03-11T00:40,-64.50763,-56.12991,6.235,53.2
2019-03-11T00:50,-64.50464,-56.09939,4.85,77.2
2019-03-11T01:00,-64.49409,-56.08498,4.408,30.5
2019-03-11T01:10,-64.47915,-56.058,6.815,37.9
2019-03-11T01:20,-64.46575,-56.05511,4.845,5.3
2019-03-11T01:30,-64.45404,-56.02669,6.103,46.3
2019-03-11T01:40,-64.44252,-56.01545,4.5,22.8
2019-03-11T01:50,-64.43358,-56.01417,3.222,3.6
2019-03-11T02:00,-64.43525,-56.01337,0.614,168.4
2019-03-11T02:10,-64.43149,-56.01244,1.362,6.1
2019-03-11T02:20,-64.42792,-56.01351,1.296,352.7
2019-03-11T02:30,-64.42535,-56.01277,0.934,7.1
2019-03-11T02:40,-64.42233,-56.0128,1.087,359.7
2019-03-11T02:50,-64.41814,-56.01346,1.511,356.1
2019-03-11T03:00,-64.40542,-56.01405,4.582,358.8
2019-03-11T03:10,-64.3901,-56.00161,5.846,19.3
2019-03-11T03:20,-64.38434,-55.99777,2.16,16.1
2019-03-11T03:30,-64.38004,-55.99804,1.549,358.5
2019-03-11T03:40,-64.37498,-55.99706,1.828,4.8
2019-03-11T03:50,-64.36432,-55.97826,4.829,37.4
2019-03-11T04:00,-64.34527,-55.95083,8.081,32.0
2019-03-11T04:10,-64.32785,-55.9409,6.46,13.9
2019-03-11T04:20,-64.32221,-55.90096,6.553,71.9
2019-03-11T04:30,-64.31787,-55.87574,4.234,68.4
2019-03-11T04:40,-64.31926,-55.88394,1.374,248.6
2019-03-11T04:50,-64.31257,-55.91957,6.061,293.4
2019-03-11T05:00,-64.31645,-55.94837,4.706,252.7
2019-03-11T05:10,-64.31869,-55.97135,3.676,257.3
2019-03-11T05:20,-64.31079,-55.9897,4.035,314.8
2019-03-11T05:30,-64.2973,-55.99199,4.87,355.8
2019-03-11T05:40,-64.29694,-55.99046,0.271,61.7
2019-03-11T05:50,-64.29285,-55.99183,1.488,351.8
2019-03-11T06:00,-64.28926,-56.01592,3.979,289.0
2019-03-11T06:10,-64.28242,-56.03342,3.681,312.0
2019-03-11T06:20,-64.27631,-56.03778,2.302,342.8
2019-03-11T06:30,-64.26468,-56.05227,4.761,331.6
2019-03-11T06:40,-64.24774,-56.03517,6.659,23.7
2019-03-11T06:50,-64.23213,-56.04273,5.744,348.1
2019-03-11T07:00,-64.22683,-56.03737,2.082,23.8
2019-03-11T07:10,-64.22188,-56.01326,4.174,64.7
2019-03-11T07:20,-64.21841,-56.00339,1.988,51.1
2019-03-11T07:30,-64.21448,-55.97064,5.32,74.6
2019-03-11T07:40,-64.21228,-55.94102,4.708,80.3
2019-03-11T07:50,-64.19983,-55.91989,5.571,36.5
2019-03-11T08:00,-64.19338,-55.89453,4.604,59.7
2019-03-11T08:10,-64.18024,-55.87839,5.363,28.2
2019-03-11T08:20,-64.17405,-55.87653,2.251,7.5
2019-03-11T08:30,-64.16532,-55.88963,3.755,326.8
2019-03-11T08:40,-64.16119,-55.89654,1.842,323.9
2019-03-11T08:50,-64.1566,-55.89875,1.688,348.1
2019-03-11T09:00,-64.15271,-55.90409,1.632,329.1
2019-03-11T09:10,-64.15154,-55.90365,0.424,9.5
2019-03-11T09:20,-64.14529,-55.91549,2.92,320.5
2019-03-11T09:30,-64.13303,-55.90978,4.504,11.5
2019-03-11T09:40,-64.11471,-55.89293,7.107,21.9
2019-03-11T09:50,-64.09176,-55.89789,8.301,354.6
2019-03-11T10:00,-64.07095,-55.89987,7.499,357.6
2019-03-11T10:10,-64.07254,-55.89673,0.757,139.1
2019-03-11T10:20,-64.07108,-55.89609,0.534,10.8
2019-03-11T10:30,-64.06735,-55.9007,1.528,331.7
2019-03-11T10:40,-64.06577,-55.90146,0.58,348.1
2019-03-11T10:50,-64.06335,-55.90168,0.875,357.7
2019-03-11T11:00,-64.06191,-55.9028,0.544,341.1
2019-03-11T11:10,-64.05985,-55.90395,0.767,346.3
2019-03-11T11:20,-64.05754,-55.90429,0.832,356.3
2019-03-11T11:30,-64.05595,-55.90482,0.577,351.8
2019-03-11T11:40,-64.05384,-55.90561,0.77,350.7
2019-03-11T11:50,-64.05174,-55.90673,0.778,346.9
2019-03-11T12:00,-64.04969,-55.90751,0.748,350.5
2019-03-11T12:10,-64.04772,-55.90744,0.71,0.9
2019-03-11T12:20,-64.04564,-55.90881,0.779,343.8
2019-03-11T12:30,-64.04357,-55.9089,0.748,358.9
2019-03-11T12:40,-64.04161,-55.90974,0.716,349.4
2019-03-11T12:50,-64.03947,-55.90992,0.772,357.9
2019-03-11T13:00,-64.0373,-55.91003,0.782,358.7
2019-03-11T13:10,-64.03537,-55.91028,0.695,356.7
2019-03-11T13:20,-64.03371,-55.91021,0.599,1.1
2019-03-11T13:30,-64.03242,-55.90897,0.505,22.7
2019-03-11T13:40,-64.03056,-55.90906,0.667,358.8
2019-03-11T13:50,-64.02869,-55.90917,0.676,358.7
2019-03-11T14:00,-64.02685,-55.90917,0.66,0.0
2019-03-11T14:10,-64.02503,-55.90909,0.657,1.1
2019-03-11T14:20,-64.0232,-55.90898,0.659,1.5
2019-03-11T14:30,-64.02137,-55.90883,0.658,1.9
2019-03-11T14:40,-64.01953,-55.90865,0.662,2.6
2019-03-11T14:50,-64.01768,-55.90841,0.669,3.2
2019-03-11T15:00,-64.01578,-55.90815,0.686,3.5
2019-03-11T15:10,-64.01386,-55.9079,0.693,3.2
2019-03-11T15:20,-64.01188,-55.90758,0.712,4.1
2019-03-11T15:30,-64.00994,-55.90742,0.701,2.0
2019-03-11T15:40,-64.00785,-55.90756,0.751,358.3
2019-03-11T15:50,-64.00593,-55.9074,0.692,2.1
2019-03-11T16:00,-64.0041,-55.90728,0.661,1.6
2019-03-11T16:10,-64.00225,-55.90711,0.666,2.3
2019-03-11T16:20,-64.00035,-55.90679,0.685,4.2
2019-03-11T16:30,-63.99865,-55.90637,0.618,6.2
2019-03-11T16:40,-63.997,-55.90604,0.595,5.0
2019-03-11T16:50,-63.99536,-55.90598,0.592,1.0
2019-03-11T17:00,-63.99374,-55.90599,0.583,359.8
2019-03-11T17:10,-63.99218,-55.90588,0.562,1.8
2019-03-11T17:20,-63.99079,-55.90553,0.505,6.3
2019-03-11T17:30,-63.98949,-55.90542,0.467,2.0
2019-03-11T17:40,-63.98819,-55.90535,0.467,1.4
2019-03-11T17:50,-63.98691,-55.90532,0.463,0.6
2019-03-11T18:00,-63.98564,-55.90525,0.455,1.3
2019-03-11T18:10,-63.98429,-55.90518,0.486,1.3
2019-03-11T18:20,-63.98292,-55.90492,0.497,4.8
2019-03-11T18:30,-63.98158,-55.90464,0.485,5.3
2019-03-11T18:40,-63.98031,-55.90451,0.456,2.5
2019-03-11T18:50,-63.97913,-55.90436,0.427,3.1
2019-03-11T19:00,-63.97806,-55.90435,0.385,0.3
2019-03-11T19:10,-63.97703,-55.90449,0.371,356.5
2019-03-11T19:20,-63.9761,-55.90467,0.338,355.2
2019-03-11T19:30,-63.97524,-55.90493,0.31,352.5
2019-03-11T19:40,-63.97435,-55.90496,0.32,359.2
2019-03-11T19:50,-63.97344,-55.90494,0.327,0.5
2019-03-11T20:00,-63.97256,-55.90497,0.32,359.3
2019-03-11T20:10,-63.97173,-55.90512,0.298,355.6
2019-03-11T20:20,-63.97105,-55.90538,0.249,350.4
2019-03-11T20:30,-63.97044,-55.9056,0.224,351.2
2019-03-11T20:40,-63.96985,-55.90574,0.212,354.0
2019-03-11T20:50,-63.96928,-55.90595,0.209,350.8
2019-03-11T21:00,-63.96865,-55.90627,0.232,347.5
2019-03-11T21:10,-63.96793,-55.9066,0.264,348.4
2019-03-11T21:20,-63.96718,-55.90689,0.273,350.3
2019-03-11T21:30,-63.96642,-55.9072,0.279,350.0
2019-03-11T21:40,-63.96566,-55.90749,0.278,350.6
2019-03-11T21:50,-63.9649,-55.90776,0.274,351.1
2019-03-11T22:00,-63.96423,-55.90791,0.245,354.3
2019-03-11T22:10,-63.9636,-55.90806,0.226,354.0
2019-03-11T22:20,-63.96308,-55.90814,0.188,356.4
2019-03-11T22:30,-63.96268,-55.90822,0.146,354.9
2019-03-11T22:40,-63.9624,-55.90826,0.101,356.5
2019-03-11T22:50,-63.96211,-55.90824,0.105,1.1
2019-03-11T23:00,-63.96179,-55.90836,0.116,351.1
2019-03-11T23:10,-63.96148,-55.90833,0.113,2.2
2019-03-11T23:20,-63.9606,-55.90913,0.339,338.2
2019-03-11T23:30,-63.96311,-55.90692,0.968,158.9
2019-03-11T23:40,-63.96104,-55.90882,0.803,338.0
2019-03-11T23:50,-63.96239,-55.90663,0.597,144.5
2019-03-12T00:00,-63.9633,-55.89347,2.106,99.0
2019-03-12T00:10,-63.96361,-55.89419,0.16,225.4
2019-03-12T00:20,-63.96375,-55.8935,0.12,114.7
2019-03-12T00:30,-63.96315,-55.9072,2.176,275.7
2019-03-12T00:40,-63.9646,-55.90462,0.663,142.0
2019-03-12T00:50,-63.97192,-55.90236,2.66,172.3
2019-03-12T01:00,-63.97265,-55.90352,0.321,214.8
2019-03-12T01:10,-63.97646,-55.90673,1.46,200.3
2019-03-12T01:20,-63.98697,-55.90807,3.793,183.2
2019-03-12T01:30,-63.9881,-55.90797,0.405,177.7
2019-03-12T01:40,-63.9879,-55.90791,0.074,6.7
2019-03-12T01:50,-63.9907,-55.90799,1.01,180.7
2019-03-12T02:00,-63.99134,-55.90786,0.232,175.0
2019-03-12T02:10,-63.99266,-55.90785,0.473,179.7
2019-03-12T02:20,-64.00117,-55.90635,3.075,175.6
2019-03-12T02:30,-63.99526,-55.92899,4.159,300.8
2019-03-12T02:40,-63.99528,-55.92881,0.03,103.0
2019-03-12T02:50,-63.99526,-55.93171,0.459,271.1
2019-03-12T03:00,-63.99464,-55.93447,0.489,296.9
2019-03-12T03:10,-63.99412,-55.93565,0.265,315.3
2019-03-12T03:20,-63.99335,-55.93697,0.346,323.2
2019-03-12T03:30,-63.99397,-55.93599,0.271,145.1
2019-03-12T03:40,-63.99323,-55.93715,0.322,325.2
2019-03-12T03:50,-63.99271,-55.9381,0.241,321.5
2019-03-12T04:00,-63.99117,-55.94337,1.0,303.7
2019-03-12T04:10,-63.98897,-55.94755,1.031,320.2
2019-03-12T04:20,-63.98739,-55.95336,1.078,301.8
2019-03-12T04:30,-63.98727,-55.95438,0.166,285.3
2019-03-12T04:40,-63.98838,-55.96518,1.752,256.8
2019-03-12T04:50,-63.99169,-55.96582,1.197,184.8
2019-03-12T05:00,-63.99222,-55.96629,0.205,201.4
2019-03-12T05:10,-63.99222,-55.96629,0.001,167.6
2019-03-12T05:20,-63.99222,-55.96629,0.001,12.4
2019-03-12T05:30,-63.99222,-55.96628,0.001,90.0
2019-03-12T05:40,-63.99222,-55.96629,0.001,343.7
2019-03-12T05:50,-63.99222,-55.96629,0.001,307.2
2019-03-12T06:00,-63.99222,-55.96629,0.001,232.8
2019-03-12T06:10,-63.99302,-55.9674,0.337,211.1
2019-03-12T06:20,-63.99378,-55.96827,0.306,206.6
2019-03-12T06:30,-63.99403,-55.96824,0.092,177.4
2019-03-12T06:40,-63.99413,-55.96856,0.062,234.9
2019-03-12T06:50,-63.99441,-55.969,0.12,215.0
2019-03-12T07:00,-63.99441,-55.969,0.0,180.0
2019-03-12T07:10,-63.99385,-55.96848,0.216,22.1
2019-03-12T07:20,-63.99343,-55.96781,0.184,35.3
2019-03-12T07:30,-63.99453,-55.96681,0.424,158.2
2019-03-12T07:40,-63.99742,-55.96073,1.416,137.3
2019-03-12T07:50,-63.99812,-55.95905,0.365,133.6
2019-03-12T08:00,-63.99727,-55.96092,0.423,315.9
2019-03-12T08:10,-63.99887,-55.95776,0.762,139.1
2019-03-12T08:20,-64.00052,-55.95109,1.208,119.4
2019-03-12T08:30,-64.00098,-55.95066,0.181,157.9
2019-03-12T08:40,-64.0003,-55.95157,0.286,329.7
2019-03-12T08:50,-63.9999,-55.95287,0.25,305.1
2019-03-12T09:00,-63.9998,-55.95337,0.087,294.5
2019-03-12T09:10,-64.00018,-55.95169,0.3,117.6
2019-03-12T09:20,-63.99962,-55.95327,0.321,309.1
2019-03-12T09:30,-63.99988,-55.95266,0.134,134.4
2019-03-12T09:40,-64.00036,-55.95101,0.312,123.7
2019-03-12T09:50,-64.00037,-55.95118,0.027,261.5
2019-03-12T10:00,-64.00077,-55.95102,0.145,169.7
2019-03-12T10:10,-64.00181,-55.95383,0.581,229.9
2019-03-12T10:20,-64.00982,-55.95471,2.888,182.8
2019-03-12T10:30,-64.00936,-55.95611,0.278,307.1
2019-03-12T10:40,-64.00991,-55.95418,0.365,123.2
2019-03-12T10:50,-64.01197,-55.95093,0.9,145.4
2019-03-12T11:00,-64.01123,-55.95197,0.311,328.3
2019-03-12T11:10,-64.01422,-55.95288,1.085,187.6
2019-03-12T11:20,-64.01979,-55.9475,2.178,157.1
2019-03-12T11:30,-64.02169,-55.94318,0.964,135.0
2019-03-12T11:40,-64.02219,-55.93658,1.057,100.0
2019-03-12T11:50,-64.02257,-55.93847,0.327,245.6
2019-03-12T12:00,-64.02052,-55.93273,1.168,50.8
2019-03-12T12:10,-64.02052,-55.93271,0.003,74.1
2019-03-12T12:20,-64.01971,-55.93105,0.392,42.0
2019-03-12T12:30,-64.01971,-55.93105,0.002,170.1
2019-03-12T12:40,-64.01972,-55.93102,0.005,118.0
2019-03-12T12:50,-64.01988,-55.93133,0.076,220.8
2019-03-12T13:00,-64.01924,-55.93002,0.31,41.7
2019-03-12T13:10,-64.01739,-55.92331,1.25,57.9
2019-03-12T13:20,-64.01806,-55.9175,0.947,104.7
2019-03-12T13:30,-64.0182,-55.91511,0.38,97.6
2019-03-12T13:40,-64.01807,-55.91561,0.093,301.6
2019-03-12T13:50,-64.01793,-55.91579,0.055,329.3
2019-03-12T14:00,-64.01793,-55.91594,0.024,268.2
2019-03-12T14:10,-64.01794,-55.91655,0.096,269.6
2019-03-12T14:20,-64.01785,-55.91765,0.176,280.2
2019-03-12T14:30,-64.01781,-55.91841,0.121,277.2
2019-03-12T14:40,-64.01783,-55.91841,0.006,178.6
2019-03-12T14:50,-64.01814,-55.91575,0.436,105.2
2019-03-12T15:00,-64.01829,-55.90981,0.937,93.3
2019-03-12T15:10,-64.01839,-55.9072,0.413,95.1
2019-03-12T15:20,-64.01846,-55.90709,0.028,141.9
2019-03-12T15:30,-64.01881,-55.90782,0.171,222.3
2019-03-12T15:40,-64.02035,-55.90819,0.56,185.9
2019-03-12T15:50,-64.01968,-55.90161,1.065,76.9
2019-03-12T16:00,-64.01959,-55.90099,0.103,71.1
2019-03-12T16:10,-64.01987,-55.90278,0.301,249.9
2019-03-12T16:20,-64.02088,-55.91002,1.198,252.4
2019-03-12T16:30,-64.02169,-55.91546,0.907,251.2
2019-03-12T16:40,-64.02183,-55.9159,0.084,235.2
2019-03-12T16:50,-64.02181,-55.91588,0.006,23.7
2019-03-12T17:00,-64.02235,-55.91267,0.543,111.0
2019-03-12T17:10,-64.02327,-55.91592,0.611,237.1
2019-03-12T17:20,-64.02362,-55.91816,0.375,250.7
2019-03-12T17:30,-64.0237,-55.91855,0.069,243.2
2019-03-12T17:40,-64.02378,-55.91875,0.043,228.2
2019-03-12T17:50,-64.02325,-55.91564,0.526,68.8
2019-03-12T18:00,-64.02305,-55.91431,0.221,71.3
2019-03-12T18:10,-64.02204,-55.90884,0.938,67.0
2019-03-12T18:20,-64.02186,-55.90811,0.132,60.5
2019-03-12T18:30,-64.02166,-55.90591,0.354,78.7
2019-03-12T18:40,-64.02167,-55.90585,0.01,113.4
2019-03-12T18:50,-64.0219,-55.90788,0.33,256.0
2019-03-12T19:00,-64.02172,-55.90572,0.348,79.3
2019-03-12T19:10,-64.02177,-55.90347,0.355,93.4
2019-03-12T19:20,-64.02167,-55.90996,1.025,272.0
2019-03-12T19:30,-64.02134,-55.91765,1.218,275.6
2019-03-12T19:40,-64.02041,-55.92416,1.08,288.2
2019-03-12T19:50,-64.0204,-55.92476,0.095,270.2
2019-03-12T20:00,-64.02041,-55.92542,0.104,269.4
2019-03-12T20:10,-64.02058,-55.92534,0.063,169.0
2019-03-12T20:20,-64.02048,-55.9232,0.34,83.7
2019-03-12T20:30,-64.02243,-55.91518,1.448,119.1
2019-03-12T20:40,-64.02167,-55.90907,1.002,74.0
2019-03-12T20:50,-64.0212,-55.90944,0.177,340.7
2019-03-12T21:00,-64.02114,-55.90826,0.188,83.4
2019-03-12T21:10,-64.02119,-55.9067,0.246,94.0
2019-03-12T21:20,-64.02085,-55.91114,0.711,280.1
2019-03-12T21:30,-64.02075,-55.91925,1.28,271.5
2019-03-12T21:40,-64.02008,-55.92735,1.3,280.9
2019-03-12T21:50,-64.01932,-55.93138,0.691,293.1
2019-03-12T22:00,-64.01902,-55.93308,0.291,292.2
2019-03-12T22:10,-64.01883,-55.93356,0.102,312.5
2019-03-12T22:20,-64.01928,-55.92383,1.543,96.1
2019-03-12T22:30,-64.01982,-55.92956,0.923,258.0
2019-03-12T22:40,-64.02027,-55.92991,0.171,198.9
2019-03-12T22:50,-64.01968,-55.9304,0.226,340.0
2019-03-12T23:00,-64.01966,-55.93066,0.041,278.0
2019-03-12T23:10,-64.0197,-55.93077,0.023,231.3
2019-03-12T23:20,-64.01958,-55.931,0.057,320.4
2019-03-12T23:30,-64.01948,-55.93095,0.037,13.0
2019-03-12T23:40,-64.01927,-55.93152,0.118,310.9
2019-03-12T23:50,-64.01931,-55.93113,0.063,104.8
2019-03-13T00:00,-64.01925,-55.93095,0.035,52.7
2019-03-13T00:10,-64.01919,-55.93086,0.027,32.8
2019-03-13T00:20,-64.0189,-55.93007,0.163,49.7
2019-03-13T00:30,-64.01964,-55.91921,1.733,98.9
2019-03-13T00:40,-64.02031,-55.91924,0.241,180.8
2019-03-13T00:50,-64.01934,-55.91848,0.369,18.9
2019-03-13T01:00,-64.01915,-55.91816,0.084,36.4
2019-03-13T01:10,-64.01925,-55.91785,0.061,125.3
2019-03-13T01:20,-64.01923,-55.91804,0.032,282.4
2019-03-13T01:30,-64.01901,-55.91786,0.084,20.0
2019-03-13T01:40,-64.01878,-55.91852,0.134,308.8
2019-03-13T01:50,-64.01849,-55.91928,0.159,311.3
2019-03-13T02:00,-64.01838,-55.91878,0.087,64.2
2019-03-13T02:10,-64.01838,-55.91884,0.009,276.9
2019-03-13T02:20,-64.01835,-55.91877,0.017,44.0
2019-03-13T02:30,-64.01839,-55.91854,0.039,112.1
2019-03-13T02:40,-64.01839,-55.91857,0.006,266.6
2019-03-13T02:50,-64.01832,-55.91881,0.045,304.5
2019-03-13T03:00,-64.01854,-55.91839,0.103,140.1
2019-03-13T03:10,-64.01872,-55.9181,0.079,144.8
2019-03-13T03:20,-64.01859,-55.91861,0.093,299.6
2019-03-13T03:30,-64.01875,-55.91838,0.067,146.9
2019-03-13T03:40,-64.01892,-55.91817,0.07,152.1
2019-03-13T03:50,-64.01915,-55.91782,0.101,146.9
2019-03-13T04:00,-64.01947,-55.91701,0.172,131.6
2019-03-13T04:10,-64.01965,-55.91687,0.067,161.4
2019-03-13T04:20,-64.01989,-55.91672,0.091,164.3
2019-03-13T04:30,-64.02009,-55.91667,0.072,174.2
2019-03-13T04:40,-64.02032,-55.91682,0.087,195.5
2019-03-13T04:50,-64.02058,-55.91695,0.093,192.5
2019-03-13T05:00,-64.02085,-55.91694,0.098,179.4
2019-03-13T05:10,-64.02161,-55.91622,0.296,157.4
2019-03-13T05:20,-64.01872,-55.91987,1.188,330.9
2019-03-13T05:30,-64.00087,-55.9343,6.819,340.5
2019-03-13T05:40,-63.99795,-55.93842,1.237,328.3
2019-03-13T05:50,-63.99362,-55.92303,2.887,57.3
2019-03-13T06:00,-63.996,-55.91307,1.792,118.7
2019-03-13T06:10,-63.99657,-55.9117,0.296,133.2
2019-03-13T06:20,-63.99661,-55.90913,0.406,92.0
2019-03-13T06:30,-63.99696,-55.91001,0.188,227.2
2019-03-13T06:40,-63.9969,-55.91245,0.386,273.2
2019-03-13T06:50,-63.99517,-55.92245,1.697,291.6
2019-03-13T07:00,-63.99438,-55.92742,0.835,289.8
2019-03-13T07:10,-63.994,-55.93014,0.45,287.7
2019-03-13T07:20,-63.99331,-55.93365,0.608,294.1
2019-03-13T07:30,-63.99353,-55.93474,0.188,246.0
2019-03-13T07:40,-63.99124,-55.94024,1.196,313.4
2019-03-13T07:50,-63.99173,-55.94078,0.194,206.0
2019-03-13T08:00,-63.99032,-55.94359,0.672,318.7
2019-03-13T08:10,-63.99103,-55.94391,0.26,191.2
2019-03-13T08:20,-63.98997,-55.94662,0.575,311.9
2019-03-13T08:30,-63.99148,-55.94564,0.567,164.3
2019-03-13T08:40,-63.99073,-55.94835,0.508,302.6
2019-03-13T08:50,-63.99173,-55.94777,0.371,165.6
2019-03-13T09:00,-63.99166,-55.94973,0.311,274.6
2019-03-13T09:10,-63.99199,-55.95069,0.193,231.3
2019-03-13T09:20,-63.99204,-55.95356,0.454,267.5
2019-03-13T09:30,-63.99286,-55.95171,0.414,135.3
2019-03-13T09:40,-63.99271,-55.95614,0.701,274.4
2019-03-13T09:50,-63.99335,-55.9549,0.3,139.5
2019-03-13T10:00,-63.99342,-55.95873,0.604,267.4
2019-03-13T10:10,-63.99379,-55.95964,0.195,227.7
2019-03-13T10:20,-63.99599,-55.9683,1.58,239.9
2019-03-13T10:30,-63.99905,-55.96951,1.117,189.8
2019-03-13T10:40,-63.99931,-55.97019,0.144,228.2
2019-03-13T10:50,-63.99994,-55.97049,0.229,192.2
2019-03-13T11:00,-64.00038,-55.97059,0.161,185.4
2019-03-13T11:10,-64.00145,-55.97382,0.639,233.1
2019-03-13T11:20,-64.00213,-55.97524,0.334,222.1
2019-03-13T11:30,-64.00245,-55.97574,0.14,214.2
2019-03-13T11:40,-64.00288,-55.97615,0.166,202.8
2019-03-13T11:50,-64.00291,-55.97645,0.049,257.7
2019-03-13T12:00,-64.00314,-55.9768,0.099,213.6
2019-03-13T12:10,-64.00332,-55.97703,0.075,209.4
2019-03-13T12:20,-64.00299,-55.97661,0.135,29.4
2019-03-13T12:30,-64.00297,-55.97672,0.019,295.3
2019-03-13T12:40,-64.00302,-55.9769,0.034,238.7
2019-03-13T12:50,-64.00308,-55.9773,0.067,250.7
2019-03-13T13:00,-64.00306,-55.97735,0.01,313.5
2019-03-13T13:10,-64.00311,-55.97729,0.02,148.8
2019-03-13T13:20,-64.00355,-55.97733,0.161,182.6
2019-03-13T13:30,-64.00358,-55.97735,0.009,197.2
2019-03-13T13:40,-64.00312,-55.97736,0.166,359.6
2019-03-13T13:50,-64.00303,-55.97734,0.031,5.2
2019-03-13T14:00,-64.00251,-55.97693,0.198,19.2
2019-03-13T14:10,-64.00237,-55.97691,0.049,3.7
2019-03-13T14:20,-64.00263,-55.9768,0.093,169.8
2019-03-13T14:30,-64.00132,-55.97352,0.702,47.7
2019-03-13T14:40,-64.00027,-55.95679,2.667,81.9
2019-03-13T14:50,-64.00003,-55.95646,0.1,31.6
2019-03-13T15:00,-63.99985,-55.95398,0.397,80.1
2019-03-13T15:10,-64.00083,-55.94948,0.794,116.6
2019-03-13T15:20,-64.00304,-55.94614,0.954,146.5
2019-03-13T15:30,-64.0062,-55.90267,6.953,99.4
2019-03-13T15:40,-64.00257,-55.84987,8.435,81.1
2019-03-13T15:50,-63.9986,-55.82668,3.93,68.7
2019-03-13T16:00,-63.99961,-55.81847,1.346,105.6
2019-03-13T16:10,-64.00171,-55.79187,4.265,100.2
2019-03-13T16:20,-64.00149,-55.78957,0.372,78.2
2019-03-13T16:30,-63.99354,-55.76864,4.371,49.1
2019-03-13T16:40,-63.98565,-55.72278,7.779,68.6
2019-03-13T16:50,-63.96803,-55.70913,6.7,18.8
2019-03-13T17:00,-63.94647,-55.70485,7.79,5.0
2019-03-13T17:10,-63.93313,-55.70147,4.833,6.3
2019-03-13T17:20,-63.93128,-55.69763,0.903,42.4
2019-03-13T17:30,-63.91987,-55.6938,4.152,8.4
2019-03-13T17:40,-63.91888,-55.69327,0.366,13.2
2019-03-13T17:50,-63.9187,-55.69262,0.123,58.1
2019-03-13T18:00,-63.91259,-55.68776,2.33,19.3
2019-03-13T18:10,-63.90255,-55.67561,4.095,28.0
2019-03-13T18:20,-63.90008,-55.67599,0.89,356.1
2019-03-13T18:30,-63.8999,-55.67574,0.077,30.3
2019-03-13T18:40,-63.90001,-55.67541,0.066,126.3
2019-03-13T18:50,-63.90006,-55.67515,0.045,116.3
2019-03-13T19:00,-63.89331,-55.67558,2.432,358.4
2019-03-13T19:10,-63.89087,-55.67699,0.905,345.7
2019-03-13T19:20,-63.89067,-55.67739,0.097,319.2
2019-03-13T19:30,-63.89041,-55.67659,0.157,53.5
2019-03-13T19:40,-63.88968,-55.67658,0.263,0.7
2019-03-13T19:50,-63.88908,-55.6764,0.218,7.4
2019-03-13T20:00,-63.88894,-55.67563,0.133,67.1
2019-03-13T20:10,-63.88875,-55.67529,0.087,38.2
2019-03-13T20:20,-63.88856,-55.67495,0.086,38.3
2019-03-13T20:30,-63.88892,-55.6735,0.263,119.7
2019-03-13T20:40,-63.88904,-55.67282,0.117,112.4
2019-03-13T20:50,-63.88955,-55.67208,0.217,147.4
2019-03-13T21:00,-63.89016,-55.67074,0.306,135.9
2019-03-13T21:10,-63.88984,-55.66938,0.243,61.8
2019-03-13T21:20,-63.88961,-55.66807,0.225,68.0
2019-03-13T21:30,-63.88913,-55.66638,0.318,57.3
2019-03-13T21:40,-63.88884,-55.66497,0.247,64.6
2019-03-13T21:50,-63.88894,-55.66285,0.338,96.5
2019-03-13T22:00,-63.88885,-55.65975,0.492,86.2
2019-03-13T22:10,-63.88855,-55.65796,0.304,69.1
2019-03-13T22:20,-63.88802,-55.6558,0.392,61.0
2019-03-13T22:30,-63.88783,-55.65677,0.169,294.7
2019-03-13T22:40,-63.88957,-55.67739,3.327,259.1
2019-03-13T22:50,-63.89729,-55.69122,3.54,218.2
2019-03-13T23:00,-63.90099,-55.69502,1.463,204.3
2019-03-13T23:10,-63.89838,-55.71411,3.167,287.3
2019-03-13T23:20,-63.89957,-55.71359,0.437,169.1
2019-03-13T23:30,-63.8995,-55.71378,0.041,312.2
2019-03-13T23:40,-63.89758,-55.71711,0.868,322.6
2019-03-13T23:50,-63.89764,-55.71697,0.033,135.9
2019-03-14T00:00,-63.8977,-55.7169,0.024,153.5
2019-03-14T00:10,-63.89753,-55.71739,0.098,309.0
2019-03-14T00:20,-63.89659,-55.7188,0.406,326.5
2019-03-14T00:30,-63.89589,-55.71922,0.261,345.4
2019-03-14T00:40,-63.89496,-55.72041,0.384,330.6
2019-03-14T00:50,-63.88417,-55.70512,4.578,32.0
2019-03-14T01:00,-63.87323,-55.7229,4.844,324.4
2019-03-14T01:10,-63.86594,-55.72347,2.625,358.0
2019-03-14T01:20,-63.86672,-55.71898,0.766,111.5
2019-03-14T01:30,-63.85999,-55.70843,2.945,34.6
2019-03-14T01:40,-63.84732,-55.70083,4.717,14.8
2019-03-14T01:50,-63.84002,-55.70971,2.985,331.8
2019-03-14T02:00,-63.83766,-55.71589,1.296,310.9
2019-03-14T02:10,-63.83908,-55.72194,1.087,242.1
2019-03-14T02:20,-63.83865,-55.71929,0.448,69.9
2019-03-14T02:30,-63.84004,-55.72887,1.603,251.7
2019-03-14T02:40,-63.8406,-55.72988,0.256,218.5
2019-03-14T02:50,-63.84061,-55.72858,0.206,90.6
2019-03-14T03:00,-63.84076,-55.72772,0.147,112.5
2019-03-14T03:10,-63.84115,-55.72786,0.141,188.8
2019-03-14T03:20,-63.84076,-55.72911,0.242,305.1
2019-03-14T03:30,-63.83595,-55.72588,1.806,16.5
2019-03-14T03:40,-63.82306,-55.72835,4.66,355.2
2019-03-14T03:50,-63.82236,-55.73751,1.476,279.7
2019-03-14T04:00,-63.81784,-55.74523,2.038,323.0
2019-03-14T04:10,-63.81744,-55.74897,0.61,283.6
2019-03-14T04:20,-63.81228,-55.75454,2.06,334.5
2019-03-14T04:30,-63.80609,-55.75016,2.334,17.4
2019-03-14T04:40,-63.80758,-55.76027,1.693,251.6
2019-03-14T04:50,-63.80701,-55.75761,0.469,64.2
2019-03-14T05:00,-63.80754,-55.75662,0.249,140.6
2019-03-14T05:10,-63.80827,-55.75602,0.279,160.1
2019-03-14T05:20,-63.80903,-55.75532,0.293,157.8
2019-03-14T05:30,-63.80818,-55.75276,0.508,53.3
2019-03-14T05:40,-63.80941,-55.75228,0.449,170.2
2019-03-14T05:50,-63.81005,-55.75147,0.263,150.8
2019-03-14T06:00,-63.81061,-55.7504,0.266,140.2
2019-03-14T06:10,-63.81156,-55.75022,0.342,175.3
2019-03-14T06:20,-63.81208,-55.75257,0.418,243.4
2019-03-14T06:30,-63.80994,-55.74383,1.588,61.0
2019-03-14T06:40,-63.80521,-55.74304,1.71,4.2
2019-03-14T06:50,-63.80591,-55.74543,0.456,236.5
2019-03-14T07:00,-63.80647,-55.74454,0.248,145.2
2019-03-14T07:10,-63.8069,-55.74401,0.175,151.5
2019-03-14T07:20,-63.80737,-55.74303,0.229,137.0
2019-03-14T07:30,-63.80807,-55.74221,0.286,152.8
2019-03-14T07:40,-63.80846,-55.74058,0.293,118.1
2019-03-14T07:50,-63.80915,-55.73844,0.423,126.3
2019-03-14T08:00,-63.80983,-55.73613,0.44,123.7
2019-03-14T08:10,-63.81072,-55.73425,0.438,136.8
2019-03-14T08:20,-63.81179,-55.73203,0.522,137.7
2019-03-14T08:30,-63.812,-55.73016,0.307,104.4
2019-03-14T08:40,-63.81251,-55.72801,0.388,118.0
2019-03-14T08:50,-63.8128,-55.72552,0.409,105.1
2019-03-14T09:00,-63.8136,-55.72336,0.447,129.8
2019-03-14T09:10,-63.8133,-55.72288,0.13,35.4
2019-03-14T09:20,-63.81431,-55.71971,0.621,125.7
2019-03-14T09:30,-63.81451,-55.71838,0.222,108.6
2019-03-14T09:40,-63.81562,-55.71499,0.672,126.6
2019-03-14T09:50,-63.81397,-55.71837,0.799,317.7
2019-03-14T10:00,-63.81238,-55.72066,0.679,327.7
2019-03-14T10:10,-63.81287,-55.71934,0.274,130.1
2019-03-14T10:20,-63.81355,-55.71722,0.414,125.9
2019-03-14T10:30,-63.81411,-55.71586,0.297,133.1
2019-03-14T10:40,-63.81375,-55.71416,0.299,64.5
2019-03-14T10:50,-63.81386,-55.71254,0.261,98.5
2019-03-14T11:00,-63.81439,-55.71037,0.394,119.2
2019-03-14T11:10,-63.81551,-55.708,0.55,136.8
2019-03-14T11:20,-63.81547,-55.7071,0.145,85.0
2019-03-14T11:30,-63.81646,-55.70446,0.549,130.4
2019-03-14T11:40,-63.81648,-55.70449,0.008,210.5
2019-03-14T11:50,-63.81693,-55.70307,0.277,125.7
2019-03-14T12:00,-63.81734,-55.70122,0.329,117.1
2019-03-14T12:10,-63.81758,-55.69896,0.369,103.2
2019-03-14T12:20,-63.81542,-55.69959,0.782,352.7
2019-03-14T12:30,-63.81773,-55.69673,0.948,151.3
2019-03-14T12:40,-63.81467,-55.69655,1.102,1.5
2019-03-14T12:50,-63.81187,-55.69668,1.009,358.8
2019-03-14T13:00,-63.81176,-55.69572,0.157,75.1
2019-03-14T13:10,-63.8125,-55.69225,0.612,115.9
2019-03-14T13:20,-63.81848,-55.68942,2.2,168.2
2019-03-14T13:30,-63.82292,-55.68062,2.123,138.8
2019-03-14T13:40,-63.8233,-55.67861,0.347,113.3
2019-03-14T13:50,-63.82345,-55.67732,0.212,104.5
2019-03-14T14:00,-63.82387,-55.67553,0.322,118.5
2019-03-14T14:10,-63.82285,-55.67744,0.477,320.7
2019-03-14T14:20,-63.82182,-55.67673,0.385,16.9
2019-03-14T14:30,-63.82237,-55.67449,0.406,119.0
2019-03-14T14:40,-63.82301,-55.67212,0.442,121.4
2019-03-14T14:50,-63.82461,-55.66835,0.831,133.9
2019-03-14T15:00,-63.82537,-55.66633,0.422,130.4
2019-03-14T15:10,-63.82462,-55.66342,0.537,59.4
2019-03-14T15:20,-63.82459,-55.66162,0.286,88.2
2019-03-14T15:30,-63.8249,-55.65988,0.298,112.1
2019-03-14T15:40,-63.82547,-55.65704,0.495,114.3
2019-03-14T15:50,-63.82601,-55.65417,0.496,113.3
2019-03-14T16:00,-63.82651,-55.65121,0.503,110.9
2019-03-14T16:10,-63.82814,-55.64577,1.046,124.2
2019-03-14T16:20,-63.82329,-55.64733,1.767,351.9
2019-03-14T16:30,-63.82357,-55.64194,0.862,96.9
2019-03-14T16:40,-63.82469,-55.63959,0.547,137.1
2019-03-14T16:50,-63.82735,-55.64706,1.525,231.0
2019-03-14T17:00,-63.82811,-55.64364,0.608,116.6
2019-03-14T17:10,-63.82902,-55.6399,0.677,119.0
2019-03-14T17:20,-63.82968,-55.63586,0.685,110.5
2019-03-14T17:30,-63.83062,-55.63192,0.712,118.4
2019-03-14T17:40,-63.83374,-55.62792,1.289,150.5
2019-03-14T17:50,-63.83657,-55.62296,1.289,142.3
2019-03-14T18:00,-63.83833,-55.61935,0.853,137.9
2019-03-14T18:10,-63.83863,-55.61565,0.598,100.6
2019-03-14T18:20,-63.83994,-55.61181,0.769,127.6
2019-03-14T18:30,-63.84049,-55.60735,0.736,105.8
2019-03-14T18:40,-63.84094,-55.60264,0.765,102.2
2019-03-14T18:50,-63.84134,-55.59789,0.767,100.7
2019-03-14T19:00,-63.83919,-55.59007,1.461,58.1
2019-03-14T19:10,-63.83745,-55.58606,0.896,45.4
2019-03-14T19:20,-63.83566,-55.58155,0.962,48.0
2019-03-14T19:30,-63.83443,-55.57684,0.868,59.4
2019-03-14T19:40,-63.83497,-55.57287,0.659,106.9
2019-03-14T19:50,-63.83565,-55.56904,0.655,111.9
2019-03-14T20:00,-63.83628,-55.56516,0.657,110.4
2019-03-14T20:10,-63.83902,-55.5625,1.071,156.8
2019-03-14T20:20,-63.84201,-55.55834,1.266,148.5
2019-03-14T20:30,-63.84618,-55.55719,1.512,173.1
2019-03-14T20:40,-63.84686,-55.55432,0.517,118.2
2019-03-14T20:50,-63.84661,-55.54929,0.803,83.4
2019-03-14T21:00,-63.84561,-55.54496,0.774,62.5
2019-03-14T21:10,-63.84323,-55.54212,0.968,27.8
2019-03-14T21:20,-63.84194,-55.53891,0.691,47.5
2019-03-14T21:30,-63.84141,-55.53586,0.521,68.6
2019-03-14T21:40,-63.84187,-55.53306,0.474,110.7
2019-03-14T21:50,-63.84254,-55.52944,0.623,112.8
2019-03-14T22:00,-63.8398,-55.52145,1.608,52.1
2019-03-14T22:10,-63.83842,-55.5009,3.301,81.3
2019-03-14T22:20,-63.83811,-55.49184,1.442,85.6
2019-03-14T22:30,-63.83842,-55.48757,0.688,99.4
2019-03-14T22:40,-63.83895,-55.48513,0.431,116.1
2019-03-14T22:50,-63.83945,-55.48249,0.456,113.3
2019-03-14T23:00,-63.83996,-55.47958,0.497,111.6
2019-03-14T23:10,-63.84048,-55.47658,0.512,111.3
2019-03-14T23:20,-63.84094,-55.47364,0.496,109.7
2019-03-14T23:30,-63.84141,-55.47092,0.462,111.1
2019-03-14T23:40,-63.84181,-55.46823,0.452,108.9
2019-03-14T23:50,-63.84205,-55.46508,0.507,99.6
2019-03-15T00:00,-63.84216,-55.462,0.49,94.9
2019-03-15T00:10,-63.84241,-55.45978,0.365,104.3
2019-03-15T00:20,-63.8427,-55.45773,0.341,107.6
2019-03-15T00:30,-63.84302,-55.45586,0.317,111.0
2019-03-15T00:40,-63.8433,-55.45406,0.305,109.7
2019-03-15T00:50,-63.84351,-55.45223,0.3,104.8
2019-03-15T01:00,-63.84368,-55.45053,0.275,102.3
2019-03-15T01:10,-63.84384,-55.44905,0.242,103.9
2019-03-15T01:20,-63.84401,-55.44748,0.257,103.7
2019-03-15T01:30,-63.84416,-55.44632,0.193,107.0
2019-03-15T01:40,-63.84434,-55.44557,0.135,118.0
2019-03-15T01:50,-63.8445,-55.4452,0.083,134.1
2019-03-15T02:00,-63.84465,-55.4448,0.084,130.8
2019-03-15T02:10,-63.84476,-55.44465,0.045,148.9
2019-03-15T02:20,-63.84479,-55.44463,0.011,157.7
2019-03-15T02:30,-63.84478,-55.44463,0.003,344.6
2019-03-15T02:40,-63.84477,-55.44464,0.004,328.3
2019-03-15T02:50,-63.84475,-55.44466,0.006,331.8
2019-03-15T03:00,-63.84474,-55.44468,0.007,325.9
2019-03-15T03:10,-63.84472,-55.44469,0.005,344.2
2019-03-15T03:20,-63.84472,-55.4447,0.002,343.6
2019-03-15T03:30,-63.84471,-55.44471,0.004,325.6
2019-03-15T03:40,-63.84469,-55.44475,0.01,318.6
2019-03-15T03:50,-63.84468,-55.44477,0.005,327.3
2019-03-15T04:00,-63.84465,-55.4448,0.011,329.6
2019-03-15T04:10,-63.84466,-55.4448,0.003,183.2
2019-03-15T04:20,-63.84465,-55.44481,0.002,328.3
2019-03-15T04:30,-63.84465,-55.44482,0.001,318.6
2019-03-15T04:40,-63.84465,-55.44483,0.002,296.8
2019-03-15T04:50,-63.84464,-55.44483,0.002,322.4
2019-03-15T05:00,-63.84464,-55.44485,0.003,311.1
2019-03-15T05:10,-63.84461,-55.44493,0.018,308.9
2019-03-15T05:20,-63.84456,-55.44508,0.03,307.8
2019-03-15T05:30,-63.84451,-55.44531,0.039,294.0
2019-03-15T05:40,-63.84444,-55.44553,0.044,307.0
2019-03-15T05:50,-63.84437,-55.44567,0.033,318.2
2019-03-15T06:00,-63.84425,-55.44511,0.099,64.0
2019-03-15T06:10,-63.84425,-55.4453,0.031,273.3
2019-03-15T06:20,-63.84423,-55.44569,0.062,274.7
2019-03-15T06:30,-63.84423,-55.44609,0.063,271.3
2019-03-15T06:40,-63.84426,-55.44645,0.059,258.4
2019-03-15T06:50,-63.84433,-55.44682,0.063,248.2
2019-03-15T07:00,-63.84442,-55.4472,0.068,241.5
2019-03-15T07:10,-63.84454,-55.44757,0.075,232.5
2019-03-15T07:20,-63.84472,-55.44792,0.083,221.5
2019-03-15T07:30,-63.84493,-55.44828,0.096,216.9
2019-03-15T07:40,-63.84518,-55.44868,0.111,215.0
2019-03-15T07:50,-63.84546,-55.44915,0.125,216.5
2019-03-15T08:00,-63.84576,-55.44967,0.137,217.6
2019-03-15T08:10,-63.84609,-55.45025,0.15,217.3
2019-03-15T08:20,-63.84646,-55.45089,0.167,217.9
2019-03-15T08:30,-63.84684,-55.4516,0.178,218.9
2019-03-15T08:40,-63.84724,-55.45235,0.188,219.8
2019-03-15T08:50,-63.84767,-55.45315,0.199,219.5
2019-03-15T09:00,-63.84812,-55.45399,0.211,219.2
2019-03-15T09:10,-63.84858,-55.45489,0.217,220.8
2019-03-15T09:20,-63.84906,-55.45578,0.224,219.4
2019-03-15T09:30,-63.84956,-55.45666,0.226,217.9
2019-03-15T09:40,-63.85007,-55.45755,0.233,217.4
2019-03-15T09:50,-63.85058,-55.45861,0.25,222.4
2019-03-15T10:00,-63.85111,-55.4596,0.246,219.7
2019-03-15T10:10,-63.85163,-55.46046,0.231,216.1
2019-03-15T10:20,-63.85218,-55.46131,0.24,213.8
2019-03-15T10:30,-63.85275,-55.4621,0.24,211.9
2019-03-15T10:40,-63.85332,-55.46285,0.238,209.9
2019-03-15T10:50,-63.85391,-55.4635,0.235,206.0
2019-03-15T11:00,-63.8545,-55.46403,0.23,201.4
2019-03-15T11:10,-63.8551,-55.46439,0.223,194.7
2019-03-15T11:20,-63.85576,-55.46471,0.243,192.1
2019-03-15T11:30,-63.85638,-55.46475,0.224,181.6
2019-03-15T11:40,-63.85702,-55.4647,0.229,178.1
2019-03-15T11:50,-63.85769,-55.46455,0.242,174.6
2019-03-15T12:00,-63.85837,-55.46427,0.25,169.6
2019-03-15T12:10,-63.85908,-55.46396,0.26,169.1
2019-03-15T12:20,-63.85974,-55.46352,0.249,163.7
2019-03-15T12:30,-63.86048,-55.46304,0.277,164.2
2019-03-15T12:40,-63.86133,-55.46245,0.321,162.9
2019-03-15T12:50,-63.86219,-55.4616,0.336,156.3
2019-03-15T13:00,-63.86302,-55.46059,0.338,151.7
2019-03-15T13:10,-63.8639,-55.45948,0.364,151.2
2019-03-15T13:20,-63.86503,-55.45936,0.406,177.4
2019-03-15T13:30,-63.86002,-55.45522,1.919,20.0
2019-03-15T13:40,-63.85965,-55.47662,3.398,272.3
2019-03-15T13:50,-63.85864,-55.48302,1.077,289.7
2019-03-15T14:00,-63.85272,-55.48161,2.142,6.0
2019-03-15T14:10,-63.85274,-55.47946,0.342,90.7
2019-03-15T14:20,-63.85377,-55.47831,0.416,154.1
2019-03-15T14:30,-63.85524,-55.47752,0.544,166.7
2019-03-15T14:40,-63.85391,-55.4731,0.85,55.7
2019-03-15T14:50,-63.85308,-55.46885,0.738,66.0
2019-03-15T15:00,-63.85327,-55.46612,0.438,99.1
2019-03-15T15:10,-63.8551,-55.46637,0.659,183.5
2019-03-15T15:20,-63.85554,-55.46368,0.455,110.5
2019-03-15T15:30,-63.85429,-55.46106,0.615,42.6
2019-03-15T15:40,-63.85165,-55.46082,0.951,2.2
2019-03-15T15:50,-63.85275,-55.45862,0.53,138.7
2019-03-15T16:00,-63.85107,-55.45729,0.64,19.2
2019-03-15T16:10,-63.85092,-55.45527,0.326,79.9
2019-03-15T16:20,-63.85086,-55.45325,0.32,86.5
2019-03-15T16:30,-63.84925,-55.45247,0.593,12.0
2019-03-15T16:40,-63.84954,-55.45042,0.343,108.2
2019-03-15T16:50,-63.85049,-55.44765,0.558,127.8
2019-03-15T17:00,-63.85103,-55.44535,0.414,118.0
2019-03-15T17:10,-63.84744,-55.44819,1.372,340.8
2019-03-15T17:20,-63.84499,-55.44815,0.882,0.4
2019-03-15T17:30,-63.84353,-55.44567,0.657,36.9
2019-03-15T17:40,-63.83946,-55.44272,1.537,17.7
2019-03-15T17:50,-63.83417,-55.4349,2.275,33.1
2019-03-15T18:00,-63.83306,-55.4308,0.762,58.6
2019-03-15T18:10,-63.83308,-55.42887,0.306,91.0
2019-03-15T18:20,-63.83332,-55.42696,0.316,105.8
2019-03-15T18:30,-63.83232,-55.42386,0.61,53.9
2019-03-15T18:40,-63.83324,-55.42262,0.383,149.4
2019-03-15T18:50,-63.8337,-55.42117,0.284,125.7
2019-03-15T19:00,-63.83263,-55.41736,0.719,57.6
2019-03-15T19:10,-63.83144,-55.41203,0.947,63.3
2019-03-15T19:20,-63.83054,-55.40791,0.731,63.6
2019-03-15T19:30,-63.82965,-55.40112,1.124,73.4
2019-03-15T19:40,-63.8295,-55.39798,0.502,84.0
2019-03-15T19:50,-63.82854,-55.39193,1.021,70.2
2019-03-15T20:00,-63.82738,-55.38689,0.903,62.4
2019-03-15T20:10,-63.82687,-55.38361,0.552,70.5
2019-03-15T20:20,-63.82643,-55.38049,0.522,72.2
2019-03-15T20:30,-63.82632,-55.37847,0.323,83.1
2019-03-15T20:40,-63.82654,-55.37726,0.209,112.9
2019-03-15T20:50,-63.8258,-55.37354,0.648,65.7
2019-03-15T21:00,-63.82619,-55.37277,0.185,138.2
2019-03-15T21:10,-63.8264,-55.3713,0.245,108.6
2019-03-15T21:20,-63.82631,-55.36912,0.349,84.4
2019-03-15T21:30,-63.82588,-55.36599,0.521,72.7
2019-03-15T21:40,-63.82532,-55.36353,0.438,62.6
2019-03-15T21:50,-63.82586,-55.36285,0.222,150.8
2019-03-15T22:00,-63.82561,-55.36058,0.372,76.2
2019-03-15T22:10,-63.82539,-55.35899,0.265,72.5
2019-03-15T22:20,-63.8247,-55.35657,0.458,56.9
2019-03-15T22:30,-63.82458,-55.35523,0.216,78.8
2019-03-15T22:40,-63.82512,-55.35473,0.211,157.5
2019-03-15T22:50,-63.82463,-55.353,0.326,57.2
2019-03-15T23:00,-63.82351,-55.35072,0.541,42.0
2019-03-15T23:10,-63.82355,-55.34974,0.157,94.7
2019-03-15T23:20,-63.82324,-55.34849,0.227,60.9
2019-03-15T23:30,-63.82204,-55.34652,0.534,35.9
2019-03-15T23:40,-63.82154,-55.34543,0.25,43.6
2019-03-15T23:50,-63.82124,-55.34468,0.159,48.3
2019-03-16T00:00,-63.82211,-55.34461,0.311,178.0
2019-03-16T00:10,-63.81748,-55.34163,1.73,15.9
2019-03-16T00:20,-63.81581,-55.34227,0.613,350.4
2019-03-16T00:30,-63.81474,-55.34246,0.385,355.6
2019-03-16T00:40,-63.81405,-55.34217,0.254,10.3
2019-03-16T00:50,-63.81321,-55.34226,0.302,357.3
2019-03-16T01:00,-63.81349,-55.33888,0.548,100.6
2019-03-16T01:10,-63.81083,-55.34304,1.162,325.3
2019-03-16T01:20,-63.80899,-55.34383,0.675,349.3
2019-03-16T01:30,-63.80798,-55.34258,0.415,28.6
2019-03-16T01:40,-63.80639,-55.34134,0.606,19.0
2019-03-16T01:50,-63.80411,-55.34043,0.834,10.1
2019-03-16T02:00,-63.80326,-55.33815,0.474,49.8
2019-03-16T02:10,-63.8013,-55.33561,0.812,29.8
2019-03-16T02:20,-63.79816,-55.33453,1.142,8.6
2019-03-16T02:30,-63.79587,-55.33145,0.961,30.6
2019-03-16T02:40,-63.79397,-55.32809,0.867,38.0
2019-03-16T02:50,-63.79182,-55.32691,0.797,13.6
2019-03-16T03:00,-63.79013,-55.31723,1.656,68.4
2019-03-16T03:10,-63.7875,-55.31354,1.113,31.8
2019-03-16T03:20,-63.78489,-55.31053,1.055,27.0
2019-03-16T03:30,-63.78247,-55.30875,0.915,17.9
2019-03-16T03:40,-63.78048,-55.30812,0.723,8.0
2019-03-16T03:50,-63.77861,-55.30839,0.675,356.3
2019-03-16T04:00,-63.77595,-55.30544,1.065,26.1
2019-03-16T04:10,-63.77337,-55.30309,1.004,21.9
2019-03-16T04:20,-63.77241,-55.30576,0.547,309.0
2019-03-16T04:30,-63.76998,-55.30251,1.018,30.6
2019-03-16T04:40,-63.76782,-55.30091,0.816,18.1
2019-03-16T04:50,-63.76579,-55.2992,0.78,20.4
2019-03-16T05:00,-63.76463,-55.30195,0.606,313.7
2019-03-16T05:10,-63.76272,-55.29965,0.78,28.0
2019-03-16T05:20,-63.76079,-55.29818,0.733,18.7
2019-03-16T05:30,-63.7588,-55.29688,0.747,16.1
2019-03-16T05:40,-63.7564,-55.29476,0.925,21.3
2019-03-16T05:50,-63.75563,-55.2956,0.309,334.6
2019-03-16T06:00,-63.75349,-55.29466,0.782,11.0
2019-03-16T06:10,-63.75143,-55.29357,0.762,13.1
2019-03-16T06:20,-63.74917,-55.29163,0.87,20.8
2019-03-16T06:30,-63.74882,-55.29344,0.315,293.6
2019-03-16T06:40,-63.74651,-55.29116,0.907,23.6
2019-03-16T06:50,-63.74397,-55.28882,0.988,22.1
2019-03-16T07:00,-63.73856,-55.28867,1.947,0.7
2019-03-16T07:10,-63.73536,-55.30425,2.737,294.9
2019-03-16T07:20,-63.73461,-55.30369,0.284,18.2
2019-03-16T07:30,-63.73429,-55.30262,0.206,55.8
2019-03-16T07:40,-63.73567,-55.31458,1.969,255.3
2019-03-16T07:50,-63.73383,-55.33957,4.035,279.4
2019-03-16T08:00,-63.73022,-55.35716,3.092,294.9
2019-03-16T08:10,-63.73116,-55.37627,3.063,263.6
2019-03-16T08:20,-63.73144,-55.38017,0.63,260.9
2019-03-16T08:30,-63.73346,-55.39237,2.075,249.4
2019-03-16T08:40,-63.73269,-55.39991,1.234,283.0
2019-03-16T08:50,-63.73182,-55.40371,0.682,297.3
2019-03-16T09:00,-63.73202,-55.40548,0.291,255.8
2019-03-16T09:10,-63.73181,-55.40806,0.417,280.5
2019-03-16T09:20,-63.72735,-55.41734,2.183,317.4
2019-03-16T09:30,-63.72907,-55.42461,1.314,241.9
2019-03-16T09:40,-63.72968,-55.42838,0.641,249.9
2019-03-16T09:50,-63.7303,-55.42947,0.282,218.0
2019-03-16T10:00,-63.73077,-55.42945,0.171,178.9
2019-03-16T10:10,-63.73142,-55.43139,0.386,233.0
2019-03-16T10:20,-63.7321,-55.4333,0.39,231.3
2019-03-16T10:30,-63.73281,-55.43513,0.39,228.6
2019-03-16T10:40,-63.73357,-55.43685,0.386,225.0
2019-03-16T10:50,-63.73436,-55.43846,0.382,222.3
2019-03-16T11:00,-63.73517,-55.43997,0.379,219.2
2019-03-16T11:10,-63.73603,-55.44136,0.381,215.8
2019-03-16T11:20,-63.73694,-55.44268,0.387,212.8
2019-03-16T11:30,-63.73788,-55.44389,0.39,209.5
2019-03-16T11:40,-63.73884,-55.44502,0.389,207.5
2019-03-16T11:50,-63.73978,-55.44602,0.376,205.2
2019-03-16T12:00,-63.74069,-55.44693,0.359,203.6
2019-03-16T12:10,-63.7416,-55.44773,0.352,201.4
2019-03-16T12:20,-63.74249,-55.44843,0.34,199.0
2019-03-16T12:30,-63.74336,-55.44887,0.32,192.6
2019-03-16T12:40,-63.74435,-55.4491,0.359,185.9
2019-03-16T12:50,-63.74493,-55.4496,0.223,201.2
2019-03-16T13:00,-63.74564,-55.44977,0.255,185.8
2019-03-16T13:10,-63.74631,-55.44992,0.243,185.8
2019-03-16T13:20,-63.74696,-55.44993,0.234,180.4
2019-03-16T13:30,-63.74762,-55.45003,0.238,184.0
2019-03-16T13:40,-63.74846,-55.45217,0.455,228.1
2019-03-16T13:50,-63.7473,-55.45868,1.119,291.8
2019-03-16T14:00,-63.73884,-55.47399,3.902,321.3
2019-03-16T14:10,-63.73924,-55.47252,0.275,121.7
2019-03-16T14:20,-63.73964,-55.4733,0.188,221.5
2019-03-16T14:30,-63.7392,-55.48091,1.222,277.4
2019-03-16T14:40,-63.73946,-55.48383,0.474,258.7
2019-03-16T14:50,-63.73809,-55.49736,2.211,282.9
2019-03-16T15:00,-63.73125,-55.50463,2.722,334.8
2019-03-16T15:10,-63.72719,-55.53407,4.914,287.3
2019-03-16T15:20,-63.71996,-55.57011,6.308,294.4
2019-03-16T15:30,-63.7196,-55.62185,8.248,270.9
2019-03-16T15:40,-63.71457,-55.6543,5.482,289.3
2019-03-16T15:50,-63.71798,-55.6883,5.558,257.2
2019-03-16T16:00,-63.71646,-55.72944,6.582,274.7
2019-03-16T16:10,-63.70729,-55.73577,3.451,343.0
2019-03-16T16:20,-63.70525,-55.74715,1.958,292.0
2019-03-16T16:30,-63.7046,-55.77679,4.734,272.9
2019-03-16T16:40,-63.70512,-55.80877,5.104,267.9
2019-03-16T16:50,-63.71001,-55.83944,5.197,250.2
2019-03-16T17:00,-63.70144,-55.89111,8.799,290.5
2019-03-16T17:10,-63.69509,-55.93163,6.857,289.5
2019-03-16T17:20,-63.69215,-55.9684,5.962,280.2
2019-03-16T17:30,-63.69107,-55.97406,0.984,293.3
2019-03-16T17:40,-63.68977,-55.97606,0.568,325.8
2019-03-16T17:50,-63.68712,-55.99459,3.106,287.9
2019-03-16T18:00,-63.68718,-55.9932,0.223,96.0
2019-03-16T18:10,-63.68684,-55.99931,0.983,277.2
2019-03-16T18:20,-63.68188,-56.01641,3.263,303.2
2019-03-16T18:30,-63.6797,-56.03612,3.242,284.0
2019-03-16T18:40,-63.67817,-56.04009,0.84,311.0
2019-03-16T18:50,-63.67491,-56.04485,1.399,327.1
2019-03-16T19:00,-63.6717,-56.04554,1.16,354.5
2019-03-16T19:10,-63.66069,-56.05166,4.085,346.2
2019-03-16T19:20,-63.64681,-56.05553,5.033,352.9
2019-03-16T19:30,-63.6416,-56.05993,2.004,339.5
2019-03-16T19:40,-63.63205,-56.08824,5.686,307.2
2019-03-16T19:50,-63.61834,-56.08282,5.012,10.0
2019-03-16T20:00,-63.6158,-56.08357,0.922,352.5
2019-03-16T20:10,-63.61545,-56.08387,0.133,339.1
2019-03-16T20:20,-63.61513,-56.08398,0.119,350.7
2019-03-16T20:30,-63.61498,-56.084,0.053,358.1
2019-03-16T20:40,-63.61478,-56.08398,0.074,2.6
2019-03-16T20:50,-63.61456,-56.08402,0.078,354.6
2019-03-16T21:00,-63.61138,-56.06271,3.597,71.5
2019-03-16T21:10,-63.59917,-56.07842,5.066,330.2
2019-03-16T21:20,-63.58781,-56.10614,6.037,312.6
2019-03-16T21:30,-63.57979,-56.13844,5.925,299.2
2019-03-16T21:40,-63.574,-56.16404,4.6,296.9
2019-03-16T21:50,-63.56886,-56.18685,4.096,296.8
2019-03-16T22:00,-63.56431,-56.21906,5.416,287.6
2019-03-16T22:10,-63.55643,-56.25752,6.788,294.7
2019-03-16T22:20,-63.53804,-56.29774,9.244,315.7
2019-03-16T22:30,-63.52139,-56.3353,8.501,314.8
2019-03-16T22:40,-63.50451,-56.36711,7.937,319.9
2019-03-16T22:50,-63.49163,-56.4051,7.667,307.2
2019-03-16T23:00,-63.47904,-56.44309,7.605,306.6
2019-03-16T23:10,-63.46735,-56.47774,6.984,307.1
2019-03-16T23:20,-63.45564,-56.51233,6.981,307.1
2019-03-16T23:30,-63.44433,-56.54622,6.809,306.7
2019-03-16T23:40,-63.43237,-56.58146,7.122,307.2
2019-03-16T23:50,-63.41973,-56.61838,7.486,307.4
2019-03-17T00:00,-63.40526,-56.65636,8.038,310.4
2019-03-17T00:10,-63.38868,-56.69374,8.483,314.7
2019-03-17T00:20,-63.36889,-56.72945,9.163,321.0
2019-03-17T00:30,-63.34407,-56.77568,11.645,320.1
2019-03-17T00:40,-63.3169,-56.81082,11.313,329.9
2019-03-17T00:50,-63.28791,-56.83742,11.29,337.6
2019-03-17T01:00,-63.25604,-56.85641,11.877,345.0
2019-03-17T01:10,-63.22499,-56.87559,11.606,344.5
2019-03-17T01:20,-63.19482,-56.89389,11.259,344.7
2019-03-17T01:30,-63.16686,-56.91345,10.557,342.5
2019-03-17T01:40,-63.14117,-56.93404,9.835,340.1
2019-03-17T01:50,-63.11426,-56.95187,10.117,343.3
2019-03-17T02:00,-63.08657,-56.96935,10.368,344.1
2019-03-17T02:10,-63.05894,-56.98674,10.342,344.1
2019-03-17T02:20,-63.03292,-57.00325,9.749,344.0
2019-03-17T02:30,-63.00661,-57.02001,9.859,343.9
2019-03-17T02:40,-62.97972,-57.03649,10.052,344.4
2019-03-17T02:50,-62.95205,-57.02709,10.081,8.8
2019-03-17T03:00,-62.92516,-56.99331,11.149,29.8
2019-03-17T03:10,-62.89783,-56.95882,11.351,29.9
2019-03-17T03:20,-62.87112,-56.92329,11.246,31.2
2019-03-17T03:30,-62.84629,-56.88201,11.22,37.2
2019-03-17T03:40,-62.82223,-56.83895,11.189,39.3
2019-03-17T03:50,-62.79888,-56.79273,11.334,42.2
2019-03-17T04:00,-62.77277,-56.75422,11.341,34.0
2019-03-17T04:10,-62.74668,-56.71604,11.307,33.8
2019-03-17T04:20,-62.72109,-56.67514,11.42,36.2
2019-03-17T04:30,-62.69599,-56.63224,11.482,38.1
2019-03-17T04:40,-62.68723,-56.56313,11.843,74.6
2019-03-17T04:50,-62.68208,-56.48837,12.489,81.5
2019-03-17T05:00,-62.67691,-56.41474,12.31,81.3
2019-03-17T05:10,-62.67193,-56.34338,11.929,81.4
2019-03-17T05:20,-62.66703,-56.27248,11.853,81.5
2019-03-17T05:30,-62.66196,-56.20034,12.065,81.3
2019-03-17T05:40,-62.65685,-56.12725,12.227,81.4
2019-03-17T05:50,-62.65187,-56.05443,12.177,81.6
2019-03-17T06:00,-62.64673,-55.98118,12.257,81.4
2019-03-17T06:10,-62.64142,-55.90703,12.416,81.2
2019-03-17T06:20,-62.63829,-55.83091,12.646,84.9
2019-03-17T06:30,-62.6364,-55.75382,12.775,87.0
2019-03-17T06:40,-62.63039,-55.67776,12.773,80.3
2019-03-17T06:50,-62.6244,-55.60108,12.876,80.4
2019-03-17T07:00,-62.61823,-55.52457,12.861,80.1
2019-03-17T07:10,-62.61195,-55.44902,12.715,79.8
2019-03-17T07:20,-62.60516,-55.37434,12.61,78.8
2019-03-17T07:30,-62.59819,-55.29934,12.676,78.6
2019-03-17T07:40,-62.59159,-55.2255,12.465,79.1
2019-03-17T07:50,-62.60093,-55.16394,10.741,108.3
2019-03-17T08:00,-62.62767,-55.12432,11.654,145.7
2019-03-17T08:10,-62.65587,-55.08981,11.649,150.7
2019-03-17T08:20,-62.68181,-55.04604,11.812,142.2
2019-03-17T08:30,-62.70633,-54.99922,11.738,138.8
2019-03-17T08:40,-62.72884,-54.94755,11.764,133.6
2019-03-17T08:50,-62.75194,-54.89794,11.667,135.5
2019-03-17T09:00,-62.77757,-54.85582,11.545,143.1
2019-03-17T09:10,-62.80297,-54.81174,11.676,141.6
2019-03-17T09:20,-62.82536,-54.76082,11.624,133.9
2019-03-17T09:30,-62.8452,-54.70528,11.593,128.1
2019-03-17T09:40,-62.8653,-54.64862,11.789,127.9
2019-03-17T09:50,-62.888,-54.59559,11.939,133.2
2019-03-17T10:00,-62.91259,-54.54629,11.991,137.6
2019-03-17T10:10,-62.9407,-54.50622,12.065,147.0
2019-03-17T10:20,-62.97007,-54.46905,12.201,150.1
2019-03-17T10:30,-63.00007,-54.43088,12.475,150.0
2019-03-17T10:40,-63.0302,-54.39268,12.517,150.1
2019-03-17T10:50,-63.05748,-54.35558,11.536,148.4
2019-03-17T11:00,-63.08252,-54.32943,9.973,154.7
2019-03-17T11:10,-63.06752,-54.31225,6.083,27.4
2019-03-17T11:20,-63.06814,-54.31269,0.236,198.1
2019-03-17T11:30,-63.06842,-54.31253,0.105,165.0
2019-03-17T11:40,-63.0687,-54.31216,0.117,148.7
2019-03-17T11:50,-63.06923,-54.31196,0.194,170.6
2019-03-17T12:00,-63.06833,-54.31254,0.338,343.8
2019-03-17T12:10,-63.06898,-54.31255,0.232,180.6
2019-03-17T12:20,-63.06878,-54.31314,0.119,306.9
2019-03-17T12:30,-63.06883,-54.31287,0.047,113.9
2019-03-17T12:40,-63.06896,-54.31272,0.053,151.3
2019-03-17T12:50,-63.06875,-54.31287,0.079,341.4
2019-03-17T13:00,-63.0686,-54.31278,0.057,15.9
2019-03-17T13:10,-63.06879,-54.31314,0.09,221.7
2019-03-17T13:20,-63.06887,-54.31285,0.057,124.0
2019-03-17T13:30,-63.06826,-54.31304,0.225,352.2
2019-03-17T13:40,-63.0687,-54.31309,0.159,182.8
2019-03-17T13:50,-63.06257,-54.31824,2.361,339.2
2019-03-17T14:00,-63.0525,-54.3306,4.147,330.9
2019-03-17T14:10,-63.05304,-54.3293,0.286,132.4
2019-03-17T14:20,-63.05282,-54.32926,0.077,4.8
2019-03-17T14:30,-63.05274,-54.32953,0.052,303.1
2019-03-17T14:40,-63.05271,-54.32858,0.156,85.0
2019-03-17T14:50,-63.05281,-54.32997,0.231,260.6
2019-03-17T15:00,-63.05289,-54.32952,0.079,111.8
2019-03-17T15:10,-63.05362,-54.32577,0.666,113.2
2019-03-17T15:20,-63.05401,-54.32277,0.508,105.7
2019-03-17T15:30,-63.05437,-54.32069,0.364,111.2
2019-03-17T15:40,-63.05434,-54.31886,0.299,87.8
2019-03-17T15:50,-63.05405,-54.31727,0.28,68.1
2019-03-17T16:00,-63.05378,-54.31558,0.293,70.3
2019-03-17T16:10,-63.05355,-54.31357,0.338,75.8
2019-03-17T16:20,-63.05002,-54.31588,1.323,343.4
2019-03-17T16:30,-63.02541,-54.2991,9.277,17.2
2019-03-17T16:40,-62.99701,-54.2914,10.302,7.0
2019-03-17T16:50,-62.96745,-54.28221,10.748,8.0
2019-03-17T17:00,-62.93734,-54.27199,10.969,8.8
2019-03-17T17:10,-62.90731,-54.27027,10.818,1.5
2019-03-17T17:20,-62.87799,-54.25633,10.799,12.2
2019-03-17T17:30,-62.849,-54.23886,10.828,15.4
2019-03-17T17:40,-62.81881,-54.22458,11.119,12.2
2019-03-17T17:50,-62.78893,-54.20757,11.116,14.6
2019-03-17T18:00,-62.75888,-54.19244,11.103,13.0
2019-03-17T18:10,-62.72828,-54.1816,11.161,9.2
2019-03-17T18:20,-62.69739,-54.17422,11.188,6.3
2019-03-17T18:30,-62.66698,-54.16779,11.001,5.6
2019-03-17T18:40,-62.63724,-54.17071,10.719,357.4
2019-03-17T18:50,-62.6074,-54.16749,10.755,2.8
2019-03-17T19:00,-62.57662,-54.15693,11.22,9.0
2019-03-17T19:10,-62.54576,-54.14728,11.229,8.2
2019-03-17T19:20,-62.51482,-54.13698,11.269,8.7
2019-03-17T19:30,-62.48339,-54.12597,11.464,9.2
2019-03-17T19:40,-62.45204,-54.11674,11.39,7.7
2019-03-17T19:50,-62.4208,-54.10476,11.425,10.1
2019-03-17T20:00,-62.3912,-54.10036,10.681,3.9
2019-03-17T20:10,-62.36201,-54.1032,10.52,357.4
2019-03-17T20:20,-62.33253,-54.09569,10.69,6.7
2019-03-17T20:30,-62.30266,-54.08734,10.842,7.4
2019-03-17T20:40,-62.2732,-54.07862,10.708,7.8
2019-03-17T20:50,-62.2445,-54.07029,10.429,7.7
2019-03-17T21:00,-62.21639,-54.06207,10.214,7.8
2019-03-17T21:10,-62.18922,-54.04657,10.122,14.9
2019-03-17T21:20,-62.16234,-54.03503,9.872,11.3
2019-03-17T21:30,-62.1373,-54.01116,9.868,24.0
2019-03-17T21:40,-62.12647,-53.98967,5.318,42.9
2019-03-17T21:50,-62.13282,-53.97084,3.906,125.8
2019-03-17T22:00,-62.10572,-53.97151,9.757,359.3
2019-03-17T22:10,-62.07661,-53.97803,10.536,354.0
2019-03-17T22:20,-62.05204,-53.94526,10.433,32.0
2019-03-17T22:30,-62.02844,-53.90863,10.509,36.1
2019-03-17T22:40,-62.00491,-53.87275,10.418,35.6
2019-03-17T22:50,-61.99494,-53.83898,6.743,57.9
2019-03-17T23:00,-61.99227,-53.79378,7.701,82.8
2019-03-17T23:10,-61.99201,-53.74922,7.536,89.3
2019-03-17T23:20,-61.9886,-53.70489,7.595,80.7
2019-03-17T23:30,-61.98424,-53.6602,7.719,78.3
2019-03-17T23:40,-61.97999,-53.6149,7.813,78.7
2019-03-17T23:50,-61.97571,-53.56914,7.892,78.8
2019-03-18T00:00,-61.97146,-53.52399,7.789,78.7
2019-03-18T00:10,-61.96717,-53.47928,7.721,78.5
2019-03-18T00:20,-61.96303,-53.43433,7.751,78.9
2019-03-18T00:30,-61.95886,-53.39022,7.615,78.7
2019-03-18T00:40,-61.95457,-53.3457,7.694,78.4
2019-03-18T00:50,-61.9504,-53.30114,7.692,78.8
2019-03-18T01:00,-61.94623,-53.25729,7.574,78.6
2019-03-18T01:10,-61.94209,-53.21416,7.453,78.5
2019-03-18T01:20,-61.93809,-53.17097,7.456,78.9
2019-03-18T01:30,-61.9335,-53.12818,7.435,77.2
2019-03-18T01:40,-61.92887,-53.08471,7.551,77.3
2019-03-18T01:50,-61.92494,-53.04096,7.546,79.2
2019-03-18T02:00,-61.92071,-53.00199,6.776,77.0
2019-03-18T02:10,-61.91971,-52.99049,1.982,79.5
2019-03-18T02:20,-61.91929,-52.98168,1.5,84.2
2019-03-18T02:30,-61.91887,-52.97349,1.396,83.8
2019-03-18T02:40,-61.90266,-52.97062,5.859,4.8
2019-03-18T02:50,-61.88134,-52.97048,7.676,0.2
2019-03-18T03:00,-61.86033,-52.9703,7.563,0.2
2019-03-18T03:10,-61.85139,-52.99545,5.349,307.0
2019-03-18T03:20,-61.85988,-53.03981,8.13,247.9
2019-03-18T03:30,-61.86833,-53.0844,8.159,248.1
2019-03-18T03:40,-61.87672,-53.12821,8.028,247.9
2019-03-18T03:50,-61.88517,-53.17145,7.942,247.5
2019-03-18T04:00,-61.89364,-53.21553,8.077,247.8
2019-03-18T04:10,-61.90248,-53.26107,8.354,247.6
2019-03-18T04:20,-61.91125,-53.30521,8.122,247.1
2019-03-18T04:30,-61.91648,-53.35088,7.968,256.3
2019-03-18T04:40,-61.92078,-53.39592,7.788,258.5
2019-03-18T04:50,-61.92395,-53.43947,7.468,261.2
2019-03-18T05:00,-61.92717,-53.48069,7.08,260.6
2019-03-18T05:10,-61.93225,-53.5196,6.841,254.5
2019-03-18T05:20,-61.94023,-53.5622,7.767,248.3
2019-03-18T05:30,-61.94902,-53.6057,8.016,246.7
2019-03-18T05:40,-61.95754,-53.65097,8.255,248.2
2019-03-18T05:50,-61.96596,-53.69585,8.179,248.2
2019-03-18T06:00,-61.97203,-53.74183,8.081,254.3
2019-03-18T06:10,-61.97676,-53.78744,7.903,257.5
2019-03-18T06:20,-61.98174,-53.83225,7.788,256.7
2019-03-18T06:30,-61.97454,-53.85484,4.617,304.1
2019-03-18T06:40,-61.96427,-53.81263,8.043,62.7
2019-03-18T06:50,-61.95498,-53.77401,7.342,62.9
2019-03-18T07:00,-61.94857,-53.72999,7.802,72.8
2019-03-18T07:10,-61.94149,-53.68661,7.776,70.9
2019-03-18T07:20,-61.93278,-53.64704,7.4,65.0
2019-03-18T07:30,-61.91962,-53.61494,7.213,48.9
2019-03-18T07:40,-61.90667,-53.5815,7.339,50.6
2019-03-18T07:50,-61.89376,-53.54727,7.437,51.3
2019-03-18T08:00,-61.8839,-53.50899,7.402,61.4
2019-03-18T08:10,-61.88601,-53.4665,7.25,96.0
2019-03-18T08:20,-61.88617,-53.42206,7.541,90.5
2019-03-18T08:30,-61.88608,-53.37747,7.565,89.8
2019-03-18T08:40,-61.88619,-53.33028,8.006,90.3
2019-03-18T08:50,-61.87649,-53.28737,8.076,64.4
2019-03-18T09:00,-61.86037,-53.25309,8.218,45.1
2019-03-18T09:10,-61.85459,-53.20624,8.225,75.4
2019-03-18T09:20,-61.8502,-53.16146,7.767,78.3
2019-03-18T09:30,-61.83724,-53.12073,8.347,56.0
2019-03-18T09:40,-61.82847,-53.07526,8.348,67.8
2019-03-18T09:50,-61.83355,-53.03093,7.754,103.7
2019-03-18T10:00,-61.82235,-52.9938,7.492,57.4
2019-03-18T10:10,-61.81422,-52.97623,4.183,45.6
2019-03-18T10:20,-61.81314,-53.00998,5.754,273.9
2019-03-18T10:30,-61.81664,-53.05025,6.963,259.5
2019-03-18T10:40,-61.81809,-53.09056,6.874,265.6
2019-03-18T10:50,-61.82033,-53.1311,6.941,263.3
2019-03-18T11:00,-61.83234,-53.176,8.771,240.5
2019-03-18T11:10,-61.83839,-53.22166,8.06,254.3
2019-03-18T11:20,-61.84219,-53.26847,8.072,260.2
2019-03-18T11:30,-61.85677,-53.30474,8.091,229.6
2019-03-18T11:40,-61.8643,-53.34414,7.219,247.9
2019-03-18T11:50,-61.86384,-53.38916,7.646,271.2
2019-03-18T12:00,-61.86471,-53.43599,7.957,267.7
2019-03-18T12:10,-61.86347,-53.48411,8.182,273.1
2019-03-18T12:20,-61.86186,-53.53034,7.871,274.2
2019-03-18T12:30,-61.87147,-53.57591,8.476,245.9
2019-03-18T12:40,-61.88349,-53.62462,9.33,242.4
2019-03-18T12:50,-61.90486,-53.65603,9.358,214.7
2019-03-18T13:00,-61.92226,-53.69506,9.112,226.5
2019-03-18T13:10,-61.9318,-53.74715,9.471,248.7
2019-03-18T13:20,-61.93362,-53.8051,9.839,266.1
2019-03-18T13:30,-61.94698,-53.84797,8.709,236.5
2019-03-18T13:40,-61.96136,-53.89317,9.239,235.9
2019-03-18T13:50,-61.96122,-53.94901,9.451,270.3
2019-03-18T14:00,-61.96006,-54.00592,9.64,272.4
2019-03-18T14:10,-61.96021,-54.0622,9.527,269.6
2019-03-18T14:20,-61.96188,-54.11752,9.381,266.3
2019-03-18T14:30,-61.96428,-54.17247,9.341,264.7
2019-03-18T14:40,-61.96672,-54.22628,9.147,264.5
2019-03-18T14:50,-61.96898,-54.28214,9.488,265.0
2019-03-18T15:00,-61.97144,-54.33855,9.585,264.7
2019-03-18T15:10,-61.97002,-54.39139,8.955,273.3
2019-03-18T15:20,-61.96758,-54.44264,8.716,275.8
2019-03-18T15:30,-61.9719,-54.49536,9.056,260.1
2019-03-18T15:40,-61.97819,-54.54914,9.375,256.0
2019-03-18T15:50,-61.98308,-54.60391,9.429,259.2
2019-03-18T16:00,-61.98637,-54.65957,9.488,262.8
2019-03-18T16:10,-61.99365,-54.71425,9.609,254.1
2019-03-18T16:20,-61.99604,-54.7698,9.431,264.7
2019-03-18T16:30,-61.99937,-54.82592,9.563,262.8
2019-03-18T16:40,-62.00288,-54.8824,9.629,262.4
2019-03-18T16:50,-62.00088,-54.93899,9.593,274.3
2019-03-18T17:00,-61.99902,-54.99376,9.281,274.1
2019-03-18T17:10,-62.00185,-55.00422,2.042,240.1
2019-03-18T17:20,-62.0019,-54.99945,0.806,91.4
2019-03-18T17:30,-62.00308,-54.99761,0.526,143.6
2019-03-18T17:40,-62.00595,-54.99826,1.039,186.1
2019-03-18T17:50,-62.00962,-55.00045,1.373,195.7
2019-03-18T18:00,-62.01231,-55.0004,0.97,179.5
2019-03-18T18:10,-62.01429,-54.99815,0.806,151.8
2019-03-18T18:20,-62.01566,-54.99441,0.803,128.2
2019-03-18T18:30,-62.01707,-54.99109,0.756,132.1
2019-03-18T18:40,-62.01852,-54.98739,0.815,129.8
2019-03-18T18:50,-62.01944,-54.98362,0.718,117.6
2019-03-18T19:00,-62.01953,-54.98195,0.284,96.6
2019-03-18T19:10,-62.01944,-54.9803,0.28,83.1
2019-03-18T19:20,-62.01936,-54.97962,0.118,75.8
2019-03-18T19:30,-62.01919,-54.98019,0.115,302.9
2019-03-18T19:40,-62.01872,-54.98025,0.167,356.5
2019-03-18T19:50,-62.02328,-54.97346,2.002,145.0
2019-03-18T20:00,-62.00373,-54.97122,7.051,3.1
2019-03-18T20:10,-61.97609,-54.98463,10.206,347.2
2019-03-18T20:20,-61.95364,-54.97334,8.304,13.3
2019-03-18T20:30,-61.95502,-54.90734,11.185,92.6
2019-03-18T20:40,-61.95776,-54.84467,10.654,95.4
2019-03-18T20:50,-61.96014,-54.78335,10.414,94.7
2019-03-18T21:00,-61.95853,-54.7214,10.503,86.9
2019-03-18T21:10,-61.95709,-54.66099,10.238,87.1
2019-03-18T21:20,-61.95597,-54.60088,10.182,87.8
2019-03-18T21:30,-61.95695,-54.5427,9.854,92.1
2019-03-18T21:40,-61.95528,-54.48382,9.986,86.6
2019-03-18T21:50,-61.95391,-54.42464,10.03,87.2
2019-03-18T22:00,-61.95477,-54.36391,10.285,91.8
2019-03-18T22:10,-61.95718,-54.30322,10.31,94.8
2019-03-18T22:20,-61.95387,-54.24145,10.524,83.5
2019-03-18T22:30,-61.9501,-54.18087,10.346,82.5
2019-03-18T22:40,-61.94611,-54.12154,10.148,81.9
2019-03-18T22:50,-61.94358,-54.06142,10.22,84.9
2019-03-18T23:00,-61.94162,-54.00153,10.168,86.0
2019-03-18T23:10,-61.94102,-53.94168,10.137,88.8
2019-03-18T23:20,-61.93439,-53.88667,9.619,75.7
2019-03-18T23:30,-61.91301,-53.83875,11.189,46.5
2019-03-18T23:40,-61.90068,-53.8023,7.61,54.3
2019-03-18T23:50,-61.90013,-53.80043,0.373,58.1
2019-03-19T00:00,-61.90001,-53.80083,0.08,302.8
2019-03-19T00:10,-61.8999,-53.80357,0.467,275.0
2019-03-19T00:20,-61.89993,-53.80678,0.544,269.0
2019-03-19T00:30,-61.90009,-53.81097,0.713,265.3
2019-03-19T00:40,-61.907,-53.78793,4.631,122.5
2019-03-19T00:50,-61.91029,-53.76213,4.533,105.2
2019-03-19T01:00,-61.91334,-53.73448,4.813,103.2
2019-03-19T01:10,-61.91791,-53.69287,7.243,103.1
2019-03-19T01:20,-61.9202,-53.67037,3.901,102.2
2019-03-19T01:30,-61.92012,-53.6639,1.098,88.3
2019-03-19T01:40,-61.92013,-53.66407,0.029,262.8
2019-03-19T01:50,-61.91981,-53.66304,0.208,56.5
2019-03-19T02:00,-61.91931,-53.66396,0.238,319.3
2019-03-19T02:10,-61.91897,-53.6643,0.134,334.6
2019-03-19T02:20,-61.92522,-53.62439,7.127,108.4
2019-03-19T02:30,-61.93434,-53.5704,9.72,109.8
2019-03-19T02:40,-61.94095,-53.537,6.137,112.8
2019-03-19T02:50,-61.94094,-53.53249,0.765,89.5
2019-03-19T03:00,-61.93994,-53.53336,0.387,337.6
2019-03-19T03:10,-61.93905,-53.53362,0.324,352.1
2019-03-19T03:20,-61.93867,-53.53324,0.152,24.9
2019-03-19T03:30,-61.93831,-53.53343,0.133,346.2
2019-03-19T03:40,-61.938,-53.5333,0.112,11.3
2019-03-19T03:50,-61.94224,-53.52546,2.021,139.0
2019-03-19T04:00,-61.95108,-53.46937,10.018,108.6
2019-03-19T04:10,-61.95975,-53.41013,10.502,107.3
2019-03-19T04:20,-61.96781,-53.36688,7.874,111.6
2019-03-19T04:30,-61.96892,-53.36948,0.595,227.8
2019-03-19T04:40,-61.9695,-53.37224,0.512,245.8
2019-03-19T04:50,-61.97037,-53.37399,0.43,223.4
2019-03-19T05:00,-61.97134,-53.37456,0.361,195.4
2019-03-19T05:10,-61.97281,-53.37431,0.534,175.5
2019-03-19T05:20,-61.97416,-53.3747,0.489,187.6
2019-03-19T05:30,-61.97562,-53.37528,0.535,190.6
2019-03-19T05:40,-61.97852,-53.36145,2.562,114.1
2019-03-19T05:50,-61.98192,-53.30178,10.166,96.9
2019-03-19T06:00,-61.98544,-53.24043,10.452,97.0
2019-03-19T06:10,-61.99292,-53.17986,10.591,104.8
2019-03-19T06:20,-61.99692,-53.15797,3.97,111.2
2019-03-19T06:30,-61.9995,-53.16065,1.035,205.9
2019-03-19T06:40,-62.00098,-53.15997,0.544,167.9
2019-03-19T06:50,-62.00289,-53.15748,0.808,148.5
2019-03-19T07:00,-62.00419,-53.15467,0.665,134.4
2019-03-19T07:10,-62.00532,-53.15003,0.883,117.4
2019-03-19T07:20,-62.00764,-53.15092,0.85,190.2
2019-03-19T07:30,-62.00871,-53.1497,0.437,151.9
2019-03-19T07:40,-62.00995,-53.14776,0.555,143.6
2019-03-19T07:50,-62.01134,-53.14666,0.533,159.6
2019-03-19T08:00,-62.01269,-53.14298,0.788,128.0
2019-03-19T08:10,-62.01432,-53.13935,0.85,133.7
2019-03-19T08:20,-62.01409,-53.133,1.076,85.6
2019-03-19T08:30,-62.02302,-53.12419,3.543,155.2
2019-03-19T08:40,-62.02714,-53.09398,5.314,106.2
2019-03-19T08:50,-62.01553,-53.07036,5.777,43.7
2019-03-19T09:00,-61.99826,-53.05773,6.577,18.9
2019-03-19T09:10,-61.98714,-53.00182,10.267,67.1
2019-03-19T09:20,-62.00328,-52.96141,8.969,130.4
2019-03-19T09:30,-62.0184,-52.94807,5.891,157.5
2019-03-19T09:40,-62.0236,-52.93438,2.975,129.0
2019-03-19T09:50,-62.03285,-52.93062,3.391,169.2
2019-03-19T10:00,-62.0402,-52.92267,2.967,153.1
2019-03-19T10:10,-62.04102,-52.91741,0.935,108.4
2019-03-19T10:20,-62.04202,-52.91208,0.97,111.8
2019-03-19T10:30,-62.04263,-52.90616,1.022,102.5
2019-03-19T10:40,-62.04295,-52.89996,1.053,96.1
2019-03-19T10:50,-62.04276,-52.89545,0.764,85.0
2019-03-19T11:00,-62.04194,-52.89088,0.826,68.9
2019-03-19T11:10,-62.04086,-52.88811,0.607,50.6
2019-03-19T11:20,-62.04026,-52.88431,0.678,71.2
2019-03-19T11:30,-62.03961,-52.87975,0.803,73.3
2019-03-19T11:40,-62.03911,-52.87505,0.814,77.1
2019-03-19T11:50,-62.03849,-52.8702,0.847,74.9
2019-03-19T12:00,-62.03764,-52.86518,0.902,70.1
2019-03-19T12:10,-62.04607,-52.84265,4.866,128.6
2019-03-19T12:20,-62.05092,-52.80872,5.986,107.0
2019-03-19T12:30,-62.05899,-52.7793,5.752,120.4
2019-03-19T12:40,-62.06504,-52.75982,3.942,123.6
2019-03-19T12:50,-62.06706,-52.72809,5.402,97.8
2019-03-19T13:00,-62.07022,-52.69102,6.353,100.3
2019-03-19T13:10,-62.06802,-52.68194,1.723,62.7
2019-03-19T13:20,-62.066,-52.67712,1.091,48.2
2019-03-19T13:30,-62.06435,-52.67559,0.647,23.6
2019-03-19T13:40,-62.06255,-52.6734,0.748,29.6
2019-03-19T13:50,-62.06062,-52.67091,0.811,31.2
2019-03-19T14:00,-62.05888,-52.66911,0.697,25.8
2019-03-19T14:10,-62.057,-52.66741,0.733,23.0
2019-03-19T14:20,-62.05523,-52.66544,0.72,27.5
2019-03-19T14:30,-62.05363,-52.66476,0.588,11.2
2019-03-19T14:40,-62.05157,-52.66446,0.741,4.0
2019-03-19T14:50,-62.04954,-52.6641,0.733,4.8
2019-03-19T15:00,-62.04749,-52.66434,0.742,356.9
2019-03-19T15:10,-62.04545,-52.66491,0.737,352.4
2019-03-19T15:20,-62.04431,-52.6644,0.422,11.9
2019-03-19T15:30,-62.05038,-52.63836,4.908,116.4
2019-03-19T15:40,-62.0571,-52.60839,5.606,115.6
2019-03-19T15:50,-62.06547,-52.5817,5.419,123.8
2019-03-19T16:00,-62.07986,-52.55242,7.158,136.4
2019-03-19T16:10,-62.09221,-52.51713,7.426,126.8
2019-03-19T16:20,-62.10104,-52.48396,6.43,119.6
2019-03-19T16:30,-62.10249,-52.4519,5.426,95.5
2019-03-19T16:40,-62.10795,-52.42172,5.451,111.2
2019-03-19T16:50,-62.112,-52.39496,4.736,107.9
2019-03-19T17:00,-62.11519,-52.3774,3.173,111.2
2019-03-19T17:10,-62.11399,-52.38002,0.616,314.2
2019-03-19T17:20,-62.11309,-52.38179,0.442,317.6
2019-03-19T17:30,-62.11263,-52.38476,0.528,288.4
2019-03-19T17:40,-62.11307,-52.38747,0.483,250.5
2019-03-19T17:50,-62.11337,-52.39044,0.512,258.1
2019-03-19T18:00,-62.11346,-52.39333,0.488,266.2
2019-03-19T18:10,-62.11326,-52.39617,0.482,278.2
2019-03-19T18:20,-62.11332,-52.39932,0.531,267.9
2019-03-19T18:30,-62.11374,-52.40249,0.556,254.3
2019-03-19T18:40,-62.1141,-52.40534,0.497,254.6
2019-03-19T18:50,-62.11467,-52.40657,0.293,225.5
2019-03-19T19:00,-62.11555,-52.40955,0.593,237.6
2019-03-19T19:10,-62.11581,-52.41597,1.085,265.2
2019-03-19T19:20,-62.12648,-52.41203,3.899,170.2
2019-03-19T19:30,-62.13267,-52.38446,5.146,115.7
2019-03-19T19:40,-62.13653,-52.35714,4.805,106.8
2019-03-19T19:50,-62.14174,-52.32938,5.032,111.9
2019-03-19T20:00,-62.14375,-52.30105,4.822,98.7
2019-03-19T20:10,-62.15161,-52.27219,5.619,120.3
2019-03-19T20:20,-62.15418,-52.23259,6.724,97.9
2019-03-19T20:30,-62.15833,-52.20123,5.481,105.8
2019-03-19T20:40,-62.16272,-52.17522,4.65,109.9
2019-03-19T20:50,-62.16445,-52.14497,5.124,97.0
2019-03-19T21:00,-62.17054,-52.11396,5.654,112.8
2019-03-19T21:10,-62.17492,-52.06621,8.18,101.2
2019-03-19T21:20,-62.18205,-52.02795,6.922,111.8
2019-03-19T21:30,-62.18748,-51.99471,5.918,109.3
2019-03-19T21:40,-62.1934,-51.96767,5.016,115.1
2019-03-19T21:50,-62.19592,-51.93222,6.023,98.7
2019-03-19T22:00,-62.19891,-51.89587,6.198,100.0
2019-03-19T22:10,-62.2031,-51.88294,2.644,124.8
2019-03-19T22:20,-62.20821,-51.86578,3.419,122.6
2019-03-19T22:30,-62.20809,-51.83506,5.158,89.5
2019-03-19T22:40,-62.21136,-51.81802,3.094,112.4
2019-03-19T22:50,-62.21469,-51.78819,5.148,103.5
2019-03-19T23:00,-62.22135,-51.76568,4.473,122.4
2019-03-19T23:10,-62.22579,-51.7465,3.593,116.4
2019-03-19T23:20,-62.22737,-51.69915,7.965,94.1
2019-03-19T23:30,-62.23173,-51.65629,7.359,102.3
2019-03-19T23:40,-62.23841,-51.61223,7.772,108.0
2019-03-19T23:50,-62.24208,-51.57275,6.75,101.3
2019-03-20T00:00,-62.24629,-51.52946,7.417,101.8
2019-03-20T00:10,-62.25147,-51.50281,4.841,112.7
2019-03-20T00:20,-62.25044,-51.49994,0.607,52.2
2019-03-20T00:30,-62.25141,-51.49736,0.558,129.0
2019-03-20T00:40,-62.25198,-51.49418,0.57,110.9
2019-03-20T00:50,-62.25203,-51.49096,0.541,92.1
2019-03-20T01:00,-62.25246,-51.48719,0.65,103.7
2019-03-20T01:10,-62.25306,-51.48395,0.584,111.5
2019-03-20T01:20,-62.25324,-51.48093,0.511,97.5
2019-03-20T01:30,-62.25343,-51.47796,0.502,97.6
2019-03-20T01:40,-62.25408,-51.47421,0.671,110.6
2019-03-20T01:50,-62.25408,-51.47066,0.596,89.9
2019-03-20T02:00,-62.25438,-51.46689,0.641,99.8
2019-03-20T02:10,-62.25494,-51.46277,0.72,106.3
2019-03-20T02:20,-62.25515,-51.45866,0.693,96.3
2019-03-20T02:30,-62.2551,-51.45456,0.687,88.5
2019-03-20T02:40,-62.2553,-51.45052,0.681,96.1
2019-03-20T02:50,-62.25577,-51.44641,0.709,103.6
2019-03-20T03:00,-62.2563,-51.44216,0.738,105.1
2019-03-20T03:10,-62.25645,-51.43884,0.559,95.6
2019-03-20T03:20,-62.25651,-51.4363,0.426,92.9
2019-03-20T03:30,-62.25671,-51.43443,0.322,103.1
2019-03-20T03:40,-62.25706,-51.43258,0.334,112.1
2019-03-20T03:50,-62.25725,-51.43033,0.383,99.9
2019-03-20T04:00,-62.25753,-51.42831,0.354,106.6
2019-03-20T04:10,-62.25755,-51.42804,0.046,100.4
2019-03-20T04:20,-62.257,-51.42748,0.217,25.2
2019-03-20T04:30,-62.25649,-51.42695,0.206,25.9
2019-03-20T04:40,-62.25626,-51.42638,0.127,48.7
2019-03-20T04:50,-62.25623,-51.42538,0.168,87.2
2019-03-20T05:00,-62.25596,-51.42435,0.198,60.2
2019-03-20T05:10,-62.25545,-51.42293,0.3,52.4
2019-03-20T05:20,-62.25468,-51.42166,0.35,37.5
2019-03-20T05:30,-62.25436,-51.41968,0.352,70.6
2019-03-20T05:40,-62.25426,-51.4167,0.501,86.0
2019-03-20T05:50,-62.25388,-51.41464,0.371,68.5
2019-03-20T06:00,-62.2531,-51.41262,0.441,50.2
2019-03-20T06:10,-62.25209,-51.41117,0.436,33.8
2019-03-20T06:20,-62.25132,-51.4099,0.351,37.5
2019-03-20T06:30,-62.25027,-51.40901,0.405,21.7
2019-03-20T06:40,-62.24927,-51.40877,0.365,6.3
2019-03-20T06:50,-62.24827,-51.40962,0.387,338.4
2019-03-20T07:00,-62.24719,-51.4103,0.404,343.6
2019-03-20T07:10,-62.24647,-51.4107,0.266,345.3
2019-03-20T07:20,-62.24624,-51.41174,0.193,295.6
2019-03-20T07:30,-62.24583,-51.41359,0.344,295.9
2019-03-20T07:40,-62.24553,-51.415,0.261,294.5
2019-03-20T07:50,-62.24534,-51.41628,0.225,287.4
2019-03-20T08:00,-62.24415,-51.41839,0.555,320.3
2019-03-20T08:10,-62.24265,-51.41997,0.603,334.0
2019-03-20T08:20,-62.24247,-51.42123,0.22,286.7
2019-03-20T08:30,-62.2425,-51.42282,0.268,268.3
2019-03-20T08:40,-62.24242,-51.42441,0.267,275.6
2019-03-20T08:50,-62.24206,-51.42587,0.277,297.9
2019-03-20T09:00,-62.2424,-51.42501,0.187,129.7
2019-03-20T09:10,-62.24215,-51.42811,0.526,279.6
2019-03-20T09:20,-62.24212,-51.42844,0.057,281.6
2019-03-20T09:30,-62.24179,-51.42924,0.18,312.1
2019-03-20T09:40,-62.24144,-51.4304,0.231,302.4
2019-03-20T09:50,-62.24113,-51.43241,0.355,288.4
2019-03-20T10:00,-62.24082,-51.43462,0.386,286.8
2019-03-20T10:10,-62.2408,-51.43596,0.226,271.9
2019-03-20T10:20,-62.24075,-51.43824,0.383,272.6
2019-03-20T10:30,-62.24084,-51.44047,0.376,265.2
2019-03-20T10:40,-62.24096,-51.44302,0.429,263.9
2019-03-20T10:50,-62.24127,-51.44316,0.114,191.8
2019-03-20T11:00,-62.24184,-51.44521,0.399,239.4
2019-03-20T11:10,-62.24236,-51.44509,0.19,174.3
2019-03-20T11:20,-62.24318,-51.44569,0.311,198.7
2019-03-20T11:30,-62.25171,-51.4763,5.98,239.1
2019-03-20T11:40,-62.26193,-51.50248,5.728,230.0
2019-03-20T11:50,-62.2667,-51.51653,2.913,233.9
2019-03-20T12:00,-62.2689,-51.54087,4.155,259.0
2019-03-20T12:10,-62.28066,-51.56772,6.177,226.7
2019-03-20T12:20,-62.28885,-51.61093,7.814,247.8
2019-03-20T12:30,-62.29828,-51.64387,6.476,238.4
2019-03-20T12:40,-62.3089,-51.67068,5.894,229.6
2019-03-20T12:50,-62.31365,-51.67768,2.074,214.4
2019-03-20T13:00,-62.31509,-51.67595,0.594,150.8
2019-03-20T13:10,-62.31601,-51.6768,0.359,203.3
2019-03-20T13:20,-62.31704,-51.67712,0.375,188.0
2019-03-20T13:30,-62.31809,-51.67693,0.38,175.3
2019-03-20T13:40,-62.3191,-51.67654,0.368,169.8
2019-03-20T13:50,-62.32003,-51.67619,0.343,170.0
2019-03-20T14:00,-62.3211,-51.67554,0.397,164.2
2019-03-20T14:10,-62.32215,-51.67543,0.381,177.3
2019-03-20T14:20,-62.32276,-51.67575,0.224,193.8
2019-03-20T14:30,-62.32373,-51.6744,0.417,147.1
2019-03-20T14:40,-62.32494,-51.67303,0.494,152.4
2019-03-20T14:50,-62.32588,-51.67196,0.38,151.9
2019-03-20T15:00,-62.32708,-51.67017,0.526,145.2
2019-03-20T15:10,-62.32802,-51.66826,0.465,136.9
2019-03-20T15:20,-62.32888,-51.66617,0.468,131.6
2019-03-20T15:30,-62.32977,-51.66377,0.512,128.4
2019-03-20T15:40,-62.33088,-51.66116,0.594,132.6
2019-03-20T15:50,-62.33208,-51.65818,0.659,130.9
2019-03-20T16:00,-62.33318,-51.65494,0.671,126.1
2019-03-20T16:10,-62.33444,-51.65152,0.731,128.6
2019-03-20T16:20,-62.33598,-51.64417,1.347,114.2
2019-03-20T16:30,-62.33675,-51.63982,0.778,111.0
2019-03-20T16:40,-62.33453,-51.65264,2.287,290.5
2019-03-20T16:50,-62.33582,-51.67778,4.228,263.7
2019-03-20T17:00,-62.3385,-51.71757,6.721,261.7
2019-03-20T17:10,-62.34153,-51.73864,3.687,252.8
2019-03-20T17:20,-62.34695,-51.76123,4.251,242.7
2019-03-20T17:30,-62.35216,-51.78734,4.749,246.7
2019-03-20T17:40,-62.35106,-51.81669,4.921,274.6
2019-03-20T17:50,-62.35729,-51.84049,4.566,240.6
2019-03-20T18:00,-62.36436,-51.85669,3.713,226.8
2019-03-20T18:10,-62.36723,-51.86058,1.221,212.1
2019-03-20T18:20,-62.36759,-51.85963,0.205,129.4
2019-03-20T18:30,-62.36831,-51.86975,1.71,261.2
2019-03-20T18:40,-62.36404,-51.87805,2.07,318.0
2019-03-20T18:50,-62.36828,-51.88789,2.243,227.1
2019-03-20T19:00,-62.37304,-51.91344,4.596,248.1
2019-03-20T19:10,-62.37786,-51.94119,4.947,249.4
2019-03-20T19:20,-62.38207,-51.96551,4.334,249.5
2019-03-20T19:30,-62.3852,-51.98575,3.56,251.6
2019-03-20T19:40,-62.38262,-52.00367,3.132,287.2
2019-03-20T19:50,-62.39245,-52.02337,4.832,222.9
2019-03-20T20:00,-62.39767,-52.02644,1.946,195.2
2019-03-20T20:10,-62.3957,-52.02581,0.718,8.4
2019-03-20T20:20,-62.3935,-52.02658,0.804,350.8
2019-03-20T20:30,-62.39132,-52.02804,0.82,342.7
2019-03-20T20:40,-62.38978,-52.02834,0.555,354.9
2019-03-20T20:50,-62.38782,-52.03019,0.771,336.4
2019-03-20T21:00,-62.38608,-52.0319,0.688,335.5
2019-03-20T21:10,-62.38384,-52.03497,0.957,327.6
2019-03-20T21:20,-62.38167,-52.03836,0.965,324.0
2019-03-20T21:30,-62.37988,-52.04068,0.753,329.0
2019-03-20T21:40,-62.37805,-52.04409,0.871,319.2
2019-03-20T21:50,-62.37617,-52.04685,0.818,325.7
2019-03-20T22:00,-62.3742,-52.05081,0.97,317.1
2019-03-20T22:10,-62.37247,-52.05343,0.76,324.8
2019-03-20T22:20,-62.37046,-52.05836,1.098,311.3
2019-03-20T22:30,-62.36692,-52.0588,1.275,356.7
2019-03-20T22:40,-62.36958,-52.07446,2.784,249.9
2019-03-20T22:50,-62.38294,-52.08001,4.899,190.9
2019-03-20T23:00,-62.38782,-52.10429,4.417,246.5
2019-03-20T23:10,-62.39878,-52.13155,6.021,229.1
2019-03-20T23:20,-62.41203,-52.16784,7.706,231.7
2019-03-20T23:30,-62.4228,-52.19154,5.538,225.5
2019-03-20T23:40,-62.43454,-52.2188,6.205,227.1
2019-03-20T23:50,-62.44879,-52.24666,6.916,222.1
2019-03-21T00:00,-62.45908,-52.27719,6.292,233.9
2019-03-21T00:10,-62.4586,-52.30474,4.589,272.2
2019-03-21T00:20,-62.46621,-52.31989,3.725,222.6
2019-03-21T00:30,-62.47528,-52.34661,5.518,233.7
2019-03-21T00:40,-62.48257,-52.37673,5.657,242.3
2019-03-21T00:50,-62.49189,-52.41112,6.631,239.6
2019-03-21T01:00,-62.49976,-52.4467,6.559,244.4
2019-03-21T01:10,-62.50866,-52.47549,5.761,236.2
2019-03-21T01:20,-62.51588,-52.50356,5.34,240.8
2019-03-21T01:30,-62.51655,-52.50492,0.33,223.2
2019-03-21T01:40,-62.51678,-52.50569,0.152,237.8
2019-03-21T01:50,-62.51718,-52.50639,0.187,218.6
2019-03-21T02:00,-62.51735,-52.50679,0.09,227.3
2019-03-21T02:10,-62.51722,-52.50769,0.156,287.5
2019-03-21T02:20,-62.51782,-52.50758,0.214,175.1
2019-03-21T02:30,-62.5182,-52.50797,0.154,204.7
2019-03-21T02:40,-62.51852,-52.50818,0.12,197.0
2019-03-21T02:50,-62.51882,-52.50825,0.108,186.6
2019-03-21T03:00,-62.5191,-52.50805,0.106,161.7
2019-03-21T03:10,-62.51924,-52.5075,0.105,120.0
2019-03-21T03:20,-62.51943,-52.50672,0.145,116.8
2019-03-21T03:30,-62.51948,-52.50564,0.18,95.9
2019-03-21T03:40,-62.51935,-52.50436,0.218,77.8
2019-03-21T03:50,-62.52285,-52.50518,1.268,186.2
2019-03-21T04:00,-62.52438,-52.52636,3.561,261.1
2019-03-21T04:10,-62.52846,-52.54471,3.383,244.3
2019-03-21T04:20,-62.53088,-52.56366,3.265,254.5
2019-03-21T04:30,-62.5297,-52.59879,5.851,274.2
2019-03-21T04:40,-62.53431,-52.64044,7.115,256.5
2019-03-21T04:50,-62.53279,-52.66582,4.248,277.4
2019-03-21T05:00,-62.53483,-52.69098,4.242,260.0
2019-03-21T05:10,-62.53155,-52.70984,3.347,290.6
2019-03-21T05:20,-62.52668,-52.73898,5.148,289.9
2019-03-21T05:30,-62.54592,-52.77199,8.832,218.4
2019-03-21T05:40,-62.56834,-52.79334,8.817,203.7
2019-03-21T05:50,-62.58686,-52.80416,6.907,195.1
2019-03-21T06:00,-62.60115,-52.80731,5.172,185.8
2019-03-21T06:10,-62.60399,-52.80179,1.37,138.2
2019-03-21T06:20,-62.60165,-52.80042,0.874,15.1
2019-03-21T06:30,-62.59988,-52.79897,0.679,20.7
2019-03-21T06:40,-62.59902,-52.79701,0.449,46.3
2019-03-21T06:50,-62.59672,-52.79655,0.834,5.3
2019-03-21T07:00,-62.59546,-52.79516,0.507,27.0
2019-03-21T07:10,-62.59416,-52.79384,0.516,25.1
2019-03-21T07:20,-62.59253,-52.79292,0.608,14.6
2019-03-21T07:30,-62.59134,-52.79254,0.431,8.2
2019-03-21T07:40,-62.58981,-52.7917,0.57,14.2
2019-03-21T07:50,-62.58798,-52.79173,0.659,359.6
2019-03-21T08:00,-62.5868,-52.79222,0.432,349.1
2019-03-21T08:10,-62.58503,-52.79344,0.669,342.4
2019-03-21T08:20,-62.58349,-52.79478,0.598,338.2
2019-03-21T08:30,-62.58919,-52.80575,2.742,221.5
2019-03-21T08:40,-62.59249,-52.82534,3.457,249.9
2019-03-21T08:50,-62.5982,-52.84281,3.552,234.6
2019-03-21T09:00,-62.59968,-52.84979,1.274,245.3
2019-03-21T09:10,-62.60467,-52.84497,1.967,156.0
2019-03-21T09:20,-62.61366,-52.858,3.89,213.7
2019-03-21T09:30,-62.61873,-52.87889,3.912,242.2
2019-03-21T09:40,-62.62341,-52.89455,3.092,237.0
2019-03-21T09:50,-62.62446,-52.91132,2.803,262.3
2019-03-21T10:00,-62.63807,-52.94987,8.045,232.4
2019-03-21T10:10,-62.65105,-52.99924,9.412,240.2
2019-03-21T10:20,-62.65738,-53.02094,4.251,237.6
2019-03-21T10:30,-62.65734,-53.02158,0.107,278.0
2019-03-21T10:40,-62.6557,-53.02325,0.652,334.9
2019-03-21T10:50,-62.65603,-53.02562,0.41,253.3
2019-03-21T11:00,-62.65517,-53.02799,0.499,308.5
2019-03-21T11:10,-62.65467,-53.0308,0.498,290.8
2019-03-21T11:20,-62.65371,-53.03455,0.711,299.1
2019-03-21T11:30,-62.65269,-53.03773,0.641,305.0
2019-03-21T11:40,-62.65247,-53.04074,0.505,279.3
2019-03-21T11:50,-62.65238,-53.04387,0.518,273.7
2019-03-21T12:00,-62.6517,-53.04751,0.65,292.0
2019-03-21T12:10,-62.65179,-53.05106,0.588,266.9
2019-03-21T12:20,-62.65156,-53.05398,0.49,279.7
2019-03-21T12:30,-62.66096,-53.08037,5.524,232.2
2019-03-21T12:40,-62.66428,-53.12371,7.264,260.5
2019-03-21T12:50,-62.67266,-53.16712,7.785,247.2
2019-03-21T13:00,-62.68043,-53.2081,7.327,247.5
2019-03-21T13:10,-62.69133,-53.2466,7.474,238.3
2019-03-21T13:20,-62.70723,-53.2726,7.156,216.9
2019-03-21T13:30,-62.7144,-53.28126,2.953,209.0
2019-03-21T13:40,-62.71799,-53.28765,1.669,219.2
2019-03-21T13:50,-62.71878,-53.28998,0.478,233.5
2019-03-21T14:00,-62.71858,-53.2892,0.148,61.0
2019-03-21T14:10,-62.71907,-53.2895,0.183,195.4
2019-03-21T14:20,-62.71954,-53.28934,0.17,171.0
2019-03-21T14:30,-62.7197,-53.28844,0.159,111.6
2019-03-21T14:40,-62.71952,-53.28763,0.148,64.3
2019-03-21T14:50,-62.71313,-53.29806,2.875,323.2
2019-03-21T15:00,-62.68635,-53.28867,9.766,9.1
2019-03-21T15:10,-62.69258,-53.23539,9.083,104.3
2019-03-21T15:20,-62.68751,-53.2141,3.963,62.6
2019-03-21T15:30,-62.69387,-53.19892,3.398,132.4
2019-03-21T15:40,-62.70614,-53.18358,5.094,150.2
2019-03-21T15:50,-62.71359,-53.16655,3.884,133.7
2019-03-21T16:00,-62.7175,-53.12154,7.562,100.8
2019-03-21T16:10,-62.71863,-53.12109,0.41,169.6
2019-03-21T16:20,-62.71921,-53.12225,0.283,222.3
2019-03-21T16:30,-62.7191,-53.12485,0.431,275.1
2019-03-21T16:40,-62.71981,-53.12512,0.26,189.9
2019-03-21T16:50,-62.72049,-53.12358,0.354,133.9
2019-03-21T17:00,-62.72086,-53.12157,0.356,111.4
2019-03-21T17:10,-62.72126,-53.11969,0.343,115.2
2019-03-21T17:20,-62.72162,-53.11773,0.349,111.9
2019-03-21T17:30,-62.72214,-53.11618,0.317,126.3
2019-03-21T17:40,-62.72216,-53.11455,0.269,91.8
2019-03-21T17:50,-62.72168,-53.11176,0.492,69.3
2019-03-21T18:00,-62.72087,-53.10964,0.456,50.2
2019-03-21T18:10,-62.7199,-53.10777,0.467,41.3
2019-03-21T18:20,-62.71905,-53.10565,0.464,49.0
2019-03-21T18:30,-62.7181,-53.10386,0.453,40.7
2019-03-21T18:40,-62.71709,-53.10239,0.437,33.7
2019-03-21T18:50,-62.71356,-53.11069,1.869,312.8
2019-03-21T19:00,-62.71896,-53.12727,3.358,234.6
2019-03-21T19:10,-62.71706,-53.13691,1.732,293.3
2019-03-21T19:20,-62.71077,-53.15781,4.126,303.3
2019-03-21T19:30,-62.71728,-53.18569,5.163,243.0
2019-03-21T19:40,-62.72385,-53.22227,6.484,248.6
2019-03-21T19:50,-62.71371,-53.25751,6.868,302.1
2019-03-21T20:00,-62.71173,-53.2573,0.713,2.8
2019-03-21T20:10,-62.71019,-53.26014,0.726,319.8
2019-03-21T20:20,-62.70949,-53.26299,0.534,298.0
2019-03-21T20:30,-62.70916,-53.26369,0.165,316.3
2019-03-21T20:40,-62.70799,-53.26695,0.684,308.1
2019-03-21T20:50,-62.71536,-53.29594,5.473,241.0
2019-03-21T21:00,-62.73089,-53.34605,9.981,235.9
2019-03-21T21:10,-62.74693,-53.39566,10.014,234.8
2019-03-21T21:20,-62.76303,-53.44085,9.438,232.1
2019-03-21T21:30,-62.76636,-53.45027,1.963,232.3
2019-03-21T21:40,-62.76458,-53.4486,0.697,23.2
2019-03-21T21:50,-62.76352,-53.44859,0.381,0.3
2019-03-21T22:00,-62.76268,-53.44971,0.356,328.7
2019-03-21T22:10,-62.7625,-53.45164,0.324,281.3
2019-03-21T22:20,-62.76272,-53.45419,0.427,259.3
2019-03-21T22:30,-62.76304,-53.45692,0.466,255.5
2019-03-21T22:40,-62.76119,-53.4563,0.674,8.8
2019-03-21T22:50,-62.76075,-53.45606,0.165,13.8
2019-03-21T23:00,-62.75942,-53.45382,0.605,37.6
2019-03-21T23:10,-62.75753,-53.45159,0.771,28.5
2019-03-21T23:20,-62.75562,-53.45009,0.732,19.7
2019-03-21T23:30,-62.76066,-53.45263,1.862,193.0
2019-03-21T23:40,-62.7719,-53.49913,8.665,242.1
2019-03-21T23:50,-62.78259,-53.54491,8.466,242.9
2019-03-22T00:00,-62.79421,-53.58275,7.504,236.1
2019-03-22T00:10,-62.80574,-53.60914,6.008,226.3
2019-03-22T00:20,-62.80663,-53.60266,1.113,106.7
2019-03-22T00:30,-62.80499,-53.60135,0.625,20.1
2019-03-22T00:40,-62.80382,-53.60104,0.425,6.9
2019-03-22T00:50,-62.80691,-53.59912,1.157,164.1
2019-03-22T01:00,-62.81766,-53.65043,9.286,245.3
2019-03-22T01:10,-62.82971,-53.70579,10.084,244.5
2019-03-22T01:20,-62.84176,-53.75668,9.424,242.5
2019-03-22T01:30,-62.84832,-53.75933,2.4,190.5
2019-03-22T01:40,-62.84745,-53.76,0.332,340.6
2019-03-22T01:50,-62.84608,-53.76109,0.525,340.1
2019-03-22T02:00,-62.84417,-53.77501,2.388,286.7
2019-03-22T02:10,-62.85804,-53.82881,10.154,240.5
2019-03-22T02:20,-62.86973,-53.87287,8.37,239.8
2019-03-22T02:30,-62.88028,-53.91179,7.432,239.2
2019-03-22T02:40,-62.8909,-53.95324,7.805,240.6
2019-03-22T02:50,-62.90269,-53.97855,5.936,224.4
2019-03-22T03:00,-62.91362,-54.01257,6.828,234.8
2019-03-22T03:10,-62.92172,-54.02801,3.86,220.9
2019-03-22T03:20,-62.9206,-54.02944,0.468,329.9
2019-03-22T03:30,-62.92022,-54.03255,0.527,284.9
2019-03-22T03:40,-62.9198,-54.03446,0.349,296.0
2019-03-22T03:50,-62.91978,-54.03704,0.422,270.7
2019-03-22T04:00,-62.92492,-54.05808,3.912,241.8
2019-03-22T04:10,-62.93496,-54.08728,5.999,232.9
2019-03-22T04:20,-62.93829,-54.10917,3.78,251.5
2019-03-22T04:30,-62.94687,-54.11824,3.428,205.7
2019-03-22T04:40,-62.96091,-54.15625,8.019,230.9
2019-03-22T04:50,-62.96716,-54.18729,5.555,246.1
2019-03-22T05:00,-62.97672,-54.22112,6.518,238.1
2019-03-22T05:10,-62.99023,-54.26213,8.285,234.0
2019-03-22T05:20,-62.99881,-54.30726,7.999,247.3
2019-03-22T05:30,-62.99971,-54.3294,3.633,264.9
2019-03-22T05:40,-62.99976,-54.32671,0.439,92.3
2019-03-22T05:50,-62.99953,-54.32637,0.098,34.5
2019-03-22T06:00,-63.00292,-54.33268,1.597,220.2
2019-03-22T06:10,-63.01672,-54.35787,6.453,219.6
2019-03-22T06:20,-63.02566,-54.3434,3.993,143.7
2019-03-22T06:30,-63.03265,-54.32046,4.513,123.9
2019-03-22T06:40,-63.04405,-54.28275,7.398,123.7
2019-03-22T06:50,-63.04927,-54.2649,3.468,122.8
2019-03-22T07:00,-63.05387,-54.25109,2.797,126.3
2019-03-22T07:10,-63.05703,-54.2396,2.192,121.2
2019-03-22T07:20,-63.06221,-54.22214,3.405,123.2
2019-03-22T07:30,-63.06706,-54.20507,3.287,122.1
2019-03-22T07:40,-63.07158,-54.18875,3.118,121.4
2019-03-22T07:50,-63.07843,-54.19549,2.7,204.0
2019-03-22T08:00,-63.08041,-54.21546,3.331,257.7
2019-03-22T08:10,-63.07213,-54.22589,3.43,330.3
2019-03-22T08:20,-63.07004,-54.24545,3.277,283.3
2019-03-22T08:30,-63.06273,-54.26448,4.069,310.3
2019-03-22T08:40,-63.05898,-54.27512,2.199,307.9
2019-03-22T08:50,-63.05334,-54.29507,3.836,302.0
2019-03-22T09:00,-63.04764,-54.31255,3.515,305.7
2019-03-22T09:10,-63.04121,-54.33206,3.938,306.0
2019-03-22T09:20,-63.03214,-54.35834,5.389,307.2
2019-03-22T09:30,-63.03391,-54.37929,3.48,259.5
2019-03-22T09:40,-63.04111,-54.36946,3.05,148.2
2019-03-22T09:50,-63.04944,-54.3562,3.697,144.2
2019-03-22T10:00,-63.05406,-54.33911,3.247,120.8
2019-03-22T10:10,-63.05993,-54.32077,3.664,125.3
2019-03-22T10:20,-63.06273,-54.29935,3.636,106.1
2019-03-22T10:30,-63.07072,-54.31041,3.396,212.1
2019-03-22T10:40,-63.07108,-54.31839,1.307,264.2
2019-03-22T10:50,-63.06578,-54.32852,2.526,319.1
2019-03-22T11:00,-63.06491,-54.3213,1.218,75.2
2019-03-22T11:10,-63.07379,-54.3242,3.229,188.4
2019-03-22T11:20,-63.07882,-54.35066,4.68,247.2
2019-03-22T11:30,-63.07725,-54.35231,0.626,334.5
2019-03-22T11:40,-63.07532,-54.35443,0.777,333.6
2019-03-22T11:50,-63.07341,-54.35611,0.739,338.2
2019-03-22T12:00,-63.07191,-54.3579,0.614,331.6
2019-03-22T12:10,-63.07098,-54.35935,0.412,325.1
2019-03-22T12:20,-63.06891,-54.3613,0.809,336.9
2019-03-22T12:30,-63.07694,-54.33877,4.674,128.2
2019-03-22T12:40,-63.08571,-54.32086,4.301,137.2
2019-03-22T12:50,-63.08456,-54.32205,0.456,334.8
2019-03-22T13:00,-63.08245,-54.32523,0.921,325.7
2019-03-22T13:10,-63.08085,-54.32817,0.751,320.3
2019-03-22T13:20,-63.0786,-54.33096,0.929,330.7
2019-03-22T13:30,-63.07562,-54.33508,1.263,327.9
2019-03-22T13:40,-63.07485,-54.33662,0.375,317.9
2019-03-22T13:50,-63.0744,-54.33817,0.299,302.4
2019-03-22T14:00,-63.07155,-54.34127,1.147,333.8
2019-03-22T14:10,-63.06887,-54.34419,1.075,333.7
2019-03-22T14:20,-63.06726,-54.34605,0.654,332.4
2019-03-22T14:30,-63.06501,-54.3479,0.864,339.5
2019-03-22T14:40,-63.06374,-54.3488,0.479,342.2
2019-03-22T14:50,-63.06315,-54.34962,0.251,327.9
2019-03-22T15:00,-63.0633,-54.34965,0.055,185.3
2019-03-22T15:10,-63.06353,-54.34975,0.085,191.7
2019-03-22T15:20,-63.06349,-54.34914,0.101,80.4
2019-03-22T15:30,-63.06871,-54.34512,1.991,160.8
2019-03-22T15:40,-63.07859,-54.33018,4.311,145.6
2019-03-22T15:50,-63.08272,-54.32921,1.496,174.0
2019-03-22T16:00,-63.08283,-54.32936,0.047,211.6
2019-03-22T16:10,-63.08246,-54.32963,0.141,342.0
2019-03-22T16:20,-63.08248,-54.32938,0.042,100.8
2019-03-22T16:30,-63.08283,-54.32855,0.185,132.9
2019-03-22T16:40,-63.08269,-54.32886,0.072,315.1
2019-03-22T16:50,-63.08263,-54.32907,0.039,299.3
2019-03-22T17:00,-63.08347,-54.33915,1.67,259.6
2019-03-22T17:10,-63.06854,-54.31577,6.59,35.3
2019-03-22T17:20,-63.06789,-54.3131,0.494,61.6
2019-03-22T17:30,-63.06943,-54.3129,0.556,176.6
2019-03-22T17:40,-63.06904,-54.31106,0.331,64.8
2019-03-22T17:50,-63.06824,-54.30902,0.439,49.4
2019-03-22T18:00,-63.06871,-54.30704,0.362,117.3
2019-03-22T18:10,-63.06896,-54.30535,0.29,108.3
2019-03-22T18:20,-63.06935,-54.303,0.408,110.1
2019-03-22T18:30,-63.0692,-54.30168,0.222,75.6
2019-03-22T18:40,-63.07583,-54.30776,2.586,202.5
2019-03-22T18:50,-63.08362,-54.32308,3.755,221.7
2019-03-22T19:00,-63.0834,-54.32465,0.267,286.6
2019-03-22T19:10,-63.08291,-54.32628,0.32,303.9
2019-03-22T19:20,-63.08143,-54.32818,0.616,329.7
2019-03-22T19:30,-63.08105,-54.32758,0.169,35.8
2019-03-22T19:40,-63.08125,-54.32672,0.158,117.9
2019-03-22T19:50,-63.08128,-54.3257,0.167,93.1
2019-03-22T20:00,-63.08014,-54.32427,0.471,29.6
2019-03-22T20:10,-63.07918,-54.32295,0.408,32.0
2019-03-22T20:20,-63.07994,-54.3218,0.333,145.7
2019-03-22T20:30,-63.07795,-54.32209,0.718,356.2
2019-03-22T20:40,-63.07677,-54.32289,0.446,342.9
2019-03-22T20:50,-63.07897,-54.32696,1.032,220.0
2019-03-22T21:00,-63.08476,-54.3379,2.745,220.5
2019-03-22T21:10,-63.08415,-54.3356,0.435,59.5
2019-03-22T21:20,-63.08258,-54.32801,1.36,65.5
2019-03-22T21:30,-63.08067,-54.32391,0.961,44.1
2019-03-22T21:40,-63.07867,-54.31874,1.107,49.5
2019-03-22T21:50,-63.0768,-54.31715,0.722,21.1
2019-03-22T22:00,-63.07459,-54.31641,0.803,8.6
2019-03-22T22:10,-63.07209,-54.31476,0.938,16.6
2019-03-22T22:20,-63.06512,-54.3076,2.77,24.9
2019-03-22T22:30,-63.0632,-54.30933,0.745,337.9
2019-03-22T22:40,-63.06318,-54.30995,0.102,274.2
2019-03-22T22:50,-63.06326,-54.31093,0.163,259.7
2019-03-22T23:00,-63.06506,-54.31231,0.684,199.2
2019-03-22T23:10,-63.06656,-54.31385,0.596,204.9
2019-03-22T23:20,-63.06553,-54.31378,0.371,1.8
2019-03-22T23:30,-63.06551,-54.3132,0.095,84.8
2019-03-22T23:40,-63.06423,-54.31152,0.534,30.7
2019-03-22T23:50,-63.0589,-54.3133,1.94,351.4
2019-03-23T00:00,-63.05504,-54.31495,1.415,349.0
2019-03-23T00:10,-63.05454,-54.31583,0.232,321.4
2019-03-23T00:20,-63.05537,-54.31654,0.32,201.0
2019-03-23T00:30,-63.05694,-54.31713,0.574,189.8
2019-03-23T00:40,-63.05847,-54.31761,0.556,188.1
2019-03-23T00:50,-63.05878,-54.31839,0.169,229.2
2019-03-23T01:00,-63.05911,-54.31956,0.224,238.2
2019-03-23T01:10,-63.0536,-54.32333,2.077,342.8
2019-03-23T01:20,-63.06241,-54.32002,3.218,170.3
2019-03-23T01:30,-63.07729,-54.31666,5.384,174.2
2019-03-23T01:40,-63.07514,-54.3182,0.813,342.0
2019-03-23T01:50,-63.07288,-54.32028,0.879,337.3
2019-03-23T02:00,-63.07391,-54.32243,0.508,223.5
2019-03-23T02:10,-63.07459,-54.32473,0.448,236.9
2019-03-23T02:20,-63.07597,-54.32704,0.625,217.0
2019-03-23T02:30,-63.07614,-54.32898,0.322,259.1
2019-03-23T02:40,-63.07615,-54.33082,0.3,269.4
2019-03-23T02:50,-63.07085,-54.33239,1.925,352.3
2019-03-23T03:00,-63.07067,-54.33325,0.155,295.5
2019-03-23T03:10,-63.07061,-54.33412,0.143,278.7
2019-03-23T03:20,-63.07077,-54.33459,0.097,233.4
2019-03-23T03:30,-63.07093,-54.33523,0.119,240.1
2019-03-23T03:40,-63.07103,-54.33593,0.12,253.2
2019-03-23T03:50,-63.07109,-54.33646,0.09,255.2
2019-03-23T04:00,-63.07114,-54.33683,0.063,254.3
2019-03-23T04:10,-63.06927,-54.33689,0.675,359.1
2019-03-23T04:20,-63.06835,-54.33635,0.34,15.2
2019-03-23T04:30,-63.06731,-54.33596,0.383,9.5
2019-03-23T04:40,-63.06754,-54.33571,0.094,154.3
2019-03-23T04:50,-63.06759,-54.3352,0.084,100.9
2019-03-23T05:00,-63.06724,-54.33423,0.201,52.2
2019-03-23T05:10,-63.06699,-54.33295,0.228,66.5
2019-03-23T05:20,-63.06793,-54.3314,0.423,143.2
2019-03-23T05:30,-63.0688,-54.32985,0.403,141.2
2019-03-23T05:40,-63.06979,-54.32847,0.419,147.7
2019-03-23T05:50,-63.07041,-54.32665,0.372,127.0
2019-03-23T06:00,-63.07118,-54.32479,0.413,132.7
2019-03-23T06:10,-63.07216,-54.32291,0.466,138.7
2019-03-23T06:20,-63.07316,-54.32107,0.47,140.3
2019-03-23T06:30,-63.07438,-54.31918,0.537,145.1
2019-03-23T06:40,-63.07574,-54.31754,0.558,151.2
2019-03-23T06:50,-63.07582,-54.31575,0.292,95.4
2019-03-23T07:00,-63.075,-54.31361,0.458,49.9
2019-03-23T07:10,-63.07309,-54.31111,0.797,30.7
2019-03-23T07:20,-63.06667,-54.30155,2.79,34.0
2019-03-23T07:30,-63.05238,-54.27613,6.606,38.9
2019-03-23T07:40,-63.03943,-54.2524,6.063,39.7
2019-03-23T07:50,-63.02596,-54.22528,6.567,42.4
2019-03-23T08:00,-63.01144,-54.19499,7.198,43.4
2019-03-23T08:10,-62.99721,-54.16593,6.987,42.8
2019-03-23T08:20,-62.98296,-54.13709,6.97,42.6
2019-03-23T08:30,-62.97133,-54.11999,5.034,33.8
2019-03-23T08:40,-62.95453,-54.08943,7.85,39.6
2019-03-23T08:50,-62.94072,-54.06793,6.093,35.3
2019-03-23T09:00,-62.9322,-54.0463,4.684,49.1
2019-03-23T09:10,-62.92256,-54.02777,4.613,41.2
2019-03-23T09:20,-62.91562,-54.01208,3.586,45.8
2019-03-23T09:30,-62.9008,-53.99213,6.256,31.5
2019-03-23T09:40,-62.88099,-53.97159,7.891,25.3
2019-03-23T09:50,-62.86361,-53.94919,7.258,30.5
2019-03-23T10:00,-62.84838,-53.91679,7.641,44.2
2019-03-23T10:10,-62.82768,-53.88061,9.535,38.6
2019-03-23T10:20,-62.80425,-53.84411,10.356,35.5
2019-03-23T10:30,-62.78194,-53.80747,10.045,36.9
2019-03-23T10:40,-62.7625,-53.76712,9.651,43.5
2019-03-23T10:50,-62.74043,-53.73066,9.964,37.1
2019-03-23T11:00,-62.71312,-53.71552,10.146,14.3
2019-03-23T11:10,-62.6883,-53.70914,8.996,6.7
2019-03-23T11:20,-62.66358,-53.6993,9.051,10.4
2019-03-23T11:30,-62.63934,-53.6895,8.877,10.5
2019-03-23T11:40,-62.61474,-53.68016,8.991,9.9
2019-03-23T11:50,-62.58959,-53.67142,9.168,9.1
2019-03-23T12:00,-62.56419,-53.66334,9.243,8.3
2019-03-23T12:10,-62.53862,-53.65546,9.299,8.1
2019-03-23T12:20,-62.51369,-53.64349,9.192,12.5
2019-03-23T12:30,-62.48803,-53.63032,9.494,13.3
2019-03-23T12:40,-62.462,-53.61785,9.6,12.5
2019-03-23T12:50,-62.43573,-53.60784,9.606,10.0
2019-03-23T13:00,-62.41,-53.59832,9.398,9.7
2019-03-23T13:10,-62.38431,-53.58938,9.37,9.2
2019-03-23T13:20,-62.35851,-53.58024,9.414,9.3
2019-03-23T13:30,-62.34146,-53.57482,6.203,8.4
2019-03-23T13:40,-62.33884,-53.57636,0.978,344.8
2019-03-23T13:50,-62.33851,-53.58006,0.629,280.9
2019-03-23T14:00,-62.33815,-53.58379,0.638,281.7
2019-03-23T14:10,-62.33683,-53.58622,0.625,319.4
2019-03-23T14:20,-62.33506,-53.5884,0.735,330.3
2019-03-23T14:30,-62.33389,-53.59062,0.561,318.5
2019-03-23T14:40,-62.33334,-53.59331,0.492,294.1
2019-03-23T14:50,-62.33289,-53.59631,0.527,287.7
2019-03-23T15:00,-62.33264,-53.59935,0.516,279.9
2019-03-23T15:10,-62.32865,-53.59932,1.439,0.2
2019-03-23T15:20,-62.30264,-53.58163,9.82,17.5
2019-03-23T15:30,-62.27532,-53.56336,10.3,17.3
2019-03-23T15:40,-62.24772,-53.54744,10.29,15.0
2019-03-23T15:50,-62.22062,-53.52943,10.215,17.2
2019-03-23T16:00,-62.19413,-53.50988,10.086,19.0
2019-03-23T16:10,-62.16746,-53.49046,10.144,18.8
2019-03-23T16:20,-62.14029,-53.47186,10.268,17.7
2019-03-23T16:30,-62.11309,-53.4529,10.3,18.1
2019-03-23T16:40,-62.08568,-53.4333,10.406,18.5
2019-03-23T16:50,-62.05819,-53.41407,10.417,18.1
2019-03-23T17:00,-62.03025,-53.3986,10.393,14.5
2019-03-23T17:10,-62.00245,-53.38298,10.35,14.8
2019-03-23T17:20,-61.97454,-53.36752,10.385,14.6
2019-03-23T17:30,-61.94637,-53.35145,10.5,15.0
2019-03-23T17:40,-61.92647,-53.33854,7.491,17.0
2019-03-23T17:50,-61.92013,-53.332,2.54,25.9
2019-03-23T18:00,-61.91824,-53.32894,0.854,37.4
2019-03-23T18:10,-61.91674,-53.32619,0.715,40.7
2019-03-23T18:20,-61.91519,-53.32276,0.807,46.2
2019-03-23T18:30,-61.91477,-53.32395,0.251,306.4
2019-03-23T18:40,-61.91435,-53.32631,0.429,290.9
2019-03-23T18:50,-61.91198,-53.32344,0.98,29.8
2019-03-23T19:00,-61.91119,-53.31852,0.882,71.1
2019-03-23T19:10,-61.91044,-53.31168,1.191,76.8
2019-03-23T19:20,-61.90974,-53.30432,1.272,78.5
2019-03-23T19:30,-61.909,-53.29729,1.221,77.4
2019-03-23T19:40,-61.90812,-53.28957,1.346,76.4
2019-03-23T19:50,-61.90706,-53.28143,1.432,74.6
2019-03-23T20:00,-61.90592,-53.27472,1.21,70.0
2019-03-23T20:10,-61.90653,-53.2711,0.653,110.0
2019-03-23T20:20,-61.90784,-53.27438,0.727,229.9
2019-03-23T20:30,-61.90746,-53.27971,0.912,278.5
2019-03-23T20:40,-61.90371,-53.27855,1.363,8.3
2019-03-23T20:50,-61.90183,-53.27094,1.457,62.3
2019-03-23T21:00,-61.90036,-53.26562,1.047,59.6
2019-03-23T21:10,-61.89931,-53.26221,0.691,56.8
2019-03-23T21:20,-61.89874,-53.25964,0.481,65.1
2019-03-23T21:30,-61.89802,-53.25682,0.546,61.3
2019-03-23T21:40,-61.8974,-53.25332,0.633,69.6
2019-03-23T21:50,-61.89708,-53.25019,0.543,77.6
2019-03-23T22:00,-61.89695,-53.24679,0.578,85.2
2019-03-23T22:10,-61.89653,-53.24271,0.708,77.8
2019-03-23T22:20,-61.89606,-53.23855,0.725,76.5
2019-03-23T22:30,-61.89628,-53.23507,0.595,97.8
2019-03-23T22:40,-61.89707,-53.22925,1.027,106.0
2019-03-23T22:50,-61.89811,-53.22485,0.836,116.7
2019-03-23T23:00,-61.89972,-53.22404,0.597,166.8
2019-03-23T23:10,-61.9019,-53.22378,0.784,176.8
2019-03-23T23:20,-61.90408,-53.22363,0.788,178.1
2019-03-23T23:30,-61.90612,-53.22344,0.732,177.5
2019-03-23T23:40,-61.90803,-53.22341,0.691,179.6
2019-03-23T23:50,-61.91,-53.22339,0.707,179.7
2019-03-24T00:00,-61.91182,-53.2239,0.662,187.5
2019-03-24T00:10,-61.91374,-53.22411,0.693,183.0
2019-03-24T00:20,-61.91579,-53.22487,0.749,189.9
2019-03-24T00:30,-61.91787,-53.22557,0.757,189.1
2019-03-24T00:40,-61.91977,-53.22589,0.687,184.5
2019-03-24T00:50,-61.92173,-53.22614,0.708,183.5
2019-03-24T01:00,-61.9229,-53.22831,0.558,221.3
2019-03-24T01:10,-61.92389,-53.231,0.579,231.7
2019-03-24T01:20,-61.92389,-53.23446,0.588,270.2
2019-03-24T01:30,-61.92359,-53.238,0.609,279.9
2019-03-24T01:40,-61.92259,-53.24142,0.683,302.0
2019-03-24T01:50,-61.92136,-53.24512,0.767,305.2
2019-03-24T02:00,-61.91985,-53.24885,0.833,310.6
2019-03-24T02:10,-61.91841,-53.25179,0.72,316.2
2019-03-24T02:20,-61.91733,-53.25477,0.638,307.6
2019-03-24T02:30,-61.9163,-53.2572,0.553,311.8
2019-03-24T02:40,-61.91536,-53.26008,0.594,305.0
2019-03-24T02:50,-61.91467,-53.26275,0.517,298.7
2019-03-24T03:00,-61.91406,-53.26538,0.496,296.1
2019-03-24T03:10,-61.91294,-53.26764,0.557,316.6
2019-03-24T03:20,-61.9117,-53.26946,0.543,325.5
2019-03-24T03:30,-61.91058,-53.27142,0.522,320.4
2019-03-24T03:40,-61.90978,-53.27389,0.509,304.4
2019-03-24T03:50,-61.90926,-53.27529,0.303,308.5
2019-03-24T04:00,-61.90891,-53.27695,0.307,293.8
2019-03-24T04:10,-61.90784,-53.28029,0.686,304.3
2019-03-24T04:20,-61.90707,-53.28294,0.528,301.7
2019-03-24T04:30,-61.90648,-53.28565,0.506,294.9
2019-03-24T04:40,-61.90593,-53.2879,0.428,297.1
2019-03-24T04:50,-61.90534,-53.28999,0.414,301.2
2019-03-24T05:00,-61.9045,-53.29219,0.48,308.9
2019-03-24T05:10,-61.90346,-53.29364,0.448,326.7
2019-03-24T05:20,-61.90244,-53.29588,0.529,314.1
2019-03-24T05:30,-61.90147,-53.29818,0.524,311.9
2019-03-24T05:40,-61.90045,-53.30035,0.519,314.7
2019-03-24T05:50,-61.89939,-53.30305,0.597,309.9
2019-03-24T06:00,-61.89821,-53.30533,0.575,317.8
2019-03-24T06:10,-61.89751,-53.30721,0.407,308.3
2019-03-24T06:20,-61.89678,-53.3092,0.426,307.8
2019-03-24T06:30,-61.8958,-53.31114,0.482,316.9
2019-03-24T06:40,-61.89492,-53.31394,0.572,303.6
2019-03-24T06:50,-61.89442,-53.31755,0.637,286.4
2019-03-24T07:00,-61.89375,-53.32164,0.735,289.3
2019-03-24T07:10,-61.89244,-53.32446,0.673,314.7
2019-03-24T07:20,-61.89112,-53.32703,0.646,317.4
2019-03-24T07:30,-61.88988,-53.32968,0.633,314.8
2019-03-24T07:40,-61.88868,-53.33185,0.569,319.5
2019-03-24T07:50,-61.88631,-53.33042,0.886,15.9
2019-03-24T08:00,-61.88458,-53.3293,0.653,16.8
2019-03-24T08:10,-61.88242,-53.32876,0.781,6.8
2019-03-24T08:20,-61.87887,-53.32837,1.281,3.0
2019-03-24T08:30,-61.8752,-53.32789,1.325,3.5
2019-03-24T08:40,-61.87142,-53.32776,1.36,0.9
2019-03-24T08:50,-61.86736,-53.32843,1.466,355.6
2019-03-24T09:00,-61.86312,-53.32878,1.528,357.7
2019-03-24T09:10,-61.85947,-53.33107,1.369,343.5
2019-03-24T09:20,-61.86045,-53.33633,0.959,248.5
2019-03-24T09:30,-61.86306,-53.33374,1.037,154.9
2019-03-24T09:40,-61.86448,-53.32994,0.822,128.4
2019-03-24T09:50,-61.86589,-53.32607,0.831,127.8
2019-03-24T10:00,-61.86653,-53.32184,0.754,107.7
2019-03-24T10:10,-61.86541,-53.32041,0.47,31.1
2019-03-24T10:20,-61.86413,-53.31941,0.491,20.2
2019-03-24T10:30,-61.85932,-53.31191,2.148,36.3
2019-03-24T10:40,-61.8576,-53.26503,7.986,85.6
2019-03-24T10:50,-61.85525,-53.21399,8.709,84.5
2019-03-24T11:00,-61.85243,-53.16355,8.628,83.3
2019-03-24T11:10,-61.84909,-53.11394,8.512,81.9
2019-03-24T11:20,-61.84507,-53.0647,8.49,80.2
2019-03-24T11:30,-61.84111,-53.01489,8.582,80.4
2019-03-24T11:40,-61.8388,-52.96533,8.462,84.4
2019-03-24T11:50,-61.83866,-52.9157,8.433,89.7
2019-03-24T12:00,-61.8413,-52.86558,8.571,96.4
2019-03-24T12:10,-61.84113,-52.81596,8.431,89.6
2019-03-24T12:20,-61.84215,-52.76517,8.638,92.5
2019-03-24T12:30,-61.84488,-52.71413,8.727,96.5
2019-03-24T12:40,-61.8491,-52.66291,8.834,99.9
2019-03-24T12:50,-61.85061,-52.60994,9.013,93.5
2019-03-24T13:00,-61.84501,-52.57172,6.797,72.8
2019-03-24T13:10,-61.84311,-52.54548,4.51,81.3
2019-03-24T13:20,-61.84199,-52.52682,3.196,82.7
2019-03-24T13:30,-61.84093,-52.49563,5.313,85.9
2019-03-24T13:40,-61.83926,-52.45901,6.252,84.5
2019-03-24T13:50,-61.83931,-52.42054,6.536,90.2
2019-03-24T14:00,-61.83966,-52.38094,6.731,91.1
2019-03-24T14:10,-61.83874,-52.34306,6.445,87.1
2019-03-24T14:20,-61.8325,-52.30554,6.76,70.6
2019-03-24T14:30,-61.8272,-52.27329,5.805,70.8
2019-03-24T14:40,-61.82527,-52.2414,5.465,82.7
2019-03-24T14:50,-61.81795,-52.20704,6.409,65.7
2019-03-24T15:00,-61.80617,-52.17388,7.057,53.1
2019-03-24T15:10,-61.80089,-52.13753,6.47,72.9
2019-03-24T15:20,-61.79618,-52.09734,7.046,76.1
2019-03-24T15:30,-61.78898,-52.07394,4.751,57.0
2019-03-24T15:40,-61.78043,-52.04984,5.13,53.1
2019-03-24T15:50,-61.76993,-52.01694,6.758,56.0
2019-03-24T16:00,-61.75966,-51.98486,6.597,55.9
2019-03-24T16:10,-61.75185,-51.96692,4.154,47.4
2019-03-24T16:20,-61.7513,-51.96036,1.136,80.0
2019-03-24T16:30,-61.74846,-51.93886,3.804,74.4
2019-03-24T16:40,-61.74331,-51.93421,2.018,23.1
2019-03-24T16:50,-61.74213,-51.9354,0.469,334.3
2019-03-24T17:00,-61.73429,-51.94173,3.023,339.1
2019-03-24T17:10,-61.71924,-51.95697,6.009,334.4
2019-03-24T17:20,-61.71554,-51.97889,3.969,289.6
2019-03-24T17:30,-61.7166,-52.02,7.024,266.9
2019-03-24T17:40,-61.71654,-52.05776,6.442,270.2
2019-03-24T17:50,-61.71595,-52.09676,6.657,271.8
2019-03-24T18:00,-61.70742,-52.11052,3.864,322.6
2019-03-24T18:10,-61.69943,-52.1262,3.93,317.1
2019-03-24T18:20,-61.68842,-52.14497,5.096,321.0
2019-03-24T18:30,-61.68108,-52.16266,4.014,311.2
2019-03-24T18:40,-61.6792,-52.17823,2.744,284.3
2019-03-24T18:50,-61.6834,-52.19708,3.557,244.8
2019-03-24T19:00,-61.68673,-52.21213,2.836,245.0
2019-03-24T19:10,-61.69262,-52.24208,5.536,247.5
2019-03-24T19:20,-61.68117,-52.25813,4.95,326.4
2019-03-24T19:30,-61.6865,-52.28776,5.413,249.2
2019-03-24T19:40,-61.68347,-52.30808,3.637,287.5
2019-03-24T19:50,-61.68958,-52.29254,3.448,129.7
2019-03-24T20:00,-61.69479,-52.26887,4.456,114.9
2019-03-24T20:10,-61.70859,-52.26436,5.025,171.2
2019-03-24T20:20,-61.72204,-52.26736,4.87,186.0
2019-03-24T20:30,-61.73537,-52.27024,4.827,185.8
2019-03-24T20:40,-61.75523,-52.26272,7.263,169.8
2019-03-24T20:50,-61.76828,-52.27285,5.007,200.2
2019-03-24T21:00,-61.78934,-52.28315,7.782,193.0
2019-03-24T21:10,-61.79884,-52.28023,3.455,171.7
2019-03-24T21:20,-61.81072,-52.29531,4.989,210.9
2019-03-24T21:30,-61.82308,-52.31352,5.422,214.8
2019-03-24T21:40,-61.83729,-52.34285,7.142,224.2
2019-03-24T21:50,-61.84143,-52.34944,1.864,216.9
2019-03-24T22:00,-61.83806,-52.35141,1.256,344.6
2019-03-24T22:10,-61.83368,-52.36065,2.227,315.2
2019-03-24T22:20,-61.83719,-52.36986,2.012,231.1
2019-03-24T22:30,-61.84643,-52.38109,3.835,209.8
2019-03-24T22:40,-61.85246,-52.40154,4.097,238.0
2019-03-24T22:50,-61.8588,-52.41089,2.78,214.8
2019-03-24T23:00,-61.8622,-52.43129,3.675,250.5
2019-03-24T23:10,-61.86691,-52.46491,5.954,253.4
2019-03-24T23:20,-61.87114,-52.50064,6.254,255.9
2019-03-24T23:30,-61.86791,-52.53814,6.472,280.4
2019-03-24T23:40,-61.8605,-52.57339,6.553,294.0
2019-03-24T23:50,-61.85209,-52.61209,7.236,294.7
2019-03-25T00:00,-61.86569,-52.64174,7.023,225.8
2019-03-25T00:10,-61.88496,-52.66437,7.931,209.0
2019-03-25T00:20,-61.89288,-52.71235,8.624,250.7
2019-03-25T00:30,-61.89281,-52.76816,9.468,270.1
2019-03-25T00:40,-61.89283,-52.82379,9.435,269.9
2019-03-25T00:50,-61.89265,-52.88008,9.55,270.4
2019-03-25T01:00,-61.88099,-52.92349,8.477,299.7
2019-03-25T01:10,-61.85895,-52.9455,8.773,334.8
2019-03-25T01:20,-61.83682,-52.96737,8.789,335.0
2019-03-25T01:30,-61.81664,-52.9604,7.364,9.3
2019-03-25T01:40,-61.81259,-52.92177,6.729,77.5
2019-03-25T01:50,-61.8124,-52.86921,8.94,89.6
2019-03-25T02:00,-61.80782,-52.81309,9.687,80.2
2019-03-25T02:10,-61.80296,-52.75699,9.702,79.6
2019-03-25T02:20,-61.79834,-52.70109,9.656,80.1
2019-03-25T02:30,-61.77794,-52.68611,7.773,19.1
2019-03-25T02:40,-61.75397,-52.68641,8.631,359.7
2019-03-25T02:50,-61.73478,-52.6873,6.912,358.7
2019-03-25T03:00,-61.71672,-52.68744,6.5,359.8
2019-03-25T03:10,-61.69828,-52.68713,6.641,0.5
2019-03-25T03:20,-61.68095,-52.67755,6.449,14.7
2019-03-25T03:30,-61.66443,-52.66333,6.427,22.2
2019-03-25T03:40,-61.64941,-52.64287,6.44,32.9
2019-03-25T03:50,-61.63828,-52.61827,5.811,46.4
2019-03-25T04:00,-61.63275,-52.59482,4.478,63.6
2019-03-25T04:10,-61.625,-52.56294,6.126,62.9
2019-03-25T04:20,-61.61922,-52.53292,5.542,68.0
2019-03-25T04:30,-61.61057,-52.49791,6.753,62.6
2019-03-25T04:40,-61.60084,-52.45952,7.45,62.0
2019-03-25T04:50,-61.59091,-52.41981,7.684,62.3
2019-03-25T05:00,-61.58158,-52.37931,7.708,64.2
2019-03-25T05:10,-61.57175,-52.33955,7.678,62.6
2019-03-25T05:20,-61.56117,-52.29992,7.789,60.7
2019-03-25T05:30,-61.55021,-52.25927,8.01,60.5
2019-03-25T05:40,-61.53928,-52.21852,8.022,60.6
2019-03-25T05:50,-61.52758,-52.17662,8.334,59.6
2019-03-25T06:00,-61.51429,-52.13845,8.115,53.9
2019-03-25T06:10,-61.50083,-52.10163,7.966,52.6
2019-03-25T06:20,-61.48755,-52.06739,7.582,50.9
2019-03-25T06:30,-61.47376,-52.03569,7.372,47.7
2019-03-25T06:40,-61.45927,-52.00247,7.736,47.6
2019-03-25T06:50,-61.44474,-51.97163,7.453,45.4
2019-03-25T07:00,-61.4291,-51.94756,6.991,36.4
2019-03-25T07:10,-61.41236,-51.9233,7.335,34.7
2019-03-25T07:20,-61.39492,-51.89758,7.686,35.2
2019-03-25T07:30,-61.37877,-51.87594,6.91,32.7
2019-03-25T07:40,-61.38567,-51.90886,6.196,246.3
2019-03-25T07:50,-61.39457,-51.94528,7.05,242.9
2019-03-25T08:00,-61.41574,-51.97291,8.986,212.0
2019-03-25T08:10,-61.43486,-52.00312,8.629,217.1
2019-03-25T08:20,-61.44545,-52.04346,7.923,241.2
2019-03-25T08:30,-61.46402,-52.06881,7.982,213.1
2019-03-25T08:40,-61.48116,-52.10031,8.212,221.2
2019-03-25T08:50,-61.49727,-52.13239,8.002,223.5
2019-03-25T09:00,-61.5011,-52.16363,5.54,255.6
2019-03-25T09:10,-61.48498,-52.1516,6.161,19.6
2019-03-25T09:20,-61.46587,-52.11492,9.335,42.5
2019-03-25T09:30,-61.44439,-52.09705,8.323,21.7
2019-03-25T09:40,-61.42514,-52.07276,8.095,31.1
2019-03-25T09:50,-61.41308,-52.02248,9.689,63.4
2019-03-25T10:00,-61.39335,-51.99119,8.919,37.2
2019-03-25T10:10,-61.37412,-51.9592,8.852,38.6
2019-03-25T10:20,-61.37094,-51.90198,9.938,83.4
2019-03-25T10:30,-61.35458,-51.87241,7.794,40.9
2019-03-25T10:40,-61.33983,-51.85797,5.867,25.1
2019-03-25T10:50,-61.3325,-51.85259,2.798,19.4
2019-03-25T11:00,-61.32133,-51.85085,4.032,4.3
2019-03-25T11:10,-61.32552,-51.8644,2.785,237.2
2019-03-25T11:20,-61.33413,-51.87632,3.72,213.6
2019-03-25T11:30,-61.32622,-51.83682,7.393,67.4
2019-03-25T11:40,-61.32491,-51.86228,4.424,276.1
2019-03-25T11:50,-61.3291,-51.84757,2.956,120.7
2019-03-25T12:00,-61.33094,-51.84366,0.945,134.4
2019-03-25T12:10,-61.33058,-51.84112,0.458,73.5
2019-03-25T12:20,-61.32888,-51.83868,0.741,34.6
2019-03-25T12:30,-61.32653,-51.83736,0.876,15.0
2019-03-25T12:40,-61.32331,-51.8363,1.176,9.0
2019-03-25T12:50,-61.32431,-51.83906,0.598,232.8
2019-03-25T13:00,-61.34236,-51.80218,9.1,135.6
2019-03-25T13:10,-61.35903,-51.76289,9.058,131.5
2019-03-25T13:20,-61.37434,-51.72224,8.92,128.2
2019-03-25T13:30,-61.38829,-51.68645,7.956,129.1
2019-03-25T13:40,-61.3896,-51.70044,2.458,258.9
2019-03-25T13:50,-61.38734,-51.70713,1.411,305.2
2019-03-25T14:00,-61.38523,-51.7127,1.223,308.3
2019-03-25T14:10,-61.38352,-51.71831,1.148,302.5
2019-03-25T14:20,-61.38518,-51.72515,1.321,243.1
2019-03-25T14:30,-61.39831,-51.68875,7.856,127.0
2019-03-25T14:40,-61.41196,-51.65033,8.245,126.6
2019-03-25T14:50,-61.42571,-51.61287,8.133,127.5
2019-03-25T15:00,-61.43932,-51.57631,7.978,127.9
2019-03-25T15:10,-61.45432,-51.54321,7.85,133.5
2019-03-25T15:20,-61.45367,-51.53118,2.082,83.6
2019-03-25T15:30,-61.45409,-51.53598,0.84,259.5
2019-03-25T15:40,-61.4542,-51.54269,1.154,268.2
2019-03-25T15:50,-61.45473,-51.54418,0.32,233.4
2019-03-25T16:00,-61.45547,-51.54671,0.511,238.6
2019-03-25T16:10,-61.45745,-51.55111,1.041,226.6
2019-03-25T16:20,-61.4643,-51.53398,3.842,129.9
2019-03-25T16:30,-61.47715,-51.4959,8.017,125.2
2019-03-25T16:40,-61.49161,-51.44902,9.594,122.9
2019-03-25T16:50,-61.49643,-51.42039,5.217,109.4
2019-03-25T17:00,-61.49888,-51.42058,0.884,182.2
2019-03-25T17:10,-61.50099,-51.42281,0.848,206.8
2019-03-25T17:20,-61.50139,-51.4238,0.224,229.3
2019-03-25T17:30,-61.50191,-51.42247,0.295,129.2
2019-03-25T17:40,-61.50281,-51.42115,0.395,144.9
2019-03-25T17:50,-61.50347,-51.4199,0.321,138.1
2019-03-25T18:00,-61.504,-51.41855,0.298,129.4
2019-03-25T18:10,-61.50462,-51.41699,0.35,129.7
2019-03-25T18:20,-61.50544,-51.41464,0.5,126.3
2019-03-25T18:30,-61.5155,-51.37703,7.405,119.3
2019-03-25T18:40,-61.53291,-51.32584,10.794,125.5
2019-03-25T18:50,-61.53637,-51.30548,3.711,109.7
2019-03-25T19:00,-61.5379,-51.30471,0.565,166.5
2019-03-25T19:10,-61.53907,-51.30577,0.459,203.2
2019-03-25T19:20,-61.54057,-51.30625,0.546,188.7
2019-03-25T19:30,-61.54116,-51.30765,0.321,228.6
2019-03-25T19:40,-61.54207,-51.30908,0.408,217.1
2019-03-25T19:50,-61.54307,-51.30886,0.363,174.0
2019-03-25T20:00,-61.54364,-51.30927,0.217,199.0
2019-03-25T20:10,-61.54423,-51.30877,0.23,157.9
2019-03-25T20:20,-61.5447,-51.30992,0.26,229.7
2019-03-25T20:30,-61.54522,-51.31032,0.2,199.9
2019-03-25T20:40,-61.54584,-51.30969,0.25,154.4
2019-03-25T20:50,-61.54626,-51.30891,0.201,137.9
2019-03-25T21:00,-61.54648,-51.30855,0.101,142.4
2019-03-25T21:10,-61.54544,-51.3115,0.63,306.5
2019-03-25T21:20,-61.55301,-51.2727,7.19,112.3
2019-03-25T21:30,-61.56707,-51.22717,9.306,123.0
2019-03-25T21:40,-61.57632,-51.19353,6.658,120.0
2019-03-25T21:50,-61.58583,-51.16004,6.683,120.8
2019-03-25T22:00,-61.59444,-51.14171,4.412,134.7
2019-03-25T22:10,-61.59637,-51.14488,0.883,217.9
2019-03-25T22:20,-61.59668,-51.14128,0.626,100.1
2019-03-25T22:30,-61.59563,-51.14372,0.563,312.1
2019-03-25T22:40,-61.59491,-51.1457,0.428,307.4
2019-03-25T22:50,-61.59429,-51.14611,0.233,342.7
2019-03-25T23:00,-61.59383,-51.14491,0.263,50.7
2019-03-25T23:10,-61.59294,-51.14382,0.371,30.2
2019-03-25T23:20,-61.59181,-51.1431,0.425,17.0
2019-03-25T23:30,-61.591,-51.14089,0.477,52.6
2019-03-25T23:40,-61.58992,-51.14067,0.39,5.4
2019-03-25T23:50,-61.58898,-51.14013,0.351,15.3
2019-03-26T00:00,-61.58814,-51.13892,0.368,34.2
2019-03-26T00:10,-61.58731,-51.13811,0.328,25.0
2019-03-26T00:20,-61.58631,-51.13825,0.361,356.4
2019-03-26T00:30,-61.5853,-51.1385,0.366,353.2
2019-03-26T00:40,-61.58416,-51.13915,0.427,344.9
2019-03-26T00:50,-61.57989,-51.16169,4.156,291.7
2019-03-26T01:00,-61.57891,-51.21129,8.506,272.4
2019-03-26T01:10,-61.57909,-51.25364,7.258,269.5
2019-03-26T01:20,-61.5791,-51.28121,4.724,269.9
2019-03-26T01:30,-61.57927,-51.30519,4.11,269.2
2019-03-26T01:40,-61.57926,-51.33761,5.555,270.0
2019-03-26T01:50,-61.57874,-51.37689,6.734,271.6
2019-03-26T02:00,-61.58421,-51.41361,6.592,252.6
2019-03-26T02:10,-61.59524,-51.44913,7.266,236.9
2019-03-26T02:20,-61.60543,-51.49045,7.97,242.6
2019-03-26T02:30,-61.60349,-51.53879,8.306,274.8
2019-03-26T02:40,-61.59969,-51.57914,7.043,281.2
2019-03-26T02:50,-61.59623,-51.62346,7.693,279.3
2019-03-26T03:00,-61.60934,-51.6628,8.224,235.0
2019-03-26T03:10,-61.62275,-51.70282,8.379,234.8
2019-03-26T03:20,-61.63632,-51.74313,8.453,234.7
2019-03-26T03:30,-61.64955,-51.7829,8.304,235.0
2019-03-26T03:40,-61.66277,-51.82157,8.147,234.2
2019-03-26T03:50,-61.67013,-51.85092,5.671,242.1
2019-03-26T04:00,-61.65778,-51.87492,6.049,317.3
2019-03-26T04:10,-61.64658,-51.917,8.247,299.3
2019-03-26T04:20,-61.62282,-51.92627,8.702,349.5
2019-03-26T04:30,-61.6033,-51.90143,8.215,31.2
2019-03-26T04:40,-61.58651,-51.85997,9.325,49.6
2019-03-26T04:50,-61.57155,-51.81452,9.471,55.3
2019-03-26T05:00,-61.55633,-51.76727,9.778,56.0
2019-03-26T05:10,-61.54102,-51.71999,9.806,55.8
2019-03-26T05:20,-61.52793,-51.6707,9.684,60.9
2019-03-26T05:30,-61.52666,-51.61202,10.083,87.4
2019-03-26T05:40,-61.53015,-51.5521,10.361,97.0
2019-03-26T05:50,-61.53451,-51.49359,10.163,98.9
2019-03-26T06:00,-61.54319,-51.43673,10.245,107.8
2019-03-26T06:10,-61.5554,-51.37962,10.737,114.2
2019-03-26T06:20,-61.56406,-51.3202,10.655,107.1
2019-03-26T06:30,-61.57087,-51.2593,10.724,103.2
2019-03-26T06:40,-61.57766,-51.19917,10.592,103.4
2019-03-26T06:50,-61.59022,-51.14595,10.178,116.4
2019-03-26T07:00,-61.59531,-51.1371,2.379,140.4
2019-03-26T07:10,-61.59678,-51.13467,0.673,141.8
2019-03-26T07:20,-61.59981,-51.13624,1.123,193.8
2019-03-26T07:30,-61.60336,-51.13903,1.366,200.5
2019-03-26T07:40,-61.60496,-51.13576,0.802,135.8
2019-03-26T07:50,-61.60648,-51.13322,0.7,141.6
2019-03-26T08:00,-61.60729,-51.13051,0.549,122.0
2019-03-26T08:10,-61.60798,-51.13232,0.397,231.4
2019-03-26T08:20,-61.6016,-51.1468,3.379,312.8
2019-03-26T08:30,-61.60402,-51.16249,2.824,252.0
2019-03-26T08:40,-61.60613,-51.16084,0.81,159.5
2019-03-26T08:50,-61.60748,-51.15735,0.77,129.2
2019-03-26T09:00,-61.61008,-51.15479,1.034,154.9
2019-03-26T09:10,-61.6107,-51.15006,0.839,105.4
2019-03-26T09:20,-61.61255,-51.14617,0.944,135.1
2019-03-26T09:30,-61.61277,-51.14153,0.799,95.6
2019-03-26T09:40,-61.61223,-51.13837,0.574,70.3
2019-03-26T09:50,-61.61099,-51.13506,0.722,51.8
2019-03-26T10:00,-61.61046,-51.13231,0.507,68.1
2019-03-26T10:10,-61.61069,-51.12846,0.664,96.9
2019-03-26T10:20,-61.61079,-51.12281,0.968,92.2
2019-03-26T10:30,-61.60944,-51.11783,0.98,60.3
2019-03-26T10:40,-61.60749,-51.12305,1.136,308.2
2019-03-26T10:50,-61.59289,-51.13599,5.706,337.1
2019-03-26T11:00,-61.58319,-51.14139,3.61,345.2
2019-03-26T11:10,-61.58185,-51.13961,0.572,32.2
2019-03-26T11:20,-61.58019,-51.13753,0.697,30.8
2019-03-26T11:30,-61.57841,-51.13544,0.732,29.3
2019-03-26T11:40,-61.57699,-51.13504,0.516,7.5
2019-03-26T11:50,-61.57471,-51.13445,0.827,7.1
2019-03-26T12:00,-61.57303,-51.13347,0.63,15.5
2019-03-26T12:10,-61.57123,-51.13226,0.678,17.7
2019-03-26T12:20,-61.56945,-51.1309,0.684,20.0
2019-03-26T12:30,-61.56806,-51.13022,0.513,13.0
2019-03-26T12:40,-61.56601,-51.12866,0.783,20.0
2019-03-26T12:50,-61.56464,-51.13009,0.551,333.7
2019-03-26T13:00,-61.56343,-51.12965,0.444,9.7
2019-03-26T13:10,-61.561,-51.12779,0.929,20.1
2019-03-26T13:20,-61.55816,-51.12802,1.023,357.9
2019-03-26T13:30,-61.55544,-51.12811,0.98,359.1
2019-03-26T13:40,-61.55317,-51.12799,0.817,1.4
2019-03-26T13:50,-61.55101,-51.12834,0.781,355.6
2019-03-26T14:00,-61.54886,-51.1283,0.775,0.5
2019-03-26T14:10,-61.54672,-51.12781,0.775,6.3
2019-03-26T14:20,-61.54513,-51.12849,0.585,348.5
2019-03-26T14:30,-61.54395,-51.12923,0.443,343.4
2019-03-26T14:40,-61.5435,-51.12901,0.167,12.8
2019-03-26T14:50,-61.54244,-51.12942,0.388,349.6
2019-03-26T15:00,-61.54057,-51.13073,0.711,341.6
2019-03-26T15:10,-61.53841,-51.13139,0.786,351.7
2019-03-26T15:20,-61.53772,-51.1334,0.424,305.5
2019-03-26T15:30,-61.53673,-51.13726,0.753,298.4
2019-03-26T15:40,-61.53561,-51.14106,0.765,301.5
2019-03-26T15:50,-61.53241,-51.14467,1.311,331.8
2019-03-26T16:00,-61.51429,-51.15986,7.025,338.2
2019-03-26T16:10,-61.50352,-51.21177,9.723,293.5
2019-03-26T16:20,-61.49577,-51.2691,10.237,285.8
2019-03-26T16:30,-61.48972,-51.32744,10.259,282.2
2019-03-26T16:40,-61.48364,-51.3837,9.914,282.7
2019-03-26T16:50,-61.47769,-51.44061,10.016,282.3
2019-03-26T17:00,-61.47246,-51.47795,6.69,286.3
2019-03-26T17:10,-61.47228,-51.48082,0.499,277.2
2019-03-26T17:20,-61.4732,-51.48264,0.453,223.4
2019-03-26T17:30,-61.47358,-51.48797,0.928,261.6
2019-03-26T17:40,-61.47399,-51.49247,0.787,259.0
2019-03-26T17:50,-61.47484,-51.49542,0.592,239.2
2019-03-26T18:00,-61.4761,-51.5005,0.984,242.4
2019-03-26T18:10,-61.47735,-51.5063,1.095,245.7
2019-03-26T18:20,-61.47879,-51.50943,0.746,226.2
2019-03-26T18:30,-61.48002,-51.51492,1.042,244.7
2019-03-26T18:40,-61.48053,-51.51801,0.563,251.1
2019-03-26T18:50,-61.48098,-51.51887,0.219,222.1
2019-03-26T19:00,-61.482,-51.51848,0.374,169.8
2019-03-26T19:10,-61.48322,-51.51751,0.468,159.1
2019-03-26T19:20,-61.48461,-51.51526,0.631,142.3
2019-03-26T19:30,-61.48624,-51.5128,0.725,144.3
2019-03-26T19:40,-61.48854,-51.514,0.853,194.0
2019-03-26T19:50,-61.49115,-51.51392,0.94,179.1
2019-03-26T20:00,-61.49376,-51.51315,0.95,171.9
2019-03-26T20:10,-61.49646,-51.51179,0.999,166.6
2019-03-26T20:20,-61.49989,-51.52323,2.321,237.8
2019-03-26T20:30,-61.4887,-51.55346,6.575,307.8
2019-03-26T20:40,-61.48132,-51.50856,8.162,71.0
2019-03-26T20:50,-61.48371,-51.44988,10.124,94.9
2019-03-26T21:00,-61.48119,-51.44833,0.948,16.4
2019-03-26T21:10,-61.48397,-51.44582,1.091,156.8
2019-03-26T21:20,-61.48565,-51.44537,0.608,172.7
2019-03-26T21:30,-61.48719,-51.44351,0.643,150.1
2019-03-26T21:40,-61.48909,-51.43857,1.089,128.9
2019-03-26T21:50,-61.49063,-51.43357,1.023,122.9
2019-03-26T22:00,-61.47194,-51.4288,6.782,7.0
2019-03-26T22:10,-61.44724,-51.40777,9.6,22.1
2019-03-26T22:20,-61.42302,-51.38596,9.493,23.3
2019-03-26T22:30,-61.39846,-51.36454,9.583,22.7
2019-03-26T22:40,-61.37473,-51.34357,9.276,22.9
2019-03-26T22:50,-61.35079,-51.32125,9.442,24.1
2019-03-26T23:00,-61.32475,-51.31409,9.457,7.5
2019-03-26T23:10,-61.29925,-51.30765,9.247,6.9
2019-03-26T23:20,-61.28055,-51.27412,8.885,40.8
2019-03-26T23:30,-61.26295,-51.23089,9.806,49.8
2019-03-26T23:40,-61.24568,-51.18713,9.801,50.6
2019-03-26T23:50,-61.22886,-51.14587,9.371,49.7
2019-03-27T00:00,-61.21135,-51.10222,9.847,50.2
2019-03-27T00:10,-61.19369,-51.05853,9.893,50.0
2019-03-27T00:20,-61.17646,-51.01616,9.619,49.9
2019-03-27T00:30,-61.15917,-50.97358,9.665,49.9
2019-03-27T00:40,-61.14193,-50.93158,9.581,49.6
2019-03-27T00:50,-61.12409,-50.88679,10.093,50.5
2019-03-27T01:00,-61.10674,-50.84422,9.688,49.9
2019-03-27T01:10,-61.08984,-50.80241,9.485,50.1
2019-03-27T01:20,-61.07275,-50.76044,9.552,49.9
2019-03-27T01:30,-61.05554,-50.71882,9.538,49.5
2019-03-27T01:40,-61.03915,-50.67817,9.219,50.2
2019-03-27T01:50,-61.02339,-50.63645,9.229,52.1
2019-03-27T02:00,-61.00871,-50.59341,9.181,54.9
2019-03-27T02:10,-60.99426,-50.55092,9.06,55.0
2019-03-27T02:20,-60.98014,-50.51019,8.742,54.5
2019-03-27T02:30,-60.96657,-50.47015,8.533,55.1
2019-03-27T02:40,-60.95139,-50.43288,8.504,50.0
2019-03-27T02:50,-60.9323,-50.40088,8.862,39.2
2019-03-27T03:00,-60.91255,-50.36932,9.004,37.9
2019-03-27T03:10,-60.8931,-50.33823,8.87,37.9
2019-03-27T03:20,-60.87822,-50.29546,9.21,54.5
2019-03-27T03:30,-60.86464,-50.24734,9.748,59.9
2019-03-27T03:40,-60.85093,-50.19983,9.683,59.4
2019-03-27T03:50,-60.84638,-50.19511,1.837,26.8
2019-03-27T04:00,-60.847,-50.19472,0.233,163.0
2019-03-27T04:10,-60.84693,-50.19593,0.213,276.3
2019-03-27T04:20,-60.84688,-50.19696,0.181,275.9
2019-03-27T04:30,-60.8468,-50.19796,0.179,280.1
2019-03-27T04:40,-60.847,-50.19941,0.265,253.7
2019-03-27T04:50,-60.84731,-50.20099,0.298,247.9
2019-03-27T05:00,-60.84752,-50.20274,0.315,256.7
2019-03-27T05:10,-60.84718,-50.20484,0.389,288.1
2019-03-27T05:20,-60.84507,-50.20558,0.771,350.3
2019-03-27T05:30,-60.84436,-50.15767,8.407,88.3
2019-03-27T05:40,-60.84768,-50.10017,10.157,96.8
2019-03-27T05:50,-60.84997,-50.04452,9.796,94.9
2019-03-27T06:00,-60.84799,-50.00322,7.278,84.4
2019-03-27T06:10,-60.84813,-50.00201,0.217,103.5
2019-03-27T06:20,-60.84894,-50.00147,0.307,161.7
2019-03-27T06:30,-60.84953,-50.00167,0.214,189.9
2019-03-27T06:40,-60.85009,-50.00223,0.225,205.5
2019-03-27T06:50,-60.85037,-50.00287,0.15,228.4
2019-03-27T07:00,-60.85061,-50.00383,0.189,242.9
2019-03-27T07:10,-60.85132,-50.00464,0.292,209.1
2019-03-27T07:20,-60.85307,-50.00557,0.65,194.6
2019-03-27T07:30,-60.85309,-50.00654,0.17,267.3
2019-03-27T07:40,-60.85291,-50.00536,0.217,73.2
2019-03-27T07:50,-60.85297,-49.99961,1.009,91.1
2019-03-27T08:00,-60.8529,-49.99779,0.319,85.5
2019-03-27T08:10,-60.85897,-50.00091,2.253,194.0
2019-03-27T08:20,-60.85165,-49.98737,3.547,42.0
2019-03-27T08:30,-60.84623,-49.93986,8.559,76.9
2019-03-27T08:40,-60.84398,-49.89062,8.674,84.7
2019-03-27T08:50,-60.84658,-49.8411,8.737,96.2
2019-03-27T09:00,-60.85343,-49.7927,8.839,106.2
2019-03-27T09:10,-60.84413,-49.75943,6.728,60.2
2019-03-27T09:20,-60.84373,-49.76416,0.843,279.8
2019-03-27T09:30,-60.84587,-49.76277,0.808,162.4
2019-03-27T09:40,-60.84733,-49.76301,0.527,184.5
2019-03-27T09:50,-60.84903,-49.76252,0.617,172.0
2019-03-27T10:00,-60.85046,-49.76183,0.528,166.9
2019-03-27T10:10,-60.8515,-49.76045,0.447,147.0
2019-03-27T10:20,-60.85215,-49.76113,0.264,207.1
2019-03-27T10:30,-60.85268,-49.76281,0.35,237.0
2019-03-27T10:40,-60.85369,-49.76458,0.479,220.4
2019-03-27T10:50,-60.85537,-49.76637,0.682,207.4
2019-03-27T11:00,-60.8574,-49.76379,0.859,148.2
2019-03-27T11:10,-60.85916,-49.76297,0.649,167.2
2019-03-27T11:20,-60.85666,-49.76171,0.926,13.8
2019-03-27T11:30,-60.85428,-49.71378,8.449,84.2
2019-03-27T11:40,-60.8534,-49.67328,7.109,87.5
2019-03-27T11:50,-60.85224,-49.6327,7.129,86.7
2019-03-27T12:00,-60.85011,-49.59295,7.012,83.7
2019-03-27T12:10,-60.84416,-49.60046,2.515,328.4
2019-03-27T12:20,-60.84383,-49.59587,0.816,81.4
2019-03-27T12:30,-60.84257,-49.59552,0.458,7.7
2019-03-27T12:40,-60.84186,-49.59374,0.403,50.9
2019-03-27T12:50,-60.8416,-49.59409,0.112,326.5
2019-03-27T13:00,-60.84156,-49.59262,0.259,86.6
2019-03-27T13:10,-60.84121,-49.59166,0.21,53.5
2019-03-27T13:20,-60.84036,-49.59162,0.306,1.0
2019-03-27T13:30,-60.83976,-49.59145,0.22,8.0
2019-03-27T13:40,-60.83921,-49.59189,0.213,338.9
2019-03-27T13:50,-60.83915,-49.59234,0.082,282.9
2019-03-27T14:00,-60.83905,-49.59207,0.061,50.7
2019-03-27T14:10,-60.83868,-49.59125,0.194,47.7
2019-03-27T14:20,-60.83819,-49.59096,0.184,16.1
2019-03-27T14:30,-60.83263,-49.58435,2.313,30.1
2019-03-27T14:40,-60.83802,-49.52933,9.847,101.4
2019-03-27T14:50,-60.84368,-49.47088,10.455,101.3
2019-03-27T15:00,-60.84908,-49.41287,10.359,100.8
2019-03-27T15:10,-60.84517,-49.39712,3.1,63.0
2019-03-27T15:20,-60.84449,-49.3927,0.814,72.4
2019-03-27T15:30,-60.84521,-49.39269,0.26,179.6
2019-03-27T15:40,-60.84616,-49.39326,0.358,196.3
2019-03-27T15:50,-60.84664,-49.39173,0.319,122.4
2019-03-27T16:00,-60.84669,-49.39024,0.261,94.1
2019-03-27T16:10,-60.8474,-49.39068,0.267,196.8
2019-03-27T16:20,-60.84759,-49.39101,0.087,221.1
2019-03-27T16:30,-60.84808,-49.39157,0.205,208.8
2019-03-27T16:40,-60.84887,-49.39252,0.328,210.3
2019-03-27T16:50,-60.8496,-49.39349,0.314,212.9
2019-03-27T17:00,-60.8504,-49.39506,0.399,223.7
2019-03-27T17:10,-60.84551,-49.38559,2.423,43.3
2019-03-27T17:20,-60.84107,-49.33338,9.296,80.1
2019-03-27T17:30,-60.84471,-49.27765,9.865,97.7
2019-03-27T17:40,-60.84791,-49.22127,9.954,96.7
2019-03-27T17:50,-60.84502,-49.19722,4.345,76.1
2019-03-27T18:00,-60.84421,-49.19638,0.326,27.1
2019-03-27T18:10,-60.844,-49.19836,0.357,282.6
2019-03-27T18:20,-60.84348,-49.20082,0.47,293.3
2019-03-27T18:30,-60.84341,-49.20352,0.474,272.9
2019-03-27T18:40,-60.84385,-49.20542,0.368,244.7
2019-03-27T18:50,-60.84443,-49.20587,0.225,200.7
2019-03-27T19:00,-60.84521,-49.20702,0.345,215.7
2019-03-27T19:10,-60.84642,-49.20854,0.509,211.6
2019-03-27T19:20,-60.84746,-49.20884,0.378,187.9
2019-03-27T19:30,-60.84776,-49.20813,0.166,131.4
2019-03-27T19:40,-60.8495,-49.21004,0.709,208.2
2019-03-27T19:50,-60.85586,-49.16738,7.823,107.0
2019-03-27T20:00,-60.85635,-49.1115,9.8,91.1
2019-03-27T20:10,-60.85296,-49.05511,9.964,83.0
2019-03-27T20:20,-60.84848,-48.99849,10.059,80.8
2019-03-27T20:30,-60.84394,-49.0049,1.983,325.5
2019-03-27T20:40,-60.84412,-49.00421,0.137,118.7
2019-03-27T20:50,-60.84435,-49.00394,0.095,149.2
2019-03-27T21:00,-60.84471,-49.00388,0.13,175.4
2019-03-27T21:10,-60.84462,-49.00189,0.351,84.7
2019-03-27T21:20,-60.84443,-48.99985,0.363,79.0
2019-03-27T21:30,-60.84557,-49.00066,0.436,199.0
2019-03-27T21:40,-60.85029,-48.95689,7.862,102.5
2019-03-27T21:50,-60.85234,-48.8998,10.04,94.2
2019-03-27T22:00,-60.84703,-48.84441,9.901,78.9
2019-03-27T22:10,-60.84523,-48.78829,9.864,86.3
2019-03-27T22:20,-60.84497,-48.73147,9.968,89.5
2019-03-27T22:30,-60.845,-48.67449,9.994,90.1
2019-03-27T22:40,-60.84618,-48.61596,10.276,92.4
2019-03-27T22:50,-60.84811,-48.55876,10.056,94.0
2019-03-27T23:00,-60.85144,-48.5339,4.522,105.4
2019-03-27T23:10,-60.85186,-48.53421,0.16,200.0
2019-03-27T23:20,-60.8518,-48.53372,0.089,76.7
2019-03-27T23:30,-60.85217,-48.53434,0.173,219.3
2019-03-27T23:40,-60.85236,-48.53319,0.213,108.6
2019-03-27T23:50,-60.85305,-48.53342,0.251,188.9
2019-03-28T00:00,-60.85388,-48.53263,0.331,155.5
2019-03-28T00:10,-60.85437,-48.53103,0.331,122.0
2019-03-28T00:20,-60.8554,-48.53211,0.415,207.2
2019-03-28T00:30,-60.85565,-48.53134,0.164,123.4
2019-03-28T00:40,-60.85615,-48.53157,0.187,192.9
2019-03-28T00:50,-60.85664,-48.53207,0.198,206.3
2019-03-28T01:00,-60.85064,-48.52574,2.43,27.2
2019-03-28T01:10,-60.84637,-48.46951,9.981,81.2
2019-03-28T01:20,-60.84404,-48.41059,10.368,85.4
2019-03-28T01:30,-60.84404,-48.35227,10.231,90.0
2019-03-28T01:40,-60.8441,-48.29518,10.014,90.1
2019-03-28T01:50,-60.84355,-48.23838,9.966,88.9
2019-03-28T02:00,-60.84263,-48.19523,7.576,87.5
2019-03-28T02:10,-60.84637,-48.19565,1.347,183.2
2019-03-28T02:20,-60.84728,-48.1974,0.451,222.9
2019-03-28T02:30,-60.8474,-48.1963,0.197,102.0
2019-03-28T02:40,-60.84816,-48.19715,0.312,208.4
2019-03-28T02:50,-60.84918,-48.19689,0.369,172.9
2019-03-28T03:00,-60.85009,-48.19634,0.343,163.8
2019-03-28T03:10,-60.85094,-48.19656,0.307,187.2
2019-03-28T03:20,-60.85153,-48.19589,0.243,151.1
2019-03-28T03:30,-60.8521,-48.19573,0.207,172.2
2019-03-28T03:40,-60.85271,-48.19576,0.218,181.5
2019-03-28T03:50,-60.85345,-48.19617,0.277,195.0
2019-03-28T04:00,-60.85428,-48.19617,0.301,179.9
2019-03-28T04:10,-60.85516,-48.19654,0.321,191.7
2019-03-28T04:20,-60.85402,-48.18867,1.44,73.5
2019-03-28T04:30,-60.85144,-48.13454,9.537,84.4
2019-03-28T04:40,-60.84904,-48.07596,10.309,85.2
2019-03-28T04:50,-60.84651,-48.017,10.381,85.0
2019-03-28T05:00,-60.84379,-47.95868,10.278,84.6
2019-03-28T05:10,-60.84167,-47.90109,10.131,85.7
2019-03-28T05:20,-60.84517,-47.89723,1.429,151.7
2019-03-28T05:30,-60.84637,-47.89747,0.434,185.6
2019-03-28T05:40,-60.84809,-47.89777,0.622,184.9
2019-03-28T05:50,-60.84958,-47.89919,0.593,204.8
2019-03-28T06:00,-60.85074,-47.90031,0.459,205.4
2019-03-28T06:10,-60.85159,-47.90103,0.334,202.1
2019-03-28T06:20,-60.8525,-47.90145,0.336,192.8
2019-03-28T06:30,-60.85319,-47.90119,0.252,169.5
2019-03-28T06:40,-60.85366,-47.90045,0.214,142.6
2019-03-28T06:50,-60.8539,-47.90005,0.11,140.1
2019-03-28T07:00,-60.85444,-47.89971,0.205,163.1
2019-03-28T07:10,-60.85495,-47.89982,0.184,186.2
2019-03-28T07:20,-60.85561,-47.89905,0.273,150.2
2019-03-28T07:30,-60.8535,-47.90472,1.251,307.3
2019-03-28T07:40,-60.84805,-47.85647,8.687,77.0
2019-03-28T07:50,-60.84583,-47.79647,10.555,85.7
2019-03-28T08:00,-60.84622,-47.7365,10.519,90.8
2019-03-28T08:10,-60.84658,-47.67647,10.53,90.7
2019-03-28T08:20,-60.84698,-47.61682,10.464,90.8
2019-03-28T08:30,-60.84954,-47.55711,10.514,95.1
2019-03-28T08:40,-60.84793,-47.5142,7.548,85.6
2019-03-28T08:50,-60.847,-47.51759,0.682,299.2
2019-03-28T09:00,-60.84801,-47.51535,0.535,132.9
2019-03-28T09:10,-60.84872,-47.51541,0.253,182.3
2019-03-28T09:20,-60.84936,-47.51639,0.29,216.4
2019-03-28T09:30,-60.8498,-47.51749,0.248,230.7
2019-03-28T09:40,-60.85013,-47.51501,0.45,105.5
2019-03-28T09:50,-60.84997,-47.51597,0.178,289.5
2019-03-28T10:00,-60.8499,-47.51678,0.143,279.4
2019-03-28T10:10,-60.84984,-47.51493,0.325,85.9
2019-03-28T10:20,-60.84598,-47.51329,1.421,11.7
2019-03-28T10:30,-60.85238,-47.46205,9.277,104.4
2019-03-28T10:40,-60.8575,-47.40324,10.476,100.2
2019-03-28T10:50,-60.8626,-47.34472,10.424,100.2
2019-03-28T11:00,-60.86743,-47.28649,10.355,99.7
2019-03-28T11:10,-60.87243,-47.22816,10.38,100.0
2019-03-28T11:20,-60.87729,-47.17032,10.285,99.8
2019-03-28T11:30,-60.88228,-47.11185,10.402,100.0
2019-03-28T11:40,-60.8873,-47.05352,10.377,100.1
2019-03-28T11:50,-60.89231,-46.99578,10.274,100.1
2019-03-28T12:00,-60.8972,-46.93756,10.347,99.8
2019-03-28T12:10,-60.90229,-46.8783,10.537,100.0
2019-03-28T12:20,-60.90725,-46.81925,10.491,99.8
2019-03-28T12:30,-60.91236,-46.75964,10.596,100.0
2019-03-28T12:40,-60.91692,-46.69941,10.668,98.9
2019-03-28T12:50,-60.92003,-46.63872,10.68,96.1
2019-03-28T13:00,-60.92328,-46.57869,10.57,96.4
2019-03-28T13:10,-60.9285,-46.55907,3.913,118.7
2019-03-28T13:20,-60.93017,-46.55817,0.623,165.3
2019-03-28T13:30,-60.93134,-46.55926,0.462,204.4
2019-03-28T13:40,-60.93275,-46.55984,0.518,191.2
2019-03-28T13:50,-60.9337,-46.55913,0.363,160.0
2019-03-28T14:00,-60.93356,-46.55892,0.063,34.8
2019-03-28T14:10,-60.93403,-46.5592,0.178,195.6
2019-03-28T14:20,-60.93472,-46.55863,0.266,158.2
2019-03-28T14:30,-60.93469,-46.55787,0.133,85.7
2019-03-28T14:40,-60.93477,-46.558,0.037,219.1
2019-03-28T14:50,-60.93456,-46.55767,0.097,37.5
2019-03-28T15:00,-60.93476,-46.55866,0.188,248.1
2019-03-28T15:10,-60.93478,-46.56216,0.611,269.2
2019-03-28T15:20,-60.93019,-46.55949,1.718,15.8
2019-03-28T15:30,-60.92887,-46.56063,0.514,337.2
2019-03-28T15:40,-60.92901,-46.56152,0.164,251.8
2019-03-28T15:50,-60.92907,-46.56179,0.051,245.2
2019-03-28T16:00,-60.92961,-46.56329,0.325,233.9
2019-03-28T16:10,-60.93011,-46.56506,0.359,239.5
2019-03-28T16:20,-60.93329,-46.5809,2.999,247.5
2019-03-28T16:30,-60.94207,-46.62743,8.73,248.8
2019-03-28T16:40,-60.95004,-46.67494,8.788,250.9
2019-03-28T16:50,-60.95837,-46.72215,8.781,250.0
2019-03-28T17:00,-60.96698,-46.76881,8.724,249.2
2019-03-28T17:10,-60.97507,-46.8152,8.612,250.2
2019-03-28T17:20,-60.98317,-46.8619,8.664,250.3
2019-03-28T17:30,-60.99114,-46.90891,8.695,250.7
2019-03-28T17:40,-60.99919,-46.95533,8.608,250.3
2019-03-28T17:50,-61.00728,-47.00115,8.511,250.0
2019-03-28T18:00,-61.01513,-47.04513,8.178,249.8
2019-03-28T18:10,-61.02245,-47.08334,7.169,248.4
2019-03-28T18:20,-61.02937,-47.1311,8.695,253.3
2019-03-28T18:30,-61.03544,-47.18424,9.519,256.7
2019-03-28T18:40,-61.04344,-47.23672,9.594,252.5
2019-03-28T18:50,-61.0519,-47.28966,9.717,251.7
2019-03-28T19:00,-61.06083,-47.34382,9.968,251.2
2019-03-28T19:10,-61.06917,-47.39883,10.043,252.6
2019-03-28T19:20,-61.07793,-47.45386,10.09,251.7
2019-03-28T19:30,-61.08689,-47.50914,10.151,251.4
2019-03-28T19:40,-61.09686,-47.56406,10.211,249.4
2019-03-28T19:50,-61.1063,-47.61827,10.025,250.2
2019-03-28T20:00,-61.11519,-47.67209,9.894,251.1
2019-03-28T20:10,-61.12501,-47.72969,10.622,250.5
2019-03-28T20:20,-61.12542,-47.74401,2.494,266.6
2019-03-28T20:30,-61.12447,-47.73609,1.419,76.1
2019-03-28T20:40,-61.12456,-47.73622,0.038,215.5
2019-03-28T20:50,-61.12437,-47.73625,0.068,355.5
2019-03-28T21:00,-61.12405,-47.73433,0.352,71.1
2019-03-28T21:10,-61.12371,-47.73371,0.165,40.8
2019-03-28T21:20,-61.12335,-47.73333,0.145,27.3
2019-03-28T21:30,-61.12258,-47.73238,0.323,30.9
2019-03-28T21:40,-61.1222,-47.73321,0.198,312.9
2019-03-28T21:50,-61.12193,-47.73578,0.458,282.3
2019-03-28T22:00,-61.12158,-47.73688,0.231,303.9
2019-03-28T22:10,-61.12118,-47.7394,0.46,288.3
2019-03-28T22:20,-61.12062,-47.73901,0.209,18.6
2019-03-28T22:30,-61.11891,-47.73154,1.438,64.6
2019-03-28T22:40,-61.11759,-47.7266,0.982,61.0
2019-03-28T22:50,-61.1171,-47.72484,0.354,59.9
2019-03-28T23:00,-61.11686,-47.72364,0.225,68.1
2019-03-28T23:10,-61.11398,-47.74137,3.254,288.6
2019-03-28T23:20,-61.11517,-47.80362,10.835,267.7
2019-03-28T23:30,-61.11695,-47.86753,11.134,266.7
2019-03-28T23:40,-61.11764,-47.93195,11.206,268.7
2019-03-28T23:50,-61.11777,-47.99558,11.066,269.7
2019-03-29T00:00,-61.11618,-48.05856,10.967,273.0
2019-03-29T00:10,-61.11411,-48.10893,8.791,274.9
2019-03-29T00:20,-61.11258,-48.15958,8.828,273.6
2019-03-29T00:30,-61.11614,-48.20509,8.018,260.8
2019-03-29T00:40,-61.12047,-48.24946,7.873,258.5
2019-03-29T00:50,-61.12395,-48.27904,5.294,256.3
2019-03-29T01:00,-61.12448,-48.28708,1.41,262.1
2019-03-29T01:10,-61.12477,-48.28339,0.649,99.1
2019-03-29T01:20,-61.124,-48.2847,0.361,320.7
2019-03-29T01:30,-61.12412,-48.28321,0.262,99.5
2019-03-29T01:40,-61.12387,-48.28362,0.112,321.1
2019-03-29T01:50,-61.12388,-48.28339,0.039,95.4
2019-03-29T02:00,-61.12374,-48.28328,0.055,20.7
2019-03-29T02:10,-61.12423,-48.28325,0.175,178.3
2019-03-29T02:20,-61.12401,-48.28552,0.401,281.1
2019-03-29T02:30,-61.12425,-48.28787,0.418,258.3
2019-03-29T02:40,-61.12481,-48.29086,0.557,248.8
2019-03-29T02:50,-61.12582,-48.29118,0.368,188.8
2019-03-29T03:00,-61.12304,-48.34192,8.878,276.4
2019-03-29T03:10,-61.12301,-48.41018,11.868,270.0
2019-03-29T03:20,-61.12291,-48.47521,11.309,270.1
2019-03-29T03:30,-61.12309,-48.53937,11.156,269.6
2019-03-29T03:40,-61.123,-48.60309,11.08,270.1
2019-03-29T03:50,-61.12494,-48.66656,11.057,266.3
2019-03-29T04:00,-61.13147,-48.73144,11.522,258.2
2019-03-29T04:10,-61.13784,-48.79737,11.687,258.7
2019-03-29T04:20,-61.1329,-48.83029,5.993,287.3
2019-03-29T04:30,-61.12621,-48.88679,10.112,283.8
2019-03-29T04:40,-61.12401,-48.92087,5.978,277.6
2019-03-29T04:50,-61.1246,-48.92036,0.231,157.2
2019-03-29T05:00,-61.12397,-48.92029,0.228,3.1
2019-03-29T05:10,-61.12314,-48.9202,0.298,2.9
2019-03-29T05:20,-61.12257,-48.91961,0.231,26.4
2019-03-29T05:30,-61.12247,-48.91968,0.037,342.0
2019-03-29T05:40,-61.12239,-48.92013,0.083,289.4
2019-03-29T05:50,-61.1222,-48.91944,0.138,60.1
2019-03-29T06:00,-61.12209,-48.9188,0.117,70.8
2019-03-29T06:10,-61.12218,-48.91784,0.171,101.2
2019-03-29T06:20,-61.12313,-48.91524,0.566,127.1
2019-03-29T06:30,-61.1241,-48.91246,0.597,125.8
2019-03-29T06:40,-61.12507,-48.90697,1.017,110.1
2019-03-29T06:50,-61.12675,-48.8984,1.608,112.1
2019-03-29T07:00,-61.1285,-48.88902,1.748,111.1
2019-03-29T07:10,-61.13009,-48.87944,1.761,109.1
2019-03-29T07:20,-61.13184,-48.8694,1.856,109.9
2019-03-29T07:30,-61.13448,-48.85721,2.321,114.1
2019-03-29T07:40,-61.13247,-48.87893,3.842,280.8
2019-03-29T07:50,-61.12843,-48.91444,6.342,283.3
2019-03-29T08:00,-61.13291,-48.95744,7.647,257.8
2019-03-29T08:10,-61.14135,-48.99207,6.744,243.2
2019-03-29T08:20,-61.1392,-49.03567,7.617,275.8
2019-03-29T08:30,-61.13797,-49.0816,7.995,273.1
2019-03-29T08:40,-61.1385,-49.12116,6.877,268.4
2019-03-29T08:50,-61.13503,-49.15374,5.799,282.4
2019-03-29T09:00,-61.13284,-49.17532,3.834,281.9
2019-03-29T09:10,-61.1363,-49.20701,5.647,257.2
2019-03-29T09:20,-61.13922,-49.243,6.343,260.4
2019-03-29T09:30,-61.14966,-49.27154,6.223,232.8
2019-03-29T09:40,-61.15843,-49.29825,5.61,235.8
2019-03-29T09:50,-61.17288,-49.31157,5.695,204.0
2019-03-29T10:00,-61.1842,-49.33563,5.836,225.7
2019-03-29T10:10,-61.19541,-49.3532,5.058,217.1
2019-03-29T10:20,-61.19206,-49.37666,4.245,286.5
2019-03-29T10:30,-61.18244,-49.39475,4.676,317.8
2019-03-29T10:40,-61.18189,-49.41594,3.683,273.1
2019-03-29T10:50,-61.17644,-49.42643,2.674,317.1
2019-03-29T11:00,-61.16071,-49.446,6.606,329.0
2019-03-29T11:10,-61.15724,-49.49814,9.142,277.8
2019-03-29T11:20,-61.15295,-49.55284,9.625,279.2
2019-03-29T11:30,-61.14659,-49.60669,9.633,283.7
2019-03-29T11:40,-61.13931,-49.6618,9.928,285.3
2019-03-29T11:50,-61.13355,-49.71715,9.84,282.1
2019-03-29T12:00,-61.14014,-49.7515,6.425,248.3
2019-03-29T12:10,-61.15646,-49.70917,9.413,128.6
2019-03-29T12:20,-61.16702,-49.70802,3.809,177.0
2019-03-29T12:30,-61.16767,-49.70675,0.322,136.8
2019-03-29T12:40,-61.16776,-49.70711,0.07,242.1
2019-03-29T12:50,-61.16786,-49.70617,0.166,102.0
2019-03-29T13:00,-61.16819,-49.70632,0.123,191.7
2019-03-29T13:10,-61.1684,-49.70542,0.173,115.4
2019-03-29T13:20,-61.16905,-49.70475,0.261,153.9
2019-03-29T13:30,-61.16817,-49.70656,0.446,315.4
2019-03-29T13:40,-61.16868,-49.70539,0.276,132.4
2019-03-29T13:50,-61.16871,-49.70504,0.061,99.8
2019-03-29T14:00,-61.16787,-49.70561,0.32,341.9
2019-03-29T14:10,-61.16807,-49.70399,0.292,104.9
2019-03-29T14:20,-61.16862,-49.70291,0.271,136.7
2019-03-29T14:30,-61.16953,-49.702,0.365,154.1
2019-03-29T14:40,-61.17121,-49.70029,0.673,153.9
2019-03-29T14:50,-61.1728,-49.69853,0.647,151.8
2019-03-29T15:00,-61.16501,-49.74463,8.482,289.3
2019-03-29T15:10,-61.16321,-49.80141,9.881,273.7
2019-03-29T15:20,-61.16184,-49.86256,10.63,272.6
2019-03-29T15:30,-61.16143,-49.92246,10.404,270.8
2019-03-29T15:40,-61.15875,-49.98174,10.34,275.3
2019-03-29T15:50,-61.15576,-50.04204,10.53,275.8
2019-03-29T16:00,-61.15281,-50.10108,10.31,275.9
2019-03-29T16:10,-61.14997,-50.15852,10.032,275.8
2019-03-29T16:20,-61.14691,-50.21763,10.327,276.1
2019-03-29T16:30,-61.14413,-50.27576,10.15,275.6
2019-03-29T16:40,-61.14134,-50.33268,9.942,275.8
2019-03-29T16:50,-61.13845,-50.3889,9.826,276.1
2019-03-29T17:00,-61.13567,-50.44561,9.906,275.8
2019-03-29T17:10,-61.13282,-50.50298,10.025,275.9
2019-03-29T17:20,-61.1301,-50.55871,9.737,275.7
2019-03-29T17:30,-61.12746,-50.61582,9.974,275.4
2019-03-29T17:40,-61.12441,-50.67391,10.159,276.2
2019-03-29T17:50,-61.12172,-50.73208,10.161,275.5
2019-03-29T18:00,-61.11862,-50.79062,10.241,276.2
2019-03-29T18:10,-61.1157,-50.84847,10.115,275.9
2019-03-29T18:20,-61.11292,-50.906,10.056,275.7
2019-03-29T18:30,-61.11015,-50.96374,10.093,275.6
2019-03-29T18:40,-61.10724,-51.02341,10.432,275.7
2019-03-29T18:50,-61.10427,-51.08159,10.178,276.0
2019-03-29T19:00,-61.10143,-51.14142,10.461,275.6
2019-03-29T19:10,-61.09829,-51.20309,10.789,276.0
2019-03-29T19:20,-61.09531,-51.26435,10.715,275.7
2019-03-29T19:30,-61.09256,-51.32399,10.426,275.4
2019-03-29T19:40,-61.08919,-51.38608,10.876,276.4
2019-03-29T19:50,-61.08626,-51.44829,10.881,275.5
2019-03-29T20:00,-61.08298,-51.51209,11.169,276.0
2019-03-29T20:10,-61.091,-51.56057,8.92,251.1
2019-03-29T20:20,-61.1211,-51.58027,11.368,197.5
2019-03-29T20:30,-61.1507,-51.59948,11.168,197.4
2019-03-29T20:40,-61.18022,-51.61957,11.185,198.2
2019-03-29T20:50,-61.20949,-51.63814,11.022,197.0
2019-03-29T21:00,-61.2383,-51.65705,10.877,197.5
2019-03-29T21:10,-61.25118,-51.69754,8.408,236.5
2019-03-29T21:20,-61.22766,-51.68969,8.575,9.1
2019-03-29T21:30,-61.20504,-51.67745,8.416,14.6
2019-03-29T21:40,-61.18678,-51.66675,6.831,15.8
2019-03-29T21:50,-61.16889,-51.65684,6.669,14.9
2019-03-29T22:00,-61.1508,-51.64705,6.729,14.6
2019-03-29T22:10,-61.13294,-51.6369,6.669,15.3
2019-03-29T22:20,-61.11483,-51.62663,6.759,15.3
2019-03-29T22:30,-61.09662,-51.61678,6.779,14.6
2019-03-29T22:40,-61.08113,-51.61816,5.581,357.5
2019-03-29T22:50,-61.08107,-51.65783,6.907,270.2
2019-03-29T23:00,-61.0994,-51.67323,7.121,202.1
2019-03-29T23:10,-61.12174,-51.68237,8.201,191.2
2019-03-29T23:20,-61.14362,-51.69111,8.022,190.9
2019-03-29T23:30,-61.16533,-51.70033,7.979,191.6
2019-03-29T23:40,-61.18712,-51.70933,8.002,191.3
2019-03-29T23:50,-61.20919,-51.71798,8.085,190.7
2019-03-30T00:00,-61.23072,-51.72659,7.895,190.9
2019-03-30T00:10,-61.25126,-51.73778,7.645,194.7
2019-03-30T00:20,-61.24786,-51.77033,5.768,282.3
2019-03-30T00:30,-61.22854,-51.76409,7.038,8.8
2019-03-30T00:40,-61.20947,-51.75811,6.943,8.6
2019-03-30T00:50,-61.18984,-51.75169,7.156,9.0
2019-03-30T01:00,-61.17101,-51.74594,6.852,8.4
2019-03-30T01:10,-61.15121,-51.73952,7.218,8.9
2019-03-30T01:20,-61.13159,-51.73334,7.146,8.6
2019-03-30T01:30,-61.11313,-51.72786,6.714,8.2
2019-03-30T01:40,-61.09419,-51.72181,6.899,8.8
2019-03-30T01:50,-61.08063,-51.73296,5.254,338.3
2019-03-30T02:00,-61.08189,-51.76971,6.413,265.9
2019-03-30T02:10,-61.10062,-51.77653,6.848,190.0
2019-03-30T02:20,-61.12059,-51.78083,7.23,185.9
2019-03-30T02:30,-61.13957,-51.78452,6.862,185.4
2019-03-30T02:40,-61.15705,-51.78813,6.325,185.7
2019-03-30T02:50,-61.17439,-51.79173,6.276,185.7
2019-03-30T03:00,-61.19158,-51.795,6.212,185.2
2019-03-30T03:10,-61.20752,-51.79851,5.774,186.0
2019-03-30T03:20,-61.22331,-51.80177,5.711,185.7
2019-03-30T03:30,-61.23827,-51.80449,5.409,185.0
2019-03-30T03:40,-61.2476,-51.81413,3.751,206.5
2019-03-30T03:50,-61.23215,-51.83839,6.971,322.9
2019-03-30T04:00,-61.21303,-51.84066,6.898,356.7
2019-03-30T04:10,-61.19225,-51.839,7.487,2.2
2019-03-30T04:20,-61.17006,-51.83631,8.001,3.3
2019-03-30T04:30,-61.14859,-51.8346,7.737,2.2
2019-03-30T04:40,-61.12589,-51.83265,8.182,2.4
2019-03-30T04:50,-61.10364,-51.82992,8.024,3.4
2019-03-30T05:00,-61.08116,-51.83102,8.097,358.6
2019-03-30T05:10,-61.06497,-51.85203,6.881,327.9
2019-03-30T05:20,-61.06659,-51.86466,2.277,255.1
2019-03-30T05:30,-61.07137,-51.87262,2.21,218.9
2019-03-30T05:40,-61.07596,-51.87734,1.845,206.4
2019-03-30T05:50,-61.08183,-51.87935,2.142,189.4
2019-03-30T06:00,-61.08728,-51.88762,2.435,216.3
2019-03-30T06:10,-61.09207,-51.89166,1.862,202.2
2019-03-30T06:20,-61.09813,-51.90033,2.652,214.7
2019-03-30T06:30,-61.10433,-51.90868,2.663,213.0
2019-03-30T06:40,-61.10985,-51.91421,2.208,205.8
2019-03-30T06:50,-61.11626,-51.92213,2.686,210.8
2019-03-30T07:00,-61.12294,-51.92865,2.661,205.2
2019-03-30T07:10,-61.12903,-51.93284,2.311,198.4
2019-03-30T07:20,-61.13627,-51.93778,2.745,198.2
2019-03-30T07:30,-61.14288,-51.94092,2.439,192.9
2019-03-30T07:40,-61.15091,-51.9465,3.049,198.5
2019-03-30T07:50,-61.1583,-51.95286,2.883,202.6
2019-03-30T08:00,-61.16477,-51.95791,2.488,200.6
2019-03-30T08:10,-61.17185,-51.96392,2.754,202.3
2019-03-30T08:20,-61.17799,-51.97027,2.473,206.5
2019-03-30T08:30,-61.18651,-51.97804,3.351,203.7
2019-03-30T08:40,-61.19402,-51.98507,2.964,204.3
2019-03-30T08:50,-61.20103,-51.99062,2.701,200.9
2019-03-30T09:00,-61.20916,-51.99849,3.23,205.0
2019-03-30T09:10,-61.21698,-52.0057,3.081,203.9
2019-03-30T09:20,-61.22612,-52.0138,3.58,203.1
2019-03-30T09:30,-61.23597,-52.02023,3.716,197.5
2019-03-30T09:40,-61.2467,-52.02789,4.086,199.0
2019-03-30T09:50,-61.25662,-52.03536,3.799,199.9
2019-03-30T10:00,-61.26601,-52.04189,3.563,198.5
2019-03-30T10:10,-61.2761,-52.04957,3.869,200.1
2019-03-30T10:20,-61.28742,-52.06031,4.478,204.5
2019-03-30T10:30,-61.29904,-52.0744,4.843,210.2
2019-03-30T10:40,-61.30998,-52.08667,4.475,208.3
2019-03-30T10:50,-61.32025,-52.09934,4.297,210.6
2019-03-30T11:00,-61.33123,-52.11351,4.648,211.8
2019-03-30T11:10,-61.33737,-52.12821,3.368,228.9
2019-03-30T11:20,-61.34463,-52.09293,6.629,113.2
2019-03-30T11:30,-61.34856,-52.03988,9.267,98.8
2019-03-30T11:40,-61.34783,-51.98082,10.2,88.6
2019-03-30T11:50,-61.34772,-51.9217,10.205,89.8
2019-03-30T12:00,-61.3477,-51.86247,10.227,90.0
2019-03-30T12:10,-61.36083,-51.81366,9.66,119.3
2019-03-30T12:20,-61.37931,-51.7706,9.971,131.9
2019-03-30T12:30,-61.39558,-51.73791,8.13,136.1
2019-03-30T12:40,-61.41352,-51.71533,7.542,148.9
2019-03-30T12:50,-61.43335,-51.68084,9.288,140.3
2019-03-30T13:00,-61.44905,-51.63295,9.994,124.4
2019-03-30T13:10,-61.46417,-51.58201,10.316,121.9
2019-03-30T13:20,-61.47935,-51.53352,9.97,123.3
2019-03-30T13:30,-61.49188,-51.48022,10.214,116.3
2019-03-30T13:40,-61.50315,-51.42595,10.168,113.5
2019-03-30T13:50,-61.48989,-51.37799,9.521,59.9
2019-03-30T14:00,-61.46971,-51.33461,10.412,45.8
2019-03-30T14:10,-61.45462,-51.29683,8.471,50.1
2019-03-30T14:20,-61.44306,-51.25866,7.776,57.7
2019-03-30T14:30,-61.43151,-51.22214,7.538,56.5
2019-03-30T14:40,-61.42026,-51.18547,7.502,57.3
2019-03-30T14:50,-61.40914,-51.14696,7.749,58.9
2019-03-30T15:00,-61.39742,-51.10903,7.779,57.2
2019-03-30T15:10,-61.38714,-51.07044,7.613,60.9
2019-03-30T15:20,-61.37597,-51.03234,7.706,58.5
2019-03-30T15:30,-61.36497,-50.99453,7.629,58.8
2019-03-30T15:40,-61.35375,-50.9561,7.766,58.7
2019-03-30T15:50,-61.34188,-50.91958,7.616,55.9
2019-03-30T16:00,-61.33069,-50.88201,7.639,58.2
2019-03-30T16:10,-61.31929,-50.84307,7.879,58.6
2019-03-30T16:20,-61.30853,-50.80315,7.914,60.7
2019-03-30T16:30,-61.29772,-50.76617,7.484,58.7
2019-03-30T16:40,-61.28672,-50.73027,7.364,57.5
2019-03-30T16:50,-61.27565,-50.69449,7.364,57.2
2019-03-30T17:00,-61.26435,-50.65779,7.542,57.4
2019-03-30T17:10,-61.25285,-50.62151,7.524,56.6
2019-03-30T17:20,-61.24139,-50.58524,7.516,56.7
2019-03-30T17:30,-61.22981,-50.5489,7.55,56.5
2019-03-30T17:40,-61.21819,-50.5114,7.731,57.2
2019-03-30T17:50,-61.20683,-50.47433,7.618,57.6
2019-03-30T18:00,-61.19542,-50.43756,7.588,57.2
2019-03-30T18:10,-61.18396,-50.40061,7.623,57.2
2019-03-30T18:20,-61.17108,-50.36457,7.788,53.5
2019-03-30T18:30,-61.153,-50.35032,6.962,20.8
2019-03-30T18:40,-61.14254,-50.37706,5.98,309.0
2019-03-30T18:50,-61.14039,-50.40913,5.627,277.9
2019-03-30T19:00,-61.14161,-50.44133,5.613,265.5
2019-03-30T19:10,-61.14884,-50.47226,5.972,244.1
2019-03-30T19:20,-61.15763,-50.50247,6.129,238.9
2019-03-30T19:30,-61.16717,-50.53281,6.29,236.9
2019-03-30T19:40,-61.1799,-50.58273,9.802,242.1
2019-03-30T19:50,-61.18948,-50.63722,10.066,249.9
2019-03-30T20:00,-61.20115,-50.68657,9.537,243.8
2019-03-30T20:10,-61.21654,-50.73584,10.182,237.0
2019-03-30T20:20,-61.22968,-50.78897,10.353,242.8
2019-03-30T20:30,-61.2432,-50.84248,10.472,242.3
2019-03-30T20:40,-61.26272,-50.88796,10.555,228.2
2019-03-30T20:50,-61.27879,-50.93756,10.352,236.0
2019-03-30T21:00,-61.29615,-50.98622,10.484,233.4
2019-03-30T21:10,-61.31291,-51.03645,10.576,235.2
2019-03-30T21:20,-61.32897,-51.08689,10.459,236.4
2019-03-30T21:30,-61.34491,-51.13854,10.606,237.2
2019-03-30T21:40,-61.36315,-51.18931,10.951,233.1
2019-03-30T21:50,-61.35472,-51.21256,5.032,307.1
2019-03-30T22:00,-61.32841,-51.17422,11.559,35.0
2019-03-30T22:10,-61.30206,-51.13742,11.421,33.9
2019-03-30T22:20,-61.2751,-51.10191,11.487,32.3
2019-03-30T22:30,-61.25288,-51.05405,11.516,46.0
2019-03-30T22:40,-61.23799,-50.99638,11.338,61.8
2019-03-30T22:50,-61.22339,-50.93902,11.244,62.2
2019-03-30T23:00,-61.20548,-50.88428,11.475,55.8
2019-03-30T23:10,-61.19181,-50.83505,9.855,60.1
2019-03-30T23:20,-61.18764,-50.78534,8.757,80.1
2019-03-30T23:30,-61.18512,-50.73018,9.614,84.6
2019-03-30T23:40,-61.16573,-50.71313,7.585,23.0
2019-03-30T23:50,-61.14833,-50.74402,8.248,319.4
2019-03-31T00:00,-61.15255,-50.8023,10.237,261.4
2019-03-31T00:10,-61.15759,-50.85797,9.839,259.3
2019-03-31T00:20,-61.17377,-50.90655,10.251,235.4
2019-03-31T00:30,-61.18823,-50.94919,9.049,234.8
2019-03-31T00:40,-61.19853,-50.98342,7.002,238.0
2019-03-31T00:50,-61.1881,-50.98407,3.757,358.3
2019-03-31T01:00,-61.1888,-50.98549,0.353,224.3
2019-03-31T01:10,-61.19017,-50.98389,0.564,150.5
2019-03-31T01:20,-61.1914,-50.98495,0.479,202.5
2019-03-31T01:30,-61.19217,-50.98861,0.693,246.1
2019-03-31T01:40,-61.19298,-50.99344,0.887,250.9
2019-03-31T01:50,-61.19392,-50.99825,0.9,247.9
2019-03-31T02:00,-61.19505,-51.00194,0.758,237.7
2019-03-31T02:10,-61.19621,-51.00584,0.796,238.1
2019-03-31T02:20,-61.1964,-51.00873,0.506,262.3
2019-03-31T02:30,-61.19689,-51.01201,0.595,252.7
2019-03-31T02:40,-61.19749,-51.0126,0.238,205.4
2019-03-31T02:50,-61.19793,-51.01304,0.175,205.8
2019-03-31T03:00,-61.19862,-51.01268,0.257,166.3
2019-03-31T03:10,-61.1984,-51.01306,0.103,321.3
2019-03-31T03:20,-61.19918,-51.01394,0.32,208.5
2019-03-31T03:30,-61.19954,-51.01464,0.179,222.8
2019-03-31T03:40,-61.19607,-51.00848,1.646,40.5
2019-03-31T03:50,-61.19593,-51.00655,0.338,81.7
2019-03-31T04:00,-61.19675,-51.0067,0.297,184.9
2019-03-31T04:10,-61.19756,-51.0046,0.466,128.7
2019-03-31T04:20,-61.19758,-51.00198,0.454,90.9
2019-03-31T04:30,-61.19755,-51.00215,0.03,289.4
2019-03-31T04:40,-61.19717,-51.00497,0.509,285.8
2019-03-31T04:50,-61.19612,-51.00725,0.548,313.8
2019-03-31T05:00,-61.19629,-51.00791,0.13,242.3
2019-03-31T05:10,-61.19711,-51.00864,0.322,202.9
2019-03-31T05:20,-61.19649,-51.01179,0.59,292.2
2019-03-31T05:30,-61.19693,-51.01256,0.208,220.0
2019-03-31T05:40,-61.19756,-51.01288,0.231,193.8
2019-03-31T05:50,-61.19854,-51.01353,0.37,197.7
2019-03-31T06:00,-61.1998,-51.01396,0.459,189.4
2019-03-31T06:10,-61.20027,-51.01476,0.22,219.3
2019-03-31T06:20,-61.20066,-51.01489,0.143,188.9
2019-03-31T06:30,-61.20149,-51.01868,0.722,245.6
2019-03-31T06:40,-61.20237,-51.02364,0.917,249.8
2019-03-31T06:50,-61.20353,-51.02766,0.813,239.0
2019-03-31T07:00,-61.20508,-51.03181,0.911,232.2
2019-03-31T07:10,-61.2056,-51.03337,0.33,235.2
2019-03-31T07:20,-61.20623,-51.0354,0.416,237.4
2019-03-31T07:30,-61.20601,-51.03657,0.219,290.8
2019-03-31T07:40,-61.20647,-51.03917,0.481,249.7
2019-03-31T07:50,-61.20709,-51.04138,0.443,239.9
2019-03-31T08:00,-61.20753,-51.04434,0.536,252.9
2019-03-31T08:10,-61.20805,-51.04737,0.558,250.3
2019-03-31T08:20,-61.20871,-51.04897,0.364,229.6
2019-03-31T08:30,-61.20883,-51.04927,0.068,230.8
2019-03-31T08:40,-61.20836,-51.04551,0.674,75.6
2019-03-31T08:50,-61.20834,-51.0489,0.588,270.7
2019-03-31T09:00,-61.20792,-51.05242,0.628,283.9
2019-03-31T09:10,-61.20782,-51.04838,0.701,87.1
2019-03-31T09:20,-61.20744,-51.04084,1.315,84.0
2019-03-31T09:30,-61.20529,-51.02955,2.105,68.4
2019-03-31T09:40,-61.20288,-50.99784,5.568,81.1
2019-03-31T09:50,-61.20403,-51.00709,1.657,255.6
2019-03-31T10:00,-61.2041,-51.00487,0.387,93.7
2019-03-31T10:10,-61.20342,-51.00229,0.509,61.2
2019-03-31T10:20,-61.2031,-51.00412,0.336,289.5
2019-03-31T10:30,-61.20314,-51.00653,0.419,268.1
2019-03-31T10:40,-61.20314,-51.0092,0.464,270.1
2019-03-31T10:50,-61.20279,-51.01324,0.712,280.3
2019-03-31T11:00,-61.20313,-51.01669,0.611,258.5
2019-03-31T11:10,-61.20383,-51.02074,0.746,250.0
2019-03-31T11:20,-61.2044,-51.02443,0.672,252.2
2019-03-31T11:30,-61.20433,-51.02748,0.53,272.8
2019-03-31T11:40,-61.20394,-51.03016,0.486,287.0
2019-03-31T11:50,-61.2036,-51.03484,0.82,278.5
2019-03-31T12:00,-61.20323,-51.03893,0.721,280.6
2019-03-31T12:10,-61.20267,-51.04314,0.758,285.5
2019-03-31T12:20,-61.20251,-51.04716,0.7,274.9
2019-03-31T12:30,-61.20218,-51.05132,0.731,279.3
2019-03-31T12:40,-61.20146,-51.05525,0.73,290.9
2019-03-31T12:50,-61.20123,-51.05935,0.716,276.4
2019-03-31T13:00,-61.20028,-51.06453,0.962,290.9
2019-03-31T13:10,-61.20037,-51.06551,0.173,259.6
2019-03-31T13:20,-61.20079,-51.07014,0.816,259.3
2019-03-31T13:30,-61.20175,-51.07324,0.64,237.3
2019-03-31T13:40,-61.20195,-51.07635,0.544,262.2
2019-03-31T13:50,-61.20151,-51.07845,0.397,293.5
2019-03-31T14:00,-61.19928,-51.07929,0.816,349.7
2019-03-31T14:10,-61.19646,-51.07919,1.017,0.9
2019-03-31T14:20,-61.19562,-51.08069,0.399,319.2
2019-03-31T14:30,-61.19411,-51.08525,0.958,304.5
2019-03-31T14:40,-61.19352,-51.08705,0.379,304.2
2019-03-31T14:50,-61.19195,-51.09061,0.837,312.5
2019-03-31T15:00,-61.1908,-51.09349,0.649,309.8
2019-03-31T15:10,-61.19121,-51.09508,0.314,241.8
2019-03-31T15:20,-61.19284,-51.0943,0.602,167.0
2019-03-31T15:30,-61.19316,-51.09554,0.244,241.7
2019-03-31T15:40,-61.19103,-51.09705,0.811,341.2
2019-03-31T15:50,-61.1722,-51.10268,6.849,351.8
2019-03-31T16:00,-61.15613,-51.11886,6.432,334.1
2019-03-31T16:10,-61.15283,-51.16766,8.558,278.0
2019-03-31T16:20,-61.14556,-51.21094,7.962,289.2
2019-03-31T16:30,-61.13797,-51.25295,7.796,290.5
2019-03-31T16:40,-61.13027,-51.29687,8.121,289.9
2019-03-31T16:50,-61.12263,-51.34122,8.188,289.6
2019-03-31T17:00,-61.11492,-51.38486,8.079,290.1
2019-03-31T17:10,-61.10903,-51.43265,8.581,284.3
2019-03-31T17:20,-61.10372,-51.47583,7.751,284.2
2019-03-31T17:30,-61.0984,-51.52047,8.0,283.8
2019-03-31T17:40,-61.09272,-51.56542,8.086,284.6
2019-03-31T17:50,-61.08683,-51.61283,8.521,284.4
2019-03-31T18:00,-61.081,-51.65897,8.302,284.6
2019-03-31T18:10,-61.07574,-51.70298,7.894,283.9
2019-03-31T18:20,-61.07688,-51.74757,7.775,267.0
2019-03-31T18:30,-61.07847,-51.77188,4.273,262.3
2019-03-31T18:40,-61.07823,-51.77415,0.404,282.5
2019-03-31T18:50,-61.0776,-51.77418,0.228,358.7
2019-03-31T19:00,-61.0757,-51.77831,0.991,313.5
2019-03-31T19:10,-61.07587,-51.77614,0.382,98.7
2019-03-31T19:20,-61.07624,-51.77458,0.305,116.5
2019-03-31T19:30,-61.07595,-51.77214,0.437,76.1
2019-03-31T19:40,-61.07575,-51.77203,0.076,14.6
2019-03-31T19:50,-61.07673,-51.76991,0.511,133.8
2019-03-31T20:00,-61.07786,-51.76779,0.549,137.7
2019-03-31T20:10,-61.07795,-51.76962,0.321,264.2
2019-03-31T20:20,-61.07745,-51.77374,0.739,284.0
2019-03-31T20:30,-61.07731,-51.77668,0.514,275.7
2019-03-31T20:40,-61.07746,-51.77792,0.223,255.6
2019-03-31T20:50,-61.07748,-51.7793,0.241,268.4
2019-03-31T21:00,-61.07609,-51.78466,1.059,298.1
2019-03-31T21:10,-61.0598,-51.75474,7.848,41.6
2019-03-31T21:20,-61.05154,-51.70771,8.718,70.1
2019-03-31T21:30,-61.05203,-51.65246,9.63,91.1
2019-03-31T21:40,-61.05297,-51.59883,9.353,92.1
2019-03-31T21:50,-61.05316,-51.54369,9.609,90.4
2019-03-31T22:00,-61.0534,-51.48917,9.501,90.5
2019-03-31T22:10,-61.05395,-51.43241,9.894,91.2
2019-03-31T22:20,-61.05428,-51.37453,10.085,90.7
2019-03-31T22:30,-61.0549,-51.31746,9.948,91.3
2019-03-31T22:40,-61.05539,-51.26056,9.917,91.0
2019-03-31T22:50,-61.05593,-51.20266,10.09,91.1
2019-03-31T23:00,-61.05646,-51.14605,9.867,91.1
2019-03-31T23:10,-61.05664,-51.09048,9.683,90.4
2019-03-31T23:20,-61.05722,-51.03479,9.705,91.3
2019-03-31T23:30,-61.05761,-50.98036,9.484,90.9
2019-03-31T23:40,-61.05812,-50.92805,9.118,91.2
2019-03-31T23:50,-61.05853,-50.87416,9.389,90.9
2019-04-01T00:00,-61.05602,-50.81714,9.977,84.8
2019-04-01T00:10,-61.0402,-50.77321,9.542,53.4
2019-04-01T00:20,-61.02457,-50.72979,9.433,53.4
2019-04-01T00:30,-61.00894,-50.68497,9.635,54.3
2019-04-01T00:40,-60.99215,-50.63903,10.043,53.0
2019-04-01T00:50,-60.97569,-50.59279,10.016,53.8
2019-04-01T01:00,-60.95884,-50.54597,10.187,53.5
2019-04-01T01:10,-60.94009,-50.50495,9.848,46.8
2019-04-01T01:20,-60.91543,-50.48114,9.806,25.1
2019-04-01T01:30,-60.89057,-50.45568,10.0,26.5
2019-04-01T01:40,-60.86856,-50.42202,9.879,36.7
2019-04-01T01:50,-60.84634,-50.3873,10.053,37.3
2019-04-01T02:00,-60.82711,-50.35772,8.653,36.9
2019-04-01T02:10,-60.81205,-50.3278,7.548,44.1
2019-04-01T02:20,-60.79971,-50.29309,7.544,53.9
2019-04-01T02:30,-60.78857,-50.25752,7.425,57.3
2019-04-01T02:40,-60.79778,-50.22451,6.679,119.8
2019-04-01T02:50,-60.81625,-50.19047,8.943,138.1
2019-04-01T03:00,-60.8356,-50.15993,8.791,142.4
2019-04-01T03:10,-60.84569,-50.14057,4.973,136.9
2019-04-01T03:20,-60.84669,-50.13098,1.72,102.1
2019-04-01T03:30,-60.84607,-50.13186,0.271,325.0
2019-04-01T03:40,-60.8458,-50.13452,0.475,281.8
2019-04-01T03:50,-60.84593,-50.13441,0.047,157.5
2019-04-01T04:00,-60.84556,-50.13303,0.276,61.3
2019-04-01T04:10,-60.84542,-50.13383,0.147,289.4
2019-04-01T04:20,-60.84539,-50.13358,0.045,75.7
2019-04-01T04:30,-60.84498,-50.13476,0.255,305.5
2019-04-01T04:40,-60.84495,-50.13584,0.19,273.5
2019-04-01T04:50,-60.845,-50.13669,0.151,262.5
2019-04-01T05:00,-60.8447,-50.1369,0.117,341.4
2019-04-01T05:10,-60.83019,-50.1297,5.374,13.6
2019-04-01T05:20,-60.80691,-50.11792,8.634,13.9
2019-04-01T05:30,-60.78093,-50.10659,9.563,12.0
2019-04-01T05:40,-60.77676,-50.06495,7.471,78.4
2019-04-01T05:50,-60.77643,-50.01342,9.059,89.3
2019-04-01T06:00,-60.77616,-49.96183,9.069,89.4
2019-04-01T06:10,-60.77578,-49.91067,8.995,89.2
2019-04-01T06:20,-60.78757,-49.87588,7.443,124.8
2019-04-01T06:30,-60.81193,-49.85679,9.391,159.1
2019-04-01T06:40,-60.83636,-49.83942,9.311,160.9
2019-04-01T06:50,-60.84613,-49.83422,3.634,165.5
2019-04-01T07:00,-60.83726,-49.84473,3.687,330.0
2019-04-01T07:10,-60.83877,-49.84331,0.598,155.5
2019-04-01T07:20,-60.83945,-49.84071,0.517,117.9
2019-04-01T07:30,-60.83974,-49.8413,0.147,224.8
2019-04-01T07:40,-60.83912,-49.84015,0.301,42.0
2019-04-01T07:50,-60.83895,-49.83762,0.447,82.3
2019-04-01T08:00,-60.8378,-49.83658,0.453,23.8
2019-04-01T08:10,-60.83944,-49.83517,0.643,157.3
2019-04-01T08:20,-60.83933,-49.83549,0.071,306.8
2019-04-01T08:30,-60.83944,-49.83446,0.185,102.6
2019-04-01T08:40,-60.8398,-49.83369,0.188,134.0
2019-04-01T08:50,-60.83995,-49.83258,0.203,105.1
2019-04-01T09:00,-60.83991,-49.83285,0.05,286.6
2019-04-01T09:10,-60.84032,-49.83409,0.263,235.4
2019-04-01T09:20,-60.84116,-49.8354,0.381,217.3
2019-04-01T09:30,-60.8481,-49.82477,3.117,143.3
2019-04-01T09:40,-60.84913,-49.77134,9.379,92.3
2019-04-01T09:50,-60.85066,-49.71551,9.807,93.3
2019-04-01T10:00,-60.85276,-49.65927,9.891,94.4
2019-04-01T10:10,-60.85226,-49.65551,0.683,74.7
2019-04-01T10:20,-60.85189,-49.66,0.798,279.7
2019-04-01T10:30,-60.85204,-49.65978,0.066,145.3
2019-04-01T10:40,-60.85233,-49.65827,0.287,112.1
2019-04-01T10:50,-60.85268,-49.65664,0.311,113.6
2019-04-01T11:00,-60.85285,-49.65481,0.327,100.5
2019-04-01T11:10,-60.85271,-49.65407,0.14,69.2
2019-04-01T11:20,-60.85232,-49.65496,0.211,312.0
2019-04-01T11:30,-60.85232,-49.65482,0.025,95.7
2019-04-01T11:40,-60.85224,-49.65454,0.058,58.2
2019-04-01T11:50,-60.85245,-49.65505,0.119,229.0
2019-04-01T12:00,-60.85234,-49.65546,0.084,300.8
2019-04-01T12:10,-60.85297,-49.65328,0.445,121.0
2019-04-01T12:20,-60.85275,-49.65371,0.109,317.3
2019-04-01T12:30,-60.85254,-49.65355,0.079,19.8
2019-04-01T12:40,-60.85264,-49.65164,0.337,95.8
2019-04-01T12:50,-60.85232,-49.65188,0.122,340.0
2019-04-01T13:00,-60.85207,-49.65172,0.094,16.9
2019-04-01T13:10,-60.85202,-49.65168,0.021,22.9
2019-04-01T13:20,-60.85232,-49.65193,0.118,202.1
2019-04-01T13:30,-60.85204,-49.65213,0.105,340.9
2019-04-01T13:40,-60.85212,-49.65149,0.116,104.2
2019-04-01T13:50,-60.85165,-49.65186,0.181,338.6
2019-04-01T14:00,-60.85168,-49.65125,0.108,95.4
2019-04-01T14:10,-60.85166,-49.64878,0.434,88.9
2019-04-01T14:20,-60.85168,-49.64638,0.42,91.0
2019-04-01T14:30,-60.85149,-49.64462,0.317,77.5
2019-04-01T14:40,-60.851,-49.64157,0.563,71.7
2019-04-01T14:50,-60.85041,-49.6388,0.53,66.6
2019-04-01T15:00,-60.84632,-49.61968,3.663,66.3
2019-04-01T15:10,-60.85047,-49.56191,10.242,98.4
2019-04-01T15:20,-60.8495,-49.50269,10.392,88.1
2019-04-01T15:30,-60.84996,-49.44343,10.393,90.9
2019-04-01T15:40,-60.84476,-49.39283,9.07,78.1
2019-04-01T15:50,-60.84673,-49.39443,0.764,201.5
2019-04-01T16:00,-60.84693,-49.39657,0.382,259.2
2019-04-01T16:10,-60.84762,-49.39712,0.267,201.3
2019-04-01T16:20,-60.84724,-49.39539,0.333,65.7
2019-04-01T16:30,-60.8473,-49.39411,0.225,95.4
2019-04-01T16:40,-60.8471,-49.39576,0.298,284.0
2019-04-01T16:50,-60.84772,-49.39725,0.345,229.5
2019-04-01T17:00,-60.84807,-49.39695,0.138,157.2
2019-04-01T17:10,-60.84856,-49.39645,0.194,153.4
2019-04-01T17:20,-60.84911,-49.39607,0.21,161.1
2019-04-01T17:30,-60.84955,-49.39545,0.191,146.0
2019-04-01T17:40,-60.85,-49.39451,0.232,134.3
2019-04-01T17:50,-60.85036,-49.39382,0.179,137.7
2019-04-01T18:00,-60.86161,-49.36178,6.925,125.8
2019-04-01T18:10,-60.87174,-49.30849,10.027,111.4
2019-04-01T18:20,-60.88635,-49.26037,9.939,122.0
2019-04-01T18:30,-60.90253,-49.21246,10.215,124.8
2019-04-01T18:40,-60.91434,-49.16123,9.925,115.4
2019-04-01T18:50,-60.91035,-49.10198,10.469,82.1
2019-04-01T19:00,-60.90635,-49.04219,10.565,82.2
2019-04-01T19:10,-60.90239,-48.98251,10.546,82.3
2019-04-01T19:20,-60.89844,-48.92401,10.342,82.1
2019-04-01T19:30,-60.89417,-48.89084,6.01,75.2
2019-04-01T19:40,-60.89146,-48.89731,1.495,310.7
2019-04-01T19:50,-60.8897,-48.89766,0.636,354.4
2019-04-01T20:00,-60.8888,-48.89692,0.347,21.9
2019-04-01T20:10,-60.88877,-48.89755,0.111,276.0
2019-04-01T20:20,-60.88844,-48.89954,0.367,288.7
2019-04-01T20:30,-60.88763,-48.90277,0.638,297.4
2019-04-01T20:40,-60.88721,-48.9059,0.569,285.4
2019-04-01T20:50,-60.88677,-48.9098,0.701,283.2
2019-04-01T21:00,-60.88729,-48.91165,0.374,240.0
2019-04-01T21:10,-60.88807,-48.913,0.368,220.0
2019-04-01T21:20,-60.88858,-48.91401,0.256,224.0
2019-04-01T21:30,-60.8889,-48.91518,0.235,240.4
2019-04-01T21:40,-60.88897,-48.91617,0.175,261.7
2019-04-01T21:50,-60.88887,-48.91564,0.099,68.8
2019-04-01T22:00,-60.88829,-48.91291,0.522,66.5
2019-04-01T22:10,-60.88559,-48.91329,0.975,356.1
2019-04-01T22:20,-60.88979,-48.89016,4.324,110.4
2019-04-01T22:30,-60.88688,-48.89787,1.709,307.7
2019-04-01T22:40,-60.88612,-48.89667,0.345,37.7
2019-04-01T22:50,-60.88563,-48.90248,1.033,279.8
2019-04-01T23:00,-60.8846,-48.90915,1.226,287.7
2019-04-01T23:10,-60.8836,-48.91409,0.937,292.4
2019-04-01T23:20,-60.88287,-48.91884,0.874,287.6
2019-04-01T23:30,-60.88203,-48.92509,1.134,285.4
2019-04-01T23:40,-60.88104,-48.93102,1.1,289.0
2019-04-01T23:50,-60.88024,-48.93537,0.814,290.6
2019-04-02T00:00,-60.88025,-48.93615,0.136,268.5
2019-04-02T00:10,-60.87993,-48.94003,0.69,279.6
2019-04-02T00:20,-60.87974,-48.94263,0.46,278.7
2019-04-02T00:30,-60.8792,-48.94508,0.473,294.6
2019-04-02T00:40,-60.87862,-48.94912,0.737,286.4
2019-04-02T00:50,-60.87828,-48.95108,0.363,289.2
2019-04-02T01:00,-60.87928,-48.93946,2.066,100.0
2019-04-02T01:10,-60.8808,-48.92458,2.665,101.8
2019-04-02T01:20,-60.8813,-48.91813,1.144,99.2
2019-04-02T01:30,-60.8815,-48.92171,0.632,263.5
2019-04-02T01:40,-60.88156,-48.92553,0.669,268.4
2019-04-02T01:50,-60.88132,-48.9285,0.527,279.5
2019-04-02T02:00,-60.8804,-48.93136,0.6,303.3
2019-04-02T02:10,-60.87956,-48.93588,0.848,290.9
2019-04-02T02:20,-60.87902,-48.94132,0.972,281.6
2019-04-02T02:30,-60.87886,-48.94381,0.441,277.5
2019-04-02T02:40,-60.87882,-48.94528,0.257,273.2
2019-04-02T02:50,-60.87906,-48.94646,0.225,247.1
2019-04-02T03:00,-60.87899,-48.94975,0.577,272.6
2019-04-02T03:10,-60.8786,-48.95351,0.673,281.9
2019-04-02T03:20,-60.87805,-48.95805,0.82,284.0
2019-04-02T03:30,-60.87019,-48.92618,6.261,63.1
2019-04-02T03:40,-60.86409,-48.86744,10.53,78.0
2019-04-02T03:50,-60.86067,-48.80638,10.775,83.5
2019-04-02T04:00,-60.85756,-48.74528,10.771,84.0
2019-04-02T04:10,-60.8557,-48.68954,9.797,86.1
2019-04-02T04:20,-60.85559,-48.6416,8.406,89.8
2019-04-02T04:30,-60.86087,-48.60672,6.404,107.3
2019-04-02T04:40,-60.86317,-48.56791,6.854,97.0
2019-04-02T04:50,-60.86609,-48.52386,7.793,97.8
2019-04-02T05:00,-60.84982,-48.4963,7.594,39.5
2019-04-02T05:10,-60.84735,-48.50201,1.34,311.6
2019-04-02T05:20,-60.84731,-48.50218,0.032,297.9
2019-04-02T05:30,-60.84678,-48.50332,0.275,313.3
2019-04-02T05:40,-60.84735,-48.50459,0.302,227.9
2019-04-02T05:50,-60.84792,-48.50522,0.234,208.2
2019-04-02T06:00,-60.84733,-48.50427,0.271,38.0
2019-04-02T06:10,-60.84819,-48.50457,0.317,189.5
2019-04-02T06:20,-60.84829,-48.50419,0.076,116.9
2019-04-02T06:30,-60.84918,-48.50255,0.432,138.3
2019-04-02T06:40,-60.85032,-48.50019,0.582,134.6
2019-04-02T06:50,-60.85192,-48.49677,0.832,133.9
2019-04-02T07:00,-60.8531,-48.4926,0.845,120.2
2019-04-02T07:10,-60.85297,-48.48971,0.508,84.7
2019-04-02T07:20,-60.85151,-48.48814,0.593,27.7
2019-04-02T07:30,-60.84989,-48.48682,0.629,21.6
2019-04-02T07:40,-60.84881,-48.48508,0.495,38.3
2019-04-02T07:50,-60.84717,-48.48541,0.594,354.4
2019-04-02T08:00,-60.84444,-48.46417,3.853,75.2
2019-04-02T08:10,-60.84384,-48.41071,9.379,88.7
2019-04-02T08:20,-60.84522,-48.3585,9.172,93.1
2019-04-02T08:30,-60.84459,-48.30637,9.147,88.6
2019-04-02T08:40,-60.84361,-48.25838,8.426,87.6
2019-04-02T08:50,-60.84332,-48.22389,6.051,89.0
2019-04-02T09:00,-60.84136,-48.22107,0.859,35.0
2019-04-02T09:10,-60.83983,-48.21908,0.654,32.3
2019-04-02T09:20,-60.83796,-48.21839,0.684,10.3
2019-04-02T09:30,-60.83649,-48.21683,0.595,27.4
2019-04-02T09:40,-60.83528,-48.21455,0.592,42.5
2019-04-02T09:50,-60.83482,-48.21462,0.167,355.5
2019-04-02T10:00,-60.83412,-48.21416,0.263,17.8
2019-04-02T10:10,-60.83291,-48.21446,0.439,353.0
2019-04-02T10:20,-60.83157,-48.21547,0.515,339.9
2019-04-02T10:30,-60.83007,-48.21757,0.654,325.7
2019-04-02T10:40,-60.82851,-48.22014,0.719,321.3
2019-04-02T10:50,-60.82703,-48.22289,0.721,317.9
2019-04-02T11:00,-60.82557,-48.22436,0.586,333.9
2019-04-02T11:10,-60.82203,-48.22874,1.487,328.9
2019-04-02T11:20,-60.79657,-48.22462,9.195,4.5
2019-04-02T11:30,-60.76855,-48.21918,10.134,5.4
2019-04-02T11:40,-60.76628,-48.1783,7.235,83.5
2019-04-02T11:50,-60.76761,-48.13244,8.077,93.4
2019-04-02T12:00,-60.76706,-48.12154,1.926,84.2
2019-04-02T12:10,-60.76647,-48.11494,1.18,79.6
2019-04-02T12:20,-60.76567,-48.11066,0.806,69.1
2019-04-02T12:30,-60.7668,-48.08312,4.859,94.8
2019-04-02T12:40,-60.76985,-48.03809,7.992,97.9
2019-04-02T12:50,-60.77091,-47.98609,9.151,92.4
2019-04-02T13:00,-60.77264,-47.93063,9.77,93.7
2019-04-02T13:10,-60.77565,-47.87513,9.817,96.4
2019-04-02T13:20,-60.77864,-47.81918,9.894,96.3
2019-04-02T13:30,-60.78119,-47.76271,9.966,95.3
2019-04-02T13:40,-60.7835,-47.70703,9.822,94.9
2019-04-02T13:50,-60.80595,-47.6867,8.834,156.2
2019-04-02T14:00,-60.83357,-47.67559,10.135,168.9
2019-04-02T14:10,-60.84863,-47.67356,5.436,176.2
2019-04-02T14:20,-60.8464,-47.67692,0.997,323.7
2019-04-02T14:30,-60.84652,-47.67661,0.069,126.6
2019-04-02T14:40,-60.84671,-47.6763,0.089,142.2
2019-04-02T14:50,-60.84664,-47.67629,0.027,4.0
2019-04-02T15:00,-60.84631,-47.67687,0.155,318.4
2019-04-02T15:10,-60.8473,-47.67664,0.359,173.5
2019-04-02T15:20,-60.84901,-47.67564,0.64,164.1
2019-04-02T15:30,-60.84929,-47.676,0.119,211.8
2019-04-02T15:40,-60.84895,-47.67684,0.193,310.0
2019-04-02T15:50,-60.85732,-47.67505,3.031,174.1
2019-04-02T16:00,-60.88289,-47.67731,9.215,182.5
2019-04-02T16:10,-60.90923,-47.67818,9.485,180.9
2019-04-02T16:20,-60.91929,-47.71326,7.128,239.5
2019-04-02T16:30,-60.91992,-47.76468,9.0,268.5
2019-04-02T16:40,-60.91917,-47.81651,9.075,271.7
2019-04-02T16:50,-60.91911,-47.8727,9.832,270.1
2019-04-02T17:00,-60.91897,-47.92933,9.911,270.3
2019-04-02T17:10,-60.91881,-47.98526,9.788,270.3
2019-04-02T17:20,-60.91877,-48.04112,9.775,270.1
2019-04-02T17:30,-60.91862,-48.09733,9.837,270.3
2019-04-02T17:40,-60.91869,-48.15475,10.049,269.8
2019-04-02T17:50,-60.9164,-48.21003,9.709,274.9
2019-04-02T18:00,-60.91845,-48.26551,9.738,265.6
2019-04-02T18:10,-60.91848,-48.32011,9.555,269.9
2019-04-02T18:20,-60.91849,-48.37499,9.603,269.9
2019-04-02T18:30,-60.91834,-48.43015,9.655,270.3
2019-04-02T18:40,-60.92015,-48.48434,9.504,266.0
2019-04-02T18:50,-60.92722,-48.53735,9.62,254.6
2019-04-02T19:00,-60.93137,-48.58105,7.789,258.9
2019-04-02T19:10,-60.93451,-48.61817,6.59,260.1
2019-04-02T19:20,-60.93501,-48.63196,2.42,265.7
2019-04-02T19:30,-60.93496,-48.653,3.679,270.3
2019-04-02T19:40,-60.9219,-48.68336,7.094,311.5
2019-04-02T19:50,-60.90553,-48.72411,9.251,309.5
2019-04-02T20:00,-60.905,-48.77322,8.601,271.3
2019-04-02T20:10,-60.9095,-48.82515,9.234,259.9
2019-04-02T20:20,-60.914,-48.87736,9.282,259.9
2019-04-02T20:30,-60.91834,-48.92815,9.025,260.0
2019-04-02T20:40,-60.92264,-48.98028,9.252,260.3
2019-04-02T20:50,-60.9272,-49.03366,9.484,260.0
2019-04-02T21:00,-60.93152,-49.08739,9.528,260.6
2019-04-02T21:10,-60.93253,-49.14128,9.433,267.8
2019-04-02T21:20,-60.93723,-49.19539,9.615,259.8
2019-04-02T21:30,-60.94242,-49.25125,9.946,259.2
2019-04-02T21:40,-60.94618,-49.30937,10.253,262.4
2019-04-02T21:50,-60.9462,-49.36806,10.261,269.9
2019-04-02T22:00,-60.94613,-49.4277,10.429,270.1
2019-04-02T22:10,-60.9459,-49.48665,10.308,270.4
2019-04-02T22:20,-60.94651,-49.53991,9.314,268.6
2019-04-02T22:30,-60.94501,-49.56893,5.104,276.1
2019-04-02T22:40,-60.94302,-49.59846,5.212,277.9
2019-04-02T22:50,-60.94397,-49.61922,3.646,264.6
2019-04-02T23:00,-60.94404,-49.6335,2.499,269.4
2019-04-02T23:10,-60.94194,-49.64829,2.693,286.3
2019-04-02T23:20,-60.94629,-49.66547,3.388,242.5
2019-04-02T23:30,-60.94245,-49.69428,5.224,285.3
2019-04-02T23:40,-60.94201,-49.7273,5.776,271.6
2019-04-02T23:50,-60.94191,-49.76465,6.533,270.3
2019-04-03T00:00,-60.94201,-49.80266,6.647,269.7
2019-04-03T00:10,-60.94091,-49.83955,6.462,273.5
2019-04-03T00:20,-60.93826,-49.88037,7.202,277.6
2019-04-03T00:30,-60.9348,-49.92372,7.685,279.3
2019-04-03T00:40,-60.92829,-49.97776,9.74,283.9
2019-04-03T00:50,-60.92467,-50.03362,9.86,277.6
2019-04-03T01:00,-60.92233,-50.09051,9.989,274.8
2019-04-03T01:10,-60.92408,-50.14858,10.181,266.4
2019-04-03T01:20,-60.92737,-50.20548,10.027,263.2
2019-04-03T01:30,-60.93084,-50.26195,9.957,262.8
2019-04-03T01:40,-60.9342,-50.31672,9.657,262.8
2019-04-03T01:50,-60.95117,-50.36306,10.148,233.0
2019-04-03T02:00,-60.9694,-50.40889,10.354,230.7
2019-04-03T02:10,-60.98737,-50.45429,10.235,230.8
2019-04-03T02:20,-61.00508,-50.49986,10.196,231.3
2019-04-03T02:30,-61.02273,-50.54518,10.144,231.2
2019-04-03T02:40,-61.03983,-50.58893,9.805,231.1
2019-04-03T02:50,-61.05732,-50.63396,10.061,231.2
2019-04-03T03:00,-61.07475,-50.67811,9.927,230.8
2019-04-03T03:10,-61.09214,-50.72264,9.965,231.1
2019-04-03T03:20,-61.09927,-50.77347,9.21,253.8
2019-04-03T03:30,-61.10373,-50.8254,9.177,259.9
2019-04-03T03:40,-61.10808,-50.87852,9.373,260.4
2019-04-03T03:50,-61.1126,-50.93209,9.461,260.1
2019-04-03T04:00,-61.11703,-50.98448,9.251,260.0
2019-04-03T04:10,-61.12116,-51.03538,8.976,260.4
2019-04-03T04:20,-61.12649,-51.08487,8.816,257.4
2019-04-03T04:30,-61.15325,-51.07509,9.784,170.0
2019-04-03T04:40,-61.18156,-51.06119,10.476,166.7
2019-04-03T04:50,-61.20937,-51.04738,10.295,166.6
2019-04-03T05:00,-61.2378,-51.0337,10.508,167.0
2019-04-03T05:10,-61.26455,-51.0289,9.666,175.1
2019-04-03T05:20,-61.28365,-51.06369,9.139,221.2
2019-04-03T05:30,-61.30269,-51.09768,9.031,220.6
2019-04-03T05:40,-61.32158,-51.13122,8.936,220.4
2019-04-03T05:50,-61.34093,-51.16608,9.209,220.8
2019-04-03T06:00,-61.36013,-51.20016,9.078,220.4
2019-04-03T06:10,-61.37889,-51.23359,8.88,220.5
2019-04-03T06:20,-61.39774,-51.26714,8.919,220.4
2019-04-03T06:30,-61.41461,-51.30517,8.936,227.2
2019-04-03T06:40,-61.43099,-51.34283,8.767,227.7
2019-04-03T06:50,-61.43762,-51.3899,8.447,253.6
2019-04-03T07:00,-61.44418,-51.43621,8.314,253.5
2019-04-03T07:10,-61.45009,-51.48113,8.018,254.6
2019-04-03T07:20,-61.45397,-51.52748,8.096,260.0
2019-04-03T07:30,-61.45808,-51.5753,8.36,259.8
2019-04-03T07:40,-61.46917,-51.61739,8.267,241.1
2019-04-03T07:50,-61.48577,-51.65524,8.837,227.4
2019-04-03T08:00,-61.4941,-51.70024,8.294,248.8
2019-04-03T08:10,-61.4987,-51.74858,8.47,258.7
2019-04-03T08:20,-61.50364,-51.79847,8.753,258.2
2019-04-03T08:30,-61.50828,-51.84755,8.595,258.8
2019-04-03T08:40,-61.51325,-51.89804,8.853,258.3
2019-04-03T08:50,-61.53207,-51.92818,8.524,217.4
2019-04-03T09:00,-61.55403,-51.95191,8.896,207.2
2019-04-03T09:10,-61.57151,-51.98439,8.403,221.5
2019-04-03T09:20,-61.58809,-52.02014,8.554,225.7
2019-04-03T09:30,-61.60745,-52.0531,8.968,219.0
2019-04-03T09:40,-61.62826,-52.07117,8.106,202.4
2019-04-03T09:50,-61.64811,-52.08671,7.625,200.4
2019-04-03T10:00,-61.65462,-52.12983,7.735,252.3
2019-04-03T10:10,-61.65901,-52.17763,8.322,259.0
2019-04-03T10:20,-61.66382,-52.2302,9.15,259.1
2019-04-03T10:30,-61.67432,-52.27829,9.046,245.3
2019-04-03T10:40,-61.69039,-52.32191,9.431,232.1
2019-04-03T10:50,-61.70954,-52.35849,9.304,222.1
2019-04-03T11:00,-61.73133,-52.38791,9.312,212.6
2019-04-03T11:10,-61.75374,-52.41791,9.552,212.4
2019-04-03T11:20,-61.76715,-52.46285,9.051,237.7
2019-04-03T11:30,-61.77702,-52.5155,9.646,248.4
2019-04-03T11:40,-61.78685,-52.56948,9.848,248.9
2019-04-03T11:50,-61.79702,-52.62456,10.063,248.6
2019-04-03T12:00,-61.78328,-52.65658,7.36,312.2
2019-04-03T12:10,-61.77134,-52.61794,7.859,56.9
2019-04-03T12:20,-61.76409,-52.57081,8.443,72.0
2019-04-03T12:30,-61.75562,-52.52462,8.439,68.8
2019-04-03T12:40,-61.74519,-52.47811,8.771,64.7
2019-04-03T12:50,-61.72969,-52.44317,8.162,46.9
2019-04-03T13:00,-61.71183,-52.41255,8.284,39.1
2019-04-03T13:10,-61.69356,-52.38282,8.307,37.7
2019-04-03T13:20,-61.67527,-52.35643,7.983,34.4
2019-04-03T13:30,-61.6598,-52.32066,8.268,47.7
2019-04-03T13:40,-61.64675,-52.27802,8.672,57.2
2019-04-03T13:50,-61.63989,-52.22854,8.815,73.7
2019-04-03T14:00,-61.63532,-52.17567,9.192,79.7
2019-04-03T14:10,-61.62317,-52.13018,8.928,60.7
2019-04-03T14:20,-61.60695,-52.09399,8.513,46.7
2019-04-03T14:30,-61.58958,-52.0615,8.371,41.7
2019-04-03T14:40,-61.57124,-52.03096,8.426,38.4
2019-04-03T14:50,-61.55056,-52.00619,8.572,29.7
2019-04-03T15:00,-61.53035,-51.98121,8.445,30.5
2019-04-03T15:10,-61.5109,-51.95719,8.128,30.5
2019-04-03T15:20,-61.4947,-51.92805,7.686,40.7
2019-04-03T15:30,-61.49269,-51.87377,9.356,85.6
2019-04-03T15:40,-61.49079,-51.81789,9.627,85.9
2019-04-03T15:50,-61.48855,-51.76219,9.606,85.2
2019-04-03T16:00,-61.48601,-51.70642,9.63,84.6
2019-04-03T16:10,-61.47331,-51.66188,8.916,59.2
2019-04-03T16:20,-61.45776,-51.62002,9.121,52.1
2019-04-03T16:30,-61.44352,-51.57645,9.083,55.7
2019-04-03T16:40,-61.43725,-51.52008,9.961,76.9
2019-04-03T16:50,-61.43071,-51.46155,10.349,76.9
2019-04-03T17:00,-61.4241,-51.40339,10.294,76.7
2019-04-03T17:10,-61.41647,-51.34788,9.949,74.0
2019-04-03T17:20,-61.39529,-51.3148,9.521,36.8
2019-04-03T17:30,-61.37493,-51.28182,9.278,37.8
2019-04-03T17:40,-61.35417,-51.24864,9.416,37.5
2019-04-03T17:50,-61.33259,-51.21711,9.487,35.0
2019-04-03T18:00,-61.30984,-51.1901,9.428,29.7
2019-04-03T18:10,-61.28827,-51.16577,8.831,28.5
2019-04-03T18:20,-61.26693,-51.14084,8.812,29.3
2019-04-03T18:30,-61.24498,-51.11446,9.129,30.0
2019-04-03T18:40,-61.24169,-51.05938,9.613,82.9
2019-04-03T18:50,-61.23988,-51.00073,10.181,86.4
2019-04-03T19:00,-61.23817,-50.9398,10.574,86.7
2019-04-03T19:10,-61.23612,-50.87801,10.73,86.1
2019-04-03T19:20,-61.23423,-50.8164,10.697,86.4
2019-04-03T19:30,-61.23258,-50.75521,10.619,86.8
2019-04-03T19:40,-61.23163,-50.72355,5.497,86.4
2019-04-03T19:50,-61.23077,-50.71957,0.754,66.0
2019-04-03T20:00,-61.22957,-50.71819,0.496,29.0
2019-04-03T20:10,-61.22843,-50.71727,0.44,21.3
2019-04-03T20:20,-61.22753,-50.71787,0.339,342.1
2019-04-03T20:30,-61.22636,-50.71871,0.448,341.0
2019-04-03T20:40,-61.22494,-50.71922,0.517,350.1
2019-04-03T20:50,-61.22295,-50.71969,0.723,353.5
2019-04-03T21:00,-61.22095,-50.7203,0.727,351.6
2019-04-03T21:10,-61.21786,-50.71831,1.165,17.3
2019-04-03T21:20,-61.21456,-50.71882,1.192,355.7
2019-04-03T21:30,-61.21358,-50.71785,0.39,25.6
2019-04-03T21:40,-61.21228,-50.71645,0.53,27.4
2019-04-03T21:50,-61.21087,-50.71583,0.518,12.0
2019-04-03T22:00,-61.20991,-50.71784,0.491,314.7
2019-04-03T22:10,-61.20849,-50.71729,0.522,10.4
2019-04-03T22:20,-61.20744,-50.71846,0.427,331.7
2019-04-03T22:30,-61.20647,-50.71688,0.444,38.3
2019-04-03T22:40,-61.2055,-50.71663,0.352,7.1
2019-04-03T22:50,-61.20418,-50.71747,0.499,342.9
2019-04-03T23:00,-61.20327,-50.7193,0.456,315.9
2019-04-03T23:10,-61.20198,-50.7203,0.496,339.4
2019-04-03T23:20,-61.20085,-50.72155,0.461,331.9
2019-04-03T23:30,-61.19999,-50.72211,0.324,342.6
2019-04-03T23:40,-61.19782,-50.72034,0.842,21.4
2019-04-03T23:50,-61.1965,-50.72111,0.492,344.2
2019-04-04T00:00,-61.19463,-50.7198,0.71,18.6
2019-04-04T00:10,-61.19328,-50.72092,0.525,338.4
2019-04-04T00:20,-61.19104,-50.7205,0.81,5.1
2019-04-04T00:30,-61.18908,-50.71868,0.771,24.2
2019-04-04T00:40,-61.18761,-50.71752,0.566,20.8
2019-04-04T00:50,-61.18817,-50.71994,0.464,244.5
2019-04-04T01:00,-61.18684,-50.71984,0.478,2.1
2019-04-04T01:10,-61.18531,-50.71889,0.575,16.6
2019-04-04T01:20,-61.18424,-50.72047,0.474,324.6
2019-04-04T01:30,-61.18277,-50.71967,0.546,14.8
2019-04-04T01:40,-61.1818,-50.72015,0.359,346.5
2019-04-04T01:50,-61.18041,-50.71963,0.509,10.2
2019-04-04T02:00,-61.18018,-50.71793,0.306,74.7
2019-04-04T02:10,-61.17868,-50.72003,0.652,326.1
2019-04-04T02:20,-61.17752,-50.71938,0.432,15.1
2019-04-04T02:30,-61.17686,-50.71992,0.254,338.4
2019-04-04T02:40,-61.17602,-50.72009,0.306,354.5
2019-04-04T02:50,-61.17464,-50.71939,0.511,13.7
2019-04-04T03:00,-61.17398,-50.72021,0.276,329.1
2019-04-04T03:10,-61.17334,-50.72094,0.264,331.1
2019-04-04T03:20,-61.17208,-50.72138,0.461,350.5
2019-04-04T03:30,-61.17088,-50.72127,0.431,2.6
2019-04-04T03:40,-61.16973,-50.72111,0.415,3.9
2019-04-04T03:50,-61.16865,-50.72091,0.39,4.9
2019-04-04T04:00,-61.16807,-50.72106,0.21,352.9
2019-04-04T04:10,-61.1683,-50.72073,0.098,144.4
2019-04-04T04:20,-61.16806,-50.72108,0.103,323.9
2019-04-04T04:30,-61.16696,-50.71995,0.443,26.4
2019-04-04T04:40,-61.16582,-50.7187,0.466,27.7
2019-04-04T04:50,-61.16494,-50.71832,0.322,11.8
2019-04-04T05:00,-61.16424,-50.71789,0.262,16.8
2019-04-04T05:10,-61.16309,-50.7167,0.463,26.6
2019-04-04T05:20,-61.1622,-50.71642,0.325,8.5
2019-04-04T05:30,-61.16218,-50.71595,0.081,84.9
2019-04-04T05:40,-61.16339,-50.71599,0.435,180.9
2019-04-04T05:50,-61.16414,-50.71904,0.594,242.9
2019-04-04T06:00,-61.16709,-50.71977,1.07,186.8
2019-04-04T06:10,-61.16945,-50.71761,0.931,156.2
2019-04-04T06:20,-61.1714,-50.71465,0.87,143.8
2019-04-04T06:30,-61.17308,-50.71037,0.957,129.0
2019-04-04T06:40,-61.1745,-50.70488,1.081,118.4
2019-04-04T06:50,-61.17585,-50.701,0.83,125.7
2019-04-04T07:00,-61.17704,-50.69771,0.714,127.0
2019-04-04T07:10,-61.17841,-50.69468,0.722,133.2
2019-04-04T07:20,-61.17989,-50.69182,0.727,136.8
2019-04-04T07:30,-61.18091,-50.68831,0.712,121.1
2019-04-04T07:40,-61.18243,-50.68462,0.844,130.7
2019-04-04T07:50,-61.18393,-50.68475,0.537,182.5
2019-04-04T08:00,-61.1853,-50.67932,1.066,117.7
2019-04-04T08:10,-61.18651,-50.67414,0.999,116.0
2019-04-04T08:20,-61.18755,-50.67375,0.377,169.7
2019-04-04T08:30,-61.18834,-50.67282,0.329,150.6
2019-04-04T08:40,-61.19017,-50.67292,0.659,181.5
2019-04-04T08:50,-61.1907,-50.67298,0.19,183.1
2019-04-04T09:00,-61.18972,-50.67417,0.409,329.8
2019-04-04T09:10,-61.18863,-50.67283,0.454,30.8
2019-04-04T09:20,-61.18827,-50.69387,3.655,272.0
2019-04-04T09:30,-61.19095,-50.74195,8.398,263.4
2019-04-04T09:40,-61.19223,-50.79038,8.414,266.8
2019-04-04T09:50,-61.19372,-50.83879,8.416,266.3
2019-04-04T10:00,-61.19521,-50.88873,8.681,266.4
2019-04-04T10:10,-61.19723,-50.95248,11.083,266.2
2019-04-04T10:20,-61.19922,-51.01434,10.754,266.1
2019-04-04T10:30,-61.20124,-51.07627,10.767,266.1
2019-04-04T10:40,-61.20335,-51.13896,10.901,266.0
2019-04-04T10:50,-61.20527,-51.20196,10.947,266.4
2019-04-04T11:00,-61.2073,-51.2642,10.818,266.1
2019-04-04T11:10,-61.2091,-51.32711,10.929,266.6
2019-04-04T11:20,-61.21116,-51.38912,10.779,266.0
2019-04-04T11:30,-61.21352,-51.4547,11.401,265.7
2019-04-04T11:40,-61.21595,-51.53361,13.71,266.3
2019-04-04T11:50,-61.21952,-51.61613,14.363,264.8
2019-04-04T12:00,-61.22285,-51.69857,14.34,265.2
2019-04-04T12:10,-61.22639,-51.78098,14.34,264.9
2019-04-04T12:20,-61.22999,-51.8653,14.67,264.9
2019-04-04T12:30,-61.23358,-51.94913,14.585,264.9
2019-04-04T12:40,-61.23717,-52.03254,14.51,264.9
2019-04-04T12:50,-61.24064,-52.11413,14.188,264.9
2019-04-04T13:00,-61.24402,-52.19689,14.389,265.1
2019-04-04T13:10,-61.24691,-52.27919,14.293,265.8
2019-04-04T13:20,-61.24654,-52.36203,14.347,270.5
2019-04-04T13:30,-61.23364,-52.43592,13.618,289.9
2019-04-04T13:40,-61.22222,-52.44668,4.516,335.6
2019-04-04T13:50,-61.22556,-52.46995,4.209,253.4
2019-04-04T14:00,-61.22398,-52.47293,0.768,317.8
2019-04-04T14:10,-61.22463,-52.47831,0.962,255.9
2019-04-04T14:20,-61.22464,-52.48351,0.9,269.7
2019-04-04T14:30,-61.2244,-52.48787,0.76,276.4
2019-04-04T14:40,-61.22302,-52.49034,0.656,319.1
2019-04-04T14:50,-61.2218,-52.49299,0.636,313.8
2019-04-04T15:00,-61.22077,-52.49531,0.548,312.7
2019-04-04T15:10,-61.2124,-52.50575,3.514,329.0
2019-04-04T15:20,-61.22079,-52.58822,14.612,258.0
2019-04-04T15:30,-61.22018,-52.66923,14.044,270.9
2019-04-04T15:40,-61.19443,-52.72239,13.074,315.1
2019-04-04T15:50,-61.16943,-52.77998,13.452,312.0
2019-04-04T16:00,-61.1434,-52.83963,13.97,312.1
2019-04-04T16:10,-61.11819,-52.8985,13.679,311.5
2019-04-04T16:20,-61.09275,-52.9564,13.617,312.3
2019-04-04T16:30,-61.06843,-53.01801,13.846,309.2
2019-04-04T16:40,-61.04515,-53.08151,13.882,307.1
2019-04-04T16:50,-61.02463,-53.14716,13.623,302.8
2019-04-04T17:00,-61.00166,-53.20682,13.295,308.4
2019-04-04T17:10,-60.97865,-53.26559,13.189,308.9
2019-04-04T17:20,-60.95534,-53.32416,13.235,309.3
2019-04-04T17:30,-60.93184,-53.38244,13.245,309.7
2019-04-04T17:40,-60.90747,-53.44041,13.412,310.8
2019-04-04T17:50,-60.88344,-53.49768,13.246,310.8
2019-04-04T18:00,-60.86006,-53.55374,12.938,310.6
2019-04-04T18:10,-60.83654,-53.61064,13.088,310.3
2019-04-04T18:20,-60.81163,-53.66841,13.537,311.5
2019-04-04T18:30,-60.78612,-53.72803,13.929,311.2
2019-04-04T18:40,-60.75841,-53.78143,13.703,316.7
2019-04-04T18:50,-60.72976,-53.83187,13.606,319.3
2019-04-04T19:00,-60.70004,-53.88351,14.043,319.6
2019-04-04T19:10,-60.67079,-53.93028,13.375,321.9
2019-04-04T19:20,-60.64097,-53.97778,13.622,322.0
2019-04-04T19:30,-60.60905,-54.01519,13.256,330.1
2019-04-04T19:40,-60.57811,-54.05242,12.939,329.4
2019-04-04T19:50,-60.55846,-54.11074,12.51,304.4
2019-04-04T20:00,-60.53392,-54.16465,13.007,312.8
2019-04-04T20:10,-60.50983,-54.2168,12.674,313.2
2019-04-04T20:20,-60.48553,-54.26884,12.716,313.4
2019-04-04T20:30,-60.46109,-54.32243,12.957,312.8
2019-04-04T20:40,-60.43567,-54.37725,13.361,313.2
2019-04-04T20:50,-60.41021,-54.43224,13.398,313.1
2019-04-04T21:00,-60.38642,-54.48354,12.515,313.2
2019-04-04T21:10,-60.36138,-54.53747,13.168,313.2
2019-04-04T21:20,-60.33657,-54.59075,13.034,313.2
2019-04-04T21:30,-60.31193,-54.64444,13.049,312.8
2019-04-04T21:40,-60.28771,-54.69617,12.698,313.4
2019-04-04T21:50,-60.26292,-54.7492,13.01,313.3
2019-04-04T22:00,-60.23847,-54.802,12.904,313.0
2019-04-04T22:10,-60.21273,-54.85694,13.503,313.3
2019-04-04T22:20,-60.18701,-54.91233,13.565,313.0
2019-04-04T22:30,-60.16125,-54.96769,13.574,313.1
2019-04-04T22:40,-60.13522,-55.02337,13.692,313.2
2019-04-04T22:50,-60.10852,-55.08046,14.043,313.2
2019-04-04T23:00,-60.08222,-55.13678,13.853,313.1
2019-04-04T23:10,-60.05641,-55.19232,13.635,312.9
2019-04-04T23:20,-60.03001,-55.24831,13.846,313.3
2019-04-04T23:30,-60.00432,-55.30337,13.554,313.0
2019-04-04T23:40,-59.97815,-55.35829,13.658,313.6
2019-04-04T23:50,-59.95251,-55.41266,13.463,313.3
2019-04-05T00:00,-59.92639,-55.46757,13.658,313.5
2019-04-05T00:10,-59.90026,-55.523,13.733,313.2
2019-04-05T00:20,-59.8751,-55.5759,13.169,313.5
2019-04-05T00:30,-59.84921,-55.63016,13.531,313.5
2019-04-05T00:40,-59.82345,-55.68412,13.466,313.5
2019-04-05T00:50,-59.79869,-55.73681,13.055,313.0
2019-04-05T01:00,-59.77292,-55.79076,13.479,313.5
2019-04-05T01:10,-59.74741,-55.84425,13.357,313.4
2019-04-05T01:20,-59.72198,-55.89723,13.276,313.6
2019-04-05T01:30,-59.69665,-55.95093,13.353,313.1
2019-04-05T01:40,-59.67104,-56.00382,13.32,313.8
2019-04-05T01:50,-59.64518,-56.058,13.556,313.4
2019-04-05T02:00,-59.61974,-56.11162,13.386,313.2
2019-04-05T02:10,-59.5938,-56.16585,13.595,313.4
2019-04-05T02:20,-59.5671,-56.22146,13.969,313.4
2019-04-05T02:30,-59.54207,-56.2737,13.117,313.4
2019-04-05T02:40,-59.51704,-56.32599,13.13,313.3
2019-04-05T02:50,-59.49227,-56.37748,12.963,313.4
2019-04-05T03:00,-59.46789,-56.42831,12.783,313.3
2019-04-05T03:10,-59.44329,-56.4794,12.88,313.4
2019-04-05T03:20,-59.41898,-56.52952,12.681,313.6
2019-04-05T03:30,-59.39405,-56.58161,13.104,313.2
2019-04-05T03:40,-59.36925,-56.6331,12.995,313.4
2019-04-05T03:50,-59.34456,-56.68423,12.925,313.4
2019-04-05T04:00,-59.32033,-56.73459,12.715,313.3
2019-04-05T04:10,-59.29594,-56.78502,12.768,313.4
2019-04-05T04:20,-59.27112,-56.83625,12.985,313.5
2019-04-05T04:30,-59.24608,-56.88798,13.112,313.4
2019-04-05T04:40,-59.22103,-56.93964,13.112,313.5
2019-04-05T04:50,-59.19591,-56.99169,13.183,313.3
2019-04-05T05:00,-59.17109,-57.04286,12.998,313.4
2019-04-05T05:10,-59.14637,-57.09355,12.914,313.5
2019-04-05T05:20,-59.12157,-57.14487,13.024,313.3
2019-04-05T05:30,-59.09588,-57.19789,13.475,313.3
2019-04-05T05:40,-59.07013,-57.25069,13.467,313.5
2019-04-05T05:50,-59.04468,-57.30305,13.34,313.4
2019-04-05T06:00,-59.01895,-57.356,13.495,313.3
2019-04-05T06:10,-58.99328,-57.4087,13.448,313.4
2019-04-05T06:20,-58.96743,-57.46147,13.509,313.5
2019-04-05T06:30,-58.94163,-57.51414,13.489,313.5
2019-04-05T06:40,-58.91619,-57.5667,13.391,313.1
2019-04-05T06:50,-58.89052,-57.61924,13.448,313.4
2019-04-05T07:00,-58.86476,-57.67191,13.495,313.4
2019-04-05T07:10,-58.83884,-57.72482,13.571,313.4
2019-04-05T07:20,-58.81307,-57.77746,13.504,313.4
2019-04-05T07:30,-58.78759,-57.82932,13.331,313.5
2019-04-05T07:40,-58.76226,-57.88091,13.263,313.4
2019-04-05T07:50,-58.73688,-57.93263,13.297,313.4
2019-04-05T08:00,-58.71189,-57.98365,13.11,313.3
2019-04-05T08:10,-58.68721,-58.03344,12.873,313.6
2019-04-05T08:20,-58.66152,-58.08581,13.478,313.3
2019-04-05T08:30,-58.63645,-58.13684,13.147,313.3
2019-04-05T08:40,-58.61085,-58.18877,13.407,313.4
2019-04-05T08:50,-58.58546,-58.24025,13.299,313.4
2019-04-05T09:00,-58.56095,-58.29005,12.853,313.3
2019-04-05T09:10,-58.53588,-58.34044,13.081,313.6
2019-04-05T09:20,-58.51102,-58.39101,13.059,313.3
2019-04-05T09:30,-58.48716,-58.43953,12.535,313.2
2019-04-05T09:40,-58.46289,-58.48849,12.7,313.4
2019-04-05T09:50,-58.4387,-58.53702,12.628,313.6
2019-04-05T10:00,-58.41427,-58.58632,12.797,313.4
2019-04-05T10:10,-58.38935,-58.63655,13.049,313.4
2019-04-05T10:20,-58.36424,-58.68751,13.203,313.2
2019-04-05T10:30,-58.34039,-58.73542,12.475,313.5
2019-04-05T10:40,-58.31575,-58.78513,12.924,313.3
2019-04-05T10:50,-58.29147,-58.83384,12.703,313.5
2019-04-05T11:00,-58.26798,-58.883,12.573,312.2
2019-04-05T11:10,-58.24368,-58.92994,12.475,314.5
2019-04-05T11:20,-58.21951,-58.97827,12.636,313.5
2019-04-05T11:30,-58.19558,-59.02665,12.587,313.2
2019-04-05T11:40,-58.17168,-59.0742,12.47,313.6
2019-04-05T11:50,-58.14709,-59.12353,12.892,313.4
2019-04-05T12:00,-58.12202,-59.17353,13.106,313.5
2019-04-05T12:10,-58.09784,-59.22213,12.7,313.3
2019-04-05T12:20,-58.07279,-59.2721,13.107,313.5
2019-04-05T12:30,-58.04711,-59.32338,13.452,313.4
2019-04-05T12:40,-58.02074,-59.37592,13.799,313.4
2019-04-05T12:50,-57.99361,-59.42994,14.197,313.4
2019-04-05T13:00,-57.96668,-59.48378,14.13,313.3
2019-04-05T13:10,-57.93949,-59.53778,14.222,313.5
2019-04-05T13:20,-57.9123,-59.59198,14.257,313.4
2019-04-05T13:30,-57.88535,-59.64562,14.125,313.4
2019-04-05T13:40,-57.85872,-59.69859,13.955,313.4
2019-04-05T13:50,-57.83221,-59.75123,13.888,313.4
2019-04-05T14:00,-57.80577,-59.80364,13.842,313.4
2019-04-05T14:10,-57.77953,-59.85567,13.745,313.4
2019-04-05T14:20,-57.75375,-59.9065,13.47,313.5
2019-04-05T14:30,-57.72762,-59.95832,13.7,313.4
2019-04-05T14:40,-57.7018,-60.00941,13.527,313.4
2019-04-05T14:50,-57.67571,-60.06116,13.691,313.3
2019-04-05T15:00,-57.64984,-60.11208,13.525,313.5
2019-04-05T15:10,-57.62459,-60.16395,13.512,312.3
2019-04-05T15:20,-57.59964,-60.21417,13.21,312.8
2019-04-05T15:30,-57.5744,-60.26319,13.118,313.8
2019-04-05T15:40,-57.54891,-60.31306,13.304,313.6
2019-04-05T15:50,-57.52427,-60.36252,13.043,312.8
2019-04-05T16:00,-57.49984,-60.41313,13.158,311.9
2019-04-05T16:10,-57.47569,-60.46369,13.09,311.6
2019-04-05T16:20,-57.44957,-60.51208,13.274,315.1
2019-04-05T16:30,-57.42248,-60.55972,13.432,316.6
2019-04-05T16:40,-57.39656,-60.61019,13.524,313.6
2019-04-05T16:50,-57.37061,-60.66138,13.636,313.2
2019-04-05T17:00,-57.3447,-60.71172,13.513,313.6
2019-04-05T17:10,-57.31875,-60.76273,13.625,313.3
2019-04-05T17:20,-57.29256,-60.81375,13.689,313.5
2019-04-05T17:30,-57.26645,-60.86493,13.694,313.3
2019-04-05T17:40,-57.24036,-60.91581,13.656,313.5
2019-04-05T17:50,-57.21441,-60.96645,13.589,313.4
2019-04-05T18:00,-57.18824,-61.01722,13.669,313.5
2019-04-05T18:10,-57.16238,-61.06755,13.536,313.4
2019-04-05T18:20,-57.13655,-61.11807,13.558,313.3
2019-04-05T18:30,-57.11061,-61.16844,13.57,313.5
2019-04-05T18:40,-57.08479,-61.2186,13.514,313.4
2019-04-05T18:50,-57.05951,-61.26766,13.232,313.4
2019-04-05T19:00,-57.03412,-61.31691,13.289,313.4
2019-04-05T19:10,-57.00901,-61.36547,13.127,313.5
2019-04-05T19:20,-56.98404,-61.41392,13.082,313.4
2019-04-05T19:30,-56.95942,-61.46163,12.894,313.4
2019-04-05T19:40,-56.93388,-61.511,13.362,313.5
2019-04-05T19:50,-56.90846,-61.56023,13.318,313.4
2019-04-05T20:00,-56.8829,-61.60957,13.373,313.5
2019-04-05T20:10,-56.85698,-61.65969,13.578,313.4
2019-04-05T20:20,-56.83125,-61.70939,13.476,313.4
2019-04-05T20:30,-56.80552,-61.75886,13.449,313.5
2019-04-05T20:40,-56.77984,-61.8083,13.434,313.5
2019-04-05T20:50,-56.75432,-61.85762,13.385,313.3
2019-04-05T21:00,-56.72833,-61.90763,13.606,313.4
2019-04-05T21:10,-56.70222,-61.95786,13.671,313.4
2019-04-05T21:20,-56.67592,-62.00834,13.757,313.5
2019-04-05T21:30,-56.64939,-62.05936,13.9,313.4
2019-04-05T21:40,-56.62319,-62.1095,13.693,313.5
2019-04-05T21:50,-56.59735,-62.15916,13.543,313.4
2019-04-05T22:00,-56.57203,-62.20767,13.251,313.4
2019-04-05T22:10,-56.547,-62.25568,13.113,313.4
2019-04-05T22:20,-56.52161,-62.30423,13.286,313.5
2019-04-05T22:30,-56.4965,-62.35228,13.149,313.4
2019-04-05T22:40,-56.47169,-62.3996,12.971,313.5
2019-04-05T22:50,-56.44682,-62.44682,12.98,313.6
2019-04-05T23:00,-56.42195,-62.4946,13.061,313.3
2019-04-05T23:10,-56.39693,-62.54212,13.069,313.6
2019-04-05T23:20,-56.37323,-62.58725,12.4,313.5
2019-04-05T23:30,-56.34902,-62.63347,12.687,313.4
2019-04-05T23:40,-56.32355,-62.68191,13.325,313.5
2019-04-05T23:50,-56.29851,-62.72993,13.163,313.2
2019-04-06T00:00,-56.27449,-62.7753,12.528,313.6
2019-04-06T00:10,-56.25039,-62.82129,12.645,313.3
2019-04-06T00:20,-56.22591,-62.86782,12.82,313.4
2019-04-06T00:30,-56.20213,-62.91281,12.427,313.5
2019-04-06T00:40,-56.17754,-62.95941,12.866,313.5
2019-04-06T00:50,-56.15304,-63.00594,12.839,313.4
2019-04-06T01:00,-56.1275,-63.05423,13.356,313.5
2019-04-06T01:10,-56.1018,-63.10295,13.464,313.4
2019-04-06T01:20,-56.07629,-63.15102,13.327,313.6
2019-04-06T01:30,-56.05042,-63.20039,13.609,313.2
2019-04-06T01:40,-56.02418,-63.24963,13.688,313.6
2019-04-06T01:50,-55.9982,-63.29862,13.592,313.5
2019-04-06T02:00,-55.97251,-63.34719,13.463,313.4
2019-04-06T02:10,-55.94707,-63.39504,13.301,313.5
2019-04-06T02:20,-55.92114,-63.44436,13.642,313.2
2019-04-06T02:30,-55.89557,-63.49225,13.347,313.6
2019-04-06T02:40,-55.87093,-63.53826,12.848,313.7
2019-04-06T02:50,-55.84494,-63.58717,13.609,313.4
2019-04-06T03:00,-55.8208,-63.63265,12.655,313.4
2019-04-06T03:10,-55.79458,-63.68199,13.739,313.4
2019-04-06T03:20,-55.76902,-63.7299,13.373,313.5
2019-04-06T03:30,-55.74297,-63.77848,13.595,313.6
2019-04-06T03:40,-55.71754,-63.82656,13.373,313.2
2019-04-06T03:50,-55.69195,-63.87429,13.366,313.6
2019-04-06T04:00,-55.66762,-63.92001,12.764,313.3
2019-04-06T04:10,-55.64286,-63.96608,12.925,313.6
2019-04-06T04:20,-55.61893,-64.0109,12.538,313.4
2019-04-06T04:30,-55.59578,-64.05437,12.149,313.3
2019-04-06T04:40,-55.57209,-64.09814,12.332,313.7
2019-04-06T04:50,-55.54949,-64.14047,11.856,313.3
2019-04-06T05:00,-55.52705,-64.18216,11.721,313.5
2019-04-06T05:10,-55.5064,-64.22083,10.838,313.3
2019-04-06T05:20,-55.48439,-64.26197,11.54,313.3
2019-04-06T05:30,-55.46294,-64.30188,11.225,313.5
2019-04-06T05:40,-55.4404,-64.34363,11.769,313.6
2019-04-06T05:50,-55.41851,-64.38433,11.457,313.5
2019-04-06T06:00,-55.39727,-64.42404,11.152,313.3
2019-04-06T06:10,-55.37517,-64.46484,11.531,313.6
2019-04-06T06:20,-55.35495,-64.50269,10.629,313.2
2019-04-06T06:30,-55.33426,-64.54102,10.821,313.5
2019-04-06T06:40,-55.31411,-64.57826,10.526,313.5
2019-04-06T06:50,-55.29289,-64.61756,11.103,313.5
2019-04-06T07:00,-55.27206,-64.65625,10.918,313.4
2019-04-06T07:10,-55.24976,-64.69752,11.669,313.5
2019-04-06T07:20,-55.22817,-64.7374,11.289,313.5
2019-04-06T07:30,-55.20562,-64.77919,11.815,313.4
2019-04-06T07:40,-55.18356,-64.81985,11.527,313.5
2019-04-06T07:50,-55.16048,-64.86252,12.087,313.4
2019-04-06T08:00,-55.13795,-64.90425,11.811,313.4
2019-04-06T08:10,-55.11454,-64.94752,12.263,313.4
2019-04-06T08:20,-55.09168,-64.98941,11.924,313.6
2019-04-06T08:30,-55.07012,-65.02958,11.35,313.1
2019-04-06T08:40,-55.04282,-65.04768,10.516,339.2
2019-04-06T08:50,-55.0035,-65.02888,14.677,15.3
2019-04-06T09:00,-54.96334,-65.0093,15.018,15.6
2019-04-06T09:10,-54.92252,-64.98977,15.242,15.4
2019-04-06T09:20,-54.87994,-64.96912,15.913,15.6
2019-04-06T09:30,-54.83626,-64.94835,16.309,15.3
2019-04-06T09:40,-54.79109,-64.92649,16.882,15.6
2019-04-06T09:50,-54.74661,-64.90495,16.629,15.6
2019-04-06T10:00,-54.7056,-64.88544,15.312,15.4
2019-04-06T10:10,-54.68117,-64.87335,9.148,16.0
2019-04-06T10:20,-54.65754,-64.86244,8.807,15.0
2019-04-06T10:30,-54.63846,-64.85328,7.13,15.5
2019-04-06T10:40,-54.62412,-64.84871,5.249,10.4
2019-04-06T10:50,-54.60879,-64.8549,5.668,346.8
2019-04-06T11:00,-54.59422,-64.86119,5.406,345.9
2019-04-06T11:10,-54.58151,-64.86697,4.735,345.2
2019-04-06T11:20,-54.56653,-64.88233,6.273,329.3
2019-04-06T11:30,-54.55213,-64.89647,5.966,330.4
2019-04-06T11:40,-54.5395,-64.91012,5.366,327.9
2019-04-06T11:50,-54.52634,-64.9259,5.773,325.2
2019-04-06T12:00,-54.51411,-64.93907,5.193,328.0
2019-04-06T12:10,-54.50167,-64.9532,5.364,326.6
2019-04-06T12:20,-54.48828,-64.96922,5.871,325.2
2019-04-06T12:30,-54.47572,-64.98363,5.435,326.3
2019-04-06T12:40,-54.46307,-65.0,5.699,323.1
2019-04-06T12:50,-54.45034,-65.01674,5.769,322.6
2019-04-06T13:00,-54.43791,-65.03268,5.582,323.3
2019-04-06T13:10,-54.42567,-65.04972,5.671,321.0
2019-04-06T13:20,-54.41396,-65.06694,5.547,319.4
2019-04-06T13:30,-54.40131,-65.08561,6.005,319.3
2019-04-06T13:40,-54.38935,-65.10128,5.416,322.6
2019-04-06T13:50,-54.37645,-65.1186,5.896,322.0
2019-04-06T14:00,-54.36329,-65.13529,5.891,323.5
2019-04-06T14:10,-54.35155,-65.14913,5.129,325.5
2019-04-06T14:20,-54.33869,-65.16629,5.868,322.1
2019-04-06T14:30,-54.32577,-65.18338,5.873,322.3
2019-04-06T14:40,-54.31405,-65.19672,5.065,326.4
2019-04-06T14:50,-54.30066,-65.21379,6.009,323.4
2019-04-06T15:00,-54.28868,-65.22729,5.163,326.7
2019-04-06T15:10,-54.27795,-65.24335,5.129,318.9
2019-04-06T15:20,-54.26686,-65.26001,5.314,318.7
2019-04-06T15:30,-54.2555,-65.27672,5.389,319.3
2019-04-06T15:40,-54.24441,-65.29153,5.067,322.1
2019-04-06T15:50,-54.23337,-65.30659,5.082,321.4
2019-04-06T16:00,-54.22236,-65.32121,5.019,322.2
2019-04-06T16:10,-54.21095,-65.33681,5.257,321.3
2019-04-06T16:20,-54.20001,-65.35104,4.952,322.7
2019-04-06T16:30,-54.1887,-65.36545,5.079,323.3
2019-04-06T16:40,-54.17773,-65.3796,4.949,322.9
2019-04-06T16:50,-54.16465,-65.39777,6.071,320.9
2019-04-06T17:00,-54.15285,-65.4123,5.237,324.2
2019-04-06T17:10,-54.1394,-65.43157,6.32,320.0
2019-04-06T17:20,-54.12527,-65.45249,6.735,319.0
2019-04-06T17:30,-54.11273,-65.46868,5.662,322.9
2019-04-06T17:40,-54.10043,-65.48515,5.63,321.9
2019-04-06T17:50,-54.08791,-65.50238,5.794,321.1
2019-04-06T18:00,-54.07358,-65.52359,6.832,319.0
2019-04-06T18:10,-54.06081,-65.53905,5.642,324.6
2019-04-06T18:20,-54.04802,-65.55427,5.617,325.1
2019-04-06T18:30,-54.03524,-65.56945,5.61,325.1
2019-04-06T18:40,-54.02182,-65.58667,6.051,323.0
2019-04-06T18:50,-54.00778,-65.6055,6.433,321.7
2019-04-06T19:00,-53.99369,-65.62403,6.414,322.3
2019-04-06T19:10,-53.97943,-65.64346,6.579,321.3
2019-04-06T19:20,-53.96507,-65.66407,6.765,319.8
2019-04-06T19:30,-53.95056,-65.686,6.991,318.3
2019-04-06T19:40,-53.93638,-65.70552,6.573,321.0
2019-04-06T19:50,-53.92317,-65.72392,6.15,320.6
2019-04-06T20:00,-53.91025,-65.74138,5.945,321.5
2019-04-06T20:10,-53.89876,-65.75873,5.538,318.3
2019-04-06T20:20,-53.88619,-65.78129,6.588,313.4
2019-04-06T20:30,-53.87678,-65.80509,6.081,303.8
2019-04-06T20:40,-53.86785,-65.82913,6.031,302.2
2019-04-06T20:50,-53.85955,-65.84998,5.341,304.0
2019-04-06T21:00,-53.85089,-65.87209,5.637,303.6
2019-04-06T21:10,-53.84162,-65.89793,6.423,301.3
2019-04-06T21:20,-53.83194,-65.92429,6.597,301.9
2019-04-06T21:30,-53.82279,-65.94719,5.876,304.1
2019-04-06T21:40,-53.81369,-65.97084,6.001,303.1
2019-04-06T21:50,-53.8041,-65.99731,6.603,301.5
2019-04-06T22:00,-53.79438,-66.02256,6.41,303.1
2019-04-06T22:10,-53.78502,-66.04469,5.788,305.6
2019-04-06T22:20,-53.77593,-66.06461,5.354,307.7
2019-04-06T22:30,-53.76647,-66.08604,5.695,306.8
2019-04-06T22:40,-53.75752,-66.10477,5.124,309.0
2019-04-06T22:50,-53.74972,-66.12349,4.877,305.2
2019-04-06T23:00,-53.74359,-66.1455,5.181,295.2
2019-04-06T23:10,-53.73735,-66.16864,5.414,294.5
2019-04-06T23:20,-53.73193,-66.18977,4.905,293.4
2019-04-06T23:30,-53.72691,-66.21384,5.437,289.4
2019-04-06T23:40,-53.72225,-66.23608,5.027,289.5
2019-04-06T23:50,-53.71737,-66.25584,4.561,292.6
2019-04-07T00:00,-53.71036,-66.2777,5.298,298.4
2019-04-07T00:10,-53.70343,-66.29729,4.863,300.9
2019-04-07T00:20,-53.69611,-66.31986,5.487,298.7
2019-04-07T00:30,-53.68884,-66.34338,5.655,297.5
2019-04-07T00:40,-53.68188,-66.36549,5.34,298.0
2019-04-07T00:50,-53.67509,-66.38996,5.762,295.1
2019-04-07T01:00,-53.66879,-66.41141,5.106,296.4
2019-04-07T01:10,-53.66209,-66.43475,5.533,295.9
2019-04-07T01:20,-53.65554,-66.45831,5.553,295.1
2019-04-07T01:30,-53.64884,-66.48171,5.545,295.8
2019-04-07T01:40,-53.64251,-66.50159,4.817,298.2
2019-04-07T01:50,-53.63645,-66.52218,4.906,296.4
2019-04-07T02:00,-53.63095,-66.54008,4.304,297.4
2019-04-07T02:10,-53.62511,-66.55966,4.678,296.7
2019-04-07T02:20,-53.61967,-66.57636,4.071,298.8
2019-04-07T02:30,-53.61412,-66.59377,4.221,298.2
2019-04-07T02:40,-53.60827,-66.60953,3.972,302.0
2019-04-07T02:50,-53.60118,-66.62099,3.534,316.2
2019-04-07T03:00,-53.59348,-66.63276,3.744,317.8
2019-04-07T03:10,-53.58525,-66.64524,3.987,318.0
2019-04-07T03:20,-53.5766,-66.65741,4.056,320.1
2019-04-07T03:30,-53.56761,-66.6697,4.171,321.0
2019-04-07T03:40,-53.55888,-66.68214,4.119,319.7
2019-04-07T03:50,-53.55088,-66.69215,3.589,323.4
2019-04-07T04:00,-53.5426,-66.70266,3.733,323.0
2019-04-07T04:10,-53.53389,-66.71376,3.933,322.9
2019-04-07T04:20,-53.52485,-66.72526,4.08,322.9
2019-04-07T04:30,-53.51606,-66.7351,3.801,326.4
2019-04-07T04:40,-53.50702,-66.74544,3.936,325.7
2019-04-07T04:50,-53.49882,-66.75474,3.562,326.0
2019-04-07T05:00,-53.49063,-66.76314,3.454,328.6
2019-04-07T05:10,-53.48195,-66.77422,3.925,322.8
2019-04-07T05:20,-53.47328,-66.78695,4.147,318.9
2019-04-07T05:30,-53.4651,-66.79683,3.626,324.3
2019-04-07T05:40,-53.45696,-66.80679,3.625,323.9
2019-04-07T05:50,-53.44868,-66.81447,3.408,331.1
2019-04-07T06:00,-53.4402,-66.82631,3.969,320.2
2019-04-07T06:10,-53.43237,-66.83702,3.638,320.8
2019-04-07T06:20,-53.4242,-66.84764,3.72,322.2
2019-04-07T06:30,-53.41593,-66.8599,3.974,318.6
2019-04-07T06:40,-53.40808,-66.86885,3.417,325.8
2019-04-07T06:50,-53.39994,-66.8818,4.038,316.5
2019-04-07T07:00,-53.39135,-66.89543,4.258,316.6
2019-04-07T07:10,-53.38219,-66.91126,4.736,314.1
2019-04-07T07:20,-53.37192,-66.93124,5.666,310.8
2019-04-07T07:30,-53.36135,-66.95284,6.002,309.3
2019-04-07T07:40,-53.35083,-66.97406,5.927,309.7
2019-04-07T07:50,-53.33992,-66.99678,6.267,308.8
2019-04-07T08:00,-53.32922,-67.01979,6.271,307.9
2019-04-07T08:10,-53.31805,-67.04468,6.695,306.9
2019-04-07T08:20,-53.30857,-67.0717,6.739,300.4
2019-04-07T08:30,-53.29938,-67.10025,6.977,298.3
2019-04-07T08:40,-53.28875,-67.12881,7.241,301.9
2019-04-07T08:50,-53.27475,-67.15514,7.585,311.6
2019-04-07T09:00,-53.26268,-67.18401,7.587,305.0
2019-04-07T09:10,-53.25184,-67.2147,7.675,300.5
2019-04-07T09:20,-53.24099,-67.24586,7.766,300.2
2019-04-07T09:30,-53.22956,-67.27828,8.111,300.5
2019-04-07T09:40,-53.21795,-67.31183,8.351,300.0
2019-04-07T09:50,-53.2061,-67.34606,8.526,300.0
2019-04-07T10:00,-53.19289,-67.3787,8.496,304.0
2019-04-07T10:10,-53.17576,-67.40683,8.651,315.4
2019-04-07T10:20,-53.15737,-67.42617,7.828,327.8
2019-04-07T10:30,-53.13984,-67.44409,7.403,328.5
2019-04-07T10:40,-53.12232,-67.46191,7.393,328.6
2019-04-07T10:50,-53.10499,-67.47903,7.253,329.3
2019-04-07T11:00,-53.08791,-67.49529,7.082,330.2
2019-04-07T11:10,-53.07238,-67.48745,5.846,16.9
2019-04-07T11:20,-53.06001,-67.46719,6.248,44.6
2019-04-07T11:30,-53.04757,-67.44773,6.149,43.2
2019-04-07T11:40,-53.03524,-67.42845,6.092,43.2
2019-04-07T11:50,-53.02274,-67.40937,6.109,42.6
2019-04-07T12:00,-53.01044,-67.39057,6.016,42.6
2019-04-07T12:10,-52.9979,-67.37159,6.109,42.3
2019-04-07T12:20,-52.98535,-67.35256,6.116,42.4
2019-04-07T12:30,-52.97297,-67.3335,6.079,42.8
2019-04-07T12:40,-52.97227,-67.3204,2.853,85.0
2019-04-07T12:50,-52.98487,-67.32161,4.544,183.3
2019-04-07T13:00,-52.99767,-67.3314,5.074,204.7
2019-04-07T13:10,-53.01059,-67.34127,5.119,204.7
2019-04-07T13:20,-53.02598,-67.3536,6.151,205.7
2019-04-07T13:30,-53.04248,-67.36599,6.519,204.3
2019-04-07T13:40,-53.05834,-67.38032,6.499,208.5
2019-04-07T13:50,-53.07115,-67.39791,5.979,219.5
2019-04-07T14:00,-53.08251,-67.41141,5.026,215.5
2019-04-07T14:10,-53.09249,-67.42262,4.335,214.0
2019-04-07T14:20,-53.10257,-67.43325,4.295,212.3
2019-04-07T14:30,-53.11282,-67.44351,4.306,211.0
2019-04-07T14:40,-53.1246,-67.44692,4.305,189.8
2019-04-07T14:50,-53.13684,-67.43318,5.312,146.0
2019-04-07T15:00,-53.14919,-67.41892,5.409,145.3
2019-04-07T15:10,-53.16187,-67.40496,5.471,146.6
2019-04-07T15:20,-53.17471,-67.39065,5.559,146.3
2019-04-07T15:30,-53.18782,-67.37622,5.654,146.6
2019-04-07T15:40,-53.20143,-67.36156,5.832,147.2
2019-04-07T15:50,-53.21533,-67.34646,5.973,147.0
2019-04-07T16:00,-53.22958,-67.331,6.116,147.0
2019-04-07T16:10,-53.24399,-67.31564,6.155,147.5
2019-04-07T16:20,-53.25851,-67.29992,6.228,147.1
2019-04-07T16:30,-53.27321,-67.28356,6.361,146.4
2019-04-07T16:40,-53.28807,-67.26705,6.422,146.4
2019-04-07T16:50,-53.30309,-67.25026,6.502,146.2
2019-04-07T17:00,-53.31828,-67.23314,6.594,146.0
2019-04-07T17:10,-53.3208,-67.2199,2.989,107.7
2019-04-07T17:20,-53.31231,-67.22936,3.672,326.3
2019-04-07T17:30,-53.30369,-67.23912,3.748,325.9
2019-04-07T17:40,-53.29519,-67.24906,3.732,325.0
2019-04-07T17:50,-53.28679,-67.25901,3.706,324.7
2019-04-07T18:00,-53.27848,-67.26884,3.667,324.7
2019-04-07T18:10,-53.27001,-67.27898,3.75,324.4
2019-04-07T18:20,-53.26157,-67.2895,3.791,323.3
2019-04-07T18:30,-53.25317,-67.29997,3.773,323.3
2019-04-07T18:40,-53.245,-67.31024,3.681,323.1
2019-04-07T18:50,-53.23674,-67.32073,3.735,322.7
2019-04-07T19:00,-53.22845,-67.33155,3.787,322.0
2019-04-07T19:10,-53.22024,-67.34255,3.791,321.3
2019-04-07T19:20,-53.21191,-67.35406,3.89,320.4
2019-04-07T19:30,-53.20361,-67.36598,3.943,319.3
2019-04-07T19:40,-53.19523,-67.37845,4.043,318.3
2019-04-07T19:50,-53.18674,-67.39113,4.103,318.2
2019-04-07T20:00,-53.17819,-67.40367,4.098,318.7
2019-04-07T20:10,-53.16966,-67.41573,4.026,319.7
2019-04-07T20:20,-53.16106,-67.42802,4.076,319.4
2019-04-07T20:30,-53.15234,-67.44098,4.205,318.3
2019-04-07T20:40,-53.14339,-67.45411,4.292,318.7
2019-04-07T20:50,-53.13427,-67.46776,4.412,318.0
2019-04-07T21:00,-53.12502,-67.48184,4.512,317.6
2019-04-07T21:10,-53.11403,-67.49296,4.629,328.7
2019-04-07T21:20,-53.10132,-67.50119,4.911,338.8
2019-04-07T21:30,-53.10153,-67.48833,2.78,91.6
2019-04-07T21:40,-53.11006,-67.46991,5.029,127.6
2019-04-07T21:50,-53.11846,-67.45186,4.936,127.8
2019-04-07T22:00,-53.12641,-67.43422,4.766,126.9
2019-04-07T22:10,-53.13414,-67.41686,4.671,126.6
2019-04-07T22:20,-53.14156,-67.39993,4.529,126.2
2019-04-07T22:30,-53.14873,-67.38318,4.443,125.5
2019-04-07T22:40,-53.15568,-67.36624,4.43,124.4
2019-04-07T22:50,-53.16234,-67.34994,4.26,124.3
2019-04-07T23:00,-53.16881,-67.33418,4.122,124.4
2019-04-07T23:10,-53.17131,-67.31601,4.023,102.9
2019-04-07T23:20,-53.15819,-67.31513,4.728,2.3
2019-04-07T23:30,-53.1484,-67.33432,5.44,310.4
2019-04-07T23:40,-53.13881,-67.35164,5.09,312.7
2019-04-07T23:50,-53.12965,-67.36807,4.843,312.9
2019-04-08T00:00,-53.11997,-67.38491,5.042,313.8
2019-04-08T00:10,-53.11019,-67.40205,5.109,313.5
2019-04-08T00:20,-53.10024,-67.41915,5.148,314.1
2019-04-08T00:30,-53.09021,-67.43653,5.211,313.9
2019-04-08T00:40,-53.08049,-67.45354,5.077,313.6
2019-04-08T00:50,-53.07079,-67.47049,5.065,313.6
2019-04-08T01:00,-53.06088,-67.48746,5.121,314.2
2019-04-08T01:10,-53.04955,-67.5075,5.953,313.2
2019-04-08T01:20,-53.03618,-67.53027,6.888,314.3
2019-04-08T01:30,-53.02324,-67.55281,6.749,313.7
2019-04-08T01:40,-53.00956,-67.57635,7.09,314.0
2019-04-08T01:50,-52.99652,-67.59893,6.779,313.8
2019-04-08T02:00,-52.98266,-67.62295,7.214,313.8
2019-04-08T02:10,-52.96877,-67.64705,7.232,313.7
2019-04-08T02:20,-52.95512,-67.67067,7.1,313.8
2019-04-08T02:30,-52.94157,-67.69411,7.045,313.8
2019-04-08T02:40,-52.92793,-67.71769,7.096,313.8
2019-04-08T02:50,-52.91303,-67.74333,7.727,313.9
2019-04-08T03:00,-52.89836,-67.76882,7.652,313.6
2019-04-08T03:10,-52.88304,-67.79524,7.961,313.8
2019-04-08T03:20,-52.86741,-67.82221,8.125,313.8
2019-04-08T03:30,-52.85202,-67.84878,8.005,313.8
2019-04-08T03:40,-52.83682,-67.87503,7.905,313.8
2019-04-08T03:50,-52.82173,-67.90094,7.83,313.9
2019-04-08T04:00,-52.80688,-67.92658,7.728,313.8
2019-04-08T04:10,-52.79214,-67.95198,7.665,313.8
2019-04-08T04:20,-52.77713,-67.97791,7.814,313.7
2019-04-08T04:30,-52.76213,-68.00365,7.786,313.9
2019-04-08T04:40,-52.74736,-68.029,7.668,313.9
2019-04-08T04:50,-52.73288,-68.05405,7.55,313.7
2019-04-08T05:00,-52.72002,-68.08066,7.424,308.6
2019-04-08T05:10,-52.70719,-68.1074,7.439,308.4
2019-04-08T05:20,-52.69445,-68.13407,7.41,308.3
2019-04-08T05:30,-52.68172,-68.16061,7.387,308.3
2019-04-08T05:40,-52.66897,-68.18716,7.393,308.4
2019-04-08T05:50,-52.65632,-68.21343,7.324,308.4
2019-04-08T06:00,-52.64381,-68.2396,7.28,308.2
2019-04-08T06:10,-52.6309,-68.26514,7.26,309.8
2019-04-08T06:20,-52.61806,-68.29062,7.238,309.7
2019-04-08T06:30,-52.60539,-68.31572,7.137,309.7
2019-04-08T06:40,-52.59269,-68.34086,7.149,309.7
2019-04-08T06:50,-52.58004,-68.36597,7.137,309.7
2019-04-08T07:00,-52.56783,-68.39021,6.888,309.6
2019-04-08T07:10,-52.55562,-68.41437,6.877,309.7
2019-04-08T07:20,-52.54339,-68.43862,6.897,309.7
2019-04-08T07:30,-52.53104,-68.46294,6.941,309.9
2019-04-08T07:40,-52.51868,-68.48742,6.969,309.7
2019-04-08T07:50,-52.50695,-68.5131,7.032,306.9
2019-04-08T08:00,-52.499,-68.54256,7.064,293.9
2019-04-08T08:10,-52.49118,-68.57199,7.038,293.6
2019-04-08T08:20,-52.48334,-68.60116,6.991,293.8
2019-04-08T08:30,-52.47561,-68.62997,6.904,293.8
2019-04-08T08:40,-52.46775,-68.65836,6.839,294.4
2019-04-08T08:50,-52.46,-68.68642,6.759,294.4
2019-04-08T09:00,-52.45232,-68.71399,6.65,294.5
2019-04-08T09:10,-52.44507,-68.74026,6.329,294.3
2019-04-08T09:20,-52.43803,-68.76581,6.154,294.3
2019-04-08T09:30,-52.43077,-68.79174,6.264,294.6
2019-04-08T09:40,-52.42308,-68.81962,6.718,294.3
2019-04-08T09:50,-52.41489,-68.84923,7.139,294.4
2019-04-08T10:00,-52.40651,-68.87935,7.272,294.5
2019-04-08T10:10,-52.39601,-68.90768,7.281,301.3
2019-04-08T10:20,-52.38887,-68.94176,7.917,288.9
2019-04-08T10:30,-52.37969,-68.97858,8.741,292.2
2019-04-08T10:40,-52.37584,-69.00119,5.159,285.5
2019-04-08T10:50,-52.37286,-69.01851,3.956,285.8
2019-04-08T11:00,-52.37021,-69.03348,3.426,286.1
2019-04-08T11:10,-52.36642,-69.05139,4.169,289.1
2019-04-08T11:20,-52.36333,-69.06669,3.541,288.3
2019-04-08T11:30,-52.36155,-69.07914,2.812,283.2
2019-04-08T11:40,-52.35871,-69.09614,3.876,285.3
2019-04-08T11:50,-52.36153,-69.11823,4.963,258.2
2019-04-08T12:00,-52.36443,-69.14226,5.384,258.8
2019-04-08T12:10,-52.35254,-69.20148,13.71,288.2
2019-04-08T12:20,-52.35199,-69.26244,13.406,270.8
2019-04-08T12:30,-52.36083,-69.32105,13.276,256.1
2019-04-08T12:40,-52.38261,-69.37045,13.396,234.1
2019-04-08T12:50,-52.40649,-69.41842,13.601,230.8
2019-04-08T13:00,-52.43288,-69.46723,14.323,228.4
2019-04-08T13:10,-52.46063,-69.51756,14.893,227.9
2019-04-08T13:20,-52.48959,-69.5698,15.491,227.7
2019-04-08T13:30,-52.52369,-69.61916,16.364,221.4
2019-04-08T13:40,-52.55926,-69.66962,16.914,220.8
2019-04-08T13:50,-52.5879,-69.72879,16.553,231.4
2019-04-08T14:00,-52.6105,-69.7943,16.476,240.4
2019-04-08T14:10,-52.63184,-69.85821,15.943,241.2
2019-04-08T14:20,-52.64894,-69.923,15.435,246.5
2019-04-08T14:30,-52.66394,-69.98943,15.482,249.6
2019-04-08T14:40,-52.67848,-70.05757,15.77,250.6
2019-04-08T14:50,-52.69228,-70.12811,16.179,252.1
2019-04-08T15:00,-52.7033,-70.20121,16.436,256.0
2019-04-08T15:10,-52.71532,-70.27778,17.256,255.4
2019-04-08T15:20,-52.72751,-70.35948,18.347,256.1
2019-04-08T15:30,-52.7473,-70.44128,19.204,248.2
2019-04-08T15:40,-52.79066,-70.4836,18.129,210.6
2019-04-08T15:50,-52.84151,-70.48364,18.309,180.0
2019-04-08T16:00,-52.88868,-70.48322,16.984,179.7
2019-04-08T16:10,-52.93726,-70.48674,17.506,182.5
2019-04-08T16:20,-52.97847,-70.51576,16.118,203.0
2019-04-08T16:30,-53.01059,-70.56249,15.374,221.2
2019-04-08T16:40,-53.04353,-70.60689,15.265,219.0
2019-04-08T16:50,-53.07555,-70.65253,15.18,220.6
2019-04-08T17:00,-53.1064,-70.69858,14.919,221.8
2019-04-08T17:10,-53.13477,-70.74867,14.883,226.6
2019-04-08T17:20,-53.15899,-70.80354,14.711,233.6
2019-04-08T17:30,-53.17864,-70.86055,14.193,240.1
2019-04-08T17:40,-53.1867,-70.89114,7.212,246.2
2019-04-08T17:50,-53.18599,-70.90024,1.979,277.5
2019-04-08T17:51,-53.18612,-70.90088,0.996,250.7
